{
  "year": 2026,
  "jan1_prices_usd": {
    "BTC": 87520.18048742875,
    "ETH": 2966.7741798134107,
    "SOL": 124.5164171836461,
    "BNB": 863.1574666286001,
    "ADA": 0.33266848544608396,
    "AVAX": 12.308339132006973,
    "XRP": 1.839340516228945,
    "XLM": 0.20063049225260612,
    "TRX": 0.2843529185433732,
    "SUI": 1.4025705255563714,
    "HBAR": 0.10618982387510927,
    "TON": 1.6562067732636296,
    "ALGO": 0.11018298782246838,
    "MINA": 0.0755467902233819,
    "POL": 0.10043947440837944,
    "DOT": 1.7898377149742521,
    "LINK": 12.193492572013621,
    "DOGE": 0.11728672656235732,
    "PEPE": 4.0337454128309e-06,
    "TAO": 218.6693849623355,
    "FET": 0.1987081554879247,
    "RNDR": 1.284117843797888,
    "OCEAN": 0.15058058368634034,
    "GRT": 0.033245826191806015,
    "AGIX": 0.08574746608184848,
    "NMR": 9.554662659923826,
    "ALT": 0.011449908970080878,
    "AIOZ": 0.08664399604239346,
    "ARKM": 0.17644341008693085,
    "WLD": 0.4810386331497701,
    "NEAR": 1.512406641909211,
    "ICP": 2.8350119338983886,
    "KAITO": 0.5061953700229889,
    "VIRTUAL": 0.6463760253118437
  }
}