ticker,company_name,sector,category,exchange,price_usd,change_1d,change_1w,change_1m,change_ytd,return_1yr,market_cap_usd_b,beta,pe_ratio,avg_volume_m,vol_1d,vol_1w,vol_1m,div_yield_pct,short_pct,analyst,analyst_score,pct_1d,val_100_1d,profit_100_1d,val_1000_1d,profit_1000_1d,val_10000_1d,profit_10000_1d,pct_1w,val_100_1w,profit_100_1w,val_1000_1w,profit_1000_1w,val_10000_1w,profit_10000_1w,pct_1m,val_100_1m,profit_100_1m,val_1000_1m,profit_1000_1m,val_10000_1m,profit_10000_1m,pct_ytd,val_100_ytd,profit_100_ytd,val_1000_ytd,profit_1000_ytd,val_10000_ytd,profit_10000_ytd,pct_1y,val_100_1y,profit_100_1y,val_1000_1y,profit_1000_1y,val_10000_1y,profit_10000_1y,news1_title,news1_publisher,news1_date,news1_sentiment,news2_title,news2_publisher,news2_date,news2_sentiment,news3_title,news3_publisher,news3_date,news3_sentiment,signal_rank,signal,signal_confidence,signal_rationale,signal_drivers,portfolio_held,portfolio_quantity,portfolio_avg_price,portfolio_ppl,portfolio_total_value
SNDK,SanDisk Corporation,AI,memory,NASDAQ,1692.42,+1.71%,-2.73%,-2.62%,+514.89%,+1159%,247.803,,22.94,12.94,9095556,39537356,193922056,,6.03,buy,1.52,1.71,101.71,1.71,1017.1,17.1,10171.0,171.0,-2.73,97.27,-2.73,972.7,-27.3,9727.0,-273.0,-2.62,97.38,-2.62,973.8,-26.2,9738.0,-262.0,514.89,614.89,514.89,6148.9,5148.9,61489.0,51489.0,1159.0,1259.0,1159.0,12590.0,11590.0,125900.0,115900.0,,,,,,,,,,,,,,,,,,,,,,
WDC,Western Digital,AI,memory,NASDAQ,405.42,-1.71%,-10.79%,-15.06%,+116.22%,+239%,151.758,2.169,15.06,7.64,7162789,63434489,181702689,15.0,5.38,buy,1.54,-1.71,98.29,-1.71,982.9,-17.1,9829.0,-171.0,-10.79,89.21,-10.79,892.1,-107.9,8921.0,-1079.0,-15.06,84.94,-15.06,849.4,-150.6,8494.0,-1506.0,116.22,216.22,116.22,2162.2,1162.2,21622.0,11622.0,239.0,339.0,239.0,3390.0,2390.0,33900.0,23900.0,,,,,,,,,,,,,,,,,,,,,,
285A,Kioxia Holdings,AI,memory,TSE,113.35,-0.20%,-6.28%,-6.46%,+373.13%,+856%,181.082,,17.74,110.8,37976200,184598200,1321496500,,,buy,1.56,-0.2,99.8,-0.2,998.0,-2.0,9980.0,-20.0,-6.28,93.72,-6.28,937.2,-62.8,9372.0,-628.0,-6.46,93.54,-6.46,935.4,-64.6,9354.0,-646.0,373.13,473.13,373.13,4731.3,3731.3,47313.0,37313.0,856.0,956.0,856.0,9560.0,8560.0,95600.0,85600.0,,,,,,,,,,,,,,,,,,,,,,
MU,Micron Technology,AI,memory,NASDAQ,1088.0,+4.13%,+2.15%,+8.77%,+245.13%,+432%,1228.78,2.226,14.64,33.03,30214899,143330699,562411199,6.0,2.45,strong_buy,1.37,4.13,104.13,4.13,1041.3,41.3,10413.0,413.0,2.15,102.15,2.15,1021.5,21.5,10215.0,215.0,8.77,108.77,8.77,1087.7,87.7,10877.0,877.0,245.13,345.13,245.13,3451.3,2451.3,34513.0,24513.0,432.0,532.0,432.0,5320.0,4320.0,53200.0,43200.0,,,,,,,,,,,,,,,,,,,,,,
STX,Seagate Technology,AI,memory,NASDAQ,807.57,-0.11%,-12.44%,-10.63%,+181.77%,+259%,183.635,2.081,58.1,4.63,4409190,33335790,100622790,37.0,4.59,strong_buy,1.44,-0.11,99.89,-0.11,998.9,-1.1,9989.0,-11.0,-12.44,87.56,-12.44,875.6,-124.4,8756.0,-1244.0,-10.63,89.37,-10.63,893.7,-106.3,8937.0,-1063.0,181.77,281.77,181.77,2817.7,1817.7,28177.0,18177.0,259.0,359.0,259.0,3590.0,2590.0,35900.0,25900.0,,,,,,,,,,,,,,,,,,,,,,
MRVL,Marvell Technology,AI,memory,NASDAQ,284.68,-0.93%,+7.75%,+26.29%,+218.94%,+210%,255.843,2.26,93.64,22.3,23652500,122769500,420489200,8.0,4.18,strong_buy,1.41,-0.93,99.07,-0.93,990.7,-9.3,9907.0,-93.0,7.75,107.75,7.75,1077.5,77.5,10775.0,775.0,26.29,126.29,26.29,1262.9,262.9,12629.0,2629.0,218.94,318.94,218.94,3189.4,2189.4,31894.0,21894.0,210.0,310.0,210.0,3100.0,2100.0,31000.0,21000.0,,,,,,,,,,,,,1,strong_buy,0.95,"MRVL +221.55% YTD, +27.33% 1M; TD Cowen upgraded to Buy with $350 PT after Investor Day raised FY28 revenue to $20B and FY31 target to $70-90B, signaling massive AI connectivity and custom chip growth (CNBC).",YTD +221.55%; strong_buy consensus; 1M +27.33%; analyst upgrades post-investor day,,,,,
P,Everpure,AI,memory,NYSE,152.66,+3.15%,+16.73%,+50.94%,+121.21%,+58%,50.871,1.396,209.12,4.5,5011955,23030755,165799355,,2.88,buy,1.55,3.15,103.15,3.15,1031.5,31.5,10315.0,315.0,16.73,116.73,16.73,1167.3,167.3,11673.0,1673.0,50.94,150.94,50.94,1509.4,509.4,15094.0,5094.0,121.21,221.21,121.21,2212.1,1212.1,22121.0,12121.0,58.0,158.0,58.0,1580.0,580.0,15800.0,5800.0,,,,,,,,,,,,,8,buy,0.7,"P +113.30% YTD, +45.54% 1M; buy consensus with memory and AI compute exposure – high P/E 201.64 but momentum extremely strong.",1M +45.54%; YTD +113.30%; buy consensus; memory/data center play,,,,,
RR.,Rolls-Royce Holdings,AI,nuclear-ops,LSE,18.55,-2.35%,-3.91%,-5.80%,+17.34%,+25%,1.527,1.272,39.01,18.16,1473604,40101821,346851568,83.0,,buy,1.6,-2.35,97.65,-2.35,976.5,-23.5,9765.0,-235.0,-3.91,96.09,-3.91,960.9,-39.1,9609.0,-391.0,-5.8,94.2,-5.8,942.0,-58.0,9420.0,-580.0,17.34,117.34,17.34,1173.4,173.4,11734.0,1734.0,25.0,125.0,25.0,1250.0,250.0,12500.0,2500.0,,,,,,,,,,,,,,,,,,,,,,
CEG,Constellation Energy,AI,nuclear-ops,NASDAQ,299.59,+1.04%,+17.94%,+0.18%,-17.84%,-19%,106.147,1.129,29.29,2.96,7313202,32198602,82635602,57.0,3.7,buy,1.55,1.04,101.04,1.04,1010.4,10.4,10104.0,104.0,17.94,117.94,17.94,1179.4,179.4,11794.0,1794.0,0.18,100.18,0.18,1001.8,1.8,10018.0,18.0,-17.84,82.16,-17.84,821.6,-178.4,8216.0,-1784.0,-19.0,81.0,-19.0,810.0,-190.0,8100.0,-1900.0,,,,,,,,,,,,,,,,,,,,,,
VST,Vistra Corp,AI,nuclear-ops,NYSE,166.72,+3.75%,+20.51%,+10.07%,+1.35%,-22%,55.957,1.384,28.11,4.95,11969036,58377936,140483136,57.0,3.35,strong_buy,1.33,3.75,103.75,3.75,1037.5,37.5,10375.0,375.0,20.51,120.51,20.51,1205.1,205.1,12051.0,2051.0,10.07,110.07,10.07,1100.7,100.7,11007.0,1007.0,1.35,101.35,1.35,1013.5,13.5,10135.0,135.0,-22.0,78.0,-22.0,780.0,-220.0,7800.0,-2200.0,,,,,,,,,,,,,,,,,,,,,,
TLN,Talen Energy,AI,nuclear-ops,NASDAQ,378.32,+1.43%,+20.99%,+16.13%,-4.64%,-16%,17.894,1.617,,0.84,1545195,7705395,22257195,,6.33,buy,1.59,1.43,101.43,1.43,1014.3,14.3,10143.0,143.0,20.99,120.99,20.99,1209.9,209.9,12099.0,2099.0,16.13,116.13,16.13,1161.3,161.3,11613.0,1613.0,-4.64,95.36,-4.64,953.6,-46.4,9536.0,-464.0,-16.0,84.0,-16.0,840.0,-160.0,8400.0,-1600.0,,,,,,,,,,,,,,,,,,,,,,
BEP,Brookfield Renewable,AI,nuclear-ops,NYSE,29.43,+0.12%,+4.58%,-8.40%,+9.14%,+5%,14.317,0.98,,1.01,981843,6183843,25834943,533.0,0.46,hold,3.0,0.12,100.12,0.12,1001.2,1.2,10012.0,12.0,4.58,104.58,4.58,1045.8,45.8,10458.0,458.0,-8.4,91.6,-8.4,916.0,-84.0,9160.0,-840.0,9.14,109.14,9.14,1091.4,91.4,10914.0,914.0,5.0,105.0,5.0,1050.0,50.0,10500.0,500.0,,,,,,,,,,,,,,,,,,,,,,
BEPC,Brookfield Renewable Corp,AI,nuclear-ops,NYSE,29.51,+0.37%,+4.57%,-9.37%,-23.69%,-24%,5.479,1.148,,1.8,2012068,11123168,42204768,529.0,,hold,2.86,0.37,100.37,0.37,1003.7,3.7,10037.0,37.0,4.57,104.57,4.57,1045.7,45.7,10457.0,457.0,-9.37,90.63,-9.37,906.3,-93.7,9063.0,-937.0,-23.69,76.31,-23.69,763.1,-236.9,7631.0,-2369.0,-24.0,76.0,-24.0,760.0,-240.0,7600.0,-2400.0,,,,,,,,,,,,,,,,,,,,,,
GEV,GE Vernova,AI,smr,NYSE,997.09,-3.40%,+4.90%,+2.65%,+47.00%,+65%,265.559,0.967,28.59,2.34,1805141,11098741,47538841,19.0,3.29,buy,1.54,-3.4,96.6,-3.4,966.0,-34.0,9660.0,-340.0,4.9,104.9,4.9,1049.0,49.0,10490.0,490.0,2.65,102.65,2.65,1026.5,26.5,10265.0,265.0,47.0,147.0,47.0,1470.0,470.0,14700.0,4700.0,65.0,165.0,65.0,1650.0,650.0,16500.0,6500.0,,,,,,,,,,,,,,,,,,,,,,
BWXT,BWX Technologies,AI,smr,NYSE,141.54,-3.65%,+3.31%,-11.76%,-21.83%,-26%,12.968,0.738,36.67,1.08,1430624,7844324,27428224,73.0,4.42,buy,1.61,-3.65,96.35,-3.65,963.5,-36.5,9635.0,-365.0,3.31,103.31,3.31,1033.1,33.1,10331.0,331.0,-11.76,88.24,-11.76,882.4,-117.6,8824.0,-1176.0,-21.83,78.17,-21.83,781.7,-218.3,7817.0,-2183.0,-26.0,74.0,-26.0,740.0,-260.0,7400.0,-2600.0,,,,,,,,,,,,,,,,,,,,,,
SMR,NuScale Power,AI,smr,NYSE,7.67,-5.19%,-2.91%,-31.40%,-52.97%,-79%*,3.148,2.371,,33.47,38437205,157406105,839757505,,20.64,none,,-5.19,94.81,-5.19,948.1,-51.9,9481.0,-519.0,-2.91,97.09,-2.91,970.9,-29.1,9709.0,-291.0,-31.4,68.6,-31.4,686.0,-314.0,6860.0,-3140.0,-52.97,47.03,-52.97,470.3,-529.7,4703.0,-5297.0,-79.0,21.0,-79.0,210.0,-790.0,2100.0,-7900.0,,,,,,,,,,,,,,,,,,,,,,
OKLO,Oklo Inc,AI,smr,NYSE,36.82,-5.35%,-0.54%,-14.98%,-52.67%,-71%*,6.849,1.215,,9.57,11387867,53783367,230444667,,20.52,buy,2.08,-5.35,94.65,-5.35,946.5,-53.5,9465.0,-535.0,-0.54,99.46,-0.54,994.6,-5.4,9946.0,-54.0,-14.98,85.02,-14.98,850.2,-149.8,8502.0,-1498.0,-52.67,47.33,-52.67,473.3,-526.7,4733.0,-5267.0,-71.0,29.0,-71.0,290.0,-710.0,2900.0,-7100.0,,,,,,,,,,,,,,,,,,,,,,
NNE,NANO Nuclear Energy,AI,smr,NASDAQ,16.01,-3.03%,+1.01%,-17.26%,-42.01%,-65%*,0.86,5.478,,1.93,1781745,10476845,44395445,,34.89,buy,1.62,-3.03,96.97,-3.03,969.7,-30.3,9697.0,-303.0,1.01,101.01,1.01,1010.1,10.1,10101.0,101.0,-17.26,82.74,-17.26,827.4,-172.6,8274.0,-1726.0,-42.01,57.99,-42.01,579.9,-420.1,5799.0,-4201.0,-65.0,35.0,-65.0,350.0,-650.0,3500.0,-6500.0,,,,,,,,,,,,,,,,,,,,,,
CCJ,Cameco Corporation,AI,uranium,NYSE,89.07,-4.69%,+2.77%,-12.65%,-9.63%,+8%,38.793,1.141,150.97,3.23,3758302,20099502,69151402,19.0,,buy,1.57,-4.69,95.31,-4.69,953.1,-46.9,9531.0,-469.0,2.77,102.77,2.77,1027.7,27.7,10277.0,277.0,-12.65,87.35,-12.65,873.5,-126.5,8735.0,-1265.0,-9.63,90.37,-9.63,903.7,-96.3,9037.0,-963.0,8.0,108.0,8.0,1080.0,80.0,10800.0,800.0,,,,,,,,,,,,,,,,,,,,,,
UEC,Uranium Energy Corp,AI,uranium,NYSE,9.47,-7.43%,+0.21%,-20.35%,-27.77%,-28%,4.693,1.387,,8.72,8957476,54245476,219966776,,14.57,buy,1.73,-7.43,92.57,-7.43,925.7,-74.3,9257.0,-743.0,0.21,100.21,0.21,1002.1,2.1,10021.0,21.0,-20.35,79.65,-20.35,796.5,-203.5,7965.0,-2035.0,-27.77,72.23,-27.77,722.3,-277.7,7223.0,-2777.0,-28.0,72.0,-28.0,720.0,-280.0,7200.0,-2800.0,,,,,,,,,,,,,,,,,,,,,,
LEU,Centrus Energy,AI,uranium,NYSE,147.14,-5.68%,+5.48%,-20.69%,-46.00%,-58%,3.009,1.536,68.76,0.73,868801,3935501,17092101,,27.66,none,,-5.68,94.32,-5.68,943.2,-56.8,9432.0,-568.0,5.48,105.48,5.48,1054.8,54.8,10548.0,548.0,-20.69,79.31,-20.69,793.1,-206.9,7931.0,-2069.0,-46.0,54.0,-46.0,540.0,-460.0,5400.0,-4600.0,-58.0,42.0,-58.0,420.0,-580.0,4200.0,-5800.0,,,,,,,,,,,,,,,,,,,,,,
VRT,Vertiv Holdings,AI,power-infra,NYSE,246.49,-2.86%,+2.15%,-15.23%,+40.46%,+51%,94.895,2.048,55.77,5.19,5469277,20873877,117124077,10.0,3.68,strong_buy,1.37,-2.86,97.14,-2.86,971.4,-28.6,9714.0,-286.0,2.15,102.15,2.15,1021.5,21.5,10215.0,215.0,-15.23,84.77,-15.23,847.7,-152.3,8477.0,-1523.0,40.46,140.46,40.46,1404.6,404.6,14046.0,4046.0,51.0,151.0,51.0,1510.0,510.0,15100.0,5100.0,,,,,,,,,,,,,,,,,,,,,,
ETN,Eaton Corporation,AI,power-infra,NYSE,431.33,-3.09%,+0.38%,+2.18%,+32.88%,+18%,167.528,1.128,43.88,2.08,1729194,8448694,45144694,99.0,2.0,buy,1.57,-3.09,96.91,-3.09,969.1,-30.9,9691.0,-309.0,0.38,100.38,0.38,1003.8,3.8,10038.0,38.0,2.18,102.18,2.18,1021.8,21.8,10218.0,218.0,32.88,132.88,32.88,1328.8,328.8,13288.0,3288.0,18.0,118.0,18.0,1180.0,180.0,11800.0,1800.0,,,,,,,,,,,,,,,,,,,,,,
POWL,Powell Industries,AI,power-infra,NASDAQ,197.74,-4.24%,+7.19%,+8.36%,+68.49%,+95%,7.204,1.173,37.88,0.63,546028,2702928,11688928,18.0,9.75,buy,2.25,-4.24,95.76,-4.24,957.6,-42.4,9576.0,-424.0,7.19,107.19,7.19,1071.9,71.9,10719.0,719.0,8.36,108.36,8.36,1083.6,83.6,10836.0,836.0,68.49,168.49,68.49,1684.9,684.9,16849.0,6849.0,95.0,195.0,95.0,1950.0,950.0,19500.0,9500.0,,,,,,,,,,,,,,,,,,,,,,
EQIX,Equinix,AI,dc-operators,NASDAQ,1031.77,-1.49%,+2.00%,-0.91%,+37.09%,+30%,101.806,0.97,66.39,0.54,442874,2092674,10966074,197.0,1.97,strong_buy,1.5,-1.49,98.51,-1.49,985.1,-14.9,9851.0,-149.0,2.0,102.0,2.0,1020.0,20.0,10200.0,200.0,-0.91,99.09,-0.91,990.9,-9.1,9909.0,-91.0,37.09,137.09,37.09,1370.9,370.9,13709.0,3709.0,30.0,130.0,30.0,1300.0,300.0,13000.0,3000.0,,,,,,,,,,,,,,,,,,,,,,
DLR,Digital Realty,AI,dc-operators,NYSE,180.47,-2.26%,+2.81%,-4.11%,+18.79%,+6%,68.157,1.011,87.61,2.3,1766660,8751460,40669260,264.0,2.54,strong_buy,1.44,-2.26,97.74,-2.26,977.4,-22.6,9774.0,-226.0,2.81,102.81,2.81,1028.1,28.1,10281.0,281.0,-4.11,95.89,-4.11,958.9,-41.1,9589.0,-411.0,18.79,118.79,18.79,1187.9,187.9,11879.0,1879.0,6.0,106.0,6.0,1060.0,60.0,10600.0,600.0,,,,,,,,,,,,,,,,,,,,,,
AMT,American Tower,AI,dc-operators,NYSE,166.18,+0.85%,+1.52%,-4.41%,-2.02%,-11%,77.433,0.885,22.86,2.62,2468809,12717409,59018509,435.0,1.5,buy,1.52,0.85,100.85,0.85,1008.5,8.5,10085.0,85.0,1.52,101.52,1.52,1015.2,15.2,10152.0,152.0,-4.41,95.59,-4.41,955.9,-44.1,9559.0,-441.0,-2.02,97.98,-2.02,979.8,-20.2,9798.0,-202.0,-11.0,89.0,-11.0,890.0,-110.0,8900.0,-1100.0,,,,,,,,,,,,,,,,,,,,,,
GOOGL,Alphabet (Google),AI,hyperscalers,NASDAQ,350.5,+0.75%,+1.87%,+3.59%,+11.43%,+42%,4286.592,1.211,17.59,27.01,20474140,121861740,589065240,25.0,1.49,strong_buy,1.38,0.75,100.75,0.75,1007.5,7.5,10075.0,75.0,1.87,101.87,1.87,1018.7,18.7,10187.0,187.0,3.59,103.59,3.59,1035.9,35.9,10359.0,359.0,11.43,111.43,11.43,1114.3,114.3,11143.0,1143.0,42.0,142.0,42.0,1420.0,420.0,14200.0,4200.0,,,,,,,,,,,,,,,,,,,,,,
MSFT,Microsoft,AI,hyperscalers,NASDAQ,529.76,+0.03%,+3.29%,+7.25%,+12.72%,+1%,3933.757,1.099,29.51,28.0,16040951,101307451,470750351,74.0,0.91,strong_buy,1.29,0.03,100.03,0.03,1000.3,0.3,10003.0,3.0,3.29,103.29,3.29,1032.9,32.9,10329.0,329.0,7.25,107.25,7.25,1072.5,72.5,10725.0,725.0,12.72,112.72,12.72,1127.2,127.2,11272.0,1272.0,1.0,101.0,1.0,1010.0,10.0,10100.0,100.0,,,,,,,,,,,,,,,,,,,,,,
AMZN,Amazon,AI,hyperscalers,NASDAQ,259.92,+1.14%,+4.32%,+1.15%,+14.75%,+14%,2803.579,1.456,20.91,39.07,34897703,174969703,781177703,,0.83,strong_buy,1.32,1.14,101.14,1.14,1011.4,11.4,10114.0,114.0,4.32,104.32,4.32,1043.2,43.2,10432.0,432.0,1.15,101.15,1.15,1011.5,11.5,10115.0,115.0,14.75,114.75,14.75,1147.5,147.5,11475.0,1475.0,14.0,114.0,14.0,1140.0,140.0,11400.0,1400.0,,,,,,,,,,,,,,,,,,,,,,
META,Meta Platforms,AI,hyperscalers,NASDAQ,721.31,-2.59%,-0.53%,+17.67%,+11.19%,+3%,1837.542,1.185,27.18,19.24,12743601,65894501,497873301,28.0,1.41,strong_buy,1.41,-2.59,97.41,-2.59,974.1,-25.9,9741.0,-259.0,-0.53,99.47,-0.53,994.7,-5.3,9947.0,-53.0,17.67,117.67,17.67,1176.7,176.7,11767.0,1767.0,11.19,111.19,11.19,1111.9,111.9,11119.0,1119.0,3.0,103.0,3.0,1030.0,30.0,10300.0,300.0,,,,,,,,,,,,,6,strong_buy,0.85,"META +13.89% YTD, +20.54% 1M, strong_buy an_score 1.41, P/E 27.96 – hyperscaler AI spend beneficiary with strong momentum and low valuation relative to growth.",1M +20.54%; strong_buy consensus; P/E 27.96 reasonable; hyperscaler AI spend,,,,,
IREN,Iris Energy,AI,ai-compute,NASDAQ,38.69,-6.52%,-5.36%,-17.56%,-9.39%,-31%*,15.246,4.271,,42.24,51114233,199207633,799737033,,21.71,buy,1.6,-6.52,93.48,-6.52,934.8,-65.2,9348.0,-652.0,-5.36,94.64,-5.36,946.4,-53.6,9464.0,-536.0,-17.56,82.44,-17.56,824.4,-175.6,8244.0,-1756.0,-9.39,90.61,-9.39,906.1,-93.9,9061.0,-939.0,-31.0,69.0,-31.0,690.0,-310.0,6900.0,-3100.0,,,,,,,,,,,,,,,,,,,,,,
CORZ,Core Scientific,AI,ai-compute,NASDAQ,15.94,-4.78%,-0.25%,-14.90%,-0.31%,-5%*,5.122,5.481,,11.9,9296664,59136464,249345064,,22.21,strong_buy,1.32,-4.78,95.22,-4.78,952.2,-47.8,9522.0,-478.0,-0.25,99.75,-0.25,997.5,-2.5,9975.0,-25.0,-14.9,85.1,-14.9,851.0,-149.0,8510.0,-1490.0,-0.31,99.69,-0.31,996.9,-3.1,9969.0,-31.0,-5.0,95.0,-5.0,950.0,-50.0,9500.0,-500.0,,,,,,,,,,,,,,,,,,,,,,
WULF,TeraWulf,AI,ai-compute,NASDAQ,14.4,-3.93%,-2.70%,-19.37%,+13.03%,+22%*,7.186,4.251,,31.34,27440950,148202950,623454050,,28.55,strong_buy,1.29,-3.93,96.07,-3.93,960.7,-39.3,9607.0,-393.0,-2.7,97.3,-2.7,973.0,-27.0,9730.0,-270.0,-19.37,80.63,-19.37,806.3,-193.7,8063.0,-1937.0,13.03,113.03,13.03,1130.3,130.3,11303.0,1303.0,22.0,122.0,22.0,1220.0,220.0,12200.0,2200.0,,,,,,,,,,,,,,,,,,,,,,
HUT,Hut 8 Mining,AI,ai-compute,NASDAQ,89.3,-2.72%,+3.72%,-10.24%,+74.18%,+107%,11.007,5.916,,4.6,9892615,28422315,104212215,,14.79,strong_buy,1.36,-2.72,97.28,-2.72,972.8,-27.2,9728.0,-272.0,3.72,103.72,3.72,1037.2,37.2,10372.0,372.0,-10.24,89.76,-10.24,897.6,-102.4,8976.0,-1024.0,74.18,174.18,74.18,1741.8,741.8,17418.0,7418.0,107.0,207.0,107.0,2070.0,1070.0,20700.0,10700.0,,,,,,,,,,,,,,,,,,,,,,
SMCI,Super Micro Computer,AI,ai-compute,NASDAQ,44.94,+3.24%,+9.42%,+11.62%,+45.16%,-26%,29.524,2.009,13.79,44.31,40358151,161285951,807016751,,16.14,hold,2.84,3.24,103.24,3.24,1032.4,32.4,10324.0,324.0,9.42,109.42,9.42,1094.2,94.2,10942.0,942.0,11.62,111.62,11.62,1116.2,116.2,11162.0,1162.0,45.16,145.16,45.16,1451.6,451.6,14516.0,4516.0,-26.0,74.0,-26.0,740.0,-260.0,7400.0,-2600.0,,,,,,,,,,,,,,,,,,,,,,
DELL,Dell Technologies,AI,ai-compute,NYSE,578.96,+0.35%,+7.62%,+8.44%,+357.16%,+249%,368.11,1.442,33.66,7.6,3975387,25756987,173273287,44.0,4.68,buy,1.83,0.35,100.35,0.35,1003.5,3.5,10035.0,35.0,7.62,107.62,7.62,1076.2,76.2,10762.0,762.0,8.44,108.44,8.44,1084.4,84.4,10844.0,844.0,357.16,457.16,357.16,4571.6,3571.6,45716.0,35716.0,249.0,349.0,249.0,3490.0,2490.0,34900.0,24900.0,,,,,,,,,,,,,,,,,,,,,,
COHR,Coherent Corp,AI,fibre-optical,NYSE,334.56,-1.02%,+16.24%,+10.83%,+72.16%,+190%,65.518,2.113,81.2,6.33,5488823,37407623,150980023,,6.09,buy,1.58,-1.02,98.98,-1.02,989.8,-10.2,9898.0,-102.0,16.24,116.24,16.24,1162.4,162.4,11624.0,1624.0,10.83,110.83,10.83,1108.3,108.3,11083.0,1083.0,72.16,172.16,72.16,1721.6,721.6,17216.0,7216.0,190.0,290.0,190.0,2900.0,1900.0,29000.0,19000.0,,,,,,,,,,,,,,,,,,,,,,
LITE,Lumentum Holdings,AI,fibre-optical,NASDAQ,1111.07,-1.81%,+14.39%,+13.54%,+187.76%,+595%,99.663,1.536,,4.64,3383346,22919146,105005446,,7.92,strong_buy,1.5,-1.81,98.19,-1.81,981.9,-18.1,9819.0,-181.0,14.39,114.39,14.39,1143.9,143.9,11439.0,1439.0,13.54,113.54,13.54,1135.4,135.4,11354.0,1354.0,187.76,287.76,187.76,2877.6,1877.6,28776.0,18776.0,595.0,695.0,595.0,6950.0,5950.0,69500.0,59500.0,,,,,,,,,,,,,,,,,,,,,,
AAOI,Applied Optoelectronics,AI,fibre-optical,NASDAQ,122.54,-5.70%,+23.45%,+9.85%,+209.44%,+304%,10.405,3.843,,9.39,10543102,54796202,176135502,,15.02,none,,-5.7,94.3,-5.7,943.0,-57.0,9430.0,-570.0,23.45,123.45,23.45,1234.5,234.5,12345.0,2345.0,9.85,109.85,9.85,1098.5,98.5,10985.0,985.0,209.44,309.44,209.44,3094.4,2094.4,30944.0,20944.0,304.0,404.0,304.0,4040.0,3040.0,40400.0,30400.0,,,,,,,,,,,,,,,,,,,,,,
FN,Fabrinet,AI,fibre-optical,NYSE,497.99,+2.68%,+17.38%,+19.62%,+3.87%,+28%,17.846,1.223,38.16,0.87,938512,4678012,17495412,,5.69,buy,1.78,2.68,102.68,2.68,1026.8,26.8,10268.0,268.0,17.38,117.38,17.38,1173.8,173.8,11738.0,1738.0,19.62,119.62,19.62,1196.2,196.2,11962.0,1962.0,3.87,103.87,3.87,1038.7,38.7,10387.0,387.0,28.0,128.0,28.0,1280.0,280.0,12800.0,2800.0,,,,,,,,,,,,,7,buy,0.75,"FN +2.03% YTD, but +17.50% 1M and +15.34% 1W with buy consensus; P/E 37.48 reasonable for fibre-optical AI connectivity play – recent momentum surge.",1M +17.50%; 1W +15.34%; P/E 37.48 attractive; fibre-optical growth catalyst,,,,,
MTSI,MACOM Technology,AI,dsp-semi,NASDAQ,335.91,-4.22%,+17.94%,+22.24%,+91.99%,+163%,25.653,1.764,106.98,1.37,1518856,6772856,30349856,,4.35,buy,1.56,-4.22,95.78,-4.22,957.8,-42.2,9578.0,-422.0,17.94,117.94,17.94,1179.4,179.4,11794.0,1794.0,22.24,122.24,22.24,1222.4,222.4,12224.0,2224.0,91.99,191.99,91.99,1919.9,919.9,19199.0,9199.0,163.0,263.0,163.0,2630.0,1630.0,26300.0,16300.0,,,,,,,,,,,,,5,buy,0.8,"MTSI +100.43% YTD, +27.61% 1M; buy consensus with strong DSP/semi tailwinds; P/E 111.68 reflects premium but justified by 1W +23.36% acceleration.",1M +27.61%; 1W +23.36%; YTD +100.43%; DSP/semi growth,,,,,
SMTC,Semtech,AI,dsp-semi,NASDAQ,193.78,-2.13%,+8.65%,+19.16%,+157.48%,+180%,18.085,2.415,128.33,2.94,1617806,13989706,73038006,,8.53,strong_buy,1.19,-2.13,97.87,-2.13,978.7,-21.3,9787.0,-213.0,8.65,108.65,8.65,1086.5,86.5,10865.0,865.0,19.16,119.16,19.16,1191.6,191.6,11916.0,1916.0,157.48,257.48,157.48,2574.8,1574.8,25748.0,15748.0,180.0,280.0,180.0,2800.0,1800.0,28000.0,18000.0,,,,,,,,,,,,,2,strong_buy,0.88,"SMTC +162.02% YTD, +21.26% 1M, best an_score 1.19 (strong_buy), P/E 130.6 – high growth justified by DSP/semi demand in AI infrastructure.",strong_buy consensus; 1M +21.26%; YTD +162.02%; lowest an_score 1.19,,,,,
CRDO,Credo Technology,AI,dsp-semi,NASDAQ,220.01,-0.22%,+12.95%,+31.15%,+53.62%,+48%,41.351,3.249,78.02,6.87,7290508,42336108,187856508,,5.14,strong_buy,1.35,-0.22,99.78,-0.22,997.8,-2.2,9978.0,-22.0,12.95,112.95,12.95,1129.5,129.5,11295.0,1295.0,31.15,131.15,31.15,1311.5,311.5,13115.0,3115.0,53.62,153.62,53.62,1536.2,536.2,15362.0,5362.0,48.0,148.0,48.0,1480.0,480.0,14800.0,4800.0,,,,,,,,,,,,,3,strong_buy,0.9,"CRDO +54.19% YTD, +31.64% 1M; revenue +115% YoY, trades at 31x forward earnings vs. peers over 60x – steep discount and strong buy consensus (24/7 Wall St.).",1M +31.64%; strong_buy consensus; revenue +115% YoY; forward P/E discount to peers,,,,,
MXL,MaxLinear,AI,dsp-semi,NASDAQ,107.36,-2.28%,+18.88%,+61.44%,+480.01%,+573%,9.737,3.94,,3.08,2786741,15081841,67493741,,7.46,buy,1.82,-2.28,97.72,-2.28,977.2,-22.8,9772.0,-228.0,18.88,118.88,18.88,1188.8,188.8,11888.0,1888.0,61.44,161.44,61.44,1614.4,614.4,16144.0,6144.0,480.01,580.01,480.01,5800.1,4800.1,58001.0,48001.0,573.0,673.0,573.0,6730.0,5730.0,67300.0,57300.0,,,,,,,,,,,,,9,strong_buy,1.0,"MXL +490.49% YTD, +64.36% 1M; no P/E yet but buy consensus at an_score 1.82 – extreme momentum in DSP/semi needs to be traded carefully.",YTD +490.49%; 1M +64.36%; buy consensus; DSP/semi momentum,,,,,
KEYS,Keysight Technologies,AI,test-equip,NYSE,381.42,-1.70%,+4.77%,+14.40%,+84.63%,+125%,64.935,1.177,51.61,1.23,1039261,5899061,23870061,,1.59,buy,1.58,-1.7,98.3,-1.7,983.0,-17.0,9830.0,-170.0,4.77,104.77,4.77,1047.7,47.7,10477.0,477.0,14.4,114.4,14.4,1144.0,144.0,11440.0,1440.0,84.63,184.63,84.63,1846.3,846.3,18463.0,8463.0,125.0,225.0,125.0,2250.0,1250.0,22500.0,12500.0,,,,,,,,,,,,,,,,,,,,,,
VIAV,Viavi Solutions,AI,test-equip,NASDAQ,46.27,-3.80%,+10.38%,+19.41%,+154.93%,+276%,11.379,1.213,,5.05,3347210,30140010,129941510,,6.33,none,,-3.8,96.2,-3.8,962.0,-38.0,9620.0,-380.0,10.38,110.38,10.38,1103.8,103.8,11038.0,1038.0,19.41,119.41,19.41,1194.1,194.1,11941.0,1941.0,154.93,254.93,154.93,2549.3,1549.3,25493.0,15493.0,276.0,376.0,276.0,3760.0,2760.0,37600.0,27600.0,,,,,,,,,,,,,4,strong_buy,0.854,"VIAV +165.23% YTD, +24.23% 1M, strong_buy an_score 1.38, test-equip plays critical role in validating AI optics – no P/E yet but momentum extremely strong.",YTD +165.23%; strong_buy consensus; 1M +24.23%; test-equip AI enabler,,,,,
AXTI,AXT Inc,AI,materials,NASDAQ,79.79,-4.56%,+3.07%,+14.71%,+376.07%,+1483%,5.232,1.86,1994.75,9.81,6295077,33917677,185618777,,14.03,none,,-4.56,95.44,-4.56,954.4,-45.6,9544.0,-456.0,3.07,103.07,3.07,1030.7,30.7,10307.0,307.0,14.71,114.71,14.71,1147.1,147.1,11471.0,1471.0,376.07,476.07,376.07,4760.7,3760.7,47607.0,37607.0,1483.0,1583.0,1483.0,15830.0,14830.0,158300.0,148300.0,,,,,,,,,,,,,10,strong_buy,0.923,"AXTI +401.55% YTD, +20.85% 1M; no analyst rating but extreme price action in materials – P/E 2101.5 risky but short-term momentum is compelling.",YTD +401.55%; 1M +20.85%; materials AI enabler; extreme momentum,,,,,
AMGN,Amgen,Biotech,large-cap,NASDAQ,413.08,+2.88%,-2.00%,+5.06%,+28.66%,+37%,223.324,0.407,25.66,2.72,2218937,13370037,72258137,250.0,2.6,hold,2.65,2.88,102.88,2.88,1028.8,28.8,10288.0,288.0,-2.0,98.0,-2.0,980.0,-20.0,9800.0,-200.0,5.06,105.06,5.06,1050.6,50.6,10506.0,506.0,28.66,128.66,28.66,1286.6,286.6,12866.0,2866.0,37.0,137.0,37.0,1370.0,370.0,13700.0,3700.0,,,,,,,,,,,,,3,buy,0.75,"YTD +25.39%, P/E 25.01, dividend yield 2.5%, positive Sjogren's phase 3 data and raised FY2026 guidance [ad-hoc-news.de](https://www.ad-hoc-news.de/boerse/news/corporate-news/amgen-announces-sjogren-s-trial-results-amgen-stock-gains-1-59-percent/70256106).",YTD +25%; positive clinical catalyst; raised guidance; low beta 0.41,,,,,
GILD,Gilead Sciences,Biotech,large-cap,NASDAQ,146.85,+2.24%,-1.48%,+0.71%,+22.94%,+22%,182.087,0.332,,6.06,4960247,24303647,127038647,227.0,1.48,buy,1.68,2.24,102.24,2.24,1022.4,22.4,10224.0,224.0,-1.48,98.52,-1.48,985.2,-14.8,9852.0,-148.0,0.71,100.71,0.71,1007.1,7.1,10071.0,71.0,22.94,122.94,22.94,1229.4,229.4,12294.0,2294.0,22.0,122.0,22.0,1220.0,220.0,12200.0,2200.0,,,,,,,,,,,,,7,buy,0.65,"YTD +20.74%, analyst buy with score 1.70, low short 1.48%, large-cap stability.",YTD +20.7%; analyst buy; low short interest; large-cap,,,,,
REGN,Regeneron Pharmaceuticals,Biotech,large-cap,NASDAQ,742.12,+1.11%,-2.13%,-8.42%,-4.03%,+31%,76.406,0.153,18.35,0.74,626381,3592881,16478581,51.0,2.6,buy,1.85,1.11,101.11,1.11,1011.1,11.1,10111.0,111.0,-2.13,97.87,-2.13,978.7,-21.3,9787.0,-213.0,-8.42,91.58,-8.42,915.8,-84.2,9158.0,-842.0,-4.03,95.97,-4.03,959.7,-40.3,9597.0,-403.0,31.0,131.0,31.0,1310.0,310.0,13100.0,3100.0,,,,,,,,,,,,,,,,,,,,,,
VRTX,Vertex Pharmaceuticals,Biotech,large-cap,NASDAQ,505.64,+0.02%,-3.28%,-4.40%,+11.84%,+19%,128.16,0.281,29.45,1.18,806603,4630503,21895003,,2.1,buy,1.62,0.02,100.02,0.02,1000.2,0.2,10002.0,2.0,-3.28,96.72,-3.28,967.2,-32.8,9672.0,-328.0,-4.4,95.6,-4.4,956.0,-44.0,9560.0,-440.0,11.84,111.84,11.84,1118.4,118.4,11184.0,1184.0,19.0,119.0,19.0,1190.0,190.0,11900.0,1900.0,,,,,,,,,,,,,8,buy,0.6,"YTD +11.10%, P/E 29.26, analyst buy with score 1.62, low short 2.1%.",YTD +11.1%; analyst buy; low short; P/E 29,,,,,
BIIB,Biogen,Biotech,large-cap,NASDAQ,222.15,-0.16%,-1.65%,+4.54%,+24.93%,+48%,32.823,0.092,39.6,1.08,1298117,5792717,24154817,,4.39,buy,1.89,-0.16,99.84,-0.16,998.4,-1.6,9984.0,-16.0,-1.65,98.35,-1.65,983.5,-16.5,9835.0,-165.0,4.54,104.54,4.54,1045.4,45.4,10454.0,454.0,24.93,124.93,24.93,1249.3,249.3,12493.0,2493.0,48.0,148.0,48.0,1480.0,480.0,14800.0,4800.0,,,,,,,,,,,,,4,buy,0.7,"YTD +25.35%, 1M +4.89%, analyst buy with score 1.89, low short 4.39%, P/E 39.59.",YTD +25%; 1M momentum +4.9%; analyst buy; low short interest,,,,,
BMY,Bristol-Myers Squibb,Biotech,large-cap,NYSE,59.7,+0.18%,-3.34%,-6.76%,+15.28%,+34%,121.95,0.184,13.15,11.17,11037974,60862974,275129274,423.0,2.06,hold,2.54,0.18,100.18,0.18,1001.8,1.8,10018.0,18.0,-3.34,96.66,-3.34,966.6,-33.4,9666.0,-334.0,-6.76,93.24,-6.76,932.4,-67.6,9324.0,-676.0,15.28,115.28,15.28,1152.8,152.8,11528.0,1528.0,34.0,134.0,34.0,1340.0,340.0,13400.0,3400.0,,,,,,,,,,,,,10,buy,0.55,"YTD +15.07%, P/E 13.13, dividend yield 4.23%, low short 2.06%, value play.",YTD +15%; low P/E 13; high dividend 4.23%; low short,,,,,
AZN,AstraZeneca,Biotech,uk-listed,LSE,160.9,+1.86%,-0.81%,+1.15%,-10.37%,-7%,2.495,0.212,24.41,3.43,436,9184889,67207878,200.0,,buy,1.72,1.86,101.86,1.86,1018.6,18.6,10186.0,186.0,-0.81,99.19,-0.81,991.9,-8.1,9919.0,-81.0,1.15,101.15,1.15,1011.5,11.5,10115.0,115.0,-10.37,89.63,-10.37,896.3,-103.7,8963.0,-1037.0,-7.0,93.0,-7.0,930.0,-70.0,9300.0,-700.0,,,,,,,,,,,,,,,,,,,,,,
GSK,GSK,Biotech,uk-listed,LSE,23.65,+1.42%,-2.27%,-2.56%,-2.21%,+9%,0.947,0.28,15.17,6.6,101885,23125719,137166660,385.0,,hold,2.52,1.42,101.42,1.42,1014.2,14.2,10142.0,142.0,-2.27,97.73,-2.27,977.3,-22.7,9773.0,-227.0,-2.56,97.44,-2.56,974.4,-25.6,9744.0,-256.0,-2.21,97.79,-2.21,977.9,-22.1,9779.0,-221.0,9.0,109.0,9.0,1090.0,90.0,10900.0,900.0,,,,,,,,,,,,,,,,,,,,,,
CRSP,CRISPR Therapeutics,Biotech,gene-editing,NASDAQ,52.35,-3.27%,-5.37%,-4.44%,-2.64%,-30%,5.062,1.759,,1.59,1678371,8188771,37518571,,22.58,buy,2.05,-3.27,96.73,-3.27,967.3,-32.7,9673.0,-327.0,-5.37,94.63,-5.37,946.3,-53.7,9463.0,-537.0,-4.44,95.56,-4.44,955.6,-44.4,9556.0,-444.0,-2.64,97.36,-2.64,973.6,-26.4,9736.0,-264.0,-30.0,70.0,-30.0,700.0,-300.0,7000.0,-3000.0,,,,,,,,,,,,,,,,,,,,,,
BEAM,Beam Therapeutics,Biotech,gene-editing,NASDAQ,24.77,-2.09%,+1.31%,-7.68%,-8.73%,-7%,2.559,2.201,,1.94,2342234,10048934,46362834,,38.75,strong_buy,1.33,-2.09,97.91,-2.09,979.1,-20.9,9791.0,-209.0,1.31,101.31,1.31,1013.1,13.1,10131.0,131.0,-7.68,92.32,-7.68,923.2,-76.8,9232.0,-768.0,-8.73,91.27,-8.73,912.7,-87.3,9127.0,-873.0,-7.0,93.0,-7.0,930.0,-70.0,9300.0,-700.0,,,,,,,,,,,,,,,,,,,,,,
NTLA,Intellia Therapeutics,Biotech,gene-editing,NASDAQ,11.71,-6.02%,-2.90%,-8.08%,+27.14%,-49%,1.641,1.801,,4.08,8271010,33130110,108458310,,41.97,buy,2.35,-6.02,93.98,-6.02,939.8,-60.2,9398.0,-602.0,-2.9,97.1,-2.9,971.0,-29.0,9710.0,-290.0,-8.08,91.92,-8.08,919.2,-80.8,9192.0,-808.0,27.14,127.14,27.14,1271.4,271.4,12714.0,2714.0,-49.0,51.0,-49.0,510.0,-490.0,5100.0,-4900.0,,,,,,,,,,,,,,,,,,,,,,
EDIT,Editas Medicine,Biotech,gene-editing,NASDAQ,2.75,+1.10%,+7.00%,-9.24%,+34.15%,-34%*,0.423,2.0,,2.48,2264665,11951165,69647865,,19.54,buy,1.92,1.1,101.1,1.1,1011.0,11.0,10110.0,110.0,7.0,107.0,7.0,1070.0,70.0,10700.0,700.0,-9.24,90.76,-9.24,907.6,-92.4,9076.0,-924.0,34.15,134.15,34.15,1341.5,341.5,13415.0,3415.0,-34.0,66.0,-34.0,660.0,-340.0,6600.0,-3400.0,,,,,,,,,,,,,,,,,,,,,,
ILMN,Illumina,Biotech,genomics,NASDAQ,267.76,-2.10%,-2.16%,+26.86%,+99.30%,+180%,40.432,1.416,49.96,2.66,2948626,16337726,93200626,,11.47,buy,2.43,-2.1,97.9,-2.1,979.0,-21.0,9790.0,-210.0,-2.16,97.84,-2.16,978.4,-21.6,9784.0,-216.0,26.86,126.86,26.86,1268.6,268.6,12686.0,2686.0,99.3,199.3,99.3,1993.0,993.0,19930.0,9930.0,180.0,280.0,180.0,2800.0,1800.0,28000.0,18000.0,,,,,,,,,,,,,6,buy,0.65,"YTD +103.60%, 1M +29.60%, analyst buy, but P/E 51.03 and short 11.47% indicate valuation risk; pullback may offer entry [kalkine.com](https://kalkine.com/news/healthcare/illumina-nasdaqilmn-stock-why-shares-pulled-back-after-a-52-week-high).",YTD +103%; 1M momentum +29.6%; analyst buy; technical pullback,,,,,
PACB,Pacific Biosciences,Biotech,genomics,NASDAQ,2.72,+2.26%,+14.77%,+106.06%,+47.83%,+79%*,0.845,2.194,,9.85,20291055,155522855,359697855,,18.08,buy,2.12,2.26,102.26,2.26,1022.6,22.6,10226.0,226.0,14.77,114.77,14.77,1147.7,147.7,11477.0,1477.0,106.06,206.06,106.06,2060.6,1060.6,20606.0,10606.0,47.83,147.83,47.83,1478.3,478.3,14783.0,4783.0,79.0,179.0,79.0,1790.0,790.0,17900.0,7900.0,,,,,,,,,,,,,9,buy,0.55,"1M +104.55%, 1W +47.54%, YTD +46.74%, analyst buy, but loss-making and high short 18.08%; AI partnership catalyst [stocktwits.com](https://stocktwits.com/news-articles/markets/equity/pac-bio-deepens-ai-drug-discovery-push-with-tycho-bio-deal-pacb-stock-takes-a-breather-after-103-rally/cZDteWARBld).",1M +104%; AI partnership catalyst; analyst buy; high momentum,,,,,
NTRA,Natera,Biotech,genomics,NASDAQ,395.56,-2.55%,-4.29%,+22.03%,+72.85%,+133%,57.017,1.499,,1.42,2816261,11356461,39836261,,3.43,strong_buy,1.39,-2.55,97.45,-2.55,974.5,-25.5,9745.0,-255.0,-4.29,95.71,-4.29,957.1,-42.9,9571.0,-429.0,22.03,122.03,22.03,1220.3,220.3,12203.0,2203.0,72.85,172.85,72.85,1728.5,728.5,17285.0,7285.0,133.0,233.0,133.0,2330.0,1330.0,23300.0,13300.0,,,,,,,,,,,,,1,strong_buy,0.85,"YTD +75.08%, 1M +23.60%, analyst strong_buy with score 1.39, low short interest 3.43%.",YTD +75%; strong_buy consensus; low short interest; 1M momentum +23.6%,,,,,
RXRX,Recursion Pharmaceuticals,Biotech,genomics,NASDAQ,4.27,-7.78%,+3.39%,+24.13%,+1.67%,-24%*,2.289,1.032,,20.28,40478768,215187568,578490268,,34.95,none,,-7.78,92.22,-7.78,922.2,-77.8,9222.0,-778.0,3.39,103.39,3.39,1033.9,33.9,10339.0,339.0,24.13,124.13,24.13,1241.3,241.3,12413.0,2413.0,1.67,101.67,1.67,1016.7,16.7,10167.0,167.0,-24.0,76.0,-24.0,760.0,-240.0,7600.0,-2400.0,,,,,,,,,,,,,,,,,,,,,,
INCY,Incyte,Biotech,oncology,NASDAQ,113.44,+0.68%,-6.52%,-8.81%,+11.85%,+32%,22.993,0.739,14.45,1.63,1274487,10215287,37056387,,8.39,buy,2.29,0.68,100.68,0.68,1006.8,6.8,10068.0,68.0,-6.52,93.48,-6.52,934.8,-65.2,9348.0,-652.0,-8.81,91.19,-8.81,911.9,-88.1,9119.0,-881.0,11.85,111.85,11.85,1118.5,118.5,11185.0,1185.0,32.0,132.0,32.0,1320.0,320.0,13200.0,3200.0,,,,,,,,,,,,,,,,,,,,,,
EXEL,Exelixis,Biotech,oncology,NASDAQ,58.44,+0.72%,+0.05%,+1.34%,+34.10%,+51%,14.481,0.466,18.44,2.33,2374774,10325874,47866174,,14.56,buy,2.33,0.72,100.72,0.72,1007.2,7.2,10072.0,72.0,0.05,100.05,0.05,1000.5,0.5,10005.0,5.0,1.34,101.34,1.34,1013.4,13.4,10134.0,134.0,34.1,134.1,34.1,1341.0,341.0,13410.0,3410.0,51.0,151.0,51.0,1510.0,510.0,15100.0,5100.0,,,,,,,,,,,,,5,buy,0.7,"YTD +33.85%, P/E 18.58, analyst buy with score 2.33, reasonable valuation in oncology.",YTD +33.85%; P/E 18.6; analyst buy; oncology focus,,,,,
ALNY,Alnylam Pharmaceuticals,Biotech,oncology,NASDAQ,224.41,-0.04%,-9.05%,-13.72%,-43.92%,-50%,30.028,0.269,37.84,1.84,1064035,7380435,30169535,,7.16,buy,1.69,-0.04,99.96,-0.04,999.6,-0.4,9996.0,-4.0,-9.05,90.95,-9.05,909.5,-90.5,9095.0,-905.0,-13.72,86.28,-13.72,862.8,-137.2,8628.0,-1372.0,-43.92,56.08,-43.92,560.8,-439.2,5608.0,-4392.0,-50.0,50.0,-50.0,500.0,-500.0,5000.0,-5000.0,,,,,,,,,,,,,,,,,,,,,,
RCUS,Arcus Biosciences,Biotech,oncology,NYSE,24.52,+0.99%,-5.07%,-15.62%,+5.28%,+61%*,3.085,0.938,,1.32,1601271,6221571,38610571,,17.71,strong_buy,1.31,0.99,100.99,0.99,1009.9,9.9,10099.0,99.0,-5.07,94.93,-5.07,949.3,-50.7,9493.0,-507.0,-15.62,84.38,-15.62,843.8,-156.2,8438.0,-1562.0,5.28,105.28,5.28,1052.8,52.8,10528.0,528.0,61.0,161.0,61.0,1610.0,610.0,16100.0,6100.0,,,,,,,,,,,,,,,,,,,,,,
MRNA,Moderna,Biotech,mrna,NASDAQ,196.48,+4.54%,+2.03%,+40.01%,+536.68%,+571%,78.441,1.095,,17.31,14597511,78432111,328905911,,10.06,hold,2.83,4.54,104.54,4.54,1045.4,45.4,10454.0,454.0,2.03,102.03,2.03,1020.3,20.3,10203.0,203.0,40.01,140.01,40.01,1400.1,400.1,14001.0,4001.0,536.68,636.68,536.68,6366.8,5366.8,63668.0,53668.0,571.0,671.0,571.0,6710.0,5710.0,67100.0,57100.0,,,,,,,,,,,,,,,,,,,,,,
BNTX,BioNTech,Biotech,mrna,NASDAQ,95.25,-0.64%,-3.10%,-3.46%,-1.49%,-10%,23.927,1.252,,1.15,827746,4679346,19263246,,3.48,buy,1.7,-0.64,99.36,-0.64,993.6,-6.4,9936.0,-64.0,-3.1,96.9,-3.1,969.0,-31.0,9690.0,-310.0,-3.46,96.54,-3.46,965.4,-34.6,9654.0,-346.0,-1.49,98.51,-1.49,985.1,-14.9,9851.0,-149.0,-10.0,90.0,-10.0,900.0,-100.0,9000.0,-1000.0,,,,,,,,,,,,,,,,,,,,,,
NVAX,Novavax,Biotech,mrna,NASDAQ,11.22,-1.06%,+3.79%,+10.11%,+57.36%,+27%*,1.851,2.435,,5.09,8362562,63647662,154704862,,30.43,buy,2.33,-1.06,98.94,-1.06,989.4,-10.6,9894.0,-106.0,3.79,103.79,3.79,1037.9,37.9,10379.0,379.0,10.11,110.11,10.11,1101.1,101.1,11011.0,1011.0,57.36,157.36,57.36,1573.6,573.6,15736.0,5736.0,27.0,127.0,27.0,1270.0,270.0,12700.0,2700.0,,,,,,,,,,,,,,,,,,,,,,
BMRN,BioMarin Pharmaceutical,Biotech,rare-disease,NASDAQ,55.2,-1.27%,-8.00%,-14.59%,-7.15%,+3%,10.686,0.215,149.19,2.0,2078880,12480080,46332580,,5.22,buy,1.74,-1.27,98.73,-1.27,987.3,-12.7,9873.0,-127.0,-8.0,92.0,-8.0,920.0,-80.0,9200.0,-800.0,-14.59,85.41,-14.59,854.1,-145.9,8541.0,-1459.0,-7.15,92.85,-7.15,928.5,-71.5,9285.0,-715.0,3.0,103.0,3.0,1030.0,30.0,10300.0,300.0,,,,,,,,,,,,,,,,,,,,,,
SRPT,Sarepta Therapeutics,Biotech,rare-disease,NASDAQ,17.5,+1.10%,-3.95%,-16.43%,-17.88%,-26%,1.848,0.375,,2.99,2872534,13195034,61850134,,28.86,hold,2.75,1.1,101.1,1.1,1011.0,11.0,10110.0,110.0,-3.95,96.05,-3.95,960.5,-39.5,9605.0,-395.0,-16.43,83.57,-16.43,835.7,-164.3,8357.0,-1643.0,-17.88,82.12,-17.88,821.2,-178.8,8212.0,-1788.0,-26.0,74.0,-26.0,740.0,-260.0,7400.0,-2600.0,,,,,,,,,,,,,,,,,,,,,,
COAG,Hemab Therapeutics,Biotech,rare-disease,NASDAQ,28.7,+1.16%,-6.94%,-35.61%,-15.59%,-17%,1.341,,,0.45,377184,1900384,13278984,,,none,,1.16,101.16,1.16,1011.6,11.6,10116.0,116.0,-6.94,93.06,-6.94,930.6,-69.4,9306.0,-694.0,-35.61,64.39,-35.61,643.9,-356.1,6439.0,-3561.0,-15.59,84.41,-15.59,844.1,-155.9,8441.0,-1559.0,-17.0,83.0,-17.0,830.0,-170.0,8300.0,-1700.0,,,,,,,,,,,,,,,,,,,,,,
NVO,Novo Nordisk,Biotech,metabolic,NYSE,38.26,+1.95%,+0.92%,-15.28%,-23.33%,-37%,168.893,0.384,9.35,12.47,13531267,68846567,320789167,479.0,0.83,hold,2.71,1.95,101.95,1.95,1019.5,19.5,10195.0,195.0,0.92,100.92,0.92,1009.2,9.2,10092.0,92.0,-15.28,84.72,-15.28,847.2,-152.8,8472.0,-1528.0,-23.33,76.67,-23.33,766.7,-233.3,7667.0,-2333.0,-37.0,63.0,-37.0,630.0,-370.0,6300.0,-3700.0,,,,,,,,,,,,,,,,,,,,,,
LLY,Eli Lilly,Biotech,metabolic,NYSE,1188.72,+2.51%,+2.73%,+5.77%,+10.56%,+37%,1060.03,0.453,39.9,2.48,2297239,10629639,49298839,60.0,0.84,buy,1.63,2.51,102.51,2.51,1025.1,25.1,10251.0,251.0,2.73,102.73,2.73,1027.3,27.3,10273.0,273.0,5.77,105.77,5.77,1057.7,57.7,10577.0,577.0,10.56,110.56,10.56,1105.6,105.6,11056.0,1056.0,37.0,137.0,37.0,1370.0,370.0,13700.0,3700.0,,,,,,,,,,,,,2,buy,0.8,"YTD +7.66%, P/E 38.38, analyst buy with score 1.63, low short 0.84%, mega-cap metabolic leader.",YTD +7.66%; analyst buy; low short interest; mega-cap stability,,,,,
LEGN,Legend Biotech,Biotech,neuroscience,NASDAQ,19.12,+3.21%,-3.87%,-6.69%,-11.11%,-42%,3.719,0.573,,2.35,1569179,9430579,51020679,,17.8,buy,2.15,3.21,103.21,3.21,1032.1,32.1,10321.0,321.0,-3.87,96.13,-3.87,961.3,-38.7,9613.0,-387.0,-6.69,93.31,-6.69,933.1,-66.9,9331.0,-669.0,-11.11,88.89,-11.11,888.9,-111.1,8889.0,-1111.0,-42.0,58.0,-42.0,580.0,-420.0,5800.0,-4200.0,,,,,,,,,,,,,,,,,,,,,,
IONS,Ionis Pharmaceuticals,Biotech,neuroscience,NASDAQ,44.16,+1.99%,-1.10%,-22.13%,-44.57%,-37%,7.338,0.382,,3.77,2699951,12105351,96938251,,16.65,buy,1.83,1.99,101.99,1.99,1019.9,19.9,10199.0,199.0,-1.1,98.9,-1.1,989.0,-11.0,9890.0,-110.0,-22.13,77.87,-22.13,778.7,-221.3,7787.0,-2213.0,-44.57,55.43,-44.57,554.3,-445.7,5543.0,-4457.0,-37.0,63.0,-37.0,630.0,-370.0,6300.0,-3700.0,,,,,,,,,,,,,,,,,,,,,,
BTC,Bitcoin,Crypto,bitcoin,Crypto,83305.36292,-2.63%,-0.11%,+5.38%,-4.82%,-5%,1674.02,,,29156.09,26923752237,204092644463,948133555954,,,,,-2.63,97.37,-2.63,973.7,-26.3,9737.0,-263.0,-0.11,99.89,-0.11,998.9,-1.1,9989.0,-11.0,5.38,105.38,5.38,1053.8,53.8,10538.0,538.0,-4.82,95.18,-4.82,951.8,-48.2,9518.0,-482.0,-5.0,95.0,-5.0,950.0,-50.0,9500.0,-500.0,,,,,,,,,,,,,,,,,,,,,,
ETH,Ethereum,Crypto,layer1,Crypto,2574.074032,-4.60%,-3.88%,+3.49%,-13.24%,-13%,314.329,,,11595.1,11013438109,81165708002,422516061579,,,,,-4.6,95.4,-4.6,954.0,-46.0,9540.0,-460.0,-3.88,96.12,-3.88,961.2,-38.8,9612.0,-388.0,3.49,103.49,3.49,1034.9,34.9,10349.0,349.0,-13.24,86.76,-13.24,867.6,-132.4,8676.0,-1324.0,-13.0,87.0,-13.0,870.0,-130.0,8700.0,-1300.0,,,,,,,,,,,,,,,,,,,,,,
SOL,Solana,Crypto,layer1,Crypto,116.249293,-3.58%,-1.39%,+12.03%,-6.64%,-7%,68.482,,,3000.54,2463657929,21003769022,110449112561,,,,,-3.58,96.42,-3.58,964.2,-35.8,9642.0,-358.0,-1.39,98.61,-1.39,986.1,-13.9,9861.0,-139.0,12.03,112.03,12.03,1120.3,120.3,11203.0,1203.0,-6.64,93.36,-6.64,933.6,-66.4,9336.0,-664.0,-7.0,93.0,-7.0,930.0,-70.0,9300.0,-700.0,,,,,,,,,,,,,,,,,,,,,,
BNB,BNB,Crypto,layer1,Crypto,772.735333,-0.81%,+0.67%,+4.49%,-10.48%,-10%,102.897,,,766.41,679153775,5364898349,29563721288,,,,,-0.81,99.19,-0.81,991.9,-8.1,9919.0,-81.0,0.67,100.67,0.67,1006.7,6.7,10067.0,67.0,4.49,104.49,4.49,1044.9,44.9,10449.0,449.0,-10.48,89.52,-10.48,895.2,-104.8,8952.0,-1048.0,-10.0,90.0,-10.0,900.0,-100.0,9000.0,-1000.0,,,,,,,,,,,,,,,,,,,,,,
ADA,Cardano,Crypto,layer1,Crypto,0.256661,-4.00%,+4.47%,+16.21%,-22.85%,-23%,9.444,,,596.07,671625006,4172519560,16471188078,,,,,-4.0,96.0,-4.0,960.0,-40.0,9600.0,-400.0,4.47,104.47,4.47,1044.7,44.7,10447.0,447.0,16.21,116.21,16.21,1162.1,162.1,11621.0,1621.0,-22.85,77.15,-22.85,771.5,-228.5,7715.0,-2285.0,-23.0,77.0,-23.0,770.0,-230.0,7700.0,-2300.0,,,,,,,,,,,,,,,,,,,,,,
AVAX,Avalanche,Crypto,layer1,Crypto,11.134301,-3.89%,+2.08%,+37.79%,-9.54%,-10%,4.936,,,447.98,563640732,3135857234,15512878962,,,,,-3.89,96.11,-3.89,961.1,-38.9,9611.0,-389.0,2.08,102.08,2.08,1020.8,20.8,10208.0,208.0,37.79,137.79,37.79,1377.9,377.9,13779.0,3779.0,-9.54,90.46,-9.54,904.6,-95.4,9046.0,-954.0,-10.0,90.0,-10.0,900.0,-100.0,9000.0,-1000.0,,,,,,,,,,,,,5,buy,0.7,AVAX has impressive 1-month momentum (+42%) and a reasonable $5B market cap despite a -9% YTD; it is a well-known L1 with potential for a breakout.,+42% 1M; $5B market cap; L1 leader,,,,,
XRP,XRP,Crypto,payments,Crypto,1.420805,-5.17%,-4.55%,+1.65%,-22.75%,-23%,89.643,,,2122.5,1502443249,14857466017,96409965743,,,,,-5.17,94.83,-5.17,948.3,-51.7,9483.0,-517.0,-4.55,95.45,-4.55,954.5,-45.5,9545.0,-455.0,1.65,101.65,1.65,1016.5,16.5,10165.0,165.0,-22.75,77.25,-22.75,772.5,-227.5,7725.0,-2275.0,-23.0,77.0,-23.0,770.0,-230.0,7700.0,-2300.0,,,,,,,,,,,,,,,,,,,,,,
XLM,Stellar,Crypto,payments,Crypto,0.200357,-5.58%,-11.08%,+3.59%,-0.14%,-0%,7.021,,,197.61,126123098,1383282250,8305051912,,,,,-5.58,94.42,-5.58,944.2,-55.8,9442.0,-558.0,-11.08,88.92,-11.08,889.2,-110.8,8892.0,-1108.0,3.59,103.59,3.59,1035.9,35.9,10359.0,359.0,-0.14,99.86,-0.14,998.6,-1.4,9986.0,-14.0,-0.0,100.0,0.0,1000.0,0.0,10000.0,0.0,,,,,,,,,,,,,,,,,,,,,,
TRX,TRON,Crypto,payments,Crypto,0.335703,+0.10%,-0.63%,+0.33%,+18.06%,+18%,31.887,,,318.62,291559154,2230347230,11459026557,,,,,0.1,100.1,0.1,1001.0,1.0,10010.0,10.0,-0.63,99.37,-0.63,993.7,-6.3,9937.0,-63.0,0.33,100.33,0.33,1003.3,3.3,10033.0,33.0,18.06,118.06,18.06,1180.6,180.6,11806.0,1806.0,18.0,118.0,18.0,1180.0,180.0,11800.0,1800.0,,,,,,,,,,,,,,,,,,,,,,
SUI,Sui,Crypto,emerging,Crypto,1.138837,-3.02%,-1.45%,+38.52%,-18.80%,-19%,4.69,,,751.35,509249302,5259445365,25047216801,,,,,-3.02,96.98,-3.02,969.8,-30.2,9698.0,-302.0,-1.45,98.55,-1.45,985.5,-14.5,9855.0,-145.0,38.52,138.52,38.52,1385.2,385.2,13852.0,3852.0,-18.8,81.2,-18.8,812.0,-188.0,8120.0,-1880.0,-19.0,81.0,-19.0,810.0,-190.0,8100.0,-1900.0,,,,,,,,,,,,,6,buy,0.65,"SUI has rallied +42% in the past month and has a $4.7B market cap; the recent 4-5% drop appears driven by market rotation and short positioning rather than a protocol issue, creating a potential entry [coinmarketcap.com](https://coinmarketcap.com/top-stories/6ac5b6c4ab37453c382f7ef4/).",+42% 1M; Short-term dip entry; No protocol issue,,,,,
HBAR,Hedera,Crypto,emerging,Crypto,0.093001,-6.52%,-10.74%,+13.27%,-12.42%,-12%,4.092,,,145.77,96113103,1020362212,5346499819,,,,,-6.52,93.48,-6.52,934.8,-65.2,9348.0,-652.0,-10.74,89.26,-10.74,892.6,-107.4,8926.0,-1074.0,13.27,113.27,13.27,1132.7,132.7,11327.0,1327.0,-12.42,87.58,-12.42,875.8,-124.2,8758.0,-1242.0,-12.0,88.0,-12.0,880.0,-120.0,8800.0,-1200.0,,,,,,,,,,,,,,,,,,,,,,
ALGO,Algorand,Crypto,emerging,Crypto,0.11884,-3.81%,-3.82%,+21.86%,+7.86%,+8%,1.077,,,106.47,108233529,745274289,2201395118,,,,,-3.81,96.19,-3.81,961.9,-38.1,9619.0,-381.0,-3.82,96.18,-3.82,961.8,-38.2,9618.0,-382.0,21.86,121.86,21.86,1218.6,218.6,12186.0,2186.0,7.86,107.86,7.86,1078.6,78.6,10786.0,786.0,8.0,108.0,8.0,1080.0,80.0,10800.0,800.0,,,,,,,,,,,,,10,buy,0.55,"ALGO is up +8% YTD and +26% in the past month, with a $1.1B market cap; it has an established L1 presence but faces short-term volatility.",+26% 1M; $1.1B market cap; Established L1,,,,,
MINA,Mina,Crypto,emerging,Crypto,0.092741,-16.35%,-36.14%,+14.12%,+22.76%,+23%,0.119,,,21.29,57189854,149020305,639126045,,,,,-16.35,83.65,-16.35,836.5,-163.5,8365.0,-1635.0,-36.14,63.86,-36.14,638.6,-361.4,6386.0,-3614.0,14.12,114.12,14.12,1141.2,141.2,11412.0,1412.0,22.76,122.76,22.76,1227.6,227.6,12276.0,2276.0,23.0,123.0,23.0,1230.0,230.0,12300.0,2300.0,,,,,,,,,,,,,8,buy,0.6,"MINA has exceptional YTD (+35%) and 1-month (+33%) returns, though a sharp 1-week decline (-29%) suggests high volatility; it remains an emerging L1 with potential.",+35% YTD; +33% 1M; High volatility entry,,,,,
POL,Polygon (MATIC),Crypto,infra,Crypto,0.102862,-4.20%,-8.50%,+8.23%,+2.41%,+2%,1.093,,,78.87,66751854,552092331,2783490451,,,,,-4.2,95.8,-4.2,958.0,-42.0,9580.0,-420.0,-8.5,91.5,-8.5,915.0,-85.0,9150.0,-850.0,8.23,108.23,8.23,1082.3,82.3,10823.0,823.0,2.41,102.41,2.41,1024.1,24.1,10241.0,241.0,2.0,102.0,2.0,1020.0,20.0,10200.0,200.0,,,,,,,,,,,,,,,,,,,,,,
DOT,Polkadot,Crypto,infra,Crypto,1.123415,-6.38%,-7.64%,+5.52%,-37.23%,-37%,1.917,,,165.77,147963857,1160392030,6200084416,,,,,-6.38,93.62,-6.38,936.2,-63.8,9362.0,-638.0,-7.64,92.36,-7.64,923.6,-76.4,9236.0,-764.0,5.52,105.52,5.52,1055.2,55.2,10552.0,552.0,-37.23,62.77,-37.23,627.7,-372.3,6277.0,-3723.0,-37.0,63.0,-37.0,630.0,-370.0,6300.0,-3700.0,,,,,,,,,,,,,,,,,,,,,,
LINK,Chainlink,Crypto,infra,Crypto,13.322206,-4.64%,-7.03%,+4.39%,+9.26%,+9%,9.966,,,383.98,263370916,2687881460,26208512276,,,,,-4.64,95.36,-4.64,953.6,-46.4,9536.0,-464.0,-7.03,92.97,-7.03,929.7,-70.3,9297.0,-703.0,4.39,104.39,4.39,1043.9,43.9,10439.0,439.0,9.26,109.26,9.26,1092.6,92.6,10926.0,926.0,9.0,109.0,9.0,1090.0,90.0,10900.0,900.0,,,,,,,,,,,,,,,,,,,,,,
DOGE,Dogecoin,Crypto,meme,Crypto,0.089173,-4.92%,-5.43%,-2.05%,-23.97%,-24%,13.932,,,754.46,734002753,5281227073,28678414173,,,,,-4.92,95.08,-4.92,950.8,-49.2,9508.0,-492.0,-5.43,94.57,-5.43,945.7,-54.3,9457.0,-543.0,-2.05,97.95,-2.05,979.5,-20.5,9795.0,-205.0,-23.97,76.03,-23.97,760.3,-239.7,7603.0,-2397.0,-24.0,76.0,-24.0,760.0,-240.0,7600.0,-2400.0,,,,,,,,,,,,,,,,,,,,,,
PEPE,Pepe,Crypto,meme,Crypto,4e-06,-4.27%,-3.96%,+12.84%,+1.46%,+1%,1.693,,,261.4,189393122,1829812895,9744079039,,,,,-4.27,95.73,-4.27,957.3,-42.7,9573.0,-427.0,-3.96,96.04,-3.96,960.4,-39.6,9604.0,-396.0,12.84,112.84,12.84,1128.4,128.4,11284.0,1284.0,1.46,101.46,1.46,1014.6,14.6,10146.0,146.0,1.0,101.0,1.0,1010.0,10.0,10100.0,100.0,,,,,,,,,,,,,,,,,,,,,,
TAO,Bittensor,Crypto,ai,Crypto,291.041717,-5.91%,-3.06%,+12.59%,+33.10%,+33%,3.375,,,203.91,143749213,1427344164,7885963074,,,,,-5.91,94.09,-5.91,940.9,-59.1,9409.0,-591.0,-3.06,96.94,-3.06,969.4,-30.6,9694.0,-306.0,12.59,112.59,12.59,1125.9,125.9,11259.0,1259.0,33.1,133.1,33.1,1331.0,331.0,13310.0,3310.0,33.0,133.0,33.0,1330.0,330.0,13300.0,3300.0,,,,,,,,,,,,,,,,,,,,,,
FET,ASI Alliance,Crypto,ai,Crypto,0.23224,-2.95%,+1.96%,+26.66%,+16.88%,+17%,0.544,,,171.07,120636905,1197479221,3846644111,,,,,-2.95,97.05,-2.95,970.5,-29.5,9705.0,-295.0,1.96,101.96,1.96,1019.6,19.6,10196.0,196.0,26.66,126.66,26.66,1266.6,266.6,12666.0,2666.0,16.88,116.88,16.88,1168.8,168.8,11688.0,1688.0,17.0,117.0,17.0,1170.0,170.0,11700.0,1700.0,,,,,,,,,,,,,7,buy,0.65,"FET shows strong momentum with +16% YTD, +33% 1-month, and +5.4% 1-week, with a small $542M market cap in the AI subsector.",+33% 1M; +5.4% 1W; AI narrative,,,,,
RNDR,Render,Crypto,ai,Crypto,2.033276,-6.05%,+6.52%,+31.17%,+58.34%,+58%,1.055,,,68.11,104885436,476803308,2037942433,,,,,-6.05,93.95,-6.05,939.5,-60.5,9395.0,-605.0,6.52,106.52,6.52,1065.2,65.2,10652.0,652.0,31.17,131.17,31.17,1311.7,311.7,13117.0,3117.0,58.34,158.34,58.34,1583.4,583.4,15834.0,5834.0,58.0,158.0,58.0,1580.0,580.0,15800.0,5800.0,,,,,,,,,,,,,3,buy,0.7,"RNDR delivers strong fundamentals with +63% YTD, +36% 1-month, and +9% 1-week, while showing positive daily momentum (+2.2%) and a market cap of $1.09B.",+63% YTD; +36% 1M; +9% 1W; Positive 1D momentum,,,,,
OCEAN,Ocean Protocol,Crypto,ai,Crypto,0.146498,-5.19%,-6.91%,-2.59%,-2.71%,-3%,,,,0.28,130222,1972091,4597932,,,,,-5.19,94.81,-5.19,948.1,-51.9,9481.0,-519.0,-6.91,93.09,-6.91,930.9,-69.1,9309.0,-691.0,-2.59,97.41,-2.59,974.1,-25.9,9741.0,-259.0,-2.71,97.29,-2.71,972.9,-27.1,9729.0,-271.0,-3.0,97.0,-3.0,970.0,-30.0,9700.0,-300.0,,,,,,,,,,,,,,,,,,,,,,
GRT,The Graph,Crypto,ai,Crypto,0.02763,-5.19%,-5.21%,+42.52%,-16.89%,-17%,0.302,,,16.07,11802195,112502841,646826272,,,,,-5.19,94.81,-5.19,948.1,-51.9,9481.0,-519.0,-5.21,94.79,-5.21,947.9,-52.1,9479.0,-521.0,42.52,142.52,42.52,1425.2,425.2,14252.0,4252.0,-16.89,83.11,-16.89,831.1,-168.9,8311.0,-1689.0,-17.0,83.0,-17.0,830.0,-170.0,8300.0,-1700.0,,,,,,,,,,,,,9,buy,0.6,"GRT has strong 1-month momentum (+46%) despite a -17% YTD, and a small $304M market cap in the AI/data indexing space, offering a recovery play.",+46% 1M; AI infrastructure; Small cap recovery,,,,,
AGIX,SingularityNET,Crypto,ai,Crypto,0.091339,-84.62%,+7.21%,+16.13%,+6.52%,+7%,,,,0.0,1969,13780,5953090,,,,,-84.62,15.38,-84.62,153.8,-846.2,1538.0,-8462.0,7.21,107.21,7.21,1072.1,72.1,10721.0,721.0,16.13,116.13,16.13,1161.3,161.3,11613.0,1613.0,6.52,106.52,6.52,1065.2,65.2,10652.0,652.0,7.0,107.0,7.0,1070.0,70.0,10700.0,700.0,,,,,,,,,,,,,,,,,,,,,,
NMR,Numeraire,Crypto,ai,Crypto,15.271553,-7.81%,+34.60%,+62.18%,+59.83%,+60%,0.116,,,38.87,150639730,272055233,608408004,,,,,-7.81,92.19,-7.81,921.9,-78.1,9219.0,-781.0,34.6,134.6,34.6,1346.0,346.0,13460.0,3460.0,62.18,162.18,62.18,1621.8,621.8,16218.0,6218.0,59.83,159.83,59.83,1598.3,598.3,15983.0,5983.0,60.0,160.0,60.0,1600.0,600.0,16000.0,6000.0,,,,,,,,,,,,,2,strong_buy,0.75,"NMR shows explosive momentum with +75% YTD, +79% 1-month, and +43% 1-week despite a small market cap of $128M, signaling high-beta AI catalyst.",+75% YTD; +79% 1M; High beta small-cap AI,,,,,
ALT,AltLayer,Crypto,ai,Crypto,0.007428,-6.43%,-3.66%,+13.39%,-35.13%,-35%,0.055,,,3.82,1820715,26725380,164276027,,,,,-6.43,93.57,-6.43,935.7,-64.3,9357.0,-643.0,-3.66,96.34,-3.66,963.4,-36.6,9634.0,-366.0,13.39,113.39,13.39,1133.9,133.9,11339.0,1339.0,-35.13,64.87,-35.13,648.7,-351.3,6487.0,-3513.0,-35.0,65.0,-35.0,650.0,-350.0,6500.0,-3500.0,,,,,,,,,,,,,,,,,,,,,,
AIOZ,AIOZ Network,Crypto,ai,Crypto,0.112755,+2.29%,-1.58%,+74.08%,+30.14%,+30%,0.145,,,6.72,6142386,47032496,282539895,,,,,2.29,102.29,2.29,1022.9,22.9,10229.0,229.0,-1.58,98.42,-1.58,984.2,-15.8,9842.0,-158.0,74.08,174.08,74.08,1740.8,740.8,17408.0,7408.0,30.14,130.14,30.14,1301.4,301.4,13014.0,3014.0,30.0,130.0,30.0,1300.0,300.0,13000.0,3000.0,,,,,,,,,,,,,4,buy,0.7,"AIOZ has strong momentum with +27% YTD, +74% 1-month, and near-flat 1-week (-0.3%) combined with a tiny $141M market cap, offering high upside in the AI subsector.",+27% YTD; +74% 1M; Small cap AI growth,,,,,
ARKM,Arkham,Crypto,ai,Crypto,0.12794,-5.71%,-3.10%,+13.67%,-27.49%,-27%,0.029,,,7.84,6856016,54858157,272679792,,,,,-5.71,94.29,-5.71,942.9,-57.1,9429.0,-571.0,-3.1,96.9,-3.1,969.0,-31.0,9690.0,-310.0,13.67,113.67,13.67,1136.7,136.7,11367.0,1367.0,-27.49,72.51,-27.49,725.1,-274.9,7251.0,-2749.0,-27.0,73.0,-27.0,730.0,-270.0,7300.0,-2700.0,,,,,,,,,,,,,,,,,,,,,,
WLD,Worldcoin,Crypto,ai,Crypto,0.522172,-5.30%,-2.66%,+9.33%,+8.55%,+9%,1.985,,,396.76,182029147,2777329097,9931771325,,,,,-5.3,94.7,-5.3,947.0,-53.0,9470.0,-530.0,-2.66,97.34,-2.66,973.4,-26.6,9734.0,-266.0,9.33,109.33,9.33,1093.3,93.3,10933.0,933.0,8.55,108.55,8.55,1085.5,85.5,10855.0,855.0,9.0,109.0,9.0,1090.0,90.0,10900.0,900.0,,,,,,,,,,,,,,,,,,,,,,
NEAR,NEAR Protocol,Crypto,ai,Crypto,5.343611,+5.17%,+1.37%,+131.02%,+253.32%,+253%,6.991,,,909.69,662978401,6367804711,30803379114,,,,,5.17,105.17,5.17,1051.7,51.7,10517.0,517.0,1.37,101.37,1.37,1013.7,13.7,10137.0,137.0,131.02,231.02,131.02,2310.2,1310.2,23102.0,13102.0,253.32,353.32,253.32,3533.2,2533.2,35332.0,25332.0,253.0,353.0,253.0,3530.0,2530.0,35300.0,25300.0,,,,,,,,,,,,,1,strong_buy,0.85,"NEAR has exceptional momentum with +242% YTD, +114% 1-month, and a spot ETF (NRR) launched on NYSE Arca attracting ~$60M AUM in its first week; co-founder Polosukhin announced expanding fiat and tokenized stock features, reinforcing the bullish narrative [coinmarketcap.com](https://coinmarketcap.com/top-stories/6ac5b6c4ab37453c382f7ef4/), [theblock.co](https://www.theblock.co/news/ecosystems/2026-10-07-nears-polosukhin-sees-shrinking-need-for-centralized-exchanges-as-onchain-tools-expand-417912).",+242% YTD; +114% 1M; Spot ETF inflows $60M AUM; Expanding fiat/tokenized stocks,,,,,
ICP,Internet Computer,Crypto,ai,Crypto,3.237922,-4.46%,-2.51%,+7.14%,+14.21%,+14%,1.804,,,76.01,64819218,532080404,2242865348,,,,,-4.46,95.54,-4.46,955.4,-44.6,9554.0,-446.0,-2.51,97.49,-2.51,974.9,-25.1,9749.0,-251.0,7.14,107.14,7.14,1071.4,71.4,10714.0,714.0,14.21,114.21,14.21,1142.1,142.1,11421.0,1421.0,14.0,114.0,14.0,1140.0,140.0,11400.0,1400.0,,,,,,,,,,,,,,,,,,,,,,
KAITO,Kaito,Crypto,ai,Crypto,0.322534,-3.51%,-7.54%,-0.01%,-36.28%,-36%,0.078,,,17.35,10387988,121437497,559141675,,,,,-3.51,96.49,-3.51,964.9,-35.1,9649.0,-351.0,-7.54,92.46,-7.54,924.6,-75.4,9246.0,-754.0,-0.01,99.99,-0.01,999.9,-0.1,9999.0,-1.0,-36.28,63.72,-36.28,637.2,-362.8,6372.0,-3628.0,-36.0,64.0,-36.0,640.0,-360.0,6400.0,-3600.0,,,,,,,,,,,,,,,,,,,,,,
VIRTUAL,Virtuals Protocol,Crypto,ai,Crypto,0.775585,-3.88%,-2.93%,+5.89%,+19.99%,+20%,0.511,,,85.65,62142468,599534894,2305513643,,,,,-3.88,96.12,-3.88,961.2,-38.8,9612.0,-388.0,-2.93,97.07,-2.93,970.7,-29.3,9707.0,-293.0,5.89,105.89,5.89,1058.9,58.9,10589.0,589.0,19.99,119.99,19.99,1199.9,199.9,11999.0,1999.0,20.0,120.0,20.0,1200.0,200.0,12000.0,2000.0,,,,,,,,,,,,,,,,,,,,,,
LMT,Lockheed Martin,Defence,us-primes,NYSE,499.22,-2.31%,-1.97%,-6.89%,+2.25%,-1%,115.216,0.095,18.4,1.13,1073075,4893775,26447275,271.0,1.25,buy,2.36,-2.31,97.69,-2.31,976.9,-23.1,9769.0,-231.0,-1.97,98.03,-1.97,980.3,-19.7,9803.0,-197.0,-6.89,93.11,-6.89,931.1,-68.9,9311.0,-689.0,2.25,102.25,2.25,1022.5,22.5,10225.0,225.0,-1.0,99.0,-1.0,990.0,-10.0,9900.0,-100.0,,,,,,,,,,,,,,,,,,,,,,
RTX,RTX Corporation,Defence,us-primes,NYSE,180.26,-1.65%,-2.90%,-9.33%,-2.69%,+9%,242.947,0.308,31.74,4.4,4213378,18833378,87841678,159.0,1.01,buy,1.83,-1.65,98.35,-1.65,983.5,-16.5,9835.0,-165.0,-2.9,97.1,-2.9,971.0,-29.0,9710.0,-290.0,-9.33,90.67,-9.33,906.7,-93.3,9067.0,-933.0,-2.69,97.31,-2.69,973.1,-26.9,9731.0,-269.0,9.0,109.0,9.0,1090.0,90.0,10900.0,900.0,,,,,,,,,,,,,,,,,,,,,,
NOC,Northrop Grumman,Defence,us-primes,NYSE,473.46,-2.21%,-2.07%,-8.70%,-18.17%,-24%,67.261,-0.112,15.05,0.85,711592,6647492,21359392,205.0,1.58,buy,2.0,-2.21,97.79,-2.21,977.9,-22.1,9779.0,-221.0,-2.07,97.93,-2.07,979.3,-20.7,9793.0,-207.0,-8.7,91.3,-8.7,913.0,-87.0,9130.0,-870.0,-18.17,81.83,-18.17,818.3,-181.7,8183.0,-1817.0,-24.0,76.0,-24.0,760.0,-240.0,7600.0,-2400.0,,,,,,,,,,,,,,,,,,,,,,
GD,General Dynamics,Defence,us-primes,NYSE,326.63,-1.42%,-1.57%,-8.40%,-3.63%,-4%,88.372,0.329,19.93,1.13,1251409,6663409,28843809,192.0,1.11,buy,2.08,-1.42,98.58,-1.42,985.8,-14.2,9858.0,-142.0,-1.57,98.43,-1.57,984.3,-15.7,9843.0,-157.0,-8.4,91.6,-8.4,916.0,-84.0,9160.0,-840.0,-3.63,96.37,-3.63,963.7,-36.3,9637.0,-363.0,-4.0,96.0,-4.0,960.0,-40.0,9600.0,-400.0,,,,,,,,,,,,,,,,,,,,,,
HII,Huntington Ingalls Industries,Defence,us-primes,NYSE,260.67,-1.17%,-2.40%,-9.39%,-24.56%,-9%,10.271,0.21,15.53,0.49,554386,3192086,11854686,209.0,3.45,buy,2.08,-1.17,98.83,-1.17,988.3,-11.7,9883.0,-117.0,-2.4,97.6,-2.4,976.0,-24.0,9760.0,-240.0,-9.39,90.61,-9.39,906.1,-93.9,9061.0,-939.0,-24.56,75.44,-24.56,754.4,-245.6,7544.0,-2456.0,-9.0,91.0,-9.0,910.0,-90.0,9100.0,-900.0,,,,,,,,,,,,,,,,,,,,,,
LHX,L3Harris Technologies,Defence,us-primes,NYSE,233.63,-1.00%,-1.33%,-8.65%,-22.32%,-22%,43.506,0.505,23.55,1.56,978055,6229855,35287355,210.0,2.75,buy,1.85,-1.0,99.0,-1.0,990.0,-10.0,9900.0,-100.0,-1.33,98.67,-1.33,986.7,-13.3,9867.0,-133.0,-8.65,91.35,-8.65,913.5,-86.5,9135.0,-865.0,-22.32,77.68,-22.32,776.8,-223.2,7768.0,-2232.0,-22.0,78.0,-22.0,780.0,-220.0,7800.0,-2200.0,,,,,,,,,,,,,,,,,,,,,,
BA,Boeing,Defence,us-primes,NYSE,188.32,-0.86%,+1.22%,-10.63%,-17.32%,-16%,148.843,1.257,67.26,6.5,6293146,46700546,185075646,,1.8,strong_buy,1.5,-0.86,99.14,-0.86,991.4,-8.6,9914.0,-86.0,1.22,101.22,1.22,1012.2,12.2,10122.0,122.0,-10.63,89.37,-10.63,893.7,-106.3,8937.0,-1063.0,-17.32,82.68,-17.32,826.8,-173.2,8268.0,-1732.0,-16.0,84.0,-16.0,840.0,-160.0,8400.0,-1600.0,,,,,,,,,,,,,,,,,,,,,,
BA.L,BAE Systems,Defence,uk-european,LSE,24.12,-1.56%,-6.72%,-6.21%,+4.12%,-9%,0.705,-0.044,26.09,5.67,112926,13657795,119615547,196.0,,buy,2.25,-1.56,98.44,-1.56,984.4,-15.6,9844.0,-156.0,-6.72,93.28,-6.72,932.8,-67.2,9328.0,-672.0,-6.21,93.79,-6.21,937.9,-62.1,9379.0,-621.0,4.12,104.12,4.12,1041.2,41.2,10412.0,412.0,-9.0,91.0,-9.0,910.0,-90.0,9100.0,-900.0,,,,,,,,,,,,,,,,,,,,,,
RR.L,Rolls-Royce Holdings,Defence,uk-european,LSE,18.55,-2.35%,-3.91%,-5.80%,+17.34%,+25%,1.527,1.272,39.01,18.16,1473604,40101821,346851568,83.0,,buy,1.6,-2.35,97.65,-2.35,976.5,-23.5,9765.0,-235.0,-3.91,96.09,-3.91,960.9,-39.1,9609.0,-391.0,-5.8,94.2,-5.8,942.0,-58.0,9420.0,-580.0,17.34,117.34,17.34,1173.4,173.4,11734.0,1734.0,25.0,125.0,25.0,1250.0,250.0,12500.0,2500.0,,,,,,,,,,,,,5,buy,0.7,"YTD +20.16%, 1-year +28%, analyst buy (score 1.6), P/E 39.95, but recent 1M -3.53% and 1W -2.90% show pullback; strong underlying defence and engine services demand supports long-term growth.",YTD +20.16%; 1-year +28%; Analyst buy (score 1.6); Defence engine demand,,,,,
QQ.L,QinetiQ Group,Defence,uk-european,LSE,5.98,+0.71%,-7.36%,-5.35%,+1.96%,-12%,0.03,0.334,22.65,1.72,8174,5693619,33233184,245.0,,buy,1.75,0.71,100.71,0.71,1007.1,7.1,10071.0,71.0,-7.36,92.64,-7.36,926.4,-73.6,9264.0,-736.0,-5.35,94.65,-5.35,946.5,-53.5,9465.0,-535.0,1.96,101.96,1.96,1019.6,19.6,10196.0,196.0,-12.0,88.0,-12.0,880.0,-120.0,8800.0,-1200.0,,,,,,,,,,,,,,,,,,,,,,
PLTR,Palantir Technologies,Defence,cyber-intel,NASDAQ,194.12,+1.23%,+3.78%,+13.99%,+15.64%,+5%,466.481,1.602,167.34,33.71,15675589,86870889,483741889,,2.8,buy,1.84,1.23,101.23,1.23,1012.3,12.3,10123.0,123.0,3.78,103.78,3.78,1037.8,37.8,10378.0,378.0,13.99,113.99,13.99,1139.9,139.9,11399.0,1399.0,15.64,115.64,15.64,1156.4,156.4,11564.0,1564.0,5.0,105.0,5.0,1050.0,50.0,10500.0,500.0,,,,,,,,,,,,,1,strong_buy,0.85,"YTD +14.42%, 1M +12.78%, P/E 165.58, analyst buy (score 1.84), and a new sovereign AI partnership with Armada positions Palantir for sustained defence and commercial AI revenue growth [simplywall.st](https://simplywall.st/stocks/us/software/nasdaq-pltr/palantir-technologies/news/sovereign-ai-deal-might-change-the-case-for-investing-in-pal).",YTD +14.42%; 1M +12.78% momentum; Sovereign AI catalyst; Analyst buy consensus,,,,,
LDOS,Leidos Holdings,Defence,cyber-intel,NYSE,113.55,-2.03%,-6.80%,-11.85%,-37.53%,-41%,14.25,0.59,10.6,1.37,1612957,6457957,28815057,147.0,4.78,buy,2.35,-2.03,97.97,-2.03,979.7,-20.3,9797.0,-203.0,-6.8,93.2,-6.8,932.0,-68.0,9320.0,-680.0,-11.85,88.15,-11.85,881.5,-118.5,8815.0,-1185.0,-37.53,62.47,-37.53,624.7,-375.3,6247.0,-3753.0,-41.0,59.0,-41.0,590.0,-410.0,5900.0,-4100.0,,,,,,,,,,,,,,,,,,,,,,
CACI,CACI International,Defence,cyber-intel,NYSE,581.85,-4.86%,-4.48%,-6.95%,+8.27%,+14%,12.859,0.591,24.08,0.28,232473,1466973,5877673,,5.61,buy,1.62,-4.86,95.14,-4.86,951.4,-48.6,9514.0,-486.0,-4.48,95.52,-4.48,955.2,-44.8,9552.0,-448.0,-6.95,93.05,-6.95,930.5,-69.5,9305.0,-695.0,8.27,108.27,8.27,1082.7,82.7,10827.0,827.0,14.0,114.0,14.0,1140.0,140.0,11400.0,1400.0,,,,,,,,,,,,,,,,,,,,,,
SAIC,Science Applications International,Defence,cyber-intel,NYSE,122.08,-2.01%,-4.30%,-4.29%,+21.87%,+23%,5.115,0.309,14.25,0.44,399658,2066358,9293358,119.0,6.09,hold,2.82,-2.01,97.99,-2.01,979.9,-20.1,9799.0,-201.0,-4.3,95.7,-4.3,957.0,-43.0,9570.0,-430.0,-4.29,95.71,-4.29,957.1,-42.9,9571.0,-429.0,21.87,121.87,21.87,1218.7,218.7,12187.0,2187.0,23.0,123.0,23.0,1230.0,230.0,12300.0,2300.0,,,,,,,,,,,,,6,buy,0.65,"YTD +24.38%, P/E 14.54, low beta 0.309, but analyst hold (score 2.82) and recent 1M -2.32% suggest caution; attractive valuation and strong YTD performance provide a defensive entry.",YTD +24.38%; P/E 14.54; Low beta 0.309; Defensive valuation,,,,,
BAH,Booz Allen Hamilton,Defence,cyber-intel,NYSE,68.69,+0.81%,-1.05%,-4.74%,-17.23%,-34%,8.262,0.368,10.8,1.91,2009572,11477472,39709672,346.0,6.83,hold,2.87,0.81,100.81,0.81,1008.1,8.1,10081.0,81.0,-1.05,98.95,-1.05,989.5,-10.5,9895.0,-105.0,-4.74,95.26,-4.74,952.6,-47.4,9526.0,-474.0,-17.23,82.77,-17.23,827.7,-172.3,8277.0,-1723.0,-34.0,66.0,-34.0,660.0,-340.0,6600.0,-3400.0,,,,,,,,,,,,,,,,,,,,,,
AVAV,AeroVironment,Defence,drones,NASDAQ,138.86,-3.64%,-2.36%,-6.67%,-45.80%,-65%,7.057,1.364,,1.63,2166025,7595925,49278625,,11.76,buy,1.67,-3.64,96.36,-3.64,963.6,-36.4,9636.0,-364.0,-2.36,97.64,-2.36,976.4,-23.6,9764.0,-236.0,-6.67,93.33,-6.67,933.3,-66.7,9333.0,-667.0,-45.8,54.2,-45.8,542.0,-458.0,5420.0,-4580.0,-65.0,35.0,-65.0,350.0,-650.0,3500.0,-6500.0,,,,,,,,,,,,,10,buy,0.35,"Analyst buy (score 1.6), but YTD -43.97%, 1-year -65%, high short interest 11.76%, and no P/E; a potential contrarian bet on drone demand recovery, but near-term risks are elevated.",Analyst buy (score 1.6); YTD -43.97%; High short interest 11.76%; Drone demand recovery,,,,,
KTOS,Kratos Defense,Defence,drones,NASDAQ,41.94,-4.25%,-1.76%,-12.99%,-47.11%,-59%,7.873,1.107,246.71,3.85,6305291,26232391,97265791,,6.16,strong_buy,1.36,-4.25,95.75,-4.25,957.5,-42.5,9575.0,-425.0,-1.76,98.24,-1.76,982.4,-17.6,9824.0,-176.0,-12.99,87.01,-12.99,870.1,-129.9,8701.0,-1299.0,-47.11,52.89,-47.11,528.9,-471.1,5289.0,-4711.0,-59.0,41.0,-59.0,410.0,-590.0,4100.0,-5900.0,,,,,,,,,,,,,,,,,,,,,,
RCAT,Red Cat Holdings,Defence,drones,NASDAQ,6.15,-3.30%,-4.80%,-29.27%,-32.86%,-56%,0.939,1.515,,8.25,7862662,29675462,188124462,,26.67,none,,-3.3,96.7,-3.3,967.0,-33.0,9670.0,-330.0,-4.8,95.2,-4.8,952.0,-48.0,9520.0,-480.0,-29.27,70.73,-29.27,707.3,-292.7,7073.0,-2927.0,-32.86,67.14,-32.86,671.4,-328.6,6714.0,-3286.0,-56.0,44.0,-56.0,440.0,-560.0,4400.0,-5600.0,,,,,,,,,,,,,,,,,,,,,,
TXT,Textron,Defence,drones,NYSE,73.03,-3.59%,-4.16%,-8.16%,-16.05%,-12%,12.56,0.908,13.75,1.7,2423953,9294053,43029953,11.0,4.95,buy,2.19,-3.59,96.41,-3.59,964.1,-35.9,9641.0,-359.0,-4.16,95.84,-4.16,958.4,-41.6,9584.0,-416.0,-8.16,91.84,-8.16,918.4,-81.6,9184.0,-816.0,-16.05,83.95,-16.05,839.5,-160.5,8395.0,-1605.0,-12.0,88.0,-12.0,880.0,-120.0,8800.0,-1200.0,,,,,,,,,,,,,,,,,,,,,,
SPCX,SpaceX,Defence,space,NASDAQ,167.6,-1.52%,+11.10%,+9.21%,+4.13%,+7%,2209.267,,,92.3,76951787,508544687,2154512987,,2.43,buy,1.69,-1.52,98.48,-1.52,984.8,-15.2,9848.0,-152.0,11.1,111.1,11.1,1111.0,111.0,11110.0,1110.0,9.21,109.21,9.21,1092.1,92.1,10921.0,921.0,4.13,104.13,4.13,1041.3,41.3,10413.0,413.0,7.0,107.0,7.0,1070.0,70.0,10700.0,700.0,,,,,,,,,,,,,3,strong_buy,0.75,"1W +15.20%, 1M +12.02%, analyst score 1.69 (buy), strong buy consensus with 26/32 analysts recommending buy, and Starship Flight 14 success supports growth narrative despite macro headwinds [tipranks.com](https://www.tipranks.com/news/why-space-stocks-spacex-and-rocket-lab-are-falling-today-october-7-and-what-wall-street-expects-next).",1W +15.20%; 1M +12.02%; Starship progress; Strong buy consensus,,,,,
RKLB,Rocket Lab USA,Defence,space,NASDAQ,71.92,-4.23%,+3.21%,+9.18%,-5.36%,+15%,45.987,2.938,,19.2,20411657,116700557,477438457,,7.31,buy,1.57,-4.23,95.77,-4.23,957.7,-42.3,9577.0,-423.0,3.21,103.21,3.21,1032.1,32.1,10321.0,321.0,9.18,109.18,9.18,1091.8,91.8,10918.0,918.0,-5.36,94.64,-5.36,946.4,-53.6,9464.0,-536.0,15.0,115.0,15.0,1150.0,150.0,11500.0,1500.0,,,,,,,,,,,,,2,strong_buy,0.8,"1M +13.95%, 1W +7.69%, analyst score 1.57 (buy), backlog exceeds 100 missions, and a potential NASA bulk-launch order could drive long-term revenue, despite CFO insider selling [tipranks.com](https://www.tipranks.com/news/why-space-stocks-spacex-and-rocket-lab-are-falling-today-october-7-and-what-wall-street-expects-next) [americanbankingnews.com](https://www.americanbankingnews.com/2026/10/07/rocket-lab-nasdaqrklb-stock-price-down-1-2-on-insider-selling.html).",1M +13.95%; Backlog >100 missions; NASA bulk-order catalyst; Analyst buy (score 1.57),,,,,
PL,Planet Labs,Defence,space,NYSE,17.75,-4.57%,+8.30%,-0.34%,-13.03%,+19%,6.459,2.17,,8.87,10188839,55888939,249824139,,9.68,none,,-4.57,95.43,-4.57,954.3,-45.7,9543.0,-457.0,8.3,108.3,8.3,1083.0,83.0,10830.0,830.0,-0.34,99.66,-0.34,996.6,-3.4,9966.0,-34.0,-13.03,86.97,-13.03,869.7,-130.3,8697.0,-1303.0,19.0,119.0,19.0,1190.0,190.0,11900.0,1900.0,,,,,,,,,,,,,4,buy,0.6,"1W +13.37%, 1D +5.08%, but YTD -9.02% and no analyst coverage; high beta 2.17 and short interest 9.68% add risk, yet strong short-term momentum suggests speculative upside.",1W +13.37%; 1D +5.08%; High beta 2.17; Speculative momentum,,,,,
ASTS,AST SpaceMobile,Defence,space,NASDAQ,60.65,-4.25%,+3.04%,-8.27%,-27.34%,-22%,23.603,2.706,,12.09,10741057,64034457,232198557,,21.84,hold,2.69,-4.25,95.75,-4.25,957.5,-42.5,9575.0,-425.0,3.04,103.04,3.04,1030.4,30.4,10304.0,304.0,-8.27,91.73,-8.27,917.3,-82.7,9173.0,-827.0,-27.34,72.66,-27.34,726.6,-273.4,7266.0,-2734.0,-22.0,78.0,-22.0,780.0,-220.0,7800.0,-2200.0,,,,,,,,,,,,,,,,,,,,,,
TDG,TransDigm Group,Defence,weapons,NYSE,1096.21,+1.72%,+1.26%,-4.27%,-19.31%,-14%,60.595,0.935,33.25,0.39,399434,1685234,8822334,,2.58,buy,2.09,1.72,101.72,1.72,1017.2,17.2,10172.0,172.0,1.26,101.26,1.26,1012.6,12.6,10126.0,126.0,-4.27,95.73,-4.27,957.3,-42.7,9573.0,-427.0,-19.31,80.69,-19.31,806.9,-193.1,8069.0,-1931.0,-14.0,86.0,-14.0,860.0,-140.0,8600.0,-1400.0,,,,,,,,,,,,,9,buy,0.45,"Analyst buy (score 2.09), P/E 33.46, but YTD -18.79% and 1M -3.65% reflect weak momentum; large-cap aerospace supplier with low short interest 2.58% may appeal to value-oriented investors.",Analyst buy (score 2.09); P/E 33.46; Low short interest 2.58%; Negative YTD -18.79%,,,,,
HEI,HEICO Corporation,Defence,weapons,NYSE,295.78,-2.47%,-2.44%,-6.43%,-10.12%,-5%,41.338,1.088,49.05,0.47,461703,2202403,10583403,8.0,6.55,buy,1.96,-2.47,97.53,-2.47,975.3,-24.7,9753.0,-247.0,-2.44,97.56,-2.44,975.6,-24.4,9756.0,-244.0,-6.43,93.57,-6.43,935.7,-64.3,9357.0,-643.0,-10.12,89.88,-10.12,898.8,-101.2,8988.0,-1012.0,-5.0,95.0,-5.0,950.0,-50.0,9500.0,-500.0,,,,,,,,,,,,,,,,,,,,,,
AXON,Axon Enterprise,Defence,weapons,NASDAQ,406.0,-3.14%,-3.91%,-19.67%,-27.94%,-42%,32.982,1.439,168.46,0.94,922437,5107837,24033937,,5.32,buy,1.67,-3.14,96.86,-3.14,968.6,-31.4,9686.0,-314.0,-3.91,96.09,-3.91,960.9,-39.1,9609.0,-391.0,-19.67,80.33,-19.67,803.3,-196.7,8033.0,-1967.0,-27.94,72.06,-27.94,720.6,-279.4,7206.0,-2794.0,-42.0,58.0,-42.0,580.0,-420.0,5800.0,-4200.0,,,,,,,,,,,,,,,,,,,,,,
OLN,Olin Corporation,Defence,weapons,NYSE,15.92,-2.63%,+2.71%,-11.01%,-24.15%,-37%,1.815,1.226,,3.3,3963909,38842009,83673209,494.0,13.14,hold,2.87,-2.63,97.37,-2.63,973.7,-26.3,9737.0,-263.0,2.71,102.71,2.71,1027.1,27.1,10271.0,271.0,-11.01,88.99,-11.01,889.9,-110.1,8899.0,-1101.0,-24.15,75.85,-24.15,758.5,-241.5,7585.0,-2415.0,-37.0,63.0,-37.0,630.0,-370.0,6300.0,-3700.0,,,,,,,,,,,,,,,,,,,,,,
MRCY,Mercury Systems,Defence,weapons,NASDAQ,79.75,-3.78%,-3.92%,-4.45%,+4.89%,-1%,4.853,0.977,,0.7,432763,2548563,14382263,,9.57,none,,-3.78,96.22,-3.78,962.2,-37.8,9622.0,-378.0,-3.92,96.08,-3.92,960.8,-39.2,9608.0,-392.0,-4.45,95.55,-4.45,955.5,-44.5,9555.0,-445.0,4.89,104.89,4.89,1048.9,48.9,10489.0,489.0,-1.0,99.0,-1.0,990.0,-10.0,9900.0,-100.0,,,,,,,,,,,,,8,buy,0.5,"YTD +8.90%, but no P/E (negative earnings), high short interest 9.57%, and no analyst coverage; recent 1M -0.79% and 1W +0.19% show stagnation, making it a high-risk turnaround play.",YTD +8.90%; High short interest 9.57%; No P/E; Stagnant momentum,,,,,
DRS,Leonardo DRS,Defence,weapons,NYSE,35.78,-2.77%,-2.32%,-3.14%,+3.49%,-19%,9.55,0.16,30.07,0.88,1413777,4161877,21187377,98.0,1.28,none,,-2.77,97.23,-2.77,972.3,-27.7,9723.0,-277.0,-2.32,97.68,-2.32,976.8,-23.2,9768.0,-232.0,-3.14,96.86,-3.14,968.6,-31.4,9686.0,-314.0,3.49,103.49,3.49,1034.9,34.9,10349.0,349.0,-19.0,81.0,-19.0,810.0,-190.0,8100.0,-1900.0,,,,,,,,,,,,,7,buy,0.55,"YTD +6.39%, low beta 0.16, short interest 1.28%, P/E 30.65, but no analyst coverage and low momentum (1M -0.43%); stable defence electronics exposure offers downside protection.",YTD +6.39%; Low beta 0.16; Low short interest 1.28%; Defence electronics,,,,,
XOM,ExxonMobil,Energy,oil-majors,NYSE,164.05,-0.28%,+0.80%,+2.11%,+36.44%,+44%,674.559,0.209,21.11,14.11,9439618,54190618,297288918,250.0,1.08,buy,2.4,-0.28,99.72,-0.28,997.2,-2.8,9972.0,-28.0,0.8,100.8,0.8,1008.0,8.0,10080.0,80.0,2.11,102.11,2.11,1021.1,21.1,10211.0,211.0,36.44,136.44,36.44,1364.4,364.4,13644.0,3644.0,44.0,144.0,44.0,1440.0,440.0,14400.0,4400.0,,,,,,,,,,,,,4,strong_buy,0.8,"XOM has +36.8% YTD, P/E 21.17, dividend yield 2.5%, and Morgan Stanley sees potential to break record high, supported by strong fundamentals and low beta 0.209.",+36.8% YTD; Morgan Stanley record high view; dividend yield 2.5%; low beta 0.209,,,,,
CVX,Chevron,Energy,oil-majors,NYSE,205.15,-1.18%,+0.46%,-2.22%,+35.27%,+35%,402.423,0.523,19.74,8.32,5701575,30285075,208644475,343.0,1.06,buy,1.72,-1.18,98.82,-1.18,988.2,-11.8,9882.0,-118.0,0.46,100.46,0.46,1004.6,4.6,10046.0,46.0,-2.22,97.78,-2.22,977.8,-22.2,9778.0,-222.0,35.27,135.27,35.27,1352.7,352.7,13527.0,3527.0,35.0,135.0,35.0,1350.0,350.0,13500.0,3500.0,,,,,,,,,,,,,5,buy,0.75,"CVX has +36.87% YTD, P/E 19.98, highest dividend yield 3.43% among majors, and best analyst score 1.72, though 1M momentum is slightly negative.",+36.87% YTD; dividend yield 3.43%; analyst score 1.72; P/E 19.98,,,,,
SHEL,Shell,Energy,oil-majors,NYSE,96.85,-1.17%,+1.89%,+1.61%,+31.90%,+32%,275.788,-0.192,10.69,6.41,4925662,36870079,142192503,320.0,1.24,buy,2.19,-1.17,98.83,-1.17,988.3,-11.7,9883.0,-117.0,1.89,101.89,1.89,1018.9,18.9,10189.0,189.0,1.61,101.61,1.61,1016.1,16.1,10161.0,161.0,31.9,131.9,31.9,1319.0,319.0,13190.0,3190.0,32.0,132.0,32.0,1320.0,320.0,13200.0,3200.0,,,,,,,,,,,,,3,strong_buy,0.85,"SHEL has record refining margin of $42/bbl in Q3 (vs $24 Q2), P/E 10.77, dividend yield 3.2%, and +32% YTD with strong momentum and positive news from Middle East conflict.",record $42/bbl refining margin; P/E 10.77; dividend yield 3.2%; +32% YTD,,,,,
BP,BP p.l.c.,Energy,oil-majors,NYSE,44.51,-1.11%,+1.18%,-0.82%,+28.84%,+30%,114.64,-0.196,21.71,8.77,6335960,47468860,205962760,448.0,0.28,buy,2.16,-1.11,98.89,-1.11,988.9,-11.1,9889.0,-111.0,1.18,101.18,1.18,1011.8,11.8,10118.0,118.0,-0.82,99.18,-0.82,991.8,-8.2,9918.0,-82.0,28.84,128.84,28.84,1288.4,288.4,12884.0,2884.0,30.0,130.0,30.0,1300.0,300.0,13000.0,3000.0,,,,,,,,,,,,,6,buy,0.7,"BP has +30.29% YTD, P/E 21.96, dividend yield 4.48%, low short interest 0.28%, and positive 1W momentum +3.42%.",dividend yield 4.48%; low short interest 0.28%; +30.29% YTD; +3.42% 1W,,,,,
TTE,TotalEnergies,Energy,oil-majors,NYSE,84.23,+0.30%,-1.49%,-5.41%,+29.51%,+42%,185.936,0.092,10.54,1.66,1924317,13843317,38251617,481.0,0.22,buy,1.86,0.3,100.3,0.3,1003.0,3.0,10030.0,30.0,-1.49,98.51,-1.49,985.1,-14.9,9851.0,-149.0,-5.41,94.59,-5.41,945.9,-54.1,9459.0,-541.0,29.51,129.51,29.51,1295.1,295.1,12951.0,2951.0,42.0,142.0,42.0,1420.0,420.0,14200.0,4200.0,,,,,,,,,,,,,,,,,,,,,,
EQNR,Equinor,Energy,oil-majors,NYSE,41.61,-3.26%,+0.02%,-4.10%,+75.19%,+75%,98.58,-0.661,11.37,3.49,4457638,19222838,86855138,363.0,2.39,hold,3.0,-3.26,96.74,-3.26,967.4,-32.6,9674.0,-326.0,0.02,100.02,0.02,1000.2,0.2,10002.0,2.0,-4.1,95.9,-4.1,959.0,-41.0,9590.0,-410.0,75.19,175.19,75.19,1751.9,751.9,17519.0,7519.0,75.0,175.0,75.0,1750.0,750.0,17500.0,7500.0,,,,,,,,,,,,,8,buy,0.6,"EQNR has +81.09% YTD, P/E 11.56, dividend yield 3.63%, and strong 1W momentum +4.04%, but analyst hold and high short interest 2.39% temper confidence.",+81.09% YTD; P/E 11.56; dividend yield 3.63%; +4.04% 1W,,,,,
COP,ConocoPhillips,Energy,ep-refining,NYSE,129.84,+0.38%,+3.75%,-3.85%,+37.23%,+38%,155.981,0.244,17.2,6.66,4774951,27636851,148432151,260.0,1.34,buy,1.79,0.38,100.38,0.38,1003.8,3.8,10038.0,38.0,3.75,103.75,3.75,1037.5,37.5,10375.0,375.0,-3.85,96.15,-3.85,961.5,-38.5,9615.0,-385.0,37.23,137.23,37.23,1372.3,372.3,13723.0,3723.0,38.0,138.0,38.0,1380.0,380.0,13800.0,3800.0,,,,,,,,,,,,,,,,,,,,,,
OXY,Occidental Petroleum,Energy,ep-refining,NYSE,58.21,-0.27%,+5.22%,-3.58%,+39.28%,+30%,58.189,0.245,16.54,8.65,7092290,43494690,205670190,192.0,2.96,buy,2.23,-0.27,99.73,-0.27,997.3,-2.7,9973.0,-27.0,5.22,105.22,5.22,1052.2,52.2,10522.0,522.0,-3.58,96.42,-3.58,964.2,-35.8,9642.0,-358.0,39.28,139.28,39.28,1392.8,392.8,13928.0,3928.0,30.0,130.0,30.0,1300.0,300.0,13000.0,3000.0,,,,,,,,,,,,,9,buy,0.65,"OXY has +39.57% YTD, P/E 16.57, dividend yield 1.92%, and strong 1W momentum +6.17%, though 1M is negative and short interest is 2.96%.",+39.57% YTD; +6.17% 1W; P/E 16.57; analyst buy,,,,,
EOG,EOG Resources,Energy,ep-refining,NYSE,144.21,-0.05%,+4.68%,-0.79%,+37.79%,+31%,75.642,0.371,11.22,3.07,2041336,14140536,71567536,283.0,3.3,buy,2.34,-0.05,99.95,-0.05,999.5,-0.5,9995.0,-5.0,4.68,104.68,4.68,1046.8,46.8,10468.0,468.0,-0.79,99.21,-0.79,992.1,-7.9,9921.0,-79.0,37.79,137.79,37.79,1377.9,377.9,13779.0,3779.0,31.0,131.0,31.0,1310.0,310.0,13100.0,3100.0,,,,,,,,,,,,,7,buy,0.7,"EOG has +37.85% YTD, P/E 11.23, dividend yield 2.83%, and strong 1W momentum +3.31% with analyst buy consensus.",+37.85% YTD; P/E 11.23; dividend yield 2.83%; +3.31% 1W,,,,,
MPC,Marathon Petroleum,Energy,ep-refining,NYSE,442.26,+2.13%,+11.85%,+11.18%,+170.92%,+129%,124.198,0.541,15.31,2.53,1923373,9899773,64085673,93.0,3.19,buy,2.37,2.13,102.13,2.13,1021.3,21.3,10213.0,213.0,11.85,111.85,11.85,1118.5,118.5,11185.0,1185.0,11.18,111.18,11.18,1111.8,111.8,11118.0,1118.0,170.92,270.92,170.92,2709.2,1709.2,27092.0,17092.0,129.0,229.0,129.0,2290.0,1290.0,22900.0,12900.0,,,,,,,,,,,,,2,buy,0.852,"MPC leads with +165% YTD, +10.29% 1W, P/E 15.01, and tight refining capacity supporting earnings, but high short interest of 3.19% signals caution.",+165% YTD; +10.29% 1W; P/E 15.01; tight refining capacity,,,,,
VLO,Valero Energy,Energy,ep-refining,NYSE,424.1,+1.16%,+9.41%,+10.77%,+160.35%,+158%,122.111,0.592,17.68,3.04,1826747,11543647,82946547,115.0,3.91,buy,2.4,1.16,101.16,1.16,1011.6,11.6,10116.0,116.0,9.41,109.41,9.41,1094.1,94.1,10941.0,941.0,10.77,110.77,10.77,1107.7,107.7,11077.0,1077.0,160.35,260.35,160.35,2603.5,1603.5,26035.0,16035.0,158.0,258.0,158.0,2580.0,1580.0,25800.0,15800.0,,,,,,,,,,,,,1,buy,0.813,"VLO has +157% YTD, P/E 17.48, and strong refining margins driven by Middle East conflict, with 48.2% 3-month return and analyst buy consensus, though some see 16% overvaluation at $419.",+157% YTD; record refining margins; 48.2% 3-month return; analyst buy,,,,,
SLB,SLB (Schlumberger),Energy,oilfield-services,NYSE,47.96,-3.62%,-1.56%,-16.01%,+21.26%,+47%,71.18,0.839,23.17,12.68,14872321,61650921,305366121,236.0,4.67,buy,1.6,-3.62,96.38,-3.62,963.8,-36.2,9638.0,-362.0,-1.56,98.44,-1.56,984.4,-15.6,9844.0,-156.0,-16.01,83.99,-16.01,839.9,-160.1,8399.0,-1601.0,21.26,121.26,21.26,1212.6,212.6,12126.0,2126.0,47.0,147.0,47.0,1470.0,470.0,14700.0,4700.0,,,,,,,,,,,,,,,,,,,,,,
HAL,Halliburton,Energy,oilfield-services,NYSE,31.75,-2.61%,-0.16%,-13.72%,+8.74%,+37%,26.452,0.839,16.71,11.1,11229274,44910974,225327474,208.0,5.67,buy,1.75,-2.61,97.39,-2.61,973.9,-26.1,9739.0,-261.0,-0.16,99.84,-0.16,998.4,-1.6,9984.0,-16.0,-13.72,86.28,-13.72,862.8,-137.2,8628.0,-1372.0,8.74,108.74,8.74,1087.4,87.4,10874.0,874.0,37.0,137.0,37.0,1370.0,370.0,13700.0,3700.0,,,,,,,,,,,,,,,,,,,,,,
BKR,Baker Hughes,Energy,oilfield-services,NASDAQ,55.41,-3.52%,+0.93%,-13.31%,+18.82%,+19%,55.004,1.035,17.82,7.98,5465598,27473698,180287498,161.0,2.83,buy,1.68,-3.52,96.48,-3.52,964.8,-35.2,9648.0,-352.0,0.93,100.93,0.93,1009.3,9.3,10093.0,93.0,-13.31,86.69,-13.31,866.9,-133.1,8669.0,-1331.0,18.82,118.82,18.82,1188.2,188.2,11882.0,1882.0,19.0,119.0,19.0,1190.0,190.0,11900.0,1900.0,,,,,,,,,,,,,,,,,,,,,,
NEE,NextEra Energy,Energy,utilities,NYSE,77.06,-1.62%,+1.74%,-8.08%,-2.70%,-7%,160.745,0.639,17.32,11.31,10598021,76117921,280689721,320.0,2.71,buy,1.9,-1.62,98.38,-1.62,983.8,-16.2,9838.0,-162.0,1.74,101.74,1.74,1017.4,17.4,10174.0,174.0,-8.08,91.92,-8.08,919.2,-80.8,9192.0,-808.0,-2.7,97.3,-2.7,973.0,-27.0,9730.0,-270.0,-7.0,93.0,-7.0,930.0,-70.0,9300.0,-700.0,,,,,,,,,,,,,,,,,,,,,,
SSE.L,SSE plc,Energy,utilities,LSE,32.48,-0.53%,-1.28%,+2.37%,+10.24%,+39%,0.395,0.56,23.42,2.66,22,10365668,55841805,278.0,,buy,1.94,-0.53,99.47,-0.53,994.7,-5.3,9947.0,-53.0,-1.28,98.72,-1.28,987.2,-12.8,9872.0,-128.0,2.37,102.37,2.37,1023.7,23.7,10237.0,237.0,10.24,110.24,10.24,1102.4,102.4,11024.0,1024.0,39.0,139.0,39.0,1390.0,390.0,13900.0,3900.0,,,,,,,,,,,,,10,buy,0.5,"SSE.L has +10.82% YTD, P/E 23.54, dividend yield 2.78%, and positive 1M momentum +2.91% with analyst buy, offering stable utility exposure.",+10.82% YTD; dividend yield 2.78%; +2.91% 1M; analyst buy,,,,,
ENPH,Enphase Energy,Energy,clean-energy,NASDAQ,33.5,-1.33%,+1.55%,-13.73%,-0.74%,-6%,4.427,1.633,33.5,4.42,3388482,20892882,104713482,,21.74,buy,2.31,-1.33,98.67,-1.33,986.7,-13.3,9867.0,-133.0,1.55,101.55,1.55,1015.5,15.5,10155.0,155.0,-13.73,86.27,-13.73,862.7,-137.3,8627.0,-1373.0,-0.74,99.26,-0.74,992.6,-7.4,9926.0,-74.0,-6.0,94.0,-6.0,940.0,-60.0,9400.0,-600.0,,,,,,,,,,,,,,,,,,,,,,
FSLR,First Solar,Energy,clean-energy,NASDAQ,180.13,-0.20%,+2.84%,-15.53%,-34.34%,-22%,19.359,1.794,11.11,2.26,2069681,9825381,53850881,,12.8,buy,1.86,-0.2,99.8,-0.2,998.0,-2.0,9980.0,-20.0,2.84,102.84,2.84,1028.4,28.4,10284.0,284.0,-15.53,84.47,-15.53,844.7,-155.3,8447.0,-1553.0,-34.34,65.66,-34.34,656.6,-343.4,6566.0,-3434.0,-22.0,78.0,-22.0,780.0,-220.0,7800.0,-2200.0,,,,,,,,,,,,,,,,,,,,,,
BEPC,Brookfield Renewable Corp,Energy,clean-energy,NYSE,29.51,+0.37%,+4.57%,-9.37%,-23.69%,-24%,5.478,1.148,,1.8,2012068,11123168,42204768,529.0,,hold,2.86,0.37,100.37,0.37,1003.7,3.7,10037.0,37.0,4.57,104.57,4.57,1045.7,45.7,10457.0,457.0,-9.37,90.63,-9.37,906.3,-93.7,9063.0,-937.0,-23.69,76.31,-23.69,763.1,-236.9,7631.0,-2369.0,-24.0,76.0,-24.0,760.0,-240.0,7600.0,-2400.0,,,,,,,,,,,,,,,,,,,,,,
DNNGY,Ørsted,Energy,clean-energy,NASDAQ,6.49,-2.99%,-3.99%,-9.36%,-2.63%,-71%,25.721,0.576,,0.12,16006,705406,3379206,,,strong_buy,1.0,-2.99,97.01,-2.99,970.1,-29.9,9701.0,-299.0,-3.99,96.01,-3.99,960.1,-39.9,9601.0,-399.0,-9.36,90.64,-9.36,906.4,-93.6,9064.0,-936.0,-2.63,97.37,-2.63,973.7,-26.3,9737.0,-263.0,-71.0,29.0,-71.0,290.0,-710.0,2900.0,-7100.0,,,,,,,,,,,,,,,,,,,,,,
AAPL,Apple,MegaCap,big-tech,NASDAQ,337,+0.84%,+1.10%,+6.47%,+24.57%,+29%,4913.423,1.069,38.61,45.52,33380854,167815654,903341054,32.0,0.88,buy,2.2,0.84,100.84,0.84,1008.4,8.4,10084.0,84.0,1.1,101.1,1.1,1011.0,11.0,10110.0,110.0,6.47,106.47,6.47,1064.7,64.7,10647.0,647.0,24.57,124.57,24.57,1245.7,245.7,12457.0,2457.0,29.0,129.0,29.0,1290.0,290.0,12900.0,2900.0,,,,,,,,,,,,,8,buy,0.7,"YTD +23.44%, 1M +5.51%, P/E 38.26, buy consensus, with steady mega-cap performance and low short interest (0.88%); lacks immediate catalyst but remains a core AI/consumer device beneficiary.",+23.44% YTD; Low short interest 0.88%; Stable mega-cap anchor; P/E 38.26 above sector,,,,,
MSFT,Microsoft,MegaCap,big-tech,NASDAQ,530,+0.03%,+3.29%,+7.25%,+12.72%,+1%,3933.757,1.099,29.51,28.0,16040951,101307451,470750351,74.0,0.91,strong_buy,1.29,0.03,100.03,0.03,1000.3,0.3,10003.0,3.0,3.29,103.29,3.29,1032.9,32.9,10329.0,329.0,7.25,107.25,7.25,1072.5,72.5,10725.0,725.0,12.72,112.72,12.72,1127.2,127.2,11272.0,1272.0,1.0,101.0,1.0,1010.0,10.0,10100.0,100.0,,,,,,,,,,,,,4,strong_buy,0.86,"YTD +12.63%, 1M +7.16%, P/E 29.49, strong_buy consensus with best-in-class analyst score (1.29), benefiting from cloud AI and custom chip investments across hyperscalers.",P/E 29.49 below mega-cap peers; strong_buy rating (1.29 an_score); +7.16% 1-month gain; Azure/AI infrastructure tailwind,,,,,
NVDA,NVIDIA,MegaCap,big-tech,NASDAQ,237,-1.21%,+3.98%,+5.32%,+26.04%,+27%,5734.188,2.216,30.02,122.54,81027431,543660031,2373867531,42.0,1.27,strong_buy,1.3,-1.21,98.79,-1.21,987.9,-12.1,9879.0,-121.0,3.98,103.98,3.98,1039.8,39.8,10398.0,398.0,5.32,105.32,5.32,1053.2,53.2,10532.0,532.0,26.04,126.04,26.04,1260.4,260.4,12604.0,2604.0,27.0,127.0,27.0,1270.0,270.0,12700.0,2700.0,,,,,,,,,,,,,2,strong_buy,0.9,"YTD +26.98%, P/E 30.25, strong_buy consensus, with SpaceX's $40B Nvidia chip deal and additional GPU demand from agents like Muse estimated to generate $7B–$19B in hardware revenue [tipranks.com](https://www.tipranks.com/news/nvidia-and-amd-stocks-what-drove-the-rally-and-which-stock-has-more-upside).",+26.98% YTD; P/E 30.25 attractive; strong_buy rating; Agent-driven GPU demand catalyst,,,,,
GOOGL,Alphabet,MegaCap,big-tech,NASDAQ,350,+0.75%,+1.87%,+3.59%,+11.43%,+42%,4286.592,1.211,17.59,27.01,20474140,121861740,589065240,25.0,1.49,strong_buy,1.38,0.75,100.75,0.75,1007.5,7.5,10075.0,75.0,1.87,101.87,1.87,1018.7,18.7,10187.0,187.0,3.59,103.59,3.59,1035.9,35.9,10359.0,359.0,11.43,111.43,11.43,1114.3,114.3,11143.0,1143.0,42.0,142.0,42.0,1420.0,420.0,14200.0,4200.0,,,,,,,,,,,,,,,,,,,,,,
META,Meta Platforms,MegaCap,big-tech,NASDAQ,721,-2.59%,-0.53%,+17.67%,+11.19%,+3%,1837.542,1.185,27.18,19.24,12743601,65894501,497873301,28.0,1.41,strong_buy,1.41,-2.59,97.41,-2.59,974.1,-25.9,9741.0,-259.0,-0.53,99.47,-0.53,994.7,-5.3,9947.0,-53.0,17.67,117.67,17.67,1176.7,176.7,11767.0,1767.0,11.19,111.19,11.19,1111.9,111.9,11119.0,1119.0,3.0,103.0,3.0,1030.0,30.0,10300.0,300.0,,,,,,,,,,,,,3,strong_buy,0.88,"1M +20.54%, YTD +13.89%, P/E 27.96, strong_buy consensus, with the Muse AI agent topping the App Store and driving $7B–$19B in potential Nvidia revenue, highlighting Meta's AI monetization [tipranks.com](https://www.tipranks.com/news/amd-nvidia-or-meta-which-ai-stock-is-citis-top-pick-no-1-analyst-weighs-in).",+20.54% 1-month momentum; P/E 27.96 reasonable; Muse AI agent catalyst; strong_buy analyst rating,,,,,
AMZN,Amazon,MegaCap,big-tech,NASDAQ,260,+1.14%,+4.32%,+1.15%,+14.75%,+14%,2803.579,1.456,20.91,39.07,34897703,174969703,781177703,,0.83,strong_buy,1.32,1.14,101.14,1.14,1011.4,11.4,10114.0,114.0,4.32,104.32,4.32,1043.2,43.2,10432.0,432.0,1.15,101.15,1.15,1011.5,11.5,10115.0,115.0,14.75,114.75,14.75,1147.5,147.5,11475.0,1475.0,14.0,114.0,14.0,1140.0,140.0,11400.0,1400.0,,,,,,,,,,,,,,,,,,,,,,
TSLA,Tesla,MegaCap,big-tech,NASDAQ,378,-0.54%,+6.48%,+2.62%,-13.76%,-13%,1492.179,1.916,349.82,37.8,25496215,181875215,792855515,,1.95,buy,2.35,-0.54,99.46,-0.54,994.6,-5.4,9946.0,-54.0,6.48,106.48,6.48,1064.8,64.8,10648.0,648.0,2.62,102.62,2.62,1026.2,26.2,10262.0,262.0,-13.76,86.24,-13.76,862.4,-137.6,8624.0,-1376.0,-13.0,87.0,-13.0,870.0,-130.0,8700.0,-1300.0,,,,,,,,,,,,,,,,,,,,,,
NFLX,Netflix,MegaCap,big-tech,NASDAQ,70,+0.88%,+0.17%,-9.21%,-23.40%,-43%,290.227,1.613,21.92,37.05,29990515,182309915,778060415,,2.28,buy,1.8,0.88,100.88,0.88,1008.8,8.8,10088.0,88.0,0.17,100.17,0.17,1001.7,1.7,10017.0,17.0,-9.21,90.79,-9.21,907.9,-92.1,9079.0,-921.0,-23.4,76.6,-23.4,766.0,-234.0,7660.0,-2340.0,-43.0,57.0,-43.0,570.0,-430.0,5700.0,-4300.0,,,,,,,,,,,,,,,,,,,,,,
JPM,JPMorgan Chase,MegaCap,financials,NYSE,330,-0.70%,+0.12%,-6.30%,+3.21%,+9%,876.085,1.015,14.12,7.6,6651143,33102243,181538243,199.0,0.91,buy,2.08,-0.7,99.3,-0.7,993.0,-7.0,9930.0,-70.0,0.12,100.12,0.12,1001.2,1.2,10012.0,12.0,-6.3,93.7,-6.3,937.0,-63.0,9370.0,-630.0,3.21,103.21,3.21,1032.1,32.1,10321.0,321.0,9.0,109.0,9.0,1090.0,90.0,10900.0,900.0,,,,,,,,,,,,,,,,,,,,,,
BAC,Bank of America,MegaCap,financials,NYSE,54,-1.21%,-1.67%,-14.22%,-2.81%,+9%,374.252,1.214,12.36,33.36,30899513,186403113,843531113,237.0,1.19,strong_buy,1.5,-1.21,98.79,-1.21,987.9,-12.1,9879.0,-121.0,-1.67,98.33,-1.67,983.3,-16.7,9833.0,-167.0,-14.22,85.78,-14.22,857.8,-142.2,8578.0,-1422.0,-2.81,97.19,-2.81,971.9,-28.1,9719.0,-281.0,9.0,109.0,9.0,1090.0,90.0,10900.0,900.0,,,,,,,,,,,,,,,,,,,,,,
BRK-B,Berkshire Hathaway B,MegaCap,financials,NYSE,506,+0.01%,+1.67%,+0.08%,+1.89%,+1%,1083.734,0.595,12.73,4.31,3463136,19063136,100442236,,1.0,buy,2.0,0.01,100.01,0.01,1000.1,0.1,10001.0,1.0,1.67,101.67,1.67,1016.7,16.7,10167.0,167.0,0.08,100.08,0.08,1000.8,0.8,10008.0,8.0,1.89,101.89,1.89,1018.9,18.9,10189.0,189.0,1.0,101.0,1.0,1010.0,10.0,10100.0,100.0,,,,,,,,,,,,,,,,,,,,,,
V,Visa,MegaCap,financials,NYSE,372,+0.38%,+3.55%,+0.94%,+8.04%,+5%,698.564,0.771,31.67,6.61,4446146,21783746,130458746,72.0,1.09,strong_buy,1.45,0.38,100.38,0.38,1003.8,3.8,10038.0,38.0,3.55,103.55,3.55,1035.5,35.5,10355.0,355.0,0.94,100.94,0.94,1009.4,9.4,10094.0,94.0,8.04,108.04,8.04,1080.4,80.4,10804.0,804.0,5.0,105.0,5.0,1050.0,50.0,10500.0,500.0,,,,,,,,,,,,,,,,,,,,,,
MA,Mastercard,MegaCap,financials,NYSE,570,+0.54%,+3.37%,-0.15%,+1.73%,-2%,499.378,0.76,31.25,2.84,1862680,11900780,59849180,61.0,0.83,strong_buy,1.43,0.54,100.54,0.54,1005.4,5.4,10054.0,54.0,3.37,103.37,3.37,1033.7,33.7,10337.0,337.0,-0.15,99.85,-0.15,998.5,-1.5,9985.0,-15.0,1.73,101.73,1.73,1017.3,17.3,10173.0,173.0,-2.0,98.0,-2.0,980.0,-20.0,9800.0,-200.0,,,,,,,,,,,,,,,,,,,,,,
GS,Goldman Sachs,MegaCap,financials,NYSE,887,+0.00%,-1.46%,-14.41%,-1.55%,+16%,258.33,1.284,13.7,2.0,2388334,10522634,47742934,223.0,2.39,hold,2.6,0.0,100.0,0.0,1000.0,0.0,10000.0,0.0,-1.46,98.54,-1.46,985.4,-14.6,9854.0,-146.0,-14.41,85.59,-14.41,855.9,-144.1,8559.0,-1441.0,-1.55,98.45,-1.55,984.5,-15.5,9845.0,-155.0,16.0,116.0,16.0,1160.0,160.0,11600.0,1600.0,,,,,,,,,,,,,,,,,,,,,,
BLK,BlackRock,MegaCap,financials,NYSE,1070,-1.14%,+1.07%,-2.35%,+0.20%,-7%,173.789,1.421,25.6,0.63,385524,2625424,11659924,212.0,1.34,strong_buy,1.44,-1.14,98.86,-1.14,988.6,-11.4,9886.0,-114.0,1.07,101.07,1.07,1010.7,10.7,10107.0,107.0,-2.35,97.65,-2.35,976.5,-23.5,9765.0,-235.0,0.2,100.2,0.2,1002.0,2.0,10020.0,20.0,-7.0,93.0,-7.0,930.0,-70.0,9300.0,-700.0,,,,,,,,,,,,,,,,,,,,,,
LLY,Eli Lilly,MegaCap,healthcare,NYSE,1189,+2.51%,+2.73%,+5.77%,+10.56%,+52%,,,,,2297239,10629639,49298839,,,,,2.51,102.51,2.51,1025.1,25.1,10251.0,251.0,2.73,102.73,2.73,1027.3,27.3,10273.0,273.0,5.77,105.77,5.77,1057.7,57.7,10577.0,577.0,10.56,110.56,10.56,1105.6,105.6,11056.0,1056.0,52.0,152.0,52.0,1520.0,520.0,15200.0,5200.0,,,,,,,,,,,,,,,,,,,,,,
UNH,UnitedHealth Group,MegaCap,healthcare,NYSE,376,-0.05%,+2.42%,-5.62%,+13.98%,+2%,337.478,0.615,24.18,4.88,5620541,23728941,112597241,247.0,1.64,buy,1.58,-0.05,99.95,-0.05,999.5,-0.5,9995.0,-5.0,2.42,102.42,2.42,1024.2,24.2,10242.0,242.0,-5.62,94.38,-5.62,943.8,-56.2,9438.0,-562.0,13.98,113.98,13.98,1139.8,139.8,11398.0,1398.0,2.0,102.0,2.0,1020.0,20.0,10200.0,200.0,,,,,,,,,,,,,,,,,,,,,,
JNJ,Johnson & Johnson,MegaCap,healthcare,NYSE,258,+1.33%,-2.38%,-3.96%,+26.65%,+34%,622.838,0.206,29.95,7.04,5277426,40194626,148295526,210.0,0.98,buy,1.91,1.33,101.33,1.33,1013.3,13.3,10133.0,133.0,-2.38,97.62,-2.38,976.2,-23.8,9762.0,-238.0,-3.96,96.04,-3.96,960.4,-39.6,9604.0,-396.0,26.65,126.65,26.65,1266.5,266.5,12665.0,2665.0,34.0,134.0,34.0,1340.0,340.0,13400.0,3400.0,,,,,,,,,,,,,,,,,,,,,,
ABBV,AbbVie,MegaCap,healthcare,NYSE,271,+1.75%,+3.73%,+9.08%,+21.14%,+15%,479.525,0.228,76.44,4.86,5475359,27269359,98319959,259.0,1.23,buy,1.7,1.75,101.75,1.75,1017.5,17.5,10175.0,175.0,3.73,103.73,3.73,1037.3,37.3,10373.0,373.0,9.08,109.08,9.08,1090.8,90.8,10908.0,908.0,21.14,121.14,21.14,1211.4,211.4,12114.0,2114.0,15.0,115.0,15.0,1150.0,150.0,11500.0,1500.0,,,,,,,,,,,,,7,buy,0.72,"YTD +19.05%, 1M +7.20%, P/E 75.34 but supported by high dividend yield (259bps) and low beta (0.228); analyst consensus buy, with resilient pharma earnings and GLP-1 pipeline optionality.",+19.05% YTD; +7.20% 1-month momentum; High dividend yield 2.59%; Low beta defensive profile,,,,,
MRK,Merck,MegaCap,healthcare,NYSE,143,+0.71%,-1.73%,-3.25%,+36.91%,+64%,352.287,0.222,113.33,9.79,6348796,41414296,216112296,240.0,1.4,buy,1.78,0.71,100.71,0.71,1007.1,7.1,10071.0,71.0,-1.73,98.27,-1.73,982.7,-17.3,9827.0,-173.0,-3.25,96.75,-3.25,967.5,-32.5,9675.0,-325.0,36.91,136.91,36.91,1369.1,369.1,13691.0,3691.0,64.0,164.0,64.0,1640.0,640.0,16400.0,6400.0,,,,,,,,,,,,,,,,,,,,,,
TMO,Thermo Fisher Scientific,MegaCap,healthcare,NYSE,662,+0.83%,-1.92%,+9.87%,+12.05%,+22%,244.795,0.877,35.63,2.07,1820873,10736473,51708173,29.0,1.36,strong_buy,1.48,0.83,100.83,0.83,1008.3,8.3,10083.0,83.0,-1.92,98.08,-1.92,980.8,-19.2,9808.0,-192.0,9.87,109.87,9.87,1098.7,98.7,10987.0,987.0,12.05,112.05,12.05,1120.5,120.5,11205.0,1205.0,22.0,122.0,22.0,1220.0,220.0,12200.0,2200.0,,,,,,,,,,,,,10,buy,0.6,"YTD +11.12%, 1M +8.97%, P/E 36.42, analyst buy, with momentum from life sciences tools demand; recent 1W pullback (-3.39%) offers entry while fundamentals remain solid.",+8.97% 1-month momentum; Buy analyst consensus; P/E 36.42 moderate; Life sciences secular growth,,,,,
ABT,Abbott Laboratories,MegaCap,healthcare,NYSE,99,+0.34%,-0.10%,-6.43%,-19.02%,-27%,170.841,0.583,31.85,9.57,9031212,49164112,201220412,257.0,1.29,strong_buy,1.46,0.34,100.34,0.34,1003.4,3.4,10034.0,34.0,-0.1,99.9,-0.1,999.0,-1.0,9990.0,-10.0,-6.43,93.57,-6.43,935.7,-64.3,9357.0,-643.0,-19.02,80.98,-19.02,809.8,-190.2,8098.0,-1902.0,-27.0,73.0,-27.0,730.0,-270.0,7300.0,-2700.0,,,,,,,,,,,,,,,,,,,,,,
PG,Procter & Gamble,MegaCap,consumer,NYSE,148,-0.40%,+1.75%,+1.54%,+6.57%,-2%,343.337,0.377,22.33,8.6,8662344,42602444,183146144,293.0,1.04,buy,2.12,-0.4,99.6,-0.4,996.0,-4.0,9960.0,-40.0,1.75,101.75,1.75,1017.5,17.5,10175.0,175.0,1.54,101.54,1.54,1015.4,15.4,10154.0,154.0,6.57,106.57,6.57,1065.7,65.7,10657.0,657.0,-2.0,98.0,-2.0,980.0,-20.0,9800.0,-200.0,,,,,,,,,,,,,,,,,,,,,,
KO,Coca-Cola,MegaCap,consumer,NYSE,86,-0.69%,-0.30%,-2.30%,+26.57%,+30%,369.245,0.318,25.77,15.87,12951290,89302390,349684590,246.0,0.95,buy,1.75,-0.69,99.31,-0.69,993.1,-6.9,9931.0,-69.0,-0.3,99.7,-0.3,997.0,-3.0,9970.0,-30.0,-2.3,97.7,-2.3,977.0,-23.0,9770.0,-230.0,26.57,126.57,26.57,1265.7,265.7,12657.0,2657.0,30.0,130.0,30.0,1300.0,300.0,13000.0,3000.0,,,,,,,,,,,,,,,,,,,,,,
PEP,PepsiCo,MegaCap,consumer,NASDAQ,124,-1.68%,-2.36%,-10.63%,-10.36%,-9%,169.015,0.364,16.22,8.16,13263972,46738172,210328872,471.0,2.11,hold,2.75,-1.68,98.32,-1.68,983.2,-16.8,9832.0,-168.0,-2.36,97.64,-2.36,976.4,-23.6,9764.0,-236.0,-10.63,89.37,-10.63,893.7,-106.3,8937.0,-1063.0,-10.36,89.64,-10.36,896.4,-103.6,8964.0,-1036.0,-9.0,91.0,-9.0,910.0,-90.0,9100.0,-900.0,,,,,,,,,,,,,,,,,,,,,,
MCD,McDonald's,MegaCap,consumer,NYSE,231,-0.82%,-0.03%,-9.75%,-22.37%,-21%,163.38,0.447,18.76,4.99,4647229,28242229,133973029,332.0,1.92,buy,2.06,-0.82,99.18,-0.82,991.8,-8.2,9918.0,-82.0,-0.03,99.97,-0.03,999.7,-0.3,9997.0,-3.0,-9.75,90.25,-9.75,902.5,-97.5,9025.0,-975.0,-22.37,77.63,-22.37,776.3,-223.7,7763.0,-2237.0,-21.0,79.0,-21.0,790.0,-210.0,7900.0,-2100.0,,,,,,,,,,,,,,,,,,,,,,
NKE,Nike,MegaCap,consumer,NYSE,34,-0.87%,-2.94%,-9.82%,-44.27%,-50%,51.035,1.099,16.52,30.71,37567242,412420742,1016898042,474.0,8.98,hold,2.81,-0.87,99.13,-0.87,991.3,-8.7,9913.0,-87.0,-2.94,97.06,-2.94,970.6,-29.4,9706.0,-294.0,-9.82,90.18,-9.82,901.8,-98.2,9018.0,-982.0,-44.27,55.73,-44.27,557.3,-442.7,5573.0,-4427.0,-50.0,50.0,-50.0,500.0,-500.0,5000.0,-5000.0,,,,,,,,,,,,,,,,,,,,,,
WMT,Walmart,MegaCap,consumer,NYSE,108,+0.97%,+4.08%,+1.99%,-3.47%,+4%,860.746,0.578,38.35,23.68,15924441,103494841,483320641,92.0,1.83,buy,1.53,0.97,100.97,0.97,1009.7,9.7,10097.0,97.0,4.08,104.08,4.08,1040.8,40.8,10408.0,408.0,1.99,101.99,1.99,1019.9,19.9,10199.0,199.0,-3.47,96.53,-3.47,965.3,-34.7,9653.0,-347.0,4.0,104.0,4.0,1040.0,40.0,10400.0,400.0,,,,,,,,,,,,,,,,,,,,,,
COST,Costco,MegaCap,consumer,NASDAQ,942,+0.72%,+3.51%,+3.52%,+10.76%,+2%,417.667,0.87,45.39,2.11,1767362,9769462,51592062,63.0,1.66,buy,1.95,0.72,100.72,0.72,1007.2,7.2,10072.0,72.0,3.51,103.51,3.51,1035.1,35.1,10351.0,351.0,3.52,103.52,3.52,1035.2,35.2,10352.0,352.0,10.76,110.76,10.76,1107.6,107.6,11076.0,1076.0,2.0,102.0,2.0,1020.0,20.0,10200.0,200.0,,,,,,,,,,,,,,,,,,,,,,
XOM,ExxonMobil,MegaCap,energy-industrial,NYSE,164,-0.28%,+0.80%,+2.11%,+36.44%,+44%,674.559,0.209,21.11,14.11,9439618,54190618,297288918,250.0,1.08,buy,2.4,-0.28,99.72,-0.28,997.2,-2.8,9972.0,-28.0,0.8,100.8,0.8,1008.0,8.0,10080.0,80.0,2.11,102.11,2.11,1021.1,21.1,10211.0,211.0,36.44,136.44,36.44,1364.4,364.4,13644.0,3644.0,44.0,144.0,44.0,1440.0,440.0,14400.0,4400.0,,,,,,,,,,,,,,,,,,,,,,
CVX,Chevron,MegaCap,energy-industrial,NYSE,205,-1.18%,+0.46%,-2.22%,+35.27%,+35%,402.423,0.523,19.74,8.32,5701575,30285075,208644475,343.0,1.06,buy,1.72,-1.18,98.82,-1.18,988.2,-11.8,9882.0,-118.0,0.46,100.46,0.46,1004.6,4.6,10046.0,46.0,-2.22,97.78,-2.22,977.8,-22.2,9778.0,-222.0,35.27,135.27,35.27,1352.7,352.7,13527.0,3527.0,35.0,135.0,35.0,1350.0,350.0,13500.0,3500.0,,,,,,,,,,,,,,,,,,,,,,
CAT,Caterpillar,MegaCap,energy-industrial,NYSE,814,-5.75%,+0.37%,-1.05%,+36.83%,+72%,374.097,1.58,35.03,2.64,3325625,12136325,52008825,76.0,2.03,buy,2.07,-5.75,94.25,-5.75,942.5,-57.5,9425.0,-575.0,0.37,100.37,0.37,1003.7,3.7,10037.0,37.0,-1.05,98.95,-1.05,989.5,-10.5,9895.0,-105.0,36.83,136.83,36.83,1368.3,368.3,13683.0,3683.0,72.0,172.0,72.0,1720.0,720.0,17200.0,7200.0,,,,,,,,,,,,,,,,,,,,,,
HON,Honeywell,MegaCap,energy-industrial,NASDAQ,208,-1.10%,-1.34%,-0.06%,+2.67%,+3%,65.958,0.888,7.68,3.06,2009898,11161298,63618898,132.0,2.34,buy,2.0,-1.1,98.9,-1.1,989.0,-11.0,9890.0,-110.0,-1.34,98.66,-1.34,986.6,-13.4,9866.0,-134.0,-0.06,99.94,-0.06,999.4,-0.6,9994.0,-6.0,2.67,102.67,2.67,1026.7,26.7,10267.0,267.0,3.0,103.0,3.0,1030.0,30.0,10300.0,300.0,,,,,,,,,,,,,,,,,,,,,,
GE,GE Aerospace,MegaCap,energy-industrial,NYSE,304,-1.98%,-2.63%,-9.20%,-4.94%,+2%,315.025,1.374,35.8,3.95,3800907,20328807,98766807,61.0,1.52,buy,1.55,-1.98,98.02,-1.98,980.2,-19.8,9802.0,-198.0,-2.63,97.37,-2.63,973.7,-26.3,9737.0,-263.0,-9.2,90.8,-9.2,908.0,-92.0,9080.0,-920.0,-4.94,95.06,-4.94,950.6,-49.4,9506.0,-494.0,2.0,102.0,2.0,1020.0,20.0,10200.0,200.0,,,,,,,,,,,,,,,,,,,,,,
RTX,RTX Corp,MegaCap,energy-industrial,NYSE,180,-1.65%,-2.90%,-9.33%,-2.69%,+9%,242.947,0.308,31.74,4.4,4213378,18833378,87841678,159.0,1.01,buy,1.83,-1.65,98.35,-1.65,983.5,-16.5,9835.0,-165.0,-2.9,97.1,-2.9,971.0,-29.0,9710.0,-290.0,-9.33,90.67,-9.33,906.7,-93.3,9067.0,-933.0,-2.69,97.31,-2.69,973.1,-26.9,9731.0,-269.0,9.0,109.0,9.0,1090.0,90.0,10900.0,900.0,,,,,,,,,,,,,,,,,,,,,,
BA,Boeing,MegaCap,energy-industrial,NYSE,188,-0.86%,+1.22%,-10.63%,-17.32%,-16%,148.842,1.257,67.26,6.5,6293146,46700546,185075646,,1.8,strong_buy,1.5,-0.86,99.14,-0.86,991.4,-8.6,9914.0,-86.0,1.22,101.22,1.22,1012.2,12.2,10122.0,122.0,-10.63,89.37,-10.63,893.7,-106.3,8937.0,-1063.0,-17.32,82.68,-17.32,826.8,-173.2,8268.0,-1732.0,-16.0,84.0,-16.0,840.0,-160.0,8400.0,-1600.0,,,,,,,,,,,,,,,,,,,,,,
AMD,Advanced Micro Devices,MegaCap,tech-semis,NASDAQ,646,-0.91%,+5.57%,+27.71%,+189.01%,+176%,1054.35,2.454,164.76,23.35,18463843,93427043,490824843,,2.46,strong_buy,1.49,-0.91,99.09,-0.91,990.9,-9.1,9909.0,-91.0,5.57,105.57,5.57,1055.7,55.7,10557.0,557.0,27.71,127.71,27.71,1277.1,277.1,12771.0,2771.0,189.01,289.01,189.01,2890.1,1890.1,28901.0,18901.0,176.0,276.0,176.0,2760.0,1760.0,27600.0,17600.0,,,,,,,,,,,,,1,strong_buy,0.985,"YTD +190.61%, 1M +28.41%, P/E 165.67, strong_buy consensus, with AI agent demand from Meta Muse driving CPU sales and a 39% price target raise to $800 by top analyst Atif Malik at Citi [cnbc.com](https://www.cnbc.com/2026/10/06/meta-muse-gives-amd-a-boost-as-ai-momentum-shifts-to-personal-agents-.html).",+190.61% YTD momentum; +28.41% 1-month gain; strong_buy analyst rating; AI agent capex tailwind,,,,,
QCOM,Qualcomm,MegaCap,tech-semis,NASDAQ,177,-2.13%,-3.76%,+1.74%,+3.99%,+8%,189.136,1.651,20.5,12.32,7874672,49435472,322414772,203.0,4.01,hold,2.57,-2.13,97.87,-2.13,978.7,-21.3,9787.0,-213.0,-3.76,96.24,-3.76,962.4,-37.6,9624.0,-376.0,1.74,101.74,1.74,1017.4,17.4,10174.0,174.0,3.99,103.99,3.99,1039.9,39.9,10399.0,399.0,8.0,108.0,8.0,1080.0,80.0,10800.0,800.0,,,,,,,,,,,,,,,,,,,,,,
AVGO,Broadcom,MegaCap,tech-semis,NASDAQ,377,-0.15%,+7.21%,+2.34%,+8.91%,+9%,1797.319,1.476,46.37,22.58,17117214,118646814,537331714,69.0,1.11,strong_buy,1.26,-0.15,99.85,-0.15,998.5,-1.5,9985.0,-15.0,7.21,107.21,7.21,1072.1,72.1,10721.0,721.0,2.34,102.34,2.34,1023.4,23.4,10234.0,234.0,8.91,108.91,8.91,1089.1,89.1,10891.0,891.0,9.0,109.0,9.0,1090.0,90.0,10900.0,900.0,,,,,,,,,,,,,,,,,,,,,,
TSM,Taiwan Semiconductor,MegaCap,tech-semis,NYSE,472,-2.43%,+3.51%,+7.85%,+48.90%,+58%,2449.053,1.239,34.32,11.38,7260136,44667836,217481136,78.0,0.57,strong_buy,1.38,-2.43,97.57,-2.43,975.7,-24.3,9757.0,-243.0,3.51,103.51,3.51,1035.1,35.1,10351.0,351.0,7.85,107.85,7.85,1078.5,78.5,10785.0,785.0,48.9,148.9,48.9,1489.0,489.0,14890.0,4890.0,58.0,158.0,58.0,1580.0,580.0,15800.0,5800.0,,,,,,,,,,,,,5,strong_buy,0.84,"YTD +52.09%, P/E 35.05, strong_buy consensus, with low short interest (0.57%) and a dominant position in advanced nodes; Terafab risk appears limited as Musk clarified TSMC's role is subleasing only [invezz.com](https://invezz.com/news/2026/10/07/intel-gains-before-opening-bell-how-musks-comments-became-a-catalyst/).",+52.09% YTD; P/E 35.05 reasonable; strong_buy rating; Low short interest 0.57%,,,,,
ASML,ASML Holding,MegaCap,tech-semis,NASDAQ,1805,-1.58%,-0.37%,+2.27%,+55.84%,+86%,693.285,1.302,58.58,1.48,1246722,7008522,30232722,49.0,0.38,strong_buy,1.4,-1.58,98.42,-1.58,984.2,-15.8,9842.0,-158.0,-0.37,99.63,-0.37,996.3,-3.7,9963.0,-37.0,2.27,102.27,2.27,1022.7,22.7,10227.0,227.0,55.84,155.84,55.84,1558.4,558.4,15584.0,5584.0,86.0,186.0,86.0,1860.0,860.0,18600.0,8600.0,,,,,,,,,,,,,,,,,,,,,,
ARM,Arm Holdings,MegaCap,tech-semis,NASDAQ,294,-2.57%,+1.63%,+12.56%,+156.58%,+81%,314.387,3.789,303.47,5.25,3404384,18881784,124635284,,10.69,buy,1.93,-2.57,97.43,-2.57,974.3,-25.7,9743.0,-257.0,1.63,101.63,1.63,1016.3,16.3,10163.0,163.0,12.56,112.56,12.56,1125.6,125.6,11256.0,1256.0,156.58,256.58,156.58,2565.8,1565.8,25658.0,15658.0,81.0,181.0,81.0,1810.0,810.0,18100.0,8100.0,,,,,,,,,,,,,6,buy,0.846,"YTD +163.71%, 1M +15.69%, but P/E 311.92 and high short interest (10.69%); analyst rating buy, driven by custom CPU designs for AI agents and Meta as debut Arm CPU customer [cnbc.com](https://www.cnbc.com/2026/10/06/meta-muse-gives-amd-a-boost-as-ai-momentum-shifts-to-personal-agents-.html).",+163.71% YTD momentum; +15.69% 1-month gain; Agent CPU market growth; High valuation risk,,,,,
INTC,Intel,MegaCap,tech-semis,NASDAQ,113,+0.27%,-5.91%,+8.28%,+187.25%,+201%,597.964,2.23,,107.1,82330296,464562196,2410468296,,3.01,buy,2.47,0.27,100.27,0.27,1002.7,2.7,10027.0,27.0,-5.91,94.09,-5.91,940.9,-59.1,9409.0,-591.0,8.28,108.28,8.28,1082.8,82.8,10828.0,828.0,187.25,287.25,187.25,2872.5,1872.5,28725.0,18725.0,201.0,301.0,201.0,3010.0,2010.0,30100.0,20100.0,,,,,,,,,,,,,9,buy,0.96,"YTD +185.68%, 1M +7.69%, analyst rating buy, with Terafab catalyst reaffirmed by Musk and Intel CEO, removing TSMC takeover fears; but P/E is negative and short interest elevated at 3.01% [invezz.com](https://invezz.com/news/2026/10/07/intel-gains-before-opening-bell-how-musks-comments-became-a-catalyst/).",+185.68% YTD rally; Terafab partnership clarity; High short interest 3.01%; No trailing earnings,,,,,
2222.SR,Saudi Aramco,MegaCap,global-growth,TADAWUL,6.88,+0.16%,+2.46%,-0.46%,+12.39%,+4%,1665.083,0.016,15.29,8.2,6076351,44777697,179842956,526.0,,buy,2.11,0.16,100.16,0.16,1001.6,1.6,10016.0,16.0,2.46,102.46,2.46,1024.6,24.6,10246.0,246.0,-0.46,99.54,-0.46,995.4,-4.6,9954.0,-46.0,12.39,112.39,12.39,1123.9,123.9,11239.0,1239.0,4.0,104.0,4.0,1040.0,40.0,10400.0,400.0,,,,,,,,,,,,,,,,,,,,,,
BABA,Alibaba Group,MegaCap,global-growth,NYSE,107,-1.97%,-0.50%,-5.02%,-30.66%,-40%,266.189,0.463,25.91,10.96,6987787,39489387,180228287,96.0,1.68,strong_buy,1.32,-1.97,98.03,-1.97,980.3,-19.7,9803.0,-197.0,-0.5,99.5,-0.5,995.0,-5.0,9950.0,-50.0,-5.02,94.98,-5.02,949.8,-50.2,9498.0,-502.0,-30.66,69.34,-30.66,693.4,-306.6,6934.0,-3066.0,-40.0,60.0,-40.0,600.0,-400.0,6000.0,-4000.0,,,,,,,,,,,,,,,,,,,,,,
SAP,SAP SE,MegaCap,global-growth,NYSE,210,-0.16%,+0.79%,-0.64%,-9.77%,-24%,242.533,0.758,26.97,2.6,1991579,8364479,40297879,139.0,0.44,buy,1.62,-0.16,99.84,-0.16,998.4,-1.6,9984.0,-16.0,0.79,100.79,0.79,1007.9,7.9,10079.0,79.0,-0.64,99.36,-0.64,993.6,-6.4,9936.0,-64.0,-9.77,90.23,-9.77,902.3,-97.7,9023.0,-977.0,-24.0,76.0,-24.0,760.0,-240.0,7600.0,-2400.0,,,,,,,,,,,,,,,,,,,,,,
SONY,Sony Group,MegaCap,global-growth,NYSE,24,-1.47%,-0.04%,-0.04%,-9.12%,-20%,137.32,0.814,19.44,4.38,3986731,21516431,77879231,66.0,0.21,buy,1.75,-1.47,98.53,-1.47,985.3,-14.7,9853.0,-147.0,-0.04,99.96,-0.04,999.6,-0.4,9996.0,-4.0,-0.04,99.96,-0.04,999.6,-0.4,9996.0,-4.0,-9.12,90.88,-9.12,908.8,-91.2,9088.0,-912.0,-20.0,80.0,-20.0,800.0,-200.0,8000.0,-2000.0,,,,,,,,,,,,,,,,,,,,,,
TM,Toyota Motor,MegaCap,global-growth,NYSE,183,-1.43%,-0.10%,-4.46%,-16.05%,-6%,216.599,0.375,8.04,0.37,314929,1587529,6711829,338.0,0.09,none,,-1.43,98.57,-1.43,985.7,-14.3,9857.0,-143.0,-0.1,99.9,-0.1,999.0,-1.0,9990.0,-10.0,-4.46,95.54,-4.46,955.4,-44.6,9554.0,-446.0,-16.05,83.95,-16.05,839.5,-160.5,8395.0,-1605.0,-6.0,94.0,-6.0,940.0,-60.0,9400.0,-600.0,,,,,,,,,,,,,,,,,,,,,,
NVO,Novo Nordisk,MegaCap,global-growth,NYSE,38,+1.95%,+0.92%,-15.28%,-23.33%,-37%,168.893,0.384,9.35,12.47,13531267,68846567,320789167,479.0,0.83,hold,2.71,1.95,101.95,1.95,1019.5,19.5,10195.0,195.0,0.92,100.92,0.92,1009.2,9.2,10092.0,92.0,-15.28,84.72,-15.28,847.2,-152.8,8472.0,-1528.0,-23.33,76.67,-23.33,766.7,-233.3,7667.0,-2333.0,-37.0,63.0,-37.0,630.0,-370.0,6300.0,-3700.0,,,,,,,,,,,,,,,,,,,,,,
HSBC,HSBC Holdings,MegaCap,global-growth,NYSE,94,-4.03%,-5.64%,-11.81%,+21.01%,+36%,320.482,0.58,13.39,1.35,2543839,10833739,35315539,384.0,,hold,2.67,-4.03,95.97,-4.03,959.7,-40.3,9597.0,-403.0,-5.64,94.36,-5.64,943.6,-56.4,9436.0,-564.0,-11.81,88.19,-11.81,881.9,-118.1,8819.0,-1181.0,21.01,121.01,21.01,1210.1,210.1,12101.0,2101.0,36.0,136.0,36.0,1360.0,360.0,13600.0,3600.0,,,,,,,,,,,,,,,,,,,,,,
AAPL,Apple,Tech,mega-cap,NASDAQ,336.67,+0.84%,+1.10%,+6.47%,+24.57%,+29%,4913.422,1.069,38.61,45.52,33380854,167815654,903341054,32.0,0.88,buy,2.2,0.84,100.84,0.84,1008.4,8.4,10084.0,84.0,1.1,101.1,1.1,1011.0,11.0,10110.0,110.0,6.47,106.47,6.47,1064.7,64.7,10647.0,647.0,24.57,124.57,24.57,1245.7,245.7,12457.0,2457.0,29.0,129.0,29.0,1290.0,290.0,12900.0,2900.0,,,,,,,,,,,,,,,,,,,,,,
MSFT,Microsoft,Tech,mega-cap,NASDAQ,529.76,+0.03%,+3.29%,+7.25%,+12.72%,+1%,3933.757,1.099,29.51,28.0,16040951,101307451,470750351,74.0,0.91,strong_buy,1.29,0.03,100.03,0.03,1000.3,0.3,10003.0,3.0,3.29,103.29,3.29,1032.9,32.9,10329.0,329.0,7.25,107.25,7.25,1072.5,72.5,10725.0,725.0,12.72,112.72,12.72,1127.2,127.2,11272.0,1272.0,1.0,101.0,1.0,1010.0,10.0,10100.0,100.0,,,,,,,,,,,,,,,,,,,,,,
GOOGL,Alphabet (Google),Tech,mega-cap,NASDAQ,350.5,+0.75%,+1.87%,+3.59%,+11.43%,+42%,4286.592,1.211,17.59,27.01,20474140,121861740,589065240,25.0,1.49,strong_buy,1.38,0.75,100.75,0.75,1007.5,7.5,10075.0,75.0,1.87,101.87,1.87,1018.7,18.7,10187.0,187.0,3.59,103.59,3.59,1035.9,35.9,10359.0,359.0,11.43,111.43,11.43,1114.3,114.3,11143.0,1143.0,42.0,142.0,42.0,1420.0,420.0,14200.0,4200.0,,,,,,,,,,,,,,,,,,,,,,
AMZN,Amazon,Tech,mega-cap,NASDAQ,259.92,+1.14%,+4.32%,+1.15%,+14.75%,+14%,2803.579,1.456,20.91,39.07,34897703,174969703,781177703,,0.83,strong_buy,1.32,1.14,101.14,1.14,1011.4,11.4,10114.0,114.0,4.32,104.32,4.32,1043.2,43.2,10432.0,432.0,1.15,101.15,1.15,1011.5,11.5,10115.0,115.0,14.75,114.75,14.75,1147.5,147.5,11475.0,1475.0,14.0,114.0,14.0,1140.0,140.0,11400.0,1400.0,,,,,,,,,,,,,,,,,,,,,,
META,Meta Platforms,Tech,mega-cap,NASDAQ,721.31,-2.59%,-0.53%,+17.67%,+11.19%,+3%,1837.542,1.185,27.18,19.24,12743601,65894501,497873301,28.0,1.41,strong_buy,1.41,-2.59,97.41,-2.59,974.1,-25.9,9741.0,-259.0,-0.53,99.47,-0.53,994.7,-5.3,9947.0,-53.0,17.67,117.67,17.67,1176.7,176.7,11767.0,1767.0,11.19,111.19,11.19,1111.9,111.9,11119.0,1119.0,3.0,103.0,3.0,1030.0,30.0,10300.0,300.0,,,,,,,,,,,,,8,strong_buy,0.8,"YTD +13.89%, 1M +20.54%, strong_buy 1.41; Muse AI agent driving infrastructure spend [tipranks.com](https://www.tipranks.com/news/amd-nvidia-or-meta-which-ai-stock-is-citis-top-pick-no-1-analyst-weighs-in).",1M +20.54%; Strong_buy 1.41; P/E 27.96; Muse catalyst,,,,,
NVDA,NVIDIA,Tech,semiconductors,NASDAQ,237.47,-1.21%,+3.98%,+5.32%,+26.04%,+27%,5734.188,2.216,30.02,122.54,81027431,543660031,2373867531,42.0,1.27,strong_buy,1.3,-1.21,98.79,-1.21,987.9,-12.1,9879.0,-121.0,3.98,103.98,3.98,1039.8,39.8,10398.0,398.0,5.32,105.32,5.32,1053.2,53.2,10532.0,532.0,26.04,126.04,26.04,1260.4,260.4,12604.0,2604.0,27.0,127.0,27.0,1270.0,270.0,12700.0,2700.0,,,,,,,,,,,,,4,strong_buy,0.85,"YTD +26.98%, P/E 30.25, strong_buy 1.3; SpaceX plans to buy chips, BNP PT $345 [tipranks.com](https://www.tipranks.com/news/nvidia-and-amd-stocks-what-drove-the-rally-and-which-stock-has-more-upside).",P/E 30.25; Strong_buy 1.3; SpaceX demand; BNP PT $345,,,,,
AMD,Advanced Micro Devices,Tech,semiconductors,NASDAQ,645.86,-0.91%,+5.57%,+27.71%,+189.01%,+176%,1054.35,2.454,164.76,23.35,18463843,93427043,490824843,,2.46,strong_buy,1.49,-0.91,99.09,-0.91,990.9,-9.1,9909.0,-91.0,5.57,105.57,5.57,1055.7,55.7,10557.0,557.0,27.71,127.71,27.71,1277.1,277.1,12771.0,2771.0,189.01,289.01,189.01,2890.1,1890.1,28901.0,18901.0,176.0,276.0,176.0,2760.0,1760.0,27600.0,17600.0,,,,,,,,,,,,,1,strong_buy,0.985,"YTD +190.61%, 1M +28.41%, strong_buy 1.49; Citi raised PT to $800 and Mizuho to $705 on agentic AI demand [tipranks.com](https://www.tipranks.com/news/amd-nvidia-or-meta-which-ai-stock-is-citis-top-pick-no-1-analyst-weighs-in).",YTD +190.61%; 1M +28.41%; Citi PT $800; Agentic AI tailwind,,,,,
INTC,Intel,Tech,semiconductors,NASDAQ,113.12,+0.27%,-5.91%,+8.28%,+187.25%,+201%,597.964,2.23,,107.1,82330296,464562196,2410468296,,3.01,buy,2.47,0.27,100.27,0.27,1002.7,2.7,10027.0,27.0,-5.91,94.09,-5.91,940.9,-59.1,9409.0,-591.0,8.28,108.28,8.28,1082.8,82.8,10828.0,828.0,187.25,287.25,187.25,2872.5,1872.5,28725.0,18725.0,201.0,301.0,201.0,3010.0,2010.0,30100.0,20100.0,,,,,,,,,,,,,,,,,,,,,,
TSM,Taiwan Semiconductor,Tech,semiconductors,NYSE,472.2,-2.43%,+3.51%,+7.85%,+48.90%,+58%,2449.053,1.239,34.32,11.38,7260136,44667836,217481136,78.0,0.57,strong_buy,1.38,-2.43,97.57,-2.43,975.7,-24.3,9757.0,-243.0,3.51,103.51,3.51,1035.1,35.1,10351.0,351.0,7.85,107.85,7.85,1078.5,78.5,10785.0,785.0,48.9,148.9,48.9,1489.0,489.0,14890.0,4890.0,58.0,158.0,58.0,1580.0,580.0,15800.0,5800.0,,,,,,,,,,,,,5,strong_buy,0.8,"YTD +52.09%, 1M +10.16%, strong_buy 1.38; solid fundamentals with P/E 35.05.",YTD +52.09%; 1M +10.16%; Strong_buy 1.38; P/E 35.05,,,,,
AVGO,Broadcom,Tech,semiconductors,NASDAQ,376.51,-0.15%,+7.21%,+2.34%,+8.91%,+9%,1797.32,1.476,46.37,22.58,17117214,118646814,537331714,69.0,1.11,strong_buy,1.26,-0.15,99.85,-0.15,998.5,-1.5,9985.0,-15.0,7.21,107.21,7.21,1072.1,72.1,10721.0,721.0,2.34,102.34,2.34,1023.4,23.4,10234.0,234.0,8.91,108.91,8.91,1089.1,89.1,10891.0,891.0,9.0,109.0,9.0,1090.0,90.0,10900.0,900.0,,,,,,,,,,,,,,,,,,,,,,
QCOM,Qualcomm,Tech,semiconductors,NASDAQ,177.12,-2.13%,-3.76%,+1.74%,+3.99%,+8%,189.135,1.651,20.5,12.32,7874672,49435472,322414772,203.0,4.01,hold,2.57,-2.13,97.87,-2.13,978.7,-21.3,9787.0,-213.0,-3.76,96.24,-3.76,962.4,-37.6,9624.0,-376.0,1.74,101.74,1.74,1017.4,17.4,10174.0,174.0,3.99,103.99,3.99,1039.9,39.9,10399.0,399.0,8.0,108.0,8.0,1080.0,80.0,10800.0,800.0,,,,,,,,,,,,,,,,,,,,,,
ARM,Arm Holdings,Tech,semiconductors,NASDAQ,294.37,-2.57%,+1.63%,+12.56%,+156.58%,+81%,314.386,3.789,303.47,5.25,3404384,18881784,124635284,,10.69,buy,1.93,-2.57,97.43,-2.57,974.3,-25.7,9743.0,-257.0,1.63,101.63,1.63,1016.3,16.3,10163.0,163.0,12.56,112.56,12.56,1125.6,125.6,11256.0,1256.0,156.58,256.58,156.58,2565.8,1565.8,25658.0,15658.0,81.0,181.0,81.0,1810.0,810.0,18100.0,8100.0,,,,,,,,,,,,,,,,,,,,,,
ASML,ASML Holding,Tech,semiconductors,NASDAQ,1804.96,-1.58%,-0.37%,+2.27%,+55.84%,+86%,693.285,1.302,58.58,1.48,1246722,7008522,30232722,49.0,0.38,strong_buy,1.4,-1.58,98.42,-1.58,984.2,-15.8,9842.0,-158.0,-0.37,99.63,-0.37,996.3,-3.7,9963.0,-37.0,2.27,102.27,2.27,1022.7,22.7,10227.0,227.0,55.84,155.84,55.84,1558.4,558.4,15584.0,5584.0,86.0,186.0,86.0,1860.0,860.0,18600.0,8600.0,,,,,,,,,,,,,9,strong_buy,0.75,"YTD +58.36%, P/E 59.53, strong_buy 1.4; lithography leader with steady growth.",YTD +58.36%; Strong_buy 1.4; P/E 59.53,,,,,
MU,Micron Technology,Tech,semiconductors,NASDAQ,1088.0,+4.13%,+2.15%,+8.77%,+245.13%,+432%,1228.78,2.226,14.64,33.03,30214899,143330699,562411199,6.0,2.45,strong_buy,1.37,4.13,104.13,4.13,1041.3,41.3,10413.0,413.0,2.15,102.15,2.15,1021.5,21.5,10215.0,215.0,8.77,108.77,8.77,1087.7,87.7,10877.0,877.0,245.13,345.13,245.13,3451.3,2451.3,34513.0,24513.0,432.0,532.0,432.0,5320.0,4320.0,53200.0,43200.0,,,,,,,,,,,,,6,strong_buy,0.75,"YTD +231.67%, P/E 14.31, strong_buy 1.37; attractive valuation despite recent pullback.",YTD +231.67%; P/E 14.31; Strong_buy 1.37; Memory demand,,,,,
AMAT,Applied Materials,Tech,semiconductors,NASDAQ,520.65,-1.46%,+1.81%,+10.12%,+94.33%,+144%,413.187,1.591,44.92,7.11,3770067,25444267,134031467,40.0,1.78,strong_buy,1.45,-1.46,98.54,-1.46,985.4,-14.6,9854.0,-146.0,1.81,101.81,1.81,1018.1,18.1,10181.0,181.0,10.12,110.12,10.12,1101.2,101.2,11012.0,1012.0,94.33,194.33,94.33,1943.3,943.3,19433.0,9433.0,144.0,244.0,144.0,2440.0,1440.0,24400.0,14400.0,,,,,,,,,,,,,7,strong_buy,0.8,"YTD +97.92%, 1M +12.16%, strong_buy 1.45; robust semi-cap equipment momentum.",YTD +97.92%; 1M +12.16%; Strong_buy 1.45,,,,,
ORCL,Oracle,Tech,enterprise-software,NYSE,143.56,-1.08%,+4.56%,-11.67%,-25.94%,-50%,435.203,1.77,22.5,31.93,15595176,114574776,752863976,138.0,2.73,buy,1.58,-1.08,98.92,-1.08,989.2,-10.8,9892.0,-108.0,4.56,104.56,4.56,1045.6,45.6,10456.0,456.0,-11.67,88.33,-11.67,883.3,-116.7,8833.0,-1167.0,-25.94,74.06,-25.94,740.6,-259.4,7406.0,-2594.0,-50.0,50.0,-50.0,500.0,-500.0,5000.0,-5000.0,,,,,,,,,,,,,,,,,,,,,,
CRM,Salesforce,Tech,enterprise-software,NYSE,224.56,-0.16%,-2.18%,-9.70%,-10.85%,-6%,184.813,1.256,20.55,13.47,5173995,36309295,250023095,78.0,4.54,buy,1.75,-0.16,99.84,-0.16,998.4,-1.6,9984.0,-16.0,-2.18,97.82,-2.18,978.2,-21.8,9782.0,-218.0,-9.7,90.3,-9.7,903.0,-97.0,9030.0,-970.0,-10.85,89.15,-10.85,891.5,-108.5,8915.0,-1085.0,-6.0,94.0,-6.0,940.0,-60.0,9400.0,-600.0,,,,,,,,,,,,,,,,,,,,,,
ADBE,Adobe,Tech,enterprise-software,NASDAQ,232.77,-2.14%,-2.99%,-9.52%,-30.16%,-32%,90.594,1.415,13.0,5.01,6551931,20362131,118611131,,5.3,hold,2.77,-2.14,97.86,-2.14,978.6,-21.4,9786.0,-214.0,-2.99,97.01,-2.99,970.1,-29.9,9701.0,-299.0,-9.52,90.48,-9.52,904.8,-95.2,9048.0,-952.0,-30.16,69.84,-30.16,698.4,-301.6,6984.0,-3016.0,-32.0,68.0,-32.0,680.0,-320.0,6800.0,-3200.0,,,,,,,,,,,,,,,,,,,,,,
NOW,ServiceNow,Tech,enterprise-software,NYSE,137.87,+0.00%,+2.88%,+2.73%,-6.50%,-25%,142.539,0.99,86.17,17.87,8001761,44391561,249140061,,2.79,strong_buy,1.43,0.0,100.0,0.0,1000.0,0.0,10000.0,0.0,2.88,102.88,2.88,1028.8,28.8,10288.0,288.0,2.73,102.73,2.73,1027.3,27.3,10273.0,273.0,-6.5,93.5,-6.5,935.0,-65.0,9350.0,-650.0,-25.0,75.0,-25.0,750.0,-250.0,7500.0,-2500.0,,,,,,,,,,,,,,,,,,,,,,
SNOW,Snowflake,Tech,enterprise-software,NYSE,332.85,-0.88%,-1.98%,-0.79%,+53.59%,+34%,117.429,1.351,,4.78,2441528,16169928,89253328,,5.45,strong_buy,1.48,-0.88,99.12,-0.88,991.2,-8.8,9912.0,-88.0,-1.98,98.02,-1.98,980.2,-19.8,9802.0,-198.0,-0.79,99.21,-0.79,992.1,-7.9,9921.0,-79.0,53.59,153.59,53.59,1535.9,535.9,15359.0,5359.0,34.0,134.0,34.0,1340.0,340.0,13400.0,3400.0,,,,,,,,,,,,,,,,,,,,,,
INTU,Intuit,Tech,enterprise-software,NASDAQ,297.24,+2.61%,+7.81%,-6.80%,-52.34%,-56%,79.434,1.009,18.06,3.9,3518398,17349198,80431598,190.0,3.02,buy,2.06,2.61,102.61,2.61,1026.1,26.1,10261.0,261.0,7.81,107.81,7.81,1078.1,78.1,10781.0,781.0,-6.8,93.2,-6.8,932.0,-68.0,9320.0,-680.0,-52.34,47.66,-52.34,476.6,-523.4,4766.0,-5234.0,-56.0,44.0,-56.0,440.0,-560.0,4400.0,-5600.0,,,,,,,,,,,,,,,,,,,,,,
CRWD,CrowdStrike,Tech,cybersecurity,NASDAQ,265.44,-4.86%,+0.26%,+26.39%,+134.08%,+119%,271.794,1.197,5308.8,9.55,8767597,34325697,224858097,,2.77,buy,1.72,-4.86,95.14,-4.86,951.4,-48.6,9514.0,-486.0,0.26,100.26,0.26,1002.6,2.6,10026.0,26.0,26.39,126.39,26.39,1263.9,263.9,12639.0,2639.0,134.08,234.08,134.08,2340.8,1340.8,23408.0,13408.0,119.0,219.0,119.0,2190.0,1190.0,21900.0,11900.0,,,,,,,,,,,,,2,buy,0.85,"YTD +145.92%, 1M +32.78%, buy 1.72; Fal.Con Europe sold out with registrations up 60% [stocktwits.com](https://stocktwits.com/news-articles/markets/equity/why-nvda-amd-crwd-stocks-surged-to-52-week-highs-today/cZDHyMrRBlM).",YTD +145.92%; 1M +32.78%; 7-day streak; Fal.Con sold out,,,,,
PANW,Palo Alto Networks,Tech,cybersecurity,NASDAQ,405.57,-3.50%,+2.08%,+20.35%,+126.11%,+93%,331.756,0.933,1013.92,6.23,3886927,23990627,133531927,,2.69,buy,1.71,-3.5,96.5,-3.5,965.0,-35.0,9650.0,-350.0,2.08,102.08,2.08,1020.8,20.8,10208.0,208.0,20.35,120.35,20.35,1203.5,203.5,12035.0,2035.0,126.11,226.11,126.11,2261.1,1261.1,22611.0,12611.0,93.0,193.0,93.0,1930.0,930.0,19300.0,9300.0,,,,,,,,,,,,,3,buy,0.8,"YTD +134.10%, 1M +24.61%, record close; TD Cowen raised PT to $440 [financefeeds.com](https://financefeeds.com/palo-alto-networks-panw-stock-419-91-up-3-23/).",YTD +134.10%; 1M +24.61%; Record high; PT $440,,,,,
NET,Cloudflare,Tech,cybersecurity,NYSE,342.97,-3.46%,-1.24%,+20.64%,+74.97%,+61%,122.124,1.645,,3.35,2322751,13693351,68518051,,2.71,buy,1.97,-3.46,96.54,-3.46,965.4,-34.6,9654.0,-346.0,-1.24,98.76,-1.24,987.6,-12.4,9876.0,-124.0,20.64,120.64,20.64,1206.4,206.4,12064.0,2064.0,74.97,174.97,74.97,1749.7,749.7,17497.0,7497.0,61.0,161.0,61.0,1610.0,610.0,16100.0,6100.0,,,,,,,,,,,,,10,buy,0.7,"YTD +81.11%, 1M +24.87%, buy 1.97; edge cloud growth despite no P/E.",YTD +81.11%; 1M +24.87%; Buy 1.97,,,,,
FTNT,Fortinet,Tech,cybersecurity,NASDAQ,189.28,-1.17%,+5.88%,+20.20%,+143.04%,+121%,138.878,1.037,66.88,4.62,3857161,17535261,87625561,,2.26,hold,2.8,-1.17,98.83,-1.17,988.3,-11.7,9883.0,-117.0,5.88,105.88,5.88,1058.8,58.8,10588.0,588.0,20.2,120.2,20.2,1202.0,202.0,12020.0,2020.0,143.04,243.04,143.04,2430.4,1430.4,24304.0,14304.0,121.0,221.0,121.0,2210.0,1210.0,22100.0,12100.0,,,,,,,,,,,,,,,,,,,,,,
NFLX,Netflix,Tech,consumer-platform,NASDAQ,69.7,+0.88%,+0.17%,-9.21%,-23.40%,-43%,290.227,1.613,21.92,37.05,29990515,182309915,778060415,,2.28,buy,1.8,0.88,100.88,0.88,1008.8,8.8,10088.0,88.0,0.17,100.17,0.17,1001.7,1.7,10017.0,17.0,-9.21,90.79,-9.21,907.9,-92.1,9079.0,-921.0,-23.4,76.6,-23.4,766.0,-234.0,7660.0,-2340.0,-43.0,57.0,-43.0,570.0,-430.0,5700.0,-4300.0,,,,,,,,,,,,,,,,,,,,,,
SHOP,Shopify,Tech,consumer-platform,NYSE,166.03,+0.76%,+11.96%,+23.81%,+5.62%,-1%,215.45,2.625,112.18,9.43,6320766,35708466,227612466,,1.36,buy,1.69,0.76,100.76,0.76,1007.6,7.6,10076.0,76.0,11.96,111.96,11.96,1119.6,119.6,11196.0,1196.0,23.81,123.81,23.81,1238.1,238.1,12381.0,2381.0,5.62,105.62,5.62,1056.2,56.2,10562.0,562.0,-1.0,99.0,-1.0,990.0,-10.0,9900.0,-100.0,,,,,,,,,,,,,,,,,,,,,,
SPOT,Spotify,Tech,consumer-platform,NYSE,512.92,+5.52%,+5.24%,-2.97%,-10.80%,-28%,105.448,1.614,29.48,1.66,2000851,7582351,32043451,,2.86,buy,1.56,5.52,105.52,5.52,1055.2,55.2,10552.0,552.0,5.24,105.24,5.24,1052.4,52.4,10524.0,524.0,-2.97,97.03,-2.97,970.3,-29.7,9703.0,-297.0,-10.8,89.2,-10.8,892.0,-108.0,8920.0,-1080.0,-28.0,72.0,-28.0,720.0,-280.0,7200.0,-2800.0,,,,,,,,,,,,,,,,,,,,,,
UBER,Uber,Tech,consumer-platform,NYSE,68.45,-0.91%,-0.09%,-6.40%,-17.39%,-30%,139.813,1.265,15.01,17.96,11879194,77299794,412686794,,2.32,buy,1.58,-0.91,99.09,-0.91,990.9,-9.1,9909.0,-91.0,-0.09,99.91,-0.09,999.1,-0.9,9991.0,-9.0,-6.4,93.6,-6.4,936.0,-64.0,9360.0,-640.0,-17.39,82.61,-17.39,826.1,-173.9,8261.0,-1739.0,-30.0,70.0,-30.0,700.0,-300.0,7000.0,-3000.0,,,,,,,,,,,,,,,,,,,,,,
CSCO,Cisco Systems,Tech,hardware-infra,NASDAQ,117.39,-0.66%,+9.49%,+7.95%,+56.40%,+68%,462.82,0.979,35.25,19.58,17198164,87029964,411900264,142.0,1.46,buy,1.86,-0.66,99.34,-0.66,993.4,-6.6,9934.0,-66.0,9.49,109.49,9.49,1094.9,94.9,10949.0,949.0,7.95,107.95,7.95,1079.5,79.5,10795.0,795.0,56.4,156.4,56.4,1564.0,564.0,15640.0,5640.0,68.0,168.0,68.0,1680.0,680.0,16800.0,6800.0,,,,,,,,,,,,,,,,,,,,,,
PLTR,Palantir Technologies,Tech,hardware-infra,NASDAQ,194.12,+1.23%,+3.78%,+13.99%,+15.64%,+5%,466.482,1.602,167.34,33.71,15675589,86870889,483741889,,2.8,buy,1.84,1.23,101.23,1.23,1012.3,12.3,10123.0,123.0,3.78,103.78,3.78,1037.8,37.8,10378.0,378.0,13.99,113.99,13.99,1139.9,139.9,11399.0,1399.0,15.64,115.64,15.64,1156.4,156.4,11564.0,1564.0,5.0,105.0,5.0,1050.0,50.0,10500.0,500.0,,,,,,,,,,,,,,,,,,,,,,
