ticker,company_name,sector,category,exchange,price_usd,change_1d,change_1w,change_1m,change_ytd,return_1yr,market_cap_usd_b,beta,pe_ratio,avg_volume_m,vol_1d,vol_1w,vol_1m,div_yield_pct,short_pct,analyst,analyst_score,pct_1d,val_100_1d,profit_100_1d,val_1000_1d,profit_1000_1d,val_10000_1d,profit_10000_1d,pct_1w,val_100_1w,profit_100_1w,val_1000_1w,profit_1000_1w,val_10000_1w,profit_10000_1w,pct_1m,val_100_1m,profit_100_1m,val_1000_1m,profit_1000_1m,val_10000_1m,profit_10000_1m,pct_ytd,val_100_ytd,profit_100_ytd,val_1000_ytd,profit_1000_ytd,val_10000_ytd,profit_10000_ytd,pct_1y,val_100_1y,profit_100_1y,val_1000_1y,profit_1000_1y,val_10000_1y,profit_10000_1y,news1_title,news1_publisher,news1_date,news1_sentiment,news2_title,news2_publisher,news2_date,news2_sentiment,news3_title,news3_publisher,news3_date,news3_sentiment,signal_rank,signal,signal_confidence,signal_rationale,signal_drivers,portfolio_held,portfolio_quantity,portfolio_avg_price,portfolio_ppl,portfolio_total_value
SNDK,SanDisk Corporation,AI,memory,NASDAQ,1566.7,+5.61%,+4.93%,+21.64%,+469.21%,+2808%,229.394,,21.23,13.76,23183006,58153206,298553106,,8.24,buy,1.54,5.61,105.61,5.61,1056.1,56.1,10561.0,561.0,4.93,104.93,4.93,1049.3,49.3,10493.0,493.0,21.64,121.64,21.64,1216.4,216.4,12164.0,2164.0,469.21,569.21,469.21,5692.1,4692.1,56921.0,46921.0,2808.0,2908.0,2808.0,29080.0,28080.0,290800.0,280800.0,The Ceiling SanDisk Wrote Into Its Own Contracts,Trefis,2026-08-31,0.0,"Dow Jones Futures: Trump's Iran Warning Sparks Stock Market Losses; Elon Musk-Led SpaceX, Tesla Rally",Investor's Business Daily,2026-08-31,-0.625,Qualcomm vs. Sandisk: Comparing Gradual Revenue Contraction Against Rapid Revenue Acceleration,Motley Fool,2026-08-31,0.0,1,strong_buy,1.0,"SNDK surged 15% on investor day guiding 80% gross margins through 2030, with $93.9B in long-term supply agreements. +24.55% 1M, P/E 20.51, analyst buy, but news sentiment -0.026; forward P/E ~7.5 offers deep value.",+24.55% 1M momentum; 80% gross margin guidance; $93.9B supply agreements; forward P/E ~7.5,,,,,
WDC,Western Digital,AI,memory,NASDAQ,450.55,-2.13%,+3.48%,-14.54%,+140.21%,+461%,162.441,2.217,16.74,8.52,5837229,27677729,162354629,13.0,6.31,buy,1.54,-2.13,97.87,-2.13,978.7,-21.3,9787.0,-213.0,3.48,103.48,3.48,1034.8,34.8,10348.0,348.0,-14.54,85.46,-14.54,854.6,-145.4,8546.0,-1454.0,140.21,240.21,140.21,2402.1,1402.1,24021.0,14021.0,461.0,561.0,461.0,5610.0,4610.0,56100.0,46100.0,The Ceiling SanDisk Wrote Into Its Own Contracts,Trefis,2026-08-31,0.0,The Overlooked AI Bet That Could Outperform NVIDIA by 2027,24/7 Wall St.,2026-08-31,-0.026,"The Floor Under Micron's Worst Case Is Written Into Its Contracts, Not Memory Prices",Trefis,2026-08-31,-0.625,,,,,,,,,,
285A,Kioxia Holdings,AI,memory,TSE,312.94,+4.56%,-1.85%,+7.51%,+340.44%,+1690%,171.253,,49.46,42.46,40319000,162422300,848542600,,,buy,1.56,4.56,104.56,4.56,1045.6,45.6,10456.0,456.0,-1.85,98.15,-1.85,981.5,-18.5,9815.0,-185.0,7.51,107.51,7.51,1075.1,75.1,10751.0,751.0,340.44,440.44,340.44,4404.4,3404.4,44044.0,34044.0,1690.0,1790.0,1690.0,17900.0,16900.0,179000.0,169000.0,3 Tech Hardware Stocks Built To Handle Higher Rates And Grow Earnings,Simply Wall St.,2026-08-29,0.0,"Nvidia, Micron, Salesforce, Marvell, Veeva, Okta, Hormel, and More Stocks That Explain Today’s Market",Barrons.com,2026-08-27,0.0,Stock Indices Settle Higher as Nvidia Earnings Spur a Tech Stock Rally,Barchart,2026-08-27,0.0,,,,,,,,,,
MU,Micron Technology,AI,memory,NASDAQ,958.73,+2.99%,+5.31%,+15.58%,+204.13%,+687%,1082.783,2.213,21.68,45.37,22344863,111889063,630381863,6.0,2.66,strong_buy,1.36,2.99,102.99,2.99,1029.9,29.9,10299.0,299.0,5.31,105.31,5.31,1053.1,53.1,10531.0,531.0,15.58,115.58,15.58,1155.8,155.8,11558.0,1558.0,204.13,304.13,204.13,3041.3,2041.3,30413.0,20413.0,687.0,787.0,687.0,7870.0,6870.0,78700.0,68700.0,The Ceiling SanDisk Wrote Into Its Own Contracts,Trefis,2026-08-31,0.0,"Dow Jones Futures: Trump's Iran Warning Sparks Stock Market Losses; Elon Musk-Led SpaceX, Tesla Rally",Investor's Business Daily,2026-08-31,-0.625,VGT’s $58 Billion AI Chip Concentration Could Derail Your 2027 Returns,24/7 Wall St.,2026-08-31,-0.296,2,strong_buy,0.8,"MU +14.21% 1M, P/E 21.25, strong_buy analyst consensus, low short 2.66%. Nvidia doubled memory purchases, providing strong demand visibility.",+14.21% 1M; P/E 21.25; strong_buy consensus; Nvidia memory demand,,,,,
STX,Seagate Technology,AI,memory,NASDAQ,828.38,-0.11%,+4.24%,-0.32%,+188.80%,+387%,187.748,2.102,59.42,4.75,3453714,15837514,87976014,36.0,4.12,strong_buy,1.44,-0.11,99.89,-0.11,998.9,-1.1,9989.0,-11.0,4.24,104.24,4.24,1042.4,42.4,10424.0,424.0,-0.32,99.68,-0.32,996.8,-3.2,9968.0,-32.0,188.8,288.8,188.8,2888.0,1888.0,28880.0,18880.0,387.0,487.0,387.0,4870.0,3870.0,48700.0,38700.0,The Ceiling SanDisk Wrote Into Its Own Contracts,Trefis,2026-08-31,0.0,Seagate (STX) Stock May Be 30% Undervalued On AI Bubble Fears,Simply Wall St.,2026-08-31,-0.421,Seagate Technology Holdings (STX) Heads To AI Summit As Investors Ask If The Story Is Priced In,Simply Wall St.,2026-08-31,0.0,,,,,,,,,,
MRVL,Marvell Technology,AI,memory,NASDAQ,211.66,-2.19%,-7.69%,+9.23%,+137.13%,+235%,190.219,2.246,70.32,40.25,23518678,151845378,519922578,11.0,3.79,strong_buy,1.41,-2.19,97.81,-2.19,978.1,-21.9,9781.0,-219.0,-7.69,92.31,-7.69,923.1,-76.9,9231.0,-769.0,9.23,109.23,9.23,1092.3,92.3,10923.0,923.0,137.13,237.13,137.13,2371.3,1371.3,23713.0,13713.0,235.0,335.0,235.0,3350.0,2350.0,33500.0,23500.0,The Biggest Risk To Cerebras Systems Stock Is Sitting Inside Its Backlog,Trefis,2026-08-31,-0.273,Is Broadcom (AVGO) Stock a Buy Before Its Q3 Earnings?,Zacks,2026-08-31,0.0,Could Marvell Be the Next $100 Billion AI Stock?,24/7 Wall St.,2026-08-31,0.0,6,strong_buy,0.952,"MRVL +12.66% 1M, strong_buy analyst, P/E 70.2, news sentiment neutral. Beneficiary of AI networking expansion.",+12.66% 1M; strong_buy consensus; AI networking; P/E 70.2,,,,,
P,Everpure,AI,memory,NYSE,92.95,-0.78%,-7.46%,+15.98%,+34.69%,+21%,30.897,1.414,127.33,3.13,3213075,21911175,75564375,,3.73,buy,1.55,-0.78,99.22,-0.78,992.2,-7.8,9922.0,-78.0,-7.46,92.54,-7.46,925.4,-74.6,9254.0,-746.0,15.98,115.98,15.98,1159.8,159.8,11598.0,1598.0,34.69,134.69,34.69,1346.9,346.9,13469.0,3469.0,21.0,121.0,21.0,1210.0,210.0,12100.0,2100.0,Everpure (P) Q2 2027 Earnings Call Transcript,Motley Fool,2026-08-31,0.0,Why Everpure Stock Plummeted This Week,Motley Fool,2026-08-30,0.0,Everpure (P) Stock May Trade At A 28% Discount Despite A Hyperscaler Design Win,Simply Wall St.,2026-08-29,0.586,9,buy,0.45,"P +19.87% 1M, analyst buy, news sentiment 0.201, but P/E 126.72. Memory-related play with strong momentum.",+19.87% 1M; analyst buy; news sentiment 0.201; memory sector,,,,,
RR.,Rolls-Royce Holdings,AI,nuclear-ops,LSE,20.73,+0.04%,+1.86%,+7.81%,+27.85%,+39%,1.71,1.19,42.51,23.4,11502587,70605326,480386254,78.0,,buy,1.6,0.04,100.04,0.04,1000.4,0.4,10004.0,4.0,1.86,101.86,1.86,1018.6,18.6,10186.0,186.0,7.81,107.81,7.81,1078.1,78.1,10781.0,781.0,27.85,127.85,27.85,1278.5,278.5,12785.0,2785.0,39.0,139.0,39.0,1390.0,390.0,13900.0,3900.0,Rolls-Royce expands Indiana manufacturing with $1B investment,Manufacturing Dive,2026-08-31,0.103,Are Aerospace Stocks Lagging  RTX Corporation (RTX) This Year?,Zacks,2026-08-28,-0.273,NuScale Power Deploys AI to Accelerate Next-Generation Nuclear SMRs,Zacks,2026-08-26,0.0,,,,,,,,,,
CEG,Constellation Energy,AI,nuclear-ops,NASDAQ,274.77,-0.84%,+0.49%,+0.54%,-24.64%,-10%,97.353,1.118,26.83,3.39,2494816,10493616,54344616,62.0,2.97,buy,1.55,-0.84,99.16,-0.84,991.6,-8.4,9916.0,-84.0,0.49,100.49,0.49,1004.9,4.9,10049.0,49.0,0.54,100.54,0.54,1005.4,5.4,10054.0,54.0,-24.64,75.36,-24.64,753.6,-246.4,7536.0,-2464.0,-10.0,90.0,-10.0,900.0,-100.0,9000.0,-1000.0,Constellation Energy vs. NextEra Energy: Which Utilities Stock Is a Better Investment in 2026?,Motley Fool,2026-08-31,0.727,CEG vs. VST: Which Nuclear Utility Stock Stands Out for Investors?,Zacks,2026-08-31,0.0,Vistra Won’t Stop Declining in 2026: Why Does This Prominent Wall Street Firm Expect 120% Returns?,24/7 Wall St.,2026-08-31,0.109,,,,,,,,,,
VST,Vistra Corp,AI,nuclear-ops,NYSE,137.37,-0.46%,+1.26%,-11.91%,-16.63%,-26%,46.106,1.433,23.13,4.36,4110684,17600884,95724084,67.0,3.32,strong_buy,1.35,-0.46,99.54,-0.46,995.4,-4.6,9954.0,-46.0,1.26,101.26,1.26,1012.6,12.6,10126.0,126.0,-11.91,88.09,-11.91,880.9,-119.1,8809.0,-1191.0,-16.63,83.37,-16.63,833.7,-166.3,8337.0,-1663.0,-26.0,74.0,-26.0,740.0,-260.0,7400.0,-2600.0,CEG vs. VST: Which Nuclear Utility Stock Stands Out for Investors?,Zacks,2026-08-31,0.0,Vistra Won’t Stop Declining in 2026: Why Does This Prominent Wall Street Firm Expect 120% Returns?,24/7 Wall St.,2026-08-31,0.109,"Thanks Nvidia, But These Power Stocks Have Other Ways to Win",Barrons.com,2026-08-31,0.799,,,,,,,,,,
TLN,Talen Energy,AI,nuclear-ops,NASDAQ,295.76,-0.98%,-3.20%,-14.15%,-25.45%,-21%,14.172,1.673,,0.85,741086,3153486,18136686,,5.05,buy,1.59,-0.98,99.02,-0.98,990.2,-9.8,9902.0,-98.0,-3.2,96.8,-3.2,968.0,-32.0,9680.0,-320.0,-14.15,85.85,-14.15,858.5,-141.5,8585.0,-1415.0,-25.45,74.55,-25.45,745.5,-254.5,7455.0,-2545.0,-21.0,79.0,-21.0,790.0,-210.0,7900.0,-2100.0,Vistra Won’t Stop Declining in 2026: Why Does This Prominent Wall Street Firm Expect 120% Returns?,24/7 Wall St.,2026-08-31,0.109,"Thanks Nvidia, But These Power Stocks Have Other Ways to Win",Barrons.com,2026-08-31,0.799,How Talen Energy Corporation (TLN) Transformed Bankruptcy into a High-Yield Masterclass,Insider Monkey,2026-08-27,0.273,,,,,,,,,,
BEP,Brookfield Renewable,AI,nuclear-ops,NYSE,31.62,-0.57%,-2.26%,-6.12%,+15.81%,+27%,15.383,0.995,,0.87,551362,2382762,16650362,494.0,0.67,buy,2.31,-0.57,99.43,-0.57,994.3,-5.7,9943.0,-57.0,-2.26,97.74,-2.26,977.4,-22.6,9774.0,-226.0,-6.12,93.88,-6.12,938.8,-61.2,9388.0,-612.0,15.81,115.81,15.81,1158.1,158.1,11581.0,1581.0,27.0,127.0,27.0,1270.0,270.0,12700.0,2700.0,Brookfield Renewable Corp's Dividend Analysis,GuruFocus.com,2026-08-31,0.0,Brookfield Renewable Partners LP's Dividend Analysis,GuruFocus.com,2026-08-31,0.0,Is Brookfield Renewable a Better Buy Now Than It Was 6 Months Ago?,Motley Fool,2026-08-23,0.44,,,,,,,,,,
BEPC,Brookfield Renewable Corp,AI,nuclear-ops,NYSE,32.15,+0.00%,-2.22%,-5.88%,-17.87%,-2%,5.967,1.166,,1.65,1293413,6118713,35696913,486.0,,none,,0.0,100.0,0.0,1000.0,0.0,10000.0,0.0,-2.22,97.78,-2.22,977.8,-22.2,9778.0,-222.0,-5.88,94.12,-5.88,941.2,-58.8,9412.0,-588.0,-17.87,82.13,-17.87,821.3,-178.7,8213.0,-1787.0,-2.0,98.0,-2.0,980.0,-20.0,9800.0,-200.0,Brookfield Renewable Corp's Dividend Analysis,GuruFocus.com,2026-08-31,0.0,2 Dividend Stocks Compounding Quietly While Oil Headlines Distract Everyone,Motley Fool,2026-08-25,-0.296,Why I'm Not Chasing NuScale -- Here's What I'm Buying Instead,Motley Fool,2026-08-11,0.0,,,,,,,,,,
GEV,GE Vernova,AI,smr,NYSE,898.53,-1.70%,-4.62%,-10.75%,+32.47%,+57%,239.309,1.033,25.79,2.74,3565436,11324636,42620836,22.0,2.98,buy,1.54,-1.7,98.3,-1.7,983.0,-17.0,9830.0,-170.0,-4.62,95.38,-4.62,953.8,-46.2,9538.0,-462.0,-10.75,89.25,-10.75,892.5,-107.5,8925.0,-1075.0,32.47,132.47,32.47,1324.7,324.7,13247.0,3247.0,57.0,157.0,57.0,1570.0,570.0,15700.0,5700.0,"Firms including Chevron, ONGC, GE Vernova on track to sign final pacts in Venezuela, sources say",Reuters,2026-08-31,0.0,GE Vernova Stock Drops. Is SpaceX Coming for Them Too?,Barrons.com,2026-08-31,0.0,Elon Musk Is Trying to Break GE Vernova's AI Power Bottleneck,Benzinga Prediction Markets,2026-08-31,0.0,,,,,,,,,,
BWXT,BWX Technologies,AI,smr,NYSE,152.29,-1.37%,+1.85%,-12.23%,-15.89%,-4%,13.953,0.76,39.35,1.01,1007984,6210484,21873384,69.0,3.8,buy,1.81,-1.37,98.63,-1.37,986.3,-13.7,9863.0,-137.0,1.85,101.85,1.85,1018.5,18.5,10185.0,185.0,-12.23,87.77,-12.23,877.7,-122.3,8777.0,-1223.0,-15.89,84.11,-15.89,841.1,-158.9,8411.0,-1589.0,-4.0,96.0,-4.0,960.0,-40.0,9600.0,-400.0,The Army Just Put A Price On Five Nuclear Microreactors For U.S. Bases,Investor's Business Daily,2026-08-31,0.0,BWXT’s Microreactor Bet Gets a Major Vote of Confidence from the U.S. Army,Insider Monkey,2026-08-29,0.552,BWX Technologies’ Army Reactor Win Could Redraw Its Nuclear Growth Story,MarketBeat,2026-08-28,0.751,,,,,,,,,,
SMR,NuScale Power,AI,smr,NYSE,9.27,-0.11%,+2.43%,+2.89%,-43.16%,-75%*,3.804,2.306,,33.69,23136408,206293808,708103908,,18.4,hold,2.56,-0.11,99.89,-0.11,998.9,-1.1,9989.0,-11.0,2.43,102.43,2.43,1024.3,24.3,10243.0,243.0,2.89,102.89,2.89,1028.9,28.9,10289.0,289.0,-43.16,56.84,-43.16,568.4,-431.6,5684.0,-4316.0,-75.0,25.0,-75.0,250.0,-750.0,2500.0,-7500.0,Is XE Building the Infrastructure Needed for Advanced Nuclear Scale-Up?,Zacks,2026-08-31,0.25,"NuScale Power's CFO Sells Nearly 30,000 Company Shares as the Stock Remains Near a 52-Week Low",Motley Fool,2026-08-31,0.026,"NuScale Reported Just $75,000 in Quarterly Revenue and Announced a $750 Million Share Sale. Is The Dilution Worth the Dream?",Motley Fool,2026-08-31,0.625,,,,,,,,,,
OKLO,Oklo Inc,AI,smr,NYSE,40.57,+0.55%,+2.22%,-1.58%,-47.85%,-45%*,7.546,1.201,,10.49,6207506,59716606,208492006,,15.86,none,,0.55,100.55,0.55,1005.5,5.5,10055.0,55.0,2.22,102.22,2.22,1022.2,22.2,10222.0,222.0,-1.58,98.42,-1.58,984.2,-15.8,9842.0,-158.0,-47.85,52.15,-47.85,521.5,-478.5,5215.0,-4785.0,-45.0,55.0,-45.0,550.0,-450.0,5500.0,-4500.0,PJM drops Oklo advanced nuclear project from interconnection study cycle,Utility Dive,2026-08-31,0.25,Oklo vs. X-Energy: Which One Actually Produces Nuclear Power First?,Motley Fool,2026-08-30,0.0,Are Oklo and NuScale Power Still a Buy After Data Center Backlash?,Motley Fool,2026-08-30,0.0,,,,,,,,,,
NNE,NANO Nuclear Energy,AI,smr,NASDAQ,18.29,+1.72%,+0.11%,+4.04%,-33.76%,-45%*,0.982,5.409,,2.49,1186145,7961445,38004245,,34.02,buy,1.57,1.72,101.72,1.72,1017.2,17.2,10172.0,172.0,0.11,100.11,0.11,1001.1,1.1,10011.0,11.0,4.04,104.04,4.04,1040.4,40.4,10404.0,404.0,-33.76,66.24,-33.76,662.4,-337.6,6624.0,-3376.0,-45.0,55.0,-45.0,550.0,-450.0,5500.0,-4500.0,The US Army Is Driving the Next Big Breakthrough in Nuclear Power,Barrons.com,2026-08-27,0.0,Nano Nuclear Energy Bring Microreactors to UAE,Bloomberg,2026-08-26,0.273,A Major Short Squeeze Could Be Brewing in Oklo Stock,Barchart,2026-08-21,0.0,10,buy,0.4,"NNE +15.02% 1M, analyst buy, news sentiment 0.204, but high beta 5.409 and short 34%. Small nuclear reactor play.",+15.02% 1M; analyst buy; news sentiment 0.204; SMR catalyst,,,,,
CCJ,Cameco Corporation,AI,uranium,NYSE,98.76,-1.18%,-3.43%,+10.08%,+0.20%,+33%,43.013,0.992,173.26,3.38,3031817,17127017,59558217,17.0,,buy,1.59,-1.18,98.82,-1.18,988.2,-11.8,9882.0,-118.0,-3.43,96.57,-3.43,965.7,-34.3,9657.0,-343.0,10.08,110.08,10.08,1100.8,100.8,11008.0,1008.0,0.2,100.2,0.2,1002.0,2.0,10020.0,20.0,33.0,133.0,33.0,1330.0,330.0,13300.0,3300.0,Are Options Traders Betting on a Big Move in Cameco Stock?,Zacks,2026-08-31,0.0,Cameco Stock And 2 AI Infrastructure Picks With High Growth Potential,Simply Wall St.,2026-08-29,0.382,Cameco (TSX:CCO) Stock Looks Pricey On Cash Flow And Sales,Simply Wall St.,2026-08-28,0.0,8,buy,0.5,"CCJ +13.32% 1M, analyst buy, news sentiment 0.245, P/E 168.77 high. Uranium producer benefiting from nuclear renaissance.",+13.32% 1M; analyst buy; news sentiment 0.245; nuclear renaissance,,,,,
UEC,Uranium Energy Corp,AI,uranium,NYSE,12.24,-1.21%,-2.16%,+22.77%,-6.64%,+13%,6.057,1.208,,9.69,9646609,48061409,170524209,,14.55,strong_buy,1.44,-1.21,98.79,-1.21,987.9,-12.1,9879.0,-121.0,-2.16,97.84,-2.16,978.4,-21.6,9784.0,-216.0,22.77,122.77,22.77,1227.7,227.7,12277.0,2277.0,-6.64,93.36,-6.64,933.6,-66.4,9336.0,-664.0,13.0,113.0,13.0,1130.0,130.0,11300.0,1300.0,"NuScale Power Rises 4%, Oklo Climbs 3% as Risk Appetite Returns, Uranium Energy Ticks Up",24/7 Wall St.,2026-08-27,0.0,Is Uranium Energy (UEC) Too Pricey After A 413% Five Year Run?,Simply Wall St.,2026-08-27,0.273,Is Uranium Energy (UEC) Still Undervalued After Its Nuclear Stock Rebound?,Simply Wall St.,2026-08-27,0.273,7,strong_buy,0.55,"UEC +26.41% 1M, strong_buy analyst, news sentiment 0.164, but high short 14.55%. Uranium demand for nuclear power.",+26.41% 1M; strong_buy consensus; news sentiment 0.164; uranium demand,,,,,
LEU,Centrus Energy,AI,uranium,NYSE,171.4,-2.94%,-3.24%,-7.23%,-37.10%,-14%,3.42,1.35,90.21,0.79,529694,3502194,12317394,,29.16,buy,1.78,-2.94,97.06,-2.94,970.6,-29.4,9706.0,-294.0,-3.24,96.76,-3.24,967.6,-32.4,9676.0,-324.0,-7.23,92.77,-7.23,927.7,-72.3,9277.0,-723.0,-37.1,62.9,-37.1,629.0,-371.0,6290.0,-3710.0,-14.0,86.0,-14.0,860.0,-140.0,8600.0,-1400.0,Is XE Building the Infrastructure Needed for Advanced Nuclear Scale-Up?,Zacks,2026-08-31,0.25,CCJ's Uranium Production Down 5% in 1H26: Will 2026 Targets be Met?,Zacks,2026-08-27,0.0,UUUU vs. LEU: Which Uranium Stock Offers Better Potential?,Zacks,2026-08-26,0.44,,,,,,,,,,
VRT,Vertiv Holdings,AI,power-infra,NYSE,258.72,-0.15%,+1.47%,-1.65%,+47.39%,+107%,99.604,2.077,58.53,5.99,4080269,20378069,95255769,10.0,3.4,strong_buy,1.39,-0.15,99.85,-0.15,998.5,-1.5,9985.0,-15.0,1.47,101.47,1.47,1014.7,14.7,10147.0,147.0,-1.65,98.35,-1.65,983.5,-16.5,9835.0,-165.0,47.39,147.39,47.39,1473.9,473.9,14739.0,4739.0,107.0,207.0,107.0,2070.0,1070.0,20700.0,10700.0,Vertiv Stock Nearly Doubled On The Same Projects That Delayed Its Revenue,Trefis,2026-08-31,-0.226,"GE Vernova Slides 3%, Vertiv Holdings and Eaton Sit Out the Selloff: Is the Rivian CFO Handoff Still Driving the Drawdown?",24/7 Wall St.,2026-08-31,0.0,Buy 3 Computers IT Services Stocks to Enhance Your Portfolio Returns,Zacks,2026-08-31,0.0,,,,,,,,,,
ETN,Eaton Corporation,AI,power-infra,NYSE,401.88,-0.47%,-1.66%,-8.07%,+23.81%,+17%,156.09,1.177,40.88,2.27,2165437,8924437,39587437,109.0,1.65,buy,1.59,-0.47,99.53,-0.47,995.3,-4.7,9953.0,-47.0,-1.66,98.34,-1.66,983.4,-16.6,9834.0,-166.0,-8.07,91.93,-8.07,919.3,-80.7,9193.0,-807.0,23.81,123.81,23.81,1238.1,238.1,12381.0,2381.0,17.0,117.0,17.0,1170.0,170.0,11700.0,1700.0,Vertiv Stock Nearly Doubled On The Same Projects That Delayed Its Revenue,Trefis,2026-08-31,-0.226,"Top Analyst Reports for Microsoft, Intel & Bank of America",Zacks,2026-08-31,0.202,Is Eaton Stock Riskier Than It Was A Year Ago?,Trefis,2026-08-31,-0.34,,,,,,,,,,
POWL,Powell Industries,AI,power-infra,NASDAQ,179.73,-2.85%,-4.89%,-18.16%,+53.15%,+108%,6.548,1.216,34.37,0.73,651568,2446868,12836068,20.0,10.16,buy,2.25,-2.85,97.15,-2.85,971.5,-28.5,9715.0,-285.0,-4.89,95.11,-4.89,951.1,-48.9,9511.0,-489.0,-18.16,81.84,-18.16,818.4,-181.6,8184.0,-1816.0,53.15,153.15,53.15,1531.5,531.5,15315.0,5315.0,108.0,208.0,108.0,2080.0,1080.0,20800.0,10800.0,"Stock Transaction: Powell Industries Richard Williams Sells 2,250 Shares",Motley Fool,2026-08-27,0.296,This $11 Billion ETF Owns the Companies Wiring America’s $68 Billion Data Center Boom,24/7 Wall St.,2026-08-26,0.0,Powell Industries Eyes Record Revenue as Data Center Backlog Powers Growth,MarketBeat,2026-08-26,0.382,,,,,,,,,,
EQIX,Equinix,AI,dc-operators,NASDAQ,1046.72,+1.48%,-0.80%,+1.97%,+39.07%,+35%,103.281,0.972,67.27,0.59,739229,2671629,12150229,198.0,1.92,buy,1.53,1.48,101.48,1.48,1014.8,14.8,10148.0,148.0,-0.8,99.2,-0.8,992.0,-8.0,9920.0,-80.0,1.97,101.97,1.97,1019.7,19.7,10197.0,197.0,39.07,139.07,39.07,1390.7,390.7,13907.0,3907.0,35.0,135.0,35.0,1350.0,350.0,13500.0,3500.0,"Fresh Off a U.S. Funding Deal, This Quantum Start-Up Is Moving Into Data Centers",Barrons.com,2026-08-31,0.318,Equinix’s AI Power-Grid Push Might Change The Case For Investing In Equinix (EQIX),Simply Wall St.,2026-08-28,0.0,Why Is Equinix (EQIX) Up 2.8% Since Last Earnings Report?,Zacks,2026-08-28,0.0,,,,,,,,,,
DLR,Digital Realty,AI,dc-operators,NYSE,185.59,+1.69%,-1.57%,-2.94%,+21.33%,+14%,70.091,1.042,90.09,2.92,6409267,12779967,44043867,263.0,0.01,strong_buy,1.45,1.69,101.69,1.69,1016.9,16.9,10169.0,169.0,-1.57,98.43,-1.57,984.3,-15.7,9843.0,-157.0,-2.94,97.06,-2.94,970.6,-29.4,9706.0,-294.0,21.33,121.33,21.33,1213.3,213.3,12133.0,2133.0,14.0,114.0,14.0,1140.0,140.0,11400.0,1400.0,Digital Realty Expands Swiss Campus With 15MW ZUR4 Data Center,Zacks,2026-08-28,0.103,American Tower (AMT) Down 2% Since Last Earnings Report: Can It Rebound?,Zacks,2026-08-27,0.0,"Digital Realty Trust (DLR) Wins Singapore Data Center Slot, Is It Still 14% Undervalued?",Simply Wall St.,2026-08-26,0.791,,,,,,,,,,
AMT,American Tower,AI,dc-operators,NYSE,175.7,-0.14%,-1.51%,+1.56%,+2.49%,-12%,81.87,0.894,24.13,3.02,2848147,10053547,44923047,396.0,1.74,buy,1.52,-0.14,99.86,-0.14,998.6,-1.4,9986.0,-14.0,-1.51,98.49,-1.51,984.9,-15.1,9849.0,-151.0,1.56,101.56,1.56,1015.6,15.6,10156.0,156.0,2.49,102.49,2.49,1024.9,24.9,10249.0,249.0,-12.0,88.0,-12.0,880.0,-120.0,8800.0,-1200.0,Key Reasons to Add Lamar Advertising Stock to Your Portfolio Now,Zacks,2026-08-28,0.0,Digital Realty Expands Swiss Campus With 15MW ZUR4 Data Center,Zacks,2026-08-28,0.103,"Terreno Realty Reshapes Its Portfolio, Sells Miami Asset",Zacks,2026-08-28,0.361,,,,,,,,,,
GOOGL,Alphabet (Google),AI,hyperscalers,NASDAQ,339.35,-1.98%,-2.50%,-9.15%,+7.82%,+64%,4150.229,1.237,17.03,31.57,33315062,123093862,521283562,25.0,1.24,strong_buy,1.36,-1.98,98.02,-1.98,980.2,-19.8,9802.0,-198.0,-2.5,97.5,-2.5,975.0,-25.0,9750.0,-250.0,-9.15,90.85,-9.15,908.5,-91.5,9085.0,-915.0,7.82,107.82,7.82,1078.2,78.2,10782.0,782.0,64.0,164.0,64.0,1640.0,640.0,16400.0,6400.0,"Here comes the AI capex shocker, Goldman Sachs says",Yahoo Finance,2026-08-31,-0.153,"Jensen Huang Told Investors in June to 'Buy at a Discount' During Nvidia's Sell-Off. Nearly Three Months Later, Nvidia Is Up 4%, and a Broader AI Basket Gained 8%. Did His Call Pay Off?",Motley Fool,2026-08-31,0.296,Stock Market Today: Dow Skids As Trump Gives This AI Warning; Tesla Pops Ahead Of Key Event,Investor's Business Daily,2026-08-31,-0.34,,,,,,,,,,
MSFT,Microsoft,AI,hyperscalers,NASDAQ,507.29,-1.12%,+4.10%,+4.22%,+7.94%,+2%,3766.906,1.099,28.23,38.14,26637042,124782042,596637942,71.0,0.92,strong_buy,1.36,-1.12,98.88,-1.12,988.8,-11.2,9888.0,-112.0,4.1,104.1,4.1,1041.0,41.0,10410.0,410.0,4.22,104.22,4.22,1042.2,42.2,10422.0,422.0,7.94,107.94,7.94,1079.4,79.4,10794.0,794.0,2.0,102.0,2.0,1020.0,20.0,10200.0,200.0,"Here comes the AI capex shocker, Goldman Sachs says",Yahoo Finance,2026-08-31,-0.153,"Jensen Huang Told Investors in June to 'Buy at a Discount' During Nvidia's Sell-Off. Nearly Three Months Later, Nvidia Is Up 4%, and a Broader AI Basket Gained 8%. Did His Call Pay Off?",Motley Fool,2026-08-31,0.296,Microsoft (MSFT) Brings Arabic Language AI Models To Its Ecosystem,Simply Wall St.,2026-08-31,0.0,,,,,,,,,,
AMZN,Amazon,AI,hyperscalers,NASDAQ,259.77,-2.38%,-0.88%,-8.54%,+14.69%,+18%,2801.961,1.454,20.88,49.07,45422317,177904217,810125017,,0.97,strong_buy,1.31,-2.38,97.62,-2.38,976.2,-23.8,9762.0,-238.0,-0.88,99.12,-0.88,991.2,-8.8,9912.0,-88.0,-8.54,91.46,-8.54,914.6,-85.4,9146.0,-854.0,14.69,114.69,14.69,1146.9,146.9,11469.0,1469.0,18.0,118.0,18.0,1180.0,180.0,11800.0,1800.0,Best credit cards for shopping on Amazon (2026),Yahoo Personal Finance,2025-11-19,0.818,"Here comes the AI capex shocker, Goldman Sachs says",Yahoo Finance,2026-08-31,-0.153,"Jensen Huang Told Investors in June to 'Buy at a Discount' During Nvidia's Sell-Off. Nearly Three Months Later, Nvidia Is Up 4%, and a Broader AI Basket Gained 8%. Did His Call Pay Off?",Motley Fool,2026-08-31,0.296,,,,,,,,,,
META,Meta Platforms,AI,hyperscalers,NASDAQ,572.34,-1.04%,+2.38%,-3.03%,-11.85%,-21%,1458.04,1.243,21.57,18.49,13275274,85700374,333782974,36.0,1.27,strong_buy,1.35,-1.04,98.96,-1.04,989.6,-10.4,9896.0,-104.0,2.38,102.38,2.38,1023.8,23.8,10238.0,238.0,-3.03,96.97,-3.03,969.7,-30.3,9697.0,-303.0,-11.85,88.15,-11.85,881.5,-118.5,8815.0,-1185.0,-21.0,79.0,-21.0,790.0,-210.0,7900.0,-2100.0,"Here comes the AI capex shocker, Goldman Sachs says",Yahoo Finance,2026-08-31,-0.153,Is Broadcom (AVGO) Stock a Buy Before Its Q3 Earnings?,Zacks,2026-08-31,0.0,Meta just turned teen safety into a competitive advantage,TheStreet,2026-08-31,0.67,,,,,,,,,,
IREN,Iris Energy,AI,ai-compute,NASDAQ,37.12,+4.25%,-6.77%,-6.63%,-13.08%,+22%*,13.264,4.302,,45.5,39403071,251361071,944458971,,27.24,buy,1.59,4.25,104.25,4.25,1042.5,42.5,10425.0,425.0,-6.77,93.23,-6.77,932.3,-67.7,9323.0,-677.0,-6.63,93.37,-6.63,933.7,-66.3,9337.0,-663.0,-13.08,86.92,-13.08,869.2,-130.8,8692.0,-1308.0,22.0,122.0,22.0,1220.0,220.0,12200.0,2200.0,"IREN Climbs 4% as Co-CEO Says Debt and Prepayments Can Fund FY27 Capex, TeraWulf Slips",24/7 Wall St.,2026-08-31,-0.361,IREN vs. CIFR: Which Bitcoin Miner Is the Better AI Play?,Zacks,2026-08-31,0.649,IREN's $4B Contracted ARR: How Quickly Can It Convert Into Revenues?,Zacks,2026-08-31,0.0,,,,,,,,,,
CORZ,Core Scientific,AI,ai-compute,NASDAQ,16.3,-1.67%,-5.62%,-28.60%,+1.94%,+18%*,5.238,5.592,,12.42,10641532,53320532,250279632,,22.32,none,,-1.67,98.33,-1.67,983.3,-16.7,9833.0,-167.0,-5.62,94.38,-5.62,943.8,-56.2,9438.0,-562.0,-28.6,71.4,-28.6,714.0,-286.0,7140.0,-2860.0,1.94,101.94,1.94,1019.4,19.4,10194.0,194.0,18.0,118.0,18.0,1180.0,180.0,11800.0,1800.0,IREN Limited Keeps Falling: A Respected Ratings Agency Sees 185% Growth Anyway,24/7 Wall St.,2026-08-31,0.494,Billionaire hedge fund manager bets on ex-Bitcoin miners,TheStreet,2026-08-30,0.0,"Applied Digital Sinks 7%, IREN Tumbles 13% as Data Center Selloff Broadens Past One Name",24/7 Wall St.,2026-08-28,0.0,,,,,,,,,,
WULF,TeraWulf,AI,ai-compute,NASDAQ,15.13,-1.94%,-2.26%,-19.65%,+18.76%,+59%*,7.549,4.288,,32.74,21822984,128617184,659127184,,25.26,strong_buy,1.26,-1.94,98.06,-1.94,980.6,-19.4,9806.0,-194.0,-2.26,97.74,-2.26,977.4,-22.6,9774.0,-226.0,-19.65,80.35,-19.65,803.5,-196.5,8035.0,-1965.0,18.76,118.76,18.76,1187.6,187.6,11876.0,1876.0,59.0,159.0,59.0,1590.0,590.0,15900.0,5900.0,TeraWulf (WULF) Stock Looks Fully Priced With Cash Flow And Sales Stretched,Simply Wall St.,2026-08-31,0.0,"IREN Climbs 4% as Co-CEO Says Debt and Prepayments Can Fund FY27 Capex, TeraWulf Slips",24/7 Wall St.,2026-08-31,-0.361,TeraWulf (WULF) Could Be 60% Undervalued Following Kentucky Power Approval,Simply Wall St.,2026-08-31,0.477,,,,,,,,,,
HUT,Hut 8 Mining,AI,ai-compute,NASDAQ,78.64,-1.40%,-1.16%,-29.84%,+53.38%,+190%,9.692,6.108,,4.54,4103848,20774148,103429348,,11.96,strong_buy,1.33,-1.4,98.6,-1.4,986.0,-14.0,9860.0,-140.0,-1.16,98.84,-1.16,988.4,-11.6,9884.0,-116.0,-29.84,70.16,-29.84,701.6,-298.4,7016.0,-2984.0,53.38,153.38,53.38,1533.8,533.8,15338.0,5338.0,190.0,290.0,190.0,2900.0,1900.0,29000.0,19000.0,Eric Trump Says American Bitcoin Mines Up to 13 BTC Daily at 49% Margins,BeInCrypto,2026-08-31,0.0,Billionaire hedge fund manager bets on ex-Bitcoin miners,TheStreet,2026-08-30,0.0,"Applied Digital Stock Is Down, But Its AI Data Center Business Is Powering Up. What Gives?",Trefis,2026-08-28,0.0,,,,,,,,,,
SMCI,Super Micro Computer,AI,ai-compute,NASDAQ,37.28,+0.54%,+6.00%,+30.17%,+20.41%,-9%,24.116,1.967,11.44,57.66,22783724,175321024,1123653224,,18.41,hold,2.84,0.54,100.54,0.54,1005.4,5.4,10054.0,54.0,6.0,106.0,6.0,1060.0,60.0,10600.0,600.0,30.17,130.17,30.17,1301.7,301.7,13017.0,3017.0,20.41,120.41,20.41,1204.1,204.1,12041.0,2041.0,-9.0,91.0,-9.0,910.0,-90.0,9100.0,-900.0,Why Now Could Be the Right Time to Buy Super Micro Computer Stock,Barchart,2026-08-31,0.599,Cisco and Supermicro Are Joining Forces in the AI Data Center Boom. How to Play Their Stocks Now.,Barchart,2026-08-31,0.34,Should You Buy Super Micro Computer (SMCI) After Golden Cross?,Zacks,2026-08-31,0.599,3,buy,0.75,"SMCI +31.06% 1M, P/E 11.41 cheap, news sentiment 0.404 positive, golden cross. Higher backlogs for liquid-cooled platforms.",+31.06% 1M; P/E 11.41; news sentiment 0.404; liquid-cooling backlogs,,,,,
DELL,Dell Technologies,AI,ai-compute,NYSE,456.01,-0.02%,+5.27%,+6.29%,+260.08%,+277%,294.647,1.401,36.34,7.37,7614148,24553148,112895548,53.0,4.64,buy,1.78,-0.02,99.98,-0.02,999.8,-0.2,9998.0,-2.0,5.27,105.27,5.27,1052.7,52.7,10527.0,527.0,6.29,106.29,6.29,1062.9,62.9,10629.0,629.0,260.08,360.08,260.08,3600.8,2600.8,36008.0,26008.0,277.0,377.0,277.0,3770.0,2770.0,37700.0,27700.0,"Dell Earnings Could Swing the Stock 11% This Week, a $52 Straddle Shows",BeInCrypto,2026-08-31,0.0,Dell Stock Could Halve Or Double Within Thirteen Months,Trefis,2026-08-31,0.0,Cisco Systems Stock Has A Second Engine The AI Story Hides,Trefis,2026-08-31,-0.178,4,strong_buy,0.874,"DELL +265.68% YTD, +14.24% 1M, P/E 36.9, analyst buy, but news sentiment -0.112. Strong momentum in AI server demand.",+265.68% YTD; +14.24% 1M; P/E 36.9; AI server demand,,,,,
COHR,Coherent Corp,AI,fibre-optical,NYSE,277.83,-0.42%,+0.85%,-3.58%,+42.97%,+218%,54.409,2.107,67.27,6.16,4988153,25323153,157115853,,6.0,buy,1.64,-0.42,99.58,-0.42,995.8,-4.2,9958.0,-42.0,0.85,100.85,0.85,1008.5,8.5,10085.0,85.0,-3.58,96.42,-3.58,964.2,-35.8,9642.0,-358.0,42.97,142.97,42.97,1429.7,429.7,14297.0,4297.0,218.0,318.0,218.0,3180.0,2180.0,31800.0,21800.0,Coherent Stock And 2 AI Infrastructure Picks With Strong Cash Flow,Simply Wall St.,2026-08-31,0.511,How networking became the critical layer of AI,Investing.com,2026-08-29,-0.318,Marvell Fell After Its Google Deal. Why Did Investors Sell These Two AI Optics Stocks Too?,Insider Monkey,2026-08-29,0.0,,,,,,,,,,
LITE,Lumentum Holdings,AI,fibre-optical,NASDAQ,914.76,+2.21%,+10.19%,+17.29%,+136.92%,+575%,82.054,1.513,,5.15,3202640,18516340,103201940,,8.84,buy,1.54,2.21,102.21,2.21,1022.1,22.1,10221.0,221.0,10.19,110.19,10.19,1101.9,101.9,11019.0,1019.0,17.29,117.29,17.29,1172.9,172.9,11729.0,1729.0,136.92,236.92,136.92,2369.2,1369.2,23692.0,13692.0,575.0,675.0,575.0,6750.0,5750.0,67500.0,57500.0,LITE's AI Optics Push Boosts Growth Prospects Against MRVL & NVDA,Zacks,2026-08-31,0.727,Lumentum Holdings (LITE) Is Up 7.8% After New AI Connectivity Push And Analyst Coverage - Has The Bull Case Changed?,Simply Wall St.,2026-08-31,0.0,What Does Lumentum Holdings (LITE) New AI Backing Mean For Its Growth?,Simply Wall St.,2026-08-31,0.402,5,buy,0.917,"LITE +25.30% 1M, +131.69% YTD, analyst buy, news sentiment 0.201. Initiated by analysts with positive outlook.",+25.30% 1M; +131.69% YTD; analyst buy; news sentiment 0.201,,,,,
AAOI,Applied Optoelectronics,AI,fibre-optical,NASDAQ,107.69,+0.69%,+0.06%,-2.29%,+171.94%,+355%,9.144,3.787,,11.95,4589006,28150006,257749506,,12.77,buy,2.33,0.69,100.69,0.69,1006.9,6.9,10069.0,69.0,0.06,100.06,0.06,1000.6,0.6,10006.0,6.0,-2.29,97.71,-2.29,977.1,-22.9,9771.0,-229.0,171.94,271.94,171.94,2719.4,1719.4,27194.0,17194.0,355.0,455.0,355.0,4550.0,3550.0,45500.0,35500.0,This Little-Known AI Company Is Quietly Building for the Data Center Boom,24/7 Wall St.,2026-08-31,0.0,"Optics Stocks Slide as AI Hardware Trade Cools: Applied Optoelectronics and Lumentum Fall 6%, Coherent Drops 5%",24/7 Wall St.,2026-08-28,0.0,"Lumentum Climbs 4% as the AI Optics Trade Extends a Second Session, Coherent and Applied Optoelectronics Drift",24/7 Wall St.,2026-08-26,0.128,,,,,,,,,,
FN,Fabrinet,AI,fibre-optical,NYSE,412.93,-0.45%,-1.95%,-9.43%,-13.87%,+23%,14.797,1.222,31.64,0.99,1000440,4484240,21690040,,4.34,buy,1.78,-0.45,99.55,-0.45,995.5,-4.5,9955.0,-45.0,-1.95,98.05,-1.95,980.5,-19.5,9805.0,-195.0,-9.43,90.57,-9.43,905.7,-94.3,9057.0,-943.0,-13.87,86.13,-13.87,861.3,-138.7,8613.0,-1387.0,23.0,123.0,23.0,1230.0,230.0,12300.0,2300.0,Fabrinet (FN) Stock Looks Fully Priced Following Its 312% 5 Year Run,Simply Wall St.,2026-08-28,0.0,Fabrinet (FN) Beat Every Estimate. Its Stock Still Fell 11%,Insider Monkey,2026-08-28,0.0,Fabrinet (FN) Guidance And Earnings Put Its Valuation Debate Back In Focus,Simply Wall St.,2026-08-28,0.0,,,,,,,,,,
MTSI,MACOM Technology,AI,dsp-semi,NASDAQ,263.83,+0.48%,+2.49%,+3.02%,+50.79%,+102%,20.149,1.71,84.29,1.64,791299,5299599,28863299,,3.57,buy,1.69,0.48,100.48,0.48,1004.8,4.8,10048.0,48.0,2.49,102.49,2.49,1024.9,24.9,10249.0,249.0,3.02,103.02,3.02,1030.2,30.2,10302.0,302.0,50.79,150.79,50.79,1507.9,507.9,15079.0,5079.0,102.0,202.0,102.0,2020.0,1020.0,20200.0,10200.0,Wall Street Analysts Predict a 46.99% Upside in M/A-Com (MTSI): Here's  What You Should Know,Zacks,2026-08-31,0.0,"AMD, Marvell Technology, Semtech, Allegro MicroSystems, and MACOM Stocks Trade Up, What You Need To Know",StockStory,2026-08-25,0.0,1 of Wall Street’s Favorite Stocks with Exciting Potential and 2 We Ignore,StockStory,2026-08-25,0.572,,,,,,,,,,
SMTC,Semtech,AI,dsp-semi,NASDAQ,132.96,+1.24%,+9.97%,+11.66%,+76.67%,+127%,12.409,2.345,88.05,3.41,1996958,27764658,65610658,,9.0,strong_buy,1.2,1.24,101.24,1.24,1012.4,12.4,10124.0,124.0,9.97,109.97,9.97,1099.7,99.7,10997.0,997.0,11.66,111.66,11.66,1116.6,116.6,11166.0,1166.0,76.67,176.67,76.67,1766.7,766.7,17667.0,7667.0,127.0,227.0,127.0,2270.0,1270.0,22700.0,12700.0,Wall Street Analysts Predict a 56.44% Upside in Semtech (SMTC): Here's  What You Should Know,Zacks,2026-08-31,0.0,Here's How Much a $1000 Investment in Semtech Made 10 Years Ago Would Be Worth Today,Zacks,2026-08-31,0.226,5 big analyst AI moves: Downgrades for SAP and Intuit; AMD lifted to Strong Buy,Investing.com,2026-08-29,0.511,,,,,,,,,,
CRDO,Credo Technology,AI,dsp-semi,NASDAQ,226.19,-2.92%,+1.61%,+3.59%,+57.93%,+87%,42.509,3.233,90.12,7.46,4242265,16910565,89112865,,3.69,strong_buy,1.32,-2.92,97.08,-2.92,970.8,-29.2,9708.0,-292.0,1.61,101.61,1.61,1016.1,16.1,10161.0,161.0,3.59,103.59,3.59,1035.9,35.9,10359.0,359.0,57.93,157.93,57.93,1579.3,579.3,15793.0,5793.0,87.0,187.0,87.0,1870.0,870.0,18700.0,8700.0,Prediction: Marvell Stock Could Be on the Verge of Another Big Move,24/7 Wall St.,2026-08-31,0.0,"Credo to Report Q1 Earnings: Should You Buy, Hold or Sell the Stock?",Zacks,2026-08-28,0.0,3 Under-the-Radar AI Stocks Wall Street Is Missing,24/7 Wall St.,2026-08-28,-0.296,,,,,,,,,,
MXL,MaxLinear,AI,dsp-semi,NASDAQ,59.91,-2.76%,-4.57%,-10.73%,+223.66%,+295%,5.433,3.975,,3.58,2384540,9206740,46706040,,6.64,none,,-2.76,97.24,-2.76,972.4,-27.6,9724.0,-276.0,-4.57,95.43,-4.57,954.3,-45.7,9543.0,-457.0,-10.73,89.27,-10.73,892.7,-107.3,8927.0,-1073.0,223.66,323.66,223.66,3236.6,2236.6,32366.0,22366.0,295.0,395.0,295.0,3950.0,2950.0,39500.0,29500.0,MXL vs. VICR: Which Has the Better AI Infrastructure Opportunity?,Zacks,2026-08-28,0.691,Why Is NXP (NXPI) Down 7.4% Since Last Earnings Report?,Zacks,2026-08-27,0.0,MXL's AI Optical Growth Accelerates: Can It Challenge AVGO & MRVL?,Zacks,2026-08-26,0.44,,,,,,,,,,
KEYS,Keysight Technologies,AI,test-equip,NYSE,322.7,+0.85%,+3.88%,+0.25%,+56.20%,+95%,54.956,1.21,43.67,1.48,1493571,7759871,30502571,,1.98,buy,1.58,0.85,100.85,0.85,1008.5,8.5,10085.0,85.0,3.88,103.88,3.88,1038.8,38.8,10388.0,388.0,0.25,100.25,0.25,1002.5,2.5,10025.0,25.0,56.2,156.2,56.2,1562.0,562.0,15620.0,5620.0,95.0,195.0,95.0,1950.0,950.0,19500.0,9500.0,Synopsys Stock's Upside Now Rests On How It Gets Paid,Trefis,2026-08-31,0.0,Can Cadence's Cash Generation Support Both Growth and Share Buybacks?,Zacks,2026-08-31,0.758,Can Keysight's Solutions Accelerate Advanced IC Development?,Zacks,2026-08-31,0.402,,,,,,,,,,
VIAV,Viavi Solutions,AI,test-equip,NASDAQ,36.29,-1.81%,-1.79%,-3.87%,+99.94%,+218%,8.954,1.234,,6.33,3679818,12650218,95669018,,4.97,strong_buy,1.38,-1.81,98.19,-1.81,981.9,-18.1,9819.0,-181.0,-1.79,98.21,-1.79,982.1,-17.9,9821.0,-179.0,-3.87,96.13,-3.87,961.3,-38.7,9613.0,-387.0,99.94,199.94,99.94,1999.4,999.4,19994.0,9994.0,218.0,318.0,218.0,3180.0,2180.0,31800.0,21800.0,VIAV Gains From Diverse Portfolio Offering: Will it Boost Prospects?,Zacks,2026-08-28,0.743,Is Viavi Solutions (VIAV) Undervalued On Its Data Center Growth Story?,Simply Wall St.,2026-08-28,0.511,Should VIAV Stock Be Part of Your Portfolio After Solid Q4 Results?,Zacks,2026-08-27,0.153,,,,,,,,,,
AXTI,AXT Inc,AI,materials,NASDAQ,60.61,+2.11%,-7.32%,-11.74%,+261.63%,+1688%,3.974,1.933,2020.33,10.39,6359924,32832924,244882524,,17.12,none,,2.11,102.11,2.11,1021.1,21.1,10211.0,211.0,-7.32,92.68,-7.32,926.8,-73.2,9268.0,-732.0,-11.74,88.26,-11.74,882.6,-117.4,8826.0,-1174.0,261.63,361.63,261.63,3616.3,2616.3,36163.0,26163.0,1688.0,1788.0,1688.0,17880.0,16880.0,178800.0,168800.0,AXT's Supply Agreements Expand: Can They Strengthen Revenue Growth?,Zacks,2026-08-27,0.807,Here's Why AXT (AXTI) Is a Great 'Buy the Bottom' Stock Now,Zacks,2026-08-25,0.625,AXTI vs. ASYS: Which AI Semiconductor Stock Is the Better Buy Now?,Zacks,2026-08-21,0.44,,,,,,,,,,
AMGN,Amgen,Biotech,large-cap,NASDAQ,429.88,-0.09%,-3.15%,+14.13%,+33.89%,+51%,232.408,0.413,26.72,2.69,2312381,10203481,53827881,233.0,2.23,buy,2.47,-0.09,99.91,-0.09,999.1,-0.9,9991.0,-9.0,-3.15,96.85,-3.15,968.5,-31.5,9685.0,-315.0,14.13,114.13,14.13,1141.3,141.3,11413.0,1413.0,33.89,133.89,33.89,1338.9,338.9,13389.0,3389.0,51.0,151.0,51.0,1510.0,510.0,15100.0,5100.0,One Of Amgen's Biggest Moneymakers Cuts The Risk Of Dying By 20%,Investor's Business Daily,2026-08-31,-0.511,How Is Amgen’s Stock Performance Compared to Other General Drug Manufacturers,Barchart,2026-08-31,0.0,Amgen vs. Axsome Therapeutics: Which Healthcare Stock Is a Better Buy in 2026?,Motley Fool,2026-08-29,0.44,5,buy,0.75,"Solid all-round performer with +33.82% YTD, +12.21% 1M, a reasonable P/E of 26.7, positive news sentiment (0.222), and a buy analyst rating (2.47); large-cap stability ($232B) with a 2.33% dividend yield.",+33.82% YTD; P/E 26.7; positive news sentiment 0.222; 2.33% dividend yield,,,,,
GILD,Gilead Sciences,Biotech,large-cap,NASDAQ,146.34,+5.05%,-0.27%,+11.58%,+21.82%,+29%,181.455,0.336,,7.45,6505810,25356110,133279110,225.0,1.87,buy,1.75,5.05,105.05,5.05,1050.5,50.5,10505.0,505.0,-0.27,99.73,-0.27,997.3,-2.7,9973.0,-27.0,11.58,111.58,11.58,1115.8,115.8,11158.0,1158.0,21.82,121.82,21.82,1218.2,218.2,12182.0,2182.0,29.0,129.0,29.0,1290.0,290.0,12900.0,2900.0,Cocrystal Pharma: The Strategic Reset Investors May Be Missing,Exec Edge,2026-08-31,-0.296,3 Unpopular Stocks with Open Questions,StockStory,2026-08-31,0.0,Gilead Wins FDA Nod for Bixlenvo in Adults Living With HIV Infection,Zacks,2026-08-28,0.572,,,,,,,,,,
REGN,Regeneron Pharmaceuticals,Biotech,large-cap,NASDAQ,799.08,+0.74%,-3.55%,+5.37%,+3.33%,+37%,82.269,0.188,19.77,0.87,894129,3239329,15042229,47.0,2.46,buy,1.89,0.74,100.74,0.74,1007.4,7.4,10074.0,74.0,-3.55,96.45,-3.55,964.5,-35.5,9645.0,-355.0,5.37,105.37,5.37,1053.7,53.7,10537.0,537.0,3.33,103.33,3.33,1033.3,33.3,10333.0,333.0,37.0,137.0,37.0,1370.0,370.0,13700.0,3700.0,Regeneron Pharmaceuticals (REGN) As Pasatru Approval Tests An Undervalued View,Simply Wall St.,2026-08-30,0.477,Regeneron Pharmaceuticals (REGN) Wins FDA Approval For Pasatru In Adult FOP,Simply Wall St.,2026-08-29,0.778,"SNY Stock Trading Above 50- & 200-Day SMAs: Buy, Hold or Sell?",Zacks,2026-08-28,0.0,,,,,,,,,,
VRTX,Vertex Pharmaceuticals,Biotech,large-cap,NASDAQ,544.52,+0.69%,-0.56%,+15.68%,+20.43%,+35%,138.015,0.305,31.71,1.5,1197308,4537208,25203108,,1.85,buy,1.66,0.69,100.69,0.69,1006.9,6.9,10069.0,69.0,-0.56,99.44,-0.56,994.4,-5.6,9944.0,-56.0,15.68,115.68,15.68,1156.8,156.8,11568.0,1568.0,20.43,120.43,20.43,1204.3,204.3,12043.0,2043.0,35.0,135.0,35.0,1350.0,350.0,13500.0,3500.0,1 S&P 500 Stock with Exciting Potential and 2 We Ignore,StockStory,2026-08-31,0.178,Neurocrine's Crenessity Gains Ground in CAH: How Far Can Sales Go?,Zacks,2026-08-31,0.34,Vertex Pharmaceuticals Up 15% in a Month: How to Play the Stock,Zacks,2026-08-26,0.34,,,,,,,,,,
BIIB,Biogen,Biotech,large-cap,NASDAQ,216.65,-0.71%,-0.67%,+7.35%,+21.84%,+56%,32.011,0.162,38.41,1.13,807712,2965012,15943412,,3.92,buy,1.83,-0.71,99.29,-0.71,992.9,-7.1,9929.0,-71.0,-0.67,99.33,-0.67,993.3,-6.7,9933.0,-67.0,7.35,107.35,7.35,1073.5,73.5,10735.0,735.0,21.84,121.84,21.84,1218.4,218.4,12184.0,2184.0,56.0,156.0,56.0,1560.0,560.0,15600.0,5600.0,"Josh Brown Says ‘Take a Break From AI CapEx World,’ Highlights His 2 Top Healthcare Stock Picks",Insider Monkey,2026-08-30,0.202,Why Is Biogen (BIIB) Up 6.5% Since Last Earnings Report?,Zacks,2026-08-28,0.0,Veeva Systems Inc (VEEV) (Q2 2027) Earnings Call Highlights: Record CRM Quarter and AI Momentum ...,GuruFocus.com,2026-08-27,0.0,,,,,,,,,,
BMY,Bristol-Myers Squibb,Biotech,large-cap,NYSE,66.81,+0.32%,-0.70%,+2.05%,+27.69%,+40%,136.473,0.225,14.72,11.86,12635646,38268346,223835946,378.0,2.25,buy,2.46,0.32,100.32,0.32,1003.2,3.2,10032.0,32.0,-0.7,99.3,-0.7,993.0,-7.0,9930.0,-70.0,2.05,102.05,2.05,1020.5,20.5,10205.0,205.0,27.69,127.69,27.69,1276.9,276.9,12769.0,2769.0,40.0,140.0,40.0,1400.0,400.0,14000.0,4000.0,"Novartis, Bristol Myers pause autoimmune CAR-T trials due to safety concerns",BioPharma Dive,2026-08-31,0.421,3 Reasons to Sell BMY and 1 Stock to Buy Instead,StockStory,2026-08-31,0.0,Cocrystal Pharma: The Strategic Reset Investors May Be Missing,Exec Edge,2026-08-31,-0.296,,,,,,,,,,
AZN,AstraZeneca,Biotech,uk-listed,LSE,162.17,-1.47%,-2.21%,-7.49%,-11.92%,+1%,2.515,0.211,24.38,3.06,3627956,13821007,101890320,200.0,,buy,1.79,-1.47,98.53,-1.47,985.3,-14.7,9853.0,-147.0,-2.21,97.79,-2.21,977.9,-22.1,9779.0,-221.0,-7.49,92.51,-7.49,925.1,-74.9,9251.0,-749.0,-11.92,88.08,-11.92,880.8,-119.2,8808.0,-1192.0,1.0,101.0,1.0,1010.0,10.0,10100.0,100.0,From Padcev to PF-08634404: Pfizer's Oncology Growth Push,Zacks,2026-08-31,0.382,SLS Stock Rises Overnight: Healthcare Execs Tout AML Drug As ‘Game Changer’ Ahead Of Final Trial Trigger,Stocktwits,2026-08-31,0.684,Opinion: Bristol Myers Squibb Is a Buy -- but the Real Reason Why Might Surprise Investors,Motley Fool,2026-08-29,0.392,,,,,,,,,,
GSK,GSK,Biotech,uk-listed,LSE,25.11,+0.08%,-3.39%,-8.64%,+1.23%,+28%,1.005,0.295,15.71,7.59,7790314,24727033,154568701,367.0,,hold,2.59,0.08,100.08,0.08,1000.8,0.8,10008.0,8.0,-3.39,96.61,-3.39,966.1,-33.9,9661.0,-339.0,-8.64,91.36,-8.64,913.6,-86.4,9136.0,-864.0,1.23,101.23,1.23,1012.3,12.3,10123.0,123.0,28.0,128.0,28.0,1280.0,280.0,12800.0,2800.0,GSK's sBLA for Jemperli Gets FDA Priority Tag in Rectal Cancer,Zacks,2026-08-24,-0.66,GSK shares kept at neutral by Citi as unproven phase III pipeline curbs long-term growth,Proactive,2026-08-20,0.586,Is Gilead's Expanding HIV Portfolio a Growth Catalyst?,Zacks,2026-08-18,0.382,,,,,,,,,,
CRSP,CRISPR Therapeutics,Biotech,gene-editing,NASDAQ,56.98,-0.90%,-0.17%,+14.95%,+5.97%,+10%,5.51,1.738,,1.65,1161827,6769227,31553827,,22.2,buy,2.05,-0.9,99.1,-0.9,991.0,-9.0,9910.0,-90.0,-0.17,99.83,-0.17,998.3,-1.7,9983.0,-17.0,14.95,114.95,14.95,1149.5,149.5,11495.0,1495.0,5.97,105.97,5.97,1059.7,59.7,10597.0,597.0,10.0,110.0,10.0,1100.0,100.0,11000.0,1000.0,Vertex Pharmaceuticals Up 15% in a Month: How to Play the Stock,Zacks,2026-08-26,0.34,4 Gene-Editing Biotech Stocks Worth Watching for Long-Term Gains,Zacks,2026-08-24,0.511,CRISPR Therapeutics Stock Is Up Only 8% This Year. Is Cathie Wood's Bet on the Gene-Editing Stock Dead Money?,Motley Fool,2026-08-21,-0.649,4,buy,0.65,"Strong 1M momentum (+18.13%) ahead of CTX310 Phase 1a durability data at ESC [ts2.tech], with analyst buy consensus (2.05) and an $80 price target implying 31% upside; high short interest (22.2%) adds squeeze potential, though news sentiment is neutral (0.01).",+18.13% 1M momentum; CTX310 ESC data catalyst; buy analyst consensus; 22.2% short interest,,,,,
BEAM,Beam Therapeutics,Biotech,gene-editing,NASDAQ,29.43,+0.38%,+3.88%,+13.59%,+8.44%,+80%,3.04,2.209,,2.14,1307692,7480592,34753392,,36.48,strong_buy,1.33,0.38,100.38,0.38,1003.8,3.8,10038.0,38.0,3.88,103.88,3.88,1038.8,38.8,10388.0,388.0,13.59,113.59,13.59,1135.9,135.9,11359.0,1359.0,8.44,108.44,8.44,1084.4,84.4,10844.0,844.0,80.0,180.0,80.0,1800.0,800.0,18000.0,8000.0,Beam Therapeutics (BEAM) Stock May Look Stretched As Sales Expectations Climb,Simply Wall St.,2026-08-26,0.0,4 Gene-Editing Biotech Stocks Worth Watching for Long-Term Gains,Zacks,2026-08-24,0.511,"BEAM's Q2 Loss Wider Than Expected, Revenues Fall Y/Y, Pipeline in Focus",Zacks,2026-08-05,-0.318,9,strong_buy,0.45,"Strong_buy analyst consensus (1.33) and +12.58% 1M momentum, but negative news sentiment (-0.177) and very high short interest (36.48%) signal caution; YTD +5.86% and stretched valuation per web search [simplywallst].",strong_buy analyst consensus; +12.58% 1M momentum; 36.48% short interest; negative news sentiment -0.177,,,,,
NTLA,Intellia Therapeutics,Biotech,gene-editing,NASDAQ,12.73,-1.11%,+1.35%,+18.20%,+38.22%,+13%,1.784,1.794,,4.82,2921151,15600251,72495551,,40.35,buy,2.26,-1.11,98.89,-1.11,988.9,-11.1,9889.0,-111.0,1.35,101.35,1.35,1013.5,13.5,10135.0,135.0,18.2,118.2,18.2,1182.0,182.0,11820.0,1820.0,38.22,138.22,38.22,1382.2,382.2,13822.0,3822.0,13.0,113.0,13.0,1130.0,130.0,11300.0,1300.0,Cathie Wood Goes Bargain Hunting: 3 Stocks She Just Bought,Motley Fool,2026-08-31,0.202,4 Gene-Editing Biotech Stocks Worth Watching for Long-Term Gains,Zacks,2026-08-24,0.511,Moderna’s Newfound War Chest Opens Door for 4 Strategic Acquisition Targets,24/7 Wall St.,2026-08-20,-0.599,,,,,,,,,,
EDIT,Editas Medicine,Biotech,gene-editing,NASDAQ,3.06,-2.57%,+2.00%,+15.47%,+49.27%,+28%*,0.47,2.063,,2.45,2074056,15163256,54728956,,16.1,buy,2.08,-2.57,97.43,-2.57,974.3,-25.7,9743.0,-257.0,2.0,102.0,2.0,1020.0,20.0,10200.0,200.0,15.47,115.47,15.47,1154.7,154.7,11547.0,1547.0,49.27,149.27,49.27,1492.7,492.7,14927.0,4927.0,28.0,128.0,28.0,1280.0,280.0,12800.0,2800.0,4 Gene-Editing Biotech Stocks Worth Watching for Long-Term Gains,Zacks,2026-08-24,0.511,Moderna’s Newfound War Chest Opens Door for 4 Strategic Acquisition Targets,24/7 Wall St.,2026-08-20,-0.599,Is Editas Medicine (EDIT) Outperforming Other Medical Stocks This Year?,Zacks,2026-08-10,0.0,10,buy,0.4,"Strong YTD (+48.78%) and 1M (+18.22%) momentum, with a buy analyst rating (2.08); however, negative news sentiment (-0.081), tiny market cap ($0.47B), and high short interest (16.1%) make it a high-risk, high-reward gene-editing play.",+48.78% YTD; +18.22% 1M momentum; buy analyst consensus; 16.1% short interest,,,,,
ILMN,Illumina,Biotech,genomics,NASDAQ,213.63,-0.96%,-4.30%,+7.81%,+59.01%,+120%,32.259,1.464,39.78,1.98,2017476,9378176,41059376,,10.26,buy,2.45,-0.96,99.04,-0.96,990.4,-9.6,9904.0,-96.0,-4.3,95.7,-4.3,957.0,-43.0,9570.0,-430.0,7.81,107.81,7.81,1078.1,78.1,10781.0,781.0,59.01,159.01,59.01,1590.1,590.1,15901.0,5901.0,120.0,220.0,120.0,2200.0,1200.0,22000.0,12000.0,1 Large-Cap Stock with Competitive Advantages and 2 We Find Risky,StockStory,2026-08-28,0.34,Should You Add Illumina Stock to Your Portfolio Now?,Zacks,2026-08-28,0.0,Winners And Losers Of Q2: Illumina (NASDAQ:ILMN) Vs The Rest Of The Life Sciences Tools & Services Stocks,StockStory,2026-08-26,-0.077,,,,,,,,,,
PACB,Pacific Biosciences,Biotech,genomics,NASDAQ,1.36,-4.32%,+5.86%,-4.58%,-26.36%,+9%*,0.421,2.318,,6.71,6081037,41857837,162212537,,19.75,buy,2.0,-4.32,95.68,-4.32,956.8,-43.2,9568.0,-432.0,5.86,105.86,5.86,1058.6,58.6,10586.0,586.0,-4.58,95.42,-4.58,954.2,-45.8,9542.0,-458.0,-26.36,73.64,-26.36,736.4,-263.6,7364.0,-2636.0,9.0,109.0,9.0,1090.0,90.0,10900.0,900.0,1 of Wall Street’s Favorite Stocks to Own for Decades and 2 We Brush Off,StockStory,2026-08-26,0.459,Cancer Vaccine Breakthrough Lifts 5 Biotech Names. Here’s Who’s Best Positioned.,24/7 Wall St.,2026-08-25,-0.052,1 Healthcare Stock to Target This Week and 2 Facing Headwinds,StockStory,2026-08-24,0.0,,,,,,,,,,
NTRA,Natera,Biotech,genomics,NASDAQ,321.96,-1.03%,-1.76%,+19.09%,+40.69%,+93%,46.408,1.514,,1.4,1325418,5716918,30753618,,3.07,strong_buy,1.5,-1.03,98.97,-1.03,989.7,-10.3,9897.0,-103.0,-1.76,98.24,-1.76,982.4,-17.6,9824.0,-176.0,19.09,119.09,19.09,1190.9,190.9,11909.0,1909.0,40.69,140.69,40.69,1406.9,406.9,14069.0,4069.0,93.0,193.0,93.0,1930.0,930.0,19300.0,9300.0,3 Momentum  Stocks to Own for Decades,StockStory,2026-08-31,0.0,Billionaire Stanley Druckenmiller Has Roughly 17% of His $5.2 Billion Duquesne Portfolio in Natera Stock. Is It Still a Buy After an 80% Run?,Motley Fool,2026-08-29,0.0,Natera & Angiex Partner to Evaluate AGX101 Response With Signatera,Zacks,2026-08-28,0.0,1,strong_buy,0.85,"Exceptional momentum (+38.55% YTD, +18.41% 1M) backed by a strong_buy analyst consensus (score 1.50) and positive news sentiment (0.12), with a $45.7B market cap reflecting robust growth in genomics-based cancer diagnostics.",+38.55% YTD return; strong_buy analyst consensus; positive news sentiment 0.12; large-cap genomics leader,,,,,
RXRX,Recursion Pharmaceuticals,Biotech,genomics,NASDAQ,3.4,+1.49%,+4.62%,+6.92%,-19.05%,-28%*,1.824,1.054,,20.12,13891977,70912277,322261277,,34.79,buy,2.43,1.49,101.49,1.49,1014.9,14.9,10149.0,149.0,4.62,104.62,4.62,1046.2,46.2,10462.0,462.0,6.92,106.92,6.92,1069.2,69.2,10692.0,692.0,-19.05,80.95,-19.05,809.5,-190.5,8095.0,-1905.0,-28.0,72.0,-28.0,720.0,-280.0,7200.0,-2800.0,"The Zacks Analyst Blog Highlights Recursion Pharmaceuticals, Schrodinger, Relay Therapeutics and Absci",Zacks,2026-08-18,0.0,"Contineum, Disc Medicine, Recursion Advance Pipelines Ahead of Catalysts, Morgan Stanley Says",MT Newswires,2026-08-17,0.0,4 AI-Powered Drug Discovery Stocks to Watch as AI Reshapes Pharma,Zacks,2026-08-17,0.0,,,,,,,,,,
INCY,Incyte,Biotech,oncology,NASDAQ,123.22,-0.92%,-3.72%,+4.04%,+21.49%,+45%,24.976,0.769,15.7,1.84,1482832,5360532,27881332,,7.9,buy,2.29,-0.92,99.08,-0.92,990.8,-9.2,9908.0,-92.0,-3.72,96.28,-3.72,962.8,-37.2,9628.0,-372.0,4.04,104.04,4.04,1040.4,40.4,10404.0,404.0,21.49,121.49,21.49,1214.9,214.9,12149.0,2149.0,45.0,145.0,45.0,1450.0,450.0,14500.0,4500.0,"Josh Brown Says ‘Take a Break From AI CapEx World,’ Highlights His 2 Top Healthcare Stock Picks",Insider Monkey,2026-08-30,0.202,"Incyte (INCY) Just Moved, So What Is Drawing Attention Now?",Simply Wall St.,2026-08-30,0.0,Incyte (INCY) Nears New ESMO Data For KRAS G12D Candidate 734,Simply Wall St.,2026-08-30,0.0,,,,,,,,,,
EXEL,Exelixis,Biotech,oncology,NASDAQ,54.64,+1.19%,+0.16%,-0.76%,+25.38%,+46%,13.539,0.422,17.18,2.57,2246335,9063435,54365535,,15.46,buy,2.4,1.19,101.19,1.19,1011.9,11.9,10119.0,119.0,0.16,100.16,0.16,1001.6,1.6,10016.0,16.0,-0.76,99.24,-0.76,992.4,-7.6,9924.0,-76.0,25.38,125.38,25.38,1253.8,253.8,12538.0,2538.0,46.0,146.0,46.0,1460.0,460.0,14600.0,4600.0,Sector Update: Healthcare Stocks Decline Late Afternoon,MT Newswires,2026-08-31,0.0,"Strong Sales, Earnings Send Exelixis Shares Higher",FX Empire,2026-08-28,0.67,Exelixis Owners Keep Getting A Bigger Slice Of A Company In Transition,Trefis,2026-08-24,0.0,,,,,,,,,,
ALNY,Alnylam Pharmaceuticals,Biotech,oncology,NASDAQ,240.69,+0.29%,+1.98%,+9.24%,-39.85%,-47%,32.207,0.279,41.36,1.74,1634530,7467130,38916330,,4.75,buy,1.68,0.29,100.29,0.29,1002.9,2.9,10029.0,29.0,1.98,101.98,1.98,1019.8,19.8,10198.0,198.0,9.24,109.24,9.24,1092.4,92.4,10924.0,924.0,-39.85,60.15,-39.85,601.5,-398.5,6015.0,-3985.0,-47.0,53.0,-47.0,530.0,-470.0,5300.0,-4700.0,"Alnylam's Latest Data Strengthen Outlook for Nucresiran, TRITON-CM, Oppenheimer Says",MT Newswires,2026-08-31,0.318,Inceptive CEO Jakob Uszkoreit on Designing Medicines That Work Like Life Itself,NYSE,2026-08-31,0.361,"IONS, AZN Stocks Fall On Full Data From Failed Cardiomyopathy Trial — Jefferies Sees Neutral To Negative Readthrough To ALNY",Stocktwits,2026-08-28,-0.791,2,buy,0.8,"Powerful catalyst from ESC 2026 data showing vutrisiran cuts ATTR-CM decline risk by 52% [stocktitan.net], driving +17.23% 1M momentum; analyst buy (1.68) and positive news sentiment (0.226) despite -39.79% YTD, with a reasonable P/E of 41.98.",ESC 2026 vutrisiran data; +17.23% 1M momentum; buy analyst consensus; positive news sentiment 0.226,,,,,
RCUS,Arcus Biosciences,Biotech,oncology,NYSE,29.28,+0.24%,-2.79%,+6.01%,+25.72%,+170%*,3.682,0.811,,1.29,1106377,4339877,24387277,,17.75,strong_buy,1.46,0.24,100.24,0.24,1002.4,2.4,10024.0,24.0,-2.79,97.21,-2.79,972.1,-27.9,9721.0,-279.0,6.01,106.01,6.01,1060.1,60.1,10601.0,601.0,25.72,125.72,25.72,1257.2,257.2,12572.0,2572.0,170.0,270.0,170.0,2700.0,1700.0,27000.0,17000.0,Could Arcus Biosciences (RCUS) and Summit Therapeutics (SMMT)’s Cancer Drug Partnership Create a New Treatment Standard?,Insider Monkey,2026-08-14,-0.511,Arcus Biosciences (RCUS) Q2 2026 Earnings Call Transcript,Motley Fool,2026-08-13,0.0,"Arcus Biosciences' Casdatifan Therapy Could be Launched in 2028, Morgan Stanley Says",MT Newswires,2026-08-10,0.128,,,,,,,,,,
MRNA,Moderna,Biotech,mrna,NASDAQ,140.34,+2.79%,+1.04%,+154.52%,+354.76%,+470%,56.029,0.899,,14.82,18498650,140493150,625457650,,16.16,hold,2.64,2.79,102.79,2.79,1027.9,27.9,10279.0,279.0,1.04,101.04,1.04,1010.4,10.4,10104.0,104.0,154.52,254.52,154.52,2545.2,1545.2,25452.0,15452.0,354.76,454.76,354.76,4547.6,3547.6,45476.0,35476.0,470.0,570.0,470.0,5700.0,4700.0,57000.0,47000.0,Stock Market Enjoys August Gains—Thanks to Unusual Winners,The Wall Street Journal,2026-08-31,0.751,There Was No Beating Moderna in August. These Are the Best and Worst S&P 500 Stocks for the Month.,Barrons.com,2026-08-31,0.378,"8 Stocks Turn $100,000 Into $12.7 Million In 8 Months",Investor's Business Daily,2026-08-31,0.0,3,strong_buy,1.0,"Explosive momentum (+358.88% YTD, +158.32% 1M) fueled by FDA approval of updated COVID-19 vaccines [biospace.com] and breakthrough mRNA cancer vaccine data with Merck [straitstimes.com]; analyst hold (2.64) and no P/E reflect binary risk, but news sentiment is positive (0.201).",+358.88% YTD; FDA approval 2026-2027 vaccines; mRNA cancer vaccine breakthrough; positive news sentiment 0.201,,,,,
BNTX,BioNTech,Biotech,mrna,NASDAQ,101.61,-0.87%,-9.94%,+10.15%,+5.09%,+1%,25.525,1.278,,1.21,1089764,8325564,37966864,,3.76,buy,1.6,-0.87,99.13,-0.87,991.3,-8.7,9913.0,-87.0,-9.94,90.06,-9.94,900.6,-99.4,9006.0,-994.0,10.15,110.15,10.15,1101.5,101.5,11015.0,1015.0,5.09,105.09,5.09,1050.9,50.9,10509.0,509.0,1.0,101.0,1.0,1010.0,10.0,10100.0,100.0,BioNTech (BNTX) Ended A Phase 2 Colorectal Cancer Trial,Simply Wall St.,2026-08-29,-0.66,Sector Update: Healthcare Stocks Decline Late Afternoon,MT Newswires,2026-08-28,0.0,BioNTech Stock Falls on Cancer Vaccine Setback Days After Moderna’s Big Win,Barrons.com,2026-08-28,-0.153,,,,,,,,,,
NVAX,Novavax,Biotech,mrna,NASDAQ,9.37,+1.08%,+5.76%,+26.45%,+31.42%,+23%*,1.546,2.416,,4.1,7261209,25509109,97131109,,28.98,none,,1.08,101.08,1.08,1010.8,10.8,10108.0,108.0,5.76,105.76,5.76,1057.6,57.6,10576.0,576.0,26.45,126.45,26.45,1264.5,264.5,12645.0,2645.0,31.42,131.42,31.42,1314.2,314.2,13142.0,3142.0,23.0,123.0,23.0,1230.0,230.0,12300.0,2300.0,How Expanded Nuvaxovid Royalties and Partner-led Execution Could Shape Novavax’s (NVAX) Investment Narrative,Simply Wall St.,2026-08-29,0.0,Novavax (NVDA) Following Updated Nuvaxovid Approval Faces A Wide Fair Value Debate,Simply Wall St.,2026-08-29,0.778,Has Novavax (NVAX) Fallen Far Enough To Look Cheap?,Simply Wall St.,2026-08-29,-0.361,6,buy,0.55,"High momentum (+38.16% YTD, +34.57% 1M, +11.18% 1W) driven by expanded Nuvaxovid royalties and partner execution; no analyst rating and high short interest (28.98%) add risk, but news sentiment is mildly positive (0.083).",+34.57% 1M momentum; +38.16% YTD; high short interest 28.98%; expanded royalty narrative,,,,,
BMRN,BioMarin Pharmaceutical,Biotech,rare-disease,NASDAQ,65.23,+0.87%,+0.25%,+8.72%,+9.72%,+9%,12.627,0.227,176.3,2.0,2299072,7886172,47340772,,5.28,buy,1.74,0.87,100.87,0.87,1008.7,8.7,10087.0,87.0,0.25,100.25,0.25,1002.5,2.5,10025.0,25.0,8.72,108.72,8.72,1087.2,87.2,10872.0,872.0,9.72,109.72,9.72,1097.2,97.2,10972.0,972.0,9.0,109.0,9.0,1090.0,90.0,10900.0,900.0,"ASND, BMRN Stocks Rise: Street Calls Patent Peace A Clean Overhang Lift, Keep Ratings Unchanged",Stocktwits,2026-08-31,0.735,"Biomarin, Ascendis Reach Mutually Beneficial Agreement Ending Global Patent Disputes",Benzinga,2026-08-31,0.625,BioMarin Pharmaceutical (BMRN) Agrees $490 Million Deal For Oral Rare Bone Disease Program,Simply Wall St.,2026-08-21,0.202,,,,,,,,,,
SRPT,Sarepta Therapeutics,Biotech,rare-disease,NASDAQ,21.03,-0.10%,+16.00%,+32.43%,-1.31%,+15%,2.222,0.205,,3.35,2655948,18292648,62774448,,30.69,hold,2.67,-0.1,99.9,-0.1,999.0,-1.0,9990.0,-10.0,16.0,116.0,16.0,1160.0,160.0,11600.0,1600.0,32.43,132.43,32.43,1324.3,324.3,13243.0,3243.0,-1.31,98.69,-1.31,986.9,-13.1,9869.0,-131.0,15.0,115.0,15.0,1150.0,150.0,11500.0,1500.0,SRPT On Track For Best Week In 5 Months Ahead Of Late-2026 Clinical Data — Retail Eyes ‘Monumental Comeback’,Stocktwits,2026-08-27,0.637,Moderna Stock Carries A Market Value Its Revenue Does Not Support,Trefis,2026-08-26,0.037,Sarepta (SRPT) Stock Looks Fully Valued As Sales Trail Fair Value,Simply Wall St.,2026-08-25,0.784,7,buy,0.5,"Impressive 1M surge (+38.73%) and 1W gain (+13.71%) ahead of late-2026 clinical data, but YTD is negative (-3.26%) and analyst consensus is hold (2.67); high short interest (30.69%) could amplify moves, with news sentiment positive (0.173).",+38.73% 1M momentum; late-2026 clinical catalyst; 30.69% short interest; positive news sentiment 0.173,,,,,
COAG,Hemab Therapeutics,Biotech,rare-disease,NASDAQ,45.73,+1.98%,-2.01%,+1.62%,+34.50%,+32%,2.137,,,0.35,591596,2067996,7228796,,,none,,1.98,101.98,1.98,1019.8,19.8,10198.0,198.0,-2.01,97.99,-2.01,979.9,-20.1,9799.0,-201.0,1.62,101.62,1.62,1016.2,16.2,10162.0,162.0,34.5,134.5,34.5,1345.0,345.0,13450.0,3450.0,32.0,132.0,32.0,1320.0,320.0,13200.0,3200.0,Sector Update: Healthcare Stocks Advance Late Afternoon,MT Newswires,2026-07-13,0.0,"Hemab Therapeutics Details Post-IPO Pipeline Push, Sutacimig Phase III Plans",MarketBeat,2026-06-09,0.0,Hemab Therapeutics IPO Debut Puts COAG And Pipeline Risks In Focus,Simply Wall St.,2026-05-03,-0.273,,,,,,,,,,
NVO,Novo Nordisk,Biotech,metabolic,NYSE,45.33,-0.59%,-3.39%,-2.51%,-9.16%,-19%,200.405,0.349,11.08,12.35,7556921,53481821,285405121,394.0,1.07,hold,2.57,-0.59,99.41,-0.59,994.1,-5.9,9941.0,-59.0,-3.39,96.61,-3.39,966.1,-33.9,9661.0,-339.0,-2.51,97.49,-2.51,974.9,-25.1,9749.0,-251.0,-9.16,90.84,-9.16,908.4,-91.6,9084.0,-916.0,-19.0,81.0,-19.0,810.0,-190.0,8100.0,-1900.0,Chris Benecchi Named Inventiva’s New Chief Operating Officer,Exec Edge,2026-08-31,0.0,LLY's Mounjaro Gets FDA Nod to Cut Cardiovascular Risk in Diabetes,Zacks,2026-08-31,-0.494,Can CagriSema Help Novo Nordisk Close the Gap With LLY in Obesity?,Zacks,2026-08-31,0.402,,,,,,,,,,
LLY,Eli Lilly,Biotech,metabolic,NYSE,1156.73,-1.39%,-7.23%,+3.30%,+7.59%,+60%,1031.504,0.506,38.76,2.88,3026949,13349949,60057449,59.0,0.74,buy,1.7,-1.39,98.61,-1.39,986.1,-13.9,9861.0,-139.0,-7.23,92.77,-7.23,927.7,-72.3,9277.0,-723.0,3.3,103.3,3.3,1033.0,33.0,10330.0,330.0,7.59,107.59,7.59,1075.9,75.9,10759.0,759.0,60.0,160.0,60.0,1600.0,600.0,16000.0,6000.0,Eli Lilly (LLY) Makes a $2.88 Billion Autoimmune Bet. What Could Go Right or Wrong?,Insider Monkey,2026-08-31,-0.477,Chris Benecchi Named Inventiva’s New Chief Operating Officer,Exec Edge,2026-08-31,0.0,Eli Lilly Is Acquiring Merdia Biosciences for Up to $2.88 Billion. Here's What That Means for Investors.,Motley Fool,2026-08-31,0.0,,,,,,,,,,
LEGN,Legend Biotech,Biotech,neuroscience,NASDAQ,20.78,+2.87%,-0.76%,+9.31%,-3.39%,-42%,4.041,0.387,,2.73,2317798,6812998,45637598,,21.86,buy,2.0,2.87,102.87,2.87,1028.7,28.7,10287.0,287.0,-0.76,99.24,-0.76,992.4,-7.6,9924.0,-76.0,9.31,109.31,9.31,1093.1,93.1,10931.0,931.0,-3.39,96.61,-3.39,966.1,-33.9,9661.0,-339.0,-42.0,58.0,-42.0,580.0,-420.0,5800.0,-4200.0,Sector Update: Healthcare Stocks Advance Late Afternoon,MT Newswires,2026-08-12,0.0,"Here Are Wednesday’s Top Wall Street Analyst Research Calls: The Gap, Genmab, Hilton Worldwide, Intuitive Surgical, Marriott International, Merck, Novo Nordisk, Okta, and More",24/7 Wall St.,2026-08-12,0.202,Legend Biotech (LEGN) Q2 2026 Earnings Call Transcript,Motley Fool,2026-08-12,0.0,,,,,,,,,,
IONS,Ionis Pharmaceuticals,Biotech,neuroscience,NASDAQ,60.36,-1.13%,-2.71%,+10.77%,-24.24%,+6%,10.031,0.4,,2.94,2017076,10077376,47467976,,16.66,buy,1.79,-1.13,98.87,-1.13,988.7,-11.3,9887.0,-113.0,-2.71,97.29,-2.71,972.9,-27.1,9729.0,-271.0,10.77,110.77,10.77,1107.7,107.7,11077.0,1077.0,-24.24,75.76,-24.24,757.6,-242.4,7576.0,-2424.0,6.0,106.0,6.0,1060.0,60.0,10600.0,600.0,Could Ionis Pharmaceuticals (IONS) Stock Become a Biotech Powerhouse as its Commercial Pipeline Takes Off?,Insider Monkey,2026-08-28,0.0,"IONS, AZN Stocks Fall On Full Data From Failed Cardiomyopathy Trial — Jefferies Sees Neutral To Negative Readthrough To ALNY",Stocktwits,2026-08-28,-0.791,Why Is Ionis Pharmaceuticals (IONS) Up 17.2% Since Last Earnings Report?,Zacks,2026-08-28,0.0,8,buy,0.6,"Decent 1M momentum (+16.38%) with a buy analyst consensus (1.79) and positive news sentiment (0.146); YTD is weak (-24.38%) but the commercial pipeline narrative supports a turnaround, and market cap ($10B) provides scale.",+16.38% 1M momentum; buy analyst consensus; positive news sentiment 0.146; commercial pipeline catalyst,,,,,
BTC,Bitcoin,Crypto,bitcoin,Crypto,78539.856564,+1.12%,-0.56%,+25.14%,-10.26%,-10%,1576.92,,,32327.56,18928816149,226292920664,791613120346,,,,,1.12,101.12,1.12,1011.2,11.2,10112.0,112.0,-0.56,99.44,-0.56,994.4,-5.6,9944.0,-56.0,25.14,125.14,25.14,1251.4,251.4,12514.0,2514.0,-10.26,89.74,-10.26,897.4,-102.6,8974.0,-1026.0,-10.0,90.0,-10.0,900.0,-100.0,9000.0,-1000.0,The CLARITY Act stalling in Congress may actually be a tailwind for bitcoin,Yahoo Finance Video,2026-08-31,0.389,Bitcoin treasury companies shed over $80 billion in value,Yahoo Finance Video,2026-08-31,0.494,"How Russia is going to operate a regulated, state-controlled crypto market",Yahoo Finance Video,2026-08-31,0.0,8,buy,0.8,"BTC recovers +23.77% in 1-month on spot ETF inflows ($2.8B over 8 sessions) and short covering, with QCP noting derivatives leverage fell while price rose; faces $81K-$86K supply but holds above $73,880 support [themarketperiodical.com](https://themarketperiodical.com/2026/08/30/qcp-reveals-3-reasons-behind-bitcoin-price-rally-to-80k-is-83k-next/). Base asset for any crypto portfolio.",+23.77% 1-month rally; $2.8B ETF inflows; short covering vs leverage drop,,,,,
ETH,Ethereum,Crypto,layer1,Crypto,2466.450927,+2.02%,-0.62%,+33.80%,-16.86%,-17%,297.654,,,13444.45,10762275575,94111163251,320802129268,,,,,2.02,102.02,2.02,1020.2,20.2,10202.0,202.0,-0.62,99.38,-0.62,993.8,-6.2,9938.0,-62.0,33.8,133.8,33.8,1338.0,338.0,13380.0,3380.0,-16.86,83.14,-16.86,831.4,-168.6,8314.0,-1686.0,-17.0,83.0,-17.0,830.0,-170.0,8300.0,-1700.0,"How Russia is going to operate a regulated, state-controlled crypto market",Yahoo Finance Video,2026-08-31,0.0,"Bitcoin and ethereum prices today, Monday, August 31, 2026: Higher rate expectations pressure crypto prices lower",Yahoo Personal Finance,2026-08-31,-0.527,"Crypto Valuations Could Be Ready to Double, According to Bitwise's Matt Hougan -- But Only If This 1 Thing Happens",Motley Fool,2026-08-31,0.19,5,buy,0.7,"ETH gains +30.78% in 1-month, market cap $295B with positive sentiment 0.098; as the leading smart-contract L2 hub, benefits from rate-cut expectations and ETF flow potential, despite 1-week dip of -2.95%.",+30.78% 1-month gain; large-cap liquidity $295B; positive sentiment 0.098,,,,,
SOL,Solana,Crypto,layer1,Crypto,102.998184,+1.10%,+4.41%,+43.32%,-17.28%,-17%,60.275,,,4778.62,2971169081,33450368884,82790503893,,,,,1.1,101.1,1.1,1011.0,11.0,10110.0,110.0,4.41,104.41,4.41,1044.1,44.1,10441.0,441.0,43.32,143.32,43.32,1433.2,433.2,14332.0,4332.0,-17.28,82.72,-17.28,827.2,-172.8,8272.0,-1728.0,-17.0,83.0,-17.0,830.0,-170.0,8300.0,-1700.0,"Crypto Valuations Could Be Ready to Double, According to Bitwise's Matt Hougan -- But Only If This 1 Thing Happens",Motley Fool,2026-08-31,0.19,Prediction: A Big (And Bullish) Change Is Coming to Solana in 2027,Motley Fool,2026-08-31,0.0,"Visa, Mastercard, and Fiserv Just Joined a Group Writing the Rules for AI Agent Payments",Motley Fool,2026-08-31,0.0,1,strong_buy,0.85,"SOL surging 40.69% in 1-month and 6.99% in 1-week on approved SGP-0002 disinflation vote (68.77% support, cuts ~18.9M SOL supply over 6 years); Kalshi traders price 41% chance of positive 2026 return, highest among majors [coinnews.com](https://coinnews.com/news/solana-disinflation-vote/) [news.kalshi.com](https://news.kalshi.com/p/sol-surges-past-100-kalshi-odds-2026). Daily active addresses hit 5M, and price broke above $106 with $120–$150 targets [bravenewcoin.com](https://bravenewcoin.com/insights/solana-price-prediction-sol-breaks-above-106-as-120-and-140-targets-move-closer).",+40.69% 1-month momentum; SGP-0002 disinflation vote passed; Kalshi 41% positive 2026 odds; 5M daily active addresses,,,,,
BNB,BNB,Crypto,layer1,Crypto,691.029785,+0.91%,-1.81%,+20.19%,-19.94%,-20%,92.019,,,860.08,678577291,6020564602,23911120995,,,,,0.91,100.91,0.91,1009.1,9.1,10091.0,91.0,-1.81,98.19,-1.81,981.9,-18.1,9819.0,-181.0,20.19,120.19,20.19,1201.9,201.9,12019.0,2019.0,-19.94,80.06,-19.94,800.6,-199.4,8006.0,-1994.0,-20.0,80.0,-20.0,800.0,-200.0,8000.0,-2000.0,XRP ETF Demand Holds Firm as Fed Pressure Breaks XRP Price Support,99bitcoins,2026-08-31,0.0,Crypto’s Next Meme Coin War? Traders Want Tokens That Can Move Real Stocks,BeInCrypto,2026-08-30,-0.557,Nano Labs H1 Earnings Call Highlights,MarketBeat,2026-08-28,0.0,,,,,,,,,,
ADA,Cardano,Crypto,layer1,Crypto,0.197766,+2.63%,-10.60%,+13.51%,-40.55%,-41%,7.262,,,390.7,312632368,2734907705,12461868551,,,,,2.63,102.63,2.63,1026.3,26.3,10263.0,263.0,-10.6,89.4,-10.6,894.0,-106.0,8940.0,-1060.0,13.51,113.51,13.51,1135.1,135.1,11351.0,1351.0,-40.55,59.45,-40.55,594.5,-405.5,5945.0,-4055.0,-41.0,59.0,-41.0,590.0,-410.0,5900.0,-4100.0,Cardano Price Forecast: ADA Risks 30% Drop Toward $0.14,FX Empire,2026-08-31,-0.494,"Charles Hoskinson Says Cardano Will Win, But With Ethereum’s Help",BeInCrypto,2026-08-26,0.714,Cardano Price Risks 50% Drop as ADA Bear Flag Takes Shape,FX Empire,2026-08-26,-0.494,,,,,,,,,,
AVAX,Avalanche,Crypto,layer1,Crypto,7.23013,+1.65%,-4.08%,+16.91%,-41.26%,-41%,3.122,,,198.51,164705055,1389563841,6321572024,,,,,1.65,101.65,1.65,1016.5,16.5,10165.0,165.0,-4.08,95.92,-4.08,959.2,-40.8,9592.0,-408.0,16.91,116.91,16.91,1169.1,169.1,11691.0,1691.0,-41.26,58.74,-41.26,587.4,-412.6,5874.0,-4126.0,-41.0,59.0,-41.0,590.0,-410.0,5900.0,-4100.0,Charles Schwab (SCHW) Expands Crypto Offering As Investors Weigh Whether Shares Are Fully Valued,Simply Wall St.,2026-08-29,0.7,"Charles Schwab expands crypto access with Solana, Avalanche, and Chainlink",Yahoo Finance Video,2026-08-28,0.103,Charles Schwab Expands Crypto Trading Beyond Bitcoin and Ethereum,decrypt,2026-08-28,0.103,,,,,,,,,,
XRP,XRP,Crypto,payments,Crypto,1.379118,+1.47%,-6.76%,+30.14%,-25.02%,-25%,86.532,,,3301.37,1779471163,23109583703,73877200119,,,,,1.47,101.47,1.47,1014.7,14.7,10147.0,147.0,-6.76,93.24,-6.76,932.4,-67.6,9324.0,-676.0,30.14,130.14,30.14,1301.4,301.4,13014.0,3014.0,-25.02,74.98,-25.02,749.8,-250.2,7498.0,-2502.0,-25.0,75.0,-25.0,750.0,-250.0,7500.0,-2500.0,"XRP ETFs Extend Inflow Streak to 9 Days, Pulling In $1.6 Billion Since Launch",decrypt,2026-08-31,0.178,XRP ETFs Recorded Over $150 Million in August. Can Inflows Grow Even Higher in September?,24/7 Wall St.,2026-08-31,0.0,XRP Price Forecast: $1.50 Target Emerges as Shorts Build,FX Empire,2026-08-31,0.0,7,buy,0.65,"XRP gains +28.23% in 1-month, $85.6B market cap with resilient ETF demand despite Fed pressure breaking support; Kalshi 25% positive 2026 return odds among majors, and sentiment -0.054 shows room for improvement.",+28.23% 1-month return; ETF demand resilient; Kalshi 25% positive 2026 odds,,,,,
XLM,Stellar,Crypto,payments,Crypto,0.177236,+1.33%,-8.37%,+3.75%,-11.66%,-12%,6.148,,,165.77,114355246,1160363682,4646648485,,,,,1.33,101.33,1.33,1013.3,13.3,10133.0,133.0,-8.37,91.63,-8.37,916.3,-83.7,9163.0,-837.0,3.75,103.75,3.75,1037.5,37.5,10375.0,375.0,-11.66,88.34,-11.66,883.4,-116.6,8834.0,-1166.0,-12.0,88.0,-12.0,880.0,-120.0,8800.0,-1200.0,BEN's Digital Asset Strategy: Unlocking the Next Growth Opportunity,Zacks,2026-08-25,0.784,,,,,,,,,,,,,,,,,,
TRX,TRON,Crypto,payments,Crypto,0.332552,-1.04%,-3.56%,+1.53%,+16.95%,+17%,31.569,,,440.49,325691919,3083423303,11624460203,,,,,-1.04,98.96,-1.04,989.6,-10.4,9896.0,-104.0,-3.56,96.44,-3.56,964.4,-35.6,9644.0,-356.0,1.53,101.53,1.53,1015.3,15.3,10153.0,153.0,16.95,116.95,16.95,1169.5,169.5,11695.0,1695.0,17.0,117.0,17.0,1170.0,170.0,11700.0,1700.0,Robinhood Chain Becomes Crypto's Top Chain by Organic Revenue,Bankless,2026-08-31,0.202,KiiChain Adds TRON to Expand Onchain FX and Stablecoin Settlement,CryptoProwl,2026-08-27,0.318,How Criminals Move Millions in USDT Before Tether Can Freeze It,BeInCrypto,2026-08-25,-0.542,,,,,,,,,,
SUI,Sui,Crypto,emerging,Crypto,0.726416,+2.14%,-8.94%,+7.59%,-48.21%,-48%,2.96,,,495.13,383786565,3465888571,9642695169,,,,,2.14,102.14,2.14,1021.4,21.4,10214.0,214.0,-8.94,91.06,-8.94,910.6,-89.4,9106.0,-894.0,7.59,107.59,7.59,1075.9,75.9,10759.0,759.0,-48.21,51.79,-48.21,517.9,-482.1,5179.0,-4821.0,-48.0,52.0,-48.0,520.0,-480.0,5200.0,-4800.0,3 Token Unlocks to Watch in the First Week of September 2026,BeInCrypto,2026-08-31,0.0,Sui Price Risks 12% Drop as Ecosystem Growth Stalls,FX Empire,2026-08-28,-0.153,,,,,,,,,,,,,,
HBAR,Hedera,Crypto,emerging,Crypto,0.073584,+0.23%,-7.04%,+6.54%,-30.70%,-31%,3.225,,,77.18,51062574,540233244,1844533547,,,,,0.23,100.23,0.23,1002.3,2.3,10023.0,23.0,-7.04,92.96,-7.04,929.6,-70.4,9296.0,-704.0,6.54,106.54,6.54,1065.4,65.4,10654.0,654.0,-30.7,69.3,-30.7,693.0,-307.0,6930.0,-3070.0,-31.0,69.0,-31.0,690.0,-310.0,6900.0,-3100.0,,,,,,,,,,,,,,,,,,,,,,
ALGO,Algorand,Crypto,emerging,Crypto,0.085496,+1.09%,-6.73%,+8.22%,-22.41%,-22%,0.773,,,29.11,23596107,203754046,802437735,,,,,1.09,101.09,1.09,1010.9,10.9,10109.0,109.0,-6.73,93.27,-6.73,932.7,-67.3,9327.0,-673.0,8.22,108.22,8.22,1082.2,82.2,10822.0,822.0,-22.41,77.59,-22.41,775.9,-224.1,7759.0,-2241.0,-22.0,78.0,-22.0,780.0,-220.0,7800.0,-2200.0,,,,,,,,,,,,,,,,,,,,,,
MINA,Mina,Crypto,emerging,Crypto,0.066912,+4.69%,+12.82%,+65.13%,-11.43%,-11%,0.086,,,11.31,7715710,79156479,156923640,,,,,4.69,104.69,4.69,1046.9,46.9,10469.0,469.0,12.82,112.82,12.82,1128.2,128.2,11282.0,1282.0,65.13,165.13,65.13,1651.3,651.3,16513.0,6513.0,-11.43,88.57,-11.43,885.7,-114.3,8857.0,-1143.0,-11.0,89.0,-11.0,890.0,-110.0,8900.0,-1100.0,,,,,,,,,,,,,2,strong_buy,0.7,"MINA posts extraordinary +52.81% 1-month gain and +7.28% 1-week, with tiny $81M market cap providing high-beta upside potential; no negative catalysts found, and the momentum is the strongest among all tracked assets.",+52.81% 1-month gain; +7.28% 1-week momentum; micro-cap ($81M) high beta,,,,,
POL,Polygon (MATIC),Crypto,infra,Crypto,0.090593,-6.85%,-21.99%,+26.49%,-9.80%,-10%,0.97,,,103.28,74714867,722928442,1844073027,,,,,-6.85,93.15,-6.85,931.5,-68.5,9315.0,-685.0,-21.99,78.01,-21.99,780.1,-219.9,7801.0,-2199.0,26.49,126.49,26.49,1264.9,264.9,12649.0,2649.0,-9.8,90.2,-9.8,902.0,-98.0,9020.0,-980.0,-10.0,90.0,-10.0,900.0,-100.0,9000.0,-1000.0,,,,,,,,,,,,,10,buy,0.5,"POL gains +19.40% in 1-month despite -25.51% weekly drubbing, showing strong monthly momentum with a small $931M cap; the severe weekly pullback may offer a contrarian entry if buyers return, but requires caution.",+19.40% 1-month gain; small cap ($931M) opportunity; oversold weekly -25.51% reversal potential,,,,,
DOT,Polkadot,Crypto,infra,Crypto,0.839997,+2.79%,-6.49%,+7.62%,-53.07%,-53%,1.429,,,104.93,109891340,734527465,2667092496,,,,,2.79,102.79,2.79,1027.9,27.9,10279.0,279.0,-6.49,93.51,-6.49,935.1,-64.9,9351.0,-649.0,7.62,107.62,7.62,1076.2,76.2,10762.0,762.0,-53.07,46.93,-53.07,469.3,-530.7,4693.0,-5307.0,-53.0,47.0,-53.0,470.0,-530.0,4700.0,-5300.0,"3 Big Changes Just Hit XRP, Dogecoin, and Ethereum ETFs",BeInCrypto,2026-08-26,0.0,,,,,,,,,,,,,,,,,,
LINK,Chainlink,Crypto,infra,Crypto,11.315475,+1.43%,-2.62%,+40.44%,-7.20%,-7%,8.465,,,386.27,298865545,2703883171,10273453445,,,,,1.43,101.43,1.43,1014.3,14.3,10143.0,143.0,-2.62,97.38,-2.62,973.8,-26.2,9738.0,-262.0,40.44,140.44,40.44,1404.4,404.4,14044.0,4044.0,-7.2,92.8,-7.2,928.0,-72.0,9280.0,-720.0,-7.0,93.0,-7.0,930.0,-70.0,9300.0,-700.0,Charles Schwab (SCHW) Expands Crypto Offering As Investors Weigh Whether Shares Are Fully Valued,Simply Wall St.,2026-08-29,0.7,"Charles Schwab expands crypto access with Solana, Avalanche, and Chainlink",Yahoo Finance Video,2026-08-28,0.103,Charles Schwab Expands Crypto Trading Beyond Bitcoin and Ethereum,decrypt,2026-08-28,0.103,3,buy,0.75,"LINK gains +38.31% in 1-month, ranks second among majors on Kalshi for positive 2026 return odds (30%), with positive news sentiment of 0.207; market cap $8.4B offers reasonable size for continued momentum.",+38.31% 1-month return; Kalshi 30% positive 2026 odds; positive sentiment 0.207,,,,,
DOGE,Dogecoin,Crypto,meme,Crypto,0.082815,+0.88%,-7.89%,+19.90%,-29.39%,-29%,12.897,,,707.94,583977638,4955550353,18760749404,,,,,0.88,100.88,0.88,1008.8,8.8,10088.0,88.0,-7.89,92.11,-7.89,921.1,-78.9,9211.0,-789.0,19.9,119.9,19.9,1199.0,199.0,11990.0,1990.0,-29.39,70.61,-29.39,706.1,-293.9,7061.0,-2939.0,-29.0,71.0,-29.0,710.0,-290.0,7100.0,-2900.0,Can Dogecoin Reach $1 by 2030?,Motley Fool,2026-08-28,0.026,MSTR Stock Hits 2-Month High With Bitcoin Back Above $80K Ahead Of Kevin Warsh’s Jackson Hole Speech,Stocktwits,2026-08-27,0.0,"3 Big Changes Just Hit XRP, Dogecoin, and Ethereum ETFs",BeInCrypto,2026-08-26,0.0,,,,,,,,,,
PEPE,Pepe,Crypto,meme,Crypto,4e-06,+4.35%,-11.94%,+28.16%,-11.90%,-12%,1.47,,,309.1,224820652,2163671427,7090456339,,,,,4.35,104.35,4.35,1043.5,43.5,10435.0,435.0,-11.94,88.06,-11.94,880.6,-119.4,8806.0,-1194.0,28.16,128.16,28.16,1281.6,281.6,12816.0,2816.0,-11.9,88.1,-11.9,881.0,-119.0,8810.0,-1190.0,-12.0,88.0,-12.0,880.0,-120.0,8800.0,-1200.0,"Top 3 Meme Coins Rally as Bitcoin Touches $80,000, But Only One Has Room to Run",BeInCrypto,2026-08-25,0.103,,,,,,,,,6,buy,0.6,"PEPE climbs +28.75% in 1-month with positive sentiment 0.103, benefiting from Bitcoin rally to $80K and meme-coin retail interest; top meme coin by momentum as Bitcoin briefly touched $80K [themarketperiodical.com](https://themarketperiodical.com/2026/08/30/qcp-reveals-3-reasons-behind-bitcoin-price-rally-to-80k-is-83k-next/).",+28.75% 1-month momentum; positive sentiment 0.103; meme sector rally catalyst,,,,,
TAO,Bittensor,Crypto,ai,Crypto,230.218875,+1.14%,-4.20%,+19.81%,+5.28%,+5%,2.6,,,184.95,116138747,1294657578,3886598918,,,,,1.14,101.14,1.14,1011.4,11.4,10114.0,114.0,-4.2,95.8,-4.2,958.0,-42.0,9580.0,-420.0,19.81,119.81,19.81,1198.1,198.1,11981.0,1981.0,5.28,105.28,5.28,1052.8,52.8,10528.0,528.0,5.0,105.0,5.0,1050.0,50.0,10500.0,500.0,,,,,,,,,,,,,,,,,,,,,,
FET,ASI Alliance,Crypto,ai,Crypto,0.153242,+3.28%,-11.67%,+10.40%,-22.88%,-23%,0.347,,,86.49,76716586,605427076,1962953114,,,,,3.28,103.28,3.28,1032.8,32.8,10328.0,328.0,-11.67,88.33,-11.67,883.3,-116.7,8833.0,-1167.0,10.4,110.4,10.4,1104.0,104.0,11040.0,1040.0,-22.88,77.12,-22.88,771.2,-228.8,7712.0,-2288.0,-23.0,77.0,-23.0,770.0,-230.0,7700.0,-2300.0,,,,,,,,,,,,,,,,,,,,,,
RNDR,Render,Crypto,ai,Crypto,1.423681,+1.66%,-4.12%,+5.49%,+10.87%,+11%,0.739,,,47.24,32068285,330652420,978007128,,,,,1.66,101.66,1.66,1016.6,16.6,10166.0,166.0,-4.12,95.88,-4.12,958.8,-41.2,9588.0,-412.0,5.49,105.49,5.49,1054.9,54.9,10549.0,549.0,10.87,110.87,10.87,1108.7,108.7,11087.0,1087.0,11.0,111.0,11.0,1110.0,110.0,11100.0,1100.0,,,,,,,,,,,,,,,,,,,,,,
OCEAN,Ocean Protocol,Crypto,ai,Crypto,0.143438,+1.82%,+3.98%,+43.47%,-4.74%,-5%,,,,0.1,77122,719415,4833036,,,,,1.82,101.82,1.82,1018.2,18.2,10182.0,182.0,3.98,103.98,3.98,1039.8,39.8,10398.0,398.0,43.47,143.47,43.47,1434.7,434.7,14347.0,4347.0,-4.74,95.26,-4.74,952.6,-47.4,9526.0,-474.0,-5.0,95.0,-5.0,950.0,-50.0,9500.0,-500.0,,,,,,,,,,,,,4,buy,0.65,"OCEAN surges +37.15% in 1-month with +1.80% weekly gain, showing strong momentum with no market cap cap limiting upside; the AI sector tailwind from Nvidia earnings and crypto-AI crossover supports further upside.",+37.15% 1-month momentum; AI sector tailwind; positive weekly momentum,,,,,
GRT,The Graph,Crypto,ai,Crypto,0.016336,+1.38%,-7.85%,+15.48%,-50.86%,-51%,0.179,,,20.73,16321525,145101052,485553064,,,,,1.38,101.38,1.38,1013.8,13.8,10138.0,138.0,-7.85,92.15,-7.85,921.5,-78.5,9215.0,-785.0,15.48,115.48,15.48,1154.8,154.8,11548.0,1548.0,-50.86,49.14,-50.86,491.4,-508.6,4914.0,-5086.0,-51.0,49.0,-51.0,490.0,-510.0,4900.0,-5100.0,,,,,,,,,,,,,,,,,,,,,,
AGIX,SingularityNET,Crypto,ai,Crypto,0.067565,+2.50%,-10.31%,+12.53%,-21.21%,-21%,,,,0.01,19400,72092,263427,,,,,2.5,102.5,2.5,1025.0,25.0,10250.0,250.0,-10.31,89.69,-10.31,896.9,-103.1,8969.0,-1031.0,12.53,112.53,12.53,1125.3,125.3,11253.0,1253.0,-21.21,78.79,-21.21,787.9,-212.1,7879.0,-2121.0,-21.0,79.0,-21.0,790.0,-210.0,7900.0,-2100.0,,,,,,,,,,,,,,,,,,,,,,
NMR,Numeraire,Crypto,ai,Crypto,9.018371,+2.81%,-0.95%,+5.46%,-5.61%,-6%,0.067,,,4.24,3956233,29679143,133230535,,,,,2.81,102.81,2.81,1028.1,28.1,10281.0,281.0,-0.95,99.05,-0.95,990.5,-9.5,9905.0,-95.0,5.46,105.46,5.46,1054.6,54.6,10546.0,546.0,-5.61,94.39,-5.61,943.9,-56.1,9439.0,-561.0,-6.0,94.0,-6.0,940.0,-60.0,9400.0,-600.0,,,,,,,,,,,,,,,,,,,,,,
ALT,AltLayer,Crypto,ai,Crypto,0.006122,+1.18%,-4.38%,+6.27%,-46.54%,-47%,0.044,,,5.2,4588461,36395388,145529911,,,,,1.18,101.18,1.18,1011.8,11.8,10118.0,118.0,-4.38,95.62,-4.38,956.2,-43.8,9562.0,-438.0,6.27,106.27,6.27,1062.7,62.7,10627.0,627.0,-46.54,53.46,-46.54,534.6,-465.4,5346.0,-4654.0,-47.0,53.0,-47.0,530.0,-470.0,5300.0,-4700.0,,,,,,,,,,,,,,,,,,,,,,
AIOZ,AIOZ Network,Crypto,ai,Crypto,0.056008,-2.72%,+1.89%,+17.22%,-35.36%,-35%,0.071,,,3.98,2793670,27855725,103269069,,,,,-2.72,97.28,-2.72,972.8,-27.2,9728.0,-272.0,1.89,101.89,1.89,1018.9,18.9,10189.0,189.0,17.22,117.22,17.22,1172.2,172.2,11722.0,1722.0,-35.36,64.64,-35.36,646.4,-353.6,6464.0,-3536.0,-35.0,65.0,-35.0,650.0,-350.0,6500.0,-3500.0,,,,,,,,,,,,,,,,,,,,,,
ARKM,Arkham,Crypto,ai,Crypto,0.107875,+1.79%,-4.11%,+16.83%,-38.86%,-39%,0.024,,,7.62,7156841,53362969,198165315,,,,,1.79,101.79,1.79,1017.9,17.9,10179.0,179.0,-4.11,95.89,-4.11,958.9,-41.1,9589.0,-411.0,16.83,116.83,16.83,1168.3,168.3,11683.0,1683.0,-38.86,61.14,-38.86,611.4,-388.6,6114.0,-3886.0,-39.0,61.0,-39.0,610.0,-390.0,6100.0,-3900.0,,,,,,,,,,,,,,,,,,,,,,
WLD,Worldcoin,Crypto,ai,Crypto,0.364799,+1.01%,-9.39%,+21.58%,-24.16%,-24%,1.321,,,148.19,117345855,1037344937,4527285728,,,,,1.01,101.01,1.01,1010.1,10.1,10101.0,101.0,-9.39,90.61,-9.39,906.1,-93.9,9061.0,-939.0,21.58,121.58,21.58,1215.8,215.8,12158.0,2158.0,-24.16,75.84,-24.16,758.4,-241.6,7584.0,-2416.0,-24.0,76.0,-24.0,760.0,-240.0,7600.0,-2400.0,,,,,,,,,,,,,,,,,,,,,,
NEAR,NEAR Protocol,Crypto,ai,Crypto,1.916462,+5.44%,-1.73%,+14.58%,+26.72%,+27%,2.501,,,200.84,215925620,1405871173,5519929079,,,,,5.44,105.44,5.44,1054.4,54.4,10544.0,544.0,-1.73,98.27,-1.73,982.7,-17.3,9827.0,-173.0,14.58,114.58,14.58,1145.8,145.8,11458.0,1458.0,26.72,126.72,26.72,1267.2,267.2,12672.0,2672.0,27.0,127.0,27.0,1270.0,270.0,12700.0,2700.0,,,,,,,,,,,,,,,,,,,,,,
ICP,Internet Computer,Crypto,ai,Crypto,2.398407,+2.28%,-0.66%,+18.68%,-15.40%,-15%,1.334,,,39.34,34257494,275402178,1222385861,,,,,2.28,102.28,2.28,1022.8,22.8,10228.0,228.0,-0.66,99.34,-0.66,993.4,-6.6,9934.0,-66.0,18.68,118.68,18.68,1186.8,186.8,11868.0,1868.0,-15.4,84.6,-15.4,846.0,-154.0,8460.0,-1540.0,-15.0,85.0,-15.0,850.0,-150.0,8500.0,-1500.0,,,,,,,,,,,,,,,,,,,,,,
KAITO,Kaito,Crypto,ai,Crypto,0.300719,+1.30%,-11.50%,-74.91%,-40.59%,-41%,0.073,,,18.11,13655889,126769982,1173807905,,,,,1.3,101.3,1.3,1013.0,13.0,10130.0,130.0,-11.5,88.5,-11.5,885.0,-115.0,8850.0,-1150.0,-74.91,25.09,-74.91,250.9,-749.1,2509.0,-7491.0,-40.59,59.41,-40.59,594.1,-405.9,5941.0,-4059.0,-41.0,59.0,-41.0,590.0,-410.0,5900.0,-4100.0,,,,,,,,,,,,,,,,,,,,,,
VIRTUAL,Virtuals Protocol,Crypto,ai,Crypto,0.696028,+4.42%,-12.17%,+26.63%,+7.68%,+8%,0.459,,,62.89,45397527,440237469,1708317502,,,,,4.42,104.42,4.42,1044.2,44.2,10442.0,442.0,-12.17,87.83,-12.17,878.3,-121.7,8783.0,-1217.0,26.63,126.63,26.63,1266.3,266.3,12663.0,2663.0,7.68,107.68,7.68,1076.8,76.8,10768.0,768.0,8.0,108.0,8.0,1080.0,80.0,10800.0,800.0,This New AI Agent Platform Could Send Solana's Price Higher in September and Beyond,Motley Fool,2026-08-29,0.0,,,,,,,,,9,buy,0.55,"VIRTUAL gains +23.46% in 1-month and +4.55% YTD, the only tracked AI agent token with positive YTD return; small cap $445M offers high-beta AI exposure with positive sentiment catalyst from Solana ecosystem overlap.",+23.46% 1-month gain; positive YTD +4.55%; AI agent narrative,,,,,
LMT,Lockheed Martin,Defence,us-primes,NYSE,561.23,-0.50%,-0.52%,-4.27%,+14.25%,+25%,129.527,0.11,20.69,1.19,915136,4490836,20805936,245.0,1.24,hold,2.52,-0.5,99.5,-0.5,995.0,-5.0,9950.0,-50.0,-0.52,99.48,-0.52,994.8,-5.2,9948.0,-52.0,-4.27,95.73,-4.27,957.3,-42.7,9573.0,-427.0,14.25,114.25,14.25,1142.5,142.5,11425.0,1425.0,25.0,125.0,25.0,1250.0,250.0,12500.0,2500.0,Bet on These Defense ETFs Amid Renewed US-Iran Tensions,Zacks,2026-08-31,-0.296,MP vs. NB: Which Critical Minerals Stock is the Better Buy?,Zacks,2026-08-31,0.153,"EXCLUSIVE: SpaceX May Lead the Launch Market, but Firefly CEO Says There's Still a Rocket Shortage",Benzinga,2026-08-29,-0.222,,,,,,,,,,
RTX,RTX Corporation,Defence,us-primes,NYSE,207.73,-2.03%,-0.71%,-3.80%,+12.14%,+34%,279.969,0.294,36.64,4.99,3938930,18781130,91406430,138.0,0.96,buy,1.87,-2.03,97.97,-2.03,979.7,-20.3,9797.0,-203.0,-0.71,99.29,-0.71,992.9,-7.1,9929.0,-71.0,-3.8,96.2,-3.8,962.0,-38.0,9620.0,-380.0,12.14,112.14,12.14,1121.4,121.4,11214.0,1214.0,34.0,134.0,34.0,1340.0,340.0,13400.0,3400.0,Here's Why RTX (RTX) Fell More Than Broader Market,Zacks,2026-08-31,0.0,Bet on These Defense ETFs Amid Renewed US-Iran Tensions,Zacks,2026-08-31,-0.296,"RTX's $289 Billion Backlog Is Mainly Commercial, Not Defense. Here's Why That Split Is the Real Story.",Motley Fool,2026-08-30,-0.095,,,,,,,,,,
NOC,Northrop Grumman,Defence,us-primes,NYSE,539.7,-1.27%,-1.74%,-1.60%,-7.15%,-7%,76.672,-0.108,17.14,0.91,731565,3053665,13561965,181.0,1.73,buy,2.04,-1.27,98.73,-1.27,987.3,-12.7,9873.0,-127.0,-1.74,98.26,-1.74,982.6,-17.4,9826.0,-174.0,-1.6,98.4,-1.6,984.0,-16.0,9840.0,-160.0,-7.15,92.85,-7.15,928.5,-71.5,9285.0,-715.0,-7.0,93.0,-7.0,930.0,-70.0,9300.0,-700.0,Kratos MUX TACAIR Win With Northrop Grumman Could Be A Game Changer For Northrop (NOC),Simply Wall St.,2026-08-31,0.586,Bet on These Defense ETFs Amid Renewed US-Iran Tensions,Zacks,2026-08-31,-0.296,Northrop Grumman (NOC) Stock Could Trade At A 19% Discount On Raised Guidance,Simply Wall St.,2026-08-31,0.0,,,,,,,,,,
GD,General Dynamics,Defence,us-primes,NYSE,371.35,-1.36%,-3.24%,-2.90%,+9.57%,+17%,100.471,0.328,22.66,1.14,1250582,4265882,17146182,168.0,1.12,none,,-1.36,98.64,-1.36,986.4,-13.6,9864.0,-136.0,-3.24,96.76,-3.24,967.6,-32.4,9676.0,-324.0,-2.9,97.1,-2.9,971.0,-29.0,9710.0,-290.0,9.57,109.57,9.57,1095.7,95.7,10957.0,957.0,17.0,117.0,17.0,1170.0,170.0,11700.0,1700.0,General Dynamics (GD) Dips More Than Broader Market: What You Should Know,Zacks,2026-08-31,0.273,How Broad-Based Q2 Beat And Record Backlog At General Dynamics (GD) Has Changed Its Investment Story,Simply Wall St.,2026-08-29,0.273,General Dynamics (GD) Could Be 8% Undervalued As Q2 Earnings Beat Lands,Simply Wall St.,2026-08-29,0.273,,,,,,,,,,
HII,Huntington Ingalls Industries,Defence,us-primes,NYSE,291.2,-0.99%,-0.70%,-10.24%,-15.73%,+9%,11.475,0.241,17.33,0.5,438824,1938824,9086924,188.0,2.97,buy,2.08,-0.99,99.01,-0.99,990.1,-9.9,9901.0,-99.0,-0.7,99.3,-0.7,993.0,-7.0,9930.0,-70.0,-10.24,89.76,-10.24,897.6,-102.4,8976.0,-1024.0,-15.73,84.27,-15.73,842.7,-157.3,8427.0,-1573.0,9.0,109.0,9.0,1090.0,90.0,10900.0,900.0,Are Wall Street Analysts Bullish on Huntington Ingalls Stock?,Barchart,2026-08-28,0.0,3 Reasons to Avoid HII and 1 Stock to Buy Instead,StockStory,2026-08-24,-0.296,Huntington Ingalls Industries (HII) Stock Could Be A Bargain On Cash Flow And Earnings,Simply Wall St.,2026-08-21,0.202,,,,,,,,,,
LHX,L3Harris Technologies,Defence,us-primes,NYSE,266.25,+0.85%,+1.30%,-4.18%,-11.90%,-4%,49.579,0.746,26.87,1.49,2583251,9026351,34763651,190.0,2.15,buy,1.72,0.85,100.85,0.85,1008.5,8.5,10085.0,85.0,1.3,101.3,1.3,1013.0,13.0,10130.0,130.0,-4.18,95.82,-4.18,958.2,-41.8,9582.0,-418.0,-11.9,88.1,-11.9,881.0,-119.0,8810.0,-1190.0,-4.0,96.0,-4.0,960.0,-40.0,9600.0,-400.0,"NASA Is About to Launch a Telescope. What That Means for SpaceX, Others.",Barrons.com,2026-08-28,0.0,Why Is L3Harris (LHX) Down 3.7% Since Last Earnings Report?,Zacks,2026-08-28,0.0,Can Viper Shield Expand L3Harris' Electronic Warfare Growth?,Zacks,2026-08-28,0.402,,,,,,,,,,
BA,Boeing,Defence,us-primes,NYSE,207.78,-0.97%,-1.27%,-11.01%,-8.78%,-12%,164.223,1.221,75.01,5.78,5209340,23449540,112460640,,0.01,buy,1.54,-0.97,99.03,-0.97,990.3,-9.7,9903.0,-97.0,-1.27,98.73,-1.27,987.3,-12.7,9873.0,-127.0,-11.01,88.99,-11.01,889.9,-110.1,8899.0,-1101.0,-8.78,91.22,-8.78,912.2,-87.8,9122.0,-878.0,-12.0,88.0,-12.0,880.0,-120.0,8800.0,-1200.0,Boeing resumes talks as engineer strike risk looms,InvestorsHub,2026-08-31,-0.494,Boeing Is Building 737s Faster Than It Has in Years. But Its Engineers Just Authorized an October Strike.,Motley Fool,2026-08-30,-0.19,Boeing (BA) Names Ryan L Shedd Senior Vice President And Controller,Simply Wall St.,2026-08-30,0.577,,,,,,,,,,
BA.L,BAE Systems,Defence,uk-european,LSE,27.69,-2.29%,-3.86%,+0.94%,+16.55%,+14%,0.812,-0.052,28.79,6.36,8834813,29766862,142198956,185.0,,none,,-2.29,97.71,-2.29,977.1,-22.9,9771.0,-229.0,-3.86,96.14,-3.86,961.4,-38.6,9614.0,-386.0,0.94,100.94,0.94,1009.4,9.4,10094.0,94.0,16.55,116.55,16.55,1165.5,165.5,11655.0,1655.0,14.0,114.0,14.0,1140.0,140.0,11400.0,1400.0,BAE Systems Stock And 2 Cash Flow Value Shares Worth A Closer Look,Simply Wall St.,2026-08-31,0.67,Can Viper Shield Expand L3Harris' Electronic Warfare Growth?,Zacks,2026-08-28,0.402,European Indexes Rise in Strong Open,Barrons.com,2026-08-28,0.511,,,,,,,,,,
RR.L,Rolls-Royce Holdings,Defence,uk-european,LSE,20.73,+0.04%,+1.86%,+7.81%,+27.85%,+39%,1.71,1.19,42.51,23.4,11502587,70605326,480386254,78.0,,buy,1.6,0.04,100.04,0.04,1000.4,0.4,10004.0,4.0,1.86,101.86,1.86,1018.6,18.6,10186.0,186.0,7.81,107.81,7.81,1078.1,78.1,10781.0,781.0,27.85,127.85,27.85,1278.5,278.5,12785.0,2785.0,39.0,139.0,39.0,1390.0,390.0,13900.0,3900.0,Rolls-Royce expands Indiana manufacturing with $1B investment,Manufacturing Dive,2026-08-31,0.103,Are Aerospace Stocks Lagging  RTX Corporation (RTX) This Year?,Zacks,2026-08-28,-0.273,NuScale Power Deploys AI to Accelerate Next-Generation Nuclear SMRs,Zacks,2026-08-26,0.0,5,buy,0.75,"RR.L is up +27.9% YTD and +7.8% 1M, with +39% over 1Y, analyst buy consensus (score 1.60), and strong tailwinds from UK defence budget increases and global aero engine demand.",+27.9% YTD; +39% 1Y return; analyst buy consensus (1.60); UK defence spending tailwinds,,,,,
QQ.L,QinetiQ Group,Defence,uk-european,LSE,6.88,-0.88%,-6.02%,+1.20%,+14.22%,+5%,0.035,0.343,25.37,2.05,1731241,6022295,52350194,217.0,,none,,-0.88,99.12,-0.88,991.2,-8.8,9912.0,-88.0,-6.02,93.98,-6.02,939.8,-60.2,9398.0,-602.0,1.2,101.2,1.2,1012.0,12.0,10120.0,120.0,14.22,114.22,14.22,1142.2,142.2,11422.0,1422.0,5.0,105.0,5.0,1050.0,50.0,10500.0,500.0,Gelion battery cells pass independent drone testing at QinetiQ,Proactive,2026-08-26,0.0,3 UK Penny Stocks With Market Caps Over £300M To Consider,Simply Wall St.,2026-06-11,0.0,UK Growth Stocks With Insider Ownership Up To 20%,Simply Wall St.,2026-06-11,0.382,,,,,,,,,,
PLTR,Palantir Technologies,Defence,cyber-intel,NASDAQ,186.38,+0.50%,+5.96%,+48.33%,+11.03%,+19%,447.882,1.563,159.3,41.85,25633590,143850990,967393990,,3.18,buy,1.81,0.5,100.5,0.5,1005.0,5.0,10050.0,50.0,5.96,105.96,5.96,1059.6,59.6,10596.0,596.0,48.33,148.33,48.33,1483.3,483.3,14833.0,4833.0,11.03,111.03,11.03,1110.3,110.3,11103.0,1103.0,19.0,119.0,19.0,1190.0,190.0,11900.0,1900.0,There Was No Beating Moderna in August. These Are the Best and Worst S&P 500 Stocks for the Month.,Barrons.com,2026-08-31,0.378,Software Stocks & ETFs: Is the AI Sell-Off Over?,Zacks,2026-08-31,0.0,Palantir's $448 Billion Valuation Still Isn't Scaring Baird,GuruFocus.com,2026-08-31,0.341,1,strong_buy,0.95,"PLTR surged +50.9% over 1M, with Maven officially designated a Pentagon Program of Record, securing a $2.3B budget request over five years, and a federal court removed the Anthropic AI ban overhang, lowering execution risk; US government revenue grew 90% YoY to $809M in Q2.",+50.9% 1M momentum; Pentagon program of record designation; $2.3B budget request for Maven; 90% YoY US gov't revenue growth,,,,,
LDOS,Leidos Holdings,Defence,cyber-intel,NYSE,140.21,-0.56%,+1.29%,+18.10%,-23.12%,-22%,17.596,0.546,13.1,1.62,1422602,5446502,31444802,122.0,3.83,none,,-0.56,99.44,-0.56,994.4,-5.6,9944.0,-56.0,1.29,101.29,1.29,1012.9,12.9,10129.0,129.0,18.1,118.1,18.1,1181.0,181.0,11810.0,1810.0,-23.12,76.88,-23.12,768.8,-231.2,7688.0,-2312.0,-22.0,78.0,-22.0,780.0,-220.0,7800.0,-2200.0,Science Applications International Boosts Outlook as Second-Quarter Results Beat Estimates,MT Newswires,2026-08-31,0.318,"Leidos Holdings (LDOS) Dropped, So What Is Driving Attention Now?",Simply Wall St.,2026-08-25,0.0,2 S&P 500 Stocks to Research Further and 1 We Ignore,StockStory,2026-08-25,-0.361,10,buy,0.6,"LDOS has +20.9% 1M momentum, low P/E 13.1, and high short interest 3.83%, but YTD is -23.4% and news sentiment is slightly negative (-0.11), offering a contrarian value play in IT services.",+20.9% 1M momentum; low P/E 13.1; high short interest 3.83% squeeze potential; contrarian value opportunity,,,,,
CACI,CACI International,Defence,cyber-intel,NYSE,623.01,-0.00%,-2.12%,+21.52%,+15.93%,+30%,13.768,0.541,25.75,0.28,315548,1305848,6247148,,6.32,buy,1.56,-0.0,100.0,0.0,1000.0,0.0,10000.0,0.0,-2.12,97.88,-2.12,978.8,-21.2,9788.0,-212.0,21.52,121.52,21.52,1215.2,215.2,12152.0,2152.0,15.93,115.93,15.93,1159.3,159.3,11593.0,1593.0,30.0,130.0,30.0,1300.0,300.0,13000.0,3000.0,1 Industrials Stock on Our Watchlist and 2 We Find Risky,StockStory,2026-08-26,-0.202,1 Unpopular Stock That Deserves Some Love and 2 That Underwhelm,StockStory,2026-08-16,0.637,CACI (CACI) Stock May Trade Below Fair Value While Earnings Look Rich,Simply Wall St.,2026-08-15,0.807,2,strong_buy,0.85,"CACI has +24.9% 1M momentum, +30% over 1Y, P/E 25.7, analyst buy consensus (score 1.56), and positive news sentiment 0.289, reflecting strong cyber-intel demand amid heightened geopolitical tensions and Pentagon IT modernization.",+24.9% 1M momentum; +30% 1Y return; analyst buy consensus (1.56); positive news sentiment 0.289,,,,,
SAIC,Science Applications International,Defence,cyber-intel,NYSE,128.22,+0.56%,+1.08%,+6.74%,+28.00%,+7%,5.421,0.286,14.42,0.52,1855306,3988006,9988206,118.0,7.21,hold,2.82,0.56,100.56,0.56,1005.6,5.6,10056.0,56.0,1.08,101.08,1.08,1010.8,10.8,10108.0,108.0,6.74,106.74,6.74,1067.4,67.4,10674.0,674.0,28.0,128.0,28.0,1280.0,280.0,12800.0,2800.0,7.0,107.0,7.0,1070.0,70.0,10700.0,700.0,Science Applications International Corp (SAIC) (Q2 2027) Earnings Call Highlights: Strong ...,GuruFocus.com,2026-08-31,0.511,Science Applications International Corporation Q2 2027 Earnings Call Summary,Moby,2026-08-31,0.0,Sector Update: Tech Stocks Rise Late Afternoon,MT Newswires,2026-08-31,0.0,3,strong_buy,0.8,"SAIC has strong YTD momentum (+29.7%), +10.9% 1M, low P/E 14.6, and high short interest (7.21%) that could fuel a squeeze; recent US-Iran tensions underscore demand for cyber and IT services.",+29.7% YTD; +10.9% 1M momentum; low P/E 14.6; high short interest 7.21% squeeze potential,,,,,
BAH,Booz Allen Hamilton,Defence,cyber-intel,NYSE,75.65,+0.54%,+0.57%,+7.13%,-8.84%,-32%,9.099,0.354,11.88,2.2,1644459,6736059,34301859,315.0,7.3,hold,2.86,0.54,100.54,0.54,1005.4,5.4,10054.0,54.0,0.57,100.57,0.57,1005.7,5.7,10057.0,57.0,7.13,107.13,7.13,1071.3,71.3,10713.0,713.0,-8.84,91.16,-8.84,911.6,-88.4,9116.0,-884.0,-32.0,68.0,-32.0,680.0,-320.0,6800.0,-3200.0,3 Reasons to Avoid BAH and 1 Stock to Buy Instead,StockStory,2026-08-31,-0.296,The Smaller Customers Accenture's Stock Now Needs,Trefis,2026-08-28,0.0,"Steady Revenues, Buyouts & Investments Aid BAH Amid Stiff Rivalry",Zacks,2026-08-27,0.0,9,buy,0.6,"BAH has +9.2% 1M momentum, low P/E 11.9, and short interest 7.3%, though analyst consensus is hold (score 2.86) and YTD is -8.95%; attractive value play in cyber-intel if geopolitical risks escalate.",+9.2% 1M momentum; low P/E 11.9; short interest 7.3% squeeze potential; geopolitical risk catalyst,,,,,
AVAV,AeroVironment,Defence,drones,NASDAQ,148.35,-0.06%,+0.10%,-6.80%,-42.09%,-38%,7.54,1.412,,1.59,856425,5608425,25217125,,9.55,buy,1.6,-0.06,99.94,-0.06,999.4,-0.6,9994.0,-6.0,0.1,100.1,0.1,1001.0,1.0,10010.0,10.0,-6.8,93.2,-6.8,932.0,-68.0,9320.0,-680.0,-42.09,57.91,-42.09,579.1,-420.9,5791.0,-4209.0,-38.0,62.0,-38.0,620.0,-380.0,6200.0,-3800.0,AeroVironment (AVAV) Forms AV Eagle Joint Venture In Greece,Simply Wall St.,2026-08-29,0.0,Is AeroVironment (AVAV) Undervalued On Its New NASA Mars Helicopter Contract?,Simply Wall St.,2026-08-29,0.0,AeroVironment (AVAV) Stock Looks Stretched On Its 57% Three Year Run,Simply Wall St.,2026-08-28,0.0,,,,,,,,,,
KTOS,Kratos Defense,Defence,drones,NASDAQ,50.98,-2.00%,-3.94%,+3.60%,-35.70%,-21%,9.57,1.106,299.88,4.38,2143085,10562285,78774085,,5.1,strong_buy,1.43,-2.0,98.0,-2.0,980.0,-20.0,9800.0,-200.0,-3.94,96.06,-3.94,960.6,-39.4,9606.0,-394.0,3.6,103.6,3.6,1036.0,36.0,10360.0,360.0,-35.7,64.3,-35.7,643.0,-357.0,6430.0,-3570.0,-21.0,79.0,-21.0,790.0,-210.0,7900.0,-2100.0,Kratos MUX TACAIR Win With Northrop Grumman Could Be A Game Changer For Northrop (NOC),Simply Wall St.,2026-08-31,0.586,Could Kratos Defense & Security Solutions (KTOS) Stock Outperform GE Aerospace (GE) as Next-Generation Defense Spending Accelerates?,Insider Monkey,2026-08-28,0.625,"If You Invested $1000 in Kratos a Decade Ago, This is How Much It'd Be Worth Now",Zacks,2026-08-28,0.226,8,buy,0.65,"KTOS has +9.0% 1M momentum, strong_buy analyst consensus (1.43), and positive news sentiment 0.29, supported by next-gen defence spending acceleration for its drone and propulsion systems.",+9.0% 1M momentum; strong_buy analyst consensus (1.43); positive news sentiment 0.29; next-gen defence spending acceleration,,,,,
RCAT,Red Cat Holdings,Defence,drones,NASDAQ,8.59,+0.79%,-3.81%,+4.00%,-6.22%,-4%,1.312,1.349,,10.56,6113875,27296375,193383175,,21.86,strong_buy,1.17,0.79,100.79,0.79,1007.9,7.9,10079.0,79.0,-3.81,96.19,-3.81,961.9,-38.1,9619.0,-381.0,4.0,104.0,4.0,1040.0,40.0,10400.0,400.0,-6.22,93.78,-6.22,937.8,-62.2,9378.0,-622.0,-4.0,96.0,-4.0,960.0,-40.0,9600.0,-400.0,"Drone Stocks Drop While Broad Market Rises: Unusual Machines Sinks 9%, Ondas Falls 6%, Red Cat Slides 5%",24/7 Wall St.,2026-08-28,-0.273,"Drone Stocks Slide as Risk Appetite Fades: Unusual Machines Tumbles 9%, Red Cat Falls 7%, Ondas Declines 5%",24/7 Wall St.,2026-08-24,-0.273,Red Cat (RCAT) Stock Could Be Above Fair Value As Tariff News Lifts Sentiment,Simply Wall St.,2026-08-23,0.572,7,strong_buy,0.65,"RCAT has +13.5% 1M momentum, a strong_buy analyst consensus (score 1.17), but very high short interest (21.86%) and no P/E due to lack of profitability; upside is contingent on drone contract wins.",+13.5% 1M momentum; strong_buy analyst consensus (1.17); very high short interest 21.86% squeeze potential; drone market tailwinds,,,,,
TXT,Textron,Defence,drones,NYSE,80.56,-2.99%,-1.91%,-6.75%,-7.42%,+4%,13.855,0.908,15.17,1.59,1506507,7478507,29148407,10.0,4.95,buy,2.19,-2.99,97.01,-2.99,970.1,-29.9,9701.0,-299.0,-1.91,98.09,-1.91,980.9,-19.1,9809.0,-191.0,-6.75,93.25,-6.75,932.5,-67.5,9325.0,-675.0,-7.42,92.58,-7.42,925.8,-74.2,9258.0,-742.0,4.0,104.0,4.0,1040.0,40.0,10400.0,400.0,Can GE Aerospace Boost Profit Margin Amid Cost Pressures?,Zacks,2026-08-27,0.511,Why Is Textron (TXT) Down 2.7% Since Last Earnings Report?,Zacks,2026-08-27,0.0,Is Textron Benefiting from the Growing Demand for Light Jets?,Zacks,2026-08-25,0.052,,,,,,,,,,
SPCX,SpaceX,Defence,space,NASDAQ,143.69,+1.94%,+6.44%,+25.46%,-10.72%,-12%,1894.09,,,113.63,62883865,287592765,2407412465,,2.93,buy,1.69,1.94,101.94,1.94,1019.4,19.4,10194.0,194.0,6.44,106.44,6.44,1064.4,64.4,10644.0,644.0,25.46,125.46,25.46,1254.6,254.6,12546.0,2546.0,-10.72,89.28,-10.72,892.8,-107.2,8928.0,-1072.0,-12.0,88.0,-12.0,880.0,-120.0,8800.0,-1200.0,OpenAI takes aim at Cursor as Musk-Altman feud continues,Yahoo Finance Video,2026-08-31,-0.34,The biggest questions ahead of Anthropic's potential IPO,Yahoo Finance Video,2026-08-31,0.0,Elon Musk Is Spending $119 Billion on A Single Building Outside Houston. Here’s Who Actually Profits.,24/7 Wall St.,2026-08-31,0.44,4,buy,0.7,"SPCX has +31.9% 1M momentum and +5.9% 1W, with a buy analyst score of 1.69 and positive news sentiment 0.114, buoyed by SpaceX's dominant launch market position and the FTX/OAI legal dynamics clearing regulatory fog.",+31.9% 1M momentum; buy analyst consensus (1.69); positive news sentiment 0.114; SpaceX launch market leadership,,,,,
RKLB,Rocket Lab USA,Defence,space,NASDAQ,63.92,-0.99%,-6.39%,-9.24%,-15.88%,+31%,40.871,2.629,,22.47,15207445,71421745,374017745,,7.46,buy,1.61,-0.99,99.01,-0.99,990.1,-9.9,9901.0,-99.0,-6.39,93.61,-6.39,936.1,-63.9,9361.0,-639.0,-9.24,90.76,-9.24,907.6,-92.4,9076.0,-924.0,-15.88,84.12,-15.88,841.2,-158.8,8412.0,-1588.0,31.0,131.0,31.0,1310.0,310.0,13100.0,3100.0,"ASTS, RKLB, LUNR, FLY Eye August Gains — Elon Musk Backs Trump’s Plan To Train America’s Next Space Leaders",Stocktwits,2026-08-31,0.296,"Why Are Nasdaq, S&P 500 Futures Subdued Premarket? NVDA, AAPL, INTC, CRWD, RKLB, SLS Stocks In Focus",Stocktwits,2026-08-31,0.0,Is Rocket Lab (RKLB) Quietly Recasting Its Defense Role With Vertically Integrated Space Services?,Simply Wall St.,2026-08-31,0.128,,,,,,,,,,
PL,Planet Labs,Defence,space,NYSE,19.85,-0.92%,-7.97%,-7.80%,-2.74%,+200%,7.075,2.123,,10.56,6785104,27602404,106571704,,9.41,none,,-0.92,99.08,-0.92,990.8,-9.2,9908.0,-92.0,-7.97,92.03,-7.97,920.3,-79.7,9203.0,-797.0,-7.8,92.2,-7.8,922.0,-78.0,9220.0,-780.0,-2.74,97.26,-2.74,972.6,-27.4,9726.0,-274.0,200.0,300.0,200.0,3000.0,2000.0,30000.0,20000.0,"Jobs, Broadcom, Dell, Hewlett, Planet Labs, and More to Watch This Week",Barrons.com,2026-08-30,0.0,2 Cash-Producing Stocks for Long-Term Investors and 1 We Question,StockStory,2026-08-28,0.0,Is RKLB Stock A Buy Or A High-Beta Trap?,Trefis,2026-08-27,-0.318,,,,,,,,,,
ASTS,AST SpaceMobile,Defence,space,NASDAQ,59.1,+1.74%,-5.21%,-6.96%,-29.20%,+19%,22.999,2.745,,17.15,8424095,40735395,228566895,,19.23,none,,1.74,101.74,1.74,1017.4,17.4,10174.0,174.0,-5.21,94.79,-5.21,947.9,-52.1,9479.0,-521.0,-6.96,93.04,-6.96,930.4,-69.6,9304.0,-696.0,-29.2,70.8,-29.2,708.0,-292.0,7080.0,-2920.0,19.0,119.0,19.0,1190.0,190.0,11900.0,1900.0,"ASTS, RKLB, LUNR, FLY Eye August Gains — Elon Musk Backs Trump’s Plan To Train America’s Next Space Leaders",Stocktwits,2026-08-31,0.296,AST SpaceMobile (ASTS) Stock Looks Fully Valued As Its 13x Run Draws Notice,Simply Wall St.,2026-08-31,0.493,ASTS Stock Could Get A New Catalyst: US Mobile Sets Sights On Q4 AST SpaceMobile Launch,Stocktwits,2026-08-31,0.0,,,,,,,,,,
TDG,TransDigm Group,Defence,weapons,NYSE,1171.74,-1.20%,-2.28%,-8.85%,-13.75%,-9%,64.77,0.906,35.54,0.4,496971,1747071,9552771,,2.02,buy,1.95,-1.2,98.8,-1.2,988.0,-12.0,9880.0,-120.0,-2.28,97.72,-2.28,977.2,-22.8,9772.0,-228.0,-8.85,91.15,-8.85,911.5,-88.5,9115.0,-885.0,-13.75,86.25,-13.75,862.5,-137.5,8625.0,-1375.0,-9.0,91.0,-9.0,910.0,-90.0,9100.0,-900.0,Aerospace Stocks Q2 In Review: TransDigm (NYSE:TDG) Vs Peers,StockStory,2026-08-31,0.0,What Makes TransDigm (TDG) a New Buy Stock,Zacks,2026-08-28,0.0,Is TransDigm's Commercial Aftermarket Strength Driving Growth?,Zacks,2026-08-28,0.7,,,,,,,,,,
HEI,HEICO Corporation,Defence,weapons,NYSE,331.15,-1.60%,-6.10%,-8.13%,+0.63%,+7%,46.28,1.053,55.28,0.5,636214,3732614,10376314,7.0,1.44,buy,1.91,-1.6,98.4,-1.6,984.0,-16.0,9840.0,-160.0,-6.1,93.9,-6.1,939.0,-61.0,9390.0,-610.0,-8.13,91.87,-8.13,918.7,-81.3,9187.0,-813.0,0.63,100.63,0.63,1006.3,6.3,10063.0,63.0,7.0,107.0,7.0,1070.0,70.0,10700.0,700.0,Is Heico (HEI) Stock Outpacing Its Aerospace Peers This Year?,Zacks,2026-08-31,0.0,HEICO Q3 Earnings Call Highlights Broad Demand and M&A Capacity,Zacks,2026-08-27,-0.128,Is HEICO (HEI) Still Trading At A Discount After Its Latest Earnings?,Simply Wall St.,2026-08-26,0.0,,,,,,,,,,
AXON,Axon Enterprise,Defence,weapons,NASDAQ,566.56,-5.73%,-5.19%,-1.62%,+0.55%,-19%,46.025,1.397,236.07,0.99,1090151,3106551,19308951,,5.05,buy,1.71,-5.73,94.27,-5.73,942.7,-57.3,9427.0,-573.0,-5.19,94.81,-5.19,948.1,-51.9,9481.0,-519.0,-1.62,98.38,-1.62,983.8,-16.2,9838.0,-162.0,0.55,100.55,0.55,1005.5,5.5,10055.0,55.0,-19.0,81.0,-19.0,810.0,-190.0,8100.0,-1900.0,Will Strength in Dedrone Platform Continue to Drive AXON's Growth?,Zacks,2026-08-28,0.7,Axon (AXON) Stock Could Be Fully Priced On Cash Flow But Fair On Sales,Simply Wall St.,2026-08-27,0.45,Axon Enterprise Stock: Is Wall Street Bullish or Bearish?,Barchart,2026-08-27,0.0,6,buy,0.7,"AXON has +11.2% 1M momentum, strong news sentiment 0.294, and analyst buy consensus (1.71), driven by its Dedrone counter-drone platform and TASER demand despite a high P/E of 244.",+11.2% 1M momentum; positive news sentiment 0.294; analyst buy consensus (1.71); Dedrone counter-drone growth,,,,,
OLN,Olin Corporation,Defence,weapons,NYSE,17.4,+0.81%,+0.18%,-5.47%,-17.09%,-27%,1.984,1.203,,3.18,4258200,16256600,62505600,466.0,11.29,hold,3.0,0.81,100.81,0.81,1008.1,8.1,10081.0,81.0,0.18,100.18,0.18,1001.8,1.8,10018.0,18.0,-5.47,94.53,-5.47,945.3,-54.7,9453.0,-547.0,-17.09,82.91,-17.09,829.1,-170.9,8291.0,-1709.0,-27.0,73.0,-27.0,730.0,-270.0,7300.0,-2700.0,Huntsman Stockholders Approve Olin Merger Agreement at Special Meeting,MarketBeat,2026-08-27,0.71,OLN-HUN's All-Stock Merger of Equals Approved by Shareholders,Zacks,2026-08-26,0.421,"AVNT Q2 Earnings Top Estimates on Organic Growth, Guidance Up",Zacks,2026-08-13,0.527,,,,,,,,,,
MRCY,Mercury Systems,Defence,weapons,NASDAQ,87.33,-1.37%,-2.52%,-17.45%,+14.86%,+31%,5.252,0.998,,0.76,590102,3348702,16851702,,9.6,buy,2.0,-1.37,98.63,-1.37,986.3,-13.7,9863.0,-137.0,-2.52,97.48,-2.52,974.8,-25.2,9748.0,-252.0,-17.45,82.55,-17.45,825.5,-174.5,8255.0,-1745.0,14.86,114.86,14.86,1148.6,148.6,11486.0,1486.0,31.0,131.0,31.0,1310.0,310.0,13100.0,3100.0,Mercury Systems (MRCY) Is Sitting On A Record Pile Of Orders,Insider Monkey,2026-08-27,0.0,Mercury Systems (MRCY) Q4 2026 Earnings Call Transcript,Motley Fool,2026-08-25,0.0,The 5 Most Interesting Analyst Questions From Mercury Systems’s Q2 Earnings Call,StockStory,2026-08-25,0.458,,,,,,,,,,
DRS,Leonardo DRS,Defence,weapons,NYSE,38.0,-3.31%,-2.59%,-16.88%,+9.92%,-8%,10.141,0.179,31.93,0.98,904580,5486880,17555380,93.0,1.18,none,,-3.31,96.69,-3.31,966.9,-33.1,9669.0,-331.0,-2.59,97.41,-2.59,974.1,-25.9,9741.0,-259.0,-16.88,83.12,-16.88,831.2,-168.8,8312.0,-1688.0,9.92,109.92,9.92,1099.2,99.2,10992.0,992.0,-8.0,92.0,-8.0,920.0,-80.0,9200.0,-800.0,1 Industrials Stock for Long-Term Investors and 2 We Avoid,StockStory,2026-08-28,-0.296,1 of Wall Street’s Favorite Stocks to Keep an Eye On and 2 We Turn Down,StockStory,2026-08-27,0.459,Leonardo DRS (DRS) Stock Looks Fully Valued Even After Recent Weakness,Simply Wall St.,2026-08-26,0.101,,,,,,,,,,
XOM,ExxonMobil,Energy,oil-majors,NYSE,160.95,+2.65%,-1.89%,+4.47%,+33.86%,+37%,661.812,0.173,20.71,15.56,17994541,75999341,299361041,263.0,1.0,buy,2.32,2.65,102.65,2.65,1026.5,26.5,10265.0,265.0,-1.89,98.11,-1.89,981.1,-18.9,9811.0,-189.0,4.47,104.47,4.47,1044.7,44.7,10447.0,447.0,33.86,133.86,33.86,1338.6,338.6,13386.0,3386.0,37.0,137.0,37.0,1370.0,370.0,13700.0,3700.0,"Energy stocks lead in subdued final trading day of August, utilities under pressure: AlphaCheck",Yahoo Finance,2026-08-31,-0.026,Trump Says Exxon Will Enter Venezuela as Oil Investment Ramps Up,Insider Monkey,2026-08-31,0.0,How ExxonMobil’s Bid for Shell’s U.S. Chemicals Assets Could Reshape the XOM Investment Story,Simply Wall St.,2026-08-31,0.178,,,,,,,,,,
CVX,Chevron,Energy,oil-majors,NYSE,206.14,+0.88%,+1.50%,+7.64%,+35.92%,+25%,404.365,0.488,19.82,8.37,12043618,40471118,169078218,353.0,0.81,buy,1.72,0.88,100.88,0.88,1008.8,8.8,10088.0,88.0,1.5,101.5,1.5,1015.0,15.0,10150.0,150.0,7.64,107.64,7.64,1076.4,76.4,10764.0,764.0,35.92,135.92,35.92,1359.2,359.2,13592.0,3592.0,25.0,125.0,25.0,1250.0,250.0,12500.0,2500.0,"Energy stocks lead in subdued final trading day of August, utilities under pressure: AlphaCheck",Yahoo Finance,2026-08-31,-0.026,Why Trump's Venezuelan oil deal is very politically risky,Yahoo Finance Video,2026-08-31,-0.268,"Firms including Chevron, ONGC, GE Vernova on track to sign final pacts in Venezuela, sources say",Reuters,2026-08-31,0.0,7,buy,0.68,"YTD +35.90%, dividend 3.56%, analyst buy (1.72) — solid major with high dividend yield and low short interest (0.81%).",Dividend 3.56%; YTD +35.90%; Short interest 0.81%; Analyst buy,,,,,
SHEL,Shell,Energy,oil-majors,NYSE,91.45,-0.02%,-1.67%,+1.29%,+24.55%,+23%,251.712,-0.218,10.12,6.35,6129784,34134022,118454270,344.0,1.57,buy,2.25,-0.02,99.98,-0.02,999.8,-0.2,9998.0,-2.0,-1.67,98.33,-1.67,983.3,-16.7,9833.0,-167.0,1.29,101.29,1.29,1012.9,12.9,10129.0,129.0,24.55,124.55,24.55,1245.5,245.5,12455.0,2455.0,23.0,123.0,23.0,1230.0,230.0,12300.0,2300.0,How ExxonMobil’s Bid for Shell’s U.S. Chemicals Assets Could Reshape the XOM Investment Story,Simply Wall St.,2026-08-31,0.178,The Strait of Hormuz Conflict Just Escalated Again. Here's What It Means for Shell.,Motley Fool,2026-08-31,-0.318,Update: Market Chatter: Trump to Host Oil Company Executives on Tuesday,MT Newswires,2026-08-31,0.0,,,,,,,,,,
BP,BP p.l.c.,Energy,oil-majors,NYSE,42.87,+1.37%,-1.99%,-1.95%,+24.09%,+20%,110.405,-0.212,20.51,8.85,13473263,56209063,187237063,479.0,0.28,buy,2.37,1.37,101.37,1.37,1013.7,13.7,10137.0,137.0,-1.99,98.01,-1.99,980.1,-19.9,9801.0,-199.0,-1.95,98.05,-1.95,980.5,-19.5,9805.0,-195.0,24.09,124.09,24.09,1240.9,240.9,12409.0,2409.0,20.0,120.0,20.0,1200.0,200.0,12000.0,2000.0,Update: Market Chatter: Trump to Host Oil Company Executives on Tuesday,MT Newswires,2026-08-31,0.0,Oil Prices Jump Above $90 As U.S. and Iran Trade Strikes. Is $100 Next?,24/7 Wall St.,2026-08-31,-0.361,European Equities Traded in the US as American Depositary Receipts Edge Lower in Monday Trading,MT Newswires,2026-08-31,-0.296,,,,,,,,,,
TTE,TotalEnergies,Energy,oil-majors,NYSE,88.31,+2.32%,-1.16%,+1.27%,+34.20%,+38%,195.4,0.062,11.05,1.6,950971,8343371,29167871,491.0,0.19,strong_buy,1.0,2.32,102.32,2.32,1023.2,23.2,10232.0,232.0,-1.16,98.84,-1.16,988.4,-11.6,9884.0,-116.0,1.27,101.27,1.27,1012.7,12.7,10127.0,127.0,34.2,134.2,34.2,1342.0,342.0,13420.0,3420.0,38.0,138.0,38.0,1380.0,380.0,13800.0,3800.0,Update: Market Chatter: Trump to Host Oil Company Executives on Tuesday,MT Newswires,2026-08-31,0.0,TotalEnergies Gains Over 2% as $90 Oil Meets Lost Production,GuruFocus.com,2026-08-31,0.026,TotalEnergies (ENXTPA:TTE) Is Expanding Its European Renewables Business,Simply Wall St.,2026-08-29,0.0,10,buy,0.6,"P/E 11.02, dividend 4.91%, analyst strong_buy (1.00) — attractive valuation and high yield, though momentum modest; record Q2 cash flows support earnings.",P/E 11.02; Dividend 4.91%; Strong_buy rating; Record cash flow,,,,,
EQNR,Equinor,Energy,oil-majors,NYSE,42.8,+3.76%,+1.01%,+8.28%,+80.21%,+67%,101.58,-0.73,11.6,3.52,2476705,14427005,56080605,377.0,2.82,none,,3.76,103.76,3.76,1037.6,37.6,10376.0,376.0,1.01,101.01,1.01,1010.1,10.1,10101.0,101.0,8.28,108.28,8.28,1082.8,82.8,10828.0,828.0,80.21,180.21,80.21,1802.1,802.1,18021.0,8021.0,67.0,167.0,67.0,1670.0,670.0,16700.0,6700.0,European Equities Traded in the US as American Depositary Receipts Edge Lower in Monday Trading,MT Newswires,2026-08-31,-0.296,BlackRock (BLK) Hands Off Jessup Power Plant Control As Data Center Demand Climbs,Simply Wall St.,2026-08-29,-0.128,Equinor and Partners Plan to Pursue High-Impact NCS Exploration,Zacks,2026-08-28,0.226,5,buy,0.73,"YTD +78.69%, P/E 11.5, dividend 3.77% — low P/E, high dividend, and record Q2 free cash flow among top oil majors, per [stocktwits.com](https://stocktwits.com/news-articles/markets/equity/brent-crude-nears-89-strait-hormuz-xom-cvx-uso-record-cash-flow/cZo6uIKRJKY).",YTD +78.69%; P/E 11.5; Dividend 3.77%; Record cash flow,,,,,
COP,ConocoPhillips,Energy,ep-refining,NYSE,132.49,+1.95%,-0.64%,+11.93%,+40.03%,+32%,159.165,0.123,17.53,7.08,8738338,31932038,146490638,258.0,1.41,buy,1.64,1.95,101.95,1.95,1019.5,19.5,10195.0,195.0,-0.64,99.36,-0.64,993.6,-6.4,9936.0,-64.0,11.93,111.93,11.93,1119.3,119.3,11193.0,1193.0,40.03,140.03,40.03,1400.3,400.3,14003.0,4003.0,32.0,132.0,32.0,1320.0,320.0,13200.0,3200.0,Energy Expert Warns Venezuela’s 65 Billion-Barrel Oil Deal Won’t Fix Supply Anytime Soon,24/7 Wall St.,2026-08-31,0.178,Trump's Venezuela Deal Leaves $100 Billion Question Unanswered,Bloomberg,2026-08-31,0.0,Can These 3 U.S. Integrated Energy Stocks Overcome Industry Headwinds?,Zacks,2026-08-31,0.273,4,buy,0.75,"YTD +40.19%, 1M +10.83%, P/E 17.54, dividend 2.58% — strong momentum with reasonable valuation and solid dividend yield.",YTD +40.19%; Dividend 2.58%; P/E 17.54; 1M +10.83%,,,,,
OXY,Occidental Petroleum,Energy,ep-refining,NYSE,60.18,+1.61%,+0.12%,+8.49%,+43.33%,+23%,60.158,0.16,17.75,8.96,8848804,32412204,167488404,189.0,0.01,buy,2.33,1.61,101.61,1.61,1016.1,16.1,10161.0,161.0,0.12,100.12,0.12,1001.2,1.2,10012.0,12.0,8.49,108.49,8.49,1084.9,84.9,10849.0,849.0,43.33,143.33,43.33,1433.3,433.3,14333.0,4333.0,23.0,123.0,23.0,1230.0,230.0,12300.0,2300.0,Can These 3 U.S. Integrated Energy Stocks Overcome Industry Headwinds?,Zacks,2026-08-31,0.273,Chevron Leads Energy Stocks Rally as U.S.-Iran Conflict Sends Oil Prices Higher,GuruFocus.com,2026-08-31,-0.052,Is Occidental Petroleum a Bargain or a Value Trap Right Now?,Motley Fool,2026-08-31,0.226,6,buy,0.7,"YTD +43.00%, short interest 0.01%, P/E 17.71 — very low short interest, strong YTD performance, and positive sentiment (0.11).",YTD +43.00%; Short interest 0.01%; P/E 17.71; Positive sentiment,,,,,
EOG,EOG Resources,Energy,ep-refining,NYSE,144.96,+1.02%,-3.50%,-0.49%,+38.50%,+14%,76.036,0.278,11.29,3.33,3258197,14325797,61056697,285.0,3.11,buy,2.3,1.02,101.02,1.02,1010.2,10.2,10102.0,102.0,-3.5,96.5,-3.5,965.0,-35.0,9650.0,-350.0,-0.49,99.51,-0.49,995.1,-4.9,9951.0,-49.0,38.5,138.5,38.5,1385.0,385.0,13850.0,3850.0,14.0,114.0,14.0,1140.0,140.0,11400.0,1400.0,S&P 500 Posts Slight Weekly Gain as Tech Earnings Top Expectations,MT Newswires,2026-08-28,0.602,Why ExxonMobil's Financial Strength Matters for Investors,Zacks,2026-08-27,0.511,"Which Oil and Gas Stock Has Dominated in 2026: ConocoPhillips, EOG Resources, or Occidental Petroleum?",24/7 Wall St.,2026-08-24,0.0,,,,,,,,,,
MPC,Marathon Petroleum,Energy,ep-refining,NYSE,373.32,+1.07%,+2.98%,+21.92%,+128.69%,+105%,104.838,0.508,12.94,2.36,3625388,12858088,53940188,108.0,2.7,buy,2.26,1.07,101.07,1.07,1010.7,10.7,10107.0,107.0,2.98,102.98,2.98,1029.8,29.8,10298.0,298.0,21.92,121.92,21.92,1219.2,219.2,12192.0,2192.0,128.69,228.69,128.69,2286.9,1286.9,22869.0,12869.0,105.0,205.0,105.0,2050.0,1050.0,20500.0,10500.0,Can Refining & Logistics Projects Drive PARR's Next Growth Phase?,Zacks,2026-08-31,0.382,Can Phillips 66 Reach Its $5.50 Refining Cost Target in 2027?,Zacks,2026-08-31,0.026,Energy stocks rally as fresh U.S.-Iran attacks drive oil prices higher,Investing.com,2026-08-31,0.128,1,strong_buy,0.882,"YTD +126.67%, P/E 12.83, 1M +17.24% — refining margins elevated by Middle East disruptions and reduced global capacity, as noted in [trefis.com](https://www.trefis.com/stock/xom/articles/613015/exxonmobil-stocks-biggest-risk-is-the-shortage-ending/2026-08-26).",YTD +126.67%; P/E 12.83; 1M +17.24%; Refining tailwinds,,,,,
VLO,Valero Energy,Energy,ep-refining,NYSE,358.92,+1.69%,+3.73%,+0.00%,+120.33%,+128%,103.342,0.554,14.96,2.81,3535936,11233836,52599136,136.0,3.89,buy,2.35,1.69,101.69,1.69,1016.9,16.9,10169.0,169.0,3.73,103.73,3.73,1037.3,37.3,10373.0,373.0,0.0,100.0,0.0,1000.0,0.0,10000.0,0.0,120.33,220.33,120.33,2203.3,1203.3,22033.0,12033.0,128.0,228.0,128.0,2280.0,1280.0,22800.0,12800.0,"Tesla, PG&E, Nvidia, SLB, Pinterest, and More Stocks That Explain Today’s Market",Barrons.com,2026-08-31,0.0,Valero Energy (VLO) Is Up 1.00% in One Week: What You Should Know,Zacks,2026-08-31,0.273,Can Phillips 66 Reach Its $5.50 Refining Cost Target in 2027?,Zacks,2026-08-31,0.026,2,strong_buy,0.822,"YTD +118.02%, P/E 14.8, 1M +13.50% — strong refining margins and positive news sentiment (0.36) supported by tight global refining capacity.",YTD +118.02%; P/E 14.8; News sentiment 0.36; Refining tailwinds,,,,,
SLB,SLB (Schlumberger),Energy,oilfield-services,NYSE,60.1,+4.32%,+11.30%,+21.88%,+51.17%,+60%,89.197,0.749,29.32,13.27,35079742,87096142,234684842,206.0,4.28,buy,1.6,4.32,104.32,4.32,1043.2,43.2,10432.0,432.0,11.3,111.3,11.3,1113.0,113.0,11130.0,1130.0,21.88,121.88,21.88,1218.8,218.8,12188.0,2188.0,51.17,151.17,51.17,1511.7,511.7,15117.0,5117.0,60.0,160.0,60.0,1600.0,600.0,16000.0,6000.0,"SLB Stock Surged With Its Sector, But Its Fastest-Growing Line Was Not Drilling",Trefis,2026-08-31,0.0,Stocks Decline to End August as War Fears Persist,The Wall Street Journal,2026-08-31,-0.772,Q2 Earnings Outperformers: SLB (NYSE:SLB) And The Rest Of The Oilfield Services Stocks,StockStory,2026-08-31,0.0,3,strong_buy,0.8,"1M +19.28%, YTD +48.78%, analyst score 1.60 (buy) — oilfield services benefitting from high drilling activity as Brent crude stays near $89, per [stocktwits.com](https://stocktwits.com/news-articles/markets/equity/brent-crude-nears-89-strait-hormuz-xom-cvx-uso-record-cash-flow/cZo6uIKRJKY).",1M +19.28%; Analyst score 1.60; Brent near $89; Oilfield services demand,,,,,
HAL,Halliburton,Energy,oilfield-services,NYSE,36.85,+0.22%,+6.41%,+15.55%,+25.63%,+59%,30.701,0.753,19.29,11.69,17457408,62280708,227974908,188.0,5.04,buy,1.75,0.22,100.22,0.22,1002.2,2.2,10022.0,22.0,6.41,106.41,6.41,1064.1,64.1,10641.0,641.0,15.55,115.55,15.55,1155.5,155.5,11555.0,1555.0,25.63,125.63,25.63,1256.3,256.3,12563.0,2563.0,59.0,159.0,59.0,1590.0,590.0,15900.0,5900.0,"SLB Stock Surged With Its Sector, But Its Fastest-Growing Line Was Not Drilling",Trefis,2026-08-31,0.0,"Tesla, PG&E, Nvidia, SLB, Pinterest, and More Stocks That Explain Today’s Market",Barrons.com,2026-08-31,0.0,The Winners and Losers From Trump’s Venezuelan Oil Deal,Barrons.com,2026-08-31,-0.077,8,buy,0.65,"1M +14.79%, YTD +26.21%, P/E 19.38 — strong 1M momentum and oilfield services exposure benefiting from high oil prices.",1M +14.79%; P/E 19.38; Oilfield services; YTD +26.21%,,,,,
BKR,Baker Hughes,Energy,oilfield-services,NASDAQ,63.55,+1.23%,+2.52%,+4.89%,+36.27%,+38%,63.084,0.959,20.43,8.2,11210936,35517536,134769936,147.0,2.74,buy,1.71,1.23,101.23,1.23,1012.3,12.3,10123.0,123.0,2.52,102.52,2.52,1025.2,25.2,10252.0,252.0,4.89,104.89,4.89,1048.9,48.9,10489.0,489.0,36.27,136.27,36.27,1362.7,362.7,13627.0,3627.0,38.0,138.0,38.0,1380.0,380.0,13800.0,3800.0,"SLB Stock Surged With Its Sector, But Its Fastest-Growing Line Was Not Drilling",Trefis,2026-08-31,0.0,C3.ai vs. Intuit: Which Software Stock Is a Better Investment in 2026 as Both Hover Near 52-Week Lows?,Motley Fool,2026-08-30,0.273,Baker Hughes (BKR) Secures Order For 76 Gas Turbines,Simply Wall St.,2026-08-29,0.318,9,buy,0.63,"YTD +36.14%, analyst buy (1.71), 1W +2.42% — diversified oilfield services exposure with good momentum and analyst support.",YTD +36.14%; Analyst score 1.71; 1W +2.42%; Oilfield services,,,,,
NEE,NextEra Energy,Energy,utilities,NYSE,82.34,+0.61%,-1.36%,-4.15%,+3.96%,+13%,171.759,0.653,18.5,11.01,14050520,50005920,223591620,305.0,,buy,2.0,0.61,100.61,0.61,1006.1,6.1,10061.0,61.0,-1.36,98.64,-1.36,986.4,-13.6,9864.0,-136.0,-4.15,95.85,-4.15,958.5,-41.5,9585.0,-415.0,3.96,103.96,3.96,1039.6,39.6,10396.0,396.0,13.0,113.0,13.0,1130.0,130.0,11300.0,1300.0,PG&E Stock Is Priced For A Decision It Does Not Make,Trefis,2026-08-31,0.0,Constellation Energy vs. NextEra Energy: Which Utilities Stock Is a Better Investment in 2026?,Motley Fool,2026-08-31,0.727,NextEra Energy Stock: Is NEE Outperforming the Utilities Sector?,Barchart,2026-08-31,0.273,,,,,,,,,,
SSE.L,SSE plc,Energy,utilities,LSE,33.18,+2.86%,+2.64%,+4.12%,+9.79%,+42%,0.4,0.576,23.32,3.23,3046443,9719262,59249953,281.0,,none,,2.86,102.86,2.86,1028.6,28.6,10286.0,286.0,2.64,102.64,2.64,1026.4,26.4,10264.0,264.0,4.12,104.12,4.12,1041.2,41.2,10412.0,412.0,9.79,109.79,9.79,1097.9,97.9,10979.0,979.0,42.0,142.0,42.0,1420.0,420.0,14200.0,4200.0,UK PM Burnham uses policy blitz to buy time for tougher decisions,Investing.com,2026-08-01,0.178,SSE (LSE:SSE) Stock Fair Value Edges Lower After Mixed Analyst Target Changes,Simply Wall St.,2026-06-24,0.361,"UK, Japan to deepen ties with £18 billion investment agreement",Investing.com,2026-06-14,0.494,,,,,,,,,,
ENPH,Enphase Energy,Energy,clean-energy,NASDAQ,36.42,-2.49%,-2.04%,-7.45%,+7.91%,+1%,4.812,1.651,36.06,5.5,3893922,20860122,83396822,,19.63,buy,2.47,-2.49,97.51,-2.49,975.1,-24.9,9751.0,-249.0,-2.04,97.96,-2.04,979.6,-20.4,9796.0,-204.0,-7.45,92.55,-7.45,925.5,-74.5,9255.0,-745.0,7.91,107.91,7.91,1079.1,79.1,10791.0,791.0,1.0,101.0,1.0,1010.0,10.0,10100.0,100.0,Enphase (ENPH) is Preparing for the End of Dutch Net Metering. Will It Boost Batteries or Hurt Solar Demand?,Insider Monkey,2026-08-28,-0.296,Enphase Energy (ENPH) Starts Dutch Net Metering Outreach Program,Simply Wall St.,2026-08-28,0.494,The Bull Case For Enphase Energy (ENPH) Could Change Following Its New AI‑Driven Home Energy Platform,Simply Wall St.,2026-08-27,0.494,,,,,,,,,,
FSLR,First Solar,Energy,clean-energy,NASDAQ,201.9,-1.70%,-3.08%,-13.25%,-26.41%,+4%,21.699,1.746,12.46,2.22,2682083,8585583,52149983,,11.86,buy,1.91,-1.7,98.3,-1.7,983.0,-17.0,9830.0,-170.0,-3.08,96.92,-3.08,969.2,-30.8,9692.0,-308.0,-13.25,86.75,-13.25,867.5,-132.5,8675.0,-1325.0,-26.41,73.59,-26.41,735.9,-264.1,7359.0,-2641.0,4.0,104.0,4.0,1040.0,40.0,10400.0,400.0,First Solar (FSLR) Sold Off After the Tariffs. It’s the Solar Stock Built to Benefit From Them,Insider Monkey,2026-08-31,0.459,Street Calls of the Week,Investing.com,2026-08-30,0.0,First Solar (FSLR) Looks Repriced As Policy Support Shapes A More Bullish Valuation View,Simply Wall St.,2026-08-28,0.402,,,,,,,,,,
BEPC,Brookfield Renewable Corp,Energy,clean-energy,NYSE,32.15,+0.00%,-2.22%,-5.88%,-17.87%,-2%,5.967,1.166,,1.65,1293413,6118713,35696913,486.0,,none,,0.0,100.0,0.0,1000.0,0.0,10000.0,0.0,-2.22,97.78,-2.22,977.8,-22.2,9778.0,-222.0,-5.88,94.12,-5.88,941.2,-58.8,9412.0,-588.0,-17.87,82.13,-17.87,821.3,-178.7,8213.0,-1787.0,-2.0,98.0,-2.0,980.0,-20.0,9800.0,-200.0,Brookfield Renewable Corp's Dividend Analysis,GuruFocus.com,2026-08-31,0.0,2 Dividend Stocks Compounding Quietly While Oil Headlines Distract Everyone,Motley Fool,2026-08-25,-0.296,Why I'm Not Chasing NuScale -- Here's What I'm Buying Instead,Motley Fool,2026-08-11,0.0,,,,,,,,,,
DNNGY,Ørsted,Energy,clean-energy,NASDAQ,6.96,-1.97%,-0.71%,-5.18%,+4.43%,-32%,27.584,0.629,,0.1,5732,240132,1832332,,,none,,-1.97,98.03,-1.97,980.3,-19.7,9803.0,-197.0,-0.71,99.29,-0.71,992.9,-7.1,9929.0,-71.0,-5.18,94.82,-5.18,948.2,-51.8,9482.0,-518.0,4.43,104.43,4.43,1044.3,44.3,10443.0,443.0,-32.0,68.0,-32.0,680.0,-320.0,6800.0,-3200.0,Ørsted plans 2GW Dadu 2 offshore wind project in Taiwan,Energy Monitor,2026-08-20,0.0,Arenko’s software to operate Europe’s first battery co-located with offshore wind,Energy Global,2026-08-18,0.0,Orsted AS (DNNGY) (Q2 2026) Earnings Call Highlights: Strong H1 EBITDA and Strategic Progress ...,GuruFocus.com,2026-08-17,0.727,,,,,,,,,,
AAPL,Apple,MegaCap,big-tech,NASDAQ,317,-0.95%,+2.10%,+4.52%,+17.23%,+39%,4624.166,1.086,36.29,54.94,40667429,171590729,901794329,34.0,0.8,buy,2.18,-0.95,99.05,-0.95,990.5,-9.5,9905.0,-95.0,2.1,102.1,2.1,1021.0,21.0,10210.0,210.0,4.52,104.52,4.52,1045.2,45.2,10452.0,452.0,17.23,117.23,17.23,1172.3,172.3,11723.0,1723.0,39.0,139.0,39.0,1390.0,390.0,13900.0,3900.0,Rewind to 2011: Tim Cook's first Apple product launch as CEO,Yahoo Finance Video,2026-08-31,0.0,What Tim Cook told employees on his last day at Apple,Yahoo Finance,2026-08-31,0.0,Apple's big handoff and a jobs report: What to watch this week,Yahoo Finance,2026-08-30,0.0,,,,,,,,,,
MSFT,Microsoft,MegaCap,big-tech,NASDAQ,507,-1.12%,+4.10%,+4.22%,+7.94%,+2%,3766.905,1.099,28.23,38.14,26637042,124782042,596637942,71.0,0.92,strong_buy,1.36,-1.12,98.88,-1.12,988.8,-11.2,9888.0,-112.0,4.1,104.1,4.1,1041.0,41.0,10410.0,410.0,4.22,104.22,4.22,1042.2,42.2,10422.0,422.0,7.94,107.94,7.94,1079.4,79.4,10794.0,794.0,2.0,102.0,2.0,1020.0,20.0,10200.0,200.0,"Here comes the AI capex shocker, Goldman Sachs says",Yahoo Finance,2026-08-31,-0.153,"Jensen Huang Told Investors in June to 'Buy at a Discount' During Nvidia's Sell-Off. Nearly Three Months Later, Nvidia Is Up 4%, and a Broader AI Basket Gained 8%. Did His Call Pay Off?",Motley Fool,2026-08-31,0.296,Microsoft (MSFT) Brings Arabic Language AI Models To Its Ecosystem,Simply Wall St.,2026-08-31,0.0,3,strong_buy,0.85,"Up 8.35% YTD and 9.78% in the past month, with strong_buy consensus (an_score 1.36). P/E of 28.34 and beta of 1.1 provide a balanced growth profile, supported by cloud and AI monetization tailwinds.",+8.35% YTD; +9.78% 1m; strong_buy consensus; P/E 28.34,,,,,
NVDA,NVIDIA,MegaCap,big-tech,NASDAQ,221,+1.33%,+5.90%,+6.84%,+17.05%,+27%,5331.174,2.215,27.46,140.23,124033835,919739235,2681434735,46.0,1.23,strong_buy,1.28,1.33,101.33,1.33,1013.3,13.3,10133.0,133.0,5.9,105.9,5.9,1059.0,59.0,10590.0,590.0,6.84,106.84,6.84,1068.4,68.4,10684.0,684.0,17.05,117.05,17.05,1170.5,170.5,11705.0,1705.0,27.0,127.0,27.0,1270.0,270.0,12700.0,2700.0,Tech stocks today: Apple stock slips as Tim Cook prepares to step down,Yahoo Finance,2026-08-31,0.0,Why Deere Stock Rallied Today,Motley Fool,2026-08-31,0.0,Nvidia (NVDA) Invests $3.5 Billion in MediaTek. Is This the Next Leg of Its AI Growth?,Insider Monkey,2026-08-31,0.382,2,strong_buy,0.85,"Up 16.66% YTD and 9.61% in the past month, with strong_buy analyst consensus (score 1.28) and positive news sentiment (0.13). P/E of 27.78 is reasonable for the AI infrastructure leader benefiting from sustained capex.",+16.66% YTD; +9.61% 1m; strong_buy consensus; P/E 27.78,,,,,
GOOGL,Alphabet,MegaCap,big-tech,NASDAQ,339,-1.98%,-2.50%,-9.15%,+7.82%,+64%,4150.229,1.237,17.03,31.57,33315062,123093862,521283562,25.0,1.24,strong_buy,1.36,-1.98,98.02,-1.98,980.2,-19.8,9802.0,-198.0,-2.5,97.5,-2.5,975.0,-25.0,9750.0,-250.0,-9.15,90.85,-9.15,908.5,-91.5,9085.0,-915.0,7.82,107.82,7.82,1078.2,78.2,10782.0,782.0,64.0,164.0,64.0,1640.0,640.0,16400.0,6400.0,"Here comes the AI capex shocker, Goldman Sachs says",Yahoo Finance,2026-08-31,-0.153,"Jensen Huang Told Investors in June to 'Buy at a Discount' During Nvidia's Sell-Off. Nearly Three Months Later, Nvidia Is Up 4%, and a Broader AI Basket Gained 8%. Did His Call Pay Off?",Motley Fool,2026-08-31,0.296,Stock Market Today: Dow Skids As Trump Gives This AI Warning; Tesla Pops Ahead Of Key Event,Investor's Business Daily,2026-08-31,-0.34,,,,,,,,,,
META,Meta Platforms,MegaCap,big-tech,NASDAQ,572,-1.04%,+2.38%,-3.03%,-11.85%,-21%,1458.04,1.243,21.57,18.49,13275274,85700374,333782974,36.0,1.27,strong_buy,1.35,-1.04,98.96,-1.04,989.6,-10.4,9896.0,-104.0,2.38,102.38,2.38,1023.8,23.8,10238.0,238.0,-3.03,96.97,-3.03,969.7,-30.3,9697.0,-303.0,-11.85,88.15,-11.85,881.5,-118.5,8815.0,-1185.0,-21.0,79.0,-21.0,790.0,-210.0,7900.0,-2100.0,"Here comes the AI capex shocker, Goldman Sachs says",Yahoo Finance,2026-08-31,-0.153,Is Broadcom (AVGO) Stock a Buy Before Its Q3 Earnings?,Zacks,2026-08-31,0.0,Meta just turned teen safety into a competitive advantage,TheStreet,2026-08-31,0.67,,,,,,,,,,
AMZN,Amazon,MegaCap,big-tech,NASDAQ,260,-2.38%,-0.88%,-8.54%,+14.69%,+18%,2801.96,1.454,20.88,49.07,45422317,177904217,810125017,,0.97,strong_buy,1.31,-2.38,97.62,-2.38,976.2,-23.8,9762.0,-238.0,-0.88,99.12,-0.88,991.2,-8.8,9912.0,-88.0,-8.54,91.46,-8.54,914.6,-85.4,9146.0,-854.0,14.69,114.69,14.69,1146.9,146.9,11469.0,1469.0,18.0,118.0,18.0,1180.0,180.0,11800.0,1800.0,Best credit cards for shopping on Amazon (2026),Yahoo Personal Finance,2025-11-19,0.818,"Here comes the AI capex shocker, Goldman Sachs says",Yahoo Finance,2026-08-31,-0.153,FTC Lawsuit Puts Amazon’s (AMZN) High-Margin Advertising Business in Focus,Insider Monkey,2026-08-31,-0.226,,,,,,,,,,
TSLA,Tesla,MegaCap,big-tech,NASDAQ,368,+5.68%,+5.44%,+14.24%,-16.01%,+6%,1453.236,1.827,340.69,41.28,61157428,182596628,724684428,,1.96,buy,2.35,5.68,105.68,5.68,1056.8,56.8,10568.0,568.0,5.44,105.44,5.44,1054.4,54.4,10544.0,544.0,14.24,114.24,14.24,1142.4,142.4,11424.0,1424.0,-16.01,83.99,-16.01,839.9,-160.1,8399.0,-1601.0,6.0,106.0,6.0,1060.0,60.0,10600.0,600.0,"Here comes the AI capex shocker, Goldman Sachs says",Yahoo Finance,2026-08-31,-0.153,Elon Musk Is Spending $119 Billion on A Single Building Outside Houston. Here’s Who Actually Profits.,24/7 Wall St.,2026-08-31,0.44,"Dow Jones Futures: Trump's Iran Warning Sparks Stock Market Losses; Elon Musk-Led SpaceX, Tesla Rally",Investor's Business Daily,2026-08-31,-0.625,7,buy,0.5,"Up 17.17% in the past month, with positive news sentiment (0.254) and analyst buy consensus (score 2.35). Q2 revenue reached $28.2B with FSD subscribers at 1.5M, but high P/E of 337.7 and negative free cash flow add risk.",+17.17% 1m; news_s 0.254; Q2 rev $28.2B; P/E 337.7 high,,,,,
NFLX,Netflix,MegaCap,big-tech,NASDAQ,81,-0.70%,+1.30%,+10.53%,-10.92%,-33%,337.487,1.514,25.73,42.33,28722439,137282139,610884439,,2.19,buy,1.76,-0.7,99.3,-0.7,993.0,-7.0,9930.0,-70.0,1.3,101.3,1.3,1013.0,13.0,10130.0,130.0,10.53,110.53,10.53,1105.3,105.3,11053.0,1053.0,-10.92,89.08,-10.92,890.8,-109.2,8908.0,-1092.0,-33.0,67.0,-33.0,670.0,-330.0,6700.0,-3300.0,Netflix vs. Meta: The Better Media Stock May Surprise You,24/7 Wall St.,2026-08-31,0.612,"Jim Cramer Calls Netflix “A Buy, Not a Huge Buy” After Shares Fall 35% in a Year",24/7 Wall St.,2026-08-31,0.061,The Bull Case for Netflix Stock Is Stronger Than You Think,24/7 Wall St.,2026-08-31,0.382,6,buy,0.7,"Up 12.86% in the past month, with a P/E of 25.45 and analyst buy consensus (score 1.76). News sentiment is positive (0.102), and the streaming leader continues to benefit from subscriber growth and ad-tier expansion.",+12.86% 1m; P/E 25.45; analyst buy; news_s 0.102,,,,,
JPM,JPMorgan Chase,MegaCap,financials,NYSE,356,-0.46%,-0.10%,+0.96%,+10.94%,+19%,946.367,0.977,15.31,8.38,7742145,26961045,118772845,168.0,0.95,none,,-0.46,99.54,-0.46,995.4,-4.6,9954.0,-46.0,-0.1,99.9,-0.1,999.0,-1.0,9990.0,-10.0,0.96,100.96,0.96,1009.6,9.6,10096.0,96.0,10.94,110.94,10.94,1109.4,109.4,11094.0,1094.0,19.0,119.0,19.0,1190.0,190.0,11900.0,1900.0,"How Investors May Respond To JPMorgan Chase (JPM) Bond Issuance, Branch Expansion and Higher Payouts",Simply Wall St.,2026-08-31,0.0,"JPMorgan Drops 'Bullish' Stance On US Stocks After Warsh's Hawkish Tone At Jackson Hole, Shifts To 'Tactically Cautious'",Stocktwits,2026-08-31,-0.103,JPMorgan Slips as 60% Hike Odds Cut Both Ways,GuruFocus.com,2026-08-31,-0.273,,,,,,,,,,
BAC,Bank of America,MegaCap,financials,NYSE,62,-0.58%,-0.63%,-0.86%,+11.91%,+24%,433.131,1.168,14.3,33.41,43377733,172243533,600673433,205.0,,none,,-0.58,99.42,-0.58,994.2,-5.8,9942.0,-58.0,-0.63,99.37,-0.63,993.7,-6.3,9937.0,-63.0,-0.86,99.14,-0.86,991.4,-8.6,9914.0,-86.0,11.91,111.91,11.91,1119.1,119.1,11191.0,1191.0,24.0,124.0,24.0,1240.0,240.0,12400.0,2400.0,"Top Analyst Reports for Microsoft, Intel & Bank of America",Zacks,2026-08-31,0.202,BAC Records 9% Y/Y Growth in NII in 1H26: Will the Uptrend Continue?,Zacks,2026-08-31,0.382,3 Reasons BAC is Risky and 1 Stock to Buy Instead,StockStory,2026-08-31,-0.202,,,,,,,,,,
BRK-B,Berkshire Hathaway B,MegaCap,financials,NYSE,504,-0.19%,-0.06%,-1.78%,+1.45%,+1%,1078.982,0.607,12.68,4.72,5063021,22251221,89976421,,0.96,buy,2.0,-0.19,99.81,-0.19,998.1,-1.9,9981.0,-19.0,-0.06,99.94,-0.06,999.4,-0.6,9994.0,-6.0,-1.78,98.22,-1.78,982.2,-17.8,9822.0,-178.0,1.45,101.45,1.45,1014.5,14.5,10145.0,145.0,1.0,101.0,1.0,1010.0,10.0,10100.0,100.0,It's Tim Cook's final day as Apple CEO. Here's what investors need from John Ternus.,Yahoo Finance Video,2026-08-31,0.0,KKR's 'Berkshire Hathaway' strategy bears fruit with $17B USI sale,Pitchbook,2026-08-31,0.0,Berkshire Hathaway (BRK.B) Stock Looks Reasonable On Earnings After A 79% Run,Simply Wall St.,2026-08-31,0.0,,,,,,,,,,
V,Visa,MegaCap,financials,NYSE,379,-0.44%,-0.79%,+3.94%,+10.15%,+9%,708.302,0.759,32.29,7.94,6723061,30860261,141642161,70.0,1.31,strong_buy,1.45,-0.44,99.56,-0.44,995.6,-4.4,9956.0,-44.0,-0.79,99.21,-0.79,992.1,-7.9,9921.0,-79.0,3.94,103.94,3.94,1039.4,39.4,10394.0,394.0,10.15,110.15,10.15,1101.5,101.5,11015.0,1015.0,9.0,109.0,9.0,1090.0,90.0,10900.0,900.0,Bank of England governor warns AI could trigger global downturn,Yahoo Finance Video,2026-08-31,-0.103,Can you use a credit card on Venmo?,Yahoo Personal Finance,2024-01-26,0.382,PayPal Stock's Real Risk Is Not How Far It Falls,Trefis,2026-08-31,-0.273,,,,,,,,,,
MA,Mastercard,MegaCap,financials,NYSE,589,-1.01%,-1.76%,+3.21%,+5.16%,+1%,516.241,0.735,32.45,3.47,3149367,14710267,60468167,58.0,0.83,strong_buy,1.38,-1.01,98.99,-1.01,989.9,-10.1,9899.0,-101.0,-1.76,98.24,-1.76,982.4,-17.6,9824.0,-176.0,3.21,103.21,3.21,1032.1,32.1,10321.0,321.0,5.16,105.16,5.16,1051.6,51.6,10516.0,516.0,1.0,101.0,1.0,1010.0,10.0,10100.0,100.0,Can you use a credit card on Venmo?,Yahoo Personal Finance,2024-01-26,0.382,PayPal Stock's Real Risk Is Not How Far It Falls,Trefis,2026-08-31,-0.273,"Visa, Mastercard, and Fiserv Just Joined a Group Writing the Rules for AI Agent Payments",Motley Fool,2026-08-31,0.0,,,,,,,,,,
GS,Goldman Sachs,MegaCap,financials,NYSE,1026,-0.75%,-1.00%,-0.11%,+13.29%,+41%,298.713,1.288,15.85,2.11,1354091,8104891,38261191,192.0,2.14,hold,2.6,-0.75,99.25,-0.75,992.5,-7.5,9925.0,-75.0,-1.0,99.0,-1.0,990.0,-10.0,9900.0,-100.0,-0.11,99.89,-0.11,998.9,-1.1,9989.0,-11.0,13.29,113.29,13.29,1132.9,132.9,11329.0,1329.0,41.0,141.0,41.0,1410.0,410.0,14100.0,4100.0,"Best CD rates today, Monday, August 31, 2026: Lock in up to 4.30% APY",Yahoo Personal Finance,2026-08-31,0.637,The AI boom is Raising the stakes for capital allocation,Quartz,2026-08-31,0.0,"Goldman Sachs Is Buying Into High Income ETFs, but What Are Nasdaq Investors Giving Up for Those Payouts?",24/7 Wall St.,2026-08-31,0.477,,,,,,,,,,
BLK,BlackRock,MegaCap,financials,NYSE,1156,-0.70%,-1.45%,+2.57%,+7.70%,+4%,187.759,1.425,27.72,0.75,765322,3371322,12219222,197.0,1.19,buy,1.53,-0.7,99.3,-0.7,993.0,-7.0,9930.0,-70.0,-1.45,98.55,-1.45,985.5,-14.5,9855.0,-145.0,2.57,102.57,2.57,1025.7,25.7,10257.0,257.0,7.7,107.7,7.7,1077.0,77.0,10770.0,770.0,4.0,104.0,4.0,1040.0,40.0,10400.0,400.0,"Nvidia just lined up $500 billion. Frank Holmes says the thing that’s scarce isn’t money, it’s copper",TheStreet,2026-08-31,0.0,Bitwave’s CEO puts a clock on the software selloff: “two years at most”,TheStreet,2026-08-31,0.0,Sector Update: Financial Stocks Fall Late Afternoon,MT Newswires,2026-08-31,0.0,,,,,,,,,,
LLY,Eli Lilly,MegaCap,healthcare,NYSE,1157,-1.39%,-7.23%,+3.30%,+7.59%,+60%,1031.504,0.506,38.76,2.88,3026949,13349949,60057449,59.0,0.74,buy,1.7,-1.39,98.61,-1.39,986.1,-13.9,9861.0,-139.0,-7.23,92.77,-7.23,927.7,-72.3,9277.0,-723.0,3.3,103.3,3.3,1033.0,33.0,10330.0,330.0,7.59,107.59,7.59,1075.9,75.9,10759.0,759.0,60.0,160.0,60.0,1600.0,600.0,16000.0,6000.0,Eli Lilly (LLY) Makes a $2.88 Billion Autoimmune Bet. What Could Go Right or Wrong?,Insider Monkey,2026-08-31,-0.477,Chris Benecchi Named Inventiva’s New Chief Operating Officer,Exec Edge,2026-08-31,0.0,Eli Lilly Is Acquiring Merdia Biosciences for Up to $2.88 Billion. Here's What That Means for Investors.,Motley Fool,2026-08-31,0.0,,,,,,,,,,
UNH,UnitedHealth Group,MegaCap,healthcare,NYSE,389,-0.79%,-2.34%,-6.25%,+17.32%,+27%,349.532,0.632,25.03,5.62,5615785,17951485,86408985,236.0,1.92,buy,1.56,-0.79,99.21,-0.79,992.1,-7.9,9921.0,-79.0,-2.34,97.66,-2.34,976.6,-23.4,9766.0,-234.0,-6.25,93.75,-6.25,937.5,-62.5,9375.0,-625.0,17.32,117.32,17.32,1173.2,173.2,11732.0,1732.0,27.0,127.0,27.0,1270.0,270.0,12700.0,2700.0,UNH Stock Gets Cheaper Only If The Margins Come Back,Trefis,2026-08-31,0.0,CVS vs. UNH: Which Health Insurance Stock Has More Upside Now?,Zacks,2026-08-31,0.0,SCHD Is Up Nearly 30% and Its Yield Is Back Near 3% | Did Dividend Investors Miss the Easy Money?,24/7 Wall St.,2026-08-30,0.318,,,,,,,,,,
JNJ,Johnson & Johnson,MegaCap,healthcare,NYSE,266,-0.83%,-2.15%,+5.01%,+30.28%,+51%,640.672,0.231,31.06,7.85,7741497,32714397,136741697,200.0,1.0,buy,1.91,-0.83,99.17,-0.83,991.7,-8.3,9917.0,-83.0,-2.15,97.85,-2.15,978.5,-21.5,9785.0,-215.0,5.01,105.01,5.01,1050.1,50.1,10501.0,501.0,30.28,130.28,30.28,1302.8,302.8,13028.0,3028.0,51.0,151.0,51.0,1510.0,510.0,15100.0,5100.0,Chris Benecchi Named Inventiva’s New Chief Operating Officer,Exec Edge,2026-08-31,0.0,Protagonist Wins FDA Approval for MIMRYLO in Rare Blood Cancer Treatment,MarketBeat,2026-08-31,0.34,This Popular Healthcare ETF Is Diluting Your Dividend Income,24/7 Wall St.,2026-08-31,0.421,,,,,,,,,,
ABBV,AbbVie,MegaCap,healthcare,NYSE,256,+0.35%,-3.06%,+4.62%,+14.47%,+21%,453.124,0.28,72.23,6.53,4238123,19200523,99864623,271.0,1.15,buy,1.68,0.35,100.35,0.35,1003.5,3.5,10035.0,35.0,-3.06,96.94,-3.06,969.4,-30.6,9694.0,-306.0,4.62,104.62,4.62,1046.2,46.2,10462.0,462.0,14.47,114.47,14.47,1144.7,144.7,11447.0,1447.0,21.0,121.0,21.0,1210.0,210.0,12100.0,2100.0,This Popular Healthcare ETF Is Diluting Your Dividend Income,24/7 Wall St.,2026-08-31,0.421,Aging Population Drives Healthcare Growth: Stocks to Watch,Zacks,2026-08-31,0.382,How Is AbbVie’s Stock Performance Compared to Other Healthcare Stocks,Barchart,2026-08-30,0.0,,,,,,,,,,
MRK,Merck,MegaCap,healthcare,NYSE,148,-0.29%,-1.92%,+15.65%,+40.84%,+74%,364.549,0.211,118.21,10.8,10746306,49968606,235152206,229.0,0.99,buy,1.75,-0.29,99.71,-0.29,997.1,-2.9,9971.0,-29.0,-1.92,98.08,-1.92,980.8,-19.2,9808.0,-192.0,15.65,115.65,15.65,1156.5,156.5,11565.0,1565.0,40.84,140.84,40.84,1408.4,408.4,14084.0,4084.0,74.0,174.0,74.0,1740.0,740.0,17400.0,7400.0,Stock Market Enjoys August Gains—Thanks to Unusual Winners,The Wall Street Journal,2026-08-31,0.751,There Was No Beating Moderna in August. These Are the Best and Worst S&P 500 Stocks for the Month.,Barrons.com,2026-08-31,0.378,From Padcev to PF-08634404: Pfizer's Oncology Growth Push,Zacks,2026-08-31,0.382,1,buy,0.8,"Up 40.49% YTD and 13.21% in the past month, with exceptionally positive news sentiment (0.376) and analyst buy consensus. P/E of 117.9 reflects strong earnings growth from pharmaceutical pipeline momentum.",+40.49% YTD; +13.21% 1m; news_s 0.376; analyst buy,,,,,
TMO,Thermo Fisher Scientific,MegaCap,healthcare,NYSE,617,-0.47%,-1.85%,+7.50%,+4.36%,+28%,228.171,0.847,33.18,2.08,1419052,7280852,34995852,30.0,1.28,buy,1.57,-0.47,99.53,-0.47,995.3,-4.7,9953.0,-47.0,-1.85,98.15,-1.85,981.5,-18.5,9815.0,-185.0,7.5,107.5,7.5,1075.0,75.0,10750.0,750.0,4.36,104.36,4.36,1043.6,43.6,10436.0,436.0,28.0,128.0,28.0,1280.0,280.0,12800.0,2800.0,Thermo Fisher Scientific (TMO) Unveils New Tools For Electron Microscopy And Isotope Analysis,Simply Wall St.,2026-08-31,0.0,Is Thermo Fisher Scientific Stock Outperforming the Nasdaq?,Barchart,2026-08-31,0.0,Glaukos (GKOS) Up 8% Since Last Earnings Report: Can It Continue?,Zacks,2026-08-28,0.0,9,buy,0.6,"Up 7.05% in the past month and 3.96% YTD, with a P/E of 33.05 and analyst buy consensus (score 1.57). News sentiment is neutral (0.031), and the life sciences leader is poised for steady demand from biopharma spending.",+7.05% 1m; YTD +3.96%; analyst buy; P/E 33.05,,,,,
ABT,Abbott Laboratories,MegaCap,healthcare,NYSE,110,-1.64%,-5.41%,+3.02%,-9.48%,-14%,190.965,0.581,36.42,11.53,10631260,40988360,162615760,224.0,1.32,buy,1.59,-1.64,98.36,-1.64,983.6,-16.4,9836.0,-164.0,-5.41,94.59,-5.41,945.9,-54.1,9459.0,-541.0,3.02,103.02,3.02,1030.2,30.2,10302.0,302.0,-9.48,90.52,-9.48,905.2,-94.8,9052.0,-948.0,-14.0,86.0,-14.0,860.0,-140.0,8600.0,-1400.0,How Abbott Labs Is Embracing RFK Jr.'s Make America Healthy Again Movement,Investor's Business Daily,2026-08-31,0.402,What Is Abbott Laboratories (ABT) Telling Investors With Its New Infant Formula?,Simply Wall St.,2026-08-31,0.0,Two Recessions Couldn’t Stop These 4 Healthcare Stocks From Raising Dividends,24/7 Wall St.,2026-08-31,-0.296,,,,,,,,,,
PG,Procter & Gamble,MegaCap,consumer,NYSE,145,+0.95%,-1.01%,+0.10%,+4.63%,-9%,337.322,0.377,21.95,9.09,11777889,42838789,191592489,303.0,1.06,buy,2.2,0.95,100.95,0.95,1009.5,9.5,10095.0,95.0,-1.01,98.99,-1.01,989.9,-10.1,9899.0,-101.0,0.1,100.1,0.1,1001.0,1.0,10010.0,10.0,4.63,104.63,4.63,1046.3,46.3,10463.0,463.0,-9.0,91.0,-9.0,910.0,-90.0,9100.0,-900.0,Procter & Gamble (PG) Faces New Shareholder Proposals Ahead Of October 2026 Meeting,Simply Wall St.,2026-08-31,0.0,These 3 Dividend Stocks Make a Strong Case for Skipping XLP,24/7 Wall St.,2026-08-31,0.511,These 3 Dividend Stocks Have Survived Every Recession Since 1970. Retirees Trust Them for a Reason.,24/7 Wall St.,2026-08-31,0.586,,,,,,,,,,
KO,Coca-Cola,MegaCap,consumer,NYSE,89,-1.20%,-3.61%,+2.08%,+30.00%,+30%,381.507,0.342,26.63,17.37,23291317,75705117,304220717,236.0,0.92,buy,1.75,-1.2,98.8,-1.2,988.0,-12.0,9880.0,-120.0,-3.61,96.39,-3.61,963.9,-36.1,9639.0,-361.0,2.08,102.08,2.08,1020.8,20.8,10208.0,208.0,30.0,130.0,30.0,1300.0,300.0,13000.0,3000.0,30.0,130.0,30.0,1300.0,300.0,13000.0,3000.0,Steak ’n Shake’s MAGA Makeover Is Winning Fans but Its Stock Is Complicated,Barrons.com,2026-08-31,0.296,These 3 Dividend Stocks Make a Strong Case for Skipping XLP,24/7 Wall St.,2026-08-31,0.511,These 3 Dividend Stocks Have Survived Every Recession Since 1970. Retirees Trust Them for a Reason.,24/7 Wall St.,2026-08-31,0.586,,,,,,,,,,
PEP,PepsiCo,MegaCap,consumer,NASDAQ,140,-1.00%,-2.99%,+0.51%,+0.60%,-6%,191.704,0.361,18.39,8.49,6527144,37004644,136980844,420.0,1.92,hold,2.67,-1.0,99.0,-1.0,990.0,-10.0,9900.0,-100.0,-2.99,97.01,-2.99,970.1,-29.9,9701.0,-299.0,0.51,100.51,0.51,1005.1,5.1,10051.0,51.0,0.6,100.6,0.6,1006.0,6.0,10060.0,60.0,-6.0,94.0,-6.0,940.0,-60.0,9400.0,-600.0,PepsiCo (PEP) Lands In New Protein Snacks Growth Report With 2030 Upside,Simply Wall St.,2026-08-31,0.382,1 Unpopular Stock That Deserves Some Love and 2 We Brush Off,StockStory,2026-08-31,0.637,PepsiCo Stock: Is PEP Underperforming the Consumer Defensive Sector?,Barchart,2026-08-30,0.026,,,,,,,,,,
MCD,McDonald's,MegaCap,consumer,NYSE,264,-0.59%,-3.30%,-0.64%,-12.02%,-16%,186.492,0.419,21.51,4.59,5209936,22452636,94932936,281.0,1.74,buy,2.06,-0.59,99.41,-0.59,994.1,-5.9,9941.0,-59.0,-3.3,96.7,-3.3,967.0,-33.0,9670.0,-330.0,-0.64,99.36,-0.64,993.6,-6.4,9936.0,-64.0,-12.02,87.98,-12.02,879.8,-120.2,8798.0,-1202.0,-16.0,84.0,-16.0,840.0,-160.0,8400.0,-1600.0,McDonald’s and Taco Bell Are Fighting Over Your 3 P.M. Pick-Me-Up — Here’s Who’s Winning,Entrepreneur,2026-08-31,0.226,Is McDonald's Stock Underperforming the S&P 500?,Barchart,2026-08-31,0.0,2 Dow Jones Stocks Down Over 20% I'd Buy on the Dip,Motley Fool,2026-08-30,0.0,,,,,,,,,,
NKE,Nike,MegaCap,consumer,NYSE,39,-1.24%,-4.15%,-8.40%,-37.31%,-47%,57.945,1.118,18.6,24.85,22996681,168092381,572848581,427.0,7.22,hold,2.56,-1.24,98.76,-1.24,987.6,-12.4,9876.0,-124.0,-4.15,95.85,-4.15,958.5,-41.5,9585.0,-415.0,-8.4,91.6,-8.4,916.0,-84.0,9160.0,-840.0,-37.31,62.69,-37.31,626.9,-373.1,6269.0,-3731.0,-47.0,53.0,-47.0,530.0,-470.0,5300.0,-4700.0,Nike (NKE) Suffers a Larger Drop Than the General Market: Key Insights,Zacks,2026-08-31,-0.637,Nike (NKE) Reinstates Chief Commercial Officer Role,Simply Wall St.,2026-08-31,0.0,Where’s the long-term money in softlines?,Investing.com,2026-08-30,0.0,,,,,,,,,,
WMT,Walmart,MegaCap,consumer,NYSE,105,+1.74%,-1.52%,-5.05%,-6.40%,+5%,834.564,0.605,38.0,24.65,33835852,138487152,581861352,96.0,1.42,buy,1.53,1.74,101.74,1.74,1017.4,17.4,10174.0,174.0,-1.52,98.48,-1.52,984.8,-15.2,9848.0,-152.0,-5.05,94.95,-5.05,949.5,-50.5,9495.0,-505.0,-6.4,93.6,-6.4,936.0,-64.0,9360.0,-640.0,5.0,105.0,5.0,1050.0,50.0,10500.0,500.0,Best credit cards for shopping at Walmart (2026),Yahoo Personal Finance,2025-12-01,0.778,Stock Market Today: Dow Skids As Trump Gives This AI Warning; Tesla Pops Ahead Of Key Event,Investor's Business Daily,2026-08-31,-0.34,Walmart Settled One of Its Ugliest Lawsuits for 0.4% of Six-Month Profit,24/7 Wall St.,2026-08-31,-0.361,,,,,,,,,,
COST,Costco,MegaCap,consumer,NASDAQ,944,-0.17%,-2.83%,-1.07%,+10.95%,+1%,418.595,0.86,47.55,2.2,2383528,8605928,37276728,62.0,1.66,buy,2.0,-0.17,99.83,-0.17,998.3,-1.7,9983.0,-17.0,-2.83,97.17,-2.83,971.7,-28.3,9717.0,-283.0,-1.07,98.93,-1.07,989.3,-10.7,9893.0,-107.0,10.95,110.95,10.95,1109.5,109.5,11095.0,1095.0,1.0,101.0,1.0,1010.0,10.0,10100.0,100.0,Peter Lynch Made a Fortune by Investing in Familiar Brands. Here Are 2 Consumer Stocks I Think He'd Love Right Now.,Motley Fool,2026-08-31,0.637,These 3 Dividend Stocks Make a Strong Case for Skipping XLP,24/7 Wall St.,2026-08-31,0.511,Is Costco Stock an Obvious Buy Right Now?,Motley Fool,2026-08-31,0.0,,,,,,,,,,
XOM,ExxonMobil,MegaCap,energy-industrial,NYSE,161,+2.65%,-1.89%,+4.47%,+33.86%,+37%,661.812,0.173,20.71,15.56,17994541,75999341,299361041,263.0,1.0,buy,2.32,2.65,102.65,2.65,1026.5,26.5,10265.0,265.0,-1.89,98.11,-1.89,981.1,-18.9,9811.0,-189.0,4.47,104.47,4.47,1044.7,44.7,10447.0,447.0,33.86,133.86,33.86,1338.6,338.6,13386.0,3386.0,37.0,137.0,37.0,1370.0,370.0,13700.0,3700.0,"Energy stocks lead in subdued final trading day of August, utilities under pressure: AlphaCheck",Yahoo Finance,2026-08-31,-0.026,Trump Says Exxon Will Enter Venezuela as Oil Investment Ramps Up,Insider Monkey,2026-08-31,0.0,How ExxonMobil’s Bid for Shell’s U.S. Chemicals Assets Could Reshape the XOM Investment Story,Simply Wall St.,2026-08-31,0.178,,,,,,,,,,
CVX,Chevron,MegaCap,energy-industrial,NYSE,206,+0.88%,+1.50%,+7.64%,+35.92%,+25%,404.365,0.488,19.82,8.37,12043618,40471118,169078218,353.0,0.81,buy,1.72,0.88,100.88,0.88,1008.8,8.8,10088.0,88.0,1.5,101.5,1.5,1015.0,15.0,10150.0,150.0,7.64,107.64,7.64,1076.4,76.4,10764.0,764.0,35.92,135.92,35.92,1359.2,359.2,13592.0,3592.0,25.0,125.0,25.0,1250.0,250.0,12500.0,2500.0,"Energy stocks lead in subdued final trading day of August, utilities under pressure: AlphaCheck",Yahoo Finance,2026-08-31,-0.026,Why Trump's Venezuelan oil deal is very politically risky,Yahoo Finance Video,2026-08-31,-0.268,"Firms including Chevron, ONGC, GE Vernova on track to sign final pacts in Venezuela, sources say",Reuters,2026-08-31,0.0,4,buy,0.75,"Up 36.01% YTD and 5.71% in the past month, with a P/E of 19.83 and a dividend yield of 3.56%. Analyst consensus is buy despite negative news sentiment (-0.274), benefiting from energy price strength and capital returns.",+36.01% YTD; P/E 19.83; div yield 3.56%; analyst buy,,,,,
CAT,Caterpillar,MegaCap,energy-industrial,NYSE,797,-0.32%,-1.67%,-3.92%,+34.08%,+92%,366.577,1.605,34.36,3.19,3033479,10160079,56958979,81.0,1.57,buy,2.14,-0.32,99.68,-0.32,996.8,-3.2,9968.0,-32.0,-1.67,98.33,-1.67,983.3,-16.7,9833.0,-167.0,-3.92,96.08,-3.92,960.8,-39.2,9608.0,-392.0,34.08,134.08,34.08,1340.8,340.8,13408.0,3408.0,92.0,192.0,92.0,1920.0,920.0,19200.0,9200.0,"Top Stock Picks for Week of August 31, 2026",Zacks,2026-08-31,0.202,Deere and AGCO Rally 4% as Baird Upgrades Both on North America Row Crop Demand,24/7 Wall St.,2026-08-31,-0.128,Jim Cramer Warns AI Is Making Even “Diversified” Portfolios More Concentrated,24/7 Wall St.,2026-08-31,-0.103,,,,,,,,,,
HON,Honeywell,MegaCap,energy-industrial,NASDAQ,214,-1.98%,-0.58%,-13.21%,+5.35%,+1%,67.676,0.918,8.21,4.23,5081400,14916600,63871700,129.0,1.66,buy,1.92,-1.98,98.02,-1.98,980.2,-19.8,9802.0,-198.0,-0.58,99.42,-0.58,994.2,-5.8,9942.0,-58.0,-13.21,86.79,-13.21,867.9,-132.1,8679.0,-1321.0,5.35,105.35,5.35,1053.5,53.5,10535.0,535.0,1.0,101.0,1.0,1010.0,10.0,10100.0,100.0,"Honeywell International's Growth Outlook Improves After Aerospace Spin, Morgan Stanley Says",MT Newswires,2026-08-31,0.66,Honeywell International Inc. (HON) Declines More Than Market: Some Information for Investors,Zacks,2026-08-28,0.0,Eaton Stock Can Swing Far More Than Its Steady Story Suggests,Trefis,2026-08-28,0.0,,,,,,,,,,
GE,GE Aerospace,MegaCap,energy-industrial,NYSE,336,-2.13%,-1.79%,-9.00%,+4.95%,+24%,348.32,1.366,39.5,4.24,4441373,18240073,75933273,55.0,1.29,strong_buy,1.45,-2.13,97.87,-2.13,978.7,-21.3,9787.0,-213.0,-1.79,98.21,-1.79,982.1,-17.9,9821.0,-179.0,-9.0,91.0,-9.0,910.0,-90.0,9100.0,-900.0,4.95,104.95,4.95,1049.5,49.5,10495.0,495.0,24.0,124.0,24.0,1240.0,240.0,12400.0,2400.0,1 S&P 500 Stock with Exciting Potential and 2 We Ignore,StockStory,2026-08-31,0.178,Is GE Aerospace Stock Outperforming the Nasdaq?,Barchart,2026-08-31,0.0,General Electric (GE) Names Claire McDonough As GE Vernova CFO,Simply Wall St.,2026-08-29,0.0,,,,,,,,,,
RTX,RTX Corp,MegaCap,energy-industrial,NYSE,208,-2.03%,-0.71%,-3.80%,+12.14%,+34%,279.97,0.294,36.64,4.99,3938930,18781130,91406430,138.0,0.96,buy,1.87,-2.03,97.97,-2.03,979.7,-20.3,9797.0,-203.0,-0.71,99.29,-0.71,992.9,-7.1,9929.0,-71.0,-3.8,96.2,-3.8,962.0,-38.0,9620.0,-380.0,12.14,112.14,12.14,1121.4,121.4,11214.0,1214.0,34.0,134.0,34.0,1340.0,340.0,13400.0,3400.0,Here's Why RTX (RTX) Fell More Than Broader Market,Zacks,2026-08-31,0.0,Bet on These Defense ETFs Amid Renewed US-Iran Tensions,Zacks,2026-08-31,-0.296,"RTX's $289 Billion Backlog Is Mainly Commercial, Not Defense. Here's Why That Split Is the Real Story.",Motley Fool,2026-08-30,-0.095,,,,,,,,,,
BA,Boeing,MegaCap,energy-industrial,NYSE,208,-0.97%,-1.27%,-11.01%,-8.78%,-12%,164.223,1.221,75.01,5.78,5209340,23449540,112460640,,0.01,buy,1.54,-0.97,99.03,-0.97,990.3,-9.7,9903.0,-97.0,-1.27,98.73,-1.27,987.3,-12.7,9873.0,-127.0,-11.01,88.99,-11.01,889.9,-110.1,8899.0,-1101.0,-8.78,91.22,-8.78,912.2,-87.8,9122.0,-878.0,-12.0,88.0,-12.0,880.0,-120.0,8800.0,-1200.0,Boeing resumes talks as engineer strike risk looms,InvestorsHub,2026-08-31,-0.494,Boeing Is Building 737s Faster Than It Has in Years. But Its Engineers Just Authorized an October Strike.,Motley Fool,2026-08-30,-0.19,Boeing (BA) Names Ryan L Shedd Senior Vice President And Controller,Simply Wall St.,2026-08-30,0.577,,,,,,,,,,
AMD,Advanced Micro Devices,MegaCap,tech-semis,NASDAQ,471,+1.00%,+3.06%,-2.87%,+110.64%,+187%,768.439,2.489,120.39,27.55,12251488,77381588,460962488,,2.46,strong_buy,1.48,1.0,101.0,1.0,1010.0,10.0,10100.0,100.0,3.06,103.06,3.06,1030.6,30.6,10306.0,306.0,-2.87,97.13,-2.87,971.3,-28.7,9713.0,-287.0,110.64,210.64,110.64,2106.4,1106.4,21064.0,11064.0,187.0,287.0,187.0,2870.0,1870.0,28700.0,18700.0,Here's What September Has Done to AMD Stock Over the Past 10 Years,Motley Fool,2026-08-31,0.0,AMD Expands Global AI Footprint With New Saudi Platform,Benzinga,2026-08-31,0.103,JPMorgan Built a Version of JEPI Designed to Keep the IRS Waiting,24/7 Wall St.,2026-08-31,0.0,,,,,,,,,,
QCOM,Qualcomm,MegaCap,tech-semis,NASDAQ,170,+3.76%,+7.54%,+12.48%,-0.45%,+3%,182.083,1.663,19.48,15.48,12726310,57444410,206699910,224.0,3.48,none,,3.76,103.76,3.76,1037.6,37.6,10376.0,376.0,7.54,107.54,7.54,1075.4,75.4,10754.0,754.0,12.48,112.48,12.48,1124.8,124.8,11248.0,1248.0,-0.45,99.55,-0.45,995.5,-4.5,9955.0,-45.0,3.0,103.0,3.0,1030.0,30.0,10300.0,300.0,"Qualcomm Just Gained 15% in a Month: Take Profits, or Buy More?",24/7 Wall St.,2026-08-31,0.67,"How Investors May Respond To QCOM Naming Sergio Buniac To Lead Mobile, Compute And Personal AI",Simply Wall St.,2026-08-31,0.0,Wall Street May Be Sleeping on This Massive AI CPU Opportunity,24/7 Wall St.,2026-08-31,0.421,8,buy,0.6,"Up 14.96% in the past month, with a P/E of 19.39 and a dividend yield of 2.23%. Despite negative news sentiment (-0.061) and no analyst consensus, the valuation is attractive and the company benefits from smartphone recovery and automotive chip growth.",+14.96% 1m; P/E 19.39; div yield 2.23%; valuation attractive,,,,,
AVGO,Broadcom,MegaCap,tech-semis,NASDAQ,370,+0.33%,+3.23%,-5.58%,+6.93%,+24%,1761.922,1.473,61.62,25.81,21734663,96848363,410000263,71.0,1.2,strong_buy,1.33,0.33,100.33,0.33,1003.3,3.3,10033.0,33.0,3.23,103.23,3.23,1032.3,32.3,10323.0,323.0,-5.58,94.42,-5.58,944.2,-55.8,9442.0,-558.0,6.93,106.93,6.93,1069.3,69.3,10693.0,693.0,24.0,124.0,24.0,1240.0,240.0,12400.0,2400.0,Broadcom's Next Earnings Report on September 2 Could Send the Stock Soaring. Here's Why.,Motley Fool,2026-08-31,0.0,The Biggest Risk To Cerebras Systems Stock Is Sitting Inside Its Backlog,Trefis,2026-08-31,-0.273,"Tech, Media & Telecom Roundup: Market Talk",The Wall Street Journal,2026-08-31,0.0,,,,,,,,,,
TSM,Taiwan Semiconductor,MegaCap,tech-semis,NYSE,415,-0.85%,+1.27%,+2.27%,+30.62%,+83%,2154.046,1.258,31.06,13.43,6630783,42757683,209450083,104.0,0.62,none,,-0.85,99.15,-0.85,991.5,-8.5,9915.0,-85.0,1.27,101.27,1.27,1012.7,12.7,10127.0,127.0,2.27,102.27,2.27,1022.7,22.7,10227.0,227.0,30.62,130.62,30.62,1306.2,306.2,13062.0,3062.0,83.0,183.0,83.0,1830.0,830.0,18300.0,8300.0,Corning vs. Applied Materials: One Stock Beat the Other by 75 Percentage Points. The Better AI Infrastructure Play Is Clear.,Barchart,2026-08-31,0.784,Billionaire David Tepper of Appaloosa Is Overweight AI Stocks -- but He Recently Dumped Every Share of the Hottest AI Stock of 2026,Motley Fool,2026-08-31,-0.361,Update: Market Chatter: SK Hynix Denies Report of Intel Foundry Partnership for HBM4E,MT Newswires,2026-08-31,-0.421,,,,,,,,,,
ASML,ASML Holding,MegaCap,tech-semis,NASDAQ,1696,-0.53%,-2.54%,+3.26%,+46.43%,+134%,651.437,1.365,57.14,1.85,1198328,5165628,24888628,54.0,0.35,strong_buy,1.42,-0.53,99.47,-0.53,994.7,-5.3,9947.0,-53.0,-2.54,97.46,-2.54,974.6,-25.4,9746.0,-254.0,3.26,103.26,3.26,1032.6,32.6,10326.0,326.0,46.43,146.43,46.43,1464.3,464.3,14643.0,4643.0,134.0,234.0,134.0,2340.0,1340.0,23400.0,13400.0,Does ASML's Dominant Position in EUV Signal Further Upside?,Zacks,2026-08-31,0.0,TSMC vs. ASML: Which Semiconductor Giant Is the Better Stock Buy?,Motley Fool,2026-08-29,0.44,ASML Holding (ASML) Rally Keeps Valuation Questions In Focus,Simply Wall St.,2026-08-29,0.0,,,,,,,,,,
ARM,Arm Holdings,MegaCap,tech-semis,NASDAQ,242,+1.22%,+1.31%,+1.19%,+110.85%,+81%,258.36,3.909,246.85,7.72,2143232,18475732,87911632,,12.57,buy,1.95,1.22,101.22,1.22,1012.2,12.2,10122.0,122.0,1.31,101.31,1.31,1013.1,13.1,10131.0,131.0,1.19,101.19,1.19,1011.9,11.9,10119.0,119.0,110.85,210.85,110.85,2108.5,1108.5,21085.0,11085.0,81.0,181.0,81.0,1810.0,810.0,18100.0,8100.0,Sector Update: Tech Stocks Rise Late Afternoon,MT Newswires,2026-08-31,0.0,"Arm Holdings (ARM) Heads To TestMu Conference, Is The AI Story Fully Priced?",Simply Wall St.,2026-08-31,0.0,ARM vs. NVDA: Which AI Chip Designer is Worth Investing in?,Zacks,2026-08-31,0.226,,,,,,,,,,
INTC,Intel,MegaCap,tech-semis,NASDAQ,90,+0.29%,+2.58%,-1.64%,+127.30%,+270%,473.159,2.241,,117.02,64515383,408680383,2104878083,,2.57,none,,0.29,100.29,0.29,1002.9,2.9,10029.0,29.0,2.58,102.58,2.58,1025.8,25.8,10258.0,258.0,-1.64,98.36,-1.64,983.6,-16.4,9836.0,-164.0,127.3,227.3,127.3,2273.0,1273.0,22730.0,12730.0,270.0,370.0,270.0,3700.0,2700.0,37000.0,27000.0,"Stocks to Watch Recap: Amazon, PG&E, Nvidia, Chevron",The Wall Street Journal,2026-08-31,0.178,The Biggest Risk To Cerebras Systems Stock Is Sitting Inside Its Backlog,Trefis,2026-08-31,-0.273,Is Broadcom (AVGO) Stock a Buy Before Its Q3 Earnings?,Zacks,2026-08-31,0.0,,,,,,,,,,
2222.SR,Saudi Aramco,MegaCap,global-growth,TADAWUL,6.94,-0.31%,-1.29%,-0.69%,+13.35%,+11%,1679.08,0.009,15.42,9.59,15880147,49598526,191768284,520.0,,buy,2.11,-0.31,99.69,-0.31,996.9,-3.1,9969.0,-31.0,-1.29,98.71,-1.29,987.1,-12.9,9871.0,-129.0,-0.69,99.31,-0.69,993.1,-6.9,9931.0,-69.0,13.35,113.35,13.35,1133.5,133.5,11335.0,1335.0,11.0,111.0,11.0,1110.0,110.0,11100.0,1100.0,Saudi Keeps Borrowing to Pay off Existing Debt,Moby,2026-08-31,-0.44,Circle Your Calendars: Sept. 9 May Be a Huge Day for SpaceX and Its Shareholders,Motley Fool,2026-08-31,0.318,"The U.S. doesn’t have a state-owned oil giant. But in Venezuela, the federal government will control a company with the world’s 2nd largest reserves",Fortune,2026-08-29,0.0,,,,,,,,,,
BABA,Alibaba Group,MegaCap,global-growth,NYSE,114,-3.89%,-3.76%,-10.43%,-26.12%,-14%,283.411,0.51,25.85,12.74,9254989,61931889,271013489,88.0,1.78,strong_buy,1.32,-3.89,96.11,-3.89,961.1,-38.9,9611.0,-389.0,-3.76,96.24,-3.76,962.4,-37.6,9624.0,-376.0,-10.43,89.57,-10.43,895.7,-104.3,8957.0,-1043.0,-26.12,73.88,-26.12,738.8,-261.2,7388.0,-2612.0,-14.0,86.0,-14.0,860.0,-140.0,8600.0,-1400.0,Alibaba (BABA) Report Flags AI Data Center Bottlenecks Shaping Its Next Investment Phase,Simply Wall St.,2026-08-31,0.0,China memory leader CXMT begins small-batch production of HBM3E silicon - report,Investing.com,2026-08-31,0.0,Alibaba’s Chairman Just Bought Shares After a Major AI Funding Deal. How Investors Should View the Move.,Barchart,2026-08-30,0.296,,,,,,,,,,
SAP,SAP SE,MegaCap,global-growth,NYSE,221,+0.04%,+1.02%,+16.47%,-5.15%,-17%,254.952,0.757,28.39,2.94,3028819,13310519,53402519,132.0,0.7,buy,1.62,0.04,100.04,0.04,1000.4,0.4,10004.0,4.0,1.02,101.02,1.02,1010.2,10.2,10102.0,102.0,16.47,116.47,16.47,1164.7,164.7,11647.0,1647.0,-5.15,94.85,-5.15,948.5,-51.5,9485.0,-515.0,-17.0,83.0,-17.0,830.0,-170.0,8300.0,-1700.0,5 big analyst AI moves: Downgrades for SAP and Intuit; AMD lifted to Strong Buy,Investing.com,2026-08-29,0.511,Does ESOP Share Sale And AI Setbacks Change The Bull Case For SAP (XTRA:SAP)?,Simply Wall St.,2026-08-28,0.296,Accenture expands Edge for mid-market firms with COMWARE deal,Verdict,2026-08-28,0.103,5,buy,0.7,"Up 20.83% in the past month, with analyst buy consensus (score 1.62) and positive news sentiment (0.08). Cloud backlog grew 27% and cloud revenue rose 22% in Q2, underpinning guidance upgrades despite a UBS downgrade on AI monetization concerns.",+20.83% 1m; cloud backlog +27%; analyst buy; news_s 0.08,,,,,
SONY,Sony Group,MegaCap,global-growth,NYSE,25,-0.61%,+1.24%,+8.53%,-5.10%,-8%,143.769,0.759,21.17,5.2,5215166,20579266,92464666,64.0,0.18,none,,-0.61,99.39,-0.61,993.9,-6.1,9939.0,-61.0,1.24,101.24,1.24,1012.4,12.4,10124.0,124.0,8.53,108.53,8.53,1085.3,85.3,10853.0,853.0,-5.1,94.9,-5.1,949.0,-51.0,9490.0,-510.0,-8.0,92.0,-8.0,920.0,-80.0,9200.0,-800.0,Sony (TSE:6758) Stock Looks Below Fair Value While Broader Checks Stay Mixed,Simply Wall St.,2026-08-31,0.572,"Sony, Warner Music Sue Anthropic Over Copyrighted Songs Used in Claude",MT Newswires,2026-08-31,0.0,GoPro Soars 22% as YouTuber Markiplier Becomes Its Largest Shareholder,24/7 Wall St.,2026-08-31,0.0,10,buy,0.5,"Up 6.88% in the past month, with a P/E of 21.25 and a dividend yield of 0.64%. Negative news sentiment (-0.033) and no analyst consensus, but the stock is trading at a discount with potential catalysts from gaming and entertainment segments.",+6.88% 1m; P/E 21.25; YTD -3.94%; no consensus,,,,,
TM,Toyota Motor,MegaCap,global-growth,NYSE,197,+0.91%,+1.41%,+5.57%,-9.79%,+0%,232.739,0.335,8.91,0.47,446098,1726798,7445298,322.0,0.08,none,,0.91,100.91,0.91,1009.1,9.1,10091.0,91.0,1.41,101.41,1.41,1014.1,14.1,10141.0,141.0,5.57,105.57,5.57,1055.7,55.7,10557.0,557.0,-9.79,90.21,-9.79,902.1,-97.9,9021.0,-979.0,0.0,100.0,0.0,1000.0,0.0,10000.0,0.0,Sector Update: Consumer Stocks Softer Late Afternoon,MT Newswires,2026-08-31,0.0,Toyota Rises Despite 50% Canada Tariff Threat,GuruFocus.com,2026-08-31,-0.527,Analysis-Toyota and Honda may get stuck with the bill for Trump’s Canada tariffs,Reuters,2026-08-31,-0.25,,,,,,,,,,
NVO,Novo Nordisk,MegaCap,global-growth,NYSE,45,-0.59%,-3.39%,-2.51%,-9.16%,-19%,200.405,0.349,11.08,12.35,7556921,53481821,285405121,394.0,1.07,hold,2.57,-0.59,99.41,-0.59,994.1,-5.9,9941.0,-59.0,-3.39,96.61,-3.39,966.1,-33.9,9661.0,-339.0,-2.51,97.49,-2.51,974.9,-25.1,9749.0,-251.0,-9.16,90.84,-9.16,908.4,-91.6,9084.0,-916.0,-19.0,81.0,-19.0,810.0,-190.0,8100.0,-1900.0,Chris Benecchi Named Inventiva’s New Chief Operating Officer,Exec Edge,2026-08-31,0.0,LLY's Mounjaro Gets FDA Nod to Cut Cardiovascular Risk in Diabetes,Zacks,2026-08-31,-0.494,Can CagriSema Help Novo Nordisk Close the Gap With LLY in Obesity?,Zacks,2026-08-31,0.402,,,,,,,,,,
HSBC,HSBC Holdings,MegaCap,global-growth,NYSE,103,-0.49%,-0.91%,-3.91%,+33.18%,+62%,353.385,0.577,14.73,1.41,697474,5319674,24347874,362.0,,none,,-0.49,99.51,-0.49,995.1,-4.9,9951.0,-49.0,-0.91,99.09,-0.91,990.9,-9.1,9909.0,-91.0,-3.91,96.09,-3.91,960.9,-39.1,9609.0,-391.0,33.18,133.18,33.18,1331.8,331.8,13318.0,3318.0,62.0,162.0,62.0,1620.0,620.0,16200.0,6200.0,"The Zacks Analyst Blog Highlights NVIDIA, ExxonMobil and HSBC",Zacks,2026-08-31,0.0,"Top Stock Reports for NVIDIA, ExxonMobil & HSBC",Zacks,2026-08-28,0.202,European Equities Traded in the US as American Depositary Receipts Edge Higher in Friday Trading,MT Newswires,2026-08-28,0.0,,,,,,,,,,
AAPL,Apple,Tech,mega-cap,NASDAQ,316.85,-0.95%,+2.10%,+4.52%,+17.23%,+39%,4624.166,1.086,36.29,54.94,40667429,171590729,901794329,34.0,0.8,buy,2.18,-0.95,99.05,-0.95,990.5,-9.5,9905.0,-95.0,2.1,102.1,2.1,1021.0,21.0,10210.0,210.0,4.52,104.52,4.52,1045.2,45.2,10452.0,452.0,17.23,117.23,17.23,1172.3,172.3,11723.0,1723.0,39.0,139.0,39.0,1390.0,390.0,13900.0,3900.0,Rewind to 2011: Tim Cook's first Apple product launch as CEO,Yahoo Finance Video,2026-08-31,0.0,What Tim Cook told employees on his last day at Apple,Yahoo Finance,2026-08-31,0.0,Apple's big handoff and a jobs report: What to watch this week,Yahoo Finance,2026-08-30,0.0,,,,,,,,,,
MSFT,Microsoft,Tech,mega-cap,NASDAQ,507.29,-1.12%,+4.10%,+4.22%,+7.94%,+2%,3766.905,1.099,28.23,38.14,26637042,124782042,596637942,71.0,0.92,strong_buy,1.36,-1.12,98.88,-1.12,988.8,-11.2,9888.0,-112.0,4.1,104.1,4.1,1041.0,41.0,10410.0,410.0,4.22,104.22,4.22,1042.2,42.2,10422.0,422.0,7.94,107.94,7.94,1079.4,79.4,10794.0,794.0,2.0,102.0,2.0,1020.0,20.0,10200.0,200.0,"Here comes the AI capex shocker, Goldman Sachs says",Yahoo Finance,2026-08-31,-0.153,"Jensen Huang Told Investors in June to 'Buy at a Discount' During Nvidia's Sell-Off. Nearly Three Months Later, Nvidia Is Up 4%, and a Broader AI Basket Gained 8%. Did His Call Pay Off?",Motley Fool,2026-08-31,0.296,Microsoft (MSFT) Brings Arabic Language AI Models To Its Ecosystem,Simply Wall St.,2026-08-31,0.0,,,,,,,,,,
GOOGL,Alphabet (Google),Tech,mega-cap,NASDAQ,339.35,-1.98%,-2.50%,-9.15%,+7.82%,+64%,4150.228,1.237,17.03,31.57,33315062,123093862,521283562,25.0,1.24,strong_buy,1.36,-1.98,98.02,-1.98,980.2,-19.8,9802.0,-198.0,-2.5,97.5,-2.5,975.0,-25.0,9750.0,-250.0,-9.15,90.85,-9.15,908.5,-91.5,9085.0,-915.0,7.82,107.82,7.82,1078.2,78.2,10782.0,782.0,64.0,164.0,64.0,1640.0,640.0,16400.0,6400.0,"Here comes the AI capex shocker, Goldman Sachs says",Yahoo Finance,2026-08-31,-0.153,"Jensen Huang Told Investors in June to 'Buy at a Discount' During Nvidia's Sell-Off. Nearly Three Months Later, Nvidia Is Up 4%, and a Broader AI Basket Gained 8%. Did His Call Pay Off?",Motley Fool,2026-08-31,0.296,Stock Market Today: Dow Skids As Trump Gives This AI Warning; Tesla Pops Ahead Of Key Event,Investor's Business Daily,2026-08-31,-0.34,,,,,,,,,,
AMZN,Amazon,Tech,mega-cap,NASDAQ,259.77,-2.38%,-0.88%,-8.54%,+14.69%,+18%,2801.96,1.454,20.88,49.07,45422317,177904217,810125017,,0.97,strong_buy,1.31,-2.38,97.62,-2.38,976.2,-23.8,9762.0,-238.0,-0.88,99.12,-0.88,991.2,-8.8,9912.0,-88.0,-8.54,91.46,-8.54,914.6,-85.4,9146.0,-854.0,14.69,114.69,14.69,1146.9,146.9,11469.0,1469.0,18.0,118.0,18.0,1180.0,180.0,11800.0,1800.0,Best credit cards for shopping on Amazon (2026),Yahoo Personal Finance,2025-11-19,0.818,"Here comes the AI capex shocker, Goldman Sachs says",Yahoo Finance,2026-08-31,-0.153,FTC Lawsuit Puts Amazon’s (AMZN) High-Margin Advertising Business in Focus,Insider Monkey,2026-08-31,-0.226,,,,,,,,,,
META,Meta Platforms,Tech,mega-cap,NASDAQ,572.34,-1.04%,+2.38%,-3.03%,-11.85%,-21%,1458.039,1.243,21.57,18.49,13275274,85700374,333782974,36.0,1.27,strong_buy,1.35,-1.04,98.96,-1.04,989.6,-10.4,9896.0,-104.0,2.38,102.38,2.38,1023.8,23.8,10238.0,238.0,-3.03,96.97,-3.03,969.7,-30.3,9697.0,-303.0,-11.85,88.15,-11.85,881.5,-118.5,8815.0,-1185.0,-21.0,79.0,-21.0,790.0,-210.0,7900.0,-2100.0,"Here comes the AI capex shocker, Goldman Sachs says",Yahoo Finance,2026-08-31,-0.153,Is Broadcom (AVGO) Stock a Buy Before Its Q3 Earnings?,Zacks,2026-08-31,0.0,Meta just turned teen safety into a competitive advantage,TheStreet,2026-08-31,0.67,,,,,,,,,,
NVDA,NVIDIA,Tech,semiconductors,NASDAQ,220.78,+1.33%,+5.90%,+6.84%,+17.05%,+27%,5331.174,2.215,27.88,140.23,124033835,919739235,2681434735,46.0,1.23,strong_buy,1.28,1.33,101.33,1.33,1013.3,13.3,10133.0,133.0,5.9,105.9,5.9,1059.0,59.0,10590.0,590.0,6.84,106.84,6.84,1068.4,68.4,10684.0,684.0,17.05,117.05,17.05,1170.5,170.5,11705.0,1705.0,27.0,127.0,27.0,1270.0,270.0,12700.0,2700.0,Tech stocks today: Apple stock slips as Tim Cook prepares to step down,Yahoo Finance,2026-08-31,0.0,Why Deere Stock Rallied Today,Motley Fool,2026-08-31,0.0,Nvidia (NVDA) Invests $3.5 Billion in MediaTek. Is This the Next Leg of Its AI Growth?,Insider Monkey,2026-08-31,0.382,,,,,,,,,,
AMD,Advanced Micro Devices,Tech,semiconductors,NASDAQ,470.72,+1.00%,+3.06%,-2.87%,+110.64%,+187%,768.439,2.489,120.39,27.55,12251488,77381588,460962488,,2.46,strong_buy,1.48,1.0,101.0,1.0,1010.0,10.0,10100.0,100.0,3.06,103.06,3.06,1030.6,30.6,10306.0,306.0,-2.87,97.13,-2.87,971.3,-28.7,9713.0,-287.0,110.64,210.64,110.64,2106.4,1106.4,21064.0,11064.0,187.0,287.0,187.0,2870.0,1870.0,28700.0,18700.0,AMD Expands Global AI Footprint With New Saudi Platform,Benzinga,2026-08-31,0.103,JPMorgan Built a Version of JEPI Designed to Keep the IRS Waiting,24/7 Wall St.,2026-08-31,0.0,The Biggest Risk To Cerebras Systems Stock Is Sitting Inside Its Backlog,Trefis,2026-08-31,-0.273,,,,,,,,,,
INTC,Intel,Tech,semiconductors,NASDAQ,89.51,+0.29%,+2.58%,-1.64%,+127.30%,+270%,473.16,2.241,,117.02,64515383,408680383,2104878083,,2.57,none,,0.29,100.29,0.29,1002.9,2.9,10029.0,29.0,2.58,102.58,2.58,1025.8,25.8,10258.0,258.0,-1.64,98.36,-1.64,983.6,-16.4,9836.0,-164.0,127.3,227.3,127.3,2273.0,1273.0,22730.0,12730.0,270.0,370.0,270.0,3700.0,2700.0,37000.0,27000.0,"Stocks to Watch Recap: Amazon, PG&E, Nvidia, Chevron",The Wall Street Journal,2026-08-31,0.178,The Biggest Risk To Cerebras Systems Stock Is Sitting Inside Its Backlog,Trefis,2026-08-31,-0.273,Is Broadcom (AVGO) Stock a Buy Before Its Q3 Earnings?,Zacks,2026-08-31,0.0,,,,,,,,,,
TSM,Taiwan Semiconductor,Tech,semiconductors,NYSE,415.32,-0.85%,+1.27%,+2.27%,+30.62%,+83%,2154.046,1.258,31.06,13.43,6630783,42757683,209450083,104.0,0.62,none,,-0.85,99.15,-0.85,991.5,-8.5,9915.0,-85.0,1.27,101.27,1.27,1012.7,12.7,10127.0,127.0,2.27,102.27,2.27,1022.7,22.7,10227.0,227.0,30.62,130.62,30.62,1306.2,306.2,13062.0,3062.0,83.0,183.0,83.0,1830.0,830.0,18300.0,8300.0,Corning vs. Applied Materials: One Stock Beat the Other by 75 Percentage Points. The Better AI Infrastructure Play Is Clear.,Barchart,2026-08-31,0.784,Billionaire David Tepper of Appaloosa Is Overweight AI Stocks -- but He Recently Dumped Every Share of the Hottest AI Stock of 2026,Motley Fool,2026-08-31,-0.361,Update: Market Chatter: SK Hynix Denies Report of Intel Foundry Partnership for HBM4E,MT Newswires,2026-08-31,-0.421,,,,,,,,,,
AVGO,Broadcom,Tech,semiconductors,NASDAQ,370.34,+0.33%,+3.23%,-5.58%,+6.93%,+24%,1761.922,1.473,61.62,25.81,21734663,96848363,410000263,71.0,1.2,strong_buy,1.33,0.33,100.33,0.33,1003.3,3.3,10033.0,33.0,3.23,103.23,3.23,1032.3,32.3,10323.0,323.0,-5.58,94.42,-5.58,944.2,-55.8,9442.0,-558.0,6.93,106.93,6.93,1069.3,69.3,10693.0,693.0,24.0,124.0,24.0,1240.0,240.0,12400.0,2400.0,Broadcom's Next Earnings Report on September 2 Could Send the Stock Soaring. Here's Why.,Motley Fool,2026-08-31,0.0,The Biggest Risk To Cerebras Systems Stock Is Sitting Inside Its Backlog,Trefis,2026-08-31,-0.273,"Tech, Media & Telecom Roundup: Market Talk",The Wall Street Journal,2026-08-31,0.0,,,,,,,,,,
QCOM,Qualcomm,Tech,semiconductors,NASDAQ,170.48,+3.76%,+7.54%,+12.48%,-0.45%,+3%,182.083,1.663,19.48,15.48,12726310,57444410,206699910,224.0,3.48,none,,3.76,103.76,3.76,1037.6,37.6,10376.0,376.0,7.54,107.54,7.54,1075.4,75.4,10754.0,754.0,12.48,112.48,12.48,1124.8,124.8,11248.0,1248.0,-0.45,99.55,-0.45,995.5,-4.5,9955.0,-45.0,3.0,103.0,3.0,1030.0,30.0,10300.0,300.0,"Qualcomm Just Gained 15% in a Month: Take Profits, or Buy More?",24/7 Wall St.,2026-08-31,0.67,"How Investors May Respond To QCOM Naming Sergio Buniac To Lead Mobile, Compute And Personal AI",Simply Wall St.,2026-08-31,0.0,Wall Street May Be Sleeping on This Massive AI CPU Opportunity,24/7 Wall St.,2026-08-31,0.421,5,buy,0.7,"Qualcomm gained +14.4% 1M and +6.5% 1W, supported by a low P/E of 19.29, a 2.23% dividend yield, and short interest of 3.48% suggesting potential squeeze appeal.","+14.4% 1M momentum; P/E 19.29, low; dividend yield 2.23%; short interest 3.48%",,,,,
ARM,Arm Holdings,Tech,semiconductors,NASDAQ,241.91,+1.22%,+1.31%,+1.19%,+110.85%,+81%,258.359,3.909,246.85,7.72,2143232,18475732,87911632,,12.57,buy,1.95,1.22,101.22,1.22,1012.2,12.2,10122.0,122.0,1.31,101.31,1.31,1013.1,13.1,10131.0,131.0,1.19,101.19,1.19,1011.9,11.9,10119.0,119.0,110.85,210.85,110.85,2108.5,1108.5,21085.0,11085.0,81.0,181.0,81.0,1810.0,810.0,18100.0,8100.0,Sector Update: Tech Stocks Rise Late Afternoon,MT Newswires,2026-08-31,0.0,"Arm Holdings (ARM) Heads To TestMu Conference, Is The AI Story Fully Priced?",Simply Wall St.,2026-08-31,0.0,ARM vs. NVDA: Which AI Chip Designer is Worth Investing in?,Zacks,2026-08-31,0.226,,,,,,,,,,
ASML,ASML Holding,Tech,semiconductors,NASDAQ,1696.01,-0.53%,-2.54%,+3.26%,+46.43%,+134%,651.437,1.365,57.14,1.85,1198328,5165628,24888628,54.0,0.35,strong_buy,1.42,-0.53,99.47,-0.53,994.7,-5.3,9947.0,-53.0,-2.54,97.46,-2.54,974.6,-25.4,9746.0,-254.0,3.26,103.26,3.26,1032.6,32.6,10326.0,326.0,46.43,146.43,46.43,1464.3,464.3,14643.0,4643.0,134.0,234.0,134.0,2340.0,1340.0,23400.0,13400.0,Does ASML's Dominant Position in EUV Signal Further Upside?,Zacks,2026-08-31,0.0,TSMC vs. ASML: Which Semiconductor Giant Is the Better Stock Buy?,Motley Fool,2026-08-29,0.44,ASML Holding (ASML) Rally Keeps Valuation Questions In Focus,Simply Wall St.,2026-08-29,0.0,,,,,,,,,,
MU,Micron Technology,Tech,semiconductors,NASDAQ,958.73,+2.99%,+5.31%,+15.58%,+204.13%,+687%,1082.783,2.213,21.68,45.37,22344863,111889063,630381863,6.0,2.66,strong_buy,1.36,2.99,102.99,2.99,1029.9,29.9,10299.0,299.0,5.31,105.31,5.31,1053.1,53.1,10531.0,531.0,15.58,115.58,15.58,1155.8,155.8,11558.0,1558.0,204.13,304.13,204.13,3041.3,2041.3,30413.0,20413.0,687.0,787.0,687.0,7870.0,6870.0,78700.0,68700.0,The Ceiling SanDisk Wrote Into Its Own Contracts,Trefis,2026-08-31,0.0,"Dow Jones Futures: Trump's Iran Warning Sparks Stock Market Losses; Elon Musk-Led SpaceX, Tesla Rally",Investor's Business Daily,2026-08-31,-0.625,VGT’s $58 Billion AI Chip Concentration Could Derail Your 2027 Returns,24/7 Wall St.,2026-08-31,-0.296,6,strong_buy,0.72,"Micron returned +14.1% 1M and +197% YTD, with a low P/E of 21.24 and analyst consensus strong_buy (score 1.36), but news sentiment slightly negative (-0.089).","+14.1% 1M momentum; P/E 21.24, low; strong_buy consensus; YTD +197%",,,,,
AMAT,Applied Materials,Tech,semiconductors,NASDAQ,458.39,-0.86%,-5.33%,-11.45%,+71.10%,+193%,363.777,1.618,39.55,9.56,6121394,29309994,151133894,46.0,1.5,strong_buy,1.46,-0.86,99.14,-0.86,991.4,-8.6,9914.0,-86.0,-5.33,94.67,-5.33,946.7,-53.3,9467.0,-533.0,-11.45,88.55,-11.45,885.5,-114.5,8855.0,-1145.0,71.1,171.1,71.1,1711.0,711.0,17110.0,7110.0,193.0,293.0,193.0,2930.0,1930.0,29300.0,19300.0,Does ASML's Dominant Position in EUV Signal Further Upside?,Zacks,2026-08-31,0.0,These 3 GARP Stocks Show Why Growth and Value Do Not Have to Clash,MarketBeat,2026-08-29,0.612,How Far Applied Materials Stock Can Move On You In A Year,Trefis,2026-08-28,0.0,,,,,,,,,,
ORCL,Oracle,Tech,enterprise-software,NYSE,149.12,-1.22%,+4.68%,+5.13%,-23.07%,-33%,429.536,1.718,25.89,32.1,15659481,95444681,517919381,133.0,2.78,buy,1.59,-1.22,98.78,-1.22,987.8,-12.2,9878.0,-122.0,4.68,104.68,4.68,1046.8,46.8,10468.0,468.0,5.13,105.13,5.13,1051.3,51.3,10513.0,513.0,-23.07,76.93,-23.07,769.3,-230.7,7693.0,-2307.0,-33.0,67.0,-33.0,670.0,-330.0,6700.0,-3300.0,Here's Why Oracle (ORCL) Fell More Than Broader Market,Zacks,2026-08-31,0.0,"Fresh Off a U.S. Funding Deal, This Quantum Start-Up Is Moving Into Data Centers",Barrons.com,2026-08-31,0.318,Adobe's Options Price A Year That Runs Past Its Own Range,Trefis,2026-08-31,0.0,7,buy,0.65,"Oracle gained +14.5% 1M and +4.4% 1W, with a P/E of 25.56, analyst buy rating, and positive news sentiment 0.206, though YTD is -23.28%.","+14.5% 1M momentum; P/E 25.56, reasonable; buy consensus; positive sentiment 0.206",,,,,
CRM,Salesforce,Tech,enterprise-software,NYSE,257.54,+0.41%,+23.19%,+38.50%,+2.06%,+1%,211.955,1.152,23.56,15.29,20989333,135820233,326863833,69.0,3.74,buy,1.72,0.41,100.41,0.41,1004.1,4.1,10041.0,41.0,23.19,123.19,23.19,1231.9,231.9,12319.0,2319.0,38.5,138.5,38.5,1385.0,385.0,13850.0,3850.0,2.06,102.06,2.06,1020.6,20.6,10206.0,206.0,1.0,101.0,1.0,1010.0,10.0,10100.0,100.0,3 reasons software stocks are making a comeback,Yahoo Finance Video,2026-08-31,0.0,What Nvidia's stellar Q2 earnings represent for AI in the rest of 2026,Yahoo Finance Video,2026-08-31,0.0,There Was No Beating Moderna in August. These Are the Best and Worst S&P 500 Stocks for the Month.,Barrons.com,2026-08-31,0.378,1,strong_buy,0.92,"Salesforce delivered record Q2 FY27 with cRPO up 14% Y/Y, raised full-year revenue guidance by $200M, and Agentforce ARR exceeded $1.5B (+240% Y/Y), driving a +41% 1M return and positive sentiment 0.215. [investor.salesforce.com](https://investor.salesforce.com/news/news-details/2026/Salesforce-Delivers-Record-Second-Quarter-Fiscal-2027-Results/default.aspx)","+41% 1M momentum; P/E 23.76, reasonable; strong_buy analyst consensus; Agentforce ARR surge",,,,,
ADBE,Adobe,Tech,enterprise-software,NASDAQ,292.79,+0.46%,+5.98%,+16.49%,-12.15%,-16%,116.385,1.397,16.74,6.29,5093661,22032461,90020061,,5.06,hold,2.73,0.46,100.46,0.46,1004.6,4.6,10046.0,46.0,5.98,105.98,5.98,1059.8,59.8,10598.0,598.0,16.49,116.49,16.49,1164.9,164.9,11649.0,1649.0,-12.15,87.85,-12.15,878.5,-121.5,8785.0,-1215.0,-16.0,84.0,-16.0,840.0,-160.0,8400.0,-1600.0,Adobe's Options Price A Year That Runs Past Its Own Range,Trefis,2026-08-31,0.0,Adobe (ADBE) Bets Big On Saudi Arabia While Wall Street Hesitates,Insider Monkey,2026-08-31,-0.34,"Salesforce Stock Repriced A Fear, Not A Forecast",Trefis,2026-08-31,-0.494,8,buy,0.6,"Adobe rose +16.2% 1M and +5.3% 1W on software sector relief, with a low P/E of 16.64 and positive news sentiment 0.089, though analyst consensus is hold (score 2.73).","+16.2% 1M momentum; P/E 16.64, attractive; sympathy rally from CRM; hold consensus risk",,,,,
NOW,ServiceNow,Tech,enterprise-software,NYSE,147.99,+3.34%,+15.57%,+29.60%,+0.37%,-21%,153.002,0.93,91.92,24.01,25851359,108351859,390795359,,2.83,strong_buy,1.43,3.34,103.34,3.34,1033.4,33.4,10334.0,334.0,15.57,115.57,15.57,1155.7,155.7,11557.0,1557.0,29.6,129.6,29.6,1296.0,296.0,12960.0,2960.0,0.37,100.37,0.37,1003.7,3.7,10037.0,37.0,-21.0,79.0,-21.0,790.0,-210.0,7900.0,-2100.0,Software Stocks & ETFs: Is the AI Sell-Off Over?,Zacks,2026-08-31,0.0,Coherent Stock And 2 AI Infrastructure Picks With Strong Cash Flow,Simply Wall St.,2026-08-31,0.511,"Salesforce Stock Repriced A Fear, Not A Forecast",Trefis,2026-08-31,-0.494,2,strong_buy,0.85,"ServiceNow rallied +31% 1M and +13.8% 1W on sympathy from Salesforce's AI-driven beat, with analyst consensus strong_buy (score 1.43) and positive news sentiment 0.21. [247wallst.com](https://247wallst.com/investing/2026/08/27/salesforce-soars-14-as-claudeforce-and-a-guidance-raise-end-the-slump-servicenow-climbs-5-adobe-advances-3/)",+31% 1M momentum; strong_buy consensus (1.43); AI/cRPO tailwind; sympathy rally,,,,,
SNOW,Snowflake,Tech,enterprise-software,NYSE,331.43,+0.74%,+2.68%,+7.77%,+52.94%,+40%,114.874,1.315,,5.88,4335122,19007422,88945722,,5.56,buy,1.51,0.74,100.74,0.74,1007.4,7.4,10074.0,74.0,2.68,102.68,2.68,1026.8,26.8,10268.0,268.0,7.77,107.77,7.77,1077.7,77.7,10777.0,777.0,52.94,152.94,52.94,1529.4,529.4,15294.0,5294.0,40.0,140.0,40.0,1400.0,400.0,14000.0,4000.0,Here’s How Much Snowflake Stock Is Expected to Move After Earnings,Investopedia,2026-08-31,0.0,Update: Equities Fall as US-Iran Conflict Flares Up; Wall Street Logs Gains for August,MT Newswires,2026-08-31,0.026,Update: Equities Fall Intraday as Oil Prices Rise on Renewed US-Iran Hostilities,MT Newswires,2026-08-31,-0.477,,,,,,,,,,
INTU,Intuit,Tech,enterprise-software,NASDAQ,359.3,+0.36%,-2.87%,+12.85%,-42.38%,-46%,98.282,0.959,21.82,4.85,3077018,30589418,84997818,154.0,3.84,buy,2.0,0.36,100.36,0.36,1003.6,3.6,10036.0,36.0,-2.87,97.13,-2.87,971.3,-28.7,9713.0,-287.0,12.85,112.85,12.85,1128.5,128.5,11285.0,1285.0,-42.38,57.62,-42.38,576.2,-423.8,5762.0,-4238.0,-46.0,54.0,-46.0,540.0,-460.0,5400.0,-4600.0,Intuit or PayPal: Which Fintech Is Built for Future Growth?,Zacks,2026-08-31,0.382,Is Intuit Stock Underperforming the Nasdaq?,Barchart,2026-08-31,0.0,C3.ai vs. Intuit: Which Software Stock Is a Better Investment in 2026 as Both Hover Near 52-Week Lows?,Motley Fool,2026-08-30,0.273,10,buy,0.5,"Intuit recovered +13.3% 1M from deep YTD losses (-42.6%), with a low P/E of 21.74 and a 1.54% dividend yield, making it a value play in enterprise software.","+13.3% 1M momentum; P/E 21.74, low; dividend yield 1.54%; deep value from YTD",,,,,
CRWD,CrowdStrike,Tech,cybersecurity,NASDAQ,231.0,+6.08%,+21.15%,+14.05%,+103.71%,+111%,236.529,1.234,4620.0,10.77,17747398,77869598,199058598,,2.41,buy,1.75,6.08,106.08,6.08,1060.8,60.8,10608.0,608.0,21.15,121.15,21.15,1211.5,211.5,12115.0,2115.0,14.05,114.05,14.05,1140.5,140.5,11405.0,1405.0,103.71,203.71,103.71,2037.1,1037.1,20371.0,10371.0,111.0,211.0,111.0,2110.0,1110.0,21100.0,11100.0,Software Stocks & ETFs: Is the AI Sell-Off Over?,Zacks,2026-08-31,0.0,Stock Market Today: Dow Skids As Trump Gives This AI Warning; Tesla Pops Ahead Of Key Event,Investor's Business Daily,2026-08-31,-0.34,Why CrowdStrike (CRWD) Stock Is Trading Up Today,StockStory,2026-08-31,0.0,4,buy,0.75,"CrowdStrike rallied +18.7% 1M and +18.8% 1W after Q2 results: revenue +26% YoY, net new ARR +51%, and Fal.Con expansions; P/E extreme at 5662 but growth intact. [investomine.substack.com](https://investomine.substack.com/p/crowdstrike-q2-fy2027-the-cybersecurity)","+18.7% 1M momentum; ARR $5.84B, +25% YoY; Falcon Flex scaling; high PE but strong growth",,,,,
PANW,Palo Alto Networks,Tech,cybersecurity,NASDAQ,382.13,+2.67%,+8.90%,+10.08%,+113.04%,+95%,311.437,0.893,332.29,7.08,8750916,31216616,119777016,,2.77,buy,1.65,2.67,102.67,2.67,1026.7,26.7,10267.0,267.0,8.9,108.9,8.9,1089.0,89.0,10890.0,890.0,10.08,110.08,10.08,1100.8,100.8,11008.0,1008.0,113.04,213.04,113.04,2130.4,1130.4,21304.0,11304.0,95.0,195.0,95.0,1950.0,950.0,19500.0,9500.0,Cisco Systems Stock Has A Second Engine The AI Story Hides,Trefis,2026-08-31,-0.178,Software Stocks & ETFs: Is the AI Sell-Off Over?,Zacks,2026-08-31,0.0,Update: Equities Fall as US-Iran Conflict Flares Up; Wall Street Logs Gains for August,MT Newswires,2026-08-31,0.026,,,,,,,,,,
NET,Cloudflare,Tech,cybersecurity,NYSE,305.11,+1.16%,+8.83%,+7.91%,+55.65%,+44%,108.643,1.66,,3.65,3676229,15463229,85024729,,2.61,buy,1.88,1.16,101.16,1.16,1011.6,11.6,10116.0,116.0,8.83,108.83,8.83,1088.3,88.3,10883.0,883.0,7.91,107.91,7.91,1079.1,79.1,10791.0,791.0,55.65,155.65,55.65,1556.5,556.5,15565.0,5565.0,44.0,144.0,44.0,1440.0,440.0,14400.0,4400.0,"The Next Palantir? 100 Federal Agencies Already Use Cloudflare, and It’s Cleared For More",24/7 Wall St.,2026-08-29,0.103,"Oracle Just Rallied 18% in a Month: Take Profits, or Buy More?",24/7 Wall St.,2026-08-28,0.44,"Wix, Workiva, DigitalOcean, Commvault, and Cloudflare Stocks Trade Up, What You Need To Know",StockStory,2026-08-28,0.0,,,,,,,,,,
FTNT,Fortinet,Tech,cybersecurity,NASDAQ,170.93,+3.11%,+12.46%,+4.73%,+119.48%,+116%,125.414,1.058,60.61,5.68,6589077,25037377,96986577,,2.34,hold,2.68,3.11,103.11,3.11,1031.1,31.1,10311.0,311.0,12.46,112.46,12.46,1124.6,124.6,11246.0,1246.0,4.73,104.73,4.73,1047.3,47.3,10473.0,473.0,119.48,219.48,119.48,2194.8,1194.8,21948.0,11948.0,116.0,216.0,116.0,2160.0,1160.0,21600.0,11600.0,Cisco Systems Stock Has A Second Engine The AI Story Hides,Trefis,2026-08-31,-0.178,Synopsys Stock's Upside Now Rests On How It Gets Paid,Trefis,2026-08-31,0.0,"Palo Alto Networks set to beat fiscal Q4 metrics, guide above consensus",Proactive,2026-08-31,0.0,,,,,,,,,,
NFLX,Netflix,Tech,consumer-platform,NASDAQ,81.05,-0.70%,+1.30%,+10.53%,-10.92%,-33%,337.487,1.514,25.49,42.33,28722439,137282139,610884439,,2.19,buy,1.76,-0.7,99.3,-0.7,993.0,-7.0,9930.0,-70.0,1.3,101.3,1.3,1013.0,13.0,10130.0,130.0,10.53,110.53,10.53,1105.3,105.3,11053.0,1053.0,-10.92,89.08,-10.92,890.8,-109.2,8908.0,-1092.0,-33.0,67.0,-33.0,670.0,-330.0,6700.0,-3300.0,Netflix vs. Meta: The Better Media Stock May Surprise You,24/7 Wall St.,2026-08-31,0.612,"Jim Cramer Calls Netflix “A Buy, Not a Huge Buy” After Shares Fall 35% in a Year",24/7 Wall St.,2026-08-31,0.061,The Bull Case for Netflix Stock Is Stronger Than You Think,24/7 Wall St.,2026-08-31,0.382,,,,,,,,,,
SHOP,Shopify,Tech,consumer-platform,NYSE,147.37,-3.30%,-1.62%,+25.95%,-6.25%,+10%,191.235,2.59,103.06,9.0,6868251,30227051,209418751,,1.28,buy,1.7,-3.3,96.7,-3.3,967.0,-33.0,9670.0,-330.0,-1.62,98.38,-1.62,983.8,-16.2,9838.0,-162.0,25.95,125.95,25.95,1259.5,259.5,12595.0,2595.0,-6.25,93.75,-6.25,937.5,-62.5,9375.0,-625.0,10.0,110.0,10.0,1100.0,100.0,11000.0,1000.0,"Shopify Falls 4% as Profit Taking Follows 18% Monthly Run, eBay and Etsy Slip",24/7 Wall St.,2026-08-31,0.44,BEKE vs. SHOP: Which Stock Is the Better Value Option?,Zacks,2026-08-31,0.649,Shopify's B2B GMV Surges 76% in Q2 2026: Is the Growth Sustainable?,Zacks,2026-08-31,0.382,9,buy,0.55,"Shopify jumped +24.7% 1M driven by B2B GMV surging 76% in Q2, but a -4.2% 1D pullback and high P/E of 98.68 temper conviction. [tradingstrategyguides.com](https://tradingstrategyguides.com/5-stocks-to-watch-this-week-august-31-2026-the-great-saas-relief-rally/)",+24.7% 1M momentum; B2B GMV +76%; high P/E 98.68; short-term weakness,,,,,
SPOT,Spotify,Tech,consumer-platform,NYSE,543.62,-0.54%,+1.07%,+11.78%,-5.46%,-21%,111.759,1.581,29.29,1.82,1478605,7155405,41209405,,3.12,buy,1.56,-0.54,99.46,-0.54,994.6,-5.4,9946.0,-54.0,1.07,101.07,1.07,1010.7,10.7,10107.0,107.0,11.78,111.78,11.78,1117.8,117.8,11178.0,1178.0,-5.46,94.54,-5.46,945.4,-54.6,9454.0,-546.0,-21.0,79.0,-21.0,790.0,-210.0,7900.0,-2100.0,APPS or SPOT: Which Is the Better Value Stock Right Now?,Zacks,2026-08-31,0.649,The Bull Case for Netflix Stock Is Stronger Than You Think,24/7 Wall St.,2026-08-31,0.382,How Investors May Respond To Spotify (SPOT) Boosting Buybacks Amid Shifting Streaming Economics,Simply Wall St.,2026-08-29,0.34,,,,,,,,,,
UBER,Uber,Tech,consumer-platform,NYSE,75.65,-3.97%,-4.59%,+5.64%,-8.70%,-15%,154.519,1.154,16.59,19.55,18172635,71965535,403755035,,2.36,buy,1.52,-3.97,96.03,-3.97,960.3,-39.7,9603.0,-397.0,-4.59,95.41,-4.59,954.1,-45.9,9541.0,-459.0,5.64,105.64,5.64,1056.4,56.4,10564.0,564.0,-8.7,91.3,-8.7,913.0,-87.0,9130.0,-870.0,-15.0,85.0,-15.0,850.0,-150.0,8500.0,-1500.0,"Dear Baidu Stock Fans, Mark Your Calendars for September 1",Barchart,2026-08-31,0.382,Coinbase CEO Says Tokenized Assets Could Do For Finance What the iPhone Did For Tech: ‘An Entirely New Wave of Companies’,Benzinga,2026-08-31,0.178,Autonomous Deliveries Could Go Mainstream By 2030,FreightWaves,2026-08-31,0.0,,,,,,,,,,
CSCO,Cisco Systems,Tech,hardware-infra,NASDAQ,110.49,+0.49%,+0.24%,-4.63%,+46.64%,+62%,435.488,1.002,33.18,22.8,20455713,69171813,431265713,150.0,1.5,buy,1.85,0.49,100.49,0.49,1004.9,4.9,10049.0,49.0,0.24,100.24,0.24,1002.4,2.4,10024.0,24.0,-4.63,95.37,-4.63,953.7,-46.3,9537.0,-463.0,46.64,146.64,46.64,1466.4,466.4,14664.0,4664.0,62.0,162.0,62.0,1620.0,620.0,16200.0,6200.0,Dell Stock Could Halve Or Double Within Thirteen Months,Trefis,2026-08-31,0.0,AMD Expands Global AI Footprint With New Saudi Platform,Benzinga,2026-08-31,0.103,Cisco Systems Stock Has A Second Engine The AI Story Hides,Trefis,2026-08-31,-0.178,,,,,,,,,,
PLTR,Palantir Technologies,Tech,hardware-infra,NASDAQ,186.38,+0.50%,+5.96%,+48.33%,+11.03%,+19%,447.882,1.563,159.3,41.85,25633590,143850990,967393990,,3.18,buy,1.81,0.5,100.5,0.5,1005.0,5.0,10050.0,50.0,5.96,105.96,5.96,1059.6,59.6,10596.0,596.0,48.33,148.33,48.33,1483.3,483.3,14833.0,4833.0,11.03,111.03,11.03,1110.3,110.3,11103.0,1103.0,19.0,119.0,19.0,1190.0,190.0,11900.0,1900.0,There Was No Beating Moderna in August. These Are the Best and Worst S&P 500 Stocks for the Month.,Barrons.com,2026-08-31,0.378,Software Stocks & ETFs: Is the AI Sell-Off Over?,Zacks,2026-08-31,0.0,Palantir's $448 Billion Valuation Still Isn't Scaring Baird,GuruFocus.com,2026-08-31,0.341,3,buy,0.78,"Palantir surged +50.8% 1M on Pentagon AI ban ruling favorable to Maven program; US gov revenue grew 90% YoY to $809M, though P/E 158.59 is stretched. [247wallst.com](https://247wallst.com/investing/2026/08/29/a-judge-just-called-this-pentagon-ai-ban-illegal-why-palantir-could-rally/)",+50.8% 1M momentum; Pentagon Maven catalyst; US gov revenue +90% YoY; high P/E risk,,,,,
