ticker,company_name,sector,category,exchange,price_usd,change_1d,change_1w,change_1m,change_ytd,return_1yr,market_cap_usd_b,beta,pe_ratio,avg_volume_m,vol_1d,vol_1w,vol_1m,div_yield_pct,short_pct,analyst,analyst_score,pct_1d,val_100_1d,profit_100_1d,val_1000_1d,profit_1000_1d,val_10000_1d,profit_10000_1d,pct_1w,val_100_1w,profit_100_1w,val_1000_1w,profit_1000_1w,val_10000_1w,profit_10000_1w,pct_1m,val_100_1m,profit_100_1m,val_1000_1m,profit_1000_1m,val_10000_1m,profit_10000_1m,pct_ytd,val_100_ytd,profit_100_ytd,val_1000_ytd,profit_1000_ytd,val_10000_ytd,profit_10000_ytd,pct_1y,val_100_1y,profit_100_1y,val_1000_1y,profit_1000_1y,val_10000_1y,profit_10000_1y,news1_title,news1_publisher,news1_date,news1_sentiment,news2_title,news2_publisher,news2_date,news2_sentiment,news3_title,news3_publisher,news3_date,news3_sentiment,signal_rank,signal,signal_confidence,signal_rationale,signal_drivers,portfolio_held,portfolio_quantity,portfolio_avg_price,portfolio_ppl,portfolio_total_value
SNDK,SanDisk Corporation,AI,memory,NASDAQ,1729.76,+1.05%,-8.33%,+10.41%,+528.46%,+1427%,253.27,,23.43,13.48,5920963,35888663,217584363,,6.03,buy,1.52,1.05,101.05,1.05,1010.5,10.5,10105.0,105.0,-8.33,91.67,-8.33,916.7,-83.3,9167.0,-833.0,10.41,110.41,10.41,1104.1,104.1,11041.0,1041.0,528.46,628.46,528.46,6284.6,5284.6,62846.0,52846.0,1427.0,1527.0,1427.0,15270.0,14270.0,152700.0,142700.0,,,,,,,,,,,,,10,strong_buy,1.0,"SNDK has gained +513% YTD and +13.7% in the last month, with a buy rating (1.52) and positive news sentiment (0.065). Despite a recent pullback, the memory upcycle and strong analyst upside of 23.5% support inclusion [tipranks.com](https://www.tipranks.com/news/why-sandisk-micron-and-sk-hynix-stocks-are-falling-in-premarket-today-sept-28).",+513% YTD; +13.7% 1M momentum; Buy consensus; Memory upcycle,,,,,
WDC,Western Digital,AI,memory,NASDAQ,453.48,+0.30%,-2.39%,+0.68%,+141.85%,+278%,163.498,2.182,16.85,7.32,6051887,31667187,137956087,13.0,5.38,none,,0.3,100.3,0.3,1003.0,3.0,10030.0,30.0,-2.39,97.61,-2.39,976.1,-23.9,9761.0,-239.0,0.68,100.68,0.68,1006.8,6.8,10068.0,68.0,141.85,241.85,141.85,2418.5,1418.5,24185.0,14185.0,278.0,378.0,278.0,3780.0,2780.0,37800.0,27800.0,,,,,,,,,,,,,,,,,,,,,,
285A,Kioxia Holdings,AI,memory,TSE,113.57,+0.36%,+7.54%,+7.30%,+372.60%,+994%,181.429,,17.7,119.42,41572200,348898500,1587747900,,,buy,1.56,0.36,100.36,0.36,1003.6,3.6,10036.0,36.0,7.54,107.54,7.54,1075.4,75.4,10754.0,754.0,7.3,107.3,7.3,1073.0,73.0,10730.0,730.0,372.6,472.6,372.6,4726.0,3726.0,47260.0,37260.0,994.0,1094.0,994.0,10940.0,9940.0,109400.0,99400.0,,,,,,,,,,,,,,,,,,,,,,
MU,Micron Technology,AI,memory,NASDAQ,1065.08,+0.92%,-2.84%,+11.09%,+237.86%,+530%,1202.894,2.222,24.06,34.83,18673307,105491107,518125107,5.0,2.45,strong_buy,1.37,0.92,100.92,0.92,1009.2,9.2,10092.0,92.0,-2.84,97.16,-2.84,971.6,-28.4,9716.0,-284.0,11.09,111.09,11.09,1110.9,110.9,11109.0,1109.0,237.86,337.86,237.86,3378.6,2378.6,33786.0,23786.0,530.0,630.0,530.0,6300.0,5300.0,63000.0,53000.0,,,,,,,,,,,,,,,,,,,,,,
STX,Seagate Technology,AI,memory,NASDAQ,913.45,-0.82%,-0.62%,+10.36%,+218.71%,+290%,207.712,2.087,65.67,4.5,2541197,15050397,78218697,32.0,4.59,none,,-0.82,99.18,-0.82,991.8,-8.2,9918.0,-82.0,-0.62,99.38,-0.62,993.8,-6.2,9938.0,-62.0,10.36,110.36,10.36,1103.6,103.6,11036.0,1036.0,218.71,318.71,218.71,3187.1,2187.1,31871.0,21871.0,290.0,390.0,290.0,3900.0,2900.0,39000.0,29000.0,,,,,,,,,,,,,,,,,,,,,,
MRVL,Marvell Technology,AI,memory,NASDAQ,263.27,+4.27%,+0.35%,+24.38%,+194.95%,+200%,236.602,2.253,87.18,23.35,16268151,72720751,386056851,10.0,4.18,strong_buy,1.41,4.27,104.27,4.27,1042.7,42.7,10427.0,427.0,0.35,100.35,0.35,1003.5,3.5,10035.0,35.0,24.38,124.38,24.38,1243.8,243.8,12438.0,2438.0,194.95,294.95,194.95,2949.5,1949.5,29495.0,19495.0,200.0,300.0,200.0,3000.0,2000.0,30000.0,20000.0,,,,,,,,,,,,,9,strong_buy,1.0,"MRVL is up +182% YTD and +16.2% in the last month, with a strong buy consensus (1.41) and positive news sentiment (0.029). The high P/E of 83.65 is a concern, but the momentum and analyst support are strong.",+182% YTD; +16.2% 1M momentum; Strong buy consensus; Positive news sentiment,,,,,
P,Everpure,AI,memory,NYSE,130.05,+0.23%,+17.28%,+39.91%,+88.45%,+54%,43.336,1.434,180.62,4.39,3977286,30562586,152350286,,2.88,buy,1.55,0.23,100.23,0.23,1002.3,2.3,10023.0,23.0,17.28,117.28,17.28,1172.8,172.8,11728.0,1728.0,39.91,139.91,39.91,1399.1,399.1,13991.0,3991.0,88.45,188.45,88.45,1884.5,884.5,18845.0,8845.0,54.0,154.0,54.0,1540.0,540.0,15400.0,5400.0,,,,,,,,,,,,,2,buy,0.75,"P has gained +83% YTD and +35.3% in the last month, with the highest news sentiment in the universe (0.181) and all analysts raising targets after its Analyst Day [pomegra.io](https://pomegra.io/briefs/2026-09-28-meta-stock-selloff-muse-ai). Despite a high P/E of 173, the strong momentum and buy consensus (1.55) make it attractive.",+83% YTD; +35.3% 1M momentum; Analyst target raises; News sentiment 0.181,,,,,
RR.,Rolls-Royce Holdings,AI,nuclear-ops,LSE,19.59,+0.46%,-1.57%,+1.51%,+23.75%,+24%,1.613,1.188,41.14,18.88,20460821,82518109,327442509,81.0,,buy,1.6,0.46,100.46,0.46,1004.6,4.6,10046.0,46.0,-1.57,98.43,-1.57,984.3,-15.7,9843.0,-157.0,1.51,101.51,1.51,1015.1,15.1,10151.0,151.0,23.75,123.75,23.75,1237.5,237.5,12375.0,2375.0,24.0,124.0,24.0,1240.0,240.0,12400.0,2400.0,,,,,,,,,,,,,,,,,,,,,,
CEG,Constellation Energy,AI,nuclear-ops,NASDAQ,264.58,+1.68%,+0.43%,-3.71%,-27.44%,-21%,93.743,1.117,25.86,2.91,1868272,10590972,59927972,66.0,3.7,buy,1.55,1.68,101.68,1.68,1016.8,16.8,10168.0,168.0,0.43,100.43,0.43,1004.3,4.3,10043.0,43.0,-3.71,96.29,-3.71,962.9,-37.1,9629.0,-371.0,-27.44,72.56,-27.44,725.6,-274.4,7256.0,-2744.0,-21.0,79.0,-21.0,790.0,-210.0,7900.0,-2100.0,,,,,,,,,,,,,,,,,,,,,,
VST,Vistra Corp,AI,nuclear-ops,NYSE,140.83,+1.43%,+0.30%,+2.69%,-14.39%,-30%,47.267,1.414,23.75,4.41,4828224,22238224,96146124,67.0,3.35,strong_buy,1.35,1.43,101.43,1.43,1014.3,14.3,10143.0,143.0,0.3,100.3,0.3,1003.0,3.0,10030.0,30.0,2.69,102.69,2.69,1026.9,26.9,10269.0,269.0,-14.39,85.61,-14.39,856.1,-143.9,8561.0,-1439.0,-30.0,70.0,-30.0,700.0,-300.0,7000.0,-3000.0,,,,,,,,,,,,,,,,,,,,,,
TLN,Talen Energy,AI,nuclear-ops,NASDAQ,314.84,+2.87%,+6.89%,+6.45%,-20.64%,-29%,15.085,1.63,,0.78,896100,3453300,15963300,,6.33,buy,1.59,2.87,102.87,2.87,1028.7,28.7,10287.0,287.0,6.89,106.89,6.89,1068.9,68.9,10689.0,689.0,6.45,106.45,6.45,1064.5,64.5,10645.0,645.0,-20.64,79.36,-20.64,793.6,-206.4,7936.0,-2064.0,-29.0,71.0,-29.0,710.0,-290.0,7100.0,-2900.0,,,,,,,,,,,,,,,,,,,,,,
BEP,Brookfield Renewable,AI,nuclear-ops,NYSE,28.0,+0.33%,-5.98%,-11.45%,+3.84%,+8%,13.621,0.978,,0.96,734668,4363468,22793068,563.0,0.46,buy,2.31,0.33,100.33,0.33,1003.3,3.3,10033.0,33.0,-5.98,94.02,-5.98,940.2,-59.8,9402.0,-598.0,-11.45,88.55,-11.45,885.5,-114.5,8855.0,-1145.0,3.84,103.84,3.84,1038.4,38.4,10384.0,384.0,8.0,108.0,8.0,1080.0,80.0,10800.0,800.0,,,,,,,,,,,,,,,,,,,,,,
BEPC,Brookfield Renewable Corp,AI,nuclear-ops,NYSE,28.1,+0.46%,-6.33%,-12.60%,-27.34%,-19%,5.217,1.158,,1.73,1631001,8588801,37816801,561.0,,none,,0.46,100.46,0.46,1004.6,4.6,10046.0,46.0,-6.33,93.67,-6.33,936.7,-63.3,9367.0,-633.0,-12.6,87.4,-12.6,874.0,-126.0,8740.0,-1260.0,-27.34,72.66,-27.34,726.6,-273.4,7266.0,-2734.0,-19.0,81.0,-19.0,810.0,-190.0,8100.0,-1900.0,,,,,,,,,,,,,,,,,,,,,,
GEV,GE Vernova,AI,smr,NYSE,962.49,+1.53%,+1.28%,+7.12%,+41.90%,+54%,256.343,0.967,27.61,2.41,1436934,7838534,46184834,21.0,3.29,buy,1.54,1.53,101.53,1.53,1015.3,15.3,10153.0,153.0,1.28,101.28,1.28,1012.8,12.8,10128.0,128.0,7.12,107.12,7.12,1071.2,71.2,10712.0,712.0,41.9,141.9,41.9,1419.0,419.0,14190.0,4190.0,54.0,154.0,54.0,1540.0,540.0,15400.0,5400.0,,,,,,,,,,,,,,,,,,,,,,
BWXT,BWX Technologies,AI,smr,NYSE,138.01,+2.42%,-4.50%,-9.38%,-23.78%,-27%,12.645,0.743,35.75,1.0,1863354,5890054,23906154,79.0,4.42,buy,1.61,2.42,102.42,2.42,1024.2,24.2,10242.0,242.0,-4.5,95.5,-4.5,955.0,-45.0,9550.0,-450.0,-9.38,90.62,-9.38,906.2,-93.8,9062.0,-938.0,-23.78,76.22,-23.78,762.2,-237.8,7622.0,-2378.0,-27.0,73.0,-27.0,730.0,-270.0,7300.0,-2700.0,,,,,,,,,,,,,,,,,,,,,,
SMR,NuScale Power,AI,smr,NYSE,7.76,-2.51%,-12.71%,-16.29%,-52.42%,-78%*,3.184,2.309,,33.19,29508767,163789767,768509267,,20.64,hold,2.67,-2.51,97.49,-2.51,974.9,-25.1,9749.0,-251.0,-12.71,87.29,-12.71,872.9,-127.1,8729.0,-1271.0,-16.29,83.71,-16.29,837.1,-162.9,8371.0,-1629.0,-52.42,47.58,-52.42,475.8,-524.2,4758.0,-5242.0,-78.0,22.0,-78.0,220.0,-780.0,2200.0,-7800.0,,,,,,,,,,,,,,,,,,,,,,
OKLO,Oklo Inc,AI,smr,NYSE,37.11,-0.13%,-8.26%,-8.53%,-52.30%,-67%*,6.902,1.195,,9.53,7454924,35485224,204414624,,20.52,buy,2.08,-0.13,99.87,-0.13,998.7,-1.3,9987.0,-13.0,-8.26,91.74,-8.26,917.4,-82.6,9174.0,-826.0,-8.53,91.47,-8.53,914.7,-85.3,9147.0,-853.0,-52.3,47.7,-52.3,477.0,-523.0,4770.0,-5230.0,-67.0,33.0,-67.0,330.0,-670.0,3300.0,-6700.0,,,,,,,,,,,,,,,,,,,,,,
NNE,NANO Nuclear Energy,AI,smr,NASDAQ,15.79,-3.90%,-8.83%,-13.67%,-42.81%,-58%*,0.848,5.399,,1.97,1732611,7976211,39194111,,34.89,buy,1.62,-3.9,96.1,-3.9,961.0,-39.0,9610.0,-390.0,-8.83,91.17,-8.83,911.7,-88.3,9117.0,-883.0,-13.67,86.33,-13.67,863.3,-136.7,8633.0,-1367.0,-42.81,57.19,-42.81,571.9,-428.1,5719.0,-4281.0,-58.0,42.0,-58.0,420.0,-580.0,4200.0,-5800.0,,,,,,,,,,,,,,,,,,,,,,
CCJ,Cameco Corporation,AI,uranium,NYSE,86.88,+0.53%,-8.15%,-12.03%,-11.85%,+4%,37.839,1.012,152.42,3.21,2079771,13026271,58603371,20.0,,buy,1.57,0.53,100.53,0.53,1005.3,5.3,10053.0,53.0,-8.15,91.85,-8.15,918.5,-81.5,9185.0,-815.0,-12.03,87.97,-12.03,879.7,-120.3,8797.0,-1203.0,-11.85,88.15,-11.85,881.5,-118.5,8815.0,-1185.0,4.0,104.0,4.0,1040.0,40.0,10400.0,400.0,,,,,,,,,,,,,,,,,,,,,,
UEC,Uranium Energy Corp,AI,uranium,NYSE,9.29,+0.54%,-10.07%,-24.10%,-29.14%,-31%,4.597,1.236,,8.16,16809515,51728215,191046615,,14.6,buy,1.6,0.54,100.54,0.54,1005.4,5.4,10054.0,54.0,-10.07,89.93,-10.07,899.3,-100.7,8993.0,-1007.0,-24.1,75.9,-24.1,759.0,-241.0,7590.0,-2410.0,-29.14,70.86,-29.14,708.6,-291.4,7086.0,-2914.0,-31.0,69.0,-31.0,690.0,-310.0,6900.0,-3100.0,,,,,,,,,,,,,,,,,,,,,,
LEU,Centrus Energy,AI,uranium,NYSE,138.18,-2.07%,-12.45%,-19.38%,-49.29%,-55%,2.827,1.334,72.73,0.73,568601,2605901,15767101,,27.66,buy,1.84,-2.07,97.93,-2.07,979.3,-20.7,9793.0,-207.0,-12.45,87.55,-12.45,875.5,-124.5,8755.0,-1245.0,-19.38,80.62,-19.38,806.2,-193.8,8062.0,-1938.0,-49.29,50.71,-49.29,507.1,-492.9,5071.0,-4929.0,-55.0,45.0,-55.0,450.0,-550.0,4500.0,-5500.0,,,,,,,,,,,,,,,,,,,,,,
VRT,Vertiv Holdings,AI,power-infra,NYSE,248.34,+1.62%,-2.02%,-3.99%,+41.51%,+62%,95.608,2.075,56.06,5.42,3286305,19359705,111002705,10.0,3.68,strong_buy,1.38,1.62,101.62,1.62,1016.2,16.2,10162.0,162.0,-2.02,97.98,-2.02,979.8,-20.2,9798.0,-202.0,-3.99,96.01,-3.99,960.1,-39.9,9601.0,-399.0,41.51,141.51,41.51,1415.1,415.1,14151.0,4151.0,62.0,162.0,62.0,1620.0,620.0,16200.0,6200.0,,,,,,,,,,,,,,,,,,,,,,
ETN,Eaton Corporation,AI,power-infra,NYSE,433.27,+0.55%,-2.08%,+7.81%,+33.48%,+15%,168.283,1.168,44.03,2.13,1744167,8677567,43806467,102.0,2.0,strong_buy,1.5,0.55,100.55,0.55,1005.5,5.5,10055.0,55.0,-2.08,97.92,-2.08,979.2,-20.8,9792.0,-208.0,7.81,107.81,7.81,1078.1,78.1,10781.0,781.0,33.48,133.48,33.48,1334.8,334.8,13348.0,3348.0,15.0,115.0,15.0,1150.0,150.0,11500.0,1500.0,,,,,,,,,,,,,,,,,,,,,,
POWL,Powell Industries,AI,power-infra,NASDAQ,188.46,+0.78%,-1.79%,+4.86%,+60.59%,+84%,6.865,1.185,36.1,0.66,302485,2027585,11578185,19.0,9.75,buy,2.25,0.78,100.78,0.78,1007.8,7.8,10078.0,78.0,-1.79,98.21,-1.79,982.1,-17.9,9821.0,-179.0,4.86,104.86,4.86,1048.6,48.6,10486.0,486.0,60.59,160.59,60.59,1605.9,605.9,16059.0,6059.0,84.0,184.0,84.0,1840.0,840.0,18400.0,8400.0,,,,,,,,,,,,,,,,,,,,,,
EQIX,Equinix,AI,dc-operators,NASDAQ,1015.27,+0.42%,-4.15%,-3.00%,+34.90%,+29%,100.179,0.973,65.21,0.57,379255,2517855,11024755,204.0,1.97,strong_buy,1.5,0.42,100.42,0.42,1004.2,4.2,10042.0,42.0,-4.15,95.85,-4.15,958.5,-41.5,9585.0,-415.0,-3.0,97.0,-3.0,970.0,-30.0,9700.0,-300.0,34.9,134.9,34.9,1349.0,349.0,13490.0,3490.0,29.0,129.0,29.0,1290.0,290.0,12900.0,2900.0,,,,,,,,,,,,,,,,,,,,,,
DLR,Digital Realty,AI,dc-operators,NYSE,176.56,-0.35%,-4.90%,-4.21%,+16.22%,+2%,66.681,1.037,85.71,2.7,1743248,7496448,44025248,275.0,,strong_buy,1.44,-0.35,99.65,-0.35,996.5,-3.5,9965.0,-35.0,-4.9,95.1,-4.9,951.0,-49.0,9510.0,-490.0,-4.21,95.79,-4.21,957.9,-42.1,9579.0,-421.0,16.22,116.22,16.22,1162.2,162.2,11622.0,1622.0,2.0,102.0,2.0,1020.0,20.0,10200.0,200.0,,,,,,,,,,,,,,,,,,,,,,
AMT,American Tower,AI,dc-operators,NYSE,167.35,-0.39%,-4.51%,-4.75%,-2.38%,-13%,77.979,0.895,23.02,2.73,2783309,14329209,55185809,426.0,1.5,buy,1.52,-0.39,99.61,-0.39,996.1,-3.9,9961.0,-39.0,-4.51,95.49,-4.51,954.9,-45.1,9549.0,-451.0,-4.75,95.25,-4.75,952.5,-47.5,9525.0,-475.0,-2.38,97.62,-2.38,976.2,-23.8,9762.0,-238.0,-13.0,87.0,-13.0,870.0,-130.0,8700.0,-1300.0,,,,,,,,,,,,,,,,,,,,,,
GOOGL,Alphabet (Google),AI,hyperscalers,NASDAQ,340.92,-0.42%,-2.92%,+0.53%,+8.39%,+41%,4169.43,1.225,17.12,27.12,20589326,121141826,552687026,26.0,1.49,strong_buy,1.38,-0.42,99.58,-0.42,995.8,-4.2,9958.0,-42.0,-2.92,97.08,-2.92,970.8,-29.2,9708.0,-292.0,0.53,100.53,0.53,1005.3,5.3,10053.0,53.0,8.39,108.39,8.39,1083.9,83.9,10839.0,839.0,41.0,141.0,41.0,1410.0,410.0,14100.0,4100.0,,,,,,,,,,,,,,,,,,,,,,
MSFT,Microsoft,AI,hyperscalers,NASDAQ,508.96,-0.07%,+2.20%,+0.33%,+8.30%,-2%,3779.306,1.108,28.4,29.47,20020164,113943364,446717564,77.0,0.91,strong_buy,1.33,-0.07,99.93,-0.07,999.3,-0.7,9993.0,-7.0,2.2,102.2,2.2,1022.0,22.0,10220.0,220.0,0.33,100.33,0.33,1003.3,3.3,10033.0,33.0,8.3,108.3,8.3,1083.0,83.0,10830.0,830.0,-2.0,98.0,-2.0,980.0,-20.0,9800.0,-200.0,,,,,,,,,,,,,,,,,,,,,,
AMZN,Amazon,AI,hyperscalers,NASDAQ,246.67,+0.14%,-3.26%,-5.04%,+8.91%,+12%,2660.659,1.443,19.84,40.21,31588613,175698513,721597313,,0.83,strong_buy,1.32,0.14,100.14,0.14,1001.4,1.4,10014.0,14.0,-3.26,96.74,-3.26,967.4,-32.6,9674.0,-326.0,-5.04,94.96,-5.04,949.6,-50.4,9496.0,-504.0,8.91,108.91,8.91,1089.1,89.1,10891.0,891.0,12.0,112.0,12.0,1120.0,120.0,11200.0,1200.0,,,,,,,,,,,,,,,,,,,,,,
META,Meta Platforms,AI,hyperscalers,NASDAQ,738.79,+2.88%,+0.30%,+29.18%,+13.88%,-3%,1882.072,1.243,27.83,19.94,23034083,142441583,493565483,29.0,1.41,strong_buy,1.42,2.88,102.88,2.88,1028.8,28.8,10288.0,288.0,0.3,100.3,0.3,1003.0,3.0,10030.0,30.0,29.18,129.18,29.18,1291.8,291.8,12918.0,2918.0,13.88,113.88,13.88,1138.8,138.8,11388.0,1388.0,-3.0,97.0,-3.0,970.0,-30.0,9700.0,-300.0,,,,,,,,,,,,,3,strong_buy,0.8,"META is up +25% in the last month, with a strong buy consensus (1.42) and a major catalyst from the Muse AI app, which saw 3.4M downloads in 3 weeks and led to price target raises to $865-$950 [pomegra.io](https://pomegra.io/briefs/2026-09-28-meta-stock-selloff-muse-ai). The recent 3.3% pullback offers a buying opportunity.",+25% 1M momentum; Muse AI catalyst; Strong buy consensus; Analyst price target raises,,,,,
IREN,Iris Energy,AI,ai-compute,NASDAQ,41.38,-1.36%,-14.77%,+11.49%,-3.09%,-11%*,16.306,4.285,,43.2,33735598,164260098,769533598,,21.71,buy,1.6,-1.36,98.64,-1.36,986.4,-13.6,9864.0,-136.0,-14.77,85.23,-14.77,852.3,-147.7,8523.0,-1477.0,11.49,111.49,11.49,1114.9,114.9,11149.0,1149.0,-3.09,96.91,-3.09,969.1,-30.9,9691.0,-309.0,-11.0,89.0,-11.0,890.0,-110.0,8900.0,-1100.0,,,,,,,,,,,,,6,buy,0.7,"IREN has gained +22.5% in the last month, with a buy rating (1.6) and positive news sentiment (0.144). A Wall Street firm sees the stock doubling, and the recent pullback offers a better entry [reuters.com](https://www.reuters.com/business/global-ai-trade-could-revive-after-recent-pullback-jp-morgan-says-2026-09-28/).",+22.5% 1M momentum; Buy consensus; Analyst upside potential; Positive news sentiment,,,,,
CORZ,Core Scientific,AI,ai-compute,NASDAQ,16.31,-1.57%,-13.20%,+0.06%,+2.00%,-8%*,5.241,5.485,,12.04,10004046,50083846,234525646,,22.21,strong_buy,1.32,-1.57,98.43,-1.57,984.3,-15.7,9843.0,-157.0,-13.2,86.8,-13.2,868.0,-132.0,8680.0,-1320.0,0.06,100.06,0.06,1000.6,0.6,10006.0,6.0,2.0,102.0,2.0,1020.0,20.0,10200.0,200.0,-8.0,92.0,-8.0,920.0,-80.0,9200.0,-800.0,,,,,,,,,,,,,,,,,,,,,,
WULF,TeraWulf,AI,ai-compute,NASDAQ,15.09,-0.82%,-12.93%,-0.26%,+18.45%,+32%*,7.529,4.248,,32.63,21276742,124078842,579427942,,28.55,strong_buy,1.29,-0.82,99.18,-0.82,991.8,-8.2,9918.0,-82.0,-12.93,87.07,-12.93,870.7,-129.3,8707.0,-1293.0,-0.26,99.74,-0.26,997.4,-2.6,9974.0,-26.0,18.45,118.45,18.45,1184.5,184.5,11845.0,1845.0,32.0,132.0,32.0,1320.0,320.0,13200.0,3200.0,,,,,,,,,,,,,,,,,,,,,,
HUT,Hut 8 Mining,AI,ai-compute,NASDAQ,92.86,-0.09%,-12.90%,+18.08%,+81.12%,+166%,11.446,5.976,,4.6,2478352,12933952,91388752,,14.79,strong_buy,1.36,-0.09,99.91,-0.09,999.1,-0.9,9991.0,-9.0,-12.9,87.1,-12.9,871.0,-129.0,8710.0,-1290.0,18.08,118.08,18.08,1180.8,180.8,11808.0,1808.0,81.12,181.12,81.12,1811.2,811.2,18112.0,8112.0,166.0,266.0,166.0,2660.0,1660.0,26600.0,16600.0,,,,,,,,,,,,,7,strong_buy,0.75,"HUT is up +86.7% YTD and +20.5% in the last month, with a strong buy consensus (1.36) and a fresh catalyst from winning a $140M bid for two Texas data centers. The high beta of 5.98 is a risk, but the momentum is compelling.",+86.7% YTD; +20.5% 1M momentum; Strong buy consensus; Data center win catalyst,,,,,
SMCI,Super Micro Computer,AI,ai-compute,NASDAQ,41.02,-1.89%,-1.25%,+10.03%,+32.49%,-13%,26.949,1.996,12.58,45.69,25091240,179666040,784707640,,18.82,none,,-1.89,98.11,-1.89,981.1,-18.9,9811.0,-189.0,-1.25,98.75,-1.25,987.5,-12.5,9875.0,-125.0,10.03,110.03,10.03,1100.3,100.3,11003.0,1003.0,32.49,132.49,32.49,1324.9,324.9,13249.0,3249.0,-13.0,87.0,-13.0,870.0,-130.0,8700.0,-1300.0,,,,,,,,,,,,,,,,,,,,,,
DELL,Dell Technologies,AI,ai-compute,NYSE,539.59,-0.56%,-1.70%,+18.33%,+326.08%,+283%,343.078,1.409,31.43,7.75,5703551,37511751,234369151,46.0,4.68,buy,1.83,-0.56,99.44,-0.56,994.4,-5.6,9944.0,-56.0,-1.7,98.3,-1.7,983.0,-17.0,9830.0,-170.0,18.33,118.33,18.33,1183.3,183.3,11833.0,1833.0,326.08,426.08,326.08,4260.8,3260.8,42608.0,32608.0,283.0,383.0,283.0,3830.0,2830.0,38300.0,28300.0,,,,,,,,,,,,,8,strong_buy,0.898,"DELL has surged +328.6% YTD and +19% in the last month, with a buy rating (1.83) and a massive AI server backlog of $95B. The recent pullback provides a better entry point.",+328.6% YTD; +19% 1M momentum; AI server backlog $95B; Buy consensus,,,,,
COHR,Coherent Corp,AI,fibre-optical,NYSE,292.21,+3.55%,-5.86%,+5.18%,+50.37%,+162%,57.224,2.104,70.92,6.14,5448638,27726238,132001738,,6.09,buy,1.61,3.55,103.55,3.55,1035.5,35.5,10355.0,355.0,-5.86,94.14,-5.86,941.4,-58.6,9414.0,-586.0,5.18,105.18,5.18,1051.8,51.8,10518.0,518.0,50.37,150.37,50.37,1503.7,503.7,15037.0,5037.0,162.0,262.0,162.0,2620.0,1620.0,26200.0,16200.0,,,,,,,,,,,,,,,,,,,,,,
LITE,Lumentum Holdings,AI,fibre-optical,NASDAQ,973.49,+6.25%,+2.94%,+6.42%,+152.13%,+466%,87.322,1.541,,4.58,6022835,21280935,94768135,,7.92,strong_buy,1.5,6.25,106.25,6.25,1062.5,62.5,10625.0,625.0,2.94,102.94,2.94,1029.4,29.4,10294.0,294.0,6.42,106.42,6.42,1064.2,64.2,10642.0,642.0,152.13,252.13,152.13,2521.3,1521.3,25213.0,15213.0,466.0,566.0,466.0,5660.0,4660.0,56600.0,46600.0,,,,,,,,,,,,,,,,,,,,,,
AAOI,Applied Optoelectronics,AI,fibre-optical,NASDAQ,100.67,+4.94%,-5.92%,-6.52%,+154.22%,+273%,8.548,3.783,,9.38,7251574,33111274,141829274,,15.02,none,,4.94,104.94,4.94,1049.4,49.4,10494.0,494.0,-5.92,94.08,-5.92,940.8,-59.2,9408.0,-592.0,-6.52,93.48,-6.52,934.8,-65.2,9348.0,-652.0,154.22,254.22,154.22,2542.2,1542.2,25422.0,15422.0,273.0,373.0,273.0,3730.0,2730.0,37300.0,27300.0,,,,,,,,,,,,,,,,,,,,,,
FN,Fabrinet,AI,fibre-optical,NYSE,424.12,+4.13%,+5.03%,+2.71%,-11.53%,+12%,15.198,1.208,32.52,0.86,748715,3457315,16314415,,5.69,buy,1.78,4.13,104.13,4.13,1041.3,41.3,10413.0,413.0,5.03,105.03,5.03,1050.3,50.3,10503.0,503.0,2.71,102.71,2.71,1027.1,27.1,10271.0,271.0,-11.53,88.47,-11.53,884.7,-115.3,8847.0,-1153.0,12.0,112.0,12.0,1120.0,120.0,11200.0,1200.0,,,,,,,,,,,,,,,,,,,,,,
MTSI,MACOM Technology,AI,dsp-semi,NASDAQ,284.27,+2.55%,+1.64%,+7.75%,+62.48%,+124%,21.71,1.708,90.24,1.46,912124,5195124,27317224,,4.35,buy,1.56,2.55,102.55,2.55,1025.5,25.5,10255.0,255.0,1.64,101.64,1.64,1016.4,16.4,10164.0,164.0,7.75,107.75,7.75,1077.5,77.5,10775.0,775.0,62.48,162.48,62.48,1624.8,624.8,16248.0,6248.0,124.0,224.0,124.0,2240.0,1240.0,22400.0,12400.0,,,,,,,,,,,,,,,,,,,,,,
SMTC,Semtech,AI,dsp-semi,NASDAQ,180.1,+2.96%,+3.31%,+35.45%,+139.30%,+145%,16.808,2.353,120.07,2.98,2674647,14392047,67579847,,8.53,strong_buy,1.19,2.96,102.96,2.96,1029.6,29.6,10296.0,296.0,3.31,103.31,3.31,1033.1,33.1,10331.0,331.0,35.45,135.45,35.45,1354.5,354.5,13545.0,3545.0,139.3,239.3,139.3,2393.0,1393.0,23930.0,13930.0,145.0,245.0,145.0,2450.0,1450.0,24500.0,14500.0,,,,,,,,,,,,,4,strong_buy,0.8,"SMTC has gained +125.6% YTD and +29.4% in the last month, with the most bullish analyst score in the universe (1.19) and a strong buy consensus. The recent 6.9% one-day dip provides a potential entry point.",+125.6% YTD; +29.4% 1M momentum; Best analyst score 1.19; Strong buy consensus,,,,,
CRDO,Credo Technology,AI,dsp-semi,NASDAQ,192.35,-0.29%,-0.11%,-14.96%,+34.30%,+32%,36.153,3.228,67.97,6.86,6658508,41109108,207455808,,5.14,strong_buy,1.32,-0.29,99.71,-0.29,997.1,-2.9,9971.0,-29.0,-0.11,99.89,-0.11,998.9,-1.1,9989.0,-11.0,-14.96,85.04,-14.96,850.4,-149.6,8504.0,-1496.0,34.3,134.3,34.3,1343.0,343.0,13430.0,3430.0,32.0,132.0,32.0,1320.0,320.0,13200.0,3200.0,,,,,,,,,,,,,,,,,,,,,,
MXL,MaxLinear,AI,dsp-semi,NASDAQ,92.72,+3.17%,+6.05%,+54.77%,+400.92%,+460%,8.409,3.945,,3.19,2948148,16988548,61756648,,7.46,buy,1.82,3.17,103.17,3.17,1031.7,31.7,10317.0,317.0,6.05,106.05,6.05,1060.5,60.5,10605.0,605.0,54.77,154.77,54.77,1547.7,547.7,15477.0,5477.0,400.92,500.92,400.92,5009.2,4009.2,50092.0,40092.0,460.0,560.0,460.0,5600.0,4600.0,56000.0,46000.0,,,,,,,,,,,,,1,strong_buy,1.0,"MXL has surged +369% YTD and +40.7% in the last month, with positive news sentiment (0.351) and a fresh catalyst from the Puma 9 launch that cuts CPE costs 30-50% [stocktitan.net](https://www.stocktitan.net/news/MXL/max-linear-launches-puma-tm-9-enabling-operators-to-accelerate-ai-k94bx4njevq2.html). Despite a high beta of 3.9, the strong momentum and analyst buy rating (1.82) support inclusion.",+369% YTD; +40.7% 1M momentum; Puma 9 launch catalyst; Positive news sentiment 0.351,,,,,
KEYS,Keysight Technologies,AI,test-equip,NYSE,360.65,+0.25%,+3.84%,+11.76%,+74.57%,+106%,61.399,1.208,48.93,1.27,881064,5232464,21380864,,1.59,buy,1.58,0.25,100.25,0.25,1002.5,2.5,10025.0,25.0,3.84,103.84,3.84,1038.4,38.4,10384.0,384.0,11.76,111.76,11.76,1117.6,117.6,11176.0,1176.0,74.57,174.57,74.57,1745.7,745.7,17457.0,7457.0,106.0,206.0,106.0,2060.0,1060.0,20600.0,10600.0,,,,,,,,,,,,,,,,,,,,,,
VIAV,Viavi Solutions,AI,test-equip,NASDAQ,41.82,+0.14%,+14.89%,+15.24%,+130.41%,+222%,10.319,1.226,,4.98,6104872,32593872,113310872,,6.33,strong_buy,1.38,0.14,100.14,0.14,1001.4,1.4,10014.0,14.0,14.89,114.89,14.89,1148.9,148.9,11489.0,1489.0,15.24,115.24,15.24,1152.4,152.4,11524.0,1524.0,130.41,230.41,130.41,2304.1,1304.1,23041.0,13041.0,222.0,322.0,222.0,3220.0,2220.0,32200.0,22200.0,,,,,,,,,,,,,,,,,,,,,,
AXTI,AXT Inc,AI,materials,NASDAQ,78.18,+6.51%,+0.50%,+28.99%,+366.47%,+1541%,5.126,1.92,2606.0,9.93,9123397,36519997,182901097,,14.03,none,,6.51,106.51,6.51,1065.1,65.1,10651.0,651.0,0.5,100.5,0.5,1005.0,5.0,10050.0,50.0,28.99,128.99,28.99,1289.9,289.9,12899.0,2899.0,366.47,466.47,366.47,4664.7,3664.7,46647.0,36647.0,1541.0,1641.0,1541.0,16410.0,15410.0,164100.0,154100.0,,,,,,,,,,,,,5,strong_buy,0.918,"AXTI has surged +336% YTD and +24.7% in the last month, with a buy rating (1.6) and positive news sentiment (0.128). The extreme P/E of 2436 is a concern, but the momentum and materials exposure to AI infrastructure support inclusion.",+336% YTD; +24.7% 1M momentum; Buy consensus; Positive news sentiment,,,,,
AMGN,Amgen,Biotech,large-cap,NASDAQ,423.64,+1.06%,+3.27%,-1.45%,+31.95%,+48%,229.033,0.426,26.31,2.66,3438987,13917487,65934087,241.0,2.6,hold,2.65,1.06,101.06,1.06,1010.6,10.6,10106.0,106.0,3.27,103.27,3.27,1032.7,32.7,10327.0,327.0,-1.45,98.55,-1.45,985.5,-14.5,9855.0,-145.0,31.95,131.95,31.95,1319.5,319.5,13195.0,3195.0,48.0,148.0,48.0,1480.0,480.0,14800.0,4800.0,,,,,,,,,,,,,,,,,,,,,,
GILD,Gilead Sciences,Biotech,large-cap,NASDAQ,151.28,-0.31%,-0.91%,+3.96%,+26.65%,+37%,187.58,0.35,,6.35,5298393,26925593,124418793,215.0,1.48,buy,1.7,-0.31,99.69,-0.31,996.9,-3.1,9969.0,-31.0,-0.91,99.09,-0.91,990.9,-9.1,9909.0,-91.0,3.96,103.96,3.96,1039.6,39.6,10396.0,396.0,26.65,126.65,26.65,1266.5,266.5,12665.0,2665.0,37.0,137.0,37.0,1370.0,370.0,13700.0,3700.0,,,,,,,,,,,,,1,buy,0.85,"GILD has +26% YTD, buy consensus (1.7), positive news sentiment 0.416, and raised 2026 guidance [GuruFocus.com](https://www.gurufocus.com/news/9099179/moderna-mrna-surges-29-amid-healthcare-sector-gains-on-september-27-2026). Low short interest 1.48% supports further upside.",+26% YTD momentum; buy consensus (1.7); positive news sentiment 0.416; low short interest 1.48%,,,,,
REGN,Regeneron Pharmaceuticals,Biotech,large-cap,NASDAQ,750.51,-0.24%,-6.64%,-6.08%,-2.95%,+34%,77.269,0.193,18.58,0.75,803976,3869576,15396376,50.0,2.6,buy,1.93,-0.24,99.76,-0.24,997.6,-2.4,9976.0,-24.0,-6.64,93.36,-6.64,933.6,-66.4,9336.0,-664.0,-6.08,93.92,-6.08,939.2,-60.8,9392.0,-608.0,-2.95,97.05,-2.95,970.5,-29.5,9705.0,-295.0,34.0,134.0,34.0,1340.0,340.0,13400.0,3400.0,,,,,,,,,,,,,,,,,,,,,,
VRTX,Vertex Pharmaceuticals,Biotech,large-cap,NASDAQ,526.73,-0.52%,+2.28%,-3.27%,+16.50%,+35%,133.506,0.32,30.71,1.25,668298,4402598,21369698,,2.1,buy,1.66,-0.52,99.48,-0.52,994.8,-5.2,9948.0,-52.0,2.28,102.28,2.28,1022.8,22.8,10228.0,228.0,-3.27,96.73,-3.27,967.3,-32.7,9673.0,-327.0,16.5,116.5,16.5,1165.0,165.0,11650.0,1650.0,35.0,135.0,35.0,1350.0,350.0,13500.0,3500.0,,,,,,,,,,,,,,,,,,,,,,
BIIB,Biogen,Biotech,large-cap,NASDAQ,227.07,-0.71%,+0.76%,+4.81%,+27.70%,+63%,33.551,0.171,40.4,1.07,1125094,5944294,20673194,,4.39,buy,1.89,-0.71,99.29,-0.71,992.9,-7.1,9929.0,-71.0,0.76,100.76,0.76,1007.6,7.6,10076.0,76.0,4.81,104.81,4.81,1048.1,48.1,10481.0,481.0,27.7,127.7,27.7,1277.0,277.0,12770.0,2770.0,63.0,163.0,63.0,1630.0,630.0,16300.0,6300.0,,,,,,,,,,,,,7,buy,0.7,"BIIB is up +27.5% YTD, buy consensus (1.89), P/E 40.35, with positive news sentiment 0.082 and moderate short interest 4.39%.",+27.5% YTD; buy consensus (1.89); P/E 40.35; moderate short interest 4.39%,,,,,
BMY,Bristol-Myers Squibb,Biotech,large-cap,NYSE,62.86,-1.63%,+0.98%,-5.91%,+20.14%,+42%,128.405,0.227,13.85,10.87,15280125,70716325,236331525,394.0,2.06,buy,2.46,-1.63,98.37,-1.63,983.7,-16.3,9837.0,-163.0,0.98,100.98,0.98,1009.8,9.8,10098.0,98.0,-5.91,94.09,-5.91,940.9,-59.1,9409.0,-591.0,20.14,120.14,20.14,1201.4,201.4,12014.0,2014.0,42.0,142.0,42.0,1420.0,420.0,14200.0,4200.0,,,,,,,,,,,,,,,,,,,,,,
AZN,AstraZeneca,Biotech,uk-listed,LSE,164.4,-0.62%,-1.05%,+3.90%,-8.55%,+12%,2.549,0.205,24.81,3.36,1550979,11911393,61755931,191.0,,buy,1.72,-0.62,99.38,-0.62,993.8,-6.2,9938.0,-62.0,-1.05,98.95,-1.05,989.5,-10.5,9895.0,-105.0,3.9,103.9,3.9,1039.0,39.0,10390.0,390.0,-8.55,91.45,-8.55,914.5,-85.5,9145.0,-855.0,12.0,112.0,12.0,1120.0,120.0,11200.0,1200.0,,,,,,,,,,,,,9,buy,0.6,"AZN is down -7.75% YTD but has buy consensus (1.72), P/E 25.02, dividend yield 1.9%, and positive news sentiment 0.188, offering stability and oncology pipeline strength.",buy consensus (1.72); P/E 25.02; dividend yield 1.9%; positive news sentiment 0.188,,,,,
GSK,GSK,Biotech,uk-listed,LSE,24.55,-0.22%,-2.88%,-0.83%,+1.36%,+18%,0.983,0.29,15.73,6.92,4382227,26329251,113346512,366.0,,hold,2.52,-0.22,99.78,-0.22,997.8,-2.2,9978.0,-22.0,-2.88,97.12,-2.88,971.2,-28.8,9712.0,-288.0,-0.83,99.17,-0.83,991.7,-8.3,9917.0,-83.0,1.36,101.36,1.36,1013.6,13.6,10136.0,136.0,18.0,118.0,18.0,1180.0,180.0,11800.0,1800.0,,,,,,,,,,,,,,,,,,,,,,
CRSP,CRISPR Therapeutics,Biotech,gene-editing,NASDAQ,56.0,+3.15%,-5.13%,-1.72%,+4.15%,-17%,5.414,1.76,,1.6,1576086,7769886,33748686,,22.58,buy,2.05,3.15,103.15,3.15,1031.5,31.5,10315.0,315.0,-5.13,94.87,-5.13,948.7,-51.3,9487.0,-513.0,-1.72,98.28,-1.72,982.8,-17.2,9828.0,-172.0,4.15,104.15,4.15,1041.5,41.5,10415.0,415.0,-17.0,83.0,-17.0,830.0,-170.0,8300.0,-1700.0,,,,,,,,,,,,,,,,,,,,,,
BEAM,Beam Therapeutics,Biotech,gene-editing,NASDAQ,24.52,+0.95%,-5.44%,-16.68%,-9.65%,+0%,2.533,2.226,,2.0,1634451,8304951,40691951,,38.75,strong_buy,1.33,0.95,100.95,0.95,1009.5,9.5,10095.0,95.0,-5.44,94.56,-5.44,945.6,-54.4,9456.0,-544.0,-16.68,83.32,-16.68,833.2,-166.8,8332.0,-1668.0,-9.65,90.35,-9.65,903.5,-96.5,9035.0,-965.0,0.0,100.0,0.0,1000.0,0.0,10000.0,0.0,,,,,,,,,,,,,,,,,,,,,,
NTLA,Intellia Therapeutics,Biotech,gene-editing,NASDAQ,12.03,+4.43%,-5.20%,-5.50%,+30.62%,-34%,1.685,1.819,,3.89,5011324,21123624,84151424,,41.97,none,,4.43,104.43,4.43,1044.3,44.3,10443.0,443.0,-5.2,94.8,-5.2,948.0,-52.0,9480.0,-520.0,-5.5,94.5,-5.5,945.0,-55.0,9450.0,-550.0,30.62,130.62,30.62,1306.2,306.2,13062.0,3062.0,-34.0,66.0,-34.0,660.0,-340.0,6600.0,-3400.0,,,,,,,,,,,,,,,,,,,,,,
EDIT,Editas Medicine,Biotech,gene-editing,NASDAQ,2.59,+4.02%,-11.30%,-15.36%,+26.34%,-28%*,0.398,2.087,,2.55,1568258,14640558,63819858,,19.54,buy,1.92,4.02,104.02,4.02,1040.2,40.2,10402.0,402.0,-11.3,88.7,-11.3,887.0,-113.0,8870.0,-1130.0,-15.36,84.64,-15.36,846.4,-153.6,8464.0,-1536.0,26.34,126.34,26.34,1263.4,263.4,12634.0,2634.0,-28.0,72.0,-28.0,720.0,-280.0,7200.0,-2800.0,,,,,,,,,,,,,,,,,,,,,,
ILMN,Illumina,Biotech,genomics,NASDAQ,272.0,-0.32%,+9.92%,+27.32%,+102.46%,+186%,41.072,1.467,50.65,2.59,2229210,16018710,82677010,,11.47,buy,2.43,-0.32,99.68,-0.32,996.8,-3.2,9968.0,-32.0,9.92,109.92,9.92,1099.2,99.2,10992.0,992.0,27.32,127.32,27.32,1273.2,273.2,12732.0,2732.0,102.46,202.46,102.46,2024.6,1024.6,20246.0,10246.0,186.0,286.0,186.0,2860.0,1860.0,28600.0,18600.0,,,,,,,,,,,,,6,buy,0.7,"ILMN rallied +101% YTD with buy consensus (2.43), strong +25.5% 1-month momentum, and P/E 50.4 reflecting growth expectations, though short interest is elevated at 11.47%.",+101% YTD; +25.5% 1-month momentum; buy consensus (2.43); elevated short interest 11.47%,,,,,
PACB,Pacific Biosciences,Biotech,genomics,NASDAQ,1.83,+8.28%,+24.49%,+34.56%,-0.54%,+34%*,0.569,2.31,,6.7,17406168,66404168,149723968,,18.08,none,,8.28,108.28,8.28,1082.8,82.8,10828.0,828.0,24.49,124.49,24.49,1244.9,244.9,12449.0,2449.0,34.56,134.56,34.56,1345.6,345.6,13456.0,3456.0,-0.54,99.46,-0.54,994.6,-5.4,9946.0,-54.0,34.0,134.0,34.0,1340.0,340.0,13400.0,3400.0,,,,,,,,,,,,,,,,,,,,,,
NTRA,Natera,Biotech,genomics,NASDAQ,414.52,+0.67%,+6.04%,+28.75%,+81.14%,+156%,59.751,1.534,,1.36,2006325,8916425,31827125,,3.43,strong_buy,1.46,0.67,100.67,0.67,1006.7,6.7,10067.0,67.0,6.04,106.04,6.04,1060.4,60.4,10604.0,604.0,28.75,128.75,28.75,1287.5,287.5,12875.0,2875.0,81.14,181.14,81.14,1811.4,811.4,18114.0,8114.0,156.0,256.0,156.0,2560.0,1560.0,25600.0,15600.0,,,,,,,,,,,,,2,strong_buy,0.8,"NTRA shows +80.6% YTD, strong_buy consensus (1.46), low short interest 3.43%, and +26.7% 1-month momentum reflecting strong clinical and commercial traction.",+80.6% YTD; strong_buy consensus (1.46); low short interest 3.43%; +26.7% 1-month momentum,,,,,
RXRX,Recursion Pharmaceuticals,Biotech,genomics,NASDAQ,4.03,+8.90%,-0.49%,+18.53%,-4.05%,-24%*,2.161,1.071,,19.48,21382964,87931964,411068964,,34.95,buy,2.43,8.9,108.9,8.9,1089.0,89.0,10890.0,890.0,-0.49,99.51,-0.49,995.1,-4.9,9951.0,-49.0,18.53,118.53,18.53,1185.3,185.3,11853.0,1853.0,-4.05,95.95,-4.05,959.5,-40.5,9595.0,-405.0,-24.0,76.0,-24.0,760.0,-240.0,7600.0,-2400.0,,,,,,,,,,,,,,,,,,,,,,
INCY,Incyte,Biotech,oncology,NASDAQ,123.2,-1.30%,-2.94%,-0.02%,+21.48%,+47%,24.972,0.77,15.69,1.61,1712272,7290372,32154872,,8.39,buy,2.29,-1.3,98.7,-1.3,987.0,-13.0,9870.0,-130.0,-2.94,97.06,-2.94,970.6,-29.4,9706.0,-294.0,-0.02,99.98,-0.02,999.8,-0.2,9998.0,-2.0,21.48,121.48,21.48,1214.8,214.8,12148.0,2148.0,47.0,147.0,47.0,1470.0,470.0,14700.0,4700.0,,,,,,,,,,,,,,,,,,,,,,
EXEL,Exelixis,Biotech,oncology,NASDAQ,58.65,+0.50%,+0.86%,+7.34%,+34.58%,+41%,14.533,0.422,18.44,2.37,2236395,8861895,45701095,,14.56,buy,2.37,0.5,100.5,0.5,1005.0,5.0,10050.0,50.0,0.86,100.86,0.86,1008.6,8.6,10086.0,86.0,7.34,107.34,7.34,1073.4,73.4,10734.0,734.0,34.58,134.58,34.58,1345.8,345.8,13458.0,3458.0,41.0,141.0,41.0,1410.0,410.0,14100.0,4100.0,,,,,,,,,,,,,5,buy,0.75,"EXEL gained +32.7% YTD, has buy consensus (2.37), positive news sentiment 0.241, and profitable P/E 18.18, with reasonable short interest 14.56%.",+32.7% YTD; profitable P/E 18.18; positive news sentiment 0.241; buy consensus (2.37),,,,,
ALNY,Alnylam Pharmaceuticals,Biotech,oncology,NASDAQ,254.07,-0.75%,+0.96%,+5.56%,-36.51%,-44%,33.997,0.3,44.19,1.83,785449,5433249,31746849,,7.16,buy,1.69,-0.75,99.25,-0.75,992.5,-7.5,9925.0,-75.0,0.96,100.96,0.96,1009.6,9.6,10096.0,96.0,5.56,105.56,5.56,1055.6,55.6,10556.0,556.0,-36.51,63.49,-36.51,634.9,-365.1,6349.0,-3651.0,-44.0,56.0,-44.0,560.0,-440.0,5600.0,-4400.0,,,,,,,,,,,,,8,buy,0.6,ALNY has negative YTD -37.1% but strong buy consensus (1.69) with 18/21 analysts bullish; recent +6.1% 1-month recovery suggests a contrarian opportunity despite negative news sentiment -0.191.,strong buy consensus (1.69); +6.1% 1-month recovery; negative news sentiment -0.191; YTD -37.1% contrarian,,,,,
RCUS,Arcus Biosciences,Biotech,oncology,NYSE,25.65,+2.56%,-4.54%,-12.40%,+10.13%,+84%*,3.226,0.812,,1.32,1252457,7818757,36314357,,17.71,strong_buy,1.43,2.56,102.56,2.56,1025.6,25.6,10256.0,256.0,-4.54,95.46,-4.54,954.6,-45.4,9546.0,-454.0,-12.4,87.6,-12.4,876.0,-124.0,8760.0,-1240.0,10.13,110.13,10.13,1101.3,101.3,11013.0,1013.0,84.0,184.0,84.0,1840.0,840.0,18400.0,8400.0,,,,,,,,,,,,,,,,,,,,,,
MRNA,Moderna,Biotech,mrna,NASDAQ,203.46,+2.99%,+11.45%,+44.98%,+559.30%,+664%,81.229,1.106,,17.01,13072469,74710369,318841369,,10.06,hold,2.74,2.99,102.99,2.99,1029.9,29.9,10299.0,299.0,11.45,111.45,11.45,1114.5,114.5,11145.0,1145.0,44.98,144.98,44.98,1449.8,449.8,14498.0,4498.0,559.3,659.3,559.3,6593.0,5593.0,65930.0,55930.0,664.0,764.0,664.0,7640.0,6640.0,76400.0,66400.0,,,,,,,,,,,,,3,strong_buy,1.0,MRNA surged +527% YTD with positive news sentiment 0.242; upcoming Phase 3 melanoma data and analyst defense of U.S. AI drug lead signal strong catalysts [Stocktwits](https://stocktwits.com/news-articles/markets/equity/mrna-stock-analyst-china-ai-drug-lead-baseless-moderna-cancer-data/cZMSV3BRBfx). High risk from hold consensus (2.74) and no P/E.,+527% YTD momentum; upcoming Phase 3 melanoma catalyst; positive news sentiment 0.242; hold consensus (2.74) risk,,,,,
BNTX,BioNTech,Biotech,mrna,NASDAQ,98.57,-2.41%,-2.28%,-2.99%,+1.94%,+0%,24.761,1.293,,1.15,736511,3988511,18428511,,3.48,buy,1.7,-2.41,97.59,-2.41,975.9,-24.1,9759.0,-241.0,-2.28,97.72,-2.28,977.2,-22.8,9772.0,-228.0,-2.99,97.01,-2.99,970.1,-29.9,9701.0,-299.0,1.94,101.94,1.94,1019.4,19.4,10194.0,194.0,0.0,100.0,0.0,1000.0,0.0,10000.0,0.0,,,,,,,,,,,,,,,,,,,,,,
NVAX,Novavax,Biotech,mrna,NASDAQ,10.82,-0.71%,-0.09%,+15.47%,+51.75%,+25%*,1.784,2.45,,4.48,4067844,22553944,120784044,,30.43,buy,2.33,-0.71,99.29,-0.71,992.9,-7.1,9929.0,-71.0,-0.09,99.91,-0.09,999.1,-0.9,9991.0,-9.0,15.47,115.47,15.47,1154.7,154.7,11547.0,1547.0,51.75,151.75,51.75,1517.5,517.5,15175.0,5175.0,25.0,125.0,25.0,1250.0,250.0,12500.0,2500.0,,,,,,,,,,,,,10,buy,0.4,"NVAX gained +45.4% YTD and +11.9% 1-month with buy consensus (2.33), but high short interest 30.43% and negative news sentiment -0.179 indicate speculative risk.",+45.4% YTD; buy consensus (2.33); high short interest 30.43%; negative news sentiment -0.179,,,,,
BMRN,BioMarin Pharmaceutical,Biotech,rare-disease,NASDAQ,59.87,+0.15%,-5.52%,-8.22%,+0.71%,+10%,11.589,0.238,166.31,1.94,1807465,9721365,42433765,,5.22,buy,1.74,0.15,100.15,0.15,1001.5,1.5,10015.0,15.0,-5.52,94.48,-5.52,944.8,-55.2,9448.0,-552.0,-8.22,91.78,-8.22,917.8,-82.2,9178.0,-822.0,0.71,100.71,0.71,1007.1,7.1,10071.0,71.0,10.0,110.0,10.0,1100.0,100.0,11000.0,1000.0,,,,,,,,,,,,,,,,,,,,,,
SRPT,Sarepta Therapeutics,Biotech,rare-disease,NASDAQ,18.64,-0.85%,-10.43%,-11.36%,-12.53%,-2%,1.968,0.261,,3.1,1368437,12172137,62470237,,28.86,hold,2.75,-0.85,99.15,-0.85,991.5,-8.5,9915.0,-85.0,-10.43,89.57,-10.43,895.7,-104.3,8957.0,-1043.0,-11.36,88.64,-11.36,886.4,-113.6,8864.0,-1136.0,-12.53,87.47,-12.53,874.7,-125.3,8747.0,-1253.0,-2.0,98.0,-2.0,980.0,-20.0,9800.0,-200.0,,,,,,,,,,,,,,,,,,,,,,
COAG,Hemab Therapeutics,Biotech,rare-disease,NASDAQ,32.6,-1.57%,-14.77%,-28.71%,-4.12%,-3%,1.523,,,0.44,452047,1885447,12307947,,,none,,-1.57,98.43,-1.57,984.3,-15.7,9843.0,-157.0,-14.77,85.23,-14.77,852.3,-147.7,8523.0,-1477.0,-28.71,71.29,-28.71,712.9,-287.1,7129.0,-2871.0,-4.12,95.88,-4.12,958.8,-41.2,9588.0,-412.0,-3.0,97.0,-3.0,970.0,-30.0,9700.0,-300.0,,,,,,,,,,,,,,,,,,,,,,
NVO,Novo Nordisk,Biotech,metabolic,NYSE,38.31,-1.06%,-2.77%,-15.49%,-23.22%,-30%,169.161,0.344,9.6,12.19,9335595,69329595,275853095,464.0,0.83,hold,2.71,-1.06,98.94,-1.06,989.4,-10.6,9894.0,-106.0,-2.77,97.23,-2.77,972.3,-27.7,9723.0,-277.0,-15.49,84.51,-15.49,845.1,-154.9,8451.0,-1549.0,-23.22,76.78,-23.22,767.8,-232.2,7678.0,-2322.0,-30.0,70.0,-30.0,700.0,-300.0,7000.0,-3000.0,,,,,,,,,,,,,,,,,,,,,,
LLY,Eli Lilly,Biotech,metabolic,NYSE,1184.63,-0.25%,+1.24%,+2.41%,+10.18%,+55%,1056.384,0.502,39.83,2.54,1625807,10092007,48019607,58.0,0.84,buy,1.63,-0.25,99.75,-0.25,997.5,-2.5,9975.0,-25.0,1.24,101.24,1.24,1012.4,12.4,10124.0,124.0,2.41,102.41,2.41,1024.1,24.1,10241.0,241.0,10.18,110.18,10.18,1101.8,101.8,11018.0,1018.0,55.0,155.0,55.0,1550.0,550.0,15500.0,5500.0,,,,,,,,,,,,,4,buy,0.8,"LLY has +10.6% YTD, buy consensus (1.63), very positive news sentiment 0.407, low short 0.84%, and P/E 39.9 reflecting strong GLP-1 market position.",+10.6% YTD; buy consensus (1.63); positive news sentiment 0.407; low short interest 0.84%,,,,,
LEGN,Legend Biotech,Biotech,neuroscience,NASDAQ,18.82,+0.97%,+0.97%,-9.43%,-12.51%,-43%,3.66,0.402,,2.29,1974367,9306867,46027467,,17.8,buy,2.15,0.97,100.97,0.97,1009.7,9.7,10097.0,97.0,0.97,100.97,0.97,1009.7,9.7,10097.0,97.0,-9.43,90.57,-9.43,905.7,-94.3,9057.0,-943.0,-12.51,87.49,-12.51,874.9,-125.1,8749.0,-1251.0,-43.0,57.0,-43.0,570.0,-430.0,5700.0,-4300.0,,,,,,,,,,,,,,,,,,,,,,
IONS,Ionis Pharmaceuticals,Biotech,neuroscience,NASDAQ,45.89,+0.70%,+0.31%,-23.97%,-42.40%,-30%,7.626,0.419,,3.74,3705947,23633747,94772547,,16.65,buy,1.83,0.7,100.7,0.7,1007.0,7.0,10070.0,70.0,0.31,100.31,0.31,1003.1,3.1,10031.0,31.0,-23.97,76.03,-23.97,760.3,-239.7,7603.0,-2397.0,-42.4,57.6,-42.4,576.0,-424.0,5760.0,-4240.0,-30.0,70.0,-30.0,700.0,-300.0,7000.0,-3000.0,,,,,,,,,,,,,,,,,,,,,,
BTC,Bitcoin,Crypto,bitcoin,Crypto,83676.415818,+0.22%,-2.90%,+7.84%,-4.39%,-4%,1681.135,,,34669.69,41541721155,242687815642,934364249024,,,,,0.22,100.22,0.22,1002.2,2.2,10022.0,22.0,-2.9,97.1,-2.9,971.0,-29.0,9710.0,-290.0,7.84,107.84,7.84,1078.4,78.4,10784.0,784.0,-4.39,95.61,-4.39,956.1,-43.9,9561.0,-439.0,-4.0,96.0,-4.0,960.0,-40.0,9600.0,-400.0,,,,,,,,,,,,,,,,,,,,,,
ETH,Ethereum,Crypto,layer1,Crypto,2677.989329,-0.40%,-2.74%,+11.30%,-9.73%,-10%,326.956,,,13560.11,17048616415,94920804923,423978767275,,,,,-0.4,99.6,-0.4,996.0,-4.0,9960.0,-40.0,-2.74,97.26,-2.74,972.6,-27.4,9726.0,-274.0,11.3,111.3,11.3,1113.0,113.0,11130.0,1130.0,-9.73,90.27,-9.73,902.7,-97.3,9027.0,-973.0,-10.0,90.0,-10.0,900.0,-100.0,9000.0,-1000.0,,,,,,,,,,,,,,,,,,,,,,
SOL,Solana,Crypto,layer1,Crypto,119.062305,+0.28%,+0.54%,+17.64%,-4.38%,-4%,69.991,,,4877.79,3956771955,34144517018,110101174724,,,,,0.28,100.28,0.28,1002.8,2.8,10028.0,28.0,0.54,100.54,0.54,1005.4,5.4,10054.0,54.0,17.64,117.64,17.64,1176.4,176.4,11764.0,1764.0,-4.38,95.62,-4.38,956.2,-43.8,9562.0,-438.0,-4.0,96.0,-4.0,960.0,-40.0,9600.0,-400.0,,,,,,,,,,,,,,,,,,,,,,
BNB,BNB,Crypto,layer1,Crypto,757.869743,-0.75%,-3.86%,+11.08%,-12.20%,-12%,100.918,,,1015.92,1049273895,7111408914,31765906767,,,,,-0.75,99.25,-0.75,992.5,-7.5,9925.0,-75.0,-3.86,96.14,-3.86,961.4,-38.6,9614.0,-386.0,11.08,111.08,11.08,1110.8,110.8,11108.0,1108.0,-12.2,87.8,-12.2,878.0,-122.0,8780.0,-1220.0,-12.0,88.0,-12.0,880.0,-120.0,8800.0,-1200.0,,,,,,,,,,,,,,,,,,,,,,
ADA,Cardano,Crypto,layer1,Crypto,0.24414,-1.07%,-3.81%,+27.64%,-26.61%,-27%,8.979,,,657.3,684670642,4601091800,15155542063,,,,,-1.07,98.93,-1.07,989.3,-10.7,9893.0,-107.0,-3.81,96.19,-3.81,961.9,-38.1,9619.0,-381.0,27.64,127.64,27.64,1276.4,276.4,12764.0,2764.0,-26.61,73.39,-26.61,733.9,-266.1,7339.0,-2661.0,-27.0,73.0,-27.0,730.0,-270.0,7300.0,-2700.0,,,,,,,,,,,,,,,,,,,,,,
AVAX,Avalanche,Crypto,layer1,Crypto,11.428135,+8.00%,+1.61%,+61.43%,-7.15%,-7%,5.064,,,602.69,622284823,4218823227,12843209037,,,,,8.0,108.0,8.0,1080.0,80.0,10800.0,800.0,1.61,101.61,1.61,1016.1,16.1,10161.0,161.0,61.43,161.43,61.43,1614.3,614.3,16143.0,6143.0,-7.15,92.85,-7.15,928.5,-71.5,9285.0,-715.0,-7.0,93.0,-7.0,930.0,-70.0,9300.0,-700.0,,,,,,,,,,,,,,,,,,,,,,
XRP,XRP,Crypto,payments,Crypto,1.490199,-0.37%,-5.24%,+10.57%,-18.98%,-19%,94.021,,,4517.97,4343694143,31625814003,95896958194,,,,,-0.37,99.63,-0.37,996.3,-3.7,9963.0,-37.0,-5.24,94.76,-5.24,947.6,-52.4,9476.0,-524.0,10.57,110.57,10.57,1105.7,105.7,11057.0,1057.0,-18.98,81.02,-18.98,810.2,-189.8,8102.0,-1898.0,-19.0,81.0,-19.0,810.0,-190.0,8100.0,-1900.0,,,,,,,,,,,,,,,,,,,,,,
XLM,Stellar,Crypto,payments,Crypto,0.222439,-3.91%,+3.00%,+27.96%,+10.87%,+11%,7.79,,,410.16,811678205,2871085940,7424026645,,,,,-3.91,96.09,-3.91,960.9,-39.1,9609.0,-391.0,3.0,103.0,3.0,1030.0,30.0,10300.0,300.0,27.96,127.96,27.96,1279.6,279.6,12796.0,2796.0,10.87,110.87,10.87,1108.7,108.7,11087.0,1087.0,11.0,111.0,11.0,1110.0,110.0,11100.0,1100.0,,,,,,,,,,,,,10,buy,0.6,"XLM has +22.28% 1M, +4.84% 1W, and +1.44% 1D, with market cap $7.64B and positive news sentiment 0.159, steady uptrend.",+22.28% 1M; +4.84% 1W; market cap $7.64B; news sentiment 0.159,,,,,
TRX,TRON,Crypto,payments,Crypto,0.334546,-0.25%,-2.18%,-0.42%,+17.65%,+18%,31.773,,,418.06,368616679,2926437685,11971235041,,,,,-0.25,99.75,-0.25,997.5,-2.5,9975.0,-25.0,-2.18,97.82,-2.18,978.2,-21.8,9782.0,-218.0,-0.42,99.58,-0.42,995.8,-4.2,9958.0,-42.0,17.65,117.65,17.65,1176.5,176.5,11765.0,1765.0,18.0,118.0,18.0,1180.0,180.0,11800.0,1800.0,,,,,,,,,,,,,,,,,,,,,,
SUI,Sui,Crypto,emerging,Crypto,1.148334,-1.43%,+12.26%,+63.03%,-18.13%,-18%,4.704,,,1209.38,1554118829,8465676003,22658460163,,,,,-1.43,98.57,-1.43,985.7,-14.3,9857.0,-143.0,12.26,112.26,12.26,1122.6,122.6,11226.0,1226.0,63.03,163.03,63.03,1630.3,630.3,16303.0,6303.0,-18.13,81.87,-18.13,818.7,-181.3,8187.0,-1813.0,-18.0,82.0,-18.0,820.0,-180.0,8200.0,-1800.0,,,,,,,,,,,,,6,buy,0.6,SUI has +56.95% 1M and +11.40% 1W despite a 5.94% 1D pullback; news sentiment 0.176 and web notes make-or-break at $1.27 resistance [blockchain.news].,+56.95% 1M; +11.40% 1W; news sentiment 0.176; key resistance test,,,,,
HBAR,Hedera,Crypto,emerging,Crypto,0.102453,-15.72%,+3.36%,+39.82%,-3.52%,-4%,4.491,,,160.76,108866925,1125343685,2782975812,,,,,-15.72,84.28,-15.72,842.8,-157.2,8428.0,-1572.0,3.36,103.36,3.36,1033.6,33.6,10336.0,336.0,39.82,139.82,39.82,1398.2,398.2,13982.0,3982.0,-3.52,96.48,-3.52,964.8,-35.2,9648.0,-352.0,-4.0,96.0,-4.0,960.0,-40.0,9600.0,-400.0,,,,,,,,,,,,,2,strong_buy,0.75,"HBAR shows exceptional short-term momentum with +27.17% 1D, +30.40% 1W, and +57.91% 1M, market cap $5.21B, though no headline catalyst captured.",+27.17% 1D; +30.40% 1W; +57.91% 1M; market cap $5.21B,,,,,
ALGO,Algorand,Crypto,emerging,Crypto,0.12527,-7.10%,+11.74%,+48.72%,+13.69%,+14%,1.135,,,84.04,243431381,588289262,1576179229,,,,,-7.1,92.9,-7.1,929.0,-71.0,9290.0,-710.0,11.74,111.74,11.74,1117.4,117.4,11174.0,1174.0,48.72,148.72,48.72,1487.2,487.2,14872.0,4872.0,13.69,113.69,13.69,1136.9,136.9,11369.0,1369.0,14.0,114.0,14.0,1140.0,140.0,11400.0,1400.0,,,,,,,,,,,,,3,strong_buy,0.7,"ALGO ripped 33% off lows, smart money 67% long on Binance Futures, +52.60% 1M and +16.74% 1W, pressing $0.13 resistance with strong trend [blockchain.news].",smart money 67% long; +52.60% 1M; +16.74% 1W; technical breakout,,,,,
MINA,Mina,Crypto,emerging,Crypto,0.141115,-5.29%,-9.33%,+123.37%,+86.79%,+87%,0.182,,,23.85,17028554,166963731,535602916,,,,,-5.29,94.71,-5.29,947.1,-52.9,9471.0,-529.0,-9.33,90.67,-9.33,906.7,-93.3,9067.0,-933.0,123.37,223.37,123.37,2233.7,1233.7,22337.0,12337.0,86.79,186.79,86.79,1867.9,867.9,18679.0,8679.0,87.0,187.0,87.0,1870.0,870.0,18700.0,8700.0,,,,,,,,,,,,,5,buy,0.6,"MINA has +125.20% 1M and +91.15% YTD, with +18.19% 1W, small cap $186M offering high beta momentum play.",+125.20% 1M; +91.15% YTD; small cap $186M; high momentum,,,,,
POL,Polygon (MATIC),Crypto,infra,Crypto,0.117234,+0.12%,+7.19%,+20.97%,+16.72%,+17%,1.245,,,112.72,152689311,789023240,2645508203,,,,,0.12,100.12,0.12,1001.2,1.2,10012.0,12.0,7.19,107.19,7.19,1071.9,71.9,10719.0,719.0,20.97,120.97,20.97,1209.7,209.7,12097.0,2097.0,16.72,116.72,16.72,1167.2,167.2,11672.0,1672.0,17.0,117.0,17.0,1170.0,170.0,11700.0,1700.0,,,,,,,,,,,,,,,,,,,,,,
DOT,Polkadot,Crypto,infra,Crypto,1.190019,+0.93%,-2.16%,+46.18%,-33.51%,-34%,2.029,,,213.36,237522533,1493553714,5884589501,,,,,0.93,100.93,0.93,1009.3,9.3,10093.0,93.0,-2.16,97.84,-2.16,978.4,-21.6,9784.0,-216.0,46.18,146.18,46.18,1461.8,461.8,14618.0,4618.0,-33.51,66.49,-33.51,664.9,-335.1,6649.0,-3351.0,-34.0,66.0,-34.0,660.0,-340.0,6600.0,-3400.0,,,,,,,,,,,,,,,,,,,,,,
LINK,Chainlink,Crypto,infra,Crypto,14.605943,-5.33%,+12.14%,+31.87%,+19.78%,+20%,10.927,,,742.06,1383386542,5194397451,26052676823,,,,,-5.33,94.67,-5.33,946.7,-53.3,9467.0,-533.0,12.14,112.14,12.14,1121.4,121.4,11214.0,1214.0,31.87,131.87,31.87,1318.7,318.7,13187.0,3187.0,19.78,119.78,19.78,1197.8,197.8,11978.0,1978.0,20.0,120.0,20.0,1200.0,200.0,12000.0,2000.0,,,,,,,,,,,,,9,buy,0.7,"LINK offers solid momentum with +25.46% 1M, +10.00% 1W, and positive news sentiment 0.289; market cap $10.71B provides relative stability.",+25.46% 1M; +10.00% 1W; news sentiment 0.289; market cap $10.71B,,,,,
DOGE,Dogecoin,Crypto,meme,Crypto,0.093851,+0.02%,-6.40%,+14.97%,-19.98%,-20%,16.127,,,1539.94,808703233,10779584306,27960939211,,,,,0.02,100.02,0.02,1000.2,0.2,10002.0,2.0,-6.4,93.6,-6.4,936.0,-64.0,9360.0,-640.0,14.97,114.97,14.97,1149.7,149.7,11497.0,1497.0,-19.98,80.02,-19.98,800.2,-199.8,8002.0,-1998.0,-20.0,80.0,-20.0,800.0,-200.0,8000.0,-2000.0,,,,,,,,,,,,,,,,,,,,,,
PEPE,Pepe,Crypto,meme,Crypto,4e-06,+1.03%,-14.76%,+24.84%,+5.27%,+5%,1.757,,,439.38,339618621,3075639095,9567909241,,,,,1.03,101.03,1.03,1010.3,10.3,10103.0,103.0,-14.76,85.24,-14.76,852.4,-147.6,8524.0,-1476.0,24.84,124.84,24.84,1248.4,248.4,12484.0,2484.0,5.27,105.27,5.27,1052.7,52.7,10527.0,527.0,5.0,105.0,5.0,1050.0,50.0,10500.0,500.0,,,,,,,,,,,,,,,,,,,,,,
TAO,Bittensor,Crypto,ai,Crypto,300.111778,-2.21%,-4.71%,+32.68%,+37.24%,+37%,3.471,,,368.23,358131700,2577579997,7460263396,,,,,-2.21,97.79,-2.21,977.9,-22.1,9779.0,-221.0,-4.71,95.29,-4.71,952.9,-47.1,9529.0,-471.0,32.68,132.68,32.68,1326.8,326.8,13268.0,3268.0,37.24,137.24,37.24,1372.4,372.4,13724.0,3724.0,37.0,137.0,37.0,1370.0,370.0,13700.0,3700.0,,,,,,,,,,,,,,,,,,,,,,
FET,ASI Alliance,Crypto,ai,Crypto,0.222487,-0.59%,+6.13%,+51.20%,+11.97%,+12%,0.514,,,155.62,166360065,1089360109,3070492569,,,,,-0.59,99.41,-0.59,994.1,-5.9,9941.0,-59.0,6.13,106.13,6.13,1061.3,61.3,10613.0,613.0,51.2,151.2,51.2,1512.0,512.0,15120.0,5120.0,11.97,111.97,11.97,1119.7,119.7,11197.0,1197.0,12.0,112.0,12.0,1120.0,120.0,11200.0,1200.0,,,,,,,,,,,,,7,buy,0.55,"FET shows +53.20% 1M and +10.55% 1W, AI narrative tailwind, market cap $526M, though 1D -5.50% reflects profit-taking.",+53.20% 1M; +10.55% 1W; AI narrative; market cap $526M,,,,,
RNDR,Render,Crypto,ai,Crypto,1.906707,-1.83%,+3.33%,+36.93%,+48.48%,+48%,0.989,,,90.97,106336644,636770409,1782413685,,,,,-1.83,98.17,-1.83,981.7,-18.3,9817.0,-183.0,3.33,103.33,3.33,1033.3,33.3,10333.0,333.0,36.93,136.93,36.93,1369.3,369.3,13693.0,3693.0,48.48,148.48,48.48,1484.8,484.8,14848.0,4848.0,48.0,148.0,48.0,1480.0,480.0,14800.0,4800.0,,,,,,,,,,,,,,,,,,,,,,
OCEAN,Ocean Protocol,Crypto,ai,Crypto,0.159193,-0.48%,-5.35%,+13.01%,+5.72%,+6%,,,,0.13,292632,897970,3472693,,,,,-0.48,99.52,-0.48,995.2,-4.8,9952.0,-48.0,-5.35,94.65,-5.35,946.5,-53.5,9465.0,-535.0,13.01,113.01,13.01,1130.1,130.1,11301.0,1301.0,5.72,105.72,5.72,1057.2,57.2,10572.0,572.0,6.0,106.0,6.0,1060.0,60.0,10600.0,600.0,,,,,,,,,,,,,,,,,,,,,,
GRT,The Graph,Crypto,ai,Crypto,0.029083,-4.56%,+14.32%,+82.08%,-12.52%,-13%,0.318,,,41.7,76937556,291921757,707469091,,,,,-4.56,95.44,-4.56,954.4,-45.6,9544.0,-456.0,14.32,114.32,14.32,1143.2,143.2,11432.0,1432.0,82.08,182.08,82.08,1820.8,820.8,18208.0,8208.0,-12.52,87.48,-12.52,874.8,-125.2,8748.0,-1252.0,-13.0,87.0,-13.0,870.0,-130.0,8700.0,-1300.0,,,,,,,,,,,,,4,buy,0.65,"GRT surged 17.28% today with +87.73% 1M and +33.31% 1W, though RSI 85 signals overbought; strong buying pressure but caution on exhaustion [tradersunion.com].",+87.73% 1M; +33.31% 1W; strong buying pressure; overbought RSI 85,,,,,
AGIX,SingularityNET,Crypto,ai,Crypto,0.087918,-2.37%,+4.77%,+33.38%,+2.53%,+3%,,,,0.0,1969,13780,6004603,,,,,-2.37,97.63,-2.37,976.3,-23.7,9763.0,-237.0,4.77,104.77,4.77,1047.7,47.7,10477.0,477.0,33.38,133.38,33.38,1333.8,333.8,13338.0,3338.0,2.53,102.53,2.53,1025.3,25.3,10253.0,253.0,3.0,103.0,3.0,1030.0,30.0,10300.0,300.0,,,,,,,,,,,,,,,,,,,,,,
NMR,Numeraire,Crypto,ai,Crypto,12.274894,-16.67%,+25.49%,+40.52%,+28.47%,+28%,0.093,,,24.34,122641407,170371773,294433364,,,,,-16.67,83.33,-16.67,833.3,-166.7,8333.0,-1667.0,25.49,125.49,25.49,1254.9,254.9,12549.0,2549.0,40.52,140.52,40.52,1405.2,405.2,14052.0,4052.0,28.47,128.47,28.47,1284.7,284.7,12847.0,2847.0,28.0,128.0,28.0,1280.0,280.0,12800.0,2800.0,,,,,,,,,,,,,,,,,,,,,,
ALT,AltLayer,Crypto,ai,Crypto,0.007596,+1.05%,-1.80%,+26.28%,-33.66%,-34%,0.056,,,5.48,5127035,38346544,166560641,,,,,1.05,101.05,1.05,1010.5,10.5,10105.0,105.0,-1.8,98.2,-1.8,982.0,-18.0,9820.0,-180.0,26.28,126.28,26.28,1262.8,262.8,12628.0,2628.0,-33.66,66.34,-33.66,663.4,-336.6,6634.0,-3366.0,-34.0,66.0,-34.0,660.0,-340.0,6600.0,-3400.0,,,,,,,,,,,,,,,,,,,,,,
AIOZ,AIOZ Network,Crypto,ai,Crypto,0.111587,-6.24%,-11.54%,+94.81%,+28.79%,+29%,0.143,,,11.24,8549184,78707454,252486661,,,,,-6.24,93.76,-6.24,937.6,-62.4,9376.0,-624.0,-11.54,88.46,-11.54,884.6,-115.4,8846.0,-1154.0,94.81,194.81,94.81,1948.1,948.1,19481.0,9481.0,28.79,128.79,28.79,1287.9,287.9,12879.0,2879.0,29.0,129.0,29.0,1290.0,290.0,12900.0,2900.0,,,,,,,,,,,,,8,buy,0.5,"AIOZ has +101.61% 1M and +35.08% YTD, small cap $150M with high volatility; 1D -3.35% but strong monthly trend.",+101.61% 1M; +35.08% YTD; small cap $150M; high volatility,,,,,
ARKM,Arkham,Crypto,ai,Crypto,0.129528,-2.37%,-1.95%,+23.25%,-26.59%,-27%,0.029,,,11.32,11176311,79273528,257778105,,,,,-2.37,97.63,-2.37,976.3,-23.7,9763.0,-237.0,-1.95,98.05,-1.95,980.5,-19.5,9805.0,-195.0,23.25,123.25,23.25,1232.5,232.5,12325.0,2325.0,-26.59,73.41,-26.59,734.1,-265.9,7341.0,-2659.0,-27.0,73.0,-27.0,730.0,-270.0,7300.0,-2700.0,,,,,,,,,,,,,,,,,,,,,,
WLD,Worldcoin,Crypto,ai,Crypto,0.479557,-1.86%,+1.95%,+33.72%,-0.31%,-0%,1.844,,,489.08,567694053,3423590012,7941631719,,,,,-1.86,98.14,-1.86,981.4,-18.6,9814.0,-186.0,1.95,101.95,1.95,1019.5,19.5,10195.0,195.0,33.72,133.72,33.72,1337.2,337.2,13372.0,3372.0,-0.31,99.69,-0.31,996.9,-3.1,9969.0,-31.0,-0.0,100.0,0.0,1000.0,0.0,10000.0,0.0,,,,,,,,,,,,,,,,,,,,,,
NEAR,NEAR Protocol,Crypto,ai,Crypto,4.897289,+1.77%,+11.16%,+171.52%,+223.81%,+224%,6.404,,,1588.8,1385099234,11121610322,25866751062,,,,,1.77,101.77,1.77,1017.7,17.7,10177.0,177.0,11.16,111.16,11.16,1111.6,111.6,11116.0,1116.0,171.52,271.52,171.52,2715.2,1715.2,27152.0,17152.0,223.81,323.81,223.81,3238.1,2238.1,32381.0,22381.0,224.0,324.0,224.0,3240.0,2240.0,32400.0,22400.0,,,,,,,,,,,,,1,strong_buy,0.85,"NEAR has surged 7% on Bitwise spot ETF clearance (ticker NRR) with staking yield, +234.82% YTD and +178.48% 1M, plus a short squeeze adding fuel [coinmarketcap.com].",ETF catalyst with staking; +234.82% YTD; short squeeze; positive news sentiment 0.045,,,,,
ICP,Internet Computer,Crypto,ai,Crypto,3.437332,+10.35%,+14.12%,+47.27%,+21.25%,+21%,1.914,,,88.5,94300968,619485252,1927125965,,,,,10.35,110.35,10.35,1103.5,103.5,11035.0,1035.0,14.12,114.12,14.12,1141.2,141.2,11412.0,1412.0,47.27,147.27,47.27,1472.7,472.7,14727.0,4727.0,21.25,121.25,21.25,1212.5,212.5,12125.0,2125.0,21.0,121.0,21.0,1210.0,210.0,12100.0,2100.0,,,,,,,,,,,,,,,,,,,,,,
KAITO,Kaito,Crypto,ai,Crypto,0.335364,+0.57%,-8.52%,+13.84%,-33.75%,-34%,0.081,,,24.21,24025719,169440063,523229722,,,,,0.57,100.57,0.57,1005.7,5.7,10057.0,57.0,-8.52,91.48,-8.52,914.8,-85.2,9148.0,-852.0,13.84,113.84,13.84,1138.4,138.4,11384.0,1384.0,-33.75,66.25,-33.75,662.5,-337.5,6625.0,-3375.0,-34.0,66.0,-34.0,660.0,-340.0,6600.0,-3400.0,,,,,,,,,,,,,,,,,,,,,,
VIRTUAL,Virtuals Protocol,Crypto,ai,Crypto,0.767202,-7.21%,+2.19%,+15.80%,+18.69%,+19%,0.506,,,107.38,167627560,751692843,2044315865,,,,,-7.21,92.79,-7.21,927.9,-72.1,9279.0,-721.0,2.19,102.19,2.19,1021.9,21.9,10219.0,219.0,15.8,115.8,15.8,1158.0,158.0,11580.0,1580.0,18.69,118.69,18.69,1186.9,186.9,11869.0,1869.0,19.0,119.0,19.0,1190.0,190.0,11900.0,1900.0,,,,,,,,,,,,,,,,,,,,,,
LMT,Lockheed Martin,Defence,us-primes,NYSE,512.21,-1.19%,-1.94%,-8.17%,+4.91%,+4%,118.213,0.104,18.9,1.14,1234904,5405204,25110504,266.0,1.25,buy,2.43,-1.19,98.81,-1.19,988.1,-11.9,9881.0,-119.0,-1.94,98.06,-1.94,980.6,-19.4,9806.0,-194.0,-8.17,91.83,-8.17,918.3,-81.7,9183.0,-817.0,4.91,104.91,4.91,1049.1,49.1,10491.0,491.0,4.0,104.0,4.0,1040.0,40.0,10400.0,400.0,,,,,,,,,,,,,,,,,,,,,,
RTX,RTX Corporation,Defence,us-primes,NYSE,186.94,-1.19%,-2.12%,-10.01%,+0.92%,+12%,251.95,0.287,32.85,4.48,3605346,18129346,82439346,156.0,1.01,buy,1.87,-1.19,98.81,-1.19,988.1,-11.9,9881.0,-119.0,-2.12,97.88,-2.12,978.8,-21.2,9788.0,-212.0,-10.01,89.99,-10.01,899.9,-100.1,8999.0,-1001.0,0.92,100.92,0.92,1009.2,9.2,10092.0,92.0,12.0,112.0,12.0,1120.0,120.0,11200.0,1200.0,,,,,,,,,,,,,,,,,,,,,,
NOC,Northrop Grumman,Defence,us-primes,NYSE,504.61,-0.24%,-1.03%,-6.50%,-12.79%,-17%,71.686,-0.11,16.04,0.82,650852,3132552,17002852,195.0,1.58,buy,2.0,-0.24,99.76,-0.24,997.6,-2.4,9976.0,-24.0,-1.03,98.97,-1.03,989.7,-10.3,9897.0,-103.0,-6.5,93.5,-6.5,935.0,-65.0,9350.0,-650.0,-12.79,87.21,-12.79,872.1,-127.9,8721.0,-1279.0,-17.0,83.0,-17.0,830.0,-170.0,8300.0,-1700.0,,,,,,,,,,,,,,,,,,,,,,
GD,General Dynamics,Defence,us-primes,NYSE,332.34,-0.70%,-3.22%,-10.50%,-1.94%,-2%,89.917,0.321,20.25,1.1,1663750,7671850,27753950,190.0,1.11,buy,2.08,-0.7,99.3,-0.7,993.0,-7.0,9930.0,-70.0,-3.22,96.78,-3.22,967.8,-32.2,9678.0,-322.0,-10.5,89.5,-10.5,895.0,-105.0,8950.0,-1050.0,-1.94,98.06,-1.94,980.6,-19.4,9806.0,-194.0,-2.0,98.0,-2.0,980.0,-20.0,9800.0,-200.0,,,,,,,,,,,,,,,,,,,,,,
HII,Huntington Ingalls Industries,Defence,us-primes,NYSE,259.64,+0.64%,-4.17%,-10.84%,-24.86%,-11%,10.232,0.225,15.46,0.47,513177,2288277,9669777,215.0,3.45,buy,2.08,0.64,100.64,0.64,1006.4,6.4,10064.0,64.0,-4.17,95.83,-4.17,958.3,-41.7,9583.0,-417.0,-10.84,89.16,-10.84,891.6,-108.4,8916.0,-1084.0,-24.86,75.14,-24.86,751.4,-248.6,7514.0,-2486.0,-11.0,89.0,-11.0,890.0,-110.0,8900.0,-1100.0,,,,,,,,,,,,,,,,,,,,,,
LHX,L3Harris Technologies,Defence,us-primes,NYSE,236.47,-0.52%,-1.43%,-10.76%,-21.38%,-22%,44.034,0.506,23.91,1.58,1795319,8220019,35515419,210.0,2.75,buy,1.85,-0.52,99.48,-0.52,994.8,-5.2,9948.0,-52.0,-1.43,98.57,-1.43,985.7,-14.3,9857.0,-143.0,-10.76,89.24,-10.76,892.4,-107.6,8924.0,-1076.0,-21.38,78.62,-21.38,786.2,-213.8,7862.0,-2138.0,-22.0,78.0,-22.0,780.0,-220.0,7800.0,-2200.0,,,,,,,,,,,,,,,,,,,,,,
BA,Boeing,Defence,us-primes,NYSE,187.68,+1.21%,-5.08%,-9.67%,-17.60%,-15%,148.337,1.213,67.51,6.07,10215712,53297612,153955112,,0.01,strong_buy,1.5,1.21,101.21,1.21,1012.1,12.1,10121.0,121.0,-5.08,94.92,-5.08,949.2,-50.8,9492.0,-508.0,-9.67,90.33,-9.67,903.3,-96.7,9033.0,-967.0,-17.6,82.4,-17.6,824.0,-176.0,8240.0,-1760.0,-15.0,85.0,-15.0,850.0,-150.0,8500.0,-1500.0,,,,,,,,,,,,,,,,,,,,,,
BA.L,BAE Systems,Defence,uk-european,LSE,25.76,-0.92%,-5.00%,-3.45%,+11.04%,-5%,0.754,-0.057,27.82,5.97,2323362,27510716,117543768,192.0,,buy,2.25,-0.92,99.08,-0.92,990.8,-9.2,9908.0,-92.0,-5.0,95.0,-5.0,950.0,-50.0,9500.0,-500.0,-3.45,96.55,-3.45,965.5,-34.5,9655.0,-345.0,11.04,111.04,11.04,1110.4,110.4,11104.0,1104.0,-5.0,95.0,-5.0,950.0,-50.0,9500.0,-500.0,,,,,,,,,,,,,9,buy,0.65,"YTD +13.30%, analyst buy, P/E 28.39, but 1M -2.79% and news sentiment 0.031.",YTD +13.30%; Analyst buy; P/E 28.39; 1M -2.79%,,,,,
RR.L,Rolls-Royce Holdings,Defence,uk-european,LSE,19.59,+0.46%,-1.57%,+1.51%,+23.75%,+24%,1.612,1.188,41.14,18.88,20460821,82518109,327442509,81.0,,buy,1.6,0.46,100.46,0.46,1004.6,4.6,10046.0,46.0,-1.57,98.43,-1.57,984.3,-15.7,9843.0,-157.0,1.51,101.51,1.51,1015.1,15.1,10151.0,151.0,23.75,123.75,23.75,1237.5,237.5,12375.0,2375.0,24.0,124.0,24.0,1240.0,240.0,12400.0,2400.0,,,,,,,,,,,,,4,buy,0.75,"YTD +24.81%, analyst buy with score 1.6, news sentiment 0.271, and Healey's industrialisation plan support the pick.",YTD +24.81%; Analyst score 1.6; News sentiment 0.271; Healey industrial plan,,,,,
QQ.L,QinetiQ Group,Defence,uk-european,LSE,6.39,+0.04%,-4.09%,-1.99%,+8.80%,-12%,0.033,0.342,24.17,1.79,972585,5340561,25589784,228.0,,none,,0.04,100.04,0.04,1000.4,0.4,10004.0,4.0,-4.09,95.91,-4.09,959.1,-40.9,9591.0,-409.0,-1.99,98.01,-1.99,980.1,-19.9,9801.0,-199.0,8.8,108.8,8.8,1088.0,88.0,10880.0,880.0,-12.0,88.0,-12.0,880.0,-120.0,8800.0,-1200.0,,,,,,,,,,,,,,,,,,,,,,
PLTR,Palantir Technologies,Defence,cyber-intel,NASDAQ,186.97,-0.51%,+1.07%,+0.32%,+11.38%,+3%,449.3,1.621,158.45,36.51,14094847,108161447,534743947,,2.8,buy,1.84,-0.51,99.49,-0.51,994.9,-5.1,9949.0,-51.0,1.07,101.07,1.07,1010.7,10.7,10107.0,107.0,0.32,100.32,0.32,1003.2,3.2,10032.0,32.0,11.38,111.38,11.38,1113.8,113.8,11138.0,1138.0,3.0,103.0,3.0,1030.0,30.0,10300.0,300.0,,,,,,,,,,,,,5,buy,0.7,"YTD +11.74%, 1W +2.45%, analyst buy, and expanding Maven contract, though P/E is elevated at 160.32.",YTD +11.74%; 1W +2.45%; Maven contract expansion; Analyst buy,,,,,
LDOS,Leidos Holdings,Defence,cyber-intel,NYSE,123.1,+0.61%,-0.17%,-11.92%,-32.28%,-35%,15.449,0.572,11.49,1.42,1093902,5699602,27301402,141.0,4.78,buy,2.35,0.61,100.61,0.61,1006.1,6.1,10061.0,61.0,-0.17,99.83,-0.17,998.3,-1.7,9983.0,-17.0,-11.92,88.08,-11.92,880.8,-119.2,8808.0,-1192.0,-32.28,67.72,-32.28,677.2,-322.8,6772.0,-3228.0,-35.0,65.0,-35.0,650.0,-350.0,6500.0,-3500.0,,,,,,,,,,,,,,,,,,,,,,
CACI,CACI International,Defence,cyber-intel,NYSE,608.14,-1.34%,-0.83%,-2.39%,+13.16%,+24%,13.439,0.571,25.17,0.28,263475,1121575,5519175,,5.61,buy,1.56,-1.34,98.66,-1.34,986.6,-13.4,9866.0,-134.0,-0.83,99.17,-0.83,991.7,-8.3,9917.0,-83.0,-2.39,97.61,-2.39,976.1,-23.9,9761.0,-239.0,13.16,113.16,13.16,1131.6,131.6,11316.0,1316.0,24.0,124.0,24.0,1240.0,240.0,12400.0,2400.0,,,,,,,,,,,,,3,buy,0.8,"YTD +14.55%, analyst score 1.56 (near strong-buy), news sentiment 0.266, and P/E 25.46 indicate solid fundamentals.",YTD +14.55%; Analyst score 1.56; News sentiment 0.266; P/E 25.46,,,,,
SAIC,Science Applications International,Defence,cyber-intel,NYSE,128.21,-2.08%,-1.14%,-0.01%,+27.99%,+32%,5.372,0.297,14.94,0.46,413475,1848375,10736775,113.0,6.09,hold,2.82,-2.08,97.92,-2.08,979.2,-20.8,9792.0,-208.0,-1.14,98.86,-1.14,988.6,-11.4,9886.0,-114.0,-0.01,99.99,-0.01,999.9,-0.1,9999.0,-1.0,27.99,127.99,27.99,1279.9,279.9,12799.0,2799.0,32.0,132.0,32.0,1320.0,320.0,13200.0,3200.0,,,,,,,,,,,,,1,buy,0.8,"YTD +31.48%, P/E 15.35, 1M +4.56%, and a Wall Street Zen upgrade to strong-buy reinforce the attractive valuation and momentum.",+31.48% YTD; P/E 15.35; 1M +4.56%; Upgraded to strong-buy,,,,,
BAH,Booz Allen Hamilton,Defence,cyber-intel,NYSE,69.71,-0.77%,-8.61%,-7.85%,-16.00%,-30%,8.385,0.365,10.94,1.95,1531145,7908445,34325145,336.0,6.83,hold,2.87,-0.77,99.23,-0.77,992.3,-7.7,9923.0,-77.0,-8.61,91.39,-8.61,913.9,-86.1,9139.0,-861.0,-7.85,92.15,-7.85,921.5,-78.5,9215.0,-785.0,-16.0,84.0,-16.0,840.0,-160.0,8400.0,-1600.0,-30.0,70.0,-30.0,700.0,-300.0,7000.0,-3000.0,,,,,,,,,,,,,,,,,,,,,,
AVAV,AeroVironment,Defence,drones,NASDAQ,143.24,-3.28%,-8.27%,-3.44%,-44.09%,-53%,7.279,1.406,,1.84,1545163,6002463,47413963,,11.76,buy,1.6,-3.28,96.72,-3.28,967.2,-32.8,9672.0,-328.0,-8.27,91.73,-8.27,917.3,-82.7,9173.0,-827.0,-3.44,96.56,-3.44,965.6,-34.4,9656.0,-344.0,-44.09,55.91,-44.09,559.1,-440.9,5591.0,-4409.0,-53.0,47.0,-53.0,470.0,-530.0,4700.0,-5300.0,,,,,,,,,,,,,8,buy,0.55,"1M +2.02% and $464.8M laser contract, yet YTD -41.09% and no P/E due to losses.",1M +2.02%; $464.8M laser contract; YTD -41.09%,,,,,
KTOS,Kratos Defense,Defence,drones,NASDAQ,43.05,-3.22%,-8.35%,-15.56%,-45.71%,-52%,8.081,1.113,253.24,3.87,5042928,20495728,82315428,,6.16,none,,-3.22,96.78,-3.22,967.8,-32.2,9678.0,-322.0,-8.35,91.65,-8.35,916.5,-83.5,9165.0,-835.0,-15.56,84.44,-15.56,844.4,-155.6,8444.0,-1556.0,-45.71,54.29,-45.71,542.9,-457.1,5429.0,-4571.0,-52.0,48.0,-52.0,480.0,-520.0,4800.0,-5200.0,,,,,,,,,,,,,,,,,,,,,,
RCAT,Red Cat Holdings,Defence,drones,NASDAQ,6.45,-1.07%,-7.06%,-24.91%,-29.59%,-37%,0.985,1.355,,8.88,5325805,37869005,178805205,,26.67,strong_buy,1.38,-1.07,98.93,-1.07,989.3,-10.7,9893.0,-107.0,-7.06,92.94,-7.06,929.4,-70.6,9294.0,-706.0,-24.91,75.09,-24.91,750.9,-249.1,7509.0,-2491.0,-29.59,70.41,-29.59,704.1,-295.9,7041.0,-2959.0,-37.0,63.0,-37.0,630.0,-370.0,6300.0,-3700.0,,,,,,,,,,,,,,,,,,,,,,
TXT,Textron,Defence,drones,NYSE,77.63,+0.34%,-0.32%,-3.61%,-10.76%,-8%,13.351,0.898,14.62,1.67,1935933,9592033,40080433,10.0,4.95,buy,2.19,0.34,100.34,0.34,1003.4,3.4,10034.0,34.0,-0.32,99.68,-0.32,996.8,-3.2,9968.0,-32.0,-3.61,96.39,-3.61,963.9,-36.1,9639.0,-361.0,-10.76,89.24,-10.76,892.4,-107.6,8924.0,-1076.0,-8.0,92.0,-8.0,920.0,-80.0,9200.0,-800.0,,,,,,,,,,,,,,,,,,,,,,
SPCX,SpaceX,Defence,space,NASDAQ,149.24,+2.16%,-3.54%,+3.86%,-7.28%,-10%,1967.25,,,92.75,79711331,351186231,1903321531,,2.58,buy,1.68,2.16,102.16,2.16,1021.6,21.6,10216.0,216.0,-3.54,96.46,-3.54,964.6,-35.4,9646.0,-354.0,3.86,103.86,3.86,1038.6,38.6,10386.0,386.0,-7.28,92.72,-7.28,927.2,-72.8,9272.0,-728.0,-10.0,90.0,-10.0,900.0,-100.0,9000.0,-1000.0,,,,,,,,,,,,,7,buy,0.7,"1M +4.25%, Starship first orbital launch achieved, analyst buy, but YTD -8.35% with upcoming lockup expiries.",1M +4.25%; Starship orbital launch; Analyst buy; YTD -8.35%,,,,,
RKLB,Rocket Lab USA,Defence,space,NASDAQ,69.7,-3.39%,-3.17%,+9.04%,-8.28%,+51%,44.567,2.612,,19.27,18542118,96978518,417393918,,7.31,none,,-3.39,96.61,-3.39,966.1,-33.9,9661.0,-339.0,-3.17,96.83,-3.17,968.3,-31.7,9683.0,-317.0,9.04,109.04,9.04,1090.4,90.4,10904.0,904.0,-8.28,91.72,-8.28,917.2,-82.8,9172.0,-828.0,51.0,151.0,51.0,1510.0,510.0,15100.0,5100.0,,,,,,,,,,,,,2,buy,0.75,"1M +13.14%, 1W +4.24%, Cantor reiterates Overweight with $122 target, and pending Iridium acquisition, despite YTD -4.13%.",1M +13.14%; 1W +4.24%; Cantor Overweight; Iridium acquisition,,,,,
PL,Planet Labs,Defence,space,NYSE,16.38,-2.38%,-3.13%,-17.48%,-19.75%,+29%,5.96,2.108,,8.82,10373183,56040483,268981283,,9.68,buy,1.82,-2.38,97.62,-2.38,976.2,-23.8,9762.0,-238.0,-3.13,96.87,-3.13,968.7,-31.3,9687.0,-313.0,-17.48,82.52,-17.48,825.2,-174.8,8252.0,-1748.0,-19.75,80.25,-19.75,802.5,-197.5,8025.0,-1975.0,29.0,129.0,29.0,1290.0,290.0,12900.0,2900.0,,,,,,,,,,,,,,,,,,,,,,
ASTS,AST SpaceMobile,Defence,space,NASDAQ,59.4,-2.78%,-6.74%,+0.51%,-28.84%,+24%,23.117,2.726,,12.32,15904361,47220261,210769061,,21.84,none,,-2.78,97.22,-2.78,972.2,-27.8,9722.0,-278.0,-6.74,93.26,-6.74,932.6,-67.4,9326.0,-674.0,0.51,100.51,0.51,1005.1,5.1,10051.0,51.0,-28.84,71.16,-28.84,711.6,-288.4,7116.0,-2884.0,24.0,124.0,24.0,1240.0,240.0,12400.0,2400.0,,,,,,,,,,,,,6,buy,0.6,"1M +5.70% and German filing for 344-satellite BlueBird plan, but YTD -26.49% and very high short interest 21.84%.",1M +5.70%; German 344-satellite filing; Short interest 21.84%; YTD -26.49%,,,,,
TDG,TransDigm Group,Defence,weapons,NYSE,1099.79,-0.85%,-1.14%,-6.14%,-19.05%,-16%,60.793,0.893,33.39,0.39,412840,1557340,8295540,,2.58,buy,2.09,-0.85,99.15,-0.85,991.5,-8.5,9915.0,-85.0,-1.14,98.86,-1.14,988.6,-11.4,9886.0,-114.0,-6.14,93.86,-6.14,938.6,-61.4,9386.0,-614.0,-19.05,80.95,-19.05,809.5,-190.5,8095.0,-1905.0,-16.0,84.0,-16.0,840.0,-160.0,8400.0,-1600.0,,,,,,,,,,,,,,,,,,,,,,
HEI,HEICO Corporation,Defence,weapons,NYSE,307.11,+0.82%,-0.21%,-7.26%,-6.67%,-6%,42.921,1.038,51.27,0.47,456736,2648736,10380136,8.0,1.34,buy,1.96,0.82,100.82,0.82,1008.2,8.2,10082.0,82.0,-0.21,99.79,-0.21,997.9,-2.1,9979.0,-21.0,-7.26,92.74,-7.26,927.4,-72.6,9274.0,-726.0,-6.67,93.33,-6.67,933.3,-66.7,9333.0,-667.0,-6.0,94.0,-6.0,940.0,-60.0,9400.0,-600.0,,,,,,,,,,,,,,,,,,,,,,
AXON,Axon Enterprise,Defence,weapons,NASDAQ,419.58,-1.39%,-8.65%,-25.94%,-25.53%,-41%,34.085,1.399,173.38,0.97,957514,4970514,22917014,,5.32,buy,1.67,-1.39,98.61,-1.39,986.1,-13.9,9861.0,-139.0,-8.65,91.35,-8.65,913.5,-86.5,9135.0,-865.0,-25.94,74.06,-25.94,740.6,-259.4,7406.0,-2594.0,-25.53,74.47,-25.53,744.7,-255.3,7447.0,-2553.0,-41.0,59.0,-41.0,590.0,-410.0,5900.0,-4100.0,,,,,,,,,,,,,,,,,,,,,,
OLN,Olin Corporation,Defence,weapons,NYSE,15.43,-4.40%,-8.26%,-11.32%,-26.48%,-36%,1.759,1.193,,2.97,3695756,11806756,54769356,498.0,13.14,hold,2.87,-4.4,95.6,-4.4,956.0,-44.0,9560.0,-440.0,-8.26,91.74,-8.26,917.4,-82.6,9174.0,-826.0,-11.32,88.68,-11.32,886.8,-113.2,8868.0,-1132.0,-26.48,73.52,-26.48,735.2,-264.8,7352.0,-2648.0,-36.0,64.0,-36.0,640.0,-360.0,6400.0,-3600.0,,,,,,,,,,,,,,,,,,,,,,
MRCY,Mercury Systems,Defence,weapons,NASDAQ,82.64,+3.15%,-1.48%,-5.37%,+8.69%,+4%,5.029,0.98,,0.7,844057,2800557,14464557,,9.57,buy,1.91,3.15,103.15,3.15,1031.5,31.5,10315.0,315.0,-1.48,98.52,-1.48,985.2,-14.8,9852.0,-148.0,-5.37,94.63,-5.37,946.3,-53.7,9463.0,-537.0,8.69,108.69,8.69,1086.9,86.9,10869.0,869.0,4.0,104.0,4.0,1040.0,40.0,10400.0,400.0,,,,,,,,,,,,,,,,,,,,,,
DRS,Leonardo DRS,Defence,weapons,NYSE,36.73,-0.73%,-1.13%,-3.34%,+6.24%,-19%,9.803,0.138,30.87,0.97,1060549,3916649,20132949,98.0,1.28,strong_buy,1.45,-0.73,99.27,-0.73,992.7,-7.3,9927.0,-73.0,-1.13,98.87,-1.13,988.7,-11.3,9887.0,-113.0,-3.34,96.66,-3.34,966.6,-33.4,9666.0,-334.0,6.24,106.24,6.24,1062.4,62.4,10624.0,624.0,-19.0,81.0,-19.0,810.0,-190.0,8100.0,-1900.0,,,,,,,,,,,,,10,strong_buy,0.7,"Strong-buy analyst score 1.45, YTD +6.59%, P/E 30.97, though 1M -4.39%.",Strong-buy score 1.45; YTD +6.59%; P/E 30.97; 1M -4.39%,,,,,
XOM,ExxonMobil,Energy,oil-majors,NYSE,161.35,-0.81%,+1.66%,+0.25%,+34.19%,+44%,663.457,0.175,20.77,14.6,9149985,58010385,300981585,254.0,1.08,buy,2.32,-0.81,99.19,-0.81,991.9,-8.1,9919.0,-81.0,1.66,101.66,1.66,1016.6,16.6,10166.0,166.0,0.25,100.25,0.25,1002.5,2.5,10025.0,25.0,34.19,134.19,34.19,1341.9,341.9,13419.0,3419.0,44.0,144.0,44.0,1440.0,440.0,14400.0,4400.0,,,,,,,,,,,,,4,buy,0.75,"ExxonMobil's production in Guyana and Permian is at record levels, free cash flow expected to double by 2030, and the stock is up 35.5% YTD with a P/E of 20.97; technical setup shows rising moving averages and a 90% relative strength [simplywall.st](https://simplywall.st/stocks/us/energy/nyse-xom/exxonmobil-holdings/news/exxonmobil-holdings-xom-why-is-it-back-in-the-spotlight) [chartmill.com](https://www.chartmill.com/news/XOM/Chartmill-55438-ExxonMobil-NYSEXOM-Nears-Breakout-as-Technical-Strength-and-Setup-Quality-Align).",Guyana + Permian record output; FCF doubling 2025-2030; YTD +35.5%; technical breakout setup,,,,,
CVX,Chevron,Energy,oil-majors,NYSE,204.38,-0.95%,+0.97%,-0.85%,+34.76%,+33%,400.913,0.491,19.67,8.78,5875812,40180512,212268212,345.0,1.06,buy,1.72,-0.95,99.05,-0.95,990.5,-9.5,9905.0,-95.0,0.97,100.97,0.97,1009.7,9.7,10097.0,97.0,-0.85,99.15,-0.85,991.5,-8.5,9915.0,-85.0,34.76,134.76,34.76,1347.6,347.6,13476.0,3476.0,33.0,133.0,33.0,1330.0,330.0,13300.0,3300.0,,,,,,,,,,,,,3,strong_buy,0.78,"Chevron has a strong analyst consensus (score 1.72), YTD +36.9%, P/E 19.97, and a 3.48% dividend yield, with positive momentum supported by record refining margins across the sector [omanobserver.om](https://www.omanobserver.om/article/1196886/business/energy/cash-rich-oil-majors-face-post-iran-strategy-rethink).",analyst score 1.72; YTD +36.9%; div yield 3.48%; record refining margins,,,,,
SHEL,Shell,Energy,oil-majors,NYSE,95.14,-1.38%,+1.29%,+4.03%,+29.57%,+35%,271.328,-0.22,10.52,6.25,7476822,31027206,133108141,324.0,1.24,buy,2.19,-1.38,98.62,-1.38,986.2,-13.8,9862.0,-138.0,1.29,101.29,1.29,1012.9,12.9,10129.0,129.0,4.03,104.03,4.03,1040.3,40.3,10403.0,403.0,29.57,129.57,29.57,1295.7,295.7,12957.0,2957.0,35.0,135.0,35.0,1350.0,350.0,13500.0,3500.0,,,,,,,,,,,,,5,buy,0.72,"Shell trades at a low P/E of 10.77 with a 3.26% yield, YTD +32.8%, and 1-month momentum of +7.2%; the stock benefits from strong LNG demand and integrated margins, though news sentiment is slightly negative.",P/E 10.77; YTD +32.8%; 1M +7.2%; div yield 3.26%,,,,,
BP,BP p.l.c.,Energy,oil-majors,NYSE,43.52,-1.87%,+0.97%,+1.52%,+25.97%,+29%,112.082,-0.22,20.82,9.12,5155408,42254708,201764908,454.0,0.28,buy,2.26,-1.87,98.13,-1.87,981.3,-18.7,9813.0,-187.0,0.97,100.97,0.97,1009.7,9.7,10097.0,97.0,1.52,101.52,1.52,1015.2,15.2,10152.0,152.0,25.97,125.97,25.97,1259.7,259.7,12597.0,2597.0,29.0,129.0,29.0,1290.0,290.0,12900.0,2900.0,,,,,,,,,,,,,2,strong_buy,0.8,"BP confirmed an 8-billion-barrel discovery offshore Brazil, raised its dividend 4% to a 4.57% yield, and JPMorgan upgraded to Overweight; shares are up 30% YTD with improving balance sheet and net debt falling [investingwithcolby.substack.com](https://investingwithcolby.substack.com/p/bp-wall-streets-most-boring-oil-major).",8B barrel discovery; div yield 4.57%; JPM upgrade; YTD +30%,,,,,
TTE,TotalEnergies,Energy,oil-majors,NYSE,87.71,-2.91%,-2.38%,-0.68%,+33.29%,+51%,193.688,0.06,10.98,1.57,1327104,8631204,32664204,469.0,0.22,buy,1.67,-2.91,97.09,-2.91,970.9,-29.1,9709.0,-291.0,-2.38,97.62,-2.38,976.2,-23.8,9762.0,-238.0,-0.68,99.32,-0.68,993.2,-6.8,9932.0,-68.0,33.29,133.29,33.29,1332.9,332.9,13329.0,3329.0,51.0,151.0,51.0,1510.0,510.0,15100.0,5100.0,,,,,,,,,,,,,1,strong_buy,0.85,"TotalEnergies targets $10B cash flow gain by 2030, plans >5% annual dividend growth through 2030 and $2.5B Q4 buybacks, with a P/E of 11.45, 4.66% yield, and analyst score of 1.67 (strong buy) [investing.com](https://uk.investing.com/news/stock-market-news/totalenergies-rises-after-dividend-buyback-plans-and-output-target-through-2035-4884906).",P/E 11.45; div yield 4.66%; analyst score 1.67; dividend growth + buyback plan,,,,,
EQNR,Equinor,Energy,oil-majors,NYSE,41.34,-2.64%,-1.12%,-3.41%,+74.06%,+73%,97.998,-0.727,11.2,3.44,4357254,23492954,75629254,369.0,2.39,hold,3.0,-2.64,97.36,-2.64,973.6,-26.4,9736.0,-264.0,-1.12,98.88,-1.12,988.8,-11.2,9888.0,-112.0,-3.41,96.59,-3.41,965.9,-34.1,9659.0,-341.0,74.06,174.06,74.06,1740.6,740.6,17406.0,7406.0,73.0,173.0,73.0,1730.0,730.0,17300.0,7300.0,,,,,,,,,,,,,8,buy,0.65,"Equinor has the highest YTD return among majors at +80.5%, a low P/E of 11.62, a 3.70% dividend yield, and very positive news sentiment of 0.462; however, analyst consensus is hold (score 3.0), capping conviction.",YTD +80.5%; P/E 11.62; div yield 3.70%; news sentiment +0.462,,,,,
COP,ConocoPhillips,Energy,ep-refining,NYSE,125.44,-0.30%,+0.14%,-5.32%,+32.58%,+33%,150.695,0.134,16.59,6.74,7155297,28856597,145713097,267.0,1.34,buy,1.74,-0.3,99.7,-0.3,997.0,-3.0,9970.0,-30.0,0.14,100.14,0.14,1001.4,1.4,10014.0,14.0,-5.32,94.68,-5.32,946.8,-53.2,9468.0,-532.0,32.58,132.58,32.58,1325.8,325.8,13258.0,3258.0,33.0,133.0,33.0,1330.0,330.0,13300.0,3300.0,,,,,,,,,,,,,,,,,,,,,,
OXY,Occidental Petroleum,Energy,ep-refining,NYSE,54.94,-2.24%,-2.43%,-8.29%,+31.45%,+19%,54.92,0.164,16.21,8.64,7556934,46095134,186081934,200.0,0.02,buy,2.31,-2.24,97.76,-2.24,977.6,-22.4,9776.0,-224.0,-2.43,97.57,-2.43,975.7,-24.3,9757.0,-243.0,-8.29,91.71,-8.29,917.1,-82.9,9171.0,-829.0,31.45,131.45,31.45,1314.5,314.5,13145.0,3145.0,19.0,119.0,19.0,1190.0,190.0,11900.0,1900.0,,,,,,,,,,,,,,,,,,,,,,
EOG,EOG Resources,Energy,ep-refining,NYSE,139.66,-0.69%,+0.10%,-3.66%,+33.44%,+25%,73.255,0.272,10.87,3.08,2203564,12853564,69890064,290.0,3.3,buy,2.34,-0.69,99.31,-0.69,993.1,-6.9,9931.0,-69.0,0.1,100.1,0.1,1001.0,1.0,10010.0,10.0,-3.66,96.34,-3.66,963.4,-36.6,9634.0,-366.0,33.44,133.44,33.44,1334.4,334.4,13344.0,3344.0,25.0,125.0,25.0,1250.0,250.0,12500.0,2500.0,,,,,,,,,,,,,9,buy,0.62,"EOG Resources offers a P/E of 10.99, a 2.91% yield, and YTD +35.1% with positive news sentiment of 0.214; 1-month momentum is slightly negative (-1.4%), but the stock remains a low-cost producer with strong free cash flow.",P/E 10.99; YTD +35.1%; news sentiment +0.214; low-cost producer,,,,,
MPC,Marathon Petroleum,Energy,ep-refining,NYSE,392.03,+0.64%,+0.60%,+5.01%,+140.15%,+102%,110.092,0.527,13.58,2.53,1871217,12753017,64921617,103.0,3.19,buy,2.32,0.64,100.64,0.64,1006.4,6.4,10064.0,64.0,0.6,100.6,0.6,1006.0,6.0,10060.0,60.0,5.01,105.01,5.01,1050.1,50.1,10501.0,501.0,140.15,240.15,140.15,2401.5,1401.5,24015.0,14015.0,102.0,202.0,102.0,2020.0,1020.0,20200.0,10200.0,,,,,,,,,,,,,7,buy,0.841,"Marathon Petroleum is up 141% YTD and 100% over 1 year, with a P/E of 13.64 and 1-month momentum of +6.7%; refining margins remain elevated, though short interest is 3.19% and news sentiment slightly negative.",YTD +141%; P/E 13.64; 1M +6.7%; elevated refining margins,,,,,
VLO,Valero Energy,Energy,ep-refining,NYSE,387.72,-0.38%,+2.81%,+8.02%,+138.01%,+129%,111.635,0.568,16.16,3.04,2649202,20829302,83359002,123.0,3.91,buy,2.4,-0.38,99.62,-0.38,996.2,-3.8,9962.0,-38.0,2.81,102.81,2.81,1028.1,28.1,10281.0,281.0,8.02,108.02,8.02,1080.2,80.2,10802.0,802.0,138.01,238.01,138.01,2380.1,1380.1,23801.0,13801.0,129.0,229.0,129.0,2290.0,1290.0,22900.0,12900.0,,,,,,,,,,,,,6,buy,0.825,"Valero has surged 138% YTD and 125% over 1 year, driven by record refining margins (crack spreads ~$63/bbl), with a P/E of 16.19 and positive news sentiment of 0.264; high short interest (3.91%) adds squeeze potential [omanobserver.om](https://www.omanobserver.om/article/1196886/business/energy/cash-rich-oil-majors-face-post-iran-strategy-rethink).",YTD +138%; record crack spreads; news sentiment +0.264; short squeeze potential,,,,,
SLB,SLB (Schlumberger),Energy,oilfield-services,NYSE,49.87,-3.15%,-4.32%,-16.59%,+26.09%,+50%,74.015,0.774,24.33,12.47,26674476,64957676,313037776,229.0,4.67,buy,1.6,-3.15,96.85,-3.15,968.5,-31.5,9685.0,-315.0,-4.32,95.68,-4.32,956.8,-43.2,9568.0,-432.0,-16.59,83.41,-16.59,834.1,-165.9,8341.0,-1659.0,26.09,126.09,26.09,1260.9,260.9,12609.0,2609.0,50.0,150.0,50.0,1500.0,500.0,15000.0,5000.0,,,,,,,,,,,,,,,,,,,,,,
HAL,Halliburton,Energy,oilfield-services,NYSE,31.54,-2.74%,-3.99%,-14.01%,+8.02%,+32%,26.276,0.769,16.51,11.15,9582571,43784071,227124071,210.0,5.67,buy,1.75,-2.74,97.26,-2.74,972.6,-27.4,9726.0,-274.0,-3.99,96.01,-3.99,960.1,-39.9,9601.0,-399.0,-14.01,85.99,-14.01,859.9,-140.1,8599.0,-1401.0,8.02,108.02,8.02,1080.2,80.2,10802.0,802.0,32.0,132.0,32.0,1320.0,320.0,13200.0,3200.0,,,,,,,,,,,,,,,,,,,,,,
BKR,Baker Hughes,Energy,oilfield-services,NASDAQ,55.92,-2.41%,-2.34%,-12.01%,+19.91%,+17%,55.51,0.961,18.21,8.49,5479863,34905563,177308463,161.0,2.83,buy,1.71,-2.41,97.59,-2.41,975.9,-24.1,9759.0,-241.0,-2.34,97.66,-2.34,976.6,-23.4,9766.0,-234.0,-12.01,87.99,-12.01,879.9,-120.1,8799.0,-1201.0,19.91,119.91,19.91,1199.1,199.1,11991.0,1991.0,17.0,117.0,17.0,1170.0,170.0,11700.0,1700.0,,,,,,,,,,,,,,,,,,,,,,
NEE,NextEra Energy,Energy,utilities,NYSE,75.89,+0.32%,-4.25%,-7.83%,-4.18%,+0%,158.305,0.644,17.05,11.06,11326167,69490567,251298367,330.0,,buy,1.9,0.32,100.32,0.32,1003.2,3.2,10032.0,32.0,-4.25,95.75,-4.25,957.5,-42.5,9575.0,-425.0,-7.83,92.17,-7.83,921.7,-78.3,9217.0,-783.0,-4.18,95.82,-4.18,958.2,-41.8,9582.0,-418.0,0.0,100.0,0.0,1000.0,0.0,10000.0,0.0,,,,,,,,,,,,,,,,,,,,,,
SSE.L,SSE plc,Energy,utilities,LSE,32.24,-0.85%,-1.30%,+1.29%,+9.25%,+41%,0.389,0.579,23.21,2.69,934637,10607385,48726275,279.0,,buy,1.94,-0.85,99.15,-0.85,991.5,-8.5,9915.0,-85.0,-1.3,98.7,-1.3,987.0,-13.0,9870.0,-130.0,1.29,101.29,1.29,1012.9,12.9,10129.0,129.0,9.25,109.25,9.25,1092.5,92.5,10925.0,925.0,41.0,141.0,41.0,1410.0,410.0,14100.0,4100.0,,,,,,,,,,,,,10,buy,0.55,"SSE is a defensive UK utility with a 2.80% dividend yield, YTD +11.2%, and 1-year return of +43%; analyst consensus is buy (score 1.94) and news sentiment positive at 0.18, but lower momentum relative to oil peers.",div yield 2.80%; analyst score 1.94; 1Y +43%; defensive utility,,,,,
ENPH,Enphase Energy,Energy,clean-energy,NASDAQ,31.83,+2.64%,-7.52%,-12.60%,-5.69%,-13%,4.206,1.643,31.51,4.68,5621422,27831122,97729222,,21.74,buy,2.33,2.64,102.64,2.64,1026.4,26.4,10264.0,264.0,-7.52,92.48,-7.52,924.8,-75.2,9248.0,-752.0,-12.6,87.4,-12.6,874.0,-126.0,8740.0,-1260.0,-5.69,94.31,-5.69,943.1,-56.9,9431.0,-569.0,-13.0,87.0,-13.0,870.0,-130.0,8700.0,-1300.0,,,,,,,,,,,,,,,,,,,,,,
FSLR,First Solar,Energy,clean-energy,NASDAQ,176.93,+1.98%,-11.88%,-12.37%,-35.51%,-22%,19.014,1.733,10.91,2.25,2340702,16248702,51647902,,12.8,buy,1.86,1.98,101.98,1.98,1019.8,19.8,10198.0,198.0,-11.88,88.12,-11.88,881.2,-118.8,8812.0,-1188.0,-12.37,87.63,-12.37,876.3,-123.7,8763.0,-1237.0,-35.51,64.49,-35.51,644.9,-355.1,6449.0,-3551.0,-22.0,78.0,-22.0,780.0,-220.0,7800.0,-2200.0,,,,,,,,,,,,,,,,,,,,,,
BEPC,Brookfield Renewable Corp,Energy,clean-energy,NYSE,28.1,+0.46%,-6.33%,-12.60%,-27.34%,-19%,5.217,1.158,,1.73,1631001,8588801,37816801,561.0,,none,,0.46,100.46,0.46,1004.6,4.6,10046.0,46.0,-6.33,93.67,-6.33,936.7,-63.3,9367.0,-633.0,-12.6,87.4,-12.6,874.0,-126.0,8740.0,-1260.0,-27.34,72.66,-27.34,726.6,-273.4,7266.0,-2734.0,-19.0,81.0,-19.0,810.0,-190.0,8100.0,-1900.0,,,,,,,,,,,,,,,,,,,,,,
DNNGY,Ørsted,Energy,clean-energy,NASDAQ,6.82,+0.74%,-5.28%,-2.71%,+2.33%,-51%,27.029,0.624,,0.11,7402,586802,2998302,,,strong_buy,1.0,0.74,100.74,0.74,1007.4,7.4,10074.0,74.0,-5.28,94.72,-5.28,947.2,-52.8,9472.0,-528.0,-2.71,97.29,-2.71,972.9,-27.1,9729.0,-271.0,2.33,102.33,2.33,1023.3,23.3,10233.0,233.0,-51.0,49.0,-51.0,490.0,-510.0,4900.0,-5100.0,,,,,,,,,,,,,,,,,,,,,,
AAPL,Apple,MegaCap,big-tech,NASDAQ,329,-2.69%,-3.05%,+3.96%,+21.88%,+33%,4807.323,1.085,37.73,47.26,37773928,156989128,889851928,32.0,0.88,buy,2.2,-2.69,97.31,-2.69,973.1,-26.9,9731.0,-269.0,-3.05,96.95,-3.05,969.5,-30.5,9695.0,-305.0,3.96,103.96,3.96,1039.6,39.6,10396.0,396.0,21.88,121.88,21.88,1218.8,218.8,12188.0,2188.0,33.0,133.0,33.0,1330.0,330.0,13300.0,3300.0,,,,,,,,,,,,,5,buy,0.75,"AAPL hit an all-time high near $245 on the foldable iPhone Duo pre-order frenzy, with demand exceeding supply [pomegra.io](https://pomegra.io/news/aapl-hits-all-time-high-on-iphone-duo-pre-order-frenzy). Up +26.17% YTD with a buy consensus (an_score 2.2) and positive news sentiment (0.205).",+26.17% YTD; iPhone Duo pre-orders; All-time high; Buy consensus,,,,,
MSFT,Microsoft,MegaCap,big-tech,NASDAQ,509,-0.07%,+2.20%,+0.33%,+8.30%,-2%,3779.306,1.108,28.4,29.47,20020164,113943364,446717564,77.0,0.91,strong_buy,1.33,-0.07,99.93,-0.07,999.3,-0.7,9993.0,-7.0,2.2,102.2,2.2,1022.0,22.0,10220.0,220.0,0.33,100.33,0.33,1003.3,3.3,10033.0,33.0,8.3,108.3,8.3,1083.0,83.0,10830.0,830.0,-2.0,98.0,-2.0,980.0,-20.0,9800.0,-200.0,,,,,,,,,,,,,,,,,,,,,,
NVDA,NVIDIA,MegaCap,big-tech,NASDAQ,227,-0.99%,-0.73%,+3.03%,+20.59%,+23%,5486.44,2.217,28.69,124.52,98224511,497533711,2366802511,44.0,1.27,strong_buy,1.3,-0.99,99.01,-0.99,990.1,-9.9,9901.0,-99.0,-0.73,99.27,-0.73,992.7,-7.3,9927.0,-73.0,3.03,103.03,3.03,1030.3,30.3,10303.0,303.0,20.59,120.59,20.59,1205.9,205.9,12059.0,2059.0,23.0,123.0,23.0,1230.0,230.0,12300.0,2300.0,,,,,,,,,,,,,1,strong_buy,0.9,"NVDA is up +22.53% YTD with a P/E of 29.22, and J.P. Morgan sees the AI trade reviving after the pullback, with NVDA rising on its record $150B buyback [reuters.com](https://www.reuters.com/business/global-ai-trade-could-revive-after-recent-pullback-jp-morgan-says-2026-09-28/). Strong buy consensus (an_score 1.3) and positive news sentiment (0.119) support the pick.",+22.53% YTD; P/E 29.22; Strong buy consensus; AI trade revival,,,,,
GOOGL,Alphabet,MegaCap,big-tech,NASDAQ,341,-0.42%,-2.92%,+0.53%,+8.39%,+41%,4169.43,1.225,17.12,27.12,20589326,121141826,552687026,26.0,1.49,strong_buy,1.38,-0.42,99.58,-0.42,995.8,-4.2,9958.0,-42.0,-2.92,97.08,-2.92,970.8,-29.2,9708.0,-292.0,0.53,100.53,0.53,1005.3,5.3,10053.0,53.0,8.39,108.39,8.39,1083.9,83.9,10839.0,839.0,41.0,141.0,41.0,1410.0,410.0,14100.0,4100.0,,,,,,,,,,,,,,,,,,,,,,
META,Meta Platforms,MegaCap,big-tech,NASDAQ,739,+2.88%,+0.30%,+29.18%,+13.88%,-3%,1882.072,1.243,27.83,19.94,23034083,142441583,493565483,29.0,1.41,strong_buy,1.42,2.88,102.88,2.88,1028.8,28.8,10288.0,288.0,0.3,100.3,0.3,1003.0,3.0,10030.0,30.0,29.18,129.18,29.18,1291.8,291.8,12918.0,2918.0,13.88,113.88,13.88,1138.8,138.8,11388.0,1388.0,-3.0,97.0,-3.0,970.0,-30.0,9700.0,-300.0,,,,,,,,,,,,,2,strong_buy,0.85,"META is up +24.64% in the last month, driven by the Muse AI agent's rapid adoption (3.4M downloads in 3 weeks) and multiple analyst price target hikes (TD Cowen $865, Canaccord $950) [pomegra.io](https://pomegra.io/briefs/2026-09-28-meta-stock-selloff-muse-ai). Despite a -3.74% 1-day dip, the strong buy consensus (an_score 1.42) and AI monetization potential make it a top pick.",+24.64% 1M; Muse AI traction; Analyst PT hikes; Strong buy consensus,,,,,
AMZN,Amazon,MegaCap,big-tech,NASDAQ,247,+0.14%,-3.26%,-5.04%,+8.91%,+12%,2660.66,1.443,19.84,40.21,31588613,175698513,721597313,,0.83,strong_buy,1.32,0.14,100.14,0.14,1001.4,1.4,10014.0,14.0,-3.26,96.74,-3.26,967.4,-32.6,9674.0,-326.0,-5.04,94.96,-5.04,949.6,-50.4,9496.0,-504.0,8.91,108.91,8.91,1089.1,89.1,10891.0,891.0,12.0,112.0,12.0,1120.0,120.0,11200.0,1200.0,,,,,,,,,,,,,,,,,,,,,,
TSLA,Tesla,MegaCap,big-tech,NASDAQ,353,-1.49%,-6.88%,-4.11%,-19.46%,-20%,1393.558,1.845,329.76,38.75,31676972,176817572,831426372,,1.95,buy,2.35,-1.49,98.51,-1.49,985.1,-14.9,9851.0,-149.0,-6.88,93.12,-6.88,931.2,-68.8,9312.0,-688.0,-4.11,95.89,-4.11,958.9,-41.1,9589.0,-411.0,-19.46,80.54,-19.46,805.4,-194.6,8054.0,-1946.0,-20.0,80.0,-20.0,800.0,-200.0,8000.0,-2000.0,,,,,,,,,,,,,,,,,,,,,,
NFLX,Netflix,MegaCap,big-tech,NASDAQ,70,+1.56%,-2.58%,-13.26%,-22.74%,-42%,292.725,1.526,22.11,37.7,33202113,160802913,696165113,,2.28,buy,1.84,1.56,101.56,1.56,1015.6,15.6,10156.0,156.0,-2.58,97.42,-2.58,974.2,-25.8,9742.0,-258.0,-13.26,86.74,-13.26,867.4,-132.6,8674.0,-1326.0,-22.74,77.26,-22.74,772.6,-227.4,7726.0,-2274.0,-42.0,58.0,-42.0,580.0,-420.0,5800.0,-4200.0,,,,,,,,,,,,,,,,,,,,,,
JPM,JPMorgan Chase,MegaCap,financials,NYSE,335,-0.66%,-1.48%,-5.91%,+4.38%,+7%,890.439,0.975,14.36,7.78,6022965,41969765,166761765,196.0,0.91,buy,2.08,-0.66,99.34,-0.66,993.4,-6.6,9934.0,-66.0,-1.48,98.52,-1.48,985.2,-14.8,9852.0,-148.0,-5.91,94.09,-5.91,940.9,-59.1,9409.0,-591.0,4.38,104.38,4.38,1043.8,43.8,10438.0,438.0,7.0,107.0,7.0,1070.0,70.0,10700.0,700.0,,,,,,,,,,,,,,,,,,,,,,
BAC,Bank of America,MegaCap,financials,NYSE,55,-1.03%,-2.21%,-10.82%,-0.19%,+8%,384.321,1.164,12.69,33.08,31257371,166747271,776182071,231.0,,strong_buy,1.5,-1.03,98.97,-1.03,989.7,-10.3,9897.0,-103.0,-2.21,97.79,-2.21,977.9,-22.1,9779.0,-221.0,-10.82,89.18,-10.82,891.8,-108.2,8918.0,-1082.0,-0.19,99.81,-0.19,998.1,-1.9,9981.0,-19.0,8.0,108.0,8.0,1080.0,80.0,10800.0,800.0,,,,,,,,,,,,,,,,,,,,,,
BRK-B,Berkshire Hathaway B,MegaCap,financials,NYSE,502,-0.19%,-0.23%,-0.33%,+1.11%,+0%,1075.386,0.603,12.64,4.32,3222347,18183447,94705747,,0.96,buy,2.0,-0.19,99.81,-0.19,998.1,-1.9,9981.0,-19.0,-0.23,99.77,-0.23,997.7,-2.3,9977.0,-23.0,-0.33,99.67,-0.33,996.7,-3.3,9967.0,-33.0,1.11,101.11,1.11,1011.1,11.1,10111.0,111.0,0.0,100.0,0.0,1000.0,0.0,10000.0,0.0,,,,,,,,,,,,,,,,,,,,,,
V,Visa,MegaCap,financials,NYSE,366,-0.51%,+1.06%,-3.56%,+6.23%,+8%,686.887,0.761,31.09,7.03,5385198,25883998,127891798,73.0,1.09,strong_buy,1.45,-0.51,99.49,-0.51,994.9,-5.1,9949.0,-51.0,1.06,101.06,1.06,1010.6,10.6,10106.0,106.0,-3.56,96.44,-3.56,964.4,-35.6,9644.0,-356.0,6.23,106.23,6.23,1062.3,62.3,10623.0,623.0,8.0,108.0,8.0,1080.0,80.0,10800.0,800.0,,,,,,,,,,,,,,,,,,,,,,
MA,Mastercard,MegaCap,financials,NYSE,564,-0.83%,+1.38%,-4.37%,+0.57%,+0%,493.702,0.735,31.0,2.92,2352049,12986549,55129449,61.0,0.83,strong_buy,1.43,-0.83,99.17,-0.83,991.7,-8.3,9917.0,-83.0,1.38,101.38,1.38,1013.8,13.8,10138.0,138.0,-4.37,95.63,-4.37,956.3,-43.7,9563.0,-437.0,0.57,100.57,0.57,1005.7,5.7,10057.0,57.0,0.0,100.0,0.0,1000.0,0.0,10000.0,0.0,,,,,,,,,,,,,,,,,,,,,,
GS,Goldman Sachs,MegaCap,financials,NYSE,916,-0.05%,-3.50%,-10.25%,+1.67%,+15%,266.783,1.283,14.14,1.99,1843276,10108376,43886576,218.0,2.39,hold,2.6,-0.05,99.95,-0.05,999.5,-0.5,9995.0,-5.0,-3.5,96.5,-3.5,965.0,-35.0,9650.0,-350.0,-10.25,89.75,-10.25,897.5,-102.5,8975.0,-1025.0,1.67,101.67,1.67,1016.7,16.7,10167.0,167.0,15.0,115.0,15.0,1150.0,150.0,11500.0,1500.0,,,,,,,,,,,,,,,,,,,,,,
BLK,BlackRock,MegaCap,financials,NYSE,1068,-0.31%,+0.12%,-7.11%,+0.04%,-8%,173.515,1.429,25.56,0.65,348132,2341332,11519032,214.0,1.34,strong_buy,1.47,-0.31,99.69,-0.31,996.9,-3.1,9969.0,-31.0,0.12,100.12,0.12,1001.2,1.2,10012.0,12.0,-7.11,92.89,-7.11,928.9,-71.1,9289.0,-711.0,0.04,100.04,0.04,1000.4,0.4,10004.0,4.0,-8.0,92.0,-8.0,920.0,-80.0,9200.0,-800.0,,,,,,,,,,,,,,,,,,,,,,
LLY,Eli Lilly,MegaCap,healthcare,NYSE,1185,-0.25%,+1.24%,+2.41%,+10.18%,+55%,1056.384,0.502,39.83,2.54,1625807,10092007,48019607,58.0,0.84,buy,1.63,-0.25,99.75,-0.25,997.5,-2.5,9975.0,-25.0,1.24,101.24,1.24,1012.4,12.4,10124.0,124.0,2.41,102.41,2.41,1024.1,24.1,10241.0,241.0,10.18,110.18,10.18,1101.8,101.8,11018.0,1018.0,55.0,155.0,55.0,1550.0,550.0,15500.0,5500.0,,,,,,,,,,,,,,,,,,,,,,
UNH,UnitedHealth Group,MegaCap,healthcare,NYSE,375,-0.70%,+0.53%,-3.12%,+13.66%,+9%,336.544,0.622,24.08,4.97,3276363,20541163,107855463,246.0,1.64,buy,1.58,-0.7,99.3,-0.7,993.0,-7.0,9930.0,-70.0,0.53,100.53,0.53,1005.3,5.3,10053.0,53.0,-3.12,96.88,-3.12,968.8,-31.2,9688.0,-312.0,13.66,113.66,13.66,1136.6,136.6,11366.0,1366.0,9.0,109.0,9.0,1090.0,90.0,10900.0,900.0,,,,,,,,,,,,,,,,,,,,,,
JNJ,Johnson & Johnson,MegaCap,healthcare,NYSE,268,-1.97%,-0.60%,+0.65%,+31.12%,+47%,644.817,0.235,31.04,7.02,5573288,29797888,133817388,197.0,0.98,buy,1.91,-1.97,98.03,-1.97,980.3,-19.7,9803.0,-197.0,-0.6,99.4,-0.6,994.0,-6.0,9940.0,-60.0,0.65,100.65,0.65,1006.5,6.5,10065.0,65.0,31.12,131.12,31.12,1311.2,311.2,13112.0,3112.0,47.0,147.0,47.0,1470.0,470.0,14700.0,4700.0,,,,,,,,,,,,,,,,,,,,,,
ABBV,AbbVie,MegaCap,healthcare,NYSE,263,-1.12%,-0.72%,+2.68%,+17.53%,+15%,465.264,0.281,74.17,5.06,3947023,17831123,86620323,260.0,1.23,buy,1.7,-1.12,98.88,-1.12,988.8,-11.2,9888.0,-112.0,-0.72,99.28,-0.72,992.8,-7.2,9928.0,-72.0,2.68,102.68,2.68,1026.8,26.8,10268.0,268.0,17.53,117.53,17.53,1175.3,175.3,11753.0,1753.0,15.0,115.0,15.0,1150.0,150.0,11500.0,1500.0,,,,,,,,,,,,,,,,,,,,,,
MRK,Merck,MegaCap,healthcare,NYSE,149,+0.20%,-1.08%,+1.63%,+43.13%,+77%,368.299,0.226,119.42,9.9,7269759,43271559,204394059,229.0,1.4,buy,1.75,0.2,100.2,0.2,1002.0,2.0,10020.0,20.0,-1.08,98.92,-1.08,989.2,-10.8,9892.0,-108.0,1.63,101.63,1.63,1016.3,16.3,10163.0,163.0,43.13,143.13,43.13,1431.3,431.3,14313.0,4313.0,77.0,177.0,77.0,1770.0,770.0,17700.0,7700.0,,,,,,,,,,,,,,,,,,,,,,
TMO,Thermo Fisher Scientific,MegaCap,healthcare,NYSE,680,+0.15%,+3.20%,+10.21%,+15.02%,+40%,251.284,0.854,36.56,2.06,1745988,10191388,46008188,28.0,1.36,buy,1.52,0.15,100.15,0.15,1001.5,1.5,10015.0,15.0,3.2,103.2,3.2,1032.0,32.0,10320.0,320.0,10.21,110.21,10.21,1102.1,102.1,11021.0,1021.0,15.02,115.02,15.02,1150.2,150.2,11502.0,1502.0,40.0,140.0,40.0,1400.0,400.0,14000.0,4000.0,,,,,,,,,,,,,7,buy,0.7,"TMO is up +13.82% YTD and +8.18% in the last month, with a buy consensus (an_score 1.52) and positive news sentiment (0.129). The healthcare turnaround narrative and strong momentum support the pick.",+8.18% 1M; +13.82% YTD; Buy consensus; Healthcare turnaround,,,,,
ABT,Abbott Laboratories,MegaCap,healthcare,NYSE,101,+0.05%,-2.64%,-8.53%,-17.20%,-25%,174.682,0.586,32.67,9.79,7329031,40315831,182471131,250.0,1.29,buy,1.52,0.05,100.05,0.05,1000.5,0.5,10005.0,5.0,-2.64,97.36,-2.64,973.6,-26.4,9736.0,-264.0,-8.53,91.47,-8.53,914.7,-85.3,9147.0,-853.0,-17.2,82.8,-17.2,828.0,-172.0,8280.0,-1720.0,-25.0,75.0,-25.0,750.0,-250.0,7500.0,-2500.0,,,,,,,,,,,,,,,,,,,,,,
PG,Procter & Gamble,MegaCap,consumer,NYSE,148,-0.51%,+0.07%,+2.21%,+6.93%,-3%,344.499,0.377,22.4,8.65,7211369,35860569,171231569,292.0,1.04,buy,2.2,-0.51,99.49,-0.51,994.9,-5.1,9949.0,-51.0,0.07,100.07,0.07,1000.7,0.7,10007.0,7.0,2.21,102.21,2.21,1022.1,22.1,10221.0,221.0,6.93,106.93,6.93,1069.3,69.3,10693.0,693.0,-3.0,97.0,-3.0,970.0,-30.0,9700.0,-300.0,,,,,,,,,,,,,,,,,,,,,,
KO,Coca-Cola,MegaCap,consumer,NYSE,87,-0.46%,-2.00%,-1.48%,+28.08%,+31%,373.633,0.342,26.08,15.92,12832488,65666888,331844088,243.0,0.95,buy,1.75,-0.46,99.54,-0.46,995.4,-4.6,9954.0,-46.0,-2.0,98.0,-2.0,980.0,-20.0,9800.0,-200.0,-1.48,98.52,-1.48,985.2,-14.8,9852.0,-148.0,28.08,128.08,28.08,1280.8,280.8,12808.0,2808.0,31.0,131.0,31.0,1310.0,310.0,13100.0,3100.0,,,,,,,,,,,,,,,,,,,,,,
PEP,PepsiCo,MegaCap,consumer,NASDAQ,129,-0.05%,-1.91%,-7.32%,-6.77%,-9%,175.791,0.361,16.87,8.34,8412059,40446459,189379859,461.0,2.11,hold,2.71,-0.05,99.95,-0.05,999.5,-0.5,9995.0,-5.0,-1.91,98.09,-1.91,980.9,-19.1,9809.0,-191.0,-7.32,92.68,-7.32,926.8,-73.2,9268.0,-732.0,-6.77,93.23,-6.77,932.3,-67.7,9323.0,-677.0,-9.0,91.0,-9.0,910.0,-90.0,9100.0,-900.0,,,,,,,,,,,,,,,,,,,,,,
MCD,McDonald's,MegaCap,consumer,NYSE,234,+0.03%,-6.54%,-10.59%,-21.33%,-23%,165.574,0.414,19.01,4.93,5212070,41100270,122980870,330.0,1.92,buy,2.06,0.03,100.03,0.03,1000.3,0.3,10003.0,3.0,-6.54,93.46,-6.54,934.6,-65.4,9346.0,-654.0,-10.59,89.41,-10.59,894.1,-105.9,8941.0,-1059.0,-21.33,78.67,-21.33,786.7,-213.3,7867.0,-2133.0,-23.0,77.0,-23.0,770.0,-230.0,7700.0,-2300.0,,,,,,,,,,,,,,,,,,,,,,
NKE,Nike,MegaCap,consumer,NYSE,36,-1.41%,-0.72%,-7.27%,-41.87%,-48%,53.169,1.11,17.07,27.8,28851944,181436444,683320244,451.0,8.98,hold,2.76,-1.41,98.59,-1.41,985.9,-14.1,9859.0,-141.0,-0.72,99.28,-0.72,992.8,-7.2,9928.0,-72.0,-7.27,92.73,-7.27,927.3,-72.7,9273.0,-727.0,-41.87,58.13,-41.87,581.3,-418.7,5813.0,-4187.0,-48.0,52.0,-48.0,520.0,-480.0,5200.0,-4800.0,,,,,,,,,,,,,,,,,,,,,,
WMT,Walmart,MegaCap,consumer,NYSE,107,-1.78%,-3.01%,+1.84%,-4.68%,+6%,849.923,0.595,38.7,24.05,24685732,110477032,476611032,91.0,1.83,buy,1.53,-1.78,98.22,-1.78,982.2,-17.8,9822.0,-178.0,-3.01,96.99,-3.01,969.9,-30.1,9699.0,-301.0,1.84,101.84,1.84,1018.4,18.4,10184.0,184.0,-4.68,95.32,-4.68,953.2,-46.8,9532.0,-468.0,6.0,106.0,6.0,1060.0,60.0,10600.0,600.0,,,,,,,,,,,,,8,buy,0.65,"WMT is up +5.84% in the last month with a buy consensus (an_score 1.53) and strong news sentiment (0.234). As a consumer staple, it offers defensive appeal amid macro uncertainty.",+5.84% 1M; Buy consensus; Positive news sentiment; Defensive play,,,,,
COST,Costco,MegaCap,consumer,NASDAQ,925,+0.33%,+2.80%,-2.04%,+8.68%,+0%,409.839,0.855,44.52,2.15,2407552,14654652,49909652,64.0,1.66,buy,1.95,0.33,100.33,0.33,1003.3,3.3,10033.0,33.0,2.8,102.8,2.8,1028.0,28.0,10280.0,280.0,-2.04,97.96,-2.04,979.6,-20.4,9796.0,-204.0,8.68,108.68,8.68,1086.8,86.8,10868.0,868.0,0.0,100.0,0.0,1000.0,0.0,10000.0,0.0,,,,,,,,,,,,,,,,,,,,,,
XOM,ExxonMobil,MegaCap,energy-industrial,NYSE,161,-0.81%,+1.66%,+0.25%,+34.19%,+44%,663.457,0.175,20.77,14.6,9149985,58010385,300981585,254.0,1.08,buy,2.32,-0.81,99.19,-0.81,991.9,-8.1,9919.0,-81.0,1.66,101.66,1.66,1016.6,16.6,10166.0,166.0,0.25,100.25,0.25,1002.5,2.5,10025.0,25.0,34.19,134.19,34.19,1341.9,341.9,13419.0,3419.0,44.0,144.0,44.0,1440.0,440.0,14400.0,4400.0,,,,,,,,,,,,,,,,,,,,,,
CVX,Chevron,MegaCap,energy-industrial,NYSE,204,-0.95%,+0.97%,-0.85%,+34.76%,+33%,400.912,0.491,19.67,8.78,5875812,40180512,212268212,345.0,1.06,buy,1.72,-0.95,99.05,-0.95,990.5,-9.5,9905.0,-95.0,0.97,100.97,0.97,1009.7,9.7,10097.0,97.0,-0.85,99.15,-0.85,991.5,-8.5,9915.0,-85.0,34.76,134.76,34.76,1347.6,347.6,13476.0,3476.0,33.0,133.0,33.0,1330.0,330.0,13300.0,3300.0,,,,,,,,,,,,,,,,,,,,,,
CAT,Caterpillar,MegaCap,energy-industrial,NYSE,827,+0.82%,+2.31%,+3.66%,+38.98%,+72%,379.986,1.594,35.63,2.75,2202357,11341757,50828657,80.0,2.03,buy,2.07,0.82,100.82,0.82,1008.2,8.2,10082.0,82.0,2.31,102.31,2.31,1023.1,23.1,10231.0,231.0,3.66,103.66,3.66,1036.6,36.6,10366.0,366.0,38.98,138.98,38.98,1389.8,389.8,13898.0,3898.0,72.0,172.0,72.0,1720.0,720.0,17200.0,7200.0,,,,,,,,,,,,,,,,,,,,,,
HON,Honeywell,MegaCap,energy-industrial,NASDAQ,210,-0.09%,-0.81%,-1.59%,+3.67%,+2%,66.599,0.901,8.08,3.38,1999195,10649495,66055795,132.0,2.34,buy,2.0,-0.09,99.91,-0.09,999.1,-0.9,9991.0,-9.0,-0.81,99.19,-0.81,991.9,-8.1,9919.0,-81.0,-1.59,98.41,-1.59,984.1,-15.9,9841.0,-159.0,3.67,103.67,3.67,1036.7,36.7,10367.0,367.0,2.0,102.0,2.0,1020.0,20.0,10200.0,200.0,,,,,,,,,,,,,,,,,,,,,,
GE,GE Aerospace,MegaCap,energy-industrial,NYSE,318,-0.11%,-0.42%,-5.31%,-0.62%,+6%,329.831,1.35,37.53,3.95,3709920,20249620,89589320,59.0,1.52,buy,1.55,-0.11,99.89,-0.11,998.9,-1.1,9989.0,-11.0,-0.42,99.58,-0.42,995.8,-4.2,9958.0,-42.0,-5.31,94.69,-5.31,946.9,-53.1,9469.0,-531.0,-0.62,99.38,-0.62,993.8,-6.2,9938.0,-62.0,6.0,106.0,6.0,1060.0,60.0,10600.0,600.0,,,,,,,,,,,,,,,,,,,,,,
RTX,RTX Corp,MegaCap,energy-industrial,NYSE,187,-1.19%,-2.12%,-10.01%,+0.92%,+12%,251.95,0.287,32.85,4.48,3605346,18129346,82439346,156.0,1.01,buy,1.87,-1.19,98.81,-1.19,988.1,-11.9,9881.0,-119.0,-2.12,97.88,-2.12,978.8,-21.2,9788.0,-212.0,-10.01,89.99,-10.01,899.9,-100.1,8999.0,-1001.0,0.92,100.92,0.92,1009.2,9.2,10092.0,92.0,12.0,112.0,12.0,1120.0,120.0,11200.0,1200.0,,,,,,,,,,,,,,,,,,,,,,
BA,Boeing,MegaCap,energy-industrial,NYSE,188,+1.21%,-5.08%,-9.67%,-17.60%,-15%,148.337,1.213,67.51,6.07,10215712,53297612,153955112,,0.01,strong_buy,1.5,1.21,101.21,1.21,1012.1,12.1,10121.0,121.0,-5.08,94.92,-5.08,949.2,-50.8,9492.0,-508.0,-9.67,90.33,-9.67,903.3,-96.7,9033.0,-967.0,-17.6,82.4,-17.6,824.0,-176.0,8240.0,-1760.0,-15.0,85.0,-15.0,850.0,-150.0,8500.0,-1500.0,,,,,,,,,,,,,,,,,,,,,,
AMD,Advanced Micro Devices,MegaCap,tech-semis,NASDAQ,608,-0.45%,-2.60%,+29.07%,+171.88%,+276%,991.843,2.476,156.19,24.39,16325476,97738776,455621676,,2.46,strong_buy,1.49,-0.45,99.55,-0.45,995.5,-4.5,9955.0,-45.0,-2.6,97.4,-2.6,974.0,-26.0,9740.0,-260.0,29.07,129.07,29.07,1290.7,290.7,12907.0,2907.0,171.88,271.88,171.88,2718.8,1718.8,27188.0,17188.0,276.0,376.0,276.0,3760.0,2760.0,37600.0,27600.0,,,,,,,,,,,,,3,strong_buy,1.0,"AMD is up +171.26% YTD and +30.20% in the last month, with a strong buy consensus (an_score 1.49) and positive news sentiment (0.243). The AI infrastructure buildout and recent momentum make it a top pick despite a high P/E of 155.",+171.26% YTD; +30.20% 1M; Strong buy consensus; AI momentum,,,,,
QCOM,Qualcomm,MegaCap,tech-semis,NASDAQ,184,-1.97%,-7.15%,+8.58%,+8.09%,+13%,196.63,1.679,21.02,13.1,9979334,63305534,310197934,196.0,4.01,hold,2.59,-1.97,98.03,-1.97,980.3,-19.7,9803.0,-197.0,-7.15,92.85,-7.15,928.5,-71.5,9285.0,-715.0,8.58,108.58,8.58,1085.8,85.8,10858.0,858.0,8.09,108.09,8.09,1080.9,80.9,10809.0,809.0,13.0,113.0,13.0,1130.0,130.0,11300.0,1300.0,,,,,,,,,,,,,6,buy,0.7,"QCOM surged past $201 on massive AI deals including a $60B AWS custom silicon partnership, with a 23% monthly jump [investing.com](https://uk.investing.com/news/stock-market-news/qualcomm-just-surged-past-201-on-massive-ai-deals-is-the-rally-justified-4885083). Despite a hold consensus (an_score 2.59), the AI catalysts and +15.21% 1M momentum make it attractive.",+15.21% 1M; AWS AI deal; AI inference exposure; Positive news sentiment,,,,,
AVGO,Broadcom,MegaCap,tech-semis,NASDAQ,355,+1.63%,-2.59%,-3.94%,+2.71%,+6%,1695.116,1.457,45.76,22.73,18872234,100973734,571826434,74.0,1.11,strong_buy,1.26,1.63,101.63,1.63,1016.3,16.3,10163.0,163.0,-2.59,97.41,-2.59,974.1,-25.9,9741.0,-259.0,-3.94,96.06,-3.94,960.6,-39.4,9606.0,-394.0,2.71,102.71,2.71,1027.1,27.1,10271.0,271.0,6.0,106.0,6.0,1060.0,60.0,10600.0,600.0,,,,,,,,,,,,,,,,,,,,,,
TSM,Taiwan Semiconductor,MegaCap,tech-semis,NYSE,457,+1.07%,+1.09%,+10.32%,+44.09%,+62%,2369.907,1.247,33.97,11.93,9876633,43397733,204849433,90.0,0.57,strong_buy,1.38,1.07,101.07,1.07,1010.7,10.7,10107.0,107.0,1.09,101.09,1.09,1010.9,10.9,10109.0,109.0,10.32,110.32,10.32,1103.2,103.2,11032.0,1032.0,44.09,144.09,44.09,1440.9,440.9,14409.0,4409.0,62.0,162.0,62.0,1620.0,620.0,16200.0,6200.0,,,,,,,,,,,,,4,strong_buy,0.8,"TSM is up +40.59% YTD with a P/E of 33.2 and a strong buy consensus (an_score 1.38). As the leading semiconductor foundry, it benefits from AI chip demand and the J.P. Morgan view that semis could re-engage [reuters.com](https://www.reuters.com/business/global-ai-trade-could-revive-after-recent-pullback-jp-morgan-says-2026-09-28/).",+40.59% YTD; P/E 33.2; Strong buy consensus; AI foundry leader,,,,,
ASML,ASML Holding,MegaCap,tech-semis,NASDAQ,1834,+3.73%,+4.95%,+8.16%,+58.38%,+83%,704.589,1.363,63.54,1.56,1646411,6334711,27811911,51.0,0.38,strong_buy,1.4,3.73,103.73,3.73,1037.3,37.3,10373.0,373.0,4.95,104.95,4.95,1049.5,49.5,10495.0,495.0,8.16,108.16,8.16,1081.6,81.6,10816.0,816.0,58.38,158.38,58.38,1583.8,583.8,15838.0,5838.0,83.0,183.0,83.0,1830.0,830.0,18300.0,8300.0,,,,,,,,,,,,,,,,,,,,,,
ARM,Arm Holdings,MegaCap,tech-semis,NASDAQ,294,+2.73%,-11.86%,+21.40%,+155.97%,+100%,313.639,3.89,296.64,5.43,6004334,38644534,117215034,,10.69,buy,1.93,2.73,102.73,2.73,1027.3,27.3,10273.0,273.0,-11.86,88.14,-11.86,881.4,-118.6,8814.0,-1186.0,21.4,121.4,21.4,1214.0,214.0,12140.0,2140.0,155.97,255.97,155.97,2559.7,1559.7,25597.0,15597.0,100.0,200.0,100.0,2000.0,1000.0,20000.0,10000.0,,,,,,,,,,,,,10,buy,0.864,"ARM is up +144.91% YTD and +17.54% in the last month, with a buy consensus (an_score 1.93) and positive news sentiment (0.138). Despite high volatility (beta 3.89) and short interest (10.69%), the AI chip IP story remains compelling.",+144.91% YTD; +17.54% 1M; Buy consensus; AI chip IP,,,,,
INTC,Intel,MegaCap,tech-semis,NASDAQ,116,-0.12%,-6.40%,+29.52%,+194.39%,+246%,612.818,2.231,,109.04,86223627,501306727,2226754927,,3.01,buy,2.47,-0.12,99.88,-0.12,998.8,-1.2,9988.0,-12.0,-6.4,93.6,-6.4,936.0,-64.0,9360.0,-640.0,29.52,129.52,29.52,1295.2,295.2,12952.0,2952.0,194.39,294.39,194.39,2943.9,1943.9,29439.0,19439.0,246.0,346.0,246.0,3460.0,2460.0,34600.0,24600.0,,,,,,,,,,,,,9,strong_buy,0.6,"INTC is up +195.76% YTD and +30.18% in the last month, with a buy consensus (an_score 2.47) and positive news sentiment (0.153). The massive momentum and AI-driven demand outlook make it a high-risk, high-reward pick.",+195.76% YTD; +30.18% 1M; AI demand; Positive news sentiment,,,,,
2222.SR,Saudi Aramco,MegaCap,global-growth,TADAWUL,6.71,-1.64%,-1.95%,-3.67%,+9.52%,+4%,1622.251,0.006,14.9,8.03,7104883,45024480,171096023,531.0,,buy,2.11,-1.64,98.36,-1.64,983.6,-16.4,9836.0,-164.0,-1.95,98.05,-1.95,980.5,-19.5,9805.0,-195.0,-3.67,96.33,-3.67,963.3,-36.7,9633.0,-367.0,9.52,109.52,9.52,1095.2,95.2,10952.0,952.0,4.0,104.0,4.0,1040.0,40.0,10400.0,400.0,,,,,,,,,,,,,,,,,,,,,,
BABA,Alibaba Group,MegaCap,global-growth,NYSE,108,-1.06%,-7.37%,-5.51%,-30.19%,-39%,267.881,0.5,24.38,11.29,5728341,37208641,176046441,97.0,1.68,strong_buy,1.32,-1.06,98.94,-1.06,989.4,-10.6,9894.0,-106.0,-7.37,92.63,-7.37,926.3,-73.7,9263.0,-737.0,-5.51,94.49,-5.51,944.9,-55.1,9449.0,-551.0,-30.19,69.81,-30.19,698.1,-301.9,6981.0,-3019.0,-39.0,61.0,-39.0,610.0,-390.0,6100.0,-3900.0,,,,,,,,,,,,,,,,,,,,,,
SAP,SAP SE,MegaCap,global-growth,NYSE,211,+0.74%,+0.08%,-4.55%,-9.46%,-22%,243.364,0.775,27.74,2.63,2113973,8451973,41014673,140.0,0.44,buy,1.62,0.74,100.74,0.74,1007.4,7.4,10074.0,74.0,0.08,100.08,0.08,1000.8,0.8,10008.0,8.0,-4.55,95.45,-4.55,954.5,-45.5,9545.0,-455.0,-9.46,90.54,-9.46,905.4,-94.6,9054.0,-946.0,-22.0,78.0,-22.0,780.0,-220.0,7800.0,-2200.0,,,,,,,,,,,,,,,,,,,,,,
SONY,Sony Group,MegaCap,global-growth,NYSE,23,+0.05%,-0.21%,-4.85%,-9.70%,-19%,136.605,0.763,19.81,4.46,3593515,14393315,75413115,68.0,0.21,none,,0.05,100.05,0.05,1000.5,0.5,10005.0,5.0,-0.21,99.79,-0.21,997.9,-2.1,9979.0,-21.0,-4.85,95.15,-4.85,951.5,-48.5,9515.0,-485.0,-9.7,90.3,-9.7,903.0,-97.0,9030.0,-970.0,-19.0,81.0,-19.0,810.0,-190.0,8100.0,-1900.0,,,,,,,,,,,,,,,,,,,,,,
TM,Toyota Motor,MegaCap,global-growth,NYSE,187,-0.84%,-2.79%,-5.00%,-14.30%,-1%,221.099,0.337,8.37,0.38,289142,1412842,6723842,333.0,0.09,strong_buy,1.5,-0.84,99.16,-0.84,991.6,-8.4,9916.0,-84.0,-2.79,97.21,-2.79,972.1,-27.9,9721.0,-279.0,-5.0,95.0,-5.0,950.0,-50.0,9500.0,-500.0,-14.3,85.7,-14.3,857.0,-143.0,8570.0,-1430.0,-1.0,99.0,-1.0,990.0,-10.0,9900.0,-100.0,,,,,,,,,,,,,,,,,,,,,,
NVO,Novo Nordisk,MegaCap,global-growth,NYSE,38,-1.06%,-2.77%,-15.49%,-23.22%,-30%,169.161,0.344,9.6,12.19,9335595,69329595,275853095,464.0,0.83,hold,2.71,-1.06,98.94,-1.06,989.4,-10.6,9894.0,-106.0,-2.77,97.23,-2.77,972.3,-27.7,9723.0,-277.0,-15.49,84.51,-15.49,845.1,-154.9,8451.0,-1549.0,-23.22,76.78,-23.22,767.8,-232.2,7678.0,-2322.0,-30.0,70.0,-30.0,700.0,-300.0,7000.0,-3000.0,,,,,,,,,,,,,,,,,,,,,,
HSBC,HSBC Holdings,MegaCap,global-growth,NYSE,101,-0.45%,-0.86%,-2.35%,+30.06%,+43%,344.595,0.571,14.39,1.28,1637533,7166433,28380533,371.0,,none,,-0.45,99.55,-0.45,995.5,-4.5,9955.0,-45.0,-0.86,99.14,-0.86,991.4,-8.6,9914.0,-86.0,-2.35,97.65,-2.35,976.5,-23.5,9765.0,-235.0,30.06,130.06,30.06,1300.6,300.6,13006.0,3006.0,43.0,143.0,43.0,1430.0,430.0,14300.0,4300.0,,,,,,,,,,,,,,,,,,,,,,
AAPL,Apple,Tech,mega-cap,NASDAQ,329.4,-2.69%,-3.05%,+3.96%,+21.88%,+33%,4807.323,1.085,37.73,47.26,37773928,156989128,889851928,32.0,0.88,buy,2.2,-2.69,97.31,-2.69,973.1,-26.9,9731.0,-269.0,-3.05,96.95,-3.05,969.5,-30.5,9695.0,-305.0,3.96,103.96,3.96,1039.6,39.6,10396.0,396.0,21.88,121.88,21.88,1218.8,218.8,12188.0,2188.0,33.0,133.0,33.0,1330.0,330.0,13300.0,3300.0,,,,,,,,,,,,,1,strong_buy,0.9,"All-time high on iPhone Duo pre-order frenzy (pomegra.io); YTD +26.29%, P/E 39.1, news sentiment +0.205, analyst buy with score 2.2.",iPhone Duo pre-order demand; all-time high near $245; strong YTD momentum; positive news sentiment,,,,,
MSFT,Microsoft,Tech,mega-cap,NASDAQ,508.96,-0.07%,+2.20%,+0.33%,+8.30%,-2%,3779.305,1.108,28.4,29.47,20020164,113943364,446717564,77.0,0.91,strong_buy,1.33,-0.07,99.93,-0.07,999.3,-0.7,9993.0,-7.0,2.2,102.2,2.2,1022.0,22.0,10220.0,220.0,0.33,100.33,0.33,1003.3,3.3,10033.0,33.0,8.3,108.3,8.3,1083.0,83.0,10830.0,830.0,-2.0,98.0,-2.0,980.0,-20.0,9800.0,-200.0,,,,,,,,,,,,,,,,,,,,,,
GOOGL,Alphabet (Google),Tech,mega-cap,NASDAQ,340.92,-0.42%,-2.92%,+0.53%,+8.39%,+41%,4169.429,1.225,17.12,27.12,20589326,121141826,552687026,26.0,1.49,strong_buy,1.38,-0.42,99.58,-0.42,995.8,-4.2,9958.0,-42.0,-2.92,97.08,-2.92,970.8,-29.2,9708.0,-292.0,0.53,100.53,0.53,1005.3,5.3,10053.0,53.0,8.39,108.39,8.39,1083.9,83.9,10839.0,839.0,41.0,141.0,41.0,1410.0,410.0,14100.0,4100.0,,,,,,,,,,,,,,,,,,,,,,
AMZN,Amazon,Tech,mega-cap,NASDAQ,246.67,+0.14%,-3.26%,-5.04%,+8.91%,+12%,2660.66,1.443,19.84,40.21,31588613,175698513,721597313,,0.83,strong_buy,1.32,0.14,100.14,0.14,1001.4,1.4,10014.0,14.0,-3.26,96.74,-3.26,967.4,-32.6,9674.0,-326.0,-5.04,94.96,-5.04,949.6,-50.4,9496.0,-504.0,8.91,108.91,8.91,1089.1,89.1,10891.0,891.0,12.0,112.0,12.0,1120.0,120.0,11200.0,1200.0,,,,,,,,,,,,,,,,,,,,,,
META,Meta Platforms,Tech,mega-cap,NASDAQ,738.79,+2.88%,+0.30%,+29.18%,+13.88%,-3%,1882.072,1.243,27.83,19.94,23034083,142441583,493565483,29.0,1.41,strong_buy,1.42,2.88,102.88,2.88,1028.8,28.8,10288.0,288.0,0.3,100.3,0.3,1003.0,3.0,10030.0,30.0,29.18,129.18,29.18,1291.8,291.8,12918.0,2918.0,13.88,113.88,13.88,1138.8,138.8,11388.0,1388.0,-3.0,97.0,-3.0,970.0,-30.0,9700.0,-300.0,,,,,,,,,,,,,2,strong_buy,0.85,"Muse AI agent surpasses 3.4M downloads in 3 weeks (pomegra.io); YTD +11.10%, 1M +24.79%, P/E 27.17, analyst strong_buy with score 1.42.",Muse AI adoption; analyst price targets $865-$950; strong 1M momentum; reasonable P/E,,,,,
NVDA,NVIDIA,Tech,semiconductors,NASDAQ,227.21,-0.99%,-0.73%,+3.03%,+20.59%,+23%,5486.44,2.217,28.69,124.52,98224511,497533711,2366802511,44.0,1.27,strong_buy,1.3,-0.99,99.01,-0.99,990.1,-9.9,9901.0,-99.0,-0.73,99.27,-0.73,992.7,-7.3,9927.0,-73.0,3.03,103.03,3.03,1030.3,30.3,10303.0,303.0,20.59,120.59,20.59,1205.9,205.9,12059.0,2059.0,23.0,123.0,23.0,1230.0,230.0,12300.0,2300.0,,,,,,,,,,,,,5,strong_buy,0.8,"YTD +22.81%, P/E 29.29, strong_buy consensus (score 1.30), 1D +2.84% positive momentum, news sentiment +0.119.",AI leader; reasonable P/E; strong buy consensus; positive short-term momentum,,,,,
AMD,Advanced Micro Devices,Tech,semiconductors,NASDAQ,607.57,-0.45%,-2.60%,+29.07%,+171.88%,+276%,991.842,2.476,156.19,24.39,16325476,97738776,455621676,,2.46,strong_buy,1.49,-0.45,99.55,-0.45,995.5,-4.5,9955.0,-45.0,-2.6,97.4,-2.6,974.0,-26.0,9740.0,-260.0,29.07,129.07,29.07,1290.7,290.7,12907.0,2907.0,171.88,271.88,171.88,2718.8,1718.8,27188.0,17188.0,276.0,376.0,276.0,3760.0,2760.0,37600.0,27600.0,,,,,,,,,,,,,7,strong_buy,1.0,"YTD +172.61%, 1M +30.85%, strong_buy consensus (score 1.49), news sentiment +0.243, but P/E 155.81 elevated.",exceptional YTD return; strong 1M momentum; positive news sentiment; AI catalyst,,,,,
INTC,Intel,Tech,semiconductors,NASDAQ,115.93,-0.12%,-6.40%,+29.52%,+194.39%,+246%,612.818,2.231,,109.04,86223627,501306727,2226754927,,3.01,buy,2.47,-0.12,99.88,-0.12,998.8,-1.2,9988.0,-12.0,-6.4,93.6,-6.4,936.0,-64.0,9360.0,-640.0,29.52,129.52,29.52,1295.2,295.2,12952.0,2952.0,194.39,294.39,194.39,2943.9,1943.9,29439.0,19439.0,246.0,346.0,246.0,3460.0,2460.0,34600.0,24600.0,,,,,,,,,,,,,,,,,,,,,,
TSM,Taiwan Semiconductor,Tech,semiconductors,NYSE,456.94,+1.07%,+1.09%,+10.32%,+44.09%,+62%,2369.907,1.247,33.97,11.93,9876633,43397733,204849433,90.0,0.57,strong_buy,1.38,1.07,101.07,1.07,1010.7,10.7,10107.0,107.0,1.09,101.09,1.09,1010.9,10.9,10109.0,109.0,10.32,110.32,10.32,1103.2,103.2,11032.0,1032.0,44.09,144.09,44.09,1440.9,440.9,14409.0,4409.0,62.0,162.0,62.0,1620.0,620.0,16200.0,6200.0,,,,,,,,,,,,,3,strong_buy,0.8,"Apple and Nvidia boost TSMC chip business; YTD +40.94%, P/E 33.28, strong_buy consensus (score 1.38), low short interest 0.57%.",Apple/Nvidia demand; strong YTD return; low short interest; strong buy consensus,,,,,
AVGO,Broadcom,Tech,semiconductors,NASDAQ,355.1,+1.63%,-2.59%,-3.94%,+2.71%,+6%,1695.116,1.457,45.76,22.73,18872234,100973734,571826434,74.0,1.11,strong_buy,1.26,1.63,101.63,1.63,1016.3,16.3,10163.0,163.0,-2.59,97.41,-2.59,974.1,-25.9,9741.0,-259.0,-3.94,96.06,-3.94,960.6,-39.4,9606.0,-394.0,2.71,102.71,2.71,1027.1,27.1,10271.0,271.0,6.0,106.0,6.0,1060.0,60.0,10600.0,600.0,,,,,,,,,,,,,,,,,,,,,,
QCOM,Qualcomm,Tech,semiconductors,NASDAQ,184.1,-1.97%,-7.15%,+8.58%,+8.09%,+13%,196.63,1.679,21.02,13.1,9979334,63305534,310197934,196.0,4.01,hold,2.59,-1.97,98.03,-1.97,980.3,-19.7,9803.0,-197.0,-7.15,92.85,-7.15,928.5,-71.5,9285.0,-715.0,8.58,108.58,8.58,1085.8,85.8,10858.0,858.0,8.09,108.09,8.09,1080.9,80.9,10809.0,809.0,13.0,113.0,13.0,1130.0,130.0,11300.0,1300.0,,,,,,,,,,,,,,,,,,,,,,
ARM,Arm Holdings,Tech,semiconductors,NASDAQ,293.67,+2.73%,-11.86%,+21.40%,+155.97%,+100%,313.639,3.89,296.64,5.43,6004334,38644534,117215034,,10.69,buy,1.93,2.73,102.73,2.73,1027.3,27.3,10273.0,273.0,-11.86,88.14,-11.86,881.4,-118.6,8814.0,-1186.0,21.4,121.4,21.4,1214.0,214.0,12140.0,2140.0,155.97,255.97,155.97,2559.7,1559.7,25597.0,15597.0,100.0,200.0,100.0,2000.0,1000.0,20000.0,10000.0,,,,,,,,,,,,,,,,,,,,,,
ASML,ASML Holding,Tech,semiconductors,NASDAQ,1834.39,+3.73%,+4.95%,+8.16%,+58.38%,+83%,704.589,1.363,63.54,1.56,1646411,6334711,27811911,51.0,0.38,strong_buy,1.4,3.73,103.73,3.73,1037.3,37.3,10373.0,373.0,4.95,104.95,4.95,1049.5,49.5,10495.0,495.0,8.16,108.16,8.16,1081.6,81.6,10816.0,816.0,58.38,158.38,58.38,1583.8,583.8,15838.0,5838.0,83.0,183.0,83.0,1830.0,830.0,18300.0,8300.0,,,,,,,,,,,,,10,strong_buy,0.7,"YTD +51.43%, 1M +3.40%, strong_buy consensus (score 1.40), low short interest 0.38%, P/E 60.58 reasonable for semi equipment.",strong YTD return; low short interest; strong buy consensus; semiconductor equipment demand,,,,,
MU,Micron Technology,Tech,semiconductors,NASDAQ,1065.08,+0.92%,-2.84%,+11.09%,+237.86%,+530%,1202.894,2.222,24.06,34.83,18673307,105491107,518125107,5.0,2.45,strong_buy,1.37,0.92,100.92,0.92,1009.2,9.2,10092.0,92.0,-2.84,97.16,-2.84,971.6,-28.4,9716.0,-284.0,11.09,111.09,11.09,1110.9,110.9,11109.0,1109.0,237.86,337.86,237.86,3378.6,2378.6,33786.0,23786.0,530.0,630.0,530.0,6300.0,5300.0,63000.0,53000.0,,,,,,,,,,,,,4,strong_buy,0.75,"YTD +232.73%, P/E 23.69 still reasonable, analyst strong_buy (score 1.37), 1M +12.44% momentum, despite slightly negative news sentiment -0.055.",massive YTD gain; low P/E for growth; strong buy consensus; positive 1M momentum,,,,,
AMAT,Applied Materials,Tech,semiconductors,NASDAQ,512.01,+5.46%,+8.37%,+11.70%,+91.11%,+138%,406.329,1.597,44.22,7.76,7129511,27168711,134133111,44.0,1.78,strong_buy,1.45,5.46,105.46,5.46,1054.6,54.6,10546.0,546.0,8.37,108.37,8.37,1083.7,83.7,10837.0,837.0,11.7,111.7,11.7,1117.0,117.0,11170.0,1170.0,91.11,191.11,91.11,1911.1,911.1,19111.0,9111.0,138.0,238.0,138.0,2380.0,1380.0,23800.0,13800.0,,,,,,,,,,,,,,,,,,,,,,
ORCL,Oracle,Tech,enterprise-software,NYSE,137.79,+4.09%,-7.65%,-7.60%,-28.92%,-53%,417.711,1.732,21.6,33.1,45396386,184439186,730736186,151.0,2.73,buy,1.6,4.09,104.09,4.09,1040.9,40.9,10409.0,409.0,-7.65,92.35,-7.65,923.5,-76.5,9235.0,-765.0,-7.6,92.4,-7.6,924.0,-76.0,9240.0,-760.0,-28.92,71.08,-28.92,710.8,-289.2,7108.0,-2892.0,-53.0,47.0,-53.0,470.0,-530.0,4700.0,-5300.0,,,,,,,,,,,,,,,,,,,,,,
CRM,Salesforce,Tech,enterprise-software,NYSE,225.31,-0.97%,-3.42%,-12.36%,-10.55%,-4%,185.43,1.202,20.61,13.77,8572914,51063414,276833814,77.0,4.54,buy,1.74,-0.97,99.03,-0.97,990.3,-9.7,9903.0,-97.0,-3.42,96.58,-3.42,965.8,-34.2,9658.0,-342.0,-12.36,87.64,-12.36,876.4,-123.6,8764.0,-1236.0,-10.55,89.45,-10.55,894.5,-105.5,8945.0,-1055.0,-4.0,96.0,-4.0,960.0,-40.0,9600.0,-400.0,,,,,,,,,,,,,,,,,,,,,,
ADBE,Adobe,Tech,enterprise-software,NASDAQ,233.17,+0.76%,-2.13%,-20.36%,-30.04%,-35%,92.685,1.417,13.03,5.27,4031744,19901944,117348244,,5.21,hold,2.77,0.76,100.76,0.76,1007.6,7.6,10076.0,76.0,-2.13,97.87,-2.13,978.7,-21.3,9787.0,-213.0,-20.36,79.64,-20.36,796.4,-203.6,7964.0,-2036.0,-30.04,69.96,-30.04,699.6,-300.4,6996.0,-3004.0,-35.0,65.0,-35.0,650.0,-350.0,6500.0,-3500.0,,,,,,,,,,,,,,,,,,,,,,
NOW,ServiceNow,Tech,enterprise-software,NYSE,129.94,-0.85%,-5.15%,-12.20%,-11.88%,-29%,134.34,0.972,81.21,18.94,9747928,50868428,283618728,,2.79,strong_buy,1.43,-0.85,99.15,-0.85,991.5,-8.5,9915.0,-85.0,-5.15,94.85,-5.15,948.5,-51.5,9485.0,-515.0,-12.2,87.8,-12.2,878.0,-122.0,8780.0,-1220.0,-11.88,88.12,-11.88,881.2,-118.8,8812.0,-1188.0,-29.0,71.0,-29.0,710.0,-290.0,7100.0,-2900.0,,,,,,,,,,,,,,,,,,,,,,
SNOW,Snowflake,Tech,enterprise-software,NYSE,330.31,+0.48%,-1.87%,-0.34%,+52.42%,+45%,116.533,1.328,,4.89,5701377,20081577,117696977,,5.45,strong_buy,1.5,0.48,100.48,0.48,1004.8,4.8,10048.0,48.0,-1.87,98.13,-1.87,981.3,-18.7,9813.0,-187.0,-0.34,99.66,-0.34,996.6,-3.4,9966.0,-34.0,52.42,152.42,52.42,1524.2,524.2,15242.0,5242.0,45.0,145.0,45.0,1450.0,450.0,14500.0,4500.0,,,,,,,,,,,,,,,,,,,,,,
INTU,Intuit,Tech,enterprise-software,NASDAQ,268.03,-0.73%,-8.32%,-25.40%,-57.02%,-61%,71.627,0.976,16.28,4.03,3621708,18823208,75463708,205.0,3.02,buy,2.06,-0.73,99.27,-0.73,992.7,-7.3,9927.0,-73.0,-8.32,91.68,-8.32,916.8,-83.2,9168.0,-832.0,-25.4,74.6,-25.4,746.0,-254.0,7460.0,-2540.0,-57.02,42.98,-57.02,429.8,-570.2,4298.0,-5702.0,-61.0,39.0,-61.0,390.0,-610.0,3900.0,-6100.0,,,,,,,,,,,,,,,,,,,,,,
CRWD,CrowdStrike,Tech,cybersecurity,NASDAQ,262.74,+1.35%,+5.07%,+13.74%,+131.70%,+111%,269.029,1.255,8758.0,9.92,6966596,45195296,246051096,,2.77,buy,1.7,1.35,101.35,1.35,1013.5,13.5,10135.0,135.0,5.07,105.07,5.07,1050.7,50.7,10507.0,507.0,13.74,113.74,13.74,1137.4,137.4,11374.0,1374.0,131.7,231.7,131.7,2317.0,1317.0,23170.0,13170.0,111.0,211.0,111.0,2110.0,1110.0,21100.0,11100.0,,,,,,,,,,,,,6,buy,0.732,"YTD +122.71%, 1M +15.63%, news sentiment +0.455 (highest in universe), analyst buy (score 1.70), though P/E extremely high at 8418.",very high news sentiment; strong YTD and 1M momentum; cybersecurity demand; buy consensus,,,,,
PANW,Palo Alto Networks,Tech,cybersecurity,NASDAQ,388.41,-1.17%,+3.69%,+1.64%,+116.54%,+93%,317.72,0.908,995.92,6.5,5086985,26234585,147275685,,2.69,buy,1.71,-1.17,98.83,-1.17,988.3,-11.7,9883.0,-117.0,3.69,103.69,3.69,1036.9,36.9,10369.0,369.0,1.64,101.64,1.64,1016.4,16.4,10164.0,164.0,116.54,216.54,116.54,2165.4,1165.4,21654.0,11654.0,93.0,193.0,93.0,1930.0,930.0,19300.0,9300.0,,,,,,,,,,,,,9,buy,0.66,"YTD +110.67%, 1M +1.69%, news sentiment +0.319, analyst buy (score 1.71), but P/E 921.63 very high.",strong YTD return; positive news sentiment; cybersecurity leader; buy consensus,,,,,
NET,Cloudflare,Tech,cybersecurity,NYSE,352.26,-0.87%,-0.21%,+15.45%,+79.71%,+65%,125.433,1.664,,3.41,2146971,14215571,66528571,,2.71,buy,1.97,-0.87,99.13,-0.87,991.3,-8.7,9913.0,-87.0,-0.21,99.79,-0.21,997.9,-2.1,9979.0,-21.0,15.45,115.45,15.45,1154.5,154.5,11545.0,1545.0,79.71,179.71,79.71,1797.1,797.1,17971.0,7971.0,65.0,165.0,65.0,1650.0,650.0,16500.0,6500.0,,,,,,,,,,,,,8,buy,0.6,"YTD +76.37%, 1M +15.30%, analyst buy (score 1.97), but news sentiment -0.04 slightly negative and P/E null.",strong YTD and 1M momentum; cybersecurity growth; buy consensus; cloud security demand,,,,,
FTNT,Fortinet,Tech,cybersecurity,NASDAQ,175.96,-0.31%,+0.98%,+2.94%,+125.94%,+110%,129.105,1.059,62.4,4.82,2487418,14995418,90423918,,2.26,hold,2.77,-0.31,99.69,-0.31,996.9,-3.1,9969.0,-31.0,0.98,100.98,0.98,1009.8,9.8,10098.0,98.0,2.94,102.94,2.94,1029.4,29.4,10294.0,294.0,125.94,225.94,125.94,2259.4,1259.4,22594.0,12594.0,110.0,210.0,110.0,2100.0,1100.0,21000.0,11000.0,,,,,,,,,,,,,,,,,,,,,,
NFLX,Netflix,Tech,consumer-platform,NASDAQ,70.3,+1.56%,-2.58%,-13.26%,-22.74%,-42%,292.725,1.526,22.11,37.7,33202113,160802913,696165113,,2.28,buy,1.84,1.56,101.56,1.56,1015.6,15.6,10156.0,156.0,-2.58,97.42,-2.58,974.2,-25.8,9742.0,-258.0,-13.26,86.74,-13.26,867.4,-132.6,8674.0,-1326.0,-22.74,77.26,-22.74,772.6,-227.4,7726.0,-2274.0,-42.0,58.0,-42.0,580.0,-420.0,5800.0,-4200.0,,,,,,,,,,,,,,,,,,,,,,
SHOP,Shopify,Tech,consumer-platform,NYSE,148.26,+2.87%,+0.35%,+0.60%,-5.69%,-3%,192.39,2.616,100.18,9.49,8571374,53067474,219985974,,1.36,buy,1.69,2.87,102.87,2.87,1028.7,28.7,10287.0,287.0,0.35,100.35,0.35,1003.5,3.5,10035.0,35.0,0.6,100.6,0.6,1006.0,6.0,10060.0,60.0,-5.69,94.31,-5.69,943.1,-56.9,9431.0,-569.0,-3.0,97.0,-3.0,970.0,-30.0,9700.0,-300.0,,,,,,,,,,,,,,,,,,,,,,
SPOT,Spotify,Tech,consumer-platform,NYSE,493.66,-0.77%,-1.52%,-9.19%,-14.15%,-29%,101.488,1.586,27.26,1.69,1502594,6642494,30466694,,2.86,buy,1.55,-0.77,99.23,-0.77,992.3,-7.7,9923.0,-77.0,-1.52,98.48,-1.52,984.8,-15.2,9848.0,-152.0,-9.19,90.81,-9.19,908.1,-91.9,9081.0,-919.0,-14.15,85.85,-14.15,858.5,-141.5,8585.0,-1415.0,-29.0,71.0,-29.0,710.0,-290.0,7100.0,-2900.0,,,,,,,,,,,,,,,,,,,,,,
UBER,Uber,Tech,consumer-platform,NYSE,69.36,+1.74%,-0.76%,-8.31%,-16.29%,-30%,141.673,1.159,15.21,18.09,14674548,74822448,391234448,,2.32,buy,1.57,1.74,101.74,1.74,1017.4,17.4,10174.0,174.0,-0.76,99.24,-0.76,992.4,-7.6,9924.0,-76.0,-8.31,91.69,-8.31,916.9,-83.1,9169.0,-831.0,-16.29,83.71,-16.29,837.1,-162.9,8371.0,-1629.0,-30.0,70.0,-30.0,700.0,-300.0,7000.0,-3000.0,,,,,,,,,,,,,,,,,,,,,,
CSCO,Cisco Systems,Tech,hardware-infra,NASDAQ,106.94,+0.00%,+0.47%,-3.21%,+41.93%,+56%,421.621,0.992,32.11,20.36,11727203,101024903,380819803,157.0,1.46,buy,1.82,0.0,100.0,0.0,1000.0,0.0,10000.0,0.0,0.47,100.47,0.47,1004.7,4.7,10047.0,47.0,-3.21,96.79,-3.21,967.9,-32.1,9679.0,-321.0,41.93,141.93,41.93,1419.3,419.3,14193.0,4193.0,56.0,156.0,56.0,1560.0,560.0,15600.0,5600.0,,,,,,,,,,,,,,,,,,,,,,
PLTR,Palantir Technologies,Tech,hardware-infra,NASDAQ,186.97,-0.51%,+1.07%,+0.32%,+11.38%,+3%,449.3,1.621,158.45,36.51,14094847,108161447,534743947,,2.8,buy,1.84,-0.51,99.49,-0.51,994.9,-5.1,9949.0,-51.0,1.07,101.07,1.07,1010.7,10.7,10107.0,107.0,0.32,100.32,0.32,1003.2,3.2,10032.0,32.0,11.38,111.38,11.38,1113.8,113.8,11138.0,1138.0,3.0,103.0,3.0,1030.0,30.0,10300.0,300.0,,,,,,,,,,,,,,,,,,,,,,
