ticker,company_name,sector,category,exchange,price_usd,change_1d,change_1w,change_1m,change_ytd,return_1yr,market_cap_usd_b,beta,pe_ratio,avg_volume_m,vol_1d,vol_1w,vol_1m,div_yield_pct,short_pct,analyst,analyst_score,pct_1d,val_100_1d,profit_100_1d,val_1000_1d,profit_1000_1d,val_10000_1d,profit_10000_1d,pct_1w,val_100_1w,profit_100_1w,val_1000_1w,profit_1000_1w,val_10000_1w,profit_10000_1w,pct_1m,val_100_1m,profit_100_1m,val_1000_1m,profit_1000_1m,val_10000_1m,profit_10000_1m,pct_ytd,val_100_ytd,profit_100_ytd,val_1000_ytd,profit_1000_ytd,val_10000_ytd,profit_10000_ytd,pct_1y,val_100_1y,profit_100_1y,val_1000_1y,profit_1000_1y,val_10000_1y,profit_10000_1y,news1_title,news1_publisher,news1_date,news1_sentiment,news2_title,news2_publisher,news2_date,news2_sentiment,news3_title,news3_publisher,news3_date,news3_sentiment,signal_rank,signal,signal_confidence,signal_rationale,signal_drivers,portfolio_held,portfolio_quantity,portfolio_avg_price,portfolio_ppl,portfolio_total_value
SNDK,SanDisk Corporation,AI,memory,NASDAQ,1237.92,+1.47%,-3.89%,-26.05%,+349.76%,+2695%,180.736,,16.8,13.59,10437914,74537714,351386214,,8.28,buy,1.57,1.47,101.47,1.47,1014.7,14.7,10147.0,147.0,-3.89,96.11,-3.89,961.1,-38.9,9611.0,-389.0,-26.05,73.95,-26.05,739.5,-260.5,7395.0,-2605.0,349.76,449.76,349.76,4497.6,3497.6,44976.0,34976.0,2695.0,2795.0,2695.0,27950.0,26950.0,279500.0,269500.0,"Memory chip crunch could last 2 more years, JPMorgan says",Yahoo Finance Video,2026-08-10,0.0,Sandisk Stock Jumps After Top Analyst Says 'Pullback Is a Buying Opportunity',GuruFocus.com,2026-08-10,0.557,Sandisk Stock Sold Off on Earnings and Was Rewarded With an Upgrade,Barrons.com,2026-08-10,0.494,,,,,,,,,,
WDC,Western Digital,AI,memory,NASDAQ,438.34,+0.81%,-16.86%,-21.10%,+133.70%,+482%,,2.217,18.05,8.51,6431359,51859259,173068159,14.0,7.61,buy,1.58,0.81,100.81,0.81,1008.1,8.1,10081.0,81.0,-16.86,83.14,-16.86,831.4,-168.6,8314.0,-1686.0,-21.1,78.9,-21.1,789.0,-211.0,7890.0,-2110.0,133.7,233.7,133.7,2337.0,1337.0,23370.0,13370.0,482.0,582.0,482.0,5820.0,4820.0,58200.0,48200.0,Western Digital (WDC) Is Down 17.6% After AI-Fueled Earnings Surge And Dividend Boost - Has The Bull Case Changed?,Simply Wall St.,2026-08-10,0.402,The Next Breakout For This Tech Stock Could Be Hiding in Plain Sight,24/7 Wall St.,2026-08-10,-0.296,The Two Primary Risks For SanDisk And What to Do Now,24/7 Wall St.,2026-08-10,-0.273,,,,,,,,,,
285A,Kioxia Holdings,AI,memory,TSE,301.55,+0.06%,-2.34%,-37.65%,+323.00%,+1723%,165.023,,47.67,41.72,32549100,219471900,1012575500,,,buy,1.56,0.06,100.06,0.06,1000.6,0.6,10006.0,6.0,-2.34,97.66,-2.34,976.6,-23.4,9766.0,-234.0,-37.65,62.35,-37.65,623.5,-376.5,6235.0,-3765.0,323.0,423.0,323.0,4230.0,3230.0,42300.0,32300.0,1723.0,1823.0,1723.0,18230.0,17230.0,182300.0,172300.0,Kioxia Beats Japan’s Next-Best Stock 4x Over. Success or Bust?,BeInCrypto,2026-08-06,0.572,Asia Hedge Funds Suffer Widespread Losses in July Market Rout,Bloomberg,2026-08-04,-0.735,"European Indexes Rise in Strong Open as AI, Defense Stocks Gain",The Wall Street Journal,2026-08-04,0.802,,,,,,,,,,
MU,Micron Technology,AI,memory,NASDAQ,861.0,-2.16%,+3.80%,-8.11%,+173.13%,+609%,,2.213,19.47,52.15,26187104,168612304,938186904,6.0,3.21,strong_buy,1.41,-2.16,97.84,-2.16,978.4,-21.6,9784.0,-216.0,3.8,103.8,3.8,1038.0,38.0,10380.0,380.0,-8.11,91.89,-8.11,918.9,-81.1,9189.0,-811.0,173.13,273.13,173.13,2731.3,1731.3,27313.0,17313.0,609.0,709.0,609.0,7090.0,6090.0,70900.0,60900.0,"Memory chip crunch could last 2 more years, JPMorgan says",Yahoo Finance Video,2026-08-10,0.0,"Micron poised for ""structural reset"" in earnings power, UBS says, as HBM squeeze tightens further",Proactive,2026-08-10,0.25,Micron Stock Rises Despite Reported Apple Supplier Threat,GuruFocus.com,2026-08-10,-0.527,,,,,,,,,,
STX,Seagate Technology,AI,memory,NASDAQ,800.99,-1.66%,-3.62%,-6.93%,+179.25%,+436%,181.54,2.102,57.63,4.68,4057809,24849909,118407009,36.0,3.7,strong_buy,1.44,-1.66,98.34,-1.66,983.4,-16.6,9834.0,-166.0,-3.62,96.38,-3.62,963.8,-36.2,9638.0,-362.0,-6.93,93.07,-6.93,930.7,-69.3,9307.0,-693.0,179.25,279.25,179.25,2792.5,1792.5,27925.0,17925.0,436.0,536.0,436.0,5360.0,4360.0,53600.0,43600.0,Does STX Stock Still Have More Room to Run After Solid Q4 Earnings?,Zacks,2026-08-10,0.153,Seagate Technology (STX) Could Keep Surging as Storage Prices Rise,Insider Monkey,2026-08-10,0.0,US Stock Market Today: S&P 500 Futures Climb On Softer Jobs Data And Yields,Simply Wall St.,2026-08-10,0.0,,,,,,,,,,
MRVL,Marvell Technology,AI,memory,NASDAQ,208.56,-4.65%,+7.63%,+0.00%,+133.66%,+183%,187.192,2.246,71.67,41.7,20416603,107648403,499905703,11.0,4.34,strong_buy,1.42,-4.65,95.35,-4.65,953.5,-46.5,9535.0,-465.0,7.63,107.63,7.63,1076.3,76.3,10763.0,763.0,0.0,100.0,0.0,1000.0,0.0,10000.0,0.0,133.66,233.66,133.66,2336.6,1336.6,23366.0,13366.0,183.0,283.0,183.0,2830.0,1830.0,28300.0,18300.0,Marvell Technology Stock's Multiple Leans On Profit From Below The Operating Line,Trefis,2026-08-10,0.44,Nvidia Stock Slips as Its AI Investments Draw Fresh Scrutiny,Barrons.com,2026-08-10,0.318,Broadcom’s Brilliant Positioning is Why I Am Loading Up Over and Over,24/7 Wall St.,2026-08-10,0.586,,,,,,,,,,
P,Everpure,AI,memory,NYSE,97.98,+9.35%,+22.26%,+30.02%,+41.98%,+57%,,1.414,148.45,3.33,4367124,14689024,50881724,,4.43,none,,9.35,109.35,9.35,1093.5,93.5,10935.0,935.0,22.26,122.26,22.26,1222.6,222.6,12226.0,2226.0,30.02,130.02,30.02,1300.2,300.2,13002.0,3002.0,41.98,141.98,41.98,1419.8,419.8,14198.0,4198.0,57.0,157.0,57.0,1570.0,570.0,15700.0,5700.0,"Memory Price Surge Accelerating IT Hardware Spending, Morgan Stanley Says",MT Newswires,2026-08-10,0.0,Does STX Stock Still Have More Room to Run After Solid Q4 Earnings?,Zacks,2026-08-10,0.153,"Apple downgraded, HPE upgraded: Wall Street's top analyst calls",The Fly,2026-08-10,0.202,8,buy,0.65,"P shows strong momentum with +30.49% YTD and +15.85% 1M, with positive news sentiment 0.151. Despite high P/E of 136.44, the momentum and sentiment support a buy.","+30.49% YTD, +15.85% 1M; Positive news sentiment 0.151; Momentum in memory sector; High P/E but strong momentum",,,,,
RR.,Rolls-Royce Holdings,AI,nuclear-ops,LSE,20.8,+0.65%,+2.21%,+7.07%,+28.67%,+41%,1.718,1.19,42.78,26.28,25664452,104748609,506113023,78.0,,buy,1.6,0.65,100.65,0.65,1006.5,6.5,10065.0,65.0,2.21,102.21,2.21,1022.1,22.1,10221.0,221.0,7.07,107.07,7.07,1070.7,70.7,10707.0,707.0,28.67,128.67,28.67,1286.7,286.7,12867.0,2867.0,41.0,141.0,41.0,1410.0,410.0,14100.0,4100.0,Is Rolls-Royce Holdings (LSE:RR.) Fully Priced After Profit Upgrades?,Simply Wall St.,2026-08-08,0.488,"Is Rolls-Royce Holdings (LSE:RR.) Fully Valued After Buybacks, Half Year Results And A Dividend Increase?",Simply Wall St.,2026-08-08,0.67,Rolls Royce Holdings (LSE:RR.) Stock Fair Value Rises After Analysts Lift Targets,Simply Wall St.,2026-08-07,0.572,,,,,,,,,,
CEG,Constellation Energy,AI,nuclear-ops,NASDAQ,270.43,+0.26%,-1.20%,+4.99%,-25.95%,-19%,95.816,1.118,26.43,3.72,1886748,16323648,59216348,63.0,3.33,buy,1.52,0.26,100.26,0.26,1002.6,2.6,10026.0,26.0,-1.2,98.8,-1.2,988.0,-12.0,9880.0,-120.0,4.99,104.99,4.99,1049.9,49.9,10499.0,499.0,-25.95,74.05,-25.95,740.5,-259.5,7405.0,-2595.0,-19.0,81.0,-19.0,810.0,-190.0,8100.0,-1900.0,Constellation (CEG) Locks In More Power Deals As Nuclear Output Slips,Insider Monkey,2026-08-09,0.0,"Constellation Signed 920 Megawatts of New Power Deals, Including a Walmart PPA. Here's What It Means for CEG Stock.",Motley Fool,2026-08-07,0.0,Constellation Energy Stock: Analyst Estimates & Ratings,Barchart,2026-08-07,0.273,,,,,,,,,,
VST,Vistra Corp,AI,nuclear-ops,NYSE,142.87,+1.40%,-8.38%,-9.64%,-13.29%,-30%,48.173,1.433,23.97,4.84,3814327,34681327,104041027,65.0,4.32,strong_buy,1.35,1.4,101.4,1.4,1014.0,14.0,10140.0,140.0,-8.38,91.62,-8.38,916.2,-83.8,9162.0,-838.0,-9.64,90.36,-9.64,903.6,-96.4,9036.0,-964.0,-13.29,86.71,-13.29,867.1,-132.9,8671.0,-1329.0,-30.0,70.0,-30.0,700.0,-300.0,7000.0,-3000.0,Vistra (VST) Q2 Earnings: Taking a Look at Key Metrics Versus Estimates,Zacks,2026-08-10,0.0,Vistra Corp (VST) Stock’s Underperformance Could Open Up a Contrarian Options Trade,Barchart,2026-08-10,0.0,"Vistra supports Texas data center pause, execs say",Utility Dive,2026-08-10,0.361,,,,,,,,,,
TLN,Talen Energy,AI,nuclear-ops,NASDAQ,343.19,-1.52%,-0.38%,-13.41%,-13.50%,-6%,16.444,1.673,,0.84,628765,4376465,15418065,,5.9,buy,1.59,-1.52,98.48,-1.52,984.8,-15.2,9848.0,-152.0,-0.38,99.62,-0.38,996.2,-3.8,9962.0,-38.0,-13.41,86.59,-13.41,865.9,-134.1,8659.0,-1341.0,-13.5,86.5,-13.5,865.0,-135.0,8650.0,-1350.0,-6.0,94.0,-6.0,940.0,-60.0,9400.0,-600.0,TLN Q2 Earnings Call Emphasizes Cash Flow and Data Center Strategy,Zacks,2026-08-07,0.0,Talen Energy Q2 Earnings Call Highlights,MarketBeat,2026-08-06,0.273,"Talen Energy Corp (TLN) (Q2 2026) Earnings Call Highlights: Strong Cash Flow, Raised Guidance, ...",GuruFocus.com,2026-08-06,0.66,,,,,,,,,,
BEP,Brookfield Renewable,AI,nuclear-ops,NYSE,32.66,-1.03%,-3.03%,+2.51%,+19.62%,+34%,15.888,0.995,,0.89,891944,5123544,22887944,472.0,0.4,buy,2.38,-1.03,98.97,-1.03,989.7,-10.3,9897.0,-103.0,-3.03,96.97,-3.03,969.7,-30.3,9697.0,-303.0,2.51,102.51,2.51,1025.1,25.1,10251.0,251.0,19.62,119.62,19.62,1196.2,196.2,11962.0,1962.0,34.0,134.0,34.0,1340.0,340.0,13400.0,3400.0,The AI-adjacent portfolio: Six Canadian stocks that could benefit from the AI buildout,Financial Post,2026-08-07,0.459,Cameco Gains 7% Despite Q2 Earnings Miss: How to Play the Stock?,Zacks,2026-08-06,0.642,New Strong Sell Stocks for August 4th,Zacks,2026-08-04,0.511,,,,,,,,,,
BEPC,Brookfield Renewable Corp,AI,nuclear-ops,NYSE,33.22,-1.54%,-2.75%,-2.81%,-15.14%,+2%,6.166,1.166,,1.59,1565505,10929405,41755805,465.0,,hold,3.17,-1.54,98.46,-1.54,984.6,-15.4,9846.0,-154.0,-2.75,97.25,-2.75,972.5,-27.5,9725.0,-275.0,-2.81,97.19,-2.81,971.9,-28.1,9719.0,-281.0,-15.14,84.86,-15.14,848.6,-151.4,8486.0,-1514.0,2.0,102.0,2.0,1020.0,20.0,10200.0,200.0,Why Cameco's Ugly Earnings Miss Might Be Good News in Disguise,Motley Fool,2026-08-08,-0.459,Brookfield Renewable Q2 Earnings Call Highlights,MarketBeat,2026-07-31,0.0,Brookfield Renewable Corporation Q2 2026 Earnings Call Summary,Moby,2026-07-31,0.0,,,,,,,,,,
GEV,GE Vernova,AI,smr,NYSE,990.85,+0.09%,-1.58%,-4.96%,+46.08%,+52%,263.897,1.033,28.42,2.86,1578929,9710429,58258629,20.0,3.8,buy,1.58,0.09,100.09,0.09,1000.9,0.9,10009.0,9.0,-1.58,98.42,-1.58,984.2,-15.8,9842.0,-158.0,-4.96,95.04,-4.96,950.4,-49.6,9504.0,-496.0,46.08,146.08,46.08,1460.8,460.8,14608.0,4608.0,52.0,152.0,52.0,1520.0,520.0,15200.0,5200.0,GE Vernova (GEV) Wind Orders Rise Even As India Trims Doubts,Insider Monkey,2026-08-10,-0.296,Is GE Vernova Stock a Buy After Its 25.2% Six-Month Rally?,Zacks,2026-08-10,0.0,Does AirJoule Technologies (AIRJ) Using GE Vernova’s Campus Showcase Reframe Its Industrial Water Strategy?,Simply Wall St.,2026-08-08,0.0,,,,,,,,,,
BWXT,BWX Technologies,AI,smr,NYSE,168.88,-0.85%,-2.83%,-4.66%,-6.88%,-4%,15.473,0.76,43.75,0.98,377986,4498086,19896086,62.0,4.13,buy,1.81,-0.85,99.15,-0.85,991.5,-8.5,9915.0,-85.0,-2.83,97.17,-2.83,971.7,-28.3,9717.0,-283.0,-4.66,95.34,-4.66,953.4,-46.6,9534.0,-466.0,-6.88,93.12,-6.88,931.2,-68.8,9312.0,-688.0,-4.0,96.0,-4.0,960.0,-40.0,9600.0,-400.0,Advance Auto Parts vs. BWX Technologies: Is an Auto Parts Retailer or a Nuclear Energy Pioneer the Better Buy in 2026?,Motley Fool,2026-08-07,0.612,This Congresswoman Keeps Buying AI and Nuclear Stocks. Hedge Funds Are Split,Insider Monkey,2026-08-07,0.0,3 Nuclear Energy Stocks Powering the AI Boom in August,24/7 Wall St.,2026-08-07,0.273,,,,,,,,,,
SMR,NuScale Power,AI,smr,NYSE,9.18,-6.71%,+1.89%,+9.94%,-43.72%,-74%*,3.767,2.306,,32.91,21579091,143026791,646567891,,23.15,hold,2.56,-6.71,93.29,-6.71,932.9,-67.1,9329.0,-671.0,1.89,101.89,1.89,1018.9,18.9,10189.0,189.0,9.94,109.94,9.94,1099.4,99.4,10994.0,994.0,-43.72,56.28,-43.72,562.8,-437.2,5628.0,-4372.0,-74.0,26.0,-74.0,260.0,-740.0,2600.0,-7400.0,AI Data Centers Need Power Now. Can NuScale Deliver in Time?,Motley Fool,2026-08-10,0.0,NuScale Power Stock Barely Budged After Earnings. Time to Buy?,Motley Fool,2026-08-10,0.0,"OKLO Q2 Loss Widens Y/Y, Misses Estimates on Higher Costs",Zacks,2026-08-10,-0.494,,,,,,,,,,
OKLO,Oklo Inc,AI,smr,NYSE,44.49,-8.31%,+7.93%,-2.88%,-42.81%,-33%*,7.74,1.201,,11.59,14092459,60955059,203306359,,18.39,buy,2.04,-8.31,91.69,-8.31,916.9,-83.1,9169.0,-831.0,7.93,107.93,7.93,1079.3,79.3,10793.0,793.0,-2.88,97.12,-2.88,971.2,-28.8,9712.0,-288.0,-42.81,57.19,-42.81,571.9,-428.1,5719.0,-4281.0,-33.0,67.0,-33.0,670.0,-330.0,6700.0,-3300.0,Uranium Energy vs. Oklo: Which Nuclear Fuel Play Wins in 2026?,Motley Fool,2026-08-10,0.802,"OKLO Q2 Loss Widens Y/Y, Misses Estimates on Higher Costs",Zacks,2026-08-10,-0.494,"Should You Buy, Sell or Hold NuScale Stock Post Q2 Earnings?",Zacks,2026-08-10,0.0,,,,,,,,,,
NNE,NANO Nuclear Energy,AI,smr,NASDAQ,18.57,-1.59%,+5.63%,+3.05%,-32.74%,-46%*,0.997,5.409,,2.66,1492195,8728695,43329595,,33.42,buy,1.57,-1.59,98.41,-1.59,984.1,-15.9,9841.0,-159.0,5.63,105.63,5.63,1056.3,56.3,10563.0,563.0,3.05,103.05,3.05,1030.5,30.5,10305.0,305.0,-32.74,67.26,-32.74,672.6,-327.4,6726.0,-3274.0,-46.0,54.0,-46.0,540.0,-460.0,5400.0,-4600.0,"NANO Nuclear to Report Q3 Earnings:  Buy, Hold or Sell the Stock?",Zacks,2026-08-10,0.0,Only 2 of These 5 Nuclear Stocks Sell Fuel Today. Here's What the Market Pays for the Other 3.,Motley Fool,2026-08-08,0.0,Oklo Is Still Down 33% This Year. What Will It Take to Get OKLO Stock Back to $100?,24/7 Wall St.,2026-08-07,0.0,,,,,,,,,,
CCJ,Cameco Corporation,AI,uranium,NYSE,97.31,-0.19%,+8.46%,+7.88%,-1.27%,+25%,42.382,0.992,170.72,3.47,1766846,14956946,82875346,18.0,,buy,1.62,-0.19,99.81,-0.19,998.1,-1.9,9981.0,-19.0,8.46,108.46,8.46,1084.6,84.6,10846.0,846.0,7.88,107.88,7.88,1078.8,78.8,10788.0,788.0,-1.27,98.73,-1.27,987.3,-12.7,9873.0,-127.0,25.0,125.0,25.0,1250.0,250.0,12500.0,2500.0,Cameco vs. Uranium Energy: Which Uranium Stock Wins the Nuclear Restart?,Motley Fool,2026-08-10,0.7,Cameco (TSX:CCO) Stock May Be 13% Overvalued Following UBS Upgrade,Simply Wall St.,2026-08-10,0.0,Energy Fuels Q2 Earnings Call Highlights,MarketBeat,2026-08-09,0.273,,,,,,,,,,
UEC,Uranium Energy Corp,AI,uranium,NYSE,11.38,+0.80%,+14.14%,+13.01%,-13.20%,+16%,,1.208,,9.98,6324664,39796064,175784664,,14.14,none,,0.8,100.8,0.8,1008.0,8.0,10080.0,80.0,14.14,114.14,14.14,1141.4,141.4,11414.0,1414.0,13.01,113.01,13.01,1130.1,130.1,11301.0,1301.0,-13.2,86.8,-13.2,868.0,-132.0,8680.0,-1320.0,16.0,116.0,16.0,1160.0,160.0,11600.0,1600.0,Uranium Energy vs. Oklo: Which Nuclear Fuel Play Wins in 2026?,Motley Fool,2026-08-10,0.802,Cameco vs. Uranium Energy: Which Uranium Stock Wins the Nuclear Restart?,Motley Fool,2026-08-10,0.7,"LEU's Q2 Earnings Beat, Revenues up Y/Y on Strong Uranium Sales",Zacks,2026-08-06,0.511,10,buy,0.6,"UEC has strong momentum with +13.39% 1M and +17.29% 1W, with very positive news sentiment 0.462. Despite no analyst coverage, the uranium sector is benefiting from AI-driven nuclear demand.","+13.39% 1M, +17.29% 1W; Very positive news sentiment 0.462; Uranium sector demand; Momentum despite no analyst coverage",,,,,
LEU,Centrus Energy,AI,uranium,NYSE,189.34,-0.87%,+2.48%,+21.33%,-30.52%,-13%,3.778,1.35,,0.86,433845,3203045,17432745,,26.55,buy,1.71,-0.87,99.13,-0.87,991.3,-8.7,9913.0,-87.0,2.48,102.48,2.48,1024.8,24.8,10248.0,248.0,21.33,121.33,21.33,1213.3,213.3,12133.0,2133.0,-30.52,69.48,-30.52,694.8,-305.2,6948.0,-3052.0,-13.0,87.0,-13.0,870.0,-130.0,8700.0,-1300.0,LEU Q2 Deep Dive: Backlog Growth and Expansion Plans Meet Margin Pressures,StockStory,2026-08-10,0.077,Centrus Energy (LEU) Secures Reactor Fuel Contract That Funds Enrichment Buildout,Simply Wall St.,2026-08-09,0.527,Centrus Energy (LEU) Stock Fair Value Edges Lower As Analysts Weigh Growth Against Risks,Simply Wall St.,2026-08-09,0.625,9,buy,0.6,"LEU has rebounded with +14.96% 1M and +8.16% 1W, driven by a reactor fuel contract that funds enrichment buildout. News sentiment is positive at 0.285, though short interest is high at 26.55%.","+14.96% 1M, +8.16% 1W; Reactor fuel contract; Positive news sentiment 0.285; High short interest but momentum",,,,,
VRT,Vertiv Holdings,AI,power-infra,NYSE,270.1,-1.37%,+2.68%,-11.69%,+53.88%,+95%,103.986,2.077,61.25,6.46,2843682,23571282,131821682,9.0,2.92,strong_buy,1.39,-1.37,98.63,-1.37,986.3,-13.7,9863.0,-137.0,2.68,102.68,2.68,1026.8,26.8,10268.0,268.0,-11.69,88.31,-11.69,883.1,-116.9,8831.0,-1169.0,53.88,153.88,53.88,1538.8,538.8,15388.0,5388.0,95.0,195.0,95.0,1950.0,950.0,19500.0,9500.0,AI Needs More Than GPUs. These 3 Stocks Are Building Everything Around Them,24/7 Wall St.,2026-08-10,0.0,Who Really Benefits as Sovereign AI Infrastructure Spending Explodes?,24/7 Wall St.,2026-08-10,0.439,Best Growth Stocks to Buy for August 10th,Zacks,2026-08-10,0.778,,,,,,,,,,
ETN,Eaton Corporation,AI,power-infra,NYSE,444.96,-0.70%,+1.79%,+10.72%,+37.08%,+25%,172.822,1.177,45.27,2.52,998376,9680276,51513776,98.0,2.06,buy,1.56,-0.7,99.3,-0.7,993.0,-7.0,9930.0,-70.0,1.79,101.79,1.79,1017.9,17.9,10179.0,179.0,10.72,110.72,10.72,1107.2,107.2,11072.0,1072.0,37.08,137.08,37.08,1370.8,370.8,13708.0,3708.0,25.0,125.0,25.0,1250.0,250.0,12500.0,2500.0,AI Needs More Than GPUs. These 3 Stocks Are Building Everything Around Them,24/7 Wall St.,2026-08-10,0.0,Who Really Benefits as Sovereign AI Infrastructure Spending Explodes?,24/7 Wall St.,2026-08-10,0.439,Eaton (ETN) Q2 2026 Earnings Call Transcript,Motley Fool,2026-08-08,0.0,,,,,,,,,,
POWL,Powell Industries,AI,power-infra,NASDAQ,207.22,-3.58%,-5.69%,-8.17%,+76.49%,+140%,7.55,1.216,39.62,0.77,672926,4254926,18158026,17.0,9.73,buy,2.25,-3.58,96.42,-3.58,964.2,-35.8,9642.0,-358.0,-5.69,94.31,-5.69,943.1,-56.9,9431.0,-569.0,-8.17,91.83,-8.17,918.3,-81.7,9183.0,-817.0,76.49,176.49,76.49,1764.9,764.9,17649.0,7649.0,140.0,240.0,140.0,2400.0,1400.0,24000.0,14000.0,POWL Q3 Earnings Call Highlights Record Orders and Capacity Push,Zacks,2026-08-05,0.0,"Why Powell Industries (POWL) Is Up 13.4% After Record Orders, Backlog Surge And Dividend Declaration",Simply Wall St.,2026-08-05,0.0,Is Powell Industries (POWL) Undervalued As Record Orders Push Backlog Past $2 Billion?,Simply Wall St.,2026-08-05,0.0,,,,,,,,,,
EQIX,Equinix,AI,dc-operators,NASDAQ,1043.38,+0.06%,+1.16%,+0.37%,+37.97%,+34%,102.952,0.972,67.14,0.6,532953,3314953,12267053,198.0,2.18,buy,1.53,0.06,100.06,0.06,1000.6,0.6,10006.0,6.0,1.16,101.16,1.16,1011.6,11.6,10116.0,116.0,0.37,100.37,0.37,1003.7,3.7,10037.0,37.0,37.97,137.97,37.97,1379.7,379.7,13797.0,3797.0,34.0,134.0,34.0,1340.0,340.0,13400.0,3400.0,"Cipher Digital Delivered Early, But Its Growth Waits On Texas",Trefis,2026-08-10,0.527,"Equinix Sees AI, Tight Capacity Fueling Growth in Dallas and Beyond",MarketBeat,2026-08-10,0.382,The “Set It & Forget It” Stocks I’d Want to Own,24/7 Wall St.,2026-08-10,-0.153,,,,,,,,,,
DLR,Digital Realty,AI,dc-operators,NYSE,191.3,-1.29%,+0.04%,+7.52%,+25.06%,+15%,72.063,1.042,242.15,2.98,1217461,10155761,60298461,252.0,0.01,buy,1.52,-1.29,98.71,-1.29,987.1,-12.9,9871.0,-129.0,0.04,100.04,0.04,1000.4,0.4,10004.0,4.0,7.52,107.52,7.52,1075.2,75.2,10752.0,752.0,25.06,125.06,25.06,1250.6,250.6,12506.0,2506.0,15.0,115.0,15.0,1150.0,150.0,11500.0,1500.0,"Cipher Digital Delivered Early, But Its Growth Waits On Texas",Trefis,2026-08-10,0.527,Who Really Benefits as Sovereign AI Infrastructure Spending Explodes?,24/7 Wall St.,2026-08-10,0.439,Is Wall Street Bullish or Bearish on Digital Realty Trust Stock?,Barchart,2026-08-07,0.511,,,,,,,,,,
AMT,American Tower,AI,dc-operators,NYSE,169.11,-2.10%,-2.25%,-0.23%,-1.36%,-16%,78.798,0.894,27.32,3.35,1800760,14542260,64960060,405.0,1.89,buy,1.56,-2.1,97.9,-2.1,979.0,-21.0,9790.0,-210.0,-2.25,97.75,-2.25,977.5,-22.5,9775.0,-225.0,-0.23,99.77,-0.23,997.7,-2.3,9977.0,-23.0,-1.36,98.64,-1.36,986.4,-13.6,9864.0,-136.0,-16.0,84.0,-16.0,840.0,-160.0,8400.0,-1600.0,American Tower Stock Outlook: Is Wall Street Bullish or Bearish?,Barchart,2026-08-10,0.0,Wall Street Analysts Think American Tower (AMT) Could Surge 27.3%: Read This Before Placing a Bet,Zacks,2026-08-06,0.0,AST SpaceMobile Sets Launch Date Ahead of Key Q2 Earnings Test,MarketBeat,2026-08-03,0.0,,,,,,,,,,
GOOGL,Alphabet (Google),AI,hyperscalers,NASDAQ,357.52,+0.78%,-4.28%,+1.42%,+13.59%,+76%,4372.447,1.237,17.92,33.18,18914905,146588005,669639105,25.0,1.34,strong_buy,1.39,0.78,100.78,0.78,1007.8,7.8,10078.0,78.0,-4.28,95.72,-4.28,957.2,-42.8,9572.0,-428.0,1.42,101.42,1.42,1014.2,14.2,10142.0,142.0,13.59,113.59,13.59,1135.9,135.9,11359.0,1359.0,76.0,176.0,76.0,1760.0,760.0,17600.0,7600.0,"Tech stocks still have plenty of believers on Wall Street, inflow data shows",Yahoo Finance,2026-08-10,0.0,"JPMorgan’s S&P 500 8,000 target: Is the market getting too expensive?",Yahoo Finance Video,2026-08-10,0.0,"Google Stock Sputters, But These Catalysts Could Spark A Rebound",Investor's Business Daily,2026-08-10,0.329,,,,,,,,,,
MSFT,Microsoft,AI,hyperscalers,NASDAQ,506.06,+1.32%,+3.78%,+29.43%,+7.48%,-4%,3757.772,1.099,28.19,41.35,31137345,180241245,826768545,73.0,1.24,strong_buy,1.36,1.32,101.32,1.32,1013.2,13.2,10132.0,132.0,3.78,103.78,3.78,1037.8,37.8,10378.0,378.0,29.43,129.43,29.43,1294.3,294.3,12943.0,2943.0,7.48,107.48,7.48,1074.8,74.8,10748.0,748.0,-4.0,96.0,-4.0,960.0,-40.0,9600.0,-400.0,"Memory chip crunch could last 2 more years, JPMorgan says",Yahoo Finance Video,2026-08-10,0.0,Why Google and Amazon rank top among Cloud hyperscalers for AI,Yahoo Finance Video,2026-08-10,0.361,"JPMorgan Stock Rises as Bank Lifts S&P Target to 8,000",GuruFocus.com,2026-08-10,0.0,6,strong_buy,0.8,"MSFT has strong momentum with +30.43% 1M and +7.59% 1W, backed by strong_buy consensus and positive news sentiment 0.258. P/E of 27.85 is reasonable for a mega-cap.","+30.43% 1M, +7.59% 1W; Strong buy consensus; Positive news sentiment 0.258; Reasonable P/E 27.85",,,,,
AMZN,Amazon,AI,hyperscalers,NASDAQ,278.09,+1.38%,-2.09%,+12.45%,+22.78%,+24%,2999.565,1.454,22.37,50.49,34530747,213904847,1035743147,,1.09,strong_buy,1.32,1.38,101.38,1.38,1013.8,13.8,10138.0,138.0,-2.09,97.91,-2.09,979.1,-20.9,9791.0,-209.0,12.45,112.45,12.45,1124.5,124.5,11245.0,1245.0,22.78,122.78,22.78,1227.8,227.8,12278.0,2278.0,24.0,124.0,24.0,1240.0,240.0,12400.0,2400.0,"Tech stocks still have plenty of believers on Wall Street, inflow data shows",Yahoo Finance,2026-08-10,0.0,Dow Jones Futures: Surging Oil Prices Spark Stock Market Losses; SpaceX Rival Rocket Lab Slides On Earnings,Investor's Business Daily,2026-08-10,-0.202,NFLX Stock: Where Compounding Could Take The Price,Trefis,2026-08-10,0.0,7,strong_buy,0.8,"AMZN has solid momentum with +21.18% YTD and +12.67% 1M, strong_buy consensus, and positive news sentiment 0.284. P/E of 22.08 is attractive.","+21.18% YTD, +12.67% 1M; Strong buy consensus; Positive news sentiment 0.284; Attractive P/E 22.08",,,,,
META,Meta Platforms,AI,hyperscalers,NASDAQ,594.92,+0.53%,+0.79%,-9.41%,-8.37%,-23%,1515.562,1.243,22.42,18.17,14317252,70211852,359318452,35.0,1.72,strong_buy,1.35,0.53,100.53,0.53,1005.3,5.3,10053.0,53.0,0.79,100.79,0.79,1007.9,7.9,10079.0,79.0,-9.41,90.59,-9.41,905.9,-94.1,9059.0,-941.0,-8.37,91.63,-8.37,916.3,-83.7,9163.0,-837.0,-23.0,77.0,-23.0,770.0,-230.0,7700.0,-2300.0,Meta announces $1B fund for communities near its data centers,Yahoo Finance Video,2026-08-10,0.0,"Memory chip crunch could last 2 more years, JPMorgan says",Yahoo Finance Video,2026-08-10,0.0,Sector Update: Tech Stocks Decline Late Afternoon,MT Newswires,2026-08-10,0.0,,,,,,,,,,
IREN,Iris Energy,AI,ai-compute,NASDAQ,38.74,-6.76%,-2.54%,-0.62%,-9.27%,+129%*,13.845,4.302,50.31,47.2,31066804,170419704,965067404,,27.09,buy,1.62,-6.76,93.24,-6.76,932.4,-67.6,9324.0,-676.0,-2.54,97.46,-2.54,974.6,-25.4,9746.0,-254.0,-0.62,99.38,-0.62,993.8,-6.2,9938.0,-62.0,-9.27,90.73,-9.27,907.3,-92.7,9073.0,-927.0,129.0,229.0,129.0,2290.0,1290.0,22900.0,12900.0,"What’s Driving TeraWulf (WULF) Stock, and Are Its Peers Moving Too?",24/7 Wall St.,2026-08-10,0.0,Is IREN (IREN) Expensive On Its AI Cloud Pivot Or Still Worth A Look?,Simply Wall St.,2026-08-09,0.226,"Here's Why Iren Has an Edge in the Neocloud Market, According to Meta's Mark Zuckerberg",Motley Fool,2026-08-09,0.0,,,,,,,,,,
CORZ,Core Scientific,AI,ai-compute,NASDAQ,19.44,-7.74%,-14.85%,-14.40%,+21.58%,+45%*,6.247,5.592,,12.89,18704588,61444888,278279788,,22.43,strong_buy,1.29,-7.74,92.26,-7.74,922.6,-77.4,9226.0,-774.0,-14.85,85.15,-14.85,851.5,-148.5,8515.0,-1485.0,-14.4,85.6,-14.4,856.0,-144.0,8560.0,-1440.0,21.58,121.58,21.58,1215.8,215.8,12158.0,2158.0,45.0,145.0,45.0,1450.0,450.0,14500.0,4500.0,"What’s Driving TeraWulf (WULF) Stock, and Are Its Peers Moving Too?",24/7 Wall St.,2026-08-10,0.0,"Cipher Digital Delivered Early, But Its Growth Waits On Texas",Trefis,2026-08-10,0.527,What Advanced Micro Devices (AMD)'s New Instinct Coder AI Stack and Data Center Push Means For Shareholders,Simply Wall St.,2026-08-10,0.25,,,,,,,,,,
WULF,TeraWulf,AI,ai-compute,NASDAQ,16.2,-5.26%,-13.97%,-22.45%,+27.16%,+216%*,8.083,4.288,,31.52,38717546,158789346,718643446,,24.8,strong_buy,1.28,-5.26,94.74,-5.26,947.4,-52.6,9474.0,-526.0,-13.97,86.03,-13.97,860.3,-139.7,8603.0,-1397.0,-22.45,77.55,-22.45,775.5,-224.5,7755.0,-2245.0,27.16,127.16,27.16,1271.6,271.6,12716.0,2716.0,216.0,316.0,216.0,3160.0,2160.0,31600.0,21600.0,"What’s Driving TeraWulf (WULF) Stock, and Are Its Peers Moving Too?",24/7 Wall St.,2026-08-10,0.0,TeraWulf CEO: Muskie may double in size,"The Daily Independent, Ashland, Ky.",2026-08-08,0.0,"MARA Holdings Falls 7%, Cipher Mining Drops 6%, TeraWulf Slides 4% as Q2 Losses Outweigh Bitcoin’s $65K Push",24/7 Wall St.,2026-08-07,-0.402,,,,,,,,,,
HUT,Hut 8 Mining,AI,ai-compute,NASDAQ,85.66,-3.51%,-23.57%,-13.62%,+67.08%,+331%,10.559,6.108,,4.46,3221276,24774676,96889076,,11.58,strong_buy,1.35,-3.51,96.49,-3.51,964.9,-35.1,9649.0,-351.0,-23.57,76.43,-23.57,764.3,-235.7,7643.0,-2357.0,-13.62,86.38,-13.62,863.8,-136.2,8638.0,-1362.0,67.08,167.08,67.08,1670.8,670.8,16708.0,6708.0,331.0,431.0,331.0,4310.0,3310.0,43100.0,33100.0,"Hut 8 CEO calls Texas data center audit “extremely smart,” discusses AI expansion plans",Blockspace,2026-08-07,0.0,Weekly Wrap: Bitcoin Hit By Coldcard Hack And Clarity Act Disappointment,CryptoProwl,2026-08-07,-0.153,"CleanSpark Q3 FY26 Earnings, Hut 8 CEO Interview, MARA Q2 Earnings",Blockspace,2026-08-07,0.0,,,,,,,,,,
SMCI,Super Micro Computer,AI,ai-compute,NASDAQ,31.46,+0.25%,+9.85%,+13.74%,+1.61%,-31%,20.351,1.967,16.56,52.73,54395598,205353598,930748298,,19.61,hold,2.84,0.25,100.25,0.25,1002.5,2.5,10025.0,25.0,9.85,109.85,9.85,1098.5,98.5,10985.0,985.0,13.74,113.74,13.74,1137.4,137.4,11374.0,1374.0,1.61,101.61,1.61,1016.1,16.1,10161.0,161.0,-31.0,69.0,-31.0,690.0,-310.0,6900.0,-3100.0,Supermicro to report Q4 results in latest test for AI infrastructure company,Yahoo Finance,2026-08-10,0.0,"Stocks to Watch: Berkshire Hathaway, Super Micro Computer, Sunrise Energy",The Wall Street Journal,2026-08-10,0.718,These Stocks Could Be Ready for Their Next Big Move,24/7 Wall St.,2026-08-10,0.361,,,,,,,,,,
DELL,Dell Technologies,AI,ai-compute,NYSE,457.88,+0.82%,+6.73%,+7.38%,+261.56%,+228%,295.855,1.401,36.43,8.8,4326367,30187567,132322567,56.0,4.33,buy,1.78,0.82,100.82,0.82,1008.2,8.2,10082.0,82.0,6.73,106.73,6.73,1067.3,67.3,10673.0,673.0,7.38,107.38,7.38,1073.8,73.8,10738.0,738.0,261.56,361.56,261.56,3615.6,2615.6,36156.0,26156.0,228.0,328.0,228.0,3280.0,2280.0,32800.0,22800.0,"Memory Price Surge Accelerating IT Hardware Spending, Morgan Stanley Says",MT Newswires,2026-08-10,0.0,These Stocks Could Be Ready for Their Next Big Move,24/7 Wall St.,2026-08-10,0.361,"SMCI Price Prediction: High Risk, High Reward, Huge Potential",24/7 Wall St.,2026-08-10,0.599,,,,,,,,,,
COHR,Coherent Corp,AI,fibre-optical,NYSE,325.15,-15.10%,+12.84%,+5.78%,+67.32%,+234%,63.612,2.107,155.57,5.74,9280866,41292366,118532966,,5.21,buy,1.67,-15.1,84.9,-15.1,849.0,-151.0,8490.0,-1510.0,12.84,112.84,12.84,1128.4,128.4,11284.0,1284.0,5.78,105.78,5.78,1057.8,57.8,10578.0,578.0,67.32,167.32,67.32,1673.2,673.2,16732.0,6732.0,234.0,334.0,234.0,3340.0,2340.0,33400.0,23400.0,Coherent (COHR) Stock Is Tumbling Today After Massive Optics vs. Memory Debate on Social Media This Weekend,24/7 Wall St.,2026-08-10,0.0,LYTE’s $72 Million Debut Masks a Concentration Bet on Three Optical Giants,24/7 Wall St.,2026-08-10,0.0,Should COHR Stock Be in Your Portfolio Before Q4 Earnings?,Zacks,2026-08-10,0.0,2,buy,0.8,"COHR shows strong momentum with +95.10% YTD and +44.22% 1W, driven by AI optical demand. Despite high P/E of 181.4, analyst consensus is Buy with positive news sentiment 0.125.","+95.10% YTD, +44.22% 1W; Buy consensus; AI optical demand; Positive news sentiment 0.125",,,,,
LITE,Lumentum Holdings,AI,fibre-optical,NASDAQ,813.51,-9.11%,+4.31%,+5.91%,+110.69%,+674%,63.291,1.513,142.72,5.36,6050448,26065248,97351248,,12.5,buy,1.54,-9.11,90.89,-9.11,908.9,-91.1,9089.0,-911.0,4.31,104.31,4.31,1043.1,43.1,10431.0,431.0,5.91,105.91,5.91,1059.1,59.1,10591.0,591.0,110.69,210.69,110.69,2106.9,1106.9,21069.0,11069.0,674.0,774.0,674.0,7740.0,6740.0,77400.0,67400.0,Coherent (COHR) Stock Is Tumbling Today After Massive Optics vs. Memory Debate on Social Media This Weekend,24/7 Wall St.,2026-08-10,0.0,Nvidia Stock Slips as Its AI Investments Draw Fresh Scrutiny,Barrons.com,2026-08-10,0.318,"Coherent Falls 12%, Lumentum Drops 7% as AI Optics Stocks Cool Ahead of Earnings",24/7 Wall St.,2026-08-10,0.318,4,buy,0.909,"LITE is up +130.55% YTD and +24.68% 1W, benefiting from AI optical demand. Analyst consensus is Buy with positive news sentiment 0.149.","+130.55% YTD, +24.68% 1W; Buy consensus; AI optical demand; Positive news sentiment 0.149",,,,,
AAOI,Applied Optoelectronics,AI,fibre-optical,NASDAQ,132.81,-2.27%,+20.51%,+18.71%,+235.38%,+550%,11.232,3.787,,12.13,18059261,90979561,236859361,,12.86,buy,2.33,-2.27,97.73,-2.27,977.3,-22.7,9773.0,-227.0,20.51,120.51,20.51,1205.1,205.1,12051.0,2051.0,18.71,118.71,18.71,1187.1,187.1,11871.0,1871.0,235.38,335.38,235.38,3353.8,2353.8,33538.0,23538.0,550.0,650.0,550.0,6500.0,5500.0,65000.0,55000.0,Coherent (COHR) Stock Is Tumbling Today After Massive Optics vs. Memory Debate on Social Media This Weekend,24/7 Wall St.,2026-08-10,0.0,"Coherent Falls 12%, Lumentum Drops 7% as AI Optics Stocks Cool Ahead of Earnings",24/7 Wall St.,2026-08-10,0.318,Applied Optoelectronics (AAOI) Stock Sees Modest Fair Value Cut As Analyst Targets Split,Simply Wall St.,2026-08-08,0.382,3,strong_buy,0.797,"AAOI has surged +242.50% YTD and +43.80% 1W, reflecting strong AI optical demand. News sentiment is positive at 0.241, and despite high beta, analyst targets remain split but bullish.","+242.50% YTD, +43.80% 1W; Positive news sentiment 0.241; AI optical demand; High beta but strong momentum",,,,,
FN,Fabrinet,AI,fibre-optical,NYSE,527.07,-5.37%,+15.60%,+11.05%,+9.94%,+69%,,1.222,45.28,0.97,396958,3823558,16309758,,7.38,none,,-5.37,94.63,-5.37,946.3,-53.7,9463.0,-537.0,15.6,115.6,15.6,1156.0,156.0,11560.0,1560.0,11.05,111.05,11.05,1110.5,110.5,11105.0,1105.0,9.94,109.94,9.94,1099.4,99.4,10994.0,994.0,69.0,169.0,69.0,1690.0,690.0,16900.0,6900.0,Coherent (COHR) Stock Is Tumbling Today After Massive Optics vs. Memory Debate on Social Media This Weekend,24/7 Wall St.,2026-08-10,0.0,Fabrinet (FN) Earnings Expected to Grow: What to Know Ahead of Next Week's Release,Zacks,2026-08-10,0.0,Celestica Stock's Upside Rests On What Drops Through To Profit,Trefis,2026-08-06,0.44,5,buy,0.7,"FN shows strong momentum with +17.15% 1M and +29.16% 1W, driven by AI infrastructure demand. P/E of 48.31 is reasonable, and news sentiment is positive at 0.197.","+29.16% 1W, +17.15% 1M; Reasonable P/E 48.31; AI infrastructure demand; Positive news sentiment 0.197",,,,,
MTSI,MACOM Technology,AI,dsp-semi,NASDAQ,297.03,-4.60%,+15.98%,+0.95%,+69.77%,+163%,22.685,1.71,94.6,1.73,1228958,9770758,32348358,,3.01,buy,1.64,-4.6,95.4,-4.6,954.0,-46.0,9540.0,-460.0,15.98,115.98,15.98,1159.8,159.8,11598.0,1598.0,0.95,100.95,0.95,1009.5,9.5,10095.0,95.0,69.77,169.77,69.77,1697.7,697.7,16977.0,6977.0,163.0,263.0,163.0,2630.0,1630.0,26300.0,16300.0,Why MACOM (MTSI) Is Up 23.6% After Strong Q3 Results And Raised Q4 Guidance,Simply Wall St.,2026-08-09,0.511,"MTSI Q3 Earnings Surpass Expectations, Revenues Rise Y/Y",Zacks,2026-08-07,0.0,MTSI Q3 Earnings Call Highlights Data Center Growth Outlook,Zacks,2026-08-07,0.382,,,,,,,,,,
SMTC,Semtech,AI,dsp-semi,NASDAQ,131.27,-6.57%,+10.24%,-0.67%,+74.42%,+187%,12.228,2.345,,3.57,1310819,10136819,46104019,,8.14,none,,-6.57,93.43,-6.57,934.3,-65.7,9343.0,-657.0,10.24,110.24,10.24,1102.4,102.4,11024.0,1024.0,-0.67,99.33,-0.67,993.3,-6.7,9933.0,-67.0,74.42,174.42,74.42,1744.2,744.2,17442.0,7442.0,187.0,287.0,187.0,2870.0,1870.0,28700.0,18700.0,Monolithic Power (MPWR) Tops Q2 Earnings and Revenue Estimates,Zacks,2026-07-30,0.511,Is Semtech (SMTC) Undervalued As AI Data Center Growth Fuels Its Story?,Simply Wall St.,2026-07-26,0.382,Is Semtech (SMTC) Still Cheap Or Is Too Much Priced In?,Simply Wall St.,2026-07-26,0.0,,,,,,,,,,
CRDO,Credo Technology,AI,dsp-semi,NASDAQ,239.93,-4.02%,+9.89%,+1.29%,+67.53%,+111%,44.743,3.233,95.97,8.17,4280454,23414354,117384954,,3.62,none,,-4.02,95.98,-4.02,959.8,-40.2,9598.0,-402.0,9.89,109.89,9.89,1098.9,98.9,10989.0,989.0,1.29,101.29,1.29,1012.9,12.9,10129.0,129.0,67.53,167.53,67.53,1675.3,675.3,16753.0,6753.0,111.0,211.0,111.0,2110.0,1110.0,21100.0,11100.0,Two AI Names Bounce From Chip Sell-Off; Three More IBD 50 Stocks On Watch,Investor's Business Daily,2026-08-07,0.0,Dow Jones Futures Rise As Cloudflare Leads Big Software Winners; Jobs Report On Tap,Investor's Business Daily,2026-08-07,0.477,"Astera Labs Beat And Guided Higher, Then Fell Because The Rally Came First",Trefis,2026-08-06,0.0,,,,,,,,,,
MXL,MaxLinear,AI,dsp-semi,NASDAQ,68.44,-8.84%,+1.98%,-23.36%,+269.75%,+398%,6.207,3.975,,4.27,2935111,11727811,83766111,,5.97,none,,-8.84,91.16,-8.84,911.6,-88.4,9116.0,-884.0,1.98,101.98,1.98,1019.8,19.8,10198.0,198.0,-23.36,76.64,-23.36,766.4,-233.6,7664.0,-2336.0,269.75,369.75,269.75,3697.5,2697.5,36975.0,26975.0,398.0,498.0,398.0,4980.0,3980.0,49800.0,39800.0,"The Zacks Analyst Blog Highlights MaxLinear, Marvell Technology and Broadcom",Zacks,2026-07-28,0.0,MaxLinear Rides on AI Infrastructure Momentum: More Upside Ahead?,Zacks,2026-07-27,0.0,MaxLinear (MXL) Returns To Profit As AI Data Center Demand Lifts Earnings,Simply Wall St.,2026-07-25,0.34,,,,,,,,,,
KEYS,Keysight Technologies,AI,test-equip,NYSE,335.41,-1.69%,+4.20%,+4.54%,+62.36%,+111%,57.32,1.21,54.01,1.59,671436,4897736,24770736,,2.09,buy,1.67,-1.69,98.31,-1.69,983.1,-16.9,9831.0,-169.0,4.2,104.2,4.2,1042.0,42.0,10420.0,420.0,4.54,104.54,4.54,1045.4,45.4,10454.0,454.0,62.36,162.36,62.36,1623.6,623.6,16236.0,6236.0,111.0,211.0,111.0,2110.0,1110.0,21100.0,11100.0,2 Industrials Stocks to Research Further and 1 We Avoid,StockStory,2026-08-10,-0.296,AD Q2 Earnings Beat Estimates on Strong Site Rental Growth,Zacks,2026-08-10,0.71,"TDS Q2 Earnings Beat Estimates on Spectrum Gains, Fiber Growth",Zacks,2026-08-10,0.612,,,,,,,,,,
VIAV,Viavi Solutions,AI,test-equip,NASDAQ,37.2,-4.00%,-1.46%,-9.09%,+104.96%,+260%,9.177,1.234,,7.0,4372005,32944905,110599505,,6.78,strong_buy,1.38,-4.0,96.0,-4.0,960.0,-40.0,9600.0,-400.0,-1.46,98.54,-1.46,985.4,-14.6,9854.0,-146.0,-9.09,90.91,-9.09,909.1,-90.9,9091.0,-909.0,104.96,204.96,104.96,2049.6,1049.6,20496.0,10496.0,260.0,360.0,260.0,3600.0,2600.0,36000.0,26000.0,VIAVI Q4 Earnings Call Signals Data Center Strength Into Fiscal 2027,Zacks,2026-08-07,0.494,Viavi Solutions (VIAV) Is Up 20.7% After Q4 Beat And Mixed Full-Year 2026 Results - What's Changed,Simply Wall St.,2026-08-06,0.178,"VIAV Q4 Earnings Top Estimates on Data Center, A&D Strength",Zacks,2026-08-06,0.612,,,,,,,,,,
AXTI,AXT Inc,AI,materials,NASDAQ,73.81,-18.40%,+7.49%,+46.27%,+340.39%,+3963%,4.828,1.933,2460.33,10.12,18399293,86101393,252371893,,17.59,buy,1.6,-18.4,81.6,-18.4,816.0,-184.0,8160.0,-1840.0,7.49,107.49,7.49,1074.9,74.9,10749.0,749.0,46.27,146.27,46.27,1462.7,462.7,14627.0,4627.0,340.39,440.39,340.39,4403.9,3403.9,44039.0,34039.0,3963.0,4063.0,3963.0,40630.0,39630.0,406300.0,396300.0,AXT (AXTI) Q2 2026 Earnings Call Transcript,Motley Fool,2026-08-04,0.0,AXT (AXTI) Turns Profitable As AI Demand Story Keeps Undervalued View Alive,Simply Wall St.,2026-07-31,0.612,AXT (AXTI) Is Down 11.3% After Major Indium Phosphide AI Deal And Q2 Earnings Beat,Simply Wall St.,2026-07-31,0.0,1,strong_buy,1.0,"AXTI is the top momentum pick with +428.52% YTD and +47.34% 1M, driven by record InP demand for AI data centers. Q2 EPS beat by 163.89% and revenue beat by 39.63%, with multiple analyst upgrades (Needham to Buy, $90 PT; Wedbush $93 PT) and a $87.5M Lumentum supply deal.","+428.52% YTD, +47.34% 1M; Q2 EPS beat by 163.89%; Analyst upgrades and $87.5M Lumentum deal; Record InP demand for AI",,,,,
AMGN,Amgen,Biotech,large-cap,NASDAQ,417.2,+1.89%,+10.12%,+15.74%,+29.19%,+44%,225.706,0.413,25.9,2.73,1652005,15455905,55937805,245.0,2.38,buy,2.47,1.89,101.89,1.89,1018.9,18.9,10189.0,189.0,10.12,110.12,10.12,1101.2,101.2,11012.0,1012.0,15.74,115.74,15.74,1157.4,157.4,11574.0,1574.0,29.19,129.19,29.19,1291.9,291.9,12919.0,2919.0,44.0,144.0,44.0,1440.0,440.0,14400.0,4400.0,Jim Cramer Highlights Pharmaceutical Giants as Non-Tech Innovation Plays Like JNJ and LLY,Insider Monkey,2026-08-10,0.727,The “Set It & Forget It” Stocks I’d Want to Own,24/7 Wall St.,2026-08-10,-0.153,"Eli Lilly Stock's Next Climb Runs Through A Pill, Not Just An Injection",Trefis,2026-08-10,0.0,2,strong_buy,0.82,"Amgen delivered a Q2 beat with 10% revenue growth to $10.1B, raised full-year guidance to $22.30-$23.50 EPS, and saw strong sales from key growth drivers (Repatha +37%, Evenity +38%), driving +44% 1-year return and +27.25% YTD.",Q2 beat with raised guidance; +27.25% YTD; strong growth drivers; positive news sentiment 0.182,,,,,
GILD,Gilead Sciences,Biotech,large-cap,NASDAQ,133.06,-0.12%,+1.46%,+1.26%,+10.77%,+11%,164.989,0.336,,7.73,6166971,45078371,144267471,246.0,2.04,buy,1.69,-0.12,99.88,-0.12,998.8,-1.2,9988.0,-12.0,1.46,101.46,1.46,1014.6,14.6,10146.0,146.0,1.26,101.26,1.26,1012.6,12.6,10126.0,126.0,10.77,110.77,10.77,1107.7,107.7,11077.0,1077.0,11.0,111.0,11.0,1110.0,110.0,11100.0,1100.0,Key HIV stat over 70% leaves BofA siding with Gilead,TheStreet,2026-08-08,0.0,What Insmed Stock's Premium Is Actually Buying,Trefis,2026-08-07,0.0,GILD Q2 Earnings Call Raises Outlook on HIV and PrEP Strength,Zacks,2026-08-07,0.494,,,,,,,,,,
REGN,Regeneron Pharmaceuticals,Biotech,large-cap,NASDAQ,808.05,+3.33%,+6.43%,+21.86%,+4.37%,+44%,83.193,0.188,20.01,1.02,981832,3953032,16870032,48.0,3.59,buy,1.81,3.33,103.33,3.33,1033.3,33.3,10333.0,333.0,6.43,106.43,6.43,1064.3,64.3,10643.0,643.0,21.86,121.86,21.86,1218.6,218.6,12186.0,2186.0,4.37,104.37,4.37,1043.7,43.7,10437.0,437.0,44.0,144.0,44.0,1440.0,440.0,14400.0,4400.0,Regeneron Pharmaceuticals (REGN) Keeps Buybacks And Dividend In Focus As Fair Value Stays In Sight,Simply Wall St.,2026-08-08,0.572,"NTLA Q2 Earnings In Line, Top Line Misses on Lower Regeneron Revenues",Zacks,2026-08-07,-0.318,CytomX Therapeutics Q2 Earnings Call Highlights,MarketBeat,2026-08-07,0.0,3,buy,0.78,"Regeneron has strong 1-year return of +44% and 1-month momentum of +18.33%, with a reasonable P/E of 19.42 and a buy analyst consensus (score 1.81), though short interest at 3.59% warrants caution.",+44% 1-year return; +18.33% 1-month; P/E 19.42; buy analyst consensus,,,,,
VRTX,Vertex Pharmaceuticals,Biotech,large-cap,NASDAQ,523.91,+5.77%,+11.30%,+9.09%,+15.88%,+32%,132.79,0.305,30.53,1.56,2671532,8088232,29023632,,2.22,buy,1.62,5.77,105.77,5.77,1057.7,57.7,10577.0,577.0,11.3,111.3,11.3,1113.0,113.0,11130.0,1130.0,9.09,109.09,9.09,1090.9,90.9,10909.0,909.0,15.88,115.88,15.88,1158.8,158.8,11588.0,1588.0,32.0,132.0,32.0,1320.0,320.0,13200.0,3200.0,"Why Vertex Pharma Popped, As A Key Rival Plummeted 92%",Investor's Business Daily,2026-08-10,0.0,Why Sionna Therapeutics Stock Is Crashing 91% to a Record Low,Barrons.com,2026-08-10,-0.273,SION Stock On Track For Worst Day Ever After 90% Drop — What’s Driving The Selloff?,Stocktwits,2026-08-10,-0.735,,,,,,,,,,
BIIB,Biogen,Biotech,large-cap,NASDAQ,207.13,-0.39%,+2.63%,-0.91%,+16.48%,+62%,30.604,0.162,36.73,1.27,687452,4499652,27728452,,4.53,buy,1.86,-0.39,99.61,-0.39,996.1,-3.9,9961.0,-39.0,2.63,102.63,2.63,1026.3,26.3,10263.0,263.0,-0.91,99.09,-0.91,990.9,-9.1,9909.0,-91.0,16.48,116.48,16.48,1164.8,164.8,11648.0,1648.0,62.0,162.0,62.0,1620.0,620.0,16200.0,6200.0,Biogen (BIIB) Q2 2026 Earnings Call Transcript,Motley Fool,2026-08-08,0.0,Biogen Stock: How To Find & Own America's Greatest Opportunities,Investor's Business Daily,2026-08-05,0.778,Are These 5 Pharma Stocks Set to Surpass Q2 Earnings Forecasts?,Zacks,2026-08-03,0.0,5,buy,0.74,"Biogen has delivered a standout +62% 1-year return with +16.94% YTD and positive news sentiment (0.156) following its Q2 earnings call, supported by a buy analyst consensus (score 1.86), though short interest at 4.53% adds some risk.",+62% 1-year return; +16.94% YTD; buy analyst consensus; positive news sentiment,,,,,
BMY,Bristol-Myers Squibb,Biotech,large-cap,NYSE,64.84,+1.12%,-0.96%,+9.27%,+23.92%,+41%,132.45,0.225,14.28,12.38,6496961,60672261,267797661,389.0,2.2,buy,2.46,1.12,101.12,1.12,1011.2,11.2,10112.0,112.0,-0.96,99.04,-0.96,990.4,-9.6,9904.0,-96.0,9.27,109.27,9.27,1092.7,92.7,10927.0,927.0,23.92,123.92,23.92,1239.2,239.2,12392.0,2392.0,41.0,141.0,41.0,1410.0,410.0,14100.0,4100.0,"Pharmaceutical giant to build $2.3B plant, create 500 jobs in Texas",USA TODAY,2026-08-10,0.273,Bristol Myers Squibb to build $2.3 billion Houston campus,Quartz,2026-08-10,0.0,IMCR Jumps 21.2% in 3 Months as Kimmtrak Growth Fuels More Momentum,Zacks,2026-08-10,0.382,4,buy,0.76,"Bristol-Myers Squibb offers a compelling mix of +41% 1-year return, +23.69% YTD, low P/E of 14.26, a 3.89% dividend yield, and the highest news sentiment (0.282) among large-cap picks, with strong momentum in the last month (+12.48%).",+23.69% YTD; P/E 14.26; dividend yield 3.89%; news sentiment 0.282,,,,,
AZN,AstraZeneca,Biotech,uk-listed,LSE,161.98,+0.79%,+4.27%,-6.57%,-11.77%,+8%,2.513,0.211,24.17,2.87,3766807,32533312,92056965,201.0,,buy,1.83,0.79,100.79,0.79,1007.9,7.9,10079.0,79.0,4.27,104.27,4.27,1042.7,42.7,10427.0,427.0,-6.57,93.43,-6.57,934.3,-65.7,9343.0,-657.0,-11.77,88.23,-11.77,882.3,-117.7,8823.0,-1177.0,8.0,108.0,8.0,1080.0,80.0,10800.0,800.0,AstraZeneca (LSE:AZN) Signs Two Cancer Diagnostics Deals To Widen Patient Access,Simply Wall St.,2026-08-08,-0.66,Roche Stock Jumps as Morgan Stanley Sees Drug Breakout,GuruFocus.com,2026-08-07,0.0,"Ironwood Q2 Earnings Beat Estimates, Revenues Lag, 2026 View Raised",Zacks,2026-08-07,-0.34,,,,,,,,,,
GSK,GSK,Biotech,uk-listed,LSE,26.04,-1.68%,+0.94%,-1.73%,+5.26%,+40%,1.043,0.295,16.33,7.98,5929235,28523394,178169653,347.0,,hold,2.59,-1.68,98.32,-1.68,983.2,-16.8,9832.0,-168.0,0.94,100.94,0.94,1009.4,9.4,10094.0,94.0,-1.73,98.27,-1.73,982.7,-17.3,9827.0,-173.0,5.26,105.26,5.26,1052.6,52.6,10526.0,526.0,40.0,140.0,40.0,1400.0,400.0,14000.0,4000.0,Trump Plans to Sign Order on Splitting Up Combined Measles Shot,Bloomberg,2026-08-10,0.0,"GILD Q2 Earnings Beat on HIV and Trodelvy Growth, Product Sales Outlook Raised",Zacks,2026-08-05,0.382,GSK (LSE:GSK) Opens Cambridge Research Hub And Teams Up With Relation Therapeutics,Simply Wall St.,2026-08-01,0.0,,,,,,,,,,
CRSP,CRISPR Therapeutics,Biotech,gene-editing,NASDAQ,53.51,-0.06%,+7.95%,+5.69%,-0.48%,-3%,5.174,1.738,,1.67,1184108,7254508,33651108,,22.97,buy,2.0,-0.06,99.94,-0.06,999.4,-0.6,9994.0,-6.0,7.95,107.95,7.95,1079.5,79.5,10795.0,795.0,5.69,105.69,5.69,1056.9,56.9,10569.0,569.0,-0.48,99.52,-0.48,995.2,-4.8,9952.0,-48.0,-3.0,97.0,-3.0,970.0,-30.0,9700.0,-300.0,"Crispr Therapeutics Posts ""Quiet"" Quarter as Casgevy Advances, SiRNA Data Readouts Near, RBC Says",MT Newswires,2026-08-04,0.0,"VRTX's Q2 Earnings Lag Estimates, Revenues Top, 2026 Sales View Raised",Zacks,2026-08-04,-0.153,CRISPR Therapeutics' Q2 Earnings & Revenues Surpass Estimates,Zacks,2026-08-04,0.0,,,,,,,,,,
BEAM,Beam Therapeutics,Biotech,gene-editing,NASDAQ,27.28,-1.62%,+5.29%,-12.00%,+0.52%,+60%,2.818,2.209,,2.21,1252231,7952731,40770631,,34.96,strong_buy,1.33,-1.62,98.38,-1.62,983.8,-16.2,9838.0,-162.0,5.29,105.29,5.29,1052.9,52.9,10529.0,529.0,-12.0,88.0,-12.0,880.0,-120.0,8800.0,-1200.0,0.52,100.52,0.52,1005.2,5.2,10052.0,52.0,60.0,160.0,60.0,1600.0,600.0,16000.0,6000.0,"BEAM's Q2 Loss Wider Than Expected, Revenues Fall Y/Y, Pipeline in Focus",Zacks,2026-08-05,-0.318,"Beam Therapeutics Inc. (BEAM) Reports Q2 Loss, Lags Revenue Estimates",Zacks,2026-08-04,-0.586,"Myriad Genetics (MYGN) Reports Q2 Loss, Misses Revenue Estimates",Zacks,2026-07-30,-0.494,,,,,,,,,,
NTLA,Intellia Therapeutics,Biotech,gene-editing,NASDAQ,12.02,+0.25%,+11.61%,-7.68%,+30.51%,+11%,1.679,1.794,,5.61,2959695,21300795,84969295,,41.3,buy,2.26,0.25,100.25,0.25,1002.5,2.5,10025.0,25.0,11.61,111.61,11.61,1116.1,116.1,11161.0,1161.0,-7.68,92.32,-7.68,923.2,-76.8,9232.0,-768.0,30.51,130.51,30.51,1305.1,305.1,13051.0,3051.0,11.0,111.0,11.0,1110.0,110.0,11100.0,1100.0,"NTLA Q2 Earnings In Line, Top Line Misses on Lower Regeneron Revenues",Zacks,2026-08-07,-0.318,‘Significant’ demand for Revolution drug; Intellia pinpoints liver toxicity culprit,BioPharma Dive,2026-08-07,-0.128,Will Intellia’s (NTLA) Narrowing Losses and Heavy R&D Spend Shift Its Risk Reward Narrative?,Simply Wall St.,2026-08-07,-0.026,,,,,,,,,,
EDIT,Editas Medicine,Biotech,gene-editing,NASDAQ,2.81,-1.90%,+6.04%,-11.08%,+37.07%,+31%*,0.431,2.063,,2.54,1371854,9987654,31896754,,14.49,buy,2.17,-1.9,98.1,-1.9,981.0,-19.0,9810.0,-190.0,6.04,106.04,6.04,1060.4,60.4,10604.0,604.0,-11.08,88.92,-11.08,889.2,-110.8,8892.0,-1108.0,37.07,137.07,37.07,1370.7,370.7,13707.0,3707.0,31.0,131.0,31.0,1310.0,310.0,13100.0,3100.0,Is Editas Medicine (EDIT) Outperforming Other Medical Stocks This Year?,Zacks,2026-08-10,0.0,"EDIT Q2 Earnings Beat Estimates, Revenues Rise, Pipeline in Focus",Zacks,2026-08-06,0.0,"Editas Medicine (EDIT) Reports Q2 Loss, Beats Revenue Estimates",Zacks,2026-08-05,-0.318,,,,,,,,,,
ILMN,Illumina,Biotech,genomics,NASDAQ,191.79,+1.91%,-3.21%,+0.92%,+42.75%,+98%,28.96,1.464,35.78,2.02,1675518,13147018,42470218,,9.46,hold,2.53,1.91,101.91,1.91,1019.1,19.1,10191.0,191.0,-3.21,96.79,-3.21,967.9,-32.1,9679.0,-321.0,0.92,100.92,0.92,1009.2,9.2,10092.0,92.0,42.75,142.75,42.75,1427.5,427.5,14275.0,4275.0,98.0,198.0,98.0,1980.0,980.0,19800.0,9800.0,What Makes Illumina (ILMN) a New Strong Buy Stock,Zacks,2026-08-07,0.511,Illumina (ILMN) Rose on Strong Clinical Momentum,Insider Monkey,2026-08-05,0.511,"Best Buy downgraded, Bristol Myers upgraded: Wall Street's top analyst calls",The Fly,2026-08-05,0.718,7,buy,0.7,"Illumina has impressive +98% 1-year return and +39.90% YTD, with strong news sentiment (0.348) and a P/E of 35.07, but a hold analyst consensus (score 2.53) and recent 1-week decline of -8.36% temper enthusiasm.",+98% 1-year return; +39.90% YTD; news sentiment 0.348; genomics leader,,,,,
PACB,Pacific Biosciences,Biotech,genomics,NASDAQ,1.15,-3.36%,-19.01%,-22.82%,-37.50%,-6%*,0.357,2.318,,6.4,7820071,47732871,143277771,,17.11,buy,2.0,-3.36,96.64,-3.36,966.4,-33.6,9664.0,-336.0,-19.01,80.99,-19.01,809.9,-190.1,8099.0,-1901.0,-22.82,77.18,-22.82,771.8,-228.2,7718.0,-2282.0,-37.5,62.5,-37.5,625.0,-375.0,6250.0,-3750.0,-6.0,94.0,-6.0,940.0,-60.0,9400.0,-600.0,"PacBio Q2 Earnings Meet Estimates, Revenues Miss, 2026 Sales View Cut",Zacks,2026-08-06,-0.402,Pacific Biosciences of California Q2 Earnings Call Highlights,MarketBeat,2026-08-06,0.0,"Pacific Biosciences of California (PACB) Reports Q2 Loss, Lags Revenue Estimates",Zacks,2026-08-05,-0.586,,,,,,,,,,
NTRA,Natera,Biotech,genomics,NASDAQ,318.35,-0.53%,+17.75%,+16.66%,+39.11%,+105%,45.888,1.514,,1.48,2154371,10182171,26027871,,3.57,buy,1.52,-0.53,99.47,-0.53,994.7,-5.3,9947.0,-53.0,17.75,117.75,17.75,1177.5,177.5,11775.0,1775.0,16.66,116.66,16.66,1166.6,166.6,11666.0,1666.0,39.11,139.11,39.11,1391.1,391.1,13911.0,3911.0,105.0,205.0,105.0,2050.0,1050.0,20500.0,10500.0,3 Growth Stocks with All-Star Potential,StockStory,2026-08-10,0.382,Natera (NTRA) Is Up 20.3% After Shelf Filing And Higher 2026 Guidance Has The Bull Case Changed?,Simply Wall St.,2026-08-09,0.0,IBD 50 Stock Natera Zips Above Profit-Taking Zone On Its Blowout Quarter,Investor's Business Daily,2026-08-07,0.0,1,strong_buy,0.85,"Natera shows exceptional momentum with +105% 1-year return, +40.75% YTD, +17.39% 1-month, and +20.29% 1-week, supported by a strong buy analyst consensus (score 1.52) and positive news sentiment (0.152) after raising 2026 guidance.",+105% 1-year return; +40.75% YTD; +20.29% 1-week; strong_buy analyst consensus,,,,,
RXRX,Recursion Pharmaceuticals,Biotech,genomics,NASDAQ,3.29,+1.86%,+3.46%,-0.30%,-21.67%,-39%*,1.764,1.054,,20.94,13914397,77065897,396964497,,36.1,buy,2.43,1.86,101.86,1.86,1018.6,18.6,10186.0,186.0,3.46,103.46,3.46,1034.6,34.6,10346.0,346.0,-0.3,99.7,-0.3,997.0,-3.0,9970.0,-30.0,-21.67,78.33,-21.67,783.3,-216.7,7833.0,-2167.0,-39.0,61.0,-39.0,610.0,-390.0,6100.0,-3900.0,"Recursion Pharmaceuticals, Inc. Q2 2026 Earnings Call Summary",Moby,2026-08-05,0.0,Recursion Pharmaceuticals Q2 Earnings Call Highlights,MarketBeat,2026-08-05,0.0,Recursion Pharmaceuticals (RXRX) Is Up 11.4% After Mixed Q2 Results And Genentech Milestone Update,Simply Wall St.,2026-08-05,0.0,,,,,,,,,,
INCY,Incyte,Biotech,oncology,NASDAQ,121.55,+1.29%,+2.63%,+6.41%,+19.85%,+52%,24.637,0.769,15.48,1.9,1351934,9156034,40861534,,8.97,buy,2.33,1.29,101.29,1.29,1012.9,12.9,10129.0,129.0,2.63,102.63,2.63,1026.3,26.3,10263.0,263.0,6.41,106.41,6.41,1064.1,64.1,10641.0,641.0,19.85,119.85,19.85,1198.5,198.5,11985.0,1985.0,52.0,152.0,52.0,1520.0,520.0,15200.0,5200.0,"Mirum's Q2 Earnings Lag Estimates, Revenues Beat, 2026 View Raised",Zacks,2026-08-06,-0.34,REGN or INCY: Which Is the Better Value Stock Right Now?,Zacks,2026-08-05,0.649,"Incyte (INCY) Won EU Approval For Opzelura, Has The Market Already Priced It In?",Simply Wall St.,2026-08-01,0.778,6,buy,0.72,"Incyte shows solid performance with +52% 1-year return, +18.87% YTD, a low P/E of 15.36, and the highest news sentiment (0.415) in the oncology category, though short interest at 8.97% is elevated.",+52% 1-year return; P/E 15.36; news sentiment 0.415; oncology focus,,,,,
EXEL,Exelixis,Biotech,oncology,NASDAQ,52.96,-2.05%,-3.81%,-5.50%,+21.52%,+45%,13.123,0.422,16.65,2.68,2680288,18572788,55556988,,16.72,buy,2.37,-2.05,97.95,-2.05,979.5,-20.5,9795.0,-205.0,-3.81,96.19,-3.81,961.9,-38.1,9619.0,-381.0,-5.5,94.5,-5.5,945.0,-55.0,9450.0,-550.0,21.52,121.52,21.52,1215.2,215.2,12152.0,2152.0,45.0,145.0,45.0,1450.0,450.0,14500.0,4500.0,Exelixis (EXEL) Is Down 6.7% After Cutting 2026 Revenue Outlook Amid Oncology Investment Pivot,Simply Wall St.,2026-08-07,-0.128,Why This Top-Ranked IBD 50 Stock Just Tumbled On Its Earnings,Investor's Business Daily,2026-08-06,0.0,"EXEL Tops Q2 Earnings Estimates, Misses on Sales, Lowers '26 View",Zacks,2026-08-06,0.226,,,,,,,,,,
ALNY,Alnylam Pharmaceuticals,Biotech,oncology,NASDAQ,216.98,+0.36%,-1.52%,-24.68%,-45.78%,-50%,29.033,0.279,37.8,1.59,1404773,11257473,46723273,,5.75,buy,1.7,0.36,100.36,0.36,1003.6,3.6,10036.0,36.0,-1.52,98.48,-1.52,984.8,-15.2,9848.0,-152.0,-24.68,75.32,-24.68,753.2,-246.8,7532.0,-2468.0,-45.78,54.22,-45.78,542.2,-457.8,5422.0,-4578.0,-50.0,50.0,-50.0,500.0,-500.0,5000.0,-5000.0,Implied Volatility Surging for Alnylam Pharmaceuticals Stock Options,Zacks,2026-08-06,0.0,Alnylam (ALNY) Q2 2026 Earnings Call Transcript,Motley Fool,2026-08-04,0.0,"Starbucks upgraded, eBay downgraded: Wall Street's top analyst calls",The Fly,2026-08-03,0.202,,,,,,,,,,
RCUS,Arcus Biosciences,Biotech,oncology,NYSE,28.72,+0.35%,+3.98%,+2.32%,+23.31%,+212%*,3.612,0.811,,1.24,912728,6559828,23461428,,16.43,strong_buy,1.46,0.35,100.35,0.35,1003.5,3.5,10035.0,35.0,3.98,103.98,3.98,1039.8,39.8,10398.0,398.0,2.32,102.32,2.32,1023.2,23.2,10232.0,232.0,23.31,123.31,23.31,1233.1,233.1,12331.0,2331.0,212.0,312.0,212.0,3120.0,2120.0,31200.0,21200.0,"Arcus Biosciences' Casdatifan Therapy Could be Launched in 2028, Morgan Stanley Says",MT Newswires,2026-08-10,0.128,Arcus Biosciences Q2 Earnings Call Highlights,MarketBeat,2026-08-09,0.0,Arcus Biosciences (RCUS) Stock Gets Fair Value Bump After Casdatifan Optimism,Simply Wall St.,2026-08-08,0.802,,,,,,,,,,
MRNA,Moderna,Biotech,mrna,NASDAQ,59.81,+0.69%,+8.47%,-10.74%,+93.81%,+132%,23.878,0.899,,7.35,6116647,27731547,110207447,,16.15,hold,2.91,0.69,100.69,0.69,1006.9,6.9,10069.0,69.0,8.47,108.47,8.47,1084.7,84.7,10847.0,847.0,-10.74,89.26,-10.74,892.6,-107.4,8926.0,-1074.0,93.81,193.81,93.81,1938.1,938.1,19381.0,9381.0,132.0,232.0,132.0,2320.0,1320.0,23200.0,13200.0,FDA approval of mFLUSIVA highlights Moderna’s position in mRNA market,Clinical Trials Arena,2026-08-10,0.477,RocketLab Rises on Space Interest; Moderna Moves on Flu Shot | Stock Movers,Bloomberg,2026-08-10,0.103,Moderna (MRNA) Q2 2026 Earnings Call Transcript,Motley Fool,2026-08-08,0.0,,,,,,,,,,
BNTX,BioNTech,Biotech,mrna,NASDAQ,92.8,-1.28%,+0.60%,+3.03%,-4.02%,-14%,23.312,1.278,,0.95,731123,7209623,20003723,,3.32,buy,1.55,-1.28,98.72,-1.28,987.2,-12.8,9872.0,-128.0,0.6,100.6,0.6,1006.0,6.0,10060.0,60.0,3.03,103.03,3.03,1030.3,30.3,10303.0,303.0,-4.02,95.98,-4.02,959.8,-40.2,9598.0,-402.0,-14.0,86.0,-14.0,860.0,-140.0,8600.0,-1400.0,BioNTech (BNTX) Brings In New CEO As Europe Clears Updated COVID 19 Shot,Simply Wall St.,2026-08-07,0.077,European Equities Traded in the US as American Depositary Receipts Track Higher in Thursday Trading,MT Newswires,2026-08-06,0.0,Pfizer Covid Pill Revenue Plunges 95%. The Stock Is Rising Anyway.,Barrons.com,2026-08-04,0.0,10,buy,0.6,"BioNTech has a buy analyst consensus (score 1.55) and positive news sentiment (0.161) with a new CEO and European clearance for its updated COVID-19 shot, but negative 1-year return (-14%) and YTD (-3.12%) suggest recent underperformance.",buy analyst consensus; new CEO catalyst; positive news sentiment; mRNA platform,,,,,
NVAX,Novavax,Biotech,mrna,NASDAQ,7.89,-0.88%,+6.48%,-11.45%,+10.66%,-1%*,1.301,2.416,,4.39,3175529,20658429,66701129,,26.82,buy,2.33,-0.88,99.12,-0.88,991.2,-8.8,9912.0,-88.0,6.48,106.48,6.48,1064.8,64.8,10648.0,648.0,-11.45,88.55,-11.45,885.5,-114.5,8855.0,-1145.0,10.66,110.66,10.66,1106.6,106.6,11066.0,1066.0,-1.0,99.0,-1.0,990.0,-10.0,9900.0,-100.0,Novavax (NVAX) Is Up 8.6% After Beating Q2 Estimates And Expanding Big-Pharma Partnerships - What's Changed,Simply Wall St.,2026-08-08,-0.459,"NVAX Q2 Earnings & Sales Beat Estimates, '26 Sales Outlook Raised",Zacks,2026-08-07,0.0,Novavax Q2 Earnings Call Highlights,MarketBeat,2026-08-07,0.0,,,,,,,,,,
BMRN,BioMarin Pharmaceutical,Biotech,rare-disease,NASDAQ,68.88,+11.10%,+14.80%,+16.35%,+15.86%,+12%,13.334,0.227,186.16,2.09,5002776,15745276,42034076,,7.43,buy,1.72,11.1,111.1,11.1,1111.0,111.0,11110.0,1110.0,14.8,114.8,14.8,1148.0,148.0,11480.0,1480.0,16.35,116.35,16.35,1163.5,163.5,11635.0,1635.0,15.86,115.86,15.86,1158.6,158.6,11586.0,1586.0,12.0,112.0,12.0,1120.0,120.0,11200.0,1200.0,"BMRN Stock Up as Q2 Earnings Beat on Sales Growth, 2026 Outlook Raised",Zacks,2026-08-07,0.382,"BioMarin Lifts 2026 Outlook on Strong Voxzogo Sales, Wedbush Says",MT Newswires,2026-08-07,0.511,BioMarin (BMRN) Stock May Be Above Fair Value After ReNU Therapy Deal,Simply Wall St.,2026-08-07,0.572,9,buy,0.63,"BioMarin has +12% 1-year return, +7.33% YTD, +6.79% 1-month, and strong news sentiment (0.293) after a Q2 beat with raised 2026 outlook, but a high P/E of 172.46 and short interest of 7.43% indicate valuation and risk concerns.",Q2 beat with raised outlook; news sentiment 0.293; rare-disease pipeline; high P/E 172.46,,,,,
SRPT,Sarepta Therapeutics,Biotech,rare-disease,NASDAQ,17.18,+3.00%,+8.19%,-8.71%,-19.38%,-6%,1.814,0.205,,3.39,2270498,16563698,67533498,,32.35,hold,2.67,3.0,103.0,3.0,1030.0,30.0,10300.0,300.0,8.19,108.19,8.19,1081.9,81.9,10819.0,819.0,-8.71,91.29,-8.71,912.9,-87.1,9129.0,-871.0,-19.38,80.62,-19.38,806.2,-193.8,8062.0,-1938.0,-6.0,94.0,-6.0,940.0,-60.0,9400.0,-600.0,"Sarepta's Q2 Earnings & Sales Beat Estimates, '26 Outlook Updated",Zacks,2026-08-06,0.0,"Sarepta Faces Competitive Pressures Despite Pipeline Updates, RBC Says",MT Newswires,2026-08-06,-0.153,Sarepta Therapeutics Inc (SRPT) (Q2 2026) Earnings Call Highlights: Strong Profitability and ...,GuruFocus.com,2026-08-06,0.66,,,,,,,,,,
COAG,Hemab Therapeutics,Biotech,rare-disease,NASDAQ,49.87,+0.42%,+10.82%,+26.22%,+46.68%,+46%,2.329,,,0.32,292181,1824781,9344081,,,none,,0.42,100.42,0.42,1004.2,4.2,10042.0,42.0,10.82,110.82,10.82,1108.2,108.2,11082.0,1082.0,26.22,126.22,26.22,1262.2,262.2,12622.0,2622.0,46.68,146.68,46.68,1466.8,466.8,14668.0,4668.0,46.0,146.0,46.0,1460.0,460.0,14600.0,4600.0,Biotech IPO Gains Crush AI Listings With Standout 55% Return,Bloomberg,2026-07-21,0.202,Sector Update: Healthcare Stocks Advance Late Afternoon,MT Newswires,2026-07-13,0.0,"Hemab Therapeutics Details Post-IPO Pipeline Push, Sutacimig Phase III Plans",MarketBeat,2026-06-09,0.0,8,buy,0.65,"COAG has exceptional momentum with +46% 1-year return, +46.06% YTD, and +46.53% 1-month, but lacks analyst coverage (score null) and has slightly negative news sentiment (-0.018), making it a high-risk, high-reward pick.",+46.06% YTD; +46.53% 1-month; rare-disease catalyst; no analyst coverage,,,,,
NVO,Novo Nordisk,Biotech,metabolic,NYSE,47.73,+1.04%,+1.36%,-3.15%,-5.55%,-5%,211.002,0.349,11.79,12.63,9317860,104262960,262598760,380.0,0.98,buy,2.43,1.04,101.04,1.04,1010.4,10.4,10104.0,104.0,1.36,101.36,1.36,1013.6,13.6,10136.0,136.0,-3.15,96.85,-3.15,968.5,-31.5,9685.0,-315.0,-5.55,94.45,-5.55,944.5,-55.5,9445.0,-555.0,-5.0,95.0,-5.0,950.0,-50.0,9500.0,-500.0,Hims & Hers raises annual forecast revenue on strong subscriber growth,Reuters,2026-08-10,0.71,This Biotech’s Drug Could Treat Hot Flashes. The Stock Is Up 34% on Good News.,Barrons.com,2026-08-10,0.681,European Stocks Close Mixed in Monday Trading as Investors Monitor Middle East War Developments,MT Newswires,2026-08-10,-0.599,,,,,,,,,,
LLY,Eli Lilly,Biotech,metabolic,NYSE,1231.94,+3.89%,+9.86%,+4.24%,+14.42%,+87%,1098.572,0.506,41.4,3.05,3005651,19867951,57854951,58.0,1.15,buy,1.71,3.89,103.89,3.89,1038.9,38.9,10389.0,389.0,9.86,109.86,9.86,1098.6,98.6,10986.0,986.0,4.24,104.24,4.24,1042.4,42.4,10424.0,424.0,14.42,114.42,14.42,1144.2,144.2,11442.0,1442.0,87.0,187.0,87.0,1870.0,870.0,18700.0,8700.0,Sector Update: Healthcare Stocks Gain Late Afternoon,MT Newswires,2026-08-10,0.527,Eli Lilly Stock Rises 2.1% as UK Clears Obesity Pill,GuruFocus.com,2026-08-10,0.077,Jim Cramer Highlights Pharmaceutical Giants as Non-Tech Innovation Plays Like JNJ and LLY,Insider Monkey,2026-08-10,0.727,,,,,,,,,,
LEGN,Legend Biotech,Biotech,neuroscience,NASDAQ,20.66,-0.39%,+8.68%,-19.77%,-3.95%,-43%,3.996,0.387,,2.73,2177490,11131090,59451690,,17.34,buy,1.87,-0.39,99.61,-0.39,996.1,-3.9,9961.0,-39.0,8.68,108.68,8.68,1086.8,86.8,10868.0,868.0,-19.77,80.23,-19.77,802.3,-197.7,8023.0,-1977.0,-3.95,96.05,-3.95,960.5,-39.5,9605.0,-395.0,-43.0,57.0,-43.0,570.0,-430.0,5700.0,-4300.0,Legend Biotech (LEGN) Stock May Be Cheap After CEO Resignation,Simply Wall St.,2026-07-29,-0.296,Legend Biotech (LEGN) CEO Exit Tests Management Stability Around Its CAR-T Multiple Myeloma Strategy,Simply Wall St.,2026-07-29,0.0,Legend Biotech (LEGN) Replaces CEO Ying Huang With Interim Chief Alan Bash,Simply Wall St.,2026-07-29,0.0,,,,,,,,,,
IONS,Ionis Pharmaceuticals,Biotech,neuroscience,NASDAQ,56.94,-0.07%,+4.50%,+0.33%,-28.53%,+38%,9.462,0.4,,2.84,2117615,11529615,69361915,,16.04,buy,1.74,-0.07,99.93,-0.07,999.3,-0.7,9993.0,-7.0,4.5,104.5,4.5,1045.0,45.0,10450.0,450.0,0.33,100.33,0.33,1003.3,3.3,10033.0,33.0,-28.53,71.47,-28.53,714.7,-285.3,7147.0,-2853.0,38.0,138.0,38.0,1380.0,380.0,13800.0,3800.0,Ionis (IONS) Q2 2026 Earnings Call Transcript,Motley Fool,2026-08-08,0.0,Ionis Pharmaceuticals Director Hayden Buys $1.1 Million Shares. What Does This Mean for Investors?,Motley Fool,2026-08-03,0.296,Is The Recent Pullback In Alnylam Stock An Opportunity Or A Trap?,Trefis,2026-07-31,0.128,,,,,,,,,,
BTC,Bitcoin,Crypto,bitcoin,Crypto,64085.02691,-1.54%,+0.65%,-0.44%,-26.78%,-27%,1286.088,,,20050.39,12399729091,140352757751,703935431998,,,,,-1.54,98.46,-1.54,984.6,-15.4,9846.0,-154.0,0.65,100.65,0.65,1006.5,6.5,10065.0,65.0,-0.44,99.56,-0.44,995.6,-4.4,9956.0,-44.0,-26.78,73.22,-26.78,732.2,-267.8,7322.0,-2678.0,-27.0,73.0,-27.0,730.0,-270.0,7300.0,-2700.0,$116M stolen from crypto cold wallets in security breach,Yahoo Finance Video,2026-08-10,-0.202,"Bitcoin and ethereum prices today, Monday, August 10, 2026: BTC breaking past $65,000 yet again",Yahoo Personal Finance,2026-08-10,0.0,Another Bitcoin miner pivots to AI after a brutal quarter,TheStreet,2026-08-10,-0.625,1,strong_buy,0.85,"Bitcoin ETFs pulled in $853M in a week (4x new supply), price at $65,120 with +3.79% 1w momentum, though short-term holder cost basis at $67.5K poses resistance [cryptoadworld.com].",$853M weekly ETF inflow; +3.79% 1w; 4x supply-demand imbalance; institutional demand,,,,,
ETH,Ethereum,Crypto,layer1,Crypto,1876.48668,-2.21%,+0.61%,+2.70%,-36.75%,-37%,226.458,,,6586.26,3398047722,46103801649,251789677031,,,,,-2.21,97.79,-2.21,977.9,-22.1,9779.0,-221.0,0.61,100.61,0.61,1006.1,6.1,10061.0,61.0,2.7,102.7,2.7,1027.0,27.0,10270.0,270.0,-36.75,63.25,-36.75,632.5,-367.5,6325.0,-3675.0,-37.0,63.0,-37.0,630.0,-370.0,6300.0,-3700.0,"Bitcoin and ethereum prices today, Monday, August 10, 2026: BTC breaking past $65,000 yet again",Yahoo Personal Finance,2026-08-10,0.0,Sharplink Inc (SBET) (Q2 2026) Earnings Call Highlights: Ethereum Treasury Strategy Drives ...,GuruFocus.com,2026-08-10,0.202,XRP Price Weakens as Crypto Market Awaits Clarity,decrypt,2026-08-10,0.178,8,buy,0.6,"Ethereum has +6.93% 1m and +3.72% 1w, a massive $232B market cap, but negative sentiment -0.139 and a hack headline weigh on confidence.",+6.93% 1m; large cap $232B; institutional core holding,,,,,
SOL,Solana,Crypto,layer1,Crypto,76.384167,-0.96%,+3.59%,-2.32%,-38.66%,-39%,44.468,,,1410.44,1411313619,9873080880,45508475399,,,,,-0.96,99.04,-0.96,990.4,-9.6,9904.0,-96.0,3.59,103.59,3.59,1035.9,35.9,10359.0,359.0,-2.32,97.68,-2.32,976.8,-23.2,9768.0,-232.0,-38.66,61.34,-38.66,613.4,-386.6,6134.0,-3866.0,-39.0,61.0,-39.0,610.0,-390.0,6100.0,-3900.0,Explained: What is a smart contract?,TheStreet,2026-08-10,0.402,Solstice splits a Nasdaq stock dividend into two risk tokens on Solana,TheStreet,2026-08-10,-0.273,Ethereum and Solana Reassess Inflation Schedules as Security Costs Raise Supply Concerns,CCN,2026-08-10,0.34,5,buy,0.7,"Solana has positive news sentiment of 0.136, +5.61% 1w, and a token burn narrative that could boost value, despite -1.36% 1m.",positive sentiment 0.136; +5.61% 1w; token burn catalyst,,,,,
BNB,BNB,Crypto,layer1,Crypto,600.043876,-1.22%,+1.70%,+3.28%,-30.48%,-30%,79.904,,,552.85,504582023,3869919004,16288081055,,,,,-1.22,98.78,-1.22,987.8,-12.2,9878.0,-122.0,1.7,101.7,1.7,1017.0,17.0,10170.0,170.0,3.28,103.28,3.28,1032.8,32.8,10328.0,328.0,-30.48,69.52,-30.48,695.2,-304.8,6952.0,-3048.0,-30.0,70.0,-30.0,700.0,-300.0,7000.0,-3000.0,Bitcoin Rally Fades—Where Does Price Go Next?,decrypt,2026-08-10,0.0,T. Rowe Price Defends Meme Inclusion in Active Crypto ETF,CryptoProwl,2026-08-10,0.402,XRP Price Forecast: Potential 35% Drop Ahead as XRP Retests Key Support,FX Empire,2026-08-07,0.153,6,buy,0.65,"BNB shows steady momentum with +4.83% 1m and +3.58% 1w, highest news sentiment in the universe at 0.192, and $80B market cap.",+4.83% 1m; +3.58% 1w; sentiment 0.192; large cap stability,,,,,
ADA,Cardano,Crypto,layer1,Crypto,0.193449,-2.18%,-0.11%,+13.37%,-41.85%,-42%,7.071,,,438.54,204018200,3069773420,9629455247,,,,,-2.18,97.82,-2.18,978.2,-21.8,9782.0,-218.0,-0.11,99.89,-0.11,998.9,-1.1,9989.0,-11.0,13.37,113.37,13.37,1133.7,133.7,11337.0,1337.0,-41.85,58.15,-41.85,581.5,-418.5,5815.0,-4185.0,-42.0,58.0,-42.0,580.0,-420.0,5800.0,-4200.0,"Grayscale Drops Plans For Cardano, Polkadot and Hedera ETFs",CryptoProwl,2026-08-10,0.0,"5 Cryptocurrencies With the Weakest 2026 Price Outlook (Hint: Not Bitcoin, ETH or XRP)",CCN,2026-08-10,-0.511,Cardano ‘Bull Trap’ Risks Triggering 50% ADA Price Correction,FX Empire,2026-08-10,-0.273,2,strong_buy,0.8,"Cardano leads momentum with +18.56% 1m and +7.81% 1w, positive news sentiment of 0.062, and a market cap of $7.2B offering relative value.",+18.56% 1m; +7.81% 1w; positive sentiment 0.062; low market cap,,,,,
AVAX,Avalanche,Crypto,layer1,Crypto,6.439963,-1.65%,-1.99%,-4.61%,-47.68%,-48%,2.781,,,167.61,107523236,1173237545,4851541949,,,,,-1.65,98.35,-1.65,983.5,-16.5,9835.0,-165.0,-1.99,98.01,-1.99,980.1,-19.9,9801.0,-199.0,-4.61,95.39,-4.61,953.9,-46.1,9539.0,-461.0,-47.68,52.32,-47.68,523.2,-476.8,5232.0,-4768.0,-48.0,52.0,-48.0,520.0,-480.0,5200.0,-4800.0,"5 Cryptocurrencies With the Weakest 2026 Price Outlook (Hint: Not Bitcoin, ETH or XRP)",CCN,2026-08-10,-0.511,,,,,,,,,,,,,,,,,,
XRP,XRP,Crypto,payments,Crypto,1.019645,-2.05%,-5.77%,-8.57%,-44.56%,-45%,63.762,,,1042.17,628838813,7295221423,29559949765,,,,,-2.05,97.95,-2.05,979.5,-20.5,9795.0,-205.0,-5.77,94.23,-5.77,942.3,-57.7,9423.0,-577.0,-8.57,91.43,-8.57,914.3,-85.7,9143.0,-857.0,-44.56,55.44,-44.56,554.4,-445.6,5544.0,-4456.0,-45.0,55.0,-45.0,550.0,-450.0,5500.0,-4500.0,XRP Price Weakens as Crypto Market Awaits Clarity,decrypt,2026-08-10,0.178,Robinhood Launches Crypto Trading in the UK,CryptoProwl,2026-08-10,0.0,"5 Cryptocurrencies With the Weakest 2026 Price Outlook (Hint: Not Bitcoin, ETH or XRP)",CCN,2026-08-10,-0.511,,,,,,,,,,
XLM,Stellar,Crypto,payments,Crypto,0.162631,-0.72%,-5.49%,-15.38%,-18.94%,-19%,5.6,,,103.32,87134081,723264522,3692655540,,,,,-0.72,99.28,-0.72,992.8,-7.2,9928.0,-72.0,-5.49,94.51,-5.49,945.1,-54.9,9451.0,-549.0,-15.38,84.62,-15.38,846.2,-153.8,8462.0,-1538.0,-18.94,81.06,-18.94,810.6,-189.4,8106.0,-1894.0,-19.0,81.0,-19.0,810.0,-190.0,8100.0,-1900.0,,,,,,,,,,,,,,,,,,,,,,
TRX,TRON,Crypto,payments,Crypto,0.33076,+0.38%,+0.67%,+0.01%,+16.32%,+16%,31.388,,,333.55,239788732,2334833369,10159414759,,,,,0.38,100.38,0.38,1003.8,3.8,10038.0,38.0,0.67,100.67,0.67,1006.7,6.7,10067.0,67.0,0.01,100.01,0.01,1000.1,0.1,10001.0,1.0,16.32,116.32,16.32,1163.2,163.2,11632.0,1632.0,16.0,116.0,16.0,1160.0,160.0,11600.0,1600.0,Hackers Drain $8 Million From Crypto Exchange Across Two Blockchains,decrypt,2026-08-10,0.0,Coinsbuy Faces Reported $7.9 Million Crypto Hack Amid Rising 2026 Attacks,BeInCrypto,2026-08-10,-0.44,Tron Just Added $2.2 Billion in Stablecoins in July. Does That Make It a Buy?,Motley Fool,2026-08-09,0.0,7,buy,0.65,"TRX is the only asset with positive YTD at +15.93%, despite negative news sentiment -0.22, showing resilience and relative strength.",+15.93% YTD; only positive YTD; relative strength,,,,,
SUI,Sui,Crypto,emerging,Crypto,0.690219,-1.24%,-0.63%,-7.85%,-50.79%,-51%,2.812,,,141.54,132159790,990750404,3578535783,,,,,-1.24,98.76,-1.24,987.6,-12.4,9876.0,-124.0,-0.63,99.37,-0.63,993.7,-6.3,9937.0,-63.0,-7.85,92.15,-7.85,921.5,-78.5,9215.0,-785.0,-50.79,49.21,-50.79,492.1,-507.9,4921.0,-5079.0,-51.0,49.0,-51.0,490.0,-510.0,4900.0,-5100.0,Sui Group Holdings Ltd (SUIG) (Q2 2026) Earnings Call Highlights: Strategic Pivot to Agentic ...,GuruFocus.com,2026-08-07,0.0,,,,,,,,,,,,,,,,,,
HBAR,Hedera,Crypto,emerging,Crypto,0.067812,-2.17%,-4.34%,-2.74%,-36.14%,-36%,2.97,,,38.39,31132197,268761045,1388794094,,,,,-2.17,97.83,-2.17,978.3,-21.7,9783.0,-217.0,-4.34,95.66,-4.34,956.6,-43.4,9566.0,-434.0,-2.74,97.26,-2.74,972.6,-27.4,9726.0,-274.0,-36.14,63.86,-36.14,638.6,-361.4,6386.0,-3614.0,-36.0,64.0,-36.0,640.0,-360.0,6400.0,-3600.0,"Grayscale Drops Plans For Cardano, Polkadot and Hedera ETFs",CryptoProwl,2026-08-10,0.0,"Breaking: Grayscale Withdraws Cardano, Hedera and Polkadot ETF Filings",CoinGape,2026-08-10,0.0,,,,,,,,,,,,,,
ALGO,Algorand,Crypto,emerging,Crypto,0.082565,-2.08%,-9.49%,-4.74%,-25.07%,-25%,0.745,,,26.2,25123692,183414309,626905973,,,,,-2.08,97.92,-2.08,979.2,-20.8,9792.0,-208.0,-9.49,90.51,-9.49,905.1,-94.9,9051.0,-949.0,-4.74,95.26,-4.74,952.6,-47.4,9526.0,-474.0,-25.07,74.93,-25.07,749.3,-250.7,7493.0,-2507.0,-25.0,75.0,-25.0,750.0,-250.0,7500.0,-2500.0,Top 3 Altcoins to Watch for the First Week of August 2026,BeInCrypto,2026-08-04,0.202,,,,,,,,,,,,,,,,,,
MINA,Mina,Crypto,emerging,Crypto,0.04044,-2.12%,-1.12%,-8.96%,-46.47%,-46%,0.052,,,1.71,1836759,11982125,92155949,,,,,-2.12,97.88,-2.12,978.8,-21.2,9788.0,-212.0,-1.12,98.88,-1.12,988.8,-11.2,9888.0,-112.0,-8.96,91.04,-8.96,910.4,-89.6,9104.0,-896.0,-46.47,53.53,-46.47,535.3,-464.7,5353.0,-4647.0,-46.0,54.0,-46.0,540.0,-460.0,5400.0,-4600.0,,,,,,,,,,,,,,,,,,,,,,
POL,Polygon (MATIC),Crypto,infra,Crypto,0.077245,-0.53%,+5.95%,-3.47%,-23.09%,-23%,0.826,,,27.41,25210011,191903309,889305832,,,,,-0.53,99.47,-0.53,994.7,-5.3,9947.0,-53.0,5.95,105.95,5.95,1059.5,59.5,10595.0,595.0,-3.47,96.53,-3.47,965.3,-34.7,9653.0,-347.0,-23.09,76.91,-23.09,769.1,-230.9,7691.0,-2309.0,-23.0,77.0,-23.0,770.0,-230.0,7700.0,-2300.0,,,,,,,,,,,,,,,,,,,,,,
DOT,Polkadot,Crypto,infra,Crypto,0.803943,-0.50%,-2.01%,-8.88%,-55.08%,-55%,1.365,,,79.28,47750148,554968768,2421423008,,,,,-0.5,99.5,-0.5,995.0,-5.0,9950.0,-50.0,-2.01,97.99,-2.01,979.9,-20.1,9799.0,-201.0,-8.88,91.12,-8.88,911.2,-88.8,9112.0,-888.0,-55.08,44.92,-55.08,449.2,-550.8,4492.0,-5508.0,-55.0,45.0,-55.0,450.0,-550.0,4500.0,-5500.0,"Grayscale Drops Plans For Cardano, Polkadot and Hedera ETFs",CryptoProwl,2026-08-10,0.0,"5 Cryptocurrencies With the Weakest 2026 Price Outlook (Hint: Not Bitcoin, ETH or XRP)",CCN,2026-08-10,-0.511,"Breaking: Grayscale Withdraws Cardano, Hedera and Polkadot ETF Filings",CoinGape,2026-08-10,0.0,,,,,,,,,,
LINK,Chainlink,Crypto,infra,Crypto,8.294682,-0.34%,+1.01%,+2.73%,-31.97%,-32%,6.205,,,150.98,131602269,1056867658,5187491911,,,,,-0.34,99.66,-0.34,996.6,-3.4,9966.0,-34.0,1.01,101.01,1.01,1010.1,10.1,10101.0,101.0,2.73,102.73,2.73,1027.3,27.3,10273.0,273.0,-31.97,68.03,-31.97,680.3,-319.7,6803.0,-3197.0,-32.0,68.0,-32.0,680.0,-320.0,6800.0,-3200.0,"Standard Chartered predicts 2,300% upside for LINK",TheStreet,2026-08-10,0.0,Standard Chartered Sees $4T Tokenization Driving Chainlink to $200 by 2030,decrypt,2026-08-10,0.0,"Chainlink Trades at Just $8.22, but Standard Chartered Sees a 24x Rally",BeInCrypto,2026-08-10,0.0,4,buy,0.7,"Chainlink enters accumulation zone that preceded a 550% rally, with +2.81% 1m and neutral sentiment, offering a high-reward setup.",accumulation zone catalyst; +2.81% 1m; historical 550% rally pattern,,,,,
DOGE,Dogecoin,Crypto,meme,Crypto,0.069866,-0.75%,-0.78%,-7.07%,-40.43%,-40%,10.86,,,390.64,356179724,2734484186,13711313103,,,,,-0.75,99.25,-0.75,992.5,-7.5,9925.0,-75.0,-0.78,99.22,-0.78,992.2,-7.8,9922.0,-78.0,-7.07,92.93,-7.07,929.3,-70.7,9293.0,-707.0,-40.43,59.57,-40.43,595.7,-404.3,5957.0,-4043.0,-40.0,60.0,-40.0,600.0,-400.0,6000.0,-4000.0,"5 Cryptocurrencies With the Weakest 2026 Price Outlook (Hint: Not Bitcoin, ETH or XRP)",CCN,2026-08-10,-0.511,T. Rowe Price Defends Meme Inclusion in Active Crypto ETF,CryptoProwl,2026-08-10,0.402,XRP at a Crossroads as Senate Punts on Clarity Act,decrypt,2026-08-07,0.402,,,,,,,,,,
PEPE,Pepe,Crypto,meme,Crypto,3e-06,-1.62%,-2.47%,+2.48%,-28.81%,-29%,1.188,,,108.53,100857801,759741107,4205505441,,,,,-1.62,98.38,-1.62,983.8,-16.2,9838.0,-162.0,-2.47,97.53,-2.47,975.3,-24.7,9753.0,-247.0,2.48,102.48,2.48,1024.8,24.8,10248.0,248.0,-28.81,71.19,-28.81,711.9,-288.1,7119.0,-2881.0,-29.0,71.0,-29.0,710.0,-290.0,7100.0,-2900.0,PEPE Exchange Outflows Hit Nearly 2-Year High as Whales Accumulate,BeInCrypto,2026-08-06,0.0,,,,,,,,,3,buy,0.75,"PEPE exchange outflows hit nearly 2-year high as whales accumulate, with +5.01% 1m and +1.53% 1d momentum, signaling strong accumulation.",whale accumulation; exchange outflows 2Y high; +5.01% 1m; +1.53% 1d,,,,,
TAO,Bittensor,Crypto,ai,Crypto,201.963002,-1.76%,+5.04%,-5.78%,-7.64%,-8%,2.266,,,89.94,116506875,629581798,2969798348,,,,,-1.76,98.24,-1.76,982.4,-17.6,9824.0,-176.0,5.04,105.04,5.04,1050.4,50.4,10504.0,504.0,-5.78,94.22,-5.78,942.2,-57.8,9422.0,-578.0,-7.64,92.36,-7.64,923.6,-76.4,9236.0,-764.0,-8.0,92.0,-8.0,920.0,-80.0,9200.0,-800.0,,,,,,,,,,,,,,,,,,,,,,
FET,ASI Alliance,Crypto,ai,Crypto,0.135503,-1.40%,-6.59%,-16.73%,-31.81%,-32%,0.302,,,48.65,29999197,340541729,1218282847,,,,,-1.4,98.6,-1.4,986.0,-14.0,9860.0,-140.0,-6.59,93.41,-6.59,934.1,-65.9,9341.0,-659.0,-16.73,83.27,-16.73,832.7,-167.3,8327.0,-1673.0,-31.81,68.19,-31.81,681.9,-318.1,6819.0,-3181.0,-32.0,68.0,-32.0,680.0,-320.0,6800.0,-3200.0,,,,,,,,,,,,,,,,,,,,,,
RNDR,Render,Crypto,ai,Crypto,1.292155,-2.67%,-4.94%,-18.02%,+0.63%,+1%,0.67,,,20.12,17487058,140837393,616599261,,,,,-2.67,97.33,-2.67,973.3,-26.7,9733.0,-267.0,-4.94,95.06,-4.94,950.6,-49.4,9506.0,-494.0,-18.02,81.98,-18.02,819.8,-180.2,8198.0,-1802.0,0.63,100.63,0.63,1006.3,6.3,10063.0,63.0,1.0,101.0,1.0,1010.0,10.0,10100.0,100.0,,,,,,,,,,,,,,,,,,,,,,
OCEAN,Ocean Protocol,Crypto,ai,Crypto,0.094498,-0.76%,-4.92%,-16.48%,-37.24%,-37%,,,,0.01,6271,98690,843064,,,,,-0.76,99.24,-0.76,992.4,-7.6,9924.0,-76.0,-4.92,95.08,-4.92,950.8,-49.2,9508.0,-492.0,-16.48,83.52,-16.48,835.2,-164.8,8352.0,-1648.0,-37.24,62.76,-37.24,627.6,-372.4,6276.0,-3724.0,-37.0,63.0,-37.0,630.0,-370.0,6300.0,-3700.0,,,,,,,,,,,,,,,,,,,,,,
GRT,The Graph,Crypto,ai,Crypto,0.01423,-3.33%,-4.40%,-20.81%,-57.20%,-57%,0.155,,,11.07,10928650,77477572,327196119,,,,,-3.33,96.67,-3.33,966.7,-33.3,9667.0,-333.0,-4.4,95.6,-4.4,956.0,-44.0,9560.0,-440.0,-20.81,79.19,-20.81,791.9,-208.1,7919.0,-2081.0,-57.2,42.8,-57.2,428.0,-572.0,4280.0,-5720.0,-57.0,43.0,-57.0,430.0,-570.0,4300.0,-5700.0,,,,,,,,,,,,,,,,,,,,,,
AGIX,SingularityNET,Crypto,ai,Crypto,0.058765,-4.06%,-6.52%,-17.48%,-31.47%,-31%,,,,0.0,3530,33762,273161,,,,,-4.06,95.94,-4.06,959.4,-40.6,9594.0,-406.0,-6.52,93.48,-6.52,934.8,-65.2,9348.0,-652.0,-17.48,82.52,-17.48,825.2,-174.8,8252.0,-1748.0,-31.47,68.53,-31.47,685.3,-314.7,6853.0,-3147.0,-31.0,69.0,-31.0,690.0,-310.0,6900.0,-3100.0,,,,,,,,,,,,,,,,,,,,,,
NMR,Numeraire,Crypto,ai,Crypto,8.421343,-1.37%,-1.37%,-13.92%,-11.86%,-12%,0.063,,,4.2,4831155,29407235,125872266,,,,,-1.37,98.63,-1.37,986.3,-13.7,9863.0,-137.0,-1.37,98.63,-1.37,986.3,-13.7,9863.0,-137.0,-13.92,86.08,-13.92,860.8,-139.2,8608.0,-1392.0,-11.86,88.14,-11.86,881.4,-118.6,8814.0,-1186.0,-12.0,88.0,-12.0,880.0,-120.0,8800.0,-1200.0,,,,,,,,,,,,,,,,,,,,,,
ALT,AltLayer,Crypto,ai,Crypto,0.006127,+1.18%,+5.97%,-6.27%,-46.49%,-46%,0.042,,,3.53,4905311,24708343,92874952,,,,,1.18,101.18,1.18,1011.8,11.8,10118.0,118.0,5.97,105.97,5.97,1059.7,59.7,10597.0,597.0,-6.27,93.73,-6.27,937.3,-62.7,9373.0,-627.0,-46.49,53.51,-46.49,535.1,-464.9,5351.0,-4649.0,-46.0,54.0,-46.0,540.0,-460.0,5400.0,-4600.0,,,,,,,,,,,,,,,,,,,,,,
AIOZ,AIOZ Network,Crypto,ai,Crypto,0.051907,+9.70%,+9.64%,+1.29%,-40.09%,-40%,0.066,,,2.39,2384988,16760298,88370660,,,,,9.7,109.7,9.7,1097.0,97.0,10970.0,970.0,9.64,109.64,9.64,1096.4,96.4,10964.0,964.0,1.29,101.29,1.29,1012.9,12.9,10129.0,129.0,-40.09,59.91,-40.09,599.1,-400.9,5991.0,-4009.0,-40.0,60.0,-40.0,600.0,-400.0,6000.0,-4000.0,6 New Upbit Listings Fuel 30% Moves for Select Altcoins,BeInCrypto,2026-08-10,0.0,,,,,,,,,,,,,,,,,,
ARKM,Arkham,Crypto,ai,Crypto,0.097481,-1.23%,+2.98%,-14.90%,-44.75%,-45%,0.022,,,4.82,6567268,33773391,149378871,,,,,-1.23,98.77,-1.23,987.7,-12.3,9877.0,-123.0,2.98,102.98,2.98,1029.8,29.8,10298.0,298.0,-14.9,85.1,-14.9,851.0,-149.0,8510.0,-1490.0,-44.75,55.25,-44.75,552.5,-447.5,5525.0,-4475.0,-45.0,55.0,-45.0,550.0,-450.0,5500.0,-4500.0,,,,,,,,,,,,,,,,,,,,,,
WLD,Worldcoin,Crypto,ai,Crypto,0.335776,+4.62%,+3.63%,-17.98%,-30.20%,-30%,1.206,,,99.3,88180755,695096389,3613288159,,,,,4.62,104.62,4.62,1046.2,46.2,10462.0,462.0,3.63,103.63,3.63,1036.3,36.3,10363.0,363.0,-17.98,82.02,-17.98,820.2,-179.8,8202.0,-1798.0,-30.2,69.8,-30.2,698.0,-302.0,6980.0,-3020.0,-30.0,70.0,-30.0,700.0,-300.0,7000.0,-3000.0,Worldcoin’s Technicals Reveals 10%–34% WLD Price Plunge Setups,FX Empire,2026-08-10,0.0,,,,,,,,,10,buy,0.45,"Worldcoin surged +10.20% in 1d with +7.43% 1w, but YTD -29.09% and weak fundamentals; short-term momentum play.",+10.20% 1d; +7.43% 1w; short-term momentum,,,,,
NEAR,NEAR Protocol,Crypto,ai,Crypto,1.605978,-1.29%,-7.91%,-15.95%,+6.19%,+6%,2.093,,,109.96,78934529,769694405,4238893720,,,,,-1.29,98.71,-1.29,987.1,-12.9,9871.0,-129.0,-7.91,92.09,-7.91,920.9,-79.1,9209.0,-791.0,-15.95,84.05,-15.95,840.5,-159.5,8405.0,-1595.0,6.19,106.19,6.19,1061.9,61.9,10619.0,619.0,6.0,106.0,6.0,1060.0,60.0,10600.0,600.0,NEAR Token Bulls May Face $4.58M in Liquidations If Price Falls Just 5%,FX Empire,2026-08-06,0.0,,,,,,,,,,,,,,,,,,
ICP,Internet Computer,Crypto,ai,Crypto,2.314285,+5.40%,+9.63%,+0.68%,-18.37%,-18%,1.285,,,28.01,30790591,196077036,835651468,,,,,5.4,105.4,5.4,1054.0,54.0,10540.0,540.0,9.63,109.63,9.63,1096.3,96.3,10963.0,963.0,0.68,100.68,0.68,1006.8,6.8,10068.0,68.0,-18.37,81.63,-18.37,816.3,-183.7,8163.0,-1837.0,-18.0,82.0,-18.0,820.0,-180.0,8200.0,-1800.0,,,,,,,,,,,,,,,,,,,,,,
KAITO,Kaito,Crypto,ai,Crypto,0.67566,-0.72%,-26.84%,+1.16%,+33.48%,+33%,0.163,,,45.94,40367727,321599490,1561720125,,,,,-0.72,99.28,-0.72,992.8,-7.2,9928.0,-72.0,-26.84,73.16,-26.84,731.6,-268.4,7316.0,-2684.0,1.16,101.16,1.16,1011.6,11.6,10116.0,116.0,33.48,133.48,33.48,1334.8,334.8,13348.0,3348.0,33.0,133.0,33.0,1330.0,330.0,13300.0,3300.0,,,,,,,,,,,,,9,buy,0.5,"KAITO has strong YTD (+35.36%) and 1m (+11.80%) but a sharp 1w drop of -27.11%, high risk but potential contrarian play if momentum resumes.",+35.36% YTD; +11.80% 1m; high volatility; contrarian opportunity,,,,,
VIRTUAL,Virtuals Protocol,Crypto,ai,Crypto,0.558469,-0.57%,-1.08%,-8.15%,-13.60%,-14%,0.367,,,30.87,23759255,216096531,1423433404,,,,,-0.57,99.43,-0.57,994.3,-5.7,9943.0,-57.0,-1.08,98.92,-1.08,989.2,-10.8,9892.0,-108.0,-8.15,91.85,-8.15,918.5,-81.5,9185.0,-815.0,-13.6,86.4,-13.6,864.0,-136.0,8640.0,-1360.0,-14.0,86.0,-14.0,860.0,-140.0,8600.0,-1400.0,,,,,,,,,,,,,,,,,,,,,,
LMT,Lockheed Martin,Defence,us-primes,NYSE,603.16,+2.57%,+2.88%,+15.84%,+22.78%,+38%,139.203,0.11,22.26,1.25,1180848,4804248,25671848,235.0,1.62,hold,2.52,2.57,102.57,2.57,1025.7,25.7,10257.0,257.0,2.88,102.88,2.88,1028.8,28.8,10288.0,288.0,15.84,115.84,15.84,1158.4,158.4,11584.0,1584.0,22.78,122.78,22.78,1227.8,227.8,12278.0,2278.0,38.0,138.0,38.0,1380.0,380.0,13800.0,3800.0,Rocket Lab Stock's Surge Was Booked Before It Was Priced,Trefis,2026-08-10,0.0,"Palantir AI Boosts Pentagon Capabilities but LMT, RTX May Be the Better Missile Shortage Plays",Benzinga Prediction Markets,2026-08-10,0.67,Pentagon asks defence firms to accelerate weapons production,Investing.com,2026-08-09,-0.361,,,,,,,,,,
RTX,RTX Corporation,Defence,us-primes,NYSE,224.12,+0.47%,+3.45%,+14.12%,+20.59%,+44%,302.06,0.294,39.39,5.42,3276694,24887994,110041094,131.0,1.27,buy,1.87,0.47,100.47,0.47,1004.7,4.7,10047.0,47.0,3.45,103.45,3.45,1034.5,34.5,10345.0,345.0,14.12,114.12,14.12,1141.2,141.2,11412.0,1412.0,20.59,120.59,20.59,1205.9,205.9,12059.0,2059.0,44.0,144.0,44.0,1440.0,440.0,14400.0,4400.0,Embraer's Second-Quarter Earnings and Revenues Surpass Estimates,Zacks,2026-08-10,0.0,Is General Dynamics (GD) Outperforming Other Aerospace Stocks This Year?,Zacks,2026-08-10,0.273,Pentagon asks defence firms to accelerate weapons production,Investing.com,2026-08-09,-0.361,1,strong_buy,0.9,"RTX has +20% YTD, P/E 39.2, analyst buy (score 1.87), and positive news sentiment 0.081; Q2 sales surged 14% YoY, adjusted EPS up 21%, and backlog hit $289B (+22% YoY) with $5B in GEM-T orders.",+20% YTD; P/E 39.2; analyst buy; Q2 sales +14%,,,,,
NOC,Northrop Grumman,Defence,us-primes,NYSE,577.89,+1.03%,+5.36%,+6.66%,-0.58%,-1%,82.097,-0.108,18.38,0.96,492921,2920721,18428721,164.0,1.64,buy,1.96,1.03,101.03,1.03,1010.3,10.3,10103.0,103.0,5.36,105.36,5.36,1053.6,53.6,10536.0,536.0,6.66,106.66,6.66,1066.6,66.6,10666.0,666.0,-0.58,99.42,-0.58,994.2,-5.8,9942.0,-58.0,-1.0,99.0,-1.0,990.0,-10.0,9900.0,-100.0,2 Industrials Stocks to Research Further and 1 We Avoid,StockStory,2026-08-10,-0.296,Rocket Lab Stock's Surge Was Booked Before It Was Priced,Trefis,2026-08-10,0.0,Embraer's Second-Quarter Earnings and Revenues Surpass Estimates,Zacks,2026-08-10,0.0,,,,,,,,,,
GD,General Dynamics,Defence,us-primes,NYSE,395.97,+0.25%,+3.54%,+6.22%,+16.83%,+24%,107.133,0.328,24.16,1.21,779544,4819744,24729744,162.0,1.2,buy,2.12,0.25,100.25,0.25,1002.5,2.5,10025.0,25.0,3.54,103.54,3.54,1035.4,35.4,10354.0,354.0,6.22,106.22,6.22,1062.2,62.2,10622.0,622.0,16.83,116.83,16.83,1168.3,168.3,11683.0,1683.0,24.0,124.0,24.0,1240.0,240.0,12400.0,2400.0,GD or GE: Which Is the Better Value Stock Right Now?,Zacks,2026-08-10,0.649,Is General Dynamics (GD) Outperforming Other Aerospace Stocks This Year?,Zacks,2026-08-10,0.273,Does Record Backlog And Raised 2026 Outlook Change The Bull Case For General Dynamics (GD)?,Simply Wall St.,2026-08-09,0.273,,,,,,,,,,
HII,Huntington Ingalls Industries,Defence,us-primes,NYSE,330.81,+2.42%,+1.49%,+16.13%,-4.71%,+22%,13.035,0.241,19.71,0.53,335006,2298806,11861406,170.0,2.97,buy,2.08,2.42,102.42,2.42,1024.2,24.2,10242.0,242.0,1.49,101.49,1.49,1014.9,14.9,10149.0,149.0,16.13,116.13,16.13,1161.3,161.3,11613.0,1613.0,-4.71,95.29,-4.71,952.9,-47.1,9529.0,-471.0,22.0,122.0,22.0,1220.0,220.0,12200.0,2200.0,Can Huntington Ingalls (HII) Overcome Margin Pressure and Contract Challenges?,Insider Monkey,2026-08-05,-0.226,Huntington Ingalls (HII) Q2 2026 Earnings Call Transcript,Motley Fool,2026-08-04,0.0,Why Huntington Ingalls Industries Stock Is Heading Higher,Motley Fool,2026-08-02,0.0,,,,,,,,,,
LHX,L3Harris Technologies,Defence,us-primes,NYSE,289.72,+1.85%,+4.27%,+0.36%,-4.13%,+6%,53.95,0.746,29.29,1.41,1120102,6147702,32427102,174.0,1.9,buy,1.65,1.85,101.85,1.85,1018.5,18.5,10185.0,185.0,4.27,104.27,4.27,1042.7,42.7,10427.0,427.0,0.36,100.36,0.36,1003.6,3.6,10036.0,36.0,-4.13,95.87,-4.13,958.7,-41.3,9587.0,-413.0,6.0,106.0,6.0,1060.0,60.0,10600.0,600.0,Rocket Lab Stock's Surge Was Booked Before It Was Priced,Trefis,2026-08-10,0.0,Motorola Solutions Stock Tests Growth Potential Against Valuation,Zacks,2026-08-07,0.511,Motorola Solutions Q2 Earnings and Guidance Signal Stronger Growth,Zacks,2026-08-07,0.71,,,,,,,,,,
BA,Boeing,Defence,us-primes,NYSE,232.79,-0.62%,-0.30%,+8.02%,+2.20%,+4%,183.99,1.221,83.44,6.5,2866671,28609971,130147271,,0.02,buy,1.61,-0.62,99.38,-0.62,993.8,-6.2,9938.0,-62.0,-0.3,99.7,-0.3,997.0,-3.0,9970.0,-30.0,8.02,108.02,8.02,1080.2,80.2,10802.0,802.0,2.2,102.2,2.2,1022.0,22.0,10220.0,220.0,4.0,104.0,4.0,1040.0,40.0,10400.0,400.0,Archer stock jumps as Boeing offloads air taxi subsidiaries in exchange for stake,Yahoo Finance,2026-08-10,0.0,Air Taxi Maker Flies On Deal To Buy Boeing Subsidiaries,Investor's Business Daily,2026-08-10,0.0,Boeing Stock Rises as Archer Deal Creates 20% Stake,GuruFocus.com,2026-08-10,0.273,,,,,,,,,,
BA.L,BAE Systems,Defence,uk-european,LSE,30.32,+1.08%,+4.71%,+21.23%,+27.95%,+29%,0.889,-0.052,32.06,6.46,3431286,28399952,134327470,170.0,,buy,2.17,1.08,101.08,1.08,1010.8,10.8,10108.0,108.0,4.71,104.71,4.71,1047.1,47.1,10471.0,471.0,21.23,121.23,21.23,1212.3,212.3,12123.0,2123.0,27.95,127.95,27.95,1279.5,279.5,12795.0,2795.0,29.0,129.0,29.0,1290.0,290.0,12900.0,2900.0,MDA Space Ltd (MDA) (Q2 2026) Earnings Call Highlights: Revenue Surges 34% and Backlog Hits $4. ...,GuruFocus.com,2026-08-07,0.0,‘All-British’ fighter jet to use American engine after BAE and Rolls-Royce clash,The Telegraph,2026-08-02,0.153,FTSE 100 reaches new heights in spite of ongoing Iran war,PA Media: Money,2026-07-30,-0.796,10,buy,0.5,"BA.L has +26.58% YTD, P/E 31.71, analyst buy (score 2.17), and news sentiment 0.048; positive momentum with +12.63% 1M and +6.02% 1W, though small market cap and lower sentiment.",+26.58% YTD; analyst buy; +12.63% 1M; small-cap defence,,,,,
RR.L,Rolls-Royce Holdings,Defence,uk-european,LSE,20.8,+0.65%,+2.21%,+7.07%,+28.67%,+41%,1.718,1.19,42.78,26.28,25664452,104748609,506113023,78.0,,buy,1.6,0.65,100.65,0.65,1006.5,6.5,10065.0,65.0,2.21,102.21,2.21,1022.1,22.1,10221.0,221.0,7.07,107.07,7.07,1070.7,70.7,10707.0,707.0,28.67,128.67,28.67,1286.7,286.7,12867.0,2867.0,41.0,141.0,41.0,1410.0,410.0,14100.0,4100.0,Is Rolls-Royce Holdings (LSE:RR.) Fully Priced After Profit Upgrades?,Simply Wall St.,2026-08-08,0.488,"Is Rolls-Royce Holdings (LSE:RR.) Fully Valued After Buybacks, Half Year Results And A Dividend Increase?",Simply Wall St.,2026-08-08,0.67,Rolls Royce Holdings (LSE:RR.) Stock Fair Value Rises After Analysts Lift Targets,Simply Wall St.,2026-08-07,0.572,8,buy,0.7,"RR.L has +27.83% YTD, P/E 42.5, analyst buy (score 1.6), and strong news sentiment 0.416; consistent momentum with +5.68% 1M and +4.24% 1W, backed by defence and civil aerospace growth.",+27.83% YTD; analyst buy; news sentiment 0.416; +5.68% 1M,,,,,
QQ.L,QinetiQ Group,Defence,uk-european,LSE,7.61,+1.81%,+7.95%,+24.91%,+26.83%,+15%,0.039,0.343,28.18,2.16,1305422,12930377,42882868,199.0,,buy,1.75,1.81,101.81,1.81,1018.1,18.1,10181.0,181.0,7.95,107.95,7.95,1079.5,79.5,10795.0,795.0,24.91,124.91,24.91,1249.1,249.1,12491.0,2491.0,26.83,126.83,26.83,1268.3,268.3,12683.0,2683.0,15.0,115.0,15.0,1150.0,150.0,11500.0,1500.0,3 UK Penny Stocks With Market Caps Over £300M To Consider,Simply Wall St.,2026-06-11,0.0,UK Growth Stocks With Insider Ownership Up To 20%,Simply Wall St.,2026-06-11,0.382,UK Stocks That May Be Trading Below Fair Value In June 2026,Simply Wall St.,2026-06-02,0.572,9,buy,0.55,"QQ.L has +24.58% YTD, P/E 27.68, analyst buy (score 1.75), and news sentiment 0.296; strong short-term momentum with +13.53% 1M and +9.39% 1W, and a small-cap defence play.",+24.58% YTD; analyst buy; news sentiment 0.296; +13.53% 1M,,,,,
PLTR,Palantir Technologies,Defence,cyber-intel,NASDAQ,175.23,+1.99%,+39.46%,+34.75%,+4.39%,-6%,421.088,1.563,149.77,43.39,55252372,412937272,974517672,,3.64,buy,1.81,1.99,101.99,1.99,1019.9,19.9,10199.0,199.0,39.46,139.46,39.46,1394.6,394.6,13946.0,3946.0,34.75,134.75,34.75,1347.5,347.5,13475.0,3475.0,4.39,104.39,4.39,1043.9,43.9,10439.0,439.0,-6.0,94.0,-6.0,940.0,-60.0,9400.0,-600.0,Cathie Wood Invests $36.9 Million in Surging Stock,GuruFocus.com,2026-08-10,0.0,Palantir CEO Sends Stark Warning for Businesses Betting Big on AI,GuruFocus.com,2026-08-10,-0.34,Cathie Wood Puts $37 Million Into SpaceX,GuruFocus.com,2026-08-10,0.0,7,buy,0.6,"PLTR has +2.47% YTD but +30.09% 1M and +39.78% 1W, analyst buy (score 1.81), and news sentiment 0.253; high momentum driven by AI/defence demand, though P/E 147 is elevated.",+30.09% 1M; analyst buy; news sentiment 0.253; AI/defence catalyst,,,,,
LDOS,Leidos Holdings,Defence,cyber-intel,NYSE,139.1,+1.04%,+17.17%,+30.51%,-23.73%,-22%,17.456,0.546,12.98,1.65,1542858,10816158,33187158,125.0,5.84,buy,2.35,1.04,101.04,1.04,1010.4,10.4,10104.0,104.0,17.17,117.17,17.17,1171.7,171.7,11717.0,1717.0,30.51,130.51,30.51,1305.1,305.1,13051.0,3051.0,-23.73,76.27,-23.73,762.7,-237.3,7627.0,-2373.0,-22.0,78.0,-22.0,780.0,-220.0,7800.0,-2200.0,Should Investors Buy ICFI as Growth Improves While Key Risks Persist?,Zacks,2026-08-10,0.511,"Leidos Portfolio Diversification Seen Underappreciated, RBC Says",MT Newswires,2026-08-05,0.0,LDOS Q2 Earnings Call Highlights Defense Growth Amid Health Reset,Zacks,2026-08-05,0.477,3,buy,0.8,"LDOS has -24.57% YTD but +28.35% 1M, P/E 12.83, analyst buy (score 2.35), and news sentiment 0.215; Q2 net bookings $4.9B, backlog $48.7B, and raised FY2026 guidance (revenue $18.2-18.4B).",+28.35% 1M; P/E 12.83; analyst buy; backlog $48.7B,,,,,
CACI,CACI International,Defence,cyber-intel,NYSE,648.24,+0.51%,+26.45%,+35.62%,+20.62%,+35%,14.325,0.541,26.82,0.3,340914,2126714,6371214,,7.41,buy,1.56,0.51,100.51,0.51,1005.1,5.1,10051.0,51.0,26.45,126.45,26.45,1264.5,264.5,12645.0,2645.0,35.62,135.62,35.62,1356.2,356.2,13562.0,3562.0,20.62,120.62,20.62,1206.2,206.2,12062.0,2062.0,35.0,135.0,35.0,1350.0,350.0,13500.0,3500.0,"Beat the Market Like Zacks: Aveanna, FactSet, Shopify in Focus",Zacks,2026-08-10,0.361,CACI International Q4 Earnings Call Highlights,MarketBeat,2026-08-08,0.0,"Three Defense Plays Spike On Earnings, One Breaks Out. Howmet Tops Views.",Investor's Business Daily,2026-08-06,0.7,2,strong_buy,0.85,"CACI has +19.91% YTD, P/E 26.66, analyst buy (score 1.56), and news sentiment 0.14; Q4 revenue grew 17.6% YoY, backlog $32B, and secured a $500M C-UAS IDIQ contract for SkyValor.",+19.91% YTD; P/E 26.66; analyst buy; Q4 revenue +17.6%,,,,,
SAIC,Science Applications International,Defence,cyber-intel,NYSE,125.46,-0.85%,+4.45%,+0.00%,+25.25%,+9%,5.304,0.286,14.11,0.55,418305,2181105,9036105,117.0,7.86,none,,-0.85,99.15,-0.85,991.5,-8.5,9915.0,-85.0,4.45,104.45,4.45,1044.5,44.5,10445.0,445.0,0.0,100.0,0.0,1000.0,0.0,10000.0,0.0,25.25,125.25,25.25,1252.5,252.5,12525.0,2525.0,9.0,109.0,9.0,1090.0,90.0,10900.0,900.0,"Science Applications International Corporation (SAIC) Hit a 52 Week High, Can the Run Continue?",Zacks,2026-08-07,0.0,Is Science Applications International (SAIC) a Great Value Stock Right Now?,Zacks,2026-08-06,0.758,3 Unpopular Stocks We Approach with Caution,StockStory,2026-08-03,0.0,4,buy,0.75,"SAIC has +26.33% YTD, P/E 14.23, and news sentiment 0.177; strong momentum with +12.11% 1M and +8.03% 1W, and a cheap valuation relative to peers.",+26.33% YTD; P/E 14.23; news sentiment 0.177; +12.11% 1M,,,,,
BAH,Booz Allen Hamilton,Defence,cyber-intel,NYSE,77.9,+1.35%,+9.49%,+20.22%,-6.84%,-30%,9.37,0.354,12.23,2.32,1572321,8222321,47871421,310.0,8.56,hold,2.86,1.35,101.35,1.35,1013.5,13.5,10135.0,135.0,9.49,109.49,9.49,1094.9,94.9,10949.0,949.0,20.22,120.22,20.22,1202.2,202.2,12022.0,2022.0,-6.84,93.16,-6.84,931.6,-68.4,9316.0,-684.0,-30.0,70.0,-30.0,700.0,-300.0,7000.0,-3000.0,Should Investors Buy ICFI as Growth Improves While Key Risks Persist?,Zacks,2026-08-10,0.511,ICFI Jumps 17.4% in 1 Week as Investors Weigh What's Ahead for Shares,Zacks,2026-08-10,0.296,How Booz Allen’s New Vellox Ranger AI Cyber Tool Could Shape Booz Allen Hamilton (BAH) Investors,Simply Wall St.,2026-08-05,0.0,,,,,,,,,,
AVAV,AeroVironment,Defence,drones,NASDAQ,189.15,+0.91%,+18.83%,+33.39%,-26.17%,-24%,9.573,1.412,,1.64,1448125,7251925,28013225,,10.06,buy,1.6,0.91,100.91,0.91,1009.1,9.1,10091.0,91.0,18.83,118.83,18.83,1188.3,188.3,11883.0,1883.0,33.39,133.39,33.39,1333.9,333.9,13339.0,3339.0,-26.17,73.83,-26.17,738.3,-261.7,7383.0,-2617.0,-24.0,76.0,-24.0,760.0,-240.0,7600.0,-2400.0,Unusual Machines (UMAC) Stock Is Climbing Today: Is the Whole Drone Group Moving?,24/7 Wall St.,2026-08-10,0.0,Red Cat Holdings (RCAT) Stock Is Jumping Today: What’s Moving Drone Stocks?,24/7 Wall St.,2026-08-10,0.0,Why AeroVironment (AVAV) Is Up 25.0% After US$400 Million Army Locust Contract News,Simply Wall St.,2026-08-08,0.0,6,buy,0.65,"AVAV has -27.11% YTD but +18.35% 1M, analyst buy (score 1.6), and a $400M Army Locust contract win; strong 1W momentum (+25.01%) and 1D (+8.88%) signal a turnaround.",+18.35% 1M; analyst buy; $400M Army contract; +25.01% 1W,,,,,
KTOS,Kratos Defense,Defence,drones,NASDAQ,62.42,+2.88%,+26.84%,+32.92%,-21.28%,-7%,11.718,1.106,367.18,4.91,4538749,30278149,86522149,,6.36,strong_buy,1.43,2.88,102.88,2.88,1028.8,28.8,10288.0,288.0,26.84,126.84,26.84,1268.4,268.4,12684.0,2684.0,32.92,132.92,32.92,1329.2,329.2,13292.0,3292.0,-21.28,78.72,-21.28,787.2,-212.8,7872.0,-2128.0,-7.0,93.0,-7.0,930.0,-70.0,9300.0,-700.0,Unusual Machines (UMAC) Stock Is Climbing Today: Is the Whole Drone Group Moving?,24/7 Wall St.,2026-08-10,0.0,Red Cat Holdings (RCAT) Stock Is Jumping Today: What’s Moving Drone Stocks?,24/7 Wall St.,2026-08-10,0.0,"Ondas Bags Over $50M U.S. Army Order, Expands Defense Footprint",Zacks,2026-08-07,0.226,5,strong_buy,0.7,"KTOS has -23.36% YTD but +20.62% 1M, analyst strong_buy (score 1.43), and news sentiment 0.113; momentum is accelerating with +30.41% 1W, and the drone sector is a key defence growth area.",+20.62% 1M; analyst strong_buy; +30.41% 1W; defence drone catalyst,,,,,
RCAT,Red Cat Holdings,Defence,drones,NASDAQ,10.0,+8.70%,+21.07%,+19.33%,+9.17%,-2%,1.523,1.349,,12.84,18409683,61001083,181890083,,23.58,strong_buy,1.17,8.7,108.7,8.7,1087.0,87.0,10870.0,870.0,21.07,121.07,21.07,1210.7,210.7,12107.0,2107.0,19.33,119.33,19.33,1193.3,193.3,11933.0,1933.0,9.17,109.17,9.17,1091.7,91.7,10917.0,917.0,-2.0,98.0,-2.0,980.0,-20.0,9800.0,-200.0,Unusual Machines (UMAC) Stock Is Climbing Today: Is the Whole Drone Group Moving?,24/7 Wall St.,2026-08-10,0.0,Red Cat Holdings (RCAT) Stock Is Jumping Today: What’s Moving Drone Stocks?,24/7 Wall St.,2026-08-10,0.0,Red Cat (RCAT) Stock May Stay Stretched Despite Strong Revenue Growth,Simply Wall St.,2026-08-09,-0.598,,,,,,,,,,
TXT,Textron,Defence,drones,NYSE,89.2,-0.26%,+3.25%,-0.25%,+2.51%,+15%,15.341,0.908,16.8,1.57,789440,6384240,37669240,9.0,4.39,buy,2.24,-0.26,99.74,-0.26,997.4,-2.6,9974.0,-26.0,3.25,103.25,3.25,1032.5,32.5,10325.0,325.0,-0.25,99.75,-0.25,997.5,-2.5,9975.0,-25.0,2.51,102.51,2.51,1025.1,25.1,10251.0,251.0,15.0,115.0,15.0,1150.0,150.0,11500.0,1500.0,Embraer's Second-Quarter Earnings and Revenues Surpass Estimates,Zacks,2026-08-10,0.0,"Honeywell Aerospace Q2 Earnings Miss Estimates, Sales Increase Y/Y",Zacks,2026-08-06,0.178,Kratos Defense Q2 Earnings and Revenues Outpace Estimates,Zacks,2026-08-05,0.128,,,,,,,,,,
SPCX,SpaceX,Defence,space,NASDAQ,138.74,+3.45%,+21.14%,-0.29%,-13.80%,-17%,1828.84,,,120.78,166008255,1014408355,2080470055,,2.67,buy,1.69,3.45,103.45,3.45,1034.5,34.5,10345.0,345.0,21.14,121.14,21.14,1211.4,211.4,12114.0,2114.0,-0.29,99.71,-0.29,997.1,-2.9,9971.0,-29.0,-13.8,86.2,-13.8,862.0,-138.0,8620.0,-1380.0,-17.0,83.0,-17.0,830.0,-170.0,8300.0,-1700.0,Supermicro to report Q4 results in latest test for AI infrastructure company,Yahoo Finance,2026-08-10,0.0,Retail investors end SpaceX buying spree as stock reclaims IPO price: AlphaCheck,Yahoo Finance,2026-08-10,0.0,"GCM Grosvenor Inc (GCMG) (Q2 2026) Earnings Call Highlights: AUM Hits $97 Billion, SpaceX ...",GuruFocus.com,2026-08-10,0.0,,,,,,,,,,
RKLB,Rocket Lab USA,Defence,space,NASDAQ,80.04,-4.58%,+13.64%,+4.31%,+5.33%,+84%,50.011,2.629,,25.56,27605592,107278792,405172292,,7.97,buy,1.61,-4.58,95.42,-4.58,954.2,-45.8,9542.0,-458.0,13.64,113.64,13.64,1136.4,136.4,11364.0,1364.0,4.31,104.31,4.31,1043.1,43.1,10431.0,431.0,5.33,105.33,5.33,1053.3,53.3,10533.0,533.0,84.0,184.0,84.0,1840.0,840.0,18400.0,8400.0,SpaceX Rival Rocket Lab Reports Mixed Earnings; AST SpaceMobile Misses,Investor's Business Daily,2026-08-10,-0.226,Dow Jones Futures: Surging Oil Prices Spark Stock Market Losses; SpaceX Rival Rocket Lab Slides On Earnings,Investor's Business Daily,2026-08-10,-0.202,Rocket Lab Reports Earnings Tonight: What Do Prediction Markets Say About Neutron Launches in 2026?,Benzinga Prediction Markets,2026-08-10,0.0,,,,,,,,,,
PL,Planet Labs,Defence,space,NYSE,23.1,-4.78%,+7.29%,-11.02%,+13.18%,+273%,8.233,2.123,,12.06,4342386,26741286,152446386,,11.0,buy,2.0,-4.78,95.22,-4.78,952.2,-47.8,9522.0,-478.0,7.29,107.29,7.29,1072.9,72.9,10729.0,729.0,-11.02,88.98,-11.02,889.8,-110.2,8898.0,-1102.0,13.18,113.18,13.18,1131.8,131.8,11318.0,1318.0,273.0,373.0,273.0,3730.0,2730.0,37300.0,27300.0,Rocket Lab Stock's Surge Was Booked Before It Was Priced,Trefis,2026-08-10,0.0,Is Planet Labs PBC (PL) Stock Too Stretched To Be Reasonable?,Simply Wall St.,2026-08-07,0.0,Why Conestoga Capital Advisors Decided to Sell PL Planet Labs (PL),Insider Monkey,2026-08-07,0.0,,,,,,,,,,
ASTS,AST SpaceMobile,Defence,space,NASDAQ,68.76,-5.21%,+8.25%,+1.75%,-17.62%,+57%,26.688,2.745,,21.82,12735438,72736338,335220138,,19.93,hold,2.69,-5.21,94.79,-5.21,947.9,-52.1,9479.0,-521.0,8.25,108.25,8.25,1082.5,82.5,10825.0,825.0,1.75,101.75,1.75,1017.5,17.5,10175.0,175.0,-17.62,82.38,-17.62,823.8,-176.2,8238.0,-1762.0,57.0,157.0,57.0,1570.0,570.0,15700.0,5700.0,SpaceX Rival Rocket Lab Reports Mixed Earnings; AST SpaceMobile Misses,Investor's Business Daily,2026-08-10,-0.226,SpaceX and AST SpaceMobile Spark Fresh Momentum Across Space Group,Barrons.com,2026-08-10,0.494,Can ASTS' Satellite Connectivity Rollout Across Europe Lift Shares?,Zacks,2026-08-10,0.296,,,,,,,,,,
TDG,TransDigm Group,Defence,weapons,NYSE,1223.48,-0.45%,-4.83%,-0.93%,-9.94%,-13%,67.63,0.906,37.12,0.41,366098,3230798,9109598,,2.55,buy,1.95,-0.45,99.55,-0.45,995.5,-4.5,9955.0,-45.0,-4.83,95.17,-4.83,951.7,-48.3,9517.0,-483.0,-0.93,99.07,-0.93,990.7,-9.3,9907.0,-93.0,-9.94,90.06,-9.94,900.6,-99.4,9006.0,-994.0,-13.0,87.0,-13.0,870.0,-130.0,8700.0,-1300.0,Transdigm Group Q3 Earnings Call Highlights,MarketBeat,2026-08-09,0.0,TransDigm Group (TDG) Is Spending $1.07 Billion On An Aerospace Materials Deal,Simply Wall St.,2026-08-07,0.0,"TransDigm Investors Focused on Margins, M&A Opportunity Outlook, RBC Capital Markets Says",MT Newswires,2026-08-05,0.66,,,,,,,,,,
HEI,HEICO Corporation,Defence,weapons,NYSE,363.94,-2.77%,+0.97%,+5.76%,+10.60%,+18%,,1.053,65.11,0.57,258262,1851462,9012362,7.0,1.54,none,,-2.77,97.23,-2.77,972.3,-27.7,9723.0,-277.0,0.97,100.97,0.97,1009.7,9.7,10097.0,97.0,5.76,105.76,5.76,1057.6,57.6,10576.0,576.0,10.6,110.6,10.6,1106.0,106.0,11060.0,1060.0,18.0,118.0,18.0,1180.0,180.0,11800.0,1800.0,Firefly Aerospace Set to Report Q2 Earnings: Here's What to Expect,Zacks,2026-08-10,0.0,"Beat the Market Like Zacks: Aveanna, FactSet, Shopify in Focus",Zacks,2026-08-10,0.361,Outdoor Holding Company (POWW) Q1 Earnings and Revenues Surpass Estimates,Zacks,2026-08-10,0.0,,,,,,,,,,
AXON,Axon Enterprise,Defence,weapons,NASDAQ,596.33,+4.59%,+3.55%,+9.01%,+5.84%,-30%,48.444,1.397,248.47,1.09,1234054,7080854,18769854,,5.47,buy,1.71,4.59,104.59,4.59,1045.9,45.9,10459.0,459.0,3.55,103.55,3.55,1035.5,35.5,10355.0,355.0,9.01,109.01,9.01,1090.1,90.1,10901.0,901.0,5.84,105.84,5.84,1058.4,58.4,10584.0,584.0,-30.0,70.0,-30.0,700.0,-300.0,7000.0,-3000.0,Axon Stock Rebounds As Its Margin Squeeze Looks Like The Price Of Growth,Trefis,2026-08-10,0.625,Tracing Jim Cramer’s Evolving View on Axon Enterprise (AXON),Insider Monkey,2026-08-10,0.0,1 Nasdaq 100 Stock for Long-Term Investors and 2 We Question,StockStory,2026-08-09,0.0,,,,,,,,,,
OLN,Olin Corporation,Defence,weapons,NYSE,18.82,+0.75%,+1.07%,-11.02%,-11.35%,-1%,,1.203,,3.06,2549833,16921633,70746833,430.0,14.54,hold,3.0,0.75,100.75,0.75,1007.5,7.5,10075.0,75.0,1.07,101.07,1.07,1010.7,10.7,10107.0,107.0,-11.02,88.98,-11.02,889.8,-110.2,8898.0,-1102.0,-11.35,88.65,-11.35,886.5,-113.5,8865.0,-1135.0,-1.0,99.0,-1.0,990.0,-10.0,9900.0,-100.0,Olin (OLN) Q2 2026 Earnings Call Transcript,Motley Fool,2026-08-08,0.0,"OLN Q2 Earnings In Line, Revenues Beat on Epoxy, Winchester Gains",Zacks,2026-08-07,0.34,Chlor-alkali Market Tightening Drives Olin Corp. (OLN) Stock Recovery,Insider Monkey,2026-08-04,0.0,,,,,,,,,,
MRCY,Mercury Systems,Defence,weapons,NASDAQ,108.64,-1.72%,+2.69%,+10.56%,+42.89%,+103%,6.524,0.998,,0.68,483275,2742175,13101175,,9.28,buy,2.0,-1.72,98.28,-1.72,982.8,-17.2,9828.0,-172.0,2.69,102.69,2.69,1026.9,26.9,10269.0,269.0,10.56,110.56,10.56,1105.6,105.6,11056.0,1056.0,42.89,142.89,42.89,1428.9,428.9,14289.0,4289.0,103.0,203.0,103.0,2030.0,1030.0,20300.0,10300.0,1 High-Flying Stock on Our Watchlist and 2 We Turn Down,StockStory,2026-08-10,0.0,Palantir Technologies (PLTR) Deepens Its Role In US Defense Infrastructure,Simply Wall St.,2026-08-07,0.128,Mercury Systems’ (MRCY) Turnaround Gains Traction With Accelerated Growth,Insider Monkey,2026-08-06,0.612,,,,,,,,,,
DRS,Leonardo DRS,Defence,weapons,NYSE,45.05,+0.56%,-1.66%,+3.92%,+30.05%,+8%,12.023,0.179,37.86,1.01,498261,3993461,18643061,80.0,1.08,strong_buy,1.5,0.56,100.56,0.56,1005.6,5.6,10056.0,56.0,-1.66,98.34,-1.66,983.4,-16.6,9834.0,-166.0,3.92,103.92,3.92,1039.2,39.2,10392.0,392.0,30.05,130.05,30.05,1300.5,300.5,13005.0,3005.0,8.0,108.0,8.0,1080.0,80.0,10800.0,800.0,1 High-Flying Stock with Promising Prospects and 2 We Ignore,StockStory,2026-08-10,0.34,Leonardo DRS (DRS) Q2 2026 Earnings Call Transcript,Motley Fool,2026-08-04,0.0,"Are Aerospace Stocks Lagging  Leonardo DRS, Inc. (DRS) This Year?",Zacks,2026-08-04,-0.273,,,,,,,,,,
XOM,ExxonMobil,Energy,oil-majors,NYSE,159.79,+4.37%,+3.05%,+10.57%,+32.04%,+45%,,0.173,26.9,16.41,12663458,69568558,305032858,269.0,1.15,buy,2.4,4.37,104.37,4.37,1043.7,43.7,10437.0,437.0,3.05,103.05,3.05,1030.5,30.5,10305.0,305.0,10.57,110.57,10.57,1105.7,105.7,11057.0,1057.0,32.04,132.04,32.04,1320.4,320.4,13204.0,3204.0,45.0,145.0,45.0,1450.0,450.0,14500.0,4500.0,Will ExxonMobil’s (XOM) Q2 Profit Surge and Massive Buybacks Reshape Its Capital Allocation Narrative?,Simply Wall St.,2026-08-10,0.44,Exxon Stock Jumps 3.3% as Oil Supply Fears Return,GuruFocus.com,2026-08-10,-0.421,"CVX, OXY & XOM: The Next Big Move in Oil Could Be Just Getting Started",24/7 Wall St.,2026-08-10,0.0,4,strong_buy,0.83,"YTD +26.46%, 1M +8.44%, Q2 adj EPS $3.52 beat $3.60 consensus, free cash flow $17.2B, $9.4B returned to shareholders — record Permian production and Guyana FPSO startup reinforce outlook.",Q2 EPS $3.52; FCF $17.2B; YTD +26.46%; Permian record,,,,,
CVX,Chevron,Energy,oil-majors,NYSE,194.91,+4.43%,+0.90%,+6.98%,+27.40%,+22%,382.336,0.488,18.76,8.98,6085674,38079674,157246274,382.0,1.03,buy,1.72,4.43,104.43,4.43,1044.3,44.3,10443.0,443.0,0.9,100.9,0.9,1009.0,9.0,10090.0,90.0,6.98,106.98,6.98,1069.8,69.8,10698.0,698.0,27.4,127.4,27.4,1274.0,274.0,12740.0,2740.0,22.0,122.0,22.0,1220.0,220.0,12200.0,2200.0,"Update: US Equity Indexes Decline as Fading Hopes for Quick Hormuz Reopening Lift Crude Oil, Treasury Yields",MT Newswires,2026-08-10,-0.026,"Stock Market Today: Dow Dips, Nvidia Falls On This; Warren Buffett's Berkshire In Buy Zone (Live Coverage)",Investor's Business Daily,2026-08-10,0.0,"Update: US Equity Indexes Fall Amid Higher Crude Oil Prices, Treasury Yields",MT Newswires,2026-08-10,-0.44,,,,,,,,,,
SHEL,Shell,Energy,oil-majors,NYSE,89.95,+1.74%,-1.24%,+7.11%,+21.44%,+24%,248.589,-0.218,9.95,6.84,4601568,33059982,147704810,353.0,1.82,buy,2.25,1.74,101.74,1.74,1017.4,17.4,10174.0,174.0,-1.24,98.76,-1.24,987.6,-12.4,9876.0,-124.0,7.11,107.11,7.11,1071.1,71.1,10711.0,711.0,21.44,121.44,21.44,1214.4,214.4,12144.0,2144.0,24.0,124.0,24.0,1240.0,240.0,12400.0,2400.0,Shell Stock Rises as Hormuz Doubts Push Oil Higher,GuruFocus.com,2026-08-10,-0.296,Shell Cuts Ormen Lange Gas Output by 40% After Compressor Failure,Oilprice.com,2026-08-10,-0.67,CVX's Q2 Earnings Beat: Can Strong Momentum Drive the Stock Higher?,Zacks,2026-08-10,0.511,5,buy,0.82,"YTD +19.48%, P/E 9.79, dividend yield 3.53%, news sentiment +0.34, Q2 adj earnings $9.8B with record Brazil upstream output — lowest P/E among majors and strong operational delivery.",P/E 9.79; Q2 adj earnings $9.8B; YTD +19.48%; news sentiment +0.34,,,,,
BP,BP p.l.c.,Energy,oil-majors,NYSE,42.88,+3.00%,-3.12%,+5.02%,+22.61%,+23%,110.431,-0.212,20.52,8.92,8412801,41809801,167383201,485.0,0.49,buy,2.37,3.0,103.0,3.0,1030.0,30.0,10300.0,300.0,-3.12,96.88,-3.12,968.8,-31.2,9688.0,-312.0,5.02,105.02,5.02,1050.2,50.2,10502.0,502.0,22.61,122.61,22.61,1226.1,226.1,12261.0,2261.0,23.0,123.0,23.0,1230.0,230.0,12300.0,2300.0,BP Stock Jumps 2.1% as Oil Rally Strengthens Turnaround,GuruFocus.com,2026-08-10,0.459,European Equities Traded in the US as American Depositary Receipts Edge Higher in Monday Trading,MT Newswires,2026-08-10,0.0,The Incredible Shrinking BP May Be Just What Investors Need,Barrons.com,2026-08-10,0.0,6,buy,0.8,"YTD +19.04%, Q2 underlying profit $5.7B beat $5B consensus, dividend +4%, net debt reduced to $22.25B — restructuring and asset sales improving the balance sheet with 27% YTD stock gain.",Q2 profit $5.7B beat; div +4%; net debt $22.25B; YTD +19.04%,,,,,
TTE,TotalEnergies,Energy,oil-majors,NYSE,87.96,+2.48%,+0.87%,+8.31%,+33.67%,+41%,195.169,0.062,11.01,1.53,992709,6365009,36093609,494.0,0.26,buy,2.1,2.48,102.48,2.48,1024.8,24.8,10248.0,248.0,0.87,100.87,0.87,1008.7,8.7,10087.0,87.0,8.31,108.31,8.31,1083.1,83.1,10831.0,831.0,33.67,133.67,33.67,1336.7,336.7,13367.0,3367.0,41.0,141.0,41.0,1410.0,410.0,14100.0,4100.0,America's $4 Billion Wind Retreat Is a Bet on Permanently Cheap Gas,Oilprice.com,2026-08-10,0.202,Energy Sector Rotation and Falling Oil Prices Pressure TotalEnergies SE (TTE),Insider Monkey,2026-08-10,-0.178,What Is TotalEnergies (ENXTPA:TTE) Signaling With Its Cyprus LNG Commitment?,Simply Wall St.,2026-08-10,0.382,3,strong_buy,0.85,"YTD +30.44%, P/E 10.74, dividend yield 4.94%, news sentiment +0.28 — strong integrated model, best dividend yield in the supermajor peer set, attractive valuation.",YTD +30.44%; P/E 10.74; div yield 4.94%; news sentiment +0.28,,,,,
EQNR,Equinor,Energy,oil-majors,NYSE,40.99,+5.32%,+2.71%,+13.67%,+70.92%,+60%,97.366,-0.73,11.11,3.8,3313514,16561114,84419314,391.0,2.92,none,,5.32,105.32,5.32,1053.2,53.2,10532.0,532.0,2.71,102.71,2.71,1027.1,27.1,10271.0,271.0,13.67,113.67,13.67,1136.7,136.7,11367.0,1367.0,70.92,170.92,70.92,1709.2,709.2,17092.0,7092.0,60.0,160.0,60.0,1600.0,600.0,16000.0,6000.0,European Equities Traded in the US as American Depositary Receipts Edge Higher in Monday Trading,MT Newswires,2026-08-10,0.0,"Crescent Q2 Earnings and Revenues Beat Estimates, Rise Y/Y",Zacks,2026-08-10,0.0,European Equities Traded in the US as American Depositary Receipts Rise in Friday Trading,MT Newswires,2026-08-07,0.0,1,strong_buy,0.9,"YTD +62.29%, P/E 10.55, 1M momentum +13.57%, news sentiment +0.35 — the strongest YTD return in the universe, low valuation, and positive sentiment underline very strong momentum.",YTD +62.29%; 1M +13.57%; P/E 10.55; news sentiment +0.35,,,,,
COP,ConocoPhillips,Energy,ep-refining,NYSE,123.03,+4.62%,+3.25%,+9.02%,+29.17%,+26%,147.8,0.123,16.27,7.05,4712967,36246967,133127167,286.0,1.7,buy,1.72,4.62,104.62,4.62,1046.2,46.2,10462.0,462.0,3.25,103.25,3.25,1032.5,32.5,10325.0,325.0,9.02,109.02,9.02,1090.2,90.2,10902.0,902.0,29.17,129.17,29.17,1291.7,291.7,12917.0,2917.0,26.0,126.0,26.0,1260.0,260.0,12600.0,2600.0,Can Chevron's Hess Synergies Extend Growth and Lift Cash Flow Further?,Zacks,2026-08-10,0.511,"ConocoPhillips CEO Ryan Lance retiring, Andy O'Brien to take over",Quartz,2026-08-10,0.0,"COP Q2 Deep Dive: Portfolio Shifts, Leadership Change and Global Growth Initiatives",StockStory,2026-08-10,0.382,8,buy,0.76,"YTD +23.48%, P/E 15.56, 1M +6.22%, analyst score 1.72 — strong upstream position and positive Q2 earnings highlights with supportive oil price environment.",YTD +23.48%; P/E 15.56; 1M +6.22%; analyst score 1.72,,,,,
OXY,Occidental Petroleum,Energy,ep-refining,NYSE,58.65,+4.88%,+5.73%,+7.01%,+39.69%,+28%,58.629,0.16,17.3,9.99,7425208,48977508,184127208,200.0,0.01,buy,2.33,4.88,104.88,4.88,1048.8,48.8,10488.0,488.0,5.73,105.73,5.73,1057.3,57.3,10573.0,573.0,7.01,107.01,7.01,1070.1,70.1,10701.0,701.0,39.69,139.69,39.69,1396.9,396.9,13969.0,3969.0,28.0,128.0,28.0,1280.0,280.0,12800.0,2800.0,"CVX, OXY & XOM: The Next Big Move in Oil Could Be Just Getting Started",24/7 Wall St.,2026-08-10,0.0,Occidental Petroleum Q2 Earnings Call Highlights,MarketBeat,2026-08-09,0.0,OXY Q2 Earnings Call Maps $4B Cash Flow Path to 2030,Zacks,2026-08-07,0.0,,,,,,,,,,
EOG,EOG Resources,Energy,ep-refining,NYSE,142.22,+4.81%,-2.38%,+2.63%,+35.89%,+15%,74.599,0.278,11.07,3.52,3185876,19310476,65686176,303.0,3.65,buy,2.23,4.81,104.81,4.81,1048.1,48.1,10481.0,481.0,-2.38,97.62,-2.38,976.2,-23.8,9762.0,-238.0,2.63,102.63,2.63,1026.3,26.3,10263.0,263.0,35.89,135.89,35.89,1358.9,358.9,13589.0,3589.0,15.0,115.0,15.0,1150.0,150.0,11500.0,1500.0,EOG Resources Q2 Earnings Call Highlights,MarketBeat,2026-08-08,0.0,EOG Q2 Earnings Call Highlights UAE Progress & Cost Discipline,Zacks,2026-08-06,0.421,EOG Q2 Earnings Beat Estimates on Higher Volumes & Prices,Zacks,2026-08-05,0.0,,,,,,,,,,
MPC,Marathon Petroleum,Energy,ep-refining,NYSE,320.32,+7.35%,+4.33%,+7.90%,+95.68%,+88%,89.954,0.508,11.11,2.32,1905177,11466877,44378377,134.0,2.54,buy,2.21,7.35,107.35,7.35,1073.5,73.5,10735.0,735.0,4.33,104.33,4.33,1043.3,43.3,10433.0,433.0,7.9,107.9,7.9,1079.0,79.0,10790.0,790.0,95.68,195.68,95.68,1956.8,956.8,19568.0,9568.0,88.0,188.0,88.0,1880.0,880.0,18800.0,8800.0,3 Reasons Growth Investors Will Love Marathon Petroleum (MPC),Zacks,2026-08-10,0.778,Marathon Petroleum Q2 Earnings Beat on Strong Refining Margins,Zacks,2026-08-10,0.511,MPC Jumps 18.1% in 3 Months as Refining Strength Builds Momentum,Zacks,2026-08-10,0.494,2,strong_buy,0.88,"YTD +82.17%, 1Y +88%, P/E 10.34, analyst buy consensus — massive refining margin tailwinds drive exceptional returns and compelling value.",YTD +82.17%; 1Y +88%; P/E 10.34; analyst buy,,,,,
VLO,Valero Energy,Energy,ep-refining,NYSE,314.95,+4.20%,+2.41%,+6.89%,+93.34%,+126%,90.683,0.554,13.13,3.01,2448412,15572312,60537812,161.0,4.42,buy,2.3,4.2,104.2,4.2,1042.0,42.0,10420.0,420.0,2.41,102.41,2.41,1024.1,24.1,10241.0,241.0,6.89,106.89,6.89,1068.9,68.9,10689.0,689.0,93.34,193.34,93.34,1933.4,933.4,19334.0,9334.0,126.0,226.0,126.0,2260.0,1260.0,22600.0,12600.0,Archrock Miss Q2 Earnings & Revenues Estimates on AMS Weakness,Zacks,2026-08-10,-0.527,MTDR Q2 Earnings Beat Estimates on Oil Output & Pricing,Zacks,2026-08-10,0.0,"Crescent Q2 Earnings and Revenues Beat Estimates, Rise Y/Y",Zacks,2026-08-10,0.0,,,,,,,,,,
SLB,SLB (Schlumberger),Energy,oilfield-services,NYSE,53.2,+5.26%,+7.89%,+12.33%,+33.82%,+56%,78.957,0.749,25.95,14.14,9886744,50668844,264504844,234.0,4.88,buy,1.6,5.26,105.26,5.26,1052.6,52.6,10526.0,526.0,7.89,107.89,7.89,1078.9,78.9,10789.0,789.0,12.33,112.33,12.33,1123.3,123.3,11233.0,1233.0,33.82,133.82,33.82,1338.2,338.2,13382.0,3382.0,56.0,156.0,56.0,1560.0,560.0,15600.0,5600.0,3 Cash-Producing Stocks with Open Questions,StockStory,2026-08-10,0.0,Is Cactus Worth Buying as Growth Accelerates but Valuation Stretches?,Zacks,2026-08-07,0.307,Sector Update: Energy Stocks Gain Late Afternoon,MT Newswires,2026-08-06,0.67,9,buy,0.72,"YTD +27.10%, 1M +6.54%, 1Y +56%, analyst score 1.60 — best analyst consensus in the universe, international drilling upturn supports revenue growth.",YTD +27.10%; 1Y +56%; analyst score 1.60; 1M +6.54%,,,,,
HAL,Halliburton,Energy,oilfield-services,NYSE,33.64,+4.59%,+5.49%,-4.46%,+14.69%,+56%,28.027,0.753,17.61,12.01,7246929,54843829,258988629,213.0,5.61,buy,1.75,4.59,104.59,4.59,1045.9,45.9,10459.0,459.0,5.49,105.49,5.49,1054.9,54.9,10549.0,549.0,-4.46,95.54,-4.46,955.4,-44.6,9554.0,-446.0,14.69,114.69,14.69,1146.9,146.9,11469.0,1469.0,56.0,156.0,56.0,1560.0,560.0,15600.0,5600.0,"Crescent Q2 Earnings and Revenues Beat Estimates, Rise Y/Y",Zacks,2026-08-10,0.0,Marathon Petroleum Q2 Earnings Beat on Strong Refining Margins,Zacks,2026-08-10,0.511,This nuclear startup and Halliburton repurposed oil-drilling tech in a bid to solve America’s radioactive waste problem,Fortune,2026-08-09,-0.572,,,,,,,,,,
BKR,Baker Hughes,Energy,oilfield-services,NASDAQ,64.07,+3.21%,+5.75%,+11.53%,+37.39%,+44%,63.6,0.959,20.6,8.69,5253811,30726811,187078811,149.0,3.06,buy,1.71,3.21,103.21,3.21,1032.1,32.1,10321.0,321.0,5.75,105.75,5.75,1057.5,57.5,10575.0,575.0,11.53,111.53,11.53,1115.3,115.3,11153.0,1153.0,37.39,137.39,37.39,1373.9,373.9,13739.0,3739.0,44.0,144.0,44.0,1440.0,440.0,14400.0,4400.0,Baker Hughes (BKR) Secures LNG And Gas Turbine Orders Across Key Growth Markets,Simply Wall St.,2026-08-09,0.599,Kodiak Gas Services Q2 Earnings Call Highlights,MarketBeat,2026-08-08,0.0,Basin rig count up three as prices drop,"Odessa American, Texas",2026-08-08,-0.382,7,buy,0.78,"YTD +31.98%, 1M +7.29%, analyst score 1.71 (strong buy consensus), LNG and gas turbine orders secured — services demand fueled by global LNG expansion cycle.",YTD +31.98%; 1M +7.29%; analyst score 1.71; LNG orders,,,,,
NEE,NextEra Energy,Energy,utilities,NYSE,84.7,-0.58%,-2.14%,-4.16%,+6.14%,+17%,176.683,0.653,19.03,12.11,6191826,57371426,219166926,294.0,,buy,1.95,-0.58,99.42,-0.58,994.2,-5.8,9942.0,-58.0,-2.14,97.86,-2.14,978.6,-21.4,9786.0,-214.0,-4.16,95.84,-4.16,958.4,-41.6,9584.0,-416.0,6.14,106.14,6.14,1061.4,61.4,10614.0,614.0,17.0,117.0,17.0,1170.0,170.0,11700.0,1700.0,,,,,,,,,,,,,,,,,,,,,,
SSE.L,SSE plc,Energy,utilities,LSE,32.12,-0.50%,+0.93%,-1.96%,+6.61%,+35%,0.388,0.576,22.65,3.94,2268271,12280218,65767020,287.0,,buy,2.0,-0.5,99.5,-0.5,995.0,-5.0,9950.0,-50.0,0.93,100.93,0.93,1009.3,9.3,10093.0,93.0,-1.96,98.04,-1.96,980.4,-19.6,9804.0,-196.0,6.61,106.61,6.61,1066.1,66.1,10661.0,661.0,35.0,135.0,35.0,1350.0,350.0,13500.0,3500.0,UK PM Burnham uses policy blitz to buy time for tougher decisions,Investing.com,2026-08-01,0.178,SSE (LSE:SSE) Stock Fair Value Edges Lower After Mixed Analyst Target Changes,Simply Wall St.,2026-06-24,0.361,"UK, Japan to deepen ties with £18 billion investment agreement",Investing.com,2026-06-14,0.494,,,,,,,,,,
ENPH,Enphase Energy,Energy,clean-energy,NASDAQ,40.92,-2.18%,+3.99%,-4.97%,+21.24%,+29%,5.408,1.651,40.51,7.31,2747341,25064041,99094341,,20.87,buy,2.48,-2.18,97.82,-2.18,978.2,-21.8,9782.0,-218.0,3.99,103.99,3.99,1039.9,39.9,10399.0,399.0,-4.97,95.03,-4.97,950.3,-49.7,9503.0,-497.0,21.24,121.24,21.24,1212.4,212.4,12124.0,2124.0,29.0,129.0,29.0,1290.0,290.0,12900.0,2900.0,Enphase Energy (ENPH) Stock Looks Fully Priced With Cash Flow And Earnings In Sync,Simply Wall St.,2026-08-08,0.273,Enphase Energy (ENPH) Is Up 6.1% After Expanding U.S. AI-Focused Power Electronics Manufacturing - What's Changed,Simply Wall St.,2026-08-07,0.273,Solar stocks pop on Trump tariffs: AlphaSpace heat map breakdown,Yahoo Finance Video,2026-08-07,0.0,,,,,,,,,,
FSLR,First Solar,Energy,clean-energy,NASDAQ,239.33,-4.65%,+2.84%,+8.28%,-12.76%,+37%,25.72,1.746,24.42,2.52,2904007,19276407,53254607,,12.03,buy,2.06,-4.65,95.35,-4.65,953.5,-46.5,9535.0,-465.0,2.84,102.84,2.84,1028.4,28.4,10284.0,284.0,8.28,108.28,8.28,1082.8,82.8,10828.0,828.0,-12.76,87.24,-12.76,872.4,-127.6,8724.0,-1276.0,37.0,137.0,37.0,1370.0,370.0,13700.0,3700.0,First Solar Stock: Analyst Estimates & Ratings,Barchart,2026-08-10,0.0,3 Market-Beating Stocks Worth Investigating,StockStory,2026-08-10,0.226,"First Solar (FSLR) After Tariffs And Guidance, Buying Opportunity Or Fairly Valued?",Simply Wall St.,2026-08-08,0.691,10,buy,0.65,"1W +18.49%, 1M +11.48%, P/E 25.52, news sentiment +0.09 — strong short-term momentum after tariff news, though YTD -8.85% and high short interest 12.03% add risk.",1W +18.49%; 1M +11.48%; P/E 25.52; short interest 12.03%,,,,,
BEPC,Brookfield Renewable Corp,Energy,clean-energy,NYSE,33.22,-1.54%,-2.75%,-2.81%,-15.14%,+2%,6.166,1.166,,1.59,1565505,10929405,41755805,465.0,,hold,3.17,-1.54,98.46,-1.54,984.6,-15.4,9846.0,-154.0,-2.75,97.25,-2.75,972.5,-27.5,9725.0,-275.0,-2.81,97.19,-2.81,971.9,-28.1,9719.0,-281.0,-15.14,84.86,-15.14,848.6,-151.4,8486.0,-1514.0,2.0,102.0,2.0,1020.0,20.0,10200.0,200.0,Why Cameco's Ugly Earnings Miss Might Be Good News in Disguise,Motley Fool,2026-08-08,-0.459,Brookfield Renewable Q2 Earnings Call Highlights,MarketBeat,2026-07-31,0.0,Brookfield Renewable Corporation Q2 2026 Earnings Call Summary,Moby,2026-07-31,0.0,,,,,,,,,,
DNNGY,Ørsted,Energy,clean-energy,NASDAQ,7.19,-1.37%,-2.04%,-3.36%,+7.88%,-35%,28.496,0.629,,0.11,5551,365451,1920651,,,none,,-1.37,98.63,-1.37,986.3,-13.7,9863.0,-137.0,-2.04,97.96,-2.04,979.6,-20.4,9796.0,-204.0,-3.36,96.64,-3.36,966.4,-33.6,9664.0,-336.0,7.88,107.88,7.88,1078.8,78.8,10788.0,788.0,-35.0,65.0,-35.0,650.0,-350.0,6500.0,-3500.0,Haizea delivers monopiles for Ørsted’s 2.9GW Hornsea 3 wind farm,Power Technology,2026-08-07,0.0,Ørsted begins commercial operations at Old 300 Storage system in US,Power Technology,2026-08-06,0.0,Haizea Wind Group delivers monopiles to Ørsted,Energy Global,2026-08-06,0.0,,,,,,,,,,
AAPL,Apple,MegaCap,big-tech,NASDAQ,308,-1.59%,+1.60%,-2.85%,+13.96%,+38%,4498.802,1.086,35.39,56.81,43391681,241378481,1170114381,34.0,1.0,buy,2.09,-1.59,98.41,-1.59,984.1,-15.9,9841.0,-159.0,1.6,101.6,1.6,1016.0,16.0,10160.0,160.0,-2.85,97.15,-2.85,971.5,-28.5,9715.0,-285.0,13.96,113.96,13.96,1139.6,139.6,11396.0,1396.0,38.0,138.0,38.0,1380.0,380.0,13800.0,3800.0,Apple downgraded at Jefferies over iPhone yields and growth concerns,Yahoo Finance Video,2026-08-10,0.382,Apple Stock Downgraded Ahead Of iPhone 18 Launch,Investor's Business Daily,2026-08-10,0.0,Dow Jones Futures: Surging Oil Prices Spark Stock Market Losses; SpaceX Rival Rocket Lab Slides On Earnings,Investor's Business Daily,2026-08-10,-0.202,,,,,,,,,,
MSFT,Microsoft,MegaCap,big-tech,NASDAQ,506,+1.32%,+3.78%,+29.43%,+7.48%,-4%,3757.772,1.099,28.19,41.35,31137345,180241245,826768545,73.0,1.24,strong_buy,1.36,1.32,101.32,1.32,1013.2,13.2,10132.0,132.0,3.78,103.78,3.78,1037.8,37.8,10378.0,378.0,29.43,129.43,29.43,1294.3,294.3,12943.0,2943.0,7.48,107.48,7.48,1074.8,74.8,10748.0,748.0,-4.0,96.0,-4.0,960.0,-40.0,9600.0,-400.0,"Memory chip crunch could last 2 more years, JPMorgan says",Yahoo Finance Video,2026-08-10,0.0,Why Google and Amazon rank top among Cloud hyperscalers for AI,Yahoo Finance Video,2026-08-10,0.361,"JPMorgan Stock Rises as Bank Lifts S&P Target to 8,000",GuruFocus.com,2026-08-10,0.0,1,strong_buy,0.9,"+30.43% 1M, P/E 27.85, Azure growth 43% YoY, strong_buy consensus, news sentiment 0.258, short squeeze catalyst post-earnings.",1M +30.43%; Azure growth 43%; P/E 27.85; strong_buy consensus,,,,,
NVDA,NVIDIA,MegaCap,big-tech,NASDAQ,218,-2.78%,+5.28%,+6.89%,+15.34%,+23%,5269.278,2.215,33.26,151.33,108135773,620659473,2652414373,45.0,1.39,strong_buy,1.3,-2.78,97.22,-2.78,972.2,-27.8,9722.0,-278.0,5.28,105.28,5.28,1052.8,52.8,10528.0,528.0,6.89,106.89,6.89,1068.9,68.9,10689.0,689.0,15.34,115.34,15.34,1153.4,153.4,11534.0,1534.0,23.0,123.0,23.0,1230.0,230.0,12300.0,2300.0,SpaceX’s next chapter: How AI is reshaping the company,Yahoo Finance Video,2026-08-10,0.0,"Memory chip crunch could last 2 more years, JPMorgan says",Yahoo Finance Video,2026-08-10,0.0,Why ServiceNow Soared 12% Higher Last Month,Motley Fool,2026-08-10,0.0,,,,,,,,,,
GOOGL,Alphabet,MegaCap,big-tech,NASDAQ,358,+0.78%,-4.28%,+1.42%,+13.59%,+76%,4372.446,1.237,17.92,33.18,18914905,146588005,669639105,25.0,1.34,strong_buy,1.39,0.78,100.78,0.78,1007.8,7.8,10078.0,78.0,-4.28,95.72,-4.28,957.2,-42.8,9572.0,-428.0,1.42,101.42,1.42,1014.2,14.2,10142.0,142.0,13.59,113.59,13.59,1135.9,135.9,11359.0,1359.0,76.0,176.0,76.0,1760.0,760.0,17600.0,7600.0,"Tech stocks still have plenty of believers on Wall Street, inflow data shows",Yahoo Finance,2026-08-10,0.0,"JPMorgan’s S&P 500 8,000 target: Is the market getting too expensive?",Yahoo Finance Video,2026-08-10,0.0,"Google Stock Sputters, But These Catalysts Could Spark A Rebound",Investor's Business Daily,2026-08-10,0.329,,,,,,,,,,
META,Meta Platforms,MegaCap,big-tech,NASDAQ,595,+0.53%,+0.79%,-9.41%,-8.37%,-23%,1515.562,1.243,22.42,18.17,14317252,70211852,359318452,35.0,1.72,strong_buy,1.35,0.53,100.53,0.53,1005.3,5.3,10053.0,53.0,0.79,100.79,0.79,1007.9,7.9,10079.0,79.0,-9.41,90.59,-9.41,905.9,-94.1,9059.0,-941.0,-8.37,91.63,-8.37,916.3,-83.7,9163.0,-837.0,-23.0,77.0,-23.0,770.0,-230.0,7700.0,-2300.0,Meta announces $1B fund for communities near its data centers,Yahoo Finance Video,2026-08-10,0.0,"Memory chip crunch could last 2 more years, JPMorgan says",Yahoo Finance Video,2026-08-10,0.0,"Nvidia, Wall Street Firms Strike AI Financing Deal Targeting $500 Billion",The Wall Street Journal,2026-08-10,-0.128,,,,,,,,,,
AMZN,Amazon,MegaCap,big-tech,NASDAQ,278,+1.38%,-2.09%,+12.45%,+22.78%,+24%,2999.566,1.454,22.37,50.49,34530747,213904847,1035743147,,1.09,strong_buy,1.32,1.38,101.38,1.38,1013.8,13.8,10138.0,138.0,-2.09,97.91,-2.09,979.1,-20.9,9791.0,-209.0,12.45,112.45,12.45,1124.5,124.5,11245.0,1245.0,22.78,122.78,22.78,1227.8,227.8,12278.0,2278.0,24.0,124.0,24.0,1240.0,240.0,12400.0,2400.0,"Tech stocks still have plenty of believers on Wall Street, inflow data shows",Yahoo Finance,2026-08-10,0.0,Dow Jones Futures: Surging Oil Prices Spark Stock Market Losses; SpaceX Rival Rocket Lab Slides On Earnings,Investor's Business Daily,2026-08-10,-0.202,NFLX Stock: Where Compounding Could Take The Price,Trefis,2026-08-10,0.0,2,strong_buy,0.9,"+12.67% 1M, YTD +21.18%, P/E 22.08, strong_buy, news sentiment 0.284, AI capex confidence with 93.5% probability of >$200B spend.",1M +12.67%; YTD +21.18%; P/E 22.08; AI capex tailwind,,,,,
TSLA,Tesla,MegaCap,big-tech,NASDAQ,331,+0.57%,+2.73%,-16.18%,-24.47%,-3%,1306.826,1.827,306.37,45.3,24364376,150907376,812081576,,2.0,buy,2.36,0.57,100.57,0.57,1005.7,5.7,10057.0,57.0,2.73,102.73,2.73,1027.3,27.3,10273.0,273.0,-16.18,83.82,-16.18,838.2,-161.8,8382.0,-1618.0,-24.47,75.53,-24.47,755.3,-244.7,7553.0,-2447.0,-3.0,97.0,-3.0,970.0,-30.0,9700.0,-300.0,Tesla Autopilot under scrutiny after crash involving 49ers coach Kyle Shanahan,Yahoo Finance Video,2026-08-10,-0.402,Tesla in the spotlight as NFL's 49ers head coach says Autopilot may have been engaged during accident,Yahoo Finance,2026-08-10,-0.103,Tesla’s Robotaxi Now Ships With Built-In Starlink—Musk Says It’s Coming to Every Car,Stocktwits,2026-08-10,0.0,,,,,,,,,,
NFLX,Netflix,MegaCap,big-tech,NASDAQ,76,+2.85%,+4.04%,+3.33%,-16.16%,-39%,317.667,1.514,23.99,43.42,26747082,152270482,971897282,,2.41,buy,1.73,2.85,102.85,2.85,1028.5,28.5,10285.0,285.0,4.04,104.04,4.04,1040.4,40.4,10404.0,404.0,3.33,103.33,3.33,1033.3,33.3,10333.0,333.0,-16.16,83.84,-16.16,838.4,-161.6,8384.0,-1616.0,-39.0,61.0,-39.0,610.0,-390.0,6100.0,-3900.0,NFLX Stock: Where Compounding Could Take The Price,Trefis,2026-08-10,0.0,Netflix's Ad Business Is Starting to Scale,GuruFocus.com,2026-08-10,0.0,NFLX Stock Hits Near Five-Week High As US Ad Commitments Double This Year,Stocktwits,2026-08-10,0.128,,,,,,,,,,
JPM,JPMorgan Chase,MegaCap,financials,NYSE,360,+0.44%,+2.03%,+7.55%,+12.11%,+23%,956.389,0.977,15.41,9.23,3457234,27589234,165223834,168.0,1.11,buy,2.08,0.44,100.44,0.44,1004.4,4.4,10044.0,44.0,2.03,102.03,2.03,1020.3,20.3,10203.0,203.0,7.55,107.55,7.55,1075.5,75.5,10755.0,755.0,12.11,112.11,12.11,1121.1,121.1,11211.0,1211.0,23.0,123.0,23.0,1230.0,230.0,12300.0,2300.0,"Memory chip supply crunch will last 2 more years, JPMorgan warns",Yahoo Finance,2026-08-10,-0.169,"JPMorgan Stock Rises as Bank Lifts S&P Target to 8,000",GuruFocus.com,2026-08-10,0.0,Microsoft Stock Rises 1.7% as JPMorgan Backs AI Payoff,GuruFocus.com,2026-08-10,-0.052,,,,,,,,,,
BAC,Bank of America,MegaCap,financials,NYSE,64,+0.89%,+2.21%,+7.33%,+15.38%,+37%,446.557,1.168,14.75,35.8,17051663,122652463,677542763,203.0,,buy,1.54,0.89,100.89,0.89,1008.9,8.9,10089.0,89.0,2.21,102.21,2.21,1022.1,22.1,10221.0,221.0,7.33,107.33,7.33,1073.3,73.3,10733.0,733.0,15.38,115.38,15.38,1153.8,153.8,11538.0,1538.0,37.0,137.0,37.0,1370.0,370.0,13700.0,3700.0,"Corporate earnings soared in Q2, with AI as the 'growth engine': Chart of the Day",Yahoo Finance,2026-08-10,0.382,1 Mega-Cap Stock with Impressive Fundamentals and 2 We Brush Off,StockStory,2026-08-10,0.511,Wall Street Is Starting to Treat Data Center Backlash as a Credit Risk,decrypt,2026-08-10,0.494,,,,,,,,,,
BRK-B,Berkshire Hathaway B,MegaCap,financials,NYSE,529,+1.66%,+3.17%,+6.56%,+6.56%,+12%,1141.881,0.607,15.76,4.82,4917986,21427186,88727986,,0.96,buy,2.0,1.66,101.66,1.66,1016.6,16.6,10166.0,166.0,3.17,103.17,3.17,1031.7,31.7,10317.0,317.0,6.56,106.56,6.56,1065.6,65.6,10656.0,656.0,6.56,106.56,6.56,1065.6,65.6,10656.0,656.0,12.0,112.0,12.0,1120.0,120.0,11200.0,1200.0,"Stock Market Today: Dow Dips, Nvidia Falls On This; Warren Buffett's Berkshire In Buy Zone (Live Coverage)",Investor's Business Daily,2026-08-10,0.0,Michael Burry Says 'Berkshire Hathaway Is No Longer Attractive',GuruFocus.com,2026-08-10,-0.558,BRKB Stock: Investors Are Starting To Look Past Warren Buffett,Investor's Business Daily,2026-08-10,0.0,,,,,,,,,,
V,Visa,MegaCap,financials,NYSE,361,-0.41%,-1.19%,+1.00%,+4.71%,+8%,674.602,0.759,30.75,8.21,7547418,31243118,150820118,74.0,1.39,strong_buy,1.38,-0.41,99.59,-0.41,995.9,-4.1,9959.0,-41.0,-1.19,98.81,-1.19,988.1,-11.9,9881.0,-119.0,1.0,101.0,1.0,1010.0,10.0,10100.0,100.0,4.71,104.71,4.71,1047.1,47.1,10471.0,471.0,8.0,108.0,8.0,1080.0,80.0,10800.0,800.0,Q2 Earnings Outperformers: Visa (NYSE:V) And The Rest Of The Credit Card Stocks,StockStory,2026-08-10,0.382,The Real Upside Case For Mastercard Stock Is In The Plumbing,Trefis,2026-08-10,0.0,Why Visa (V) Could Be a Major Winner in the AI Payments Boom,Insider Monkey,2026-08-10,0.624,,,,,,,,,,
MA,Mastercard,MegaCap,financials,NYSE,563,+0.02%,-1.37%,+4.74%,+0.50%,-2%,493.342,0.735,30.98,3.6,2027964,13702264,64021564,62.0,1.04,strong_buy,1.37,0.02,100.02,0.02,1000.2,0.2,10002.0,2.0,-1.37,98.63,-1.37,986.3,-13.7,9863.0,-137.0,4.74,104.74,4.74,1047.4,47.4,10474.0,474.0,0.5,100.5,0.5,1005.0,5.0,10050.0,50.0,-2.0,98.0,-2.0,980.0,-20.0,9800.0,-200.0,"Design Bridge and Partners Names Tazza Managing Director, North America",MediaPost,2026-08-10,0.0,Fiserv Cuts 2026 Outlook as Margin Pressure Tests Its Recovery Story,Zacks,2026-08-10,-0.527,The Real Upside Case For Mastercard Stock Is In The Plumbing,Trefis,2026-08-10,0.0,,,,,,,,,,
GS,Goldman Sachs,MegaCap,financials,NYSE,1035,-0.72%,+0.73%,-1.09%,+14.24%,+45%,301.22,1.288,15.97,2.19,1180250,8637750,43369850,192.0,2.15,hold,2.6,-0.72,99.28,-0.72,992.8,-7.2,9928.0,-72.0,0.73,100.73,0.73,1007.3,7.3,10073.0,73.0,-1.09,98.91,-1.09,989.1,-10.9,9891.0,-109.0,14.24,114.24,14.24,1142.4,142.4,11424.0,1424.0,45.0,145.0,45.0,1450.0,450.0,14500.0,4500.0,"Nvidia, Wall Street Firms Strike AI Financing Deal Targeting $500 Billion",The Wall Street Journal,2026-08-10,-0.128,NVDA Teams Up With Wall Street Giants On Massive $500B AI Infrastructure Funding Push: Report,Stocktwits,2026-08-10,0.0,Hedge Funds Are Piling Back Into the Market,The Wall Street Journal,2026-08-10,0.0,,,,,,,,,,
BLK,BlackRock,MegaCap,financials,NYSE,1131,-0.18%,+0.42%,+9.68%,+5.44%,+1%,183.826,1.425,27.13,0.78,655970,3333170,16705770,202.0,1.38,none,,-0.18,99.82,-0.18,998.2,-1.8,9982.0,-18.0,0.42,100.42,0.42,1004.2,4.2,10042.0,42.0,9.68,109.68,9.68,1096.8,96.8,10968.0,968.0,5.44,105.44,5.44,1054.4,54.4,10544.0,544.0,1.0,101.0,1.0,1010.0,10.0,10100.0,100.0,"Nvidia, Wall Street partner on $500B AI financing",Axios,2026-08-10,0.0,"Nvidia, Wall Street Firms Strike AI Financing Deal Targeting $500 Billion",The Wall Street Journal,2026-08-10,-0.128,Sector Update: Financial Stocks Mixed Late Afternoon,MT Newswires,2026-08-10,0.0,6,buy,0.7,"+14.75% 1M, P/E 27.25, YTD +5.91%, news sentiment 0.202, asset manager benefiting from market rally and AUM growth.",1M +14.75%; P/E 27.25; YTD +5.91%; asset manager tailwind,,,,,
LLY,Eli Lilly,MegaCap,healthcare,NYSE,1232,+3.89%,+9.86%,+4.24%,+14.42%,+87%,1098.572,0.506,41.4,3.05,3005651,19867951,57854951,58.0,1.15,buy,1.71,3.89,103.89,3.89,1038.9,38.9,10389.0,389.0,9.86,109.86,9.86,1098.6,98.6,10986.0,986.0,4.24,104.24,4.24,1042.4,42.4,10424.0,424.0,14.42,114.42,14.42,1144.2,144.2,11442.0,1442.0,87.0,187.0,87.0,1870.0,870.0,18700.0,8700.0,Sector Update: Healthcare Stocks Gain Late Afternoon,MT Newswires,2026-08-10,0.527,Eli Lilly Stock Rises 2.1% as UK Clears Obesity Pill,GuruFocus.com,2026-08-10,0.077,Jim Cramer Highlights Pharmaceutical Giants as Non-Tech Innovation Plays Like JNJ and LLY,Insider Monkey,2026-08-10,0.727,,,,,,,,,,
UNH,UnitedHealth Group,MegaCap,healthcare,NYSE,409,+0.47%,-1.59%,-4.74%,+23.15%,+61%,371.195,0.632,30.8,6.34,2162646,21634146,112475246,228.0,2.13,buy,1.59,0.47,100.47,0.47,1004.7,4.7,10047.0,47.0,-1.59,98.41,-1.59,984.1,-15.9,9841.0,-159.0,-4.74,95.26,-4.74,952.6,-47.4,9526.0,-474.0,23.15,123.15,23.15,1231.5,231.5,12315.0,2315.0,61.0,161.0,61.0,1610.0,610.0,16100.0,6100.0,UnitedHealth (UNH) Commits $4M to Tennessee Health Hub Expansion,Insider Monkey,2026-08-09,0.026,"UnitedHealth Group (UNH) Leans On Optum And Medicare Advantage, Is The Stock Already Pricey?",Simply Wall St.,2026-08-09,0.25,UNH Leads Its Peer Group. You Pay For That,Trefis,2026-08-07,-0.103,,,,,,,,,,
JNJ,Johnson & Johnson,MegaCap,healthcare,NYSE,262,+0.75%,+2.91%,+1.57%,+27.67%,+49%,630.936,0.231,30.34,8.28,5868954,33166854,167824754,207.0,1.27,buy,1.91,0.75,100.75,0.75,1007.5,7.5,10075.0,75.0,2.91,102.91,2.91,1029.1,29.1,10291.0,291.0,1.57,101.57,1.57,1015.7,15.7,10157.0,157.0,27.67,127.67,27.67,1276.7,276.7,12767.0,2767.0,49.0,149.0,49.0,1490.0,490.0,14900.0,4900.0,Johnson & Johnson vs Abbott Laboratories: Which Healthcare Giant Offers the More Compelling Growth Story After Earnings?,Insider Monkey,2026-08-10,0.621,140-year-old Dividend King eyes bold update to unlock new growth,TheStreet,2026-08-10,0.637,Boston Scientific Stock Is Priced As If WATCHMAN Were The Whole Company,Trefis,2026-08-10,0.0,,,,,,,,,,
ABBV,AbbVie,MegaCap,healthcare,NYSE,248,+0.96%,+1.17%,+0.70%,+10.69%,+24%,438.192,0.28,70.05,6.82,4205927,26928827,118193827,281.0,1.42,buy,1.74,0.96,100.96,0.96,1009.6,9.6,10096.0,96.0,1.17,101.17,1.17,1011.7,11.7,10117.0,117.0,0.7,100.7,0.7,1007.0,7.0,10070.0,70.0,10.69,110.69,10.69,1106.9,106.9,11069.0,1069.0,24.0,124.0,24.0,1240.0,240.0,12400.0,2400.0,AbbVie’s (ABBV) Botox Just Got A Step Closer To A Fifth Use,Insider Monkey,2026-08-10,0.0,"Eli Lilly Stock's Next Climb Runs Through A Pill, Not Just An Injection",Trefis,2026-08-10,0.0,Is AbbVie Stock a Buy After Posting Strong Q2 Earnings?,Motley Fool,2026-08-10,0.511,,,,,,,,,,
MRK,Merck,MegaCap,healthcare,NYSE,131,+1.61%,+2.47%,+5.56%,+24.79%,+61%,,0.211,104.74,10.23,3820160,40538160,180247260,264.0,1.19,buy,1.82,1.61,101.61,1.61,1016.1,16.1,10161.0,161.0,2.47,102.47,2.47,1024.7,24.7,10247.0,247.0,5.56,105.56,5.56,1055.6,55.6,10556.0,556.0,24.79,124.79,24.79,1247.9,247.9,12479.0,2479.0,61.0,161.0,61.0,1610.0,610.0,16100.0,6100.0,"S&P 500 Companies' Quarterly Earnings Growth Eases Amid Healthcare Drop, Oppenheimer Says",MT Newswires,2026-08-10,0.421,IMCR Jumps 21.2% in 3 Months as Kimmtrak Growth Fuels More Momentum,Zacks,2026-08-10,0.382,"Eli Lilly Stock's Next Climb Runs Through A Pill, Not Just An Injection",Trefis,2026-08-10,0.0,,,,,,,,,,
TMO,Thermo Fisher Scientific,MegaCap,healthcare,NYSE,600,+1.16%,+4.47%,+13.47%,+1.41%,+28%,221.734,0.847,32.26,2.35,1347391,8767991,47244391,32.0,1.43,buy,1.54,1.16,101.16,1.16,1011.6,11.6,10116.0,116.0,4.47,104.47,4.47,1044.7,44.7,10447.0,447.0,13.47,113.47,13.47,1134.7,134.7,11347.0,1347.0,1.41,101.41,1.41,1014.1,14.1,10141.0,141.0,28.0,128.0,28.0,1280.0,280.0,12800.0,2800.0,Sector Update: Healthcare Stocks Gain Late Afternoon,MT Newswires,2026-08-10,0.527,How Investors Are Reacting To Thermo Fisher Scientific (TMO) New FDA-Cleared Multiple Myeloma Platform,Simply Wall St.,2026-08-10,0.0,Sector Update: Healthcare Stocks Rise in Afternoon Trading,MT Newswires,2026-08-10,0.0,5,buy,0.8,"+16.44% 1M, P/E 31.95, news sentiment 0.452 (highest in universe), buy consensus, life sciences tools demand.",1M +16.44%; news sentiment 0.452; P/E 31.95; buy consensus,,,,,
ABT,Abbott Laboratories,MegaCap,healthcare,NYSE,109,+0.89%,+1.40%,+18.77%,-10.91%,-18%,187.954,0.581,35.15,12.69,5558861,39436161,250993661,234.0,1.61,buy,1.67,0.89,100.89,0.89,1008.9,8.9,10089.0,89.0,1.4,101.4,1.4,1014.0,14.0,10140.0,140.0,18.77,118.77,18.77,1187.7,187.7,11877.0,1877.0,-10.91,89.09,-10.91,890.9,-109.1,8909.0,-1091.0,-18.0,82.0,-18.0,820.0,-180.0,8200.0,-1800.0,Johnson & Johnson vs Abbott Laboratories: Which Healthcare Giant Offers the More Compelling Growth Story After Earnings?,Insider Monkey,2026-08-10,0.621,Boston Scientific Stock Is Priced As If WATCHMAN Were The Whole Company,Trefis,2026-08-10,0.0,"Should You Buy, Hold or Sell ABT Stock Amid Medical Devices Boom?",Zacks,2026-08-10,0.0,8,buy,0.7,"+14.08% 1M, P/E 34.89, news sentiment 0.289, $1.35B buyback update, buy consensus, healthcare stability.",1M +14.08%; buyback catalyst; news sentiment 0.289; P/E 34.89,,,,,
PG,Procter & Gamble,MegaCap,consumer,NYSE,146,+0.39%,+1.01%,-0.56%,+5.58%,-6%,340.39,0.377,22.12,8.89,4356676,37803976,168512676,299.0,0.99,buy,2.2,0.39,100.39,0.39,1003.9,3.9,10039.0,39.0,1.01,101.01,1.01,1010.1,10.1,10101.0,101.0,-0.56,99.44,-0.56,994.4,-5.6,9944.0,-56.0,5.58,105.58,5.58,1055.8,55.8,10558.0,558.0,-6.0,94.0,-6.0,940.0,-60.0,9400.0,-600.0,188-year-old Dividend King just unlocked unexpected growth engine,TheStreet,2026-08-10,0.382,"We Said These 4 Dividend Aristocrats Could Soar. Here’s How They Did, Plus 3 New Picks.",24/7 Wall St.,2026-08-10,0.0,3 Boring but Brilliant Stocks to Buy in August,24/7 Wall St.,2026-08-10,0.676,,,,,,,,,,
KO,Coca-Cola,MegaCap,consumer,NYSE,87,-0.33%,+0.01%,+3.11%,+27.36%,+23%,373.762,0.342,26.09,17.89,9776150,67516450,360079550,244.0,1.12,buy,1.75,-0.33,99.67,-0.33,996.7,-3.3,9967.0,-33.0,0.01,100.01,0.01,1000.1,0.1,10001.0,1.0,3.11,103.11,3.11,1031.1,31.1,10311.0,311.0,27.36,127.36,27.36,1273.6,273.6,12736.0,2736.0,23.0,123.0,23.0,1230.0,230.0,12300.0,2300.0,Coca-Cola Stock Recently Hit a New All-Time High. Has It Gotten Too Expensive?,Motley Fool,2026-08-10,0.0,PepsiCo's Foods Segment: Sustainable Recovery or Temporary Relief?,Zacks,2026-08-10,0.477,Coca-Cola (KO) Stock Looks Near Fair Value While Earnings Sit Above Fair Value,Simply Wall St.,2026-08-10,0.813,,,,,,,,,,
PEP,PepsiCo,MegaCap,consumer,NASDAQ,138,-0.98%,-1.36%,-0.55%,-1.27%,-4%,188.139,0.361,18.05,8.83,5753083,33777283,163021583,426.0,2.66,none,,-0.98,99.02,-0.98,990.2,-9.8,9902.0,-98.0,-1.36,98.64,-1.36,986.4,-13.6,9864.0,-136.0,-0.55,99.45,-0.55,994.5,-5.5,9945.0,-55.0,-1.27,98.73,-1.27,987.3,-12.7,9873.0,-127.0,-4.0,96.0,-4.0,960.0,-40.0,9600.0,-400.0,Should Investors Buy CELH or Wait as Growth Outruns Profitability?,Zacks,2026-08-10,0.572,CELH Q2 Results Test Whether Alani Nu Can Offset Core Brand Weakness,Zacks,2026-08-10,-0.421,PepsiCo's Foods Segment: Sustainable Recovery or Temporary Relief?,Zacks,2026-08-10,0.477,,,,,,,,,,
MCD,McDonald's,MegaCap,consumer,NYSE,274,-0.30%,+3.20%,+0.41%,-8.62%,-10%,,0.419,22.25,4.62,4557514,25940214,99388214,271.0,1.8,buy,2.06,-0.3,99.7,-0.3,997.0,-3.0,9970.0,-30.0,3.2,103.2,3.2,1032.0,32.0,10320.0,320.0,0.41,100.41,0.41,1004.1,4.1,10041.0,41.0,-8.62,91.38,-8.62,913.8,-86.2,9138.0,-862.0,-10.0,90.0,-10.0,900.0,-100.0,9000.0,-1000.0,Wendy's has a massive problem: It's closing restaurants left and right,Yahoo Finance,2026-08-10,-0.402,Stronger Burger King Goes After McDonald’s,24/7 Wall St.,2026-08-10,0.382,Is McDonald's Still a Good Stock to Buy in 2026?,Motley Fool,2026-08-10,0.44,,,,,,,,,,
NKE,Nike,MegaCap,consumer,NYSE,42,+0.86%,-1.24%,-3.77%,-32.41%,-44%,62.47,1.118,20.05,23.33,21555006,111596406,388174706,393.0,6.7,hold,2.51,0.86,100.86,0.86,1008.6,8.6,10086.0,86.0,-1.24,98.76,-1.24,987.6,-12.4,9876.0,-124.0,-3.77,96.23,-3.77,962.3,-37.7,9623.0,-377.0,-32.41,67.59,-32.41,675.9,-324.1,6759.0,-3241.0,-44.0,56.0,-44.0,560.0,-440.0,5600.0,-4400.0,What Does Nike (NKE) Gain From Its Victor Wembanyama Signature Shoe Bet?,Simply Wall St.,2026-08-10,0.527,"Consumers Seek Value, Deal With Stress During Back-to-School Shopping Season",Sourcing Journal,2026-08-10,-0.103,Are International Logistics Improvements Paying Off for NIKE?,Zacks,2026-08-10,0.318,,,,,,,,,,
WMT,Walmart,MegaCap,consumer,NYSE,113,+0.79%,+1.76%,-1.85%,+0.31%,+8%,896.557,0.605,39.67,23.75,18174375,111252375,455231675,89.0,1.68,buy,1.58,0.79,100.79,0.79,1007.9,7.9,10079.0,79.0,1.76,101.76,1.76,1017.6,17.6,10176.0,176.0,-1.85,98.15,-1.85,981.5,-18.5,9815.0,-185.0,0.31,100.31,0.31,1003.1,3.1,10031.0,31.0,8.0,108.0,8.0,1080.0,80.0,10800.0,800.0,Should You Buy Walmart Stock Before Aug. 20?,Motley Fool,2026-08-10,0.0,"Consumers Seek Value, Deal With Stress During Back-to-School Shopping Season",Sourcing Journal,2026-08-10,-0.103,Walmart's Expense Deleverage Raises Concerns Despite Sales Growth,Zacks,2026-08-10,-0.292,,,,,,,,,,
COST,Costco,MegaCap,consumer,NASDAQ,953,+0.61%,-0.14%,+3.00%,+11.99%,-4%,422.524,0.86,47.88,2.42,1353351,9123351,42922451,62.0,1.57,buy,2.0,0.61,100.61,0.61,1006.1,6.1,10061.0,61.0,-0.14,99.86,-0.14,998.6,-1.4,9986.0,-14.0,3.0,103.0,3.0,1030.0,30.0,10300.0,300.0,11.99,111.99,11.99,1119.9,119.9,11199.0,1199.0,-4.0,96.0,-4.0,960.0,-40.0,9600.0,-400.0,Can Costco Keep Its Sales Momentum Going After a Solid July?,Zacks,2026-08-10,0.153,"Retail Stocks Forecasts – Walmart, Target, and Costco Consolidate Ahead of Earnings",FX Empire,2026-08-10,0.0,3 Stocks to Buy and Hold Even If There's a Stock Market Sell-Off in August,Motley Fool,2026-08-10,0.0,,,,,,,,,,
XOM,ExxonMobil,MegaCap,energy-industrial,NYSE,160,+4.37%,+3.05%,+10.57%,+32.04%,+45%,,0.173,26.9,16.41,12663458,69568558,305032858,269.0,1.15,buy,2.4,4.37,104.37,4.37,1043.7,43.7,10437.0,437.0,3.05,103.05,3.05,1030.5,30.5,10305.0,305.0,10.57,110.57,10.57,1105.7,105.7,11057.0,1057.0,32.04,132.04,32.04,1320.4,320.4,13204.0,3204.0,45.0,145.0,45.0,1450.0,450.0,14500.0,4500.0,Will ExxonMobil’s (XOM) Q2 Profit Surge and Massive Buybacks Reshape Its Capital Allocation Narrative?,Simply Wall St.,2026-08-10,0.44,Exxon Stock Jumps 3.3% as Oil Supply Fears Return,GuruFocus.com,2026-08-10,-0.421,"CVX, OXY & XOM: The Next Big Move in Oil Could Be Just Getting Started",24/7 Wall St.,2026-08-10,0.0,,,,,,,,,,
CVX,Chevron,MegaCap,energy-industrial,NYSE,195,+4.43%,+0.90%,+6.98%,+27.40%,+22%,382.336,0.488,18.76,8.98,6085674,38079674,157246274,382.0,1.03,buy,1.72,4.43,104.43,4.43,1044.3,44.3,10443.0,443.0,0.9,100.9,0.9,1009.0,9.0,10090.0,90.0,6.98,106.98,6.98,1069.8,69.8,10698.0,698.0,27.4,127.4,27.4,1274.0,274.0,12740.0,2740.0,22.0,122.0,22.0,1220.0,220.0,12200.0,2200.0,"Update: US Equity Indexes Decline as Fading Hopes for Quick Hormuz Reopening Lift Crude Oil, Treasury Yields",MT Newswires,2026-08-10,-0.026,"Stock Market Today: Dow Dips, Nvidia Falls On This; Warren Buffett's Berkshire In Buy Zone (Live Coverage)",Investor's Business Daily,2026-08-10,0.0,"Update: US Equity Indexes Fall Amid Higher Crude Oil Prices, Treasury Yields",MT Newswires,2026-08-10,-0.44,,,,,,,,,,
CAT,Caterpillar,MegaCap,energy-industrial,NYSE,838,-0.65%,+0.91%,-9.91%,+40.82%,+106%,385.014,1.605,36.04,3.26,1508830,16441530,64922330,77.0,1.95,buy,2.14,-0.65,99.35,-0.65,993.5,-6.5,9935.0,-65.0,0.91,100.91,0.91,1009.1,9.1,10091.0,91.0,-9.91,90.09,-9.91,900.9,-99.1,9009.0,-991.0,40.82,140.82,40.82,1408.2,408.2,14082.0,4082.0,106.0,206.0,106.0,2060.0,1060.0,20600.0,10600.0,"Zacks Market Edge Highlights: Caterpillar, MasTec and United Rentals",Zacks,2026-08-10,0.421,"Semis Surge, Michael Burry’s Shorts Feel the Pressure — But Don’t Expect Him to Run for Cover After His Latest “1987-Style” Crash Warning",24/7 Wall St.,2026-08-10,-0.805,A $72 Billion Reason to Buy Caterpillar Stock Now,Barchart,2026-08-09,0.0,,,,,,,,,,
HON,Honeywell,MegaCap,energy-industrial,NASDAQ,243,-1.17%,-1.56%,+9.30%,+19.49%,+15%,76.994,0.918,9.34,4.62,2051382,15729082,69251082,114.0,3.02,buy,1.92,-1.17,98.83,-1.17,988.3,-11.7,9883.0,-117.0,-1.56,98.44,-1.56,984.4,-15.6,9844.0,-156.0,9.3,109.3,9.3,1093.0,93.0,10930.0,930.0,19.49,119.49,19.49,1194.9,194.9,11949.0,1949.0,15.0,115.0,15.0,1150.0,150.0,11500.0,1500.0,Is Wall Street Bullish or Bearish on Honeywell Aerospace Stock?,Barchart,2026-08-10,0.0,SpaceX vs. Quantinuum: Which Recent IPO Stock Is a Better Buy?,Motley Fool,2026-08-10,0.44,Honeywell International (HON) Could Be 25% Undervalued As Aerospace Miss Sparks Valuation Debate,Simply Wall St.,2026-08-07,-0.153,9,buy,0.75,"+11.73% 1M, YTD +21.11%, P/E 9.47 (deep value), buy consensus, diversified industrial with aerospace exposure.",1M +11.73%; P/E 9.47; YTD +21.11%; buy consensus,,,,,
GE,GE Aerospace,MegaCap,energy-industrial,NYSE,367,-1.05%,-0.60%,+3.76%,+14.64%,+34%,380.474,1.366,43.29,4.58,2978079,16401779,81102779,51.0,1.44,strong_buy,1.45,-1.05,98.95,-1.05,989.5,-10.5,9895.0,-105.0,-0.6,99.4,-0.6,994.0,-6.0,9940.0,-60.0,3.76,103.76,3.76,1037.6,37.6,10376.0,376.0,14.64,114.64,14.64,1146.4,146.4,11464.0,1464.0,34.0,134.0,34.0,1340.0,340.0,13400.0,3400.0,1 Large-Cap Stock with Solid Fundamentals and 2 Facing Challenges,StockStory,2026-08-10,0.226,GD or GE: Which Is the Better Value Stock Right Now?,Zacks,2026-08-10,0.649,General Electric (GE) Sits 21% Above Fair Value Following Its Recent Pullback,Simply Wall St.,2026-08-07,0.572,,,,,,,,,,
RTX,RTX Corp,MegaCap,energy-industrial,NYSE,224,+0.47%,+3.45%,+14.12%,+20.59%,+44%,302.06,0.294,39.39,5.42,3276694,24887994,110041094,131.0,1.27,buy,1.87,0.47,100.47,0.47,1004.7,4.7,10047.0,47.0,3.45,103.45,3.45,1034.5,34.5,10345.0,345.0,14.12,114.12,14.12,1141.2,141.2,11412.0,1412.0,20.59,120.59,20.59,1205.9,205.9,12059.0,2059.0,44.0,144.0,44.0,1440.0,440.0,14400.0,4400.0,Embraer's Second-Quarter Earnings and Revenues Surpass Estimates,Zacks,2026-08-10,0.0,Is General Dynamics (GD) Outperforming Other Aerospace Stocks This Year?,Zacks,2026-08-10,0.273,Pentagon asks defence firms to accelerate weapons production,Investing.com,2026-08-09,-0.361,7,buy,0.75,"+14.43% 1M, YTD +20%, P/E 39.2, defence catalyst from Pentagon acceleration request, buy consensus.",1M +14.43%; YTD +20%; defence spending; buy consensus,,,,,
BA,Boeing,MegaCap,energy-industrial,NYSE,233,-0.62%,-0.30%,+8.02%,+2.20%,+4%,183.99,1.221,83.44,6.5,2866671,28609971,130147271,,0.02,buy,1.61,-0.62,99.38,-0.62,993.8,-6.2,9938.0,-62.0,-0.3,99.7,-0.3,997.0,-3.0,9970.0,-30.0,8.02,108.02,8.02,1080.2,80.2,10802.0,802.0,2.2,102.2,2.2,1022.0,22.0,10220.0,220.0,4.0,104.0,4.0,1040.0,40.0,10400.0,400.0,Archer stock jumps as Boeing offloads air taxi subsidiaries in exchange for stake,Yahoo Finance,2026-08-10,0.0,Air Taxi Maker Flies On Deal To Buy Boeing Subsidiaries,Investor's Business Daily,2026-08-10,0.0,Boeing Stock Rises as Archer Deal Creates 20% Stake,GuruFocus.com,2026-08-10,0.273,,,,,,,,,,
AMD,Advanced Micro Devices,MegaCap,tech-semis,NASDAQ,470,-2.82%,-3.11%,-12.13%,+110.12%,+181%,766.545,2.489,119.79,31.05,19283602,168598302,619806502,,2.45,strong_buy,1.49,-2.82,97.18,-2.82,971.8,-28.2,9718.0,-282.0,-3.11,96.89,-3.11,968.9,-31.1,9689.0,-311.0,-12.13,87.87,-12.13,878.7,-121.3,8787.0,-1213.0,110.12,210.12,110.12,2101.2,1101.2,21012.0,11012.0,181.0,281.0,181.0,2810.0,1810.0,28100.0,18100.0,Why AMD Stock Tumbled 18% in July,Motley Fool,2026-08-10,0.0,"What’s Driving TeraWulf (WULF) Stock, and Are Its Peers Moving Too?",24/7 Wall St.,2026-08-10,0.0,Marvell Technology Stock's Multiple Leans On Profit From Below The Operating Line,Trefis,2026-08-10,0.44,,,,,,,,,,
QCOM,Qualcomm,MegaCap,tech-semis,NASDAQ,162,-3.61%,+6.99%,-11.85%,-5.30%,+13%,170.279,1.663,18.53,19.73,9246331,52274031,271275231,219.0,3.83,hold,2.51,-3.61,96.39,-3.61,963.9,-36.1,9639.0,-361.0,6.99,106.99,6.99,1069.9,69.9,10699.0,699.0,-11.85,88.15,-11.85,881.5,-118.5,8815.0,-1185.0,-5.3,94.7,-5.3,947.0,-53.0,9470.0,-530.0,13.0,113.0,13.0,1130.0,130.0,11300.0,1300.0,Marvell Technology Stock's Multiple Leans On Profit From Below The Operating Line,Trefis,2026-08-10,0.44,Qualcomm's Android Growth Number Has Left The Front Of The Story,Trefis,2026-08-10,0.44,Micron Technology Stock Surged On A Shortage The Company Had Already Described,Trefis,2026-08-10,-0.25,,,,,,,,,,
AVGO,Broadcom,MegaCap,tech-semis,NASDAQ,422,-1.00%,+7.69%,+9.99%,+21.96%,+41%,2009.602,1.473,70.52,25.93,13766512,88798612,394942012,61.0,1.47,strong_buy,1.31,-1.0,99.0,-1.0,990.0,-10.0,9900.0,-100.0,7.69,107.69,7.69,1076.9,76.9,10769.0,769.0,9.99,109.99,9.99,1099.9,99.9,10999.0,999.0,21.96,121.96,21.96,1219.6,219.6,12196.0,2196.0,41.0,141.0,41.0,1410.0,410.0,14100.0,4100.0,Semiconductor Equipment Makers vs. Chip Designers: Who's Actually Winning the AI Cycle?,Motley Fool,2026-08-10,0.527,Marvell Technology Stock's Multiple Leans On Profit From Below The Operating Line,Trefis,2026-08-10,0.44,Broadcom Boosts VCF Security: Can it Fend Off Nutanix and IBM?,Zacks,2026-08-10,0.572,,,,,,,,,,
TSM,Taiwan Semiconductor,MegaCap,tech-semis,NYSE,418,-0.59%,+3.04%,-0.74%,+31.61%,+74%,2170.384,1.258,36.77,14.13,11748369,58242269,312454269,90.0,0.69,strong_buy,1.42,-0.59,99.41,-0.59,994.1,-5.9,9941.0,-59.0,3.04,103.04,3.04,1030.4,30.4,10304.0,304.0,-0.74,99.26,-0.74,992.6,-7.4,9926.0,-74.0,31.61,131.61,31.61,1316.1,316.1,13161.0,3161.0,74.0,174.0,74.0,1740.0,740.0,17400.0,7400.0,Chip equipment stocks rise after Taiwan Semiconductor revenue surges 45%,Yahoo Finance,2026-08-10,0.0,TSMC Sales Jump 45% On Strong AI Chip Demand But Investors Shrug,Investor's Business Daily,2026-08-10,0.226,The ETFs Most Exposed to the 2026 Chip Supply Chain Crisis — Winners and Losers,etf.com,2026-08-10,-0.718,,,,,,,,,,
ASML,ASML Holding,MegaCap,tech-semis,NASDAQ,1733,-0.52%,+5.54%,+0.56%,+49.67%,+141%,665.83,1.365,58.92,1.95,1094795,5978795,39740695,52.0,0.33,strong_buy,1.39,-0.52,99.48,-0.52,994.8,-5.2,9948.0,-52.0,5.54,105.54,5.54,1055.4,55.4,10554.0,554.0,0.56,100.56,0.56,1005.6,5.6,10056.0,56.0,49.67,149.67,49.67,1496.7,496.7,14967.0,4967.0,141.0,241.0,141.0,2410.0,1410.0,24100.0,14100.0,Chip equipment stocks rise after Taiwan Semiconductor revenue surges 45%,Yahoo Finance,2026-08-10,0.0,Semiconductor Equipment Makers vs. Chip Designers: Who's Actually Winning the AI Cycle?,Motley Fool,2026-08-10,0.527,ASML Stock Rises 1.7% as AI Demand Signal Strengthens,GuruFocus.com,2026-08-10,0.361,,,,,,,,,,
ARM,Arm Holdings,MegaCap,tech-semis,NASDAQ,268,-5.44%,+12.04%,-10.42%,+133.46%,+100%,286.063,3.909,270.56,9.58,3165381,25696381,129219781,,12.02,buy,1.9,-5.44,94.56,-5.44,945.6,-54.4,9456.0,-544.0,12.04,112.04,12.04,1120.4,120.4,11204.0,1204.0,-10.42,89.58,-10.42,895.8,-104.2,8958.0,-1042.0,133.46,233.46,133.46,2334.6,1334.6,23346.0,13346.0,100.0,200.0,100.0,2000.0,1000.0,20000.0,10000.0,Retail investors end SpaceX buying spree as stock reclaims IPO price: AlphaCheck,Yahoo Finance,2026-08-10,0.0,Why Arm Holdings (ARM) Is Up 18.2% After Embedded AI Tools Deal And Strong Q1 2026 Results,Simply Wall St.,2026-08-10,0.511,AI Workload Evolution Is Creating a New Growth Catalyst for Arm Holdings plc (ARM),Insider Monkey,2026-08-10,0.586,,,,,,,,,,
INTC,Intel,MegaCap,tech-semis,NASDAQ,98,-4.09%,+7.16%,-5.43%,+147.64%,+392%,491.891,2.241,,123.39,99944552,464386052,2393177452,,2.4,hold,2.56,-4.09,95.91,-4.09,959.1,-40.9,9591.0,-409.0,7.16,107.16,7.16,1071.6,71.6,10716.0,716.0,-5.43,94.57,-5.43,945.7,-54.3,9457.0,-543.0,147.64,247.64,147.64,2476.4,1476.4,24764.0,14764.0,392.0,492.0,392.0,4920.0,3920.0,49200.0,39200.0,"Stock market today: Dow, S&P 500, Nasdaq slip as oil prices climb, Nvidia stock pulls back",Yahoo Finance,2026-08-10,0.0,Trading Day: Strait talking,Reuters,2026-08-10,0.0,"Update: S&P 500 Retreats From Record, Oil Jumps as Hormuz Reopening Hopes Fade",MT Newswires,2026-08-10,0.421,,,,,,,,,,
2222.SR,Saudi Aramco,MegaCap,global-growth,TADAWUL,7.09,+0.08%,-1.84%,-0.60%,+14.31%,+11%,1715.025,0.009,15.75,11.2,8320762,49946155,177755897,510.0,,buy,2.11,0.08,100.08,0.08,1000.8,0.8,10008.0,8.0,-1.84,98.16,-1.84,981.6,-18.4,9816.0,-184.0,-0.6,99.4,-0.6,994.0,-6.0,9940.0,-60.0,14.31,114.31,14.31,1143.1,143.1,11431.0,1431.0,11.0,111.0,11.0,1110.0,110.0,11100.0,1100.0,Oil Prices Rise as Iran Hardens Hormuz Demands,Oilprice.com,2026-08-10,0.0,How Many of the Largest Companies Do You Own -- and Should You Own More or Fewer?,Motley Fool,2026-08-09,0.0,Trump says U.S. is ’low-keying it’ with Iran as its economy struggles,Investing.com,2026-08-09,-0.361,,,,,,,,,,
BABA,Alibaba Group,MegaCap,global-growth,NYSE,132,+3.01%,+3.94%,+17.77%,-14.26%,+8%,317.154,0.51,20.29,12.6,8455293,39711093,209611593,82.0,1.79,strong_buy,1.32,3.01,103.01,3.01,1030.1,30.1,10301.0,301.0,3.94,103.94,3.94,1039.4,39.4,10394.0,394.0,17.77,117.77,17.77,1177.7,177.7,11777.0,1777.0,-14.26,85.74,-14.26,857.4,-142.6,8574.0,-1426.0,8.0,108.0,8.0,1080.0,80.0,10800.0,800.0,"Update: US Equity Indexes Decline as Fading Hopes for Quick Hormuz Reopening Lift Crude Oil, Treasury Yields",MT Newswires,2026-08-10,-0.026,Sea's AI Push With OpenAI Could Deepen Shopee's Competitive Edge Now,Zacks,2026-08-10,0.178,One quiet Apple update could matter more than it looks,TheStreet,2026-08-10,0.026,4,strong_buy,0.8,"+17.83% 1M, P/E 19.69, strong_buy, earnings beat with 14% revenue growth and 51% net income surge, restructuring catalyst.",1M +17.83%; P/E 19.69; earnings beat; strong_buy,,,,,
SAP,SAP SE,MegaCap,global-growth,NYSE,209,+1.60%,+9.97%,+30.37%,-10.44%,-28%,240.709,0.757,27.05,3.17,2952823,14311823,76007723,142.0,0.83,buy,1.56,1.6,101.6,1.6,1016.0,16.0,10160.0,160.0,9.97,109.97,9.97,1099.7,99.7,10997.0,997.0,30.37,130.37,30.37,1303.7,303.7,13037.0,3037.0,-10.44,89.56,-10.44,895.6,-104.4,8956.0,-1044.0,-28.0,72.0,-28.0,720.0,-280.0,7200.0,-2800.0,Salesforce Declines 17% Over the Past Year: How to Play CRM Stock?,Zacks,2026-08-10,0.34,European Equities Traded in the US as American Depositary Receipts Rise in Friday Trading,MT Newswires,2026-08-07,0.0,"FUJIY Q1 Earnings Fall Y/Y on Bio CDMO Costs, Revenues Rise",Zacks,2026-08-07,0.0,3,buy,0.85,"+30.96% 1M, cloud backlog +27% YoY, P/E 26.74, buy consensus, strong cloud momentum from Q2 results.",1M +30.96%; cloud backlog +27%; P/E 26.74; Q2 cloud beat,,,,,
SONY,Sony Group,MegaCap,global-growth,NYSE,24,+1.66%,+5.26%,+15.18%,-7.96%,-14%,139.882,0.759,20.19,6.24,4178274,25389874,114240674,68.0,0.25,strong_buy,1.5,1.66,101.66,1.66,1016.6,16.6,10166.0,166.0,5.26,105.26,5.26,1052.6,52.6,10526.0,526.0,15.18,115.18,15.18,1151.8,151.8,11518.0,1518.0,-7.96,92.04,-7.96,920.4,-79.6,9204.0,-796.0,-14.0,86.0,-14.0,860.0,-140.0,8600.0,-1400.0,"Take-Two Outlook Poised for Upside as GTA VI Approaches, UBS Says",MT Newswires,2026-08-10,0.25,"Sony (SONY), TSMC (TSM) Bet $6.3B On Next-Gen Sensors",Insider Monkey,2026-08-10,0.0,Sector Update: Consumer Stocks Softer Monday Afternoon,MT Newswires,2026-08-10,0.0,10,strong_buy,0.7,"+10.92% 1M, P/E 19.88, strong_buy, news sentiment 0.273, image sensor JV with TSMC ($6.3B) catalyst.",1M +10.92%; P/E 19.88; strong_buy; TSMC JV catalyst,,,,,
TM,Toyota Motor,MegaCap,global-growth,NYSE,189,-0.80%,+1.40%,+8.03%,-13.35%,+1%,223.535,0.335,8.47,0.51,302353,2044453,9000553,330.0,0.07,strong_buy,1.5,-0.8,99.2,-0.8,992.0,-8.0,9920.0,-80.0,1.4,101.4,1.4,1014.0,14.0,10140.0,140.0,8.03,108.03,8.03,1080.3,80.3,10803.0,803.0,-13.35,86.65,-13.35,866.5,-133.5,8665.0,-1335.0,1.0,101.0,1.0,1010.0,10.0,10100.0,100.0,Can Joby's Texas Air Taxi Flights Unlock Its Next Commercial Phase?,Zacks,2026-08-10,0.0,Is JOBY Worth Buying as Commercial Progress Meets Execution Risk?,Zacks,2026-08-10,0.382,Penske Automotive Group is riding a wave of lease returns,Wards Auto,2026-08-10,0.0,,,,,,,,,,
NVO,Novo Nordisk,MegaCap,global-growth,NYSE,48,+1.04%,+1.36%,-3.15%,-5.55%,-5%,211.002,0.349,11.79,12.63,9317860,104262960,262598760,380.0,0.98,buy,2.43,1.04,101.04,1.04,1010.4,10.4,10104.0,104.0,1.36,101.36,1.36,1013.6,13.6,10136.0,136.0,-3.15,96.85,-3.15,968.5,-31.5,9685.0,-315.0,-5.55,94.45,-5.55,944.5,-55.5,9445.0,-555.0,-5.0,95.0,-5.0,950.0,-50.0,9500.0,-500.0,Hims & Hers raises annual forecast revenue on strong subscriber growth,Reuters,2026-08-10,0.71,This Biotech’s Drug Could Treat Hot Flashes. The Stock Is Up 34% on Good News.,Barrons.com,2026-08-10,0.681,European Stocks Close Mixed in Monday Trading as Investors Monitor Middle East War Developments,MT Newswires,2026-08-10,-0.599,,,,,,,,,,
HSBC,HSBC Holdings,MegaCap,global-growth,NYSE,103,-0.64%,-4.21%,+5.33%,+32.78%,+62%,354.341,0.577,14.76,1.53,803396,8388796,30446896,362.0,,hold,2.67,-0.64,99.36,-0.64,993.6,-6.4,9936.0,-64.0,-4.21,95.79,-4.21,957.9,-42.1,9579.0,-421.0,5.33,105.33,5.33,1053.3,53.3,10533.0,533.0,32.78,132.78,32.78,1327.8,327.8,13278.0,3278.0,62.0,162.0,62.0,1620.0,620.0,16200.0,6200.0,"TTD Stock Tumbles 7% Following Disappointing Quarter — HSBC Downgrades Stock, Cuts Price Target By 50%",Stocktwits,2026-08-10,-0.66,HSBC Stock Rises as $10.1 Billion Profit Restarts Buybacks,GuruFocus.com,2026-08-07,0.44,Bond Traders Look to Jobs Data That May Tip Scale on Fed Hike,Bloomberg,2026-08-07,0.0,,,,,,,,,,
AAPL,Apple,Tech,mega-cap,NASDAQ,308.26,-1.59%,+1.60%,-2.85%,+13.96%,+38%,4498.802,1.086,35.39,56.81,43391681,241378481,1170114381,34.0,1.0,buy,2.09,-1.59,98.41,-1.59,984.1,-15.9,9841.0,-159.0,1.6,101.6,1.6,1016.0,16.0,10160.0,160.0,-2.85,97.15,-2.85,971.5,-28.5,9715.0,-285.0,13.96,113.96,13.96,1139.6,139.6,11396.0,1396.0,38.0,138.0,38.0,1380.0,380.0,13800.0,3800.0,Apple downgraded at Jefferies over iPhone yields and growth concerns,Yahoo Finance Video,2026-08-10,0.382,Apple Stock Downgraded Ahead Of iPhone 18 Launch,Investor's Business Daily,2026-08-10,0.0,Dow Jones Futures: Surging Oil Prices Spark Stock Market Losses; SpaceX Rival Rocket Lab Slides On Earnings,Investor's Business Daily,2026-08-10,-0.202,,,,,,,,,,
MSFT,Microsoft,Tech,mega-cap,NASDAQ,506.06,+1.32%,+3.78%,+29.43%,+7.48%,-4%,3757.772,1.099,28.19,41.35,31137345,180241245,826768545,73.0,1.24,strong_buy,1.36,1.32,101.32,1.32,1013.2,13.2,10132.0,132.0,3.78,103.78,3.78,1037.8,37.8,10378.0,378.0,29.43,129.43,29.43,1294.3,294.3,12943.0,2943.0,7.48,107.48,7.48,1074.8,74.8,10748.0,748.0,-4.0,96.0,-4.0,960.0,-40.0,9600.0,-400.0,"Memory chip crunch could last 2 more years, JPMorgan says",Yahoo Finance Video,2026-08-10,0.0,Why Google and Amazon rank top among Cloud hyperscalers for AI,Yahoo Finance Video,2026-08-10,0.361,"JPMorgan Stock Rises as Bank Lifts S&P Target to 8,000",GuruFocus.com,2026-08-10,0.0,1,strong_buy,0.92,"Microsoft surged +30.43% in one month on a historic short squeeze after a decisive earnings beat, with Azure revenue up 43% constant currency and cloud revenue $59.3B (+27% YoY). P/E of 27.85 is reasonable, analyst consensus is strong_buy (score 1.36), and news sentiment is positive at 0.258. [cnbc.com](https://www.cnbc.com/2026/08/04/palantir-2q-earnings-ai-sovereign-tools.html) [247wallst.com](https://247wallst.com/investing/2026/08/04/wall-street-short-sellers-piled-into-amazon-and-microsoft-at-historic-rates-before-earnings-now-theyre-rallying/)",+30.43% 1-month momentum; Azure AI growth reacceleration; Short squeeze & earnings beat; Attractive P/E 27.85,,,,,
GOOGL,Alphabet (Google),Tech,mega-cap,NASDAQ,357.52,+0.78%,-4.28%,+1.42%,+13.59%,+76%,4372.446,1.237,17.92,33.18,18914905,146588005,669639105,25.0,1.34,strong_buy,1.39,0.78,100.78,0.78,1007.8,7.8,10078.0,78.0,-4.28,95.72,-4.28,957.2,-42.8,9572.0,-428.0,1.42,101.42,1.42,1014.2,14.2,10142.0,142.0,13.59,113.59,13.59,1135.9,135.9,11359.0,1359.0,76.0,176.0,76.0,1760.0,760.0,17600.0,7600.0,"Tech stocks still have plenty of believers on Wall Street, inflow data shows",Yahoo Finance,2026-08-10,0.0,"JPMorgan’s S&P 500 8,000 target: Is the market getting too expensive?",Yahoo Finance Video,2026-08-10,0.0,"Google Stock Sputters, But These Catalysts Could Spark A Rebound",Investor's Business Daily,2026-08-10,0.329,,,,,,,,,,
AMZN,Amazon,Tech,mega-cap,NASDAQ,278.09,+1.38%,-2.09%,+12.45%,+22.78%,+24%,2999.566,1.454,22.37,50.49,34530747,213904847,1035743147,,1.09,strong_buy,1.32,1.38,101.38,1.38,1013.8,13.8,10138.0,138.0,-2.09,97.91,-2.09,979.1,-20.9,9791.0,-209.0,12.45,112.45,12.45,1124.5,124.5,11245.0,1245.0,22.78,122.78,22.78,1227.8,227.8,12278.0,2278.0,24.0,124.0,24.0,1240.0,240.0,12400.0,2400.0,"Tech stocks still have plenty of believers on Wall Street, inflow data shows",Yahoo Finance,2026-08-10,0.0,Dow Jones Futures: Surging Oil Prices Spark Stock Market Losses; SpaceX Rival Rocket Lab Slides On Earnings,Investor's Business Daily,2026-08-10,-0.202,NFLX Stock: Where Compounding Could Take The Price,Trefis,2026-08-10,0.0,2,strong_buy,0.9,"Amazon rallied +12.67% in one month driven by a short squeeze after strong earnings, cloud growth reacceleration, and AI capex confidence. P/E of 22.08 is attractive, analyst consensus is strong_buy (score 1.32), and news sentiment is high at 0.284. [247wallst.com](https://247wallst.com/investing/2026/08/04/wall-street-short-sellers-piled-into-amazon-and-microsoft-at-historic-rates-before-earnings-now-theyre-rallying/)",+12.67% 1-month momentum; P/E 22.08 attractive; Short squeeze & AI infrastructure; Strong buy consensus,,,,,
META,Meta Platforms,Tech,mega-cap,NASDAQ,594.92,+0.53%,+0.79%,-9.41%,-8.37%,-23%,1515.562,1.243,22.42,18.17,14317252,70211852,359318452,35.0,1.72,strong_buy,1.35,0.53,100.53,0.53,1005.3,5.3,10053.0,53.0,0.79,100.79,0.79,1007.9,7.9,10079.0,79.0,-9.41,90.59,-9.41,905.9,-94.1,9059.0,-941.0,-8.37,91.63,-8.37,916.3,-83.7,9163.0,-837.0,-23.0,77.0,-23.0,770.0,-230.0,7700.0,-2300.0,Meta announces $1B fund for communities near its data centers,Yahoo Finance Video,2026-08-10,0.0,"Memory chip crunch could last 2 more years, JPMorgan says",Yahoo Finance Video,2026-08-10,0.0,Sector Update: Tech Stocks Decline Late Afternoon,MT Newswires,2026-08-10,0.0,,,,,,,,,,
NVDA,NVIDIA,Tech,semiconductors,NASDAQ,217.55,-2.78%,+5.28%,+6.89%,+15.34%,+23%,5269.279,2.215,33.26,151.33,108135773,620659473,2652414373,45.0,1.39,strong_buy,1.3,-2.78,97.22,-2.78,972.2,-27.8,9722.0,-278.0,5.28,105.28,5.28,1052.8,52.8,10528.0,528.0,6.89,106.89,6.89,1068.9,68.9,10689.0,689.0,15.34,115.34,15.34,1153.4,153.4,11534.0,1534.0,23.0,123.0,23.0,1230.0,230.0,12300.0,2300.0,SpaceX’s next chapter: How AI is reshaping the company,Yahoo Finance Video,2026-08-10,0.0,"Memory chip crunch could last 2 more years, JPMorgan says",Yahoo Finance Video,2026-08-10,0.0,Semiconductor Equipment Makers vs. Chip Designers: Who's Actually Winning the AI Cycle?,Motley Fool,2026-08-10,0.527,,,,,,,,,,
AMD,Advanced Micro Devices,Tech,semiconductors,NASDAQ,469.56,-2.82%,-3.11%,-12.13%,+110.12%,+181%,766.545,2.489,119.79,31.05,19283602,168598302,619806502,,2.45,strong_buy,1.49,-2.82,97.18,-2.82,971.8,-28.2,9718.0,-282.0,-3.11,96.89,-3.11,968.9,-31.1,9689.0,-311.0,-12.13,87.87,-12.13,878.7,-121.3,8787.0,-1213.0,110.12,210.12,110.12,2101.2,1101.2,21012.0,11012.0,181.0,281.0,181.0,2810.0,1810.0,28100.0,18100.0,Why AMD Stock Tumbled 18% in July,Motley Fool,2026-08-10,0.0,"What’s Driving TeraWulf (WULF) Stock, and Are Its Peers Moving Too?",24/7 Wall St.,2026-08-10,0.0,Marvell Technology Stock's Multiple Leans On Profit From Below The Operating Line,Trefis,2026-08-10,0.44,,,,,,,,,,
INTC,Intel,Tech,semiconductors,NASDAQ,97.52,-4.09%,+7.16%,-5.43%,+147.64%,+392%,491.891,2.241,,123.39,99944552,464386052,2393177452,,2.4,hold,2.56,-4.09,95.91,-4.09,959.1,-40.9,9591.0,-409.0,7.16,107.16,7.16,1071.6,71.6,10716.0,716.0,-5.43,94.57,-5.43,945.7,-54.3,9457.0,-543.0,147.64,247.64,147.64,2476.4,1476.4,24764.0,14764.0,392.0,492.0,392.0,4920.0,3920.0,49200.0,39200.0,"Stock market today: Dow, S&P 500, Nasdaq slip as oil prices climb, Nvidia stock pulls back",Yahoo Finance,2026-08-10,0.0,"Update: S&P 500 Retreats From Record, Oil Jumps as Hormuz Reopening Hopes Fade",MT Newswires,2026-08-10,0.421,How the AI Trade Is Stealing Crypto’s Thunder,The Wall Street Journal,2026-08-10,-0.572,,,,,,,,,,
TSM,Taiwan Semiconductor,Tech,semiconductors,NYSE,418.47,-0.59%,+3.04%,-0.74%,+31.61%,+74%,2170.384,1.258,36.77,14.13,11748369,58242269,312454269,90.0,0.69,strong_buy,1.42,-0.59,99.41,-0.59,994.1,-5.9,9941.0,-59.0,3.04,103.04,3.04,1030.4,30.4,10304.0,304.0,-0.74,99.26,-0.74,992.6,-7.4,9926.0,-74.0,31.61,131.61,31.61,1316.1,316.1,13161.0,3161.0,74.0,174.0,74.0,1740.0,740.0,17400.0,7400.0,Chip equipment stocks rise after Taiwan Semiconductor revenue surges 45%,Yahoo Finance,2026-08-10,0.0,TSMC Sales Jump 45% On Strong AI Chip Demand But Investors Shrug,Investor's Business Daily,2026-08-10,0.226,The ETFs Most Exposed to the 2026 Chip Supply Chain Crisis — Winners and Losers,etf.com,2026-08-10,-0.718,,,,,,,,,,
AVGO,Broadcom,Tech,semiconductors,NASDAQ,422.4,-1.00%,+7.69%,+9.99%,+21.96%,+41%,2009.602,1.473,70.52,25.93,13766512,88798612,394942012,61.0,1.47,strong_buy,1.31,-1.0,99.0,-1.0,990.0,-10.0,9900.0,-100.0,7.69,107.69,7.69,1076.9,76.9,10769.0,769.0,9.99,109.99,9.99,1099.9,99.9,10999.0,999.0,21.96,121.96,21.96,1219.6,219.6,12196.0,2196.0,41.0,141.0,41.0,1410.0,410.0,14100.0,4100.0,Semiconductor Equipment Makers vs. Chip Designers: Who's Actually Winning the AI Cycle?,Motley Fool,2026-08-10,0.527,Marvell Technology Stock's Multiple Leans On Profit From Below The Operating Line,Trefis,2026-08-10,0.44,Broadcom Boosts VCF Security: Can it Fend Off Nutanix and IBM?,Zacks,2026-08-10,0.572,,,,,,,,,,
QCOM,Qualcomm,Tech,semiconductors,NASDAQ,162.17,-3.61%,+6.99%,-11.85%,-5.30%,+13%,170.278,1.663,18.53,19.73,9246331,52274031,271275231,219.0,3.83,hold,2.51,-3.61,96.39,-3.61,963.9,-36.1,9639.0,-361.0,6.99,106.99,6.99,1069.9,69.9,10699.0,699.0,-11.85,88.15,-11.85,881.5,-118.5,8815.0,-1185.0,-5.3,94.7,-5.3,947.0,-53.0,9470.0,-530.0,13.0,113.0,13.0,1130.0,130.0,11300.0,1300.0,Marvell Technology Stock's Multiple Leans On Profit From Below The Operating Line,Trefis,2026-08-10,0.44,Qualcomm's Android Growth Number Has Left The Front Of The Story,Trefis,2026-08-10,0.44,Micron Technology Stock Surged On A Shortage The Company Had Already Described,Trefis,2026-08-10,-0.25,,,,,,,,,,
ARM,Arm Holdings,Tech,semiconductors,NASDAQ,267.85,-5.44%,+12.04%,-10.42%,+133.46%,+100%,286.063,3.909,270.56,9.58,3165381,25696381,129219781,,12.02,buy,1.9,-5.44,94.56,-5.44,945.6,-54.4,9456.0,-544.0,12.04,112.04,12.04,1120.4,120.4,11204.0,1204.0,-10.42,89.58,-10.42,895.8,-104.2,8958.0,-1042.0,133.46,233.46,133.46,2334.6,1334.6,23346.0,13346.0,100.0,200.0,100.0,2000.0,1000.0,20000.0,10000.0,Retail investors end SpaceX buying spree as stock reclaims IPO price: AlphaCheck,Yahoo Finance,2026-08-10,0.0,Why Arm Holdings (ARM) Is Up 18.2% After Embedded AI Tools Deal And Strong Q1 2026 Results,Simply Wall St.,2026-08-10,0.511,AI Workload Evolution Is Creating a New Growth Catalyst for Arm Holdings plc (ARM),Insider Monkey,2026-08-10,0.586,,,,,,,,,,
ASML,ASML Holding,Tech,semiconductors,NASDAQ,1733.48,-0.52%,+5.54%,+0.56%,+49.67%,+141%,665.83,1.365,58.92,1.95,1094795,5978795,39740695,52.0,0.33,strong_buy,1.39,-0.52,99.48,-0.52,994.8,-5.2,9948.0,-52.0,5.54,105.54,5.54,1055.4,55.4,10554.0,554.0,0.56,100.56,0.56,1005.6,5.6,10056.0,56.0,49.67,149.67,49.67,1496.7,496.7,14967.0,4967.0,141.0,241.0,141.0,2410.0,1410.0,24100.0,14100.0,Chip equipment stocks rise after Taiwan Semiconductor revenue surges 45%,Yahoo Finance,2026-08-10,0.0,Semiconductor Equipment Makers vs. Chip Designers: Who's Actually Winning the AI Cycle?,Motley Fool,2026-08-10,0.527,ASML Stock Rises 1.7% as AI Demand Signal Strengthens,GuruFocus.com,2026-08-10,0.361,,,,,,,,,,
MU,Micron Technology,Tech,semiconductors,NASDAQ,861.0,-2.16%,+3.80%,-8.11%,+173.13%,+609%,,2.213,19.47,52.15,26187104,168612304,938186904,6.0,3.21,strong_buy,1.41,-2.16,97.84,-2.16,978.4,-21.6,9784.0,-216.0,3.8,103.8,3.8,1038.0,38.0,10380.0,380.0,-8.11,91.89,-8.11,918.9,-81.1,9189.0,-811.0,173.13,273.13,173.13,2731.3,1731.3,27313.0,17313.0,609.0,709.0,609.0,7090.0,6090.0,70900.0,60900.0,"Memory chip crunch could last 2 more years, JPMorgan says",Yahoo Finance Video,2026-08-10,0.0,"Micron poised for ""structural reset"" in earnings power, UBS says, as HBM squeeze tightens further",Proactive,2026-08-10,0.25,Micron Stock Rises Despite Reported Apple Supplier Threat,GuruFocus.com,2026-08-10,-0.527,,,,,,,,,,
AMAT,Applied Materials,Tech,semiconductors,NASDAQ,522.12,-3.67%,+0.75%,-9.26%,+94.67%,+192%,414.542,1.618,49.16,9.68,7003003,29057603,154787103,39.0,2.11,strong_buy,1.46,-3.67,96.33,-3.67,963.3,-36.7,9633.0,-367.0,0.75,100.75,0.75,1007.5,7.5,10075.0,75.0,-9.26,90.74,-9.26,907.4,-92.6,9074.0,-926.0,94.67,194.67,94.67,1946.7,946.7,19467.0,9467.0,192.0,292.0,192.0,2920.0,1920.0,29200.0,19200.0,"Earnings live updates: Plug Power stock jumps on improving margins, raised revenue guidance",Yahoo Finance,2026-08-10,0.421,Chip equipment stocks rise after Taiwan Semiconductor revenue surges 45%,Yahoo Finance,2026-08-10,0.0,"Update: S&P 500 Retreats From Record, Oil Jumps as Hormuz Reopening Hopes Fade",MT Newswires,2026-08-10,0.421,,,,,,,,,,
ORCL,Oracle,Tech,enterprise-software,NYSE,151.05,+2.93%,+6.49%,+0.00%,-22.08%,-42%,435.095,1.718,25.86,31.33,21279163,134408563,773069763,136.0,2.91,buy,1.55,2.93,102.93,2.93,1029.3,29.3,10293.0,293.0,6.49,106.49,6.49,1064.9,64.9,10649.0,649.0,0.0,100.0,0.0,1000.0,0.0,10000.0,0.0,-22.08,77.92,-22.08,779.2,-220.8,7792.0,-2208.0,-42.0,58.0,-42.0,580.0,-420.0,5800.0,-4200.0,Nvidia Stock Falls. A $3 Billion AI Infrastructure Bet Could Be Next,GuruFocus.com,2026-08-10,0.0,"Fastly Stock Is Rising Today: What’s Driving It, and Are AI-Cloud Peers Moving Too?",24/7 Wall St.,2026-08-10,0.0,Is Oracle Still The Software Business You Bought?,Trefis,2026-08-10,0.0,,,,,,,,,,
CRM,Salesforce,Tech,enterprise-software,NYSE,197.51,+2.92%,+6.22%,+15.35%,-21.73%,-17%,,1.152,22.89,14.92,6506031,50126431,262797031,91.0,6.56,buy,1.67,2.92,102.92,2.92,1029.2,29.2,10292.0,292.0,6.22,106.22,6.22,1062.2,62.2,10622.0,622.0,15.35,115.35,15.35,1153.5,153.5,11535.0,1535.0,-21.73,78.27,-21.73,782.7,-217.3,7827.0,-2173.0,-17.0,83.0,-17.0,830.0,-170.0,8300.0,-1700.0,"Stock Market Today: Dow Dips, Nvidia Falls On This; Warren Buffett's Berkshire In Buy Zone (Live Coverage)",Investor's Business Daily,2026-08-10,0.0,The Options Market Says Adobe Stock Can Fall Over A Third Or Rise More Than Half,Trefis,2026-08-10,0.0,Salesforce Declines 17% Over the Past Year: How to Play CRM Stock?,Zacks,2026-08-10,0.34,7,buy,0.75,"Salesforce rallied +15.70% in one month and has a reasonable P/E of 22.33. Analyst consensus is buy (score 1.67), news sentiment is strong at 0.317, and short interest of 6.56% suggests potential for a squeeze. The stock is recovering from YTD losses of -23.62%.",+15.70% 1-month momentum; P/E 22.33 reasonable; High short interest 6.56%; Buy analyst consensus,,,,,
ADBE,Adobe,Tech,enterprise-software,NASDAQ,272.96,+3.00%,+8.60%,+18.36%,-18.10%,-21%,108.501,1.397,15.62,6.46,3942569,21882269,114060969,,5.7,hold,2.73,3.0,103.0,3.0,1030.0,30.0,10300.0,300.0,8.6,108.6,8.6,1086.0,86.0,10860.0,860.0,18.36,118.36,18.36,1183.6,183.6,11836.0,1836.0,-18.1,81.9,-18.1,819.0,-181.0,8190.0,-1810.0,-21.0,79.0,-21.0,790.0,-210.0,7900.0,-2100.0,The Options Market Says Adobe Stock Can Fall Over A Third Or Rise More Than Half,Trefis,2026-08-10,0.0,What Are Wall Street Analysts' Target Price for Adobe Stock?,Barchart,2026-08-10,0.0,Salesforce Declines 17% Over the Past Year: How to Play CRM Stock?,Zacks,2026-08-10,0.34,,,,,,,,,,
NOW,ServiceNow,Tech,enterprise-software,NYSE,127.44,+1.96%,+11.60%,+14.54%,-13.57%,-27%,131.756,0.93,79.65,27.79,14679152,92607652,526131452,,5.4,strong_buy,1.47,1.96,101.96,1.96,1019.6,19.6,10196.0,196.0,11.6,111.6,11.6,1116.0,116.0,11160.0,1160.0,14.54,114.54,14.54,1145.4,145.4,11454.0,1454.0,-13.57,86.43,-13.57,864.3,-135.7,8643.0,-1357.0,-27.0,73.0,-27.0,730.0,-270.0,7300.0,-2700.0,"Software rebound is real but selective, Jefferies says, as power crunch reshapes AI buildout",Proactive,2026-08-10,0.0,ServiceNow (NOW) Unveils Autonomous Security to Accelerate Growth,Insider Monkey,2026-08-09,0.612,Cloud AI Update - Fortude Revolutionizes ERP with AI-Driven Delivery Model,Simply Wall St.,2026-08-07,0.0,6,strong_buy,0.78,"ServiceNow gained +15.87% in one month and +12.27% in one week, with a strong_buy analyst consensus (score 1.47) and positive news sentiment of 0.199. The company unveiled autonomous security capabilities to accelerate growth, and P/E of 78.05 reflects premium for AI-driven workflow automation.",+15.87% 1-month momentum; Strong_buy consensus; Autonomous security product launch; Positive news sentiment,,,,,
SNOW,Snowflake,Tech,enterprise-software,NYSE,334.7,+1.36%,+8.83%,+24.59%,+54.45%,+72%,116.008,1.315,,7.67,3912379,26316679,106050379,,6.42,buy,1.51,1.36,101.36,1.36,1013.6,13.6,10136.0,136.0,8.83,108.83,8.83,1088.3,88.3,10883.0,883.0,24.59,124.59,24.59,1245.9,245.9,12459.0,2459.0,54.45,154.45,54.45,1544.5,544.5,15445.0,5445.0,72.0,172.0,72.0,1720.0,720.0,17200.0,7200.0,Is Snowflake (SNOW) Stock A Bargain as AI Hopes Grow?,Simply Wall St.,2026-08-10,0.557,"Snowflake (SNOW) Lands A $6 Billion AWS Deal, Is It Fully Priced?",Simply Wall St.,2026-08-10,0.0,Snowflake (SNOW) Added A No Code AI Data App To Its Marketplace,Simply Wall St.,2026-08-10,-0.296,5,buy,0.8,"Snowflake rose +26.47% in one month and +12.69% in one week, with YTD return of +52.50%. Analyst consensus is buy (score 1.51), news sentiment is positive at 0.262, and the stock hit 52-week highs driven by AI data platform demand.",+26.47% 1-month momentum; +52.50% YTD return; Positive news sentiment 0.262; Buy analyst consensus,,,,,
INTU,Intuit,Tech,enterprise-software,NASDAQ,334.43,+2.46%,+5.04%,+15.42%,-46.37%,-54%,91.479,0.959,20.4,5.43,2622536,15696936,83750936,148.0,6.63,buy,1.86,2.46,102.46,2.46,1024.6,24.6,10246.0,246.0,5.04,105.04,5.04,1050.4,50.4,10504.0,504.0,15.42,115.42,15.42,1154.2,154.2,11542.0,1542.0,-46.37,53.63,-46.37,536.3,-463.7,5363.0,-4637.0,-54.0,46.0,-54.0,460.0,-540.0,4600.0,-5400.0,AI is Hollowing Out Tech Sector Jobs: Oracle and Microsoft Help Push Layoff Rate to 20-Year High,24/7 Wall St.,2026-08-08,0.402,ACI Worldwide (ACIW) Q2 Earnings and Revenues Beat Estimates,Zacks,2026-08-06,0.0,"CRM, NOW, INTU, ADBE: Software Stocks Slide After Figma Flags Surging AI Costs",Stocktwits,2026-08-06,0.0,9,buy,0.7,"Intuit gained +20.06% in one month and trades at a low P/E of 19.84, offering deep value after a -47.84% YTD decline. Analyst consensus is buy (score 1.86), and the company is benefiting from AI integration in tax and financial software.",+20.06% 1-month momentum; P/E 19.84 value; Buy analyst consensus; AI integration in fintech,,,,,
CRWD,CrowdStrike,Tech,cybersecurity,NASDAQ,225.16,+5.05%,+11.17%,+19.82%,+98.56%,+101%,229.272,1.234,,11.7,8052909,36522309,172337909,,2.74,buy,1.66,5.05,105.05,5.05,1050.5,50.5,10505.0,505.0,11.17,111.17,11.17,1111.7,111.7,11117.0,1117.0,19.82,119.82,19.82,1198.2,198.2,11982.0,1982.0,98.56,198.56,98.56,1985.6,985.6,19856.0,9856.0,101.0,201.0,101.0,2010.0,1010.0,20100.0,10100.0,Retail investors end SpaceX buying spree as stock reclaims IPO price: AlphaCheck,Yahoo Finance,2026-08-10,0.0,"CrowdStrike, Palo Alto Networks stocks hit new highs after Black Hat",Quartz,2026-08-10,0.0,"CrowdStrike Holdings (CRWD) Fal.Con 2026 Sells Out With 10,000 Attendees",Simply Wall St.,2026-08-10,0.0,,,,,,,,,,
PANW,Palo Alto Networks,Tech,cybersecurity,NASDAQ,385.04,+5.66%,+10.92%,+16.57%,+114.66%,+116%,313.807,0.893,331.93,7.95,5480576,29767576,128523276,,2.52,buy,1.6,5.66,105.66,5.66,1056.6,56.6,10566.0,566.0,10.92,110.92,10.92,1109.2,109.2,11092.0,1092.0,16.57,116.57,16.57,1165.7,165.7,11657.0,1657.0,114.66,214.66,114.66,2146.6,1146.6,21466.0,11466.0,116.0,216.0,116.0,2160.0,1160.0,21600.0,11600.0,"CrowdStrike, Palo Alto Networks stocks hit new highs after Black Hat",Quartz,2026-08-10,0.0,"Why Palo Alto Networks Stock Dropped, Then Popped",Motley Fool,2026-08-10,0.0,AI Adoption Is Driving Stronger Demand for Palo Alto Networks (PANW),Insider Monkey,2026-08-10,0.273,8,buy,0.73,"Palo Alto Networks surged +13.50% in one month and is up +102.85% YTD, reflecting strong cybersecurity demand. Analyst consensus is buy (score 1.60), news sentiment is 0.211, and the company's market cap has nearly tripled in a year. P/E of 313.67 is high but justified by growth.",+13.50% 1-month momentum; +102.85% YTD return; Buy analyst consensus; Cybersecurity sector tailwind,,,,,
NET,Cloudflare,Tech,cybersecurity,NYSE,310.59,+2.84%,+9.85%,+15.23%,+58.45%,+49%,110.595,1.66,,3.73,6848483,30646883,77418383,,3.47,buy,1.88,2.84,102.84,2.84,1028.4,28.4,10284.0,284.0,9.85,109.85,9.85,1098.5,98.5,10985.0,985.0,15.23,115.23,15.23,1152.3,152.3,11523.0,1523.0,58.45,158.45,58.45,1584.5,584.5,15845.0,5845.0,49.0,149.0,49.0,1490.0,490.0,14900.0,4900.0,2 Growth Stocks Set to Flourishand 1 That Underwhelm,StockStory,2026-08-10,0.382,"Software rebound is real but selective, Jefferies says, as power crunch reshapes AI buildout",Proactive,2026-08-10,0.0,"Fastly Stock Is Rising Today: What’s Driving It, and Are AI-Cloud Peers Moving Too?",24/7 Wall St.,2026-08-10,0.0,,,,,,,,,,
FTNT,Fortinet,Tech,cybersecurity,NASDAQ,164.21,+2.74%,+0.61%,+2.24%,+110.85%,+114%,120.483,1.058,58.02,6.1,4174307,25012507,116199107,,2.39,hold,2.68,2.74,102.74,2.74,1027.4,27.4,10274.0,274.0,0.61,100.61,0.61,1006.1,6.1,10061.0,61.0,2.24,102.24,2.24,1022.4,22.4,10224.0,224.0,110.85,210.85,110.85,2108.5,1108.5,21085.0,11085.0,114.0,214.0,114.0,2140.0,1140.0,21400.0,11400.0,Is Zscaler's Discounted Valuation a Buying Opportunity or a Value Trap?,Zacks,2026-08-10,0.477,Intel Foundry Lands a Major New Client Worth Watching,Motley Fool,2026-08-09,0.288,"Fortinet (FTNT) Lifted 2026 Guidance, Is The Stock Now Too Expensive?",Simply Wall St.,2026-08-08,0.0,,,,,,,,,,
NFLX,Netflix,Tech,consumer-platform,NASDAQ,76.29,+2.85%,+4.04%,+3.33%,-16.16%,-39%,317.667,1.514,23.99,43.42,26747082,152270482,971897282,,2.41,buy,1.73,2.85,102.85,2.85,1028.5,28.5,10285.0,285.0,4.04,104.04,4.04,1040.4,40.4,10404.0,404.0,3.33,103.33,3.33,1033.3,33.3,10333.0,333.0,-16.16,83.84,-16.16,838.4,-161.6,8384.0,-1616.0,-39.0,61.0,-39.0,610.0,-390.0,6100.0,-3900.0,NFLX Stock: Where Compounding Could Take The Price,Trefis,2026-08-10,0.0,Netflix's Ad Business Is Starting to Scale,GuruFocus.com,2026-08-10,0.0,NFLX Stock Hits Near Five-Week High As US Ad Commitments Double This Year,Stocktwits,2026-08-10,0.128,,,,,,,,,,
SHOP,Shopify,Tech,consumer-platform,NYSE,155.18,+2.63%,+32.62%,+24.40%,-1.28%,+3%,201.37,2.59,104.15,10.39,10622501,104558701,240837801,,2.18,buy,1.69,2.63,102.63,2.63,1026.3,26.3,10263.0,263.0,32.62,132.62,32.62,1326.2,326.2,13262.0,3262.0,24.4,124.4,24.4,1244.0,244.0,12440.0,2440.0,-1.28,98.72,-1.28,987.2,-12.8,9872.0,-128.0,3.0,103.0,3.0,1030.0,30.0,10300.0,300.0,Cathie Wood Puts $37 Million Into SpaceX,GuruFocus.com,2026-08-10,0.0,"Beat the Market Like Zacks: Aveanna, FactSet, Shopify in Focus",Zacks,2026-08-10,0.361,Why Shopify Stock Soared This Week,Motley Fool,2026-08-09,0.0,4,buy,0.82,"Shopify bounced +27.13% in one month and +29.38% in one week after beating Q2 estimates with revenue up 34% to $3.58B and raising guidance. Analyst consensus is buy (score 1.69), Morningstar raised fair value to $145, and agentic commerce is a new growth vector. [morningstar.com](https://www.morningstar.com/stocks/shopify-bounces-earnings-calm-ai-loser-trade-concerns)",+27.13% 1-month momentum; Revenue beat & raised guidance; Agentic commerce catalyst; Buy analyst consensus,,,,,
SPOT,Spotify,Tech,consumer-platform,NYSE,511.82,+4.48%,+5.24%,+6.66%,-10.99%,-29%,105.222,1.581,27.82,2.04,1950372,12937672,41193072,,4.15,buy,1.57,4.48,104.48,4.48,1044.8,44.8,10448.0,448.0,5.24,105.24,5.24,1052.4,52.4,10524.0,524.0,6.66,106.66,6.66,1066.6,66.6,10666.0,666.0,-10.99,89.01,-10.99,890.1,-109.9,8901.0,-1099.0,-29.0,71.0,-29.0,710.0,-290.0,7100.0,-2900.0,APPS or SPOT: Which Is the Better Value Stock Right Now?,Zacks,2026-08-10,0.649,"1 Super Streaming Stock Down 37% You'll Regret Not Buying on the Dip, According to Wall Street",Motley Fool,2026-08-10,0.273,Down but Not Out: Analysts See 40% Upside in Netflix After the Slide,24/7 Wall St.,2026-08-10,0.0,,,,,,,,,,
UBER,Uber,Tech,consumer-platform,NYSE,78.03,+4.10%,+8.97%,+5.08%,-5.83%,-17%,159.381,1.154,17.11,20.55,23481791,158216891,430685591,,2.64,strong_buy,1.5,4.1,104.1,4.1,1041.0,41.0,10410.0,410.0,8.97,108.97,8.97,1089.7,89.7,10897.0,897.0,5.08,105.08,5.08,1050.8,50.8,10508.0,508.0,-5.83,94.17,-5.83,941.7,-58.3,9417.0,-583.0,-17.0,83.0,-17.0,830.0,-170.0,8300.0,-1700.0,Can Joby's Texas Air Taxi Flights Unlock Its Next Commercial Phase?,Zacks,2026-08-10,0.0,Is JOBY Worth Buying as Commercial Progress Meets Execution Risk?,Zacks,2026-08-10,0.382,Should You Bet on UBER Stock Following Its Q2 Earnings Beat?,Zacks,2026-08-10,0.0,,,,,,,,,,
CSCO,Cisco Systems,Tech,hardware-infra,NASDAQ,122.57,+0.72%,+5.79%,+2.78%,+62.67%,+72%,483.102,1.002,40.86,25.38,21112461,96226361,422931261,138.0,1.64,buy,1.85,0.72,100.72,0.72,1007.2,7.2,10072.0,72.0,5.79,105.79,5.79,1057.9,57.9,10579.0,579.0,2.78,102.78,2.78,1027.8,27.8,10278.0,278.0,62.67,162.67,62.67,1626.7,626.7,16267.0,6267.0,72.0,172.0,72.0,1720.0,720.0,17200.0,7200.0,"Update: S&P 500 Retreats From Record, Oil Jumps as Hormuz Reopening Hopes Fade",MT Newswires,2026-08-10,0.421,"Oil prices jump, Wall Street under pressure with Hormuz, inflation in focus",Reuters,2026-08-10,-0.296,"S&P 500 Companies' Quarterly Earnings Growth Eases Amid Healthcare Drop, Oppenheimer Says",MT Newswires,2026-08-10,0.421,10,buy,0.68,"Cisco rose +6.69% in one month and is up +61.16% YTD, with a reasonable P/E of 40.48 and a dividend yield of 1.38%. Analyst consensus is buy (score 1.85), news sentiment is the highest in the universe at 0.349, and the company is benefiting from AI infrastructure spending.",+61.16% YTD return; High news sentiment 0.349; Dividend yield 1.38%; AI infrastructure spending,,,,,
PLTR,Palantir Technologies,Tech,hardware-infra,NASDAQ,175.23,+1.99%,+39.46%,+34.75%,+4.39%,-6%,421.088,1.563,149.77,43.39,55252372,412937272,974517672,,3.64,buy,1.81,1.99,101.99,1.99,1019.9,19.9,10199.0,199.0,39.46,139.46,39.46,1394.6,394.6,13946.0,3946.0,34.75,134.75,34.75,1347.5,347.5,13475.0,3475.0,4.39,104.39,4.39,1043.9,43.9,10439.0,439.0,-6.0,94.0,-6.0,940.0,-60.0,9400.0,-600.0,Cathie Wood Invests $36.9 Million in Surging Stock,GuruFocus.com,2026-08-10,0.0,Palantir CEO Sends Stark Warning for Businesses Betting Big on AI,GuruFocus.com,2026-08-10,-0.34,Cathie Wood Puts $37 Million Into SpaceX,GuruFocus.com,2026-08-10,0.0,3,buy,0.85,"Palantir skyrocketed +30.09% in one month and +39.78% in one week after reporting 'otherworldly' Q2 earnings with 93% revenue growth to $1.94B, driven by AI sovereignty demand. News sentiment is 0.253 and analyst rating is buy (score 1.81), though P/E of 147 is elevated. [cnbc.com](https://www.cnbc.com/2026/08/04/palantir-2q-earnings-ai-sovereign-tools.html)",+30.09% 1-month momentum; 93% revenue growth beat; AI sovereign tools catalyst; Strong news sentiment,,,,,
