ticker,company_name,sector,category,exchange,price_usd,change_1d,change_1w,change_1m,change_ytd,return_1yr,market_cap_usd_b,beta,pe_ratio,avg_volume_m,vol_1d,vol_1w,vol_1m,div_yield_pct,short_pct,analyst,analyst_score,pct_1d,val_100_1d,profit_100_1d,val_1000_1d,profit_1000_1d,val_10000_1d,profit_10000_1d,pct_1w,val_100_1w,profit_100_1w,val_1000_1w,profit_1000_1w,val_10000_1w,profit_10000_1w,pct_1m,val_100_1m,profit_100_1m,val_1000_1m,profit_1000_1m,val_10000_1m,profit_10000_1m,pct_ytd,val_100_ytd,profit_100_ytd,val_1000_ytd,profit_1000_ytd,val_10000_ytd,profit_10000_ytd,pct_1y,val_100_1y,profit_100_1y,val_1000_1y,profit_1000_1y,val_10000_1y,profit_10000_1y,news1_title,news1_publisher,news1_date,news1_sentiment,news2_title,news2_publisher,news2_date,news2_sentiment,news3_title,news3_publisher,news3_date,news3_sentiment,signal_rank,signal,signal_confidence,signal_rationale,signal_drivers,portfolio_held,portfolio_quantity,portfolio_avg_price,portfolio_ppl,portfolio_total_value
SNDK,SanDisk Corporation,AI,memory,NASDAQ,1096.1,-12.07%,-31.04%,-46.54%,+298.23%,+2877%,162.321,,37.45,13.33,25404136,84056836,301946436,,8.28,buy,1.61,-12.07,87.93,-12.07,879.3,-120.7,8793.0,-1207.0,-31.04,68.96,-31.04,689.6,-310.4,6896.0,-3104.0,-46.54,53.46,-46.54,534.6,-465.4,5346.0,-4654.0,298.23,398.23,298.23,3982.3,2982.3,39823.0,29823.0,2877.0,2977.0,2877.0,29770.0,28770.0,297700.0,287700.0,Assessing the chip sector's damage: Chart of the Day,Yahoo Finance Video,2026-07-28,-0.494,"Micron, SK Hynix stocks sink as AI chip sell-off deepens",Yahoo Finance,2026-07-28,0.0,Micron Stock Dives As Semiconductor Sell-Off Gains Steam,Investor's Business Daily,2026-07-28,0.34,,,,,,,,,,
WDC,Western Digital,AI,memory,NASDAQ,463.51,-5.52%,-15.48%,-28.90%,+147.12%,+605%,159.764,2.166,27.71,8.48,9844760,31961660,156672160,12.0,7.61,strong_buy,1.5,-5.52,94.48,-5.52,944.8,-55.2,9448.0,-552.0,-15.48,84.52,-15.48,845.2,-154.8,8452.0,-1548.0,-28.9,71.1,-28.9,711.0,-289.0,7110.0,-2890.0,147.12,247.12,147.12,2471.2,1471.2,24712.0,14712.0,605.0,705.0,605.0,7050.0,6050.0,70500.0,60500.0,"Why the Dow Gained 500 Points, but the Nasdaq Struggled",Barrons.com,2026-07-28,-0.318,2 AI Stocks That Beat NVIDIA - and Could Soar Even Higher,Zacks,2026-07-28,0.0,Micron Stock Is Leading a Brutal New Chip Slump,Barrons.com,2026-07-28,-0.625,,,,,,,,,,
285A,Kioxia Holdings,AI,memory,TSE,272.08,-17.68%,-27.04%,-49.63%,+292.51%,+2147%,148.893,,44.14,38.74,39856200,227855300,931735000,,,buy,1.62,-17.68,82.32,-17.68,823.2,-176.8,8232.0,-1768.0,-27.04,72.96,-27.04,729.6,-270.4,7296.0,-2704.0,-49.63,50.37,-49.63,503.7,-496.3,5037.0,-4963.0,292.51,392.51,292.51,3925.1,2925.1,39251.0,29251.0,2147.0,2247.0,2147.0,22470.0,21470.0,224700.0,214700.0,Asian chip stocks slide as China competition fears rattle AI trade,Reuters,2026-07-28,-0.421,European Stock Indexes Higher as Software Stocks Bounce,The Wall Street Journal,2026-07-24,0.0,"Western Digital (WDC) Reenters Merger Focus, Where Does Fair Value Sit?",Simply Wall St.,2026-07-22,0.572,,,,,,,,,,
MU,Micron Technology,AI,memory,NASDAQ,820.53,-7.28%,-15.48%,-28.34%,+160.29%,+704%,926.702,2.142,18.56,52.32,58476265,218655465,957777365,6.0,3.21,strong_buy,1.42,-7.28,92.72,-7.28,927.2,-72.8,9272.0,-728.0,-15.48,84.52,-15.48,845.2,-154.8,8452.0,-1548.0,-28.34,71.66,-28.34,716.6,-283.4,7166.0,-2834.0,160.29,260.29,160.29,2602.9,1602.9,26029.0,16029.0,704.0,804.0,704.0,8040.0,7040.0,80400.0,70400.0,Assessing the chip sector's damage: Chart of the Day,Yahoo Finance Video,2026-07-28,-0.494,"CME launches 23-hour single-stock futures to trade stocks like SpaceX, Micron",Yahoo Finance Video,2026-07-28,0.361,CLARITY Act hits summer roadblock,Yahoo Finance Video,2026-07-28,0.532,3,strong_buy,0.78,P/E of 20.83 is low for a memory stock with strong_buy consensus (an_score 1.42) and positive news sentiment 0.33. YTD +192.14% and 1W +8.48% despite 1M pullback.,Low P/E 20.83; Strong buy rating; Positive news sentiment 0.33; 1W rebound +8.48%,,,,,
STX,Seagate Technology,AI,memory,NASDAQ,747.3,-8.02%,-16.21%,-22.84%,+160.53%,+435%,169.078,2.067,70.9,4.67,8033592,27719592,105153092,36.0,3.72,strong_buy,1.44,-8.02,91.98,-8.02,919.8,-80.2,9198.0,-802.0,-16.21,83.79,-16.21,837.9,-162.1,8379.0,-1621.0,-22.84,77.16,-22.84,771.6,-228.4,7716.0,-2284.0,160.53,260.53,160.53,2605.3,1605.3,26053.0,16053.0,435.0,535.0,435.0,5350.0,4350.0,53500.0,43500.0,"Dow Jones Futures: Market Strong Outside AI; Seagate, SK Hynix, KLA, Bloom Energy Earnings Late",Investor's Business Daily,2026-07-28,0.66,"Ford, Visa, Seagate: After-Hours Stocks to Watch",The Wall Street Journal,2026-07-28,0.0,Seagate tops quarterly estimates and issues blockbuster first-quarter guidance,Investing.com,2026-07-28,0.802,8,strong_buy,0.791,"Strong_buy rating (an_score 1.44) with YTD +196.93% and 1W +8.13%. Despite high P/E 80.65, news sentiment is positive at 0.19 and analysts are bullish.",Strong buy classification; Exceptional YTD +196.93%; 1W gain +8.13%; Positive news sentiment 0.19,,,,,
MRVL,Marvell Technology,AI,memory,NASDAQ,174.47,-6.85%,-16.10%,-37.17%,+95.46%,+148%,156.595,2.197,59.96,41.37,28376631,103101631,553311431,13.0,4.34,strong_buy,1.42,-6.85,93.15,-6.85,931.5,-68.5,9315.0,-685.0,-16.1,83.9,-16.1,839.0,-161.0,8390.0,-1610.0,-37.17,62.83,-37.17,628.3,-371.7,6283.0,-3717.0,95.46,195.46,95.46,1954.6,954.6,19546.0,9546.0,148.0,248.0,148.0,2480.0,1480.0,24800.0,14800.0,"Micron, SK Hynix stocks sink as AI chip sell-off deepens",Yahoo Finance,2026-07-28,0.0,Marvell Technology (MRVL) Stock Slides As AI Funding Doubts Hit Chip Stocks,Simply Wall St.,2026-07-28,-0.296,Chip Stocks Extend Pullback Amid AI Bubble Fears,Investopedia,2026-07-28,-0.273,,,,,,,,,,
P,Everpure,AI,memory,NYSE,72.99,-0.15%,-1.79%,+0.93%,+5.77%,+25%,24.262,1.447,110.59,3.31,1887388,8227688,49106188,,4.43,buy,1.9,-0.15,99.85,-0.15,998.5,-1.5,9985.0,-15.0,-1.79,98.21,-1.79,982.1,-17.9,9821.0,-179.0,0.93,100.93,0.93,1009.3,9.3,10093.0,93.0,5.77,105.77,5.77,1057.7,57.7,10577.0,577.0,25.0,125.0,25.0,1250.0,250.0,12500.0,2500.0,Everpure (P) And The AI Infrastructure Narrative As Valuation Questions Grow,Simply Wall St.,2026-07-24,0.0,Does Everpure (P) Signal A Shift From Pure Growth Story To Earnings Quality-Driven Narrative?,Simply Wall St.,2026-07-24,0.382,3 Reasons Growth Investors Will Love Everpure (P),Zacks,2026-07-23,0.778,,,,,,,,,,
RR.,Rolls-Royce Holdings,AI,nuclear-ops,LSE,18.87,+0.41%,+3.41%,+0.30%,+18.58%,+41%,1.559,1.203,20.57,27.16,11909306,147489953,430099426,67.0,,buy,1.6,0.41,100.41,0.41,1004.1,4.1,10041.0,41.0,3.41,103.41,3.41,1034.1,34.1,10341.0,341.0,0.3,100.3,0.3,1003.0,3.0,10030.0,30.0,18.58,118.58,18.58,1185.8,185.8,11858.0,1858.0,41.0,141.0,41.0,1410.0,410.0,14100.0,4100.0,Quantinuum (QNT) Joins Rolls Royce And Partners To Tackle Gas Turbine Quantum Simulations,Simply Wall St.,2026-07-28,0.0,European Stocks Close Higher in Wednesday Trading; UK Inflation Decelerates,MT Newswires,2026-07-22,0.0,Rolls-Royce issues Burnham ultimatum over £3bn jet engine project,The Telegraph,2026-07-21,0.0,10,buy,0.65,"P/E 20.52 is the lowest among nuclear-ops stocks, buy rating with an_score 1.6, and YTD +18.27% with 1D +3.59%. Low beta 1.203 offers stability.",Low P/E 20.52; Steady YTD return +18.27%; Buy rating from analysts; Low beta 1.203,,,,,
CEG,Constellation Energy,AI,nuclear-ops,NASDAQ,259.82,-3.76%,-0.92%,+0.19%,-28.85%,-18%,92.783,1.121,22.59,3.68,2851183,14482883,68117583,63.0,3.33,buy,1.52,-3.76,96.24,-3.76,962.4,-37.6,9624.0,-376.0,-0.92,99.08,-0.92,990.8,-9.2,9908.0,-92.0,0.19,100.19,0.19,1001.9,1.9,10019.0,19.0,-28.85,71.15,-28.85,711.5,-288.5,7115.0,-2885.0,-18.0,82.0,-18.0,820.0,-180.0,8200.0,-1800.0,Can CEG's Capital Allocation Strategy Enhance Shareholder Value?,Zacks,2026-07-28,0.34,Energy Transition Update - SunPower Advances Amid Solar Industry Challenges,Simply Wall St.,2026-07-28,0.34,Constellation Energy Corporation (CEG) Stock Drops Despite Market Gains: Important Facts to Note,Zacks,2026-07-27,-0.135,5,buy,0.72,"P/E 23.82 is modest for a nuclear-ops stock, buy rating with an_score 1.52, and news sentiment 0.361. 1W +8.70% shows renewed interest despite YTD -24.88%.",Low P/E 23.82; Positive news sentiment 0.361; 1W strong +8.70%; Buy analyst consensus,,,,,
VST,Vistra Corp,AI,nuclear-ops,NYSE,148.64,-5.16%,-8.43%,-8.46%,-9.79%,-21%,50.118,1.409,24.86,4.75,5252576,17793776,83089576,58.0,4.32,strong_buy,1.35,-5.16,94.84,-5.16,948.4,-51.6,9484.0,-516.0,-8.43,91.57,-8.43,915.7,-84.3,9157.0,-843.0,-8.46,91.54,-8.46,915.4,-84.6,9154.0,-846.0,-9.79,90.21,-9.79,902.1,-97.9,9021.0,-979.0,-21.0,79.0,-21.0,790.0,-210.0,7900.0,-2100.0,Can CEG's Capital Allocation Strategy Enhance Shareholder Value?,Zacks,2026-07-28,0.34,VST or NRG: Which Utility Stock Has Greater Upside Potential?,Zacks,2026-07-28,0.361,5 Utility Stocks Poised to Outperform Q2 Earnings Estimates,Zacks,2026-07-28,0.25,,,,,,,,,,
TLN,Talen Energy,AI,nuclear-ops,NASDAQ,326.05,-5.23%,-10.95%,-18.35%,-17.82%,-4%,15.584,1.619,,0.81,1184753,3186953,14949753,,5.9,buy,1.59,-5.23,94.77,-5.23,947.7,-52.3,9477.0,-523.0,-10.95,89.05,-10.95,890.5,-109.5,8905.0,-1095.0,-18.35,81.65,-18.35,816.5,-183.5,8165.0,-1835.0,-17.82,82.18,-17.82,821.8,-178.2,8218.0,-1782.0,-4.0,96.0,-4.0,960.0,-40.0,9600.0,-400.0,Why Talen Energy Corporation (TLN) is Poised to Beat Earnings Estimates Again,Zacks,2026-07-27,0.477,Talen Energy (TLN) Stock May Be Overvalued On Fresh PJM Auction Revenue,Simply Wall St.,2026-07-25,0.527,Talen Energy (TLN) Could Be 23% Undervalued Following Earnings And Analyst Calls,Simply Wall St.,2026-07-25,0.273,,,,,,,,,,
BEP,Brookfield Renewable,AI,nuclear-ops,NYSE,31.99,-2.08%,-0.59%,-8.34%,+17.17%,+19%,15.595,0.996,,0.98,742215,9619515,20082115,488.0,0.4,buy,2.38,-2.08,97.92,-2.08,979.2,-20.8,9792.0,-208.0,-0.59,99.41,-0.59,994.1,-5.9,9941.0,-59.0,-8.34,91.66,-8.34,916.6,-83.4,9166.0,-834.0,17.17,117.17,17.17,1171.7,171.7,11717.0,1717.0,19.0,119.0,19.0,1190.0,190.0,11900.0,1900.0,3 Energy Stocks Yielding Over 4.5% to Cash in on the AI Power Boom,Motley Fool,2026-07-25,0.273,NextEra Energy vs Brookfield Renewable: The Better Dividend Stock,24/7 Wall St.,2026-07-25,0.612,These 2 Top High-Yield Dividend Stocks Are Simplifying. Here's What That Means for Dividend Investors.,Motley Fool,2026-07-22,0.202,,,,,,,,,,
BEPC,Brookfield Renewable Corp,AI,nuclear-ops,NYSE,32.54,-1.75%,-4.77%,-12.60%,-16.88%,-11%,5.934,1.159,,1.67,2318735,15052735,33623835,481.0,,hold,2.83,-1.75,98.25,-1.75,982.5,-17.5,9825.0,-175.0,-4.77,95.23,-4.77,952.3,-47.7,9523.0,-477.0,-12.6,87.4,-12.6,874.0,-126.0,8740.0,-1260.0,-16.88,83.12,-16.88,831.2,-168.8,8312.0,-1688.0,-11.0,89.0,-11.0,890.0,-110.0,8900.0,-1100.0,NextEra Energy vs Brookfield Renewable: The Better Dividend Stock,24/7 Wall St.,2026-07-25,0.612,These 2 Top High-Yield Dividend Stocks Are Simplifying. Here's What That Means for Dividend Investors.,Motley Fool,2026-07-22,0.202,Brookfield Renewable to Simplify Corporate Structure,MT Newswires,2026-07-22,0.0,,,,,,,,,,
GEV,GE Vernova,AI,smr,NYSE,943.38,-4.52%,-12.55%,-14.43%,+39.08%,+58%,251.254,0.935,27.05,2.85,3883676,18416976,62307476,20.0,3.8,buy,1.58,-4.52,95.48,-4.52,954.8,-45.2,9548.0,-452.0,-12.55,87.45,-12.55,874.5,-125.5,8745.0,-1255.0,-14.43,85.57,-14.43,855.7,-144.3,8557.0,-1443.0,39.08,139.08,39.08,1390.8,390.8,13908.0,3908.0,58.0,158.0,58.0,1580.0,580.0,15800.0,5800.0,GE Vernova (GEV) Deploys AirJoule Water System At Frontier Campus,Simply Wall St.,2026-07-28,0.0,"Exchange-Traded Funds, Equity Futures Mixed Pre-Bell Tuesday Amid Renewed Pressure on Semiconductor Stocks",MT Newswires,2026-07-28,-0.296,GE Vernova Wins Contract to Modernise Dinorwig Hydropower Plant in Wales,InvestorsHub,2026-07-28,0.572,,,,,,,,,,
BWXT,BWX Technologies,AI,smr,NYSE,169.67,-4.14%,-1.98%,-10.35%,-6.44%,+17%,15.544,0.737,45.37,1.0,854132,3752132,17953332,59.0,4.13,none,,-4.14,95.86,-4.14,958.6,-41.4,9586.0,-414.0,-1.98,98.02,-1.98,980.2,-19.8,9802.0,-198.0,-10.35,89.65,-10.35,896.5,-103.5,8965.0,-1035.0,-6.44,93.56,-6.44,935.6,-64.4,9356.0,-644.0,17.0,117.0,17.0,1170.0,170.0,11700.0,1700.0,BWX Technologies vs. Archer Aviation: What Do the Revenue Trends of These Aerospace and Defense Companies Tell Investors?,Motley Fool,2026-07-27,0.128,"Rivian upgraded, Check Point downgrade: Wall Street's top analyst calls",The Fly,2026-07-27,0.202,1 Profitable Stock on Our Buy List and 2 We Find Risky,StockStory,2026-07-27,0.273,,,,,,,,,,
SMR,NuScale Power,AI,smr,NYSE,8.22,-3.63%,-5.63%,-19.88%,-49.60%,-83%*,2.845,2.252,,32.71,26975627,161836627,582336527,,23.15,hold,2.56,-3.63,96.37,-3.63,963.7,-36.3,9637.0,-363.0,-5.63,94.37,-5.63,943.7,-56.3,9437.0,-563.0,-19.88,80.12,-19.88,801.2,-198.8,8012.0,-1988.0,-49.6,50.4,-49.6,504.0,-496.0,5040.0,-4960.0,-83.0,17.0,-83.0,170.0,-830.0,1700.0,-8300.0,1 Reason to Buy NuScale Power Stock This August,Motley Fool,2026-07-28,0.0,Bold Prediction: NuScale Power Is About to Break Out,Motley Fool,2026-07-27,0.382,Prediction: Buying NuScale Power Today Could Set You Up for Life,Motley Fool,2026-07-26,0.0,,,,,,,,,,
OKLO,Oklo Inc,AI,smr,NYSE,39.58,-4.74%,-10.31%,-24.98%,-49.13%,-41%*,6.886,1.159,,12.02,7371150,44469150,181499150,,18.39,buy,2.04,-4.74,95.26,-4.74,952.6,-47.4,9526.0,-474.0,-10.31,89.69,-10.31,896.9,-103.1,8969.0,-1031.0,-24.98,75.02,-24.98,750.2,-249.8,7502.0,-2498.0,-49.13,50.87,-49.13,508.7,-491.3,5087.0,-4913.0,-41.0,59.0,-41.0,590.0,-410.0,5900.0,-4100.0,What Could Drive the Next Phase of Nuclear Energy Growth?,Zacks,2026-07-28,0.572,The Crowd Is Dumping Oklo. Here's Why I'd Be Buying It Down 44%.,Motley Fool,2026-07-25,-0.318,"Nuclear Company Oklo Receives Startup Authorization for Groves Reactor, A Key Step In Its Regulatory Journey",Motley Fool,2026-07-25,0.0,,,,,,,,,,
NNE,NANO Nuclear Energy,AI,smr,NASDAQ,16.06,-4.64%,-7.17%,-24.67%,-41.83%,-53%*,0.837,5.27,,2.77,2074101,9847401,45964201,,33.42,buy,1.57,-4.64,95.36,-4.64,953.6,-46.4,9536.0,-464.0,-7.17,92.83,-7.17,928.3,-71.7,9283.0,-717.0,-24.67,75.33,-24.67,753.3,-246.7,7533.0,-2467.0,-41.83,58.17,-41.83,581.7,-418.3,5817.0,-4183.0,-53.0,47.0,-53.0,470.0,-530.0,4700.0,-5300.0,NANO Nuclear Energy shares gain after securing U.S. Air Force contract,InvestorsHub,2026-07-27,0.84,Nuclear Stocks Rally Off Lows On Milestone U.S. Deal And AI Program,Investor's Business Daily,2026-07-22,-0.202,Why This $16 Energy Stock Could Be Worth $250 by 2040,Motley Fool,2026-07-22,0.459,,,,,,,,,,
CCJ,Cameco Corporation,AI,uranium,NYSE,86.96,-3.05%,-1.94%,-15.96%,-11.77%,+14%,37.874,1.0,82.82,3.41,3043843,17342443,78622843,20.0,,buy,1.68,-3.05,96.95,-3.05,969.5,-30.5,9695.0,-305.0,-1.94,98.06,-1.94,980.6,-19.4,9806.0,-194.0,-15.96,84.04,-15.96,840.4,-159.6,8404.0,-1596.0,-11.77,88.23,-11.77,882.3,-117.7,8823.0,-1177.0,14.0,114.0,14.0,1140.0,140.0,11400.0,1400.0,Should Cameco Stock be in Your Portfolio Before Q2 Earnings?,Zacks,2026-07-28,0.0,Cameco gets UBS upgrade on strengthening uranium bull case,Proactive,2026-07-27,0.494,Crescent Energy (CRGY) Reports Next Week: Wall Street Expects Earnings Growth,Zacks,2026-07-27,0.572,,,,,,,,,,
UEC,Uranium Energy Corp,AI,uranium,NYSE,9.44,-5.28%,-1.15%,-12.83%,-27.99%,+13%,4.671,1.186,,10.0,7857993,38334493,156830193,,14.14,strong_buy,1.44,-5.28,94.72,-5.28,947.2,-52.8,9472.0,-528.0,-1.15,98.85,-1.15,988.5,-11.5,9885.0,-115.0,-12.83,87.17,-12.83,871.7,-128.3,8717.0,-1283.0,-27.99,72.01,-27.99,720.1,-279.9,7201.0,-2799.0,13.0,113.0,13.0,1130.0,130.0,11300.0,1300.0,Should Cameco Stock be in Your Portfolio Before Q2 Earnings?,Zacks,2026-07-28,0.0,"OKLO, XE, SMR, NNE, UEC Stocks Tumble On Thursday: AI Made Nuclear Stocks Market Darlings – Now Investors Want Proof",Stocktwits,2026-07-17,0.542,"Oklo Just Dropped 28% in a Month. Is It Time to Abandon Nuclear Stocks Like OKLO, NuScale, and Uranium Energy Corp.?",24/7 Wall St.,2026-07-16,0.178,,,,,,,,,,
LEU,Centrus Energy,AI,uranium,NYSE,169.65,-3.36%,-0.93%,+5.87%,-37.74%,-21%,3.338,1.359,61.69,0.89,733328,3360928,17415728,,26.55,buy,1.71,-3.36,96.64,-3.36,966.4,-33.6,9664.0,-336.0,-0.93,99.07,-0.93,990.7,-9.3,9907.0,-93.0,5.87,105.87,5.87,1058.7,58.7,10587.0,587.0,-37.74,62.26,-37.74,622.6,-377.4,6226.0,-3774.0,-21.0,79.0,-21.0,790.0,-210.0,7900.0,-2100.0,Nuclear Stock Pick: Here's Why LEU May Have the Edge Over SMR,Zacks,2026-07-23,0.0,3 Nuclear Stocks for Investors Willing to Wait Out the Dip,MarketBeat,2026-07-20,0.0,"This Nuclear Stock Is Down 46%, and It's a Screaming Buy",Motley Fool,2026-07-18,-0.382,,,,,,,,,,
VRT,Vertiv Holdings,AI,power-infra,NYSE,269.56,-5.65%,-11.47%,-12.19%,+53.57%,+102%,103.54,2.029,67.9,5.84,7979489,22435589,102329089,9.0,2.92,strong_buy,1.43,-5.65,94.35,-5.65,943.5,-56.5,9435.0,-565.0,-11.47,88.53,-11.47,885.3,-114.7,8853.0,-1147.0,-12.19,87.81,-12.19,878.1,-121.9,8781.0,-1219.0,53.57,153.57,53.57,1535.7,535.7,15357.0,5357.0,102.0,202.0,102.0,2020.0,1020.0,20200.0,10200.0,Forget the Mag 7. Watch These 5 Top Earnings Charts Instead,Zacks,2026-07-28,-0.026,Earnings To Watch: Vertiv (VRT) Reports Q2 Results Tomorrow,StockStory,2026-07-28,0.0,Prediction: Up 100% in a Year. Will CAT’s Rally Continue?,24/7 Wall St.,2026-07-27,0.0,,,,,,,,,,
ETN,Eaton Corporation,AI,power-infra,NYSE,386.26,-2.96%,-4.14%,-5.39%,+18.71%,+2%,149.985,1.181,37.83,2.54,2928007,10230007,43879807,110.0,2.06,buy,1.63,-2.96,97.04,-2.96,970.4,-29.6,9704.0,-296.0,-4.14,95.86,-4.14,958.6,-41.4,9586.0,-414.0,-5.39,94.61,-5.39,946.1,-53.9,9461.0,-539.0,18.71,118.71,18.71,1187.1,187.1,11871.0,1871.0,2.0,102.0,2.0,1020.0,20.0,10200.0,200.0,Eaton vs. Emerson: Which Electrification Stock Is the Better Buy?,Zacks,2026-07-28,0.44,Emerson Electric (EMR) Earnings Expected to Grow: What to Know Ahead of Next Week's Release,Zacks,2026-07-28,0.0,3 Major Reasons to Buy Vertiv Before July 29 Q2 Earnings,24/7 Wall St.,2026-07-25,0.0,,,,,,,,,,
POWL,Powell Industries,AI,power-infra,NASDAQ,201.0,-7.54%,-17.75%,-28.49%,+71.20%,+182%,7.322,1.135,39.18,0.75,1064281,3239281,15910381,16.0,9.73,buy,2.25,-7.54,92.46,-7.54,924.6,-75.4,9246.0,-754.0,-17.75,82.25,-17.75,822.5,-177.5,8225.0,-1775.0,-28.49,71.51,-28.49,715.1,-284.9,7151.0,-2849.0,71.2,171.2,71.2,1712.0,712.0,17120.0,7120.0,182.0,282.0,182.0,2820.0,1820.0,28200.0,18200.0,Powell Industries (POWL) Registers a Bigger Fall Than the Market: Important Facts to Note,Zacks,2026-07-22,0.202,"Powell Industries, Inc. (POWL) Is a Trending Stock: Facts to Know Before Betting on It",Zacks,2026-07-22,0.0,Powell Industries (POWL) Stock Looks Reasonable On Growth But Stretched On Earnings,Simply Wall St.,2026-07-18,0.202,,,,,,,,,,
EQIX,Equinix,AI,dc-operators,NASDAQ,1034.86,-1.07%,+0.68%,-4.64%,+36.85%,+29%,102.062,0.971,71.62,0.59,603008,2649208,11782008,188.0,2.18,buy,1.56,-1.07,98.93,-1.07,989.3,-10.7,9893.0,-107.0,0.68,100.68,0.68,1006.8,6.8,10068.0,68.0,-4.64,95.36,-4.64,953.6,-46.4,9536.0,-464.0,36.85,136.85,36.85,1368.5,368.5,13685.0,3685.0,29.0,129.0,29.0,1290.0,290.0,12900.0,2900.0,Equinix (EQIX) Appoints Chris Audie And Bruce Owen To Key Leadership Roles,Simply Wall St.,2026-07-28,0.0,Equinix Stock Has A Message For Management,Trefis,2026-07-27,0.0,Texas A&M selects Dell Technologies to develop new AI supercomputing platform,InvestorsHub,2026-07-24,0.0,9,buy,0.68,YTD +43.37% with 1W +6.30% and 1D +4.57% showing strong recent momentum. P/E 75.19 is high but buy rating (an_score 1.56) and news sentiment 0.179 support growth narrative.,Strong YTD +43.37%; 1W and 1D strong gains; Buy analyst consensus; Positive news sentiment,,,,,
DLR,Digital Realty,AI,dc-operators,NYSE,193.18,+0.09%,+7.74%,+1.36%,+26.29%,+10%,72.688,1.053,93.78,2.93,2022189,20996189,84517489,249.0,0.01,buy,1.58,0.09,100.09,0.09,1000.9,0.9,10009.0,9.0,7.74,107.74,7.74,1077.4,77.4,10774.0,774.0,1.36,101.36,1.36,1013.6,13.6,10136.0,136.0,26.29,126.29,26.29,1262.9,262.9,12629.0,2629.0,10.0,110.0,10.0,1100.0,100.0,11000.0,1000.0,"American Tower Q2 AFFO Meets Estimates, Revenues Beat, '26 View Up",Zacks,2026-07-28,0.0,Equinix Stock Has A Message For Management,Trefis,2026-07-27,0.0,Is Digital Realty Trust (DLR) Fully Priced As Higher Guidance Lifts Optimism?,Simply Wall St.,2026-07-27,0.778,,,,,,,,,,
AMT,American Tower,AI,dc-operators,NYSE,171.5,+2.15%,+4.96%,+1.68%,+0.04%,-22%,79.9,0.909,27.66,3.19,4395426,17581826,67940426,419.0,1.89,buy,1.56,2.15,102.15,2.15,1021.5,21.5,10215.0,215.0,4.96,104.96,4.96,1049.6,49.6,10496.0,496.0,1.68,101.68,1.68,1016.8,16.8,10168.0,168.0,0.04,100.04,0.04,1000.4,0.4,10004.0,4.0,-22.0,78.0,-22.0,780.0,-220.0,7800.0,-2200.0,American Tower Corp (AMT) Q2 2026 Earnings Call Highlights: Strong Global Leasing Demand and ...,GuruFocus.com,2026-07-28,0.421,American Tower Raises Outlook as CoreSite Leasing Reaches Record,GuruFocus.com,2026-07-28,0.052,American Tower Corporation Q2 2026 Earnings Call Summary,Moby,2026-07-28,0.0,,,,,,,,,,
GOOGL,Alphabet (Google),AI,hyperscalers,NASDAQ,333.71,+2.06%,-3.87%,-5.64%,+6.03%,+67%,4081.252,1.247,16.75,33.14,27157077,196189077,615952677,27.0,1.34,strong_buy,1.39,2.06,102.06,2.06,1020.6,20.6,10206.0,206.0,-3.87,96.13,-3.87,961.3,-38.7,9613.0,-387.0,-5.64,94.36,-5.64,943.6,-56.4,9436.0,-564.0,6.03,106.03,6.03,1060.3,60.3,10603.0,603.0,67.0,167.0,67.0,1670.0,670.0,16700.0,6700.0,"Earnings live: Avis stock plunges as earnings fall short amid the summer travel season, Ford stock gains",Yahoo Finance,2026-07-27,0.34,Tech stocks today: Big Tech earnings this week mark a pivotal moment for the AI trade,Yahoo Finance,2026-07-27,0.0,"Apple tops $5 trillion market cap, only second company to hit the milestone",Yahoo Finance,2026-07-28,0.511,1,strong_buy,0.85,"P/E of 16.05 is extremely attractive for a hyperscaler, strong_buy consensus with an_score 1.41, and highest news sentiment at 0.437. YTD +1.59% with 1D +0.16% showing stability.",Low P/E 16.05; Strong buy consensus; High news sentiment 0.437; Stable short-term momentum,,,,,
MSFT,Microsoft,AI,hyperscalers,NASDAQ,393.35,+0.99%,-1.11%,+6.72%,-16.46%,-24%,2921.974,1.13,23.4,39.19,32162591,146172491,692872991,94.0,1.24,strong_buy,1.34,0.99,100.99,0.99,1009.9,9.9,10099.0,99.0,-1.11,98.89,-1.11,988.9,-11.1,9889.0,-111.0,6.72,106.72,6.72,1067.2,67.2,10672.0,672.0,-16.46,83.54,-16.46,835.4,-164.6,8354.0,-1646.0,-24.0,76.0,-24.0,760.0,-240.0,7600.0,-2400.0,"Big Tech will fund more than a third of its AI investments with debt in 2027, Goldman Sachs predicts",Yahoo Finance,2026-07-28,-0.361,Does New Partner AI Integrations Shift the Risk‑Reward Around Microsoft’s (MSFT) Massive Cloud Capex?,Simply Wall St.,2026-07-28,0.0,"Value Outperforms Growth This Year, Powered By…AI Stocks?",The Wall Street Journal,2026-07-28,0.612,4,strong_buy,0.82,Strong_buy consensus (an_score 1.33) with positive news sentiment 0.371 and reasonable P/E 22.73. 1M return +8.18% indicates recovery from YTD -18.93%.,Strong buy unanimous; Favorable P/E 22.73; 1M momentum +8.18%; High news sentiment 0.371,,,,,
AMZN,Amazon,AI,hyperscalers,NASDAQ,230.86,-0.29%,-6.74%,-3.86%,+1.92%,+0%,2483.386,1.461,27.65,48.69,42368131,193963031,878948631,,1.09,strong_buy,1.34,-0.29,99.71,-0.29,997.1,-2.9,9971.0,-29.0,-6.74,93.26,-6.74,932.6,-67.4,9326.0,-674.0,-3.86,96.14,-3.86,961.4,-38.6,9614.0,-386.0,1.92,101.92,1.92,1019.2,19.2,10192.0,192.0,0.0,100.0,0.0,1000.0,0.0,10000.0,0.0,Apple's market cap tops $5T: How AI weakness became a strength,Yahoo Finance Video,2026-07-28,0.572,"Big Tech will fund more than a third of its AI investments with debt in 2027, Goldman Sachs predicts",Yahoo Finance,2026-07-28,-0.361,"Meta, Amazon: Why this analyst feels 'less confident' in one",Yahoo Finance Video,2026-07-28,0.558,6,strong_buy,0.79,Strong_buy consensus (an_score 1.33) with high news sentiment 0.371. P/E 27.76 is reasonable and YTD +2.48% with 1M +2.25% shows steady performance.,Strong buy rating; Good news sentiment 0.371; Fair P/E 27.76; Consistent YTD and 1M gains,,,,,
META,Meta Platforms,AI,hyperscalers,NASDAQ,593.41,-0.39%,-7.83%,+5.48%,-8.60%,-15%,1506.325,1.246,21.58,18.29,10870647,60083847,390520447,35.0,1.72,strong_buy,1.35,-0.39,99.61,-0.39,996.1,-3.9,9961.0,-39.0,-7.83,92.17,-7.83,921.7,-78.3,9217.0,-783.0,5.48,105.48,5.48,1054.8,54.8,10548.0,548.0,-8.6,91.4,-8.6,914.0,-86.0,9140.0,-860.0,-15.0,85.0,-15.0,850.0,-150.0,8500.0,-1500.0,"Big Tech will fund more than a third of its AI investments with debt in 2027, Goldman Sachs predicts",Yahoo Finance,2026-07-28,-0.361,"Update: US Equity Indexes Mixed as Chipmakers Weigh Ahead of Mag-7 Results, Crude Oil Drops Amid Halt in Middle East Strikes",MT Newswires,2026-07-28,-0.735,"US stocks mixed ahead key tech earnings, Fed",Reuters,2026-07-28,0.0,7,strong_buy,0.76,"P/E 21.64 is low for a hyperscaler, strong_buy with an_score 1.35, and news sentiment 0.312. 1M +9.64% is the best among large caps despite YTD -8.33%.",Low P/E 21.64; Strong buy rating; 1M momentum +9.64%; Positive news sentiment 0.312,,,,,
IREN,Iris Energy,AI,ai-compute,NASDAQ,33.93,-5.93%,-17.83%,-26.09%,-20.54%,+130%*,12.126,4.279,44.06,47.74,41196545,194282145,899514645,,27.09,buy,1.62,-5.93,94.07,-5.93,940.7,-59.3,9407.0,-593.0,-17.83,82.17,-17.83,821.7,-178.3,8217.0,-1783.0,-26.09,73.91,-26.09,739.1,-260.9,7391.0,-2609.0,-20.54,79.46,-20.54,794.6,-205.4,7946.0,-2054.0,130.0,230.0,130.0,2300.0,1300.0,23000.0,13000.0,TeraWulf and Cipher Digital Drop Even As Wall Street Hikes Targets Above $30: Best Setup for 2026?,24/7 Wall St.,2026-07-27,0.477,Coreweave is $71 After Falling 43% in a Year: One Analyst Thinks It Can Rocket to $250,24/7 Wall St.,2026-07-27,-0.153,IREN vs. MSTR: Which Bitcoin Stock Is the Better Choice for Investors?,Zacks,2026-07-27,0.44,,,,,,,,,,
CORZ,Core Scientific,AI,ai-compute,NASDAQ,20.75,+0.95%,-13.60%,-20.03%,+29.74%,+57%*,6.595,5.495,,13.04,27491819,57982719,235750119,,22.56,strong_buy,1.41,0.95,100.95,0.95,1009.5,9.5,10095.0,95.0,-13.6,86.4,-13.6,864.0,-136.0,8640.0,-1360.0,-20.03,79.97,-20.03,799.7,-200.3,7997.0,-2003.0,29.74,129.74,29.74,1297.4,297.4,12974.0,2974.0,57.0,157.0,57.0,1570.0,570.0,15700.0,5700.0,Core Scientific Inc (CORZ) Q2 2026 Earnings Call Highlights: Strategic Partnerships and Robust ...,GuruFocus.com,2026-07-28,0.34,AMD's Core Scientific Deal Hints at AI's Next Race,GuruFocus.com,2026-07-28,0.0,Core Scientific (CORZ) Is Down 7.4% After Massive Q2 Loss And AMD AI Deal - Has The Bull Case Changed?,Simply Wall St.,2026-07-28,-0.318,,,,,,,,,,
WULF,TeraWulf,AI,ai-compute,NASDAQ,17.09,-5.00%,-13.99%,-33.19%,+34.14%,+244%*,8.468,4.261,,31.1,38735044,137313644,762016644,,24.8,strong_buy,1.29,-5.0,95.0,-5.0,950.0,-50.0,9500.0,-500.0,-13.99,86.01,-13.99,860.1,-139.9,8601.0,-1399.0,-33.19,66.81,-33.19,668.1,-331.9,6681.0,-3319.0,34.14,134.14,34.14,1341.4,341.4,13414.0,3414.0,244.0,344.0,244.0,3440.0,2440.0,34400.0,24400.0,TeraWulf and Cipher Digital Drop Even As Wall Street Hikes Targets Above $30: Best Setup for 2026?,24/7 Wall St.,2026-07-27,0.477,KBW says miner selloff erased pipeline value despite AI/HPC leasing rebound,Blockspace,2026-07-27,0.34,"CORZ Stock Falls On Lone Wall Street Downgrade – Analyst Hikes Targets For CLSK, CIFR, HUT",Stocktwits,2026-07-27,-0.273,,,,,,,,,,
HUT,Hut 8 Mining,AI,ai-compute,NASDAQ,101.14,-2.75%,-7.19%,-14.48%,+97.27%,+431%,11.387,6.071,,4.6,4647885,21315585,88243285,,11.58,strong_buy,1.35,-2.75,97.25,-2.75,972.5,-27.5,9725.0,-275.0,-7.19,92.81,-7.19,928.1,-71.9,9281.0,-719.0,-14.48,85.52,-14.48,855.2,-144.8,8552.0,-1448.0,97.27,197.27,97.27,1972.7,972.7,19727.0,9727.0,431.0,531.0,431.0,5310.0,4310.0,53100.0,43100.0,Nvidia Reportedly Signs Up to $50 Billion Texas Data-Center Lease,GuruFocus.com,2026-07-28,0.0,Earnings Preview: Hut 8 (HUT) Q2 Earnings Expected to Decline,Zacks,2026-07-28,0.0,Market Chatter: Nvidia Signs Leases for Hut 8's 1 GW AI Data Center in Texas,MT Newswires,2026-07-28,0.0,,,,,,,,,,
SMCI,Super Micro Computer,AI,ai-compute,NASDAQ,28.45,-3.59%,+11.57%,+1.07%,-8.11%,-49%,18.404,1.936,14.97,54.74,36118334,371536234,994699534,,19.61,hold,2.84,-3.59,96.41,-3.59,964.1,-35.9,9641.0,-359.0,11.57,111.57,11.57,1115.7,115.7,11157.0,1157.0,1.07,101.07,1.07,1010.7,10.7,10107.0,107.0,-8.11,91.89,-8.11,918.9,-81.1,9189.0,-811.0,-49.0,51.0,-49.0,510.0,-490.0,5100.0,-4900.0,Super Micro Computer Booked More Than $60 Billion of Orders Last Quarter. The Entire Company Is Worth $19 Billion.,Motley Fool,2026-07-28,0.7,Nvidia Gets Drawn Into Supermicro Chip Smuggling Scandal. Should Investors Be Worried?,24/7 Wall St.,2026-07-28,-0.802,Jim Cramer Tells Leveraged AI Investors ‘Sell it. No Matter What.’ At the Market Open Today,24/7 Wall St.,2026-07-28,-0.019,,,,,,,,,,
DELL,Dell Technologies,AI,ai-compute,NYSE,392.1,-7.82%,-2.98%,-5.27%,+209.61%,+220%,253.353,1.376,31.24,8.77,9173678,31071678,145146078,59.0,4.33,buy,1.78,-7.82,92.18,-7.82,921.8,-78.2,9218.0,-782.0,-2.98,97.02,-2.98,970.2,-29.8,9702.0,-298.0,-5.27,94.73,-5.27,947.3,-52.7,9473.0,-527.0,209.61,309.61,209.61,3096.1,2096.1,30961.0,20961.0,220.0,320.0,220.0,3200.0,2200.0,32000.0,22000.0,Dell Stock Crashes as AI Server Boom Faces New Margin Concerns,GuruFocus.com,2026-07-28,0.0,"Corning, ASML, SK Hynix, PayPal, UPS, Dell, and More Stocks That Explain Today’s Market",Barrons.com,2026-07-28,0.0,Dell Technologies vs. Apple: Which AI Stock is a Better Buy?,Zacks,2026-07-28,0.44,2,strong_buy,0.985,"YTD +245.46% with 1M +7.03% and 1W +10.57% showing sustained momentum. P/E 34.83 is reasonable for its growth, analyst rating buy with an_score 1.78.",High YTD return 245%; 1M momentum +7%; 1W momentum +10.57%; Reasonable P/E 34.83,,,,,
COHR,Coherent Corp,AI,fibre-optical,NYSE,243.33,-8.97%,-23.29%,-37.80%,+25.21%,+154%,47.604,2.037,116.43,5.76,7167110,21193710,96118210,,5.21,buy,1.64,-8.97,91.03,-8.97,910.3,-89.7,9103.0,-897.0,-23.29,76.71,-23.29,767.1,-232.9,7671.0,-2329.0,-37.8,62.2,-37.8,622.0,-378.0,6220.0,-3780.0,25.21,125.21,25.21,1252.1,252.1,12521.0,2521.0,154.0,254.0,154.0,2540.0,1540.0,25400.0,15400.0,Why Corning Stock Is Having Its Worst Day in 6 Years After Earnings,Barrons.com,2026-07-28,-0.625,AI Infrastructure Demand is Reshaping Coherent's Growth Story,Zacks,2026-07-28,0.273,"Coherent Sinks 11%, Applied Optoelectronics Falls 10%, Lumentum Drops 9% as Traders Question AI Spending Spree",24/7 Wall St.,2026-07-28,0.0,,,,,,,,,,
LITE,Lumentum Holdings,AI,fibre-optical,NASDAQ,651.93,-7.66%,-22.16%,-23.43%,+68.85%,+550%,50.721,1.482,114.37,5.55,5566702,21385702,89061502,,12.5,buy,1.52,-7.66,92.34,-7.66,923.4,-76.6,9234.0,-766.0,-22.16,77.84,-22.16,778.4,-221.6,7784.0,-2216.0,-23.43,76.57,-23.43,765.7,-234.3,7657.0,-2343.0,68.85,168.85,68.85,1688.5,688.5,16885.0,6885.0,550.0,650.0,550.0,6500.0,5500.0,65000.0,55000.0,Why Corning Stock Is Having Its Worst Day in 6 Years After Earnings,Barrons.com,2026-07-28,-0.625,"Coherent Sinks 11%, Applied Optoelectronics Falls 10%, Lumentum Drops 9% as Traders Question AI Spending Spree",24/7 Wall St.,2026-07-28,0.0,A New AI Shortage Is Coming. One CEO Just Predicted it Will Be “Bigger Than Memory.”,24/7 Wall St.,2026-07-28,-0.25,,,,,,,,,,
AAOI,Applied Optoelectronics,AI,fibre-optical,NASDAQ,88.14,-9.05%,-26.09%,-41.28%,+122.58%,+306%,7.072,3.687,,11.77,10682020,38809620,180677220,,12.86,buy,2.33,-9.05,90.95,-9.05,909.5,-90.5,9095.0,-905.0,-26.09,73.91,-26.09,739.1,-260.9,7391.0,-2609.0,-41.28,58.72,-41.28,587.2,-412.8,5872.0,-4128.0,122.58,222.58,122.58,2225.8,1225.8,22258.0,12258.0,306.0,406.0,306.0,4060.0,3060.0,40600.0,30600.0,"Coherent Sinks 11%, Applied Optoelectronics Falls 10%, Lumentum Drops 9% as Traders Question AI Spending Spree",24/7 Wall St.,2026-07-28,0.0,A New AI Shortage Is Coming. One CEO Just Predicted it Will Be “Bigger Than Memory.”,24/7 Wall St.,2026-07-28,-0.25,These high-flying tech stocks are down 65% — here's how to shop the sell-off: One Big Investment Idea,Yahoo Finance,2026-07-23,0.0,,,,,,,,,,
FN,Fabrinet,AI,fibre-optical,NYSE,449.72,-3.24%,-14.72%,-14.86%,-6.19%,+47%,16.113,1.198,38.67,0.98,1309768,3504068,16608668,,7.38,buy,1.78,-3.24,96.76,-3.24,967.6,-32.4,9676.0,-324.0,-14.72,85.28,-14.72,852.8,-147.2,8528.0,-1472.0,-14.86,85.14,-14.86,851.4,-148.6,8514.0,-1486.0,-6.19,93.81,-6.19,938.1,-61.9,9381.0,-619.0,47.0,147.0,47.0,1470.0,470.0,14700.0,4700.0,AI Infrastructure Demand is Reshaping Coherent's Growth Story,Zacks,2026-07-28,0.273,"NVT Likely to Beat Q2 Earnings Estimates: Buy, Sell or Hold the Stock?",Zacks,2026-07-28,0.0,Does Surging Long-Dated Call Volatility in Fabrinet (FN) Hint at a Shifting Risk Narrative?,Simply Wall St.,2026-07-24,-0.273,,,,,,,,,,
MTSI,MACOM Technology,AI,dsp-semi,NASDAQ,249.23,-3.40%,-11.94%,-33.11%,+42.45%,+88%,19.015,1.655,106.51,1.67,1511873,5644573,33322573,,3.01,buy,1.64,-3.4,96.6,-3.4,966.0,-34.0,9660.0,-340.0,-11.94,88.06,-11.94,880.6,-119.4,8806.0,-1194.0,-33.11,66.89,-33.11,668.9,-331.1,6689.0,-3311.0,42.45,142.45,42.45,1424.5,424.5,14245.0,4245.0,88.0,188.0,88.0,1880.0,880.0,18800.0,8800.0,"Lattice Semiconductor, Allegro MicroSystems, Monolithic Power Systems, Marvell Technology, and MACOM Shares Are Falling, What You Need To Know",StockStory,2026-07-24,0.153,MACOM Technology Solutions (MTSI) Rose on Strong Results and Data Center Demand,Insider Monkey,2026-07-24,0.542,1 Mid-Cap Stock for Long-Term Investors and 2 Facing Challenges,StockStory,2026-07-16,0.077,,,,,,,,,,
SMTC,Semtech,AI,dsp-semi,NASDAQ,111.3,-8.35%,-19.25%,-28.72%,+47.89%,+127%,10.368,2.31,,3.57,3118503,9539203,55794003,,8.14,strong_buy,1.36,-8.35,91.65,-8.35,916.5,-83.5,9165.0,-835.0,-19.25,80.75,-19.25,807.5,-192.5,8075.0,-1925.0,-28.72,71.28,-28.72,712.8,-287.2,7128.0,-2872.0,47.89,147.89,47.89,1478.9,478.9,14789.0,4789.0,127.0,227.0,127.0,2270.0,1270.0,22700.0,12700.0,Is Semtech (SMTC) Undervalued As AI Data Center Growth Fuels Its Story?,Simply Wall St.,2026-07-26,0.382,Is Semtech (SMTC) Still Cheap Or Is Too Much Priced In?,Simply Wall St.,2026-07-26,0.0,"Amtech, Semtech, Nova, Power Integrations, and FormFactor Shares Are Falling, What You Need To Know",StockStory,2026-07-24,0.153,,,,,,,,,,
CRDO,Credo Technology,AI,dsp-semi,NASDAQ,192.28,-6.81%,-14.11%,-21.74%,+34.25%,+90%,35.856,3.202,76.3,8.12,6608077,26084177,135971977,,3.62,strong_buy,1.32,-6.81,93.19,-6.81,931.9,-68.1,9319.0,-681.0,-14.11,85.89,-14.11,858.9,-141.1,8589.0,-1411.0,-21.74,78.26,-21.74,782.6,-217.4,7826.0,-2174.0,34.25,134.25,34.25,1342.5,342.5,13425.0,3425.0,90.0,190.0,90.0,1900.0,900.0,19000.0,9000.0,"The Zacks Analyst Blog Highlights Credo Technology, Broadcom, Marvell Technology and Astera Labs",Zacks,2026-07-24,0.0,Should Credo’s Projected US$600 Million AI Optics Ramp Reshape CRDO’s Core Investment Thesis?,Simply Wall St.,2026-07-23,0.0,Credo or Marvell: Who Leads the AI Connectivity Race?,24/7 Wall St.,2026-07-23,0.0,,,,,,,,,,
MXL,MaxLinear,AI,dsp-semi,NASDAQ,58.94,-8.34%,-31.51%,-45.66%,+218.42%,+275%,5.345,3.926,,4.9,4962235,34699835,93571335,,5.97,buy,1.82,-8.34,91.66,-8.34,916.6,-83.4,9166.0,-834.0,-31.51,68.49,-31.51,684.9,-315.1,6849.0,-3151.0,-45.66,54.34,-45.66,543.4,-456.6,5434.0,-4566.0,218.42,318.42,218.42,3184.2,2184.2,31842.0,21842.0,275.0,375.0,275.0,3750.0,2750.0,37500.0,27500.0,"The Zacks Analyst Blog Highlights MaxLinear, Marvell Technology and Broadcom",Zacks,2026-07-28,0.0,MaxLinear Rides on AI Infrastructure Momentum: More Upside Ahead?,Zacks,2026-07-27,0.0,MaxLinear (MXL) Returns To Profit As AI Data Center Demand Lifts Earnings,Simply Wall St.,2026-07-25,0.34,,,,,,,,,,
KEYS,Keysight Technologies,AI,test-equip,NYSE,305.17,-1.23%,-6.99%,-10.28%,+47.72%,+88%,52.152,1.214,49.14,1.58,1253885,5536485,28548085,,2.09,buy,1.62,-1.23,98.77,-1.23,987.7,-12.3,9877.0,-123.0,-6.99,93.01,-6.99,930.1,-69.9,9301.0,-699.0,-10.28,89.72,-10.28,897.2,-102.8,8972.0,-1028.0,47.72,147.72,47.72,1477.2,477.2,14772.0,4772.0,88.0,188.0,88.0,1880.0,880.0,18800.0,8800.0,"SANM Q3 Earnings Beat Estimates on AI Demand, Strong Execution",Zacks,2026-07-28,0.421,"CLS Q2 Earnings Beat Estimates on Strong CCS Demand, Outlook Raised",Zacks,2026-07-28,0.421,Synopsys Stock: The Price Tag Hides a Patient Investor's Discount,Trefis,2026-07-24,-0.178,,,,,,,,,,
VIAV,Viavi Solutions,AI,test-equip,NASDAQ,35.1,-9.54%,-18.41%,-25.96%,+93.39%,+274%,8.658,1.191,,7.27,6555575,18608975,97379775,,6.78,none,,-9.54,90.46,-9.54,904.6,-95.4,9046.0,-954.0,-18.41,81.59,-18.41,815.9,-184.1,8159.0,-1841.0,-25.96,74.04,-25.96,740.4,-259.6,7404.0,-2596.0,93.39,193.39,93.39,1933.9,933.9,19339.0,9339.0,274.0,374.0,274.0,3740.0,2740.0,37400.0,27400.0,Why Is Viavi Solutions (VIAV) Stock Soaring Today,StockStory,2026-07-21,0.178,Viavi Solutions (NASDAQ:VIAV): Strongest Q1 Results from the Inspection Instruments Group,StockStory,2026-07-20,0.557,Viavi Solutions (VIAV) Rolls Out the Industry’s First AI Network Validation Tool,Insider Monkey,2026-07-16,0.178,,,,,,,,,,
AXTI,AXT Inc,AI,materials,NASDAQ,42.76,-8.63%,-24.33%,-40.16%,+155.13%,+1991%,2.797,1.867,,9.51,8295820,29350720,163700320,,17.59,buy,1.8,-8.63,91.37,-8.63,913.7,-86.3,9137.0,-863.0,-24.33,75.67,-24.33,756.7,-243.3,7567.0,-2433.0,-40.16,59.84,-40.16,598.4,-401.6,5984.0,-4016.0,155.13,255.13,155.13,2551.3,1551.3,25513.0,15513.0,1991.0,2091.0,1991.0,20910.0,19910.0,209100.0,199100.0,A New AI Shortage Is Coming. One CEO Just Predicted it Will Be “Bigger Than Memory.”,24/7 Wall St.,2026-07-28,-0.25,"Should You Buy, Sell or Hold AXTI Stock Ahead of Q2 Earnings?",Zacks,2026-07-27,0.0,AXT (AXTI) Earnings Expected to Grow: Should You Buy?,Zacks,2026-07-23,0.0,,,,,,,,,,
AMGN,Amgen,Biotech,large-cap,NASDAQ,393.1,+4.10%,+7.33%,+9.03%,+21.72%,+24%,212.16,0.403,27.36,2.72,3193609,13070009,48238709,268.0,2.38,buy,2.44,4.1,104.1,4.1,1041.0,41.0,10410.0,410.0,7.33,107.33,7.33,1073.3,73.3,10733.0,733.0,9.03,109.03,9.03,1090.3,90.3,10903.0,903.0,21.72,121.72,21.72,1217.2,217.2,12172.0,2172.0,24.0,124.0,24.0,1240.0,240.0,12400.0,2400.0,Does Eli Lilly Stock Actually Diversify Your Portfolio?,Trefis,2026-07-28,0.0,Earnings Preview: Amgen (AMGN) Q2 Earnings Expected to Decline,Zacks,2026-07-28,0.0,"Collect 9.8% On LLY Stock Now, Own It 30% Cheaper If It Dips",Trefis,2026-07-27,0.0,7,buy,0.7,"AMGN provides steady gains with +16.44% YTD, +6.58% 1M, a P/E of 26.19, a 2.68% dividend yield, and a very low beta of 0.403, making it a defensive pick.",+16.44% YTD; P/E 26.19; dividend 2.68%; beta 0.403,,,,,
GILD,Gilead Sciences,Biotech,large-cap,NASDAQ,134.32,+2.08%,+3.10%,+6.32%,+11.82%,+14%,166.767,0.343,18.27,7.53,6944053,28484453,139830253,251.0,2.04,buy,1.69,2.08,102.08,2.08,1020.8,20.8,10208.0,208.0,3.1,103.1,3.1,1031.0,31.0,10310.0,310.0,6.32,106.32,6.32,1063.2,63.2,10632.0,632.0,11.82,111.82,11.82,1118.2,118.2,11182.0,1182.0,14.0,114.0,14.0,1140.0,140.0,11400.0,1400.0,Analysts Estimate Gilead Sciences (GILD) to Report a Decline in Earnings: What to Look Out for,Zacks,2026-07-28,0.0,Atea Pharmaceuticals Says Combination Drug Meets Endpoints in Phase 3 Hepatitis C Trial,MT Newswires,2026-07-28,0.0,Kalshi is expanding online betting in drug R&D — unless detractors can stop it,Pharma Voice,2026-07-28,-0.296,8,buy,0.7,"GILD has a low P/E of 17.62, a 2.54% dividend yield, and a strong buy analyst consensus (score 1.69), with +7.65% YTD and low beta (0.343) for stability.",P/E 17.62; dividend 2.54%; analyst score 1.69; beta 0.343,,,,,
REGN,Regeneron Pharmaceuticals,Biotech,large-cap,NASDAQ,695.18,+2.88%,+2.96%,+10.03%,-10.21%,+20%,72.882,0.236,16.97,1.01,878164,4238964,15842764,56.0,3.53,buy,1.81,2.88,102.88,2.88,1028.8,28.8,10288.0,288.0,2.96,102.96,2.96,1029.6,29.6,10296.0,296.0,10.03,110.03,10.03,1100.3,100.3,11003.0,1003.0,-10.21,89.79,-10.21,897.9,-102.1,8979.0,-1021.0,20.0,120.0,20.0,1200.0,200.0,12000.0,2000.0,Will REGN's Q2 Earnings Get a Boost From Dupixent and Eylea HD?,Zacks,2026-07-28,0.402,"Tech Earnings, Fed Rate Decision: What to Watch This Week",The Wall Street Journal,2026-07-28,0.0,3 Cash-Heavy Stocks with Questionable Fundamentals,StockStory,2026-07-27,-0.296,9,buy,0.5,"REGN is down -15.27% YTD but shows a +5.78% 1M rebound, with a low P/E of 16.02, low beta (0.236), and positive news sentiment (0.13), offering a value opportunity.",+5.78% 1M rebound; P/E 16.02; beta 0.236; sentiment 0.13,,,,,
VRTX,Vertex Pharmaceuticals,Biotech,large-cap,NASDAQ,490.39,+1.74%,+1.74%,-1.85%,+8.46%,+2%,124.464,0.292,29.09,1.54,1699716,7179716,32493116,,2.22,buy,1.68,1.74,101.74,1.74,1017.4,17.4,10174.0,174.0,1.74,101.74,1.74,1017.4,17.4,10174.0,174.0,-1.85,98.15,-1.85,981.5,-18.5,9815.0,-185.0,8.46,108.46,8.46,1084.6,84.6,10846.0,846.0,2.0,102.0,2.0,1020.0,20.0,10200.0,200.0,Analysts Estimate Gilead Sciences (GILD) to Report a Decline in Earnings: What to Look Out for,Zacks,2026-07-28,0.0,Vertex Pharmaceuticals Incorporated (VRTX) is Attracting Investor Attention: Here is What You Should Know,Zacks,2026-07-28,0.477,Vertex Gears Up to Report Q2 Earnings: What Can Investors Expect?,Zacks,2026-07-27,0.0,,,,,,,,,,
BIIB,Biogen,Biotech,large-cap,NASDAQ,205.61,+1.60%,+1.21%,-5.09%,+15.63%,+56%,30.356,0.158,22.08,1.25,1586785,4819085,29465985,,4.53,buy,1.89,1.6,101.6,1.6,1016.0,16.0,10160.0,160.0,1.21,101.21,1.21,1012.1,12.1,10121.0,121.0,-5.09,94.91,-5.09,949.1,-50.9,9491.0,-509.0,15.63,115.63,15.63,1156.3,156.3,11563.0,1563.0,56.0,156.0,56.0,1560.0,560.0,15600.0,5600.0,Biogen (BIIB) Reports Q2: Everything You Need To Know Ahead Of Earnings,StockStory,2026-07-28,0.0,"The Zacks Analyst Blog Highlights Harmony Biosciences, Acadia Pharmaceuticals, Biogen, Insmed and Agios Pharmaceuticals",Zacks,2026-07-28,0.402,"Tech Earnings, Fed Rate Decision: What to Watch This Week",The Wall Street Journal,2026-07-28,0.0,,,,,,,,,,
BMY,Bristol-Myers Squibb,Biotech,large-cap,NYSE,63.6,+1.69%,+4.38%,+9.83%,+21.55%,+34%,129.876,0.235,17.82,11.91,8429614,45236914,214742914,403.0,2.2,buy,2.5,1.69,101.69,1.69,1016.9,16.9,10169.0,169.0,4.38,104.38,4.38,1043.8,43.8,10438.0,438.0,9.83,109.83,9.83,1098.3,98.3,10983.0,983.0,21.55,121.55,21.55,1215.5,215.5,12155.0,2155.0,34.0,134.0,34.0,1340.0,340.0,13400.0,3400.0,Replimune Is Locked in a Standoff With Regulators. Here Is What It Means for the Stock.,Barrons.com,2026-07-28,0.0,This Healthcare Leader Just Made a Bet on Artificial Intelligence (AI): Time to Buy the Stock?,Motley Fool,2026-07-28,0.477,Replimune shares fall after FDA reviewers raise doubts over RP1 melanoma drug efficacy,Proactive,2026-07-28,0.0,2,buy,0.7,"BMY offers a compelling mix of +18.67% YTD, +13.36% 1M momentum, a low P/E of 17.39, and a 4.06% dividend yield, with a low beta of 0.235 providing stability.",+18.67% YTD; +13.36% 1M; P/E 17.39; dividend 4.06%,,,,,
AZN,AstraZeneca,Biotech,uk-listed,LSE,172.02,+0.40%,+3.59%,-9.50%,-4.79%,+16%,2.668,0.225,25.88,2.31,2424200,13362461,55536738,185.0,,buy,1.83,0.4,100.4,0.4,1004.0,4.0,10040.0,40.0,3.59,103.59,3.59,1035.9,35.9,10359.0,359.0,-9.5,90.5,-9.5,905.0,-95.0,9050.0,-950.0,-4.79,95.21,-4.79,952.1,-47.9,9521.0,-479.0,16.0,116.0,16.0,1160.0,160.0,11600.0,1600.0,AstraZeneca Cancer Drug Targets Up to $5 Billion in Sales,GuruFocus.com,2026-07-28,-0.66,Here's How LLY's Non-GLP-1 Portfolio Is Poised Ahead of Q2 Earnings,Zacks,2026-07-28,0.25,GSK Launches Cost-Saving Plan to Accelerate Drug Pipeline,The Wall Street Journal,2026-07-28,0.0,,,,,,,,,,
GSK,GSK,Biotech,uk-listed,LSE,26.97,+3.47%,+7.18%,+2.50%,+10.80%,+40%,1.081,0.3,14.29,8.23,18383714,50054365,203381028,347.0,,hold,2.64,3.47,103.47,3.47,1034.7,34.7,10347.0,347.0,7.18,107.18,7.18,1071.8,71.8,10718.0,718.0,2.5,102.5,2.5,1025.0,25.0,10250.0,250.0,10.8,110.8,10.8,1108.0,108.0,11080.0,1080.0,40.0,140.0,40.0,1400.0,400.0,14000.0,4000.0,GSK Stock Rises as $2.52 Billion Savings Plan Funds Pipeline,GuruFocus.com,2026-07-28,0.0,GSK Q2 Earnings Call Highlights,MarketBeat,2026-07-28,0.0,GSK plots £400m Cambridge research hub in push for cancer breakthrough,The Telegraph,2026-07-28,-0.66,,,,,,,,,,
CRSP,CRISPR Therapeutics,Biotech,gene-editing,NASDAQ,47.55,+1.75%,-1.25%,-15.62%,-11.57%,-21%,4.683,1.702,,1.71,2034424,8877424,36023124,,22.97,buy,1.96,1.75,101.75,1.75,1017.5,17.5,10175.0,175.0,-1.25,98.75,-1.25,987.5,-12.5,9875.0,-125.0,-15.62,84.38,-15.62,843.8,-156.2,8438.0,-1562.0,-11.57,88.43,-11.57,884.3,-115.7,8843.0,-1157.0,-21.0,79.0,-21.0,790.0,-210.0,7900.0,-2100.0,3 Mid-Cap Growth Stocks With Monstrous Long-Term Upside,Motley Fool,2026-07-28,0.382,Earnings Preview: Ultragenyx (RARE) Q2 Earnings Expected to Decline,Zacks,2026-07-28,0.0,CRISPR Therapeutics AG (CRSP) is Attracting Investor Attention: Here is What You Should Know,Zacks,2026-07-28,0.477,,,,,,,,,,
BEAM,Beam Therapeutics,Biotech,gene-editing,NASDAQ,26.29,+4.53%,-3.66%,-24.78%,-3.13%,+26%,2.705,2.182,,2.27,2295966,10427366,52092966,,34.96,strong_buy,1.33,4.53,104.53,4.53,1045.3,45.3,10453.0,453.0,-3.66,96.34,-3.66,963.4,-36.6,9634.0,-366.0,-24.78,75.22,-24.78,752.2,-247.8,7522.0,-2478.0,-3.13,96.87,-3.13,968.7,-31.3,9687.0,-313.0,26.0,126.0,26.0,1260.0,260.0,12600.0,2600.0,Scribe’s Genetic Editing Aims to Prevent Heart Attacks,Barrons.com,2026-07-27,0.34,Cathie Wood Is Buying This Up-and-Coming Biotech Stock. Should You Follow Her Lead?,Motley Fool,2026-07-20,0.0,Bank of America Securities Maintains Buy Rating for Beam Therapeutics (BEAM),Insider Monkey,2026-07-15,0.296,,,,,,,,,,
NTLA,Intellia Therapeutics,Biotech,gene-editing,NASDAQ,10.89,+0.93%,-5.06%,-34.44%,+18.24%,-15%,1.522,1.77,,6.28,4851232,17344532,92429032,,41.3,buy,2.3,0.93,100.93,0.93,1009.3,9.3,10093.0,93.0,-5.06,94.94,-5.06,949.4,-50.6,9494.0,-506.0,-34.44,65.56,-34.44,655.6,-344.4,6556.0,-3444.0,18.24,118.24,18.24,1182.4,182.4,11824.0,1824.0,-15.0,85.0,-15.0,850.0,-150.0,8500.0,-1500.0,3 Promising Genomics Stocks to Add to Your Portfolio in 2026,Zacks,2026-07-20,0.402,Intellia Therapeutics (NTLA) Could Be 37% Undervalued After Phase 3 Lonvo Z Success,Simply Wall St.,2026-07-09,0.572,"NTLA Surges 38% in a Month: Should You Buy, Sell or Hold the Stock?",Zacks,2026-07-09,0.0,,,,,,,,,,
EDIT,Editas Medicine,Biotech,gene-editing,NASDAQ,2.62,-3.88%,-9.34%,-18.13%,+27.80%,+3%*,0.401,2.1,,2.5,1461739,6390939,44963039,,14.49,none,,-3.88,96.12,-3.88,961.2,-38.8,9612.0,-388.0,-9.34,90.66,-9.34,906.6,-93.4,9066.0,-934.0,-18.13,81.87,-18.13,818.7,-181.3,8187.0,-1813.0,27.8,127.8,27.8,1278.0,278.0,12780.0,2780.0,3.0,103.0,3.0,1030.0,30.0,10300.0,300.0,Why Is Editas (EDIT) Down 12.4% Since Last Earnings Report?,Zacks,2026-06-04,0.0,CRISPR Therapeutics vs. Editas Medicine: Which Gene Editing Stock Is a Better Buy in 2026?,Motley Fool,2026-05-31,0.44,"Some Analysts Just Cut Their Editas Medicine, Inc. (NASDAQ:EDIT) Estimates",Simply Wall St.,2026-05-11,-0.273,,,,,,,,,,
ILMN,Illumina,Biotech,genomics,NASDAQ,192.98,+3.57%,+0.23%,+6.56%,+43.64%,+74%,29.198,1.469,35.15,1.88,2112646,7924246,36643446,,9.46,buy,2.35,3.57,103.57,3.57,1035.7,35.7,10357.0,357.0,0.23,100.23,0.23,1002.3,2.3,10023.0,23.0,6.56,106.56,6.56,1065.6,65.6,10656.0,656.0,43.64,143.64,43.64,1436.4,436.4,14364.0,4364.0,74.0,174.0,74.0,1740.0,740.0,17400.0,7400.0,Standard BioTools Sells Mass Cytometry Business Amid Pending Merger With Treeline Biosciences,MT Newswires,2026-07-28,0.0,What Are You Really Paying For Inside IJH?,Trefis,2026-07-24,0.0,EXEL vs. ILMN: Which Stock Is the Better Value Option?,Zacks,2026-07-24,0.649,1,buy,0.75,"ILMN leads with +44.47% YTD and +9.25% in one month, supported by positive news sentiment (0.075) and a P/E of 35.35, reflecting strong growth momentum in genomics.",+44.47% YTD; +9.25% 1M; P/E 35.35; positive sentiment 0.075,,,,,
PACB,Pacific Biosciences,Biotech,genomics,NASDAQ,1.39,+3.38%,-0.71%,-19.65%,-24.46%,-12%*,0.432,2.289,,6.25,7897096,37300496,128801896,,17.11,buy,2.0,3.38,103.38,3.38,1033.8,33.8,10338.0,338.0,-0.71,99.29,-0.71,992.9,-7.1,9929.0,-71.0,-19.65,80.35,-19.65,803.5,-196.5,8035.0,-1965.0,-24.46,75.54,-24.46,755.4,-244.6,7554.0,-2446.0,-12.0,88.0,-12.0,880.0,-120.0,8800.0,-1200.0,Here's Why Pacific Biosciences of California (PACB) Fell More Than Broader Market,Zacks,2026-07-20,0.0,1 Small-Cap Stock Worth Investigating and 2 That Underwhelm,StockStory,2026-07-17,0.226,Pacific Biosciences of California (PACB) Dips More Than Broader Market: What You Should Know,Zacks,2026-07-13,0.0,,,,,,,,,,
NTRA,Natera,Biotech,genomics,NASDAQ,252.22,-1.09%,-5.60%,-7.38%,+10.22%,+90%,36.121,1.505,,1.52,1001848,4084448,24962048,,3.57,strong_buy,1.5,-1.09,98.91,-1.09,989.1,-10.9,9891.0,-109.0,-5.6,94.4,-5.6,944.0,-56.0,9440.0,-560.0,-7.38,92.62,-7.38,926.2,-73.8,9262.0,-738.0,10.22,110.22,10.22,1102.2,102.2,11022.0,1022.0,90.0,190.0,90.0,1900.0,900.0,19000.0,9000.0,1 Unpopular Stock That Deserves Some Love and 2 We Question,StockStory,2026-07-27,0.637,3 Reasons We’re Fans of Natera (NTRA),StockStory,2026-07-24,0.0,3 Market-Beating Stocks Worth Your Attention,StockStory,2026-07-22,0.226,,,,,,,,,,
RXRX,Recursion Pharmaceuticals,Biotech,genomics,NASDAQ,3.05,+0.67%,-0.97%,-17.34%,-27.38%,-49%*,1.619,0.995,,20.61,24180430,96476430,508449830,,36.1,none,,0.67,100.67,0.67,1006.7,6.7,10067.0,67.0,-0.97,99.03,-0.97,990.3,-9.7,9903.0,-97.0,-17.34,82.66,-17.34,826.6,-173.4,8266.0,-1734.0,-27.38,72.62,-27.38,726.2,-273.8,7262.0,-2738.0,-49.0,51.0,-49.0,510.0,-490.0,5100.0,-4900.0,Recursion Pharmaceuticals (RXRX) Exceeds Market Returns: Some Facts to Consider,Zacks,2026-07-27,0.0,Recursion Pharmaceuticals (RXRX) Falls More Steeply Than Broader Market: What Investors Need to Know,Zacks,2026-07-20,0.0,Why Recursion Pharmaceuticals (RXRX) Outpaced the Stock Market Today,Zacks,2026-07-14,0.0,,,,,,,,,,
INCY,Incyte,Biotech,oncology,NASDAQ,129.93,+9.65%,+10.68%,+13.32%,+28.11%,+54%,25.957,0.758,18.35,1.74,5838894,11729394,38363094,,9.06,buy,2.31,9.65,109.65,9.65,1096.5,96.5,10965.0,965.0,10.68,110.68,10.68,1106.8,106.8,11068.0,1068.0,13.32,113.32,13.32,1133.2,133.2,11332.0,1332.0,28.11,128.11,28.11,1281.1,281.1,12811.0,2811.0,54.0,154.0,54.0,1540.0,540.0,15400.0,5400.0,Incyte Corp (INCY) Q2 2026 Earnings Call Highlights: Robust Revenue Growth and Strategic ...,GuruFocus.com,2026-07-28,0.612,"INCY Q2 Earnings & Revenues Beat on Higher Sales, '26 View Raised",Zacks,2026-07-28,0.0,Incyte Q2 Earnings Call Highlights,MarketBeat,2026-07-28,0.0,4,buy,0.65,"INCY shows strong performance with +68% 1-year return, +16.02% YTD, and +9.43% 1M, with a reasonable P/E of 16.62, though high short interest (9.06%) adds risk.",+68% 1Y; +16.02% YTD; +9.43% 1M; P/E 16.62,,,,,
EXEL,Exelixis,Biotech,oncology,NASDAQ,56.51,+1.71%,+0.69%,+4.11%,+29.67%,+51%,14.204,0.424,18.71,2.67,2476151,9946951,48661751,,16.72,buy,2.26,1.71,101.71,1.71,1017.1,17.1,10171.0,171.0,0.69,100.69,0.69,1006.9,6.9,10069.0,69.0,4.11,104.11,4.11,1041.1,41.1,10411.0,411.0,29.67,129.67,29.67,1296.7,296.7,12967.0,2967.0,51.0,151.0,51.0,1510.0,510.0,15100.0,5100.0,These 3 Healthcare Stocks Have Crushed the Market This Year. Here's Why There's More Upside Ahead,Motley Fool,2026-07-24,-0.421,EXEL vs. ILMN: Which Stock Is the Better Value Option?,Zacks,2026-07-24,0.649,Alkermes (ALKS) Expected to Beat Earnings Estimates: Can the Stock Move Higher?,Zacks,2026-07-21,0.0,5,buy,0.6,"EXEL has strong YTD momentum (+27.05%) and a low P/E of 18.33, with low beta (0.424) and positive news sentiment (0.046), though high short interest (16.72%) is a concern.",+27.05% YTD; P/E 18.33; beta 0.424; sentiment 0.046,,,,,
ALNY,Alnylam Pharmaceuticals,Biotech,oncology,NASDAQ,288.41,+3.60%,+5.77%,-1.74%,-27.93%,-16%,38.506,0.269,72.46,1.29,1371549,5750649,31100249,,5.77,buy,1.78,3.6,103.6,3.6,1036.0,36.0,10360.0,360.0,5.77,105.77,5.77,1057.7,57.7,10577.0,577.0,-1.74,98.26,-1.74,982.6,-17.4,9826.0,-174.0,-27.93,72.07,-27.93,720.7,-279.3,7207.0,-2793.0,-16.0,84.0,-16.0,840.0,-160.0,8400.0,-1600.0,Unlocking Q2 Potential of Alnylam (ALNY): Exploring Wall Street Estimates for Key Metrics,Zacks,2026-07-28,0.0,Why Alnylam’s Best Quarter Ever Didn’t Come With a Richer Valuation,Insider Monkey,2026-07-28,0.823,CRISPR Therapeutics AG (CRSP) Expected to Beat Earnings Estimates: Can the Stock Move Higher?,Zacks,2026-07-27,0.0,,,,,,,,,,
RCUS,Arcus Biosciences,Biotech,oncology,NYSE,27.05,-1.28%,-8.24%,-12.97%,+16.14%,+190%*,3.402,0.799,,1.23,1402897,6155097,23084397,,16.43,strong_buy,1.46,-1.28,98.72,-1.28,987.2,-12.8,9872.0,-128.0,-8.24,91.76,-8.24,917.6,-82.4,9176.0,-824.0,-12.97,87.03,-12.97,870.3,-129.7,8703.0,-1297.0,16.14,116.14,16.14,1161.4,161.4,11614.0,1614.0,190.0,290.0,190.0,2900.0,1900.0,29000.0,19000.0,"SMMT's Q2 Loss Wider Than Expected, Ivonescimab Development in Focus",Zacks,2026-07-24,-0.318,Summit Therapeutics Inc (SMMT) Q2 2026 Earnings Call Highlights: Strong Cash Position and ...,GuruFocus.com,2026-07-24,0.511,SMMT Shares Updated Ivonescimab Survival Data From NSCLC Study,Zacks,2026-07-23,0.296,,,,,,,,,,
MRNA,Moderna,Biotech,mrna,NASDAQ,55.81,-0.06%,-6.46%,-19.94%,+80.83%,+70%,22.143,0.942,,7.78,5552536,23494536,150132136,,16.15,hold,2.91,-0.06,99.94,-0.06,999.4,-0.6,9994.0,-6.0,-6.46,93.54,-6.46,935.4,-64.6,9354.0,-646.0,-19.94,80.06,-19.94,800.6,-199.4,8006.0,-1994.0,80.83,180.83,80.83,1808.3,808.3,18083.0,8083.0,70.0,170.0,70.0,1700.0,700.0,17000.0,7000.0,2 Major Reasons to Buy Moderna Stock Before July 31,24/7 Wall St.,2026-07-28,0.0,Q1 Earnings Highlights: Moderna (NASDAQ:MRNA) Vs The Rest Of The Therapeutics Stocks,StockStory,2026-07-28,0.0,Moderna (MRNA) Laps the Stock Market: Here's Why,Zacks,2026-07-27,0.0,,,,,,,,,,
BNTX,BioNTech,Biotech,mrna,NASDAQ,92.45,+2.67%,+0.13%,-1.92%,-4.39%,-18%,23.38,1.324,,0.92,652726,3272926,15983526,,3.32,buy,1.55,2.67,102.67,2.67,1026.7,26.7,10267.0,267.0,0.13,100.13,0.13,1001.3,1.3,10013.0,13.0,-1.92,98.08,-1.92,980.8,-19.2,9808.0,-192.0,-4.39,95.61,-4.39,956.1,-43.9,9561.0,-439.0,-18.0,82.0,-18.0,820.0,-180.0,8200.0,-1800.0,2 Major Reasons to Buy Moderna Stock Before July 31,24/7 Wall St.,2026-07-28,0.0,European Equities Traded in the US as American Depositary Receipts Rise in Friday Trading,MT Newswires,2026-07-24,0.0,Is BioNTech (BNTX) Undervalued As It Exits German Manufacturing Sites?,Simply Wall St.,2026-07-10,0.0,,,,,,,,,,
NVAX,Novavax,Biotech,mrna,NASDAQ,7.37,-2.31%,-8.79%,-21.26%,+3.37%,+7%*,1.212,2.427,,4.85,2823780,14345280,71290580,,26.82,buy,2.33,-2.31,97.69,-2.31,976.9,-23.1,9769.0,-231.0,-8.79,91.21,-8.79,912.1,-87.9,9121.0,-879.0,-21.26,78.74,-21.26,787.4,-212.6,7874.0,-2126.0,3.37,103.37,3.37,1033.7,33.7,10337.0,337.0,7.0,107.0,7.0,1070.0,70.0,10700.0,700.0,"Novavax, Inc. (NVAX) is Attracting Investor Attention: Here is What You Should Know",Zacks,2026-07-22,0.477,1 of Wall Street’s Favorite Stocks to Keep an Eye On and 2 That Underwhelm,StockStory,2026-07-21,0.459,Novavax (NVAX) Registers a Bigger Fall Than the Market: Important Facts to Note,Zacks,2026-07-20,0.202,,,,,,,,,,
BMRN,BioMarin Pharmaceutical,Biotech,rare-disease,NASDAQ,62.07,+2.60%,+4.83%,+7.63%,+4.41%,+4%,11.998,0.239,44.65,2.09,1901890,9398390,32908990,,7.43,buy,1.72,2.6,102.6,2.6,1026.0,26.0,10260.0,260.0,4.83,104.83,4.83,1048.3,48.3,10483.0,483.0,7.63,107.63,7.63,1076.3,76.3,10763.0,763.0,4.41,104.41,4.41,1044.1,44.1,10441.0,441.0,4.0,104.0,4.0,1040.0,40.0,10400.0,400.0,Acadia Pharmaceuticals (ACAD) Expected to Beat Earnings Estimates: Should You Buy?,Zacks,2026-07-28,0.0,BioMarin and n-Lorem partner on early research for ReNU syndrome therapy,Pharmaceutical Technology,2026-07-28,0.0,Analysts Estimate BioMarin Pharmaceutical (BMRN) to Report a Decline in Earnings: What to Look Out for,Zacks,2026-07-27,0.0,10,buy,0.5,"BMRN has a strong buy consensus (score 1.72) and positive news sentiment (0.195), with a modest +3.45% 1M move, but a high P/E of 42.68 and nearly flat YTD (-0.20%) limit upside.",analyst score 1.72; sentiment 0.195; P/E 42.68; YTD -0.20%,,,,,
SRPT,Sarepta Therapeutics,Biotech,rare-disease,NASDAQ,15.43,-3.56%,-4.81%,-9.34%,-27.59%,+0%,1.628,0.202,44.09,3.34,3412843,14166743,68007143,,32.35,hold,2.74,-3.56,96.44,-3.56,964.4,-35.6,9644.0,-356.0,-4.81,95.19,-4.81,951.9,-48.1,9519.0,-481.0,-9.34,90.66,-9.34,906.6,-93.4,9066.0,-934.0,-27.59,72.41,-27.59,724.1,-275.9,7241.0,-2759.0,0.0,100.0,0.0,1000.0,0.0,10000.0,0.0,Leadership changes afoot at two CGT biotechs,Pharmaceutical Technology,2026-07-28,0.0,"Morgan Stanley Views Sarepta CEO Transition As A ‘Positive’ – So, Why Is It Cautious On SRPT Stock In The Near Term?",Stocktwits,2026-07-27,-0.103,"Sarepta, in search of a turnaround, taps ex-AbbVie exec Severino as CEO",BioPharma Dive,2026-07-27,0.0,,,,,,,,,,
COAG,Hemab Therapeutics,Biotech,rare-disease,NASDAQ,47.26,-6.21%,-2.11%,+28.67%,+39.00%,+48%,2.207,,,0.36,430559,2373559,7848959,,,strong_buy,1.0,-6.21,93.79,-6.21,937.9,-62.1,9379.0,-621.0,-2.11,97.89,-2.11,978.9,-21.1,9789.0,-211.0,28.67,128.67,28.67,1286.7,286.7,12867.0,2867.0,39.0,139.0,39.0,1390.0,390.0,13900.0,3900.0,48.0,148.0,48.0,1480.0,480.0,14800.0,4800.0,Biotech IPO Gains Crush AI Listings With Standout 55% Return,Bloomberg,2026-07-21,0.202,Sector Update: Healthcare Stocks Advance Late Afternoon,MT Newswires,2026-07-13,0.0,"Hemab Therapeutics Details Post-IPO Pipeline Push, Sutacimig Phase III Plans",MarketBeat,2026-06-09,0.0,3,strong_buy,0.6,"COAG has explosive momentum with +39.15% YTD and +70.67% in the last month, with a rare strong_buy analyst consensus (score 1.0), though it lacks earnings and beta data.",+39.15% YTD; +70.67% 1M; strong_buy consensus; analyst score 1.0,,,,,
NVO,Novo Nordisk,Biotech,metabolic,NYSE,50.96,+2.58%,+3.20%,+5.42%,+0.84%,-8%,225.34,0.36,12.22,12.93,9496495,43566195,187035995,363.0,0.98,buy,2.43,2.58,102.58,2.58,1025.8,25.8,10258.0,258.0,3.2,103.2,3.2,1032.0,32.0,10320.0,320.0,5.42,105.42,5.42,1054.2,54.2,10542.0,542.0,0.84,100.84,0.84,1008.4,8.4,10084.0,84.0,-8.0,92.0,-8.0,920.0,-80.0,9200.0,-800.0,Where Will Novo Nordisk Stock Be in 3 Years?,Motley Fool,2026-07-28,0.0,Jim Cramer Wants Novo Nordisk A/S (NYSE:NVO) To Compete With Eli Lilly In The Market & Not The Courts,Insider Monkey,2026-07-25,0.0,Sector Update: Healthcare Stocks Higher Late Afternoon,MT Newswires,2026-07-24,0.0,,,,,,,,,,
LLY,Eli Lilly,Biotech,metabolic,NYSE,1220.66,+2.01%,+3.85%,-0.75%,+13.37%,+57%,1088.513,0.506,43.38,3.16,2374056,9415856,52382756,58.0,1.15,buy,1.71,2.01,102.01,2.01,1020.1,20.1,10201.0,201.0,3.85,103.85,3.85,1038.5,38.5,10385.0,385.0,-0.75,99.25,-0.75,992.5,-7.5,9925.0,-75.0,13.37,113.37,13.37,1133.7,133.7,11337.0,1337.0,57.0,157.0,57.0,1570.0,570.0,15700.0,5700.0,What Johnson & Johnson Stock Told You Before It Surged,Trefis,2026-07-28,0.0,Does Eli Lilly Stock Actually Diversify Your Portfolio?,Trefis,2026-07-28,0.0,"INCY Q2 Earnings & Revenues Beat on Higher Sales, '26 View Raised",Zacks,2026-07-28,0.0,6,buy,0.7,"LLY boasts a +48% 1-year return and +11.08% YTD, with a strong buy consensus (an_score 1.76) and low short interest (1.15%), despite a high P/E of 42.55.",+48% 1Y; +11.08% YTD; analyst score 1.76; short interest 1.15%,,,,,
LEGN,Legend Biotech,Biotech,neuroscience,NASDAQ,19.04,-0.31%,-19.12%,-35.22%,-11.48%,-53%,3.684,0.341,,2.75,3680356,17934456,49416056,,17.34,buy,1.87,-0.31,99.69,-0.31,996.9,-3.1,9969.0,-31.0,-19.12,80.88,-19.12,808.8,-191.2,8088.0,-1912.0,-35.22,64.78,-35.22,647.8,-352.2,6478.0,-3522.0,-11.48,88.52,-11.48,885.2,-114.8,8852.0,-1148.0,-53.0,47.0,-53.0,470.0,-530.0,4700.0,-5300.0,Leadership changes afoot at two CGT biotechs,Pharmaceutical Technology,2026-07-28,0.0,LEGN Stock Plunges 15% After Sudden CEO Exit — But Analyst Reiterates Optimism In Company’s Under-Development Lymphoma Asset,Stocktwits,2026-07-27,0.84,🔎 Under the Radar: Legend Stock Tumbles After CEO Departs,The Wall Street Journal,2026-07-27,0.0,,,,,,,,,,
IONS,Ionis Pharmaceuticals,Biotech,neuroscience,NASDAQ,55.3,-1.14%,+3.58%,-31.47%,-30.59%,+35%,9.139,0.365,,2.75,2522382,20768782,93360382,,16.09,buy,1.68,-1.14,98.86,-1.14,988.6,-11.4,9886.0,-114.0,3.58,103.58,3.58,1035.8,35.8,10358.0,358.0,-31.47,68.53,-31.47,685.3,-314.7,6853.0,-3147.0,-30.59,69.41,-30.59,694.1,-305.9,6941.0,-3059.0,35.0,135.0,35.0,1350.0,350.0,13500.0,3500.0,How Eplontersen’s Phase 3 Setback And Scrutiny At Ionis Pharmaceuticals (IONS) Has Changed Its Investment Story,Simply Wall St.,2026-07-24,0.0,"Ionis Pharmaceuticals (IONS) Misses A Key Trial Endpoint, Is The Valuation Now Too Harsh?",Simply Wall St.,2026-07-23,-0.586,The 'Best-Case Scenario' That Shot Arrowhead Stock Sky-High,Investor's Business Daily,2026-07-23,0.0,,,,,,,,,,
BTC,Bitcoin,Crypto,bitcoin,Crypto,63919.994837,-1.33%,-3.61%,+7.14%,-26.97%,-27%,1282.396,,,23886.14,25830118462,167203000920,789499211581,,,,,-1.33,98.67,-1.33,986.7,-13.3,9867.0,-133.0,-3.61,96.39,-3.61,963.9,-36.1,9639.0,-361.0,7.14,107.14,7.14,1071.4,71.4,10714.0,714.0,-26.97,73.03,-26.97,730.3,-269.7,7303.0,-2697.0,-27.0,73.0,-27.0,730.0,-270.0,7300.0,-2700.0,"Bitcoin and ethereum prices today, Tuesday, July 28, 2026: Crypto prices slide ahead of Fed meeting",Yahoo Personal Finance,2026-07-28,0.0,Wall Street legend's firm buys 500 acres of land in Texas amid protests,TheStreet,2026-07-28,-0.226,Core Scientific Inc (CORZ) Q2 2026 Earnings Call Highlights: Strategic Partnerships and Robust ...,GuruFocus.com,2026-07-28,0.34,8,buy,0.72,"Steady +8.68% 1-month and +2.13% weekly gains with positive news sentiment 0.051, serving as the reference asset with $1.3T market cap and safe-haven bid.",+8.68% 1M; reference asset; safe-haven bid; positive sentiment,,,,,
ETH,Ethereum,Crypto,layer1,Crypto,1919.908589,-1.07%,-0.26%,+22.26%,-35.29%,-35%,231.7,,,8881.2,11880592085,62168407860,292539814002,,,,,-1.07,98.93,-1.07,989.3,-10.7,9893.0,-107.0,-0.26,99.74,-0.26,997.4,-2.6,9974.0,-26.0,22.26,122.26,22.26,1222.6,222.6,12226.0,2226.0,-35.29,64.71,-35.29,647.1,-352.9,6471.0,-3529.0,-35.0,65.0,-35.0,650.0,-350.0,6500.0,-3500.0,Ethereum and solana are getting busier — and cheaper. What's going on?,Yahoo Finance Video,2026-07-28,0.0,"Bitcoin and ethereum prices today, Tuesday, July 28, 2026: Crypto prices slide ahead of Fed meeting",Yahoo Personal Finance,2026-07-28,0.0,Robinhood Chain’s Trading Volumes Slump As Memecoin Interest Fades,CryptoProwl,2026-07-28,0.459,3,strong_buy,0.78,"Impressive +24.41% 1-month rally with positive news sentiment 0.037 and analyst calls suggesting a bottom, supported by $237B market cap stability and ETF flow catalysts.",+24.41% 1M; +4.65% 1D; positive news sentiment; ETF flow catalyst,,,,,
SOL,Solana,Crypto,layer1,Crypto,74.068539,-2.00%,-5.06%,+4.44%,-40.52%,-41%,43.189,,,1437.28,1747866798,10060980794,58858848231,,,,,-2.0,98.0,-2.0,980.0,-20.0,9800.0,-200.0,-5.06,94.94,-5.06,949.4,-50.6,9494.0,-506.0,4.44,104.44,4.44,1044.4,44.4,10444.0,444.0,-40.52,59.48,-40.52,594.8,-405.2,5948.0,-4052.0,-41.0,59.0,-41.0,590.0,-410.0,5900.0,-4100.0,Ethereum and solana are getting busier — and cheaper. What's going on?,Yahoo Finance Video,2026-07-28,0.0,Morgan Stanley launches cheapest Ether and Solana ETFs at 14 basis points,CoinDesk,2026-07-28,0.0,Morgan Stanley Expands Crypto Push With Ethereum and Solana ETPs,decrypt,2026-07-28,0.103,,,,,,,,,,
BNB,BNB,Crypto,layer1,Crypto,570.829425,-0.38%,-0.41%,+3.70%,-33.87%,-34%,76.015,,,483.61,492801584,3385285578,17114368056,,,,,-0.38,99.62,-0.38,996.2,-3.8,9962.0,-38.0,-0.41,99.59,-0.41,995.9,-4.1,9959.0,-41.0,3.7,103.7,3.7,1037.0,37.0,10370.0,370.0,-33.87,66.13,-33.87,661.3,-338.7,6613.0,-3387.0,-34.0,66.0,-34.0,660.0,-340.0,6600.0,-3400.0,1inch's Shared Liquidity Layer Aqua Goes Live,decrypt,2026-07-28,0.34,"Top Cryptocurrencies Mixed; Bitcoin Holds Above $64,000",MT Newswires,2026-07-27,0.202,"Top Cryptocurrencies Fall; Bitcoin Holds Above $64,000",MT Newswires,2026-07-24,0.202,,,,,,,,,,
ADA,Cardano,Crypto,layer1,Crypto,0.159943,+0.90%,-7.79%,+11.90%,-51.92%,-52%,5.836,,,231.05,266299415,1617383474,9295180701,,,,,0.9,100.9,0.9,1009.0,9.0,10090.0,90.0,-7.79,92.21,-7.79,922.1,-77.9,9221.0,-779.0,11.9,111.9,11.9,1119.0,119.0,11190.0,1190.0,-51.92,48.08,-51.92,480.8,-519.2,4808.0,-5192.0,-52.0,48.0,-52.0,480.0,-520.0,4800.0,-5200.0,Cardano’s Hoskinson Says ‘Best Days Are Ahead’: ADA Price Down 95% From Top,BeInCrypto,2026-07-28,0.202,"Top Cryptocurrencies Mixed; Bitcoin Holds Above $64,000",MT Newswires,2026-07-27,0.202,Expert Predicts Fed Decision Could Bail Out Beaten Cardano Price,99bitcoins,2026-07-27,-0.421,7,buy,0.65,"Solid +12.77% 1-month rally with positive news sentiment 0.078 and founder commentary on governance, supported by $6B market cap for relative stability.",+12.77% 1M; news sentiment 0.078; governance narrative; mid-cap stability,,,,,
AVAX,Avalanche,Crypto,layer1,Crypto,6.607769,+0.43%,+0.67%,+3.71%,-46.31%,-46%,2.853,,,165.05,164776851,1155338752,4969979456,,,,,0.43,100.43,0.43,1004.3,4.3,10043.0,43.0,0.67,100.67,0.67,1006.7,6.7,10067.0,67.0,3.71,103.71,3.71,1037.1,37.1,10371.0,371.0,-46.31,53.69,-46.31,536.9,-463.1,5369.0,-4631.0,-46.0,54.0,-46.0,540.0,-460.0,5400.0,-4600.0,Ethereum and solana are getting busier — and cheaper. What's going on?,Yahoo Finance Video,2026-07-28,0.0,Aptos climbs to the top 4 blockchains in transaction count,TheStreet,2026-07-24,0.202,,,,,,,,,,,,,,
XRP,XRP,Crypto,payments,Crypto,1.064274,-2.17%,-7.19%,+1.98%,-42.14%,-42%,66.553,,,966.89,1157674972,6768261090,35024531082,,,,,-2.17,97.83,-2.17,978.3,-21.7,9783.0,-217.0,-7.19,92.81,-7.19,928.1,-71.9,9281.0,-719.0,1.98,101.98,1.98,1019.8,19.8,10198.0,198.0,-42.14,57.86,-42.14,578.6,-421.4,5786.0,-4214.0,-42.0,58.0,-42.0,580.0,-420.0,5800.0,-4200.0,XRP Price Slides as Senate Drops Clarity Act and Fed Decision Looms,decrypt,2026-07-28,0.273,"If You’d Bought Every 20% XRP Dip Since 2024, Here’s What You’d Have Today",24/7 Wall St.,2026-07-28,0.0,"We Asked Three AI Models If $1,000 in XRP Is Worth Holding till 2030",24/7 Wall St.,2026-07-28,0.226,,,,,,,,,,
XLM,Stellar,Crypto,payments,Crypto,0.174089,-1.08%,-9.73%,+1.64%,-13.23%,-13%,5.958,,,131.51,161786291,920601727,7073892417,,,,,-1.08,98.92,-1.08,989.2,-10.8,9892.0,-108.0,-9.73,90.27,-9.73,902.7,-97.3,9027.0,-973.0,1.64,101.64,1.64,1016.4,16.4,10164.0,164.0,-13.23,86.77,-13.23,867.7,-132.3,8677.0,-1323.0,-13.0,87.0,-13.0,870.0,-130.0,8700.0,-1300.0,,,,,,,,,,,,,,,,,,,,,,
TRX,TRON,Crypto,payments,Crypto,0.324354,-0.94%,-1.53%,+0.49%,+14.07%,+14%,30.776,,,333.11,401529204,2331787986,11465248218,,,,,-0.94,99.06,-0.94,990.6,-9.4,9906.0,-94.0,-1.53,98.47,-1.53,984.7,-15.3,9847.0,-153.0,0.49,100.49,0.49,1004.9,4.9,10049.0,49.0,14.07,114.07,14.07,1140.7,140.7,11407.0,1407.0,14.0,114.0,14.0,1140.0,140.0,11400.0,1400.0,Tron TRX Ends 16% Slide With Two Bullish Signals,BeInCrypto,2026-07-26,0.0,Crypto Payments Firm Triple-A Hit by $9.7 Million Wallet Drain,BeInCrypto,2026-07-25,0.0,Aptos climbs to the top 4 blockchains in transaction count,TheStreet,2026-07-24,0.202,,,,,,,,,,
SUI,Sui,Crypto,emerging,Crypto,0.692943,-0.99%,-9.86%,+1.92%,-50.59%,-51%,2.808,,,180.36,212242823,1262549343,6182401740,,,,,-0.99,99.01,-0.99,990.1,-9.9,9901.0,-99.0,-9.86,90.14,-9.86,901.4,-98.6,9014.0,-986.0,1.92,101.92,1.92,1019.2,19.2,10192.0,192.0,-50.59,49.41,-50.59,494.1,-505.9,4941.0,-5059.0,-51.0,49.0,-51.0,490.0,-510.0,4900.0,-5100.0,3 Token Unlocks to Watch in This Week,BeInCrypto,2026-07-27,0.0,Aptos climbs to the top 4 blockchains in transaction count,TheStreet,2026-07-24,0.202,Abu Dhabi's Mubadala Capital brings tokenized private fund to Solana,TheStreet,2026-07-23,0.0,,,,,,,,,,
HBAR,Hedera,Crypto,emerging,Crypto,0.068297,-0.60%,-2.07%,-3.71%,-35.68%,-36%,2.991,,,53.21,40205800,372489287,1690761625,,,,,-0.6,99.4,-0.6,994.0,-6.0,9940.0,-60.0,-2.07,97.93,-2.07,979.3,-20.7,9793.0,-207.0,-3.71,96.29,-3.71,962.9,-37.1,9629.0,-371.0,-35.68,64.32,-35.68,643.2,-356.8,6432.0,-3568.0,-36.0,64.0,-36.0,640.0,-360.0,6400.0,-3600.0,XRP vs XLM vs HBAR: Which Payment Crypto Are Institutions Actually Using?,24/7 Wall St.,2026-07-27,0.0,,,,,,,,,,,,,,,,,,
ALGO,Algorand,Crypto,emerging,Crypto,0.079587,-2.73%,-5.88%,-8.70%,-27.77%,-28%,0.714,,,20.06,18964382,140442205,656675400,,,,,-2.73,97.27,-2.73,972.7,-27.3,9727.0,-273.0,-5.88,94.12,-5.88,941.2,-58.8,9412.0,-588.0,-8.7,91.3,-8.7,913.0,-87.0,9130.0,-870.0,-27.77,72.23,-27.77,722.3,-277.7,7223.0,-2777.0,-28.0,72.0,-28.0,720.0,-280.0,7200.0,-2800.0,,,,,,,,,,,,,,,,,,,,,,
MINA,Mina,Crypto,emerging,Crypto,0.043172,-2.49%,-7.64%,+13.09%,-42.85%,-43%,0.056,,,3.76,2622212,26336300,147573003,,,,,-2.49,97.51,-2.49,975.1,-24.9,9751.0,-249.0,-7.64,92.36,-7.64,923.6,-76.4,9236.0,-764.0,13.09,113.09,13.09,1130.9,130.9,11309.0,1309.0,-42.85,57.15,-42.85,571.5,-428.5,5715.0,-4285.0,-43.0,57.0,-43.0,570.0,-430.0,5700.0,-4300.0,,,,,,,,,,,,,6,buy,0.68,"Strong +13.03% 1-month gain with positive weekly and daily momentum, tiny $0.057B market cap provides high beta exposure to emerging L1 narrative.",+13.03% 1M; tiny market cap; emerging L1 narrative; high beta,,,,,
POL,Polygon (MATIC),Crypto,infra,Crypto,0.07259,-3.18%,-9.33%,+2.48%,-27.73%,-28%,0.776,,,27.18,30160566,190261955,989448226,,,,,-3.18,96.82,-3.18,968.2,-31.8,9682.0,-318.0,-9.33,90.67,-9.33,906.7,-93.3,9067.0,-933.0,2.48,102.48,2.48,1024.8,24.8,10248.0,248.0,-27.73,72.27,-27.73,722.7,-277.3,7227.0,-2773.0,-28.0,72.0,-28.0,720.0,-280.0,7200.0,-2800.0,,,,,,,,,,,,,9,buy,0.62,"Decent +8.18% 1-month gain with +1.51% daily momentum, infra category exposure, and low $0.83B market cap offering recovery potential from -22.65% YTD.",+8.18% 1M; infra category; low market cap; recovery potential,,,,,
DOT,Polkadot,Crypto,infra,Crypto,0.765588,-3.26%,-10.33%,-5.07%,-57.23%,-57%,1.298,,,73.86,90443094,517053135,2503619455,,,,,-3.26,96.74,-3.26,967.4,-32.6,9674.0,-326.0,-10.33,89.67,-10.33,896.7,-103.3,8967.0,-1033.0,-5.07,94.93,-5.07,949.3,-50.7,9493.0,-507.0,-57.23,42.77,-57.23,427.7,-572.3,4277.0,-5723.0,-57.0,43.0,-57.0,430.0,-570.0,4300.0,-5700.0,,,,,,,,,,,,,,,,,,,,,,
LINK,Chainlink,Crypto,infra,Crypto,8.383392,-2.40%,-2.84%,+16.21%,-31.25%,-31%,6.272,,,175.02,226742519,1225159147,5417908154,,,,,-2.4,97.6,-2.4,976.0,-24.0,9760.0,-240.0,-2.84,97.16,-2.84,971.6,-28.4,9716.0,-284.0,16.21,116.21,16.21,1162.1,162.1,11621.0,1621.0,-31.25,68.75,-31.25,687.5,-312.5,6875.0,-3125.0,-31.0,69.0,-31.0,690.0,-310.0,6900.0,-3100.0,WEMIX and Garden Hacks Add to Record 2026 Crypto Breaches,BeInCrypto,2026-07-27,0.0,Chainlink News: United Stable Boosts LINK with $1 Billion Supply / Dashlink,Coinspeaker,2026-07-22,0.743,,,,,4,strong_buy,0.76,"Strong momentum with +19.98% 1-month and +5.72% weekly gains, very high news sentiment 0.73, and a $1B supply boost catalyst from United Stable.",+19.98% 1M; news sentiment 0.73; $1B supply boost; oracle network demand,,,,,
DOGE,Dogecoin,Crypto,meme,Crypto,0.070777,-1.47%,-3.58%,-3.08%,-39.65%,-40%,10.989,,,556.38,495102009,3894658964,15896354061,,,,,-1.47,98.53,-1.47,985.3,-14.7,9853.0,-147.0,-3.58,96.42,-3.58,964.2,-35.8,9642.0,-358.0,-3.08,96.92,-3.08,969.2,-30.8,9692.0,-308.0,-39.65,60.35,-39.65,603.5,-396.5,6035.0,-3965.0,-40.0,60.0,-40.0,600.0,-400.0,6000.0,-4000.0,Robinhood Chain’s Trading Volumes Slump As Memecoin Interest Fades,CryptoProwl,2026-07-28,0.459,Trader Turns $50K Into Nearly $1M on Robinhood Chain's Top Memecoin: Arkham,CCN,2026-07-28,0.202,Dogecoin Ready to Soar 150%? Crypto Analyst Says a Breakout Above This 'Major Resistance' Can 'Clear the Way',Benzinga,2026-07-28,0.656,,,,,,,,,,
PEPE,Pepe,Crypto,meme,Crypto,3e-06,-3.07%,-2.41%,+19.15%,-30.22%,-30%,1.165,,,164.04,221833127,1148253101,4606521525,,,,,-3.07,96.93,-3.07,969.3,-30.7,9693.0,-307.0,-2.41,97.59,-2.41,975.9,-24.1,9759.0,-241.0,19.15,119.15,19.15,1191.5,191.5,11915.0,1915.0,-30.22,69.78,-30.22,697.8,-302.2,6978.0,-3022.0,-30.0,70.0,-30.0,700.0,-300.0,7000.0,-3000.0,Trader Turns $50K Into Nearly $1M on Robinhood Chain's Top Memecoin: Arkham,CCN,2026-07-28,0.202,,,,,,,,,2,strong_buy,0.8,"Strong short-term momentum with +25.83% 1-month and +7.39% weekly gains, benefiting from meme coin social sentiment and low $1.26B market cap offering high beta.",+25.83% 1M; +7.39% 1W; meme coin sentiment; high beta,,,,,
TAO,Bittensor,Crypto,ai,Crypto,193.198918,+0.60%,-3.17%,-5.42%,-11.65%,-12%,2.159,,,78.5,77550956,549486318,3529836257,,,,,0.6,100.6,0.6,1006.0,6.0,10060.0,60.0,-3.17,96.83,-3.17,968.3,-31.7,9683.0,-317.0,-5.42,94.58,-5.42,945.8,-54.2,9458.0,-542.0,-11.65,88.35,-11.65,883.5,-116.5,8835.0,-1165.0,-12.0,88.0,-12.0,880.0,-120.0,8800.0,-1200.0,,,,,,,,,,,,,,,,,,,,,,
FET,ASI Alliance,Crypto,ai,Crypto,0.13988,-5.96%,-11.19%,-20.43%,-29.61%,-30%,0.313,,,36.83,59150725,257786529,1274610737,,,,,-5.96,94.04,-5.96,940.4,-59.6,9404.0,-596.0,-11.19,88.81,-11.19,888.1,-111.9,8881.0,-1119.0,-20.43,79.57,-20.43,795.7,-204.3,7957.0,-2043.0,-29.61,70.39,-29.61,703.9,-296.1,7039.0,-2961.0,-30.0,70.0,-30.0,700.0,-300.0,7000.0,-3000.0,,,,,,,,,,,,,,,,,,,,,,
RNDR,Render,Crypto,ai,Crypto,1.421762,-1.55%,-7.94%,-7.11%,+10.72%,+11%,0.738,,,21.63,23675796,151420636,766082560,,,,,-1.55,98.45,-1.55,984.5,-15.5,9845.0,-155.0,-7.94,92.06,-7.94,920.6,-79.4,9206.0,-794.0,-7.11,92.89,-7.11,928.9,-71.1,9289.0,-711.0,10.72,110.72,10.72,1107.2,107.2,11072.0,1072.0,11.0,111.0,11.0,1110.0,110.0,11100.0,1100.0,,,,,,,,,,,,,,,,,,,,,,
OCEAN,Ocean Protocol,Crypto,ai,Crypto,0.10593,-0.21%,-1.32%,-6.77%,-29.65%,-30%,,,,0.03,19446,187664,1319837,,,,,-0.21,99.79,-0.21,997.9,-2.1,9979.0,-21.0,-1.32,98.68,-1.32,986.8,-13.2,9868.0,-132.0,-6.77,93.23,-6.77,932.3,-67.7,9323.0,-677.0,-29.65,70.35,-29.65,703.5,-296.5,7035.0,-2965.0,-30.0,70.0,-30.0,700.0,-300.0,7000.0,-3000.0,,,,,,,,,,,,,,,,,,,,,,
GRT,The Graph,Crypto,ai,Crypto,0.01514,-3.61%,-9.63%,-13.82%,-54.46%,-54%,0.165,,,9.98,10916387,69839320,369441048,,,,,-3.61,96.39,-3.61,963.9,-36.1,9639.0,-361.0,-9.63,90.37,-9.63,903.7,-96.3,9037.0,-963.0,-13.82,86.18,-13.82,861.8,-138.2,8618.0,-1382.0,-54.46,45.54,-54.46,455.4,-544.6,4554.0,-5446.0,-54.0,46.0,-54.0,460.0,-540.0,4600.0,-5400.0,,,,,,,,,,,,,,,,,,,,,,
AGIX,SingularityNET,Crypto,ai,Crypto,0.062541,-4.82%,-8.81%,-18.21%,-27.06%,-27%,,,,0.02,7223,151294,279031,,,,,-4.82,95.18,-4.82,951.8,-48.2,9518.0,-482.0,-8.81,91.19,-8.81,911.9,-88.1,9119.0,-881.0,-18.21,81.79,-18.21,817.9,-182.1,8179.0,-1821.0,-27.06,72.94,-27.06,729.4,-270.6,7294.0,-2706.0,-27.0,73.0,-27.0,730.0,-270.0,7300.0,-2700.0,,,,,,,,,,,,,,,,,,,,,,
NMR,Numeraire,Crypto,ai,Crypto,8.48361,-3.24%,-10.72%,+0.71%,-11.21%,-11%,0.064,,,4.21,4583197,29468891,134369729,,,,,-3.24,96.76,-3.24,967.6,-32.4,9676.0,-324.0,-10.72,89.28,-10.72,892.8,-107.2,8928.0,-1072.0,0.71,100.71,0.71,1007.1,7.1,10071.0,71.0,-11.21,88.79,-11.21,887.9,-112.1,8879.0,-1121.0,-11.0,89.0,-11.0,890.0,-110.0,8900.0,-1100.0,,,,,,,,,,,,,,,,,,,,,,
ALT,AltLayer,Crypto,ai,Crypto,0.005872,-0.99%,-8.15%,+4.73%,-48.71%,-49%,0.04,,,2.02,1940755,14169510,115342685,,,,,-0.99,99.01,-0.99,990.1,-9.9,9901.0,-99.0,-8.15,91.85,-8.15,918.5,-81.5,9185.0,-815.0,4.73,104.73,4.73,1047.3,47.3,10473.0,473.0,-48.71,51.29,-48.71,512.9,-487.1,5129.0,-4871.0,-49.0,51.0,-49.0,510.0,-490.0,5100.0,-4900.0,,,,,,,,,,,,,10,buy,0.58,"Modest +7.19% 1-month gain with positive daily momentum, AI sector exposure, and tiny $0.042B market cap for speculative upside.",+7.19% 1M; AI sector; tiny market cap; speculative upside,,,,,
AIOZ,AIOZ Network,Crypto,ai,Crypto,0.049014,-0.99%,-2.02%,-6.65%,-43.43%,-43%,0.062,,,3.2,3494568,22413273,112728289,,,,,-0.99,99.01,-0.99,990.1,-9.9,9901.0,-99.0,-2.02,97.98,-2.02,979.8,-20.2,9798.0,-202.0,-6.65,93.35,-6.65,933.5,-66.5,9335.0,-665.0,-43.43,56.57,-43.43,565.7,-434.3,5657.0,-4343.0,-43.0,57.0,-43.0,570.0,-430.0,5700.0,-4300.0,,,,,,,,,,,,,,,,,,,,,,
ARKM,Arkham,Crypto,ai,Crypto,0.100288,-4.18%,-11.11%,-10.89%,-43.16%,-43%,0.023,,,5.27,4688789,36903148,171127335,,,,,-4.18,95.82,-4.18,958.2,-41.8,9582.0,-418.0,-11.11,88.89,-11.11,888.9,-111.1,8889.0,-1111.0,-10.89,89.11,-10.89,891.1,-108.9,8911.0,-1089.0,-43.16,56.84,-43.16,568.4,-431.6,5684.0,-4316.0,-43.0,57.0,-43.0,570.0,-430.0,5700.0,-4300.0,,,,,,,,,,,,,,,,,,,,,,
WLD,Worldcoin,Crypto,ai,Crypto,0.3199,-5.46%,-15.15%,-26.89%,-33.50%,-34%,1.12,,,121.75,114277558,852252529,4660163322,,,,,-5.46,94.54,-5.46,945.4,-54.6,9454.0,-546.0,-15.15,84.85,-15.15,848.5,-151.5,8485.0,-1515.0,-26.89,73.11,-26.89,731.1,-268.9,7311.0,-2689.0,-33.5,66.5,-33.5,665.0,-335.0,6650.0,-3350.0,-34.0,66.0,-34.0,660.0,-340.0,6600.0,-3400.0,Worldcoin Crashes 10% After the Project Sells 217 Million Tokens for Funding,BeInCrypto,2026-07-25,0.0,,,,,,,,,,,,,,,,,,
NEAR,NEAR Protocol,Crypto,ai,Crypto,1.653311,-4.43%,-14.47%,-9.61%,+9.32%,+9%,2.153,,,132.36,160061192,926514091,5277516293,,,,,-4.43,95.57,-4.43,955.7,-44.3,9557.0,-443.0,-14.47,85.53,-14.47,855.3,-144.7,8553.0,-1447.0,-9.61,90.39,-9.61,903.9,-96.1,9039.0,-961.0,9.32,109.32,9.32,1093.2,93.2,10932.0,932.0,9.0,109.0,9.0,1090.0,90.0,10900.0,900.0,,,,,,,,,,,,,,,,,,,,,,
ICP,Internet Computer,Crypto,ai,Crypto,2.124692,-0.98%,-3.96%,-0.25%,-25.06%,-25%,1.18,,,27.83,31461081,194812330,1003570208,,,,,-0.98,99.02,-0.98,990.2,-9.8,9902.0,-98.0,-3.96,96.04,-3.96,960.4,-39.6,9604.0,-396.0,-0.25,99.75,-0.25,997.5,-2.5,9975.0,-25.0,-25.06,74.94,-25.06,749.4,-250.6,7494.0,-2506.0,-25.0,75.0,-25.0,750.0,-250.0,7500.0,-2500.0,,,,,,,,,,,,,,,,,,,,,,
KAITO,Kaito,Crypto,ai,Crypto,1.177848,-7.96%,+21.09%,+104.07%,+132.69%,+133%,0.284,,,60.53,79840043,423744669,1176816952,,,,,-7.96,92.04,-7.96,920.4,-79.6,9204.0,-796.0,21.09,121.09,21.09,1210.9,210.9,12109.0,2109.0,104.07,204.07,104.07,2040.7,1040.7,20407.0,10407.0,132.69,232.69,132.69,2326.9,1326.9,23269.0,13269.0,133.0,233.0,133.0,2330.0,1330.0,23300.0,13300.0,,,,,,,,,,,,,1,strong_buy,0.85,"Explosive momentum with +130% YTD, +121.50% 1-month, and +21.61% weekly gains, driven by AI narrative and token unlock catalysts despite small $0.28B market cap.",+130% YTD; +121.50% 1M; AI narrative; token unlock catalyst,,,,,
VIRTUAL,Virtuals Protocol,Crypto,ai,Crypto,0.572046,-2.60%,-13.18%,+8.01%,-11.50%,-12%,0.376,,,53.38,52814778,373669799,1731639130,,,,,-2.6,97.4,-2.6,974.0,-26.0,9740.0,-260.0,-13.18,86.82,-13.18,868.2,-131.8,8682.0,-1318.0,8.01,108.01,8.01,1080.1,80.1,10801.0,801.0,-11.5,88.5,-11.5,885.0,-115.0,8850.0,-1150.0,-12.0,88.0,-12.0,880.0,-120.0,8800.0,-1200.0,,,,,,,,,,,,,5,buy,0.7,"Solid +13.94% 1-month gain with +3.56% daily momentum, AI sector tailwinds, and a modest $0.4B market cap offering upside potential.",+13.94% 1M; +3.56% 1D; AI sector tailwind; low market cap,,,,,
LMT,Lockheed Martin,Defence,us-primes,NYSE,581.31,+0.36%,+14.64%,+15.78%,+18.33%,+38%,134.161,0.113,21.42,1.3,1089134,8327734,24099734,238.0,1.62,hold,2.52,0.36,100.36,0.36,1003.6,3.6,10036.0,36.0,14.64,114.64,14.64,1146.4,146.4,11464.0,1464.0,15.78,115.78,15.78,1157.8,157.8,11578.0,1578.0,18.33,118.33,18.33,1183.3,183.3,11833.0,1833.0,38.0,138.0,38.0,1380.0,380.0,13800.0,3800.0,"Boeing's Q2 Loss Wider Than Estimated, Revenues Increase Y/Y",Zacks,2026-07-28,0.0,"Textron Q2 Earnings Outpace Estimates, Revenues Increase Y/Y",Zacks,2026-07-28,0.318,Is Most-Watched Stock Lockheed Martin Corporation (LMT) Worth Betting on Now?,Zacks,2026-07-28,0.226,1,strong_buy,0.85,"18.6% YTD, 15.4% 1M, and $134B market cap with a P/E of 21.5 and a 2.4% yield; Lockheed is the prime beneficiary of escalating Iran conflict and U.S. Indo-Pacific build-up.",18.6% YTD; P/E 21.5; 1M +15.4%; geopolitical catalyst,,,,,
RTX,RTX Corporation,Defence,us-primes,NYSE,218.58,-0.26%,+12.86%,+16.68%,+17.61%,+39%,294.592,0.298,38.48,5.4,7775859,36994159,102966259,134.0,1.27,buy,1.87,-0.26,99.74,-0.26,997.4,-2.6,9974.0,-26.0,12.86,112.86,12.86,1128.6,128.6,11286.0,1286.0,16.68,116.68,16.68,1166.8,166.8,11668.0,1668.0,17.61,117.61,17.61,1176.1,176.1,11761.0,1761.0,39.0,139.0,39.0,1390.0,390.0,13900.0,3900.0,"Top Analyst Reports for Alphabet, AMD & RTX",Zacks,2026-07-28,0.202,"Aging Jets, Rising Threats: Why RTX Corporation (RTX) Just Raised Its 2026 Outlook",Insider Monkey,2026-07-28,-0.421,RTX (RTX) Stock May Be Below Fair Value On Cash Flow Yet Full On Earnings,Simply Wall St.,2026-07-28,0.572,3,strong_buy,0.82,"14.5% YTD and 14% 1M, analyst buy consensus (1.87 score), positive news sentiment 0.17, and the US–Japan–Philippines South China Sea drills confirm a multi-year demand cycle.",14.5% YTD; buy consensus; positive sentiment 0.17; Indo-Pacific drills,,,,,
NOC,Northrop Grumman,Defence,us-primes,NYSE,549.22,-0.14%,+7.21%,+10.73%,-5.51%,-4%,78.024,-0.102,17.44,0.97,708492,4183592,21268592,172.0,1.64,buy,1.96,-0.14,99.86,-0.14,998.6,-1.4,9986.0,-14.0,7.21,107.21,7.21,1072.1,72.1,10721.0,721.0,10.73,110.73,10.73,1107.3,107.3,11073.0,1073.0,-5.51,94.49,-5.51,944.9,-55.1,9449.0,-551.0,-4.0,96.0,-4.0,960.0,-40.0,9600.0,-400.0,"Boeing's Q2 Loss Wider Than Estimated, Revenues Increase Y/Y",Zacks,2026-07-28,0.0,"Textron Q2 Earnings Outpace Estimates, Revenues Increase Y/Y",Zacks,2026-07-28,0.318,The Gap Between GE Stock And Its Own Numbers,Trefis,2026-07-27,0.0,,,,,,,,,,
GD,General Dynamics,Defence,us-primes,NYSE,393.19,+0.93%,+6.92%,+13.46%,+16.01%,+24%,106.33,0.338,24.76,1.28,1342526,6676826,23763926,163.0,1.2,buy,2.12,0.93,100.93,0.93,1009.3,9.3,10093.0,93.0,6.92,106.92,6.92,1069.2,69.2,10692.0,692.0,13.46,113.46,13.46,1134.6,134.6,11346.0,1346.0,16.01,116.01,16.01,1160.1,160.1,11601.0,1601.0,24.0,124.0,24.0,1240.0,240.0,12400.0,2400.0,General Dynamics (GD) Q2 Earnings: What To Expect,StockStory,2026-07-28,0.273,Can These 3 Aerospace & Defense Stocks Hit Q2 Earnings Targets?,Zacks,2026-07-28,0.128,"Tech Earnings, Fed Rate Decision: What to Watch This Week",The Wall Street Journal,2026-07-28,0.0,2,strong_buy,0.8,"14.1% YTD and 12.7% 1M with a P/E of 24.3, solid backlog growth, and direct exposure to rising European defence spending; news of Russia attacks on Kyiv supports near-term demand.",14.1% YTD; P/E 24.3; 1M +12.7%; European defence tailwind,,,,,
HII,Huntington Ingalls Industries,Defence,us-primes,NYSE,299.9,+3.76%,+11.59%,+8.11%,-13.61%,+11%,11.817,0.248,19.49,0.53,892254,2618854,9311254,192.0,2.97,buy,2.25,3.76,103.76,3.76,1037.6,37.6,10376.0,376.0,11.59,111.59,11.59,1115.9,115.9,11159.0,1159.0,8.11,108.11,8.11,1081.1,81.1,10811.0,811.0,-13.61,86.39,-13.61,863.9,-136.1,8639.0,-1361.0,11.0,111.0,11.0,1110.0,110.0,11100.0,1100.0,Elon Musk’s Tunneling Firm Is Worth More Than About 100 S&P Companies,Barrons.com,2026-07-27,0.226,4 Defense Stocks Poised to Beat Q2 Earnings Expectations,Zacks,2026-07-27,0.361,Is Huntington Ingalls (HII) Quietly Rewiring Its Moat Through Compliance Hires and Distributed Shipbuilding?,Simply Wall St.,2026-07-25,0.0,,,,,,,,,,
LHX,L3Harris Technologies,Defence,us-primes,NYSE,305.2,+0.39%,+9.90%,+5.47%,+0.99%,+11%,56.858,0.746,33.17,1.37,949139,6359439,26205939,165.0,1.9,buy,1.6,0.39,100.39,0.39,1003.9,3.9,10039.0,39.0,9.9,109.9,9.9,1099.0,99.0,10990.0,990.0,5.47,105.47,5.47,1054.7,54.7,10547.0,547.0,0.99,100.99,0.99,1009.9,9.9,10099.0,99.0,11.0,111.0,11.0,1110.0,110.0,11100.0,1100.0,Can These 3 Aerospace & Defense Stocks Hit Q2 Earnings Targets?,Zacks,2026-07-28,0.128,"Boeing (BA) Reports Q2 Loss, Beats Revenue Estimates",Zacks,2026-07-28,-0.318,4 Defense Stocks Poised to Beat Q2 Earnings Expectations,Zacks,2026-07-27,0.361,,,,,,,,,,
BA,Boeing,Defence,us-primes,NYSE,221.56,+4.30%,+8.18%,+3.20%,-2.73%,-6%,174.656,1.205,87.23,6.24,9697138,31012338,114309938,,0.02,buy,1.68,4.3,104.3,4.3,1043.0,43.0,10430.0,430.0,8.18,108.18,8.18,1081.8,81.8,10818.0,818.0,3.2,103.2,3.2,1032.0,32.0,10320.0,320.0,-2.73,97.27,-2.73,972.7,-27.3,9727.0,-273.0,-6.0,94.0,-6.0,940.0,-60.0,9400.0,-600.0,"Stock market today: Nasdaq bounces back, S&P 500 and Dow rise as earnings, falling oil prices offset chip weakness",Yahoo Finance,2026-07-28,-0.527,The Boeing Company Q2 2026 Earnings Call Summary,Moby,2026-07-28,0.0,Boeing Shares Surge To Regain Support After Q2 Results,Investor's Business Daily,2026-07-28,0.599,,,,,,,,,,
BA.L,BAE Systems,Defence,uk-european,LSE,26.92,+1.25%,+6.08%,+12.00%,+15.46%,+10%,0.788,-0.066,29.78,6.51,8745894,36776724,135919324,182.0,,buy,2.17,1.25,101.25,1.25,1012.5,12.5,10125.0,125.0,6.08,106.08,6.08,1060.8,60.8,10608.0,608.0,12.0,112.0,12.0,1120.0,120.0,11200.0,1200.0,15.46,115.46,15.46,1154.6,154.6,11546.0,1546.0,10.0,110.0,10.0,1100.0,100.0,11000.0,1000.0,"BAE Systems (LSE:BA.) Wins Brazil Naval Gun Order, Is The Stock Still Cheap?",Simply Wall St.,2026-07-23,0.318,Europe Announced the Rearmament. America’s Defense Fund Cashed the Checks,24/7 Wall St.,2026-07-22,0.128,Is BAE Systems (LSE:BA.) Still Cheap After New Defence Wins?,Simply Wall St.,2026-07-22,0.625,,,,,,,,,,
RR.L,Rolls-Royce Holdings,Defence,uk-european,LSE,18.87,+0.41%,+3.41%,+0.30%,+18.58%,+41%,1.559,1.203,20.57,27.16,11909306,147489953,430099426,67.0,,buy,1.6,0.41,100.41,0.41,1004.1,4.1,10041.0,41.0,3.41,103.41,3.41,1034.1,34.1,10341.0,341.0,0.3,100.3,0.3,1003.0,3.0,10030.0,30.0,18.58,118.58,18.58,1185.8,185.8,11858.0,1858.0,41.0,141.0,41.0,1410.0,410.0,14100.0,4100.0,Quantinuum (QNT) Joins Rolls Royce And Partners To Tackle Gas Turbine Quantum Simulations,Simply Wall St.,2026-07-28,0.0,European Stocks Close Higher in Wednesday Trading; UK Inflation Decelerates,MT Newswires,2026-07-22,0.0,Rolls-Royce issues Burnham ultimatum over £3bn jet engine project,The Telegraph,2026-07-21,0.0,,,,,,,,,,
QQ.L,QinetiQ Group,Defence,uk-european,LSE,6.67,+2.14%,+7.59%,+21.63%,+12.87%,-1%,0.035,0.325,25.07,2.17,6314035,12612177,45110990,224.0,,buy,1.75,2.14,102.14,2.14,1021.4,21.4,10214.0,214.0,7.59,107.59,7.59,1075.9,75.9,10759.0,759.0,21.63,121.63,21.63,1216.3,216.3,12163.0,2163.0,12.87,112.87,12.87,1128.7,128.7,11287.0,1287.0,-1.0,99.0,-1.0,990.0,-10.0,9900.0,-100.0,3 UK Penny Stocks With Market Caps Over £300M To Consider,Simply Wall St.,2026-06-11,0.0,UK Growth Stocks With Insider Ownership Up To 20%,Simply Wall St.,2026-06-11,0.382,UK Stocks That May Be Trading Below Fair Value In June 2026,Simply Wall St.,2026-06-02,0.572,8,buy,0.65,"QinetiQ is up 15.3% in one month, 10.2% YTD, with a P/E of 24.5 and positive news sentiment 0.30; a pure-play UK defence name benefiting from NATO budget increases and UK deterrence.",1M +15.3%; P/E 24.5; positive sentiment 0.30; NATO/UK defence spend,,,,,
PLTR,Palantir Technologies,Defence,cyber-intel,NASDAQ,123.53,-5.56%,-6.88%,+6.77%,-26.41%,-16%,296.14,1.562,138.8,41.54,42804212,169035612,798666612,,3.64,buy,1.88,-5.56,94.44,-5.56,944.4,-55.6,9444.0,-556.0,-6.88,93.12,-6.88,931.2,-68.8,9312.0,-688.0,6.77,106.77,6.77,1067.7,67.7,10677.0,677.0,-26.41,73.59,-26.41,735.9,-264.1,7359.0,-2641.0,-16.0,84.0,-16.0,840.0,-160.0,8400.0,-1600.0,Why Did Palantir Technologies Stock Drop Again?,Motley Fool,2026-07-28,-0.273,Palantir Stock Slumps Ahead of Q2 Earnings,GuruFocus.com,2026-07-28,0.0,Anthropic’s Amodei defends open-weight stance following critique from Palantir’s Karp,Fox Business,2026-07-28,0.0,,,,,,,,,,
LDOS,Leidos Holdings,Defence,cyber-intel,NYSE,118.36,+3.82%,+12.81%,+17.84%,-35.10%,-29%,14.888,0.547,10.83,1.61,1493210,6297410,32304010,150.0,5.84,buy,2.35,3.82,103.82,3.82,1038.2,38.2,10382.0,382.0,12.81,112.81,12.81,1128.1,128.1,11281.0,1281.0,17.84,117.84,17.84,1178.4,178.4,11784.0,1784.0,-35.1,64.9,-35.1,649.0,-351.0,6490.0,-3510.0,-29.0,71.0,-29.0,710.0,-290.0,7100.0,-2900.0,Leidos (LDOS) Expected to Beat Earnings Estimates: Should You Buy?,Zacks,2026-07-28,0.0,Leidos (LDOS) Beats Stock Market Upswing: What Investors Need to Know,Zacks,2026-07-27,0.0,3 Industrials Stocks with Exciting Potential,StockStory,2026-07-27,0.494,5,buy,0.7,"Despite a -38.5% YTD, Leidos offers deep value at a 10.3 P/E, is up 12.1% in the last month, and is poised to benefit from the accelerating shift to cyber-intel and digital modernisation.",P/E 10.3; 1M +12.1%; cyber-intel demand; deep value,,,,,
CACI,CACI International,Defence,cyber-intel,NYSE,510.06,+2.86%,+15.72%,+11.60%,-5.09%,+6%,11.268,0.541,21.08,0.3,260071,1473471,5711571,,7.41,buy,1.56,2.86,102.86,2.86,1028.6,28.6,10286.0,286.0,15.72,115.72,15.72,1157.2,157.2,11572.0,1572.0,11.6,111.6,11.6,1116.0,116.0,11160.0,1160.0,-5.09,94.91,-5.09,949.1,-50.9,9491.0,-509.0,6.0,106.0,6.0,1060.0,60.0,10600.0,600.0,"Booz Allen Soared On A Beat, Not A Boom",Trefis,2026-07-27,0.0,3 Small-Cap Stocks That Fall Short,StockStory,2026-07-24,0.0,Cass Information Systems (CASS) Q2 Earnings and Revenues Miss Estimates,Zacks,2026-07-23,-0.153,9,buy,0.67,"CACI is up 9.8% in the last month, trades at a reasonable 20.1 P/E, and has the most bullish analyst score in the cyber-intel space at 1.56 with positive news sentiment 0.12.",1M +9.8%; P/E 20.1; best analyst score 1.56; positive sentiment,,,,,
SAIC,Science Applications International,Defence,cyber-intel,NYSE,121.59,+2.62%,+8.74%,+7.99%,+21.38%,+4%,5.14,0.283,13.68,0.56,454216,2205116,9671516,125.0,7.86,none,,2.62,102.62,2.62,1026.2,26.2,10262.0,262.0,8.74,108.74,8.74,1087.4,87.4,10874.0,874.0,7.99,107.99,7.99,1079.9,79.9,10799.0,799.0,21.38,121.38,21.38,1213.8,213.8,12138.0,2138.0,4.0,104.0,4.0,1040.0,40.0,10400.0,400.0,"Booz Allen Soared On A Beat, Not A Boom",Trefis,2026-07-27,0.0,Should Value Investors Buy Science Applications International (SAIC) Stock?,Zacks,2026-07-21,0.34,IT Keeps Buying What The Market Keeps Selling,Trefis,2026-07-10,0.0,6,buy,0.72,"SAIC is +18.8% YTD and +12% in the last month, trades at a cheap 13.4 P/E, and has positive news sentiment 0.14; value-oriented and benefiting from the same cyber/backlog trends.",18.8% YTD; P/E 13.4; positive sentiment; value strength,,,,,
BAH,Booz Allen Hamilton,Defence,cyber-intel,NYSE,73.19,+2.08%,+14.63%,+17.99%,-12.47%,-34%,8.777,0.361,11.49,2.21,2635929,16623929,51726029,329.0,8.59,hold,2.86,2.08,102.08,2.08,1020.8,20.8,10208.0,208.0,14.63,114.63,14.63,1146.3,146.3,11463.0,1463.0,17.99,117.99,17.99,1179.9,179.9,11799.0,1799.0,-12.47,87.53,-12.47,875.3,-124.7,8753.0,-1247.0,-34.0,66.0,-34.0,660.0,-340.0,6600.0,-3400.0,"BAH Stock Falls 1.2% Since Q1 Earnings Beat, Revenues Match Estimates",Zacks,2026-07-28,0.0,"Company News for July 27, 2026",Zacks,2026-07-27,0.0,"Booz Allen Soared On A Beat, Not A Boom",Trefis,2026-07-27,0.0,4,strong_buy,0.78,"Booz Allen beat on earnings as national security backlog grows; the stock surged 21.5% in one month and 7.5% today, yet still trades at a cheap 11.4 P/E with strong momentum.",+21.5% 1M; P/E 11.4; earnings beat; backlog growth,,,,,
AVAV,AeroVironment,Defence,drones,NASDAQ,156.35,+1.23%,+5.05%,+12.48%,-38.97%,-43%,7.912,1.395,,1.65,1041277,6606577,45596577,,10.06,buy,1.6,1.23,101.23,1.23,1012.3,12.3,10123.0,123.0,5.05,105.05,5.05,1050.5,50.5,10505.0,505.0,12.48,112.48,12.48,1124.8,124.8,11248.0,1248.0,-38.97,61.03,-38.97,610.3,-389.7,6103.0,-3897.0,-43.0,57.0,-43.0,570.0,-430.0,5700.0,-4300.0,Is AeroVironment (AVAV) Cheap After Its Army Contract And Legal Headlines?,Simply Wall St.,2026-07-28,0.128,AeroVironment (AVAV) Stock Looks Reasonable On Cash Flow But Rich On Sales,Simply Wall St.,2026-07-28,0.71,"ONDS, RCAT, AVAV, UMAC Stocks Slide Overnight: Pentagon’s Drone Push Is Reportedly Facing Major Production Gap",Stocktwits,2026-07-28,0.0,,,,,,,,,,
KTOS,Kratos Defense,Defence,drones,NASDAQ,48.64,-1.64%,+0.89%,+3.60%,-38.66%,-13%,9.122,1.07,286.12,4.82,2435582,14892582,86241382,,6.36,strong_buy,1.48,-1.64,98.36,-1.64,983.6,-16.4,9836.0,-164.0,0.89,100.89,0.89,1008.9,8.9,10089.0,89.0,3.6,103.6,3.6,1036.0,36.0,10360.0,360.0,-38.66,61.34,-38.66,613.4,-386.6,6134.0,-3866.0,-13.0,87.0,-13.0,870.0,-130.0,8700.0,-1300.0,Kratos (KTOS) Earnings Expected to Grow: What to Know Ahead of Next Week's Release,Zacks,2026-07-28,0.0,"If You Like SpaceX, You’re Going to Love This SpaceX Supplier",Barrons.com,2026-07-23,0.772,2 of Wall Street’s Favorite Stocks to Consider Right Now and 1 We Avoid,StockStory,2026-07-22,0.202,10,strong_buy,0.62,"Kratos has a strong_buy analyst consensus (score 1.50), the highest news sentiment in the universe at 0.41, and is the leading play on autonomous systems despite a high P/E.",strong_buy consensus; sentiment 0.41; autonomous systems; SpaceX supply chain,,,,,
RCAT,Red Cat Holdings,Defence,drones,NASDAQ,7.45,-4.24%,-13.27%,-27.81%,-18.67%,-5%,1.134,1.296,,12.78,6195653,39763453,189428953,,23.58,strong_buy,1.17,-4.24,95.76,-4.24,957.6,-42.4,9576.0,-424.0,-13.27,86.73,-13.27,867.3,-132.7,8673.0,-1327.0,-27.81,72.19,-27.81,721.9,-278.1,7219.0,-2781.0,-18.67,81.33,-18.67,813.3,-186.7,8133.0,-1867.0,-5.0,95.0,-5.0,950.0,-50.0,9500.0,-500.0,"ONDS, RCAT, AVAV, UMAC Stocks Slide Overnight: Pentagon’s Drone Push Is Reportedly Facing Major Production Gap",Stocktwits,2026-07-28,0.0,Red Cat (RCAT) Stock Still Looks Above Fair Value Following A 7x Run,Simply Wall St.,2026-07-24,0.572,Will Executive Firing and Lawsuit Over Controls Change Red Cat Holdings' (RCAT) Leadership Narrative?,Simply Wall St.,2026-07-24,-0.511,,,,,,,,,,
TXT,Textron,Defence,drones,NYSE,89.96,-6.23%,-0.63%,-0.21%,+3.39%,+23%,15.643,0.905,17.17,1.5,5378379,11785179,33882679,8.0,4.33,buy,2.29,-6.23,93.77,-6.23,937.7,-62.3,9377.0,-623.0,-0.63,99.37,-0.63,993.7,-6.3,9937.0,-63.0,-0.21,99.79,-0.21,997.9,-2.1,9979.0,-21.0,3.39,103.39,3.39,1033.9,33.9,10339.0,339.0,23.0,123.0,23.0,1230.0,230.0,12300.0,2300.0,Textron Inc (TXT) Q2 2026 Earnings Call Highlights: Revenue Growth Amid Supply Chain Challenges,GuruFocus.com,2026-07-28,0.44,Textron Inc. Q2 2026 Earnings Call Summary,Moby,2026-07-28,0.0,Why Textron Stock Tumbled Today,Motley Fool,2026-07-28,0.0,,,,,,,,,,
SPCX,SpaceX,Defence,space,NASDAQ,116.41,+3.73%,-5.77%,-29.10%,-27.67%,-29%,1533.607,,,118.02,80968276,370273376,1586873076,,2.67,buy,1.65,3.73,103.73,3.73,1037.3,37.3,10373.0,373.0,-5.77,94.23,-5.77,942.3,-57.7,9423.0,-577.0,-29.1,70.9,-29.1,709.0,-291.0,7090.0,-2910.0,-27.67,72.33,-27.67,723.3,-276.7,7233.0,-2767.0,-29.0,71.0,-29.0,710.0,-290.0,7100.0,-2900.0,SpaceX stock recovers after hitting all-time low,Yahoo Finance,2026-07-27,-0.273,"CME launches 23-hour single-stock futures to trade stocks like SpaceX, Micron",Yahoo Finance Video,2026-07-28,0.361,"SPCX, RKLB, ASTS, LUNR In Focus — Trump Administration To Expedite Approvals For Commercial Rocket Launches",Stocktwits,2026-07-28,0.0,,,,,,,,,,
RKLB,Rocket Lab USA,Defence,space,NASDAQ,63.89,-4.33%,-7.57%,-34.81%,-15.92%,+53%,39.92,2.553,,26.66,18197042,88095542,447571142,,7.97,buy,1.65,-4.33,95.67,-4.33,956.7,-43.3,9567.0,-433.0,-7.57,92.43,-7.57,924.3,-75.7,9243.0,-757.0,-34.81,65.19,-34.81,651.9,-348.1,6519.0,-3481.0,-15.92,84.08,-15.92,840.8,-159.2,8408.0,-1592.0,53.0,153.0,53.0,1530.0,530.0,15300.0,5300.0,"SPCX, RKLB, ASTS, LUNR In Focus — Trump Administration To Expedite Approvals For Commercial Rocket Launches",Stocktwits,2026-07-28,0.0,Trump Administration Slashes Environmental Rules To Accelerate Space Race,Investor's Business Daily,2026-07-28,-0.202,3 Space Stocks Down More Than 50% From Their Highs,Motley Fool,2026-07-28,0.0,,,,,,,,,,
PL,Planet Labs,Defence,space,NYSE,20.42,-3.43%,-11.60%,-34.72%,+0.05%,+239%,7.278,2.067,,12.51,8646135,40031035,191720235,,11.0,buy,2.0,-3.43,96.57,-3.43,965.7,-34.3,9657.0,-343.0,-11.6,88.4,-11.6,884.0,-116.0,8840.0,-1160.0,-34.72,65.28,-34.72,652.8,-347.2,6528.0,-3472.0,0.05,100.05,0.05,1000.5,0.5,10005.0,5.0,239.0,339.0,239.0,3390.0,2390.0,33900.0,23900.0,3 Space Stocks Down More Than 50% From Their Highs,Motley Fool,2026-07-28,0.0,Planet Labs PBC (PL) Could Be 48% Undervalued Following Its Recent Pullback,Simply Wall St.,2026-07-28,0.0,"Marvell Technology vs. Planet Labs: Which Growth Stock Is a Better Buy in 2026, the Artificial Intelligence Company or the Rising Star of the Space-Based Economy?",Motley Fool,2026-07-27,0.823,,,,,,,,,,
ASTS,AST SpaceMobile,Defence,space,NASDAQ,56.55,-2.95%,-10.72%,-34.83%,-32.25%,+10%,21.948,2.677,,22.41,12992875,55320075,358825475,,19.93,hold,2.58,-2.95,97.05,-2.95,970.5,-29.5,9705.0,-295.0,-10.72,89.28,-10.72,892.8,-107.2,8928.0,-1072.0,-34.83,65.17,-34.83,651.7,-348.3,6517.0,-3483.0,-32.25,67.75,-32.25,677.5,-322.5,6775.0,-3225.0,10.0,110.0,10.0,1100.0,100.0,11000.0,1000.0,"SPCX, RKLB, ASTS, LUNR In Focus — Trump Administration To Expedite Approvals For Commercial Rocket Launches",Stocktwits,2026-07-28,0.0,3 Space Stocks Down More Than 50% From Their Highs,Motley Fool,2026-07-28,0.0,AST SpaceMobile (ASTS) Sets August 5 Launch For Three BlueBird Satellites,Simply Wall St.,2026-07-28,0.0,,,,,,,,,,
TDG,TransDigm Group,Defence,weapons,NYSE,1307.97,+1.69%,+8.50%,-1.17%,-3.72%,-20%,73.159,0.884,40.84,0.39,246656,1548056,7144056,,2.55,buy,1.91,1.69,101.69,1.69,1016.9,16.9,10169.0,169.0,8.5,108.5,8.5,1085.0,85.0,10850.0,850.0,-1.17,98.83,-1.17,988.3,-11.7,9883.0,-117.0,-3.72,96.28,-3.72,962.8,-37.2,9628.0,-372.0,-20.0,80.0,-20.0,800.0,-200.0,8000.0,-2000.0,TransDigm Group (TDG) Earnings Expected to Grow: Should You Buy?,Zacks,2026-07-28,0.0,"TransDigm Group (TDG) Buys Prince And Izant, Is The Stock Still Cheap?",Simply Wall St.,2026-07-28,0.0,Why TransDigm (TDG) Stock Is Trading Up Today,StockStory,2026-07-28,0.0,,,,,,,,,,
HEI,HEICO Corporation,Defence,weapons,NYSE,363.44,+1.63%,+6.77%,+3.75%,+10.44%,+10%,50.786,1.03,64.78,0.64,418757,2140057,9290057,7.0,1.54,buy,1.86,1.63,101.63,1.63,1016.3,16.3,10163.0,163.0,6.77,106.77,6.77,1067.7,67.7,10677.0,677.0,3.75,103.75,3.75,1037.5,37.5,10375.0,375.0,10.44,110.44,10.44,1104.4,104.4,11044.0,1044.0,10.0,110.0,10.0,1100.0,100.0,11000.0,1000.0,"Is Heico (HEI) a Solid Growth Stock? 3 Reasons to Think ""Yes""",Zacks,2026-07-27,0.71,Airbus Wins Order to Supply Six A350-1000 Aircraft to Riyadh Air,Zacks,2026-07-21,0.572,3 Aerospace Suppliers That Could Benefit as Aircraft Makers Face Bottlenecks,MarketBeat,2026-07-19,0.459,,,,,,,,,,
AXON,Axon Enterprise,Defence,weapons,NASDAQ,547.65,+4.08%,+7.14%,+7.26%,-2.80%,-28%,44.142,1.378,221.72,1.14,949098,3632298,20666598,,5.47,buy,1.71,4.08,104.08,4.08,1040.8,40.8,10408.0,408.0,7.14,107.14,7.14,1071.4,71.4,10714.0,714.0,7.26,107.26,7.26,1072.6,72.6,10726.0,726.0,-2.8,97.2,-2.8,972.0,-28.0,9720.0,-280.0,-28.0,72.0,-28.0,720.0,-280.0,7200.0,-2800.0,3 S&P 500 Stocks with Exciting Potential,StockStory,2026-07-27,0.494,Meet The 2 S&P 500 CEOs Paid Less Than $500 A Year,Investor's Business Daily,2026-07-27,0.0,Axon Enterprise (AXON) Beats Stock Market Upswing: What Investors Need to Know,Zacks,2026-07-24,0.0,7,buy,0.68,"Axon rebounded 12.9% in the last month and trades with buy analyst consensus (1.67), a positive news sentiment of 0.26, and a large addressable market in law enforcement tech despite a high P/E.",1M +12.9%; buy consensus 1.67; positive sentiment 0.26; law enforcement tech,,,,,
OLN,Olin Corporation,Defence,weapons,NYSE,21.37,-3.00%,-7.69%,+2.64%,+0.66%,+0%,2.435,1.206,,2.77,3785090,14511990,65936990,366.0,14.54,hold,2.86,-3.0,97.0,-3.0,970.0,-30.0,9700.0,-300.0,-7.69,92.31,-7.69,923.1,-76.9,9231.0,-769.0,2.64,102.64,2.64,1026.4,26.4,10264.0,264.0,0.66,100.66,0.66,1006.6,6.6,10066.0,66.0,0.0,100.0,0.0,1000.0,0.0,10000.0,0.0,Olin (OLN) Reports Next Week: Wall Street Expects Earnings Growth,Zacks,2026-07-23,0.382,Plug Power (PLUG): 10 Most Buzzing Stocks to Buy Right Now,Insider Monkey,2026-07-02,0.0,"Goldman downgraded, Block upgraded: Wall Street's top analyst calls",The Fly,2026-06-30,-0.273,,,,,,,,,,
MRCY,Mercury Systems,Defence,weapons,NASDAQ,99.38,-2.80%,+0.75%,-9.83%,+30.71%,+100%,5.967,0.932,,0.71,513863,2616163,13513063,,9.28,buy,2.0,-2.8,97.2,-2.8,972.0,-28.0,9720.0,-280.0,0.75,100.75,0.75,1007.5,7.5,10075.0,75.0,-9.83,90.17,-9.83,901.7,-98.3,9017.0,-983.0,30.71,130.71,30.71,1307.1,307.1,13071.0,3071.0,100.0,200.0,100.0,2000.0,1000.0,20000.0,10000.0,Why Mercury Systems (MRCY) Could Beat Earnings Estimates Again,Zacks,2026-07-22,0.0,Mercury Systems (MRCY) Stock Looks Stretched Despite Its 161% Three Year Run,Simply Wall St.,2026-07-21,0.0,3 Cash-Producing Stocks with Warning Signs,StockStory,2026-07-20,-0.34,,,,,,,,,,
DRS,Leonardo DRS,Defence,weapons,NYSE,49.21,+1.57%,+8.25%,+20.17%,+42.06%,+1%,13.127,0.19,45.99,1.01,824766,3955866,23453466,74.0,1.08,none,,1.57,101.57,1.57,1015.7,15.7,10157.0,157.0,8.25,108.25,8.25,1082.5,82.5,10825.0,825.0,20.17,120.17,20.17,1201.7,201.7,12017.0,2017.0,42.06,142.06,42.06,1420.6,420.6,14206.0,4206.0,1.0,101.0,1.0,1010.0,10.0,10100.0,100.0,1 Profitable Stock on Our Buy List and 2 We Find Risky,StockStory,2026-07-27,0.273,3 Stocks Under $50 That Fall Short,StockStory,2026-07-17,0.0,3 Cash-Producing Stocks We Steer Clear Of,StockStory,2026-07-16,0.382,,,,,,,,,,
XOM,ExxonMobil,Energy,oil-majors,NYSE,153.04,-1.11%,+0.88%,+12.48%,+26.46%,+37%,634.343,0.162,25.76,16.87,12791771,68450671,312191171,266.0,1.15,buy,2.32,-1.11,98.89,-1.11,988.9,-11.1,9889.0,-111.0,0.88,100.88,0.88,1008.8,8.8,10088.0,88.0,12.48,112.48,12.48,1124.8,124.8,11248.0,1248.0,26.46,126.46,26.46,1264.6,264.6,12646.0,2646.0,37.0,137.0,37.0,1370.0,370.0,13700.0,3700.0,Sector Update: Energy Stocks Decline Late Afternoon,MT Newswires,2026-07-28,0.273,"Exxon Mobil Offers Limited Upside Potential, BofA Says in Downgrade",MT Newswires,2026-07-28,-0.226,Sector Update: Energy Stocks Decline Tuesday Afternoon,MT Newswires,2026-07-28,0.273,8,buy,0.7,"YTD +29.68%, 1M +14.10%, P/E 26.47, dividend yield 2.63% — strong momentum from the largest oil major with buy consensus and positive news sentiment.",strong YTD momentum; large market cap stability; positive news sentiment; analyst buy consensus,,,,,
CVX,Chevron,Energy,oil-majors,NYSE,187.58,-1.33%,-1.83%,+11.34%,+22.61%,+21%,373.583,0.488,32.68,9.24,7378103,35740103,174093303,375.0,1.03,buy,1.72,-1.33,98.67,-1.33,986.7,-13.3,9867.0,-133.0,-1.83,98.17,-1.83,981.7,-18.3,9817.0,-183.0,11.34,111.34,11.34,1113.4,113.4,11134.0,1134.0,22.61,122.61,22.61,1226.1,226.1,12261.0,2261.0,21.0,121.0,21.0,1210.0,210.0,12100.0,2100.0,Ranger Energy Services Q2 Earnings Call Highlights,MarketBeat,2026-07-28,0.273,Sector Update: Energy Stocks Decline Late Afternoon,MT Newswires,2026-07-28,0.273,"Exxon Mobil Offers Limited Upside Potential, BofA Says in Downgrade",MT Newswires,2026-07-28,-0.226,9,buy,0.7,"YTD +27.32%, 1M +13.09%, P/E 33.88, dividend yield 3.66% — solid outperformance with a very bullish analyst score of 1.72 and high dividend yield.",strong YTD momentum; very bullish analyst score; high dividend yield; low beta,,,,,
SHEL,Shell,Energy,oil-majors,NYSE,86.2,-0.69%,-1.15%,+12.11%,+16.38%,+18%,238.504,-0.235,13.43,7.05,7259014,36918390,136780396,362.0,1.82,buy,2.19,-0.69,99.31,-0.69,993.1,-6.9,9931.0,-69.0,-1.15,98.85,-1.15,988.5,-11.5,9885.0,-115.0,12.11,112.11,12.11,1121.1,121.1,11211.0,1211.0,16.38,116.38,16.38,1163.8,163.8,11638.0,1638.0,18.0,118.0,18.0,1180.0,180.0,11800.0,1800.0,Watch These 4 Energy Stocks for Q2 Earnings: Beat or Miss?,Zacks,2026-07-28,0.128,"Pre-Q2 Earnings: Is Chevron Stock a Buy, Hold, or Sell?",Zacks,2026-07-28,0.0,"The Zacks Analyst Blog Highlights Apple, Microsoft, Amazon, LVMH, AstraZeneca, Shell, Airbus and UBS",Zacks,2026-07-28,0.178,,,,,,,,,,
BP,BP p.l.c.,Energy,oil-majors,NYSE,41.67,-1.37%,-2.55%,+11.57%,+19.15%,+28%,107.305,-0.231,33.6,9.05,7738486,35237586,190406486,472.0,0.49,buy,2.47,-1.37,98.63,-1.37,986.3,-13.7,9863.0,-137.0,-2.55,97.45,-2.55,974.5,-25.5,9745.0,-255.0,11.57,111.57,11.57,1115.7,115.7,11157.0,1157.0,19.15,119.15,19.15,1191.5,191.5,11915.0,1915.0,28.0,128.0,28.0,1280.0,280.0,12800.0,2800.0,Noble Q2 Earnings Call Highlights,MarketBeat,2026-07-28,0.459,ExxonMobil's Q2 Earnings on Deck: Should You Bet on the Stock?,Zacks,2026-07-28,0.0,Chevron Returns to Iraq: What Do the Latest Oilfield Talks Signal?,Zacks,2026-07-28,0.0,10,buy,0.65,"YTD +25.30%, 1M +16.17%, P/E 35.34, dividend yield 4.56% — strong monthly momentum and highest dividend yield among majors, with buy consensus.",strong monthly momentum; high dividend yield; positive news sentiment; analyst buy consensus,,,,,
TTE,TotalEnergies,Energy,oil-majors,NYSE,84.18,+0.27%,+0.78%,+8.38%,+27.93%,+37%,186.903,0.05,10.54,1.59,1111360,10452860,38336960,501.0,0.26,buy,2.1,0.27,100.27,0.27,1002.7,2.7,10027.0,27.0,0.78,100.78,0.78,1007.8,7.8,10078.0,78.0,8.38,108.38,8.38,1083.8,83.8,10838.0,838.0,27.93,127.93,27.93,1279.3,279.3,12793.0,2793.0,37.0,137.0,37.0,1370.0,370.0,13700.0,3700.0,Sector Update: Energy Stocks Decline Late Afternoon,MT Newswires,2026-07-28,0.273,"TotalEnergies, Eni reach agreement to develop Cyprus’ Cronos gas field",Offshore Technology,2026-07-28,0.511,Chevron Returns to Iraq: What Do the Latest Oilfield Talks Signal?,Zacks,2026-07-28,0.0,1,strong_buy,0.9,"YTD +31.91%, P/E 10.86, dividend yield 4.86% — outstanding value with strong momentum and a buy analyst consensus (score 2.10).",strong YTD momentum; low P/E; high dividend yield; analyst buy consensus,,,,,
EQNR,Equinor,Energy,oil-majors,NYSE,38.27,-3.11%,+1.81%,+22.74%,+59.58%,+42%,90.948,-0.75,10.37,3.98,3438417,23818317,83136417,395.0,2.92,hold,3.33,-3.11,96.89,-3.11,968.9,-31.1,9689.0,-311.0,1.81,101.81,1.81,1018.1,18.1,10181.0,181.0,22.74,122.74,22.74,1227.4,227.4,12274.0,2274.0,59.58,159.58,59.58,1595.8,595.8,15958.0,5958.0,42.0,142.0,42.0,1420.0,420.0,14200.0,4200.0,Energy Transition Update - SunPower Advances Amid Solar Industry Challenges,Simply Wall St.,2026-07-28,0.34,European Equities Traded in the US as American Depositary Receipts Start Week Marginally Higher in Monday Trading,MT Newswires,2026-07-27,0.0,Equinor finds oil at Skrugard North Tubåen near Johan Castberg,Offshore Technology,2026-07-27,0.0,2,buy,0.8,"YTD +68.26%, 1M +27.85%, P/E 10.93, dividend yield 3.77% — exceptional momentum and cheap valuation despite a hold analyst rating (score 3.33).",very high momentum; low P/E; strong news sentiment; positive earnings surprise,,,,,
COP,ConocoPhillips,Energy,ep-refining,NYSE,114.1,-1.44%,-2.89%,+9.50%,+19.80%,+18%,139.007,0.122,19.37,7.36,4660078,28115578,132717278,291.0,1.7,buy,1.76,-1.44,98.56,-1.44,985.6,-14.4,9856.0,-144.0,-2.89,97.11,-2.89,971.1,-28.9,9711.0,-289.0,9.5,109.5,9.5,1095.0,95.0,10950.0,950.0,19.8,119.8,19.8,1198.0,198.0,11980.0,1980.0,18.0,118.0,18.0,1180.0,180.0,11800.0,1800.0,The Single Biggest Reason to Buy Exxon Mobil Before July 31st,24/7 Wall St.,2026-07-28,0.0,Big Oil Is Raking In Billions From the Iran War. Can It Avoid Trump’s Fury?,The Wall Street Journal,2026-07-28,-0.869,Why ConocoPhillips Stock Got Mashed on Monday,Motley Fool,2026-07-27,0.0,7,buy,0.7,"YTD +26.26%, 1M +13.02%, P/E 20.38, dividend yield 2.79% — solid momentum with a bullish analyst score of 1.76 and neutral news.",strong YTD momentum; bullish analyst score; low beta; stable fundamentals,,,,,
OXY,Occidental Petroleum,Energy,ep-refining,NYSE,53.93,-1.94%,-4.55%,+9.86%,+28.45%,+21%,53.64,0.15,72.88,10.67,6333936,39543936,193132136,189.0,0.01,buy,2.38,-1.94,98.06,-1.94,980.6,-19.4,9806.0,-194.0,-4.55,95.45,-4.55,954.5,-45.5,9545.0,-455.0,9.86,109.86,9.86,1098.6,98.6,10986.0,986.0,28.45,128.45,28.45,1284.5,284.5,12845.0,2845.0,21.0,121.0,21.0,1210.0,210.0,12100.0,2100.0,Big Oil Is Raking In Billions From the Iran War. Can It Avoid Trump’s Fury?,The Wall Street Journal,2026-07-28,-0.869,Occidental Petroleum (OXY) Stock Sinks As Market Gains: Here's Why,Zacks,2026-07-27,0.34,Oil Prices Slide as Trump Touts Possible Negotiations With Iran,Barrons.com,2026-07-27,-0.026,,,,,,,,,,
EOG,EOG Resources,Energy,ep-refining,NYSE,139.64,-0.73%,-2.65%,+6.63%,+33.42%,+14%,74.376,0.261,13.73,3.62,3254967,13720767,64264267,291.0,3.65,buy,2.17,-0.73,99.27,-0.73,992.7,-7.3,9927.0,-73.0,-2.65,97.35,-2.65,973.5,-26.5,9735.0,-265.0,6.63,106.63,6.63,1066.3,66.3,10663.0,663.0,33.42,133.42,33.42,1334.2,334.2,13342.0,3342.0,14.0,114.0,14.0,1140.0,140.0,11400.0,1400.0,EOG Resources (EOG) Earnings Expected to Grow: What to Know Ahead of Next Week's Release,Zacks,2026-07-28,0.0,Earnings Preview: What To Expect From EOG Resources' Report,Barchart,2026-07-21,0.0,Five Oil and Gas Stocks Ready for a Hormuz Spike and a Hawkish Fed,Oilprice.com,2026-07-15,0.361,6,buy,0.75,"YTD +39.87%, 1M +10.39%, P/E 14.39, dividend yield 2.79% — attractive E&P value with strong momentum and positive news sentiment.",strong YTD momentum; low P/E; positive news sentiment; analyst buy consensus,,,,,
MPC,Marathon Petroleum,Energy,ep-refining,NYSE,306.05,-1.99%,-4.29%,+18.07%,+86.97%,+78%,89.348,0.52,20.16,2.37,1476022,10742522,42898222,125.0,2.54,buy,2.33,-1.99,98.01,-1.99,980.1,-19.9,9801.0,-199.0,-4.29,95.71,-4.29,957.1,-42.9,9571.0,-429.0,18.07,118.07,18.07,1180.7,180.7,11807.0,1807.0,86.97,186.97,86.97,1869.7,869.7,18697.0,8697.0,78.0,178.0,78.0,1780.0,780.0,17800.0,7800.0,Marathon Petroleum (MPC) Reports Next Week: Wall Street Expects Earnings Growth,Zacks,2026-07-28,0.382,Marathon Petroleum (MPC) Beats Stock Market Upswing: What Investors Need to Know,Zacks,2026-07-27,0.0,Refiner Stocks Are Near Record Highs—Can Iran-Driven Margins Keep Them There?,MarketBeat,2026-07-27,0.0,4,buy,0.8,"YTD +88.92%, 1M +21.96%, P/E 20.37, dividend yield 1.26% — explosive YTD gain with solid buy consensus and positive news sentiment.",very high YTD return; strong monthly momentum; analyst buy consensus; refining margin tailwinds,,,,,
VLO,Valero Energy,Energy,ep-refining,NYSE,298.88,-2.15%,-5.06%,+12.23%,+82.77%,+111%,88.747,0.545,21.83,3.07,2456661,12089661,57444561,157.0,4.27,buy,2.4,-2.15,97.85,-2.15,978.5,-21.5,9785.0,-215.0,-5.06,94.94,-5.06,949.4,-50.6,9494.0,-506.0,12.23,112.23,12.23,1122.3,122.3,11223.0,1223.0,82.77,182.77,82.77,1827.7,827.7,18277.0,8277.0,111.0,211.0,111.0,2110.0,1110.0,21100.0,11100.0,Valero Energy Q2 Earnings on Deck: What's in Store for the Stock?,Zacks,2026-07-28,0.273,Marathon Petroleum (MPC) Reports Next Week: Wall Street Expects Earnings Growth,Zacks,2026-07-28,0.382,Gear Up for Valero Energy (VLO) Q2 Earnings: Wall Street Estimates for Key Metrics,Zacks,2026-07-28,0.273,5,buy,0.75,"YTD +84.98%, 1M +18.60%, P/E 22.08, dividend yield 1.59% — near triple-digit YTD returns, supported by buy consensus despite elevated short interest of 4.27%.",very high YTD return; strong monthly momentum; analyst buy consensus; high short interest (contrarian),,,,,
SLB,SLB (Schlumberger),Energy,oilfield-services,NYSE,49.98,-3.01%,+7.28%,+7.76%,+25.72%,+45%,74.171,0.733,24.38,14.17,12357624,83223124,266875824,229.0,4.88,buy,1.6,-3.01,96.99,-3.01,969.9,-30.1,9699.0,-301.0,7.28,107.28,7.28,1072.8,72.8,10728.0,728.0,7.76,107.76,7.76,1077.6,77.6,10776.0,776.0,25.72,125.72,25.72,1257.2,257.2,12572.0,2572.0,45.0,145.0,45.0,1450.0,450.0,14500.0,4500.0,"SLB Growth Outlook Hinges on Offshore, Digital and Production Gains",Zacks,2026-07-28,0.612,How Oceaneering Balances Offshore Growth With Defense Expansion Today,Zacks,2026-07-28,0.477,Wall Street Analysts See SLB (SLB) as a Buy: Should You Invest?,Zacks,2026-07-28,0.0,3,strong_buy,0.85,"YTD +31.85%, 1W +11.56%, P/E 25.57, dividend yield 2.25% — recent surge and near-strong-buy analyst score of 1.6 signal strong upside.",strong weekly momentum; very bullish analyst score; positive news sentiment; oilfield services demand,,,,,
HAL,Halliburton,Energy,oilfield-services,NYSE,31.23,-2.86%,-5.91%,-8.39%,+6.47%,+39%,26.09,0.725,16.35,11.89,10890403,69859603,249777203,212.0,5.61,buy,1.75,-2.86,97.14,-2.86,971.4,-28.6,9714.0,-286.0,-5.91,94.09,-5.91,940.9,-59.1,9409.0,-591.0,-8.39,91.61,-8.39,916.1,-83.9,9161.0,-839.0,6.47,106.47,6.47,1064.7,64.7,10647.0,647.0,39.0,139.0,39.0,1390.0,390.0,13900.0,3900.0,"SLB Growth Outlook Hinges on Offshore, Digital and Production Gains",Zacks,2026-07-28,0.612,Halliburton Bags Spate of Middle East Contracts in July,Rigzone.com,2026-07-27,0.0,Is LBRT Stock Attractive After Its Sharp Pullback and Earnings Beat?,Zacks,2026-07-27,0.44,,,,,,,,,,
BKR,Baker Hughes,Energy,oilfield-services,NASDAQ,58.46,-3.81%,+3.69%,+3.82%,+24.90%,+32%,57.996,0.96,18.68,8.55,12306170,56668170,209896070,152.0,3.07,buy,1.74,-3.81,96.19,-3.81,961.9,-38.1,9619.0,-381.0,3.69,103.69,3.69,1036.9,36.9,10369.0,369.0,3.82,103.82,3.82,1038.2,38.2,10382.0,382.0,24.9,124.9,24.9,1249.0,249.0,12490.0,2490.0,32.0,132.0,32.0,1320.0,320.0,13200.0,3200.0,"Baker Hughes CEO Says Energy Security, AI Demand Are Fueling Growth",Benzinga,2026-07-28,0.681,How Oceaneering Balances Offshore Growth With Defense Expansion Today,Zacks,2026-07-28,0.477,Baker Hughes Co (BKR) Q2 2026 Earnings Call Highlights: Record IET Orders and Robust Cash Flow ...,GuruFocus.com,2026-07-27,0.34,,,,,,,,,,
NEE,NextEra Energy,Energy,utilities,NYSE,89.28,+0.37%,+1.54%,+0.70%,+11.88%,+23%,186.203,0.667,20.06,11.66,7278637,47703837,217122037,281.0,,buy,1.95,0.37,100.37,0.37,1003.7,3.7,10037.0,37.0,1.54,101.54,1.54,1015.4,15.4,10154.0,154.0,0.7,100.7,0.7,1007.0,7.0,10070.0,70.0,11.88,111.88,11.88,1118.8,118.8,11188.0,1188.0,23.0,123.0,23.0,1230.0,230.0,12300.0,2300.0,"Investors Heavily Search NextEra Energy, Inc. (NEE): Here is What You Need to Know",Zacks,2026-07-28,0.273,NextEra Energy Is Becoming the Utility Sector's Biggest AI Power Bet -- Here Are the Numbers That Prove It,Motley Fool,2026-07-28,0.273,AI Energy Bottleneck: Buy GE Vernova or NextEra Energy on AI Pivot?,24/7 Wall St.,2026-07-27,0.494,,,,,,,,,,
SSE.L,SSE plc,Energy,utilities,LSE,31.26,-1.05%,-3.98%,-4.33%,+5.44%,+28%,0.377,0.59,22.4,4.02,2115810,11983792,72468089,289.0,,buy,2.0,-1.05,98.95,-1.05,989.5,-10.5,9895.0,-105.0,-3.98,96.02,-3.98,960.2,-39.8,9602.0,-398.0,-4.33,95.67,-4.33,956.7,-43.3,9567.0,-433.0,5.44,105.44,5.44,1054.4,54.4,10544.0,544.0,28.0,128.0,28.0,1280.0,280.0,12800.0,2800.0,SSE (LSE:SSE) Stock Fair Value Edges Lower After Mixed Analyst Target Changes,Simply Wall St.,2026-06-24,0.361,"UK, Japan to deepen ties with £18 billion investment agreement",Investing.com,2026-06-14,0.494,"Bears are Losing Control Over SSE (SSEZY), Here's Why It's a 'Buy' Now",Zacks,2026-06-10,-0.382,,,,,,,,,,
ENPH,Enphase Energy,Energy,clean-energy,NASDAQ,36.32,-4.67%,-9.06%,-24.87%,+7.61%,+14%,4.786,1.615,35.96,7.49,8511622,23346922,107563722,,20.94,buy,2.48,-4.67,95.33,-4.67,953.3,-46.7,9533.0,-467.0,-9.06,90.94,-9.06,909.4,-90.6,9094.0,-906.0,-24.87,75.13,-24.87,751.3,-248.7,7513.0,-2487.0,7.61,107.61,7.61,1076.1,76.1,10761.0,761.0,14.0,114.0,14.0,1140.0,140.0,11400.0,1400.0,Enphase (NASDAQ:ENPH) Meets Q2 CY2026 Expectations,StockStory,2026-07-28,0.0,What To Expect From Enphase’s (ENPH) Q2 Earnings,StockStory,2026-07-27,0.0,The Single Biggest Opportunity to Buy Enphase Energy Before July 28 Earnings,24/7 Wall St.,2026-07-25,0.599,,,,,,,,,,
FSLR,First Solar,Energy,clean-energy,NASDAQ,202.59,-1.68%,-1.68%,-12.98%,-26.15%,+13%,21.768,1.73,13.09,2.44,2137290,8495890,37657090,,12.04,buy,2.11,-1.68,98.32,-1.68,983.2,-16.8,9832.0,-168.0,-1.68,98.32,-1.68,983.2,-16.8,9832.0,-168.0,-12.98,87.02,-12.98,870.2,-129.8,8702.0,-1298.0,-26.15,73.85,-26.15,738.5,-261.5,7385.0,-2615.0,13.0,113.0,13.0,1130.0,130.0,11300.0,1300.0,First Solar to Release Q2 Earnings: Here's What You Need to Know,Zacks,2026-07-28,0.0,2 Cash-Producing Stocks with Promising Prospects and 1 That Underwhelm,StockStory,2026-07-27,0.599,Is Tariff and Operations Litigation Altering The Investment Case For First Solar (FSLR)?,Simply Wall St.,2026-07-25,-0.202,,,,,,,,,,
BEPC,Brookfield Renewable Corp,Energy,clean-energy,NYSE,32.54,-1.75%,-4.77%,-12.60%,-16.88%,-11%,5.935,1.159,,1.67,2318735,15052735,33623835,481.0,,hold,2.83,-1.75,98.25,-1.75,982.5,-17.5,9825.0,-175.0,-4.77,95.23,-4.77,952.3,-47.7,9523.0,-477.0,-12.6,87.4,-12.6,874.0,-126.0,8740.0,-1260.0,-16.88,83.12,-16.88,831.2,-168.8,8312.0,-1688.0,-11.0,89.0,-11.0,890.0,-110.0,8900.0,-1100.0,NextEra Energy vs Brookfield Renewable: The Better Dividend Stock,24/7 Wall St.,2026-07-25,0.612,These 2 Top High-Yield Dividend Stocks Are Simplifying. Here's What That Means for Dividend Investors.,Motley Fool,2026-07-22,0.202,Brookfield Renewable to Simplify Corporate Structure,MT Newswires,2026-07-22,0.0,,,,,,,,,,
DNNGY,Ørsted,Energy,clean-energy,NASDAQ,7.19,-3.10%,-5.27%,-2.57%,+7.88%,-54%,28.495,0.636,,0.11,10550,247550,2063350,,,strong_buy,1.0,-3.1,96.9,-3.1,969.0,-31.0,9690.0,-310.0,-5.27,94.73,-5.27,947.3,-52.7,9473.0,-527.0,-2.57,97.43,-2.57,974.3,-25.7,9743.0,-257.0,7.88,107.88,7.88,1078.8,78.8,10788.0,788.0,-54.0,46.0,-54.0,460.0,-540.0,4600.0,-5400.0,Energy & Utilities Roundup: Market Talk,The Wall Street Journal,2026-06-05,0.273,Ørsted Advances Flagship Offshore Wind Projects With Earnings And Risk In Focus,Simply Wall St.,2026-05-17,-0.178,Ørsted and PGE kick off offshore installation of Baltica 2 project,Energy Global,2026-05-14,0.0,,,,,,,,,,
AAPL,Apple,MegaCap,big-tech,NASDAQ,340,+0.76%,+3.77%,+20.71%,+25.72%,+59%,4994.876,1.097,41.22,55.54,50765695,227456095,1065897395,32.0,1.0,buy,2.02,0.76,100.76,0.76,1007.6,7.6,10076.0,76.0,3.77,103.77,3.77,1037.7,37.7,10377.0,377.0,20.71,120.71,20.71,1207.1,207.1,12071.0,2071.0,25.72,125.72,25.72,1257.2,257.2,12572.0,2572.0,59.0,159.0,59.0,1590.0,590.0,15900.0,5900.0,Apple's market cap tops $5T: How AI weakness became a strength,Yahoo Finance Video,2026-07-28,0.572,Apple's Tim Cook on succession: John Ternus is 'ready to be a first-class CEO',Yahoo Finance Video,2026-07-28,0.511,"Update: US Equity Indexes Mixed as Chipmakers Weigh Ahead of Mag-7 Results, Crude Oil Drops Amid Halt in Middle East Strikes",MT Newswires,2026-07-28,-0.735,6,buy,0.82,"YTD +23.11%, 1M +21.03%, 1D +3.71%, P/E 40.32, Services revenue continues to grow double-digit, and AI integration across iPhone ecosystem provides catalyst.",1M +21.03% surge; YTD +23.11%; Services revenue growth; AI ecosystem catalyst,,,,,
MSFT,Microsoft,MegaCap,big-tech,NASDAQ,393,+0.99%,-1.11%,+6.72%,-16.46%,-24%,2921.975,1.13,23.4,39.19,32162591,146172491,692872991,94.0,1.24,strong_buy,1.34,0.99,100.99,0.99,1009.9,9.9,10099.0,99.0,-1.11,98.89,-1.11,988.9,-11.1,9889.0,-111.0,6.72,106.72,6.72,1067.2,67.2,10672.0,672.0,-16.46,83.54,-16.46,835.4,-164.6,8354.0,-1646.0,-24.0,76.0,-24.0,760.0,-240.0,7600.0,-2400.0,"Big Tech will fund more than a third of its AI investments with debt in 2027, Goldman Sachs predicts",Yahoo Finance,2026-07-28,-0.361,Does New Partner AI Integrations Shift the Risk‑Reward Around Microsoft’s (MSFT) Massive Cloud Capex?,Simply Wall St.,2026-07-28,0.0,"Value Outperforms Growth This Year, Powered By…AI Stocks?",The Wall Street Journal,2026-07-28,0.612,,,,,,,,,,
NVDA,NVIDIA,MegaCap,big-tech,NASDAQ,197,+0.44%,-4.96%,+1.05%,+4.45%,+12%,4771.779,2.211,30.22,154.09,125138253,642479653,2742282353,51.0,1.39,strong_buy,1.3,0.44,100.44,0.44,1004.4,4.4,10044.0,44.0,-4.96,95.04,-4.96,950.4,-49.6,9504.0,-496.0,1.05,101.05,1.05,1010.5,10.5,10105.0,105.0,4.45,104.45,4.45,1044.5,44.5,10445.0,445.0,12.0,112.0,12.0,1120.0,120.0,11200.0,1200.0,"Micron, SK Hynix stocks sink as AI chip sell-off deepens",Yahoo Finance,2026-07-28,0.0,CLARITY Act hits summer roadblock,Yahoo Finance Video,2026-07-28,0.532,Why Coca-Cola Stock Climbed to an All-Time High Today,Motley Fool,2026-07-28,0.0,,,,,,,,,,
GOOGL,Alphabet,MegaCap,big-tech,NASDAQ,334,+2.06%,-3.87%,-5.64%,+6.03%,+67%,4081.252,1.247,16.75,33.14,27157077,196189077,615952677,27.0,1.34,strong_buy,1.39,2.06,102.06,2.06,1020.6,20.6,10206.0,206.0,-3.87,96.13,-3.87,961.3,-38.7,9613.0,-387.0,-5.64,94.36,-5.64,943.6,-56.4,9436.0,-564.0,6.03,106.03,6.03,1060.3,60.3,10603.0,603.0,67.0,167.0,67.0,1670.0,670.0,16700.0,6700.0,"Earnings live: Avis stock plunges as earnings fall short amid the summer travel season, Ford stock gains",Yahoo Finance,2026-07-27,0.34,Tech stocks today: Big Tech earnings this week mark a pivotal moment for the AI trade,Yahoo Finance,2026-07-27,0.0,"Apple tops $5 trillion market cap, only second company to hit the milestone",Yahoo Finance,2026-07-28,0.511,,,,,,,,,,
META,Meta Platforms,MegaCap,big-tech,NASDAQ,593,-0.39%,-7.83%,+5.48%,-8.60%,-15%,1506.326,1.246,21.58,18.29,10870647,60083847,390520447,35.0,1.72,strong_buy,1.35,-0.39,99.61,-0.39,996.1,-3.9,9961.0,-39.0,-7.83,92.17,-7.83,921.7,-78.3,9217.0,-783.0,5.48,105.48,5.48,1054.8,54.8,10548.0,548.0,-8.6,91.4,-8.6,914.0,-86.0,9140.0,-860.0,-15.0,85.0,-15.0,850.0,-150.0,8500.0,-1500.0,"Big Tech will fund more than a third of its AI investments with debt in 2027, Goldman Sachs predicts",Yahoo Finance,2026-07-28,-0.361,"Update: US Equity Indexes Mixed as Chipmakers Weigh Ahead of Mag-7 Results, Crude Oil Drops Amid Halt in Middle East Strikes",MT Newswires,2026-07-28,-0.735,"US stocks mixed ahead key tech earnings, Fed",Reuters,2026-07-28,0.0,10,buy,0.72,"1M +9.64%, P/E 21.64, strong_buy consensus (score 1.35), massive AI infrastructure capex and Reels monetization driving ad revenue recovery.",1M +9.64%; P/E 21.64 discount to tech peers; AI capex catalyst; ad revenue recovery,,,,,
AMZN,Amazon,MegaCap,big-tech,NASDAQ,231,-0.29%,-6.74%,-3.86%,+1.92%,+0%,2483.386,1.461,27.65,48.69,42368131,193963031,878948631,,1.09,strong_buy,1.34,-0.29,99.71,-0.29,997.1,-2.9,9971.0,-29.0,-6.74,93.26,-6.74,932.6,-67.4,9326.0,-674.0,-3.86,96.14,-3.86,961.4,-38.6,9614.0,-386.0,1.92,101.92,1.92,1019.2,19.2,10192.0,192.0,0.0,100.0,0.0,1000.0,0.0,10000.0,0.0,Apple's market cap tops $5T: How AI weakness became a strength,Yahoo Finance Video,2026-07-28,0.572,"Big Tech will fund more than a third of its AI investments with debt in 2027, Goldman Sachs predicts",Yahoo Finance,2026-07-28,-0.361,"Meta, Amazon: Why this analyst feels 'less confident' in one",Yahoo Finance Video,2026-07-28,0.558,,,,,,,,,,
TSLA,Tesla,MegaCap,big-tech,NASDAQ,307,-0.21%,-18.87%,-25.35%,-29.82%,-4%,1214.249,1.802,284.67,48.05,38773921,292705821,920595021,,2.0,buy,2.35,-0.21,99.79,-0.21,997.9,-2.1,9979.0,-21.0,-18.87,81.13,-18.87,811.3,-188.7,8113.0,-1887.0,-25.35,74.65,-25.35,746.5,-253.5,7465.0,-2535.0,-29.82,70.18,-29.82,701.8,-298.2,7018.0,-2982.0,-4.0,96.0,-4.0,960.0,-40.0,9600.0,-400.0,"Mag 7 earnings: Alphabet 'really set the tone,' strategist says",Yahoo Finance Video,2026-07-28,0.0,Tesla stock hasn't been this oversold in more than a year,Yahoo Finance,2026-07-28,0.0,"US stocks mixed ahead key tech earnings, Fed",Reuters,2026-07-28,0.0,,,,,,,,,,
NFLX,Netflix,MegaCap,big-tech,NASDAQ,72,+2.26%,+5.42%,-1.88%,-20.44%,-40%,301.428,1.517,22.76,43.21,46873913,213534613,1038247913,,2.41,buy,1.73,2.26,102.26,2.26,1022.6,22.6,10226.0,226.0,5.42,105.42,5.42,1054.2,54.2,10542.0,542.0,-1.88,98.12,-1.88,981.2,-18.8,9812.0,-188.0,-20.44,79.56,-20.44,795.6,-204.4,7956.0,-2044.0,-40.0,60.0,-40.0,600.0,-400.0,6000.0,-4000.0,Alphabet Stock's Biggest Risk Is A Profit Margin Built On Borrowed Gains,Trefis,2026-07-28,0.494,The Profit Engine That Could Power Netflix Stock's Next Rally,Trefis,2026-07-28,0.44,Warner Bros. Deal Collapse Would Cost the Ellisons $9.8 Billion,Bloomberg,2026-07-28,-0.494,,,,,,,,,,
JPM,JPMorgan Chase,MegaCap,financials,NYSE,357,+0.31%,+3.50%,+8.96%,+11.34%,+20%,949.801,0.982,15.32,9.44,6524675,40883575,204563775,168.0,1.11,buy,2.09,0.31,100.31,0.31,1003.1,3.1,10031.0,31.0,3.5,103.5,3.5,1035.0,35.0,10350.0,350.0,8.96,108.96,8.96,1089.6,89.6,10896.0,896.0,11.34,111.34,11.34,1113.4,113.4,11134.0,1134.0,20.0,120.0,20.0,1200.0,200.0,12000.0,2000.0,Traders Make Record Rush to Fed Futures as Doubts Shadow Market,Bloomberg,2026-07-28,-0.296,"JPMorgan's Record Quarter Came as Jamie Dimon Warned of ""Tectonic"" Risks Below the Surface",Motley Fool,2026-07-28,-0.494,"Whitney Warns of Economic Reckoning This Year, Sees Fed on Hold",Bloomberg,2026-07-28,-0.103,,,,,,,,,,
BAC,Bank of America,MegaCap,financials,NYSE,63,+0.71%,+2.29%,+8.19%,+13.14%,+30%,444.389,1.175,14.46,36.28,22507659,169180959,714319659,206.0,,buy,1.54,0.71,100.71,0.71,1007.1,7.1,10071.0,71.0,2.29,102.29,2.29,1022.9,22.9,10229.0,229.0,8.19,108.19,8.19,1081.9,81.9,10819.0,819.0,13.14,113.14,13.14,1131.4,131.4,11314.0,1314.0,30.0,130.0,30.0,1300.0,300.0,13000.0,3000.0,Citadel Securities’ Fed Rate Hike Call Adds to Market Angst,Bloomberg,2026-07-28,0.0,Honeywell upgraded by Bank of America on stronger order trends,Proactive,2026-07-28,0.382,Coca-Cola Stock Pops After Earnings Shine a Light on Consumer Spending,Barrons.com,2026-07-28,0.0,,,,,,,,,,
BRK-B,Berkshire Hathaway B,MegaCap,financials,NYSE,512,+3.17%,+4.64%,+3.30%,+3.12%,+4%,1105.107,0.607,15.24,4.93,4803011,18280711,86486611,,0.96,none,,3.17,103.17,3.17,1031.7,31.7,10317.0,317.0,4.64,104.64,4.64,1046.4,46.4,10464.0,464.0,3.3,103.3,3.3,1033.0,33.0,10330.0,330.0,3.12,103.12,3.12,1031.2,31.2,10312.0,312.0,4.0,104.0,4.0,1040.0,40.0,10400.0,400.0,Berkshire Isn’t the Only Big Name Loading Up on Alphabet. This Investor Bet Even Bigger,24/7 Wall St.,2026-07-28,0.0,Warren Buffett’s 2 rules look prescient as the S&P 500 slides,TheStreet,2026-07-28,0.0,Should BRK.B Stock Be in Your Portfolio Ahead of Q2 Earnings?,Zacks,2026-07-28,0.0,,,,,,,,,,
V,Visa,MegaCap,financials,NYSE,367,+1.27%,+3.03%,+7.30%,+6.24%,+3%,697.16,0.754,31.99,8.35,10954577,30873977,169428777,74.0,1.42,strong_buy,1.37,1.27,101.27,1.27,1012.7,12.7,10127.0,127.0,3.03,103.03,3.03,1030.3,30.3,10303.0,303.0,7.3,107.3,7.3,1073.0,73.0,10730.0,730.0,6.24,106.24,6.24,1062.4,62.4,10624.0,624.0,3.0,103.0,3.0,1030.0,30.0,10300.0,300.0,"Elon Musk launches invite-only X Money with a Visa debit card, 6% yield and real-time transfers",Associated Press,2026-07-28,0.0,Visa Third-Quarter Results Outpace Expectations as Payments Volume Increases,MT Newswires,2026-07-28,0.0,Visa posts double-digit revenue growth on resilient consumer spending,Investing.com,2026-07-28,0.382,,,,,,,,,,
MA,Mastercard,MegaCap,financials,NYSE,563,+3.81%,+4.54%,+10.61%,+0.42%,-2%,497.237,0.729,32.59,3.77,3124642,12426142,65505442,63.0,1.03,strong_buy,1.37,3.81,103.81,3.81,1038.1,38.1,10381.0,381.0,4.54,104.54,4.54,1045.4,45.4,10454.0,454.0,10.61,110.61,10.61,1106.1,106.1,11061.0,1061.0,0.42,100.42,0.42,1004.2,4.2,10042.0,42.0,-2.0,98.0,-2.0,980.0,-20.0,9800.0,-200.0,Visa Third-Quarter Results Outpace Expectations as Payments Volume Increases,MT Newswires,2026-07-28,0.0,"Visa Stock Rises as Report Signals 2,600 Job Cuts",GuruFocus.com,2026-07-28,-0.296,Forget the Mag 7. Watch These 5 Top Earnings Charts Instead,Zacks,2026-07-28,-0.026,5,buy,0.82,"1M +10.56%, 1D +2.37%, P/E 31.25, analyst consensus strong_buy, benefiting from resilient cross-border payment volumes and rate-cut expectations boosting fintech.",1M +10.56% momentum; strong_buy consensus; P/E 31.25 reasonable; cross-border spending tailwind,,,,,
GS,Goldman Sachs,MegaCap,financials,NYSE,1033,-1.23%,-4.81%,+1.29%,+14.11%,+43%,304.843,1.292,15.95,2.15,1719168,9030868,40976568,191.0,2.15,hold,2.6,-1.23,98.77,-1.23,987.7,-12.3,9877.0,-123.0,-4.81,95.19,-4.81,951.9,-48.1,9519.0,-481.0,1.29,101.29,1.29,1012.9,12.9,10129.0,129.0,14.11,114.11,14.11,1141.1,141.1,11411.0,1411.0,43.0,143.0,43.0,1430.0,430.0,14300.0,4300.0,"Whitney Warns of Economic Reckoning This Year, Sees Fed on Hold",Bloomberg,2026-07-28,-0.103,Hedge funds on track for another stellar year on AI boom,Reuters,2026-07-28,0.0,Wall Street Banks Eyed as Overlooked Beneficiaries of AI Trade,Bloomberg,2026-07-28,0.402,,,,,,,,,,
BLK,BlackRock,MegaCap,financials,NYSE,1098,+4.09%,+5.71%,+15.51%,+2.29%,-5%,178.464,1.443,26.29,0.75,1043763,3608063,17122763,216.0,1.38,buy,1.53,4.09,104.09,4.09,1040.9,40.9,10409.0,409.0,5.71,105.71,5.71,1057.1,57.1,10571.0,571.0,15.51,115.51,15.51,1155.1,155.1,11551.0,1551.0,2.29,102.29,2.29,1022.9,22.9,10229.0,229.0,-5.0,95.0,-5.0,950.0,-50.0,9500.0,-500.0,Meta to report Q2 earnings amid AI investing concerns,Yahoo Finance,2026-07-28,0.0,Meta Unveils $14 Billion AI Data-Center Venture With BlackRock,GuruFocus.com,2026-07-28,0.0,Sector Update: Tech Stocks Fall Late Afternoon,MT Newswires,2026-07-28,0.0,,,,,,,,,,
LLY,Eli Lilly,MegaCap,healthcare,NYSE,1221,+2.01%,+3.85%,-0.75%,+13.37%,+57%,1088.513,0.506,43.38,3.16,2374056,9415856,52382756,58.0,1.15,buy,1.71,2.01,102.01,2.01,1020.1,20.1,10201.0,201.0,3.85,103.85,3.85,1038.5,38.5,10385.0,385.0,-0.75,99.25,-0.75,992.5,-7.5,9925.0,-75.0,13.37,113.37,13.37,1133.7,133.7,11337.0,1337.0,57.0,157.0,57.0,1570.0,570.0,15700.0,5700.0,What Johnson & Johnson Stock Told You Before It Surged,Trefis,2026-07-28,0.0,Does Eli Lilly Stock Actually Diversify Your Portfolio?,Trefis,2026-07-28,0.0,"INCY Q2 Earnings & Revenues Beat on Higher Sales, '26 View Raised",Zacks,2026-07-28,0.0,,,,,,,,,,
UNH,UnitedHealth Group,MegaCap,healthcare,NYSE,429,+2.68%,-1.73%,+2.14%,+29.19%,+60%,389.403,0.633,32.29,6.59,5907652,23378652,120060752,222.0,2.13,buy,1.59,2.68,102.68,2.68,1026.8,26.8,10268.0,268.0,-1.73,98.27,-1.73,982.7,-17.3,9827.0,-173.0,2.14,102.14,2.14,1021.4,21.4,10214.0,214.0,29.19,129.19,29.19,1291.9,291.9,12919.0,2919.0,60.0,160.0,60.0,1600.0,600.0,16000.0,6000.0,3 Dividend Stocks That Are Crushing the Market in 2026,Motley Fool,2026-07-28,-0.361,Centene Q2 Earnings Beat Estimates on Increasing Premiums,Zacks,2026-07-28,0.0,UHS Beats Q2 Earnings and Revenue Estimates Despite Cost Pressures,Zacks,2026-07-28,0.241,,,,,,,,,,
JNJ,Johnson & Johnson,MegaCap,healthcare,NYSE,267,-1.43%,+6.43%,+3.18%,+30.07%,+58%,642.792,0.235,30.94,8.25,10390341,43553541,172533441,202.0,1.27,buy,1.91,-1.43,98.57,-1.43,985.7,-14.3,9857.0,-143.0,6.43,106.43,6.43,1064.3,64.3,10643.0,643.0,3.18,103.18,3.18,1031.8,31.8,10318.0,318.0,30.07,130.07,30.07,1300.7,300.7,13007.0,3007.0,58.0,158.0,58.0,1580.0,580.0,15800.0,5800.0,"A $1.2 Million Portfolio That Pays $7,000 a Month and Stays Below the IRMAA Surcharge Line",24/7 Wall St.,2026-07-28,0.0,What Johnson & Johnson Stock Told You Before It Surged,Trefis,2026-07-28,0.0,Does Eli Lilly Stock Actually Diversify Your Portfolio?,Trefis,2026-07-28,0.0,,,,,,,,,,
ABBV,AbbVie,MegaCap,healthcare,NYSE,263,+2.09%,+2.77%,+4.23%,+17.49%,+34%,465.02,0.283,129.66,6.91,5188767,24364067,129301367,269.0,1.42,buy,1.74,2.09,102.09,2.09,1020.9,20.9,10209.0,209.0,2.77,102.77,2.77,1027.7,27.7,10277.0,277.0,4.23,104.23,4.23,1042.3,42.3,10423.0,423.0,17.49,117.49,17.49,1174.9,174.9,11749.0,1749.0,34.0,134.0,34.0,1340.0,340.0,13400.0,3400.0,What Johnson & Johnson Stock Told You Before It Surged,Trefis,2026-07-28,0.0,Does Eli Lilly Stock Actually Diversify Your Portfolio?,Trefis,2026-07-28,0.0,"Botox Maker Tops Buy Point, But Here Comes The Earnings Report",Investor's Business Daily,2026-07-28,0.285,,,,,,,,,,
MRK,Merck,MegaCap,healthcare,NYSE,132,+0.70%,+4.40%,+1.89%,+25.65%,+58%,325.572,0.205,37.24,10.29,7078620,36466520,185227520,260.0,1.19,buy,1.82,0.7,100.7,0.7,1007.0,7.0,10070.0,70.0,4.4,104.4,4.4,1044.0,44.0,10440.0,440.0,1.89,101.89,1.89,1018.9,18.9,10189.0,189.0,25.65,125.65,25.65,1256.5,256.5,12565.0,2565.0,58.0,158.0,58.0,1580.0,580.0,15800.0,5800.0,What Johnson & Johnson Stock Told You Before It Surged,Trefis,2026-07-28,0.0,Does Eli Lilly Stock Actually Diversify Your Portfolio?,Trefis,2026-07-28,0.0,3 Major Reasons for Investors to Buy AbbVie Stock Before July 31st,24/7 Wall St.,2026-07-28,0.0,,,,,,,,,,
TMO,Thermo Fisher Scientific,MegaCap,healthcare,NYSE,576,+3.02%,+10.12%,+13.82%,-2.52%,+16%,214.206,0.868,31.02,2.36,2535098,15577198,46368298,34.0,1.43,buy,1.61,3.02,103.02,3.02,1030.2,30.2,10302.0,302.0,10.12,110.12,10.12,1101.2,101.2,11012.0,1012.0,13.82,113.82,13.82,1138.2,138.2,11382.0,1382.0,-2.52,97.48,-2.52,974.8,-25.2,9748.0,-252.0,16.0,116.0,16.0,1160.0,160.0,11600.0,1600.0,Jefferies Global Best Ideas List Has 5 US Dividend Stocks With Huge Total Return Potential,24/7 Wall St.,2026-07-28,0.758,"Beat the Market Like Zacks: Monster Beverage, Carpenter Tech, Usio in Focus",Zacks,2026-07-27,0.361,"Thermo Fisher Scientific's Strong Q2 Not Enough to 'Meaningfully' Change H2 Outlook, RBC Says",MT Newswires,2026-07-24,0.511,8,buy,0.76,"1M +12.36%, 1W +6.72%, P/E 30.58, news sentiment positive (+0.255), strong Q2 earnings, and leadership in life sciences tools with growing bioprocessing demand.",1M +12.36%; 1W +6.72%; positive earnings catalyst; life sciences demand,,,,,
ABT,Abbott Laboratories,MegaCap,healthcare,NYSE,107,+2.45%,+7.63%,+16.53%,-12.02%,-18%,186.844,0.607,34.72,13.33,10176515,52379515,267549215,241.0,1.59,buy,1.67,2.45,102.45,2.45,1024.5,24.5,10245.0,245.0,7.63,107.63,7.63,1076.3,76.3,10763.0,763.0,16.53,116.53,16.53,1165.3,165.3,11653.0,1653.0,-12.02,87.98,-12.02,879.8,-120.2,8798.0,-1202.0,-18.0,82.0,-18.0,820.0,-180.0,8200.0,-1800.0,AllianceBernstein Q2 Earnings Call Highlights,MarketBeat,2026-07-28,0.0,"Abbott Rides Key Diabetes, Oncology and Heart Care Innovation Trends",Zacks,2026-07-28,0.875,Abbott (ABT) Lands Exclusive Rights To FDA Approved Blood Based CRC Test,Simply Wall St.,2026-07-27,0.511,9,buy,0.74,"1M +11.32%, 1W +2.36%, P/E 33.35, dividend yield 2.45%, robust FreeStyle Libre and medical device pipeline, recovering procedure volumes support growth.",1M +11.32%; dividend yield 2.45%; medical device growth; recovery in procedures,,,,,
PG,Procter & Gamble,MegaCap,consumer,NYSE,149,+0.02%,+1.28%,+1.04%,+7.34%,-5%,346.682,0.38,21.77,8.69,9563653,35356553,174686453,293.0,0.99,buy,2.04,0.02,100.02,0.02,1000.2,0.2,10002.0,2.0,1.28,101.28,1.28,1012.8,12.8,10128.0,128.0,1.04,101.04,1.04,1010.4,10.4,10104.0,104.0,7.34,107.34,7.34,1073.4,73.4,10734.0,734.0,-5.0,95.0,-5.0,950.0,-50.0,9500.0,-500.0,"A $1.2 Million Portfolio That Pays $7,000 a Month and Stays Below the IRMAA Surcharge Line",24/7 Wall St.,2026-07-28,0.0,"Boeing Jumps 6%, Coca-Cola Gains 4% in a Dow Double-Shot as Money Rotates Out of AI",24/7 Wall St.,2026-07-28,0.34,Jim Cramer’s Accidental High Yielders Strategy. Buy Quality Dividend Stocks After Market Crashes at Double Their Normal Yield,24/7 Wall St.,2026-07-28,-0.077,,,,,,,,,,
KO,Coca-Cola,MegaCap,consumer,NYSE,88,+5.08%,+7.69%,+6.80%,+29.41%,+21%,379.78,0.349,27.76,17.26,31976054,89350954,361251454,252.0,1.12,buy,1.75,5.08,105.08,5.08,1050.8,50.8,10508.0,508.0,7.69,107.69,7.69,1076.9,76.9,10769.0,769.0,6.8,106.8,6.8,1068.0,68.0,10680.0,680.0,29.41,129.41,29.41,1294.1,294.1,12941.0,2941.0,21.0,121.0,21.0,1210.0,210.0,12100.0,2100.0,"Stock market today: Nasdaq bounces back, S&P 500 and Dow rise as earnings, falling oil prices offset chip weakness",Yahoo Finance,2026-07-28,-0.527,"Coca-Cola stock has best earnings day since 2009, thanks to upbeat guidance & the World Cup",Yahoo Finance Video,2026-07-28,0.796,"A $1.2 Million Portfolio That Pays $7,000 a Month and Stays Below the IRMAA Surcharge Line",24/7 Wall St.,2026-07-28,0.0,,,,,,,,,,
PEP,PepsiCo,MegaCap,consumer,NASDAQ,143,+2.09%,+5.82%,+3.01%,+2.41%,-3%,195.147,0.368,18.72,8.49,10604293,39764893,197933593,423.0,2.66,hold,2.67,2.09,102.09,2.09,1020.9,20.9,10209.0,209.0,5.82,105.82,5.82,1058.2,58.2,10582.0,582.0,3.01,103.01,3.01,1030.1,30.1,10301.0,301.0,2.41,102.41,2.41,1024.1,24.1,10241.0,241.0,-3.0,97.0,-3.0,970.0,-30.0,9700.0,-300.0,Varun Beverages Ltd (NSE:VBL) Q2 2026 Earnings Call Highlights: Strong Revenue Growth and ...,GuruFocus.com,2026-07-28,0.71,2 High-Yield Dividend Stocks to Buy Now,Motley Fool,2026-07-28,0.0,India's Varun Beverages posts higher quarterly profit on healthy volumes,Reuters,2026-07-28,0.681,,,,,,,,,,
MCD,McDonald's,MegaCap,consumer,NYSE,273,+0.89%,+3.45%,+2.19%,-8.85%,-11%,193.982,0.418,22.51,4.53,5164795,23372795,95057795,275.0,1.8,buy,2.12,0.89,100.89,0.89,1008.9,8.9,10089.0,89.0,3.45,103.45,3.45,1034.5,34.5,10345.0,345.0,2.19,102.19,2.19,1021.9,21.9,10219.0,219.0,-8.85,91.15,-8.85,911.5,-88.5,9115.0,-885.0,-11.0,89.0,-11.0,890.0,-110.0,8900.0,-1100.0,"A $1.2 Million Portfolio That Pays $7,000 a Month and Stays Below the IRMAA Surcharge Line",24/7 Wall St.,2026-07-28,0.0,"Boeing Jumps 6%, Coca-Cola Gains 4% in a Dow Double-Shot as Money Rotates Out of AI",24/7 Wall St.,2026-07-28,0.34,Jim Cramer’s Accidental High Yielders Strategy. Buy Quality Dividend Stocks After Market Crashes at Double Their Normal Yield,24/7 Wall St.,2026-07-28,-0.077,,,,,,,,,,
NKE,Nike,MegaCap,consumer,NYSE,43,+2.16%,+0.21%,+3.78%,-30.90%,-46%,63.865,1.128,20.5,23.1,23341874,103660174,520321074,389.0,6.7,buy,2.49,2.16,102.16,2.16,1021.6,21.6,10216.0,216.0,0.21,100.21,0.21,1002.1,2.1,10021.0,21.0,3.78,103.78,3.78,1037.8,37.8,10378.0,378.0,-30.9,69.1,-30.9,691.0,-309.0,6910.0,-3090.0,-46.0,54.0,-46.0,540.0,-460.0,5400.0,-4600.0,NIKE Faces Demand Headwinds: What Lies Ahead for Earnings?,Zacks,2026-07-28,-0.511,The New Material Age? How Technical Textiles Are Engineering Tomorrow,Sourcing Journal,2026-07-27,0.0,Why this analyst calls Nike’s China pivot a high-stakes gamble,Investing.com,2026-07-26,0.0,,,,,,,,,,
WMT,Walmart,MegaCap,consumer,NYSE,113,+1.07%,+2.45%,-1.31%,+0.70%,+14%,900.059,0.603,39.82,22.45,23838807,106265007,459569107,89.0,1.68,buy,1.53,1.07,101.07,1.07,1010.7,10.7,10107.0,107.0,2.45,102.45,2.45,1024.5,24.5,10245.0,245.0,-1.31,98.69,-1.31,986.9,-13.1,9869.0,-131.0,0.7,100.7,0.7,1007.0,7.0,10070.0,70.0,14.0,114.0,14.0,1140.0,140.0,11400.0,1400.0,"Amazon tops Fortune Global 500 list, ending Walmart's 12-year reign",Yahoo Finance Video,2026-07-28,0.612,More Americans admit to shoplifting from Walmart as inflation climbs,TheStreet,2026-07-28,0.268,"Freshpet Poised to Deliver on Q2, Full-Year Financial Targets, Oppenheimer Says",MT Newswires,2026-07-28,0.25,,,,,,,,,,
COST,Costco,MegaCap,consumer,NASDAQ,967,+1.66%,+4.19%,+2.26%,+13.62%,+2%,428.658,0.872,48.6,2.39,2489073,9732773,49100273,62.0,1.57,buy,2.0,1.66,101.66,1.66,1016.6,16.6,10166.0,166.0,4.19,104.19,4.19,1041.9,41.9,10419.0,419.0,2.26,102.26,2.26,1022.6,22.6,10226.0,226.0,13.62,113.62,13.62,1136.2,136.2,11362.0,1362.0,2.0,102.0,2.0,1020.0,20.0,10200.0,200.0,Costco (COST) Is Running A Florida Distribution Center Fully Off The Grid,Simply Wall St.,2026-07-28,0.0,"Freshpet Poised to Deliver on Q2, Full-Year Financial Targets, Oppenheimer Says",MT Newswires,2026-07-28,0.25,Kroger and Albertsons continue to see their market share contract,Grocery Dive,2026-07-28,0.296,,,,,,,,,,
XOM,ExxonMobil,MegaCap,energy-industrial,NYSE,153,-1.11%,+0.88%,+12.48%,+26.46%,+37%,634.343,0.162,25.76,16.87,12791771,68450671,312191171,266.0,1.15,buy,2.32,-1.11,98.89,-1.11,988.9,-11.1,9889.0,-111.0,0.88,100.88,0.88,1008.8,8.8,10088.0,88.0,12.48,112.48,12.48,1124.8,124.8,11248.0,1248.0,26.46,126.46,26.46,1264.6,264.6,12646.0,2646.0,37.0,137.0,37.0,1370.0,370.0,13700.0,3700.0,Sector Update: Energy Stocks Decline Late Afternoon,MT Newswires,2026-07-28,0.273,"Exxon Mobil Offers Limited Upside Potential, BofA Says in Downgrade",MT Newswires,2026-07-28,-0.226,Sector Update: Energy Stocks Decline Tuesday Afternoon,MT Newswires,2026-07-28,0.273,1,strong_buy,0.92,"YTD +29.68%, 1M +14.1%, P/E 26.47, dividend yield 2.63%, strong oil price tailwinds with Brent near $100, and robust demand for energy infrastructure.",YTD +29.68%; strong oil price tailwinds; P/E 26.47 attractive for energy; dividend yield 2.63%,,,,,
CVX,Chevron,MegaCap,energy-industrial,NYSE,188,-1.33%,-1.83%,+11.34%,+22.61%,+21%,373.584,0.488,32.68,9.24,7378103,35740103,174093303,375.0,1.03,buy,1.72,-1.33,98.67,-1.33,986.7,-13.3,9867.0,-133.0,-1.83,98.17,-1.83,981.7,-18.3,9817.0,-183.0,11.34,111.34,11.34,1113.4,113.4,11134.0,1134.0,22.61,122.61,22.61,1226.1,226.1,12261.0,2261.0,21.0,121.0,21.0,1210.0,210.0,12100.0,2100.0,Ranger Energy Services Q2 Earnings Call Highlights,MarketBeat,2026-07-28,0.273,Sector Update: Energy Stocks Decline Late Afternoon,MT Newswires,2026-07-28,0.273,"Exxon Mobil Offers Limited Upside Potential, BofA Says in Downgrade",MT Newswires,2026-07-28,-0.226,2,strong_buy,0.9,"YTD +27.32%, 1M +13.09%, P/E 33.88, dividend yield 3.66% benefiting from elevated oil prices and strong integrated energy margins.",YTD +27.32%; 1M +13.09% momentum; dividend yield 3.66%; energy sector tailwind,,,,,
CAT,Caterpillar,MegaCap,energy-industrial,NYSE,841,-3.46%,-5.52%,-18.47%,+41.37%,+103%,387.289,1.565,41.85,3.14,3458931,13245031,61312731,75.0,1.95,buy,2.07,-3.46,96.54,-3.46,965.4,-34.6,9654.0,-346.0,-5.52,94.48,-5.52,944.8,-55.2,9448.0,-552.0,-18.47,81.53,-18.47,815.3,-184.7,8153.0,-1847.0,41.37,141.37,41.37,1413.7,413.7,14137.0,4137.0,103.0,203.0,103.0,2030.0,1030.0,20300.0,10300.0,What Makes Caterpillar (CAT) a New Buy Stock,Zacks,2026-07-28,0.0,Caterpillar (CAT) Earnings Expected to Grow: What to Know Ahead of Next Week's Release,Zacks,2026-07-28,0.0,"After Ford Soars 44% on AI Fever, Traders Want Proof It’s Real",Bloomberg,2026-07-28,0.077,,,,,,,,,,
HON,Honeywell,MegaCap,energy-industrial,NASDAQ,247,-0.24%,+7.48%,+8.45%,+21.52%,+12%,78.3,0.93,9.5,4.67,2872027,20852927,88267427,114.0,3.02,buy,1.96,-0.24,99.76,-0.24,997.6,-2.4,9976.0,-24.0,7.48,107.48,7.48,1074.8,74.8,10748.0,748.0,8.45,108.45,8.45,1084.5,84.5,10845.0,845.0,21.52,121.52,21.52,1215.2,215.2,12152.0,2152.0,12.0,112.0,12.0,1120.0,120.0,11200.0,1200.0,Honeywell upgraded by Bank of America on stronger order trends,Proactive,2026-07-28,0.382,Honeywell vs. Rockwell: Which Industrial Automation Stock Has Greater Upside?,Zacks,2026-07-28,0.361,"Honeywell's Order Strength Improves Growth Visibility After Aerospace Separation, BofA Says",MT Newswires,2026-07-28,0.823,,,,,,,,,,
GE,GE Aerospace,MegaCap,energy-industrial,NYSE,364,+0.47%,+6.72%,-2.59%,+13.66%,+34%,377.247,1.348,41.89,5.01,3624090,18445890,87374690,52.0,1.44,strong_buy,1.45,0.47,100.47,0.47,1004.7,4.7,10047.0,47.0,6.72,106.72,6.72,1067.2,67.2,10672.0,672.0,-2.59,97.41,-2.59,974.1,-25.9,9741.0,-259.0,13.66,113.66,13.66,1136.6,136.6,11366.0,1366.0,34.0,134.0,34.0,1340.0,340.0,13400.0,3400.0,Can PLTR Stock Live Up To Its Multiple?,Trefis,2026-07-28,0.0,GE Aerospace Slumps: Buy the Dip or Avoid?,Motley Fool,2026-07-28,-0.296,Meet the ‘AI Centurions’—6 formerly sleepy stocks that now have market caps over $100 billion,Fortune,2026-07-28,0.0,,,,,,,,,,
RTX,RTX Corp,MegaCap,energy-industrial,NYSE,219,-0.26%,+12.86%,+16.68%,+17.61%,+39%,294.593,0.298,38.48,5.4,7775859,36994159,102966259,134.0,1.27,buy,1.87,-0.26,99.74,-0.26,997.4,-2.6,9974.0,-26.0,12.86,112.86,12.86,1128.6,128.6,11286.0,1286.0,16.68,116.68,16.68,1166.8,166.8,11668.0,1668.0,17.61,117.61,17.61,1176.1,176.1,11761.0,1761.0,39.0,139.0,39.0,1390.0,390.0,13900.0,3900.0,"Top Analyst Reports for Alphabet, AMD & RTX",Zacks,2026-07-28,0.202,"Aging Jets, Rising Threats: Why RTX Corporation (RTX) Just Raised Its 2026 Outlook",Insider Monkey,2026-07-28,-0.421,RTX (RTX) Stock May Be Below Fair Value On Cash Flow Yet Full On Earnings,Simply Wall St.,2026-07-28,0.572,4,buy,0.85,"YTD +14.49%, 1W +9.96%, 1M +14.04%, P/E 37.46, defense and aerospace backlog at record levels, and increasing geopolitical tensions driving orders.",1M +14.04%; 1W +9.96%; defense spending catalyst; P/E 37.46 premium justified by backlog,,,,,
BA,Boeing,MegaCap,energy-industrial,NYSE,222,+4.30%,+8.18%,+3.20%,-2.73%,-6%,174.656,1.205,87.23,6.24,9697138,31012338,114309938,,0.02,buy,1.68,4.3,104.3,4.3,1043.0,43.0,10430.0,430.0,8.18,108.18,8.18,1081.8,81.8,10818.0,818.0,3.2,103.2,3.2,1032.0,32.0,10320.0,320.0,-2.73,97.27,-2.73,972.7,-27.3,9727.0,-273.0,-6.0,94.0,-6.0,940.0,-60.0,9400.0,-600.0,"Stock market today: Nasdaq bounces back, S&P 500 and Dow rise as earnings, falling oil prices offset chip weakness",Yahoo Finance,2026-07-28,-0.527,The Boeing Company Q2 2026 Earnings Call Summary,Moby,2026-07-28,0.0,Boeing Shares Surge To Regain Support After Q2 Results,Investor's Business Daily,2026-07-28,0.599,,,,,,,,,,
AMD,Advanced Micro Devices,MegaCap,tech-semis,NASDAQ,455,-7.50%,-16.50%,-15.73%,+103.44%,+179%,741.304,2.469,150.54,33.39,35827897,146760697,579294697,,2.45,strong_buy,1.49,-7.5,92.5,-7.5,925.0,-75.0,9250.0,-750.0,-16.5,83.5,-16.5,835.0,-165.0,8350.0,-1650.0,-15.73,84.27,-15.73,842.7,-157.3,8427.0,-1573.0,103.44,203.44,103.44,2034.4,1034.4,20344.0,10344.0,179.0,279.0,179.0,2790.0,1790.0,27900.0,17900.0,"Micron, SK Hynix stocks sink as AI chip sell-off deepens",Yahoo Finance,2026-07-28,0.0,"Dow Jones Futures: Market Strong Outside AI; Seagate, SK Hynix, KLA, Bloom Energy Earnings Late",Investor's Business Daily,2026-07-28,0.66,Core Scientific Inc (CORZ) Q2 2026 Earnings Call Highlights: Strategic Partnerships and Robust ...,GuruFocus.com,2026-07-28,0.34,,,,,,,,,,
QCOM,Qualcomm,MegaCap,tech-semis,NASDAQ,163,-4.08%,-6.12%,-13.69%,-4.88%,+5%,171.676,1.638,17.51,22.78,15382725,56472925,294807125,216.0,3.84,hold,2.56,-4.08,95.92,-4.08,959.2,-40.8,9592.0,-408.0,-6.12,93.88,-6.12,938.8,-61.2,9388.0,-612.0,-13.69,86.31,-13.69,863.1,-136.9,8631.0,-1369.0,-4.88,95.12,-4.88,951.2,-48.8,9512.0,-488.0,5.0,105.0,5.0,1050.0,50.0,10500.0,500.0,"Micron, SK Hynix stocks sink as AI chip sell-off deepens",Yahoo Finance,2026-07-28,0.0,Qualcomm’s (QCOM) Samsung Expansion and AI Deals Could Reshape Its Growth Story,Insider Monkey,2026-07-28,0.382,Qualcomm faces crucial test after brutal 35% slide,TheStreet,2026-07-28,-0.625,,,,,,,,,,
AVGO,Broadcom,MegaCap,tech-semis,NASDAQ,381,-0.36%,-1.45%,+2.27%,+9.98%,+29%,1812.21,1.462,63.27,25.92,20238808,87205208,449552908,68.0,1.47,strong_buy,1.31,-0.36,99.64,-0.36,996.4,-3.6,9964.0,-36.0,-1.45,98.55,-1.45,985.5,-14.5,9855.0,-145.0,2.27,102.27,2.27,1022.7,22.7,10227.0,227.0,9.98,109.98,9.98,1099.8,99.8,10998.0,998.0,29.0,129.0,29.0,1290.0,290.0,12900.0,2900.0,Semiconductor stock charts just formed this bearish shape that signals more potential losses,Yahoo Finance,2026-07-27,-0.455,Qualcomm’s (QCOM) Samsung Expansion and AI Deals Could Reshape Its Growth Story,Insider Monkey,2026-07-28,0.382,Chip Stocks Extend Pullback Amid AI Bubble Fears,Investopedia,2026-07-28,-0.273,,,,,,,,,,
TSM,Taiwan Semiconductor,MegaCap,tech-semis,NYSE,392,-1.36%,-7.61%,-13.80%,+23.38%,+65%,2034.706,1.246,34.5,14.01,18055646,68821346,317198246,95.0,0.69,strong_buy,1.42,-1.36,98.64,-1.36,986.4,-13.6,9864.0,-136.0,-7.61,92.39,-7.61,923.9,-76.1,9239.0,-761.0,-13.8,86.2,-13.8,862.0,-138.0,8620.0,-1380.0,23.38,123.38,23.38,1233.8,233.8,12338.0,2338.0,65.0,165.0,65.0,1650.0,650.0,16500.0,6500.0,Semiconductor stock charts just formed this bearish shape that signals more potential losses,Yahoo Finance,2026-07-27,-0.455,Why Amkor Plunged Today,Motley Fool,2026-07-28,0.0,Wall Street’s Top AI Bull Dan Ives Says the Revolution Is Only in the Third Inning. Here’s What That Means for Your Portfolio.,24/7 Wall St.,2026-07-28,0.202,,,,,,,,,,
ASML,ASML Holding,MegaCap,tech-semis,NASDAQ,1583,-4.00%,-12.13%,-15.94%,+36.49%,+130%,608.011,1.394,54.64,1.94,2898185,9652785,43657985,55.0,0.33,strong_buy,1.39,-4.0,96.0,-4.0,960.0,-40.0,9600.0,-400.0,-12.13,87.87,-12.13,878.7,-121.3,8787.0,-1213.0,-15.94,84.06,-15.94,840.6,-159.4,8406.0,-1594.0,36.49,136.49,36.49,1364.9,364.9,13649.0,3649.0,130.0,230.0,130.0,2300.0,1300.0,23000.0,13000.0,"Micron, SK Hynix stocks sink as AI chip sell-off deepens",Yahoo Finance,2026-07-28,0.0,"Stock market today: Dow rises, Nasdaq slips as Nvidia leads chip stocks lower, oil prices plunge",Yahoo Finance,2026-07-27,-0.296,"AI Chip Stocks Tumble as Nvidia, AMD Lead Market Selloff Over Spending Fears",GuruFocus.com,2026-07-28,-0.421,,,,,,,,,,
ARM,Arm Holdings,MegaCap,tech-semis,NASDAQ,245,-7.28%,-15.53%,-28.77%,+113.32%,+63%,261.402,3.77,287.93,10.23,5784157,21921057,123769257,,12.01,buy,1.95,-7.28,92.72,-7.28,927.2,-72.8,9272.0,-728.0,-15.53,84.47,-15.53,844.7,-155.3,8447.0,-1553.0,-28.77,71.23,-28.77,712.3,-287.7,7123.0,-2877.0,113.32,213.32,113.32,2133.2,1133.2,21332.0,11332.0,63.0,163.0,63.0,1630.0,630.0,16300.0,6300.0,"AMD Sinks 8%, Marvell Sinks 7%, Intel Fall 6% as AI Chip Trade Narrows to NVIDIA",24/7 Wall St.,2026-07-28,0.0,"Tech Earnings, Fed Rate Decision: What to Watch This Week",The Wall Street Journal,2026-07-28,0.0,Arm Holdings (ARM) Could Be 40% Undervalued As Earnings Near,Simply Wall St.,2026-07-27,0.0,,,,,,,,,,
INTC,Intel,MegaCap,tech-semis,NASDAQ,86,-5.12%,-18.16%,-34.48%,+119.15%,+349%,435.297,2.187,,131.35,148828659,682446759,2389413159,,2.4,hold,2.56,-5.12,94.88,-5.12,948.8,-51.2,9488.0,-512.0,-18.16,81.84,-18.16,818.4,-181.6,8184.0,-1816.0,-34.48,65.52,-34.48,655.2,-344.8,6552.0,-3448.0,119.15,219.15,119.15,2191.5,1191.5,21915.0,11915.0,349.0,449.0,349.0,4490.0,3490.0,44900.0,34900.0,Why cyclical stocks are poised for a comeback,Yahoo Finance Video,2026-07-28,0.25,"Micron, SK Hynix stocks sink as AI chip sell-off deepens",Yahoo Finance,2026-07-28,0.0,Intel Is Down By 39% Since June. Time to Buy?,Motley Fool,2026-07-28,0.0,,,,,,,,,,
2222.SR,Saudi Aramco,MegaCap,global-growth,TADAWUL,7.01,-0.75%,-1.50%,-1.13%,+12.93%,+10%,1694.815,0.015,17.08,11.56,5150184,36969427,175623993,511.0,,buy,2.11,-0.75,99.25,-0.75,992.5,-7.5,9925.0,-75.0,-1.5,98.5,-1.5,985.0,-15.0,9850.0,-150.0,-1.13,98.87,-1.13,988.7,-11.3,9887.0,-113.0,12.93,112.93,12.93,1129.3,129.3,11293.0,1293.0,10.0,110.0,10.0,1100.0,100.0,11000.0,1000.0,Dollar Gains on US Economic Strength,Barchart,2026-07-27,0.681,Crude Oil Prices Sink on Hopes for US-Iran Diplomacy,Barchart,2026-07-27,-0.226,Are Halliburton’s (HAL) New Aramco Deals Quietly Redefining Its Long-Term Business Mix?,Simply Wall St.,2026-07-23,0.0,,,,,,,,,,
BABA,Alibaba Group,MegaCap,global-growth,NYSE,115,-0.01%,-2.36%,+20.61%,-25.36%,-4%,276.096,0.496,17.72,12.59,6387357,38149057,266061857,91.0,1.79,strong_buy,1.32,-0.01,99.99,-0.01,999.9,-0.1,9999.0,-1.0,-2.36,97.64,-2.36,976.4,-23.6,9764.0,-236.0,20.61,120.61,20.61,1206.1,206.1,12061.0,2061.0,-25.36,74.64,-25.36,746.4,-253.6,7464.0,-2536.0,-4.0,96.0,-4.0,960.0,-40.0,9600.0,-400.0,Oracle vs. Alibaba: Which Cloud & AI Giant Should You Buy Right Now?,Zacks,2026-07-28,0.0,China’s Making Memory with its New Biggest Company,The Daily Upside,2026-07-28,0.0,Anthropic’s Amodei Rejects Open Model Ban But Calls for Testing,Bloomberg,2026-07-28,-0.527,7,buy,0.78,"1M +17.96%, P/E 17.28, strong_buy analyst consensus (score 1.32), cloud and international commerce growth offset domestic headwinds, bargain valuation.",1M +17.96% rebound; P/E 17.28 undervalued; strong_buy consensus; cloud business growth,,,,,
SAP,SAP SE,MegaCap,global-growth,NYSE,179,+5.16%,+16.09%,+15.67%,-23.06%,-41%,211.229,0.743,23.61,3.19,4125418,23314318,65293818,171.0,0.82,buy,1.56,5.16,105.16,5.16,1051.6,51.6,10516.0,516.0,16.09,116.09,16.09,1160.9,160.9,11609.0,1609.0,15.67,115.67,15.67,1156.7,156.7,11567.0,1567.0,-23.06,76.94,-23.06,769.4,-230.6,7694.0,-2306.0,-41.0,59.0,-41.0,590.0,-410.0,5900.0,-4100.0,SAP (XTRA:SAP) Stock Looks Undervalued While 1 Year Returns Stay Weak,Simply Wall St.,2026-07-28,-0.44,How SAP's AI and Cloud Strategy Is Reshaping Its Growth Outlook Now,Zacks,2026-07-28,0.382,Is SAP Stock a Buy After the 2026 Selloff and Profit Outlook Cut?,Zacks,2026-07-28,0.202,,,,,,,,,,
SONY,Sony Group,MegaCap,global-growth,NYSE,23,+1.84%,+8.04%,+11.16%,-12.25%,-8%,133.364,0.744,21.63,6.45,9163892,27222592,100653492,71.0,0.25,none,,1.84,101.84,1.84,1018.4,18.4,10184.0,184.0,8.04,108.04,8.04,1080.4,80.4,10804.0,804.0,11.16,111.16,11.16,1111.6,111.6,11116.0,1116.0,-12.25,87.75,-12.25,877.5,-122.5,8775.0,-1225.0,-8.0,92.0,-8.0,920.0,-80.0,9200.0,-800.0,Sony Group (TSE:6758) And The Entertainment Narrative As Valuation Questions Build,Simply Wall St.,2026-07-25,0.421,Sony (SONY) Laps the Stock Market: Here's Why,Zacks,2026-07-24,0.0,Sony (SONY) Stock Moves -1.10%: What You Should Know,Zacks,2026-07-23,0.0,,,,,,,,,,
TM,Toyota Motor,MegaCap,global-growth,NYSE,186,+2.64%,+3.30%,+8.72%,-14.49%,-1%,220.599,0.321,10.3,0.51,368697,1874797,9407897,344.0,0.07,strong_buy,1.5,2.64,102.64,2.64,1026.4,26.4,10264.0,264.0,3.3,103.3,3.3,1033.0,33.0,10330.0,330.0,8.72,108.72,8.72,1087.2,87.2,10872.0,872.0,-14.49,85.51,-14.49,855.1,-144.9,8551.0,-1449.0,-1.0,99.0,-1.0,990.0,-10.0,9900.0,-100.0,Toyota doubles down on EVs while rivals retreat,TheStreet,2026-07-28,0.202,Toyota takes one-third stake in fuel cell JV Cellcentric,Just Auto,2026-07-27,0.0,"Exchange-Traded Funds, Equity Futures Higher Pre-Bell Monday as Oil Prices Fall",MT Newswires,2026-07-27,0.0,,,,,,,,,,
NVO,Novo Nordisk,MegaCap,global-growth,NYSE,51,+2.58%,+3.20%,+5.42%,+0.84%,-8%,225.34,0.36,12.22,12.93,9496495,43566195,187035995,363.0,0.98,buy,2.43,2.58,102.58,2.58,1025.8,25.8,10258.0,258.0,3.2,103.2,3.2,1032.0,32.0,10320.0,320.0,5.42,105.42,5.42,1054.2,54.2,10542.0,542.0,0.84,100.84,0.84,1008.4,8.4,10084.0,84.0,-8.0,92.0,-8.0,920.0,-80.0,9200.0,-800.0,Where Will Novo Nordisk Stock Be in 3 Years?,Motley Fool,2026-07-28,0.0,Jim Cramer Wants Novo Nordisk A/S (NYSE:NVO) To Compete With Eli Lilly In The Market & Not The Courts,Insider Monkey,2026-07-25,0.0,Sector Update: Healthcare Stocks Higher Late Afternoon,MT Newswires,2026-07-24,0.0,,,,,,,,,,
HSBC,HSBC Holdings,MegaCap,global-growth,NYSE,104,-0.77%,+2.55%,+9.07%,+33.26%,+60%,355.654,0.565,17.14,1.56,958572,6009772,26836872,361.0,,buy,2.33,-0.77,99.23,-0.77,992.3,-7.7,9923.0,-77.0,2.55,102.55,2.55,1025.5,25.5,10255.0,255.0,9.07,109.07,9.07,1090.7,90.7,10907.0,907.0,33.26,133.26,33.26,1332.6,332.6,13326.0,3326.0,60.0,160.0,60.0,1600.0,600.0,16000.0,6000.0,HSBC to Divest Singapore Insurance Unit to Allianz for $2.09B,Zacks,2026-07-28,0.0,4 High Shareholder Yield Stocks to Buy Amid Rising Uncertainty,Zacks,2026-07-28,-0.34,HSBC sees upside room for stocks as sell signal loses steam,Investing.com,2026-07-28,-0.318,3,strong_buy,0.88,"YTD +32.88%, 1Y +60%, 1M +8.77%, P/E 17.09, dividend yield 3.63% supported by higher global interest rates and robust Asia-Pacific loan growth.",YTD +32.88%; 1Y +60%; P/E 17.09 attractive; dividend yield 3.63%,,,,,
AAPL,Apple,Tech,mega-cap,NASDAQ,340.08,+0.76%,+3.77%,+20.71%,+25.72%,+59%,4994.876,1.097,41.22,55.54,50765695,227456095,1065897395,32.0,1.0,buy,2.02,0.76,100.76,0.76,1007.6,7.6,10076.0,76.0,3.77,103.77,3.77,1037.7,37.7,10377.0,377.0,20.71,120.71,20.71,1207.1,207.1,12071.0,2071.0,25.72,125.72,25.72,1257.2,257.2,12572.0,2572.0,59.0,159.0,59.0,1590.0,590.0,15900.0,5900.0,Apple's market cap tops $5T: How AI weakness became a strength,Yahoo Finance Video,2026-07-28,0.572,Apple's Tim Cook on succession: John Ternus is 'ready to be a first-class CEO',Yahoo Finance Video,2026-07-28,0.511,"Update: US Equity Indexes Mixed as Chipmakers Weigh Ahead of Mag-7 Results, Crude Oil Drops Amid Halt in Middle East Strikes",MT Newswires,2026-07-28,-0.735,8,buy,0.75,"AAPL has exceptional 1M momentum (+21.03%) and a +23.11% YTD return, with a buy analyst consensus (score 2.02) and positive news sentiment (0.243) ahead of earnings.",+21.03% 1M momentum; +23.11% YTD return; buy consensus (2.02); positive news sentiment 0.243,,,,,
MSFT,Microsoft,Tech,mega-cap,NASDAQ,393.35,+0.99%,-1.11%,+6.72%,-16.46%,-24%,2921.975,1.13,23.4,39.19,32162591,146172491,692872991,94.0,1.24,strong_buy,1.34,0.99,100.99,0.99,1009.9,9.9,10099.0,99.0,-1.11,98.89,-1.11,988.9,-11.1,9889.0,-111.0,6.72,106.72,6.72,1067.2,67.2,10672.0,672.0,-16.46,83.54,-16.46,835.4,-164.6,8354.0,-1646.0,-24.0,76.0,-24.0,760.0,-240.0,7600.0,-2400.0,"Big Tech will fund more than a third of its AI investments with debt in 2027, Goldman Sachs predicts",Yahoo Finance,2026-07-28,-0.361,Does New Partner AI Integrations Shift the Risk‑Reward Around Microsoft’s (MSFT) Massive Cloud Capex?,Simply Wall St.,2026-07-28,0.0,"Value Outperforms Growth This Year, Powered By…AI Stocks?",The Wall Street Journal,2026-07-28,0.612,,,,,,,,,,
GOOGL,Alphabet (Google),Tech,mega-cap,NASDAQ,333.71,+2.06%,-3.87%,-5.64%,+6.03%,+67%,4081.252,1.247,16.75,33.14,27157077,196189077,615952677,27.0,1.34,strong_buy,1.39,2.06,102.06,2.06,1020.6,20.6,10206.0,206.0,-3.87,96.13,-3.87,961.3,-38.7,9613.0,-387.0,-5.64,94.36,-5.64,943.6,-56.4,9436.0,-564.0,6.03,106.03,6.03,1060.3,60.3,10603.0,603.0,67.0,167.0,67.0,1670.0,670.0,16700.0,6700.0,"Earnings live: Avis stock plunges as earnings fall short amid the summer travel season, Ford stock gains",Yahoo Finance,2026-07-27,0.34,Tech stocks today: Big Tech earnings this week mark a pivotal moment for the AI trade,Yahoo Finance,2026-07-27,0.0,"Apple tops $5 trillion market cap, only second company to hit the milestone",Yahoo Finance,2026-07-28,0.511,,,,,,,,,,
AMZN,Amazon,Tech,mega-cap,NASDAQ,230.86,-0.29%,-6.74%,-3.86%,+1.92%,+0%,2483.387,1.461,27.65,48.69,42368131,193963031,878948631,,1.09,strong_buy,1.34,-0.29,99.71,-0.29,997.1,-2.9,9971.0,-29.0,-6.74,93.26,-6.74,932.6,-67.4,9326.0,-674.0,-3.86,96.14,-3.86,961.4,-38.6,9614.0,-386.0,1.92,101.92,1.92,1019.2,19.2,10192.0,192.0,0.0,100.0,0.0,1000.0,0.0,10000.0,0.0,Apple's market cap tops $5T: How AI weakness became a strength,Yahoo Finance Video,2026-07-28,0.572,"Big Tech will fund more than a third of its AI investments with debt in 2027, Goldman Sachs predicts",Yahoo Finance,2026-07-28,-0.361,"Meta, Amazon: Why this analyst feels 'less confident' in one",Yahoo Finance Video,2026-07-28,0.558,,,,,,,,,,
META,Meta Platforms,Tech,mega-cap,NASDAQ,593.41,-0.39%,-7.83%,+5.48%,-8.60%,-15%,1506.326,1.246,21.58,18.29,10870647,60083847,390520447,35.0,1.72,strong_buy,1.35,-0.39,99.61,-0.39,996.1,-3.9,9961.0,-39.0,-7.83,92.17,-7.83,921.7,-78.3,9217.0,-783.0,5.48,105.48,5.48,1054.8,54.8,10548.0,548.0,-8.6,91.4,-8.6,914.0,-86.0,9140.0,-860.0,-15.0,85.0,-15.0,850.0,-150.0,8500.0,-1500.0,"Big Tech will fund more than a third of its AI investments with debt in 2027, Goldman Sachs predicts",Yahoo Finance,2026-07-28,-0.361,"Update: US Equity Indexes Mixed as Chipmakers Weigh Ahead of Mag-7 Results, Crude Oil Drops Amid Halt in Middle East Strikes",MT Newswires,2026-07-28,-0.735,"US stocks mixed ahead key tech earnings, Fed",Reuters,2026-07-28,0.0,5,strong_buy,0.76,"META has strong 1M momentum (+9.64%) and a strong_buy analyst consensus (score 1.35), with a reasonable P/E of 21.64 and positive news sentiment (0.312) ahead of earnings.",+9.64% 1M momentum; strong_buy consensus (1.35); P/E 21.64; positive news sentiment 0.312,,,,,
NVDA,NVIDIA,Tech,semiconductors,NASDAQ,197.01,+0.44%,-4.96%,+1.05%,+4.45%,+12%,4771.779,2.211,30.22,154.09,125138253,642479653,2742282353,51.0,1.39,strong_buy,1.3,0.44,100.44,0.44,1004.4,4.4,10044.0,44.0,-4.96,95.04,-4.96,950.4,-49.6,9504.0,-496.0,1.05,101.05,1.05,1010.5,10.5,10105.0,105.0,4.45,104.45,4.45,1044.5,44.5,10445.0,445.0,12.0,112.0,12.0,1120.0,120.0,11200.0,1200.0,"Micron, SK Hynix stocks sink as AI chip sell-off deepens",Yahoo Finance,2026-07-28,0.0,CLARITY Act hits summer roadblock,Yahoo Finance Video,2026-07-28,0.532,Why Coca-Cola Stock Climbed to an All-Time High Today,Motley Fool,2026-07-28,0.0,,,,,,,,,,
AMD,Advanced Micro Devices,Tech,semiconductors,NASDAQ,454.62,-7.50%,-16.50%,-15.73%,+103.44%,+179%,741.304,2.469,150.54,33.39,35827897,146760697,579294697,,2.45,strong_buy,1.49,-7.5,92.5,-7.5,925.0,-75.0,9250.0,-750.0,-16.5,83.5,-16.5,835.0,-165.0,8350.0,-1650.0,-15.73,84.27,-15.73,842.7,-157.3,8427.0,-1573.0,103.44,203.44,103.44,2034.4,1034.4,20344.0,10344.0,179.0,279.0,179.0,2790.0,1790.0,27900.0,17900.0,"Micron, SK Hynix stocks sink as AI chip sell-off deepens",Yahoo Finance,2026-07-28,0.0,"Dow Jones Futures: Market Strong Outside AI; Seagate, SK Hynix, KLA, Bloom Energy Earnings Late",Investor's Business Daily,2026-07-28,0.66,Core Scientific Inc (CORZ) Q2 2026 Earnings Call Highlights: Strategic Partnerships and Robust ...,GuruFocus.com,2026-07-28,0.34,,,,,,,,,,
INTC,Intel,Tech,semiconductors,NASDAQ,86.3,-5.12%,-18.16%,-34.48%,+119.15%,+349%,435.297,2.187,,131.35,148828659,682446759,2389413159,,2.4,hold,2.56,-5.12,94.88,-5.12,948.8,-51.2,9488.0,-512.0,-18.16,81.84,-18.16,818.4,-181.6,8184.0,-1816.0,-34.48,65.52,-34.48,655.2,-344.8,6552.0,-3448.0,119.15,219.15,119.15,2191.5,1191.5,21915.0,11915.0,349.0,449.0,349.0,4490.0,3490.0,44900.0,34900.0,Why cyclical stocks are poised for a comeback,Yahoo Finance Video,2026-07-28,0.25,"Micron, SK Hynix stocks sink as AI chip sell-off deepens",Yahoo Finance,2026-07-28,0.0,Intel Is Down By 39% Since June. Time to Buy?,Motley Fool,2026-07-28,0.0,,,,,,,,,,
TSM,Taiwan Semiconductor,Tech,semiconductors,NYSE,392.31,-1.36%,-7.61%,-13.80%,+23.38%,+65%,2034.705,1.246,34.5,14.01,18055646,68821346,317198246,95.0,0.69,strong_buy,1.42,-1.36,98.64,-1.36,986.4,-13.6,9864.0,-136.0,-7.61,92.39,-7.61,923.9,-76.1,9239.0,-761.0,-13.8,86.2,-13.8,862.0,-138.0,8620.0,-1380.0,23.38,123.38,23.38,1233.8,233.8,12338.0,2338.0,65.0,165.0,65.0,1650.0,650.0,16500.0,6500.0,Semiconductor stock charts just formed this bearish shape that signals more potential losses,Yahoo Finance,2026-07-27,-0.455,Why Amkor Plunged Today,Motley Fool,2026-07-28,0.0,Wall Street’s Top AI Bull Dan Ives Says the Revolution Is Only in the Third Inning. Here’s What That Means for Your Portfolio.,24/7 Wall St.,2026-07-28,0.202,,,,,,,,,,
AVGO,Broadcom,Tech,semiconductors,NASDAQ,380.91,-0.36%,-1.45%,+2.27%,+9.98%,+29%,1812.21,1.462,63.27,25.92,20238808,87205208,449552908,68.0,1.47,strong_buy,1.31,-0.36,99.64,-0.36,996.4,-3.6,9964.0,-36.0,-1.45,98.55,-1.45,985.5,-14.5,9855.0,-145.0,2.27,102.27,2.27,1022.7,22.7,10227.0,227.0,9.98,109.98,9.98,1099.8,99.8,10998.0,998.0,29.0,129.0,29.0,1290.0,290.0,12900.0,2900.0,Semiconductor stock charts just formed this bearish shape that signals more potential losses,Yahoo Finance,2026-07-27,-0.455,Qualcomm’s (QCOM) Samsung Expansion and AI Deals Could Reshape Its Growth Story,Insider Monkey,2026-07-28,0.382,Chip Stocks Extend Pullback Amid AI Bubble Fears,Investopedia,2026-07-28,-0.273,,,,,,,,,,
QCOM,Qualcomm,Tech,semiconductors,NASDAQ,162.88,-4.08%,-6.12%,-13.69%,-4.88%,+5%,171.675,1.638,17.51,22.78,15382725,56472925,294807125,216.0,3.84,hold,2.56,-4.08,95.92,-4.08,959.2,-40.8,9592.0,-408.0,-6.12,93.88,-6.12,938.8,-61.2,9388.0,-612.0,-13.69,86.31,-13.69,863.1,-136.9,8631.0,-1369.0,-4.88,95.12,-4.88,951.2,-48.8,9512.0,-488.0,5.0,105.0,5.0,1050.0,50.0,10500.0,500.0,"Micron, SK Hynix stocks sink as AI chip sell-off deepens",Yahoo Finance,2026-07-28,0.0,Qualcomm’s (QCOM) Samsung Expansion and AI Deals Could Reshape Its Growth Story,Insider Monkey,2026-07-28,0.382,Qualcomm faces crucial test after brutal 35% slide,TheStreet,2026-07-28,-0.625,,,,,,,,,,
ARM,Arm Holdings,Tech,semiconductors,NASDAQ,244.74,-7.28%,-15.53%,-28.77%,+113.32%,+63%,261.401,3.77,287.93,10.23,5784157,21921057,123769257,,12.01,buy,1.95,-7.28,92.72,-7.28,927.2,-72.8,9272.0,-728.0,-15.53,84.47,-15.53,844.7,-155.3,8447.0,-1553.0,-28.77,71.23,-28.77,712.3,-287.7,7123.0,-2877.0,113.32,213.32,113.32,2133.2,1133.2,21332.0,11332.0,63.0,163.0,63.0,1630.0,630.0,16300.0,6300.0,"AMD Sinks 8%, Marvell Sinks 7%, Intel Fall 6% as AI Chip Trade Narrows to NVIDIA",24/7 Wall St.,2026-07-28,0.0,"Tech Earnings, Fed Rate Decision: What to Watch This Week",The Wall Street Journal,2026-07-28,0.0,Arm Holdings (ARM) Could Be 40% Undervalued As Earnings Near,Simply Wall St.,2026-07-27,0.0,,,,,,,,,,
ASML,ASML Holding,Tech,semiconductors,NASDAQ,1582.95,-4.00%,-12.13%,-15.94%,+36.49%,+130%,608.012,1.394,54.64,1.94,2898185,9652785,43657985,55.0,0.33,strong_buy,1.39,-4.0,96.0,-4.0,960.0,-40.0,9600.0,-400.0,-12.13,87.87,-12.13,878.7,-121.3,8787.0,-1213.0,-15.94,84.06,-15.94,840.6,-159.4,8406.0,-1594.0,36.49,136.49,36.49,1364.9,364.9,13649.0,3649.0,130.0,230.0,130.0,2300.0,1300.0,23000.0,13000.0,"Micron, SK Hynix stocks sink as AI chip sell-off deepens",Yahoo Finance,2026-07-28,0.0,"Stock market today: Dow rises, Nasdaq slips as Nvidia leads chip stocks lower, oil prices plunge",Yahoo Finance,2026-07-27,-0.296,"AI Chip Stocks Tumble as Nvidia, AMD Lead Market Selloff Over Spending Fears",GuruFocus.com,2026-07-28,-0.421,,,,,,,,,,
MU,Micron Technology,Tech,semiconductors,NASDAQ,820.53,-7.28%,-15.48%,-28.34%,+160.29%,+704%,926.702,2.142,18.56,52.32,58476265,218655465,957777365,6.0,3.21,strong_buy,1.42,-7.28,92.72,-7.28,927.2,-72.8,9272.0,-728.0,-15.48,84.52,-15.48,845.2,-154.8,8452.0,-1548.0,-28.34,71.66,-28.34,716.6,-283.4,7166.0,-2834.0,160.29,260.29,160.29,2602.9,1602.9,26029.0,16029.0,704.0,804.0,704.0,8040.0,7040.0,80400.0,70400.0,Assessing the chip sector's damage: Chart of the Day,Yahoo Finance Video,2026-07-28,-0.494,"CME launches 23-hour single-stock futures to trade stocks like SpaceX, Micron",Yahoo Finance Video,2026-07-28,0.361,CLARITY Act hits summer roadblock,Yahoo Finance Video,2026-07-28,0.532,,,,,,,,,,
AMAT,Applied Materials,Tech,semiconductors,NASDAQ,476.46,-7.33%,-15.60%,-31.41%,+77.65%,+174%,378.29,1.567,44.74,9.57,9822234,34765734,201132434,41.0,2.11,strong_buy,1.46,-7.33,92.67,-7.33,926.7,-73.3,9267.0,-733.0,-15.6,84.4,-15.6,844.0,-156.0,8440.0,-1560.0,-31.41,68.59,-31.41,685.9,-314.1,6859.0,-3141.0,77.65,177.65,77.65,1776.5,776.5,17765.0,7765.0,174.0,274.0,174.0,2740.0,1740.0,27400.0,17400.0,"Micron, SK Hynix stocks sink as AI chip sell-off deepens",Yahoo Finance,2026-07-28,0.0,Is Amkor Technology Stock A Smart Buy Right Now,Trefis,2026-07-28,0.402,"AI Chip Stocks Tumble as Nvidia, AMD Lead Market Selloff Over Spending Fears",GuruFocus.com,2026-07-28,-0.421,,,,,,,,,,
ORCL,Oracle,Tech,enterprise-software,NYSE,119.96,+0.28%,-5.58%,-18.53%,-38.11%,-52%,345.542,1.712,20.58,30.31,24924314,160243914,821287714,167.0,2.91,buy,1.55,0.28,100.28,0.28,1002.8,2.8,10028.0,28.0,-5.58,94.42,-5.58,944.2,-55.8,9442.0,-558.0,-18.53,81.47,-18.53,814.7,-185.3,8147.0,-1853.0,-38.11,61.89,-38.11,618.9,-381.1,6189.0,-3811.0,-52.0,48.0,-52.0,480.0,-520.0,4800.0,-5200.0,"Big Tech will fund more than a third of its AI investments with debt in 2027, Goldman Sachs predicts",Yahoo Finance,2026-07-28,-0.361,Big Tech Credit Risk Flashes Urgent Warning Over AI Spending,GuruFocus.com,2026-07-28,-0.026,Warner Bros. Deal Collapse Would Cost the Ellisons $9.8 Billion,Bloomberg,2026-07-28,-0.494,,,,,,,,,,
CRM,Salesforce,Tech,enterprise-software,NYSE,181.5,+4.31%,+6.73%,+14.92%,-28.07%,-35%,148.648,1.178,21.03,14.81,17126230,70306830,266302230,101.0,6.56,buy,1.66,4.31,104.31,4.31,1043.1,43.1,10431.0,431.0,6.73,106.73,6.73,1067.3,67.3,10673.0,673.0,14.92,114.92,14.92,1149.2,149.2,11492.0,1492.0,-28.07,71.93,-28.07,719.3,-280.7,7193.0,-2807.0,-35.0,65.0,-35.0,650.0,-350.0,6500.0,-3500.0,3 of Wall Street’s Favorite Stocks with Questionable Fundamentals,StockStory,2026-07-28,0.202,Dow Rallies While Chip Stocks Decline,The Wall Street Journal,2026-07-28,0.0,Nvidia CEO Jensen Huang Urges Support for Open-Weight AI Models,Bloomberg,2026-07-28,0.402,,,,,,,,,,
ADBE,Adobe,Tech,enterprise-software,NASDAQ,249.18,+4.78%,+9.69%,+20.71%,-25.24%,-36%,99.05,1.433,14.26,6.28,7889783,26875383,118582683,,5.7,hold,2.7,4.78,104.78,4.78,1047.8,47.8,10478.0,478.0,9.69,109.69,9.69,1096.9,96.9,10969.0,969.0,20.71,120.71,20.71,1207.1,207.1,12071.0,2071.0,-25.24,74.76,-25.24,747.6,-252.4,7476.0,-2524.0,-36.0,64.0,-36.0,640.0,-360.0,6400.0,-3600.0,What Shopify Stock Really Asks You To Pay For Its Growth,Trefis,2026-07-28,0.296,Own Salesforce For AI? Oracle's Order Book Demands A Look,Trefis,2026-07-28,0.0,Adobe (ADBE) Joins Open Source AI Cybersecurity Alliance As AI Trust Takes Focus,Simply Wall St.,2026-07-27,0.511,9,buy,0.65,"ADBE has strong 1M momentum (+16.39%) and a low P/E of 12.87, but a hold analyst consensus (score 2.70) and negative news sentiment (0.144) limit conviction.",+16.39% 1M momentum; P/E 12.87; hold consensus (2.70); positive news sentiment 0.144,,,,,
NOW,ServiceNow,Tech,enterprise-software,NYSE,110.62,+4.84%,+8.39%,+10.65%,-24.98%,-47%,114.366,0.959,69.14,27.54,30771911,185530111,485779911,,5.4,strong_buy,1.47,4.84,104.84,4.84,1048.4,48.4,10484.0,484.0,8.39,108.39,8.39,1083.9,83.9,10839.0,839.0,10.65,110.65,10.65,1106.5,106.5,11065.0,1065.0,-24.98,75.02,-24.98,750.2,-249.8,7502.0,-2498.0,-47.0,53.0,-47.0,530.0,-470.0,5300.0,-4700.0,FJTSY or NOW: Which Is the Better Value Stock Right Now?,Zacks,2026-07-28,0.649,ServiceNow (NOW) Looks Appealing Amid Workflow Automation and AI Adoption,Insider Monkey,2026-07-28,0.0,"Is Trending Stock ServiceNow, Inc. (NOW) a Buy Now?",Zacks,2026-07-28,0.0,3,strong_buy,0.82,"NOW has strong 1M momentum (+10.34%) and a strong_buy analyst consensus (score 1.45), with positive news sentiment (0.197) and a partnership with TeamViewer expanding AI platform use.",+10.34% 1M momentum; strong_buy consensus (1.45); positive news sentiment 0.197; AI platform expansion,,,,,
SNOW,Snowflake,Tech,enterprise-software,NYSE,270.36,-0.85%,-0.50%,+7.43%,+24.76%,+25%,93.707,1.353,,7.86,4805529,19650629,97045629,,6.42,strong_buy,1.49,-0.85,99.15,-0.85,991.5,-8.5,9915.0,-85.0,-0.5,99.5,-0.5,995.0,-5.0,9950.0,-50.0,7.43,107.43,7.43,1074.3,74.3,10743.0,743.0,24.76,124.76,24.76,1247.6,247.6,12476.0,2476.0,25.0,125.0,25.0,1250.0,250.0,12500.0,2500.0,"Snowflake Flashes Golden Cross After Massive Sell-Off, Near Pivot",Investor's Business Daily,2026-07-28,0.0,"Dow Jones Energy Giant Chevron Eyes Buy Point As Oil Prices Tumble, But ASML Dives Below Key Level",Investor's Business Daily,2026-07-28,0.141,Snowflake (SNOW) Launches Cortex AI Gateway To Tackle Enterprise AI Control,Simply Wall St.,2026-07-28,0.0,1,strong_buy,0.85,"SNOW has strong momentum (+18.06% 1M, +23.70% YTD), a strong_buy analyst consensus (score 1.49), and positive news sentiment (0.315) with a headline highlighting resilience versus other software stocks.",+18.06% 1M momentum; +23.70% YTD return; strong_buy consensus (1.49); positive news sentiment 0.315,,,,,
INTU,Intuit,Tech,enterprise-software,NASDAQ,312.99,+2.96%,+7.96%,+18.01%,-49.81%,-62%,85.614,0.996,19.11,5.2,5759424,18544924,91990124,158.0,6.63,buy,1.74,2.96,102.96,2.96,1029.6,29.6,10296.0,296.0,7.96,107.96,7.96,1079.6,79.6,10796.0,796.0,18.01,118.01,18.01,1180.1,180.1,11801.0,1801.0,-49.81,50.19,-49.81,501.9,-498.1,5019.0,-4981.0,-62.0,38.0,-62.0,380.0,-620.0,3800.0,-6200.0,These Are the 3 Worst-Performing Stocks on the Nasdaq-100 in 2026. Could They Be Underrated Buys Right Now?,Motley Fool,2026-07-28,0.0,TD Cowen downgrades Intuit on more negative near-term catalyst path,Investing.com,2026-07-28,-0.612,"Intuit downgrade, Intuitive Surgical upgraded: Wall Street's top analyst calls",The Fly,2026-07-28,0.202,7,buy,0.7,"INTU has strong 1M momentum (+16.69%) and a buy analyst consensus (score 1.74), with a low P/E of 18.08 and a 1.62% dividend yield, despite negative news sentiment (-0.173).",+16.69% 1M momentum; buy consensus (1.74); P/E 18.08; dividend yield 1.62%,,,,,
CRWD,CrowdStrike,Tech,cybersecurity,NASDAQ,181.8,+0.51%,-4.89%,-2.11%,+60.32%,+55%,185.12,1.237,,12.14,8389406,36421806,200379006,,2.74,buy,1.66,0.51,100.51,0.51,1005.1,5.1,10051.0,51.0,-4.89,95.11,-4.89,951.1,-48.9,9511.0,-489.0,-2.11,97.89,-2.11,978.9,-21.1,9789.0,-211.0,60.32,160.32,60.32,1603.2,603.2,16032.0,6032.0,55.0,155.0,55.0,1550.0,550.0,15500.0,5500.0,CrowdStrike Stock Gains After Loop Capital Starts Coverage With Buy Rating,GuruFocus.com,2026-07-28,0.34,"OpenAI’s Agent Hacked Hugging Face. Sam Altman Says the Singularity Is Here; Nvidia (NVDA), CrowdStrike (CRWD) Build the Defenses",Insider Monkey,2026-07-28,0.202,3 Cybersecurity Stocks to Buy Before Threats Get Worse in Late July,24/7 Wall St.,2026-07-28,-0.71,,,,,,,,,,
PANW,Palo Alto Networks,Tech,cybersecurity,NASDAQ,319.0,+1.11%,-6.77%,-3.92%,+77.84%,+64%,259.986,0.908,279.82,8.02,6362300,28996300,148200900,,2.52,buy,1.6,1.11,101.11,1.11,1011.1,11.1,10111.0,111.0,-6.77,93.23,-6.77,932.3,-67.7,9323.0,-677.0,-3.92,96.08,-3.92,960.8,-39.2,9608.0,-392.0,77.84,177.84,77.84,1778.4,778.4,17784.0,7784.0,64.0,164.0,64.0,1640.0,640.0,16400.0,6400.0,Palo Alto Networks (PANW) Stock Could Be Pricey After Fresh AI Security Demand,Simply Wall St.,2026-07-28,0.494,3 Cybersecurity Stocks to Buy Before Threats Get Worse in Late July,24/7 Wall St.,2026-07-28,-0.71,Should You Buy Fortinet Stock Before July 29 Q2 Earnings?,24/7 Wall St.,2026-07-28,0.0,4,buy,0.78,"PANW has strong 1M momentum (+10.47%) and an impressive +80.52% YTD return, with a buy analyst consensus (score 1.60) and positive news sentiment (0.124) supported by BofA lifting cybersecurity targets.",+10.47% 1M momentum; +80.52% YTD return; buy consensus (1.60); BofA target lift,,,,,
NET,Cloudflare,Tech,cybersecurity,NYSE,264.1,-0.88%,-3.01%,+8.34%,+34.73%,+33%,93.739,1.671,,3.98,2270304,11589204,61913304,,3.47,buy,1.88,-0.88,99.12,-0.88,991.2,-8.8,9912.0,-88.0,-3.01,96.99,-3.01,969.9,-30.1,9699.0,-301.0,8.34,108.34,8.34,1083.4,83.4,10834.0,834.0,34.73,134.73,34.73,1347.3,347.3,13473.0,3473.0,33.0,133.0,33.0,1330.0,330.0,13300.0,3300.0,3 Top Cloud Computing Stocks Worth Buying Before August,Zacks,2026-07-28,0.402,Cloudflare (NET) Laps the Stock Market: Here's Why,Zacks,2026-07-27,0.0,A $1.5 Billion Wake-Up Call for Every AI Company on Wall Street,MarketBeat,2026-07-27,0.0,2,buy,0.8,"NET shows strong 1M momentum (+15.66%) and a +33.74% YTD return, with a buy analyst consensus (score 1.88) and positive news sentiment (0.191) following the launch of Precursor.",+15.66% 1M momentum; +33.74% YTD return; buy consensus (1.88); positive news sentiment 0.191,,,,,
FTNT,Fortinet,Tech,cybersecurity,NASDAQ,149.98,-2.64%,-5.14%,-3.50%,+92.58%,+45%,109.882,1.09,58.13,6.14,6014610,22788810,102374410,,2.39,hold,2.7,-2.64,97.36,-2.64,973.6,-26.4,9736.0,-264.0,-5.14,94.86,-5.14,948.6,-51.4,9486.0,-514.0,-3.5,96.5,-3.5,965.0,-35.0,9650.0,-350.0,92.58,192.58,92.58,1925.8,925.8,19258.0,9258.0,45.0,145.0,45.0,1450.0,450.0,14500.0,4500.0,"Dow Jones Futures: Market Strong Outside AI; Seagate, SK Hynix, KLA, Bloom Energy Earnings Late",Investor's Business Daily,2026-07-28,0.66,Will Fortinet (FTNT) Beat Estimates Again in Its Next Earnings Report?,Zacks,2026-07-28,0.0,3 Cybersecurity Stocks to Buy Before Threats Get Worse in Late July,24/7 Wall St.,2026-07-28,-0.71,,,,,,,,,,
NFLX,Netflix,Tech,consumer-platform,NASDAQ,72.39,+2.26%,+5.42%,-1.88%,-20.44%,-40%,301.428,1.517,22.76,43.21,46873913,213534613,1038247913,,2.41,buy,1.73,2.26,102.26,2.26,1022.6,22.6,10226.0,226.0,5.42,105.42,5.42,1054.2,54.2,10542.0,542.0,-1.88,98.12,-1.88,981.2,-18.8,9812.0,-188.0,-20.44,79.56,-20.44,795.6,-204.4,7956.0,-2044.0,-40.0,60.0,-40.0,600.0,-400.0,6000.0,-4000.0,Alphabet Stock's Biggest Risk Is A Profit Margin Built On Borrowed Gains,Trefis,2026-07-28,0.494,The Profit Engine That Could Power Netflix Stock's Next Rally,Trefis,2026-07-28,0.44,Warner Bros. Deal Collapse Would Cost the Ellisons $9.8 Billion,Bloomberg,2026-07-28,-0.494,,,,,,,,,,
SHOP,Shopify,Tech,consumer-platform,NYSE,130.28,+2.68%,+5.89%,+14.07%,-17.12%,+2%,169.058,2.585,127.73,10.37,9551391,46633691,162502691,,2.18,buy,1.69,2.68,102.68,2.68,1026.8,26.8,10268.0,268.0,5.89,105.89,5.89,1058.9,58.9,10589.0,589.0,14.07,114.07,14.07,1140.7,140.7,11407.0,1407.0,-17.12,82.88,-17.12,828.8,-171.2,8288.0,-1712.0,2.0,102.0,2.0,1020.0,20.0,10200.0,200.0,What Shopify Stock Really Asks You To Pay For Its Growth,Trefis,2026-07-28,0.296,Will Native Shopify Integration Expand DoorDash's (DASH) Local Retail Reach Enough to Shift Its Narrative?,Simply Wall St.,2026-07-28,0.34,Here's How Much You'd Have If You Invested $1000 in Shopify a Decade Ago,Zacks,2026-07-28,0.0,,,,,,,,,,
SPOT,Spotify,Tech,consumer-platform,NYSE,511.56,+3.92%,+3.72%,+10.66%,-11.03%,-20%,105.187,1.564,34.94,2.02,1951367,7349867,32318567,,4.15,buy,1.57,3.92,103.92,3.92,1039.2,39.2,10392.0,392.0,3.72,103.72,3.72,1037.2,37.2,10372.0,372.0,10.66,110.66,10.66,1106.6,106.6,11066.0,1066.0,-11.03,88.97,-11.03,889.7,-110.3,8897.0,-1103.0,-20.0,80.0,-20.0,800.0,-200.0,8000.0,-2000.0,Spotify (SPOT) Earnings Expected to Grow: Should You Buy?,Zacks,2026-07-28,0.0,Spotify (SPOT) Rises Higher Than Market: Key Facts,Zacks,2026-07-27,0.0,XYZ or SPOT: Which Is the Better Value Stock Right Now?,Zacks,2026-07-24,0.649,6,buy,0.72,"SPOT has strong 1M momentum (+9.39%) and a buy analyst consensus (score 1.57), with a P/E of 32.79 and positive 1D momentum (+3.46%) despite slightly negative news sentiment.",+9.39% 1M momentum; buy consensus (1.57); P/E 32.79; +3.46% 1D momentum,,,,,
UBER,Uber,Tech,consumer-platform,NYSE,70.74,+3.85%,-1.13%,-6.30%,-14.63%,-22%,143.998,1.113,17.55,20.1,17563659,109903159,362355259,,2.64,strong_buy,1.49,3.85,103.85,3.85,1038.5,38.5,10385.0,385.0,-1.13,98.87,-1.13,988.7,-11.3,9887.0,-113.0,-6.3,93.7,-6.3,937.0,-63.0,9370.0,-630.0,-14.63,85.37,-14.63,853.7,-146.3,8537.0,-1463.0,-22.0,78.0,-22.0,780.0,-220.0,7800.0,-2200.0,Uber autonomous vehicle outlook in focus for Q2 earnings,Proactive,2026-07-28,0.0,Uber (UBER) Backs Travis Kalanick’s Atoms With $100 Million,Simply Wall St.,2026-07-28,-0.362,"Lucid Is Now Up 33% in a Month, Easily Beating Tesla and Rivian. What Will It Take to Get LCID Stock Back to $10?",24/7 Wall St.,2026-07-28,-0.153,,,,,,,,,,
CSCO,Cisco Systems,Tech,hardware-infra,NASDAQ,115.58,+0.80%,+3.03%,-1.43%,+53.39%,+69%,455.551,1.007,38.53,25.14,27161941,91170341,457575641,147.0,1.64,buy,1.88,0.8,100.8,0.8,1008.0,8.0,10080.0,80.0,3.03,103.03,3.03,1030.3,30.3,10303.0,303.0,-1.43,98.57,-1.43,985.7,-14.3,9857.0,-143.0,53.39,153.39,53.39,1533.9,533.9,15339.0,5339.0,69.0,169.0,69.0,1690.0,690.0,16900.0,6900.0,Visa Announces Layoffs Ahead of Earnings as AI and Restructuring Accelerate,Barrons.com,2026-07-28,0.0,Did Cisco's New AI and Quantum-Safe Security Alliances Just Shift Cisco Systems' (CSCO) Investment Narrative?,Simply Wall St.,2026-07-28,0.34,"FFIV Beats Q3 Earnings Estimates on Systems Strength, Raises View",Zacks,2026-07-28,0.494,,,,,,,,,,
PLTR,Palantir Technologies,Tech,hardware-infra,NASDAQ,123.53,-5.56%,-6.88%,+6.77%,-26.41%,-16%,296.14,1.562,138.8,41.54,42804212,169035612,798666612,,3.64,buy,1.88,-5.56,94.44,-5.56,944.4,-55.6,9444.0,-556.0,-6.88,93.12,-6.88,931.2,-68.8,9312.0,-688.0,6.77,106.77,6.77,1067.7,67.7,10677.0,677.0,-26.41,73.59,-26.41,735.9,-264.1,7359.0,-2641.0,-16.0,84.0,-16.0,840.0,-160.0,8400.0,-1600.0,Why Did Palantir Technologies Stock Drop Again?,Motley Fool,2026-07-28,-0.273,Palantir Stock Slumps Ahead of Q2 Earnings,GuruFocus.com,2026-07-28,0.0,Anthropic’s Amodei defends open-weight stance following critique from Palantir’s Karp,Fox Business,2026-07-28,0.0,10,buy,0.68,"PLTR has strong 1M momentum (+14.59%) and a buy analyst consensus (score 1.88), with positive news sentiment (0.099) and a headline about opening doors for a French challenger.",+14.59% 1M momentum; buy consensus (1.88); positive news sentiment 0.099; market expansion,,,,,
