ticker,company_name,sector,category,exchange,price_usd,change_1d,change_1w,change_1m,change_ytd,return_1yr,market_cap_usd_b,beta,pe_ratio,avg_volume_m,vol_1d,vol_1w,vol_1m,div_yield_pct,short_pct,analyst,analyst_score,pct_1d,val_100_1d,profit_100_1d,val_1000_1d,profit_1000_1d,val_10000_1d,profit_10000_1d,pct_1w,val_100_1w,profit_100_1w,val_1000_1w,profit_1000_1w,val_10000_1w,profit_10000_1w,pct_1m,val_100_1m,profit_100_1m,val_1000_1m,profit_1000_1m,val_10000_1m,profit_10000_1m,pct_ytd,val_100_ytd,profit_100_ytd,val_1000_ytd,profit_1000_ytd,val_10000_ytd,profit_10000_ytd,pct_1y,val_100_1y,profit_100_1y,val_1000_1y,profit_1000_1y,val_10000_1y,profit_10000_1y,news1_title,news1_publisher,news1_date,news1_sentiment,news2_title,news2_publisher,news2_date,news2_sentiment,news3_title,news3_publisher,news3_date,news3_sentiment,signal_rank,signal,signal_confidence,signal_rationale,signal_drivers,portfolio_held,portfolio_quantity,portfolio_avg_price,portfolio_ppl,portfolio_total_value
SNDK,SanDisk Corporation,AI,memory,NASDAQ,1484.95,-4.51%,-7.23%,+35.48%,+439.51%,+2730%,217.425,,20.13,13.77,8799100,48408900,363893500,,8.24,buy,1.54,-4.51,95.49,-4.51,954.9,-45.1,9549.0,-451.0,-7.23,92.77,-7.23,927.7,-72.3,9277.0,-723.0,35.48,135.48,35.48,1354.8,354.8,13548.0,3548.0,439.51,539.51,439.51,5395.1,4395.1,53951.0,43951.0,2730.0,2830.0,2730.0,28300.0,27300.0,283000.0,273000.0,"After Surging 3,110%, Has Sandisk Already Had Its ""Nvidia Moment""?",Motley Fool,2026-08-28,0.0,The Peer-Group Mispricing Sitting On SNDK Stock,Trefis,2026-08-28,0.0,AI Bubble Could Be Ready to Pop and Jim Cramer May Be the Warning Sign,Benzinga,2026-08-27,0.026,1,strong_buy,1.0,"YTD +437.99%, P/E 20.24, analyst buy, news sentiment 0.295. Web search reveals Morgan Stanley maintains Buy on AI SSD demand and Seeking Alpha upgrades to Strong Buy, citing long-term contracts and a pullback from highs as a buying opportunity.",YTD +437.99%; P/E 20.24; Positive news sentiment 0.295; Analyst upgrades on AI storage,,,,,
WDC,Western Digital,AI,memory,NASDAQ,462.0,-4.64%,-1.50%,-0.33%,+146.32%,+475%,166.57,2.217,17.17,8.58,7601300,29611000,189837600,13.0,6.31,buy,1.54,-4.64,95.36,-4.64,953.6,-46.4,9536.0,-464.0,-1.5,98.5,-1.5,985.0,-15.0,9850.0,-150.0,-0.33,99.67,-0.33,996.7,-3.3,9967.0,-33.0,146.32,246.32,146.32,2463.2,1463.2,24632.0,14632.0,475.0,575.0,475.0,5750.0,4750.0,57500.0,47500.0,"After Surging 3,110%, Has Sandisk Already Had Its ""Nvidia Moment""?",Motley Fool,2026-08-28,0.0,The Peer-Group Mispricing Sitting On SNDK Stock,Trefis,2026-08-28,0.0,AI Bubble Could Be Ready to Pop and Jim Cramer May Be the Warning Sign,Benzinga,2026-08-27,0.026,,,,,,,,,,
285A,Kioxia Holdings,AI,memory,TSE,309.96,-5.70%,-9.00%,+10.95%,+335.51%,+1922%,169.626,,49.04,42.63,20069200,142963400,1013964700,,,buy,1.56,-5.7,94.3,-5.7,943.0,-57.0,9430.0,-570.0,-9.0,91.0,-9.0,910.0,-90.0,9100.0,-900.0,10.95,110.95,10.95,1109.5,109.5,11095.0,1095.0,335.51,435.51,335.51,4355.1,3355.1,43551.0,33551.0,1922.0,2022.0,1922.0,20220.0,19220.0,202200.0,192200.0,"Nvidia, Micron, Salesforce, Marvell, Veeva, Okta, Hormel, and More Stocks That Explain Today’s Market",Barrons.com,2026-08-27,0.0,Stock Indices Settle Higher as Nvidia Earnings Spur a Tech Stock Rally,Barchart,2026-08-27,0.0,Stocks Supported by Strong Tech Earnings,Barchart,2026-08-27,0.681,,,,,,,,,,
MU,Micron Technology,AI,memory,NASDAQ,935.39,-3.96%,-4.00%,+14.00%,+196.72%,+686%,,2.213,21.16,45.96,28691600,118412500,833568500,6.0,2.66,strong_buy,1.36,-3.96,96.04,-3.96,960.4,-39.6,9604.0,-396.0,-4.0,96.0,-4.0,960.0,-40.0,9600.0,-400.0,14.0,114.0,14.0,1140.0,140.0,11400.0,1400.0,196.72,296.72,196.72,2967.2,1967.2,29672.0,19672.0,686.0,786.0,686.0,7860.0,6860.0,78600.0,68600.0,Why Nvidia probably just lit a new fire under these once-hot trades,Yahoo Finance,2026-08-27,-0.34,"Amkor, FormFactor, Vishay Intertechnology, Allegro MicroSystems, and Intel Shares Skyrocket, What You Need To Know",StockStory,2026-08-28,0.296,"Impinj and Broadcom Shares Skyrocket, What You Need To Know",StockStory,2026-08-28,0.296,,,,,,,,,,
STX,Seagate Technology,AI,memory,NASDAQ,847.2,-3.18%,-0.36%,+13.37%,+195.36%,+406%,192.014,2.102,61.04,4.78,4895300,15628700,113451700,35.0,4.12,strong_buy,1.44,-3.18,96.82,-3.18,968.2,-31.8,9682.0,-318.0,-0.36,99.64,-0.36,996.4,-3.6,9964.0,-36.0,13.37,113.37,13.37,1133.7,133.7,11337.0,1337.0,195.36,295.36,195.36,2953.6,1953.6,29536.0,19536.0,406.0,506.0,406.0,5060.0,4060.0,50600.0,40600.0,The Peer-Group Mispricing Sitting On SNDK Stock,Trefis,2026-08-28,0.0,AI Bubble Could Be Ready to Pop and Jim Cramer May Be the Warning Sign,Benzinga,2026-08-27,0.026,Seagate (STX) Up 10.7% Since Last Earnings Report: Can It Continue?,Zacks,2026-08-27,0.0,,,,,,,,,,
MRVL,Marvell Technology,AI,memory,NASDAQ,241.45,-5.64%,-3.81%,+38.39%,+170.50%,+284%,216.992,2.246,82.69,39.99,39578100,122350100,557703900,10.0,3.79,strong_buy,1.43,-5.64,94.36,-5.64,943.6,-56.4,9436.0,-564.0,-3.81,96.19,-3.81,961.9,-38.1,9619.0,-381.0,38.39,138.39,38.39,1383.9,383.9,13839.0,3839.0,170.5,270.5,170.5,2705.0,1705.0,27050.0,17050.0,284.0,384.0,284.0,3840.0,2840.0,38400.0,28400.0,Earnings live updates: Marvell stock falls despite strong earnings and guidance,Yahoo Finance,2026-08-25,-0.402,"Jackson Hole Symposium kicks off, Marvell & dollar stores report earnings: What to Watch",Yahoo Finance Video,2026-08-27,0.0,"Amkor, FormFactor, Vishay Intertechnology, Allegro MicroSystems, and Intel Shares Skyrocket, What You Need To Know",StockStory,2026-08-28,0.296,2,strong_buy,0.8,"YTD +169.31%, 1M +27.07%, 1W +11.29%, 1D +5.43%. Strong momentum with strong_buy analyst consensus (score 1.43) and positive news sentiment 0.163.",YTD +169.31%; 1M +27.07%; Strong_buy consensus; Positive news sentiment 0.163,,,,,
P,Everpure,AI,memory,NYSE,99.24,-11.79%,-9.77%,+35.96%,+43.81%,+28%,,1.414,135.95,3.21,7548400,21636800,79709000,,3.73,buy,1.65,-11.79,88.21,-11.79,882.1,-117.9,8821.0,-1179.0,-9.77,90.23,-9.77,902.3,-97.7,9023.0,-977.0,35.96,135.96,35.96,1359.6,359.6,13596.0,3596.0,43.81,143.81,43.81,1438.1,438.1,14381.0,4381.0,28.0,128.0,28.0,1280.0,280.0,12800.0,2800.0,P Q2 Deep Dive: Market Reacts Negatively Despite Strong Revenue Growth and Guidance Upgrade,StockStory,2026-08-28,-0.598,Everpure Stock Slides Despite 'Stellar' Results. What To Know.,Investor's Business Daily,2026-08-27,0.0,Everpure's Q2 Earnings Call Centers on Sustainable Growth,Zacks,2026-08-27,0.382,10,buy,0.6,"YTD +48.98%, 1M +38.54%, 1D +2.66%, news sentiment 0.291, analyst buy (score 1.65). Strong monthly momentum in memory sector, though P/E 151.19 is high.",1M +38.54%; YTD +48.98%; Buy analyst consensus; Positive news sentiment 0.291,,,,,
RR.,Rolls-Royce Holdings,AI,nuclear-ops,LSE,20.79,-0.86%,+2.03%,+8.22%,+27.81%,+44%,1.715,1.19,42.49,24.35,6725325,54737100,529739367,78.0,,buy,1.6,-0.86,99.14,-0.86,991.4,-8.6,9914.0,-86.0,2.03,102.03,2.03,1020.3,20.3,10203.0,203.0,8.22,108.22,8.22,1082.2,82.2,10822.0,822.0,27.81,127.81,27.81,1278.1,278.1,12781.0,2781.0,44.0,144.0,44.0,1440.0,440.0,14400.0,4400.0,NuScale Power Deploys AI to Accelerate Next-Generation Nuclear SMRs,Zacks,2026-08-26,0.0,Florida real estate mogul says your home is ‘a terrible investment’ — and he’d put $100K somewhere else. Is he right?,Moneywise,2026-08-21,-0.477,U.K. ETFs in Spotlight as Andy Burnham Completes First Month as PM,Zacks,2026-08-20,0.0,,,,,,,,,,
CEG,Constellation Energy,AI,nuclear-ops,NASDAQ,282.41,+0.48%,+3.48%,+8.86%,-22.55%,-8%,100.06,1.118,27.61,3.4,1771000,10884400,61014100,61.0,2.97,buy,1.55,0.48,100.48,0.48,1004.8,4.8,10048.0,48.0,3.48,103.48,3.48,1034.8,34.8,10348.0,348.0,8.86,108.86,8.86,1088.6,88.6,10886.0,886.0,-22.55,77.45,-22.55,774.5,-225.5,7745.0,-2255.0,-8.0,92.0,-8.0,920.0,-80.0,9200.0,-800.0,Constellation's New Power Deals Are Piling Up. Here's Why the Stock Isn't Reflecting It Yet.,Motley Fool,2026-08-26,0.0,"CEG Stock Outperforms Industry in the Past Month: Buy, Hold or Sell",Zacks,2026-08-26,0.0,This Utility's Dividend Growth Is Boring by Design. That's Exactly Why I Own It.,Motley Fool,2026-08-26,0.077,,,,,,,,,,
VST,Vistra Corp,AI,nuclear-ops,NYSE,139.81,-2.15%,+0.63%,-5.94%,-15.15%,-26%,46.925,1.433,23.62,4.37,2947400,20701400,108308800,66.0,3.32,strong_buy,1.35,-2.15,97.85,-2.15,978.5,-21.5,9785.0,-215.0,0.63,100.63,0.63,1006.3,6.3,10063.0,63.0,-5.94,94.06,-5.94,940.6,-59.4,9406.0,-594.0,-15.15,84.85,-15.15,848.5,-151.5,8485.0,-1515.0,-26.0,74.0,-26.0,740.0,-260.0,7400.0,-2600.0,Is Vistra (VST) Undervalued As Power Demand Expectations Stay In Focus?,Simply Wall St.,2026-08-27,-0.128,VST Stock Underperforms Industry in the Past 6 Months: Buy or Hold?,Zacks,2026-08-27,0.0,Peter Thiel’s $418 Million Bet On These 8 Companies Reveals AI’s Biggest Bottleneck,24/7 Wall St.,2026-08-24,0.0,,,,,,,,,,
TLN,Talen Energy,AI,nuclear-ops,NASDAQ,304.58,-2.65%,-3.91%,-6.58%,-23.23%,-20%,14.593,1.673,,0.85,645900,3501300,20342800,,5.05,buy,1.59,-2.65,97.35,-2.65,973.5,-26.5,9735.0,-265.0,-3.91,96.09,-3.91,960.9,-39.1,9609.0,-391.0,-6.58,93.42,-6.58,934.2,-65.8,9342.0,-658.0,-23.23,76.77,-23.23,767.7,-232.3,7677.0,-2323.0,-20.0,80.0,-20.0,800.0,-200.0,8000.0,-2000.0,How Talen Energy Corporation (TLN) Transformed Bankruptcy into a High-Yield Masterclass,Insider Monkey,2026-08-27,0.273,Talen Energy (TLN) is Down 23% This Year. But Mizuho Expects a Rebound,Insider Monkey,2026-08-25,0.141,3 Nuclear Energy Stocks for the AI Power Era,24/7 Wall St.,2026-08-24,0.273,,,,,,,,,,
BEP,Brookfield Renewable,AI,nuclear-ops,NYSE,32.49,-0.95%,-1.31%,+1.56%,+19.00%,+28%,15.805,0.995,,0.88,562900,2254100,19214300,483.0,0.67,buy,2.31,-0.95,99.05,-0.95,990.5,-9.5,9905.0,-95.0,-1.31,98.69,-1.31,986.9,-13.1,9869.0,-131.0,1.56,101.56,1.56,1015.6,15.6,10156.0,156.0,19.0,119.0,19.0,1190.0,190.0,11900.0,1900.0,28.0,128.0,28.0,1280.0,280.0,12800.0,2800.0,Is Brookfield Renewable a Better Buy Now Than It Was 6 Months Ago?,Motley Fool,2026-08-23,0.44,Sector Update: Energy Stocks Mixed Late Afternoon,MT Newswires,2026-08-21,0.273,"Brookfield, La Caisse close $6.5bn Boralex acquisition",Power Technology,2026-08-17,0.0,,,,,,,,,,
BEPC,Brookfield Renewable Corp,AI,nuclear-ops,NYSE,33.0,-0.45%,-1.32%,+1.41%,-15.70%,-2%,6.125,1.166,,1.66,934300,5515600,41534300,474.0,,none,,-0.45,99.55,-0.45,995.5,-4.5,9955.0,-45.0,-1.32,98.68,-1.32,986.8,-13.2,9868.0,-132.0,1.41,101.41,1.41,1014.1,14.1,10141.0,141.0,-15.7,84.3,-15.7,843.0,-157.0,8430.0,-1570.0,-2.0,98.0,-2.0,980.0,-20.0,9800.0,-200.0,2 Dividend Stocks Compounding Quietly While Oil Headlines Distract Everyone,Motley Fool,2026-08-25,-0.296,Why I'm Not Chasing NuScale -- Here's What I'm Buying Instead,Motley Fool,2026-08-11,0.0,Why Cameco's Ugly Earnings Miss Might Be Good News in Disguise,Motley Fool,2026-08-08,-0.459,,,,,,,,,,
GEV,GE Vernova,AI,smr,NYSE,953.83,-2.17%,-1.26%,+1.11%,+40.62%,+56%,254.037,1.033,27.35,2.79,1582400,9479800,50255400,21.0,2.98,buy,1.54,-2.17,97.83,-2.17,978.3,-21.7,9783.0,-217.0,-1.26,98.74,-1.26,987.4,-12.6,9874.0,-126.0,1.11,101.11,1.11,1011.1,11.1,10111.0,111.0,40.62,140.62,40.62,1406.2,406.2,14062.0,4062.0,56.0,156.0,56.0,1560.0,560.0,15600.0,5600.0,RIVN Stock Slips After-Hours As CFO Exits For GE Vernova Amid R2 Ramp,Stocktwits,2026-08-27,0.0,Archer Aviation vs. GE Aerospace: Which Industrials Stock Is a Better Buy in 2026?,Motley Fool,2026-08-27,0.44,Rivian’s CFO is leaving the company,TechCrunch,2026-08-27,0.0,,,,,,,,,,
BWXT,BWX Technologies,AI,smr,NYSE,155.85,-1.20%,-0.38%,-8.00%,-13.93%,-4%,14.279,0.76,40.38,1.02,1064700,6944700,23980300,69.0,3.8,buy,1.81,-1.2,98.8,-1.2,988.0,-12.0,9880.0,-120.0,-0.38,99.62,-0.38,996.2,-3.8,9962.0,-38.0,-8.0,92.0,-8.0,920.0,-80.0,9200.0,-800.0,-13.93,86.07,-13.93,860.7,-139.3,8607.0,-1393.0,-4.0,96.0,-4.0,960.0,-40.0,9600.0,-400.0,The US Army Is Driving the Next Big Breakthrough in Nuclear Power,Barrons.com,2026-08-27,0.0,"UUUU, LEU, CCJ, BWXT Stocks In Focus: Trump’s Saudi Nuclear Push Reportedly Faces Congress Debate And Israel Hurdle",Stocktwits,2026-08-26,0.0,Can BWXT's National Laboratory Role Expand Its Government Services?,Zacks,2026-08-25,0.318,,,,,,,,,,
SMR,NuScale Power,AI,smr,NYSE,9.74,+4.01%,+7.39%,+18.49%,-40.28%,-72%*,3.997,2.306,,33.8,37852300,228506300,779796600,,18.4,hold,2.56,4.01,104.01,4.01,1040.1,40.1,10401.0,401.0,7.39,107.39,7.39,1073.9,73.9,10739.0,739.0,18.49,118.49,18.49,1184.9,184.9,11849.0,1849.0,-40.28,59.72,-40.28,597.2,-402.8,5972.0,-4028.0,-72.0,28.0,-72.0,280.0,-720.0,2800.0,-7200.0,Oklo and NuScale Power Have Shed a Combined 85.3% This Year. Why Are Nuclear Stocks Falling?,Motley Fool,2026-08-28,-0.153,NuScale Power Is Launching AI Tools for Nuclear Power. How to Play SMR Stock Here.,Barchart,2026-08-27,0.34,"NuScale Power Rises 4%, Oklo Climbs 3% as Risk Appetite Returns, Uranium Energy Ticks Up",24/7 Wall St.,2026-08-27,0.0,,,,,,,,,,
OKLO,Oklo Inc,AI,smr,NYSE,42.53,+0.46%,+2.09%,+7.45%,-45.33%,-42%*,7.912,1.201,,10.75,9589100,56306900,227031900,,15.86,none,,0.46,100.46,0.46,1004.6,4.6,10046.0,46.0,2.09,102.09,2.09,1020.9,20.9,10209.0,209.0,7.45,107.45,7.45,1074.5,74.5,10745.0,745.0,-45.33,54.67,-45.33,546.7,-453.3,5467.0,-4533.0,-42.0,58.0,-42.0,580.0,-420.0,5800.0,-4200.0,Oklo and NuScale Power Have Shed a Combined 85.3% This Year. Why Are Nuclear Stocks Falling?,Motley Fool,2026-08-28,-0.153,Oklo's Meta Deal Calls For a 1.2-Gigawatt Reactor in Ohio. Here's When It's Slated to Come Online.,Motley Fool,2026-08-27,0.0,"NuScale Power Rises 4%, Oklo Climbs 3% as Risk Appetite Returns, Uranium Energy Ticks Up",24/7 Wall St.,2026-08-27,0.0,,,,,,,,,,
NNE,NANO Nuclear Energy,AI,smr,NASDAQ,19.24,+2.80%,+5.54%,+19.80%,-30.32%,-41%*,1.033,5.409,,2.5,1722600,7723400,43446600,,34.02,buy,1.57,2.8,102.8,2.8,1028.0,28.0,10280.0,280.0,5.54,105.54,5.54,1055.4,55.4,10554.0,554.0,19.8,119.8,19.8,1198.0,198.0,11980.0,1980.0,-30.32,69.68,-30.32,696.8,-303.2,6968.0,-3032.0,-41.0,59.0,-41.0,590.0,-410.0,5900.0,-4100.0,The US Army Is Driving the Next Big Breakthrough in Nuclear Power,Barrons.com,2026-08-27,0.0,Nano Nuclear Energy Bring Microreactors to UAE,Bloomberg,2026-08-26,0.273,A Major Short Squeeze Could Be Brewing in Oklo Stock,Barchart,2026-08-21,0.0,,,,,,,,,,
CCJ,Cameco Corporation,AI,uranium,NYSE,106.33,-2.00%,+11.24%,+22.27%,+7.88%,+37%,46.31,0.992,183.33,3.36,2313900,16043800,68558900,16.0,,buy,1.59,-2.0,98.0,-2.0,980.0,-20.0,9800.0,-200.0,11.24,111.24,11.24,1112.4,112.4,11124.0,1124.0,22.27,122.27,22.27,1222.7,222.7,12227.0,2227.0,7.88,107.88,7.88,1078.8,78.8,10788.0,788.0,37.0,137.0,37.0,1370.0,370.0,13700.0,3700.0,CCJ's Uranium Production Down 5% in 1H26: Will 2026 Targets be Met?,Zacks,2026-08-27,0.0,The US Army Is Driving the Next Big Breakthrough in Nuclear Power,Barrons.com,2026-08-27,0.0,Cameco Owns the Refinery at the Center of Canada's Uranium Threat,Motley Fool,2026-08-26,-0.527,5,buy,0.7,"YTD +8.52%, 1M +19.71%, 1W +11.38%, 1D +4.85%. Uranium play with buy analyst consensus (score 1.59), benefiting from nuclear energy demand.",1M +19.71%; 1W +11.38%; Buy analyst consensus; Uranium sector tailwind,,,,,
UEC,Uranium Energy Corp,AI,uranium,NYSE,13.62,+2.78%,+22.15%,+44.28%,+3.89%,+27%,,1.208,,9.67,8711100,54824500,187427400,,14.55,strong_buy,1.44,2.78,102.78,2.78,1027.8,27.8,10278.0,278.0,22.15,122.15,22.15,1221.5,221.5,12215.0,2215.0,44.28,144.28,44.28,1442.8,442.8,14428.0,4428.0,3.89,103.89,3.89,1038.9,38.9,10389.0,389.0,27.0,127.0,27.0,1270.0,270.0,12700.0,2700.0,"NuScale Power Rises 4%, Oklo Climbs 3% as Risk Appetite Returns, Uranium Energy Ticks Up",24/7 Wall St.,2026-08-27,0.0,Is Uranium Energy (UEC) Too Pricey After A 413% Five Year Run?,Simply Wall St.,2026-08-27,0.273,Is Uranium Energy (UEC) Still Undervalued After Its Nuclear Stock Rebound?,Simply Wall St.,2026-08-27,0.273,6,buy,0.65,"YTD +1.22%, 1M +33.91%, 1W +21.08%, 1D +6.42%. Very strong short-term momentum driven by nuclear sector rebound, news sentiment 0.26.",1M +33.91%; 1W +21.08%; Uranium sector momentum; News sentiment 0.26,,,,,
LEU,Centrus Energy,AI,uranium,NYSE,194.78,+1.98%,+10.59%,+14.81%,-28.52%,-3%,3.886,1.35,102.52,0.79,500100,3154800,13863500,,29.16,buy,1.78,1.98,101.98,1.98,1019.8,19.8,10198.0,198.0,10.59,110.59,10.59,1105.9,105.9,11059.0,1059.0,14.81,114.81,14.81,1148.1,148.1,11481.0,1481.0,-28.52,71.48,-28.52,714.8,-285.2,7148.0,-2852.0,-3.0,97.0,-3.0,970.0,-30.0,9700.0,-300.0,CCJ's Uranium Production Down 5% in 1H26: Will 2026 Targets be Met?,Zacks,2026-08-27,0.0,UUUU vs. LEU: Which Uranium Stock Offers Better Potential?,Zacks,2026-08-26,0.44,1 of Wall Street’s Favorite Stocks to Own for Decades and 2 We Brush Off,StockStory,2026-08-26,0.459,,,,,,,,,,
VRT,Vertiv Holdings,AI,power-infra,NYSE,269.28,-1.54%,+1.76%,-0.10%,+53.41%,+111%,103.669,2.077,60.79,6.04,4604800,19647200,142115800,9.0,3.4,strong_buy,1.39,-1.54,98.46,-1.54,984.6,-15.4,9846.0,-154.0,1.76,101.76,1.76,1017.6,17.6,10176.0,176.0,-0.1,99.9,-0.1,999.0,-1.0,9990.0,-10.0,53.41,153.41,53.41,1534.1,534.1,15341.0,5341.0,111.0,211.0,111.0,2110.0,1110.0,21100.0,11100.0,The Vertiv Stock Signal Was Never In The Demand Headline,Trefis,2026-08-27,0.095,Vertiv (VRT) is an Incredible Growth Stock: 3 Reasons Why,Zacks,2026-08-27,0.439,Can Maverick Power Acquisition Boost NVT's Data Center Growth?,Zacks,2026-08-27,0.649,,,,,,,,,,
ETN,Eaton Corporation,AI,power-infra,NYSE,416.04,-2.34%,+0.18%,+7.97%,+28.17%,+19%,161.589,1.177,42.41,2.29,1621800,8258900,51524500,105.0,1.65,buy,1.56,-2.34,97.66,-2.34,976.6,-23.4,9766.0,-234.0,0.18,100.18,0.18,1001.8,1.8,10018.0,18.0,7.97,107.97,7.97,1079.7,79.7,10797.0,797.0,28.17,128.17,28.17,1281.7,281.7,12817.0,2817.0,19.0,119.0,19.0,1190.0,190.0,11900.0,1900.0,How Much Upside Can ETN Stock's Growth Deliver?,Trefis,2026-08-27,0.382,The Vertiv Stock Signal Was Never In The Demand Headline,Trefis,2026-08-27,0.095,Is GE Vernova Emerging as a Key Beneficiary of the AI Power Boom?,Zacks,2026-08-26,0.477,,,,,,,,,,
POWL,Powell Industries,AI,power-infra,NASDAQ,192.55,-1.28%,-2.46%,-4.16%,+64.07%,+117%,7.015,1.216,36.89,0.74,381800,2094200,15586500,19.0,10.16,buy,2.25,-1.28,98.72,-1.28,987.2,-12.8,9872.0,-128.0,-2.46,97.54,-2.46,975.4,-24.6,9754.0,-246.0,-4.16,95.84,-4.16,958.4,-41.6,9584.0,-416.0,64.07,164.07,64.07,1640.7,640.7,16407.0,6407.0,117.0,217.0,117.0,2170.0,1170.0,21700.0,11700.0,"Stock Transaction: Powell Industries Richard Williams Sells 2,250 Shares",Motley Fool,2026-08-27,0.296,This $11 Billion ETF Owns the Companies Wiring America’s $68 Billion Data Center Boom,24/7 Wall St.,2026-08-26,0.0,Powell Industries Eyes Record Revenue as Data Center Backlog Powers Growth,MarketBeat,2026-08-26,0.382,,,,,,,,,,
EQIX,Equinix,AI,dc-operators,NASDAQ,1076.45,-0.33%,-0.57%,+4.52%,+43.02%,+37%,106.216,0.972,69.23,0.6,513200,2690900,13909100,191.0,1.92,buy,1.53,-0.33,99.67,-0.33,996.7,-3.3,9967.0,-33.0,-0.57,99.43,-0.57,994.3,-5.7,9943.0,-57.0,4.52,104.52,4.52,1045.2,45.2,10452.0,452.0,43.02,143.02,43.02,1430.2,430.2,14302.0,4302.0,37.0,137.0,37.0,1370.0,370.0,13700.0,3700.0,Equinix Sees AI Infrastructure Demand Surge as Enterprises Modernize Legacy Systems,MarketBeat,2026-08-27,-0.128,Do Wall Street Analysts Like Equinix Stock?,Barchart,2026-08-25,0.361,SGA Is Betting on Equinix (EQIX) as AI Demand Accelerates,Insider Monkey,2026-08-24,-0.128,,,,,,,,,,
DLR,Digital Realty,AI,dc-operators,NYSE,192.1,-0.98%,-1.13%,-0.56%,+25.59%,+15%,72.549,1.042,93.71,2.94,1154000,8044500,46170600,252.0,0.01,strong_buy,1.45,-0.98,99.02,-0.98,990.2,-9.8,9902.0,-98.0,-1.13,98.87,-1.13,988.7,-11.3,9887.0,-113.0,-0.56,99.44,-0.56,994.4,-5.6,9944.0,-56.0,25.59,125.59,25.59,1255.9,255.9,12559.0,2559.0,15.0,115.0,15.0,1150.0,150.0,11500.0,1500.0,American Tower (AMT) Down 2% Since Last Earnings Report: Can It Rebound?,Zacks,2026-08-27,0.0,"Digital Realty Trust (DLR) Wins Singapore Data Center Slot, Is It Still 14% Undervalued?",Simply Wall St.,2026-08-26,0.791,Realty Income Diversifies Funding: Will This Boost Long-Term Growth?,Zacks,2026-08-25,0.693,,,,,,,,,,
AMT,American Tower,AI,dc-operators,NYSE,174.16,-0.80%,-0.89%,+1.55%,+1.59%,-15%,81.152,0.894,23.92,3.06,2204900,8950900,58240900,397.0,1.74,buy,1.52,-0.8,99.2,-0.8,992.0,-8.0,9920.0,-80.0,-0.89,99.11,-0.89,991.1,-8.9,9911.0,-89.0,1.55,101.55,1.55,1015.5,15.5,10155.0,155.0,1.59,101.59,1.59,1015.9,15.9,10159.0,159.0,-15.0,85.0,-15.0,850.0,-150.0,8500.0,-1500.0,American Tower (AMT) Down 2% Since Last Earnings Report: Can It Rebound?,Zacks,2026-08-27,0.0,HST vs. AMT: Which Stock Is the Better Value Option?,Zacks,2026-08-25,0.649,The Bull Case For American Tower (AMT) Could Change Following Barclays’ Upgrade And CoreSite Momentum – Learn Why,Simply Wall St.,2026-08-21,0.0,,,,,,,,,,
GOOGL,Alphabet (Google),AI,hyperscalers,NASDAQ,340.65,-0.58%,-0.01%,+2.08%,+8.23%,+60%,4166.127,1.237,17.08,31.88,23352300,111610300,596291500,26.0,1.24,strong_buy,1.36,-0.58,99.42,-0.58,994.2,-5.8,9942.0,-58.0,-0.01,99.99,-0.01,999.9,-0.1,9999.0,-1.0,2.08,102.08,2.08,1020.8,20.8,10208.0,208.0,8.23,108.23,8.23,1082.3,82.3,10823.0,823.0,60.0,160.0,60.0,1600.0,600.0,16000.0,6000.0,How tokenization benefits SpaceX stock 'without taking crypto risk',Yahoo Finance Video,2026-08-27,0.529,"Nvidia tops Q2 expectations on revenue of $96.2 billion, offers strong Q3 outlook",Yahoo Finance,2026-08-23,0.765,Can Marvell Technology (MRVL) Justify Its Price On AI Growth?,Simply Wall St.,2026-08-28,0.382,,,,,,,,,,
MSFT,Microsoft,AI,hyperscalers,NASDAQ,505.06,+1.84%,+4.97%,+28.64%,+7.47%,+0%,3750.346,1.099,28.11,38.94,28649300,108668800,791366300,73.0,0.92,strong_buy,1.36,1.84,101.84,1.84,1018.4,18.4,10184.0,184.0,4.97,104.97,4.97,1049.7,49.7,10497.0,497.0,28.64,128.64,28.64,1286.4,286.4,12864.0,2864.0,7.47,107.47,7.47,1074.7,74.7,10747.0,747.0,0.0,100.0,0.0,1000.0,0.0,10000.0,0.0,Why Nvidia probably just lit a new fire under these once-hot trades,Yahoo Finance,2026-08-27,-0.34,"Dow Jones Futures Rise With Fed Chief Warsh Due; Nvidia, These 7 Stocks Are In Buy Zones",Investor's Business Daily,2026-08-28,0.0,"Michael Burry Thanks Tech Columnist’s Praise For Making ‘A Killing’ On NVDA, MSFT Calls Into Earnings",Stocktwits,2026-08-28,0.758,4,strong_buy,0.8,"YTD +4.63%, 1M +26.61%, P/E 27.18, strong_buy analyst consensus (score 1.36), low short interest 0.92%. Solid mega-cap with recent strong monthly momentum.",1M +26.61%; P/E 27.18; Strong_buy consensus; Low short interest 0.92%,,,,,
AMZN,Amazon,AI,hyperscalers,NASDAQ,256.26,-2.16%,-1.48%,+11.00%,+13.14%,+12%,2764.101,1.454,20.6,49.16,35852900,146725000,1035526000,,0.97,strong_buy,1.32,-2.16,97.84,-2.16,978.4,-21.6,9784.0,-216.0,-1.48,98.52,-1.48,985.2,-14.8,9852.0,-148.0,11.0,111.0,11.0,1110.0,110.0,11100.0,1100.0,13.14,113.14,13.14,1131.4,131.4,11314.0,1314.0,12.0,112.0,12.0,1120.0,120.0,11200.0,1200.0,Just received a settlement? Here are 5 smart ways to use the money.,Yahoo Personal Finance,2026-08-27,0.402,Corporate America Cut Big Checks to Trump. Now CEOs Fear Subpoenas Are Coming.,The Wall Street Journal,2026-08-28,-0.649,Why Is Wall Street Doubting Google Stock?,Trefis,2026-08-27,-0.34,,,,,,,,,,
META,Meta Platforms,AI,hyperscalers,NASDAQ,571.1,-1.38%,+4.63%,-3.76%,-12.04%,-23%,1454.88,1.243,21.5,18.55,15191500,83215500,405372900,36.0,1.27,strong_buy,1.35,-1.38,98.62,-1.38,986.2,-13.8,9862.0,-138.0,4.63,104.63,4.63,1046.3,46.3,10463.0,463.0,-3.76,96.24,-3.76,962.4,-37.6,9624.0,-376.0,-12.04,87.96,-12.04,879.6,-120.4,8796.0,-1204.0,-23.0,77.0,-23.0,770.0,-230.0,7700.0,-2300.0,Why Nvidia probably just lit a new fire under these once-hot trades,Yahoo Finance,2026-08-27,-0.34,Corporate America Cut Big Checks to Trump. Now CEOs Fear Subpoenas Are Coming.,The Wall Street Journal,2026-08-28,-0.649,Uber (UBER)’s $966 Million Fine: A Temporary Headwind or Bigger Regulatory Threat?,Insider Monkey,2026-08-28,-0.382,,,,,,,,,,
IREN,Iris Energy,AI,ai-compute,NASDAQ,40.53,-1.02%,-4.86%,+19.45%,-5.08%,+53%*,14.485,4.302,52.64,44.82,46872400,202031300,1069039200,,27.24,buy,1.59,-1.02,98.98,-1.02,989.8,-10.2,9898.0,-102.0,-4.86,95.14,-4.86,951.4,-48.6,9514.0,-486.0,19.45,119.45,19.45,1194.5,194.5,11945.0,1945.0,-5.08,94.92,-5.08,949.2,-50.8,9492.0,-508.0,53.0,153.0,53.0,1530.0,530.0,15300.0,5300.0,"Nasdaq Futures Sink While S&P 500, Dow Futures Gain Ahead Of Fed Chief Warsh’s Jackson Hole Speech: PYPL, MRVL, IREN, AFRM Stocks In Focus",Stocktwits,2026-08-28,0.527,IREN Stock Falls 8% After Q4 Miss; AI Cloud Shift Gains Momentum,Stocktwits,2026-08-28,0.202,IREN Q4 Earnings Call Highlights,MarketBeat,2026-08-27,0.0,9,buy,0.65,"YTD -1.15%, 1M +16.31%, 1D +6.73%, P/E 52.11, analyst buy (score 1.59). AI compute company with positive momentum and buy rating.",1M +16.31%; 1D +6.73%; Buy analyst consensus; AI compute catalyst,,,,,
CORZ,Core Scientific,AI,ai-compute,NASDAQ,17.62,-2.01%,-4.19%,-15.06%,+10.19%,+23%*,5.663,5.592,,12.47,15052800,53998200,325417600,,22.32,none,,-2.01,97.99,-2.01,979.9,-20.1,9799.0,-201.0,-4.19,95.81,-4.19,958.1,-41.9,9581.0,-419.0,-15.06,84.94,-15.06,849.4,-150.6,8494.0,-1506.0,10.19,110.19,10.19,1101.9,101.9,11019.0,1019.0,23.0,123.0,23.0,1230.0,230.0,12300.0,2300.0,"Applied Digital Stock Is Down, But Its AI Data Center Business Is Powering Up. What Gives?",Trefis,2026-08-28,0.0,Core Scientific (CORZ) Stock Looks Pricey On Sales While Returns Stay Strong,Simply Wall St.,2026-08-27,0.511,Core Scientific (CORZ) Could Be 53% Undervalued If Its Growth Story Holds,Simply Wall St.,2026-08-27,0.382,,,,,,,,,,
WULF,TeraWulf,AI,ai-compute,NASDAQ,16.49,+0.31%,+0.24%,-3.51%,+29.43%,+74%*,8.228,4.288,,32.7,27128800,151430200,770796100,,25.26,strong_buy,1.28,0.31,100.31,0.31,1003.1,3.1,10031.0,31.0,0.24,100.24,0.24,1002.4,2.4,10024.0,24.0,-3.51,96.49,-3.51,964.9,-35.1,9649.0,-351.0,29.43,129.43,29.43,1294.3,294.3,12943.0,2943.0,74.0,174.0,74.0,1740.0,740.0,17400.0,7400.0,"TeraWulf Jumps 6% as NVIDIA’s Guidance Reignites the Compute Trade, Applied Digital Gains 5%",24/7 Wall St.,2026-08-27,0.34,"IREN to Report Q4 Earnings: Should You Buy, Sell or Hold the Stock?",Zacks,2026-08-26,0.0,Wall Street Just Invented the ‘Neocloud’ ETF. It Owns the Companies Renting AI Compute to Everyone Else,24/7 Wall St.,2026-08-25,0.0,,,,,,,,,,
HUT,Hut 8 Mining,AI,ai-compute,NASDAQ,87.13,+0.35%,-1.71%,-13.85%,+69.94%,+226%,10.739,6.108,,4.53,4715100,26531300,116816000,,11.96,strong_buy,1.33,0.35,100.35,0.35,1003.5,3.5,10035.0,35.0,-1.71,98.29,-1.71,982.9,-17.1,9829.0,-171.0,-13.85,86.15,-13.85,861.5,-138.5,8615.0,-1385.0,69.94,169.94,69.94,1699.4,699.4,16994.0,6994.0,226.0,326.0,226.0,3260.0,2260.0,32600.0,22600.0,"Applied Digital Stock Is Down, But Its AI Data Center Business Is Powering Up. What Gives?",Trefis,2026-08-28,0.0,Hut 8 CFO Sells Company Stock,CryptoProwl,2026-08-27,0.0,"Hut 8's CFO Sells 6,445 Shares for $508,000 After a One-Year Return of 240%",Motley Fool,2026-08-26,0.296,,,,,,,,,,
SMCI,Super Micro Computer,AI,ai-compute,NASDAQ,38.46,+0.29%,+5.37%,+35.18%,+24.22%,-7%,24.879,1.967,11.8,58.68,41597600,199836900,1222602900,,18.41,hold,2.84,0.29,100.29,0.29,1002.9,2.9,10029.0,29.0,5.37,105.37,5.37,1053.7,53.7,10537.0,537.0,35.18,135.18,35.18,1351.8,351.8,13518.0,3518.0,24.22,124.22,24.22,1242.2,242.2,12422.0,2422.0,-7.0,93.0,-7.0,930.0,-70.0,9300.0,-700.0,Super Micro Stock And 2 AI Infrastructure Names Trading Below Fair Value,Simply Wall St.,2026-08-28,0.823,Nvidia's AI Chips Are Making Liquid Cooling the New Standard as Cisco Expands Its AI Bet,Benzinga,2026-08-27,0.103,3 Storage Devices Stocks to Buy as the Industry Gains Momentum,Zacks,2026-08-27,0.34,7,buy,0.6,"YTD +24.22%, 1M +29.02%, 1D +9.57%, P/E 10.77. Low valuation relative to AI compute peers, despite hold rating (score 2.84). Momentum is strong.",1M +29.02%; P/E 10.77; Low valuation; AI compute momentum,,,,,
DELL,Dell Technologies,AI,ai-compute,NYSE,472.26,+0.00%,+8.62%,+20.44%,+272.91%,+287%,305.148,1.401,37.57,7.97,4642600,21023400,128185600,54.0,4.64,buy,1.78,0.0,100.0,0.0,1000.0,0.0,10000.0,0.0,8.62,108.62,8.62,1086.2,86.2,10862.0,862.0,20.44,120.44,20.44,1204.4,204.4,12044.0,2044.0,272.91,372.91,272.91,3729.1,2729.1,37291.0,27291.0,287.0,387.0,287.0,3870.0,2870.0,38700.0,28700.0,AI Bubble Could Be Ready to Pop and Jim Cramer May Be the Warning Sign,Benzinga,2026-08-27,0.026,"Stock Market Today, Aug. 27: HP Slips 3% on Weak PC Shipments Despite Fiscal Q3 Beat",Motley Fool,2026-08-27,-0.44,"8-27-2026: Nvidia Surge, Oil Relief + Jackson Hole in Focus",NYSE,2026-08-27,0.477,,,,,,,,,,
COHR,Coherent Corp,AI,fibre-optical,NYSE,295.39,-2.91%,+1.85%,+21.39%,+52.00%,+227%,57.847,2.107,71.35,6.25,4895700,28023300,174003300,,6.0,buy,1.64,-2.91,97.09,-2.91,970.9,-29.1,9709.0,-291.0,1.85,101.85,1.85,1018.5,18.5,10185.0,185.0,21.39,121.39,21.39,1213.9,213.9,12139.0,2139.0,52.0,152.0,52.0,1520.0,520.0,15200.0,5200.0,227.0,327.0,227.0,3270.0,2270.0,32700.0,22700.0,COHR vs. APP: Which AI Growth Stock Offers the Better Investment?,Zacks,2026-08-27,0.67,AXT's Supply Agreements Expand: Can They Strengthen Revenue Growth?,Zacks,2026-08-27,0.807,Marvell Jumps Ahead of Key Earnings as AI Stocks Rally After Nvidia's Results,Barrons.com,2026-08-27,0.0,,,,,,,,,,
LITE,Lumentum Holdings,AI,fibre-optical,NASDAQ,956.14,-1.12%,+8.74%,+46.66%,+147.63%,+620%,85.766,1.513,,5.2,4119600,19451300,118759700,,8.84,buy,1.54,-1.12,98.88,-1.12,988.8,-11.2,9888.0,-112.0,8.74,108.74,8.74,1087.4,87.4,10874.0,874.0,46.66,146.66,46.66,1466.6,466.6,14666.0,4666.0,147.63,247.63,147.63,2476.3,1476.3,24763.0,14763.0,620.0,720.0,620.0,7200.0,6200.0,72000.0,62000.0,Lumentum Sees AI Data Centers Driving Major Optical Connectivity Growth,MarketBeat,2026-08-28,0.434,Amgen Stock Signals Its Confidence. The Market Agrees.,Trefis,2026-08-28,0.625,Super Micro Stock And 2 AI Infrastructure Names Trading Below Fair Value,Simply Wall St.,2026-08-28,0.823,3,buy,0.901,"YTD +129.36%, 1M +24.38%, 1D +7.46%. Strong momentum in fibre-optical, analyst buy (score 1.54), news sentiment 0.132.",YTD +129.36%; 1M +24.38%; Buy analyst consensus; Fibre-optical AI catalyst,,,,,
AAOI,Applied Optoelectronics,AI,fibre-optical,NASDAQ,113.28,-4.71%,-12.25%,+28.52%,+186.06%,+368%,9.618,3.787,,12.05,6204100,42583100,291151600,,12.77,buy,2.33,-4.71,95.29,-4.71,952.9,-47.1,9529.0,-471.0,-12.25,87.75,-12.25,877.5,-122.5,8775.0,-1225.0,28.52,128.52,28.52,1285.2,285.2,12852.0,2852.0,186.06,286.06,186.06,2860.6,1860.6,28606.0,18606.0,368.0,468.0,368.0,4680.0,3680.0,46800.0,36800.0,"Lumentum Climbs 4% as the AI Optics Trade Extends a Second Session, Coherent and Applied Optoelectronics Drift",24/7 Wall St.,2026-08-26,0.128,ASML or AAOI: Which Tech Stock Is Better-Placed at Present?,Zacks,2026-08-26,0.0,Applied Optoelectronics Has a Rare Problem Thanks to a Possible U.S. Ban on China,Barchart,2026-08-25,-0.527,,,,,,,,,,
FN,Fabrinet,AI,fibre-optical,NYSE,432.71,-4.26%,-2.73%,-3.78%,-9.74%,+31%,15.506,1.222,33.16,1.03,1145100,5123700,23778100,,4.34,buy,1.78,-4.26,95.74,-4.26,957.4,-42.6,9574.0,-426.0,-2.73,97.27,-2.73,972.7,-27.3,9727.0,-273.0,-3.78,96.22,-3.78,962.2,-37.8,9622.0,-378.0,-9.74,90.26,-9.74,902.6,-97.4,9026.0,-974.0,31.0,131.0,31.0,1310.0,310.0,13100.0,3100.0,AXT's Supply Agreements Expand: Can They Strengthen Revenue Growth?,Zacks,2026-08-27,0.807,Wall Street Analysts See a 64.05% Upside in Fabrinet (FN): Can the Stock Really Move This High?,Zacks,2026-08-27,0.0,Fabrinet's CEO Sells Company Stock Worth $1.7 Million Amid a Share Price Decline,Motley Fool,2026-08-26,0.477,,,,,,,,,,
MTSI,MACOM Technology,AI,dsp-semi,NASDAQ,277.15,-0.44%,+4.12%,+11.20%,+58.41%,+116%,21.166,1.71,88.26,1.66,1099000,5823300,34587600,,3.57,buy,1.69,-0.44,99.56,-0.44,995.6,-4.4,9956.0,-44.0,4.12,104.12,4.12,1041.2,41.2,10412.0,412.0,11.2,111.2,11.2,1112.0,112.0,11120.0,1120.0,58.41,158.41,58.41,1584.1,584.1,15841.0,5841.0,116.0,216.0,116.0,2160.0,1160.0,21600.0,11600.0,"AMD, Marvell Technology, Semtech, Allegro MicroSystems, and MACOM Stocks Trade Up, What You Need To Know",StockStory,2026-08-25,0.0,1 of Wall Street’s Favorite Stocks with Exciting Potential and 2 We Ignore,StockStory,2026-08-25,0.572,MACOM Technology Solutions Holdings (MTSI) Could Be 33% Undervalued After Earnings And Guidance,Simply Wall St.,2026-08-20,0.178,,,,,,,,,,
SMTC,Semtech,AI,dsp-semi,NASDAQ,142.43,-0.79%,+14.05%,+27.97%,+89.25%,+145%,13.293,2.345,,3.43,3645600,27684800,70535700,,9.0,strong_buy,1.33,-0.79,99.21,-0.79,992.1,-7.9,9921.0,-79.0,14.05,114.05,14.05,1140.5,140.5,11405.0,1405.0,27.97,127.97,27.97,1279.7,279.7,12797.0,2797.0,89.25,189.25,89.25,1892.5,892.5,18925.0,8925.0,145.0,245.0,145.0,2450.0,1450.0,24500.0,14500.0,Why Semtech Stock Was Flying This Week,Motley Fool,2026-08-28,0.0,SMTC Q2 Deep Dive: Data Center and IoT Drive Upside as Portfolio Refocuses,StockStory,2026-08-27,0.0,"Northland lifts Semtech rating, sees connectivity as the AI bottleneck",Investing.com,2026-08-27,0.0,,,,,,,,,,
CRDO,Credo Technology,AI,dsp-semi,NASDAQ,240.24,+2.23%,+3.84%,+24.94%,+67.74%,+95%,45.149,3.233,95.71,7.52,4227700,16120600,108464600,,3.69,strong_buy,1.32,2.23,102.23,2.23,1022.3,22.3,10223.0,223.0,3.84,103.84,3.84,1038.4,38.4,10384.0,384.0,24.94,124.94,24.94,1249.4,249.4,12494.0,2494.0,67.74,167.74,67.74,1677.4,677.4,16774.0,6774.0,95.0,195.0,95.0,1950.0,950.0,19500.0,9500.0,Marvell Technology (MRVL) Q2 Earnings and Revenues Beat Estimates,Zacks,2026-08-27,0.0,This Under-the-Radar AI Stock Could Be the Next Big Semiconductor Winner,24/7 Wall St.,2026-08-27,0.586,"Credo Technology Group Holding (CRDO), Why Is It Getting Fresh Attention Now?",Simply Wall St.,2026-08-25,0.318,,,,,,,,,,
MXL,MaxLinear,AI,dsp-semi,NASDAQ,63.42,-4.20%,-2.85%,+7.60%,+242.63%,+303%,5.752,3.975,,3.69,1913000,9379000,57988000,,6.64,buy,1.82,-4.2,95.8,-4.2,958.0,-42.0,9580.0,-420.0,-2.85,97.15,-2.85,971.5,-28.5,9715.0,-285.0,7.6,107.6,7.6,1076.0,76.0,10760.0,760.0,242.63,342.63,242.63,3426.3,2426.3,34263.0,24263.0,303.0,403.0,303.0,4030.0,3030.0,40300.0,30300.0,Why Is NXP (NXPI) Down 7.4% Since Last Earnings Report?,Zacks,2026-08-27,0.0,MXL's AI Optical Growth Accelerates: Can It Challenge AVGO & MRVL?,Zacks,2026-08-26,0.44,Here's Why MaxLinear (MXL) Is a Great 'Buy the Bottom' Stock Now,Zacks,2026-08-24,0.625,,,,,,,,,,
KEYS,Keysight Technologies,AI,test-equip,NYSE,325.82,+0.55%,+2.94%,+6.77%,+57.71%,+99%,55.487,1.21,44.03,1.49,1326200,6309600,31959600,,1.98,buy,1.58,0.55,100.55,0.55,1005.5,5.5,10055.0,55.0,2.94,102.94,2.94,1029.4,29.4,10294.0,294.0,6.77,106.77,6.77,1067.7,67.7,10677.0,677.0,57.71,157.71,57.71,1577.1,577.1,15771.0,5771.0,99.0,199.0,99.0,1990.0,990.0,19900.0,9900.0,Does Keysight’s Raised Outlook and AI Design Wins Change The Bull Case For Keysight Technologies (KEYS)?,Simply Wall St.,2026-08-27,0.572,Why Is Keysight Technologies (KEYS) Adding A New Director And Spotlighting EDA Wins?,Simply Wall St.,2026-08-27,0.572,Wall Street Analysts Predict a 30% Upside in Keysight (KEYS): Here's  What You Should Know,Zacks,2026-08-27,0.0,,,,,,,,,,
VIAV,Viavi Solutions,AI,test-equip,NASDAQ,38.45,-3.15%,-0.29%,+9.54%,+111.85%,+241%,9.488,1.234,,6.44,2239200,14547700,118116900,,4.97,strong_buy,1.38,-3.15,96.85,-3.15,968.5,-31.5,9685.0,-315.0,-0.29,99.71,-0.29,997.1,-2.9,9971.0,-29.0,9.54,109.54,9.54,1095.4,95.4,10954.0,954.0,111.85,211.85,111.85,2118.5,1118.5,21185.0,11185.0,241.0,341.0,241.0,3410.0,2410.0,34100.0,24100.0,Should VIAV Stock Be Part of Your Portfolio After Solid Q4 Results?,Zacks,2026-08-27,0.153,"Viavi Sees AI Optics, CPO Testing Driving Path Toward $500M Quarterly Revenue",MarketBeat,2026-08-20,0.0,"Viavi Solutions Director Laura Black Sells 71,000 Shares for $3.3 Million",Motley Fool,2026-08-19,0.44,,,,,,,,,,
AXTI,AXT Inc,AI,materials,NASDAQ,66.92,-4.67%,-8.48%,+56.50%,+299.28%,+2208%,4.388,1.933,2230.67,10.43,6838300,35838400,294743400,,17.12,none,,-4.67,95.33,-4.67,953.3,-46.7,9533.0,-467.0,-8.48,91.52,-8.48,915.2,-84.8,9152.0,-848.0,56.5,156.5,56.5,1565.0,565.0,15650.0,5650.0,299.28,399.28,299.28,3992.8,2992.8,39928.0,29928.0,2208.0,2308.0,2208.0,23080.0,22080.0,230800.0,220800.0,AXT's Supply Agreements Expand: Can They Strengthen Revenue Growth?,Zacks,2026-08-27,0.807,Here's Why AXT (AXTI) Is a Great 'Buy the Bottom' Stock Now,Zacks,2026-08-25,0.625,AXTI vs. ASYS: Which AI Semiconductor Stock Is the Better Buy Now?,Zacks,2026-08-21,0.44,8,strong_buy,0.995,"YTD +302.45%, 1M +40.87%, 1D +4.24%, news sentiment 0.392. Extremely high momentum in materials, but P/E 2248 is extreme; high risk/reward.",YTD +302.45%; 1M +40.87%; Positive news sentiment 0.392; High momentum but high P/E,,,,,
AMGN,Amgen,Biotech,large-cap,NASDAQ,436.99,-0.41%,+1.34%,+11.81%,+36.10%,+52%,236.251,0.413,27.11,2.71,1761500,10729000,61152000,229.0,2.23,buy,2.47,-0.41,99.59,-0.41,995.9,-4.1,9959.0,-41.0,1.34,101.34,1.34,1013.4,13.4,10134.0,134.0,11.81,111.81,11.81,1118.1,118.1,11181.0,1181.0,36.1,136.1,36.1,1361.0,361.0,13610.0,3610.0,52.0,152.0,52.0,1520.0,520.0,15200.0,5200.0,Amgen Stock Signals Its Confidence. The Market Agrees.,Trefis,2026-08-28,0.625,"Amgen, AstraZeneca Score With Tezspire; Can They Take On Dupixent?",Investor's Business Daily,2026-08-27,0.0,AstraZeneca Stock Remains 14% Lower Despite Tezspire Phase 3 Success,GuruFocus.com,2026-08-27,0.361,,,,,,,,,,
GILD,Gilead Sciences,Biotech,large-cap,NASDAQ,148.86,+0.76%,+3.78%,+10.82%,+23.92%,+32%,184.579,0.336,,7.66,5000600,26456400,150777500,221.0,1.87,buy,1.69,0.76,100.76,0.76,1007.6,7.6,10076.0,76.0,3.78,103.78,3.78,1037.8,37.8,10378.0,378.0,10.82,110.82,10.82,1108.2,108.2,11082.0,1082.0,23.92,123.92,23.92,1239.2,239.2,12392.0,2392.0,32.0,132.0,32.0,1320.0,320.0,13200.0,3200.0,Gilead (GILD) Stock Looks Undervalued After A 147% Five Year Run,Simply Wall St.,2026-08-27,0.0,"Gilead Sciences (GILD) Wins EU Trodelvy Approval, Is The Stock Fully Priced?",Simply Wall St.,2026-08-27,0.778,What Does Gilead Sciences (GILD) Gain From Its Expanded EU Breast Cancer Approval?,Simply Wall St.,2026-08-27,0.273,,,,,,,,,,
REGN,Regeneron Pharmaceuticals,Biotech,large-cap,NASDAQ,807.71,-0.29%,-2.29%,+16.32%,+4.45%,+39%,83.158,0.188,19.99,0.9,766800,3316300,18201700,46.0,2.46,buy,1.89,-0.29,99.71,-0.29,997.1,-2.9,9971.0,-29.0,-2.29,97.71,-2.29,977.1,-22.9,9771.0,-229.0,16.32,116.32,16.32,1163.2,163.2,11632.0,1632.0,4.45,104.45,4.45,1044.5,44.5,10445.0,445.0,39.0,139.0,39.0,1390.0,390.0,13900.0,3900.0,Can Regeneron (REGN)’s Rare-Disease Win Move the Earnings Needle?,Insider Monkey,2026-08-27,0.586,"Amgen, AstraZeneca Score With Tezspire; Can They Take On Dupixent?",Investor's Business Daily,2026-08-27,0.0,Regeneron Pharmaceuticals (REGN) Adjusts Course Amid Mixed Results in Melanoma Drug Trials,Insider Monkey,2026-08-27,0.0,7,buy,0.7,"YTD +7.8%, 1M +25.1%, 1W +2.9%; P/E 20.5, beta 0.19, dividend yield 0.45%; analyst buy (an_score 1.89), positive news sentiment 0.225.",+25% 1M; P/E 20.5; low beta 0.19; positive news sentiment 0.225,,,,,
VRTX,Vertex Pharmaceuticals,Biotech,large-cap,NASDAQ,547.55,+0.49%,+1.35%,+11.66%,+21.10%,+40%,138.782,0.305,31.87,1.52,843900,4295300,28476400,,1.85,buy,1.66,0.49,100.49,0.49,1004.9,4.9,10049.0,49.0,1.35,101.35,1.35,1013.5,13.5,10135.0,135.0,11.66,111.66,11.66,1116.6,116.6,11166.0,1166.0,21.1,121.1,21.1,1211.0,211.0,12110.0,2110.0,40.0,140.0,40.0,1400.0,400.0,14000.0,4000.0,Vertex Pharmaceuticals Up 15% in a Month: How to Play the Stock,Zacks,2026-08-26,0.34,2 Large-Cap Stocks to Research Further and 1 We Question,StockStory,2026-08-26,0.0,Inflation Is Rising Again. History Says These 2 Stocks Are Among the Smartest Places to Hide,Motley Fool,2026-08-24,0.511,,,,,,,,,,
BIIB,Biogen,Biotech,large-cap,NASDAQ,221.5,+0.67%,+3.34%,+7.73%,+24.56%,+68%,32.727,0.162,39.27,1.15,497300,3012000,20805200,,3.92,buy,1.83,0.67,100.67,0.67,1006.7,6.7,10067.0,67.0,3.34,103.34,3.34,1033.4,33.4,10334.0,334.0,7.73,107.73,7.73,1077.3,77.3,10773.0,773.0,24.56,124.56,24.56,1245.6,245.6,12456.0,2456.0,68.0,168.0,68.0,1680.0,680.0,16800.0,6800.0,Veeva Systems Inc (VEEV) (Q2 2027) Earnings Call Highlights: Record CRM Quarter and AI Momentum ...,GuruFocus.com,2026-08-27,0.0,Veeva Systems Q2 Earnings Call Highlights,MarketBeat,2026-08-26,0.0,"Veeva's Vault CRM Wins Reinforce Market-Leader Status Ahead of Earnings, Truist Says",MT Newswires,2026-08-25,0.572,,,,,,,,,,
BMY,Bristol-Myers Squibb,Biotech,large-cap,NYSE,66.95,-1.18%,+2.26%,+5.27%,+27.95%,+42%,136.759,0.225,14.75,12.21,4667100,33743200,264017400,373.0,2.25,buy,2.46,-1.18,98.82,-1.18,988.2,-11.8,9882.0,-118.0,2.26,102.26,2.26,1022.6,22.6,10226.0,226.0,5.27,105.27,5.27,1052.7,52.7,10527.0,527.0,27.95,127.95,27.95,1279.5,279.5,12795.0,2795.0,42.0,142.0,42.0,1420.0,420.0,14200.0,4200.0,Bristol-Myers Squibb (BMY)’s Cellares Exit Raises Questions Over Breyanzi Growth,Insider Monkey,2026-08-28,0.382,Amgen Stock Signals Its Confidence. The Market Agrees.,Trefis,2026-08-28,0.625,New FDA Approval Gives Bristol-Myers Squibb (BMY) Another Potential Oncology Growth Catalyst,Insider Monkey,2026-08-28,0.691,,,,,,,,,,
AZN,AstraZeneca,Biotech,uk-listed,LSE,164.61,-0.98%,+0.22%,-6.00%,-10.86%,+4%,2.553,0.211,24.77,3.07,300210,9256742,97530648,195.0,,buy,1.79,-0.98,99.02,-0.98,990.2,-9.8,9902.0,-98.0,0.22,100.22,0.22,1002.2,2.2,10022.0,22.0,-6.0,94.0,-6.0,940.0,-60.0,9400.0,-600.0,-10.86,89.14,-10.86,891.4,-108.6,8914.0,-1086.0,4.0,104.0,4.0,1040.0,40.0,10400.0,400.0,What Is AstraZeneca (LSE:AZN) Signaling With Its Latest Late Stage Trial Results?,Simply Wall St.,2026-08-28,0.0,"Amgen, AstraZeneca Score With Tezspire; Can They Take On Dupixent?",Investor's Business Daily,2026-08-27,0.0,AstraZeneca Stock Remains 14% Lower Despite Tezspire Phase 3 Success,GuruFocus.com,2026-08-27,0.361,,,,,,,,,,
GSK,GSK,Biotech,uk-listed,LSE,25.17,-2.50%,-3.57%,-5.55%,+1.15%,+31%,1.008,0.295,15.69,7.85,62,18161923,156515843,358.0,,hold,2.59,-2.5,97.5,-2.5,975.0,-25.0,9750.0,-250.0,-3.57,96.43,-3.57,964.3,-35.7,9643.0,-357.0,-5.55,94.45,-5.55,944.5,-55.5,9445.0,-555.0,1.15,101.15,1.15,1011.5,11.5,10115.0,115.0,31.0,131.0,31.0,1310.0,310.0,13100.0,3100.0,GSK's sBLA for Jemperli Gets FDA Priority Tag in Rectal Cancer,Zacks,2026-08-24,-0.66,GSK shares kept at neutral by Citi as unproven phase III pipeline curbs long-term growth,Proactive,2026-08-20,0.586,Is Gilead's Expanding HIV Portfolio a Growth Catalyst?,Zacks,2026-08-18,0.382,,,,,,,,,,
CRSP,CRISPR Therapeutics,Biotech,gene-editing,NASDAQ,59.37,-0.52%,+2.15%,+24.86%,+10.41%,+15%,5.741,1.738,,1.65,1186900,7790300,35390400,,22.2,buy,2.05,-0.52,99.48,-0.52,994.8,-5.2,9948.0,-52.0,2.15,102.15,2.15,1021.5,21.5,10215.0,215.0,24.86,124.86,24.86,1248.6,248.6,12486.0,2486.0,10.41,110.41,10.41,1104.1,104.1,11041.0,1041.0,15.0,115.0,15.0,1150.0,150.0,11500.0,1500.0,Vertex Pharmaceuticals Up 15% in a Month: How to Play the Stock,Zacks,2026-08-26,0.34,4 Gene-Editing Biotech Stocks Worth Watching for Long-Term Gains,Zacks,2026-08-24,0.511,CRISPR Therapeutics Stock Is Up Only 8% This Year. Is Cathie Wood's Bet on the Gene-Editing Stock Dead Money?,Motley Fool,2026-08-21,-0.649,3,buy,0.7,"YTD +13.3%, 1M +30.3%, 1W +15.0%; FDA expanded Casgevy to ages 2+; analyst buy (an_score 2.05), short interest 22.2%. [tradingview.com](https://www.tradingview.com/news/zacks:b3db22586094b:0-4-gene-editing-biotech-stocks-worth-watching-for-long-term-gains/)",+30% 1M; Casgevy expanded to ages 2+; analyst buy; commercial validation,,,,,
BEAM,Beam Therapeutics,Biotech,gene-editing,NASDAQ,30.48,-1.09%,+7.36%,+15.94%,+12.31%,+86%,3.149,2.209,,2.15,1268800,8544600,38511400,,36.48,strong_buy,1.33,-1.09,98.91,-1.09,989.1,-10.9,9891.0,-109.0,7.36,107.36,7.36,1073.6,73.6,10736.0,736.0,15.94,115.94,15.94,1159.4,159.4,11594.0,1594.0,12.31,112.31,12.31,1123.1,123.1,11231.0,1231.0,86.0,186.0,86.0,1860.0,860.0,18600.0,8600.0,Beam Therapeutics (BEAM) Stock May Look Stretched As Sales Expectations Climb,Simply Wall St.,2026-08-26,0.0,4 Gene-Editing Biotech Stocks Worth Watching for Long-Term Gains,Zacks,2026-08-24,0.511,"BEAM's Q2 Loss Wider Than Expected, Revenues Fall Y/Y, Pipeline in Focus",Zacks,2026-08-05,-0.318,6,buy,0.6,"YTD +14.3%, 1M +23.8%, 1W +16.8%; BLA for risto-cel in SCD due end of 2026; no analyst rating, high short interest 36.5%. [tradingview.com](https://www.tradingview.com/news/zacks:b3db22586094b:0-4-gene-editing-biotech-stocks-worth-watching-for-long-term-gains/)",+23.8% 1M; BLA for risto-cel; high short interest 36.5%; base editing platform,,,,,
NTLA,Intellia Therapeutics,Biotech,gene-editing,NASDAQ,13.11,-2.74%,+5.39%,+20.39%,+42.35%,+15%,1.837,1.794,,4.85,2444900,15698200,80313200,,40.35,buy,2.26,-2.74,97.26,-2.74,972.6,-27.4,9726.0,-274.0,5.39,105.39,5.39,1053.9,53.9,10539.0,539.0,20.39,120.39,20.39,1203.9,203.9,12039.0,2039.0,42.35,142.35,42.35,1423.5,423.5,14235.0,4235.0,15.0,115.0,15.0,1150.0,150.0,11500.0,1500.0,4 Gene-Editing Biotech Stocks Worth Watching for Long-Term Gains,Zacks,2026-08-24,0.511,Moderna’s Newfound War Chest Opens Door for 4 Strategic Acquisition Targets,24/7 Wall St.,2026-08-20,-0.599,Intellia (NTLA) Q2 2026 Earnings Call Transcript,Motley Fool,2026-08-13,0.0,2,buy,0.75,"YTD +46.7%, 1M +26.6%, 1W +16.5%; Phase 3 HAELO trial showed 87% attack reduction, rolling BLA underway; analyst buy (an_score 2.26). [themarketsdaily.com](https://www.themarketsdaily.com/2026/08/25/intellia-therapeutics-nasdaqntla-trading-8-3-higher-still-a-buy.html)",+46.7% YTD; Phase 3 HAELO 87% reduction; rolling BLA; analyst buy,,,,,
EDIT,Editas Medicine,Biotech,gene-editing,NASDAQ,3.3,+2.48%,+12.24%,+25.95%,+60.98%,+28%*,0.507,2.063,,2.46,2665000,13983900,54392200,,16.1,buy,2.08,2.48,102.48,2.48,1024.8,24.8,10248.0,248.0,12.24,112.24,12.24,1122.4,122.4,11224.0,1224.0,25.95,125.95,25.95,1259.5,259.5,12595.0,2595.0,60.98,160.98,60.98,1609.8,609.8,16098.0,6098.0,28.0,128.0,28.0,1280.0,280.0,12800.0,2800.0,4 Gene-Editing Biotech Stocks Worth Watching for Long-Term Gains,Zacks,2026-08-24,0.511,Moderna’s Newfound War Chest Opens Door for 4 Strategic Acquisition Targets,24/7 Wall St.,2026-08-20,-0.599,Is Editas Medicine (EDIT) Outperforming Other Medical Stocks This Year?,Zacks,2026-08-10,0.0,9,buy,0.5,"YTD +60.0%, 1M +22.4%, 1W +13.9%; most speculative, only one in vivo candidate; analyst buy (an_score 2.08), short interest 16.1%. [tradingview.com](https://www.tradingview.com/news/zacks:b3db22586094b:0-4-gene-editing-biotech-stocks-worth-watching-for-long-term-gains/)",+60% YTD; +22% 1M; speculative in vivo; analyst buy,,,,,
ILMN,Illumina,Biotech,genomics,NASDAQ,227.69,+0.75%,+6.78%,+17.99%,+69.48%,+128%,34.381,1.464,42.56,1.99,1937200,9736500,47920300,,10.26,buy,2.45,0.75,100.75,0.75,1007.5,7.5,10075.0,75.0,6.78,106.78,6.78,1067.8,67.8,10678.0,678.0,17.99,117.99,17.99,1179.9,179.9,11799.0,1799.0,69.48,169.48,69.48,1694.8,694.8,16948.0,6948.0,128.0,228.0,128.0,2280.0,1280.0,22800.0,12800.0,Winners And Losers Of Q2: Illumina (NASDAQ:ILMN) Vs The Rest Of The Life Sciences Tools & Services Stocks,StockStory,2026-08-26,-0.077,Illumina (ILMN) Renews $1b Credit Line After Rally As Fair Value Debate Builds,Simply Wall St.,2026-08-26,0.743,Illumina (ILMN) Replaces Prior Deal With $1 Billion Revolving Credit Facility,Simply Wall St.,2026-08-25,0.382,,,,,,,,,,
PACB,Pacific Biosciences,Biotech,genomics,NASDAQ,1.55,-0.64%,+26.02%,+11.51%,-15.76%,+18%*,0.482,2.318,,6.73,6726600,43252100,172113000,,19.75,buy,2.0,-0.64,99.36,-0.64,993.6,-6.4,9936.0,-64.0,26.02,126.02,26.02,1260.2,260.2,12602.0,2602.0,11.51,111.51,11.51,1115.1,115.1,11151.0,1151.0,-15.76,84.24,-15.76,842.4,-157.6,8424.0,-1576.0,18.0,118.0,18.0,1180.0,180.0,11800.0,1800.0,1 of Wall Street’s Favorite Stocks to Own for Decades and 2 We Brush Off,StockStory,2026-08-26,0.459,Cancer Vaccine Breakthrough Lifts 5 Biotech Names. Here’s Who’s Best Positioned.,24/7 Wall St.,2026-08-25,-0.052,1 Healthcare Stock to Target This Week and 2 Facing Headwinds,StockStory,2026-08-24,0.0,,,,,,,,,,
NTRA,Natera,Biotech,genomics,NASDAQ,338.7,+0.01%,+4.27%,+34.29%,+48.01%,+101%,48.822,1.514,,1.43,731200,5992100,33059900,,3.07,strong_buy,1.5,0.01,100.01,0.01,1000.1,0.1,10001.0,1.0,4.27,104.27,4.27,1042.7,42.7,10427.0,427.0,34.29,134.29,34.29,1342.9,342.9,13429.0,3429.0,48.01,148.01,48.01,1480.1,480.1,14801.0,4801.0,101.0,201.0,101.0,2010.0,1010.0,20100.0,10100.0,3 Healthcare Stocks with Promising Prospects,StockStory,2026-08-27,0.599,How Investors May Respond To Natera (NTRA) New MRD Trial Deal And Duquesne Stake Expansion,Simply Wall St.,2026-08-27,0.0,Natera (NTRA) Supplies MRD Assay For Phase 1 Skin Cancer Immunotherapy Trial,Simply Wall St.,2026-08-26,-0.66,5,strong_buy,0.85,"YTD +47.1%, 1M +30.5%, 1W +8.0%; strong_buy consensus (an_score 1.5), low short interest 3.1%, large market cap $48.5B.",+47% YTD; strong_buy consensus; low short interest 3.1%; market cap $48.5B,,,,,
RXRX,Recursion Pharmaceuticals,Biotech,genomics,NASDAQ,3.44,-1.44%,+2.99%,+12.79%,-18.10%,-27%*,1.845,1.054,,20.43,10930100,84478800,365865700,,34.79,buy,2.43,-1.44,98.56,-1.44,985.6,-14.4,9856.0,-144.0,2.99,102.99,2.99,1029.9,29.9,10299.0,299.0,12.79,112.79,12.79,1127.9,127.9,11279.0,1279.0,-18.1,81.9,-18.1,819.0,-181.0,8190.0,-1810.0,-27.0,73.0,-27.0,730.0,-270.0,7300.0,-2700.0,"The Zacks Analyst Blog Highlights Recursion Pharmaceuticals, Schrodinger, Relay Therapeutics and Absci",Zacks,2026-08-18,0.0,"Contineum, Disc Medicine, Recursion Advance Pipelines Ahead of Catalysts, Morgan Stanley Says",MT Newswires,2026-08-17,0.0,4 AI-Powered Drug Discovery Stocks to Watch as AI Reshapes Pharma,Zacks,2026-08-17,0.0,,,,,,,,,,
INCY,Incyte,Biotech,oncology,NASDAQ,127.74,-0.30%,+0.41%,-1.69%,+25.95%,+51%,25.892,0.769,16.27,1.87,700400,4829500,38471900,,7.9,buy,2.29,-0.3,99.7,-0.3,997.0,-3.0,9970.0,-30.0,0.41,100.41,0.41,1004.1,4.1,10041.0,41.0,-1.69,98.31,-1.69,983.1,-16.9,9831.0,-169.0,25.95,125.95,25.95,1259.5,259.5,12595.0,2595.0,51.0,151.0,51.0,1510.0,510.0,15100.0,5100.0,Incyte (INCY) Up 0.8% Since Last Earnings Report: Can It Continue?,Zacks,2026-08-27,0.0,"Here Are Thursday’s Top Wall Street Analyst Research Calls: Alphabet, Analog Devices, Crown Castle, ebay, EPR Properties, Etsy, Merck & Co., Shopify, TJX Companies, and More",24/7 Wall St.,2026-08-20,0.202,7 Growth Stocks Holding Up in a Tough Market,Barrons.com,2026-08-20,0.273,,,,,,,,,,
EXEL,Exelixis,Biotech,oncology,NASDAQ,55.26,-1.50%,+2.92%,-2.21%,+26.80%,+48%,13.692,0.422,17.38,2.59,1489700,9703300,60516600,,15.46,buy,2.4,-1.5,98.5,-1.5,985.0,-15.0,9850.0,-150.0,2.92,102.92,2.92,1029.2,29.2,10292.0,292.0,-2.21,97.79,-2.21,977.9,-22.1,9779.0,-221.0,26.8,126.8,26.8,1268.0,268.0,12680.0,2680.0,48.0,148.0,48.0,1480.0,480.0,14800.0,4800.0,Exelixis Owners Keep Getting A Bigger Slice Of A Company In Transition,Trefis,2026-08-24,0.0,"Exelixis, Valaris, and 3 More Stocks See Action From Activist Investors",Barrons.com,2026-08-21,0.0,Exelixis (EXEL) Q2 2026 Earnings Call Transcript,Motley Fool,2026-08-13,0.0,,,,,,,,,,
ALNY,Alnylam Pharmaceuticals,Biotech,oncology,NASDAQ,236.56,-0.68%,+3.17%,-17.98%,-40.89%,-47%,31.654,0.279,41.65,1.74,1293200,8022700,52477800,,4.75,buy,1.68,-0.68,99.32,-0.68,993.2,-6.8,9932.0,-68.0,3.17,103.17,3.17,1031.7,31.7,10317.0,317.0,-17.98,82.02,-17.98,820.2,-179.8,8202.0,-1798.0,-40.89,59.11,-40.89,591.1,-408.9,5911.0,-4089.0,-47.0,53.0,-47.0,530.0,-470.0,5300.0,-4700.0,Moderna Stock Carries A Market Value Its Revenue Does Not Support,Trefis,2026-08-26,0.037,Alnylam Pharmaceuticals (ALNY) Stock Looks Cheap After A 47% Fall Yet Rich On Earnings,Simply Wall St.,2026-08-25,0.557,"Alnylam Pharmaceuticals (ALNY) Heads To ESC With New Data, Is It A Bargain?",Simply Wall St.,2026-08-24,0.202,,,,,,,,,,
RCUS,Arcus Biosciences,Biotech,oncology,NYSE,30.59,+0.66%,+3.62%,+13.09%,+31.34%,+189%*,3.847,0.811,,1.31,806100,4498800,26716300,,17.75,strong_buy,1.46,0.66,100.66,0.66,1006.6,6.6,10066.0,66.0,3.62,103.62,3.62,1036.2,36.2,10362.0,362.0,13.09,113.09,13.09,1130.9,130.9,11309.0,1309.0,31.34,131.34,31.34,1313.4,313.4,13134.0,3134.0,189.0,289.0,189.0,2890.0,1890.0,28900.0,18900.0,Could Arcus Biosciences (RCUS) and Summit Therapeutics (SMMT)’s Cancer Drug Partnership Create a New Treatment Standard?,Insider Monkey,2026-08-14,-0.511,Arcus Biosciences (RCUS) Q2 2026 Earnings Call Transcript,Motley Fool,2026-08-13,0.0,"Arcus Biosciences' Casdatifan Therapy Could be Launched in 2028, Morgan Stanley Says",MT Newswires,2026-08-10,0.128,,,,,,,,,,
MRNA,Moderna,Biotech,mrna,NASDAQ,142.77,-3.32%,+7.09%,+155.84%,+362.64%,+493%,56.998,0.899,,14.51,24929100,215067600,603253500,,16.16,hold,2.74,-3.32,96.68,-3.32,966.8,-33.2,9668.0,-332.0,7.09,107.09,7.09,1070.9,70.9,10709.0,709.0,155.84,255.84,155.84,2558.4,1558.4,25584.0,15584.0,362.64,462.64,362.64,4626.4,3626.4,46264.0,36264.0,493.0,593.0,493.0,5930.0,4930.0,59300.0,49300.0,Merck (MRK) Stock Looks Fully Priced After A 127% Run,Simply Wall St.,2026-08-28,0.0,Tempus AI (TEM) Jumped on Moderna’s Melanoma Win. Did its $1.5B Personalis Acquisition Just Get Validated?,Insider Monkey,2026-08-27,0.691,BioNTech (BNTX) Rallied on Moderna’s Win. Does a Competitor’s Success Validate its Oncology Pipeline?,Insider Monkey,2026-08-27,0.875,1,strong_buy,1.0,"Phase 3 INTerpath-001 melanoma data met endpoints, stock surged 152% in a week; YTD +414%, 1M +185%, but P/E null and hold consensus (2.83) suggest caution. [stockstotrade.com](https://stockstotrade.com/news/moderna-inc-mrna-news-2026_08_25/)",+152% 1W; Phase 3 melanoma win; +414% YTD; high short interest 16%,,,,,
BNTX,BioNTech,Biotech,mrna,NASDAQ,111.4,-1.11%,+0.46%,+20.50%,+15.21%,+11%,27.985,1.278,,1.18,1551100,8976100,37318000,,3.76,buy,1.6,-1.11,98.89,-1.11,988.9,-11.1,9889.0,-111.0,0.46,100.46,0.46,1004.6,4.6,10046.0,46.0,20.5,120.5,20.5,1205.0,205.0,12050.0,2050.0,15.21,115.21,15.21,1152.1,152.1,11521.0,1521.0,11.0,111.0,11.0,1110.0,110.0,11100.0,1100.0,BioNTech (BNTX) Rallied on Moderna’s Win. Does a Competitor’s Success Validate its Oncology Pipeline?,Insider Monkey,2026-08-27,0.875,European Equities Traded in the US as American Depositary Receipts Track Lower in Thursday Trading,MT Newswires,2026-08-27,-0.296,"Moderna Drops 7% Despite a Fresh Wolfe Research Upgrade, BioNTech Slips",24/7 Wall St.,2026-08-26,-0.241,4,strong_buy,0.8,"YTD +18.0%, 1M +25.2%, 1W +23.0%; analyst strong_buy (an_score 1.6), low short interest 3.7%; tailwind from Moderna's cancer vaccine success. [genengnews.com](https://www.genengnews.com/topics/cancer/stockwatch-merck-moderna-cancer-vaccine-gives-a-shot-in-the-arm-to-sequencing-companies-too/)",+23% 1W; analyst strong_buy; low short interest 3.7%; mRNA cancer vaccine tailwind,,,,,
NVAX,Novavax,Biotech,mrna,NASDAQ,9.05,-2.06%,+7.48%,+22.80%,+26.93%,+21%*,1.493,2.416,,4.14,3422800,30058600,97181000,,28.98,none,,-2.06,97.94,-2.06,979.4,-20.6,9794.0,-206.0,7.48,107.48,7.48,1074.8,74.8,10748.0,748.0,22.8,122.8,22.8,1228.0,228.0,12280.0,2280.0,26.93,126.93,26.93,1269.3,269.3,12693.0,2693.0,21.0,121.0,21.0,1210.0,210.0,12100.0,2100.0,Novavax Stock Pulls Back After Milestone Vaccine Success,Schaeffer's Investment Research,2026-08-26,0.572,Unpacking Q2 Earnings: Novavax (NASDAQ:NVAX) In The Context Of Other Therapeutics Stocks,StockStory,2026-08-26,0.0,"Stocks making big moves this week: Bally's, Adobe, Novavax, Semtech, and STAAR Surgical",StockStory,2026-08-22,0.0,8,buy,0.5,"YTD +32.4%, 1M +26.0%, 1W +19.0%; no analyst consensus, high short interest 29.0%, high beta 2.42.",+32% YTD; +26% 1M; high beta 2.42; no analyst consensus,,,,,
BMRN,BioMarin Pharmaceutical,Biotech,rare-disease,NASDAQ,65.29,-0.03%,-3.53%,+5.19%,+9.82%,+12%,12.639,0.227,176.46,2.07,1246000,8346600,51291900,,5.28,buy,1.74,-0.03,99.97,-0.03,999.7,-0.3,9997.0,-3.0,-3.53,96.47,-3.53,964.7,-35.3,9647.0,-353.0,5.19,105.19,5.19,1051.9,51.9,10519.0,519.0,9.82,109.82,9.82,1098.2,98.2,10982.0,982.0,12.0,112.0,12.0,1120.0,120.0,11200.0,1200.0,BioMarin Pharmaceutical (BMRN) Agrees $490 Million Deal For Oral Rare Bone Disease Program,Simply Wall St.,2026-08-21,0.202,Therapeutics Stocks Q2 Results: Benchmarking BioMarin Pharmaceutical (NASDAQ:BMRN),StockStory,2026-08-20,0.0,Why BioMarin Pharmaceutical (BMRN) Stock Is Up Today,StockStory,2026-08-19,0.0,,,,,,,,,,
SRPT,Sarepta Therapeutics,Biotech,rare-disease,NASDAQ,21.59,+11.29%,+12.33%,+39.92%,+1.31%,+19%,2.28,0.205,,3.35,7918700,15080000,69513600,,30.69,hold,2.67,11.29,111.29,11.29,1112.9,112.9,11129.0,1129.0,12.33,112.33,12.33,1123.3,123.3,11233.0,1233.0,39.92,139.92,39.92,1399.2,399.2,13992.0,3992.0,1.31,101.31,1.31,1013.1,13.1,10131.0,131.0,19.0,119.0,19.0,1190.0,190.0,11900.0,1900.0,SRPT On Track For Best Week In 5 Months Ahead Of Late-2026 Clinical Data — Retail Eyes ‘Monumental Comeback’,Stocktwits,2026-08-27,0.637,Moderna Stock Carries A Market Value Its Revenue Does Not Support,Trefis,2026-08-26,0.037,Sarepta (SRPT) Stock Looks Fully Valued As Sales Trail Fair Value,Simply Wall St.,2026-08-25,0.784,10,buy,0.4,"YTD -11.2%, 1M +19.1%, 1W +5.0%; analyst hold (an_score 2.67), high short interest 30.7%, beta 0.21.",+19% 1M; YTD -11%; high short interest 30.7%; analyst hold,,,,,
COAG,Hemab Therapeutics,Biotech,rare-disease,NASDAQ,49.49,+0.61%,+2.68%,+4.72%,+45.56%,+46%,2.311,,,0.34,355000,1945100,8593800,,,none,,0.61,100.61,0.61,1006.1,6.1,10061.0,61.0,2.68,102.68,2.68,1026.8,26.8,10268.0,268.0,4.72,104.72,4.72,1047.2,47.2,10472.0,472.0,45.56,145.56,45.56,1455.6,455.6,14556.0,4556.0,46.0,146.0,46.0,1460.0,460.0,14600.0,4600.0,Sector Update: Healthcare Stocks Advance Late Afternoon,MT Newswires,2026-07-13,0.0,"Hemab Therapeutics Details Post-IPO Pipeline Push, Sutacimig Phase III Plans",MarketBeat,2026-06-09,0.0,Hemab Therapeutics IPO Debut Puts COAG And Pipeline Risks In Focus,Simply Wall St.,2026-05-03,-0.273,,,,,,,,,,
NVO,Novo Nordisk,Biotech,metabolic,NYSE,46.26,-2.10%,+0.26%,-8.06%,-7.29%,-18%,204.517,0.349,11.28,12.39,12989900,57981300,324945400,381.0,1.07,hold,2.57,-2.1,97.9,-2.1,979.0,-21.0,9790.0,-210.0,0.26,100.26,0.26,1002.6,2.6,10026.0,26.0,-8.06,91.94,-8.06,919.4,-80.6,9194.0,-806.0,-7.29,92.71,-7.29,927.1,-72.9,9271.0,-729.0,-18.0,82.0,-18.0,820.0,-180.0,8200.0,-1800.0,Novo Nordisk (NVO) Stock May Be Cheap As GLP 1 Legal Risks Shift,Simply Wall St.,2026-08-27,-0.153,Novo Sends Oral Wegovy Into China's GLP-1 Race Behind Lilly,GuruFocus.com,2026-08-27,0.0,Novo Nordisk Could Be 54% Undervalued On Obesity Drug Setbacks,Simply Wall St.,2026-08-27,0.0,,,,,,,,,,
LLY,Eli Lilly,Biotech,metabolic,NYSE,1176.1,-1.17%,-5.49%,-3.51%,+9.39%,+61%,1048.777,0.506,40.0,2.92,2730600,12034100,65038300,58.0,0.74,buy,1.7,-1.17,98.83,-1.17,988.3,-11.7,9883.0,-117.0,-5.49,94.51,-5.49,945.1,-54.9,9451.0,-549.0,-3.51,96.49,-3.51,964.9,-35.1,9649.0,-351.0,9.39,109.39,9.39,1093.9,93.9,10939.0,939.0,61.0,161.0,61.0,1610.0,610.0,16100.0,6100.0,Amgen Stock Signals Its Confidence. The Market Agrees.,Trefis,2026-08-28,0.625,Slate Medicines Starts Migraine Treatment Study,Exec Edge,2026-08-27,0.0,Novo Nordisk files for oral weight loss pill approval in China,Quartz,2026-08-27,0.202,,,,,,,,,,
LEGN,Legend Biotech,Biotech,neuroscience,NASDAQ,20.5,-1.11%,-3.57%,+7.67%,-4.70%,-41%,3.987,0.387,,2.75,1015600,6697200,54654300,,21.86,buy,2.0,-1.11,98.89,-1.11,988.9,-11.1,9889.0,-111.0,-3.57,96.43,-3.57,964.3,-35.7,9643.0,-357.0,7.67,107.67,7.67,1076.7,76.7,10767.0,767.0,-4.7,95.3,-4.7,953.0,-47.0,9530.0,-470.0,-41.0,59.0,-41.0,590.0,-410.0,5900.0,-4100.0,Sector Update: Healthcare Stocks Advance Late Afternoon,MT Newswires,2026-08-12,0.0,"Here Are Wednesday’s Top Wall Street Analyst Research Calls: The Gap, Genmab, Hilton Worldwide, Intuitive Surgical, Marriott International, Merck, Novo Nordisk, Okta, and More",24/7 Wall St.,2026-08-12,0.202,Legend Biotech (LEGN) Q2 2026 Earnings Call Transcript,Motley Fool,2026-08-12,0.0,,,,,,,,,,
IONS,Ionis Pharmaceuticals,Biotech,neuroscience,NASDAQ,62.43,-2.77%,+6.25%,+12.89%,-21.64%,+46%,10.375,0.4,,2.93,1625200,11139800,54979300,,16.66,buy,1.79,-2.77,97.23,-2.77,972.3,-27.7,9723.0,-277.0,6.25,106.25,6.25,1062.5,62.5,10625.0,625.0,12.89,112.89,12.89,1128.9,128.9,11289.0,1289.0,-21.64,78.36,-21.64,783.6,-216.4,7836.0,-2164.0,46.0,146.0,46.0,1460.0,460.0,14600.0,4600.0,Ionis (IONS) Stock Looks Like A Bargain On Value But Full On Sales,Simply Wall St.,2026-08-16,0.431,"Ionis Pharmaceuticals (IONS) Has A $92 Fair Value Narrative, Is The Stock A Bargain?",Simply Wall St.,2026-08-15,0.67,Ionis Stock Has Plunged 30%. Is It Time to Buy the Beaten-Down Stock?,Motley Fool,2026-08-14,0.0,,,,,,,,,,
BTC,Bitcoin,Crypto,bitcoin,Crypto,79858.682989,+1.30%,+6.77%,+25.41%,-8.75%,-9%,1603.256,,,41963.45,33271382526,293744139397,805440440675,,,,,1.3,101.3,1.3,1013.0,13.0,10130.0,130.0,6.77,106.77,6.77,1067.7,67.7,10677.0,677.0,25.41,125.41,25.41,1254.1,254.1,12541.0,2541.0,-8.75,91.25,-8.75,912.5,-87.5,9125.0,-875.0,-9.0,91.0,-9.0,910.0,-90.0,9100.0,-900.0,The SEC failed to pass crypto custody rules in 2023. But it's trying again.,Yahoo Finance Video,2026-08-27,-0.285,StarkWare completes first quantum-safe bitcoin transaction,Yahoo Finance Video,2026-08-27,0.0,Bitcoin-backed mortgages are now available on Coinbase: What homebuyer should know,Yahoo Finance Video,2026-08-27,0.0,,,,,,,,,,
ETH,Ethereum,Crypto,layer1,Crypto,2489.268192,-0.18%,+6.05%,+31.60%,-16.10%,-16%,300.408,,,18711.1,15416430976,130977709543,316310151901,,,,,-0.18,99.82,-0.18,998.2,-1.8,9982.0,-18.0,6.05,106.05,6.05,1060.5,60.5,10605.0,605.0,31.6,131.6,31.6,1316.0,316.0,13160.0,3160.0,-16.1,83.9,-16.1,839.0,-161.0,8390.0,-1610.0,-16.0,84.0,-16.0,840.0,-160.0,8400.0,-1600.0,How tokenization benefits SpaceX stock 'without taking crypto risk',Yahoo Finance Video,2026-08-27,0.529,"Bitcoin and ethereum prices today, Thursday, August 27, 2026: Down from highs, but prices holding strong",Yahoo Personal Finance,2026-08-27,0.665,$13 trillion brokerage giant adds three popular assets,TheStreet,2026-08-27,0.542,8,buy,0.55,"ETH gained +25.07% in the past month and +28.69% in the past week, with a large market cap of $296.5B and positive news sentiment of 0.2, benefiting from the broader crypto rally.",+28.69% 1-week return; +25.07% 1-month return; market cap $296.5B; news sentiment 0.2,,,,,
SOL,Solana,Crypto,layer1,Crypto,107.350454,+6.09%,+20.34%,+47.21%,-13.79%,-14%,62.699,,,5397.46,3598639900,37782251660,71055590604,,,,,6.09,106.09,6.09,1060.9,60.9,10609.0,609.0,20.34,120.34,20.34,1203.4,203.4,12034.0,2034.0,47.21,147.21,47.21,1472.1,472.1,14721.0,4721.0,-13.79,86.21,-13.79,862.1,-137.9,8621.0,-1379.0,-14.0,86.0,-14.0,860.0,-140.0,8600.0,-1400.0,GTA 6 leaker sends community into meltdown before Netflix extended look,TheStreet,2026-08-27,0.0,$13 trillion brokerage giant adds three popular assets,TheStreet,2026-08-27,0.542,"Why Solana Wants Less Inflation, Faster",Bankless,2026-08-27,0.0,4,buy,0.75,"SOL gained +26.25% in the past month and +25.96% in the past week, reclaiming $100 with five consecutive days of ETF inflows totaling $33.49M on Monday, the highest daily inflow of 2026. [fxstreet.com](https://www.fxstreet.com/cryptocurrencies/news/top-altcoins-price-prediction-ripple-reclaims-150-cardano-eyes-200-day-ema-solana-tops-100-202608250618)",+26.25% 1-month return; SOL ETF inflows $33.49M daily record; reclaimed $100 price level; RSI 87 overbought but strong momentum,,,,,
BNB,BNB,Crypto,layer1,Crypto,710.392695,+1.18%,+7.56%,+25.47%,-17.70%,-18%,94.598,,,1320.74,800964461,9245189770,23875281314,,,,,1.18,101.18,1.18,1011.8,11.8,10118.0,118.0,7.56,107.56,7.56,1075.6,75.6,10756.0,756.0,25.47,125.47,25.47,1254.7,254.7,12547.0,2547.0,-17.7,82.3,-17.7,823.0,-177.0,8230.0,-1770.0,-18.0,82.0,-18.0,820.0,-180.0,8200.0,-1800.0,What is crypto?,Moneyweek,2026-08-27,0.0,Should You Go 'All In' on Bitcoin? Binance Founder Changpeng Zhao Has the Answer,Benzinga,2026-08-26,0.0,CZ Says Hyperliquid’s US Breakthrough Could Open ‘A Whole Continent’ For Decentralized Crypto – HYPE Token Hits Record High,Stocktwits,2026-08-26,0.0,,,,,,,,,,
ADA,Cardano,Crypto,layer1,Crypto,0.210536,+0.36%,+1.40%,+29.93%,-36.71%,-37%,7.731,,,664.83,403936226,4653790868,12600548904,,,,,0.36,100.36,0.36,1003.6,3.6,10036.0,36.0,1.4,101.4,1.4,1014.0,14.0,10140.0,140.0,29.93,129.93,29.93,1299.3,299.3,12993.0,2993.0,-36.71,63.29,-36.71,632.9,-367.1,6329.0,-3671.0,-37.0,63.0,-37.0,630.0,-370.0,6300.0,-3700.0,"Charles Hoskinson Says Cardano Will Win, But With Ethereum’s Help",BeInCrypto,2026-08-26,0.714,Cardano Price Risks 50% Drop as ADA Bear Flag Takes Shape,FX Empire,2026-08-26,-0.494,Mark Zuckerberg AI Predicts Cardano Could Have the Strangest Comeback of 2026,99bitcoins,2026-08-23,0.0,5,buy,0.7,"ADA is up +26.57% in the past month and +19.88% in the past week, testing a breakout above the $0.2328 resistance trendline with RSI at 71 suggesting strong but potentially stretched momentum. [fxstreet.com](https://www.fxstreet.com/cryptocurrencies/news/top-altcoins-price-prediction-ripple-reclaims-150-cardano-eyes-200-day-ema-solana-tops-100-202608250618)",+26.57% 1-month return; trendline breakout near $0.2328; RSI 71 overbought; market cap $7.72B,,,,,
AVAX,Avalanche,Crypto,layer1,Crypto,7.451207,+1.19%,+1.96%,+17.79%,-39.46%,-39%,3.217,,,314.48,216592299,2201352707,6286849671,,,,,1.19,101.19,1.19,1011.9,11.9,10119.0,119.0,1.96,101.96,1.96,1019.6,19.6,10196.0,196.0,17.79,117.79,17.79,1177.9,177.9,11779.0,1779.0,-39.46,60.54,-39.46,605.4,-394.6,6054.0,-3946.0,-39.0,61.0,-39.0,610.0,-390.0,6100.0,-3900.0,$13 trillion brokerage giant adds three popular assets,TheStreet,2026-08-27,0.542,Charles Schwab to Expand Crypto Offering for Clients. What to Know.,Barrons.com,2026-08-27,0.318,"Charles Schwab Adds Solana, Avalanche, Chainlink to Crypto Platform",CryptoProwl,2026-08-27,0.0,,,,,,,,,,
XRP,XRP,Crypto,payments,Crypto,1.429404,+1.62%,+9.18%,+33.53%,-22.29%,-22%,89.687,,,6060.6,3578007306,42424205823,71371105319,,,,,1.62,101.62,1.62,1016.2,16.2,10162.0,162.0,9.18,109.18,9.18,1091.8,91.8,10918.0,918.0,33.53,133.53,33.53,1335.3,335.3,13353.0,3353.0,-22.29,77.71,-22.29,777.1,-222.9,7771.0,-2229.0,-22.0,78.0,-22.0,780.0,-220.0,7800.0,-2200.0,XRP ETFs Haven’t Had a Single Day of Outflows in Three Weeks as XRP Reclaims $1.40,24/7 Wall St.,2026-08-27,0.0,"3,283 US Banks Plan Their Own Blockchain Network Ahead of Sept. 15 CLARITY Act Vote",CCN,2026-08-27,0.532,MSTR Stock Hits 2-Month High With Bitcoin Back Above $80K Ahead Of Kevin Warsh’s Jackson Hole Speech,Stocktwits,2026-08-27,0.0,2,strong_buy,0.82,"XRP is up +29.37% in the past month and +43.42% in the past week, with strong ETF inflows ($13.8M on Monday, $57M in August) and RLUSD stablecoin surpassing $2B market cap. [invezz.com](https://invezz.com/news/2026/08/25/xrp-price-prediction-as-crypto-fear-and-greed-index-hits-83/)",+43.42% 1-week return; XRP ETF inflows $57M in August; RLUSD stablecoin >$2B; Crypto Fear & Greed Index at 83,,,,,
XLM,Stellar,Crypto,payments,Crypto,0.184648,+0.88%,-0.28%,+7.60%,-7.97%,-8%,6.404,,,308.36,150014720,2158548828,4641873068,,,,,0.88,100.88,0.88,1008.8,8.8,10088.0,88.0,-0.28,99.72,-0.28,997.2,-2.8,9972.0,-28.0,7.6,107.6,7.6,1076.0,76.0,10760.0,760.0,-7.97,92.03,-7.97,920.3,-79.7,9203.0,-797.0,-8.0,92.0,-8.0,920.0,-80.0,9200.0,-800.0,BEN's Digital Asset Strategy: Unlocking the Next Growth Opportunity,Zacks,2026-08-25,0.784,,,,,,,,,,,,,,,,,,
TRX,TRON,Crypto,payments,Crypto,0.338666,+1.30%,+0.20%,+4.39%,+19.10%,+19%,32.147,,,521.49,513099703,3650403067,11456157958,,,,,1.3,101.3,1.3,1013.0,13.0,10130.0,130.0,0.2,100.2,0.2,1002.0,2.0,10020.0,20.0,4.39,104.39,4.39,1043.9,43.9,10439.0,439.0,19.1,119.1,19.1,1191.0,191.0,11910.0,1910.0,19.0,119.0,19.0,1190.0,190.0,11900.0,1900.0,KiiChain Adds TRON to Expand Onchain FX and Stablecoin Settlement,CryptoProwl,2026-08-27,0.318,How Criminals Move Millions in USDT Before Tether Can Freeze It,BeInCrypto,2026-08-25,-0.542,TRM Labs Traces $16.8 Million Across 30 Sanctioned Iran-Linked Crypto Wallets,BeInCrypto,2026-08-25,0.0,,,,,,,,,,
SUI,Sui,Crypto,emerging,Crypto,0.762646,+1.57%,+2.06%,+12.21%,-45.63%,-46%,3.107,,,733.48,442035410,5134366789,8565182735,,,,,1.57,101.57,1.57,1015.7,15.7,10157.0,157.0,2.06,102.06,2.06,1020.6,20.6,10206.0,206.0,12.21,112.21,12.21,1122.1,122.1,11221.0,1221.0,-45.63,54.37,-45.63,543.7,-456.3,5437.0,-4563.0,-46.0,54.0,-46.0,540.0,-460.0,5400.0,-4600.0,Phantom to Drop Sui in Second Chain Exit,Bankless,2026-08-24,-0.273,,,,,,,,,,,,,,,,,,
HBAR,Hedera,Crypto,emerging,Crypto,0.077646,+0.13%,+3.72%,+14.18%,-26.88%,-27%,3.403,,,120.14,57977641,840999492,1779045795,,,,,0.13,100.13,0.13,1001.3,1.3,10013.0,13.0,3.72,103.72,3.72,1037.2,37.2,10372.0,372.0,14.18,114.18,14.18,1141.8,141.8,11418.0,1418.0,-26.88,73.12,-26.88,731.2,-268.8,7312.0,-2688.0,-27.0,73.0,-27.0,730.0,-270.0,7300.0,-2700.0,,,,,,,,,,,,,,,,,,,,,,
ALGO,Algorand,Crypto,emerging,Crypto,0.089472,-0.32%,+1.15%,+14.67%,-18.80%,-19%,0.809,,,38.96,29245926,272707261,784080523,,,,,-0.32,99.68,-0.32,996.8,-3.2,9968.0,-32.0,1.15,101.15,1.15,1011.5,11.5,10115.0,115.0,14.67,114.67,14.67,1146.7,146.7,11467.0,1467.0,-18.8,81.2,-18.8,812.0,-188.0,8120.0,-1880.0,-19.0,81.0,-19.0,810.0,-190.0,8100.0,-1900.0,,,,,,,,,,,,,,,,,,,,,,
MINA,Mina,Crypto,emerging,Crypto,0.062017,+0.46%,+32.29%,+47.91%,-17.91%,-18%,0.08,,,11.23,20222247,78640032,132198945,,,,,0.46,100.46,0.46,1004.6,4.6,10046.0,46.0,32.29,132.29,32.29,1322.9,322.9,13229.0,3229.0,47.91,147.91,47.91,1479.1,479.1,14791.0,4791.0,-17.91,82.09,-17.91,820.9,-179.1,8209.0,-1791.0,-18.0,82.0,-18.0,820.0,-180.0,8200.0,-1800.0,,,,,,,,,,,,,6,buy,0.65,"MINA has exploded +37.82% in the past month and +52.39% in the past week, the highest weekly gain among all tracked assets, with a tiny market cap of $0.079B offering high beta potential.",+52.39% 1-week return; +37.82% 1-month return; small market cap $0.079B; high beta potential,,,,,
POL,Polygon (MATIC),Crypto,infra,Crypto,0.107198,+1.52%,+28.17%,+51.58%,+6.73%,+7%,1.147,,,144.61,91223282,1012285515,1722735165,,,,,1.52,101.52,1.52,1015.2,15.2,10152.0,152.0,28.17,128.17,28.17,1281.7,281.7,12817.0,2817.0,51.58,151.58,51.58,1515.8,515.8,15158.0,5158.0,6.73,106.73,6.73,1067.3,67.3,10673.0,673.0,7.0,107.0,7.0,1070.0,70.0,10700.0,700.0,,,,,,,,,,,,,1,strong_buy,0.85,"POL has surged +56.18% in the past month and +47.88% in the past week, driven by a tokenomics overhaul that could nearly double staking rewards and a tenfold increase in network revenue. [invezz.com](https://invezz.com/en-ae/news/2026/08/25/polygon-price-erupts-50percent-as-pol-breakout-sparks-fresh-dollar014-target/)",+56.18% 1-month return; +47.88% 1-week return; staking/tokenomics overhaul catalyst; network revenue up 10x,,,,,
DOT,Polkadot,Crypto,infra,Crypto,0.871489,-0.06%,+2.90%,+15.27%,-51.31%,-51%,1.482,,,135.85,108221902,950935667,2612473659,,,,,-0.06,99.94,-0.06,999.4,-0.6,9994.0,-6.0,2.9,102.9,2.9,1029.0,29.0,10290.0,290.0,15.27,115.27,15.27,1152.7,152.7,11527.0,1527.0,-51.31,48.69,-51.31,486.9,-513.1,4869.0,-5131.0,-51.0,49.0,-51.0,490.0,-510.0,4900.0,-5100.0,"3 Big Changes Just Hit XRP, Dogecoin, and Ethereum ETFs",BeInCrypto,2026-08-26,0.0,,,,,,,,,,,,,,,,,,
LINK,Chainlink,Crypto,infra,Crypto,11.762393,+1.85%,+7.98%,+41.61%,-3.54%,-4%,8.799,,,617.59,455221685,4323143671,9928366129,,,,,1.85,101.85,1.85,1018.5,18.5,10185.0,185.0,7.98,107.98,7.98,1079.8,79.8,10798.0,798.0,41.61,141.61,41.61,1416.1,416.1,14161.0,4161.0,-3.54,96.46,-3.54,964.6,-35.4,9646.0,-354.0,-4.0,96.0,-4.0,960.0,-40.0,9600.0,-400.0,$13 trillion brokerage giant adds three popular assets,TheStreet,2026-08-27,0.542,Charles Schwab to Expand Crypto Offering for Clients. What to Know.,Barrons.com,2026-08-27,0.318,"Charles Schwab Adds Solana, Avalanche, Chainlink to Crypto Platform",CryptoProwl,2026-08-27,0.0,3,strong_buy,0.8,"LINK rallied +28.47% in the past month and +17.81% in the past week, catalyzed by Coinbase selecting Chainlink as oracle provider for tokenized stocks on Base and record weekly ETF inflows of $13.35M. [coinedition.com](https://coinedition.com/chainlink-price-prediction-will-coinbases-tokenized-stocks-send-link-to-15/)",+28.47% 1-month return; Coinbase tokenized stock integration; record weekly ETF inflows $13.35M; market cap $8.48B,,,,,
DOGE,Dogecoin,Crypto,meme,Crypto,0.087992,+1.16%,+6.97%,+25.61%,-24.98%,-25%,15.081,,,1374.73,635724555,9623093623,18369417286,,,,,1.16,101.16,1.16,1011.6,11.6,10116.0,116.0,6.97,106.97,6.97,1069.7,69.7,10697.0,697.0,25.61,125.61,25.61,1256.1,256.1,12561.0,2561.0,-24.98,75.02,-24.98,750.2,-249.8,7502.0,-2498.0,-25.0,75.0,-25.0,750.0,-250.0,7500.0,-2500.0,MSTR Stock Hits 2-Month High With Bitcoin Back Above $80K Ahead Of Kevin Warsh’s Jackson Hole Speech,Stocktwits,2026-08-27,0.0,"3 Big Changes Just Hit XRP, Dogecoin, and Ethereum ETFs",BeInCrypto,2026-08-26,0.0,Dogecoin Price Risks 35% Drop as DOGE Breakout Fails,FX Empire,2026-08-26,-0.718,,,,,,,,,,
PEPE,Pepe,Crypto,meme,Crypto,4e-06,+0.61%,+18.12%,+40.41%,-5.13%,-5%,1.583,,,562.2,347233764,3935388175,6877795164,,,,,0.61,100.61,0.61,1006.1,6.1,10061.0,61.0,18.12,118.12,18.12,1181.2,181.2,11812.0,1812.0,40.41,140.41,40.41,1404.1,404.1,14041.0,4041.0,-5.13,94.87,-5.13,948.7,-51.3,9487.0,-513.0,-5.0,95.0,-5.0,950.0,-50.0,9500.0,-500.0,"Top 3 Meme Coins Rally as Bitcoin Touches $80,000, But Only One Has Room to Run",BeInCrypto,2026-08-25,0.103,,,,,,,,,7,buy,0.6,"PEPE surged +25.63% in the past month and +47.27% in the past week, with positive news sentiment of 0.315 and a market cap of $1.58B, riding the meme coin rally alongside Bitcoin's push to $80K.",+47.27% 1-week return; +25.63% 1-month return; news sentiment 0.315; meme coin rally catalyst,,,,,
TAO,Bittensor,Crypto,ai,Crypto,244.703198,+1.95%,+12.15%,+28.31%,+11.91%,+12%,2.76,,,247.1,338931798,1729728498,3776177405,,,,,1.95,101.95,1.95,1019.5,19.5,10195.0,195.0,12.15,112.15,12.15,1121.5,121.5,11215.0,1215.0,28.31,128.31,28.31,1283.1,283.1,12831.0,2831.0,11.91,111.91,11.91,1119.1,119.1,11191.0,1191.0,12.0,112.0,12.0,1120.0,120.0,11200.0,1200.0,,,,,,,,,,,,,,,,,,,,,,
FET,ASI Alliance,Crypto,ai,Crypto,0.161918,-0.98%,+10.10%,+20.22%,-18.51%,-19%,0.366,,,116.41,71936875,814840801,1885924268,,,,,-0.98,99.02,-0.98,990.2,-9.8,9902.0,-98.0,10.1,110.1,10.1,1101.0,101.0,11010.0,1010.0,20.22,120.22,20.22,1202.2,202.2,12022.0,2022.0,-18.51,81.49,-18.51,814.9,-185.1,8149.0,-1851.0,-19.0,81.0,-19.0,810.0,-190.0,8100.0,-1900.0,,,,,,,,,,,,,,,,,,,,,,
RNDR,Render,Crypto,ai,Crypto,1.499431,-1.12%,+6.35%,+8.19%,+16.77%,+17%,0.778,,,60.6,52607105,424200397,938839956,,,,,-1.12,98.88,-1.12,988.8,-11.2,9888.0,-112.0,6.35,106.35,6.35,1063.5,63.5,10635.0,635.0,8.19,108.19,8.19,1081.9,81.9,10819.0,819.0,16.77,116.77,16.77,1167.7,167.7,11677.0,1677.0,17.0,117.0,17.0,1170.0,170.0,11700.0,1700.0,,,,,,,,,,,,,,,,,,,,,,
OCEAN,Ocean Protocol,Crypto,ai,Crypto,0.141912,+1.38%,+8.97%,+34.04%,-5.76%,-6%,,,,0.15,98394,1015319,4760688,,,,,1.38,101.38,1.38,1013.8,13.8,10138.0,138.0,8.97,108.97,8.97,1089.7,89.7,10897.0,897.0,34.04,134.04,34.04,1340.4,340.4,13404.0,3404.0,-5.76,94.24,-5.76,942.4,-57.6,9424.0,-576.0,-6.0,94.0,-6.0,940.0,-60.0,9400.0,-600.0,,,,,,,,,,,,,9,buy,0.5,"OCEAN is up +28.46% in the past month and +38.08% in the past week, with a low -0.47% daily decline showing relative stability, though lacking a market cap figure and news catalyst.",+38.08% 1-week return; +28.46% 1-month return; low daily decline -0.47%; AI sector momentum,,,,,
GRT,The Graph,Crypto,ai,Crypto,0.017304,-1.48%,+13.66%,+18.35%,-47.95%,-48%,0.189,,,24.28,19109707,169985691,462579711,,,,,-1.48,98.52,-1.48,985.2,-14.8,9852.0,-148.0,13.66,113.66,13.66,1136.6,136.6,11366.0,1366.0,18.35,118.35,18.35,1183.5,183.5,11835.0,1835.0,-47.95,52.05,-47.95,520.5,-479.5,5205.0,-4795.0,-48.0,52.0,-48.0,520.0,-480.0,5200.0,-4800.0,,,,,,,,,,,,,,,,,,,,,,
AGIX,SingularityNET,Crypto,ai,Crypto,0.070647,-1.22%,+10.89%,+12.73%,-17.61%,-18%,,,,0.02,9795,110078,251776,,,,,-1.22,98.78,-1.22,987.8,-12.2,9878.0,-122.0,10.89,110.89,10.89,1108.9,108.9,11089.0,1089.0,12.73,112.73,12.73,1127.3,127.3,11273.0,1273.0,-17.61,82.39,-17.61,823.9,-176.1,8239.0,-1761.0,-18.0,82.0,-18.0,820.0,-180.0,8200.0,-1800.0,,,,,,,,,,,,,,,,,,,,,,
NMR,Numeraire,Crypto,ai,Crypto,8.849693,-2.61%,+3.52%,+6.61%,-7.38%,-7%,0.065,,,4.9,4361716,34333050,135436733,,,,,-2.61,97.39,-2.61,973.9,-26.1,9739.0,-261.0,3.52,103.52,3.52,1035.2,35.2,10352.0,352.0,6.61,106.61,6.61,1066.1,66.1,10661.0,661.0,-7.38,92.62,-7.38,926.2,-73.8,9262.0,-738.0,-7.0,93.0,-7.0,930.0,-70.0,9300.0,-700.0,,,,,,,,,,,,,,,,,,,,,,
ALT,AltLayer,Crypto,ai,Crypto,0.006375,-2.12%,-0.91%,+12.59%,-44.32%,-44%,0.045,,,6.81,6193467,47654306,141811551,,,,,-2.12,97.88,-2.12,978.8,-21.2,9788.0,-212.0,-0.91,99.09,-0.91,990.9,-9.1,9909.0,-91.0,12.59,112.59,12.59,1125.9,125.9,11259.0,1259.0,-44.32,55.68,-44.32,556.8,-443.2,5568.0,-4432.0,-44.0,56.0,-44.0,560.0,-440.0,5600.0,-4400.0,,,,,,,,,,,,,,,,,,,,,,
AIOZ,AIOZ Network,Crypto,ai,Crypto,0.061181,+1.80%,+20.56%,+29.16%,-29.39%,-29%,0.078,,,3.87,5619336,27071199,99968939,,,,,1.8,101.8,1.8,1018.0,18.0,10180.0,180.0,20.56,120.56,20.56,1205.6,205.6,12056.0,2056.0,29.16,129.16,29.16,1291.6,291.6,12916.0,2916.0,-29.39,70.61,-29.39,706.1,-293.9,7061.0,-2939.0,-29.0,71.0,-29.0,710.0,-290.0,7100.0,-2900.0,,,,,,,,,,,,,,,,,,,,,,
ARKM,Arkham,Crypto,ai,Crypto,0.112555,-0.96%,+15.20%,+17.22%,-36.21%,-36%,0.025,,,10.39,8496814,72714229,190126675,,,,,-0.96,99.04,-0.96,990.4,-9.6,9904.0,-96.0,15.2,115.2,15.2,1152.0,152.0,11520.0,1520.0,17.22,117.22,17.22,1172.2,172.2,11722.0,1722.0,-36.21,63.79,-36.21,637.9,-362.1,6379.0,-3621.0,-36.0,64.0,-36.0,640.0,-360.0,6400.0,-3600.0,,,,,,,,,,,,,,,,,,,,,,
WLD,Worldcoin,Crypto,ai,Crypto,0.405073,+0.62%,+9.48%,+35.69%,-15.79%,-16%,1.465,,,222.53,194338312,1557731192,4383388038,,,,,0.62,100.62,0.62,1006.2,6.2,10062.0,62.0,9.48,109.48,9.48,1094.8,94.8,10948.0,948.0,35.69,135.69,35.69,1356.9,356.9,13569.0,3569.0,-15.79,84.21,-15.79,842.1,-157.9,8421.0,-1579.0,-16.0,84.0,-16.0,840.0,-160.0,8400.0,-1600.0,,,,,,,,,,,,,,,,,,,,,,
NEAR,NEAR Protocol,Crypto,ai,Crypto,1.887133,+1.14%,+4.67%,+18.30%,+24.78%,+25%,2.462,,,351.23,215011845,2458633621,5443615308,,,,,1.14,101.14,1.14,1011.4,11.4,10114.0,114.0,4.67,104.67,4.67,1046.7,46.7,10467.0,467.0,18.3,118.3,18.3,1183.0,183.0,11830.0,1830.0,24.78,124.78,24.78,1247.8,247.8,12478.0,2478.0,25.0,125.0,25.0,1250.0,250.0,12500.0,2500.0,,,,,,,,,,,,,,,,,,,,,,
ICP,Internet Computer,Crypto,ai,Crypto,2.420575,+0.82%,+0.43%,+17.29%,-14.62%,-15%,1.346,,,62.61,35537557,438256810,1177853263,,,,,0.82,100.82,0.82,1008.2,8.2,10082.0,82.0,0.43,100.43,0.43,1004.3,4.3,10043.0,43.0,17.29,117.29,17.29,1172.9,172.9,11729.0,1729.0,-14.62,85.38,-14.62,853.8,-146.2,8538.0,-1462.0,-15.0,85.0,-15.0,850.0,-150.0,8500.0,-1500.0,,,,,,,,,,,,,,,,,,,,,,
KAITO,Kaito,Crypto,ai,Crypto,0.318298,+0.86%,-8.01%,-74.63%,-37.12%,-37%,0.077,,,37.42,16721275,261957152,1424149822,,,,,0.86,100.86,0.86,1008.6,8.6,10086.0,86.0,-8.01,91.99,-8.01,919.9,-80.1,9199.0,-801.0,-74.63,25.37,-74.63,253.7,-746.3,2537.0,-7463.0,-37.12,62.88,-37.12,628.8,-371.2,6288.0,-3712.0,-37.0,63.0,-37.0,630.0,-370.0,6300.0,-3700.0,,,,,,,,,,,,,,,,,,,,,,
VIRTUAL,Virtuals Protocol,Crypto,ai,Crypto,0.717118,-3.38%,+10.74%,+28.84%,+10.94%,+11%,0.472,,,109.86,86162392,769026264,1651336857,,,,,-3.38,96.62,-3.38,966.2,-33.8,9662.0,-338.0,10.74,110.74,10.74,1107.4,107.4,11074.0,1074.0,28.84,128.84,28.84,1288.4,288.4,12884.0,2884.0,10.94,110.94,10.94,1109.4,109.4,11094.0,1094.0,11.0,111.0,11.0,1110.0,110.0,11100.0,1100.0,,,,,,,,,,,,,10,buy,0.45,"VIRTUAL rallied +24.83% in the past month and +32.81% in the past week, with a market cap of $0.498B and positive YTD return of +17.02%, though the -7.34% daily drop signals high volatility.",+32.81% 1-week return; +24.83% 1-month return; +17.02% YTD; AI sector momentum,,,,,
LMT,Lockheed Martin,Defence,us-primes,NYSE,565.89,+0.16%,-0.98%,-2.65%,+15.19%,+24%,130.602,0.11,20.89,1.22,823000,5137100,25087400,244.0,1.24,hold,2.52,0.16,100.16,0.16,1001.6,1.6,10016.0,16.0,-0.98,99.02,-0.98,990.2,-9.8,9902.0,-98.0,-2.65,97.35,-2.65,973.5,-26.5,9735.0,-265.0,15.19,115.19,15.19,1151.9,151.9,11519.0,1519.0,24.0,124.0,24.0,1240.0,240.0,12400.0,2400.0,Is RKLB Stock A Buy Or A High-Beta Trap?,Trefis,2026-08-27,-0.318,Does Boeing Stock Have a Margin Problem Hiding in Plain Sight?,Trefis,2026-08-27,-0.599,Lockheed Martin Europe CEO on Rheinmetall & Transatlantic Deterrence,Bloomberg,2026-08-27,0.0,,,,,,,,,,
RTX,RTX Corporation,Defence,us-primes,NYSE,212.08,+0.65%,-0.10%,-2.65%,+14.49%,+34%,285.832,0.294,37.34,5.09,3847200,21163600,109823900,138.0,0.96,buy,1.87,0.65,100.65,0.65,1006.5,6.5,10065.0,65.0,-0.1,99.9,-0.1,999.0,-1.0,9990.0,-10.0,-2.65,97.35,-2.65,973.5,-26.5,9735.0,-265.0,14.49,114.49,14.49,1144.9,144.9,11449.0,1449.0,34.0,134.0,34.0,1340.0,340.0,13400.0,3400.0,Can GE Aerospace Boost Profit Margin Amid Cost Pressures?,Zacks,2026-08-27,0.511,Does Boeing Stock Have a Margin Problem Hiding in Plain Sight?,Trefis,2026-08-27,-0.599,Raytheon’s Missile Windfall: What the Navy’s Record Tomahawk Order Means for RTX Corporation (RTX),Insider Monkey,2026-08-26,0.0,,,,,,,,,,
NOC,Northrop Grumman,Defence,us-primes,NYSE,545.13,-0.60%,-3.32%,-0.74%,-6.21%,-8%,77.443,-0.108,17.33,0.94,814000,3296800,15769300,180.0,1.73,buy,2.09,-0.6,99.4,-0.6,994.0,-6.0,9940.0,-60.0,-3.32,96.68,-3.32,966.8,-33.2,9668.0,-332.0,-0.74,99.26,-0.74,992.6,-7.4,9926.0,-74.0,-6.21,93.79,-6.21,937.9,-62.1,9379.0,-621.0,-8.0,92.0,-8.0,920.0,-80.0,9200.0,-800.0,Is RKLB Stock A Buy Or A High-Beta Trap?,Trefis,2026-08-27,-0.318,Why Is Boeing (BA) Down 0.9% Since Last Earnings Report?,Zacks,2026-08-27,0.0,Does Boeing Stock Have a Margin Problem Hiding in Plain Sight?,Trefis,2026-08-27,-0.599,,,,,,,,,,
GD,General Dynamics,Defence,us-primes,NYSE,380.06,-0.51%,-1.56%,-3.34%,+12.14%,+17%,102.828,0.328,23.19,1.15,592400,3975400,21633900,166.0,1.12,none,,-0.51,99.49,-0.51,994.9,-5.1,9949.0,-51.0,-1.56,98.44,-1.56,984.4,-15.6,9844.0,-156.0,-3.34,96.66,-3.34,966.6,-33.4,9666.0,-334.0,12.14,112.14,12.14,1121.4,121.4,11214.0,1214.0,17.0,117.0,17.0,1170.0,170.0,11700.0,1700.0,Does Boeing Stock Have a Margin Problem Hiding in Plain Sight?,Trefis,2026-08-27,-0.599,"Top Analyst Reports for JPMorgan, Johnson & Johnson & Mastercard",Zacks,2026-08-26,0.202,Is General Dynamics Corporation (GD) Still a Dividend Powerhouse? The Bull and Bear Case,Insider Monkey,2026-08-26,0.273,,,,,,,,,,
HII,Huntington Ingalls Industries,Defence,us-primes,NYSE,297.29,+0.16%,-1.36%,-0.87%,-14.37%,+10%,11.715,0.241,17.72,0.51,325200,1884300,12303300,186.0,2.97,buy,2.08,0.16,100.16,0.16,1001.6,1.6,10016.0,16.0,-1.36,98.64,-1.36,986.4,-13.6,9864.0,-136.0,-0.87,99.13,-0.87,991.3,-8.7,9913.0,-87.0,-14.37,85.63,-14.37,856.3,-143.7,8563.0,-1437.0,10.0,110.0,10.0,1100.0,100.0,11000.0,1000.0,3 Reasons to Avoid HII and 1 Stock to Buy Instead,StockStory,2026-08-24,-0.296,Huntington Ingalls Industries (HII) Stock Could Be A Bargain On Cash Flow And Earnings,Simply Wall St.,2026-08-21,0.202,Huntington Ingalls Industries (HII) Landed A $2.2 Billion Defense Task Order,Simply Wall St.,2026-08-20,0.128,,,,,,,,,,
LHX,L3Harris Technologies,Defence,us-primes,NYSE,261.98,-0.41%,-3.13%,-14.16%,-13.31%,-6%,48.785,0.746,26.6,1.5,1684600,8374200,39963300,190.0,2.15,buy,1.72,-0.41,99.59,-0.41,995.9,-4.1,9959.0,-41.0,-3.13,96.87,-3.13,968.7,-31.3,9687.0,-313.0,-14.16,85.84,-14.16,858.4,-141.6,8584.0,-1416.0,-13.31,86.69,-13.31,866.9,-133.1,8669.0,-1331.0,-6.0,94.0,-6.0,940.0,-60.0,9400.0,-600.0,Is RKLB Stock A Buy Or A High-Beta Trap?,Trefis,2026-08-27,-0.318,Can Redwire's Space and Defense Portfolio Drive a New Growth Phase?,Zacks,2026-08-26,0.477,Can Electronic Warfare Demand Boost L3Harris' Growth Prospects?,Zacks,2026-08-26,0.586,,,,,,,,,,
BA,Boeing,Defence,us-primes,NYSE,209.89,-1.32%,-2.42%,-5.27%,-7.85%,-11%,165.891,1.221,75.5,5.82,4455700,27053600,135165200,,0.01,buy,1.54,-1.32,98.68,-1.32,986.8,-13.2,9868.0,-132.0,-2.42,97.58,-2.42,975.8,-24.2,9758.0,-242.0,-5.27,94.73,-5.27,947.3,-52.7,9473.0,-527.0,-7.85,92.15,-7.85,921.5,-78.5,9215.0,-785.0,-11.0,89.0,-11.0,890.0,-110.0,8900.0,-1100.0,"Boeing lands $131 billion deal, but Americans should read the fine print",TheStreet,2026-08-28,0.296,Boeing vs. Joby Aviation: Which Airplane Manufacturing Stock Promises High-Flying Profits?,Motley Fool,2026-08-27,0.67,Archer Aviation vs. Space Exploration Technologies: Which High Flying Stock Is a Better Buy in 2026?,Motley Fool,2026-08-27,0.586,,,,,,,,,,
BA.L,BAE Systems,Defence,uk-european,LSE,28.43,+0.19%,-2.47%,+4.60%,+19.28%,+19%,0.833,-0.052,29.89,6.41,183,19393779,139572180,181.0,,buy,2.21,0.19,100.19,0.19,1001.9,1.9,10019.0,19.0,-2.47,97.53,-2.47,975.3,-24.7,9753.0,-247.0,4.6,104.6,4.6,1046.0,46.0,10460.0,460.0,19.28,119.28,19.28,1192.8,192.8,11928.0,1928.0,19.0,119.0,19.0,1190.0,190.0,11900.0,1900.0,Can Electronic Warfare Demand Boost L3Harris' Growth Prospects?,Zacks,2026-08-26,0.586,Can HII Benefit From Growing Demand for Submarine Construction?,Zacks,2026-08-19,0.494,BAE Systems (LSE:BA.) THREADS Progress Keeps Its Undervalued Narrative In Play,Simply Wall St.,2026-08-15,0.637,,,,,,,,,,
RR.L,Rolls-Royce Holdings,Defence,uk-european,LSE,20.79,-0.86%,+2.03%,+8.22%,+27.81%,+44%,1.715,1.19,42.49,24.35,6725325,54737100,529739367,78.0,,buy,1.6,-0.86,99.14,-0.86,991.4,-8.6,9914.0,-86.0,2.03,102.03,2.03,1020.3,20.3,10203.0,203.0,8.22,108.22,8.22,1082.2,82.2,10822.0,822.0,27.81,127.81,27.81,1278.1,278.1,12781.0,2781.0,44.0,144.0,44.0,1440.0,440.0,14400.0,4400.0,NuScale Power Deploys AI to Accelerate Next-Generation Nuclear SMRs,Zacks,2026-08-26,0.0,Florida real estate mogul says your home is ‘a terrible investment’ — and he’d put $100K somewhere else. Is he right?,Moneywise,2026-08-21,-0.477,U.K. ETFs in Spotlight as Andy Burnham Completes First Month as PM,Zacks,2026-08-20,0.0,8,buy,0.6,"Strong YTD of +27.83% and 1M momentum of +8.24%, with analyst score 1.6 (buy); aerospace engine demand and defence exposure support growth, though P/E of 42.5 is elevated.",+27.83% YTD; +8.24% 1M momentum; buy analyst consensus,,,,,
QQ.L,QinetiQ Group,Defence,uk-european,LSE,6.96,-1.16%,-4.48%,+4.28%,+15.24%,+9%,0.035,0.343,25.6,2.09,586874,9095198,51869567,212.0,,none,,-1.16,98.84,-1.16,988.4,-11.6,9884.0,-116.0,-4.48,95.52,-4.48,955.2,-44.8,9552.0,-448.0,4.28,104.28,4.28,1042.8,42.8,10428.0,428.0,15.24,115.24,15.24,1152.4,152.4,11524.0,1524.0,9.0,109.0,9.0,1090.0,90.0,10900.0,900.0,Gelion battery cells pass independent drone testing at QinetiQ,Proactive,2026-08-26,0.0,3 UK Penny Stocks With Market Caps Over £300M To Consider,Simply Wall St.,2026-06-11,0.0,UK Growth Stocks With Insider Ownership Up To 20%,Simply Wall St.,2026-06-11,0.382,10,buy,0.4,"YTD +18.39%, 1M momentum +7.13%, dividend yield 208bp; small-cap UK defence play with low P/E of 26.3 and analyst score 1.75 (buy); good value in European defence context.",+18.39% YTD; +7.13% 1M momentum; high dividend yield 208bp; buy analyst consensus,,,,,
PLTR,Palantir Technologies,Defence,cyber-intel,NASDAQ,185.93,+4.37%,+6.88%,+50.51%,+10.76%,+19%,446.801,1.563,158.91,42.92,40651900,169326300,1044369500,,3.18,buy,1.81,4.37,104.37,4.37,1043.7,43.7,10437.0,437.0,6.88,106.88,6.88,1068.8,68.8,10688.0,688.0,50.51,150.51,50.51,1505.1,505.1,15051.0,5051.0,10.76,110.76,10.76,1107.6,107.6,11076.0,1076.0,19.0,119.0,19.0,1190.0,190.0,11900.0,1900.0,"Dow Jones Futures Rise With Fed Chief Warsh Due; Nvidia, These 7 Stocks Are In Buy Zones",Investor's Business Daily,2026-08-28,0.0,Corporate America Cut Big Checks to Trump. Now CEOs Fear Subpoenas Are Coming.,The Wall Street Journal,2026-08-28,-0.649,3 Software Stocks Recently Raising Guidance,Zacks,2026-08-27,0.0,2,strong_buy,0.8,"Maven Smart System designated official Pentagon program of record, securing $2.3B over 5 years; Q2 revenue grew 93% YoY to $1.935B, with US govt revenue up 90% to $809M; strong 1M momentum of +31.32% and record commercial bookings. [barchart.com](https://www.barchart.com/story/news/4024825/palantir-stock-has-surged-over-40-in-a-month-whats-fueling-the-rally-and-what-comes-next)",+31.32% 1M momentum; 93% YoY revenue growth; Pentagon program of record; record commercial TCV $2.13B,,,,,
LDOS,Leidos Holdings,Defence,cyber-intel,NYSE,139.86,+1.72%,-1.07%,+18.16%,-23.31%,-23%,17.551,0.546,13.06,1.64,880300,4765700,34326100,125.0,3.83,buy,2.35,1.72,101.72,1.72,1017.2,17.2,10172.0,172.0,-1.07,98.93,-1.07,989.3,-10.7,9893.0,-107.0,18.16,118.16,18.16,1181.6,181.6,11816.0,1816.0,-23.31,76.69,-23.31,766.9,-233.1,7669.0,-2331.0,-23.0,77.0,-23.0,770.0,-230.0,7700.0,-2300.0,"Leidos Holdings (LDOS) Dropped, So What Is Driving Attention Now?",Simply Wall St.,2026-08-25,0.0,2 S&P 500 Stocks to Research Further and 1 We Ignore,StockStory,2026-08-25,-0.361,3 Stocks Came Roaring Back—Now They’re Flashing Warning Signs,MarketBeat,2026-08-22,-0.34,5,buy,0.55,"Impressive 1M momentum of +17.04%, trading at a low P/E of 12.92 with a dividend yield of 124bp; despite -26% YTD and slightly negative news sentiment, the bounce is supported by cheap valuation.",+17.04% 1M momentum; low P/E 12.92; attractive valuation; dividend yield 124bp,,,,,
CACI,CACI International,Defence,cyber-intel,NYSE,633.82,+1.45%,-1.94%,+24.26%,+17.94%,+32%,14.007,0.541,26.21,0.29,221300,1239400,6755800,,6.32,buy,1.56,1.45,101.45,1.45,1014.5,14.5,10145.0,145.0,-1.94,98.06,-1.94,980.6,-19.4,9806.0,-194.0,24.26,124.26,24.26,1242.6,242.6,12426.0,2426.0,17.94,117.94,17.94,1179.4,179.4,11794.0,1794.0,32.0,132.0,32.0,1320.0,320.0,13200.0,3200.0,1 Industrials Stock on Our Watchlist and 2 We Find Risky,StockStory,2026-08-26,-0.202,1 Unpopular Stock That Deserves Some Love and 2 That Underwhelm,StockStory,2026-08-16,0.637,CACI (CACI) Stock May Trade Below Fair Value While Earnings Look Rich,Simply Wall St.,2026-08-15,0.807,1,strong_buy,0.85,"Record FY26 revenue of $9.57B (+10.9% YoY), 66% free cash flow growth to $735M, and strong FY27 guidance for $10.65-10.85B revenue; positive news sentiment 0.329, cheap P/E 26.32, and analyst score 1.56 (buy). [fool.com](https://www.fool.com/investing/2026/08/25/palantirs-maven-is-now-an-official-pentagon-progra/)",+13.90% YTD; +23.43% 1M momentum; record contract backlog $32B; strong analyst consensus,,,,,
SAIC,Science Applications International,Defence,cyber-intel,NYSE,128.96,+1.08%,+2.11%,+6.06%,+28.74%,+10%,5.452,0.286,14.51,0.52,436200,2002200,9078300,116.0,7.21,hold,2.82,1.08,101.08,1.08,1010.8,10.8,10108.0,108.0,2.11,102.11,2.11,1021.1,21.1,10211.0,211.0,6.06,106.06,6.06,1060.6,60.6,10606.0,606.0,28.74,128.74,28.74,1287.4,287.4,12874.0,2874.0,10.0,110.0,10.0,1100.0,100.0,11000.0,1000.0,1 Profitable Stock to Keep an Eye On and 2 That Underwhelm,StockStory,2026-08-27,0.44,Nutanix (NTNX) Q4 Earnings and Revenues Surpass Estimates,Zacks,2026-08-26,0.0,"Science Applications International (SAIC), Why Are Analysts Sending Mixed Signals?",Simply Wall St.,2026-08-26,0.0,7,buy,0.5,"YTD performance strong at +27.07%, with 1M momentum of +7.43% and 1W momentum of +1.06%; P/E is low at 14.25 and dividend yield 117bp, though high short interest of 7.21% signals caution.",+27.07% YTD; low P/E 14.25; positive 1W momentum,,,,,
BAH,Booz Allen Hamilton,Defence,cyber-intel,NYSE,74.88,+0.86%,-1.94%,+3.08%,-9.77%,-31%,9.007,0.354,11.76,2.23,1750100,6884900,42449200,318.0,7.3,hold,2.86,0.86,100.86,0.86,1008.6,8.6,10086.0,86.0,-1.94,98.06,-1.94,980.6,-19.4,9806.0,-194.0,3.08,103.08,3.08,1030.8,30.8,10308.0,308.0,-9.77,90.23,-9.77,902.3,-97.7,9023.0,-977.0,-31.0,69.0,-31.0,690.0,-310.0,6900.0,-3100.0,"Steady Revenues, Buyouts & Investments Aid BAH Amid Stiff Rivalry",Zacks,2026-08-27,0.0,"Boeing Lands $131 Bil F-15 Fighter Jet Contract, Analyst Lifts Booz Allen Targets",Investor's Business Daily,2026-08-25,0.153,The Hidden Turbulence Priced Into Accenture Stock,Trefis,2026-08-25,0.0,,,,,,,,,,
AVAV,AeroVironment,Defence,drones,NASDAQ,152.28,+2.95%,-4.70%,-2.60%,-40.56%,-37%,7.739,1.412,,1.61,1335700,5973200,27402100,,9.55,buy,1.6,2.95,102.95,2.95,1029.5,29.5,10295.0,295.0,-4.7,95.3,-4.7,953.0,-47.0,9530.0,-470.0,-2.6,97.4,-2.6,974.0,-26.0,9740.0,-260.0,-40.56,59.44,-40.56,594.4,-405.6,5944.0,-4056.0,-37.0,63.0,-37.0,630.0,-370.0,6300.0,-3700.0,AVAV Stock Gains As NASA Taps AeroVironment For Three Mars Helicopters For 2028 Mission — Here’s What They’ll Be Looking For Under The Martian Surface,Stocktwits,2026-08-27,0.34,"Unusual Machines Jumps 8%, Ondas Holdings Rises 6% as Risk Appetite Returns to Drone Stocks",24/7 Wall St.,2026-08-27,-0.273,AVAV Stock Rises Overnight: AeroVironment Pockets $51M Army Contract Ahead Of Q1 Earnings,Stocktwits,2026-08-27,0.0,,,,,,,,,,
KTOS,Kratos Defense,Defence,drones,NASDAQ,53.69,+0.54%,-4.43%,+10.38%,-32.29%,-18%,10.079,1.106,315.82,4.51,2135100,13027100,86702700,,5.1,strong_buy,1.43,0.54,100.54,0.54,1005.4,5.4,10054.0,54.0,-4.43,95.57,-4.43,955.7,-44.3,9557.0,-443.0,10.38,110.38,10.38,1103.8,103.8,11038.0,1038.0,-32.29,67.71,-32.29,677.1,-322.9,6771.0,-3229.0,-18.0,82.0,-18.0,820.0,-180.0,8200.0,-1800.0,Kratos Defense vs. Elbit Systems: Which One Is the Better Defense Bet?,Zacks,2026-08-27,0.599,Northrop Grumman (NOC) Could Be 16% Undervalued On Dividend And Contract News,Simply Wall St.,2026-08-26,0.0,3 Contrarian Trades for a Market That Looks Too Hot,MarketBeat,2026-08-25,0.0,9,strong_buy,0.45,"Strong analyst consensus (strong_buy, score 1.43) and 1M momentum of +6.45%, despite -33.61% YTD; drone autonomy push and potential contract wins provide upside catalyst.",strong_buy analyst consensus; +6.45% 1M momentum; drone sector catalyst,,,,,
RCAT,Red Cat Holdings,Defence,drones,NASDAQ,9.28,+2.78%,-2.62%,+24.56%,+1.31%,+4%,1.417,1.349,,11.03,5157400,29961000,209001400,,21.86,strong_buy,1.17,2.78,102.78,2.78,1027.8,27.8,10278.0,278.0,-2.62,97.38,-2.62,973.8,-26.2,9738.0,-262.0,24.56,124.56,24.56,1245.6,245.6,12456.0,2456.0,1.31,101.31,1.31,1013.1,13.1,10131.0,131.0,4.0,104.0,4.0,1040.0,40.0,10400.0,400.0,"Drone Stocks Slide as Risk Appetite Fades: Unusual Machines Tumbles 9%, Red Cat Falls 7%, Ondas Declines 5%",24/7 Wall St.,2026-08-24,-0.273,Red Cat (RCAT) Stock Could Be Above Fair Value As Tariff News Lifts Sentiment,Simply Wall St.,2026-08-23,0.572,Is Red Cat Holdings (RCAT) Quietly Recasting Its Identity From Drone Maker To Full Autonomy Platform?,Simply Wall St.,2026-08-23,0.0,4,buy,0.6,"Strong 1M momentum of +16.82% and analyst strong_buy consensus (score 1.17); though YTD is flat and short interest is very high at 23.21%, risk appetite fading may present entry opportunity.",+16.82% 1M momentum; strong_buy analyst consensus; high short interest opportunity; drone sector catalyst,,,,,
TXT,Textron,Defence,drones,NYSE,82.35,-1.22%,-2.39%,-8.46%,-5.36%,+3%,14.164,0.908,15.51,1.6,1533200,7064300,38653000,10.0,4.95,buy,2.19,-1.22,98.78,-1.22,987.8,-12.2,9878.0,-122.0,-2.39,97.61,-2.39,976.1,-23.9,9761.0,-239.0,-8.46,91.54,-8.46,915.4,-84.6,9154.0,-846.0,-5.36,94.64,-5.36,946.4,-53.6,9464.0,-536.0,3.0,103.0,3.0,1030.0,30.0,10300.0,300.0,Can GE Aerospace Boost Profit Margin Amid Cost Pressures?,Zacks,2026-08-27,0.511,Why Is Textron (TXT) Down 2.7% Since Last Earnings Report?,Zacks,2026-08-27,0.0,Is Textron Benefiting from the Growing Demand for Light Jets?,Zacks,2026-08-25,0.052,,,,,,,,,,
SPCX,SpaceX,Defence,space,NASDAQ,140.87,+0.26%,+5.13%,+21.01%,-12.48%,-12%,1856.917,,,114.73,55095800,308548000,2539924200,,2.93,buy,1.69,0.26,100.26,0.26,1002.6,2.6,10026.0,26.0,5.13,105.13,5.13,1051.3,51.3,10513.0,513.0,21.01,121.01,21.01,1210.1,210.1,12101.0,2101.0,-12.48,87.52,-12.48,875.2,-124.8,8752.0,-1248.0,-12.0,88.0,-12.0,880.0,-120.0,8800.0,-1200.0,Inside Nvidia and SpaceX’s growing relationship,Yahoo Finance Video,2026-08-27,0.178,Anthropic eyes $30T in potential revenue: Why that actually might be 'sustainable',Yahoo Finance Video,2026-08-27,0.0,Thinking of Buying SpaceX? Just Buy This Market-Thumping Stock Instead.,Motley Fool,2026-08-28,0.0,3,buy,0.65,"SpaceX continues to dominate with Starbase launch site in Louisiana and accelerated orbital data center timeline; strong 1M momentum +21.54%, positive news sentiment 0.072, and analyst score 1.69 (buy).",+21.54% 1M momentum; Starbase expansion; analyst buy consensus,,,,,
RKLB,Rocket Lab USA,Defence,space,NASDAQ,67.53,+0.06%,-7.43%,+5.70%,-11.13%,+39%,43.18,2.629,,22.73,11397800,64655500,409872100,,7.46,buy,1.61,0.06,100.06,0.06,1000.6,0.6,10006.0,6.0,-7.43,92.57,-7.43,925.7,-74.3,9257.0,-743.0,5.7,105.7,5.7,1057.0,57.0,10570.0,570.0,-11.13,88.87,-11.13,888.7,-111.3,8887.0,-1113.0,39.0,139.0,39.0,1390.0,390.0,13900.0,3900.0,RKLB Stock Heads For Third Weekly Loss After 7 Bruising Sessions: SpaceX Raises Red Flag Over Iridium Deal,Stocktwits,2026-08-28,-0.318,Super Micro Stock And 2 AI Infrastructure Names Trading Below Fair Value,Simply Wall St.,2026-08-28,0.823,"Rocket Lab CFO Sells Nearly 10,000 Shares Amid a Rising Stock Price",Motley Fool,2026-08-27,0.296,,,,,,,,,,
PL,Planet Labs,Defence,space,NYSE,21.16,-1.49%,-4.56%,+3.62%,+3.67%,+198%,7.542,2.123,,10.73,4227900,20594400,119848300,,9.41,none,,-1.49,98.51,-1.49,985.1,-14.9,9851.0,-149.0,-4.56,95.44,-4.56,954.4,-45.6,9544.0,-456.0,3.62,103.62,3.62,1036.2,36.2,10362.0,362.0,3.67,103.67,3.67,1036.7,36.7,10367.0,367.0,198.0,298.0,198.0,2980.0,1980.0,29800.0,19800.0,Is RKLB Stock A Buy Or A High-Beta Trap?,Trefis,2026-08-27,-0.318,RKLB vs. PL: Which Space Stock Has the Stronger Investment Case?,Zacks,2026-08-26,0.382,Rocket Lab Stock's Twelve-Month Gain Hides A Long Slide From Its High,Trefis,2026-08-21,0.402,,,,,,,,,,
ASTS,AST SpaceMobile,Defence,space,NASDAQ,61.44,+0.87%,-5.56%,+8.65%,-26.39%,+26%,23.911,2.745,,17.87,6578100,46231300,259303900,,19.23,none,,0.87,100.87,0.87,1008.7,8.7,10087.0,87.0,-5.56,94.44,-5.56,944.4,-55.6,9444.0,-556.0,8.65,108.65,8.65,1086.5,86.5,10865.0,865.0,-26.39,73.61,-26.39,736.1,-263.9,7361.0,-2639.0,26.0,126.0,26.0,1260.0,260.0,12600.0,2600.0,"ASTS Stock Takes Flight After 3-Day Skid As BlueBirds Deploy, New Zealand Gateway Opens",Stocktwits,2026-08-28,0.0,AST SpaceMobile vs. Firefly Aerospace: Which Outer Space Upstart Is a Better Buy in 2026?,Motley Fool,2026-08-27,0.44,"1,000 Reasons to Buy AST SpaceMobile Stock Now",Barchart,2026-08-27,0.0,,,,,,,,,,
TDG,TransDigm Group,Defence,weapons,NYSE,1186.48,-0.82%,+0.52%,-9.29%,-12.67%,-15%,65.585,0.906,36.01,0.4,226900,2058000,10154600,,2.02,buy,1.95,-0.82,99.18,-0.82,991.8,-8.2,9918.0,-82.0,0.52,100.52,0.52,1005.2,5.2,10052.0,52.0,-9.29,90.71,-9.29,907.1,-92.9,9071.0,-929.0,-12.67,87.33,-12.67,873.3,-126.7,8733.0,-1267.0,-15.0,85.0,-15.0,850.0,-150.0,8500.0,-1500.0,Can Long-Term Agreements Strengthen Hexcel's Growth Prospects?,Zacks,2026-08-27,0.802,Is Wall Street Bullish or Bearish on TransDigm Group Stock?,Barchart,2026-08-27,0.0,"HEICO Q3 Earnings Top Estimates, Sales Increase Year Over Year",Zacks,2026-08-26,0.477,,,,,,,,,,
HEI,HEICO Corporation,Defence,weapons,NYSE,337.01,-2.10%,-3.87%,-7.27%,+2.41%,+8%,,1.053,56.26,0.5,720400,3607800,11147400,7.0,1.44,buy,1.86,-2.1,97.9,-2.1,979.0,-21.0,9790.0,-210.0,-3.87,96.13,-3.87,961.3,-38.7,9613.0,-387.0,-7.27,92.73,-7.27,927.3,-72.7,9273.0,-727.0,2.41,102.41,2.41,1024.1,24.1,10241.0,241.0,8.0,108.0,8.0,1080.0,80.0,10800.0,800.0,HEICO Q3 Earnings Call Highlights Broad Demand and M&A Capacity,Zacks,2026-08-27,-0.128,Is HEICO (HEI) Still Trading At A Discount After Its Latest Earnings?,Simply Wall St.,2026-08-26,0.0,Heico Corp (HEI) (Q3 2026) Earnings Call Highlights: Record Sales and Net Income Surge 33%,GuruFocus.com,2026-08-26,0.0,,,,,,,,,,
AXON,Axon Enterprise,Defence,weapons,NASDAQ,611.2,+0.00%,-0.50%,+11.60%,+8.47%,-18%,49.652,1.397,251.52,1.01,523600,2751700,20655100,,5.05,buy,1.71,0.0,100.0,0.0,1000.0,0.0,10000.0,0.0,-0.5,99.5,-0.5,995.0,-5.0,9950.0,-50.0,11.6,111.6,11.6,1116.0,116.0,11160.0,1160.0,8.47,108.47,8.47,1084.7,84.7,10847.0,847.0,-18.0,82.0,-18.0,820.0,-180.0,8200.0,-1800.0,Axon (AXON) Stock Could Be Fully Priced On Cash Flow But Fair On Sales,Simply Wall St.,2026-08-27,0.45,Axon Enterprise Stock: Is Wall Street Bullish or Bearish?,Barchart,2026-08-27,0.0,"Axon Enterprise (AXON), What Is Behind The Fresh Attention?",Simply Wall St.,2026-08-27,0.318,6,buy,0.5,"1M momentum strong at +16.70%, YTD +8.84%; analyst score 1.71 (buy) supports the AI-driven public safety narrative, despite high P/E of 250. Positive news sentiment 0.143.",+16.70% 1M momentum; buy analyst consensus; +8.84% YTD,,,,,
OLN,Olin Corporation,Defence,weapons,NYSE,17.28,-2.10%,-6.18%,-18.21%,-17.66%,-27%,,1.203,,3.17,2883100,14316200,74290000,457.0,11.29,hold,3.0,-2.1,97.9,-2.1,979.0,-21.0,9790.0,-210.0,-6.18,93.82,-6.18,938.2,-61.8,9382.0,-618.0,-18.21,81.79,-18.21,817.9,-182.1,8179.0,-1821.0,-17.66,82.34,-17.66,823.4,-176.6,8234.0,-1766.0,-27.0,73.0,-27.0,730.0,-270.0,7300.0,-2700.0,Huntsman Stockholders Approve Olin Merger Agreement at Special Meeting,MarketBeat,2026-08-27,0.71,OLN-HUN's All-Stock Merger of Equals Approved by Shareholders,Zacks,2026-08-26,0.421,"AVNT Q2 Earnings Top Estimates on Organic Growth, Guidance Up",Zacks,2026-08-13,0.527,,,,,,,,,,
MRCY,Mercury Systems,Defence,weapons,NASDAQ,90.47,+0.79%,-3.99%,-8.97%,+18.99%,+34%,5.441,0.998,,0.77,436500,4669400,17612100,,9.6,buy,2.0,0.79,100.79,0.79,1007.9,7.9,10079.0,79.0,-3.99,96.01,-3.99,960.1,-39.9,9601.0,-399.0,-8.97,91.03,-8.97,910.3,-89.7,9103.0,-897.0,18.99,118.99,18.99,1189.9,189.9,11899.0,1899.0,34.0,134.0,34.0,1340.0,340.0,13400.0,3400.0,Mercury Systems (MRCY) Is Sitting On A Record Pile Of Orders,Insider Monkey,2026-08-27,0.0,Mercury Systems (MRCY) Q4 2026 Earnings Call Transcript,Motley Fool,2026-08-25,0.0,The 5 Most Interesting Analyst Questions From Mercury Systems’s Q2 Earnings Call,StockStory,2026-08-25,0.458,,,,,,,,,,
DRS,Leonardo DRS,Defence,weapons,NYSE,38.92,+0.67%,-5.07%,-20.75%,+12.58%,-7%,10.387,0.179,32.71,0.99,1122500,5159100,19975800,93.0,1.18,none,,0.67,100.67,0.67,1006.7,6.7,10067.0,67.0,-5.07,94.93,-5.07,949.3,-50.7,9493.0,-507.0,-20.75,79.25,-20.75,792.5,-207.5,7925.0,-2075.0,12.58,112.58,12.58,1125.8,125.8,11258.0,1258.0,-7.0,93.0,-7.0,930.0,-70.0,9300.0,-700.0,1 of Wall Street’s Favorite Stocks to Keep an Eye On and 2 We Turn Down,StockStory,2026-08-27,0.459,Leonardo DRS (DRS) Stock Looks Fully Valued Even After Recent Weakness,Simply Wall St.,2026-08-26,0.101,Leonardo DRS (DRS) Lands UAE Security Tie As Drone Defense Test Clears Hurdle,Simply Wall St.,2026-08-25,0.494,,,,,,,,,,
XOM,ExxonMobil,Energy,oil-majors,NYSE,156.44,-1.07%,-5.84%,+2.88%,+30.11%,+37%,643.267,0.173,20.13,15.83,14288500,71809000,329177400,260.0,1.0,buy,2.32,-1.07,98.93,-1.07,989.3,-10.7,9893.0,-107.0,-5.84,94.16,-5.84,941.6,-58.4,9416.0,-584.0,2.88,102.88,2.88,1028.8,28.8,10288.0,288.0,30.11,130.11,30.11,1301.1,301.1,13011.0,3011.0,37.0,137.0,37.0,1370.0,370.0,13700.0,3700.0,EPD vs. Exxon: Which Energy Dividend Should Retirees Trust?,24/7 Wall St.,2026-08-27,0.66,"PBR Q2 Earnings Beat on Record Output, but Can the Gains Persist?",Zacks,2026-08-27,0.477,"Targa Resources Extends Growth Runway With New Permian Projects, RBC Says",MT Newswires,2026-08-27,0.477,,,,,,,,,,
CVX,Chevron,Energy,oil-majors,NYSE,199.77,-0.13%,-2.92%,+7.43%,+31.72%,+24%,391.87,0.488,19.23,8.5,8112300,36365200,183870400,356.0,0.81,buy,1.72,-0.13,99.87,-0.13,998.7,-1.3,9987.0,-13.0,-2.92,97.08,-2.92,970.8,-29.2,9708.0,-292.0,7.43,107.43,7.43,1074.3,74.3,10743.0,743.0,31.72,131.72,31.72,1317.2,317.2,13172.0,3172.0,24.0,124.0,24.0,1240.0,240.0,12400.0,2400.0,Wall Street Is Sleeping on These 3 Ultra-High-Yield Dividend Stocks,24/7 Wall St.,2026-08-27,0.0,"PBR Q2 Earnings Beat on Record Output, but Can the Gains Persist?",Zacks,2026-08-27,0.477,3 Rock Solid Dividend That Pay You Every Month,24/7 Wall St.,2026-08-27,0.052,7,buy,0.7,"CVX is up +32% YTD with a P/E of 19.5 and a 3.5% dividend yield, near record highs with a strong Q2 beat and a 20-year Microsoft PPA.",+32% YTD; dividend 3.5%; Q2 earnings beat; Microsoft PPA,,,,,
SHEL,Shell,Energy,oil-majors,NYSE,90.7,-0.33%,-3.15%,+6.14%,+23.52%,+23%,249.647,-0.218,10.03,6.36,6904600,29602879,138834933,343.0,1.57,buy,2.25,-0.33,99.67,-0.33,996.7,-3.3,9967.0,-33.0,-3.15,96.85,-3.15,968.5,-31.5,9685.0,-315.0,6.14,106.14,6.14,1061.4,61.4,10614.0,614.0,23.52,123.52,23.52,1235.2,235.2,12352.0,2352.0,23.0,123.0,23.0,1230.0,230.0,12300.0,2300.0,Sector Update: Energy Stocks Mixed Late Afternoon,MT Newswires,2026-08-27,0.273,Shell's CEO Warned Oil Prices Would Keep Rising. Hormuz Talks Are Testing That Call. Here's What It Means for SHEL Stock.,Motley Fool,2026-08-27,-0.273,Shell Slips as Hormuz Hope Removes Oil's War Premium,GuruFocus.com,2026-08-26,-0.25,9,buy,0.65,"SHEL is up +26% YTD with a low P/E of 10.3 and a 3.4% dividend yield, supported by its LNG scale and capital return plans.",+26% YTD; P/E 10.3; dividend 3.4%; LNG scale,,,,,
BP,BP p.l.c.,Energy,oil-majors,NYSE,42.34,-1.53%,-6.20%,+2.86%,+22.56%,+20%,109.04,-0.212,20.26,8.84,11738500,46867800,200855900,475.0,0.28,buy,2.37,-1.53,98.47,-1.53,984.7,-15.3,9847.0,-153.0,-6.2,93.8,-6.2,938.0,-62.0,9380.0,-620.0,2.86,102.86,2.86,1028.6,28.6,10286.0,286.0,22.56,122.56,22.56,1225.6,225.6,12256.0,2256.0,20.0,120.0,20.0,1200.0,200.0,12000.0,2000.0,"Emerson Electric (EMR) Wins Energy Contracts, Is The Stock Still Undervalued?",Simply Wall St.,2026-08-27,0.7,Sector Update: Energy Stocks Mixed Late Afternoon,MT Newswires,2026-08-27,0.273,Sector Update: Energy Stocks Lower in Afternoon Trading,MT Newswires,2026-08-27,-0.026,,,,,,,,,,
TTE,TotalEnergies,Energy,oil-majors,NYSE,86.33,-0.82%,-5.03%,+2.55%,+31.20%,+38%,191.019,0.062,10.8,1.6,1874900,8617500,31295400,486.0,0.19,strong_buy,1.0,-0.82,99.18,-0.82,991.8,-8.2,9918.0,-82.0,-5.03,94.97,-5.03,949.7,-50.3,9497.0,-503.0,2.55,102.55,2.55,1025.5,25.5,10255.0,255.0,31.2,131.2,31.2,1312.0,312.0,13120.0,3120.0,38.0,138.0,38.0,1380.0,380.0,13800.0,3800.0,"Top Research Reports for Goldman Sachs, TotalEnergies & Prologis",Zacks,2026-08-27,0.202,TotalEnergies exits Arctic LNG 2 with 10% stake sale to NordLine,Offshore Technology,2026-08-27,0.0,TotalEnergies Exits Russia’s Sanctioned Arctic LNG 2 Project,Oilprice.com,2026-08-27,0.0,8,buy,0.7,"TTE has gained +35% YTD with a low P/E of 11.2 and a high 4.7% dividend yield, benefiting from integrated operations and LNG exposure.",+35% YTD; P/E 11.2; dividend 4.7%; LNG exposure,,,,,
EQNR,Equinor,Energy,oil-majors,NYSE,41.55,-0.12%,-3.06%,+9.63%,+74.94%,+69%,98.614,-0.73,11.26,3.54,2275400,14358700,66398100,378.0,2.82,hold,3.33,-0.12,99.88,-0.12,998.8,-1.2,9988.0,-12.0,-3.06,96.94,-3.06,969.4,-30.6,9694.0,-306.0,9.63,109.63,9.63,1096.3,96.3,10963.0,963.0,74.94,174.94,74.94,1749.4,749.4,17494.0,7494.0,69.0,169.0,69.0,1690.0,690.0,16900.0,6900.0,Will Emerson’s New 13‑Year Equinor Deal Reshape Emerson Electric’s (EMR) Long‑Cycle Automation Narrative?,Simply Wall St.,2026-08-27,0.0,"Emerson Electric (EMR) Wins Energy Contracts, Is The Stock Still Undervalued?",Simply Wall St.,2026-08-27,0.7,Why Is HF Sinclair (DINO) Up 7.2% Since Last Earnings Report?,Zacks,2026-08-27,0.0,6,buy,0.75,"EQNR has soared +74% YTD with a low P/E of 11.5 and a 3.7% dividend yield, supported by strong LNG demand and a major Namibia discovery.",+74% YTD; P/E 11.5; dividend 3.7%; Namibia discovery,,,,,
COP,ConocoPhillips,Energy,ep-refining,NYSE,129.52,-1.65%,-3.98%,+14.27%,+36.89%,+31%,155.597,0.123,17.13,7.2,6677700,33376400,159036100,257.0,1.41,buy,1.64,-1.65,98.35,-1.65,983.5,-16.5,9835.0,-165.0,-3.98,96.02,-3.98,960.2,-39.8,9602.0,-398.0,14.27,114.27,14.27,1142.7,142.7,11427.0,1427.0,36.89,136.89,36.89,1368.9,368.9,13689.0,3689.0,31.0,131.0,31.0,1310.0,310.0,13100.0,3100.0,ExxonMobil Stock's Biggest Risk Is The Shortage Ending,Trefis,2026-08-26,-0.477,"Equinor starts production at Troll phase three, stage two in North Sea",Offshore Technology,2026-08-26,0.0,Morgan Stanley Sees a New High for ConocoPhillips (COP). Should Investors Buy?,Insider Monkey,2026-08-26,0.0,3,strong_buy,0.8,"COP is up +39% YTD with strong 1M momentum (+14.8%), a low P/E of 17.6, and a favorable analyst score of 1.64; Morgan Stanley sees a new high.",+39% YTD; +14.8% 1M; analyst score 1.64; Morgan Stanley bullish,,,,,
OXY,Occidental Petroleum,Energy,ep-refining,NYSE,59.17,+1.06%,-3.82%,+9.72%,+40.93%,+24%,59.149,0.16,17.45,9.12,6107100,32519400,184812700,191.0,0.01,buy,2.33,1.06,101.06,1.06,1010.6,10.6,10106.0,106.0,-3.82,96.18,-3.82,961.8,-38.2,9618.0,-382.0,9.72,109.72,9.72,1097.2,97.2,10972.0,972.0,40.93,140.93,40.93,1409.3,409.3,14093.0,4093.0,24.0,124.0,24.0,1240.0,240.0,12400.0,2400.0,ExxonMobil Stock's Biggest Risk Is The Shortage Ending,Trefis,2026-08-26,-0.477,"Which Oil and Gas Stock Has Dominated in 2026: ConocoPhillips, EOG Resources, or Occidental Petroleum?",24/7 Wall St.,2026-08-24,0.0,Berkshire Hathaway (BRK.A) Holds Firm As A Top Portfolio Stake Lifts Its Dividend,Simply Wall St.,2026-08-22,0.202,5,buy,0.75,"OXY is up +39% YTD with a P/E of 17.8 and near-zero short interest (0.01%), driven by Iran sanctions tailwinds and carbon capture ambitions.",+39% YTD; short interest 0.01%; Iran sanctions tailwind; carbon capture,,,,,
EOG,EOG Resources,Energy,ep-refining,NYSE,144.5,-0.28%,-5.05%,+3.48%,+38.06%,+16%,75.795,0.278,11.25,3.41,3245200,13680600,65507200,282.0,3.11,buy,2.3,-0.28,99.72,-0.28,997.2,-2.8,9972.0,-28.0,-5.05,94.95,-5.05,949.5,-50.5,9495.0,-505.0,3.48,103.48,3.48,1034.8,34.8,10348.0,348.0,38.06,138.06,38.06,1380.6,380.6,13806.0,3806.0,16.0,116.0,16.0,1160.0,160.0,11600.0,1600.0,Why ExxonMobil's Financial Strength Matters for Investors,Zacks,2026-08-27,0.511,"Which Oil and Gas Stock Has Dominated in 2026: ConocoPhillips, EOG Resources, or Occidental Petroleum?",24/7 Wall St.,2026-08-24,0.0,EOG Stock Is Up 14.8% in 3 Months: Can Its Strong Rally Keep Going?,Zacks,2026-08-24,0.511,4,strong_buy,0.8,"EOG has gained +40% YTD with a low P/E of 11.7 and positive news sentiment (0.333), benefiting from tight U.S. onshore economics.",+40% YTD; P/E 11.7; news sentiment 0.333; U.S. shale exposure,,,,,
MPC,Marathon Petroleum,Energy,ep-refining,NYSE,363.54,+0.14%,+1.48%,+19.11%,+122.70%,+102%,102.091,0.508,12.61,2.37,3019500,11716300,55478000,110.0,2.7,buy,2.26,0.14,100.14,0.14,1001.4,1.4,10014.0,14.0,1.48,101.48,1.48,1014.8,14.8,10148.0,148.0,19.11,119.11,19.11,1191.1,191.1,11911.0,1911.0,122.7,222.7,122.7,2227.0,1227.0,22270.0,12270.0,102.0,202.0,102.0,2020.0,1020.0,20200.0,10200.0,5 Value Stocks to Buy Right Now as Inflation Remains Sticky,Zacks,2026-08-27,0.34,Has Marathon Petroleum (MPC) Outpaced Other Oils-Energy Stocks This Year?,Zacks,2026-08-27,0.0,Marathon Petroleum (MPC) Could Be 12% Overvalued As Buybacks Drive The Bull Case,Simply Wall St.,2026-08-27,0.0,1,strong_buy,0.85,"MPC leads the universe with a +117% YTD return, P/E of 12.6, and strong refining margins; Barron's sees more upside as crack spreads remain elevated.",+117% YTD; P/E 12.6; refining margin tailwind; Barron's bullish,,,,,
VLO,Valero Energy,Energy,ep-refining,NYSE,346.59,-0.47%,+1.49%,+16.41%,+112.76%,+128%,99.792,0.554,14.45,2.85,1957300,9786200,56734800,138.0,3.89,buy,2.35,-0.47,99.53,-0.47,995.3,-4.7,9953.0,-47.0,1.49,101.49,1.49,1014.9,14.9,10149.0,149.0,16.41,116.41,16.41,1164.1,164.1,11641.0,1641.0,112.76,212.76,112.76,2127.6,1127.6,21276.0,11276.0,128.0,228.0,128.0,2280.0,1280.0,22800.0,12800.0,Macro Takeaways from Apple Earnings,Zacks,2026-08-27,0.0,"Top Research Reports for Goldman Sachs, TotalEnergies & Prologis",Zacks,2026-08-27,0.202,Is Valero Energy Poised to Benefit From a Tight Refining Market?,Zacks,2026-08-27,0.727,2,strong_buy,0.85,"VLO has surged +109% YTD with a P/E of 14.4 and the highest news sentiment (0.484) in the universe, supported by robust refining margins.",+109% YTD; P/E 14.4; news sentiment 0.484; refining margin tailwind,,,,,
SLB,SLB (Schlumberger),Energy,oilfield-services,NYSE,55.01,+3.33%,+2.73%,+10.06%,+38.37%,+49%,81.643,0.749,26.83,13.48,15248900,55370500,234854200,220.0,4.28,buy,1.6,3.33,103.33,3.33,1033.3,33.3,10333.0,333.0,2.73,102.73,2.73,1027.3,27.3,10273.0,273.0,10.06,110.06,10.06,1100.6,100.6,11006.0,1006.0,38.37,138.37,38.37,1383.7,383.7,13837.0,3837.0,49.0,149.0,49.0,1490.0,490.0,14900.0,4900.0,The World’s Largest Oil Reserves Are Opening Their Data to SLB. Should Investors Trust Venezuela to Pay?,24/7 Wall St.,2026-08-27,0.44,Sector Update: Energy Stocks Decline Premarket Wednesday,MT Newswires,2026-08-26,0.273,An Oil Catastrophe Was Averted in 2026. What If It Comes in 2027?,Barrons.com,2026-08-26,-0.691,,,,,,,,,,
HAL,Halliburton,Energy,oilfield-services,NYSE,35.49,+3.38%,-0.56%,+13.64%,+20.99%,+56%,29.568,0.753,18.58,11.88,13090400,61976600,244576200,197.0,5.04,buy,1.75,3.38,103.38,3.38,1033.8,33.8,10338.0,338.0,-0.56,99.44,-0.56,994.4,-5.6,9944.0,-56.0,13.64,113.64,13.64,1136.4,136.4,11364.0,1364.0,20.99,120.99,20.99,1209.9,209.9,12099.0,2099.0,56.0,156.0,56.0,1560.0,560.0,15600.0,5600.0,Halliburton (HAL) Rises As Market Takes a Dip: Key Facts,Zacks,2026-08-26,0.0,Halliburton Wins BP Contract for Bumerangue Field Appraisal,Zacks,2026-08-26,0.572,Halliburton wins integrated contract from bp for Bumerangue field,Offshore Technology,2026-08-26,0.572,10,buy,0.6,"HAL is up +15% YTD with a P/E of 18.1 and positive news sentiment (0.241), benefiting from strong oilfield services demand as drilling activity rises.",+15% YTD; P/E 18.1; news sentiment 0.241; oilfield services demand,,,,,
BKR,Baker Hughes,Energy,oilfield-services,NASDAQ,62.11,+0.52%,-1.07%,+6.63%,+33.18%,+37%,61.655,0.959,19.97,8.34,8546300,29481400,165384800,148.0,2.74,buy,1.71,0.52,100.52,0.52,1005.2,5.2,10052.0,52.0,-1.07,98.93,-1.07,989.3,-10.7,9893.0,-107.0,6.63,106.63,6.63,1066.3,66.3,10663.0,663.0,33.18,133.18,33.18,1331.8,331.8,13318.0,3318.0,37.0,137.0,37.0,1370.0,370.0,13700.0,3700.0,Q2 Earnings Highs And Lows: Baker Hughes (NASDAQ:BKR) Vs The Rest Of The Oilfield Services Stocks,StockStory,2026-08-26,-0.202,Why Baker Hughes (BKR) Could be a Key Winner From the AI Boom,Insider Monkey,2026-08-26,0.586,Why Is Baker Hughes (BKR) Up 2.3% Since Last Earnings Report?,Zacks,2026-08-25,0.0,,,,,,,,,,
NEE,NextEra Energy,Energy,utilities,NYSE,83.47,-0.97%,-1.83%,-6.51%,+4.60%,+16%,174.117,0.653,18.76,11.19,8641700,41561900,244119100,296.0,,buy,2.0,-0.97,99.03,-0.97,990.3,-9.7,9903.0,-97.0,-1.83,98.17,-1.83,981.7,-18.3,9817.0,-183.0,-6.51,93.49,-6.51,934.9,-65.1,9349.0,-651.0,4.6,104.6,4.6,1046.0,46.0,10460.0,460.0,16.0,116.0,16.0,1160.0,160.0,11600.0,1600.0,VST Stock Underperforms Industry in the Past 6 Months: Buy or Hold?,Zacks,2026-08-27,0.0,NextEra Outperforms Industry in a Year: Should You Buy the Stock?,Zacks,2026-08-26,0.0,"OKLO's Aurora Reactor: New Design, Proven Nuclear Principles",Zacks,2026-08-26,0.0,,,,,,,,,,
SSE.L,SSE plc,Energy,utilities,LSE,32.35,-1.45%,-0.17%,+0.17%,+6.74%,+40%,0.39,0.576,22.68,3.35,18,6968486,56238929,284.0,,none,,-1.45,98.55,-1.45,985.5,-14.5,9855.0,-145.0,-0.17,99.83,-0.17,998.3,-1.7,9983.0,-17.0,0.17,100.17,0.17,1001.7,1.7,10017.0,17.0,6.74,106.74,6.74,1067.4,67.4,10674.0,674.0,40.0,140.0,40.0,1400.0,400.0,14000.0,4000.0,UK PM Burnham uses policy blitz to buy time for tougher decisions,Investing.com,2026-08-01,0.178,SSE (LSE:SSE) Stock Fair Value Edges Lower After Mixed Analyst Target Changes,Simply Wall St.,2026-06-24,0.361,"UK, Japan to deepen ties with £18 billion investment agreement",Investing.com,2026-06-14,0.494,,,,,,,,,,
ENPH,Enphase Energy,Energy,clean-energy,NASDAQ,39.25,+0.64%,+2.32%,+8.07%,+16.30%,+4%,5.187,1.651,38.86,5.58,4175500,20648500,105478100,,19.63,buy,2.47,0.64,100.64,0.64,1006.4,6.4,10064.0,64.0,2.32,102.32,2.32,1023.2,23.2,10232.0,232.0,8.07,108.07,8.07,1080.7,80.7,10807.0,807.0,16.3,116.3,16.3,1163.0,163.0,11630.0,1630.0,4.0,104.0,4.0,1040.0,40.0,10400.0,400.0,Enphase (ENPH) is Preparing for the End of Dutch Net Metering. Will It Boost Batteries or Hurt Solar Demand?,Insider Monkey,2026-08-28,-0.296,Enphase Energy (ENPH) Starts Dutch Net Metering Outreach Program,Simply Wall St.,2026-08-28,0.494,The Bull Case For Enphase Energy (ENPH) Could Change Following Its New AI‑Driven Home Energy Platform,Simply Wall St.,2026-08-27,0.494,,,,,,,,,,
FSLR,First Solar,Energy,clean-energy,NASDAQ,210.1,+1.01%,-1.85%,+3.71%,-23.42%,+8%,22.58,1.746,12.95,2.3,1467200,7569400,57659500,,11.86,buy,1.97,1.01,101.01,1.01,1010.1,10.1,10101.0,101.0,-1.85,98.15,-1.85,981.5,-18.5,9815.0,-185.0,3.71,103.71,3.71,1037.1,37.1,10371.0,371.0,-23.42,76.58,-23.42,765.8,-234.2,7658.0,-2342.0,8.0,108.0,8.0,1080.0,80.0,10800.0,800.0,"Wall Street misread the solar tariffs, says climate finance expert",Investing.com,2026-08-27,-0.273,"Canadian Solar Q2 Loss Wider Than Estimates, Revenues Fall Y/Y",Zacks,2026-08-27,-0.318,"First Solar upgraded, Celsius downgraded: Wall Street's top analyst calls",The Fly,2026-08-27,0.202,,,,,,,,,,
BEPC,Brookfield Renewable Corp,Energy,clean-energy,NYSE,33.0,-0.45%,-1.32%,+1.41%,-15.70%,-2%,6.124,1.166,,1.66,934300,5515600,41534300,474.0,,none,,-0.45,99.55,-0.45,995.5,-4.5,9955.0,-45.0,-1.32,98.68,-1.32,986.8,-13.2,9868.0,-132.0,1.41,101.41,1.41,1014.1,14.1,10141.0,141.0,-15.7,84.3,-15.7,843.0,-157.0,8430.0,-1570.0,-2.0,98.0,-2.0,980.0,-20.0,9800.0,-200.0,2 Dividend Stocks Compounding Quietly While Oil Headlines Distract Everyone,Motley Fool,2026-08-25,-0.296,Why I'm Not Chasing NuScale -- Here's What I'm Buying Instead,Motley Fool,2026-08-11,0.0,Why Cameco's Ugly Earnings Miss Might Be Good News in Disguise,Motley Fool,2026-08-08,-0.459,,,,,,,,,,
DNNGY,Ørsted,Energy,clean-energy,NASDAQ,7.32,+0.69%,+6.71%,+2.09%,+9.83%,-28%,29.011,0.629,,0.11,80400,413400,2200100,,,strong_buy,1.0,0.69,100.69,0.69,1006.9,6.9,10069.0,69.0,6.71,106.71,6.71,1067.1,67.1,10671.0,671.0,2.09,102.09,2.09,1020.9,20.9,10209.0,209.0,9.83,109.83,9.83,1098.3,98.3,10983.0,983.0,-28.0,72.0,-28.0,720.0,-280.0,7200.0,-2800.0,Ørsted plans 2GW Dadu 2 offshore wind project in Taiwan,Energy Monitor,2026-08-20,0.0,Arenko’s software to operate Europe’s first battery co-located with offshore wind,Energy Global,2026-08-18,0.0,Orsted AS (DNNGY) (Q2 2026) Earnings Call Highlights: Strong H1 EBITDA and Strategic Progress ...,GuruFocus.com,2026-08-17,0.727,,,,,,,,,,
AAPL,Apple,MegaCap,big-tech,NASDAQ,315,+0.90%,+1.05%,-7.42%,+16.39%,+36%,4591.037,1.086,36.12,55.44,32364000,173808700,1137718600,34.0,0.8,buy,2.18,0.9,100.9,0.9,1009.0,9.0,10090.0,90.0,1.05,101.05,1.05,1010.5,10.5,10105.0,105.0,-7.42,92.58,-7.42,925.8,-74.2,9258.0,-742.0,16.39,116.39,16.39,1163.9,163.9,11639.0,1639.0,36.0,136.0,36.0,1360.0,360.0,13600.0,3600.0,Wearable AI devices are creating a whole new generation of privacy concerns,Yahoo Finance Video,2026-08-27,0.296,"Dividends could be the next big Nvidia stock catalyst, just like they were for Apple",Yahoo Finance,2026-08-27,0.361,Why Is Wall Street Doubting Google Stock?,Trefis,2026-08-27,-0.34,,,,,,,,,,
MSFT,Microsoft,MegaCap,big-tech,NASDAQ,505,+1.84%,+4.97%,+28.64%,+7.47%,+0%,3750.346,1.099,28.11,38.94,28649300,108668800,791366300,73.0,0.92,strong_buy,1.36,1.84,101.84,1.84,1018.4,18.4,10184.0,184.0,4.97,104.97,4.97,1049.7,49.7,10497.0,497.0,28.64,128.64,28.64,1286.4,286.4,12864.0,2864.0,7.47,107.47,7.47,1074.7,74.7,10747.0,747.0,0.0,100.0,0.0,1000.0,0.0,10000.0,0.0,Why Nvidia probably just lit a new fire under these once-hot trades,Yahoo Finance,2026-08-27,-0.34,"Dow Jones Futures Rise With Fed Chief Warsh Due; Nvidia, These 7 Stocks Are In Buy Zones",Investor's Business Daily,2026-08-28,0.0,"Michael Burry Thanks Tech Columnist’s Praise For Making ‘A Killing’ On NVDA, MSFT Calls Into Earnings",Stocktwits,2026-08-28,0.758,2,strong_buy,0.9,"MSFT ripped +26.61% in the past month to $492, with Azure crossing $100B annual revenue and Copilot at 30M paid seats; consensus price target of $569 implies 17% upside, supported by 54 buy ratings and zero sells.",+26.61% 1M; Azure $100B revenue; consensus PT $569; 54 buy/0 sell ratings,,,,,
NVDA,NVIDIA,MegaCap,big-tech,NASDAQ,228,+3.85%,+5.13%,+15.72%,+20.87%,+31%,5505.033,2.215,32.16,141.72,298231200,834496800,2912899400,47.0,1.23,strong_buy,1.28,3.85,103.85,3.85,1038.5,38.5,10385.0,385.0,5.13,105.13,5.13,1051.3,51.3,10513.0,513.0,15.72,115.72,15.72,1157.2,157.2,11572.0,1572.0,20.87,120.87,20.87,1208.7,208.7,12087.0,2087.0,31.0,131.0,31.0,1310.0,310.0,13100.0,3100.0,Just how big of a problem area is China for Nvidia?,Yahoo Finance Video,2026-08-27,-0.402,Nvidia says it's building an ecosystem that can't fail,Yahoo Finance,2026-08-27,0.431,Nvidia posted a blowout quarter. China remains a quagmire.,Yahoo Finance,2026-08-27,0.0,,,,,,,,,,
GOOGL,Alphabet,MegaCap,big-tech,NASDAQ,341,-0.58%,-0.01%,+2.08%,+8.23%,+60%,4166.127,1.237,17.08,31.88,23352300,111610300,596291500,26.0,1.24,strong_buy,1.36,-0.58,99.42,-0.58,994.2,-5.8,9942.0,-58.0,-0.01,99.99,-0.01,999.9,-0.1,9999.0,-1.0,2.08,102.08,2.08,1020.8,20.8,10208.0,208.0,8.23,108.23,8.23,1082.3,82.3,10823.0,823.0,60.0,160.0,60.0,1600.0,600.0,16000.0,6000.0,How tokenization benefits SpaceX stock 'without taking crypto risk',Yahoo Finance Video,2026-08-27,0.529,"Nvidia tops Q2 expectations on revenue of $96.2 billion, offers strong Q3 outlook",Yahoo Finance,2026-08-23,0.765,Can Marvell Technology (MRVL) Justify Its Price On AI Growth?,Simply Wall St.,2026-08-28,0.382,,,,,,,,,,
META,Meta Platforms,MegaCap,big-tech,NASDAQ,571,-1.38%,+4.63%,-3.76%,-12.04%,-23%,1454.881,1.243,21.5,18.55,15191500,83215500,405372900,36.0,1.27,strong_buy,1.35,-1.38,98.62,-1.38,986.2,-13.8,9862.0,-138.0,4.63,104.63,4.63,1046.3,46.3,10463.0,463.0,-3.76,96.24,-3.76,962.4,-37.6,9624.0,-376.0,-12.04,87.96,-12.04,879.6,-120.4,8796.0,-1204.0,-23.0,77.0,-23.0,770.0,-230.0,7700.0,-2300.0,Why Nvidia probably just lit a new fire under these once-hot trades,Yahoo Finance,2026-08-27,-0.34,Corporate America Cut Big Checks to Trump. Now CEOs Fear Subpoenas Are Coming.,The Wall Street Journal,2026-08-28,-0.649,Uber (UBER)’s $966 Million Fine: A Temporary Headwind or Bigger Regulatory Threat?,Insider Monkey,2026-08-28,-0.382,,,,,,,,,,
AMZN,Amazon,MegaCap,big-tech,NASDAQ,256,-2.16%,-1.48%,+11.00%,+13.14%,+12%,2764.101,1.454,20.6,49.16,35852900,146725000,1035526000,,0.97,strong_buy,1.32,-2.16,97.84,-2.16,978.4,-21.6,9784.0,-216.0,-1.48,98.52,-1.48,985.2,-14.8,9852.0,-148.0,11.0,111.0,11.0,1110.0,110.0,11100.0,1100.0,13.14,113.14,13.14,1131.4,131.4,11314.0,1314.0,12.0,112.0,12.0,1120.0,120.0,11200.0,1200.0,Just received a settlement? Here are 5 smart ways to use the money.,Yahoo Personal Finance,2026-08-27,0.402,Corporate America Cut Big Checks to Trump. Now CEOs Fear Subpoenas Are Coming.,The Wall Street Journal,2026-08-28,-0.649,Why Is Wall Street Doubting Google Stock?,Trefis,2026-08-27,-0.34,5,strong_buy,0.8,"AMZN is up +15.26% YTD and +12.82% in the past month, with a P/E of 21.02 and strong_buy analyst consensus; the stock benefits from AI infrastructure spending and cloud growth tailwinds.",+15.26% YTD; +12.82% 1M; P/E 21.02; strong_buy consensus,,,,,
TSLA,Tesla,MegaCap,big-tech,NASDAQ,355,+2.05%,+2.80%,+15.41%,-19.01%,+6%,1401.339,1.827,331.6,41.47,30062000,186866200,784455900,,1.96,buy,2.35,2.05,102.05,2.05,1020.5,20.5,10205.0,205.0,2.8,102.8,2.8,1028.0,28.0,10280.0,280.0,15.41,115.41,15.41,1154.1,154.1,11541.0,1541.0,-19.01,80.99,-19.01,809.9,-190.1,8099.0,-1901.0,6.0,106.0,6.0,1060.0,60.0,10600.0,600.0,Tesla Stock Sits Nearly 30% Below Its High and Still Trades at 330 Times Earnings,Motley Fool,2026-08-28,0.0,Optimus Just Entered Production at Fremont. Here's What Changes for Tesla Investors.,Motley Fool,2026-08-27,0.0,Cathie Wood’s ARK Just Dumped AMD Stock. What She’s Buying Instead.,Barrons.com,2026-08-27,-0.402,10,buy,0.5,"TSLA rallied +13.27% in the past month and +3.97% in the past week, despite a -20.05% YTD decline and high P/E of 321; momentum is driven by SpaceX data center launch and analyst buy consensus.",+13.27% 1M; +3.97% 1W; SpaceX catalyst; buy consensus,,,,,
NFLX,Netflix,MegaCap,big-tech,NASDAQ,80,-1.42%,-0.37%,+10.29%,-12.25%,-34%,332.449,1.514,25.67,42.5,27120400,124316400,734065900,,2.19,buy,1.76,-1.42,98.58,-1.42,985.8,-14.2,9858.0,-142.0,-0.37,99.63,-0.37,996.3,-3.7,9963.0,-37.0,10.29,110.29,10.29,1102.9,102.9,11029.0,1029.0,-12.25,87.75,-12.25,877.5,-122.5,8775.0,-1225.0,-34.0,66.0,-34.0,660.0,-340.0,6600.0,-3400.0,Why Is Wall Street Doubting Google Stock?,Trefis,2026-08-27,-0.34,Netflix (NFLX) Stock Falls Amid Market Uptick: What Investors Need to Know,Zacks,2026-08-27,0.0,NFLX Has Bounced From This Price Before. Now What?,Trefis,2026-08-27,0.0,4,buy,0.7,"NFLX gained +16.80% in the past month and +5.73% in the past week, with positive news sentiment of 0.371 and analyst consensus at buy; the stock is down 35% over 1 year but showing strong recovery momentum.",+16.80% 1M; +5.73% 1W; news sentiment 0.371; analyst buy consensus,,,,,
JPM,JPMorgan Chase,MegaCap,financials,NYSE,354,-0.75%,+0.76%,-0.86%,+10.38%,+18%,941.583,0.977,15.17,8.54,5209900,27810900,136125200,168.0,0.95,buy,2.12,-0.75,99.25,-0.75,992.5,-7.5,9925.0,-75.0,0.76,100.76,0.76,1007.6,7.6,10076.0,76.0,-0.86,99.14,-0.86,991.4,-8.6,9914.0,-86.0,10.38,110.38,10.38,1103.8,103.8,11038.0,1038.0,18.0,118.0,18.0,1180.0,180.0,11800.0,1800.0,JPMorgan (JPM) Stock Trades At A Fair Earnings Premium With A 27% Intrinsic Discount,Simply Wall St.,2026-08-28,0.318,Sector Update: Financial Stocks Softer Late Afternoon,MT Newswires,2026-08-27,0.0,JPMorgan Prices One Fed Formula at 61% of Quarterly Profit,GuruFocus.com,2026-08-27,0.44,,,,,,,,,,
BAC,Bank of America,MegaCap,financials,NYSE,61,-1.61%,-1.12%,-2.32%,+10.52%,+21%,427.746,1.168,14.13,33.8,49412500,156121000,642568400,206.0,,buy,1.54,-1.61,98.39,-1.61,983.9,-16.1,9839.0,-161.0,-1.12,98.88,-1.12,988.8,-11.2,9888.0,-112.0,-2.32,97.68,-2.32,976.8,-23.2,9768.0,-232.0,10.52,110.52,10.52,1105.2,105.2,11052.0,1052.0,21.0,121.0,21.0,1210.0,210.0,12100.0,2100.0,Bank Of America (BAC) Joins Clash Over Fed GSIB Capital Rule,Simply Wall St.,2026-08-28,0.0,BofA gives SpaceX investors wireless reality check,TheStreet,2026-08-28,0.0,Alibaba Raises $10 Billion for AI — Why BofA Is Looking Past the Dilution,Insider Monkey,2026-08-27,0.0,,,,,,,,,,
BRK-B,Berkshire Hathaway B,MegaCap,financials,NYSE,504,-0.11%,+1.38%,-1.69%,+1.38%,+0%,1078.276,0.607,12.69,4.76,6302000,20177700,99476700,,0.96,buy,2.0,-0.11,99.89,-0.11,998.9,-1.1,9989.0,-11.0,1.38,101.38,1.38,1013.8,13.8,10138.0,138.0,-1.69,98.31,-1.69,983.1,-16.9,9831.0,-169.0,1.38,101.38,1.38,1013.8,13.8,10138.0,138.0,0.0,100.0,0.0,1000.0,0.0,10000.0,0.0,"‘Rich Dad, Poor Dad’ Author Robert Kiyosaki Warns 401(k) and IRA Investors ‘We May Be on the Brink of Another 1929 Crash’ — Wishes You ‘Good Luck’",Benzinga,2026-08-28,-0.44,What a 1980s Client and 3 Shares of Berkshire Hathaway Taught This Merrill Veteran About Value,Barrons.com,2026-08-27,0.557,"Warren Buffett Gets Praise for Chairman’s Role, but Berkshire Stock Lags",Barrons.com,2026-08-27,-0.238,,,,,,,,,,
V,Visa,MegaCap,financials,NYSE,380,-0.56%,+3.81%,+3.76%,+10.23%,+8%,708.843,0.759,32.31,8.09,6641500,34638800,168847700,70.0,1.31,strong_buy,1.45,-0.56,99.44,-0.56,994.4,-5.6,9944.0,-56.0,3.81,103.81,3.81,1038.1,38.1,10381.0,381.0,3.76,103.76,3.76,1037.6,37.6,10376.0,376.0,10.23,110.23,10.23,1102.3,102.3,11023.0,1023.0,8.0,108.0,8.0,1080.0,80.0,10800.0,800.0,"Bill Ackman Just Made His Biggest Portfolio Overhaul in Years, Adding Netflix, Visa, and Mastercard to Pershing Square. What's the Thesis Behind the Switch?",Motley Fool,2026-08-28,0.0,Analysts' Top S&P 500 Stocks to Buy Now,Kiplinger,2026-08-27,0.202,Mastercard Restarts Syrian Payments After 15 Years--and Visa Arrives Too,GuruFocus.com,2026-08-27,0.0,,,,,,,,,,
MA,Mastercard,MegaCap,financials,NYSE,592,-0.74%,+3.12%,+5.15%,+5.59%,-1%,518.361,0.735,32.53,3.53,3193800,14998200,71964000,58.0,0.83,strong_buy,1.38,-0.74,99.26,-0.74,992.6,-7.4,9926.0,-74.0,3.12,103.12,3.12,1031.2,31.2,10312.0,312.0,5.15,105.15,5.15,1051.5,51.5,10515.0,515.0,5.59,105.59,5.59,1055.9,55.9,10559.0,559.0,-1.0,99.0,-1.0,990.0,-10.0,9900.0,-100.0,"Bill Ackman Just Made His Biggest Portfolio Overhaul in Years, Adding Netflix, Visa, and Mastercard to Pershing Square. What's the Thesis Behind the Switch?",Motley Fool,2026-08-28,0.0,Mastercard Restarts Syrian Payments After 15 Years--and Visa Arrives Too,GuruFocus.com,2026-08-27,0.0,Visa Reopens Syria With One Payment and No Monopoly,GuruFocus.com,2026-08-27,-0.296,,,,,,,,,,
GS,Goldman Sachs,MegaCap,financials,NYSE,1041,-0.30%,+3.88%,+0.73%,+14.94%,+40%,303.072,1.288,16.08,2.13,1712500,10429200,45110000,192.0,2.14,hold,2.6,-0.3,99.7,-0.3,997.0,-3.0,9970.0,-30.0,3.88,103.88,3.88,1038.8,38.8,10388.0,388.0,0.73,100.73,0.73,1007.3,7.3,10073.0,73.0,14.94,114.94,14.94,1149.4,149.4,11494.0,1494.0,40.0,140.0,40.0,1400.0,400.0,14000.0,4000.0,"Best CD rates today, Thursday, August 27, 2026: Lock in up to 4.30% APY with a 16-month or 18-month CD",Yahoo Personal Finance,2026-08-27,0.637,Sector Update: Financial Stocks Softer Late Afternoon,MT Newswires,2026-08-27,0.0,"Top Research Reports for Goldman Sachs, TotalEnergies & Prologis",Zacks,2026-08-27,0.202,,,,,,,,,,
BLK,BlackRock,MegaCap,financials,NYSE,1168,-0.50%,+2.43%,+6.38%,+8.81%,+4%,189.702,1.425,28.09,0.76,751300,2850300,13900800,195.0,1.19,buy,1.53,-0.5,99.5,-0.5,995.0,-5.0,9950.0,-50.0,2.43,102.43,2.43,1024.3,24.3,10243.0,243.0,6.38,106.38,6.38,1063.8,63.8,10638.0,638.0,8.81,108.81,8.81,1088.1,88.1,10881.0,881.0,4.0,104.0,4.0,1040.0,40.0,10400.0,400.0,"Bitcoin ETF inflows, crypto narratives begin to brighten amid win streak",Yahoo Finance Video,2026-08-27,0.772,Bitcoin-backed mortgages are now available on Coinbase: What homebuyer should know,Yahoo Finance Video,2026-08-27,0.0,Forget JEPQ: BlackRock’s Version Is Up 19% This Year While JEPQ Is Up 10%,24/7 Wall St.,2026-08-27,-0.226,8,buy,0.7,"BLK gained +10.78% in the past month and +9.66% YTD, with a P/E of 28.09 and buy analyst consensus; the asset manager benefits from rising AUM and AI-driven investment flows.",+10.78% 1M; +9.66% YTD; P/E 28.09; buy consensus,,,,,
LLY,Eli Lilly,MegaCap,healthcare,NYSE,1176,-1.17%,-5.49%,-3.51%,+9.39%,+61%,1048.777,0.506,40.0,2.92,2730600,12034100,65038300,58.0,0.74,buy,1.7,-1.17,98.83,-1.17,988.3,-11.7,9883.0,-117.0,-5.49,94.51,-5.49,945.1,-54.9,9451.0,-549.0,-3.51,96.49,-3.51,964.9,-35.1,9649.0,-351.0,9.39,109.39,9.39,1093.9,93.9,10939.0,939.0,61.0,161.0,61.0,1610.0,610.0,16100.0,6100.0,Amgen Stock Signals Its Confidence. The Market Agrees.,Trefis,2026-08-28,0.625,Slate Medicines Starts Migraine Treatment Study,Exec Edge,2026-08-27,0.0,Novo Nordisk files for oral weight loss pill approval in China,Quartz,2026-08-27,0.202,,,,,,,,,,
UNH,UnitedHealth Group,MegaCap,healthcare,NYSE,395,-1.42%,+2.65%,-7.87%,+19.02%,+27%,354.595,0.632,25.77,5.74,3668200,19443700,97081300,231.0,1.92,buy,1.56,-1.42,98.58,-1.42,985.8,-14.2,9858.0,-142.0,2.65,102.65,2.65,1026.5,26.5,10265.0,265.0,-7.87,92.13,-7.87,921.3,-78.7,9213.0,-787.0,19.02,119.02,19.02,1190.2,190.2,11902.0,1902.0,27.0,127.0,27.0,1270.0,270.0,12700.0,2700.0,Can a $68 Billion Payout Save UNH Stock?,Trefis,2026-08-27,0.494,Mark Cuban Backs Plan to Break Up Big Medicine,GuruFocus.com,2026-08-27,-0.052,Can Cigna's Smart Coverage Help Close Health-Cost Gaps?,Zacks,2026-08-27,0.66,,,,,,,,,,
JNJ,Johnson & Johnson,MegaCap,healthcare,NYSE,266,-1.56%,-0.11%,+0.13%,+30.24%,+50%,640.479,0.231,30.87,7.97,7306200,30830200,154829800,199.0,1.0,buy,1.91,-1.56,98.44,-1.56,984.4,-15.6,9844.0,-156.0,-0.11,99.89,-0.11,998.9,-1.1,9989.0,-11.0,0.13,100.13,0.13,1001.3,1.3,10013.0,13.0,30.24,130.24,30.24,1302.4,302.4,13024.0,3024.0,50.0,150.0,50.0,1500.0,500.0,15000.0,5000.0,Johnson & Johnson (JNJ)’s Imaavy Expands Into Rare Blood Disorder: What Investors Should Know,Insider Monkey,2026-08-28,-0.318,Amgen Stock Signals Its Confidence. The Market Agrees.,Trefis,2026-08-28,0.625,Can ISRG Stock Defend Its $131B Valuation?,Trefis,2026-08-28,0.0,,,,,,,,,,
ABBV,AbbVie,MegaCap,healthcare,NYSE,258,-1.45%,-1.41%,-1.92%,+15.24%,+23%,456.181,0.28,72.72,6.6,4761900,20778800,118684400,263.0,1.15,buy,1.68,-1.45,98.55,-1.45,985.5,-14.5,9855.0,-145.0,-1.41,98.59,-1.41,985.9,-14.1,9859.0,-141.0,-1.92,98.08,-1.92,980.8,-19.2,9808.0,-192.0,15.24,115.24,15.24,1152.4,152.4,11524.0,1524.0,23.0,123.0,23.0,1230.0,230.0,12300.0,2300.0,Amgen Stock Signals Its Confidence. The Market Agrees.,Trefis,2026-08-28,0.625,Slate Medicines Starts Migraine Treatment Study,Exec Edge,2026-08-27,0.0,Is Merck Stock Reaching A Valuation Ceiling At 6x Sales?,Trefis,2026-08-27,0.202,,,,,,,,,,
MRK,Merck,MegaCap,healthcare,NYSE,150,-1.98%,+0.37%,+13.44%,+42.54%,+78%,368.941,0.211,118.68,10.94,8522600,62163500,249708500,222.0,0.99,buy,1.75,-1.98,98.02,-1.98,980.2,-19.8,9802.0,-198.0,0.37,100.37,0.37,1003.7,3.7,10037.0,37.0,13.44,113.44,13.44,1134.4,134.4,11344.0,1344.0,42.54,142.54,42.54,1425.4,425.4,14254.0,4254.0,78.0,178.0,78.0,1780.0,780.0,17800.0,7800.0,Amgen Stock Signals Its Confidence. The Market Agrees.,Trefis,2026-08-28,0.625,Merck (MRK) Stock Looks Fully Priced After A 127% Run,Simply Wall St.,2026-08-28,0.0,Tempus AI (TEM) Jumped on Moderna’s Melanoma Win. Did its $1.5B Personalis Acquisition Just Get Validated?,Insider Monkey,2026-08-27,0.691,1,strong_buy,0.85,"MRK surged +49% YTD and +19.65% in the past month, hitting 52-week highs on strong momentum; P/E of 120 reflects premium for growth, but analyst consensus is buy with a low short interest of 0.99%.",+49% YTD; +19.65% 1M; 52-week high; low short interest 0.99%,,,,,
TMO,Thermo Fisher Scientific,MegaCap,healthcare,NYSE,631,-0.53%,+0.50%,+9.42%,+6.66%,+28%,233.2,0.847,33.96,2.13,1466900,8128300,42518900,30.0,1.28,buy,1.54,-0.53,99.47,-0.53,994.7,-5.3,9947.0,-53.0,0.5,100.5,0.5,1005.0,5.0,10050.0,50.0,9.42,109.42,9.42,1094.2,94.2,10942.0,942.0,6.66,106.66,6.66,1066.6,66.6,10666.0,666.0,28.0,128.0,28.0,1280.0,280.0,12800.0,2800.0,3 Unpopular Stocks We Find Risky,StockStory,2026-08-26,-0.202,Eli Lilly Is Pulling Away From the Rest of Healthcare,GuruFocus.com,2026-08-25,0.0,Is Avantor a Buy as Revival Progress Faces Persistent Margin Pressure?,Zacks,2026-08-25,0.153,6,buy,0.7,"TMO gained +12.26% in the past month and +6.64% in the past week, with a P/E of 33.79 and buy analyst consensus; the stock is recovering on life sciences demand and margin improvement expectations.",+12.26% 1M; +6.64% 1W; P/E 33.79; buy consensus,,,,,
ABT,Abbott Laboratories,MegaCap,healthcare,NYSE,112,-2.16%,-2.23%,+4.03%,-8.48%,-16%,193.093,0.581,36.95,11.74,8351700,38660100,187022200,221.0,1.32,buy,1.59,-2.16,97.84,-2.16,978.4,-21.6,9784.0,-216.0,-2.23,97.77,-2.23,977.7,-22.3,9777.0,-223.0,4.03,104.03,4.03,1040.3,40.3,10403.0,403.0,-8.48,91.52,-8.48,915.2,-84.8,9152.0,-848.0,-16.0,84.0,-16.0,840.0,-160.0,8400.0,-1600.0,FDA Approves Abbott's First Wearable Device for Dual Ketone and Glucose Tracking,Benzinga,2026-08-28,0.402,Abbott (ABT) Stock Sinks As Market Gains: Here's Why,Zacks,2026-08-27,0.34,The FDA Just Gave Abbott a Diabetes First. Is Its Beaten-Down Stock Ready to Wake Up?,24/7 Wall St.,2026-08-27,0.361,7,buy,0.65,"ABT rose +11.14% in the past month and +3.06% in the past week, with a dividend yield of 2.16% and buy analyst consensus; the stock is rebounding from a -11% 1-year decline on medical device demand.",+11.14% 1M; dividend yield 2.16%; buy consensus; medical device recovery,,,,,
PG,Procter & Gamble,MegaCap,consumer,NYSE,143,-0.95%,+0.12%,-3.86%,+3.20%,-9%,332.719,0.377,21.59,9.19,7806600,42028400,220124400,300.0,1.06,buy,2.2,-0.95,99.05,-0.95,990.5,-9.5,9905.0,-95.0,0.12,100.12,0.12,1001.2,1.2,10012.0,12.0,-3.86,96.14,-3.86,961.4,-38.6,9614.0,-386.0,3.2,103.2,3.2,1032.0,32.0,10320.0,320.0,-9.0,91.0,-9.0,910.0,-90.0,9100.0,-900.0,"This $1.75 Million Portfolio Pays $10,200 a Month From Three Income Buckets",24/7 Wall St.,2026-08-27,0.0,Build Monthly Income With These 3 Bulletproof Dividend Stocks,24/7 Wall St.,2026-08-27,0.0,"Procter & Gamble Has Raised Its Dividend for 70 Straight Years. Here's How Much $25,000 Invested Pays Annually.",Motley Fool,2026-08-27,0.226,,,,,,,,,,
KO,Coca-Cola,MegaCap,consumer,NYSE,89,-0.92%,-1.59%,+0.89%,+30.57%,+29%,383.185,0.342,26.74,17.73,13441700,72899200,360067900,235.0,0.92,buy,1.75,-0.92,99.08,-0.92,990.8,-9.2,9908.0,-92.0,-1.59,98.41,-1.59,984.1,-15.9,9841.0,-159.0,0.89,100.89,0.89,1008.9,8.9,10089.0,89.0,30.57,130.57,30.57,1305.7,305.7,13057.0,3057.0,29.0,129.0,29.0,1290.0,290.0,12900.0,2900.0,Coca-Cola (KO) Upgraded to Buy: Here's What You Should Know,Zacks,2026-08-27,0.0,"Greg Abel Has Kept 60% of Berkshire's $359 Billion Stock Portfolio in Just 5 Companies, Even After Eliminating 16 Other Positions in His First Quarter. Is That Concentration a Risk for Shareholders?",Motley Fool,2026-08-27,-0.273,Coca-Cola (KO) Up 1.1% Since Last Earnings Report: Can It Continue?,Zacks,2026-08-27,0.0,9,buy,0.7,"KO is up +34.35% YTD and +9.00% in the past month, with a dividend yield of 2.30% and buy analyst consensus; the stock benefits from consumer staples resilience and strong brand pricing power.",+34.35% YTD; +9.00% 1M; dividend yield 2.30%; buy consensus,,,,,
PEP,PepsiCo,MegaCap,consumer,NASDAQ,140,-1.61%,-1.66%,-2.20%,+0.16%,-6%,190.858,0.361,18.63,8.61,6241300,37637000,161980700,416.0,1.92,hold,2.67,-1.61,98.39,-1.61,983.9,-16.1,9839.0,-161.0,-1.66,98.34,-1.66,983.4,-16.6,9834.0,-166.0,-2.2,97.8,-2.2,978.0,-22.0,9780.0,-220.0,0.16,100.16,0.16,1001.6,1.6,10016.0,16.0,-6.0,94.0,-6.0,940.0,-60.0,9400.0,-600.0,"When Inflation Is Sticky, 5 Dividend Aristocrats Are the Stocks to Own Now and Forever",24/7 Wall St.,2026-08-27,0.0,Jim Cramer Says Falling Oil Prices Make PepsiCo His Next Stock Pick,BeInCrypto,2026-08-27,-0.153,Gatik Raises $200 Million as It Ramps Up Driverless Truck Fleet,Sourcing Journal,2026-08-26,0.0,,,,,,,,,,
MCD,McDonald's,MegaCap,consumer,NYSE,260,-2.51%,-3.37%,-4.75%,-13.18%,-17%,184.029,0.419,21.69,4.61,5963700,21230600,103736600,279.0,1.74,buy,2.06,-2.51,97.49,-2.51,974.9,-25.1,9749.0,-251.0,-3.37,96.63,-3.37,966.3,-33.7,9663.0,-337.0,-4.75,95.25,-4.75,952.5,-47.5,9525.0,-475.0,-13.18,86.82,-13.18,868.2,-131.8,8682.0,-1318.0,-17.0,83.0,-17.0,830.0,-170.0,8300.0,-1700.0,"Why Did NKE, NIO, MCD Stocks Plunge To 52-Week Lows Today?",Stocktwits,2026-08-28,-0.202,McDonald's vs. Domino's: Which Stock Has Better Growth Prospects?,Zacks,2026-08-27,0.772,"Wendy’s Sinks 13% as Trian Shelves Its Take-Private Bid, McDonald’s Slips",24/7 Wall St.,2026-08-27,0.0,,,,,,,,,,
NKE,Nike,MegaCap,consumer,NYSE,38,-0.74%,-4.40%,-10.71%,-38.30%,-50%,57.026,1.118,18.3,25.01,36459800,150136000,599575800,425.0,7.22,hold,2.56,-0.74,99.26,-0.74,992.6,-7.4,9926.0,-74.0,-4.4,95.6,-4.4,956.0,-44.0,9560.0,-440.0,-10.71,89.29,-10.71,892.9,-107.1,8929.0,-1071.0,-38.3,61.7,-38.3,617.0,-383.0,6170.0,-3830.0,-50.0,50.0,-50.0,500.0,-500.0,5000.0,-5000.0,"Why Did NKE, NIO, MCD Stocks Plunge To 52-Week Lows Today?",Stocktwits,2026-08-28,-0.202,Nike (NKE) Stock Looks Undervalued On Earnings But Fairly Valued On Cash Flow,Simply Wall St.,2026-08-27,0.593,lululemon Q2 Earnings Upcoming: Is It Likely to Surprise Investors?,Zacks,2026-08-27,0.273,,,,,,,,,,
WMT,Walmart,MegaCap,consumer,NYSE,103,-1.57%,-0.93%,-9.04%,-8.40%,+6%,816.738,0.605,37.05,25.01,29759100,165271500,628469200,95.0,1.42,buy,1.58,-1.57,98.43,-1.57,984.3,-15.7,9843.0,-157.0,-0.93,99.07,-0.93,990.7,-9.3,9907.0,-93.0,-9.04,90.96,-9.04,909.6,-90.4,9096.0,-904.0,-8.4,91.6,-8.4,916.0,-84.0,9160.0,-840.0,6.0,106.0,6.0,1060.0,60.0,10600.0,600.0,Walmart reveals its most important investment yet,TheStreet,2026-08-28,0.272,Gap Stock Jumps After Naming Retail Veteran to Helm Old Navy,The Wall Street Journal,2026-08-27,0.0,Analysts' Top S&P 500 Stocks to Buy Now,Kiplinger,2026-08-27,0.202,,,,,,,,,,
COST,Costco,MegaCap,consumer,NASDAQ,935,-2.13%,+0.12%,-3.30%,+9.86%,-1%,414.502,0.86,46.99,2.29,2239600,9391400,42242800,61.0,1.66,buy,2.0,-2.13,97.87,-2.13,978.7,-21.3,9787.0,-213.0,0.12,100.12,0.12,1001.2,1.2,10012.0,12.0,-3.3,96.7,-3.3,967.0,-33.0,9670.0,-330.0,9.86,109.86,9.86,1098.6,98.6,10986.0,986.0,-1.0,99.0,-1.0,990.0,-10.0,9900.0,-100.0,Costco (COST) Stock Drops Despite Market Gains: Important Facts to Note,Zacks,2026-08-27,-0.388,Walmart Just Dropped 10% in a Month. Is It Time to Sell?,24/7 Wall St.,2026-08-27,0.0,What Could Lift Walmart Stock Is Not On Its Shelves,Trefis,2026-08-27,0.0,,,,,,,,,,
XOM,ExxonMobil,MegaCap,energy-industrial,NYSE,156,-1.07%,-5.84%,+2.88%,+30.11%,+37%,643.267,0.173,20.13,15.83,14288500,71809000,329177400,260.0,1.0,buy,2.32,-1.07,98.93,-1.07,989.3,-10.7,9893.0,-107.0,-5.84,94.16,-5.84,941.6,-58.4,9416.0,-584.0,2.88,102.88,2.88,1028.8,28.8,10288.0,288.0,30.11,130.11,30.11,1301.1,301.1,13011.0,3011.0,37.0,137.0,37.0,1370.0,370.0,13700.0,3700.0,EPD vs. Exxon: Which Energy Dividend Should Retirees Trust?,24/7 Wall St.,2026-08-27,0.66,"PBR Q2 Earnings Beat on Record Output, but Can the Gains Persist?",Zacks,2026-08-27,0.477,"Targa Resources Extends Growth Runway With New Permian Projects, RBC Says",MT Newswires,2026-08-27,0.477,,,,,,,,,,
CVX,Chevron,MegaCap,energy-industrial,NYSE,200,-0.13%,-2.92%,+7.43%,+31.72%,+24%,391.869,0.488,19.23,8.5,8112300,36365200,183870400,356.0,0.81,buy,1.72,-0.13,99.87,-0.13,998.7,-1.3,9987.0,-13.0,-2.92,97.08,-2.92,970.8,-29.2,9708.0,-292.0,7.43,107.43,7.43,1074.3,74.3,10743.0,743.0,31.72,131.72,31.72,1317.2,317.2,13172.0,3172.0,24.0,124.0,24.0,1240.0,240.0,12400.0,2400.0,,,,,,,,,,,,,,,,,,,,,,
CAT,Caterpillar,MegaCap,energy-industrial,NYSE,817,-1.36%,+0.20%,-2.84%,+37.36%,+95%,375.554,1.605,35.12,3.24,1835400,10340500,67841800,79.0,1.57,buy,2.14,-1.36,98.64,-1.36,986.4,-13.6,9864.0,-136.0,0.2,100.2,0.2,1002.0,2.0,10020.0,20.0,-2.84,97.16,-2.84,971.6,-28.4,9716.0,-284.0,37.36,137.36,37.36,1373.6,373.6,13736.0,3736.0,95.0,195.0,95.0,1950.0,950.0,19500.0,9500.0,"Caterpillar (CAT)’s Dividend Case Is Stronger in 2026, But the Yield is Holding it Back",Insider Monkey,2026-08-28,0.202,2 Reasons to Like CAT and 1 to Stay Skeptical,StockStory,2026-08-27,0.052,Why Caterpillar (CAT) Might be Well Poised for a Surge,Zacks,2026-08-27,0.477,,,,,,,,,,
HON,Honeywell,MegaCap,energy-industrial,NASDAQ,220,+0.04%,+0.95%,-10.52%,+8.73%,+2%,69.85,0.918,8.47,4.28,2246600,13883300,69129400,127.0,1.66,buy,1.92,0.04,100.04,0.04,1000.4,0.4,10004.0,4.0,0.95,100.95,0.95,1009.5,9.5,10095.0,95.0,-10.52,89.48,-10.52,894.8,-105.2,8948.0,-1052.0,8.73,108.73,8.73,1087.3,87.3,10873.0,873.0,2.0,102.0,2.0,1020.0,20.0,10200.0,200.0,Solstice Scraps Element Deal and Launches $500 Million Buyback,Oilprice.com,2026-08-28,0.0,How Much Upside Can ETN Stock's Growth Deliver?,Trefis,2026-08-27,0.382,Why Is IonQ Stock Sinking?,Trefis,2026-08-27,0.0,,,,,,,,,,
GE,GE Aerospace,MegaCap,energy-industrial,NYSE,343,-3.47%,-0.55%,-5.74%,+7.14%,+25%,355.604,1.366,40.46,4.35,5090900,17472500,82642100,53.0,1.29,strong_buy,1.45,-3.47,96.53,-3.47,965.3,-34.7,9653.0,-347.0,-0.55,99.45,-0.55,994.5,-5.5,9945.0,-55.0,-5.74,94.26,-5.74,942.6,-57.4,9426.0,-574.0,7.14,107.14,7.14,1071.4,71.4,10714.0,714.0,25.0,125.0,25.0,1250.0,250.0,12500.0,2500.0,Archer Aviation vs. GE Aerospace: Which Industrials Stock Is a Better Buy in 2026?,Motley Fool,2026-08-27,0.44,General Industrial Machinery Stocks Q2 Results: Benchmarking GE Aerospace (NYSE:GE),StockStory,2026-08-27,0.0,Can GE Aerospace Boost Profit Margin Amid Cost Pressures?,Zacks,2026-08-27,0.511,,,,,,,,,,
RTX,RTX Corp,MegaCap,energy-industrial,NYSE,212,+0.65%,-0.10%,-2.65%,+14.49%,+34%,285.833,0.294,37.34,5.09,3847200,21163600,109823900,138.0,0.96,buy,1.87,0.65,100.65,0.65,1006.5,6.5,10065.0,65.0,-0.1,99.9,-0.1,999.0,-1.0,9990.0,-10.0,-2.65,97.35,-2.65,973.5,-26.5,9735.0,-265.0,14.49,114.49,14.49,1144.9,144.9,11449.0,1449.0,34.0,134.0,34.0,1340.0,340.0,13400.0,3400.0,Can GE Aerospace Boost Profit Margin Amid Cost Pressures?,Zacks,2026-08-27,0.511,Does Boeing Stock Have a Margin Problem Hiding in Plain Sight?,Trefis,2026-08-27,-0.599,Raytheon’s Missile Windfall: What the Navy’s Record Tomahawk Order Means for RTX Corporation (RTX),Insider Monkey,2026-08-26,0.0,,,,,,,,,,
BA,Boeing,MegaCap,energy-industrial,NYSE,210,-1.32%,-2.42%,-5.27%,-7.85%,-11%,165.891,1.221,75.5,5.82,4455700,27053600,135165200,,0.01,buy,1.54,-1.32,98.68,-1.32,986.8,-13.2,9868.0,-132.0,-2.42,97.58,-2.42,975.8,-24.2,9758.0,-242.0,-5.27,94.73,-5.27,947.3,-52.7,9473.0,-527.0,-7.85,92.15,-7.85,921.5,-78.5,9215.0,-785.0,-11.0,89.0,-11.0,890.0,-110.0,8900.0,-1100.0,"Boeing lands $131 billion deal, but Americans should read the fine print",TheStreet,2026-08-28,0.296,Boeing vs. Joby Aviation: Which Airplane Manufacturing Stock Promises High-Flying Profits?,Motley Fool,2026-08-27,0.67,Archer Aviation vs. Space Exploration Technologies: Which High Flying Stock Is a Better Buy in 2026?,Motley Fool,2026-08-27,0.586,,,,,,,,,,
AMD,Advanced Micro Devices,MegaCap,tech-semis,NASDAQ,477,-1.73%,+1.54%,+4.85%,+113.30%,+193%,778.152,2.489,120.98,27.79,16403600,80699200,565506700,,2.46,strong_buy,1.48,-1.73,98.27,-1.73,982.7,-17.3,9827.0,-173.0,1.54,101.54,1.54,1015.4,15.4,10154.0,154.0,4.85,104.85,4.85,1048.5,48.5,10485.0,485.0,113.3,213.3,113.3,2133.0,1133.0,21330.0,11330.0,193.0,293.0,193.0,2930.0,1930.0,29300.0,19300.0,"Stock Market Today, Aug. 27: Nvidia Surges on Blowout Results and Surprising Guidance",Motley Fool,2026-08-27,0.273,Cathie Wood’s ARK Just Dumped AMD Stock. What She’s Buying Instead.,Barrons.com,2026-08-27,-0.402,"NVIDIA Is Now Up 20% in a Month: Take Profits, or Buy More?",24/7 Wall St.,2026-08-27,0.44,,,,,,,,,,
QCOM,Qualcomm,MegaCap,tech-semis,NASDAQ,165,+0.05%,+2.51%,+1.17%,-3.77%,+3%,175.995,1.663,18.85,15.81,15065100,55998200,259757700,225.0,3.48,hold,2.57,0.05,100.05,0.05,1000.5,0.5,10005.0,5.0,2.51,102.51,2.51,1025.1,25.1,10251.0,251.0,1.17,101.17,1.17,1011.7,11.7,10117.0,117.0,-3.77,96.23,-3.77,962.3,-37.7,9623.0,-377.0,3.0,103.0,3.0,1030.0,30.0,10300.0,300.0,"Vietnam urges Qualcomm, Samsung to deepen AI, chip investment as it seeks tech upgrade",Reuters,2026-08-28,0.0,What Does Applied Materials (AMAT) Gain From Its New Board Appointment?,Simply Wall St.,2026-08-27,0.527,Google agrees to settle UK app developers' lawsuit for $353 million,Reuters,2026-08-27,-0.026,,,,,,,,,,
AVGO,Broadcom,MegaCap,tech-semis,NASDAQ,372,+2.60%,+2.06%,-2.46%,+7.27%,+25%,1767.631,1.473,61.82,26.21,21271000,96236500,457367700,73.0,1.2,strong_buy,1.33,2.6,102.6,2.6,1026.0,26.0,10260.0,260.0,2.06,102.06,2.06,1020.6,20.6,10206.0,206.0,-2.46,97.54,-2.46,975.4,-24.6,9754.0,-246.0,7.27,107.27,7.27,1072.7,72.7,10727.0,727.0,25.0,125.0,25.0,1250.0,250.0,12500.0,2500.0,"Amkor, FormFactor, Vishay Intertechnology, Allegro MicroSystems, and Intel Shares Skyrocket, What You Need To Know",StockStory,2026-08-28,0.296,"Impinj and Broadcom Shares Skyrocket, What You Need To Know",StockStory,2026-08-28,0.296,Analysts' Top S&P 500 Stocks to Buy Now,Kiplinger,2026-08-27,0.202,,,,,,,,,,
TSM,Taiwan Semiconductor,MegaCap,tech-semis,NYSE,427,+0.56%,+2.72%,+8.92%,+34.38%,+85%,2216.18,1.258,31.14,13.46,12730200,46822100,263328500,104.0,0.62,strong_buy,1.42,0.56,100.56,0.56,1005.6,5.6,10056.0,56.0,2.72,102.72,2.72,1027.2,27.2,10272.0,272.0,8.92,108.92,8.92,1089.2,89.2,10892.0,892.0,34.38,134.38,34.38,1343.8,343.8,13438.0,3438.0,85.0,185.0,85.0,1850.0,850.0,18500.0,8500.0,Morgan Stanley reveals Cisco's quiet edge over rivals,TheStreet,2026-08-27,0.0,Forget SMH and Its 87% Year: Three Semiconductor Funds Did Much Better,24/7 Wall St.,2026-08-27,-0.258,"Amkor 'Underappreciated Beneficiary' of Advanced Semiconductor Packaging, BofA Says",MT Newswires,2026-08-27,0.625,,,,,,,,,,
ASML,ASML Holding,MegaCap,tech-semis,NASDAQ,1735,-2.80%,-0.87%,+9.61%,+49.80%,+134%,666.417,1.365,58.46,1.85,1027200,4884000,31753400,52.0,0.35,strong_buy,1.41,-2.8,97.2,-2.8,972.0,-28.0,9720.0,-280.0,-0.87,99.13,-0.87,991.3,-8.7,9913.0,-87.0,9.61,109.61,9.61,1096.1,96.1,10961.0,961.0,49.8,149.8,49.8,1498.0,498.0,14980.0,4980.0,134.0,234.0,134.0,2340.0,1340.0,23400.0,13400.0,How Your Portfolio Can Benefit from Memory Chip Shortages,etf.com,2026-08-27,0.34,ASML Reverses as 38.62% Valuation Premium Tests AI Optimism,GuruFocus.com,2026-08-27,0.542,Not Sandisk. Not Micron. This AI Semiconductor Powerhouse Could Be the Biggest Winner of the Memory Boom,Motley Fool,2026-08-27,0.586,,,,,,,,,,
ARM,Arm Holdings,MegaCap,tech-semis,NASDAQ,255,-2.91%,+1.79%,+4.28%,+122.44%,+85%,272.564,3.909,260.42,7.83,4869000,19439500,117188700,,12.57,buy,1.95,-2.91,97.09,-2.91,970.9,-29.1,9709.0,-291.0,1.79,101.79,1.79,1017.9,17.9,10179.0,179.0,4.28,104.28,4.28,1042.8,42.8,10428.0,428.0,122.44,222.44,122.44,2224.4,1224.4,22244.0,12244.0,85.0,185.0,85.0,1850.0,850.0,18500.0,8500.0,AMD Stock Upgraded To Strong Buy. Here's Why.,Investor's Business Daily,2026-08-25,0.511,Arm Rises 2.8% as $272 Target Prices the CPU Tollbooth,GuruFocus.com,2026-08-25,0.0,AMD Stock Gets a ‘Strong Buy’ Upgrade: Why It Could Outperform Nvidia,Barrons.com,2026-08-25,0.0,,,,,,,,,,
INTC,Intel,MegaCap,tech-semis,NASDAQ,92,+2.39%,-0.04%,+6.71%,+133.85%,+278%,486.797,2.241,,118.69,100251700,446431800,2510159400,,2.57,hold,2.52,2.39,102.39,2.39,1023.9,23.9,10239.0,239.0,-0.04,99.96,-0.04,999.6,-0.4,9996.0,-4.0,6.71,106.71,6.71,1067.1,67.1,10671.0,671.0,133.85,233.85,133.85,2338.5,1338.5,23385.0,13385.0,278.0,378.0,278.0,3780.0,2780.0,37800.0,27800.0,Tech stocks today: Tech stocks gain after Nvidia tops Q2 expectations,Yahoo Finance,2026-08-24,0.772,"Amkor, FormFactor, Vishay Intertechnology, Allegro MicroSystems, and Intel Shares Skyrocket, What You Need To Know",StockStory,2026-08-28,0.296,"Impinj and Broadcom Shares Skyrocket, What You Need To Know",StockStory,2026-08-28,0.296,,,,,,,,,,
2222.SR,Saudi Aramco,MegaCap,global-growth,TADAWUL,6.95,-0.31%,-1.14%,-0.46%,+13.52%,+10%,1681.658,0.009,15.44,9.68,8198665,39806259,204712233,520.0,,buy,2.11,-0.31,99.69,-0.31,996.9,-3.1,9969.0,-31.0,-1.14,98.86,-1.14,988.6,-11.4,9886.0,-114.0,-0.46,99.54,-0.46,995.4,-4.6,9954.0,-46.0,13.52,113.52,13.52,1135.2,135.2,11352.0,1352.0,10.0,110.0,10.0,1100.0,100.0,11000.0,1000.0,Aramco Finds a New Way to Keep Saudi Crude Flowing to China,Oilprice.com,2026-08-26,-0.572,Saudi Aramco offers more oil outside Strait of Hormuz - report,Investing.com,2026-08-26,0.0,$30 Trillion Dream: Can Anthropic Sell the Biggest IPO Ever?,BeInCrypto,2026-08-25,0.25,,,,,,,,,,
BABA,Alibaba Group,MegaCap,global-growth,NYSE,116,-3.56%,-10.89%,+0.97%,-24.63%,-14%,289.103,0.51,26.37,12.79,14342700,99459900,292502200,88.0,1.78,strong_buy,1.32,-3.56,96.44,-3.56,964.4,-35.6,9644.0,-356.0,-10.89,89.11,-10.89,891.1,-108.9,8911.0,-1089.0,0.97,100.97,0.97,1009.7,9.7,10097.0,97.0,-24.63,75.37,-24.63,753.7,-246.3,7537.0,-2463.0,-14.0,86.0,-14.0,860.0,-140.0,8600.0,-1400.0,Alibaba (BABA) Q1 2027 Earnings Call Transcript,Motley Fool,2026-08-28,0.0,Alibaba Raises $10 Billion for AI — Why BofA Is Looking Past the Dilution,Insider Monkey,2026-08-27,0.0,"China E-Commerce Stocks Sink While Baidu Climbs 4%: Alibaba Falls 4%, PDD Holdings Declines 3%",24/7 Wall St.,2026-08-27,0.0,,,,,,,,,,
SAP,SAP SE,MegaCap,global-growth,NYSE,221,+2.85%,+1.88%,+23.44%,-5.03%,-19%,255.275,0.757,28.39,2.98,3292900,11661600,65500600,138.0,0.7,buy,1.56,2.85,102.85,2.85,1028.5,28.5,10285.0,285.0,1.88,101.88,1.88,1018.8,18.8,10188.0,188.0,23.44,123.44,23.44,1234.4,234.4,12344.0,2344.0,-5.03,94.97,-5.03,949.7,-50.3,9497.0,-503.0,-19.0,81.0,-19.0,810.0,-190.0,8100.0,-1900.0,Accenture To Acquire McCoy To Beef Up Its Mid-market Business,Sourcing Journal,2026-08-27,0.0,SAP Jumps 5% as Salesforce Breaks Software's AI Panic,GuruFocus.com,2026-08-27,-0.511,Why Is Commvault (CVLT) Up 11.6% Since Last Earnings Report?,Zacks,2026-08-27,0.0,3,buy,0.75,"SAP rallied +26.85% in the past month as cloud backlog grew 27% to €22.9B and cloud revenue rose 22%; despite a -21% 1-year return, the stock is rebounding on upgraded guidance for 23-25% cloud growth in 2026.",+26.85% 1M; cloud backlog €22.9B; cloud revenue +22%; upgraded guidance,,,,,
SONY,Sony Group,MegaCap,global-growth,NYSE,24,-0.74%,+2.08%,+5.99%,-6.99%,-13%,140.901,0.759,20.57,5.22,4155600,17463000,118645600,66.0,0.18,none,,-0.74,99.26,-0.74,992.6,-7.4,9926.0,-74.0,2.08,102.08,2.08,1020.8,20.8,10208.0,208.0,5.99,105.99,5.99,1059.9,59.9,10599.0,599.0,-6.99,93.01,-6.99,930.1,-69.9,9301.0,-699.0,-13.0,87.0,-13.0,870.0,-130.0,8700.0,-1300.0,'End of an era': Players lament decline of the disc at Gamescom,AFP,2026-08-28,-0.459,Sony Group (SONY) and Taiwan Semiconductor (TSM) Are Betting $4.7 Billion on the “Eyes” of AI Machines,Insider Monkey,2026-08-26,0.0,Sony and VITEC Join Forces to Transform IPTV and Digital Signage,Zacks,2026-08-26,0.296,,,,,,,,,,
TM,Toyota Motor,MegaCap,global-growth,NYSE,192,-0.52%,-0.12%,+3.06%,-11.87%,-1%,227.363,0.335,8.69,0.48,310500,1551100,8633400,327.0,0.08,none,,-0.52,99.48,-0.52,994.8,-5.2,9948.0,-52.0,-0.12,99.88,-0.12,998.8,-1.2,9988.0,-12.0,3.06,103.06,3.06,1030.6,30.6,10306.0,306.0,-11.87,88.13,-11.87,881.3,-118.7,8813.0,-1187.0,-1.0,99.0,-1.0,990.0,-10.0,9900.0,-100.0,Toyota Makes Unusual Self-Driving Move for 2028,GuruFocus.com,2026-08-27,0.0,Hyundai makes big bet on the US with new EV push,Yahoo Finance Video,2026-08-26,0.0,"Hyundai to build more cars in the US, betting big on new hybrids and trucks, CEO says",Yahoo Finance,2026-08-26,0.0,,,,,,,,,,
NVO,Novo Nordisk,MegaCap,global-growth,NYSE,46,-2.10%,+0.26%,-8.06%,-7.29%,-18%,204.517,0.349,11.28,12.39,12989900,57981300,324945400,381.0,1.07,hold,2.57,-2.1,97.9,-2.1,979.0,-21.0,9790.0,-210.0,0.26,100.26,0.26,1002.6,2.6,10026.0,26.0,-8.06,91.94,-8.06,919.4,-80.6,9194.0,-806.0,-7.29,92.71,-7.29,927.1,-72.9,9271.0,-729.0,-18.0,82.0,-18.0,820.0,-180.0,8200.0,-1800.0,Novo Nordisk (NVO) Stock May Be Cheap As GLP 1 Legal Risks Shift,Simply Wall St.,2026-08-27,-0.153,Novo Sends Oral Wegovy Into China's GLP-1 Race Behind Lilly,GuruFocus.com,2026-08-27,0.0,Novo Nordisk Could Be 54% Undervalued On Obesity Drug Setbacks,Simply Wall St.,2026-08-27,0.0,,,,,,,,,,
HSBC,HSBC Holdings,MegaCap,global-growth,NYSE,103,-0.82%,+0.51%,-0.34%,+32.81%,+60%,352.454,0.577,14.69,1.41,1033200,5451100,28123900,362.0,,none,,-0.82,99.18,-0.82,991.8,-8.2,9918.0,-82.0,0.51,100.51,0.51,1005.1,5.1,10051.0,51.0,-0.34,99.66,-0.34,996.6,-3.4,9966.0,-34.0,32.81,132.81,32.81,1328.1,328.1,13281.0,3281.0,60.0,160.0,60.0,1600.0,600.0,16000.0,6000.0,How much higher can rates go before stocks feel the pain?,Investing.com,2026-08-27,-0.511,Grupo Financiero Galicia Q2 Earnings Call Highlights,MarketBeat,2026-08-26,0.0,US Long Bonds Risk Deeper Selloff Without Clear Warsh Guidance,Bloomberg,2026-08-23,-0.508,,,,,,,,,,
AAPL,Apple,Tech,mega-cap,NASDAQ,314.58,+0.90%,+1.05%,-7.42%,+16.39%,+36%,4591.037,1.086,36.12,55.44,32364000,173808700,1137718600,34.0,0.8,buy,2.18,0.9,100.9,0.9,1009.0,9.0,10090.0,90.0,1.05,101.05,1.05,1010.5,10.5,10105.0,105.0,-7.42,92.58,-7.42,925.8,-74.2,9258.0,-742.0,16.39,116.39,16.39,1163.9,163.9,11639.0,1639.0,36.0,136.0,36.0,1360.0,360.0,13600.0,3600.0,Wearable AI devices are creating a whole new generation of privacy concerns,Yahoo Finance Video,2026-08-27,0.296,"Dividends could be the next big Nvidia stock catalyst, just like they were for Apple",Yahoo Finance,2026-08-27,0.361,Why Is Wall Street Doubting Google Stock?,Trefis,2026-08-27,-0.34,,,,,,,,,,
MSFT,Microsoft,Tech,mega-cap,NASDAQ,505.06,+1.84%,+4.97%,+28.64%,+7.47%,+0%,3750.347,1.099,28.11,38.94,28649300,108668800,791366300,73.0,0.92,strong_buy,1.36,1.84,101.84,1.84,1018.4,18.4,10184.0,184.0,4.97,104.97,4.97,1049.7,49.7,10497.0,497.0,28.64,128.64,28.64,1286.4,286.4,12864.0,2864.0,7.47,107.47,7.47,1074.7,74.7,10747.0,747.0,0.0,100.0,0.0,1000.0,0.0,10000.0,0.0,Why Nvidia probably just lit a new fire under these once-hot trades,Yahoo Finance,2026-08-27,-0.34,"Dow Jones Futures Rise With Fed Chief Warsh Due; Nvidia, These 7 Stocks Are In Buy Zones",Investor's Business Daily,2026-08-28,0.0,"Michael Burry Thanks Tech Columnist’s Praise For Making ‘A Killing’ On NVDA, MSFT Calls Into Earnings",Stocktwits,2026-08-28,0.758,1,strong_buy,0.85,"Azure crossed $100B in revenue with 43% growth, Q1 FY2027 guidance calls for 45% constant-currency growth, and $678B commercial backlog provides exceptional forward visibility. [247wallst.com](https://247wallst.com/investing/2026/08/25/microsoft-just-ripped-28-in-a-month-what-would-it-take-to-get-msft-stock-up-to-600/)","Azure 43% growth, $100B run-rate; $678B commercial backlog (+84% YoY); 13.4x forward P/E vs peer group; 54/57 analyst bullish (strong_buy/buy)",,,,,
GOOGL,Alphabet (Google),Tech,mega-cap,NASDAQ,340.65,-0.58%,-0.01%,+2.08%,+8.23%,+60%,4166.127,1.237,17.08,31.88,23352300,111610300,596291500,26.0,1.24,strong_buy,1.36,-0.58,99.42,-0.58,994.2,-5.8,9942.0,-58.0,-0.01,99.99,-0.01,999.9,-0.1,9999.0,-1.0,2.08,102.08,2.08,1020.8,20.8,10208.0,208.0,8.23,108.23,8.23,1082.3,82.3,10823.0,823.0,60.0,160.0,60.0,1600.0,600.0,16000.0,6000.0,How tokenization benefits SpaceX stock 'without taking crypto risk',Yahoo Finance Video,2026-08-27,0.529,"Nvidia tops Q2 expectations on revenue of $96.2 billion, offers strong Q3 outlook",Yahoo Finance,2026-08-23,0.765,Can Marvell Technology (MRVL) Justify Its Price On AI Growth?,Simply Wall St.,2026-08-28,0.382,,,,,,,,,,
AMZN,Amazon,Tech,mega-cap,NASDAQ,256.26,-2.16%,-1.48%,+11.00%,+13.14%,+12%,2764.101,1.454,20.6,49.16,35852900,146725000,1035526000,,0.97,strong_buy,1.32,-2.16,97.84,-2.16,978.4,-21.6,9784.0,-216.0,-1.48,98.52,-1.48,985.2,-14.8,9852.0,-148.0,11.0,111.0,11.0,1110.0,110.0,11100.0,1100.0,13.14,113.14,13.14,1131.4,131.4,11314.0,1314.0,12.0,112.0,12.0,1120.0,120.0,11200.0,1200.0,Just received a settlement? Here are 5 smart ways to use the money.,Yahoo Personal Finance,2026-08-27,0.402,Corporate America Cut Big Checks to Trump. Now CEOs Fear Subpoenas Are Coming.,The Wall Street Journal,2026-08-28,-0.649,Why Is Wall Street Doubting Google Stock?,Trefis,2026-08-27,-0.34,,,,,,,,,,
META,Meta Platforms,Tech,mega-cap,NASDAQ,571.1,-1.38%,+4.63%,-3.76%,-12.04%,-23%,1454.881,1.243,21.5,18.55,15191500,83215500,405372900,36.0,1.27,strong_buy,1.35,-1.38,98.62,-1.38,986.2,-13.8,9862.0,-138.0,4.63,104.63,4.63,1046.3,46.3,10463.0,463.0,-3.76,96.24,-3.76,962.4,-37.6,9624.0,-376.0,-12.04,87.96,-12.04,879.6,-120.4,8796.0,-1204.0,-23.0,77.0,-23.0,770.0,-230.0,7700.0,-2300.0,Why Nvidia probably just lit a new fire under these once-hot trades,Yahoo Finance,2026-08-27,-0.34,Corporate America Cut Big Checks to Trump. Now CEOs Fear Subpoenas Are Coming.,The Wall Street Journal,2026-08-28,-0.649,Uber (UBER)’s $966 Million Fine: A Temporary Headwind or Bigger Regulatory Threat?,Insider Monkey,2026-08-28,-0.382,,,,,,,,,,
NVDA,NVIDIA,Tech,semiconductors,NASDAQ,227.98,+3.85%,+5.13%,+15.72%,+20.87%,+31%,5505.033,2.215,32.16,141.72,298231200,834496800,2912899400,47.0,1.23,strong_buy,1.28,3.85,103.85,3.85,1038.5,38.5,10385.0,385.0,5.13,105.13,5.13,1051.3,51.3,10513.0,513.0,15.72,115.72,15.72,1157.2,157.2,11572.0,1572.0,20.87,120.87,20.87,1208.7,208.7,12087.0,2087.0,31.0,131.0,31.0,1310.0,310.0,13100.0,3100.0,Just how big of a problem area is China for Nvidia?,Yahoo Finance Video,2026-08-27,-0.402,Nvidia says it's building an ecosystem that can't fail,Yahoo Finance,2026-08-27,0.431,Nvidia posted a blowout quarter. China remains a quagmire.,Yahoo Finance,2026-08-27,0.0,,,,,,,,,,
AMD,Advanced Micro Devices,Tech,semiconductors,NASDAQ,476.67,-1.73%,+1.54%,+4.85%,+113.30%,+193%,778.152,2.489,120.98,27.79,16403600,80699200,565506700,,2.46,strong_buy,1.48,-1.73,98.27,-1.73,982.7,-17.3,9827.0,-173.0,1.54,101.54,1.54,1015.4,15.4,10154.0,154.0,4.85,104.85,4.85,1048.5,48.5,10485.0,485.0,113.3,213.3,113.3,2133.0,1133.0,21330.0,11330.0,193.0,293.0,193.0,2930.0,1930.0,29300.0,19300.0,"Stock Market Today, Aug. 27: Nvidia Surges on Blowout Results and Surprising Guidance",Motley Fool,2026-08-27,0.273,Cathie Wood’s ARK Just Dumped AMD Stock. What She’s Buying Instead.,Barrons.com,2026-08-27,-0.402,"NVIDIA Is Now Up 20% in a Month: Take Profits, or Buy More?",24/7 Wall St.,2026-08-27,0.44,,,,,,,,,,
INTC,Intel,Tech,semiconductors,NASDAQ,92.09,+2.39%,-0.04%,+6.71%,+133.85%,+278%,486.797,2.241,,118.69,100251700,446431800,2510159400,,2.57,hold,2.52,2.39,102.39,2.39,1023.9,23.9,10239.0,239.0,-0.04,99.96,-0.04,999.6,-0.4,9996.0,-4.0,6.71,106.71,6.71,1067.1,67.1,10671.0,671.0,133.85,233.85,133.85,2338.5,1338.5,23385.0,13385.0,278.0,378.0,278.0,3780.0,2780.0,37800.0,27800.0,Tech stocks today: Tech stocks gain after Nvidia tops Q2 expectations,Yahoo Finance,2026-08-24,0.772,"Amkor, FormFactor, Vishay Intertechnology, Allegro MicroSystems, and Intel Shares Skyrocket, What You Need To Know",StockStory,2026-08-28,0.296,"Impinj and Broadcom Shares Skyrocket, What You Need To Know",StockStory,2026-08-28,0.296,,,,,,,,,,
TSM,Taiwan Semiconductor,Tech,semiconductors,NYSE,427.3,+0.56%,+2.72%,+8.92%,+34.38%,+85%,2216.18,1.258,31.86,13.46,12730200,46822100,263328500,104.0,0.62,strong_buy,1.42,0.56,100.56,0.56,1005.6,5.6,10056.0,56.0,2.72,102.72,2.72,1027.2,27.2,10272.0,272.0,8.92,108.92,8.92,1089.2,89.2,10892.0,892.0,34.38,134.38,34.38,1343.8,343.8,13438.0,3438.0,85.0,185.0,85.0,1850.0,850.0,18500.0,8500.0,Morgan Stanley reveals Cisco's quiet edge over rivals,TheStreet,2026-08-27,0.0,Forget SMH and Its 87% Year: Three Semiconductor Funds Did Much Better,24/7 Wall St.,2026-08-27,-0.258,"Amkor 'Underappreciated Beneficiary' of Advanced Semiconductor Packaging, BofA Says",MT Newswires,2026-08-27,0.625,,,,,,,,,,
AVGO,Broadcom,Tech,semiconductors,NASDAQ,371.54,+2.60%,+2.06%,-2.46%,+7.27%,+25%,1767.631,1.473,61.82,26.21,21271000,96236500,457367700,73.0,1.2,strong_buy,1.33,2.6,102.6,2.6,1026.0,26.0,10260.0,260.0,2.06,102.06,2.06,1020.6,20.6,10206.0,206.0,-2.46,97.54,-2.46,975.4,-24.6,9754.0,-246.0,7.27,107.27,7.27,1072.7,72.7,10727.0,727.0,25.0,125.0,25.0,1250.0,250.0,12500.0,2500.0,"Amkor, FormFactor, Vishay Intertechnology, Allegro MicroSystems, and Intel Shares Skyrocket, What You Need To Know",StockStory,2026-08-28,0.296,"Impinj and Broadcom Shares Skyrocket, What You Need To Know",StockStory,2026-08-28,0.296,Analysts' Top S&P 500 Stocks to Buy Now,Kiplinger,2026-08-27,0.202,,,,,,,,,,
QCOM,Qualcomm,Tech,semiconductors,NASDAQ,164.78,+0.05%,+2.51%,+1.17%,-3.77%,+3%,175.995,1.663,18.85,15.81,15065100,55998200,259757700,225.0,3.48,hold,2.57,0.05,100.05,0.05,1000.5,0.5,10005.0,5.0,2.51,102.51,2.51,1025.1,25.1,10251.0,251.0,1.17,101.17,1.17,1011.7,11.7,10117.0,117.0,-3.77,96.23,-3.77,962.3,-37.7,9623.0,-377.0,3.0,103.0,3.0,1030.0,30.0,10300.0,300.0,"Vietnam urges Qualcomm, Samsung to deepen AI, chip investment as it seeks tech upgrade",Reuters,2026-08-28,0.0,What Does Applied Materials (AMAT) Gain From Its New Board Appointment?,Simply Wall St.,2026-08-27,0.527,Google agrees to settle UK app developers' lawsuit for $353 million,Reuters,2026-08-27,-0.026,,,,,,,,,,
ARM,Arm Holdings,Tech,semiconductors,NASDAQ,255.21,-2.91%,+1.79%,+4.28%,+122.44%,+85%,272.564,3.909,260.42,7.83,4869000,19439500,117188700,,12.57,buy,1.95,-2.91,97.09,-2.91,970.9,-29.1,9709.0,-291.0,1.79,101.79,1.79,1017.9,17.9,10179.0,179.0,4.28,104.28,4.28,1042.8,42.8,10428.0,428.0,122.44,222.44,122.44,2224.4,1224.4,22244.0,12244.0,85.0,185.0,85.0,1850.0,850.0,18500.0,8500.0,AMD Stock Upgraded To Strong Buy. Here's Why.,Investor's Business Daily,2026-08-25,0.511,Arm Rises 2.8% as $272 Target Prices the CPU Tollbooth,GuruFocus.com,2026-08-25,0.0,AMD Stock Gets a ‘Strong Buy’ Upgrade: Why It Could Outperform Nvidia,Barrons.com,2026-08-25,0.0,,,,,,,,,,
ASML,ASML Holding,Tech,semiconductors,NASDAQ,1735.01,-2.80%,-0.87%,+9.61%,+49.80%,+134%,666.418,1.365,58.46,1.85,1027200,4884000,31753400,52.0,0.35,strong_buy,1.41,-2.8,97.2,-2.8,972.0,-28.0,9720.0,-280.0,-0.87,99.13,-0.87,991.3,-8.7,9913.0,-87.0,9.61,109.61,9.61,1096.1,96.1,10961.0,961.0,49.8,149.8,49.8,1498.0,498.0,14980.0,4980.0,134.0,234.0,134.0,2340.0,1340.0,23400.0,13400.0,How Your Portfolio Can Benefit from Memory Chip Shortages,etf.com,2026-08-27,0.34,ASML Reverses as 38.62% Valuation Premium Tests AI Optimism,GuruFocus.com,2026-08-27,0.542,Not Sandisk. Not Micron. This AI Semiconductor Powerhouse Could Be the Biggest Winner of the Memory Boom,Motley Fool,2026-08-27,0.586,,,,,,,,,,
MU,Micron Technology,Tech,semiconductors,NASDAQ,935.39,-3.96%,-4.00%,+14.00%,+196.72%,+686%,,2.213,21.16,45.96,28691600,118412500,833568500,6.0,2.66,strong_buy,1.36,-3.96,96.04,-3.96,960.4,-39.6,9604.0,-396.0,-4.0,96.0,-4.0,960.0,-40.0,9600.0,-400.0,14.0,114.0,14.0,1140.0,140.0,11400.0,1400.0,196.72,296.72,196.72,2967.2,1967.2,29672.0,19672.0,686.0,786.0,686.0,7860.0,6860.0,78600.0,68600.0,Why Nvidia probably just lit a new fire under these once-hot trades,Yahoo Finance,2026-08-27,-0.34,"Amkor, FormFactor, Vishay Intertechnology, Allegro MicroSystems, and Intel Shares Skyrocket, What You Need To Know",StockStory,2026-08-28,0.296,"Impinj and Broadcom Shares Skyrocket, What You Need To Know",StockStory,2026-08-28,0.296,,,,,,,,,,
AMAT,Applied Materials,Tech,semiconductors,NASDAQ,482.36,-1.76%,-2.79%,+1.35%,+80.04%,+200%,382.799,1.618,41.55,9.6,6285600,31455300,178123700,44.0,1.5,strong_buy,1.46,-1.76,98.24,-1.76,982.4,-17.6,9824.0,-176.0,-2.79,97.21,-2.79,972.1,-27.9,9721.0,-279.0,1.35,101.35,1.35,1013.5,13.5,10135.0,135.0,80.04,180.04,80.04,1800.4,800.4,18004.0,8004.0,200.0,300.0,200.0,3000.0,2000.0,30000.0,20000.0,"How Investors Are Reacting To Applied Materials (AMAT) AI-Fueled Backlog, New Fabs And EPIC Center Bet",Simply Wall St.,2026-08-27,0.0,What Does Applied Materials (AMAT) Gain From Its New Board Appointment?,Simply Wall St.,2026-08-27,0.527,The AI Buildout Is Turning Applied Materials (AMAT) Into A Profit Machine,Insider Monkey,2026-08-27,0.44,,,,,,,,,,
ORCL,Oracle,Tech,enterprise-software,NYSE,151.94,+0.38%,+6.95%,+26.66%,-21.62%,-33%,437.659,1.718,25.49,32.47,30148300,95697400,620902800,134.0,2.78,buy,1.59,0.38,100.38,0.38,1003.8,3.8,10038.0,38.0,6.95,106.95,6.95,1069.5,69.5,10695.0,695.0,26.66,126.66,26.66,1266.6,266.6,12666.0,2666.0,-21.62,78.38,-21.62,783.8,-216.2,7838.0,-2162.0,-33.0,67.0,-33.0,670.0,-330.0,6700.0,-3300.0,Nvidia's relationship with SpaceX is deepening,Yahoo Finance,2026-08-27,0.0,C3.ai vs. Oracle: Which Artificial Intelligence Stock Is a Better Investment in 2026?,Motley Fool,2026-08-27,0.718,How Much Track Is Left For SNOW Stock?,Trefis,2026-08-27,0.0,3,buy,0.75,"RPO of $638B (+363% YoY), OCI revenue grew 93% with 97.5% GPU utilization, yet trades at just 18x forward P/E and 0.83 PEG — extreme value asymmetry. [narrative-news.com](https://narrative-news.com/asymmetry-is-the-reason-i-will-not-stop-buying-oracle/)",$638B RPO (+363% YoY); OCI cloud +93% revenue growth; Forward P/E 18 vs 31% CAGR; 4yr OCI ramp guidance $18B→$144B,,,,,
CRM,Salesforce,Tech,enterprise-software,NYSE,252.05,+8.49%,+22.69%,+38.87%,-0.11%,-2%,207.437,1.152,23.08,15.29,55465200,99701500,328697500,86.0,3.74,buy,1.7,8.49,108.49,8.49,1084.9,84.9,10849.0,849.0,22.69,122.69,22.69,1226.9,226.9,12269.0,2269.0,38.87,138.87,38.87,1388.7,388.7,13887.0,3887.0,-0.11,99.89,-0.11,998.9,-1.1,9989.0,-11.0,-2.0,98.0,-2.0,980.0,-20.0,9800.0,-200.0,Tech investors are looking at AI with 'more nuance' as it fuels software demand,Yahoo Finance Video,2026-08-27,-0.128,AI Winner or Victim? Inside Salesforce's Q2 earnings,Yahoo Finance Video,2026-08-27,0.402,"Dow Jones Futures Rise With Fed Chief Warsh Due; Nvidia, These 7 Stocks Are In Buy Zones",Investor's Business Daily,2026-08-28,0.0,9,buy,0.6,"Stock rebounded 18.5% in a month, P/E 24.2 is reasonable, though analyst score is higher (less bullish) at 1.7 and news sentiment mildly negative -0.058.",+18.49% 1-month momentum; P/E 24.2x reasonable; Recent rebound from -16% 1Y; Enterprise AI adoption still early,,,,,
ADBE,Adobe,Tech,enterprise-software,NASDAQ,289.15,+4.38%,+6.22%,+16.04%,-13.25%,-19%,114.937,1.397,16.55,6.41,6521600,21225800,111716100,,5.06,hold,2.73,4.38,104.38,4.38,1043.8,43.8,10438.0,438.0,6.22,106.22,6.22,1062.2,62.2,10622.0,622.0,16.04,116.04,16.04,1160.4,160.4,11604.0,1604.0,-13.25,86.75,-13.25,867.5,-132.5,8675.0,-1325.0,-19.0,81.0,-19.0,810.0,-190.0,8100.0,-1900.0,Here are the companies leading the software comeback against OpenAI and Anthropic,Yahoo Finance Video,2026-08-27,0.0,Figma Stock Price Prediction: Wall Street’s $30 Target May Be Too Low,24/7 Wall St.,2026-08-27,-0.273,Software and Chip Stocks Surge in AI-Fueled Earnings Blowout,The Wall Street Journal,2026-08-27,0.0,,,,,,,,,,
NOW,ServiceNow,Tech,enterprise-software,NYSE,138.43,+6.45%,+6.69%,+25.14%,-6.12%,-25%,143.117,0.93,86.52,24.64,27762900,74919200,460321200,,2.83,strong_buy,1.43,6.45,106.45,6.45,1064.5,64.5,10645.0,645.0,6.69,106.69,6.69,1066.9,66.9,10669.0,669.0,25.14,125.14,25.14,1251.4,251.4,12514.0,2514.0,-6.12,93.88,-6.12,938.8,-61.2,9388.0,-612.0,-25.0,75.0,-25.0,750.0,-250.0,7500.0,-2500.0,"Dow Jones Futures Rise With Fed Chief Warsh Due; Nvidia, These 7 Stocks Are In Buy Zones",Investor's Business Daily,2026-08-28,0.0,"ServiceNow Says AI Is Driving Growth, Not Budget Pressure",MarketBeat,2026-08-28,0.54,3 Software Stocks Recently Raising Guidance,Zacks,2026-08-27,0.0,4,strong_buy,0.8,"Stock ripped 29% in the past month, analyst consensus is strong_buy with low score 1.43, positive news sentiment 0.198, and beta below 1.0 providing downside resilience.",+20.31% 1-month momentum; Strong_buy consensus 1.43; Low beta 0.93; Positive news sentiment 0.198,,,,,
SNOW,Snowflake,Tech,enterprise-software,NYSE,329.11,+1.89%,+2.43%,+21.73%,+51.87%,+38%,114.07,1.315,,6.14,4067800,18747900,109290600,,5.56,buy,1.51,1.89,101.89,1.89,1018.9,18.9,10189.0,189.0,2.43,102.43,2.43,1024.3,24.3,10243.0,243.0,21.73,121.73,21.73,1217.3,217.3,12173.0,2173.0,51.87,151.87,51.87,1518.7,518.7,15187.0,5187.0,38.0,138.0,38.0,1380.0,380.0,13800.0,3800.0,How Much Track Is Left For SNOW Stock?,Trefis,2026-08-27,0.0,"8-27-2026: Nvidia Surge, Oil Relief + Jackson Hole in Focus",NYSE,2026-08-27,0.477,This 1 Number Proves Why You Should Buy Palantir on Every Dip,24/7 Wall St.,2026-08-27,0.077,7,buy,0.65,"Up 46% YTD and 16% in past month, highest news sentiment in category at 0.263, CEO messaging on trusted data for enterprise AI differentiates the platform.",+46.29% YTD return; +16.16% 1-month momentum; Highest news sentiment 0.263; Enterprise AI data positioning,,,,,
INTU,Intuit,Tech,enterprise-software,NASDAQ,348.0,-0.06%,-3.83%,+11.19%,-44.20%,-48%,95.191,0.959,21.14,4.93,4748400,29979800,97341900,139.0,3.84,buy,2.0,-0.06,99.94,-0.06,999.4,-0.6,9994.0,-6.0,-3.83,96.17,-3.83,961.7,-38.3,9617.0,-383.0,11.19,111.19,11.19,1111.9,111.9,11119.0,1119.0,-44.2,55.8,-44.2,558.0,-442.0,5580.0,-4420.0,-48.0,52.0,-48.0,520.0,-480.0,5200.0,-4800.0,Intuit (INTU) is Lowering TurboTax Revenue per User to Win Customers. Can the Strategy Restore Double-Digit Growth?,Insider Monkey,2026-08-28,0.765,INTU Q2 Deep Dive: AI Strategy and Customer Acquisition Take Center Stage,StockStory,2026-08-27,0.0,Intuit faces AI-driven growth pressure as BofA cuts rating to Neutral,Investing.com,2026-08-27,-0.202,10,buy,0.55,"Stock +17.6% in a month despite -3.36% daily drop on soft guidance, fundamental P/E of 22.6 is attractive at scale, dividend yield 1.3% adds support.",+17.62% 1-month momentum; P/E 22.6x for earnings stability; Dividend yield 1.3%; Buy analyst consensus despite guide-down,,,,,
CRWD,CrowdStrike,Tech,cybersecurity,NASDAQ,227.96,+9.02%,+19.76%,+25.39%,+101.03%,+115%,233.416,1.234,3256.57,10.84,23398800,60811800,199028200,,2.41,buy,1.7,9.02,109.02,9.02,1090.2,90.2,10902.0,902.0,19.76,119.76,19.76,1197.6,197.6,11976.0,1976.0,25.39,125.39,25.39,1253.9,253.9,12539.0,2539.0,101.03,201.03,101.03,2010.3,1010.3,20103.0,10103.0,115.0,215.0,115.0,2150.0,1150.0,21500.0,11500.0,Tech investors are looking at AI with 'more nuance' as it fuels software demand,Yahoo Finance Video,2026-08-27,-0.128,"Dow Jones Futures Rise With Fed Chief Warsh Due; Nvidia, These 7 Stocks Are In Buy Zones",Investor's Business Daily,2026-08-28,0.0,"Palo Alto Networks (PANW) Stock Trades Up, Here Is Why",StockStory,2026-08-28,0.0,,,,,,,,,,
PANW,Palo Alto Networks,Tech,cybersecurity,NASDAQ,382.85,+7.85%,+9.52%,+20.02%,+113.44%,+101%,312.023,0.893,294.5,7.22,7298300,27214500,129906100,,2.77,buy,1.64,7.85,107.85,7.85,1078.5,78.5,10785.0,785.0,9.52,109.52,9.52,1095.2,95.2,10952.0,952.0,20.02,120.02,20.02,1200.2,200.2,12002.0,2002.0,113.44,213.44,113.44,2134.4,1134.4,21344.0,11344.0,101.0,201.0,101.0,2010.0,1010.0,20100.0,10100.0,"Palo Alto Networks (PANW) Stock Trades Up, Here Is Why",StockStory,2026-08-28,0.0,CrowdStrike vs. Okta: Which Cybersecurity Stock Is the Better Buy After Q2 Earnings?,Zacks,2026-08-27,0.44,Palo Alto Networks’ Platform Strategy Supports a Bullish Q4 Outlook,Barchart,2026-08-27,0.361,,,,,,,,,,
NET,Cloudflare,Tech,cybersecurity,NYSE,308.23,+5.67%,+10.51%,+16.71%,+57.24%,+48%,109.754,1.66,,3.71,4251800,14832400,91613100,,2.61,buy,1.88,5.67,105.67,5.67,1056.7,56.7,10567.0,567.0,10.51,110.51,10.51,1105.1,105.1,11051.0,1051.0,16.71,116.71,16.71,1167.1,167.1,11671.0,1671.0,57.24,157.24,57.24,1572.4,572.4,15724.0,5724.0,48.0,148.0,48.0,1480.0,480.0,14800.0,4800.0,Why Is JFrog (FROG) Stock Rocketing Higher Today,StockStory,2026-08-28,0.0,Cathie Wood Sends a $20 Million Signal on Broadcom Stock,GuruFocus.com,2026-08-27,0.0,Major tech companies call for defensive surge to defeat AI-driven hacks,Reuters,2026-08-27,-0.44,,,,,,,,,,
FTNT,Fortinet,Tech,cybersecurity,NASDAQ,172.78,+8.06%,+14.58%,+15.20%,+121.85%,+119%,126.771,1.058,60.84,5.75,6902800,20830000,120803800,,2.34,none,,8.06,108.06,8.06,1080.6,80.6,10806.0,806.0,14.58,114.58,14.58,1145.8,145.8,11458.0,1458.0,15.2,115.2,15.2,1152.0,152.0,11520.0,1520.0,121.85,221.85,121.85,2218.5,1218.5,22185.0,12185.0,119.0,219.0,119.0,2190.0,1190.0,21900.0,11900.0,"Dow Jones Futures Rise With Fed Chief Warsh Due; Nvidia, These 7 Stocks Are In Buy Zones",Investor's Business Daily,2026-08-28,0.0,CrowdStrike vs. Okta: Which Cybersecurity Stock Is the Better Buy After Q2 Earnings?,Zacks,2026-08-27,0.44,How Fortinet Federal’s New CMMC Level 2 Certification At Fortinet (FTNT) Has Changed Its Investment Story,Simply Wall St.,2026-08-27,0.0,,,,,,,,,,
NFLX,Netflix,Tech,consumer-platform,NASDAQ,79.84,-1.42%,-0.37%,+10.29%,-12.25%,-34%,332.449,1.514,25.67,42.5,27120400,124316400,734065900,,2.19,buy,1.76,-1.42,98.58,-1.42,985.8,-14.2,9858.0,-142.0,-0.37,99.63,-0.37,996.3,-3.7,9963.0,-37.0,10.29,110.29,10.29,1102.9,102.9,11029.0,1029.0,-12.25,87.75,-12.25,877.5,-122.5,8775.0,-1225.0,-34.0,66.0,-34.0,660.0,-340.0,6600.0,-3400.0,Why Is Wall Street Doubting Google Stock?,Trefis,2026-08-27,-0.34,Netflix (NFLX) Stock Falls Amid Market Uptick: What Investors Need to Know,Zacks,2026-08-27,0.0,NFLX Has Bounced From This Price Before. Now What?,Trefis,2026-08-27,0.0,5,buy,0.7,"Stock up nearly 17% in a month, P/E of 25 is reasonable for a dominant streaming platform, strong news sentiment of 0.371, and reports of adding rival streamers to compete with YouTube/Roku.",+16.80% 1-month momentum; P/E 25.2x reasonable; Highest news sentiment 0.371; Possible new distribution deals,,,,,
SHOP,Shopify,Tech,consumer-platform,NYSE,154.33,+2.54%,+4.86%,+18.46%,-1.83%,+9%,200.268,2.59,102.21,9.11,6705200,29246400,238643800,,1.28,buy,1.7,2.54,102.54,2.54,1025.4,25.4,10254.0,254.0,4.86,104.86,4.86,1048.6,48.6,10486.0,486.0,18.46,118.46,18.46,1184.6,184.6,11846.0,1846.0,-1.83,98.17,-1.83,981.7,-18.3,9817.0,-183.0,9.0,109.0,9.0,1090.0,90.0,10900.0,900.0,Affirm Stock Jumps After Earnings. This Key Number Crushed Estimates.,Barrons.com,2026-08-27,-0.361,PayPal Stock's Biggest Risk Shows Up In Its Take Rate,Trefis,2026-08-27,-0.273,Major tech companies call for defensive surge to defeat AI-driven hacks,Reuters,2026-08-27,-0.44,6,buy,0.65,"One-month momentum +21.28%, strong news sentiment 0.212, and YTD decline of -2.11% leaves room for mean reversion despite high P/E of 101.",+21.28% 1-month momentum; Strong news sentiment 0.212; YTD -2.11% gives relative value; E-commerce growth driver,,,,,
SPOT,Spotify,Tech,consumer-platform,NYSE,527.25,-4.29%,-1.10%,+3.07%,-8.30%,-23%,108.394,1.581,28.36,1.86,1759500,7143600,47276000,,3.12,buy,1.56,-4.29,95.71,-4.29,957.1,-42.9,9571.0,-429.0,-1.1,98.9,-1.1,989.0,-11.0,9890.0,-110.0,3.07,103.07,3.07,1030.7,30.7,10307.0,307.0,-8.3,91.7,-8.3,917.0,-83.0,9170.0,-830.0,-23.0,77.0,-23.0,770.0,-230.0,7700.0,-2300.0,Could Netflix Stock Double From Here? The Numbers Are Getting Interesting.,24/7 Wall St.,2026-08-21,0.402,"Top Stock Reports for Salesforce, Seagate Technology & AT&T",Zacks,2026-08-20,0.202,SPOT Gains 12.5% in a Month as Growth Strength Meets Valuation Risk,Zacks,2026-08-20,0.727,,,,,,,,,,
UBER,Uber,Tech,consumer-platform,NYSE,76.95,-2.10%,-2.04%,+8.78%,-7.13%,-18%,157.175,1.154,16.88,20.17,14357100,67918200,434046500,,2.36,buy,1.52,-2.1,97.9,-2.1,979.0,-21.0,9790.0,-210.0,-2.04,97.96,-2.04,979.6,-20.4,9796.0,-204.0,8.78,108.78,8.78,1087.8,87.8,10878.0,878.0,-7.13,92.87,-7.13,928.7,-71.3,9287.0,-713.0,-18.0,82.0,-18.0,820.0,-180.0,8200.0,-1800.0,Jim Cramer recommends another beaten-down market giant,TheStreet,2026-08-28,0.226,Uber (UBER)’s $966 Million Fine: A Temporary Headwind or Bigger Regulatory Threat?,Insider Monkey,2026-08-28,-0.382,Uber's AI Usage Jumped 9.4x Without Sending Costs Higher,GuruFocus.com,2026-08-27,0.0,8,buy,0.6,"1-month +17.85%, P/E of 17.4 is the lowest among consumer-platform peers, cleared key California legal hurdle that was a major overhang.",+17.85% 1-month momentum; Lowest P/E 17.4 in group; California legal headway; Buy consensus rating,,,,,
CSCO,Cisco Systems,Tech,hardware-infra,NASDAQ,112.15,-0.13%,+2.34%,-2.97%,+48.84%,+62%,442.032,1.002,33.68,23.26,13534000,66704200,492873200,150.0,1.5,buy,1.85,-0.13,99.87,-0.13,998.7,-1.3,9987.0,-13.0,2.34,102.34,2.34,1023.4,23.4,10234.0,234.0,-2.97,97.03,-2.97,970.3,-29.7,9703.0,-297.0,48.84,148.84,48.84,1488.4,488.4,14884.0,4884.0,62.0,162.0,62.0,1620.0,620.0,16200.0,6200.0,Morgan Stanley reveals Cisco's quiet edge over rivals,TheStreet,2026-08-27,0.0,Nvidia's AI Chips Are Making Liquid Cooling the New Standard as Cisco Expands Its AI Bet,Benzinga,2026-08-27,0.103,"Dan Ives Says the AI Trade Is Only in the ""Third Inning."" Should Investors Stay Long AI Stocks?",Motley Fool,2026-08-27,0.0,,,,,,,,,,
PLTR,Palantir Technologies,Tech,hardware-infra,NASDAQ,185.93,+4.37%,+6.88%,+50.51%,+10.76%,+19%,446.801,1.563,158.91,42.92,40651900,169326300,1044369500,,3.18,buy,1.81,4.37,104.37,4.37,1043.7,43.7,10437.0,437.0,6.88,106.88,6.88,1068.8,68.8,10688.0,688.0,50.51,150.51,50.51,1505.1,505.1,15051.0,5051.0,10.76,110.76,10.76,1107.6,107.6,11076.0,1076.0,19.0,119.0,19.0,1190.0,190.0,11900.0,1900.0,"Dow Jones Futures Rise With Fed Chief Warsh Due; Nvidia, These 7 Stocks Are In Buy Zones",Investor's Business Daily,2026-08-28,0.0,Corporate America Cut Big Checks to Trump. Now CEOs Fear Subpoenas Are Coming.,The Wall Street Journal,2026-08-28,-0.649,3 Software Stocks Recently Raising Guidance,Zacks,2026-08-27,0.0,2,strong_buy,0.8,"Q2 US commercial revenue surged 149% YoY, record $2.13B TCV bookings (+153% YoY), and AIP demand driving 93% total revenue growth with expanding margins. [barchart.com](https://www.barchart.com/story/news/4024825/palantir-stock-has-surged-over-40-in-a-month-whats-fueling-the-rally-and-what-comes-next)",US commercial rev +149% YoY; Record Q2 TCV bookings $2.13B; Adj FCF record $1.22B (+115% YoY); FY2026 rev guidance raised to ~$8.15B,,,,,
