ticker,company_name,sector,category,exchange,price_usd,change_1d,change_1w,change_1m,change_ytd,return_1yr,market_cap_usd_b,beta,pe_ratio,avg_volume_m,vol_1d,vol_1w,vol_1m,div_yield_pct,short_pct,analyst,analyst_score,pct_1d,val_100_1d,profit_100_1d,val_1000_1d,profit_1000_1d,val_10000_1d,profit_10000_1d,pct_1w,val_100_1w,profit_100_1w,val_1000_1w,profit_1000_1w,val_10000_1w,profit_10000_1w,pct_1m,val_100_1m,profit_100_1m,val_1000_1m,profit_1000_1m,val_10000_1m,profit_10000_1m,pct_ytd,val_100_ytd,profit_100_ytd,val_1000_ytd,profit_1000_ytd,val_10000_ytd,profit_10000_ytd,pct_1y,val_100_1y,profit_100_1y,val_1000_1y,profit_1000_1y,val_10000_1y,profit_10000_1y,news1_title,news1_publisher,news1_date,news1_sentiment,news2_title,news2_publisher,news2_date,news2_sentiment,news3_title,news3_publisher,news3_date,news3_sentiment,signal_rank,signal,signal_confidence,signal_rationale,signal_drivers,portfolio_held,portfolio_quantity,portfolio_avg_price,portfolio_ppl,portfolio_total_value
SNDK,SanDisk Corporation,AI,memory,NASDAQ,1660.46,-2.67%,-4.01%,-4.46%,+503.28%,+1309%,243.123,,22.51,13.06,6521635,36486135,184818435,,6.03,buy,1.52,-2.67,97.33,-2.67,973.3,-26.7,9733.0,-267.0,-4.01,95.99,-4.01,959.9,-40.1,9599.0,-401.0,-4.46,95.54,-4.46,955.4,-44.6,9554.0,-446.0,503.28,603.28,503.28,6032.8,5032.8,60328.0,50328.0,1309.0,1409.0,1309.0,14090.0,13090.0,140900.0,130900.0,,,,,,,,,,,,,1,strong_buy,1.0,"+525.82% YTD, P/E 23.35, analyst Buy, short interest 6.03%. Recent catalysts include Citi reiterating Buy with $2,100 PT and ascending triangle pattern targeting $2,000+ [fool.com](https://www.fool.com/investing/2026/10/05/why-sandisk-stock-rocked-the-market-last-month/).","+525.82% YTD; P/E 23.35; analyst Buy; Citi $2,100 PT",,,,,
WDC,Western Digital,AI,memory,NASDAQ,411.04,-7.00%,-9.36%,-13.88%,+119.22%,+268%,148.197,2.169,15.27,7.55,14021199,63208999,174516999,14.0,5.38,buy,1.54,-7.0,93.0,-7.0,930.0,-70.0,9300.0,-700.0,-9.36,90.64,-9.36,906.4,-93.6,9064.0,-936.0,-13.88,86.12,-13.88,861.2,-138.8,8612.0,-1388.0,119.22,219.22,119.22,2192.2,1192.2,21922.0,11922.0,268.0,368.0,268.0,3680.0,2680.0,36800.0,26800.0,,,,,,,,,,,,,,,,,,,,,,
285A,Kioxia Holdings,AI,memory,TSE,118.38,-2.04%,+4.78%,-5.59%,+395.20%,+872%,189.109,,18.57,112.57,33122300,202992800,1342394000,,,buy,1.56,-2.04,97.96,-2.04,979.6,-20.4,9796.0,-204.0,4.78,104.78,4.78,1047.8,47.8,10478.0,478.0,-5.59,94.41,-5.59,944.1,-55.9,9441.0,-559.0,395.2,495.2,395.2,4952.0,3952.0,49520.0,39520.0,872.0,972.0,872.0,9720.0,8720.0,97200.0,87200.0,,,,,,,,,,,,,,,,,,,,,,
MU,Micron Technology,AI,memory,NASDAQ,1045.56,-1.77%,-1.83%,+4.53%,+231.67%,+473%,1180.848,2.226,14.07,33.51,21725080,144162880,532140180,6.0,2.45,strong_buy,1.37,-1.77,98.23,-1.77,982.3,-17.7,9823.0,-177.0,-1.83,98.17,-1.83,981.7,-18.3,9817.0,-183.0,4.53,104.53,4.53,1045.3,45.3,10453.0,453.0,231.67,331.67,231.67,3316.7,2316.7,33167.0,23167.0,473.0,573.0,473.0,5730.0,4730.0,57300.0,47300.0,,,,,,,,,,,,,2,strong_buy,0.8,"+238.01% YTD, P/E 14.34, analyst Strong Buy, 1M +6.53%. Low P/E and strong analyst consensus support continued upside.",+238.01% YTD; P/E 14.34; Strong Buy consensus; 1M +6.53%,,,,,
STX,Seagate Technology,AI,memory,NASDAQ,805.63,-9.37%,-11.80%,-10.85%,+181.09%,+294%,183.194,2.081,57.96,4.58,7274920,31999120,96205720,33.0,4.59,strong_buy,1.44,-9.37,90.63,-9.37,906.3,-93.7,9063.0,-937.0,-11.8,88.2,-11.8,882.0,-118.0,8820.0,-1180.0,-10.85,89.15,-10.85,891.5,-108.5,8915.0,-1085.0,181.09,281.09,181.09,2810.9,1810.9,28109.0,18109.0,294.0,394.0,294.0,3940.0,2940.0,39400.0,29400.0,,,,,,,,,,,,,,,,,,,,,,
MRVL,Marvell Technology,AI,memory,NASDAQ,287.01,+5.25%,+9.02%,+27.33%,+221.55%,+212%,257.937,2.26,94.41,22.07,51208061,111018461,396759261,9.0,4.18,strong_buy,1.43,5.25,105.25,5.25,1052.5,52.5,10525.0,525.0,9.02,109.02,9.02,1090.2,90.2,10902.0,902.0,27.33,127.33,27.33,1273.3,273.3,12733.0,2733.0,221.55,321.55,221.55,3215.5,2215.5,32155.0,22155.0,212.0,312.0,212.0,3120.0,2120.0,31200.0,21200.0,,,,,,,,,,,,,3,strong_buy,1.0,"+204.87% YTD, 1M +20.72%, analyst Strong Buy, P/E 89.51. Exceptional momentum and top-tier analyst rating.",+204.87% YTD; 1M +20.72%; Strong Buy; P/E 89.51,,,,,
P,Everpure,AI,memory,NYSE,147.2,+1.56%,+13.19%,+45.54%,+113.30%,+64%,49.051,1.396,201.64,4.49,3579612,21218212,160787912,,2.88,buy,1.55,1.56,101.56,1.56,1015.6,15.6,10156.0,156.0,13.19,113.19,13.19,1131.9,131.9,11319.0,1319.0,45.54,145.54,45.54,1455.4,455.4,14554.0,4554.0,113.3,213.3,113.3,2133.0,1133.0,21330.0,11330.0,64.0,164.0,64.0,1640.0,640.0,16400.0,6400.0,,,,,,,,,,,,,10,buy,0.551,"+106.61% YTD, 1M +40.98%, analyst Buy, P/E 195.32. Very strong recent momentum but elevated P/E warrants caution.",+106.61% YTD; 1M +40.98%; Buy rating; P/E 195.32,,,,,
RR.,Rolls-Royce Holdings,AI,nuclear-ops,LSE,19.08,-2.69%,-2.46%,-3.53%,+20.16%,+28%,1.571,1.272,39.95,18.19,5398647,58782366,332738599,81.0,,buy,1.6,-2.69,97.31,-2.69,973.1,-26.9,9731.0,-269.0,-2.46,97.54,-2.46,975.4,-24.6,9754.0,-246.0,-3.53,96.47,-3.53,964.7,-35.3,9647.0,-353.0,20.16,120.16,20.16,1201.6,201.6,12016.0,2016.0,28.0,128.0,28.0,1280.0,280.0,12800.0,2800.0,,,,,,,,,,,,,,,,,,,,,,
CEG,Constellation Energy,AI,nuclear-ops,NASDAQ,300.4,+11.68%,+13.54%,+0.45%,-17.62%,-25%,106.433,1.129,29.36,2.8,13476624,29325124,75316324,64.0,3.7,buy,1.55,11.68,111.68,11.68,1116.8,116.8,11168.0,1168.0,13.54,113.54,13.54,1135.4,135.4,11354.0,1354.0,0.45,100.45,0.45,1004.5,4.5,10045.0,45.0,-17.62,82.38,-17.62,823.8,-176.2,8238.0,-1762.0,-25.0,75.0,-25.0,750.0,-250.0,7500.0,-2500.0,,,,,,,,,,,,,,,,,,,,,,
VST,Vistra Corp,AI,nuclear-ops,NYSE,160.5,+9.42%,+13.97%,+5.96%,-2.43%,-27%,53.869,1.384,27.07,4.72,18086592,54450992,128490092,64.0,3.35,strong_buy,1.33,9.42,109.42,9.42,1094.2,94.2,10942.0,942.0,13.97,113.97,13.97,1139.7,139.7,11397.0,1397.0,5.96,105.96,5.96,1059.6,59.6,10596.0,596.0,-2.43,97.57,-2.43,975.7,-24.3,9757.0,-243.0,-27.0,73.0,-27.0,730.0,-270.0,7300.0,-2700.0,,,,,,,,,,,,,,,,,,,,,,
TLN,Talen Energy,AI,nuclear-ops,NASDAQ,373.11,+12.42%,+18.51%,+14.53%,-5.95%,-23%,17.648,1.617,,0.8,2816449,8528049,20712249,,6.33,buy,1.59,12.42,112.42,12.42,1124.2,124.2,11242.0,1242.0,18.51,118.51,18.51,1185.1,185.1,11851.0,1851.0,14.53,114.53,14.53,1145.3,145.3,11453.0,1453.0,-5.95,94.05,-5.95,940.5,-59.5,9405.0,-595.0,-23.0,77.0,-23.0,770.0,-230.0,7700.0,-2300.0,,,,,,,,,,,,,,,,,,,,,,
BEP,Brookfield Renewable,AI,nuclear-ops,NYSE,29.42,+4.21%,+5.07%,-8.43%,+9.10%,+1%,14.312,0.98,,1.0,1741711,6276211,24853111,556.0,0.46,hold,3.0,4.21,104.21,4.21,1042.1,42.1,10421.0,421.0,5.07,105.07,5.07,1050.7,50.7,10507.0,507.0,-8.43,91.57,-8.43,915.7,-84.3,9157.0,-843.0,9.1,109.1,9.1,1091.0,91.0,10910.0,910.0,1.0,101.0,1.0,1010.0,10.0,10100.0,100.0,,,,,,,,,,,,,,,,,,,,,,
BEPC,Brookfield Renewable Corp,AI,nuclear-ops,NYSE,29.65,+3.29%,+5.52%,-8.94%,-23.33%,-26%,5.505,1.148,,1.79,2466406,10860106,40192706,554.0,,hold,2.86,3.29,103.29,3.29,1032.9,32.9,10329.0,329.0,5.52,105.52,5.52,1055.2,55.2,10552.0,552.0,-8.94,91.06,-8.94,910.6,-89.4,9106.0,-894.0,-23.33,76.67,-23.33,766.7,-233.3,7667.0,-2333.0,-26.0,74.0,-26.0,740.0,-260.0,7400.0,-2600.0,,,,,,,,,,,,,,,,,,,,,,
GEV,GE Vernova,AI,smr,NYSE,1029.21,+3.76%,+6.93%,+5.96%,+51.74%,+63%,274.114,0.967,29.51,2.37,2528120,11069720,45733820,20.0,3.29,buy,1.54,3.76,103.76,3.76,1037.6,37.6,10376.0,376.0,6.93,106.93,6.93,1069.3,69.3,10693.0,693.0,5.96,105.96,5.96,1059.6,59.6,10596.0,596.0,51.74,151.74,51.74,1517.4,517.4,15174.0,5174.0,63.0,163.0,63.0,1630.0,630.0,16300.0,6300.0,,,,,,,,,,,,,,,,,,,,,,
BWXT,BWX Technologies,AI,smr,NYSE,145.7,+6.76%,+5.57%,-9.17%,-19.53%,-29%,13.35,0.738,37.75,1.06,1922808,7870808,25997908,78.0,4.42,buy,1.61,6.76,106.76,6.76,1067.6,67.6,10676.0,676.0,5.57,105.57,5.57,1055.7,55.7,10557.0,557.0,-9.17,90.83,-9.17,908.3,-91.7,9083.0,-917.0,-19.53,80.47,-19.53,804.7,-195.3,8047.0,-1953.0,-29.0,71.0,-29.0,710.0,-290.0,7100.0,-2900.0,,,,,,,,,,,,,,,,,,,,,,
SMR,NuScale Power,AI,smr,NYSE,8.02,+3.89%,+3.35%,-28.26%,-50.83%,-80%*,3.292,2.371,,33.25,44400403,148394703,801240403,,20.64,none,,3.89,103.89,3.89,1038.9,38.9,10389.0,389.0,3.35,103.35,3.35,1033.5,33.5,10335.0,335.0,-28.26,71.74,-28.26,717.4,-282.6,7174.0,-2826.0,-50.83,49.17,-50.83,491.7,-508.3,4917.0,-5083.0,-80.0,20.0,-80.0,200.0,-800.0,2000.0,-8000.0,,,,,,,,,,,,,,,,,,,,,,
OKLO,Oklo Inc,AI,smr,NYSE,38.55,+6.49%,+3.88%,-10.99%,-50.45%,-73%*,7.171,1.215,,9.48,16715149,50522749,219023549,,20.52,buy,2.08,6.49,106.49,6.49,1064.9,64.9,10649.0,649.0,3.88,103.88,3.88,1038.8,38.8,10388.0,388.0,-10.99,89.01,-10.99,890.1,-109.9,8901.0,-1099.0,-50.45,49.55,-50.45,495.5,-504.5,4955.0,-5045.0,-73.0,27.0,-73.0,270.0,-730.0,2700.0,-7300.0,,,,,,,,,,,,,,,,,,,,,,
NNE,NANO Nuclear Energy,AI,smr,NASDAQ,16.49,+5.91%,+4.43%,-14.78%,-40.28%,-73%*,0.885,5.478,,1.93,2930790,10157190,42614690,,34.89,buy,1.62,5.91,105.91,5.91,1059.1,59.1,10591.0,591.0,4.43,104.43,4.43,1044.3,44.3,10443.0,443.0,-14.78,85.22,-14.78,852.2,-147.8,8522.0,-1478.0,-40.28,59.72,-40.28,597.2,-402.8,5972.0,-4028.0,-73.0,27.0,-73.0,270.0,-730.0,2700.0,-7300.0,,,,,,,,,,,,,,,,,,,,,,
CCJ,Cameco Corporation,AI,uranium,NYSE,93.02,+5.81%,+7.07%,-8.78%,-5.62%,+1%,40.514,1.141,157.66,3.19,6053875,19414575,65393175,20.0,,buy,1.57,5.81,105.81,5.81,1058.1,58.1,10581.0,581.0,7.07,107.07,7.07,1070.7,70.7,10707.0,707.0,-8.78,91.22,-8.78,912.2,-87.8,9122.0,-878.0,-5.62,94.38,-5.62,943.8,-56.2,9438.0,-562.0,1.0,101.0,1.0,1010.0,10.0,10100.0,100.0,,,,,,,,,,,,,,,,,,,,,,
UEC,Uranium Energy Corp,AI,uranium,NYSE,10.11,+7.25%,+8.83%,-14.97%,-22.88%,-31%,5.01,1.387,,8.57,16220928,60516728,210996728,,14.57,buy,1.73,7.25,107.25,7.25,1072.5,72.5,10725.0,725.0,8.83,108.83,8.83,1088.3,88.3,10883.0,883.0,-14.97,85.03,-14.97,850.3,-149.7,8503.0,-1497.0,-22.88,77.12,-22.88,771.2,-228.8,7712.0,-2288.0,-31.0,69.0,-31.0,690.0,-310.0,6900.0,-3100.0,,,,,,,,,,,,,,,,,,,,,,
LEU,Centrus Energy,AI,uranium,NYSE,153.88,+8.29%,+11.36%,-17.06%,-43.53%,-62%,3.147,1.536,71.91,0.72,1422531,3649631,16225731,,27.66,none,,8.29,108.29,8.29,1082.9,82.9,10829.0,829.0,11.36,111.36,11.36,1113.6,113.6,11136.0,1136.0,-17.06,82.94,-17.06,829.4,-170.6,8294.0,-1706.0,-43.53,56.47,-43.53,564.7,-435.3,5647.0,-4353.0,-62.0,38.0,-62.0,380.0,-620.0,3800.0,-6200.0,,,,,,,,,,,,,,,,,,,,,,
VRT,Vertiv Holdings,AI,power-infra,NYSE,253.14,-0.73%,+1.93%,-12.94%,+44.25%,+60%,97.455,2.048,57.27,5.21,4239144,19581944,111655644,10.0,3.68,strong_buy,1.37,-0.73,99.27,-0.73,992.7,-7.3,9927.0,-73.0,1.93,101.93,1.93,1019.3,19.3,10193.0,193.0,-12.94,87.06,-12.94,870.6,-129.4,8706.0,-1294.0,44.25,144.25,44.25,1442.5,442.5,14425.0,4425.0,60.0,160.0,60.0,1600.0,600.0,16000.0,6000.0,,,,,,,,,,,,,,,,,,,,,,
ETN,Eaton Corporation,AI,power-infra,NYSE,445.09,+2.56%,+2.73%,+5.44%,+37.12%,+17%,172.873,1.128,45.28,2.09,1592915,8581615,43415515,102.0,2.0,buy,1.57,2.56,102.56,2.56,1025.6,25.6,10256.0,256.0,2.73,102.73,2.73,1027.3,27.3,10273.0,273.0,5.44,105.44,5.44,1054.4,54.4,10544.0,544.0,37.12,137.12,37.12,1371.2,371.2,13712.0,3712.0,17.0,117.0,17.0,1170.0,170.0,11700.0,1700.0,,,,,,,,,,,,,,,,,,,,,,
POWL,Powell Industries,AI,power-infra,NASDAQ,204.69,+3.31%,+8.61%,+12.17%,+74.42%,+89%,7.458,1.173,39.21,0.64,484908,2628308,11143008,18.0,9.75,buy,2.25,3.31,103.31,3.31,1033.1,33.1,10331.0,331.0,8.61,108.61,8.61,1086.1,86.1,10861.0,861.0,12.17,112.17,12.17,1121.7,121.7,11217.0,1217.0,74.42,174.42,74.42,1744.2,744.2,17442.0,7442.0,89.0,189.0,89.0,1890.0,890.0,18900.0,8900.0,,,,,,,,,,,,,,,,,,,,,,
EQIX,Equinix,AI,dc-operators,NASDAQ,1047.36,+2.34%,+3.16%,+0.59%,+39.16%,+30%,103.345,0.97,67.4,0.54,394530,2279530,10523230,202.0,1.97,strong_buy,1.5,2.34,102.34,2.34,1023.4,23.4,10234.0,234.0,3.16,103.16,3.16,1031.6,31.6,10316.0,316.0,0.59,100.59,0.59,1005.9,5.9,10059.0,59.0,39.16,139.16,39.16,1391.6,391.6,13916.0,3916.0,30.0,130.0,30.0,1300.0,300.0,13000.0,3000.0,,,,,,,,,,,,,,,,,,,,,,
DLR,Digital Realty,AI,dc-operators,NYSE,184.65,+2.66%,+4.58%,-1.89%,+21.54%,+3%,69.735,1.011,89.64,2.32,1843586,9022486,38902686,271.0,2.54,strong_buy,1.44,2.66,102.66,2.66,1026.6,26.6,10266.0,266.0,4.58,104.58,4.58,1045.8,45.8,10458.0,458.0,-1.89,98.11,-1.89,981.1,-18.9,9811.0,-189.0,21.54,121.54,21.54,1215.4,215.4,12154.0,2154.0,3.0,103.0,3.0,1030.0,30.0,10300.0,300.0,,,,,,,,,,,,,,,,,,,,,,
AMT,American Tower,AI,dc-operators,NYSE,164.78,+1.55%,-0.47%,-5.22%,-2.84%,-13%,76.781,0.885,22.67,2.63,2184944,13027044,56549644,441.0,1.5,buy,1.52,1.55,101.55,1.55,1015.5,15.5,10155.0,155.0,-0.47,99.53,-0.47,995.3,-4.7,9953.0,-47.0,-5.22,94.78,-5.22,947.8,-52.2,9478.0,-522.0,-2.84,97.16,-2.84,971.6,-28.4,9716.0,-284.0,-13.0,87.0,-13.0,870.0,-130.0,8700.0,-1300.0,,,,,,,,,,,,,,,,,,,,,,
GOOGL,Alphabet (Google),AI,hyperscalers,NASDAQ,347.68,+0.47%,+1.98%,+2.75%,+10.54%,+41%,4252.104,1.211,17.45,27.1,18702460,138748160,568577960,25.0,1.49,strong_buy,1.38,0.47,100.47,0.47,1004.7,4.7,10047.0,47.0,1.98,101.98,1.98,1019.8,19.8,10198.0,198.0,2.75,102.75,2.75,1027.5,27.5,10275.0,275.0,10.54,110.54,10.54,1105.4,105.4,11054.0,1054.0,41.0,141.0,41.0,1410.0,410.0,14100.0,4100.0,,,,,,,,,,,,,,,,,,,,,,
MSFT,Microsoft,AI,hyperscalers,NASDAQ,529.3,+0.74%,+4.00%,+7.16%,+12.63%,+0%,3930.342,1.099,29.49,28.13,21098949,112481249,454700849,75.0,0.91,strong_buy,1.29,0.74,100.74,0.74,1007.4,7.4,10074.0,74.0,4.0,104.0,4.0,1040.0,40.0,10400.0,400.0,7.16,107.16,7.16,1071.6,71.6,10716.0,716.0,12.63,112.63,12.63,1126.3,126.3,11263.0,1263.0,0.0,100.0,0.0,1000.0,0.0,10000.0,0.0,,,,,,,,,,,,,,,,,,,,,,
AMZN,Amazon,AI,hyperscalers,NASDAQ,256.29,+1.72%,+3.90%,-0.26%,+13.15%,+13%,2764.425,1.456,20.62,39.18,34067715,181932015,746226915,,0.83,strong_buy,1.32,1.72,101.72,1.72,1017.2,17.2,10172.0,172.0,3.9,103.9,3.9,1039.0,39.0,10390.0,390.0,-0.26,99.74,-0.26,997.4,-2.6,9974.0,-26.0,13.15,113.15,13.15,1131.5,131.5,11315.0,1315.0,13.0,113.0,13.0,1130.0,130.0,11300.0,1300.0,,,,,,,,,,,,,,,,,,,,,,
META,Meta Platforms,AI,hyperscalers,NASDAQ,738.88,-0.49%,+0.01%,+20.54%,+13.89%,+4%,1882.301,1.185,27.84,19.33,12557926,72438726,485124526,28.0,1.41,strong_buy,1.41,-0.49,99.51,-0.49,995.1,-4.9,9951.0,-49.0,0.01,100.01,0.01,1000.1,0.1,10001.0,1.0,20.54,120.54,20.54,1205.4,205.4,12054.0,2054.0,13.89,113.89,13.89,1138.9,138.9,11389.0,1389.0,4.0,104.0,4.0,1040.0,40.0,10400.0,400.0,,,,,,,,,,,,,6,strong_buy,0.75,"+14.76% YTD, 1M +21.46%, analyst Strong Buy, P/E 28.05. Reasonable valuation and strong buy consensus with accelerating momentum.",+14.76% YTD; 1M +21.46%; Strong Buy; P/E 28.05,,,,,
IREN,Iris Energy,AI,ai-compute,NASDAQ,41.28,+1.84%,-0.24%,-12.04%,-3.33%,-34%*,16.267,4.271,,42.34,35863050,174041850,748593450,,21.71,buy,1.6,1.84,101.84,1.84,1018.4,18.4,10184.0,184.0,-0.24,99.76,-0.24,997.6,-2.4,9976.0,-24.0,-12.04,87.96,-12.04,879.6,-120.4,8796.0,-1204.0,-3.33,96.67,-3.33,966.7,-33.3,9667.0,-333.0,-34.0,66.0,-34.0,660.0,-340.0,6600.0,-3400.0,,,,,,,,,,,,,,,,,,,,,,
CORZ,Core Scientific,AI,ai-compute,NASDAQ,16.68,+0.07%,+2.27%,-10.95%,+4.32%,-3%*,5.36,5.481,,11.94,9375818,59543718,240050018,,22.21,strong_buy,1.32,0.07,100.07,0.07,1000.7,0.7,10007.0,7.0,2.27,102.27,2.27,1022.7,22.7,10227.0,227.0,-10.95,89.05,-10.95,890.5,-109.5,8905.0,-1095.0,4.32,104.32,4.32,1043.2,43.2,10432.0,432.0,-3.0,97.0,-3.0,970.0,-30.0,9700.0,-300.0,,,,,,,,,,,,,,,,,,,,,,
WULF,TeraWulf,AI,ai-compute,NASDAQ,14.97,+0.88%,-0.80%,-16.18%,+17.50%,+22%*,7.47,4.251,,31.73,26140270,144493970,595996570,,28.55,strong_buy,1.29,0.88,100.88,0.88,1008.8,8.8,10088.0,88.0,-0.8,99.2,-0.8,992.0,-8.0,9920.0,-80.0,-16.18,83.82,-16.18,838.2,-161.8,8382.0,-1618.0,17.5,117.5,17.5,1175.0,175.0,11750.0,1750.0,22.0,122.0,22.0,1220.0,220.0,12200.0,2200.0,,,,,,,,,,,,,,,,,,,,,,
HUT,Hut 8 Mining,AI,ai-compute,NASDAQ,92.22,+3.27%,-0.69%,-7.31%,+79.87%,+114%,11.368,5.916,,4.57,5712343,25713743,94320043,,14.79,strong_buy,1.36,3.27,103.27,3.27,1032.7,32.7,10327.0,327.0,-0.69,99.31,-0.69,993.1,-6.9,9931.0,-69.0,-7.31,92.69,-7.31,926.9,-73.1,9269.0,-731.0,79.87,179.87,79.87,1798.7,798.7,17987.0,7987.0,114.0,214.0,114.0,2140.0,1140.0,21400.0,11400.0,,,,,,,,,,,,,,,,,,,,,,
SMCI,Super Micro Computer,AI,ai-compute,NASDAQ,43.46,+0.25%,+5.95%,+7.95%,+40.37%,-22%,28.552,2.009,13.33,44.49,27776128,152845428,766628428,,16.14,none,,0.25,100.25,0.25,1002.5,2.5,10025.0,25.0,5.95,105.95,5.95,1059.5,59.5,10595.0,595.0,7.95,107.95,7.95,1079.5,79.5,10795.0,795.0,40.37,140.37,40.37,1403.7,403.7,14037.0,4037.0,-22.0,78.0,-22.0,780.0,-220.0,7800.0,-2200.0,,,,,,,,,,,,,,,,,,,,,,
DELL,Dell Technologies,AI,ai-compute,NYSE,574.0,+3.80%,+6.38%,+7.51%,+353.25%,+266%,364.956,1.442,33.37,7.63,5389831,26673031,169285931,46.0,4.68,buy,1.83,3.8,103.8,3.8,1038.0,38.0,10380.0,380.0,6.38,106.38,6.38,1063.8,63.8,10638.0,638.0,7.51,107.51,7.51,1075.1,75.1,10751.0,751.0,353.25,453.25,353.25,4532.5,3532.5,45325.0,35325.0,266.0,366.0,266.0,3660.0,2660.0,36600.0,26600.0,,,,,,,,,,,,,,,,,,,,,,
COHR,Coherent Corp,AI,fibre-optical,NYSE,338.36,+1.08%,+15.79%,+12.08%,+74.12%,+194%,66.262,2.113,82.13,6.32,6415555,37273355,145491555,,6.09,buy,1.58,1.08,101.08,1.08,1010.8,10.8,10108.0,108.0,15.79,115.79,15.79,1157.9,157.9,11579.0,1579.0,12.08,112.08,12.08,1120.8,120.8,11208.0,1208.0,74.12,174.12,74.12,1741.2,741.2,17412.0,7412.0,194.0,294.0,194.0,2940.0,1940.0,29400.0,19400.0,,,,,,,,,,,,,,,,,,,,,,
LITE,Lumentum Holdings,AI,fibre-optical,NASDAQ,1133.4,+3.53%,+16.43%,+15.83%,+193.54%,+595%,101.666,1.536,,4.64,4253581,23536281,101626181,,7.92,strong_buy,1.5,3.53,103.53,3.53,1035.3,35.3,10353.0,353.0,16.43,116.43,16.43,1164.3,164.3,11643.0,1643.0,15.83,115.83,15.83,1158.3,158.3,11583.0,1583.0,193.54,293.54,193.54,2935.4,1935.4,29354.0,19354.0,595.0,695.0,595.0,6950.0,5950.0,69500.0,59500.0,,,,,,,,,,,,,,,,,,,,,,
AAOI,Applied Optoelectronics,AI,fibre-optical,NASDAQ,130.16,+6.71%,+29.29%,+16.68%,+228.69%,+288%,11.052,3.843,,9.34,12503725,50058925,165570925,,15.02,none,,6.71,106.71,6.71,1067.1,67.1,10671.0,671.0,29.29,129.29,29.29,1292.9,292.9,12929.0,2929.0,16.68,116.68,16.68,1166.8,166.8,11668.0,1668.0,228.69,328.69,228.69,3286.9,2286.9,32869.0,22869.0,288.0,388.0,288.0,3880.0,2880.0,38800.0,28800.0,,,,,,,,,,,,,,,,,,,,,,
FN,Fabrinet,AI,fibre-optical,NYSE,489.16,+7.43%,+15.34%,+17.50%,+2.03%,+23%,17.529,1.223,37.48,0.86,1445477,4506277,16556977,,5.69,buy,1.78,7.43,107.43,7.43,1074.3,74.3,10743.0,743.0,15.34,115.34,15.34,1153.4,153.4,11534.0,1534.0,17.5,117.5,17.5,1175.0,175.0,11750.0,1750.0,2.03,102.03,2.03,1020.3,20.3,10203.0,203.0,23.0,123.0,23.0,1230.0,230.0,12300.0,2300.0,,,,,,,,,,,,,,,,,,,,,,
MTSI,MACOM Technology,AI,dsp-semi,NASDAQ,350.67,+6.74%,+23.36%,+27.61%,+100.43%,+157%,26.781,1.764,111.68,1.38,1541756,6170856,28831656,,4.35,buy,1.56,6.74,106.74,6.74,1067.4,67.4,10674.0,674.0,23.36,123.36,23.36,1233.6,233.6,12336.0,2336.0,27.61,127.61,27.61,1276.1,276.1,12761.0,2761.0,100.43,200.43,100.43,2004.3,1004.3,20043.0,10043.0,157.0,257.0,157.0,2570.0,1570.0,25700.0,15700.0,,,,,,,,,,,,,8,buy,0.6,"+83.52% YTD, 1M +16.84%, analyst Buy, P/E 102.26. Strong YTD and monthly gains with a buy rating.",+83.52% YTD; 1M +16.84%; Buy rating; P/E 102.26,,,,,
SMTC,Semtech,AI,dsp-semi,NASDAQ,197.2,+1.49%,+9.49%,+21.26%,+162.02%,+172%,18.403,2.415,130.6,2.96,2224724,14694324,71421424,,8.53,strong_buy,1.19,1.49,101.49,1.49,1014.9,14.9,10149.0,149.0,9.49,109.49,9.49,1094.9,94.9,10949.0,949.0,21.26,121.26,21.26,1212.6,212.6,12126.0,2126.0,162.02,262.02,162.02,2620.2,1620.2,26202.0,16202.0,172.0,272.0,172.0,2720.0,1720.0,27200.0,17200.0,,,,,,,,,,,,,4,strong_buy,0.813,"+157.28% YTD, 1M +19.07%, analyst Strong Buy with best score 1.19, P/E 128.23. Highest analyst conviction in the universe.",+157.28% YTD; 1M +19.07%; Strong Buy (1.19); P/E 128.23,,,,,
CRDO,Credo Technology,AI,dsp-semi,NASDAQ,220.83,+3.34%,+14.81%,+31.64%,+54.19%,+55%,41.505,3.249,78.31,6.88,7221753,41518753,180570853,,5.14,strong_buy,1.35,3.34,103.34,3.34,1033.4,33.4,10334.0,334.0,14.81,114.81,14.81,1148.1,148.1,11481.0,1481.0,31.64,131.64,31.64,1316.4,316.4,13164.0,3164.0,54.19,154.19,54.19,1541.9,541.9,15419.0,5419.0,55.0,155.0,55.0,1550.0,550.0,15500.0,5500.0,,,,,,,,,,,,,5,strong_buy,0.7,"+46.97% YTD, 1M +25.48%, analyst Strong Buy, P/E 74.64. Strong recent momentum with solid analyst backing.",+46.97% YTD; 1M +25.48%; Strong Buy; P/E 74.64,,,,,
MXL,MaxLinear,AI,dsp-semi,NASDAQ,109.3,+3.00%,+17.88%,+64.36%,+490.49%,+577%,9.912,3.94,,3.09,2393806,14339506,64708506,,7.46,buy,1.82,3.0,103.0,3.0,1030.0,30.0,10300.0,300.0,17.88,117.88,17.88,1178.8,178.8,11788.0,1788.0,64.36,164.36,64.36,1643.6,643.6,16436.0,6436.0,490.49,590.49,490.49,5904.9,4904.9,59049.0,49049.0,577.0,677.0,577.0,6770.0,5770.0,67700.0,57700.0,,,,,,,,,,,,,9,strong_buy,1.0,"+481.69% YTD, 1M +61.91%, analyst Buy, beta 3.94. Extreme momentum but high risk from lack of earnings and high beta.",+481.69% YTD; 1M +61.91%; Buy rating; beta 3.94,,,,,
KEYS,Keysight Technologies,AI,test-equip,NYSE,388.03,+1.42%,+7.59%,+16.38%,+87.83%,+126%,66.06,1.177,52.51,1.23,1479726,5824326,22830826,,1.59,none,,1.42,101.42,1.42,1014.2,14.2,10142.0,142.0,7.59,107.59,7.59,1075.9,75.9,10759.0,759.0,16.38,116.38,16.38,1163.8,163.8,11638.0,1638.0,87.83,187.83,87.83,1878.3,878.3,18783.0,8783.0,126.0,226.0,126.0,2260.0,1260.0,22600.0,12600.0,,,,,,,,,,,,,,,,,,,,,,
VIAV,Viavi Solutions,AI,test-equip,NASDAQ,48.14,+2.16%,+15.11%,+24.23%,+165.23%,+271%,11.839,1.213,,5.06,4674268,32328868,126595668,,6.33,strong_buy,1.38,2.16,102.16,2.16,1021.6,21.6,10216.0,216.0,15.11,115.11,15.11,1151.1,151.1,11511.0,1511.0,24.23,124.23,24.23,1242.3,242.3,12423.0,2423.0,165.23,265.23,165.23,2652.3,1652.3,26523.0,16523.0,271.0,371.0,271.0,3710.0,2710.0,37100.0,27100.0,,,,,,,,,,,,,7,strong_buy,0.818,"+158.13% YTD, 1M +20.90%, analyst Strong Buy, short interest 6.33%. Strong momentum and analyst support despite elevated short interest.",+158.13% YTD; 1M +20.90%; Strong Buy; short 6.33%,,,,,
AXTI,AXT Inc,AI,materials,NASDAQ,84.06,-3.04%,+7.52%,+20.85%,+401.55%,+1532%,5.513,1.86,2101.5,9.84,6142787,34768987,179311887,,14.03,none,,-3.04,96.96,-3.04,969.6,-30.4,9696.0,-304.0,7.52,107.52,7.52,1075.2,75.2,10752.0,752.0,20.85,120.85,20.85,1208.5,208.5,12085.0,2085.0,401.55,501.55,401.55,5015.5,4015.5,50155.0,40155.0,1532.0,1632.0,1532.0,16320.0,15320.0,163200.0,153200.0,,,,,,,,,,,,,,,,,,,,,,
AMGN,Amgen,Biotech,large-cap,NASDAQ,402.6,+0.21%,-4.97%,+2.40%,+25.39%,+36%,217.658,0.407,25.01,2.72,2036672,14280772,70039372,250.0,2.6,hold,2.65,0.21,100.21,0.21,1002.1,2.1,10021.0,21.0,-4.97,95.03,-4.97,950.3,-49.7,9503.0,-497.0,2.4,102.4,2.4,1024.0,24.0,10240.0,240.0,25.39,125.39,25.39,1253.9,253.9,12539.0,2539.0,36.0,136.0,36.0,1360.0,360.0,13600.0,3600.0,,,,,,,,,,,,,10,buy,0.55,"YTD +24.61%, PE 24.85, low beta 0.407, and low short interest 2.6%; but hold rating (score 2.65), DCF overvaluation, and Medicare pricing headwinds temper upside.",YTD +24.61%; PE 24.85; low short interest 2.6%; hold rating,,,,,
GILD,Gilead Sciences,Biotech,large-cap,NASDAQ,144.23,-0.01%,-4.66%,-1.09%,+20.74%,+24%,178.839,0.332,,6.14,3723551,24700751,122078551,227.0,1.48,buy,1.7,-0.01,99.99,-0.01,999.9,-0.1,9999.0,-1.0,-4.66,95.34,-4.66,953.4,-46.6,9534.0,-466.0,-1.09,98.91,-1.09,989.1,-10.9,9891.0,-109.0,20.74,120.74,20.74,1207.4,207.4,12074.0,2074.0,24.0,124.0,24.0,1240.0,240.0,12400.0,2400.0,,,,,,,,,,,,,,,,,,,,,,
REGN,Regeneron Pharmaceuticals,Biotech,large-cap,NASDAQ,738.72,+1.10%,-1.57%,-8.83%,-4.47%,+25%,76.054,0.153,18.27,0.75,615056,3838856,15852156,52.0,2.6,buy,1.85,1.1,101.1,1.1,1011.0,11.0,10110.0,110.0,-1.57,98.43,-1.57,984.3,-15.7,9843.0,-157.0,-8.83,91.17,-8.83,911.7,-88.3,9117.0,-883.0,-4.47,95.53,-4.47,955.3,-44.7,9553.0,-447.0,25.0,125.0,25.0,1250.0,250.0,12500.0,2500.0,,,,,,,,,,,,,,,,,,,,,,
VRTX,Vertex Pharmaceuticals,Biotech,large-cap,NASDAQ,502.31,-0.24%,-4.64%,-5.03%,+11.10%,+23%,127.316,0.281,29.26,1.21,775057,4969957,21088457,,2.1,buy,1.62,-0.24,99.76,-0.24,997.6,-2.4,9976.0,-24.0,-4.64,95.36,-4.64,953.6,-46.4,9536.0,-464.0,-5.03,94.97,-5.03,949.7,-50.3,9497.0,-503.0,11.1,111.1,11.1,1111.0,111.0,11110.0,1110.0,23.0,123.0,23.0,1230.0,230.0,12300.0,2300.0,,,,,,,,,,,,,,,,,,,,,,
BIIB,Biogen,Biotech,large-cap,NASDAQ,222.89,-0.31%,-1.84%,+4.89%,+25.35%,+47%,32.933,0.092,39.59,1.08,1008092,6047892,22856692,,4.39,buy,1.89,-0.31,99.69,-0.31,996.9,-3.1,9969.0,-31.0,-1.84,98.16,-1.84,981.6,-18.4,9816.0,-184.0,4.89,104.89,4.89,1048.9,48.9,10489.0,489.0,25.35,125.35,25.35,1253.5,253.5,12535.0,2535.0,47.0,147.0,47.0,1470.0,470.0,14700.0,4700.0,,,,,,,,,,,,,4,buy,0.75,"YTD +23.47%, PE 39.0, low beta 0.092, buy rating with analyst score 1.89, and low short interest 4.39% suggest steady growth with manageable risk.",buy rating; low beta 0.092; YTD +23.47%; short interest 4.39%,,,,,
BMY,Bristol-Myers Squibb,Biotech,large-cap,NYSE,59.59,+1.34%,-4.22%,-6.93%,+15.07%,+32%,121.726,0.184,13.13,11.17,9885392,65692292,264091292,429.0,2.06,hold,2.54,1.34,101.34,1.34,1013.4,13.4,10134.0,134.0,-4.22,95.78,-4.22,957.8,-42.2,9578.0,-422.0,-6.93,93.07,-6.93,930.7,-69.3,9307.0,-693.0,15.07,115.07,15.07,1150.7,150.7,11507.0,1507.0,32.0,132.0,32.0,1320.0,320.0,13200.0,3200.0,,,,,,,,,,,,,,,,,,,,,,
AZN,AstraZeneca,Biotech,uk-listed,LSE,158.66,+1.65%,-3.78%,-0.70%,-12.01%,-8%,2.461,0.212,23.96,3.42,6077,10857339,65024469,203.0,,buy,1.72,1.65,101.65,1.65,1016.5,16.5,10165.0,165.0,-3.78,96.22,-3.78,962.2,-37.8,9622.0,-378.0,-0.7,99.3,-0.7,993.0,-7.0,9930.0,-70.0,-12.01,87.99,-12.01,879.9,-120.1,8799.0,-1201.0,-8.0,92.0,-8.0,920.0,-80.0,9200.0,-800.0,,,,,,,,,,,,,,,,,,,,,,
GSK,GSK,Biotech,uk-listed,LSE,23.42,+0.37%,-4.88%,-3.92%,-3.58%,+9%,0.938,0.28,14.96,6.58,2412,27786193,132047899,387.0,,hold,2.52,0.37,100.37,0.37,1003.7,3.7,10037.0,37.0,-4.88,95.12,-4.88,951.2,-48.8,9512.0,-488.0,-3.92,96.08,-3.92,960.8,-39.2,9608.0,-392.0,-3.58,96.42,-3.58,964.2,-35.8,9642.0,-358.0,9.0,109.0,9.0,1090.0,90.0,10900.0,900.0,,,,,,,,,,,,,,,,,,,,,,
CRSP,CRISPR Therapeutics,Biotech,gene-editing,NASDAQ,54.0,-6.09%,-3.57%,-1.42%,+0.43%,-19%,5.221,1.759,,1.57,2624762,7677362,35842162,,22.58,buy,2.05,-6.09,93.91,-6.09,939.1,-60.9,9391.0,-609.0,-3.57,96.43,-3.57,964.3,-35.7,9643.0,-357.0,-1.42,98.58,-1.42,985.8,-14.2,9858.0,-142.0,0.43,100.43,0.43,1004.3,4.3,10043.0,43.0,-19.0,81.0,-19.0,810.0,-190.0,8100.0,-1900.0,,,,,,,,,,,,,,,,,,,,,,
BEAM,Beam Therapeutics,Biotech,gene-editing,NASDAQ,25.23,-1.25%,+2.90%,-5.96%,-7.04%,+2%,2.606,2.201,,1.96,2518713,9264313,44022613,,38.75,strong_buy,1.33,-1.25,98.75,-1.25,987.5,-12.5,9875.0,-125.0,2.9,102.9,2.9,1029.0,29.0,10290.0,290.0,-5.96,94.04,-5.96,940.4,-59.6,9404.0,-596.0,-7.04,92.96,-7.04,929.6,-70.4,9296.0,-704.0,2.0,102.0,2.0,1020.0,20.0,10200.0,200.0,,,,,,,,,,,,,,,,,,,,,,
NTLA,Intellia Therapeutics,Biotech,gene-editing,NASDAQ,12.37,-2.98%,+2.83%,-2.90%,+34.31%,-38%,1.733,1.801,,4.01,7951438,30176238,100189638,,41.97,buy,2.26,-2.98,97.02,-2.98,970.2,-29.8,9702.0,-298.0,2.83,102.83,2.83,1028.3,28.3,10283.0,283.0,-2.9,97.1,-2.9,971.0,-29.0,9710.0,-290.0,34.31,134.31,34.31,1343.1,343.1,13431.0,3431.0,-38.0,62.0,-38.0,620.0,-380.0,6200.0,-3800.0,,,,,,,,,,,,,,,,,,,,,,
EDIT,Editas Medicine,Biotech,gene-editing,NASDAQ,2.73,-2.15%,+5.41%,-9.90%,+33.17%,-29%*,0.419,2.0,,2.47,2967547,11311047,67383247,,19.54,buy,1.92,-2.15,97.85,-2.15,978.5,-21.5,9785.0,-215.0,5.41,105.41,5.41,1054.1,54.1,10541.0,541.0,-9.9,90.1,-9.9,901.0,-99.0,9010.0,-990.0,33.17,133.17,33.17,1331.7,331.7,13317.0,3317.0,-29.0,71.0,-29.0,710.0,-290.0,7100.0,-2900.0,,,,,,,,,,,,,,,,,,,,,,
ILMN,Illumina,Biotech,genomics,NASDAQ,273.54,-6.93%,+0.57%,+29.60%,+103.60%,+204%,41.305,1.416,51.03,2.63,4380904,16328604,90252404,,11.47,buy,2.43,-6.93,93.07,-6.93,930.7,-69.3,9307.0,-693.0,0.57,100.57,0.57,1005.7,5.7,10057.0,57.0,29.6,129.6,29.6,1296.0,296.0,12960.0,2960.0,103.6,203.6,103.6,2036.0,1036.0,20360.0,10360.0,204.0,304.0,204.0,3040.0,2040.0,30400.0,20400.0,,,,,,,,,,,,,2,buy,0.8,"YTD +106.24%, 1-month +31.28%, RBC upgraded price target to $310 with outperform rating, and EPS beat of $1.31 vs $1.23 consensus; PE 51.7 reflects growth premium.",RBC upgrade to $310; EPS beat $1.31; YTD +106%; 1-month +31.28%,,,,,
PACB,Pacific Biosciences,Biotech,genomics,NASDAQ,2.7,-6.25%,+47.54%,+104.55%,+46.74%,+105%*,0.84,2.194,,9.17,47101436,215612036,339400736,,18.08,buy,2.12,-6.25,93.75,-6.25,937.5,-62.5,9375.0,-625.0,47.54,147.54,47.54,1475.4,475.4,14754.0,4754.0,104.55,204.55,104.55,2045.5,1045.5,20455.0,10455.0,46.74,146.74,46.74,1467.4,467.4,14674.0,4674.0,105.0,205.0,105.0,2050.0,1050.0,20500.0,10500.0,,,,,,,,,,,,,7,buy,0.5,"1-month +98.86%, 1-week +53.51%, YTD +42.66% show extreme momentum; but no PE, high beta 2.194, and short interest 18.08% indicate high risk.",1-month +98.86%; 1-week +53.51%; high beta 2.194; short interest 18.08%,,,,,
NTRA,Natera,Biotech,genomics,NASDAQ,400.65,-6.61%,-3.35%,+23.60%,+75.08%,+153%,57.752,1.499,,1.41,2499422,10386022,37020722,,3.43,strong_buy,1.39,-6.61,93.39,-6.61,933.9,-66.1,9339.0,-661.0,-3.35,96.65,-3.35,966.5,-33.5,9665.0,-335.0,23.6,123.6,23.6,1236.0,236.0,12360.0,2360.0,75.08,175.08,75.08,1750.8,750.8,17508.0,7508.0,153.0,253.0,153.0,2530.0,1530.0,25300.0,15300.0,,,,,,,,,,,,,1,strong_buy,0.85,"Strong buy consensus with an analyst score of 1.39, YTD +82.00%, 1-month +28.49%, and low short interest of 3.43% indicate robust momentum and institutional support.",strong_buy consensus; YTD +82%; low short interest 3.43%; 1-month +28.49%,,,,,
RXRX,Recursion Pharmaceuticals,Biotech,genomics,NASDAQ,4.63,-2.73%,+14.89%,+34.59%,+10.24%,-9%*,2.482,1.032,,19.62,71049662,207438362,537955162,,34.95,none,,-2.73,97.27,-2.73,972.7,-27.3,9727.0,-273.0,14.89,114.89,14.89,1148.9,148.9,11489.0,1489.0,34.59,134.59,34.59,1345.9,345.9,13459.0,3459.0,10.24,110.24,10.24,1102.4,102.4,11024.0,1024.0,-9.0,91.0,-9.0,910.0,-90.0,9100.0,-900.0,,,,,,,,,,,,,8,buy,0.45,"1-month +25.73%, 1-week +16.89%, YTD +2.98% with buy rating; but short interest 34.95% and negative 1-year return (-25%*) signal speculative recovery play.",1-month +25.73%; 1-week +16.89%; high short interest 34.95%; buy rating,,,,,
INCY,Incyte,Biotech,oncology,NASDAQ,112.73,+0.65%,-8.50%,-9.38%,+11.15%,+31%,22.85,0.739,14.36,1.62,2459549,10560849,35782049,,8.39,buy,2.29,0.65,100.65,0.65,1006.5,6.5,10065.0,65.0,-8.5,91.5,-8.5,915.0,-85.0,9150.0,-850.0,-9.38,90.62,-9.38,906.2,-93.8,9062.0,-938.0,11.15,111.15,11.15,1111.5,111.5,11115.0,1115.0,31.0,131.0,31.0,1310.0,310.0,13100.0,3100.0,,,,,,,,,,,,,,,,,,,,,,
EXEL,Exelixis,Biotech,oncology,NASDAQ,58.33,-1.29%,-0.55%,+1.14%,+33.85%,+48%,14.453,0.466,18.4,2.35,2031696,11015396,45491396,,14.56,buy,2.33,-1.29,98.71,-1.29,987.1,-12.9,9871.0,-129.0,-0.55,99.45,-0.55,994.5,-5.5,9945.0,-55.0,1.14,101.14,1.14,1011.4,11.4,10114.0,114.0,33.85,133.85,33.85,1338.5,338.5,13385.0,3385.0,48.0,148.0,48.0,1480.0,480.0,14800.0,4800.0,,,,,,,,,,,,,5,buy,0.7,"YTD +33.44%, PE 18.35 (reasonable valuation), buy rating, and 1-day +1.09% positive momentum; short interest 14.56% is elevated but manageable.",PE 18.35; YTD +33.44%; buy rating; positive 1-day momentum,,,,,
ALNY,Alnylam Pharmaceuticals,Biotech,oncology,NASDAQ,223.94,+1.84%,-11.86%,-13.90%,-44.04%,-52%,29.965,0.269,37.76,1.83,1356361,7360861,29105561,,7.16,buy,1.69,1.84,101.84,1.84,1018.4,18.4,10184.0,184.0,-11.86,88.14,-11.86,881.4,-118.6,8814.0,-1186.0,-13.9,86.1,-13.9,861.0,-139.0,8610.0,-1390.0,-44.04,55.96,-44.04,559.6,-440.4,5596.0,-4404.0,-52.0,48.0,-52.0,480.0,-520.0,4800.0,-5200.0,,,,,,,,,,,,,,,,,,,,,,
RCUS,Arcus Biosciences,Biotech,oncology,NYSE,24.28,-1.86%,-5.34%,-16.45%,+4.25%,+76%*,3.054,0.938,,1.32,824848,5982248,37009348,,17.71,strong_buy,1.31,-1.86,98.14,-1.86,981.4,-18.6,9814.0,-186.0,-5.34,94.66,-5.34,946.6,-53.4,9466.0,-534.0,-16.45,83.55,-16.45,835.5,-164.5,8355.0,-1645.0,4.25,104.25,4.25,1042.5,42.5,10425.0,425.0,76.0,176.0,76.0,1760.0,760.0,17600.0,7600.0,,,,,,,,,,,,,,,,,,,,,,
MRNA,Moderna,Biotech,mrna,NASDAQ,187.46,-7.91%,-7.86%,+33.59%,+507.45%,+643%,74.84,1.095,,17.15,18774503,84463803,314288103,,10.06,hold,2.83,-7.91,92.09,-7.91,920.9,-79.1,9209.0,-791.0,-7.86,92.14,-7.86,921.4,-78.6,9214.0,-786.0,33.59,133.59,33.59,1335.9,335.9,13359.0,3359.0,507.45,607.45,507.45,6074.5,5074.5,60745.0,50745.0,643.0,743.0,643.0,7430.0,6430.0,74300.0,64300.0,,,,,,,,,,,,,3,strong_buy,1.0,"YTD +518.18% driven by phase 3 success of Intismeran Autogene + Keytruda in skin cancer, 1-month +35.94%; analyst hold (score 2.83) tempers enthusiasm but catalyst is strong.",Phase 3 success with Keytruda; YTD +518%; 1-month +35.94%; analyst hold rating,,,,,
BNTX,BioNTech,Biotech,mrna,NASDAQ,95.73,-2.95%,-2.88%,-2.97%,-0.99%,-8%,24.048,1.252,,1.15,899361,4696661,18435461,,3.48,buy,1.7,-2.95,97.05,-2.95,970.5,-29.5,9705.0,-295.0,-2.88,97.12,-2.88,971.2,-28.8,9712.0,-288.0,-2.97,97.03,-2.97,970.3,-29.7,9703.0,-297.0,-0.99,99.01,-0.99,990.1,-9.9,9901.0,-99.0,-8.0,92.0,-8.0,920.0,-80.0,9200.0,-800.0,,,,,,,,,,,,,,,,,,,,,,
NVAX,Novavax,Biotech,mrna,NASDAQ,11.32,-9.29%,+4.62%,+11.09%,+58.77%,+36%*,1.867,2.435,,4.85,19407588,59844088,146336888,,30.43,buy,2.33,-9.29,90.71,-9.29,907.1,-92.9,9071.0,-929.0,4.62,104.62,4.62,1046.2,46.2,10462.0,462.0,11.09,111.09,11.09,1110.9,110.9,11109.0,1109.0,58.77,158.77,58.77,1587.7,587.7,15877.0,5877.0,36.0,136.0,36.0,1360.0,360.0,13600.0,3600.0,,,,,,,,,,,,,9,buy,0.4,"YTD +48.39%, 1-month +3.83% with buy rating; but high beta 2.435, no PE, and short interest 30.43% reflect binary risk and volatility.",YTD +48.39%; buy rating; high beta 2.435; short interest 30.43%,,,,,
BMRN,BioMarin Pharmaceutical,Biotech,rare-disease,NASDAQ,56.22,-2.29%,-6.10%,-13.01%,-5.43%,+5%,10.882,0.215,151.95,1.97,3718975,12199075,44253675,,5.22,buy,1.74,-2.29,97.71,-2.29,977.1,-22.9,9771.0,-229.0,-6.1,93.9,-6.1,939.0,-61.0,9390.0,-610.0,-13.01,86.99,-13.01,869.9,-130.1,8699.0,-1301.0,-5.43,94.57,-5.43,945.7,-54.3,9457.0,-543.0,5.0,105.0,5.0,1050.0,50.0,10500.0,500.0,,,,,,,,,,,,,,,,,,,,,,
SRPT,Sarepta Therapeutics,Biotech,rare-disease,NASDAQ,17.31,-0.17%,-7.14%,-17.34%,-18.77%,-24%,1.828,0.375,,2.99,2691377,12318477,58978577,,28.86,hold,2.75,-0.17,99.83,-0.17,998.3,-1.7,9983.0,-17.0,-7.14,92.86,-7.14,928.6,-71.4,9286.0,-714.0,-17.34,82.66,-17.34,826.6,-173.4,8266.0,-1734.0,-18.77,81.23,-18.77,812.3,-187.7,8123.0,-1877.0,-24.0,76.0,-24.0,760.0,-240.0,7600.0,-2400.0,,,,,,,,,,,,,,,,,,,,,,
COAG,Hemab Therapeutics,Biotech,rare-disease,NASDAQ,28.37,-7.26%,-12.98%,-36.35%,-16.56%,-10%,1.325,,,0.45,436832,2388432,12901832,,,none,,-7.26,92.74,-7.26,927.4,-72.6,9274.0,-726.0,-12.98,87.02,-12.98,870.2,-129.8,8702.0,-1298.0,-36.35,63.65,-36.35,636.5,-363.5,6365.0,-3635.0,-16.56,83.44,-16.56,834.4,-165.6,8344.0,-1656.0,-10.0,90.0,-10.0,900.0,-100.0,9000.0,-1000.0,,,,,,,,,,,,,,,,,,,,,,
NVO,Novo Nordisk,Biotech,metabolic,NYSE,37.53,-0.09%,-2.04%,-16.90%,-24.79%,-36%,165.671,0.384,9.18,12.45,13684411,76859211,307245811,479.0,0.83,hold,2.71,-0.09,99.91,-0.09,999.1,-0.9,9991.0,-9.0,-2.04,97.96,-2.04,979.6,-20.4,9796.0,-204.0,-16.9,83.1,-16.9,831.0,-169.0,8310.0,-1690.0,-24.79,75.21,-24.79,752.1,-247.9,7521.0,-2479.0,-36.0,64.0,-36.0,640.0,-360.0,6400.0,-3600.0,,,,,,,,,,,,,,,,,,,,,,
LLY,Eli Lilly,Biotech,metabolic,NYSE,1157.49,+0.93%,-2.29%,+2.99%,+7.66%,+36%,1032.182,0.453,38.85,2.49,2131200,11740300,47001800,61.0,0.84,buy,1.63,0.93,100.93,0.93,1009.3,9.3,10093.0,93.0,-2.29,97.71,-2.29,977.1,-22.9,9771.0,-229.0,2.99,102.99,2.99,1029.9,29.9,10299.0,299.0,7.66,107.66,7.66,1076.6,76.6,10766.0,766.0,36.0,136.0,36.0,1360.0,360.0,13600.0,3600.0,,,,,,,,,,,,,6,buy,0.75,"Buy rating with analyst score 1.63, low short interest 0.84%, PE 38.42, and YTD +6.46% with 1-month +1.84%; strong fundamentals and low risk.",buy rating; low short interest 0.84%; PE 38.42; YTD +6.46%,,,,,
LEGN,Legend Biotech,Biotech,neuroscience,NASDAQ,18.72,+0.11%,-0.53%,-8.64%,-12.97%,-40%,3.641,0.573,,2.35,1345410,10816710,49451510,,17.8,buy,2.15,0.11,100.11,0.11,1001.1,1.1,10011.0,11.0,-0.53,99.47,-0.53,994.7,-5.3,9947.0,-53.0,-8.64,91.36,-8.64,913.6,-86.4,9136.0,-864.0,-12.97,87.03,-12.97,870.3,-129.7,8703.0,-1297.0,-40.0,60.0,-40.0,600.0,-400.0,6000.0,-4000.0,,,,,,,,,,,,,,,,,,,,,,
IONS,Ionis Pharmaceuticals,Biotech,neuroscience,NASDAQ,44.0,+1.46%,-4.12%,-22.41%,-44.77%,-37%,7.312,0.382,,3.78,2193023,12036023,94238723,,16.65,buy,1.83,1.46,101.46,1.46,1014.6,14.6,10146.0,146.0,-4.12,95.88,-4.12,958.8,-41.2,9588.0,-412.0,-22.41,77.59,-22.41,775.9,-224.1,7759.0,-2241.0,-44.77,55.23,-44.77,552.3,-447.7,5523.0,-4477.0,-37.0,63.0,-37.0,630.0,-370.0,6300.0,-3700.0,,,,,,,,,,,,,,,,,,,,,,
BTC,Bitcoin,Crypto,bitcoin,Crypto,85561.738244,-0.29%,+2.32%,+6.48%,-2.24%,-2%,1719.321,,,29453.81,31361712131,206176694822,940881502671,,,,,-0.29,99.71,-0.29,997.1,-2.9,9971.0,-29.0,2.32,102.32,2.32,1023.2,23.2,10232.0,232.0,6.48,106.48,6.48,1064.8,64.8,10648.0,648.0,-2.24,97.76,-2.24,977.6,-22.4,9776.0,-224.0,-2.0,98.0,-2.0,980.0,-20.0,9800.0,-200.0,,,,,,,,,,,,,,,,,,,,,,
ETH,Ethereum,Crypto,layer1,Crypto,2698.234736,-0.49%,+0.80%,+7.31%,-9.05%,-9%,329.483,,,12251.68,12360388631,85761790047,421450642878,,,,,-0.49,99.51,-0.49,995.1,-4.9,9951.0,-49.0,0.8,100.8,0.8,1008.0,8.0,10080.0,80.0,7.31,107.31,7.31,1073.1,73.1,10731.0,731.0,-9.05,90.95,-9.05,909.5,-90.5,9095.0,-905.0,-9.0,91.0,-9.0,910.0,-90.0,9100.0,-900.0,,,,,,,,,,,,,,,,,,,,,,
SOL,Solana,Crypto,layer1,Crypto,120.854998,+0.14%,+1.54%,+13.42%,-2.94%,-3%,71.118,,,3380.67,2096944840,23664657743,111612311883,,,,,0.14,100.14,0.14,1001.4,1.4,10014.0,14.0,1.54,101.54,1.54,1015.4,15.4,10154.0,154.0,13.42,113.42,13.42,1134.2,134.2,11342.0,1342.0,-2.94,97.06,-2.94,970.6,-29.4,9706.0,-294.0,-3.0,97.0,-3.0,970.0,-30.0,9700.0,-300.0,,,,,,,,,,,,,,,,,,,,,,
BNB,BNB,Crypto,layer1,Crypto,779.625138,-0.93%,+2.87%,+3.53%,-9.68%,-10%,103.814,,,801.53,942543977,5610716853,30094312278,,,,,-0.93,99.07,-0.93,990.7,-9.3,9907.0,-93.0,2.87,102.87,2.87,1028.7,28.7,10287.0,287.0,3.53,103.53,3.53,1035.3,35.3,10353.0,353.0,-9.68,90.32,-9.68,903.2,-96.8,9032.0,-968.0,-10.0,90.0,-10.0,900.0,-100.0,9000.0,-1000.0,,,,,,,,,,,,,,,,,,,,,,
ADA,Cardano,Crypto,layer1,Crypto,0.267527,-1.11%,+9.51%,+19.90%,-19.58%,-20%,9.844,,,574.45,999896222,4021122439,16184440484,,,,,-1.11,98.89,-1.11,988.9,-11.1,9889.0,-111.0,9.51,109.51,9.51,1095.1,95.1,10951.0,951.0,19.9,119.9,19.9,1199.0,199.0,11990.0,1990.0,-19.58,80.42,-19.58,804.2,-195.8,8042.0,-1958.0,-20.0,80.0,-20.0,800.0,-200.0,8000.0,-2000.0,,,,,,,,,,,,,,,,,,,,,,
AVAX,Avalanche,Crypto,layer1,Crypto,11.623147,+4.36%,+1.64%,+46.94%,-5.57%,-6%,5.152,,,533.28,365547068,3732984595,15199876394,,,,,4.36,104.36,4.36,1043.6,43.6,10436.0,436.0,1.64,101.64,1.64,1016.4,16.4,10164.0,164.0,46.94,146.94,46.94,1469.4,469.4,14694.0,4694.0,-5.57,94.43,-5.57,944.3,-55.7,9443.0,-557.0,-6.0,94.0,-6.0,940.0,-60.0,9400.0,-600.0,,,,,,,,,,,,,7,buy,0.65,"AVAX rallied +44.91% in the past month, making it one of the strongest large-cap L1s ($4.86B market cap) despite a negative YTD, driven by ecosystem developments and broader altcoin momentum.",+44.91% 1m; large-cap L1; ecosystem momentum; altcoin rotation,,,,,
XRP,XRP,Crypto,payments,Crypto,1.497743,-0.65%,+0.52%,+5.20%,-18.57%,-19%,94.497,,,2453.8,1921811199,17176588053,96363992664,,,,,-0.65,99.35,-0.65,993.5,-6.5,9935.0,-65.0,0.52,100.52,0.52,1005.2,5.2,10052.0,52.0,5.2,105.2,5.2,1052.0,52.0,10520.0,520.0,-18.57,81.43,-18.57,814.3,-185.7,8143.0,-1857.0,-19.0,81.0,-19.0,810.0,-190.0,8100.0,-1900.0,,,,,,,,,,,,,,,,,,,,,,
XLM,Stellar,Crypto,payments,Crypto,0.212216,-1.65%,-4.59%,+13.69%,+5.77%,+6%,7.436,,,253.04,235006223,1771271886,8309568863,,,,,-1.65,98.35,-1.65,983.5,-16.5,9835.0,-165.0,-4.59,95.41,-4.59,954.1,-45.9,9541.0,-459.0,13.69,113.69,13.69,1136.9,136.9,11369.0,1369.0,5.77,105.77,5.77,1057.7,57.7,10577.0,577.0,6.0,106.0,6.0,1060.0,60.0,10600.0,600.0,,,,,,,,,,,,,,,,,,,,,,
TRX,TRON,Crypto,payments,Crypto,0.33545,-0.21%,+0.32%,+0.07%,+17.97%,+18%,31.863,,,319.5,307867138,2236473385,11410565003,,,,,-0.21,99.79,-0.21,997.9,-2.1,9979.0,-21.0,0.32,100.32,0.32,1003.2,3.2,10032.0,32.0,0.07,100.07,0.07,1000.7,0.7,10007.0,7.0,17.97,117.97,17.97,1179.7,179.7,11797.0,1797.0,18.0,118.0,18.0,1180.0,180.0,11800.0,1800.0,,,,,,,,,,,,,,,,,,,,,,
SUI,Sui,Crypto,emerging,Crypto,1.179047,-2.74%,+2.48%,+45.54%,-15.94%,-16%,4.856,,,825.22,825373150,5776535209,25068827828,,,,,-2.74,97.26,-2.74,972.6,-27.4,9726.0,-274.0,2.48,102.48,2.48,1024.8,24.8,10248.0,248.0,45.54,145.54,45.54,1455.4,455.4,14554.0,4554.0,-15.94,84.06,-15.94,840.6,-159.4,8406.0,-1594.0,-16.0,84.0,-16.0,840.0,-160.0,8400.0,-1600.0,,,,,,,,,,,,,3,strong_buy,0.8,"SUI gained +50.57% in the past month, with the network processing over $1 trillion in stablecoin transfers and Mysten Labs positioning it as global payment infrastructure, targeting $2 on a confirmed breakout above $1.27. [crypto.news](https://crypto.news/will-sui-price-reach-2-as-ai-and-stablecoin-use-grows/)",+50.57% 1m; stablecoin volume >$1T; AI-agent payment narrative; technical breakout setup,,,,,
HBAR,Hedera,Crypto,emerging,Crypto,0.09972,-2.02%,-2.50%,+22.27%,-6.09%,-6%,4.387,,,205.94,109608332,1441554019,5305064855,,,,,-2.02,97.98,-2.02,979.8,-20.2,9798.0,-202.0,-2.5,97.5,-2.5,975.0,-25.0,9750.0,-250.0,22.27,122.27,22.27,1222.7,222.7,12227.0,2227.0,-6.09,93.91,-6.09,939.1,-60.9,9391.0,-609.0,-6.0,94.0,-6.0,940.0,-60.0,9400.0,-600.0,,,,,,,,,,,,,,,,,,,,,,
ALGO,Algorand,Crypto,emerging,Crypto,0.123541,-3.26%,-1.42%,+28.16%,+12.12%,+12%,1.12,,,142.5,142498667,,,,,,,-3.26,96.74,-3.26,967.4,-32.6,9674.0,-326.0,-1.42,98.58,-1.42,985.8,-14.2,9858.0,-142.0,28.16,128.16,28.16,1281.6,281.6,12816.0,2816.0,12.12,112.12,12.12,1121.2,121.2,11212.0,1212.0,12.0,112.0,12.0,1120.0,120.0,11200.0,1200.0,,,,,,,,,,,,,10,buy,0.55,"ALGO gained +34.32% in the past month and +17.68% YTD, with a market cap of $1.175B, but recent 1-week and 1-day declines (-2.25%, -1.99%) suggest cooling momentum; still attractive as a mid-cap emerging L1.",+34.32% 1m; mid-cap emerging L1; positive YTD; cooling short-term,,,,,
MINA,Mina,Crypto,emerging,Crypto,0.113891,-23.51%,-19.32%,+47.03%,+50.76%,+51%,0.147,,,79.26,79260340,,,,,,,-23.51,76.49,-23.51,764.9,-235.1,7649.0,-2351.0,-19.32,80.68,-19.32,806.8,-193.2,8068.0,-1932.0,47.03,147.03,47.03,1470.3,470.3,14703.0,4703.0,50.76,150.76,50.76,1507.6,507.6,15076.0,5076.0,51.0,151.0,51.0,1510.0,510.0,15100.0,5100.0,,,,,,,,,,,,,4,buy,0.75,"MINA shows extreme momentum with +124.49% 1-month and +123.14% YTD, reflecting strong speculative interest in this small-cap emerging L1 ($0.217B market cap) with no specific negative catalysts.",+124.49% 1m; +123.14% YTD; small-cap momentum; emerging L1 narrative,,,,,
POL,Polygon (MATIC),Crypto,infra,Crypto,0.107558,-1.38%,-8.46%,+9.28%,+7.09%,+7%,1.143,,,104.5,104500657,,,,,,,-1.38,98.62,-1.38,986.2,-13.8,9862.0,-138.0,-8.46,91.54,-8.46,915.4,-84.6,9154.0,-846.0,9.28,109.28,9.28,1092.8,92.8,10928.0,928.0,7.09,107.09,7.09,1070.9,70.9,10709.0,709.0,7.0,107.0,7.0,1070.0,70.0,10700.0,700.0,,,,,,,,,,,,,,,,,,,,,,
DOT,Polkadot,Crypto,infra,Crypto,1.201647,-2.26%,+0.78%,+23.12%,-32.86%,-33%,2.05,,,137.31,137308664,,,,,,,-2.26,97.74,-2.26,977.4,-22.6,9774.0,-226.0,0.78,100.78,0.78,1007.8,7.8,10078.0,78.0,23.12,123.12,23.12,1231.2,231.2,12312.0,2312.0,-32.86,67.14,-32.86,671.4,-328.6,6714.0,-3286.0,-33.0,67.0,-33.0,670.0,-330.0,6700.0,-3300.0,,,,,,,,,,,,,,,,,,,,,,
LINK,Chainlink,Crypto,infra,Crypto,13.95941,+0.69%,-4.37%,+5.58%,+14.48%,+14%,10.443,,,225.09,225093753,,,,,,,0.69,100.69,0.69,1006.9,6.9,10069.0,69.0,-4.37,95.63,-4.37,956.3,-43.7,9563.0,-437.0,5.58,105.58,5.58,1055.8,55.8,10558.0,558.0,14.48,114.48,14.48,1144.8,144.8,11448.0,1448.0,14.0,114.0,14.0,1140.0,140.0,11400.0,1400.0,,,,,,,,,,,,,,,,,,,,,,
DOGE,Dogecoin,Crypto,meme,Crypto,0.093799,-1.70%,-0.06%,+3.28%,-20.03%,-20%,16.127,,,891.47,891468956,,,,,,,-1.7,98.3,-1.7,983.0,-17.0,9830.0,-170.0,-0.06,99.94,-0.06,999.4,-0.6,9994.0,-6.0,3.28,103.28,3.28,1032.8,32.8,10328.0,328.0,-20.03,79.97,-20.03,799.7,-200.3,7997.0,-2003.0,-20.0,80.0,-20.0,800.0,-200.0,8000.0,-2000.0,,,,,,,,,,,,,,,,,,,,,,
PEPE,Pepe,Crypto,meme,Crypto,4e-06,-2.39%,+0.85%,+17.31%,+6.15%,+6%,1.772,,,180.57,180571339,,,,,,,-2.39,97.61,-2.39,976.1,-23.9,9761.0,-239.0,0.85,100.85,0.85,1008.5,8.5,10085.0,85.0,17.31,117.31,17.31,1173.1,173.1,11731.0,1731.0,6.15,106.15,6.15,1061.5,61.5,10615.0,615.0,6.0,106.0,6.0,1060.0,60.0,10600.0,600.0,,,,,,,,,,,,,,,,,,,,,,
TAO,Bittensor,Crypto,ai,Crypto,308.580099,+1.19%,+2.79%,+16.34%,+41.12%,+41%,3.577,,,189.28,189276647,,,,,,,1.19,101.19,1.19,1011.9,11.9,10119.0,119.0,2.79,102.79,2.79,1027.9,27.9,10279.0,279.0,16.34,116.34,16.34,1163.4,163.4,11634.0,1634.0,41.12,141.12,41.12,1411.2,411.2,14112.0,4112.0,41.0,141.0,41.0,1410.0,410.0,14100.0,4100.0,,,,,,,,,,,,,,,,,,,,,,
FET,ASI Alliance,Crypto,ai,Crypto,0.239022,-5.72%,+7.53%,+36.54%,+20.29%,+20%,0.56,,,173.79,173788741,,,,,,,-5.72,94.28,-5.72,942.8,-57.2,9428.0,-572.0,7.53,107.53,7.53,1075.3,75.3,10753.0,753.0,36.54,136.54,36.54,1365.4,365.4,13654.0,3654.0,20.29,120.29,20.29,1202.9,202.9,12029.0,2029.0,20.0,120.0,20.0,1200.0,200.0,12000.0,2000.0,,,,,,,,,,,,,2,strong_buy,0.85,"FET surged 13% on the appointment of Jay Clayton as AI czar, with +54.38% 1-month and +7.10% 1-day gains, as capital rotates from DeFi into AI tokens amid a broader market decline. [cryptobuyingtips.com](https://cryptobuyingtips.com/articles/fet-rips-13-as-the-market-bets-on-the-new-ai-czar) [fxstreet.com](https://www.fxstreet.com/cryptocurrencies/news/ai-tokens-price-prediction-capital-rotation-fuels-fet-virtual-and-near-rallies-202610051017)",+54.38% 1m; AI czar catalyst; capital rotation to AI; bullish Fibonacci breakout,,,,,
RNDR,Render,Crypto,ai,Crypto,2.143141,+3.88%,+12.36%,+37.34%,+66.90%,+67%,1.112,,,76.15,76151033,,,,,,,3.88,103.88,3.88,1038.8,38.8,10388.0,388.0,12.36,112.36,12.36,1123.6,123.6,11236.0,1236.0,37.34,137.34,37.34,1373.4,373.4,13734.0,3734.0,66.9,166.9,66.9,1669.0,669.0,16690.0,6690.0,67.0,167.0,67.0,1670.0,670.0,16700.0,6700.0,,,,,,,,,,,,,8,buy,0.65,"RNDR shows solid gains of +55.01% YTD and +34.98% 1-month, benefiting from the AI narrative as a decentralized GPU rendering network, with a market cap of $1.033B providing relative stability.",+55.01% YTD; AI rendering narrative; decent market cap; steady momentum,,,,,
OCEAN,Ocean Protocol,Crypto,ai,Crypto,0.154295,-0.98%,-3.09%,+3.85%,+2.47%,+2%,,,,0.12,118078,,,,,,,-0.98,99.02,-0.98,990.2,-9.8,9902.0,-98.0,-3.09,96.91,-3.09,969.1,-30.9,9691.0,-309.0,3.85,103.85,3.85,1038.5,38.5,10385.0,385.0,2.47,102.47,2.47,1024.7,24.7,10247.0,247.0,2.0,102.0,2.0,1020.0,20.0,10200.0,200.0,,,,,,,,,,,,,,,,,,,,,,
GRT,The Graph,Crypto,ai,Crypto,0.029098,-1.45%,-0.19%,+48.32%,-12.48%,-12%,0.318,,,18.88,18881636,,,,,,,-1.45,98.55,-1.45,985.5,-14.5,9855.0,-145.0,-0.19,99.81,-0.19,998.1,-1.9,9981.0,-19.0,48.32,148.32,48.32,1483.2,483.2,14832.0,4832.0,-12.48,87.52,-12.48,875.2,-124.8,8752.0,-1248.0,-12.0,88.0,-12.0,880.0,-120.0,8800.0,-1200.0,,,,,,,,,,,,,9,buy,0.6,"GRT surged +68.93% in the past month, the highest 1-month gain among AI tokens in the snapshot, though YTD remains negative at -11.40%; the momentum is speculative and tied to AI indexing demand.",+68.93% 1m; AI indexing narrative; high short-term momentum; speculative rotation,,,,,
AGIX,SingularityNET,Crypto,ai,Crypto,0.593683,+0.00%,+575.27%,+682.12%,+592.36%,+592%,,,,,0,,,,,,,0.0,100.0,0.0,1000.0,0.0,10000.0,0.0,575.27,675.27,575.27,6752.7,5752.7,67527.0,57527.0,682.12,782.12,682.12,7821.2,6821.2,78212.0,68212.0,592.36,692.36,592.36,6923.6,5923.6,69236.0,59236.0,592.0,692.0,592.0,6920.0,5920.0,69200.0,59200.0,,,,,,,,,,,,,,,,,,,,,,
NMR,Numeraire,Crypto,ai,Crypto,16.185816,+33.69%,+33.00%,+71.38%,+69.40%,+69%,0.123,,,236.29,236291319,,,,,,,33.69,133.69,33.69,1336.9,336.9,13369.0,3369.0,33.0,133.0,33.0,1330.0,330.0,13300.0,3300.0,71.38,171.38,71.38,1713.8,713.8,17138.0,7138.0,69.4,169.4,69.4,1694.0,694.0,16940.0,6940.0,69.0,169.0,69.0,1690.0,690.0,16900.0,6900.0,,,,,,,,,,,,,,,,,,,,,,
ALT,AltLayer,Crypto,ai,Crypto,0.00794,-0.92%,+4.36%,+21.02%,-30.66%,-31%,0.058,,,4.16,4156389,,,,,,,-0.92,99.08,-0.92,990.8,-9.2,9908.0,-92.0,4.36,104.36,4.36,1043.6,43.6,10436.0,436.0,21.02,121.02,21.02,1210.2,210.2,12102.0,2102.0,-30.66,69.34,-30.66,693.4,-306.6,6934.0,-3066.0,-31.0,69.0,-31.0,690.0,-310.0,6900.0,-3100.0,,,,,,,,,,,,,,,,,,,,,,
AIOZ,AIOZ Network,Crypto,ai,Crypto,0.110139,-1.27%,-1.17%,+78.32%,+27.12%,+27%,0.141,,,4.19,4190313,,,,,,,-1.27,98.73,-1.27,987.3,-12.7,9873.0,-127.0,-1.17,98.83,-1.17,988.3,-11.7,9883.0,-117.0,78.32,178.32,78.32,1783.2,783.2,17832.0,7832.0,27.12,127.12,27.12,1271.2,271.2,12712.0,2712.0,27.0,127.0,27.0,1270.0,270.0,12700.0,2700.0,,,,,,,,,,,,,5,buy,0.7,"AIOZ posted +102.59% 1-month gains and +32.97% YTD, riding the AI token wave as a decentralized content delivery network with strong near-term price action despite a small $0.148B market cap.",+102.59% 1m; AI token rotation; decentralized CDN narrative; small-cap high beta,,,,,
ARKM,Arkham,Crypto,ai,Crypto,0.136412,+1.18%,+5.13%,+24.69%,-22.69%,-23%,0.031,,,21.79,21793325,,,,,,,1.18,101.18,1.18,1011.8,11.8,10118.0,118.0,5.13,105.13,5.13,1051.3,51.3,10513.0,513.0,24.69,124.69,24.69,1246.9,246.9,12469.0,2469.0,-22.69,77.31,-22.69,773.1,-226.9,7731.0,-2269.0,-23.0,77.0,-23.0,770.0,-230.0,7700.0,-2300.0,,,,,,,,,,,,,,,,,,,,,,
WLD,Worldcoin,Crypto,ai,Crypto,0.551605,-4.09%,+14.31%,+31.49%,+14.67%,+15%,2.096,,,213.27,213269687,,,,,,,-4.09,95.91,-4.09,959.1,-40.9,9591.0,-409.0,14.31,114.31,14.31,1143.1,143.1,11431.0,1431.0,31.49,131.49,31.49,1314.9,314.9,13149.0,3149.0,14.67,114.67,14.67,1146.7,146.7,11467.0,1467.0,15.0,115.0,15.0,1150.0,150.0,11500.0,1500.0,,,,,,,,,,,,,6,buy,0.7,"WLD gained +42.60% in the past month and +18.03% YTD, with Grayscale noting a 47% September rally for Worldcoin as part of the AI crypto sector surge, supported by retail bullish sentiment.",+42.60% 1m; Grayscale AI sector mention; retail bullish sentiment; identity/ai narrative,,,,,
NEAR,NEAR Protocol,Crypto,ai,Crypto,5.070059,-2.63%,+3.77%,+107.72%,+235.23%,+235%,6.633,,,820.67,820670633,,,,,,,-2.63,97.37,-2.63,973.7,-26.3,9737.0,-263.0,3.77,103.77,3.77,1037.7,37.7,10377.0,377.0,107.72,207.72,107.72,2077.2,1077.2,20772.0,10772.0,235.23,335.23,235.23,3352.3,2352.3,33523.0,23523.0,235.0,335.0,235.0,3350.0,2350.0,33500.0,23500.0,,,,,,,,,,,,,1,strong_buy,0.9,"NEAR leads with +235% YTD and +130.73% 1-month momentum, catalyzed by the Bitwise spot NEAR ETF launch attracting ~$50M inflows and Grayscale highlighting AI tokens as the best-performing sector in September (+54% vs 24% broader market). [cryptonews.com](https://cryptonews.com/news/bitwise-near-protocol-etf/) [stocktwits.com](https://stocktwits.com/news-articles/markets/cryptocurrency/near-leads-ai-crypto-rally-as-grayscale-says-sector-gains-more-than-double-broader-market/cZDZLOVRB1d)",+235% YTD; spot ETF catalyst; AI sector leader; Grayscale AI sector outperformance,,,,,
ICP,Internet Computer,Crypto,ai,Crypto,3.386784,-5.61%,-1.58%,+24.06%,+19.46%,+19%,1.887,,,71.57,71569263,,,,,,,-5.61,94.39,-5.61,943.9,-56.1,9439.0,-561.0,-1.58,98.42,-1.58,984.2,-15.8,9842.0,-158.0,24.06,124.06,24.06,1240.6,240.6,12406.0,2406.0,19.46,119.46,19.46,1194.6,194.6,11946.0,1946.0,19.0,119.0,19.0,1190.0,190.0,11900.0,1900.0,,,,,,,,,,,,,,,,,,,,,,
KAITO,Kaito,Crypto,ai,Crypto,0.334387,-3.28%,-0.34%,+6.78%,-33.94%,-34%,0.081,,,11.09,11090879,,,,,,,-3.28,96.72,-3.28,967.2,-32.8,9672.0,-328.0,-0.34,99.66,-0.34,996.6,-3.4,9966.0,-34.0,6.78,106.78,6.78,1067.8,67.8,10678.0,678.0,-33.94,66.06,-33.94,660.6,-339.4,6606.0,-3394.0,-34.0,66.0,-34.0,660.0,-340.0,6600.0,-3400.0,,,,,,,,,,,,,,,,,,,,,,
VIRTUAL,Virtuals Protocol,Crypto,ai,Crypto,0.804664,-6.22%,+4.84%,+10.37%,+24.49%,+24%,0.53,,,94.59,94586922,,,,,,,-6.22,93.78,-6.22,937.8,-62.2,9378.0,-622.0,4.84,104.84,4.84,1048.4,48.4,10484.0,484.0,10.37,110.37,10.37,1103.7,103.7,11037.0,1037.0,24.49,124.49,24.49,1244.9,244.9,12449.0,2449.0,24.0,124.0,24.0,1240.0,240.0,12400.0,2400.0,,,,,,,,,,,,,,,,,,,,,,
LMT,Lockheed Martin,Defence,us-primes,NYSE,510.12,+0.55%,-0.41%,-4.85%,+4.48%,-1%,117.731,0.095,18.8,1.13,850455,5201155,25374255,272.0,1.25,buy,2.43,0.55,100.55,0.55,1005.5,5.5,10055.0,55.0,-0.41,99.59,-0.41,995.9,-4.1,9959.0,-41.0,-4.85,95.15,-4.85,951.5,-48.5,9515.0,-485.0,4.48,104.48,4.48,1044.8,44.8,10448.0,448.0,-1.0,99.0,-1.0,990.0,-10.0,9900.0,-100.0,,,,,,,,,,,,,,,,,,,,,,
RTX,RTX Corporation,Defence,us-primes,NYSE,183.29,-0.60%,-1.95%,-7.81%,-1.05%,+9%,247.03,0.308,32.27,4.4,4250103,19361503,83628403,158.0,1.01,buy,1.83,-0.6,99.4,-0.6,994.0,-6.0,9940.0,-60.0,-1.95,98.05,-1.95,980.5,-19.5,9805.0,-195.0,-7.81,92.19,-7.81,921.9,-78.1,9219.0,-781.0,-1.05,98.95,-1.05,989.5,-10.5,9895.0,-105.0,9.0,109.0,9.0,1090.0,90.0,10900.0,900.0,,,,,,,,,,,,,,,,,,,,,,
NOC,Northrop Grumman,Defence,us-primes,NYSE,483.11,+1.48%,-4.26%,-6.84%,-16.50%,-23%,68.633,-0.112,15.36,0.85,1010648,7411448,20647848,208.0,1.58,buy,2.04,1.48,101.48,1.48,1014.8,14.8,10148.0,148.0,-4.26,95.74,-4.26,957.4,-42.6,9574.0,-426.0,-6.84,93.16,-6.84,931.6,-68.4,9316.0,-684.0,-16.5,83.5,-16.5,835.0,-165.0,8350.0,-1650.0,-23.0,77.0,-23.0,770.0,-230.0,7700.0,-2300.0,,,,,,,,,,,,,,,,,,,,,,
GD,General Dynamics,Defence,us-primes,NYSE,331.33,-0.79%,-0.30%,-7.08%,-2.24%,-3%,89.643,0.329,20.22,1.12,1352850,6465850,27592450,192.0,1.11,buy,2.08,-0.79,99.21,-0.79,992.1,-7.9,9921.0,-79.0,-0.3,99.7,-0.3,997.0,-3.0,9970.0,-30.0,-7.08,92.92,-7.08,929.2,-70.8,9292.0,-708.0,-2.24,97.76,-2.24,977.6,-22.4,9776.0,-224.0,-3.0,97.0,-3.0,970.0,-30.0,9700.0,-300.0,,,,,,,,,,,,,,,,,,,,,,
HII,Huntington Ingalls Industries,Defence,us-primes,NYSE,263.75,-1.25%,+1.58%,-8.32%,-23.67%,-7%,10.393,0.21,15.72,0.49,608690,3407290,11300290,207.0,3.45,buy,2.08,-1.25,98.75,-1.25,987.5,-12.5,9875.0,-125.0,1.58,101.58,1.58,1015.8,15.8,10158.0,158.0,-8.32,91.68,-8.32,916.8,-83.2,9168.0,-832.0,-23.67,76.33,-23.67,763.3,-236.7,7633.0,-2367.0,-7.0,93.0,-7.0,930.0,-70.0,9300.0,-700.0,,,,,,,,,,,,,,,,,,,,,,
LHX,L3Harris Technologies,Defence,us-primes,NYSE,237.9,+0.81%,+0.60%,-6.98%,-20.90%,-21%,44.301,0.505,23.98,1.57,1139608,6719208,34309308,211.0,2.75,buy,1.85,0.81,100.81,0.81,1008.1,8.1,10081.0,81.0,0.6,100.6,0.6,1006.0,6.0,10060.0,60.0,-6.98,93.02,-6.98,930.2,-69.8,9302.0,-698.0,-20.9,79.1,-20.9,791.0,-209.0,7910.0,-2090.0,-21.0,79.0,-21.0,790.0,-210.0,7900.0,-2100.0,,,,,,,,,,,,,,,,,,,,,,
BA,Boeing,Defence,us-primes,NYSE,189.82,-1.65%,+1.14%,-9.92%,-16.66%,-13%,150.029,1.257,67.79,6.45,7691016,51950416,178763216,,1.8,strong_buy,1.5,-1.65,98.35,-1.65,983.5,-16.5,9835.0,-165.0,1.14,101.14,1.14,1011.4,11.4,10114.0,114.0,-9.92,90.08,-9.92,900.8,-99.2,9008.0,-992.0,-16.66,83.34,-16.66,833.4,-166.6,8334.0,-1666.0,-13.0,87.0,-13.0,870.0,-130.0,8700.0,-1300.0,,,,,,,,,,,,,,,,,,,,,,
BA.L,BAE Systems,Defence,uk-european,LSE,24.61,-4.08%,-4.75%,-4.73%,+5.77%,-3%,0.72,-0.044,26.5,5.75,6169,13662091,114786891,188.0,,buy,2.25,-4.08,95.92,-4.08,959.2,-40.8,9592.0,-408.0,-4.75,95.25,-4.75,952.5,-47.5,9525.0,-475.0,-4.73,95.27,-4.73,952.7,-47.3,9527.0,-473.0,5.77,105.77,5.77,1057.7,57.7,10577.0,577.0,-3.0,97.0,-3.0,970.0,-30.0,9700.0,-300.0,,,,,,,,,,,,,10,buy,0.45,"YTD +10.42%, PE 27.66, beta -0.044; low volatility UK defence stock with modest upside.",YTD +10.42%; Low beta -0.044; PE 27.66; UK defence exposure,,,,,
RR.L,Rolls-Royce Holdings,Defence,uk-european,LSE,19.08,-2.69%,-2.90%,-3.53%,+20.16%,+28%,1.571,1.272,39.95,18.19,390960,42677106,333129559,81.0,,buy,1.6,-2.69,97.31,-2.69,973.1,-26.9,9731.0,-269.0,-2.9,97.1,-2.9,971.0,-29.0,9710.0,-290.0,-3.53,96.47,-3.53,964.7,-35.3,9647.0,-353.0,20.16,120.16,20.16,1201.6,201.6,12016.0,2016.0,28.0,128.0,28.0,1280.0,280.0,12800.0,2800.0,,,,,,,,,,,,,5,buy,0.7,"YTD +23.87%, analyst score 1.6, beta 1.272; benefiting from European defence spending and engine aftermarket growth.",YTD +23.87%; Analyst score 1.6; European defence tailwind; 1Y return +28%,,,,,
QQ.L,QinetiQ Group,Defence,uk-european,LSE,5.97,-5.38%,-6.95%,-6.02%,+1.24%,-7%,0.031,0.334,22.49,1.72,850011,9789459,32066342,231.0,,buy,1.75,-5.38,94.62,-5.38,946.2,-53.8,9462.0,-538.0,-6.95,93.05,-6.95,930.5,-69.5,9305.0,-695.0,-6.02,93.98,-6.02,939.8,-60.2,9398.0,-602.0,1.24,101.24,1.24,1012.4,12.4,10124.0,124.0,-7.0,93.0,-7.0,930.0,-70.0,9300.0,-700.0,,,,,,,,,,,,,9,buy,0.5,"YTD +7.36%, PE 23.85, analyst score 1.75 (buy); small-cap UK defence play with stable fundamentals.",Analyst score 1.75; PE 23.85; YTD +7.36%; Small-cap defence,,,,,
PLTR,Palantir Technologies,Defence,cyber-intel,NASDAQ,192.07,+1.48%,+2.73%,+12.78%,+14.42%,+4%,461.556,1.602,165.58,34.26,17636801,89102101,468051901,,2.8,buy,1.84,1.48,101.48,1.48,1014.8,14.8,10148.0,148.0,2.73,102.73,2.73,1027.3,27.3,10273.0,273.0,12.78,112.78,12.78,1127.8,127.8,11278.0,1278.0,14.42,114.42,14.42,1144.2,144.2,11442.0,1442.0,4.0,104.0,4.0,1040.0,40.0,10400.0,400.0,,,,,,,,,,,,,3,buy,0.75,"Received $92M DoD payment under CDAO MSS Task Order; partnered with Armada for sovereign AI; 1M +10.74%, YTD +12.35%, analyst score 1.84. [tradersunion.com](https://tradersunion.com/news/stocks/show/3665705-palantir-gains-0-13percent-to-usd189-04/)",$92M DoD contract payment; Sovereign AI partnership; 1M momentum +10.74%; Analyst score 1.84,,,,,
LDOS,Leidos Holdings,Defence,cyber-intel,NYSE,116.69,-2.31%,-5.21%,-9.42%,-35.81%,-39%,14.644,0.59,10.9,1.37,1201410,5935010,27202110,144.0,4.78,buy,2.35,-2.31,97.69,-2.31,976.9,-23.1,9769.0,-231.0,-5.21,94.79,-5.21,947.9,-52.1,9479.0,-521.0,-9.42,90.58,-9.42,905.8,-94.2,9058.0,-942.0,-35.81,64.19,-35.81,641.9,-358.1,6419.0,-3581.0,-39.0,61.0,-39.0,610.0,-390.0,6100.0,-3900.0,,,,,,,,,,,,,,,,,,,,,,
CACI,CACI International,Defence,cyber-intel,NYSE,599.64,-3.93%,-1.40%,-4.11%,+11.58%,+19%,13.252,0.591,24.82,0.28,391618,1502418,5645218,,5.61,buy,1.56,-3.93,96.07,-3.93,960.7,-39.3,9607.0,-393.0,-1.4,98.6,-1.4,986.0,-14.0,9860.0,-140.0,-4.11,95.89,-4.11,958.9,-41.1,9589.0,-411.0,11.58,111.58,11.58,1115.8,115.8,11158.0,1158.0,19.0,119.0,19.0,1190.0,190.0,11900.0,1900.0,,,,,,,,,,,,,4,buy,0.7,"YTD +16.55%, PE 25.93, low beta 0.591, analyst score 1.56 (strong buy territory); consistent defence IT demand.",YTD +16.55%; PE 25.93; Analyst score 1.56; Low beta 0.591,,,,,
SAIC,Science Applications International,Defence,cyber-intel,NYSE,124.59,-1.82%,-2.82%,-2.32%,+24.38%,+25%,5.22,0.309,14.54,0.44,346316,2011216,8893716,117.0,6.09,hold,2.82,-1.82,98.18,-1.82,981.8,-18.2,9818.0,-182.0,-2.82,97.18,-2.82,971.8,-28.2,9718.0,-282.0,-2.32,97.68,-2.32,976.8,-23.2,9768.0,-232.0,24.38,124.38,24.38,1243.8,243.8,12438.0,2438.0,25.0,125.0,25.0,1250.0,250.0,12500.0,2500.0,,,,,,,,,,,,,6,buy,0.6,"YTD +26.23%, low PE 14.75, beta 0.309; attractive valuation despite hold rating (2.82); recent weakness may be entry point.",YTD +26.23%; PE 14.75; Low beta 0.309; Value opportunity,,,,,
BAH,Booz Allen Hamilton,Defence,cyber-intel,NYSE,68.14,-1.60%,-2.25%,-5.51%,-17.89%,-34%,8.197,0.368,10.71,1.92,1621670,10932070,37700170,344.0,6.83,hold,2.87,-1.6,98.4,-1.6,984.0,-16.0,9840.0,-160.0,-2.25,97.75,-2.25,977.5,-22.5,9775.0,-225.0,-5.51,94.49,-5.51,944.9,-55.1,9449.0,-551.0,-17.89,82.11,-17.89,821.1,-178.9,8211.0,-1789.0,-34.0,66.0,-34.0,660.0,-340.0,6600.0,-3400.0,,,,,,,,,,,,,,,,,,,,,,
AVAV,AeroVironment,Defence,drones,NASDAQ,143.54,+2.37%,+0.21%,-3.52%,-43.97%,-65%,7.295,1.364,,1.65,1575862,6861662,47113562,,11.76,buy,1.6,2.37,102.37,2.37,1023.7,23.7,10237.0,237.0,0.21,100.21,0.21,1002.1,2.1,10021.0,21.0,-3.52,96.48,-3.52,964.8,-35.2,9648.0,-352.0,-43.97,56.03,-43.97,560.3,-439.7,5603.0,-4397.0,-65.0,35.0,-65.0,350.0,-650.0,3500.0,-6500.0,,,,,,,,,,,,,,,,,,,,,,
KTOS,Kratos Defense,Defence,drones,NASDAQ,43.71,+3.58%,+1.53%,-9.32%,-44.87%,-59%,8.205,1.107,257.12,3.82,5154673,25234973,90942573,,6.16,strong_buy,1.38,3.58,103.58,3.58,1035.8,35.8,10358.0,358.0,1.53,101.53,1.53,1015.3,15.3,10153.0,153.0,-9.32,90.68,-9.32,906.8,-93.2,9068.0,-932.0,-44.87,55.13,-44.87,551.3,-448.7,5513.0,-4487.0,-59.0,41.0,-59.0,410.0,-590.0,4100.0,-5900.0,,,,,,,,,,,,,,,,,,,,,,
RCAT,Red Cat Holdings,Defence,drones,NASDAQ,6.34,+0.00%,-1.71%,-27.08%,-30.79%,-57%,0.969,1.515,,8.31,4819060,29499060,180237460,,26.67,none,,0.0,100.0,0.0,1000.0,0.0,10000.0,0.0,-1.71,98.29,-1.71,982.9,-17.1,9829.0,-171.0,-27.08,72.92,-27.08,729.2,-270.8,7292.0,-2708.0,-30.79,69.21,-30.79,692.1,-307.9,6921.0,-3079.0,-57.0,43.0,-57.0,430.0,-570.0,4300.0,-5700.0,,,,,,,,,,,,,,,,,,,,,,
TXT,Textron,Defence,drones,NYSE,75.53,-1.55%,-2.71%,-5.02%,-13.17%,-11%,12.99,0.908,14.22,1.7,1608473,8789773,40605973,11.0,4.95,buy,2.19,-1.55,98.45,-1.55,984.5,-15.5,9845.0,-155.0,-2.71,97.29,-2.71,972.9,-27.1,9729.0,-271.0,-5.02,94.98,-5.02,949.8,-50.2,9498.0,-502.0,-13.17,86.83,-13.17,868.3,-131.7,8683.0,-1317.0,-11.0,89.0,-11.0,890.0,-110.0,8900.0,-1100.0,,,,,,,,,,,,,,,,,,,,,,
SPCX,SpaceX,Defence,space,NASDAQ,171.92,-0.27%,+15.20%,+12.02%,+6.82%,+6%,2266.211,,,91.96,106392820,510647520,2077001620,,2.43,buy,1.69,-0.27,99.73,-0.27,997.3,-2.7,9973.0,-27.0,15.2,115.2,15.2,1152.0,152.0,11520.0,1520.0,12.02,112.02,12.02,1120.2,120.2,11202.0,1202.0,6.82,106.82,6.82,1068.2,68.2,10682.0,682.0,6.0,106.0,6.0,1060.0,60.0,10600.0,600.0,,,,,,,,,,,,,2,strong_buy,0.8,"Morgan Stanley reiterates Overweight and $300 target; SpaceX rebrands AI unit to SpaceXSI; 1W +14.95%, 1D +5.09%, analyst score 1.68. [247wallst.com](https://247wallst.com/investing/2026/10/05/spacex-climbs-5-as-musk-renames-spacexai-to-spacexsi-morgan-stanley-reiterates-300-target-rocket-lab-slips-ast-spacemobile-nudges-higher/)",Morgan Stanley $300 target; SpaceXSI rebrand catalyst; 1W momentum +14.95%; Strong analyst consensus,,,,,
RKLB,Rocket Lab USA,Defence,space,NASDAQ,75.06,+2.74%,+7.69%,+13.95%,-1.22%,+19%,47.995,2.938,,19.19,26990034,118678334,456987634,,7.31,buy,1.57,2.74,102.74,2.74,1027.4,27.4,10274.0,274.0,7.69,107.69,7.69,1076.9,76.9,10769.0,769.0,13.95,113.95,13.95,1139.5,139.5,11395.0,1395.0,-1.22,98.78,-1.22,987.8,-12.2,9878.0,-122.0,19.0,119.0,19.0,1190.0,190.0,11900.0,1900.0,,,,,,,,,,,,,1,strong_buy,0.85,"Record 20-mission Synspective contract pushes backlog above 100 missions; Citi initiated Buy with $105 target; 1M +10.20%, analyst score 1.57. [kalkine.com](https://kalkine.com/news/industrials/rocket-lab-nasdaqrklb-stock-how-a-record-electron-deal-and-a-citi-buy-call-fired-up-shares) [defenseworld.net](https://www.defenseworld.net/2026/10/04/rocket-lab-nasdaqrklb-upgraded-at-citigroup.html)",Record commercial contract; Citi Buy initiation; Backlog >100 missions; 1M momentum +10.20%,,,,,
PL,Planet Labs,Defence,space,NYSE,18.57,+5.08%,+13.37%,+4.27%,-9.02%,+11%,6.757,2.17,,8.72,15679587,55946987,239599487,,9.68,none,,5.08,105.08,5.08,1050.8,50.8,10508.0,508.0,13.37,113.37,13.37,1133.7,133.7,11337.0,1337.0,4.27,104.27,4.27,1042.7,42.7,10427.0,427.0,-9.02,90.98,-9.02,909.8,-90.2,9098.0,-902.0,11.0,111.0,11.0,1110.0,110.0,11100.0,1100.0,,,,,,,,,,,,,,,,,,,,,,
ASTS,AST SpaceMobile,Defence,space,NASDAQ,63.12,+7.81%,+6.26%,-4.54%,-24.38%,-22%,24.564,2.706,,12.02,17587380,65170780,221432680,,21.84,hold,2.69,7.81,107.81,7.81,1078.1,78.1,10781.0,781.0,6.26,106.26,6.26,1062.6,62.6,10626.0,626.0,-4.54,95.46,-4.54,954.6,-45.4,9546.0,-454.0,-24.38,75.62,-24.38,756.2,-243.8,7562.0,-2438.0,-22.0,78.0,-22.0,780.0,-220.0,7800.0,-2200.0,,,,,,,,,,,,,,,,,,,,,,
TDG,TransDigm Group,Defence,weapons,NYSE,1103.33,+0.98%,+0.32%,-3.65%,-18.79%,-15%,60.988,0.935,33.46,0.39,286934,1669834,8422934,,2.58,buy,2.09,0.98,100.98,0.98,1009.8,9.8,10098.0,98.0,0.32,100.32,0.32,1003.2,3.2,10032.0,32.0,-3.65,96.35,-3.65,963.5,-36.5,9635.0,-365.0,-18.79,81.21,-18.79,812.1,-187.9,8121.0,-1879.0,-15.0,85.0,-15.0,850.0,-150.0,8500.0,-1500.0,,,,,,,,,,,,,,,,,,,,,,
HEI,HEICO Corporation,Defence,weapons,NYSE,303.26,+0.56%,-1.25%,-4.06%,-7.84%,-5%,42.382,1.088,50.54,0.47,424680,2109480,10121680,8.0,6.55,buy,1.96,0.56,100.56,0.56,1005.6,5.6,10056.0,56.0,-1.25,98.75,-1.25,987.5,-12.5,9875.0,-125.0,-4.06,95.94,-4.06,959.4,-40.6,9594.0,-406.0,-7.84,92.16,-7.84,921.6,-78.4,9216.0,-784.0,-5.0,95.0,-5.0,950.0,-50.0,9500.0,-500.0,,,,,,,,,,,,,,,,,,,,,,
AXON,Axon Enterprise,Defence,weapons,NASDAQ,418.62,+1.24%,-0.23%,-17.18%,-25.70%,-42%,34.008,1.439,173.7,0.94,1477371,5292871,23111571,,5.32,buy,1.67,1.24,101.24,1.24,1012.4,12.4,10124.0,124.0,-0.23,99.77,-0.23,997.7,-2.3,9977.0,-23.0,-17.18,82.82,-17.18,828.2,-171.8,8282.0,-1718.0,-25.7,74.3,-25.7,743.0,-257.0,7430.0,-2570.0,-42.0,58.0,-42.0,580.0,-420.0,5800.0,-4200.0,,,,,,,,,,,,,,,,,,,,,,
OLN,Olin Corporation,Defence,weapons,NYSE,16.21,-0.65%,+5.06%,-9.39%,-22.76%,-34%,1.848,1.226,,3.31,3863494,38585994,79709294,492.0,13.14,hold,2.87,-0.65,99.35,-0.65,993.5,-6.5,9935.0,-65.0,5.06,105.06,5.06,1050.6,50.6,10506.0,506.0,-9.39,90.61,-9.39,906.1,-93.9,9061.0,-939.0,-22.76,77.24,-22.76,772.4,-227.6,7724.0,-2276.0,-34.0,66.0,-34.0,660.0,-340.0,6600.0,-3400.0,,,,,,,,,,,,,,,,,,,,,,
MRCY,Mercury Systems,Defence,weapons,NASDAQ,82.8,-0.17%,+0.19%,-0.79%,+8.90%,-1%,5.039,0.977,,0.7,547569,2783169,13949469,,9.57,none,,-0.17,99.83,-0.17,998.3,-1.7,9983.0,-17.0,0.19,100.19,0.19,1001.9,1.9,10019.0,19.0,-0.79,99.21,-0.79,992.1,-7.9,9921.0,-79.0,8.9,108.9,8.9,1089.0,89.0,10890.0,890.0,-1.0,99.0,-1.0,990.0,-10.0,9900.0,-100.0,,,,,,,,,,,,,7,buy,0.55,"YTD +10.82%, 1W +5.17%, beta 0.977; no analyst rating but positive momentum and defence electronics exposure.",1W momentum +5.17%; YTD +10.82%; Defence electronics niche; Beta 0.977,,,,,
DRS,Leonardo DRS,Defence,weapons,NYSE,36.78,-1.37%,+0.14%,-0.43%,+6.39%,-18%,9.817,0.16,30.91,0.87,817571,3536371,19773571,98.0,1.28,none,,-1.37,98.63,-1.37,986.3,-13.7,9863.0,-137.0,0.14,100.14,0.14,1001.4,1.4,10014.0,14.0,-0.43,99.57,-0.43,995.7,-4.3,9957.0,-43.0,6.39,106.39,6.39,1063.9,63.9,10639.0,639.0,-18.0,82.0,-18.0,820.0,-180.0,8200.0,-1800.0,,,,,,,,,,,,,8,buy,0.55,"YTD +7.37%, 1D +2.40%, low beta 0.16, short interest 1.28%; steady performer with embedded defence systems exposure.",1D momentum +2.40%; YTD +7.37%; Low beta 0.16; Low short interest 1.28%,,,,,
XOM,ExxonMobil,Energy,oil-majors,NYSE,164.48,+0.29%,+1.94%,+2.38%,+36.80%,+44%,676.327,0.209,21.17,14.2,9285521,57851521,287849421,251.0,1.08,buy,2.4,0.29,100.29,0.29,1002.9,2.9,10029.0,29.0,1.94,101.94,1.94,1019.4,19.4,10194.0,194.0,2.38,102.38,2.38,1023.8,23.8,10238.0,238.0,36.8,136.8,36.8,1368.0,368.0,13680.0,3680.0,44.0,144.0,44.0,1440.0,440.0,14400.0,4400.0,,,,,,,,,,,,,7,buy,0.65,"XOM is up +35.44% YTD with a 2.51% dividend yield, but faces a Supreme Court climate liability case and a recent neutral rating shift; still a buy with strong earnings and $17B free cash flow in Q2.",+35.44% YTD; 2.51% dividend yield; Supreme Court case risk; $17B free cash flow,,,,,
CVX,Chevron,Energy,oil-majors,NYSE,207.58,+0.52%,+1.57%,-1.06%,+36.87%,+33%,407.19,0.523,19.98,8.39,5470678,30975578,202944778,345.0,1.06,buy,1.72,0.52,100.52,0.52,1005.2,5.2,10052.0,52.0,1.57,101.57,1.57,1015.7,15.7,10157.0,157.0,-1.06,98.94,-1.06,989.4,-10.6,9894.0,-106.0,36.87,136.87,36.87,1368.7,368.7,13687.0,3687.0,33.0,133.0,33.0,1330.0,330.0,13300.0,3300.0,,,,,,,,,,,,,3,strong_buy,0.85,"CVX has a strong analyst score of 1.72 (most bullish among majors), a 3.44% dividend yield, and a 20-year 2.67 GW power deal with Microsoft for AI data centers, despite a slight -2.24% 1M dip.",analyst score 1.72; 3.44% dividend yield; Microsoft AI power deal; +35.24% YTD,,,,,
SHEL,Shell,Energy,oil-majors,NYSE,97.62,+1.14%,+2.61%,+2.41%,+32.95%,+29%,278.04,-0.192,10.77,6.43,8159023,41863255,137266841,324.0,1.24,buy,2.19,1.14,101.14,1.14,1011.4,11.4,10114.0,114.0,2.61,102.61,2.61,1026.1,26.1,10261.0,261.0,2.41,102.41,2.41,1024.1,24.1,10241.0,241.0,32.95,132.95,32.95,1329.5,329.5,13295.0,3295.0,29.0,129.0,29.0,1290.0,290.0,12900.0,2900.0,,,,,,,,,,,,,4,buy,0.8,"SHEL trades at a low P/E of 10.54 with a 3.25% yield, generated $21.4B in operating cash flow in Q2, and Morgan Stanley raised its price target to $101.30; YTD return is +30.01%.",P/E 10.54; 3.25% dividend yield; $21.4B operating cash flow; Morgan Stanley $101.30 target,,,,,
BP,BP p.l.c.,Energy,oil-majors,NYSE,45.01,+0.19%,+3.42%,+0.29%,+30.29%,+28%,115.927,-0.196,21.96,8.72,13156750,48458250,199626850,452.0,0.28,buy,2.16,0.19,100.19,0.19,1001.9,1.9,10019.0,19.0,3.42,103.42,3.42,1034.2,34.2,10342.0,342.0,0.29,100.29,0.29,1002.9,2.9,10029.0,29.0,30.29,130.29,30.29,1302.9,302.9,13029.0,3029.0,28.0,128.0,28.0,1280.0,280.0,12800.0,2800.0,,,,,,,,,,,,,8,buy,0.6,"BP offers a high 4.5% dividend yield, +28.75% YTD, and a buy analyst consensus (score 2.16), though its P/E of 21.7 is elevated relative to peers.",4.5% dividend yield; +28.75% YTD; buy consensus; P/E 21.7,,,,,
TTE,TotalEnergies,Energy,oil-majors,NYSE,83.98,-0.46%,-3.12%,-5.69%,+29.13%,+42%,185.383,0.092,10.51,1.63,4150024,13812224,36327324,480.0,0.22,buy,1.86,-0.46,99.54,-0.46,995.4,-4.6,9954.0,-46.0,-3.12,96.88,-3.12,968.8,-31.2,9688.0,-312.0,-5.69,94.31,-5.69,943.1,-56.9,9431.0,-569.0,29.13,129.13,29.13,1291.3,291.3,12913.0,2913.0,42.0,142.0,42.0,1420.0,420.0,14200.0,4200.0,,,,,,,,,,,,,,,,,,,,,,
EQNR,Equinor,Energy,oil-majors,NYSE,43.01,+1.68%,+4.04%,-0.88%,+81.09%,+67%,101.927,-0.661,11.75,3.49,4644649,18850849,82397549,368.0,2.39,hold,3.0,1.68,101.68,1.68,1016.8,16.8,10168.0,168.0,4.04,104.04,4.04,1040.4,40.4,10404.0,404.0,-0.88,99.12,-0.88,991.2,-8.8,9912.0,-88.0,81.09,181.09,81.09,1810.9,810.9,18109.0,8109.0,67.0,167.0,67.0,1670.0,670.0,16700.0,6700.0,,,,,,,,,,,,,9,buy,0.55,"EQNR has the highest YTD return at +77.34%, a low P/E of 11.51, and a 3.67% dividend yield, but carries a hold analyst rating (score 3.0) and recent negative 1M momentum of -2.93%.",+77.34% YTD; P/E 11.51; 3.67% dividend yield; hold rating,,,,,
COP,ConocoPhillips,Energy,ep-refining,NYSE,129.35,+0.85%,+3.12%,-4.21%,+36.71%,+35%,155.393,0.244,17.13,6.67,5839171,29352671,143657171,262.0,1.34,buy,1.79,0.85,100.85,0.85,1008.5,8.5,10085.0,85.0,3.12,103.12,3.12,1031.2,31.2,10312.0,312.0,-4.21,95.79,-4.21,957.9,-42.1,9579.0,-421.0,36.71,136.71,36.71,1367.1,367.1,13671.0,3671.0,35.0,135.0,35.0,1350.0,350.0,13500.0,3500.0,,,,,,,,,,,,,,,,,,,,,,
OXY,Occidental Petroleum,Energy,ep-refining,NYSE,58.33,-0.03%,+6.17%,-3.38%,+39.57%,+29%,58.308,0.245,16.57,8.72,7151545,46569945,198577945,192.0,2.96,buy,2.23,-0.03,99.97,-0.03,999.7,-0.3,9997.0,-3.0,6.17,106.17,6.17,1061.7,61.7,10617.0,617.0,-3.38,96.62,-3.38,966.2,-33.8,9662.0,-338.0,39.57,139.57,39.57,1395.7,395.7,13957.0,3957.0,29.0,129.0,29.0,1290.0,290.0,12900.0,2900.0,,,,,,,,,,,,,6,buy,0.7,"OXY has a +40.20% YTD return, strong 1W momentum of +4.45%, a P/E of 16.65, and a buy analyst rating (score 2.23), benefiting from upstream production and Permian exposure.",+40.20% YTD; +4.45% 1W; P/E 16.65; buy rating,,,,,
EOG,EOG Resources,Energy,ep-refining,NYSE,144.28,+1.25%,+3.31%,-0.74%,+37.85%,+30%,75.679,0.371,11.23,3.07,2826196,15681696,69526196,283.0,3.3,buy,2.34,1.25,101.25,1.25,1012.5,12.5,10125.0,125.0,3.31,103.31,3.31,1033.1,33.1,10331.0,331.0,-0.74,99.26,-0.74,992.6,-7.4,9926.0,-74.0,37.85,137.85,37.85,1378.5,378.5,13785.0,3785.0,30.0,130.0,30.0,1300.0,300.0,13000.0,3000.0,,,,,,,,,,,,,5,buy,0.75,"EOG offers a low P/E of 11.09, a 2.89% dividend yield, and a +36.22% YTD return with positive 1W momentum of +1.38%, backed by a buy analyst consensus (score 2.34).",P/E 11.09; 2.89% dividend yield; +36.22% YTD; buy consensus,,,,,
MPC,Marathon Petroleum,Energy,ep-refining,NYSE,432.36,-0.55%,+10.29%,+8.70%,+164.85%,+126%,121.417,0.541,15.01,2.53,1570138,9624938,62162338,92.0,3.19,buy,2.37,-0.55,99.45,-0.55,994.5,-5.5,9945.0,-55.0,10.29,110.29,10.29,1102.9,102.9,11029.0,1029.0,8.7,108.7,8.7,1087.0,87.0,10870.0,870.0,164.85,264.85,164.85,2648.5,1648.5,26485.0,16485.0,126.0,226.0,126.0,2260.0,1260.0,22600.0,12600.0,,,,,,,,,,,,,1,strong_buy,0.9,"MPC leads with a staggering +161.75% YTD return, +7.42% 1M and +9.72% 1W momentum, supported by a P/E of 14.8 and a buy analyst consensus (score 2.37).",+161.75% YTD; +7.42% 1M; P/E 14.8; buy consensus,,,,,
VLO,Valero Energy,Energy,ep-refining,NYSE,419.22,-0.20%,+8.12%,+9.50%,+157.35%,+157%,120.705,0.592,17.47,3.05,1908640,12253840,81120040,114.0,3.91,buy,2.4,-0.2,99.8,-0.2,998.0,-2.0,9980.0,-20.0,8.12,108.12,8.12,1081.2,81.2,10812.0,812.0,9.5,109.5,9.5,1095.0,95.0,10950.0,950.0,157.35,257.35,157.35,2573.5,1573.5,25735.0,15735.0,157.0,257.0,157.0,2570.0,1570.0,25700.0,15700.0,,,,,,,,,,,,,2,strong_buy,0.9,"VLO shows +153.08% YTD, +7.68% 1M and +5.83% 1W momentum, with a P/E of 17.19 and buy rating (score 2.4); diesel prices remain elevated at $6.34 per gallon, supporting refining margins.",+153.08% YTD; +7.68% 1M; P/E 17.19; diesel price catalyst,,,,,
SLB,SLB (Schlumberger),Energy,oilfield-services,NYSE,50.0,-0.56%,+0.26%,-12.43%,+26.42%,+46%,74.208,0.839,24.15,12.66,11092477,60010777,290493777,235.0,4.67,buy,1.6,-0.56,99.44,-0.56,994.4,-5.6,9944.0,-56.0,0.26,100.26,0.26,1002.6,2.6,10026.0,26.0,-12.43,87.57,-12.43,875.7,-124.3,8757.0,-1243.0,26.42,126.42,26.42,1264.2,264.2,12642.0,2642.0,46.0,146.0,46.0,1460.0,460.0,14600.0,4600.0,,,,,,,,,,,,,,,,,,,,,,
HAL,Halliburton,Energy,oilfield-services,NYSE,32.72,-0.67%,+3.74%,-11.09%,+12.07%,+35%,27.261,0.839,17.22,11.14,6801875,47554475,214098175,207.0,5.67,buy,1.75,-0.67,99.33,-0.67,993.3,-6.7,9933.0,-67.0,3.74,103.74,3.74,1037.4,37.4,10374.0,374.0,-11.09,88.91,-11.09,889.1,-110.9,8891.0,-1109.0,12.07,112.07,12.07,1120.7,120.7,11207.0,1207.0,35.0,135.0,35.0,1350.0,350.0,13500.0,3500.0,,,,,,,,,,,,,,,,,,,,,,
BKR,Baker Hughes,Energy,oilfield-services,NASDAQ,57.13,-0.87%,+2.16%,-10.62%,+22.51%,+18%,56.711,1.035,18.37,8.03,4548679,30386579,174821879,160.0,2.83,buy,1.68,-0.87,99.13,-0.87,991.3,-8.7,9913.0,-87.0,2.16,102.16,2.16,1021.6,21.6,10216.0,216.0,-10.62,89.38,-10.62,893.8,-106.2,8938.0,-1062.0,22.51,122.51,22.51,1225.1,225.1,12251.0,2251.0,18.0,118.0,18.0,1180.0,180.0,11800.0,1800.0,,,,,,,,,,,,,,,,,,,,,,
NEE,NextEra Energy,Energy,utilities,NYSE,77.88,+1.99%,+2.62%,-7.10%,-1.67%,-8%,162.456,0.639,17.5,11.31,13119554,79004454,270092754,327.0,2.71,buy,1.9,1.99,101.99,1.99,1019.9,19.9,10199.0,199.0,2.62,102.62,2.62,1026.2,26.2,10262.0,262.0,-7.1,92.9,-7.1,929.0,-71.0,9290.0,-710.0,-1.67,98.33,-1.67,983.3,-16.7,9833.0,-167.0,-8.0,92.0,-8.0,920.0,-80.0,9200.0,-800.0,,,,,,,,,,,,,,,,,,,,,,
SSE.L,SSE plc,Energy,utilities,LSE,32.79,+0.24%,+1.44%,+2.91%,+10.82%,+39%,0.398,0.56,23.54,2.69,20150,10834469,52235254,279.0,,buy,1.94,0.24,100.24,0.24,1002.4,2.4,10024.0,24.0,1.44,101.44,1.44,1014.4,14.4,10144.0,144.0,2.91,102.91,2.91,1029.1,29.1,10291.0,291.0,10.82,110.82,10.82,1108.2,108.2,11082.0,1082.0,39.0,139.0,39.0,1390.0,390.0,13900.0,3900.0,,,,,,,,,,,,,10,buy,0.5,"SSE.L provides utility stability with a +11.41% YTD, +3.46% 1M momentum, a 2.81% dividend yield, and a buy analyst score of 1.94, offering diversification from pure oil plays.",+11.41% YTD; +3.46% 1M; 2.81% dividend yield; buy score 1.94,,,,,
ENPH,Enphase Energy,Energy,clean-energy,NASDAQ,33.91,+1.68%,+6.53%,-12.67%,+0.47%,-8%,4.481,1.633,33.57,4.43,4012061,23275161,101326661,,21.74,buy,2.31,1.68,101.68,1.68,1016.8,16.8,10168.0,168.0,6.53,106.53,6.53,1065.3,65.3,10653.0,653.0,-12.67,87.33,-12.67,873.3,-126.7,8733.0,-1267.0,0.47,100.47,0.47,1004.7,4.7,10047.0,47.0,-8.0,92.0,-8.0,920.0,-80.0,9200.0,-800.0,,,,,,,,,,,,,,,,,,,,,,
FSLR,First Solar,Energy,clean-energy,NASDAQ,179.8,+2.04%,+1.62%,-15.69%,-34.46%,-23%,19.323,1.794,10.86,2.26,1766919,9677519,51781819,,12.8,buy,1.86,2.04,102.04,2.04,1020.4,20.4,10204.0,204.0,1.62,101.62,1.62,1016.2,16.2,10162.0,162.0,-15.69,84.31,-15.69,843.1,-156.9,8431.0,-1569.0,-34.46,65.54,-34.46,655.4,-344.6,6554.0,-3446.0,-23.0,77.0,-23.0,770.0,-230.0,7700.0,-2300.0,,,,,,,,,,,,,,,,,,,,,,
BEPC,Brookfield Renewable Corp,Energy,clean-energy,NYSE,29.65,+3.29%,+5.52%,-8.94%,-23.33%,-26%,5.505,1.148,,1.79,2466406,10860106,40192706,554.0,,hold,2.86,3.29,103.29,3.29,1032.9,32.9,10329.0,329.0,5.52,105.52,5.52,1055.2,55.2,10552.0,552.0,-8.94,91.06,-8.94,910.6,-89.4,9106.0,-894.0,-23.33,76.67,-23.33,766.7,-233.3,7667.0,-2333.0,-26.0,74.0,-26.0,740.0,-260.0,7400.0,-2600.0,,,,,,,,,,,,,,,,,,,,,,
DNNGY,Ørsted,Energy,clean-energy,NASDAQ,6.69,+0.90%,-1.91%,-6.56%,+0.38%,-70%,26.514,0.576,,0.12,13968,632868,3208068,,,strong_buy,1.0,0.9,100.9,0.9,1009.0,9.0,10090.0,90.0,-1.91,98.09,-1.91,980.9,-19.1,9809.0,-191.0,-6.56,93.44,-6.56,934.4,-65.6,9344.0,-656.0,0.38,100.38,0.38,1003.8,3.8,10038.0,38.0,-70.0,30.0,-70.0,300.0,-700.0,3000.0,-7000.0,,,,,,,,,,,,,,,,,,,,,,
AAPL,Apple,MegaCap,big-tech,NASDAQ,334,+0.23%,+1.28%,+5.51%,+23.44%,+30%,4869.056,1.069,38.26,45.71,30438844,184413244,869950044,32.0,0.88,buy,2.2,0.23,100.23,0.23,1002.3,2.3,10023.0,23.0,1.28,101.28,1.28,1012.8,12.8,10128.0,128.0,5.51,105.51,5.51,1055.1,55.1,10551.0,551.0,23.44,123.44,23.44,1234.4,234.4,12344.0,2344.0,30.0,130.0,30.0,1300.0,300.0,13000.0,3000.0,,,,,,,,,,,,,8,buy,0.7,"+23.50% YTD, 1M +5.56%, P/E 38.28, buy consensus; services growth and iPhone cycle.",YTD +23.50%; P/E 38.28; buy consensus; 1M +5.56%,,,,,
MSFT,Microsoft,MegaCap,big-tech,NASDAQ,529,+0.74%,+4.00%,+7.16%,+12.63%,+0%,3930.341,1.099,29.49,28.13,21098949,112481249,454700849,75.0,0.91,strong_buy,1.29,0.74,100.74,0.74,1007.4,7.4,10074.0,74.0,4.0,104.0,4.0,1040.0,40.0,10400.0,400.0,7.16,107.16,7.16,1071.6,71.6,10716.0,716.0,12.63,112.63,12.63,1126.3,126.3,11263.0,1263.0,0.0,100.0,0.0,1000.0,0.0,10000.0,0.0,,,,,,,,,,,,,6,strong_buy,0.85,"+11.91% YTD, 1M +6.47%, P/E 29.3, strong_buy consensus; cloud and AI growth.",YTD +11.91%; P/E 29.3; strong_buy consensus; 1M +6.47%,,,,,
NVDA,NVIDIA,MegaCap,big-tech,NASDAQ,239,-0.40%,+5.29%,+6.10%,+26.98%,+29%,5776.928,2.216,30.25,122.9,101482897,584145797,2292621097,42.0,1.27,strong_buy,1.3,-0.4,99.6,-0.4,996.0,-4.0,9960.0,-40.0,5.29,105.29,5.29,1052.9,52.9,10529.0,529.0,6.1,106.1,6.1,1061.0,61.0,10610.0,610.0,26.98,126.98,26.98,1269.8,269.8,12698.0,2698.0,29.0,129.0,29.0,1290.0,290.0,12900.0,2900.0,,,,,,,,,,,,,1,strong_buy,0.95,"Record high with $150B buyback authorization and Morgan Stanley top pick reinstatement [kalkine.com]; +25.83% YTD, P/E 29.97, strong_buy consensus.",YTD +25.83%; P/E 29.97; strong_buy consensus; $150B buyback,,,,,
GOOGL,Alphabet,MegaCap,big-tech,NASDAQ,348,+0.47%,+1.98%,+2.75%,+10.54%,+41%,4252.104,1.211,17.45,27.1,18702460,138748160,568577960,25.0,1.49,strong_buy,1.38,0.47,100.47,0.47,1004.7,4.7,10047.0,47.0,1.98,101.98,1.98,1019.8,19.8,10198.0,198.0,2.75,102.75,2.75,1027.5,27.5,10275.0,275.0,10.54,110.54,10.54,1105.4,105.4,11054.0,1054.0,41.0,141.0,41.0,1410.0,410.0,14100.0,4100.0,,,,,,,,,,,,,9,strong_buy,0.75,"+9.54% YTD, P/E 17.29, strong_buy consensus; attractive valuation and AI search.",P/E 17.29; strong_buy consensus; YTD +9.54%; low valuation,,,,,
META,Meta Platforms,MegaCap,big-tech,NASDAQ,739,-0.49%,+0.01%,+20.54%,+13.89%,+4%,1882.301,1.185,27.84,19.33,12557926,72438726,485124526,28.0,1.41,strong_buy,1.41,-0.49,99.51,-0.49,995.1,-4.9,9951.0,-49.0,0.01,100.01,0.01,1000.1,0.1,10001.0,1.0,20.54,120.54,20.54,1205.4,205.4,12054.0,2054.0,13.89,113.89,13.89,1138.9,138.9,11389.0,1389.0,4.0,104.0,4.0,1040.0,40.0,10400.0,400.0,,,,,,,,,,,,,3,strong_buy,0.85,"+21.11% 1M, +14.43% YTD, P/E 27.97, strong_buy consensus; ad recovery and AI investments.",1M +21.11%; P/E 27.97; strong_buy consensus; YTD +14.43%,,,,,
AMZN,Amazon,MegaCap,big-tech,NASDAQ,256,+1.72%,+3.90%,-0.26%,+13.15%,+13%,2764.424,1.456,20.62,39.18,34067715,181932015,746226915,,0.83,strong_buy,1.32,1.72,101.72,1.72,1017.2,17.2,10172.0,172.0,3.9,103.9,3.9,1039.0,39.0,10390.0,390.0,-0.26,99.74,-0.26,997.4,-2.6,9974.0,-26.0,13.15,113.15,13.15,1131.5,131.5,11315.0,1315.0,13.0,113.0,13.0,1130.0,130.0,11300.0,1300.0,,,,,,,,,,,,,,,,,,,,,,
TSLA,Tesla,MegaCap,big-tech,NASDAQ,381,+0.24%,+7.89%,+3.40%,-13.10%,-13%,1503.514,1.916,352.48,37.96,27702813,195582213,767326713,,1.95,buy,2.35,0.24,100.24,0.24,1002.4,2.4,10024.0,24.0,7.89,107.89,7.89,1078.9,78.9,10789.0,789.0,3.4,103.4,3.4,1034.0,34.0,10340.0,340.0,-13.1,86.9,-13.1,869.0,-131.0,8690.0,-1310.0,-13.0,87.0,-13.0,870.0,-130.0,8700.0,-1300.0,,,,,,,,,,,,,,,,,,,,,,
NFLX,Netflix,MegaCap,big-tech,NASDAQ,69,+1.59%,-2.29%,-10.52%,-24.51%,-43%,286.021,1.613,21.6,37.02,35156434,188650034,747983934,,2.28,buy,1.8,1.59,101.59,1.59,1015.9,15.9,10159.0,159.0,-2.29,97.71,-2.29,977.1,-22.9,9771.0,-229.0,-10.52,89.48,-10.52,894.8,-105.2,8948.0,-1052.0,-24.51,75.49,-24.51,754.9,-245.1,7549.0,-2451.0,-43.0,57.0,-43.0,570.0,-430.0,5700.0,-4300.0,,,,,,,,,,,,,,,,,,,,,,
JPM,JPMorgan Chase,MegaCap,financials,NYSE,331,-0.64%,-1.10%,-6.29%,+3.23%,+8%,880.604,1.015,14.24,7.61,6287462,35565062,174887762,199.0,0.91,buy,2.08,-0.64,99.36,-0.64,993.6,-6.4,9936.0,-64.0,-1.1,98.9,-1.1,989.0,-11.0,9890.0,-110.0,-6.29,93.71,-6.29,937.1,-62.9,9371.0,-629.0,3.23,103.23,3.23,1032.3,32.3,10323.0,323.0,8.0,108.0,8.0,1080.0,80.0,10800.0,800.0,,,,,,,,,,,,,,,,,,,,,,
BAC,Bank of America,MegaCap,financials,NYSE,54,-0.08%,-1.58%,-13.30%,-1.77%,+7%,378.238,1.214,12.49,33.42,25371844,189528844,812633144,237.0,1.19,strong_buy,1.5,-0.08,99.92,-0.08,999.2,-0.8,9992.0,-8.0,-1.58,98.42,-1.58,984.2,-15.8,9842.0,-158.0,-13.3,86.7,-13.3,867.0,-133.0,8670.0,-1330.0,-1.77,98.23,-1.77,982.3,-17.7,9823.0,-177.0,7.0,107.0,7.0,1070.0,70.0,10700.0,700.0,,,,,,,,,,,,,,,,,,,,,,
BRK-B,Berkshire Hathaway B,MegaCap,financials,NYSE,506,+0.22%,+0.64%,-0.06%,+1.75%,+0%,1082.214,0.595,12.68,4.32,3248546,22643746,96979646,,1.0,buy,2.0,0.22,100.22,0.22,1002.2,2.2,10022.0,22.0,0.64,100.64,0.64,1006.4,6.4,10064.0,64.0,-0.06,99.94,-0.06,999.4,-0.6,9994.0,-6.0,1.75,101.75,1.75,1017.5,17.5,10175.0,175.0,0.0,100.0,0.0,1000.0,0.0,10000.0,0.0,,,,,,,,,,,,,,,,,,,,,,
V,Visa,MegaCap,financials,NYSE,371,+0.43%,+1.30%,+0.54%,+7.62%,+5%,695.823,0.771,31.54,6.67,3534296,24751696,126012596,72.0,1.09,strong_buy,1.45,0.43,100.43,0.43,1004.3,4.3,10043.0,43.0,1.3,101.3,1.3,1013.0,13.0,10130.0,130.0,0.54,100.54,0.54,1005.4,5.4,10054.0,54.0,7.62,107.62,7.62,1076.2,76.2,10762.0,762.0,5.0,105.0,5.0,1050.0,50.0,10500.0,500.0,,,,,,,,,,,,,,,,,,,,,,
MA,Mastercard,MegaCap,financials,NYSE,567,+0.18%,+0.53%,-0.75%,+1.11%,-3%,496.33,0.76,31.17,2.86,2286545,15072745,57986545,62.0,0.83,strong_buy,1.43,0.18,100.18,0.18,1001.8,1.8,10018.0,18.0,0.53,100.53,0.53,1005.3,5.3,10053.0,53.0,-0.75,99.25,-0.75,992.5,-7.5,9925.0,-75.0,1.11,101.11,1.11,1011.1,11.1,10111.0,111.0,-3.0,97.0,-3.0,970.0,-30.0,9700.0,-300.0,,,,,,,,,,,,,,,,,,,,,,
GS,Goldman Sachs,MegaCap,financials,NYSE,897,+0.22%,-2.08%,-13.44%,-0.44%,+13%,261.233,1.284,13.86,1.99,2048725,9957625,45354625,224.0,2.39,hold,2.6,0.22,100.22,0.22,1002.2,2.2,10022.0,22.0,-2.08,97.92,-2.08,979.2,-20.8,9792.0,-208.0,-13.44,86.56,-13.44,865.6,-134.4,8656.0,-1344.0,-0.44,99.56,-0.44,995.6,-4.4,9956.0,-44.0,13.0,113.0,13.0,1130.0,130.0,11300.0,1300.0,,,,,,,,,,,,,,,,,,,,,,
BLK,BlackRock,MegaCap,financials,NYSE,1079,+0.49%,+1.07%,-1.46%,+1.11%,-9%,175.38,1.421,25.84,0.63,539147,2791047,11274447,215.0,1.34,strong_buy,1.44,0.49,100.49,0.49,1004.9,4.9,10049.0,49.0,1.07,101.07,1.07,1010.7,10.7,10107.0,107.0,-1.46,98.54,-1.46,985.4,-14.6,9854.0,-146.0,1.11,101.11,1.11,1011.1,11.1,10111.0,111.0,-9.0,91.0,-9.0,910.0,-90.0,9100.0,-900.0,,,,,,,,,,,,,,,,,,,,,,
LLY,Eli Lilly,MegaCap,healthcare,NYSE,1157,+0.93%,-2.29%,+2.99%,+7.66%,+36%,1032.182,0.453,38.85,2.49,2131200,11740300,47001800,61.0,0.84,buy,1.63,0.93,100.93,0.93,1009.3,9.3,10093.0,93.0,-2.29,97.71,-2.29,977.1,-22.9,9771.0,-229.0,2.99,102.99,2.99,1029.9,29.9,10299.0,299.0,7.66,107.66,7.66,1076.6,76.6,10766.0,766.0,36.0,136.0,36.0,1360.0,360.0,13600.0,3600.0,,,,,,,,,,,,,,,,,,,,,,
UNH,UnitedHealth Group,MegaCap,healthcare,NYSE,376,-0.44%,+0.37%,-5.54%,+14.08%,+4%,337.783,0.615,24.34,4.89,5037710,22896910,106976910,245.0,1.64,buy,1.58,-0.44,99.56,-0.44,995.6,-4.4,9956.0,-44.0,0.37,100.37,0.37,1003.7,3.7,10037.0,37.0,-5.54,94.46,-5.54,944.6,-55.4,9446.0,-554.0,14.08,114.08,14.08,1140.8,140.8,11408.0,1408.0,4.0,104.0,4.0,1040.0,40.0,10400.0,400.0,,,,,,,,,,,,,,,,,,,,,,
JNJ,Johnson & Johnson,MegaCap,healthcare,NYSE,255,+0.68%,-4.78%,-5.33%,+24.85%,+34%,613.994,0.206,29.52,7.09,5663121,41260321,143020221,212.0,0.98,buy,1.91,0.68,100.68,0.68,1006.8,6.8,10068.0,68.0,-4.78,95.22,-4.78,952.2,-47.8,9522.0,-478.0,-5.33,94.67,-5.33,946.7,-53.3,9467.0,-533.0,24.85,124.85,24.85,1248.5,248.5,12485.0,2485.0,34.0,134.0,34.0,1340.0,340.0,13400.0,3400.0,,,,,,,,,,,,,,,,,,,,,,
ABBV,AbbVie,MegaCap,healthcare,NYSE,267,+0.60%,+1.29%,+7.20%,+19.05%,+14%,471.273,0.228,75.34,4.92,4500656,26180556,92844556,260.0,1.23,buy,1.7,0.6,100.6,0.6,1006.0,6.0,10060.0,60.0,1.29,101.29,1.29,1012.9,12.9,10129.0,129.0,7.2,107.2,7.2,1072.0,72.0,10720.0,720.0,19.05,119.05,19.05,1190.5,190.5,11905.0,1905.0,14.0,114.0,14.0,1140.0,140.0,11400.0,1400.0,,,,,,,,,,,,,,,,,,,,,,
MRK,Merck,MegaCap,healthcare,NYSE,142,+1.70%,-4.92%,-3.83%,+36.09%,+59%,350.19,0.222,112.65,9.83,8072695,45288995,209763495,244.0,1.4,buy,1.78,1.7,101.7,1.7,1017.0,17.0,10170.0,170.0,-4.92,95.08,-4.92,950.8,-49.2,9508.0,-492.0,-3.83,96.17,-3.83,961.7,-38.3,9617.0,-383.0,36.09,136.09,36.09,1360.9,360.9,13609.0,3609.0,59.0,159.0,59.0,1590.0,590.0,15900.0,5900.0,,,,,,,,,,,,,,,,,,,,,,
TMO,Thermo Fisher Scientific,MegaCap,healthcare,NYSE,657,-3.24%,-3.39%,+8.97%,+11.12%,+26%,242.769,0.877,35.34,2.05,2748218,11239118,49887318,28.0,1.36,buy,1.54,-3.24,96.76,-3.24,967.6,-32.4,9676.0,-324.0,-3.39,96.61,-3.39,966.1,-33.9,9661.0,-339.0,8.97,108.97,8.97,1089.7,89.7,10897.0,897.0,11.12,111.12,11.12,1111.2,111.2,11112.0,1112.0,26.0,126.0,26.0,1260.0,260.0,12600.0,2600.0,,,,,,,,,,,,,7,buy,0.75,"+11.90% YTD, 1M +9.73%, P/E 35.59, buy consensus; life sciences tools demand.",1M +9.73%; YTD +11.90%; P/E 35.59; buy consensus,,,,,
ABT,Abbott Laboratories,MegaCap,healthcare,NYSE,98,-2.42%,-2.76%,-6.97%,-19.49%,-25%,169.854,0.583,31.66,9.56,10576477,47704677,192189777,252.0,1.29,strong_buy,1.44,-2.42,97.58,-2.42,975.8,-24.2,9758.0,-242.0,-2.76,97.24,-2.76,972.4,-27.6,9724.0,-276.0,-6.97,93.03,-6.97,930.3,-69.7,9303.0,-697.0,-19.49,80.51,-19.49,805.1,-194.9,8051.0,-1949.0,-25.0,75.0,-25.0,750.0,-250.0,7500.0,-2500.0,,,,,,,,,,,,,,,,,,,,,,
PG,Procter & Gamble,MegaCap,consumer,NYSE,148,+1.71%,+0.06%,+1.94%,+7.00%,-4%,344.708,0.377,22.42,8.52,13333952,42518852,174484152,298.0,1.04,buy,2.2,1.71,101.71,1.71,1017.1,17.1,10171.0,171.0,0.06,100.06,0.06,1000.6,0.6,10006.0,6.0,1.94,101.94,1.94,1019.4,19.4,10194.0,194.0,7.0,107.0,7.0,1070.0,70.0,10700.0,700.0,-4.0,96.0,-4.0,960.0,-40.0,9600.0,-400.0,,,,,,,,,,,,,,,,,,,,,,
KO,Coca-Cola,MegaCap,consumer,NYSE,86,-0.38%,-0.77%,-1.90%,+27.09%,+30%,370.751,0.318,25.88,15.9,16061646,92195546,336733546,245.0,0.95,buy,1.75,-0.38,99.62,-0.38,996.2,-3.8,9962.0,-38.0,-0.77,99.23,-0.77,992.3,-7.7,9923.0,-77.0,-1.9,98.1,-1.9,981.0,-19.0,9810.0,-190.0,27.09,127.09,27.09,1270.9,270.9,12709.0,2709.0,30.0,130.0,30.0,1300.0,300.0,13000.0,3000.0,,,,,,,,,,,,,,,,,,,,,,
PEP,PepsiCo,MegaCap,consumer,NASDAQ,126,+0.02%,-2.32%,-9.20%,-8.92%,-11%,171.72,0.364,16.48,8.15,10023257,43285057,197068257,471.0,2.11,hold,2.75,0.02,100.02,0.02,1000.2,0.2,10002.0,2.0,-2.32,97.68,-2.32,976.8,-23.2,9768.0,-232.0,-9.2,90.8,-9.2,908.0,-92.0,9080.0,-920.0,-8.92,91.08,-8.92,910.8,-89.2,9108.0,-892.0,-11.0,89.0,-11.0,890.0,-110.0,8900.0,-1100.0,,,,,,,,,,,,,,,,,,,,,,
MCD,McDonald's,MegaCap,consumer,NYSE,232,-0.28%,-0.65%,-9.13%,-21.85%,-21%,164.491,0.447,18.93,4.96,5639369,29172269,129327169,331.0,1.92,buy,2.06,-0.28,99.72,-0.28,997.2,-2.8,9972.0,-28.0,-0.65,99.35,-0.65,993.5,-6.5,9935.0,-65.0,-9.13,90.87,-9.13,908.7,-91.3,9087.0,-913.0,-21.85,78.15,-21.85,781.5,-218.5,7815.0,-2185.0,-21.0,79.0,-21.0,790.0,-210.0,7900.0,-2100.0,,,,,,,,,,,,,,,,,,,,,,
NKE,Nike,MegaCap,consumer,NYSE,35,+2.03%,-3.43%,-9.16%,-43.86%,-51%,51.407,1.099,16.64,30.21,50036868,412893968,979219568,483.0,8.98,hold,2.76,2.03,102.03,2.03,1020.3,20.3,10203.0,203.0,-3.43,96.57,-3.43,965.7,-34.3,9657.0,-343.0,-9.16,90.84,-9.16,908.4,-91.6,9084.0,-916.0,-43.86,56.14,-43.86,561.4,-438.6,5614.0,-4386.0,-51.0,49.0,-51.0,490.0,-510.0,4900.0,-5100.0,,,,,,,,,,,,,,,,,,,,,,
WMT,Walmart,MegaCap,consumer,NYSE,107,+2.05%,+0.37%,+1.08%,-4.33%,+2%,853.106,0.578,38.84,23.65,22021300,115726400,467399800,94.0,1.83,buy,1.53,2.05,102.05,2.05,1020.5,20.5,10205.0,205.0,0.37,100.37,0.37,1003.7,3.7,10037.0,37.0,1.08,101.08,1.08,1010.8,10.8,10108.0,108.0,-4.33,95.67,-4.33,956.7,-43.3,9567.0,-433.0,2.0,102.0,2.0,1020.0,20.0,10200.0,200.0,,,,,,,,,,,,,,,,,,,,,,
COST,Costco,MegaCap,consumer,NASDAQ,936,+1.46%,+1.20%,+2.80%,+9.98%,+1%,414.755,0.87,45.07,2.11,1902121,10222721,49827021,64.0,1.66,buy,1.95,1.46,101.46,1.46,1014.6,14.6,10146.0,146.0,1.2,101.2,1.2,1012.0,12.0,10120.0,120.0,2.8,102.8,2.8,1028.0,28.0,10280.0,280.0,9.98,109.98,9.98,1099.8,99.8,10998.0,998.0,1.0,101.0,1.0,1010.0,10.0,10100.0,100.0,,,,,,,,,,,,,,,,,,,,,,
XOM,ExxonMobil,MegaCap,energy-industrial,NYSE,164,+0.29%,+1.94%,+2.38%,+36.80%,+44%,676.327,0.209,21.17,14.2,9285521,57851521,287849421,251.0,1.08,buy,2.4,0.29,100.29,0.29,1002.9,2.9,10029.0,29.0,1.94,101.94,1.94,1019.4,19.4,10194.0,194.0,2.38,102.38,2.38,1023.8,23.8,10238.0,238.0,36.8,136.8,36.8,1368.0,368.0,13680.0,3680.0,44.0,144.0,44.0,1440.0,440.0,14400.0,4400.0,,,,,,,,,,,,,,,,,,,,,,
CVX,Chevron,MegaCap,energy-industrial,NYSE,208,+0.52%,+1.57%,-1.06%,+36.87%,+33%,407.19,0.523,19.98,8.39,5470678,30975578,202944778,345.0,1.06,buy,1.72,0.52,100.52,0.52,1005.2,5.2,10052.0,52.0,1.57,101.57,1.57,1015.7,15.7,10157.0,157.0,-1.06,98.94,-1.06,989.4,-10.6,9894.0,-106.0,36.87,136.87,36.87,1368.7,368.7,13687.0,3687.0,33.0,133.0,33.0,1330.0,330.0,13300.0,3300.0,,,,,,,,,,,,,,,,,,,,,,
CAT,Caterpillar,MegaCap,energy-industrial,NYSE,863,+1.65%,+4.45%,+4.98%,+45.17%,+74%,396.902,1.58,37.17,2.67,1971441,10770541,48683241,77.0,2.03,buy,2.07,1.65,101.65,1.65,1016.5,16.5,10165.0,165.0,4.45,104.45,4.45,1044.5,44.5,10445.0,445.0,4.98,104.98,4.98,1049.8,49.8,10498.0,498.0,45.17,145.17,45.17,1451.7,451.7,14517.0,4517.0,74.0,174.0,74.0,1740.0,740.0,17400.0,7400.0,,,,,,,,,,,,,10,buy,0.7,"+42.21% YTD, 1M +2.84%, P/E 36.44, buy consensus; infrastructure and data center power demand.",YTD +42.21%; P/E 36.44; buy consensus; data center power,,,,,
HON,Honeywell,MegaCap,energy-industrial,NASDAQ,213,-0.59%,+1.30%,+2.22%,+5.02%,+4%,67.467,0.888,7.86,3.08,3194774,11052474,61609074,131.0,2.34,buy,2.0,-0.59,99.41,-0.59,994.1,-5.9,9941.0,-59.0,1.3,101.3,1.3,1013.0,13.0,10130.0,130.0,2.22,102.22,2.22,1022.2,22.2,10222.0,222.0,5.02,105.02,5.02,1050.2,50.2,10502.0,502.0,4.0,104.0,4.0,1040.0,40.0,10400.0,400.0,,,,,,,,,,,,,,,,,,,,,,
GE,GE Aerospace,MegaCap,energy-industrial,NYSE,309,+0.97%,-2.53%,-7.48%,-3.13%,+2%,321.011,1.374,36.14,3.96,3517338,20714338,94965938,61.0,1.52,buy,1.55,0.97,100.97,0.97,1009.7,9.7,10097.0,97.0,-2.53,97.47,-2.53,974.7,-25.3,9747.0,-253.0,-7.48,92.52,-7.48,925.2,-74.8,9252.0,-748.0,-3.13,96.87,-3.13,968.7,-31.3,9687.0,-313.0,2.0,102.0,2.0,1020.0,20.0,10200.0,200.0,,,,,,,,,,,,,,,,,,,,,,
RTX,RTX Corp,MegaCap,energy-industrial,NYSE,183,-0.60%,-1.95%,-7.81%,-1.05%,+9%,247.031,0.308,32.27,4.4,4250103,19361503,83628403,158.0,1.01,buy,1.83,-0.6,99.4,-0.6,994.0,-6.0,9940.0,-60.0,-1.95,98.05,-1.95,980.5,-19.5,9805.0,-195.0,-7.81,92.19,-7.81,921.9,-78.1,9219.0,-781.0,-1.05,98.95,-1.05,989.5,-10.5,9895.0,-105.0,9.0,109.0,9.0,1090.0,90.0,10900.0,900.0,,,,,,,,,,,,,,,,,,,,,,
BA,Boeing,MegaCap,energy-industrial,NYSE,190,-1.65%,+1.14%,-9.92%,-16.66%,-13%,150.028,1.257,67.79,6.45,7691016,51950416,178763216,,1.8,strong_buy,1.5,-1.65,98.35,-1.65,983.5,-16.5,9835.0,-165.0,1.14,101.14,1.14,1011.4,11.4,10114.0,114.0,-9.92,90.08,-9.92,900.8,-99.2,9008.0,-992.0,-16.66,83.34,-16.66,833.4,-166.6,8334.0,-1666.0,-13.0,87.0,-13.0,870.0,-130.0,8700.0,-1300.0,,,,,,,,,,,,,,,,,,,,,,
AMD,Advanced Micro Devices,MegaCap,tech-semis,NASDAQ,649,+2.68%,+6.89%,+28.41%,+190.61%,+199%,1060.162,2.454,165.67,23.43,24224687,91691087,472339787,,2.46,strong_buy,1.49,2.68,102.68,2.68,1026.8,26.8,10268.0,268.0,6.89,106.89,6.89,1068.9,68.9,10689.0,689.0,28.41,128.41,28.41,1284.1,284.1,12841.0,2841.0,190.61,290.61,190.61,2906.1,1906.1,29061.0,19061.0,199.0,299.0,199.0,2990.0,1990.0,29900.0,19900.0,,,,,,,,,,,,,2,strong_buy,0.941,"Stifel raised PT to $700 on server strength [investing.com]; +182% YTD, 1M +24.64%, strong_buy consensus.",YTD +182%; 1M +24.64%; strong_buy consensus; Stifel PT $700,,,,,
QCOM,Qualcomm,MegaCap,tech-semis,NASDAQ,181,-0.26%,-1.67%,+3.99%,+6.29%,+9%,193.311,1.651,20.95,12.45,8222272,48973572,314535272,204.0,4.01,hold,2.57,-0.26,99.74,-0.26,997.4,-2.6,9974.0,-26.0,-1.67,98.33,-1.67,983.3,-16.7,9833.0,-167.0,3.99,103.99,3.99,1039.9,39.9,10399.0,399.0,6.29,106.29,6.29,1062.9,62.9,10629.0,629.0,9.0,109.0,9.0,1090.0,90.0,10900.0,900.0,,,,,,,,,,,,,,,,,,,,,,
AVGO,Broadcom,MegaCap,tech-semis,NASDAQ,376,+3.53%,+5.83%,+2.15%,+8.71%,+8%,1793.978,1.476,48.0,22.47,30811427,121267427,520191627,72.0,1.11,strong_buy,1.26,3.53,103.53,3.53,1035.3,35.3,10353.0,353.0,5.83,105.83,5.83,1058.3,58.3,10583.0,583.0,2.15,102.15,2.15,1021.5,21.5,10215.0,215.0,8.71,108.71,8.71,1087.1,87.1,10871.0,871.0,8.0,108.0,8.0,1080.0,80.0,10800.0,800.0,,,,,,,,,,,,,,,,,,,,,,
TSM,Taiwan Semiconductor,MegaCap,tech-semis,NYSE,482,-0.94%,+5.55%,+10.16%,+52.09%,+65%,2501.436,1.239,35.31,11.48,8328553,46364853,210203353,78.0,0.57,strong_buy,1.38,-0.94,99.06,-0.94,990.6,-9.4,9906.0,-94.0,5.55,105.55,5.55,1055.5,55.5,10555.0,555.0,10.16,110.16,10.16,1101.6,101.6,11016.0,1016.0,52.09,152.09,52.09,1520.9,520.9,15209.0,5209.0,65.0,165.0,65.0,1650.0,650.0,16500.0,6500.0,,,,,,,,,,,,,4,buy,0.8,"Musk confirms discussions with TSMC for Terafab chip venture [morningstar.com]; +51.4% YTD, 1M +9.66%, P/E 34.88.",YTD +51.4%; 1M +9.66%; P/E 34.88; Terafab discussions,,,,,
ASML,ASML Holding,MegaCap,tech-semis,NASDAQ,1834,-1.78%,-0.02%,+3.92%,+58.36%,+86%,704.478,1.302,59.53,1.49,1626585,6983185,28986685,49.0,0.38,strong_buy,1.4,-1.78,98.22,-1.78,982.2,-17.8,9822.0,-178.0,-0.02,99.98,-0.02,999.8,-0.2,9998.0,-2.0,3.92,103.92,3.92,1039.2,39.2,10392.0,392.0,58.36,158.36,58.36,1583.6,583.6,15836.0,5836.0,86.0,186.0,86.0,1860.0,860.0,18600.0,8600.0,,,,,,,,,,,,,5,strong_buy,0.8,"+60.08% YTD, 1M +5.06%, P/E 60.18, strong_buy consensus; EUV lithography monopoly benefits from AI chip demand.",YTD +60.08%; P/E 60.18; strong_buy consensus; EUV monopoly,,,,,
ARM,Arm Holdings,MegaCap,tech-semis,NASDAQ,303,-0.35%,+3.03%,+15.69%,+163.71%,+90%,323.134,3.789,311.92,5.31,3395305,19647805,121235305,,10.69,buy,1.93,-0.35,99.65,-0.35,996.5,-3.5,9965.0,-35.0,3.03,103.03,3.03,1030.3,30.3,10303.0,303.0,15.69,115.69,15.69,1156.9,156.9,11569.0,1569.0,163.71,263.71,163.71,2637.1,1637.1,26371.0,16371.0,90.0,190.0,90.0,1900.0,900.0,19000.0,9000.0,,,,,,,,,,,,,,,,,,,,,,
INTC,Intel,MegaCap,tech-semis,NASDAQ,112,-3.37%,-2.96%,+7.69%,+185.68%,+213%,594.687,2.23,,107.7,101730627,476940927,2327929827,,3.01,buy,2.47,-3.37,96.63,-3.37,966.3,-33.7,9663.0,-337.0,-2.96,97.04,-2.96,970.4,-29.6,9704.0,-296.0,7.69,107.69,7.69,1076.9,76.9,10769.0,769.0,185.68,285.68,185.68,2856.8,1856.8,28568.0,18568.0,213.0,313.0,213.0,3130.0,2130.0,31300.0,21300.0,,,,,,,,,,,,,,,,,,,,,,
2222.SR,Saudi Aramco,MegaCap,global-growth,TADAWUL,6.87,+0.94%,+2.46%,-0.62%,+12.22%,+3%,1662.727,0.016,15.27,8.13,13764976,50877056,180455404,531.0,,buy,2.11,0.94,100.94,0.94,1009.4,9.4,10094.0,94.0,2.46,102.46,2.46,1024.6,24.6,10246.0,246.0,-0.62,99.38,-0.62,993.8,-6.2,9938.0,-62.0,12.22,112.22,12.22,1122.2,122.2,11222.0,1222.0,3.0,103.0,3.0,1030.0,30.0,10300.0,300.0,,,,,,,,,,,,,,,,,,,,,,
BABA,Alibaba Group,MegaCap,global-growth,NYSE,109,-1.43%,+1.41%,-3.02%,-29.20%,-39%,271.811,0.463,26.46,11.0,7380027,38957727,173240727,95.0,1.68,strong_buy,1.32,-1.43,98.57,-1.43,985.7,-14.3,9857.0,-143.0,1.41,101.41,1.41,1014.1,14.1,10141.0,141.0,-3.02,96.98,-3.02,969.8,-30.2,9698.0,-302.0,-29.2,70.8,-29.2,708.0,-292.0,7080.0,-2920.0,-39.0,61.0,-39.0,610.0,-390.0,6100.0,-3900.0,,,,,,,,,,,,,,,,,,,,,,
SAP,SAP SE,MegaCap,global-growth,NYSE,210,+1.31%,-0.18%,-0.49%,-9.62%,-24%,242.914,0.758,27.02,2.6,1645158,8812258,38306358,141.0,0.44,buy,1.62,1.31,101.31,1.31,1013.1,13.1,10131.0,131.0,-0.18,99.82,-0.18,998.2,-1.8,9982.0,-18.0,-0.49,99.51,-0.49,995.1,-4.9,9951.0,-49.0,-9.62,90.38,-9.62,903.8,-96.2,9038.0,-962.0,-24.0,76.0,-24.0,760.0,-240.0,7600.0,-2400.0,,,,,,,,,,,,,,,,,,,,,,
SONY,Sony Group,MegaCap,global-growth,NYSE,24,+1.23%,+2.05%,+1.36%,-7.84%,-21%,139.247,0.814,19.55,4.4,3644585,21287185,73892585,67.0,0.21,buy,1.75,1.23,101.23,1.23,1012.3,12.3,10123.0,123.0,2.05,102.05,2.05,1020.5,20.5,10205.0,205.0,1.36,101.36,1.36,1013.6,13.6,10136.0,136.0,-7.84,92.16,-7.84,921.6,-78.4,9216.0,-784.0,-21.0,79.0,-21.0,790.0,-210.0,7900.0,-2100.0,,,,,,,,,,,,,,,,,,,,,,
TM,Toyota Motor,MegaCap,global-growth,NYSE,186,+1.66%,-0.61%,-3.07%,-14.83%,-8%,219.749,0.375,8.15,0.37,259713,1558413,6396913,340.0,0.09,none,,1.66,101.66,1.66,1016.6,16.6,10166.0,166.0,-0.61,99.39,-0.61,993.9,-6.1,9939.0,-61.0,-3.07,96.93,-3.07,969.3,-30.7,9693.0,-307.0,-14.83,85.17,-14.83,851.7,-148.3,8517.0,-1483.0,-8.0,92.0,-8.0,920.0,-80.0,9200.0,-800.0,,,,,,,,,,,,,,,,,,,,,,
NVO,Novo Nordisk,MegaCap,global-growth,NYSE,38,-0.09%,-2.04%,-16.90%,-24.79%,-36%,165.671,0.384,9.18,12.45,13684411,76859211,307245811,479.0,0.83,hold,2.71,-0.09,99.91,-0.09,999.1,-0.9,9991.0,-9.0,-2.04,97.96,-2.04,979.6,-20.4,9796.0,-204.0,-16.9,83.1,-16.9,831.0,-169.0,8310.0,-1690.0,-24.79,75.21,-24.79,752.1,-247.9,7521.0,-2479.0,-36.0,64.0,-36.0,640.0,-360.0,6400.0,-3600.0,,,,,,,,,,,,,,,,,,,,,,
HSBC,HSBC Holdings,MegaCap,global-growth,NYSE,98,+0.74%,-3.12%,-8.17%,+26.00%,+37%,333.852,0.58,13.94,1.34,1334210,10198710,32771710,388.0,,hold,2.67,0.74,100.74,0.74,1007.4,7.4,10074.0,74.0,-3.12,96.88,-3.12,968.8,-31.2,9688.0,-312.0,-8.17,91.83,-8.17,918.3,-81.7,9183.0,-817.0,26.0,126.0,26.0,1260.0,260.0,12600.0,2600.0,37.0,137.0,37.0,1370.0,370.0,13700.0,3700.0,,,,,,,,,,,,,,,,,,,,,,
AAPL,Apple,Tech,mega-cap,NASDAQ,333.63,+0.23%,+1.28%,+5.51%,+23.44%,+30%,4869.056,1.069,38.26,45.71,30438844,184413244,869950044,32.0,0.88,buy,2.2,0.23,100.23,0.23,1002.3,2.3,10023.0,23.0,1.28,101.28,1.28,1012.8,12.8,10128.0,128.0,5.51,105.51,5.51,1055.1,55.1,10551.0,551.0,23.44,123.44,23.44,1234.4,234.4,12344.0,2344.0,30.0,130.0,30.0,1300.0,300.0,13000.0,3000.0,,,,,,,,,,,,,,,,,,,,,,
MSFT,Microsoft,Tech,mega-cap,NASDAQ,529.3,+0.74%,+4.00%,+7.16%,+12.63%,+0%,3930.341,1.099,29.49,28.13,21098949,112481249,454700849,75.0,0.91,strong_buy,1.29,0.74,100.74,0.74,1007.4,7.4,10074.0,74.0,4.0,104.0,4.0,1040.0,40.0,10400.0,400.0,7.16,107.16,7.16,1071.6,71.6,10716.0,716.0,12.63,112.63,12.63,1126.3,126.3,11263.0,1263.0,0.0,100.0,0.0,1000.0,0.0,10000.0,0.0,,,,,,,,,,,,,,,,,,,,,,
GOOGL,Alphabet (Google),Tech,mega-cap,NASDAQ,347.68,+0.47%,+1.98%,+2.75%,+10.54%,+41%,4252.103,1.211,17.45,27.1,18702460,138748160,568577960,25.0,1.49,strong_buy,1.38,0.47,100.47,0.47,1004.7,4.7,10047.0,47.0,1.98,101.98,1.98,1019.8,19.8,10198.0,198.0,2.75,102.75,2.75,1027.5,27.5,10275.0,275.0,10.54,110.54,10.54,1105.4,105.4,11054.0,1054.0,41.0,141.0,41.0,1410.0,410.0,14100.0,4100.0,,,,,,,,,,,,,,,,,,,,,,
AMZN,Amazon,Tech,mega-cap,NASDAQ,256.29,+1.72%,+3.90%,-0.26%,+13.15%,+13%,2764.425,1.456,20.62,39.18,34067715,181932015,746226915,,0.83,strong_buy,1.32,1.72,101.72,1.72,1017.2,17.2,10172.0,172.0,3.9,103.9,3.9,1039.0,39.0,10390.0,390.0,-0.26,99.74,-0.26,997.4,-2.6,9974.0,-26.0,13.15,113.15,13.15,1131.5,131.5,11315.0,1315.0,13.0,113.0,13.0,1130.0,130.0,11300.0,1300.0,,,,,,,,,,,,,,,,,,,,,,
META,Meta Platforms,Tech,mega-cap,NASDAQ,738.88,-0.49%,+0.01%,+20.54%,+13.89%,+4%,1882.301,1.185,27.84,19.33,12557926,72438726,485124526,28.0,1.41,strong_buy,1.41,-0.49,99.51,-0.49,995.1,-4.9,9951.0,-49.0,0.01,100.01,0.01,1000.1,0.1,10001.0,1.0,20.54,120.54,20.54,1205.4,205.4,12054.0,2054.0,13.89,113.89,13.89,1138.9,138.9,11389.0,1389.0,4.0,104.0,4.0,1040.0,40.0,10400.0,400.0,,,,,,,,,,,,,3,strong_buy,0.85,"YTD +14.75%, 1M +21.44%, P/E 28.05, strong_buy consensus; solid momentum with reasonable valuation and strong fundamentals.",1M +21.44%; P/E 28.05; strong_buy consensus,,,,,
NVDA,NVIDIA,Tech,semiconductors,NASDAQ,239.24,-0.40%,+5.29%,+6.10%,+26.98%,+29%,5776.928,2.216,30.25,122.9,101482897,584145797,2292621097,42.0,1.27,strong_buy,1.3,-0.4,99.6,-0.4,996.0,-4.0,9960.0,-40.0,5.29,105.29,5.29,1052.9,52.9,10529.0,529.0,6.1,106.1,6.1,1061.0,61.0,10610.0,610.0,26.98,126.98,26.98,1269.8,269.8,12698.0,2698.0,29.0,129.0,29.0,1290.0,290.0,12900.0,2900.0,,,,,,,,,,,,,,,,,,,,,,
AMD,Advanced Micro Devices,Tech,semiconductors,NASDAQ,649.42,+2.68%,+6.89%,+28.41%,+190.61%,+199%,1060.162,2.454,165.67,23.43,24224687,91691087,472339787,,2.46,strong_buy,1.49,2.68,102.68,2.68,1026.8,26.8,10268.0,268.0,6.89,106.89,6.89,1068.9,68.9,10689.0,689.0,28.41,128.41,28.41,1284.1,284.1,12841.0,2841.0,190.61,290.61,190.61,2906.1,1906.1,29061.0,19061.0,199.0,299.0,199.0,2990.0,1990.0,29900.0,19900.0,,,,,,,,,,,,,5,strong_buy,0.94,"YTD +181.82%, 1M +24.53%, strong_buy; exceptional AI-driven growth though P/E 160.66 is elevated.",YTD +181.82%; 1M +24.53%; strong_buy consensus,,,,,
INTC,Intel,Tech,semiconductors,NASDAQ,112.5,-3.37%,-2.96%,+7.69%,+185.68%,+213%,594.686,2.23,,107.7,101730627,476940927,2327929827,,3.01,buy,2.47,-3.37,96.63,-3.37,966.3,-33.7,9663.0,-337.0,-2.96,97.04,-2.96,970.4,-29.6,9704.0,-296.0,7.69,107.69,7.69,1076.9,76.9,10769.0,769.0,185.68,285.68,185.68,2856.8,1856.8,28568.0,18568.0,213.0,313.0,213.0,3130.0,2130.0,31300.0,21300.0,,,,,,,,,,,,,,,,,,,,,,
TSM,Taiwan Semiconductor,Tech,semiconductors,NYSE,482.3,-0.94%,+5.55%,+10.16%,+52.09%,+65%,2501.437,1.239,35.05,11.48,8328553,46364853,210203353,78.0,0.57,strong_buy,1.38,-0.94,99.06,-0.94,990.6,-9.4,9906.0,-94.0,5.55,105.55,5.55,1055.5,55.5,10555.0,555.0,10.16,110.16,10.16,1101.6,101.6,11016.0,1016.0,52.09,152.09,52.09,1520.9,520.9,15209.0,5209.0,65.0,165.0,65.0,1650.0,650.0,16500.0,6500.0,,,,,,,,,,,,,,,,,,,,,,
AVGO,Broadcom,Tech,semiconductors,NASDAQ,375.81,+3.53%,+5.83%,+2.15%,+8.71%,+8%,1793.978,1.476,48.0,22.47,30811427,121267427,520191627,72.0,1.11,strong_buy,1.26,3.53,103.53,3.53,1035.3,35.3,10353.0,353.0,5.83,105.83,5.83,1058.3,58.3,10583.0,583.0,2.15,102.15,2.15,1021.5,21.5,10215.0,215.0,8.71,108.71,8.71,1087.1,87.1,10871.0,871.0,8.0,108.0,8.0,1080.0,80.0,10800.0,800.0,,,,,,,,,,,,,,,,,,,,,,
QCOM,Qualcomm,Tech,semiconductors,NASDAQ,181.03,-0.26%,-1.67%,+3.99%,+6.29%,+9%,193.311,1.651,20.95,12.45,8222272,48973572,314535272,204.0,4.01,hold,2.57,-0.26,99.74,-0.26,997.4,-2.6,9974.0,-26.0,-1.67,98.33,-1.67,983.3,-16.7,9833.0,-167.0,3.99,103.99,3.99,1039.9,39.9,10399.0,399.0,6.29,106.29,6.29,1062.9,62.9,10629.0,629.0,9.0,109.0,9.0,1090.0,90.0,10900.0,900.0,,,,,,,,,,,,,,,,,,,,,,
ARM,Arm Holdings,Tech,semiconductors,NASDAQ,302.56,-0.35%,+3.03%,+15.69%,+163.71%,+90%,323.134,3.789,311.92,5.31,3395305,19647805,121235305,,10.69,buy,1.93,-0.35,99.65,-0.35,996.5,-3.5,9965.0,-35.0,3.03,103.03,3.03,1030.3,30.3,10303.0,303.0,15.69,115.69,15.69,1156.9,156.9,11569.0,1569.0,163.71,263.71,163.71,2637.1,1637.1,26371.0,16371.0,90.0,190.0,90.0,1900.0,900.0,19000.0,9000.0,,,,,,,,,,,,,10,buy,0.854,"YTD +165.25%, 1M +16.36%, analyst buy; very high momentum but P/E 313.74 and short interest 10.69% indicate risk.",YTD +165.25%; 1M +16.36%; buy consensus,,,,,
ASML,ASML Holding,Tech,semiconductors,NASDAQ,1834.1,-1.78%,-0.02%,+3.92%,+58.36%,+86%,704.478,1.302,59.53,1.49,1626585,6983185,28986685,49.0,0.38,strong_buy,1.4,-1.78,98.22,-1.78,982.2,-17.8,9822.0,-178.0,-0.02,99.98,-0.02,999.8,-0.2,9998.0,-2.0,3.92,103.92,3.92,1039.2,39.2,10392.0,392.0,58.36,158.36,58.36,1583.6,583.6,15836.0,5836.0,86.0,186.0,86.0,1860.0,860.0,18600.0,8600.0,,,,,,,,,,,,,7,strong_buy,0.75,"YTD +60.08%, 1M +5.06%, P/E 60.18, strong_buy; key lithography supplier benefiting from semiconductor capex cycle.",YTD +60.08%; P/E 60.18; strong_buy consensus,,,,,
MU,Micron Technology,Tech,semiconductors,NASDAQ,1045.56,-1.77%,-1.83%,+4.53%,+231.67%,+473%,1180.849,2.226,14.07,33.51,21725080,144162880,532140180,6.0,2.45,strong_buy,1.37,-1.77,98.23,-1.77,982.3,-17.7,9823.0,-177.0,-1.83,98.17,-1.83,981.7,-18.3,9817.0,-183.0,4.53,104.53,4.53,1045.3,45.3,10453.0,453.0,231.67,331.67,231.67,3316.7,2316.7,33167.0,23167.0,473.0,573.0,473.0,5730.0,4730.0,57300.0,47300.0,,,,,,,,,,,,,6,strong_buy,0.8,"YTD +237.99%, P/E 14.33, strong_buy; outstanding returns with low P/E, strong momentum in memory and storage.",YTD +237.99%; P/E 14.33; strong_buy consensus,,,,,
AMAT,Applied Materials,Tech,semiconductors,NASDAQ,530.27,-2.42%,+3.57%,+12.16%,+97.92%,+156%,420.82,1.591,45.75,7.23,4881227,27945227,130266527,39.0,1.78,strong_buy,1.45,-2.42,97.58,-2.42,975.8,-24.2,9758.0,-242.0,3.57,103.57,3.57,1035.7,35.7,10357.0,357.0,12.16,112.16,12.16,1121.6,121.6,11216.0,1216.0,97.92,197.92,97.92,1979.2,979.2,19792.0,9792.0,156.0,256.0,156.0,2560.0,1560.0,25600.0,15600.0,,,,,,,,,,,,,4,strong_buy,0.8,"YTD +100.79%, 1M +13.78%, P/E 46.42, strong_buy; strong momentum in semiconductor equipment with reasonable valuation.",YTD +100.79%; 1M +13.78%; P/E 46.42; strong_buy consensus,,,,,
ORCL,Oracle,Tech,enterprise-software,NYSE,144.77,+1.32%,+5.07%,-10.92%,-25.31%,-50%,438.871,1.77,22.69,32.35,20003405,121263005,737230605,140.0,2.73,buy,1.58,1.32,101.32,1.32,1013.2,13.2,10132.0,132.0,5.07,105.07,5.07,1050.7,50.7,10507.0,507.0,-10.92,89.08,-10.92,890.8,-109.2,8908.0,-1092.0,-25.31,74.69,-25.31,746.9,-253.1,7469.0,-2531.0,-50.0,50.0,-50.0,500.0,-500.0,5000.0,-5000.0,,,,,,,,,,,,,,,,,,,,,,
CRM,Salesforce,Tech,enterprise-software,NYSE,224.99,-2.16%,-0.14%,-9.53%,-10.68%,-4%,185.167,1.256,20.58,13.56,7297354,42364054,244849654,77.0,4.54,buy,1.75,-2.16,97.84,-2.16,978.4,-21.6,9784.0,-216.0,-0.14,99.86,-0.14,998.6,-1.4,9986.0,-14.0,-9.53,90.47,-9.53,904.7,-95.3,9047.0,-953.0,-10.68,89.32,-10.68,893.2,-106.8,8932.0,-1068.0,-4.0,96.0,-4.0,960.0,-40.0,9600.0,-400.0,,,,,,,,,,,,,,,,,,,,,,
ADBE,Adobe,Tech,enterprise-software,NASDAQ,238.12,-0.31%,+2.12%,-7.44%,-28.56%,-31%,92.676,1.415,13.3,5.11,2644218,18329118,112061618,,5.3,hold,2.77,-0.31,99.69,-0.31,996.9,-3.1,9969.0,-31.0,2.12,102.12,2.12,1021.2,21.2,10212.0,212.0,-7.44,92.56,-7.44,925.6,-74.4,9256.0,-744.0,-28.56,71.44,-28.56,714.4,-285.6,7144.0,-2856.0,-31.0,69.0,-31.0,690.0,-310.0,6900.0,-3100.0,,,,,,,,,,,,,,,,,,,,,,
NOW,ServiceNow,Tech,enterprise-software,NYSE,137.97,+1.45%,+6.18%,+2.80%,-6.43%,-25%,142.643,0.99,85.17,18.07,9463744,45409744,241125444,,2.79,strong_buy,1.43,1.45,101.45,1.45,1014.5,14.5,10145.0,145.0,6.18,106.18,6.18,1061.8,61.8,10618.0,618.0,2.8,102.8,2.8,1028.0,28.0,10280.0,280.0,-6.43,93.57,-6.43,935.7,-64.3,9357.0,-643.0,-25.0,75.0,-25.0,750.0,-250.0,7500.0,-2500.0,,,,,,,,,,,,,,,,,,,,,,
SNOW,Snowflake,Tech,enterprise-software,NYSE,335.95,-1.07%,+1.71%,+0.13%,+55.02%,+44%,118.523,1.351,,4.81,3552327,19434627,86812627,,5.45,strong_buy,1.48,-1.07,98.93,-1.07,989.3,-10.7,9893.0,-107.0,1.71,101.71,1.71,1017.1,17.1,10171.0,171.0,0.13,100.13,0.13,1001.3,1.3,10013.0,13.0,55.02,155.02,55.02,1550.2,550.2,15502.0,5502.0,44.0,144.0,44.0,1440.0,440.0,14400.0,4400.0,,,,,,,,,,,,,,,,,,,,,,
INTU,Intuit,Tech,enterprise-software,NASDAQ,289.81,+1.74%,+8.13%,-9.13%,-53.53%,-57%,77.448,1.009,17.61,3.92,3496367,17486767,76913567,194.0,3.02,buy,2.06,1.74,101.74,1.74,1017.4,17.4,10174.0,174.0,8.13,108.13,8.13,1081.3,81.3,10813.0,813.0,-9.13,90.87,-9.13,908.7,-91.3,9087.0,-913.0,-53.53,46.47,-53.53,464.7,-535.3,4647.0,-5353.0,-57.0,43.0,-57.0,430.0,-570.0,4300.0,-5700.0,,,,,,,,,,,,,,,,,,,,,,
CRWD,CrowdStrike,Tech,cybersecurity,NASDAQ,278.86,+2.10%,+6.14%,+32.78%,+145.92%,+125%,285.535,1.197,4647.67,9.57,7934316,34378916,216095316,,2.77,buy,1.72,2.1,102.1,2.1,1021.0,21.0,10210.0,210.0,6.14,106.14,6.14,1061.4,61.4,10614.0,614.0,32.78,132.78,32.78,1327.8,327.8,13278.0,3278.0,145.92,245.92,145.92,2459.2,1459.2,24592.0,14592.0,125.0,225.0,125.0,2250.0,1250.0,22500.0,12500.0,,,,,,,,,,,,,1,buy,0.9,"YTD +139.53%, 1M +29.33%, analyst buy; Q2 revenue beat at $1.47B, raised FY net-new ARR growth by 630bps, and TD Cowen raised PT to $280 on strong AI-driven demand.",YTD +139.53%; 1M +29.33%; earnings beat & raised guidance; AI cybersecurity demand,,,,,
PANW,Palo Alto Networks,Tech,cybersecurity,NASDAQ,419.91,+3.35%,+8.11%,+24.61%,+134.10%,+93%,343.486,0.933,1049.78,6.28,5442017,26189917,129646317,,2.69,buy,1.71,3.35,103.35,3.35,1033.5,33.5,10335.0,335.0,8.11,108.11,8.11,1081.1,81.1,10811.0,811.0,24.61,124.61,24.61,1246.1,246.1,12461.0,2461.0,134.1,234.1,134.1,2341.0,1341.0,23410.0,13410.0,93.0,193.0,93.0,1930.0,930.0,19300.0,9300.0,,,,,,,,,,,,,2,buy,0.85,"YTD +125.39%, 1M +19.97%, analyst buy; BTIG raised PT to $425 expecting >17% revenue growth and >26% NGS ARR growth, with platform shift to high-growth solutions.",YTD +125.39%; 1M +19.97%; BTIG PT raise to $425; platform growth catalysts,,,,,
NET,Cloudflare,Tech,cybersecurity,NYSE,355.01,-1.76%,+0.78%,+24.87%,+81.11%,+65%,126.411,1.645,,3.41,2590439,13960939,66195739,,2.71,buy,1.97,-1.76,98.24,-1.76,982.4,-17.6,9824.0,-176.0,0.78,100.78,0.78,1007.8,7.8,10078.0,78.0,24.87,124.87,24.87,1248.7,248.7,12487.0,2487.0,81.11,181.11,81.11,1811.1,811.1,18111.0,8111.0,65.0,165.0,65.0,1650.0,650.0,16500.0,6500.0,,,,,,,,,,,,,8,buy,0.7,"YTD +85.04%, 1M +27.58%, analyst buy; strong momentum in cloud security despite no P/E (negative earnings).",YTD +85.04%; 1M +27.58%; buy consensus,,,,,
FTNT,Fortinet,Tech,cybersecurity,NASDAQ,191.27,+3.67%,+8.70%,+21.46%,+145.60%,+117%,140.338,1.037,67.59,4.65,4243797,16790997,83769297,,2.26,hold,2.8,3.67,103.67,3.67,1036.7,36.7,10367.0,367.0,8.7,108.7,8.7,1087.0,87.0,10870.0,870.0,21.46,121.46,21.46,1214.6,214.6,12146.0,2146.0,145.6,245.6,145.6,2456.0,1456.0,24560.0,14560.0,117.0,217.0,117.0,2170.0,1170.0,21700.0,11700.0,,,,,,,,,,,,,,,,,,,,,,
NFLX,Netflix,Tech,consumer-platform,NASDAQ,68.69,+1.59%,-2.29%,-10.52%,-24.51%,-43%,286.022,1.613,21.6,37.02,35156434,188650034,747983934,,2.28,buy,1.8,1.59,101.59,1.59,1015.9,15.9,10159.0,159.0,-2.29,97.71,-2.29,977.1,-22.9,9771.0,-229.0,-10.52,89.48,-10.52,894.8,-105.2,8948.0,-1052.0,-24.51,75.49,-24.51,754.9,-245.1,7549.0,-2451.0,-43.0,57.0,-43.0,570.0,-430.0,5700.0,-4300.0,,,,,,,,,,,,,,,,,,,,,,
SHOP,Shopify,Tech,consumer-platform,NYSE,164.44,+2.78%,+10.91%,+22.62%,+4.61%,-1%,213.387,2.625,111.11,9.44,9779290,36399890,221293590,,1.36,buy,1.69,2.78,102.78,2.78,1027.8,27.8,10278.0,278.0,10.91,110.91,10.91,1109.1,109.1,11091.0,1091.0,22.62,122.62,22.62,1226.2,226.2,12262.0,2262.0,4.61,104.61,4.61,1046.1,46.1,10461.0,461.0,-1.0,99.0,-1.0,990.0,-10.0,9900.0,-100.0,,,,,,,,,,,,,9,buy,0.65,"1M +17.69%, 1W +9.59%, analyst buy; recent momentum surge though YTD flat and P/E 106.63.",1M +17.69%; 1W +9.59%; buy consensus,,,,,
SPOT,Spotify,Tech,consumer-platform,NYSE,488.13,+1.11%,-1.12%,-7.66%,-15.11%,-29%,100.352,1.614,28.05,1.68,1133302,6898802,30042602,,2.86,buy,1.56,1.11,101.11,1.11,1011.1,11.1,10111.0,111.0,-1.12,98.88,-1.12,988.8,-11.2,9888.0,-112.0,-7.66,92.34,-7.66,923.4,-76.6,9234.0,-766.0,-15.11,84.89,-15.11,848.9,-151.1,8489.0,-1511.0,-29.0,71.0,-29.0,710.0,-290.0,7100.0,-2900.0,,,,,,,,,,,,,,,,,,,,,,
UBER,Uber,Tech,consumer-platform,NYSE,69.08,-0.62%,-0.40%,-5.54%,-16.63%,-29%,141.1,1.265,15.15,17.97,15030375,81013875,400771275,,2.32,buy,1.58,-0.62,99.38,-0.62,993.8,-6.2,9938.0,-62.0,-0.4,99.6,-0.4,996.0,-4.0,9960.0,-40.0,-5.54,94.46,-5.54,944.6,-55.4,9446.0,-554.0,-16.63,83.37,-16.63,833.7,-166.3,8337.0,-1663.0,-29.0,71.0,-29.0,710.0,-290.0,7100.0,-2900.0,,,,,,,,,,,,,,,,,,,,,,
CSCO,Cisco Systems,Tech,hardware-infra,NASDAQ,117.94,+4.46%,+10.71%,+8.45%,+57.13%,+64%,464.989,0.979,35.42,19.51,21030571,86826071,394694771,149.0,1.46,buy,1.86,4.46,104.46,4.46,1044.6,44.6,10446.0,446.0,10.71,110.71,10.71,1107.1,107.1,11071.0,1071.0,8.45,108.45,8.45,1084.5,84.5,10845.0,845.0,57.13,157.13,57.13,1571.3,571.3,15713.0,5713.0,64.0,164.0,64.0,1640.0,640.0,16400.0,6400.0,,,,,,,,,,,,,,,,,,,,,,
PLTR,Palantir Technologies,Tech,hardware-infra,NASDAQ,192.07,+1.48%,+2.73%,+12.78%,+14.42%,+4%,461.555,1.602,165.58,34.26,17636801,89102101,468051901,,2.8,buy,1.84,1.48,101.48,1.48,1014.8,14.8,10148.0,148.0,2.73,102.73,2.73,1027.3,27.3,10273.0,273.0,12.78,112.78,12.78,1127.8,127.8,11278.0,1278.0,14.42,114.42,14.42,1144.2,144.2,11442.0,1442.0,4.0,104.0,4.0,1040.0,40.0,10400.0,400.0,,,,,,,,,,,,,,,,,,,,,,
