ticker,company_name,sector,category,exchange,price_usd,change_1d,change_1w,change_1m,change_ytd,return_1yr,market_cap_usd_b,beta,pe_ratio,avg_volume_m,vol_1d,vol_1w,vol_1m,div_yield_pct,short_pct,analyst,analyst_score,pct_1d,val_100_1d,profit_100_1d,val_1000_1d,profit_1000_1d,val_10000_1d,profit_10000_1d,pct_1w,val_100_1w,profit_100_1w,val_1000_1w,profit_1000_1w,val_10000_1w,profit_10000_1w,pct_1m,val_100_1m,profit_100_1m,val_1000_1m,profit_1000_1m,val_10000_1m,profit_10000_1m,pct_ytd,val_100_ytd,profit_100_ytd,val_1000_ytd,profit_1000_ytd,val_10000_ytd,profit_10000_ytd,pct_1y,val_100_1y,profit_100_1y,val_1000_1y,profit_1000_1y,val_10000_1y,profit_10000_1y,news1_title,news1_publisher,news1_date,news1_sentiment,news2_title,news2_publisher,news2_date,news2_sentiment,news3_title,news3_publisher,news3_date,news3_sentiment,signal_rank,signal,signal_confidence,signal_rationale,signal_drivers,portfolio_held,portfolio_quantity,portfolio_avg_price,portfolio_ppl,portfolio_total_value
SNDK,SanDisk Corporation,AI,memory,NASDAQ,1787.69,+3.01%,+1.94%,+15.08%,+549.50%,+1302%,261.751,,24.23,13.31,9147297,35166697,197717497,,6.03,buy,1.52,3.01,103.01,3.01,1030.1,30.1,10301.0,301.0,1.94,101.94,1.94,1019.4,19.4,10194.0,194.0,15.08,115.08,15.08,1150.8,150.8,11508.0,1508.0,549.5,649.5,549.5,6495.0,5495.0,64950.0,54950.0,1302.0,1402.0,1302.0,14020.0,13020.0,140200.0,130200.0,,,,,,,,,,,,,,,,,,,,,,
WDC,Western Digital,AI,memory,NASDAQ,462.56,+1.47%,+2.72%,+3.08%,+146.70%,+246%,166.772,2.182,17.2,7.26,6138366,32582166,139768566,13.0,5.38,none,,1.47,101.47,1.47,1014.7,14.7,10147.0,147.0,2.72,102.72,2.72,1027.2,27.2,10272.0,272.0,3.08,103.08,3.08,1030.8,30.8,10308.0,308.0,146.7,246.7,146.7,2467.0,1467.0,24670.0,14670.0,246.0,346.0,246.0,3460.0,2460.0,34600.0,24600.0,,,,,,,,,,,,,,,,,,,,,,
285A,Kioxia Holdings,AI,memory,TSE,120.95,+5.44%,+4.98%,+12.35%,+404.85%,+903%,193.214,,18.94,117.48,52342100,253510800,1469296200,,,buy,1.56,5.44,105.44,5.44,1054.4,54.4,10544.0,544.0,4.98,104.98,4.98,1049.8,49.8,10498.0,498.0,12.35,112.35,12.35,1123.5,123.5,11235.0,1235.0,404.85,504.85,404.85,5048.5,4048.5,50485.0,40485.0,903.0,1003.0,903.0,10030.0,9030.0,100300.0,90300.0,,,,,,,,,,,,,,,,,,,,,,
MU,Micron Technology,AI,memory,NASDAQ,1097.39,+2.66%,+1.56%,+14.78%,+248.11%,+480%,1239.385,2.222,14.76,34.15,44760261,138761661,544706661,5.0,2.45,strong_buy,1.37,2.66,102.66,2.66,1026.6,26.6,10266.0,266.0,1.56,101.56,1.56,1015.6,15.6,10156.0,156.0,14.78,114.78,14.78,1147.8,147.8,11478.0,1478.0,248.11,348.11,248.11,3481.1,2481.1,34811.0,24811.0,480.0,580.0,480.0,5800.0,4800.0,58000.0,48000.0,,,,,,,,,,,,,10,strong_buy,0.8,"MU +237% YTD, +11% 1M, P/E 24, strong_buy, memory leader with strong fundamentals.",+237% YTD; P/E 24; strong_buy consensus,,,,,
STX,Seagate Technology,AI,memory,NASDAQ,945.57,+2.22%,+4.38%,+17.04%,+229.92%,+262%,215.016,2.087,67.88,4.47,2465676,14338676,77936976,32.0,4.59,none,,2.22,102.22,2.22,1022.2,22.2,10222.0,222.0,4.38,104.38,4.38,1043.8,43.8,10438.0,438.0,17.04,117.04,17.04,1170.4,170.4,11704.0,1704.0,229.92,329.92,229.92,3299.2,2299.2,32992.0,22992.0,262.0,362.0,262.0,3620.0,2620.0,36200.0,26200.0,,,,,,,,,,,,,,,,,,,,,,
MRVL,Marvell Technology,AI,memory,NASDAQ,268.08,+1.39%,+3.53%,+29.83%,+200.34%,+207%,240.925,2.253,88.18,22.68,17678170,76100270,370609670,9.0,4.18,strong_buy,1.43,1.39,101.39,1.39,1013.9,13.9,10139.0,139.0,3.53,103.53,3.53,1035.3,35.3,10353.0,353.0,29.83,129.83,29.83,1298.3,298.3,12983.0,2983.0,200.34,300.34,200.34,3003.4,2003.4,30034.0,20034.0,207.0,307.0,207.0,3070.0,2070.0,30700.0,20700.0,,,,,,,,,,,,,2,strong_buy,0.85,"MRVL +195% YTD, +24% 1M, strong_buy, Citi upgrade to $275 target ahead of Oct 6 Investor Day [fxleaders.com](https://www.fxleaders.com/news/2026/09/30/marvell-stock-citi-price-target-investor-day/).",+195% YTD; Citi upgrade; strong_buy consensus; AI networking demand,,,,,
P,Everpure,AI,memory,NYSE,134.13,+1.85%,+10.05%,+45.12%,+94.36%,+48%,44.696,1.434,183.74,4.4,4234812,22946612,154412612,,2.88,buy,1.55,1.85,101.85,1.85,1018.5,18.5,10185.0,185.0,10.05,110.05,10.05,1100.5,100.5,11005.0,1005.0,45.12,145.12,45.12,1451.2,451.2,14512.0,4512.0,94.36,194.36,94.36,1943.6,943.6,19436.0,9436.0,48.0,148.0,48.0,1480.0,480.0,14800.0,4800.0,,,,,,,,,,,,,7,buy,0.65,"P +40% 1M, +17% 1W, +88% YTD, buy consensus, P/E 178.",+40% 1M momentum; +17% 1W; buy analyst,,,,,
RR.,Rolls-Royce Holdings,AI,nuclear-ops,LSE,19.42,+1.18%,-0.82%,+0.86%,+22.97%,+25%,1.598,1.188,40.88,18.73,147,71692578,360236170,82.0,,buy,1.6,1.18,101.18,1.18,1011.8,11.8,10118.0,118.0,-0.82,99.18,-0.82,991.8,-8.2,9918.0,-82.0,0.86,100.86,0.86,1008.6,8.6,10086.0,86.0,22.97,122.97,22.97,1229.7,229.7,12297.0,2297.0,25.0,125.0,25.0,1250.0,250.0,12500.0,2500.0,,,,,,,,,,,,,,,,,,,,,,
CEG,Constellation Energy,AI,nuclear-ops,NASDAQ,258.92,-0.87%,-1.03%,-10.73%,-28.99%,-29%,91.737,1.117,25.29,2.79,4205200,14584600,63604700,67.0,3.7,buy,1.55,-0.87,99.13,-0.87,991.3,-8.7,9913.0,-87.0,-1.03,98.97,-1.03,989.7,-10.3,9897.0,-103.0,-10.73,89.27,-10.73,892.7,-107.3,8927.0,-1073.0,-28.99,71.01,-28.99,710.1,-289.9,7101.0,-2899.0,-29.0,71.0,-29.0,710.0,-290.0,7100.0,-2900.0,,,,,,,,,,,,,,,,,,,,,,
VST,Vistra Corp,AI,nuclear-ops,NYSE,139.75,-0.14%,+1.31%,-2.43%,-15.05%,-32%,46.905,1.414,23.53,4.47,4747838,27027838,100557738,66.0,3.35,strong_buy,1.35,-0.14,99.86,-0.14,998.6,-1.4,9986.0,-14.0,1.31,101.31,1.31,1013.1,13.1,10131.0,131.0,-2.43,97.57,-2.43,975.7,-24.3,9757.0,-243.0,-15.05,84.95,-15.05,849.5,-150.5,8495.0,-1505.0,-32.0,68.0,-32.0,680.0,-320.0,6800.0,-3200.0,,,,,,,,,,,,,,,,,,,,,,
TLN,Talen Energy,AI,nuclear-ops,NASDAQ,323.09,+2.05%,+7.69%,+6.97%,-18.56%,-28%,15.282,1.63,,0.79,1125619,5559619,17769719,,6.33,buy,1.59,2.05,102.05,2.05,1020.5,20.5,10205.0,205.0,7.69,107.69,7.69,1076.9,76.9,10769.0,769.0,6.97,106.97,6.97,1069.7,69.7,10697.0,697.0,-18.56,81.44,-18.56,814.4,-185.6,8144.0,-1856.0,-28.0,72.0,-28.0,720.0,-280.0,7200.0,-2800.0,,,,,,,,,,,,,,,,,,,,,,
BEP,Brookfield Renewable,AI,nuclear-ops,NYSE,28.42,+0.25%,+0.53%,-8.41%,+5.40%,+6%,13.855,0.978,,0.98,1510243,4809743,24033743,557.0,0.46,buy,2.33,0.25,100.25,0.25,1002.5,2.5,10025.0,25.0,0.53,100.53,0.53,1005.3,5.3,10053.0,53.0,-8.41,91.59,-8.41,915.9,-84.1,9159.0,-841.0,5.4,105.4,5.4,1054.0,54.0,10540.0,540.0,6.0,106.0,6.0,1060.0,60.0,10600.0,600.0,,,,,,,,,,,,,,,,,,,,,,
BEPC,Brookfield Renewable Corp,AI,nuclear-ops,NYSE,28.49,+0.91%,+0.39%,-9.21%,-26.33%,-21%,5.288,1.158,,1.75,2623247,9665547,39048047,556.0,,hold,2.86,0.91,100.91,0.91,1009.1,9.1,10091.0,91.0,0.39,100.39,0.39,1003.9,3.9,10039.0,39.0,-9.21,90.79,-9.21,907.9,-92.1,9079.0,-921.0,-26.33,73.67,-26.33,736.7,-263.3,7367.0,-2633.0,-21.0,79.0,-21.0,790.0,-210.0,7900.0,-2100.0,,,,,,,,,,,,,,,,,,,,,,
GEV,GE Vernova,AI,smr,NYSE,987.45,+3.70%,+3.39%,+7.11%,+45.58%,+57%,262.991,0.967,28.31,2.38,2942184,9230784,45034184,21.0,3.29,buy,1.54,3.7,103.7,3.7,1037.0,37.0,10370.0,370.0,3.39,103.39,3.39,1033.9,33.9,10339.0,339.0,7.11,107.11,7.11,1071.1,71.1,10711.0,711.0,45.58,145.58,45.58,1455.8,455.8,14558.0,4558.0,57.0,157.0,57.0,1570.0,570.0,15700.0,5700.0,,,,,,,,,,,,,,,,,,,,,,
BWXT,BWX Technologies,AI,smr,NYSE,136.79,-1.94%,-1.36%,-12.13%,-24.46%,-26%,12.533,0.743,35.44,1.02,1330587,6973087,23728287,77.0,4.42,buy,1.61,-1.94,98.06,-1.94,980.6,-19.4,9806.0,-194.0,-1.36,98.64,-1.36,986.4,-13.6,9864.0,-136.0,-12.13,87.87,-12.13,878.7,-121.3,8787.0,-1213.0,-24.46,75.54,-24.46,755.4,-244.6,7554.0,-2446.0,-26.0,74.0,-26.0,740.0,-260.0,7400.0,-2600.0,,,,,,,,,,,,,,,,,,,,,,
SMR,NuScale Power,AI,smr,NYSE,7.79,-2.01%,-8.03%,-18.51%,-52.24%,-80%*,3.197,2.309,,33.4,30394900,151866900,787840900,,20.64,hold,2.67,-2.01,97.99,-2.01,979.9,-20.1,9799.0,-201.0,-8.03,91.97,-8.03,919.7,-80.3,9197.0,-803.0,-18.51,81.49,-18.51,814.9,-185.1,8149.0,-1851.0,-52.24,47.76,-52.24,477.6,-522.4,4776.0,-5224.0,-80.0,20.0,-80.0,200.0,-800.0,2000.0,-8000.0,,,,,,,,,,,,,,,,,,,,,,
OKLO,Oklo Inc,AI,smr,NYSE,36.14,-3.16%,-5.62%,-8.55%,-53.55%,-71%*,6.723,1.195,,9.5,8447795,37559995,207040995,,20.52,buy,2.08,-3.16,96.84,-3.16,968.4,-31.6,9684.0,-316.0,-5.62,94.38,-5.62,943.8,-56.2,9438.0,-562.0,-8.55,91.45,-8.55,914.5,-85.5,9145.0,-855.0,-53.55,46.45,-53.55,464.5,-535.5,4645.0,-5355.0,-71.0,29.0,-71.0,290.0,-710.0,2900.0,-7100.0,,,,,,,,,,,,,,,,,,,,,,
NNE,NANO Nuclear Energy,AI,smr,NASDAQ,15.73,-1.01%,-7.58%,-10.57%,-43.03%,-62%*,0.845,5.399,,1.95,1844391,7802091,39684491,,34.89,buy,1.62,-1.01,98.99,-1.01,989.9,-10.1,9899.0,-101.0,-7.58,92.42,-7.58,924.2,-75.8,9242.0,-758.0,-10.57,89.43,-10.57,894.3,-105.7,8943.0,-1057.0,-43.03,56.97,-43.03,569.7,-430.3,5697.0,-4303.0,-62.0,38.0,-62.0,380.0,-620.0,3800.0,-6200.0,,,,,,,,,,,,,,,,,,,,,,
CCJ,Cameco Corporation,AI,uranium,NYSE,85.69,-2.07%,-2.76%,-11.09%,-13.06%,+3%,37.321,1.012,150.33,3.18,4368894,14443994,60730994,20.0,,buy,1.57,-2.07,97.93,-2.07,979.3,-20.7,9793.0,-207.0,-2.76,97.24,-2.76,972.4,-27.6,9724.0,-276.0,-11.09,88.91,-11.09,889.1,-110.9,8891.0,-1109.0,-13.06,86.94,-13.06,869.4,-130.6,8694.0,-1306.0,3.0,103.0,3.0,1030.0,30.0,10300.0,300.0,,,,,,,,,,,,,,,,,,,,,,
UEC,Uranium Energy Corp,AI,uranium,NYSE,9.36,-1.06%,-1.16%,-19.45%,-28.60%,-31%,4.639,1.236,,8.45,9643870,57753570,196952870,,14.6,buy,1.6,-1.06,98.94,-1.06,989.4,-10.6,9894.0,-106.0,-1.16,98.84,-1.16,988.4,-11.6,9884.0,-116.0,-19.45,80.55,-19.45,805.5,-194.5,8055.0,-1945.0,-28.6,71.4,-28.6,714.0,-286.0,7140.0,-2860.0,-31.0,69.0,-31.0,690.0,-310.0,6900.0,-3100.0,,,,,,,,,,,,,,,,,,,,,,
LEU,Centrus Energy,AI,uranium,NYSE,139.11,-0.32%,-5.57%,-18.88%,-48.95%,-60%,2.845,1.334,76.86,0.73,542542,2666942,15739442,,27.66,buy,1.84,-0.32,99.68,-0.32,996.8,-3.2,9968.0,-32.0,-5.57,94.43,-5.57,944.3,-55.7,9443.0,-557.0,-18.88,81.12,-18.88,811.2,-188.8,8112.0,-1888.0,-48.95,51.05,-48.95,510.5,-489.5,5105.0,-4895.0,-60.0,40.0,-60.0,400.0,-600.0,4000.0,-6000.0,,,,,,,,,,,,,,,,,,,,,,
VRT,Vertiv Holdings,AI,power-infra,NYSE,246.12,+1.26%,+0.33%,-4.10%,+40.25%,+49%,94.754,2.075,55.56,5.31,3466413,19334713,110287413,10.0,3.68,strong_buy,1.38,1.26,101.26,1.26,1012.6,12.6,10126.0,126.0,0.33,100.33,0.33,1003.3,3.3,10033.0,33.0,-4.1,95.9,-4.1,959.0,-41.0,9590.0,-410.0,40.25,140.25,40.25,1402.5,402.5,14025.0,4025.0,49.0,149.0,49.0,1490.0,490.0,14900.0,4900.0,,,,,,,,,,,,,,,,,,,,,,
ETN,Eaton Corporation,AI,power-infra,NYSE,437.28,+1.69%,-0.62%,+11.88%,+34.72%,+14%,169.795,1.168,44.44,2.11,1605739,9209539,43299339,102.0,2.0,buy,1.57,1.69,101.69,1.69,1016.9,16.9,10169.0,169.0,-0.62,99.38,-0.62,993.8,-6.2,9938.0,-62.0,11.88,111.88,11.88,1118.8,118.8,11188.0,1188.0,34.72,134.72,34.72,1347.2,347.2,13472.0,3472.0,14.0,114.0,14.0,1140.0,140.0,11400.0,1400.0,,,,,,,,,,,,,,,,,,,,,,
POWL,Powell Industries,AI,power-infra,NASDAQ,190.6,+2.97%,-0.53%,+11.78%,+62.41%,+80%,6.943,1.185,36.51,0.65,466504,2236404,11115604,19.0,9.75,buy,2.25,2.97,102.97,2.97,1029.7,29.7,10297.0,297.0,-0.53,99.47,-0.53,994.7,-5.3,9947.0,-53.0,11.78,111.78,11.78,1117.8,117.8,11178.0,1178.0,62.41,162.41,62.41,1624.1,624.1,16241.0,6241.0,80.0,180.0,80.0,1800.0,800.0,18000.0,8000.0,,,,,,,,,,,,,,,,,,,,,,
EQIX,Equinix,AI,dc-operators,NASDAQ,1012.33,+0.07%,-2.17%,-0.68%,+34.51%,+31%,99.888,0.973,65.19,0.55,555270,2920370,10981970,204.0,1.97,strong_buy,1.5,0.07,100.07,0.07,1000.7,0.7,10007.0,7.0,-2.17,97.83,-2.17,978.3,-21.7,9783.0,-217.0,-0.68,99.32,-0.68,993.2,-6.8,9932.0,-68.0,34.51,134.51,34.51,1345.1,345.1,13451.0,3451.0,31.0,131.0,31.0,1310.0,310.0,13100.0,3100.0,,,,,,,,,,,,,,,,,,,,,,
DLR,Digital Realty,AI,dc-operators,NYSE,176.49,+0.55%,-2.49%,-3.30%,+16.17%,+1%,66.654,1.037,86.09,2.42,1894149,8566249,39390049,278.0,,strong_buy,1.44,0.55,100.55,0.55,1005.5,5.5,10055.0,55.0,-2.49,97.51,-2.49,975.1,-24.9,9751.0,-249.0,-3.3,96.7,-3.3,967.0,-33.0,9670.0,-330.0,16.17,116.17,16.17,1161.7,161.7,11617.0,1617.0,1.0,101.0,1.0,1010.0,10.0,10100.0,100.0,,,,,,,,,,,,,,,,,,,,,,
AMT,American Tower,AI,dc-operators,NYSE,161.06,-1.61%,-2.67%,-5.85%,-5.04%,-14%,75.048,0.895,22.15,2.66,2601839,13527839,55376539,437.0,1.5,buy,1.52,-1.61,98.39,-1.61,983.9,-16.1,9839.0,-161.0,-2.67,97.33,-2.67,973.3,-26.7,9733.0,-267.0,-5.85,94.15,-5.85,941.5,-58.5,9415.0,-585.0,-5.04,94.96,-5.04,949.6,-50.4,9496.0,-504.0,-14.0,86.0,-14.0,860.0,-140.0,8600.0,-1400.0,,,,,,,,,,,,,,,,,,,,,,
GOOGL,Alphabet (Google),AI,hyperscalers,NASDAQ,338.24,-3.19%,-1.20%,+0.40%,+7.54%,+40%,4136.653,1.225,16.98,27.06,33110940,132750640,566812940,26.0,1.49,strong_buy,1.38,-3.19,96.81,-3.19,968.1,-31.9,9681.0,-319.0,-1.2,98.8,-1.2,988.0,-12.0,9880.0,-120.0,0.4,100.4,0.4,1004.0,4.0,10040.0,40.0,7.54,107.54,7.54,1075.4,75.4,10754.0,754.0,40.0,140.0,40.0,1400.0,400.0,14000.0,4000.0,,,,,,,,,,,,,,,,,,,,,,
MSFT,Microsoft,AI,hyperscalers,NASDAQ,512.8,-0.31%,+2.99%,+3.22%,+9.12%,-1%,3807.82,1.108,28.32,28.77,18901325,125286425,445908025,76.0,0.91,strong_buy,1.33,-0.31,99.69,-0.31,996.9,-3.1,9969.0,-31.0,2.99,102.99,2.99,1029.9,29.9,10299.0,299.0,3.22,103.22,3.22,1032.2,32.2,10322.0,322.0,9.12,109.12,9.12,1091.2,91.2,10912.0,912.0,-1.0,99.0,-1.0,990.0,-10.0,9900.0,-100.0,,,,,,,,,,,,,,,,,,,,,,
AMZN,Amazon,AI,hyperscalers,NASDAQ,248.23,-0.79%,-0.46%,-2.65%,+9.59%,+12%,2677.486,1.443,19.97,39.52,32645635,175149735,720508335,,0.83,strong_buy,1.32,-0.79,99.21,-0.79,992.1,-7.9,9921.0,-79.0,-0.46,99.54,-0.46,995.4,-4.6,9954.0,-46.0,-2.65,97.35,-2.65,973.5,-26.5,9735.0,-265.0,9.59,109.59,9.59,1095.9,95.9,10959.0,959.0,12.0,112.0,12.0,1120.0,120.0,11200.0,1200.0,,,,,,,,,,,,,,,,,,,,,,
META,Meta Platforms,AI,hyperscalers,NASDAQ,725.93,-0.17%,-6.64%,+22.54%,+11.90%,+0%,1849.311,1.243,26.48,19.62,12256112,108910012,496490912,29.0,1.41,strong_buy,1.41,-0.17,99.83,-0.17,998.3,-1.7,9983.0,-17.0,-6.64,93.36,-6.64,933.6,-66.4,9336.0,-664.0,22.54,122.54,22.54,1225.4,225.4,12254.0,2254.0,11.9,111.9,11.9,1119.0,119.0,11190.0,1190.0,0.0,100.0,0.0,1000.0,0.0,10000.0,0.0,,,,,,,,,,,,,1,strong_buy,0.9,"META rallies 29% in September on Muse AI strength [stocktwits.com](https://stocktwits.com/news-articles/markets/equity/meta-eyes-best-month-since-2013-on-muse-ai-strength/cZMFceURBhe), P/E 27, strong_buy consensus, Morningstar sees undervalued [simplywall.st](https://simplywall.st/stocks/us/media/nasdaq-meta/meta-platforms/news/meta-platforms-meta-enterprise-push-keeps-its-undervalued-na).",+29% 1M momentum; strong_buy analyst; Muse AI catalyst; Morningstar undervalued,,,,,
IREN,Iris Energy,AI,ai-compute,NASDAQ,40.65,-1.31%,-11.92%,+2.65%,-4.80%,-13%*,16.018,4.285,,43.04,36660896,164284296,759089796,,21.71,buy,1.6,-1.31,98.69,-1.31,986.9,-13.1,9869.0,-131.0,-11.92,88.08,-11.92,880.8,-119.2,8808.0,-1192.0,2.65,102.65,2.65,1026.5,26.5,10265.0,265.0,-4.8,95.2,-4.8,952.0,-48.0,9520.0,-480.0,-13.0,87.0,-13.0,870.0,-130.0,8700.0,-1300.0,,,,,,,,,,,,,,,,,,,,,,
CORZ,Core Scientific,AI,ai-compute,NASDAQ,16.35,+1.49%,-9.77%,-2.74%,+2.25%,-12%*,5.254,5.485,,11.93,13070285,54437285,238431085,,22.21,strong_buy,1.32,1.49,101.49,1.49,1014.9,14.9,10149.0,149.0,-9.77,90.23,-9.77,902.3,-97.7,9023.0,-977.0,-2.74,97.26,-2.74,972.6,-27.4,9726.0,-274.0,2.25,102.25,2.25,1022.5,22.5,10225.0,225.0,-12.0,88.0,-12.0,880.0,-120.0,8800.0,-1200.0,,,,,,,,,,,,,,,,,,,,,,
WULF,TeraWulf,AI,ai-compute,NASDAQ,14.91,+0.40%,-8.47%,+0.61%,+17.03%,+28%*,7.44,4.248,,32.46,29825719,119678119,584940219,,28.55,strong_buy,1.29,0.4,100.4,0.4,1004.0,4.0,10040.0,40.0,-8.47,91.53,-8.47,915.3,-84.7,9153.0,-847.0,0.61,100.61,0.61,1006.1,6.1,10061.0,61.0,17.03,117.03,17.03,1170.3,170.3,11703.0,1703.0,28.0,128.0,28.0,1280.0,280.0,12800.0,2800.0,,,,,,,,,,,,,,,,,,,,,,
HUT,Hut 8 Mining,AI,ai-compute,NASDAQ,86.36,-0.52%,-14.95%,+7.04%,+68.44%,+121%,10.644,5.976,,4.6,4716903,19153503,95417403,,14.79,strong_buy,1.36,-0.52,99.48,-0.52,994.8,-5.2,9948.0,-52.0,-14.95,85.05,-14.95,850.5,-149.5,8505.0,-1495.0,7.04,107.04,7.04,1070.4,70.4,10704.0,704.0,68.44,168.44,68.44,1684.4,684.4,16844.0,6844.0,121.0,221.0,121.0,2210.0,1210.0,22100.0,12100.0,,,,,,,,,,,,,,,,,,,,,,
SMCI,Super Micro Computer,AI,ai-compute,NASDAQ,41.92,+2.09%,+0.99%,+13.30%,+35.40%,-22%,27.116,1.996,12.86,44.88,26394062,162432462,793453262,,18.82,none,,2.09,102.09,2.09,1020.9,20.9,10209.0,209.0,0.99,100.99,0.99,1009.9,9.9,10099.0,99.0,13.3,113.3,13.3,1133.0,133.0,11330.0,1330.0,35.4,135.4,35.4,1354.0,354.0,13540.0,3540.0,-22.0,78.0,-22.0,780.0,-220.0,7800.0,-2200.0,,,,,,,,,,,,,,,,,,,,,,
DELL,Dell Technologies,AI,ai-compute,NYSE,541.74,+0.09%,+1.07%,+10.07%,+327.77%,+265%,344.445,1.409,31.48,7.71,6647277,32892277,222330477,47.0,4.68,buy,1.83,0.09,100.09,0.09,1000.9,0.9,10009.0,9.0,1.07,101.07,1.07,1010.7,10.7,10107.0,107.0,10.07,110.07,10.07,1100.7,100.7,11007.0,1007.0,327.77,427.77,327.77,4277.7,3277.7,42777.0,32777.0,265.0,365.0,265.0,3650.0,2650.0,36500.0,26500.0,,,,,,,,,,,,,9,strong_buy,0.891,"DELL +326% YTD, +18% 1M, P/E 32, buy consensus, AI compute exposure.",+326% YTD; AI compute play; buy analyst,,,,,
COHR,Coherent Corp,AI,fibre-optical,NYSE,319.19,+10.78%,+9.83%,+18.82%,+64.25%,+155%,62.508,2.104,77.47,6.18,11318428,33912828,138328628,,6.09,buy,1.58,10.78,110.78,10.78,1107.8,107.8,11078.0,1078.0,9.83,109.83,9.83,1098.3,98.3,10983.0,983.0,18.82,118.82,18.82,1188.2,188.2,11882.0,1882.0,64.25,164.25,64.25,1642.5,642.5,16425.0,6425.0,155.0,255.0,155.0,2550.0,1550.0,25500.0,15500.0,,,,,,,,,,,,,,,,,,,,,,
LITE,Lumentum Holdings,AI,fibre-optical,NASDAQ,1045.78,+7.57%,+12.57%,+20.12%,+170.85%,+472%,93.806,1.541,,4.61,7469106,25817506,99206706,,7.92,strong_buy,1.48,7.57,107.57,7.57,1075.7,75.7,10757.0,757.0,12.57,112.57,12.57,1125.7,125.7,11257.0,1257.0,20.12,120.12,20.12,1201.2,201.2,12012.0,2012.0,170.85,270.85,170.85,2708.5,1708.5,27085.0,17085.0,472.0,572.0,472.0,5720.0,4720.0,57200.0,47200.0,,,,,,,,,,,,,,,,,,,,,,
AAOI,Applied Optoelectronics,AI,fibre-optical,NASDAQ,107.32,+7.55%,+6.23%,+4.06%,+171.01%,+255%,9.112,3.783,,9.37,11247502,38069502,149437302,,15.02,none,,7.55,107.55,7.55,1075.5,75.5,10755.0,755.0,6.23,106.23,6.23,1062.3,62.3,10623.0,623.0,4.06,104.06,4.06,1040.6,40.6,10406.0,406.0,171.01,271.01,171.01,2710.1,1710.1,27101.0,17101.0,255.0,355.0,255.0,3550.0,2550.0,35500.0,25500.0,,,,,,,,,,,,,,,,,,,,,,
FN,Fabrinet,AI,fibre-optical,NYSE,451.44,+6.58%,+13.32%,+14.19%,-5.84%,+15%,16.178,1.208,34.54,0.86,959290,4029590,16184690,,5.69,buy,1.78,6.58,106.58,6.58,1065.8,65.8,10658.0,658.0,13.32,113.32,13.32,1133.2,133.2,11332.0,1332.0,14.19,114.19,14.19,1141.9,141.9,11419.0,1419.0,-5.84,94.16,-5.84,941.6,-58.4,9416.0,-584.0,15.0,115.0,15.0,1150.0,150.0,11500.0,1500.0,,,,,,,,,,,,,,,,,,,,,,
MTSI,MACOM Technology,AI,dsp-semi,NASDAQ,301.63,+6.47%,+5.86%,+17.11%,+72.40%,+122%,23.036,1.708,96.37,1.41,1174423,5041923,27515223,,4.35,buy,1.56,6.47,106.47,6.47,1064.7,64.7,10647.0,647.0,5.86,105.86,5.86,1058.6,58.6,10586.0,586.0,17.11,117.11,17.11,1171.1,171.1,11711.0,1711.0,72.4,172.4,72.4,1724.0,724.0,17240.0,7240.0,122.0,222.0,122.0,2220.0,1220.0,22200.0,12200.0,,,,,,,,,,,,,,,,,,,,,,
SMTC,Semtech,AI,dsp-semi,NASDAQ,186.59,+4.01%,+6.93%,+39.40%,+147.93%,+145%,17.413,2.353,128.68,2.95,3275711,13462611,68689311,,8.53,strong_buy,1.19,4.01,104.01,4.01,1040.1,40.1,10401.0,401.0,6.93,106.93,6.93,1069.3,69.3,10693.0,693.0,39.4,139.4,39.4,1394.0,394.0,13940.0,3940.0,147.93,247.93,147.93,2479.3,1479.3,24793.0,14793.0,145.0,245.0,145.0,2450.0,1450.0,24500.0,14500.0,,,,,,,,,,,,,3,strong_buy,0.831,"SMTC +35% 1M, +139% YTD, strong_buy with best analyst score 1.19, P/E 116.",+35% 1M momentum; strong_buy (score 1.19); +139% YTD,,,,,
CRDO,Credo Technology,AI,dsp-semi,NASDAQ,210.17,+7.94%,+7.25%,+27.21%,+46.75%,+30%,39.502,3.228,74.0,6.81,9362591,43356791,209521591,,5.14,strong_buy,1.35,7.94,107.94,7.94,1079.4,79.4,10794.0,794.0,7.25,107.25,7.25,1072.5,72.5,10725.0,725.0,27.21,127.21,27.21,1272.1,272.1,12721.0,2721.0,46.75,146.75,46.75,1467.5,467.5,14675.0,4675.0,30.0,130.0,30.0,1300.0,300.0,13000.0,3000.0,,,,,,,,,,,,,,,,,,,,,,
MXL,MaxLinear,AI,dsp-semi,NASDAQ,92.12,+2.25%,+7.98%,+53.28%,+397.68%,+457%,8.354,3.945,,3.11,2176995,14879195,60702795,,7.46,buy,1.82,2.25,102.25,2.25,1022.5,22.5,10225.0,225.0,7.98,107.98,7.98,1079.8,79.8,10798.0,798.0,53.28,153.28,53.28,1532.8,532.8,15328.0,5328.0,397.68,497.68,397.68,4976.8,3976.8,49768.0,39768.0,457.0,557.0,457.0,5570.0,4570.0,55700.0,45700.0,,,,,,,,,,,,,4,strong_buy,1.0,"MXL +55% 1M, +401% YTD, buy consensus, riding AI optical-chip rally [kalkine.com](https://kalkine.com/news/technology/maxlinear-nasdaqmxl-stock-rockets-on-the-sp-smallcap-600-as-it-rides-ai-and-optical-chip-momentum-without-company-specific-news).",+55% 1M momentum; +401% YTD; AI optical-chip catalyst; buy analyst,,,,,
KEYS,Keysight Technologies,AI,test-equip,NYSE,373.88,+2.73%,+4.57%,+16.26%,+80.98%,+108%,63.651,1.208,50.59,1.25,1223788,5156088,21245988,,1.59,none,,2.73,102.73,2.73,1027.3,27.3,10273.0,273.0,4.57,104.57,4.57,1045.7,45.7,10457.0,457.0,16.26,116.26,16.26,1162.6,162.6,11626.0,1626.0,80.98,180.98,80.98,1809.8,809.8,18098.0,8098.0,108.0,208.0,108.0,2080.0,1080.0,20800.0,10800.0,,,,,,,,,,,,,8,buy,0.7,"KEYS +12% 1M, +75% YTD, P/E 49, buy consensus, beta 1.21.",+75% YTD; P/E 49; buy analyst,,,,,
VIAV,Viavi Solutions,AI,test-equip,NASDAQ,44.78,+6.83%,+20.28%,+29.80%,+146.72%,+228%,11.049,1.226,,4.98,7253216,34017416,119432816,,6.33,strong_buy,1.38,6.83,106.83,6.83,1068.3,68.3,10683.0,683.0,20.28,120.28,20.28,1202.8,202.8,12028.0,2028.0,29.8,129.8,29.8,1298.0,298.0,12980.0,2980.0,146.72,246.72,146.72,2467.2,1467.2,24672.0,14672.0,228.0,328.0,228.0,3280.0,2280.0,32800.0,22800.0,,,,,,,,,,,,,5,strong_buy,0.778,"VIAV +15% 1W, +15% 1M, +130% YTD, strong_buy, beta 1.23.",+15% 1W momentum; strong_buy consensus; +130% YTD,,,,,
AXTI,AXT Inc,AI,materials,NASDAQ,81.81,+4.68%,+7.79%,+43.65%,+388.13%,+1547%,5.365,1.92,2727.0,10.01,8758821,39528121,184326921,,14.03,none,,4.68,104.68,4.68,1046.8,46.8,10468.0,468.0,7.79,107.79,7.79,1077.9,77.9,10779.0,779.0,43.65,143.65,43.65,1436.5,436.5,14365.0,4365.0,388.13,488.13,388.13,4881.3,3881.3,48813.0,38813.0,1547.0,1647.0,1547.0,16470.0,15470.0,164700.0,154700.0,,,,,,,,,,,,,6,strong_buy,1.0,"AXTI +366% YTD, +29% 1M, earnings estimates upgraded [simplywall.st](https://simplywall.st/stocks/us/semiconductors/nasdaq-axti/axt/news/why-axt-stock-is-gaining-attention-after-earnings-estimate-u), but P/E 2606 high risk.",+366% YTD; earnings estimate upgrades; AI substrate demand,,,,,
AMGN,Amgen,Biotech,large-cap,NASDAQ,407.27,-3.76%,+0.30%,-8.03%,+26.85%,+42%,220.184,0.426,25.3,2.7,2490728,14489028,67155428,239.0,2.6,hold,2.65,-3.76,96.24,-3.76,962.4,-37.6,9624.0,-376.0,0.3,100.3,0.3,1003.0,3.0,10030.0,30.0,-8.03,91.97,-8.03,919.7,-80.3,9197.0,-803.0,26.85,126.85,26.85,1268.5,268.5,12685.0,2685.0,42.0,142.0,42.0,1420.0,420.0,14200.0,4200.0,,,,,,,,,,,,,,,,,,,,,,
GILD,Gilead Sciences,Biotech,large-cap,NASDAQ,147.5,-1.67%,-1.46%,-0.86%,+23.48%,+35%,182.893,0.35,,6.29,4362454,25402854,122699654,220.0,1.48,buy,1.7,-1.67,98.33,-1.67,983.3,-16.7,9833.0,-167.0,-1.46,98.54,-1.46,985.4,-14.6,9854.0,-146.0,-0.86,99.14,-0.86,991.4,-8.6,9914.0,-86.0,23.48,123.48,23.48,1234.8,234.8,12348.0,2348.0,35.0,135.0,35.0,1350.0,350.0,13500.0,3500.0,,,,,,,,,,,,,4,buy,0.75,"YTD +26.65%, buy rating an_score 1.70, large cap with 2.15% dividend yield and low beta 0.35, providing stability and income.",buy consensus; dividend yield 2.15%; YTD +27%; low beta 0.35,,,,,
REGN,Regeneron Pharmaceuticals,Biotech,large-cap,NASDAQ,734.81,-2.12%,-7.69%,-13.76%,-4.98%,+26%,75.652,0.193,18.18,0.75,1042690,4461290,15735090,50.0,2.6,buy,1.93,-2.12,97.88,-2.12,978.8,-21.2,9788.0,-212.0,-7.69,92.31,-7.69,923.1,-76.9,9231.0,-769.0,-13.76,86.24,-13.76,862.4,-137.6,8624.0,-1376.0,-4.98,95.02,-4.98,950.2,-49.8,9502.0,-498.0,26.0,126.0,26.0,1260.0,260.0,12600.0,2600.0,,,,,,,,,,,,,,,,,,,,,,
VRTX,Vertex Pharmaceuticals,Biotech,large-cap,NASDAQ,506.74,-3.20%,-2.99%,-8.98%,+12.08%,+28%,128.357,0.32,29.55,1.23,1159876,4574376,21762876,,2.1,buy,1.66,-3.2,96.8,-3.2,968.0,-32.0,9680.0,-320.0,-2.99,97.01,-2.99,970.1,-29.9,9701.0,-299.0,-8.98,91.02,-8.98,910.2,-89.8,9102.0,-898.0,12.08,112.08,12.08,1120.8,120.8,11208.0,1208.0,28.0,128.0,28.0,1280.0,280.0,12800.0,2800.0,,,,,,,,,,,,,6,buy,0.75,"YTD +16.50%, P/E 30.71, buy rating an_score 1.66, large cap with low beta 0.32 and strong CF franchise.",buy consensus; P/E 30.7; low beta 0.32; stable large cap,,,,,
BIIB,Biogen,Biotech,large-cap,NASDAQ,222.82,-1.35%,-1.56%,+0.07%,+25.31%,+45%,32.922,0.171,39.65,1.08,1753837,6758637,22399937,,4.39,buy,1.89,-1.35,98.65,-1.35,986.5,-13.5,9865.0,-135.0,-1.56,98.44,-1.56,984.4,-15.6,9844.0,-156.0,0.07,100.07,0.07,1000.7,0.7,10007.0,7.0,25.31,125.31,25.31,1253.1,253.1,12531.0,2531.0,45.0,145.0,45.0,1450.0,450.0,14500.0,4500.0,,,,,,,,,,,,,5,buy,0.7,"YTD +27.70%, 1M +4.81%, P/E 40.4 (premium for pipeline), buy rating an_score 1.89, with recent neuroscience momentum.",YTD +28%; 1M +4.8%; buy consensus; P/E 40.4,,,,,
BMY,Bristol-Myers Squibb,Biotech,large-cap,NYSE,61.46,-1.58%,-0.07%,-9.16%,+17.46%,+36%,125.545,0.227,13.54,11.02,10764463,67158963,243903763,404.0,2.06,buy,2.46,-1.58,98.42,-1.58,984.2,-15.8,9842.0,-158.0,-0.07,99.93,-0.07,999.3,-0.7,9993.0,-7.0,-9.16,90.84,-9.16,908.4,-91.6,9084.0,-916.0,17.46,117.46,17.46,1174.6,174.6,11746.0,1746.0,36.0,136.0,36.0,1360.0,360.0,13600.0,3600.0,,,,,,,,,,,,,9,buy,0.7,"YTD +20.14%, P/E 14.06 (value), dividend yield 3.94%, buy rating an_score 2.46, offering income and reasonable valuation.",P/E 14.1; dividend 3.94%; YTD +20%; buy consensus,,,,,
AZN,AstraZeneca,Biotech,uk-listed,LSE,158.8,-2.40%,-2.97%,+0.59%,-11.46%,-1%,2.463,0.205,24.02,3.39,347308,10225372,68694543,195.0,,buy,1.72,-2.4,97.6,-2.4,976.0,-24.0,9760.0,-240.0,-2.97,97.03,-2.97,970.3,-29.7,9703.0,-297.0,0.59,100.59,0.59,1005.9,5.9,10059.0,59.0,-11.46,88.54,-11.46,885.4,-114.6,8854.0,-1146.0,-1.0,99.0,-1.0,990.0,-10.0,9900.0,-100.0,,,,,,,,,,,,,,,,,,,,,,
GSK,GSK,Biotech,uk-listed,LSE,23.69,-2.02%,-4.37%,-4.09%,-1.97%,+11%,0.949,0.29,15.21,6.85,209,29569201,131612386,371.0,,hold,2.52,-2.02,97.98,-2.02,979.8,-20.2,9798.0,-202.0,-4.37,95.63,-4.37,956.3,-43.7,9563.0,-437.0,-4.09,95.91,-4.09,959.1,-40.9,9591.0,-409.0,-1.97,98.03,-1.97,980.3,-19.7,9803.0,-197.0,11.0,111.0,11.0,1110.0,110.0,11100.0,1100.0,,,,,,,,,,,,,,,,,,,,,,
CRSP,CRISPR Therapeutics,Biotech,gene-editing,NASDAQ,55.44,-0.22%,-0.47%,-2.60%,+3.11%,-24%,5.361,1.76,,1.61,1050383,6068983,33682783,,22.58,buy,2.05,-0.22,99.78,-0.22,997.8,-2.2,9978.0,-22.0,-0.47,99.53,-0.47,995.3,-4.7,9953.0,-47.0,-2.6,97.4,-2.6,974.0,-26.0,9740.0,-260.0,3.11,103.11,3.11,1031.1,31.1,10311.0,311.0,-24.0,76.0,-24.0,760.0,-240.0,7600.0,-2400.0,,,,,,,,,,,,,,,,,,,,,,
BEAM,Beam Therapeutics,Biotech,gene-editing,NASDAQ,24.39,-3.42%,-1.09%,-16.73%,-10.13%,-4%,2.52,2.226,,1.99,1693106,7377306,41747406,,38.75,strong_buy,1.33,-3.42,96.58,-3.42,965.8,-34.2,9658.0,-342.0,-1.09,98.91,-1.09,989.1,-10.9,9891.0,-109.0,-16.73,83.27,-16.73,832.7,-167.3,8327.0,-1673.0,-10.13,89.87,-10.13,898.7,-101.3,8987.0,-1013.0,-4.0,96.0,-4.0,960.0,-40.0,9600.0,-400.0,,,,,,,,,,,,,,,,,,,,,,
NTLA,Intellia Therapeutics,Biotech,gene-editing,NASDAQ,12.12,-0.04%,-0.33%,-5.02%,+31.60%,-41%,1.699,1.819,,3.93,7441872,24040772,91808072,,41.97,buy,2.26,-0.04,99.96,-0.04,999.6,-0.4,9996.0,-4.0,-0.33,99.67,-0.33,996.7,-3.3,9967.0,-33.0,-5.02,94.98,-5.02,949.8,-50.2,9498.0,-502.0,31.6,131.6,31.6,1316.0,316.0,13160.0,3160.0,-41.0,59.0,-41.0,590.0,-410.0,5900.0,-4100.0,,,,,,,,,,,,,,,,,,,,,,
EDIT,Editas Medicine,Biotech,gene-editing,NASDAQ,2.52,-1.18%,-8.36%,-18.18%,+22.93%,-34%*,0.387,2.087,,2.52,1543978,10057778,63687678,,19.54,buy,1.92,-1.18,98.82,-1.18,988.2,-11.8,9882.0,-118.0,-8.36,91.64,-8.36,916.4,-83.6,9164.0,-836.0,-18.18,81.82,-18.18,818.2,-181.8,8182.0,-1818.0,22.93,122.93,22.93,1229.3,229.3,12293.0,2293.0,-34.0,66.0,-34.0,660.0,-340.0,6600.0,-3400.0,,,,,,,,,,,,,,,,,,,,,,
ILMN,Illumina,Biotech,genomics,NASDAQ,265.72,-4.07%,-2.99%,+24.60%,+97.78%,+176%,40.123,1.467,49.48,2.61,1950302,15129502,84048002,,11.47,buy,2.43,-4.07,95.93,-4.07,959.3,-40.7,9593.0,-407.0,-2.99,97.01,-2.99,970.1,-29.9,9701.0,-299.0,24.6,124.6,24.6,1246.0,246.0,12460.0,2460.0,97.78,197.78,97.78,1977.8,977.8,19778.0,9778.0,176.0,276.0,176.0,2760.0,1760.0,27600.0,17600.0,,,,,,,,,,,,,2,buy,0.8,"YTD +102.46%, 1M +27.32%, P/E 50.65 reflecting growth, buy rating with an_score 2.43, and strong genomics sector positioning.",YTD +102%; 1M +27%; buy consensus; high revenue growth,,,,,
PACB,Pacific Biosciences,Biotech,genomics,NASDAQ,2.51,+7.58%,+58.86%,+90.15%,+36.41%,+66%*,0.78,2.31,,8.06,35835424,166286424,253851024,,18.08,none,,7.58,107.58,7.58,1075.8,75.8,10758.0,758.0,58.86,158.86,58.86,1588.6,588.6,15886.0,5886.0,90.15,190.15,90.15,1901.5,901.5,19015.0,9015.0,36.41,136.41,36.41,1364.1,364.1,13641.0,3641.0,66.0,166.0,66.0,1660.0,660.0,16600.0,6600.0,,,,,,,,,,,,,,,,,,,,,,
NTRA,Natera,Biotech,genomics,NASDAQ,408.47,-2.75%,-0.08%,+25.62%,+78.50%,+158%,58.879,1.534,,1.37,1863513,9023213,33052713,,3.43,strong_buy,1.39,-2.75,97.25,-2.75,972.5,-27.5,9725.0,-275.0,-0.08,99.92,-0.08,999.2,-0.8,9992.0,-8.0,25.62,125.62,25.62,1256.2,256.2,12562.0,2562.0,78.5,178.5,78.5,1785.0,785.0,17850.0,7850.0,158.0,258.0,158.0,2580.0,1580.0,25800.0,15800.0,,,,,,,,,,,,,1,strong_buy,0.85,"YTD +81.14%, 1M +28.75%, strong_buy consensus with an_score 1.46, and robust short-term momentum from genomics tailwinds.",YTD +81%; strong_buy consensus; 1M momentum +28.8%; low short interest 3.43%,,,,,
RXRX,Recursion Pharmaceuticals,Biotech,genomics,NASDAQ,4.07,-2.33%,+4.63%,+20.41%,-3.10%,-25%*,2.183,1.071,,19.41,17440995,95330995,437581595,,34.95,buy,2.43,-2.33,97.67,-2.33,976.7,-23.3,9767.0,-233.0,4.63,104.63,4.63,1046.3,46.3,10463.0,463.0,20.41,120.41,20.41,1204.1,204.1,12041.0,2041.0,-3.1,96.9,-3.1,969.0,-31.0,9690.0,-310.0,-25.0,75.0,-25.0,750.0,-250.0,7500.0,-2500.0,,,,,,,,,,,,,,,,,,,,,,
INCY,Incyte,Biotech,oncology,NASDAQ,117.14,-3.47%,-5.87%,-9.07%,+15.50%,+41%,23.745,0.77,14.92,1.6,2362131,8339931,33468131,,8.39,buy,2.29,-3.47,96.53,-3.47,965.3,-34.7,9653.0,-347.0,-5.87,94.13,-5.87,941.3,-58.7,9413.0,-587.0,-9.07,90.93,-9.07,909.3,-90.7,9093.0,-907.0,15.5,115.5,15.5,1155.0,155.0,11550.0,1550.0,41.0,141.0,41.0,1410.0,410.0,14100.0,4100.0,,,,,,,,,,,,,,,,,,,,,,
EXEL,Exelixis,Biotech,oncology,NASDAQ,57.94,-0.79%,-0.02%,-1.01%,+32.95%,+41%,14.357,0.422,18.22,2.38,1355740,9932440,45469540,,14.56,buy,2.33,-0.79,99.21,-0.79,992.1,-7.9,9921.0,-79.0,-0.02,99.98,-0.02,999.8,-0.2,9998.0,-2.0,-1.01,98.99,-1.01,989.9,-10.1,9899.0,-101.0,32.95,132.95,32.95,1329.5,329.5,13295.0,3295.0,41.0,141.0,41.0,1410.0,410.0,14100.0,4100.0,,,,,,,,,,,,,3,buy,0.8,"YTD +34.58%, P/E 18.33 (reasonable), buy rating an_score 2.37, and consistent oncology momentum with low beta 0.422.",P/E 18.3; YTD +35%; buy consensus; low beta,,,,,
ALNY,Alnylam Pharmaceuticals,Biotech,oncology,NASDAQ,231.18,-6.31%,-7.38%,-13.55%,-42.23%,-46%,30.933,0.3,40.21,1.82,2014600,6078300,31229900,,7.16,buy,1.69,-6.31,93.69,-6.31,936.9,-63.1,9369.0,-631.0,-7.38,92.62,-7.38,926.2,-73.8,9262.0,-738.0,-13.55,86.45,-13.55,864.5,-135.5,8645.0,-1355.0,-42.23,57.77,-42.23,577.7,-422.3,5777.0,-4223.0,-46.0,54.0,-46.0,540.0,-460.0,5400.0,-4600.0,,,,,,,,,,,,,,,,,,,,,,
RCUS,Arcus Biosciences,Biotech,oncology,NYSE,25.23,-2.96%,+0.68%,-15.48%,+8.33%,+93%*,3.212,0.812,,1.31,1361591,6942491,36402991,,17.71,strong_buy,1.31,-2.96,97.04,-2.96,970.4,-29.6,9704.0,-296.0,0.68,100.68,0.68,1006.8,6.8,10068.0,68.0,-15.48,84.52,-15.48,845.2,-154.8,8452.0,-1548.0,8.33,108.33,8.33,1083.3,83.3,10833.0,833.0,93.0,193.0,93.0,1930.0,930.0,19300.0,9300.0,,,,,,,,,,,,,8,strong_buy,0.65,"YTD +10.13%, strong_buy rating with an_score 1.43, oncology small-cap with high analyst conviction and recent 2.56% 1D gain.",strong_buy consensus; an_score 1.43; YTD +10%; oncology catalyst,,,,,
MRNA,Moderna,Biotech,mrna,NASDAQ,188.94,-1.20%,-3.02%,+25.28%,+512.25%,+579%,75.432,1.106,,17.21,15400002,76632002,310693902,,10.06,hold,2.83,-1.2,98.8,-1.2,988.0,-12.0,9880.0,-120.0,-3.02,96.98,-3.02,969.8,-30.2,9698.0,-302.0,25.28,125.28,25.28,1252.8,252.8,12528.0,2528.0,512.25,612.25,512.25,6122.5,5122.5,61225.0,51225.0,579.0,679.0,579.0,6790.0,5790.0,67900.0,57900.0,,,,,,,,,,,,,,,,,,,,,,
BNTX,BioNTech,Biotech,mrna,NASDAQ,96.85,-2.69%,-2.43%,-6.70%,+0.17%,-6%,24.329,1.293,,1.16,788135,3731335,17932235,,3.48,buy,1.7,-2.69,97.31,-2.69,973.1,-26.9,9731.0,-269.0,-2.43,97.57,-2.43,975.7,-24.3,9757.0,-243.0,-6.7,93.3,-6.7,933.0,-67.0,9330.0,-670.0,0.17,100.17,0.17,1001.7,1.7,10017.0,17.0,-6.0,94.0,-6.0,940.0,-60.0,9400.0,-600.0,,,,,,,,,,,,,,,,,,,,,,
NVAX,Novavax,Biotech,mrna,NASDAQ,10.6,-1.89%,-0.00%,+2.71%,+48.67%,+13%*,1.749,2.45,,4.49,3146856,20146256,111189656,,30.43,buy,2.33,-1.89,98.11,-1.89,981.1,-18.9,9811.0,-189.0,-0.0,100.0,0.0,1000.0,0.0,10000.0,0.0,2.71,102.71,2.71,1027.1,27.1,10271.0,271.0,48.67,148.67,48.67,1486.7,486.7,14867.0,4867.0,13.0,113.0,13.0,1130.0,130.0,11300.0,1300.0,,,,,,,,,,,,,10,buy,0.55,"YTD +51.75%, 1M +15.47%, buy rating an_score 2.33, strong near-term momentum despite high short interest 30.43% and beta 2.45.",YTD +52%; 1M +15.5%; buy consensus; high momentum,,,,,
BMRN,BioMarin Pharmaceutical,Biotech,rare-disease,NASDAQ,58.44,-3.40%,-4.74%,-12.74%,-1.70%,+8%,11.312,0.238,157.95,1.95,2081467,9836167,42231667,,5.22,buy,1.74,-3.4,96.6,-3.4,966.0,-34.0,9660.0,-340.0,-4.74,95.26,-4.74,952.6,-47.4,9526.0,-474.0,-12.74,87.26,-12.74,872.6,-127.4,8726.0,-1274.0,-1.7,98.3,-1.7,983.0,-17.0,9830.0,-170.0,8.0,108.0,8.0,1080.0,80.0,10800.0,800.0,,,,,,,,,,,,,,,,,,,,,,
SRPT,Sarepta Therapeutics,Biotech,rare-disease,NASDAQ,17.57,-3.57%,-4.46%,-24.30%,-17.55%,-18%,1.856,0.261,,3.03,2841922,10690322,62027222,,28.86,hold,2.75,-3.57,96.43,-3.57,964.3,-35.7,9643.0,-357.0,-4.46,95.54,-4.46,955.4,-44.6,9554.0,-446.0,-24.3,75.7,-24.3,757.0,-243.0,7570.0,-2430.0,-17.55,82.45,-17.55,824.5,-175.5,8245.0,-1755.0,-18.0,82.0,-18.0,820.0,-180.0,8200.0,-1800.0,,,,,,,,,,,,,,,,,,,,,,
COAG,Hemab Therapeutics,Biotech,rare-disease,NASDAQ,31.06,+0.71%,-13.05%,-30.51%,-8.65%,-9%,1.45,,,0.45,437777,2369977,12700777,,,none,,0.71,100.71,0.71,1007.1,7.1,10071.0,71.0,-13.05,86.95,-13.05,869.5,-130.5,8695.0,-1305.0,-30.51,69.49,-30.51,694.9,-305.1,6949.0,-3051.0,-8.65,91.35,-8.65,913.5,-86.5,9135.0,-865.0,-9.0,91.0,-9.0,910.0,-90.0,9100.0,-900.0,,,,,,,,,,,,,,,,,,,,,,
NVO,Novo Nordisk,Biotech,metabolic,NYSE,37.4,-1.39%,-3.16%,-20.03%,-25.05%,-35%,165.143,0.344,9.37,12.37,11841791,64292091,292360991,474.0,0.83,hold,2.71,-1.39,98.61,-1.39,986.1,-13.9,9861.0,-139.0,-3.16,96.84,-3.16,968.4,-31.6,9684.0,-316.0,-20.03,79.97,-20.03,799.7,-200.3,7997.0,-2003.0,-25.05,74.95,-25.05,749.5,-250.5,7495.0,-2505.0,-35.0,65.0,-35.0,650.0,-350.0,6500.0,-3500.0,,,,,,,,,,,,,,,,,,,,,,
LLY,Eli Lilly,Biotech,metabolic,NYSE,1149.85,-1.10%,-2.71%,-0.88%,+6.95%,+41%,1024.927,0.502,38.66,2.52,2170988,11131188,48054688,60.0,0.84,buy,1.63,-1.1,98.9,-1.1,989.0,-11.0,9890.0,-110.0,-2.71,97.29,-2.71,972.9,-27.1,9729.0,-271.0,-0.88,99.12,-0.88,991.2,-8.8,9912.0,-88.0,6.95,106.95,6.95,1069.5,69.5,10695.0,695.0,41.0,141.0,41.0,1410.0,410.0,14100.0,4100.0,,,,,,,,,,,,,7,buy,0.8,"YTD +10.18%, P/E 39.83, buy rating an_score 1.63, mega-cap with dominant metabolic portfolio and low short interest 0.84%.",buy consensus; mega-cap; low short interest; metabolic leader,,,,,
LEGN,Legend Biotech,Biotech,neuroscience,NASDAQ,19.32,-2.67%,+1.36%,-11.74%,-10.18%,-38%,3.757,0.402,,2.33,2220711,10293411,47418711,,17.8,buy,2.15,-2.67,97.33,-2.67,973.3,-26.7,9733.0,-267.0,1.36,101.36,1.36,1013.6,13.6,10136.0,136.0,-11.74,88.26,-11.74,882.6,-117.4,8826.0,-1174.0,-10.18,89.82,-10.18,898.2,-101.8,8982.0,-1018.0,-38.0,62.0,-38.0,620.0,-380.0,6200.0,-3800.0,,,,,,,,,,,,,,,,,,,,,,
IONS,Ionis Pharmaceuticals,Biotech,neuroscience,NASDAQ,44.0,-1.12%,+0.43%,-28.26%,-44.77%,-35%,7.312,0.419,,3.79,2030187,18490587,95723087,,16.65,buy,1.83,-1.12,98.88,-1.12,988.8,-11.2,9888.0,-112.0,0.43,100.43,0.43,1004.3,4.3,10043.0,43.0,-28.26,71.74,-28.26,717.4,-282.6,7174.0,-2826.0,-44.77,55.23,-44.77,552.3,-447.7,5523.0,-4477.0,-35.0,65.0,-35.0,650.0,-350.0,6500.0,-3500.0,,,,,,,,,,,,,,,,,,,,,,
BTC,Bitcoin,Crypto,bitcoin,Crypto,84849.9303,+1.54%,+0.55%,+9.54%,-3.05%,-3%,1704.82,,,31361.13,35066512390,219527929114,949786002415,,,,,1.54,101.54,1.54,1015.4,15.4,10154.0,154.0,0.55,100.55,0.55,1005.5,5.5,10055.0,55.0,9.54,109.54,9.54,1095.4,95.4,10954.0,954.0,-3.05,96.95,-3.05,969.5,-30.5,9695.0,-305.0,-3.0,97.0,-3.0,970.0,-30.0,9700.0,-300.0,,,,,,,,,,,,,,,,,,,,,,
ETH,Ethereum,Crypto,layer1,Crypto,2705.580417,+0.79%,+0.68%,+11.83%,-8.80%,-9%,330.34,,,12867.96,13831956666,90075731530,430321305177,,,,,0.79,100.79,0.79,1007.9,7.9,10079.0,79.0,0.68,100.68,0.68,1006.8,6.8,10068.0,68.0,11.83,111.83,11.83,1118.3,118.3,11183.0,1183.0,-8.8,91.2,-8.8,912.0,-88.0,9120.0,-880.0,-9.0,91.0,-9.0,910.0,-90.0,9100.0,-900.0,,,,,,,,,,,,,,,,,,,,,,
SOL,Solana,Crypto,layer1,Crypto,118.395909,+0.33%,+1.18%,+18.41%,-4.92%,-5%,69.626,,,4238.14,4256541061,29666979231,113652348624,,,,,0.33,100.33,0.33,1003.3,3.3,10033.0,33.0,1.18,101.18,1.18,1011.8,11.8,10118.0,118.0,18.41,118.41,18.41,1184.1,184.1,11841.0,1841.0,-4.92,95.08,-4.92,950.8,-49.2,9508.0,-492.0,-5.0,95.0,-5.0,950.0,-50.0,9500.0,-500.0,,,,,,,,,,,,,,,,,,,,,,
BNB,BNB,Crypto,layer1,Crypto,771.166295,+0.36%,-0.69%,+12.95%,-10.66%,-11%,102.688,,,895.06,854725798,6265386079,32162090949,,,,,0.36,100.36,0.36,1003.6,3.6,10036.0,36.0,-0.69,99.31,-0.69,993.1,-6.9,9931.0,-69.0,12.95,112.95,12.95,1129.5,129.5,11295.0,1295.0,-10.66,89.34,-10.66,893.4,-106.6,8934.0,-1066.0,-11.0,89.0,-11.0,890.0,-110.0,8900.0,-1100.0,,,,,,,,,,,,,,,,,,,,,,
ADA,Cardano,Crypto,layer1,Crypto,0.246224,-0.10%,-0.60%,+25.22%,-25.99%,-26%,9.058,,,545.99,490844848,3821924547,15674877370,,,,,-0.1,99.9,-0.1,999.0,-1.0,9990.0,-10.0,-0.6,99.4,-0.6,994.0,-6.0,9940.0,-60.0,25.22,125.22,25.22,1252.2,252.2,12522.0,2522.0,-25.99,74.01,-25.99,740.1,-259.9,7401.0,-2599.0,-26.0,74.0,-26.0,740.0,-260.0,7400.0,-2600.0,,,,,,,,,,,,,,,,,,,,,,
AVAX,Avalanche,Crypto,layer1,Crypto,10.990345,+0.54%,+7.85%,+52.26%,-10.71%,-11%,4.871,,,659.03,514280400,4613194176,14625340743,,,,,0.54,100.54,0.54,1005.4,5.4,10054.0,54.0,7.85,107.85,7.85,1078.5,78.5,10785.0,785.0,52.26,152.26,52.26,1522.6,522.6,15226.0,5226.0,-10.71,89.29,-10.71,892.9,-107.1,8929.0,-1071.0,-11.0,89.0,-11.0,890.0,-110.0,8900.0,-1100.0,,,,,,,,,,,,,3,buy,0.85,"AVAX surged +54.75% in the past month and +3.71% today, driven by Goldman Sachs bringing a $100B treasury fund to an AVAX-based network, a major institutional catalyst.",Goldman Sachs $100B fund; +54.75% 1m; institutional adoption; positive news sentiment 0.052,,,,,
XRP,XRP,Crypto,payments,Crypto,1.49368,+0.32%,-2.63%,+10.51%,-18.79%,-19%,94.241,,,3631.16,2268201503,25418108151,99224407193,,,,,0.32,100.32,0.32,1003.2,3.2,10032.0,32.0,-2.63,97.37,-2.63,973.7,-26.3,9737.0,-263.0,10.51,110.51,10.51,1105.1,105.1,11051.0,1051.0,-18.79,81.21,-18.79,812.1,-187.9,8121.0,-1879.0,-19.0,81.0,-19.0,810.0,-190.0,8100.0,-1900.0,,,,,,,,,,,,,,,,,,,,,,
XLM,Stellar,Crypto,payments,Crypto,0.219084,-3.23%,+0.77%,+24.63%,+9.20%,+9%,7.677,,,404.05,217089568,2828349732,8157723997,,,,,-3.23,96.77,-3.23,967.7,-32.3,9677.0,-323.0,0.77,100.77,0.77,1007.7,7.7,10077.0,77.0,24.63,124.63,24.63,1246.3,246.3,12463.0,2463.0,9.2,109.2,9.2,1092.0,92.0,10920.0,920.0,9.0,109.0,9.0,1090.0,90.0,10900.0,900.0,,,,,,,,,,,,,,,,,,,,,,
TRX,TRON,Crypto,payments,Crypto,0.334749,-0.77%,-1.58%,+3.90%,+17.72%,+18%,31.794,,,367.38,410122526,2571674042,11904806600,,,,,-0.77,99.23,-0.77,992.3,-7.7,9923.0,-77.0,-1.58,98.42,-1.58,984.2,-15.8,9842.0,-158.0,3.9,103.9,3.9,1039.0,39.0,10390.0,390.0,17.72,117.72,17.72,1177.2,177.2,11772.0,1772.0,18.0,118.0,18.0,1180.0,180.0,11800.0,1800.0,,,,,,,,,,,,,,,,,,,,,,
SUI,Sui,Crypto,emerging,Crypto,1.175694,+1.10%,+16.06%,+62.89%,-16.18%,-16%,4.842,,,1186.95,777615390,8308655388,24312183228,,,,,1.1,101.1,1.1,1011.0,11.0,10110.0,110.0,16.06,116.06,16.06,1160.6,160.6,11606.0,1606.0,62.89,162.89,62.89,1628.9,628.9,16289.0,6289.0,-16.18,83.82,-16.18,838.2,-161.8,8382.0,-1618.0,-16.0,84.0,-16.0,840.0,-160.0,8400.0,-1600.0,,,,,,,,,,,,,2,strong_buy,0.88,"SUI shows strong momentum with +61.44% 1-month return and +13.47% 1-week, a golden cross forming, open interest exceeding $1 billion, and Raoul Pal predicting elite status among smart contract platforms (Blockonomi).",golden cross formation; OI >$1B; Raoul Pal endorsement; $1.00 support holds,,,,,
HBAR,Hedera,Crypto,emerging,Crypto,0.102594,-2.04%,+10.25%,+38.54%,-3.39%,-3%,4.514,,,407.55,185761014,2852844178,5096709175,,,,,-2.04,97.96,-2.04,979.6,-20.4,9796.0,-204.0,10.25,110.25,10.25,1102.5,102.5,11025.0,1025.0,38.54,138.54,38.54,1385.4,385.4,13854.0,3854.0,-3.39,96.61,-3.39,966.1,-33.9,9661.0,-339.0,-3.0,97.0,-3.0,970.0,-30.0,9700.0,-300.0,,,,,,,,,,,,,,,,,,,,,,
ALGO,Algorand,Crypto,emerging,Crypto,0.122484,-1.19%,+8.16%,+39.02%,+11.16%,+11%,1.11,,,125.78,161440802,880450179,1957557709,,,,,-1.19,98.81,-1.19,988.1,-11.9,9881.0,-119.0,8.16,108.16,8.16,1081.6,81.6,10816.0,816.0,39.02,139.02,39.02,1390.2,390.2,13902.0,3902.0,11.16,111.16,11.16,1111.6,111.6,11116.0,1116.0,11.0,111.0,11.0,1110.0,110.0,11100.0,1100.0,,,,,,,,,,,,,4,buy,0.82,"ALGO offers a compelling risk/reward at $0.12 with +44.81% 1-month return, smart money accumulating per open interest surging 14.37%, and a 60% probability bull case targeting $0.14 (Blockchain.news).",smart money loading; OI surge 14.37%; $0.12 critical support; bullish MA structure,,,,,
MINA,Mina,Crypto,emerging,Crypto,0.151542,+4.83%,+4.42%,+116.38%,+100.59%,+101%,0.195,,,13.97,13058400,97757834,548389671,,,,,4.83,104.83,4.83,1048.3,48.3,10483.0,483.0,4.42,104.42,4.42,1044.2,44.2,10442.0,442.0,116.38,216.38,116.38,2163.8,1163.8,21638.0,11638.0,100.59,200.59,100.59,2005.9,1005.9,20059.0,10059.0,101.0,201.0,101.0,2010.0,1010.0,20100.0,10100.0,,,,,,,,,,,,,5,buy,0.75,"MINA leads in YTD performance with +89% and an extraordinary +123.71% 1-month return, reflecting strong momentum despite a small $0.184B market cap and recent -6.08% daily dip.",+89% YTD; +123.71% 1m; high beta small cap; momentum continuation,,,,,
POL,Polygon (MATIC),Crypto,infra,Crypto,0.107778,-5.30%,-0.81%,+19.56%,+7.31%,+7%,1.145,,,120.65,118605819,844536240,2706263742,,,,,-5.3,94.7,-5.3,947.0,-53.0,9470.0,-530.0,-0.81,99.19,-0.81,991.9,-8.1,9919.0,-81.0,19.56,119.56,19.56,1195.6,195.6,11956.0,1956.0,7.31,107.31,7.31,1073.1,73.1,10731.0,731.0,7.0,107.0,7.0,1070.0,70.0,10700.0,700.0,,,,,,,,,,,,,,,,,,,,,,
DOT,Polkadot,Crypto,infra,Crypto,1.17687,-3.65%,+1.83%,+35.08%,-34.25%,-34%,2.007,,,211.25,179563503,1478749350,6107364865,,,,,-3.65,96.35,-3.65,963.5,-36.5,9635.0,-365.0,1.83,101.83,1.83,1018.3,18.3,10183.0,183.0,35.08,135.08,35.08,1350.8,350.8,13508.0,3508.0,-34.25,65.75,-34.25,657.5,-342.5,6575.0,-3425.0,-34.0,66.0,-34.0,660.0,-340.0,6600.0,-3400.0,,,,,,,,,,,,,8,buy,0.7,"DOT rallies +44.53% in the past month and +2.81% today, recovering from a deeply oversold -33% YTD; the sharp bounce suggests a potential trend reversal.",+44.53% 1m; oversold YTD -33%; trend reversal potential; infra category,,,,,
LINK,Chainlink,Crypto,infra,Crypto,14.380364,+0.17%,+8.77%,+28.06%,+17.93%,+18%,10.758,,,779.69,609604261,5457806128,26847550539,,,,,0.17,100.17,0.17,1001.7,1.7,10017.0,17.0,8.77,108.77,8.77,1087.7,87.7,10877.0,877.0,28.06,128.06,28.06,1280.6,280.6,12806.0,2806.0,17.93,117.93,17.93,1179.3,179.3,11793.0,1793.0,18.0,118.0,18.0,1180.0,180.0,11800.0,1800.0,,,,,,,,,,,,,,,,,,,,,,
DOGE,Dogecoin,Crypto,meme,Crypto,0.094311,-0.19%,-1.52%,+15.52%,-19.59%,-20%,16.208,,,971.18,1013021907,6798278262,29488010893,,,,,-0.19,99.81,-0.19,998.1,-1.9,9981.0,-19.0,-1.52,98.48,-1.52,984.8,-15.2,9848.0,-152.0,15.52,115.52,15.52,1155.2,155.2,11552.0,1552.0,-19.59,80.41,-19.59,804.1,-195.9,8041.0,-1959.0,-20.0,80.0,-20.0,800.0,-200.0,8000.0,-2000.0,,,,,,,,,,,,,,,,,,,,,,
PEPE,Pepe,Crypto,meme,Crypto,4e-06,+3.75%,+0.25%,+27.62%,+9.90%,+10%,1.834,,,296.64,313315209,2076508060,9812563096,,,,,3.75,103.75,3.75,1037.5,37.5,10375.0,375.0,0.25,100.25,0.25,1002.5,2.5,10025.0,25.0,27.62,127.62,27.62,1276.2,276.2,12762.0,2762.0,9.9,109.9,9.9,1099.0,99.0,10990.0,990.0,10.0,110.0,10.0,1100.0,100.0,11000.0,1000.0,,,,,,,,,,,,,,,,,,,,,,
TAO,Bittensor,Crypto,ai,Crypto,303.223596,+0.81%,+2.32%,+37.80%,+38.67%,+39%,3.509,,,298.64,208895570,2090460258,7846314808,,,,,0.81,100.81,0.81,1008.1,8.1,10081.0,81.0,2.32,102.32,2.32,1023.2,23.2,10232.0,232.0,37.8,137.8,37.8,1378.0,378.0,13780.0,3780.0,38.67,138.67,38.67,1386.7,386.7,13867.0,3867.0,39.0,139.0,39.0,1390.0,390.0,13900.0,3900.0,,,,,,,,,,,,,,,,,,,,,,
FET,ASI Alliance,Crypto,ai,Crypto,0.23042,+0.74%,+0.76%,+49.08%,+15.96%,+16%,0.535,,,155.27,174325669,1086907595,3342506994,,,,,0.74,100.74,0.74,1007.4,7.4,10074.0,74.0,0.76,100.76,0.76,1007.6,7.6,10076.0,76.0,49.08,149.08,49.08,1490.8,490.8,14908.0,4908.0,15.96,115.96,15.96,1159.6,159.6,11596.0,1596.0,16.0,116.0,16.0,1160.0,160.0,11600.0,1600.0,,,,,,,,,,,,,10,buy,0.66,"FET gains +45.08% in 1-month and +3.01% weekly, supported by the AI ecosystem theme; at $0.507B market cap it remains undervalued relative to peers.",+45.08% 1m; AI narrative; undervalued cap $0.507B; positive momentum,,,,,
RNDR,Render,Crypto,ai,Crypto,1.908288,-0.14%,+2.68%,+34.08%,+48.61%,+49%,0.99,,,82.17,49547119,575201552,1872205090,,,,,-0.14,99.86,-0.14,998.6,-1.4,9986.0,-14.0,2.68,102.68,2.68,1026.8,26.8,10268.0,268.0,34.08,134.08,34.08,1340.8,340.8,13408.0,3408.0,48.61,148.61,48.61,1486.1,486.1,14861.0,4861.0,49.0,149.0,49.0,1490.0,490.0,14900.0,4900.0,,,,,,,,,,,,,,,,,,,,,,
OCEAN,Ocean Protocol,Crypto,ai,Crypto,0.152693,-2.77%,-8.61%,+10.50%,+1.40%,+1%,,,,0.16,317827,1146503,3429651,,,,,-2.77,97.23,-2.77,972.3,-27.7,9723.0,-277.0,-8.61,91.39,-8.61,913.9,-86.1,9139.0,-861.0,10.5,110.5,10.5,1105.0,105.0,11050.0,1050.0,1.4,101.4,1.4,1014.0,14.0,10140.0,140.0,1.0,101.0,1.0,1010.0,10.0,10100.0,100.0,,,,,,,,,,,,,,,,,,,,,,
GRT,The Graph,Crypto,ai,Crypto,0.028076,-3.97%,+7.10%,+73.02%,-15.55%,-16%,0.307,,,39.1,15116863,273675312,717361625,,,,,-3.97,96.03,-3.97,960.3,-39.7,9603.0,-397.0,7.1,107.1,7.1,1071.0,71.0,10710.0,710.0,73.02,173.02,73.02,1730.2,730.2,17302.0,7302.0,-15.55,84.45,-15.55,844.5,-155.5,8445.0,-1555.0,-16.0,84.0,-16.0,840.0,-160.0,8400.0,-1600.0,,,,,,,,,,,,,7,buy,0.72,"GRT posted an impressive +74.05% 1-month gain on a low $0.312B market cap, capturing AI sector rotation; despite -14% YTD, short-term momentum is powerful.",+74.05% 1m; low market cap $0.312B; AI sector tailwind; high momentum,,,,,
AGIX,SingularityNET,Crypto,ai,Crypto,0.086483,+1.51%,+4.72%,+29.29%,+0.86%,+1%,,,,0.0,1969,13780,5977479,,,,,1.51,101.51,1.51,1015.1,15.1,10151.0,151.0,4.72,104.72,4.72,1047.2,47.2,10472.0,472.0,29.29,129.29,29.29,1292.9,292.9,12929.0,2929.0,0.86,100.86,0.86,1008.6,8.6,10086.0,86.0,1.0,101.0,1.0,1010.0,10.0,10100.0,100.0,,,,,,,,,,,,,,,,,,,,,,
NMR,Numeraire,Crypto,ai,Crypto,11.330516,+0.51%,+18.72%,+25.22%,+18.59%,+19%,0.086,,,41.53,14302930,290706557,425491511,,,,,0.51,100.51,0.51,1005.1,5.1,10051.0,51.0,18.72,118.72,18.72,1187.2,187.2,11872.0,1872.0,25.22,125.22,25.22,1252.2,252.2,12522.0,2522.0,18.59,118.59,18.59,1185.9,185.9,11859.0,1859.0,19.0,119.0,19.0,1190.0,190.0,11900.0,1900.0,,,,,,,,,,,,,,,,,,,,,,
ALT,AltLayer,Crypto,ai,Crypto,0.007666,-0.69%,-2.07%,+26.56%,-33.05%,-33%,0.056,,,5.19,3891110,36310562,167511747,,,,,-0.69,99.31,-0.69,993.1,-6.9,9931.0,-69.0,-2.07,97.93,-2.07,979.3,-20.7,9793.0,-207.0,26.56,126.56,26.56,1265.6,265.6,12656.0,2656.0,-33.05,66.95,-33.05,669.5,-330.5,6695.0,-3305.0,-33.0,67.0,-33.0,670.0,-330.0,6700.0,-3300.0,,,,,,,,,,,,,,,,,,,,,,
AIOZ,AIOZ Network,Crypto,ai,Crypto,0.112619,-2.20%,-6.86%,+106.15%,+29.98%,+30%,0.144,,,7.45,6503886,52138454,264259282,,,,,-2.2,97.8,-2.2,978.0,-22.0,9780.0,-220.0,-6.86,93.14,-6.86,931.4,-68.6,9314.0,-686.0,106.15,206.15,106.15,2061.5,1061.5,20615.0,10615.0,29.98,129.98,29.98,1299.8,299.8,12998.0,2998.0,30.0,130.0,30.0,1300.0,300.0,13000.0,3000.0,,,,,,,,,,,,,9,buy,0.68,"AIOZ shows explosive +94.14% 1-month performance with $0.141B market cap, riding the AI narrative; recent -11.57% weekly pullback offers a dip entry opportunity.",+94.14% 1m; AI sector play; small cap momentum; dip after run,,,,,
ARKM,Arkham,Crypto,ai,Crypto,0.131793,-0.47%,+3.12%,+20.42%,-25.31%,-25%,0.03,,,11.43,6994981,80028874,272513072,,,,,-0.47,99.53,-0.47,995.3,-4.7,9953.0,-47.0,3.12,103.12,3.12,1031.2,31.2,10312.0,312.0,20.42,120.42,20.42,1204.2,204.2,12042.0,2042.0,-25.31,74.69,-25.31,746.9,-253.1,7469.0,-2531.0,-25.0,75.0,-25.0,750.0,-250.0,7500.0,-2500.0,,,,,,,,,,,,,,,,,,,,,,
WLD,Worldcoin,Crypto,ai,Crypto,0.505584,-5.49%,+14.94%,+38.61%,+5.10%,+5%,1.917,,,546.03,487334917,3822238950,8993758174,,,,,-5.49,94.51,-5.49,945.1,-54.9,9451.0,-549.0,14.94,114.94,14.94,1149.4,149.4,11494.0,1494.0,38.61,138.61,38.61,1386.1,386.1,13861.0,3861.0,5.1,105.1,5.1,1051.0,51.0,10510.0,510.0,5.0,105.0,5.0,1050.0,50.0,10500.0,500.0,,,,,,,,,,,,,,,,,,,,,,
NEAR,NEAR Protocol,Crypto,ai,Crypto,4.805865,-9.93%,+4.48%,+154.74%,+217.76%,+218%,6.285,,,1367.1,1361088584,9569727577,29306365289,,,,,-9.93,90.07,-9.93,900.7,-99.3,9007.0,-993.0,4.48,104.48,4.48,1044.8,44.8,10448.0,448.0,154.74,254.74,154.74,2547.4,1547.4,25474.0,15474.0,217.76,317.76,217.76,3177.6,2177.6,31776.0,21776.0,218.0,318.0,218.0,3180.0,2180.0,31800.0,21800.0,,,,,,,,,,,,,1,strong_buy,0.92,"NEAR is the top pick with a massive +226% YTD and +166.58% 1-month return, supercharged by the launch of the first US spot NEAR ETF (Bitwise NRR) which includes a staking yield and a 2030 price target of $155.85, as reported by CoinMarketCap and BeInCrypto.",ETF launch catalyst; +226% YTD; staking yield 5%; AI and Intents narrative,,,,,
ICP,Internet Computer,Crypto,ai,Crypto,3.286864,-1.33%,+6.47%,+32.56%,+15.94%,+16%,1.831,,,97.23,56544602,680636030,2167759756,,,,,-1.33,98.67,-1.33,986.7,-13.3,9867.0,-133.0,6.47,106.47,6.47,1064.7,64.7,10647.0,647.0,32.56,132.56,32.56,1325.6,325.6,13256.0,3256.0,15.94,115.94,15.94,1159.4,159.4,11594.0,1594.0,16.0,116.0,16.0,1160.0,160.0,11600.0,1600.0,,,,,,,,,,,,,6,buy,0.78,"ICP combines +42.23% 1-month and +11.84% 1-week gains with a positive +20% YTD, indicating sustained upward momentum without notable negative news.",+42.23% 1m; +11.84% 1w; +20% YTD; strong weekly momentum,,,,,
KAITO,Kaito,Crypto,ai,Crypto,0.346908,-0.81%,-0.87%,+14.03%,-31.47%,-31%,0.084,,,20.22,17489327,141542112,540784707,,,,,-0.81,99.19,-0.81,991.9,-8.1,9919.0,-81.0,-0.87,99.13,-0.87,991.3,-8.7,9913.0,-87.0,14.03,114.03,14.03,1140.3,140.3,11403.0,1403.0,-31.47,68.53,-31.47,685.3,-314.7,6853.0,-3147.0,-31.0,69.0,-31.0,690.0,-310.0,6900.0,-3100.0,,,,,,,,,,,,,,,,,,,,,,
VIRTUAL,Virtuals Protocol,Crypto,ai,Crypto,0.783209,-2.62%,+5.11%,+14.86%,+21.17%,+21%,0.516,,,106.48,75725072,745356873,2183341796,,,,,-2.62,97.38,-2.62,973.8,-26.2,9738.0,-262.0,5.11,105.11,5.11,1051.1,51.1,10511.0,511.0,14.86,114.86,14.86,1148.6,148.6,11486.0,1486.0,21.17,121.17,21.17,1211.7,211.7,12117.0,2117.0,21.0,121.0,21.0,1210.0,210.0,12100.0,2100.0,,,,,,,,,,,,,,,,,,,,,,
LMT,Lockheed Martin,Defence,us-primes,NYSE,505.5,-0.79%,-3.48%,+0.00%,+3.54%,+2%,116.665,0.104,18.63,1.14,892732,5715532,25397832,271.0,1.25,buy,2.43,-0.79,99.21,-0.79,992.1,-7.9,9921.0,-79.0,-3.48,96.52,-3.48,965.2,-34.8,9652.0,-348.0,0.0,100.0,0.0,1000.0,0.0,10000.0,0.0,3.54,103.54,3.54,1035.4,35.4,10354.0,354.0,2.0,102.0,2.0,1020.0,20.0,10200.0,200.0,,,,,,,,,,,,,,,,,,,,,,
RTX,RTX Corporation,Defence,us-primes,NYSE,185.01,-0.34%,-1.91%,-7.85%,-0.12%,+11%,249.349,0.287,32.57,4.49,3165835,18483135,83374135,157.0,1.01,buy,1.83,-0.34,99.66,-0.34,996.6,-3.4,9966.0,-34.0,-1.91,98.09,-1.91,980.9,-19.1,9809.0,-191.0,-7.85,92.15,-7.85,921.5,-78.5,9215.0,-785.0,-0.12,99.88,-0.12,998.8,-1.2,9988.0,-12.0,11.0,111.0,11.0,1110.0,110.0,11100.0,1100.0,,,,,,,,,,,,,10,buy,0.67,"RTX has a 1-year return of +12% and a buy consensus (an_score 1.87), with low short interest of 1.01% and a P/E of 33.03. Although YTD is only +0.92% and 1-month -10.01%, its large cap stability and low beta of 0.287 offer defensive exposure to US defence primes.",+12% 1Y return; buy consensus (score 1.87); low short interest 1.01%; low beta 0.287 (defensive),,,,,
NOC,Northrop Grumman,Defence,us-primes,NYSE,482.0,-0.45%,-5.30%,-7.98%,-16.70%,-20%,68.474,-0.11,15.33,0.82,1038870,4301470,18296370,204.0,1.58,buy,2.0,-0.45,99.55,-0.45,995.5,-4.5,9955.0,-45.0,-5.3,94.7,-5.3,947.0,-53.0,9470.0,-530.0,-7.98,92.02,-7.98,920.2,-79.8,9202.0,-798.0,-16.7,83.3,-16.7,833.0,-167.0,8330.0,-1670.0,-20.0,80.0,-20.0,800.0,-200.0,8000.0,-2000.0,,,,,,,,,,,,,,,,,,,,,,
GD,General Dynamics,Defence,us-primes,NYSE,332.72,+0.07%,-1.06%,-8.61%,-1.83%,-3%,90.02,0.321,20.3,1.11,1264333,7373433,27585933,192.0,1.11,buy,2.08,0.07,100.07,0.07,1000.7,0.7,10007.0,7.0,-1.06,98.94,-1.06,989.4,-10.6,9894.0,-106.0,-8.61,91.39,-8.61,913.9,-86.1,9139.0,-861.0,-1.83,98.17,-1.83,981.7,-18.3,9817.0,-183.0,-3.0,97.0,-3.0,970.0,-30.0,9700.0,-300.0,,,,,,,,,,,,,,,,,,,,,,
HII,Huntington Ingalls Industries,Defence,us-primes,NYSE,274.33,+2.72%,+3.13%,-4.98%,-20.61%,-5%,10.81,0.225,16.33,0.48,807215,3019615,10423315,207.0,3.45,buy,2.08,2.72,102.72,2.72,1027.2,27.2,10272.0,272.0,3.13,103.13,3.13,1031.3,31.3,10313.0,313.0,-4.98,95.02,-4.98,950.2,-49.8,9502.0,-498.0,-20.61,79.39,-20.61,793.9,-206.1,7939.0,-2061.0,-5.0,95.0,-5.0,950.0,-50.0,9500.0,-500.0,,,,,,,,,,,,,,,,,,,,,,
LHX,L3Harris Technologies,Defence,us-primes,NYSE,238.4,+0.68%,+0.15%,-8.33%,-20.73%,-20%,44.394,0.506,24.08,1.56,1309853,8254853,34403453,211.0,2.75,buy,1.85,0.68,100.68,0.68,1006.8,6.8,10068.0,68.0,0.15,100.15,0.15,1001.5,1.5,10015.0,15.0,-8.33,91.67,-8.33,916.7,-83.3,9167.0,-833.0,-20.73,79.27,-20.73,792.7,-207.3,7927.0,-2073.0,-20.0,80.0,-20.0,800.0,-200.0,8000.0,-2000.0,,,,,,,,,,,,,,,,,,,,,,
BA,Boeing,Defence,us-primes,NYSE,192.28,+3.03%,-2.30%,-7.94%,-15.58%,-14%,151.862,1.213,69.42,6.24,13490917,59057017,169130317,,0.01,strong_buy,1.5,3.03,103.03,3.03,1030.3,30.3,10303.0,303.0,-2.3,97.7,-2.3,977.0,-23.0,9770.0,-230.0,-7.94,92.06,-7.94,920.6,-79.4,9206.0,-794.0,-15.58,84.42,-15.58,844.2,-155.8,8442.0,-1558.0,-14.0,86.0,-14.0,860.0,-140.0,8600.0,-1400.0,,,,,,,,,,,,,,,,,,,,,,
BA.L,BAE Systems,Defence,uk-european,LSE,25.64,-0.74%,-2.48%,-3.67%,+10.79%,-5%,0.751,-0.057,27.76,5.89,384,13439034,125810189,193.0,,buy,2.25,-0.74,99.26,-0.74,992.6,-7.4,9926.0,-74.0,-2.48,97.52,-2.48,975.2,-24.8,9752.0,-248.0,-3.67,96.33,-3.67,963.3,-36.7,9633.0,-367.0,10.79,110.79,10.79,1107.9,107.9,11079.0,1079.0,-5.0,95.0,-5.0,950.0,-50.0,9500.0,-500.0,,,,,,,,,,,,,,,,,,,,,,
RR.L,Rolls-Royce Holdings,Defence,uk-european,LSE,19.42,+1.18%,-0.82%,+0.86%,+22.97%,+25%,1.598,1.188,40.88,18.73,147,71692578,360236170,82.0,,buy,1.6,1.18,101.18,1.18,1011.8,11.8,10118.0,118.0,-0.82,99.18,-0.82,991.8,-8.2,9918.0,-82.0,0.86,100.86,0.86,1008.6,8.6,10086.0,86.0,22.97,122.97,22.97,1229.7,229.7,12297.0,2297.0,25.0,125.0,25.0,1250.0,250.0,12500.0,2500.0,,,,,,,,,,,,,2,buy,0.8,"Rolls-Royce has strong YTD momentum of +23.75% and a 1-year return of +25%, supported by a buy consensus (an_score 1.6). Its P/E of 41.14 reflects growth expectations in defence aerospace, and the stock is up +1.51% over the past month, showing steady upward trend.",+23.75% YTD return; buy consensus (score 1.6); +1.51% 1M momentum; defence aerospace growth,,,,,
QQ.L,QinetiQ Group,Defence,uk-european,LSE,6.35,-1.60%,-1.80%,-2.47%,+8.26%,-8%,0.033,0.342,24.05,1.78,532,8018586,32060531,225.0,,buy,1.75,-1.6,98.4,-1.6,984.0,-16.0,9840.0,-160.0,-1.8,98.2,-1.8,982.0,-18.0,9820.0,-180.0,-2.47,97.53,-2.47,975.3,-24.7,9753.0,-247.0,8.26,108.26,8.26,1082.6,82.6,10826.0,826.0,-8.0,92.0,-8.0,920.0,-80.0,9200.0,-800.0,,,,,,,,,,,,,,,,,,,,,,
PLTR,Palantir Technologies,Defence,cyber-intel,NASDAQ,190.04,+1.35%,-1.32%,+12.14%,+13.21%,+0%,456.678,1.621,162.43,35.49,17755532,86702032,520571532,,2.8,buy,1.84,1.35,101.35,1.35,1013.5,13.5,10135.0,135.0,-1.32,98.68,-1.32,986.8,-13.2,9868.0,-132.0,12.14,112.14,12.14,1121.4,121.4,11214.0,1214.0,13.21,113.21,13.21,1132.1,132.1,11321.0,1321.0,0.0,100.0,0.0,1000.0,0.0,10000.0,0.0,,,,,,,,,,,,,5,buy,0.7,"Palantir has a YTD return of +11.38% and a buy consensus (an_score 1.84), with low short interest of 2.8%. Although its P/E of 158.45 is elevated, its AI-driven government and commercial contracts continue to drive momentum, backed by a +1.07% weekly gain.",+11.38% YTD; buy consensus (score 1.84); short interest 2.8% (low); AI/government contract growth,,,,,
LDOS,Leidos Holdings,Defence,cyber-intel,NYSE,121.97,+0.11%,-1.12%,-8.53%,-32.90%,-37%,15.343,0.572,11.39,1.4,1061029,5154429,26839429,141.0,4.78,buy,2.35,0.11,100.11,0.11,1001.1,1.1,10011.0,11.0,-1.12,98.88,-1.12,988.8,-11.2,9888.0,-112.0,-8.53,91.47,-8.53,914.7,-85.3,9147.0,-853.0,-32.9,67.1,-32.9,671.0,-329.0,6710.0,-3290.0,-37.0,63.0,-37.0,630.0,-370.0,6300.0,-3700.0,,,,,,,,,,,,,,,,,,,,,,
CACI,CACI International,Defence,cyber-intel,NYSE,627.06,+2.95%,+1.66%,+2.08%,+16.68%,+17%,13.858,0.571,25.93,0.28,305134,1311034,5571034,,5.61,buy,1.56,2.95,102.95,2.95,1029.5,29.5,10295.0,295.0,1.66,101.66,1.66,1016.6,16.6,10166.0,166.0,2.08,102.08,2.08,1020.8,20.8,10208.0,208.0,16.68,116.68,16.68,1166.8,166.8,11668.0,1668.0,17.0,117.0,17.0,1170.0,170.0,11700.0,1700.0,,,,,,,,,,,,,4,buy,0.78,"CACI shows solid momentum with +13.16% YTD and +18% over 1 year, a reasonable P/E of 25.51, and a strong buy analyst consensus (score 1.56). Short interest of 5.61% is elevated but manageable for a firm with consistent government contracts.",+13.16% YTD; buy consensus (score 1.56); P/E 25.51; defence IT contractor strength,,,,,
SAIC,Science Applications International,Defence,cyber-intel,NYSE,126.3,-0.99%,-4.63%,-0.69%,+26.09%,+27%,5.291,0.297,14.7,0.45,494803,1844903,9110303,116.0,6.09,hold,2.82,-0.99,99.01,-0.99,990.1,-9.9,9901.0,-99.0,-4.63,95.37,-4.63,953.7,-46.3,9537.0,-463.0,-0.69,99.31,-0.69,993.1,-6.9,9931.0,-69.0,26.09,126.09,26.09,1260.9,260.9,12609.0,2609.0,27.0,127.0,27.0,1270.0,270.0,12700.0,2700.0,,,,,,,,,,,,,3,buy,0.75,"SAIC delivers a +27.99% YTD return and a +27% 1-year return, with a cheap trailing P/E of 15.26 and low beta of 0.297. Despite a hold analyst consensus (score 2.82), the strong price momentum and reasonable valuation make it attractive in the cyber-intel space.",+27.99% YTD return; P/E 15.26 (low); low beta 0.297; strong 1Y momentum +27%,,,,,
BAH,Booz Allen Hamilton,Defence,cyber-intel,NYSE,70.47,+1.51%,-4.54%,-3.69%,-15.08%,-33%,8.477,0.365,11.06,1.91,2999428,9314528,35840528,340.0,6.83,hold,2.87,1.51,101.51,1.51,1015.1,15.1,10151.0,151.0,-4.54,95.46,-4.54,954.6,-45.4,9546.0,-454.0,-3.69,96.31,-3.69,963.1,-36.9,9631.0,-369.0,-15.08,84.92,-15.08,849.2,-150.8,8492.0,-1508.0,-33.0,67.0,-33.0,670.0,-330.0,6700.0,-3300.0,,,,,,,,,,,,,,,,,,,,,,
AVAV,AeroVironment,Defence,drones,NASDAQ,140.31,-1.54%,-11.50%,-3.49%,-45.23%,-61%,7.131,1.406,,1.71,1263191,6784291,48388491,,11.76,buy,1.6,-1.54,98.46,-1.54,984.6,-15.4,9846.0,-154.0,-11.5,88.5,-11.5,885.0,-115.0,8850.0,-1150.0,-3.49,96.51,-3.49,965.1,-34.9,9651.0,-349.0,-45.23,54.77,-45.23,547.7,-452.3,5477.0,-4523.0,-61.0,39.0,-61.0,390.0,-610.0,3900.0,-6100.0,,,,,,,,,,,,,,,,,,,,,,
KTOS,Kratos Defense,Defence,drones,NASDAQ,42.82,-0.42%,-8.93%,-10.38%,-46.00%,-55%,8.03,1.113,251.88,3.82,4753951,22907451,86595151,,6.16,strong_buy,1.38,-0.42,99.58,-0.42,995.8,-4.2,9958.0,-42.0,-8.93,91.07,-8.93,910.7,-89.3,9107.0,-893.0,-10.38,89.62,-10.38,896.2,-103.8,8962.0,-1038.0,-46.0,54.0,-46.0,540.0,-460.0,5400.0,-4600.0,-55.0,45.0,-55.0,450.0,-550.0,4500.0,-5500.0,,,,,,,,,,,,,,,,,,,,,,
RCAT,Red Cat Holdings,Defence,drones,NASDAQ,6.33,-2.61%,-6.91%,-23.92%,-30.90%,-44%,0.966,1.355,,8.57,5623324,30971624,181223224,,26.67,none,,-2.61,97.39,-2.61,973.9,-26.1,9739.0,-261.0,-6.91,93.09,-6.91,930.9,-69.1,9309.0,-691.0,-23.92,76.08,-23.92,760.8,-239.2,7608.0,-2392.0,-30.9,69.1,-30.9,691.0,-309.0,6910.0,-3090.0,-44.0,56.0,-44.0,560.0,-440.0,5600.0,-4400.0,,,,,,,,,,,,,,,,,,,,,,
TXT,Textron,Defence,drones,NYSE,77.17,+1.27%,+1.51%,-2.59%,-11.29%,-12%,13.418,0.898,14.53,1.69,1322491,8873291,40583091,10.0,4.95,buy,2.19,1.27,101.27,1.27,1012.7,12.7,10127.0,127.0,1.51,101.51,1.51,1015.1,15.1,10151.0,151.0,-2.59,97.41,-2.59,974.1,-25.9,9741.0,-259.0,-11.29,88.71,-11.29,887.1,-112.9,8871.0,-1129.0,-12.0,88.0,-12.0,880.0,-120.0,8800.0,-1200.0,,,,,,,,,,,,,,,,,,,,,,
SPCX,SpaceX,Defence,space,NASDAQ,148.07,-1.98%,+0.03%,+5.23%,-8.00%,-6%,1950.701,,,92.24,68728208,366511008,1935056208,,2.58,buy,1.68,-1.98,98.02,-1.98,980.2,-19.8,9802.0,-198.0,0.03,100.03,0.03,1000.3,0.3,10003.0,3.0,5.23,105.23,5.23,1052.3,52.3,10523.0,523.0,-8.0,92.0,-8.0,920.0,-80.0,9200.0,-800.0,-6.0,94.0,-6.0,940.0,-60.0,9400.0,-600.0,,,,,,,,,,,,,1,strong_buy,0.85,"Starship just completed its first orbital satellite deployment, Citi set a $900 long-term target citing AI and Starlink, and Anthropic signed an $84.5B compute deal. SPCX is up +3.86% in the past month and +2.16% today, with low short interest of 2.58% and a buy consensus score of 1.68.",Starship first operational payload deployment; Anthropic $84.5B compute deal; Citi $900 price target; +3.86% 1M momentum,,,,,
RKLB,Rocket Lab USA,Defence,space,NASDAQ,70.46,-1.80%,-4.28%,+11.66%,-7.28%,+33%,45.053,2.612,,19.06,23171750,99157850,434414450,,7.31,none,,-1.8,98.2,-1.8,982.0,-18.0,9820.0,-180.0,-4.28,95.72,-4.28,957.2,-42.8,9572.0,-428.0,11.66,111.66,11.66,1116.6,116.6,11166.0,1166.0,-7.28,92.72,-7.28,927.2,-72.8,9272.0,-728.0,33.0,133.0,33.0,1330.0,330.0,13300.0,3300.0,,,,,,,,,,,,,7,buy,0.65,"Rocket Lab has a stellar 1-year return of +45% and +9.04% in the past month, despite a -3.39% dip today on SpaceX Starship news. High beta of 2.612 and short interest of 7.31% add risk, but its launch momentum and space sector growth justify a buy.",+45% 1Y return; +9.04% 1M momentum; space launch growth; pullback creates entry,,,,,
PL,Planet Labs,Defence,space,NYSE,16.14,-1.88%,-8.40%,-19.26%,-20.92%,+10%,5.873,2.108,,8.71,7983139,51109439,272672839,,9.68,buy,1.82,-1.88,98.12,-1.88,981.2,-18.8,9812.0,-188.0,-8.4,91.6,-8.4,916.0,-84.0,9160.0,-840.0,-19.26,80.74,-19.26,807.4,-192.6,8074.0,-1926.0,-20.92,79.08,-20.92,790.8,-209.2,7908.0,-2092.0,10.0,110.0,10.0,1100.0,100.0,11000.0,1000.0,,,,,,,,,,,,,,,,,,,,,,
ASTS,AST SpaceMobile,Defence,space,NASDAQ,57.04,-4.74%,-6.58%,-8.59%,-31.66%,-11%,22.198,2.726,,12.09,12363097,54552497,218329297,,21.84,none,,-4.74,95.26,-4.74,952.6,-47.4,9526.0,-474.0,-6.58,93.42,-6.58,934.2,-65.8,9342.0,-658.0,-8.59,91.41,-8.59,914.1,-85.9,9141.0,-859.0,-31.66,68.34,-31.66,683.4,-316.6,6834.0,-3166.0,-11.0,89.0,-11.0,890.0,-110.0,8900.0,-1100.0,,,,,,,,,,,,,8,buy,0.6,"AST SpaceMobile fell 2.78% today on space sector rotation after SpaceX's Starship success, but its 1-month return is still +0.51% and YTD decline of -28.84% may offer a contrarian entry. High short interest of 21.84% signals potential squeeze, and its space-based broadband thesis remains intact.",+0.51% 1M momentum despite pullback; space cellular broadband thesis; short interest 21.84% (squeeze potential); sector rotation creates opportunity,,,,,
TDG,TransDigm Group,Defence,weapons,NYSE,1097.24,+1.35%,-0.73%,-4.90%,-19.23%,-16%,61.372,0.893,33.23,0.39,401901,1795301,8357501,,2.58,buy,2.09,1.35,101.35,1.35,1013.5,13.5,10135.0,135.0,-0.73,99.27,-0.73,992.7,-7.3,9927.0,-73.0,-4.9,95.1,-4.9,951.0,-49.0,9510.0,-490.0,-19.23,80.77,-19.23,807.7,-192.3,8077.0,-1923.0,-16.0,84.0,-16.0,840.0,-160.0,8400.0,-1600.0,,,,,,,,,,,,,,,,,,,,,,
HEI,HEICO Corporation,Defence,weapons,NYSE,306.39,+2.39%,+0.02%,-5.11%,-6.89%,-5%,42.82,1.038,51.07,0.47,347902,2368902,10093102,8.0,1.34,buy,1.96,2.39,102.39,2.39,1023.9,23.9,10239.0,239.0,0.02,100.02,0.02,1000.2,0.2,10002.0,2.0,-5.11,94.89,-5.11,948.9,-51.1,9489.0,-511.0,-6.89,93.11,-6.89,931.1,-68.9,9311.0,-689.0,-5.0,95.0,-5.0,950.0,-50.0,9500.0,-500.0,,,,,,,,,,,,,,,,,,,,,,
AXON,Axon Enterprise,Defence,weapons,NASDAQ,422.21,-0.84%,-5.12%,-16.72%,-25.07%,-41%,34.299,1.399,175.19,0.95,827512,4713112,22332712,,5.32,buy,1.67,-0.84,99.16,-0.84,991.6,-8.4,9916.0,-84.0,-5.12,94.88,-5.12,948.8,-51.2,9488.0,-512.0,-16.72,83.28,-16.72,832.8,-167.2,8328.0,-1672.0,-25.07,74.93,-25.07,749.3,-250.7,7493.0,-2507.0,-41.0,59.0,-41.0,590.0,-410.0,5900.0,-4100.0,,,,,,,,,,,,,,,,,,,,,,
OLN,Olin Corporation,Defence,weapons,NYSE,15.96,+2.97%,-1.85%,-9.63%,-23.95%,-38%,1.819,1.193,,2.96,4774936,16309736,56819536,516.0,13.14,hold,2.87,2.97,102.97,2.97,1029.7,29.7,10297.0,297.0,-1.85,98.15,-1.85,981.5,-18.5,9815.0,-185.0,-9.63,90.37,-9.63,903.7,-96.3,9037.0,-963.0,-23.95,76.05,-23.95,760.5,-239.5,7605.0,-2395.0,-38.0,62.0,-38.0,620.0,-380.0,6200.0,-3800.0,,,,,,,,,,,,,,,,,,,,,,
MRCY,Mercury Systems,Defence,weapons,NASDAQ,84.07,+2.44%,+1.07%,+1.82%,+10.57%,+1%,5.117,0.98,,0.7,480430,3037430,14423030,,9.57,none,,2.44,102.44,2.44,1024.4,24.4,10244.0,244.0,1.07,101.07,1.07,1010.7,10.7,10107.0,107.0,1.82,101.82,1.82,1018.2,18.2,10182.0,182.0,10.57,110.57,10.57,1105.7,105.7,11057.0,1057.0,1.0,101.0,1.0,1010.0,10.0,10100.0,100.0,,,,,,,,,,,,,9,buy,0.68,"Mercury Systems has a +8.69% YTD return and +2% 1-year return, with a buy consensus (an_score 1.91). Despite a negative 1-month of -5.37%, the stock gained +3.15% today, showing renewed interest in defence electronics. Beta of 0.98 provides stability.",+8.69% YTD; buy consensus (score 1.91); +3.15% 1D bounce; defence electronics demand,,,,,
DRS,Leonardo DRS,Defence,weapons,NYSE,36.76,+0.03%,-2.21%,-0.70%,+6.33%,-18%,9.811,0.138,30.89,0.93,568213,3635913,19746713,98.0,1.28,strong_buy,1.45,0.03,100.03,0.03,1000.3,0.3,10003.0,3.0,-2.21,97.79,-2.21,977.9,-22.1,9779.0,-221.0,-0.7,99.3,-0.7,993.0,-7.0,9930.0,-70.0,6.33,106.33,6.33,1063.3,63.3,10633.0,633.0,-18.0,82.0,-18.0,820.0,-180.0,8200.0,-1800.0,,,,,,,,,,,,,6,strong_buy,0.76,"Leonardo DRS has a strong_buy analyst consensus (an_score 1.45) and YTD return of +6.24%, with low short interest of 1.28% and a beta of 0.138. Its P/E of 30.87 is reasonable for a defence electronics firm benefiting from US budget cycles.",strong_buy consensus (score 1.45); +6.24% YTD; low short interest 1.28%; low beta 0.138,,,,,
XOM,ExxonMobil,Energy,oil-majors,NYSE,163.82,+1.04%,+1.04%,-0.20%,+36.25%,+46%,673.613,0.175,21.11,14.3,11699884,57766484,296046684,253.0,1.08,buy,2.32,1.04,101.04,1.04,1010.4,10.4,10104.0,104.0,1.04,101.04,1.04,1010.4,10.4,10104.0,104.0,-0.2,99.8,-0.2,998.0,-2.0,9980.0,-20.0,36.25,136.25,36.25,1362.5,362.5,13625.0,3625.0,46.0,146.0,46.0,1460.0,460.0,14600.0,4600.0,,,,,,,,,,,,,5,buy,0.72,"XOM has +34.19% YTD, P/E 20.93, and TD Cowen raised its target to $180 with a Buy rating on expected Q3 refining beat, despite mixed news sentiment -0.08.",TD Cowen $180 target; +34.19% YTD; P/E 20.93; Q3 refining beat expected,,,,,
CVX,Chevron,Energy,oil-majors,NYSE,207.1,+1.28%,+0.71%,-2.21%,+36.55%,+33%,406.249,0.491,19.95,8.53,5998039,34969939,204079339,349.0,1.06,buy,1.72,1.28,101.28,1.28,1012.8,12.8,10128.0,128.0,0.71,100.71,0.71,1007.1,7.1,10071.0,71.0,-2.21,97.79,-2.21,977.9,-22.1,9779.0,-221.0,36.55,136.55,36.55,1365.5,365.5,13655.0,3655.0,33.0,133.0,33.0,1330.0,330.0,13300.0,3300.0,,,,,,,,,,,,,7,buy,0.68,"CVX has +34.76% YTD, dividend yield 3.45%, analyst score 1.72, and strong fundamentals with P/E 19.88, though short-term momentum is slightly negative.",+34.76% YTD; dividend yield 3.45%; analyst score 1.72; P/E 19.88,,,,,
SHEL,Shell,Energy,oil-majors,NYSE,95.61,-0.04%,+0.01%,+3.03%,+30.21%,+32%,272.575,-0.22,10.56,6.34,9469180,39632123,135242944,329.0,1.24,buy,2.19,-0.04,99.96,-0.04,999.6,-0.4,9996.0,-4.0,0.01,100.01,0.01,1000.1,0.1,10001.0,1.0,3.03,103.03,3.03,1030.3,30.3,10303.0,303.0,30.21,130.21,30.21,1302.1,302.1,13021.0,3021.0,32.0,132.0,32.0,1320.0,320.0,13200.0,3200.0,,,,,,,,,,,,,3,buy,0.78,"SHEL has +29.57% YTD, +4.03% 1-month, low P/E 10.52, dividend yield 3.24%, and positive news sentiment 0.218, supported by LNG Canada expansion and technical uptrend.",P/E 10.52; +4.03% 1-month gain; dividend yield 3.24%; LNG Canada expansion,,,,,
BP,BP p.l.c.,Energy,oil-majors,NYSE,44.5,+0.88%,+0.20%,+1.30%,+28.81%,+30%,114.603,-0.22,21.29,8.9,11631439,39455739,190755139,459.0,0.28,buy,2.26,0.88,100.88,0.88,1008.8,8.8,10088.0,88.0,0.2,100.2,0.2,1002.0,2.0,10020.0,20.0,1.3,101.3,1.3,1013.0,13.0,10130.0,130.0,28.81,128.81,28.81,1288.1,288.1,12881.0,2881.0,30.0,130.0,30.0,1300.0,300.0,13000.0,3000.0,,,,,,,,,,,,,4,buy,0.75,"BP offers +25.97% YTD, dividend yield 4.54%, and a JPMorgan upgrade to overweight with 25% upside potential, citing restructuring and new CEO Meg O'Neill.",JPMorgan upgrade to overweight; dividend yield 4.54%; +25.97% YTD; restructuring catalyst,,,,,
TTE,TotalEnergies,Energy,oil-majors,NYSE,84.51,-1.01%,-6.95%,-5.23%,+29.94%,+44%,186.621,0.06,10.58,1.57,2755396,9661996,35111796,496.0,0.22,buy,1.86,-1.01,98.99,-1.01,989.9,-10.1,9899.0,-101.0,-6.95,93.05,-6.95,930.5,-69.5,9305.0,-695.0,-5.23,94.77,-5.23,947.7,-52.3,9477.0,-523.0,29.94,129.94,29.94,1299.4,299.4,12994.0,2994.0,44.0,144.0,44.0,1440.0,440.0,14400.0,4400.0,,,,,,,,,,,,,6,buy,0.7,"TTE trades at P/E 11.32 with a high dividend yield 4.69%, analyst score 1.67 (most bullish), and +33.29% YTD, backing new gas projects in Africa.",P/E 11.32; dividend yield 4.69%; analyst score 1.67; Africa gas projects,,,,,
EQNR,Equinor,Energy,oil-majors,NYSE,42.17,+2.11%,-2.32%,-3.24%,+77.55%,+71%,99.937,-0.727,11.43,3.48,3283803,21626703,78010103,375.0,2.39,hold,3.0,2.11,102.11,2.11,1021.1,21.1,10211.0,211.0,-2.32,97.68,-2.32,976.8,-23.2,9768.0,-232.0,-3.24,96.76,-3.24,967.6,-32.4,9676.0,-324.0,77.55,177.55,77.55,1775.5,775.5,17755.0,7755.0,71.0,171.0,71.0,1710.0,710.0,17100.0,7100.0,,,,,,,,,,,,,,,,,,,,,,
COP,ConocoPhillips,Energy,ep-refining,NYSE,127.06,+1.52%,-1.76%,-7.39%,+34.29%,+34%,152.641,0.134,16.81,6.7,5978962,31256262,143275362,268.0,1.34,buy,1.74,1.52,101.52,1.52,1015.2,15.2,10152.0,152.0,-1.76,98.24,-1.76,982.4,-17.6,9824.0,-176.0,-7.39,92.61,-7.39,926.1,-73.9,9261.0,-739.0,34.29,134.29,34.29,1342.9,342.9,13429.0,3429.0,34.0,134.0,34.0,1340.0,340.0,13400.0,3400.0,,,,,,,,,,,,,9,buy,0.65,"COP shows +32.58% YTD, P/E 16.66, dividend yield 2.67%, and analyst score 1.74, with stable upstream production and positive 1-week momentum.",+32.58% YTD; P/E 16.66; analyst score 1.74; stable upstream production,,,,,
OXY,Occidental Petroleum,Energy,ep-refining,NYSE,57.84,+4.59%,-0.36%,-4.60%,+38.39%,+25%,57.819,0.164,17.06,8.63,11625831,50163231,191744931,202.0,0.02,buy,2.31,4.59,104.59,4.59,1045.9,45.9,10459.0,459.0,-0.36,99.64,-0.36,996.4,-3.6,9964.0,-36.0,-4.6,95.4,-4.6,954.0,-46.0,9540.0,-460.0,38.39,138.39,38.39,1383.9,383.9,13839.0,3839.0,25.0,125.0,25.0,1250.0,250.0,12500.0,2500.0,,,,,,,,,,,,,,,,,,,,,,
EOG,EOG Resources,Energy,ep-refining,NYSE,141.31,+2.58%,-1.08%,-5.14%,+35.02%,+25%,75.265,0.272,11.0,3.06,3143654,14469454,69693654,296.0,3.3,buy,2.34,2.58,102.58,2.58,1025.8,25.8,10258.0,258.0,-1.08,98.92,-1.08,989.2,-10.8,9892.0,-108.0,-5.14,94.86,-5.14,948.6,-51.4,9486.0,-514.0,35.02,135.02,35.02,1350.2,350.2,13502.0,3502.0,25.0,125.0,25.0,1250.0,250.0,12500.0,2500.0,,,,,,,,,,,,,,,,,,,,,,
MPC,Marathon Petroleum,Energy,ep-refining,NYSE,420.15,+6.25%,+7.47%,+8.57%,+157.37%,+106%,122.657,0.527,14.57,2.53,2113004,10267404,62707104,101.0,3.19,buy,2.32,6.25,106.25,6.25,1062.5,62.5,10625.0,625.0,7.47,107.47,7.47,1074.7,74.7,10747.0,747.0,8.57,108.57,8.57,1085.7,85.7,10857.0,857.0,157.37,257.37,157.37,2573.7,1573.7,25737.0,15737.0,106.0,206.0,106.0,2060.0,1060.0,20600.0,10600.0,,,,,,,,,,,,,2,strong_buy,0.836,"MPC shows +140% YTD and +5.01% 1-month momentum, P/E 13.5, with strong refining exposure and positive sentiment 0.121, benefiting from tight diesel markets.",+140% YTD return; +5.01% 1-month gain; P/E 13.5; refining strength,,,,,
VLO,Valero Energy,Energy,ep-refining,NYSE,408.46,+5.09%,+6.69%,+11.57%,+150.74%,+135%,117.607,0.568,17.04,3.03,2666214,15228114,82292514,124.0,3.91,buy,2.4,5.09,105.09,5.09,1050.9,50.9,10509.0,509.0,6.69,106.69,6.69,1066.9,66.9,10669.0,669.0,11.57,111.57,11.57,1115.7,115.7,11157.0,1157.0,150.74,250.74,150.74,2507.4,1507.4,25074.0,15074.0,135.0,235.0,135.0,2350.0,1350.0,23500.0,13500.0,,,,,,,,,,,,,1,strong_buy,0.85,"VLO leads with +138% YTD and +8.02% 1-month momentum, P/E 16.24, and positive news sentiment 0.367, driven by surging refining margins and TD Cowen's Q3 beat expectations for the sector.",+138% YTD return; +8.02% 1-month gain; P/E 16.24; refining margin tailwind,,,,,
SLB,SLB (Schlumberger),Energy,oilfield-services,NYSE,48.66,-0.08%,-5.39%,-16.29%,+23.03%,+43%,72.219,0.774,24.33,12.65,14312140,77312440,288798740,242.0,4.67,buy,1.6,-0.08,99.92,-0.08,999.2,-0.8,9992.0,-8.0,-5.39,94.61,-5.39,946.1,-53.9,9461.0,-539.0,-16.29,83.71,-16.29,837.1,-162.9,8371.0,-1629.0,23.03,123.03,23.03,1230.3,230.3,12303.0,2303.0,43.0,143.0,43.0,1430.0,430.0,14300.0,4300.0,,,,,,,,,,,,,,,,,,,,,,
HAL,Halliburton,Energy,oilfield-services,NYSE,31.88,+0.44%,-2.69%,-15.28%,+9.19%,+30%,26.632,0.769,16.69,11.18,9731765,53749965,223880765,214.0,5.67,buy,1.75,0.44,100.44,0.44,1004.4,4.4,10044.0,44.0,-2.69,97.31,-2.69,973.1,-26.9,9731.0,-269.0,-15.28,84.72,-15.28,847.2,-152.8,8472.0,-1528.0,9.19,109.19,9.19,1091.9,91.9,10919.0,919.0,30.0,130.0,30.0,1300.0,300.0,13000.0,3000.0,,,,,,,,,,,,,,,,,,,,,,
BKR,Baker Hughes,Energy,oilfield-services,NASDAQ,55.62,+1.05%,-2.91%,-13.94%,+19.27%,+13%,55.213,0.961,17.88,8.33,6480883,34037383,174903983,168.0,2.83,buy,1.68,1.05,101.05,1.05,1010.5,10.5,10105.0,105.0,-2.91,97.09,-2.91,970.9,-29.1,9709.0,-291.0,-13.94,86.06,-13.94,860.6,-139.4,8606.0,-1394.0,19.27,119.27,19.27,1192.7,192.7,11927.0,1927.0,13.0,113.0,13.0,1130.0,130.0,11300.0,1300.0,,,,,,,,,,,,,,,,,,,,,,
NEE,NextEra Energy,Energy,utilities,NYSE,76.35,+0.26%,+0.97%,-8.12%,-3.60%,-3%,159.236,0.644,17.16,11.05,17057919,72275819,256647919,329.0,,buy,1.9,0.26,100.26,0.26,1002.6,2.6,10026.0,26.0,0.97,100.97,0.97,1009.7,9.7,10097.0,97.0,-8.12,91.88,-8.12,918.8,-81.2,9188.0,-812.0,-3.6,96.4,-3.6,964.0,-36.0,9640.0,-360.0,-3.0,97.0,-3.0,970.0,-30.0,9700.0,-300.0,,,,,,,,,,,,,,,,,,,,,,
SSE.L,SSE plc,Energy,utilities,LSE,32.63,-0.48%,-0.08%,+2.78%,+10.87%,+44%,0.396,0.579,23.55,2.77,1206485,15112657,60001590,276.0,,buy,1.94,-0.48,99.52,-0.48,995.2,-4.8,9952.0,-48.0,-0.08,99.92,-0.08,999.2,-0.8,9992.0,-8.0,2.78,102.78,2.78,1027.8,27.8,10278.0,278.0,10.87,110.87,10.87,1108.7,108.7,11087.0,1087.0,44.0,144.0,44.0,1440.0,440.0,14400.0,4400.0,,,,,,,,,,,,,10,buy,0.55,"SSE.L has +9.25% YTD, dividend yield 2.79%, analyst score 1.94, and defensive cash flows from regulated utility operations, with positive news sentiment 0.18.",+9.25% YTD; dividend yield 2.79%; defensive cash flows; regulated utility,,,,,
ENPH,Enphase Energy,Energy,clean-energy,NASDAQ,32.82,-0.50%,+0.00%,-7.60%,-2.76%,-13%,4.325,1.643,32.5,4.48,5075022,26175622,100523922,,21.74,buy,2.33,-0.5,99.5,-0.5,995.0,-5.0,9950.0,-50.0,0.0,100.0,0.0,1000.0,0.0,10000.0,0.0,-7.6,92.4,-7.6,924.0,-76.0,9240.0,-760.0,-2.76,97.24,-2.76,972.4,-27.6,9724.0,-276.0,-13.0,87.0,-13.0,870.0,-130.0,8700.0,-1300.0,,,,,,,,,,,,,,,,,,,,,,
FSLR,First Solar,Energy,clean-energy,NASDAQ,172.11,-1.75%,-0.03%,-15.05%,-37.26%,-25%,18.497,1.733,10.61,2.27,2542546,12287146,51692046,,12.8,buy,1.86,-1.75,98.25,-1.75,982.5,-17.5,9825.0,-175.0,-0.03,99.97,-0.03,999.7,-0.3,9997.0,-3.0,-15.05,84.95,-15.05,849.5,-150.5,8495.0,-1505.0,-37.26,62.74,-37.26,627.4,-372.6,6274.0,-3726.0,-25.0,75.0,-25.0,750.0,-250.0,7500.0,-2500.0,,,,,,,,,,,,,,,,,,,,,,
BEPC,Brookfield Renewable Corp,Energy,clean-energy,NYSE,28.49,+0.91%,+0.39%,-9.21%,-26.33%,-21%,5.289,1.158,,1.75,2623247,9665547,39048047,556.0,,hold,2.86,0.91,100.91,0.91,1009.1,9.1,10091.0,91.0,0.39,100.39,0.39,1003.9,3.9,10039.0,39.0,-9.21,90.79,-9.21,907.9,-92.1,9079.0,-921.0,-26.33,73.67,-26.33,736.7,-263.3,7367.0,-2633.0,-21.0,79.0,-21.0,790.0,-210.0,7900.0,-2100.0,,,,,,,,,,,,,,,,,,,,,,
DNNGY,Ørsted,Energy,clean-energy,NASDAQ,6.71,-0.45%,-1.90%,-3.24%,+0.68%,-59%,26.594,0.624,,0.11,14863,507563,2995563,,,strong_buy,1.0,-0.45,99.55,-0.45,995.5,-4.5,9955.0,-45.0,-1.9,98.1,-1.9,981.0,-19.0,9810.0,-190.0,-3.24,96.76,-3.24,967.6,-32.4,9676.0,-324.0,0.68,100.68,0.68,1006.8,6.8,10068.0,68.0,-59.0,41.0,-59.0,410.0,-590.0,4100.0,-5900.0,,,,,,,,,,,,,8,strong_buy,0.6,"DNNGY has a strong_buy analyst consensus (score 1.0) and +2.33% YTD, despite -51% 1-year return, riding grid spending boom with potential turnaround.",strong_buy analyst consensus; +2.33% YTD; grid spending boom; turnaround potential,,,,,
AAPL,Apple,MegaCap,big-tech,NASDAQ,330,-1.18%,-1.67%,+1.65%,+22.22%,+30%,4820.75,1.085,37.84,46.83,35017775,186307675,881152275,32.0,0.88,buy,2.2,-1.18,98.82,-1.18,988.2,-11.8,9882.0,-118.0,-1.67,98.33,-1.67,983.3,-16.7,9833.0,-167.0,1.65,101.65,1.65,1016.5,16.5,10165.0,165.0,22.22,122.22,22.22,1222.2,222.2,12222.0,2222.0,30.0,130.0,30.0,1300.0,300.0,13000.0,3000.0,,,,,,,,,,,,,,,,,,,,,,
MSFT,Microsoft,MegaCap,big-tech,NASDAQ,513,-0.31%,+2.99%,+3.22%,+9.12%,-1%,3807.82,1.108,28.32,28.77,18901325,125286425,445908025,76.0,0.91,strong_buy,1.33,-0.31,99.69,-0.31,996.9,-3.1,9969.0,-31.0,2.99,102.99,2.99,1029.9,29.9,10299.0,299.0,3.22,103.22,3.22,1032.2,32.2,10322.0,322.0,9.12,109.12,9.12,1091.2,91.2,10912.0,912.0,-1.0,99.0,-1.0,990.0,-10.0,9900.0,-100.0,,,,,,,,,,,,,,,,,,,,,,
NVDA,NVIDIA,MegaCap,big-tech,NASDAQ,231,+0.57%,+2.80%,+2.99%,+22.53%,+21%,5574.576,2.217,29.22,123.11,97538145,553057245,2354884345,44.0,1.27,strong_buy,1.3,0.57,100.57,0.57,1005.7,5.7,10057.0,57.0,2.8,102.8,2.8,1028.0,28.0,10280.0,280.0,2.99,102.99,2.99,1029.9,29.9,10299.0,299.0,22.53,122.53,22.53,1225.3,225.3,12253.0,2253.0,21.0,121.0,21.0,1210.0,210.0,12100.0,2100.0,,,,,,,,,,,,,9,strong_buy,0.8,"+20.59% YTD, P/E 29, AI leader with strong buy consensus and data center growth tailwind.",YTD +21%; AI leader; Strong buy; Data center growth,,,,,
GOOGL,Alphabet,MegaCap,big-tech,NASDAQ,338,-3.19%,-1.20%,+0.40%,+7.54%,+40%,4136.653,1.225,16.98,27.06,33110940,132750640,566812940,26.0,1.49,strong_buy,1.38,-3.19,96.81,-3.19,968.1,-31.9,9681.0,-319.0,-1.2,98.8,-1.2,988.0,-12.0,9880.0,-120.0,0.4,100.4,0.4,1004.0,4.0,10040.0,40.0,7.54,107.54,7.54,1075.4,75.4,10754.0,754.0,40.0,140.0,40.0,1400.0,400.0,14000.0,4000.0,,,,,,,,,,,,,10,strong_buy,0.75,"+8.39% YTD, P/E 17, attractive valuation, strong buy consensus, AI and cloud growth.",Low P/E 17; Strong buy; AI and cloud growth; Positive news sentiment,,,,,
META,Meta Platforms,MegaCap,big-tech,NASDAQ,726,-0.17%,-6.64%,+22.54%,+11.90%,+0%,1849.311,1.243,26.48,19.62,12256112,108910012,496490912,29.0,1.41,strong_buy,1.41,-0.17,99.83,-0.17,998.3,-1.7,9983.0,-17.0,-6.64,93.36,-6.64,933.6,-66.4,9336.0,-664.0,22.54,122.54,22.54,1225.4,225.4,12254.0,2254.0,11.9,111.9,11.9,1119.0,119.0,11190.0,1190.0,0.0,100.0,0.0,1000.0,0.0,10000.0,0.0,,,,,,,,,,,,,2,strong_buy,0.85,"+29.18% 1M, P/E 27, enterprise AI platform launch and Muse AI agent gaining traction [simplywall.st](https://simplywall.st/stocks/us/media/nasdaq-meta/meta-platforms/news/meta-platforms-meta-enterprise-push-keeps-its-undervalued-na).",1M +29%; Enterprise AI platform; Strong buy; Muse AI agent,,,,,
AMZN,Amazon,MegaCap,big-tech,NASDAQ,248,-0.79%,-0.46%,-2.65%,+9.59%,+12%,2677.486,1.443,19.97,39.52,32645635,175149735,720508335,,0.83,strong_buy,1.32,-0.79,99.21,-0.79,992.1,-7.9,9921.0,-79.0,-0.46,99.54,-0.46,995.4,-4.6,9954.0,-46.0,-2.65,97.35,-2.65,973.5,-26.5,9735.0,-265.0,9.59,109.59,9.59,1095.9,95.9,10959.0,959.0,12.0,112.0,12.0,1120.0,120.0,11200.0,1200.0,,,,,,,,,,,,,,,,,,,,,,
TSLA,Tesla,MegaCap,big-tech,NASDAQ,354,-0.25%,-6.31%,-0.81%,-19.17%,-19%,1398.574,1.845,334.07,38.56,30302824,187483424,803854224,,1.95,buy,2.35,-0.25,99.75,-0.25,997.5,-2.5,9975.0,-25.0,-6.31,93.69,-6.31,936.9,-63.1,9369.0,-631.0,-0.81,99.19,-0.81,991.9,-8.1,9919.0,-81.0,-19.17,80.83,-19.17,808.3,-191.7,8083.0,-1917.0,-19.0,81.0,-19.0,810.0,-190.0,8100.0,-1900.0,,,,,,,,,,,,,,,,,,,,,,
NFLX,Netflix,MegaCap,big-tech,NASDAQ,68,-3.06%,-5.40%,-17.99%,-25.43%,-40%,282.523,1.526,21.34,37.35,40467844,178004644,722492544,,2.28,buy,1.8,-3.06,96.94,-3.06,969.4,-30.6,9694.0,-306.0,-5.4,94.6,-5.4,946.0,-54.0,9460.0,-540.0,-17.99,82.01,-17.99,820.1,-179.9,8201.0,-1799.0,-25.43,74.57,-25.43,745.7,-254.3,7457.0,-2543.0,-40.0,60.0,-40.0,600.0,-400.0,6000.0,-4000.0,,,,,,,,,,,,,,,,,,,,,,
JPM,JPMorgan Chase,MegaCap,financials,NYSE,333,+0.56%,-1.59%,-6.47%,+3.82%,+8%,885.654,0.975,14.29,7.68,8061036,46373236,172126136,199.0,0.91,buy,2.08,0.56,100.56,0.56,1005.6,5.6,10056.0,56.0,-1.59,98.41,-1.59,984.1,-15.9,9841.0,-159.0,-6.47,93.53,-6.47,935.3,-64.7,9353.0,-647.0,3.82,103.82,3.82,1038.2,38.2,10382.0,382.0,8.0,108.0,8.0,1080.0,80.0,10800.0,800.0,,,,,,,,,,,,,,,,,,,,,,
BAC,Bank of America,MegaCap,financials,NYSE,54,-1.59%,-4.10%,-13.73%,-2.43%,+8%,375.72,1.164,12.41,32.9,60012656,183474756,802103556,235.0,,strong_buy,1.5,-1.59,98.41,-1.59,984.1,-15.9,9841.0,-159.0,-4.1,95.9,-4.1,959.0,-41.0,9590.0,-410.0,-13.73,86.27,-13.73,862.7,-137.3,8627.0,-1373.0,-2.43,97.57,-2.43,975.7,-24.3,9757.0,-243.0,8.0,108.0,8.0,1080.0,80.0,10800.0,800.0,,,,,,,,,,,,,,,,,,,,,,
BRK-B,Berkshire Hathaway B,MegaCap,financials,NYSE,500,+0.45%,-0.93%,-0.94%,+0.73%,+0%,1071.425,0.603,12.58,4.33,4553723,21699023,96355923,,0.96,buy,2.0,0.45,100.45,0.45,1004.5,4.5,10045.0,45.0,-0.93,99.07,-0.93,990.7,-9.3,9907.0,-93.0,-0.94,99.06,-0.94,990.6,-9.4,9906.0,-94.0,0.73,100.73,0.73,1007.3,7.3,10073.0,73.0,0.0,100.0,0.0,1000.0,0.0,10000.0,0.0,,,,,,,,,,,,,,,,,,,,,,
V,Visa,MegaCap,financials,NYSE,360,-0.03%,-2.21%,-4.90%,+4.48%,+4%,675.566,0.761,30.73,6.9,5269567,29112367,128059067,75.0,1.09,strong_buy,1.45,-0.03,99.97,-0.03,999.7,-0.3,9997.0,-3.0,-2.21,97.79,-2.21,977.9,-22.1,9779.0,-221.0,-4.9,95.1,-4.9,951.0,-49.0,9510.0,-490.0,4.48,104.48,4.48,1044.8,44.8,10448.0,448.0,4.0,104.0,4.0,1040.0,40.0,10400.0,400.0,,,,,,,,,,,,,,,,,,,,,,
MA,Mastercard,MegaCap,financials,NYSE,550,-0.54%,-2.84%,-6.48%,-1.85%,-4%,481.805,0.735,30.22,2.91,2876158,16402258,57127458,63.0,0.83,strong_buy,1.43,-0.54,99.46,-0.54,994.6,-5.4,9946.0,-54.0,-2.84,97.16,-2.84,971.6,-28.4,9716.0,-284.0,-6.48,93.52,-6.48,935.2,-64.8,9352.0,-648.0,-1.85,98.15,-1.85,981.5,-18.5,9815.0,-185.0,-4.0,96.0,-4.0,960.0,-40.0,9600.0,-400.0,,,,,,,,,,,,,,,,,,,,,,
GS,Goldman Sachs,MegaCap,financials,NYSE,897,-0.66%,-2.88%,+0.00%,-0.50%,+16%,261.085,1.283,13.84,1.97,2538318,9999418,45056318,222.0,2.39,hold,2.6,-0.66,99.34,-0.66,993.4,-6.6,9934.0,-66.0,-2.88,97.12,-2.88,971.2,-28.8,9712.0,-288.0,0.0,100.0,0.0,1000.0,0.0,10000.0,0.0,-0.5,99.5,-0.5,995.0,-5.0,9950.0,-50.0,16.0,116.0,16.0,1160.0,160.0,11600.0,1600.0,,,,,,,,,,,,,,,,,,,,,,
BLK,BlackRock,MegaCap,financials,NYSE,1064,+0.54%,-0.85%,-3.37%,-0.30%,-9%,172.933,1.429,25.52,0.64,511377,2445977,11213477,217.0,1.34,strong_buy,1.47,0.54,100.54,0.54,1005.4,5.4,10054.0,54.0,-0.85,99.15,-0.85,991.5,-8.5,9915.0,-85.0,-3.37,96.63,-3.37,966.3,-33.7,9663.0,-337.0,-0.3,99.7,-0.3,997.0,-3.0,9970.0,-30.0,-9.0,91.0,-9.0,910.0,-90.0,9100.0,-900.0,,,,,,,,,,,,,,,,,,,,,,
LLY,Eli Lilly,MegaCap,healthcare,NYSE,1150,-1.10%,-2.71%,-0.88%,+6.95%,+41%,1024.927,0.502,38.66,2.52,2170988,11131188,48054688,60.0,0.84,buy,1.63,-1.1,98.9,-1.1,989.0,-11.0,9890.0,-110.0,-2.71,97.29,-2.71,972.9,-27.1,9729.0,-271.0,-0.88,99.12,-0.88,991.2,-8.8,9912.0,-88.0,6.95,106.95,6.95,1069.5,69.5,10695.0,695.0,41.0,141.0,41.0,1410.0,410.0,14100.0,4100.0,,,,,,,,,,,,,,,,,,,,,,
UNH,UnitedHealth Group,MegaCap,healthcare,NYSE,365,-0.74%,-2.62%,-8.06%,+10.71%,+4%,327.802,0.622,23.47,4.93,3933201,20760701,107121101,253.0,1.64,buy,1.58,-0.74,99.26,-0.74,992.6,-7.4,9926.0,-74.0,-2.62,97.38,-2.62,973.8,-26.2,9738.0,-262.0,-8.06,91.94,-8.06,919.4,-80.6,9194.0,-806.0,10.71,110.71,10.71,1107.1,107.1,11071.0,1071.0,4.0,104.0,4.0,1040.0,40.0,10400.0,400.0,,,,,,,,,,,,,,,,,,,,,,
JNJ,Johnson & Johnson,MegaCap,healthcare,NYSE,259,-2.43%,-4.44%,-6.01%,+26.75%,+42%,623.344,0.235,29.97,6.97,8156115,31388915,134428015,202.0,0.98,buy,1.91,-2.43,97.57,-2.43,975.7,-24.3,9757.0,-243.0,-4.44,95.56,-4.44,955.6,-44.4,9556.0,-444.0,-6.01,93.99,-6.01,939.9,-60.1,9399.0,-601.0,26.75,126.75,26.75,1267.5,267.5,12675.0,2675.0,42.0,142.0,42.0,1420.0,420.0,14200.0,4200.0,,,,,,,,,,,,,,,,,,,,,,
ABBV,AbbVie,MegaCap,healthcare,NYSE,260,-1.16%,-1.96%,-0.68%,+16.03%,+11%,459.327,0.281,73.22,4.97,3846203,19198703,86729203,265.0,1.23,buy,1.7,-1.16,98.84,-1.16,988.4,-11.6,9884.0,-116.0,-1.96,98.04,-1.96,980.4,-19.6,9804.0,-196.0,-0.68,99.32,-0.68,993.2,-6.8,9932.0,-68.0,16.03,116.03,16.03,1160.3,160.3,11603.0,1603.0,11.0,111.0,11.0,1110.0,110.0,11100.0,1100.0,,,,,,,,,,,,,,,,,,,,,,
MRK,Merck,MegaCap,healthcare,NYSE,144,-1.03%,-2.82%,-4.60%,+37.88%,+62%,354.804,0.226,115.05,9.83,7853281,42269981,202414181,234.0,1.4,buy,1.78,-1.03,98.97,-1.03,989.7,-10.3,9897.0,-103.0,-2.82,97.18,-2.82,971.8,-28.2,9718.0,-282.0,-4.6,95.4,-4.6,954.0,-46.0,9540.0,-460.0,37.88,137.88,37.88,1378.8,378.8,13788.0,3788.0,62.0,162.0,62.0,1620.0,620.0,16200.0,6200.0,,,,,,,,,,,,,,,,,,,,,,
TMO,Thermo Fisher Scientific,MegaCap,healthcare,NYSE,653,-3.34%,-3.81%,+7.31%,+10.43%,+29%,241.264,0.854,35.4,2.05,2375143,10551543,47997643,28.0,1.36,buy,1.54,-3.34,96.66,-3.34,966.6,-33.4,9666.0,-334.0,-3.81,96.19,-3.81,961.9,-38.1,9619.0,-381.0,7.31,107.31,7.31,1073.1,73.1,10731.0,731.0,10.43,110.43,10.43,1104.3,104.3,11043.0,1043.0,29.0,129.0,29.0,1290.0,290.0,12900.0,2900.0,,,,,,,,,,,,,7,buy,0.75,"+15.02% YTD, +10.21% 1M, P/E 36.5, positive news sentiment 0.224, life sciences tools leader.",1M +10%; Positive news sentiment; Buy consensus; Life sciences tools,,,,,
ABT,Abbott Laboratories,MegaCap,healthcare,NYSE,97,-2.17%,-4.33%,-12.47%,-20.70%,-26%,168.416,0.586,31.29,9.66,8600666,38807466,181442566,255.0,1.29,buy,1.52,-2.17,97.83,-2.17,978.3,-21.7,9783.0,-217.0,-4.33,95.67,-4.33,956.7,-43.3,9567.0,-433.0,-12.47,87.53,-12.47,875.3,-124.7,8753.0,-1247.0,-20.7,79.3,-20.7,793.0,-207.0,7930.0,-2070.0,-26.0,74.0,-26.0,740.0,-260.0,7400.0,-2600.0,,,,,,,,,,,,,,,,,,,,,,
PG,Procter & Gamble,MegaCap,consumer,NYSE,144,-1.13%,-1.19%,-2.50%,+3.78%,-4%,334.602,0.377,21.74,8.6,7304861,38195761,166973661,300.0,1.04,buy,2.2,-1.13,98.87,-1.13,988.7,-11.3,9887.0,-113.0,-1.19,98.81,-1.19,988.1,-11.9,9881.0,-119.0,-2.5,97.5,-2.5,975.0,-25.0,9750.0,-250.0,3.78,103.78,3.78,1037.8,37.8,10378.0,378.0,-4.0,96.0,-4.0,960.0,-40.0,9600.0,-400.0,,,,,,,,,,,,,,,,,,,,,,
KO,Coca-Cola,MegaCap,consumer,NYSE,86,-0.13%,-2.27%,-1.84%,+26.99%,+30%,370.449,0.342,25.86,15.79,16154533,72315233,326083233,246.0,0.95,buy,1.75,-0.13,99.87,-0.13,998.7,-1.3,9987.0,-13.0,-2.27,97.73,-2.27,977.3,-22.7,9773.0,-227.0,-1.84,98.16,-1.84,981.6,-18.4,9816.0,-184.0,26.99,126.99,26.99,1269.9,269.9,12699.0,2699.0,30.0,130.0,30.0,1300.0,300.0,13000.0,3000.0,,,,,,,,,,,,,,,,,,,,,,
PEP,PepsiCo,MegaCap,consumer,NASDAQ,126,-1.09%,-1.99%,-9.66%,-9.00%,-11%,171.57,0.361,16.46,8.26,8281937,40721437,195386037,467.0,2.11,hold,2.75,-1.09,98.91,-1.09,989.1,-10.9,9891.0,-109.0,-1.99,98.01,-1.99,980.1,-19.9,9801.0,-199.0,-9.66,90.34,-9.66,903.4,-96.6,9034.0,-966.0,-9.0,91.0,-9.0,910.0,-90.0,9100.0,-900.0,-11.0,89.0,-11.0,890.0,-110.0,8900.0,-1100.0,,,,,,,,,,,,,,,,,,,,,,
MCD,McDonald's,MegaCap,consumer,NYSE,232,+0.19%,-2.19%,+0.00%,-22.06%,-23%,164.053,0.414,18.83,4.97,5858151,28568551,125497251,334.0,1.92,buy,2.06,0.19,100.19,0.19,1001.9,1.9,10019.0,19.0,-2.19,97.81,-2.19,978.1,-21.9,9781.0,-219.0,0.0,100.0,0.0,1000.0,0.0,10000.0,0.0,-22.06,77.94,-22.06,779.4,-220.6,7794.0,-2206.0,-23.0,77.0,-23.0,770.0,-230.0,7700.0,-2300.0,,,,,,,,,,,,,,,,,,,,,,
NKE,Nike,MegaCap,consumer,NYSE,35,-0.54%,-2.33%,+0.00%,-42.99%,-53%,52.145,1.11,16.5,26.42,95217681,235093981,770651281,463.0,8.98,hold,2.76,-0.54,99.46,-0.54,994.6,-5.4,9946.0,-54.0,-2.33,97.67,-2.33,976.7,-23.3,9767.0,-233.0,0.0,100.0,0.0,1000.0,0.0,10000.0,0.0,-42.99,57.01,-42.99,570.1,-429.9,5701.0,-4299.0,-53.0,47.0,-53.0,470.0,-530.0,4700.0,-5300.0,,,,,,,,,,,,,,,,,,,,,,
WMT,Walmart,MegaCap,consumer,NYSE,104,-0.68%,-3.10%,-1.72%,-6.95%,+2%,827.172,0.595,37.64,23.92,19662489,111936289,470751789,95.0,1.83,buy,1.53,-0.68,99.32,-0.68,993.2,-6.8,9932.0,-68.0,-3.1,96.9,-3.1,969.0,-31.0,9690.0,-310.0,-1.72,98.28,-1.72,982.8,-17.2,9828.0,-172.0,-6.95,93.05,-6.95,930.5,-69.5,9305.0,-695.0,2.0,102.0,2.0,1020.0,20.0,10200.0,200.0,,,,,,,,,,,,,,,,,,,,,,
COST,Costco,MegaCap,consumer,NASDAQ,915,+0.25%,+2.06%,-1.46%,+7.55%,-1%,405.562,0.855,44.07,2.13,2108200,13812500,50341100,65.0,1.66,buy,1.95,0.25,100.25,0.25,1002.5,2.5,10025.0,25.0,2.06,102.06,2.06,1020.6,20.6,10206.0,206.0,-1.46,98.54,-1.46,985.4,-14.6,9854.0,-146.0,7.55,107.55,7.55,1075.5,75.5,10755.0,755.0,-1.0,99.0,-1.0,990.0,-10.0,9900.0,-100.0,,,,,,,,,,,,,,,,,,,,,,
XOM,ExxonMobil,MegaCap,energy-industrial,NYSE,164,+1.04%,+1.04%,-0.20%,+36.25%,+46%,673.613,0.175,21.11,14.3,11699884,57766484,296046684,253.0,1.08,buy,2.32,1.04,101.04,1.04,1010.4,10.4,10104.0,104.0,1.04,101.04,1.04,1010.4,10.4,10104.0,104.0,-0.2,99.8,-0.2,998.0,-2.0,9980.0,-20.0,36.25,136.25,36.25,1362.5,362.5,13625.0,3625.0,46.0,146.0,46.0,1460.0,460.0,14600.0,4600.0,,,,,,,,,,,,,,,,,,,,,,
CVX,Chevron,MegaCap,energy-industrial,NYSE,207,+1.28%,+0.71%,-2.21%,+36.55%,+33%,406.248,0.491,19.95,8.53,5998039,34969939,204079339,349.0,1.06,buy,1.72,1.28,101.28,1.28,1012.8,12.8,10128.0,128.0,0.71,100.71,0.71,1007.1,7.1,10071.0,71.0,-2.21,97.79,-2.21,977.9,-22.1,9779.0,-221.0,36.55,136.55,36.55,1365.5,365.5,13655.0,3655.0,33.0,133.0,33.0,1330.0,330.0,13300.0,3300.0,,,,,,,,,,,,,,,,,,,,,,
CAT,Caterpillar,MegaCap,energy-industrial,NYSE,826,+1.47%,+2.62%,+4.30%,+38.93%,+65%,379.852,1.594,35.63,2.7,2116981,10543081,48998481,80.0,2.03,buy,2.07,1.47,101.47,1.47,1014.7,14.7,10147.0,147.0,2.62,102.62,2.62,1026.2,26.2,10262.0,262.0,4.3,104.3,4.3,1043.0,43.0,10430.0,430.0,38.93,138.93,38.93,1389.3,389.3,13893.0,3893.0,65.0,165.0,65.0,1650.0,650.0,16500.0,6500.0,,,,,,,,,,,,,8,buy,0.7,"+38.98% YTD, +3.66% 1M, P/E 35, infrastructure and AI data center buildout beneficiary.",YTD +39%; Infrastructure demand; Buy consensus; AI data center power,,,,,
HON,Honeywell,MegaCap,energy-industrial,NASDAQ,214,+1.28%,+0.95%,+3.75%,+5.48%,+1%,67.762,0.901,8.22,3.25,2394969,10348669,62952169,133.0,2.34,buy,2.0,1.28,101.28,1.28,1012.8,12.8,10128.0,128.0,0.95,100.95,0.95,1009.5,9.5,10095.0,95.0,3.75,103.75,3.75,1037.5,37.5,10375.0,375.0,5.48,105.48,5.48,1054.8,54.8,10548.0,548.0,1.0,101.0,1.0,1010.0,10.0,10100.0,100.0,,,,,,,,,,,,,,,,,,,,,,
GE,GE Aerospace,MegaCap,energy-industrial,NYSE,312,+0.03%,-2.31%,-5.19%,-2.34%,+4%,324.124,1.35,36.8,3.93,3415495,19793595,89708895,60.0,1.52,buy,1.55,0.03,100.03,0.03,1000.3,0.3,10003.0,3.0,-2.31,97.69,-2.31,976.9,-23.1,9769.0,-231.0,-5.19,94.81,-5.19,948.1,-51.9,9481.0,-519.0,-2.34,97.66,-2.34,976.6,-23.4,9766.0,-234.0,4.0,104.0,4.0,1040.0,40.0,10400.0,400.0,,,,,,,,,,,,,,,,,,,,,,
RTX,RTX Corp,MegaCap,energy-industrial,NYSE,185,-0.34%,-1.91%,-7.85%,-0.12%,+11%,249.349,0.287,32.57,4.49,3165835,18483135,83374135,157.0,1.01,buy,1.83,-0.34,99.66,-0.34,996.6,-3.4,9966.0,-34.0,-1.91,98.09,-1.91,980.9,-19.1,9809.0,-191.0,-7.85,92.15,-7.85,921.5,-78.5,9215.0,-785.0,-0.12,99.88,-0.12,998.8,-1.2,9988.0,-12.0,11.0,111.0,11.0,1110.0,110.0,11100.0,1100.0,,,,,,,,,,,,,,,,,,,,,,
BA,Boeing,MegaCap,energy-industrial,NYSE,192,+3.03%,-2.30%,-7.94%,-15.58%,-14%,151.861,1.213,69.42,6.24,13490917,59057017,169130317,,0.01,strong_buy,1.5,3.03,103.03,3.03,1030.3,30.3,10303.0,303.0,-2.3,97.7,-2.3,977.0,-23.0,9770.0,-230.0,-7.94,92.06,-7.94,920.6,-79.4,9206.0,-794.0,-15.58,84.42,-15.58,844.2,-155.8,8442.0,-1558.0,-14.0,86.0,-14.0,860.0,-140.0,8600.0,-1400.0,,,,,,,,,,,,,,,,,,,,,,
AMD,Advanced Micro Devices,MegaCap,tech-semis,NASDAQ,616,+0.30%,-2.15%,+34.72%,+175.53%,+260%,1005.164,2.476,155.88,23.93,16633581,89652781,460516981,,2.46,strong_buy,1.49,0.3,100.3,0.3,1003.0,3.0,10030.0,30.0,-2.15,97.85,-2.15,978.5,-21.5,9785.0,-215.0,34.72,134.72,34.72,1347.2,347.2,13472.0,3472.0,175.53,275.53,175.53,2755.3,1755.3,27553.0,17553.0,260.0,360.0,260.0,3600.0,2600.0,36000.0,26000.0,,,,,,,,,,,,,1,strong_buy,1.0,"+171.88% YTD, P/E 156, AI catalyst via $8.2B World Labs acquisition bringing Fei-Fei Li as chief scientist [tomshardware.com](https://www.tomshardware.com/tech-industry/artificial-intelligence/amd-acquires-ai-legend-fei-fei-lis-world-labs-for-usd8-2-billion-imagenet-pioneer-will-become-amd-chief-scientist-as-the-chipmaker-brings-her-lab-in-house).",YTD +172%; World Labs acquisition; Strong buy consensus; AI infrastructure tailwind,,,,,
QCOM,Qualcomm,MegaCap,tech-semis,NASDAQ,182,-1.34%,-6.26%,+7.72%,+6.91%,+9%,194.483,1.679,20.83,12.66,9284821,61227621,305312821,200.0,4.01,hold,2.57,-1.34,98.66,-1.34,986.6,-13.4,9866.0,-134.0,-6.26,93.74,-6.26,937.4,-62.6,9374.0,-626.0,7.72,107.72,7.72,1077.2,77.2,10772.0,772.0,6.91,106.91,6.91,1069.1,69.1,10691.0,691.0,9.0,109.0,9.0,1090.0,90.0,10900.0,900.0,,,,,,,,,,,,,,,,,,,,,,
AVGO,Broadcom,MegaCap,tech-semis,NASDAQ,344,-2.65%,-1.92%,-6.26%,-0.60%,+4%,1640.41,1.457,43.78,22.52,22261651,98993151,572927051,74.0,1.11,strong_buy,1.26,-2.65,97.35,-2.65,973.5,-26.5,9735.0,-265.0,-1.92,98.08,-1.92,980.8,-19.2,9808.0,-192.0,-6.26,93.74,-6.26,937.4,-62.6,9374.0,-626.0,-0.6,99.4,-0.6,994.0,-6.0,9940.0,-60.0,4.0,104.0,4.0,1040.0,40.0,10400.0,400.0,,,,,,,,,,,,,,,,,,,,,,
TSM,Taiwan Semiconductor,MegaCap,tech-semis,NYSE,459,+0.39%,+1.78%,+10.81%,+44.80%,+58%,2381.629,1.247,34.12,11.69,8157975,42691875,207376375,89.0,0.57,none,,0.39,100.39,0.39,1003.9,3.9,10039.0,39.0,1.78,101.78,1.78,1017.8,17.8,10178.0,178.0,10.81,110.81,10.81,1108.1,108.1,11081.0,1081.0,44.8,144.8,44.8,1448.0,448.0,14480.0,4480.0,58.0,158.0,58.0,1580.0,580.0,15800.0,5800.0,,,,,,,,,,,,,3,strong_buy,0.85,"+44.09% YTD, P/E 34, low short interest 0.57%, critical AI chip manufacturer with $3T market cap target.",YTD +44%; Low short 0.57%; Strong buy; AI infrastructure,,,,,
ASML,ASML Holding,MegaCap,tech-semis,NASDAQ,1808,-0.57%,+4.99%,+7.50%,+56.14%,+76%,694.641,1.363,62.77,1.52,1403447,6448647,28226647,50.0,0.38,strong_buy,1.4,-0.57,99.43,-0.57,994.3,-5.7,9943.0,-57.0,4.99,104.99,4.99,1049.9,49.9,10499.0,499.0,7.5,107.5,7.5,1075.0,75.0,10750.0,750.0,56.14,156.14,56.14,1561.4,561.4,15614.0,5614.0,76.0,176.0,76.0,1760.0,760.0,17600.0,7600.0,,,,,,,,,,,,,4,strong_buy,0.8,"+58.38% YTD, P/E 61, sole EUV lithography supplier for advanced chips, strong buy consensus.",YTD +58%; Strong buy; Semiconductor equipment leader; Low short 0.38%,,,,,
ARM,Arm Holdings,MegaCap,tech-semis,NASDAQ,292,+0.74%,-4.57%,+24.47%,+154.81%,+90%,312.219,3.89,301.38,5.41,3259961,29548561,119556461,,10.69,buy,1.91,0.74,100.74,0.74,1007.4,7.4,10074.0,74.0,-4.57,95.43,-4.57,954.3,-45.7,9543.0,-457.0,24.47,124.47,24.47,1244.7,244.7,12447.0,2447.0,154.81,254.81,154.81,2548.1,1548.1,25481.0,15481.0,90.0,190.0,90.0,1900.0,900.0,19000.0,9000.0,,,,,,,,,,,,,6,buy,0.93,"+155.97% YTD, data center royalty revenue +100%, AGI CPU pipeline >$2B, but P/E 285 and short 10.69% [tradingkey.com](https://www.tradingkey.com/analysis/stocks/us-stocks/262191810-arm-stock-forecast-ai-data-center-cpu-valuation-2026-tradingkey).",YTD +156%; Data center royalty growth; AGI CPU demand; High short 10.7%,,,,,
INTC,Intel,MegaCap,tech-semis,NASDAQ,120,-0.38%,-5.80%,+33.26%,+204.72%,+222%,634.333,2.231,,108.32,102280238,496107238,2287322938,,3.01,buy,2.47,-0.38,99.62,-0.38,996.2,-3.8,9962.0,-38.0,-5.8,94.2,-5.8,942.0,-58.0,9420.0,-580.0,33.26,133.26,33.26,1332.6,332.6,13326.0,3326.0,204.72,304.72,204.72,3047.2,2047.2,30472.0,20472.0,222.0,322.0,222.0,3220.0,2220.0,32200.0,22200.0,,,,,,,,,,,,,5,strong_buy,0.7,"+194.39% YTD, Edge AI ecosystem expansion with Advantech, but high short interest 3.01% and no P/E [simplywall.st](https://simplywall.st/stocks/us/semiconductors/nasdaq-intc/intel/news/intel-intc-just-drew-fresh-attention-so-what-is-the-market).",YTD +194%; Edge AI ecosystem; Turnaround story; High short risk,,,,,
2222.SR,Saudi Aramco,MegaCap,global-growth,TADAWUL,6.73,+0.08%,-1.94%,-3.44%,+9.95%,+2%,1628.911,0.006,14.96,8.03,8561003,47491646,170884216,538.0,,buy,2.11,0.08,100.08,0.08,1000.8,0.8,10008.0,8.0,-1.94,98.06,-1.94,980.6,-19.4,9806.0,-194.0,-3.44,96.56,-3.44,965.6,-34.4,9656.0,-344.0,9.95,109.95,9.95,1099.5,99.5,10995.0,995.0,2.0,102.0,2.0,1020.0,20.0,10200.0,200.0,,,,,,,,,,,,,,,,,,,,,,
BABA,Alibaba Group,MegaCap,global-growth,NYSE,107,-0.26%,-2.87%,-3.90%,-30.37%,-43%,267.308,0.5,24.31,11.11,6976633,31068533,170378233,98.0,1.68,strong_buy,1.32,-0.26,99.74,-0.26,997.4,-2.6,9974.0,-26.0,-2.87,97.13,-2.87,971.3,-28.7,9713.0,-287.0,-3.9,96.1,-3.9,961.0,-39.0,9610.0,-390.0,-30.37,69.63,-30.37,696.3,-303.7,6963.0,-3037.0,-43.0,57.0,-43.0,570.0,-430.0,5700.0,-4300.0,,,,,,,,,,,,,,,,,,,,,,
SAP,SAP SE,MegaCap,global-growth,NYSE,211,+1.11%,+0.80%,+0.52%,-9.48%,-23%,243.295,0.775,27.77,2.63,1967052,10388852,40095352,140.0,0.44,buy,1.62,1.11,101.11,1.11,1011.1,11.1,10111.0,111.0,0.8,100.8,0.8,1008.0,8.0,10080.0,80.0,0.52,100.52,0.52,1005.2,5.2,10052.0,52.0,-9.48,90.52,-9.48,905.2,-94.8,9052.0,-948.0,-23.0,77.0,-23.0,770.0,-230.0,7700.0,-2300.0,,,,,,,,,,,,,,,,,,,,,,
SONY,Sony Group,MegaCap,global-growth,NYSE,23,-0.04%,+2.17%,-4.71%,-9.23%,-16%,137.307,0.763,19.91,4.42,4953863,17227963,74243263,67.0,0.21,none,,-0.04,99.96,-0.04,999.6,-0.4,9996.0,-4.0,2.17,102.17,2.17,1021.7,21.7,10217.0,217.0,-4.71,95.29,-4.71,952.9,-47.1,9529.0,-471.0,-9.23,90.77,-9.23,907.7,-92.3,9077.0,-923.0,-16.0,84.0,-16.0,840.0,-160.0,8400.0,-1600.0,,,,,,,,,,,,,,,,,,,,,,
TM,Toyota Motor,MegaCap,global-growth,NYSE,183,-0.63%,-1.81%,-7.54%,-15.85%,-4%,217.108,0.337,8.21,0.38,380504,1380604,6416004,342.0,0.09,strong_buy,1.5,-0.63,99.37,-0.63,993.7,-6.3,9937.0,-63.0,-1.81,98.19,-1.81,981.9,-18.1,9819.0,-181.0,-7.54,92.46,-7.54,924.6,-75.4,9246.0,-754.0,-15.85,84.15,-15.85,841.5,-158.5,8415.0,-1585.0,-4.0,96.0,-4.0,960.0,-40.0,9600.0,-400.0,,,,,,,,,,,,,,,,,,,,,,
NVO,Novo Nordisk,MegaCap,global-growth,NYSE,37,-1.39%,-3.16%,-20.03%,-25.05%,-35%,165.143,0.344,9.37,12.37,11841791,64292091,292360991,474.0,0.83,hold,2.71,-1.39,98.61,-1.39,986.1,-13.9,9861.0,-139.0,-3.16,96.84,-3.16,968.4,-31.6,9684.0,-316.0,-20.03,79.97,-20.03,799.7,-200.3,7997.0,-2003.0,-25.05,74.95,-25.05,749.5,-250.5,7495.0,-2505.0,-35.0,65.0,-35.0,650.0,-350.0,6500.0,-3500.0,,,,,,,,,,,,,,,,,,,,,,
HSBC,HSBC Holdings,MegaCap,global-growth,NYSE,96,-3.51%,-4.34%,-8.69%,+23.73%,+40%,327.831,0.571,13.69,1.29,3349567,9559067,31760567,378.0,,none,,-3.51,96.49,-3.51,964.9,-35.1,9649.0,-351.0,-4.34,95.66,-4.34,956.6,-43.4,9566.0,-434.0,-8.69,91.31,-8.69,913.1,-86.9,9131.0,-869.0,23.73,123.73,23.73,1237.3,237.3,12373.0,2373.0,40.0,140.0,40.0,1400.0,400.0,14000.0,4000.0,,,,,,,,,,,,,,,,,,,,,,
AAPL,Apple,Tech,mega-cap,NASDAQ,330.32,-1.18%,-1.67%,+1.65%,+22.22%,+30%,4820.749,1.085,37.84,46.83,35017775,186307675,881152275,32.0,0.88,buy,2.2,-1.18,98.82,-1.18,988.2,-11.8,9882.0,-118.0,-1.67,98.33,-1.67,983.3,-16.7,9833.0,-167.0,1.65,101.65,1.65,1016.5,16.5,10165.0,165.0,22.22,122.22,22.22,1222.2,222.2,12222.0,2222.0,30.0,130.0,30.0,1300.0,300.0,13000.0,3000.0,,,,,,,,,,,,,,,,,,,,,,
MSFT,Microsoft,Tech,mega-cap,NASDAQ,512.8,-0.31%,+2.99%,+3.22%,+9.12%,-1%,3807.82,1.108,28.32,28.77,18901325,125286425,445908025,76.0,0.91,strong_buy,1.33,-0.31,99.69,-0.31,996.9,-3.1,9969.0,-31.0,2.99,102.99,2.99,1029.9,29.9,10299.0,299.0,3.22,103.22,3.22,1032.2,32.2,10322.0,322.0,9.12,109.12,9.12,1091.2,91.2,10912.0,912.0,-1.0,99.0,-1.0,990.0,-10.0,9900.0,-100.0,,,,,,,,,,,,,10,strong_buy,0.8,"MSFT has +8.30% YTD, strong_buy, P/E 28.4, short 0.91%, stable AI momentum.",+8.30% YTD; P/E 28.4; strong_buy; low short 0.91%,,,,,
GOOGL,Alphabet (Google),Tech,mega-cap,NASDAQ,338.24,-3.19%,-1.20%,+0.40%,+7.54%,+40%,4136.654,1.225,16.98,27.06,33110940,132750640,566812940,26.0,1.49,strong_buy,1.38,-3.19,96.81,-3.19,968.1,-31.9,9681.0,-319.0,-1.2,98.8,-1.2,988.0,-12.0,9880.0,-120.0,0.4,100.4,0.4,1004.0,4.0,10040.0,40.0,7.54,107.54,7.54,1075.4,75.4,10754.0,754.0,40.0,140.0,40.0,1400.0,400.0,14000.0,4000.0,,,,,,,,,,,,,,,,,,,,,,
AMZN,Amazon,Tech,mega-cap,NASDAQ,248.23,-0.79%,-0.46%,-2.65%,+9.59%,+12%,2677.486,1.443,19.97,39.52,32645635,175149735,720508335,,0.83,strong_buy,1.32,-0.79,99.21,-0.79,992.1,-7.9,9921.0,-79.0,-0.46,99.54,-0.46,995.4,-4.6,9954.0,-46.0,-2.65,97.35,-2.65,973.5,-26.5,9735.0,-265.0,9.59,109.59,9.59,1095.9,95.9,10959.0,959.0,12.0,112.0,12.0,1120.0,120.0,11200.0,1200.0,,,,,,,,,,,,,,,,,,,,,,
META,Meta Platforms,Tech,mega-cap,NASDAQ,725.93,-0.17%,-6.64%,+22.54%,+11.90%,+0%,1849.311,1.243,26.48,19.62,12256112,108910012,496490912,29.0,1.41,strong_buy,1.41,-0.17,99.83,-0.17,998.3,-1.7,9983.0,-17.0,-6.64,93.36,-6.64,933.6,-66.4,9336.0,-664.0,22.54,122.54,22.54,1225.4,225.4,12254.0,2254.0,11.9,111.9,11.9,1119.0,119.0,11190.0,1190.0,0.0,100.0,0.0,1000.0,0.0,10000.0,0.0,,,,,,,,,,,,,2,strong_buy,0.9,"META has +29.18% 1M, P/E 26.95, strong_buy, and Muse AI enterprise push driving best month since 2013.",+29.18% 1M; P/E 26.95; strong_buy; Muse AI catalyst,,,,,
NVDA,NVIDIA,Tech,semiconductors,NASDAQ,230.86,+0.57%,+2.80%,+2.99%,+22.53%,+21%,5574.577,2.217,29.22,123.11,97538145,553057245,2354884345,44.0,1.27,strong_buy,1.3,0.57,100.57,0.57,1005.7,5.7,10057.0,57.0,2.8,102.8,2.8,1028.0,28.0,10280.0,280.0,2.99,102.99,2.99,1029.9,29.9,10299.0,299.0,22.53,122.53,22.53,1225.3,225.3,12253.0,2253.0,21.0,121.0,21.0,1210.0,210.0,12100.0,2100.0,,,,,,,,,,,,,7,strong_buy,0.8,"NVDA has +20.59% YTD, strong_buy, P/E 28.91, short 1.27%, AI leader.",+20.59% YTD; P/E 28.91; strong_buy; low short 1.27%,,,,,
AMD,Advanced Micro Devices,Tech,semiconductors,NASDAQ,615.73,+0.30%,-2.15%,+34.72%,+175.53%,+260%,1005.164,2.476,155.88,23.93,16633581,89652781,460516981,,2.46,strong_buy,1.49,0.3,100.3,0.3,1003.0,3.0,10030.0,30.0,-2.15,97.85,-2.15,978.5,-21.5,9785.0,-215.0,34.72,134.72,34.72,1347.2,347.2,13472.0,3472.0,175.53,275.53,175.53,2755.3,1755.3,27553.0,17553.0,260.0,360.0,260.0,3600.0,2600.0,36000.0,26000.0,,,,,,,,,,,,,3,strong_buy,1.0,"AMD has +171.88% YTD, +29.07% 1M, strong_buy, and $8.2B AI bet against Nvidia.",+171.88% YTD; +29.07% 1M; strong_buy; $8.2B AI bet,,,,,
INTC,Intel,Tech,semiconductors,NASDAQ,120.0,-0.38%,-5.80%,+33.26%,+204.72%,+222%,634.333,2.231,,108.32,102280238,496107238,2287322938,,3.01,buy,2.47,-0.38,99.62,-0.38,996.2,-3.8,9962.0,-38.0,-5.8,94.2,-5.8,942.0,-58.0,9420.0,-580.0,33.26,133.26,33.26,1332.6,332.6,13326.0,3326.0,204.72,304.72,204.72,3047.2,2047.2,30472.0,20472.0,222.0,322.0,222.0,3220.0,2220.0,32200.0,22200.0,,,,,,,,,,,,,8,strong_buy,0.7,"INTC has +194.39% YTD, +29.52% 1M, buy consensus, Edge AI catalyst with Advantech, narrative fair value $500.93.",+194.39% YTD; +29.52% 1M; Edge AI catalyst; narrative undervalued,,,,,
TSM,Taiwan Semiconductor,Tech,semiconductors,NYSE,459.2,+0.39%,+1.78%,+10.81%,+44.80%,+58%,2381.629,1.247,34.12,11.69,8157975,42691875,207376375,89.0,0.57,none,,0.39,100.39,0.39,1003.9,3.9,10039.0,39.0,1.78,101.78,1.78,1017.8,17.8,10178.0,178.0,10.81,110.81,10.81,1108.1,108.1,11081.0,1081.0,44.8,144.8,44.8,1448.0,448.0,14480.0,4480.0,58.0,158.0,58.0,1580.0,580.0,15800.0,5800.0,,,,,,,,,,,,,5,strong_buy,0.8,"TSM has +44.09% YTD, +10.32% 1M, strong_buy, P/E 33.67, short 0.57%.",+44.09% YTD; +10.32% 1M; strong_buy; low short 0.57%,,,,,
AVGO,Broadcom,Tech,semiconductors,NASDAQ,343.64,-2.65%,-1.92%,-6.26%,-0.60%,+4%,1640.411,1.457,43.78,22.52,22261651,98993151,572927051,74.0,1.11,strong_buy,1.26,-2.65,97.35,-2.65,973.5,-26.5,9735.0,-265.0,-1.92,98.08,-1.92,980.8,-19.2,9808.0,-192.0,-6.26,93.74,-6.26,937.4,-62.6,9374.0,-626.0,-0.6,99.4,-0.6,994.0,-6.0,9940.0,-60.0,4.0,104.0,4.0,1040.0,40.0,10400.0,400.0,,,,,,,,,,,,,,,,,,,,,,
QCOM,Qualcomm,Tech,semiconductors,NASDAQ,182.09,-1.34%,-6.26%,+7.72%,+6.91%,+9%,194.483,1.679,20.83,12.66,9284821,61227621,305312821,200.0,4.01,hold,2.57,-1.34,98.66,-1.34,986.6,-13.4,9866.0,-134.0,-6.26,93.74,-6.26,937.4,-62.6,9374.0,-626.0,7.72,107.72,7.72,1077.2,77.2,10772.0,772.0,6.91,106.91,6.91,1069.1,69.1,10691.0,691.0,9.0,109.0,9.0,1090.0,90.0,10900.0,900.0,,,,,,,,,,,,,,,,,,,,,,
ARM,Arm Holdings,Tech,semiconductors,NASDAQ,292.34,+0.74%,-4.57%,+24.47%,+154.81%,+90%,312.218,3.89,301.38,5.41,3259961,29548561,119556461,,10.69,buy,1.91,0.74,100.74,0.74,1007.4,7.4,10074.0,74.0,-4.57,95.43,-4.57,954.3,-45.7,9543.0,-457.0,24.47,124.47,24.47,1244.7,244.7,12447.0,2447.0,154.81,254.81,154.81,2548.1,1548.1,25481.0,15481.0,90.0,190.0,90.0,1900.0,900.0,19000.0,9000.0,,,,,,,,,,,,,,,,,,,,,,
ASML,ASML Holding,Tech,semiconductors,NASDAQ,1808.49,-0.57%,+4.99%,+7.50%,+56.14%,+76%,694.641,1.363,62.77,1.52,1403447,6448647,28226647,50.0,0.38,strong_buy,1.4,-0.57,99.43,-0.57,994.3,-5.7,9943.0,-57.0,4.99,104.99,4.99,1049.9,49.9,10499.0,499.0,7.5,107.5,7.5,1075.0,75.0,10750.0,750.0,56.14,156.14,56.14,1561.4,561.4,15614.0,5614.0,76.0,176.0,76.0,1760.0,760.0,17600.0,7600.0,,,,,,,,,,,,,6,strong_buy,0.8,"ASML has +58.38% YTD, +8.16% 1M, strong_buy, P/E 61.35, short 0.38%.",+58.38% YTD; +8.16% 1M; strong_buy; short 0.38%,,,,,
MU,Micron Technology,Tech,semiconductors,NASDAQ,1097.39,+2.66%,+1.56%,+14.78%,+248.11%,+480%,1239.385,2.222,14.76,34.15,44760261,138761661,544706661,5.0,2.45,strong_buy,1.37,2.66,102.66,2.66,1026.6,26.6,10266.0,266.0,1.56,101.56,1.56,1015.6,15.6,10156.0,156.0,14.78,114.78,14.78,1147.8,147.8,11478.0,1478.0,248.11,348.11,248.11,3481.1,2481.1,34811.0,24811.0,480.0,580.0,480.0,5800.0,4800.0,58000.0,48000.0,,,,,,,,,,,,,1,strong_buy,0.9,"MU has +237.86% YTD, P/E 23.81, strong_buy consensus, and JPMorgan reiterated Overweight with $1,540 target ahead of Q4 earnings with 96% beat probability.","+237.86% YTD; P/E 23.81; strong_buy consensus; JPMorgan $1,540 target",,,,,
AMAT,Applied Materials,Tech,semiconductors,NASDAQ,529.3,+2.43%,+11.61%,+20.72%,+97.56%,+129%,420.051,1.597,45.59,7.45,6050018,30770818,133164218,41.0,1.78,strong_buy,1.45,2.43,102.43,2.43,1024.3,24.3,10243.0,243.0,11.61,111.61,11.61,1116.1,116.1,11161.0,1161.0,20.72,120.72,20.72,1207.2,207.2,12072.0,2072.0,97.56,197.56,97.56,1975.6,975.6,19756.0,9756.0,129.0,229.0,129.0,2290.0,1290.0,22900.0,12900.0,,,,,,,,,,,,,4,strong_buy,0.8,"AMAT has +91.11% YTD, +11.70% 1M, strong_buy, P/E 42, low short 1.78%.",+91.11% YTD; +11.70% 1M; strong_buy; P/E 42,,,,,
ORCL,Oracle,Tech,enterprise-software,NYSE,138.07,+0.76%,-1.05%,-5.27%,-28.77%,-52%,418.56,1.732,21.64,32.89,23001832,150764232,734810732,146.0,2.73,buy,1.6,0.76,100.76,0.76,1007.6,7.6,10076.0,76.0,-1.05,98.95,-1.05,989.5,-10.5,9895.0,-105.0,-5.27,94.73,-5.27,947.3,-52.7,9473.0,-527.0,-28.77,71.23,-28.77,712.3,-287.7,7123.0,-2877.0,-52.0,48.0,-52.0,480.0,-520.0,4800.0,-5200.0,,,,,,,,,,,,,,,,,,,,,,
CRM,Salesforce,Tech,enterprise-software,NYSE,236.69,+3.26%,-0.64%,-7.72%,-6.04%,-4%,194.796,1.202,21.66,13.73,9563732,53361232,264190132,77.0,4.54,buy,1.76,3.26,103.26,3.26,1032.6,32.6,10326.0,326.0,-0.64,99.36,-0.64,993.6,-6.4,9936.0,-64.0,-7.72,92.28,-7.72,922.8,-77.2,9228.0,-772.0,-6.04,93.96,-6.04,939.6,-60.4,9396.0,-604.0,-4.0,96.0,-4.0,960.0,-40.0,9600.0,-400.0,,,,,,,,,,,,,,,,,,,,,,
ADBE,Adobe,Tech,enterprise-software,NASDAQ,241.28,+0.52%,+0.98%,-13.76%,-27.61%,-32%,95.909,1.417,13.48,5.21,4494944,21456644,116774844,,5.21,hold,2.77,0.52,100.52,0.52,1005.2,5.2,10052.0,52.0,0.98,100.98,0.98,1009.8,9.8,10098.0,98.0,-13.76,86.24,-13.76,862.4,-137.6,8624.0,-1376.0,-27.61,72.39,-27.61,723.9,-276.1,7239.0,-2761.0,-32.0,68.0,-32.0,680.0,-320.0,6800.0,-3200.0,,,,,,,,,,,,,,,,,,,,,,
NOW,ServiceNow,Tech,enterprise-software,NYSE,137.76,+2.82%,-0.01%,+0.76%,-6.57%,-26%,142.425,0.972,86.1,18.52,10143956,49432656,260188056,,2.79,strong_buy,1.43,2.82,102.82,2.82,1028.2,28.2,10282.0,282.0,-0.01,99.99,-0.01,999.9,-0.1,9999.0,-1.0,0.76,100.76,0.76,1007.6,7.6,10076.0,76.0,-6.57,93.43,-6.57,934.3,-65.7,9343.0,-657.0,-26.0,74.0,-26.0,740.0,-260.0,7400.0,-2600.0,,,,,,,,,,,,,,,,,,,,,,
SNOW,Snowflake,Tech,enterprise-software,NYSE,341.99,+0.31%,+2.39%,+11.82%,+57.81%,+41%,120.654,1.328,,4.92,3604951,22571751,118625351,,5.45,strong_buy,1.48,0.31,100.31,0.31,1003.1,3.1,10031.0,31.0,2.39,102.39,2.39,1023.9,23.9,10239.0,239.0,11.82,111.82,11.82,1118.2,118.2,11182.0,1182.0,57.81,157.81,57.81,1578.1,578.1,15781.0,5781.0,41.0,141.0,41.0,1410.0,410.0,14100.0,4100.0,,,,,,,,,,,,,,,,,,,,,,
INTU,Intuit,Tech,enterprise-software,NASDAQ,282.78,+2.49%,+2.04%,-17.54%,-54.65%,-60%,75.569,0.976,17.18,3.99,4017428,18599628,77468328,200.0,3.02,buy,2.06,2.49,102.49,2.49,1024.9,24.9,10249.0,249.0,2.04,102.04,2.04,1020.4,20.4,10204.0,204.0,-17.54,82.46,-17.54,824.6,-175.4,8246.0,-1754.0,-54.65,45.35,-54.65,453.5,-546.5,4535.0,-5465.0,-60.0,40.0,-60.0,400.0,-600.0,4000.0,-6000.0,,,,,,,,,,,,,,,,,,,,,,
CRWD,CrowdStrike,Tech,cybersecurity,NASDAQ,266.09,+1.07%,+2.47%,+30.81%,+134.66%,+113%,272.458,1.255,8869.67,9.77,6859136,39353736,230270436,,2.77,buy,1.7,1.07,101.07,1.07,1010.7,10.7,10107.0,107.0,2.47,102.47,2.47,1024.7,24.7,10247.0,247.0,30.81,130.81,30.81,1308.1,308.1,13081.0,3081.0,134.66,234.66,134.66,2346.6,1346.6,23466.0,13466.0,113.0,213.0,113.0,2130.0,1130.0,21300.0,11300.0,,,,,,,,,,,,,,,,,,,,,,
PANW,Palo Alto Networks,Tech,cybersecurity,NASDAQ,396.25,-0.35%,+1.62%,+20.63%,+120.91%,+90%,324.133,0.908,990.62,6.41,5258404,27352104,140553904,,2.69,buy,1.71,-0.35,99.65,-0.35,996.5,-3.5,9965.0,-35.0,1.62,101.62,1.62,1016.2,16.2,10162.0,162.0,20.63,120.63,20.63,1206.3,206.3,12063.0,2063.0,120.91,220.91,120.91,2209.1,1209.1,22091.0,12091.0,90.0,190.0,90.0,1900.0,900.0,19000.0,9000.0,,,,,,,,,,,,,,,,,,,,,,
NET,Cloudflare,Tech,cybersecurity,NYSE,351.0,+0.37%,-2.18%,+28.69%,+79.06%,+55%,124.984,1.664,,3.4,2772956,13510056,65725756,,2.71,buy,1.97,0.37,100.37,0.37,1003.7,3.7,10037.0,37.0,-2.18,97.82,-2.18,978.2,-21.8,9782.0,-218.0,28.69,128.69,28.69,1286.9,286.9,12869.0,2869.0,79.06,179.06,79.06,1790.6,790.6,17906.0,7906.0,55.0,155.0,55.0,1550.0,550.0,15500.0,5500.0,,,,,,,,,,,,,9,buy,0.7,"NET has +79.71% YTD, +15.45% 1M, buy consensus, strong momentum in cybersecurity.",+79.71% YTD; +15.45% 1M; buy consensus; cybersecurity growth,,,,,
FTNT,Fortinet,Tech,cybersecurity,NASDAQ,178.72,-0.06%,+0.03%,+15.65%,+129.48%,+107%,131.129,1.059,63.38,4.72,2957006,13894706,84404106,,2.26,hold,2.77,-0.06,99.94,-0.06,999.4,-0.6,9994.0,-6.0,0.03,100.03,0.03,1000.3,0.3,10003.0,3.0,15.65,115.65,15.65,1156.5,156.5,11565.0,1565.0,129.48,229.48,129.48,2294.8,1294.8,22948.0,12948.0,107.0,207.0,107.0,2070.0,1070.0,20700.0,10700.0,,,,,,,,,,,,,,,,,,,,,,
NFLX,Netflix,Tech,consumer-platform,NASDAQ,67.85,-3.06%,-5.40%,-17.99%,-25.43%,-40%,282.524,1.526,21.34,37.35,40467844,178004644,722492544,,2.28,buy,1.8,-3.06,96.94,-3.06,969.4,-30.6,9694.0,-306.0,-5.4,94.6,-5.4,946.0,-54.0,9460.0,-540.0,-17.99,82.01,-17.99,820.1,-179.9,8201.0,-1799.0,-25.43,74.57,-25.43,745.7,-254.3,7457.0,-2543.0,-40.0,60.0,-40.0,600.0,-400.0,6000.0,-4000.0,,,,,,,,,,,,,,,,,,,,,,
SHOP,Shopify,Tech,consumer-platform,NYSE,149.09,+0.13%,+2.71%,+5.09%,-5.16%,-2%,191.825,2.616,100.74,9.5,4839741,34701941,215808641,,1.36,buy,1.69,0.13,100.13,0.13,1001.3,1.3,10013.0,13.0,2.71,102.71,2.71,1027.1,27.1,10271.0,271.0,5.09,105.09,5.09,1050.9,50.9,10509.0,509.0,-5.16,94.84,-5.16,948.4,-51.6,9484.0,-516.0,-2.0,98.0,-2.0,980.0,-20.0,9800.0,-200.0,,,,,,,,,,,,,,,,,,,,,,
SPOT,Spotify,Tech,consumer-platform,NYSE,491.4,+0.79%,-3.91%,-12.15%,-14.54%,-31%,101.041,1.586,27.18,1.68,1303647,6229747,30108447,,2.86,buy,1.56,0.79,100.79,0.79,1007.9,7.9,10079.0,79.0,-3.91,96.09,-3.91,960.9,-39.1,9609.0,-391.0,-12.15,87.85,-12.15,878.5,-121.5,8785.0,-1215.0,-14.54,85.46,-14.54,854.6,-145.4,8546.0,-1454.0,-31.0,69.0,-31.0,690.0,-310.0,6900.0,-3100.0,,,,,,,,,,,,,,,,,,,,,,
UBER,Uber,Tech,consumer-platform,NYSE,67.88,-1.06%,-1.94%,-11.21%,-18.08%,-29%,138.649,1.159,14.89,17.93,17260440,75325640,394500840,,2.32,buy,1.57,-1.06,98.94,-1.06,989.4,-10.6,9894.0,-106.0,-1.94,98.06,-1.94,980.6,-19.4,9806.0,-194.0,-11.21,88.79,-11.21,887.9,-112.1,8879.0,-1121.0,-18.08,81.92,-18.08,819.2,-180.8,8192.0,-1808.0,-29.0,71.0,-29.0,710.0,-290.0,7100.0,-2900.0,,,,,,,,,,,,,,,,,,,,,,
CSCO,Cisco Systems,Tech,hardware-infra,NASDAQ,108.76,+0.98%,+1.67%,-0.64%,+44.34%,+58%,428.796,0.992,32.66,19.8,12612098,80663698,375438898,156.0,1.46,buy,1.86,0.98,100.98,0.98,1009.8,9.8,10098.0,98.0,1.67,101.67,1.67,1016.7,16.7,10167.0,167.0,-0.64,99.36,-0.64,993.6,-6.4,9936.0,-64.0,44.34,144.34,44.34,1443.4,443.4,14434.0,4434.0,58.0,158.0,58.0,1580.0,580.0,15800.0,5800.0,,,,,,,,,,,,,,,,,,,,,,
PLTR,Palantir Technologies,Tech,hardware-infra,NASDAQ,190.04,+1.35%,-1.32%,+12.14%,+13.21%,+0%,456.677,1.621,162.43,35.49,17755532,86702032,520571532,,2.8,buy,1.84,1.35,101.35,1.35,1013.5,13.5,10135.0,135.0,-1.32,98.68,-1.32,986.8,-13.2,9868.0,-132.0,12.14,112.14,12.14,1121.4,121.4,11214.0,1214.0,13.21,113.21,13.21,1132.1,132.1,11321.0,1321.0,0.0,100.0,0.0,1000.0,0.0,10000.0,0.0,,,,,,,,,,,,,,,,,,,,,,
