ticker,company_name,sector,category,exchange,price_usd,change_1d,change_1w,change_1m,change_ytd,return_1yr,market_cap_usd_b,beta,pe_ratio,avg_volume_m,vol_1d,vol_1w,vol_1m,div_yield_pct,short_pct,analyst,analyst_score,pct_1d,val_100_1d,profit_100_1d,val_1000_1d,profit_1000_1d,val_10000_1d,profit_10000_1d,pct_1w,val_100_1w,profit_100_1w,val_1000_1w,profit_1000_1w,val_10000_1w,profit_10000_1w,pct_1m,val_100_1m,profit_100_1m,val_1000_1m,profit_1000_1m,val_10000_1m,profit_10000_1m,pct_ytd,val_100_ytd,profit_100_ytd,val_1000_ytd,profit_1000_ytd,val_10000_ytd,profit_10000_ytd,pct_1y,val_100_1y,profit_100_1y,val_1000_1y,profit_1000_1y,val_10000_1y,profit_10000_1y,news1_title,news1_publisher,news1_date,news1_sentiment,news2_title,news2_publisher,news2_date,news2_sentiment,news3_title,news3_publisher,news3_date,news3_sentiment,signal_rank,signal,signal_confidence,signal_rationale,signal_drivers,portfolio_held,portfolio_quantity,portfolio_avg_price,portfolio_ppl,portfolio_total_value
SNDK,SanDisk Corporation,AI,memory,NASDAQ,1480.77,+0.49%,-8.92%,+15.85%,+437.99%,+3053%,216.813,,20.08,13.87,8577697,57926397,366946797,,7.36,buy,1.54,0.49,100.49,0.49,1004.9,4.9,10049.0,49.0,-8.92,91.08,-8.92,910.8,-89.2,9108.0,-892.0,15.85,115.85,15.85,1158.5,158.5,11585.0,1585.0,437.99,537.99,437.99,5379.9,4379.9,53799.0,43799.0,3053.0,3153.0,3053.0,31530.0,30530.0,315300.0,305300.0,Investors rotate into tech stocks as inflation concerns ease: AlphaCheck,Yahoo Finance,2026-08-25,0.361,Cramer Warns iPhone Prices Will Rise Without Chinese Memory — Here’s Why Apple Can’t Wait for U.S. Production,24/7 Wall St.,2026-08-25,-0.103,"SanDisk Stock Is On Sale, But Is The Company's New Strategy The Real Story?",Trefis,2026-08-25,0.0,2,strong_buy,1.0,"Sandisk shows YTD +479.89%, P/E 21.64, and positive news sentiment 0.191. Web search highlights $93.9B in customer commitments, 80% gross margin target, and White House policy tailwind [marketwise.com](https://marketwise.com/investing/sandisk-micron-seagate-surge-apple-chinese-memory/).",massive YTD return; low P/E 21.64; long-term NBM contracts; policy tailwind,,,,,
WDC,Western Digital,AI,memory,NASDAQ,450.75,+4.04%,-9.15%,-9.47%,+140.32%,+446%,162.514,2.217,16.75,8.62,4533535,28985335,183081935,14.0,8.05,buy,1.54,4.04,104.04,4.04,1040.4,40.4,10404.0,404.0,-9.15,90.85,-9.15,908.5,-91.5,9085.0,-915.0,-9.47,90.53,-9.47,905.3,-94.7,9053.0,-947.0,140.32,240.32,140.32,2403.2,1403.2,24032.0,14032.0,446.0,546.0,446.0,5460.0,4460.0,54600.0,44600.0,Cramer Warns iPhone Prices Will Rise Without Chinese Memory — Here’s Why Apple Can’t Wait for U.S. Production,24/7 Wall St.,2026-08-25,-0.103,"SanDisk Stock Is On Sale, But Is The Company's New Strategy The Real Story?",Trefis,2026-08-25,0.0,"AMD, Marvell Technology, Semtech, Allegro MicroSystems, and MACOM Stocks Trade Up, What You Need To Know",StockStory,2026-08-25,0.0,,,,,,,,,,
285A,Kioxia Holdings,AI,memory,TSE,321.99,+1.02%,-10.31%,-6.03%,+351.63%,+1993%,176.209,,50.83,43.07,30502000,195789600,990121000,,,buy,1.56,1.02,101.02,1.02,1010.2,10.2,10102.0,102.0,-10.31,89.69,-10.31,896.9,-103.1,8969.0,-1031.0,-6.03,93.97,-6.03,939.7,-60.3,9397.0,-603.0,351.63,451.63,351.63,4516.3,3516.3,45163.0,35163.0,1993.0,2093.0,1993.0,20930.0,19930.0,209300.0,199300.0,Overseas IPOs Are Beating New U.S. Stocks. Thank You Japan—and AI!,Barrons.com,2026-08-25,-0.2,Why Micron Isn’t Buying Back Stock Like Memory-Chip Rivals—and Why It Could,Barrons.com,2026-08-20,0.361,Micron Gained Memory Market Share. The Stock Is Dropping Anyway.,Barrons.com,2026-08-19,0.586,,,,,,,,,,
MU,Micron Technology,AI,memory,NASDAQ,932.97,+3.31%,-0.83%,+3.64%,+195.96%,+681%,1053.69,2.213,21.08,48.05,18902503,122852603,833485703,6.0,2.65,strong_buy,1.36,3.31,103.31,3.31,1033.1,33.1,10331.0,331.0,-0.83,99.17,-0.83,991.7,-8.3,9917.0,-83.0,3.64,103.64,3.64,1036.4,36.4,10364.0,364.0,195.96,295.96,195.96,2959.6,1959.6,29596.0,19596.0,681.0,781.0,681.0,7810.0,6810.0,78100.0,68100.0,Cramer Warns iPhone Prices Will Rise Without Chinese Memory — Here’s Why Apple Can’t Wait for U.S. Production,24/7 Wall St.,2026-08-25,-0.103,Micron Rebounds 1.4% as $25 Billion Cash Engine Defies Memory Panic,GuruFocus.com,2026-08-25,-0.511,"SanDisk Stock Is On Sale, But Is The Company's New Strategy The Real Story?",Trefis,2026-08-25,0.0,1,strong_buy,0.85,"Micron has a strong_buy consensus, P/E 21.83, YTD +206.68%, and 1M momentum +0.76%. Web search confirms AI-driven demand, HBM4 ramp, and record Q3 revenue of $41.46B (+346% YoY) [cnbc.com](https://www.cnbc.com/2026/08/20/micron-ceo-ai-changed-memory-industry.html).",strong_buy analyst consensus; P/E 21.83 reasonable; AI memory demand catalyst; record revenue growth,,,,,
STX,Seagate Technology,AI,memory,NASDAQ,821.67,+3.91%,-9.08%,+0.57%,+186.46%,+381%,186.519,2.102,59.07,4.79,2490108,17747708,110997408,37.0,4.06,strong_buy,1.44,3.91,103.91,3.91,1039.1,39.1,10391.0,391.0,-9.08,90.92,-9.08,909.2,-90.8,9092.0,-908.0,0.57,100.57,0.57,1005.7,5.7,10057.0,57.0,186.46,286.46,186.46,2864.6,1864.6,28646.0,18646.0,381.0,481.0,381.0,4810.0,3810.0,48100.0,38100.0,"SanDisk Stock Is On Sale, But Is The Company's New Strategy The Real Story?",Trefis,2026-08-25,0.0,Seagate & 2 Momentum Stocks to Buy Now for Explosive Upside,Zacks,2026-08-25,0.0,Western Digital vs. Seagate Technology: Which Data Storage Stock Is the Better Buy?,Motley Fool,2026-08-25,0.44,,,,,,,,,,
MRVL,Marvell Technology,AI,memory,NASDAQ,240.38,+5.43%,+11.29%,+27.07%,+169.31%,+209%,216.031,2.246,82.6,41.13,19740206,137296506,521049706,10.0,4.79,strong_buy,1.43,5.43,105.43,5.43,1054.3,54.3,10543.0,543.0,11.29,111.29,11.29,1112.9,112.9,11129.0,1129.0,27.07,127.07,27.07,1270.7,270.7,12707.0,2707.0,169.31,269.31,169.31,2693.1,1693.1,26931.0,16931.0,209.0,309.0,209.0,3090.0,2090.0,30900.0,20900.0,Investors rotate into tech stocks as inflation concerns ease: AlphaCheck,Yahoo Finance,2026-08-25,0.361,"AMD, Marvell Technology, Semtech, Allegro MicroSystems, and MACOM Stocks Trade Up, What You Need To Know",StockStory,2026-08-25,0.0,5-Star Analyst Tweaks Marvell Stock Price Target Ahead of Earnings,GuruFocus.com,2026-08-25,0.0,3,strong_buy,0.75,"Marvell has strong_buy consensus, YTD +165.56%, 1M momentum +12.35%, and 1W +6.77%. P/E 81.18 is elevated but justified by AI networking demand and data center growth.",strong_buy analyst rating; strong 1M momentum; AI networking exposure; high growth expectations,,,,,
P,Everpure,AI,memory,NYSE,102.81,+2.66%,-12.17%,+38.54%,+48.98%,+72%,34.174,1.414,155.77,3.33,2542668,15171668,68575468,,4.25,buy,1.65,2.66,102.66,2.66,1026.6,26.6,10266.0,266.0,-12.17,87.83,-12.17,878.3,-121.7,8783.0,-1217.0,38.54,138.54,38.54,1385.4,385.4,13854.0,3854.0,48.98,148.98,48.98,1489.8,489.8,14898.0,4898.0,72.0,172.0,72.0,1720.0,720.0,17200.0,7200.0,SCSC vs. P: Which Stock Is the Better Value Option?,Zacks,2026-08-25,0.649,US Stock Market Today: S&P 500 Futures Edge Lower As Strong PMI Complicates Fed Path,Simply Wall St.,2026-08-25,0.273,"Dell, NetApp, HP Face Toughest Near-Term Earnings Setups, Morgan Stanley Says",MT Newswires,2026-08-24,-0.077,7,buy,0.6,"Everpure (P) has buy consensus, 1M momentum +45.55%, YTD +57.30%, and news sentiment 0.122. Recent supply agreement with a second top hyperscaler is a strong catalyst despite high P/E 164.47.",exceptional 1M momentum; hyperscaler supply agreement; positive news sentiment; buy analyst rating,,,,,
RR.,Rolls-Royce Holdings,AI,nuclear-ops,LSE,20.88,+1.99%,-0.51%,+8.24%,+27.83%,+42%,1.724,1.19,42.5,25.2,10088481,73356785,505928213,80.0,,buy,1.6,1.99,101.99,1.99,1019.9,19.9,10199.0,199.0,-0.51,99.49,-0.51,994.9,-5.1,9949.0,-51.0,8.24,108.24,8.24,1082.4,82.4,10824.0,824.0,27.83,127.83,27.83,1278.3,278.3,12783.0,2783.0,42.0,142.0,42.0,1420.0,420.0,14200.0,4200.0,Florida real estate mogul says your home is ‘a terrible investment’ — and he’d put $100K somewhere else. Is he right?,Moneywise,2026-08-21,-0.477,U.K. ETFs in Spotlight as Andy Burnham Completes First Month as PM,Zacks,2026-08-20,0.0,Rolls-Royce Stock Hits First New High In 14 Years. Firm Announces Engine Project.,Investor's Business Daily,2026-08-17,0.0,10,buy,0.45,"Rolls-Royce (RR.) has buy consensus, YTD +25.51%, 1M momentum +9.45%, and P/E 41.73. Small-cap nuclear operator benefiting from AI power demand.",buy analyst rating; positive 1M momentum; nuclear AI power theme; reasonable P/E 41.73,,,,,
CEG,Constellation Energy,AI,nuclear-ops,NASDAQ,278.42,+2.26%,+4.34%,+3.28%,-23.64%,-14%,98.646,1.118,27.22,3.45,2146879,11411879,60015679,62.0,3.29,buy,1.55,2.26,102.26,2.26,1022.6,22.6,10226.0,226.0,4.34,104.34,4.34,1043.4,43.4,10434.0,434.0,3.28,103.28,3.28,1032.8,32.8,10328.0,328.0,-23.64,76.36,-23.64,763.6,-236.4,7636.0,-2364.0,-14.0,86.0,-14.0,860.0,-140.0,8600.0,-1400.0,Will Rising Revenues Support Constellation Energy's Long-Term Growth?,Zacks,2026-08-25,0.649,"Falling, Falling, Falling: Why One of Wall Street’s Biggest Ratings Agencies Expects Bloom Energy to Explode 70% Higher",24/7 Wall St.,2026-08-25,-0.178,Data Center Politics Could Help an Unlikely Industry: Bitcoin Miners,Barrons.com,2026-08-24,0.402,,,,,,,,,,
VST,Vistra Corp,AI,nuclear-ops,NYSE,139.03,+1.70%,-1.06%,-11.49%,-15.62%,-30%,46.664,1.433,23.45,4.47,3883302,22232102,106258202,68.0,2.99,strong_buy,1.37,1.7,101.7,1.7,1017.0,17.0,10170.0,170.0,-1.06,98.94,-1.06,989.4,-10.6,9894.0,-106.0,-11.49,88.51,-11.49,885.1,-114.9,8851.0,-1149.0,-15.62,84.38,-15.62,843.8,-156.2,8438.0,-1562.0,-30.0,70.0,-30.0,700.0,-300.0,7000.0,-3000.0,Peter Thiel’s $418 Million Bet On These 8 Companies Reveals AI’s Biggest Bottleneck,24/7 Wall St.,2026-08-24,0.0,Vistra Corp. Stock: Is Wall Street Bullish or Bearish?,Barchart,2026-08-24,0.0,Vistra Is the Quietest Big Winner of the AI Power Boom. Here's Why.,Motley Fool,2026-08-23,0.586,,,,,,,,,,
TLN,Talen Energy,AI,nuclear-ops,NASDAQ,307.67,-0.75%,-3.14%,-11.35%,-22.45%,-19%,14.742,1.673,,0.86,549991,4955991,19807191,,5.32,buy,1.59,-0.75,99.25,-0.75,992.5,-7.5,9925.0,-75.0,-3.14,96.86,-3.14,968.6,-31.4,9686.0,-314.0,-11.35,88.65,-11.35,886.5,-113.5,8865.0,-1135.0,-22.45,77.55,-22.45,775.5,-224.5,7755.0,-2245.0,-19.0,81.0,-19.0,810.0,-190.0,8100.0,-1900.0,3 Nuclear Energy Stocks for the AI Power Era,24/7 Wall St.,2026-08-24,0.273,These 3 AI stocks are bought by both hedge funds and mutual funds,Investing.com,2026-08-22,0.0,Pennsylvania Sets New Data-Center Rules—and Some Energy Companies Can Actually Benefit,Barrons.com,2026-08-19,0.625,,,,,,,,,,
BEP,Brookfield Renewable,AI,nuclear-ops,NYSE,32.81,+1.75%,+0.03%,+2.12%,+20.17%,+27%,15.995,0.995,,0.9,420022,2997822,19491422,485.0,0.51,buy,2.31,1.75,101.75,1.75,1017.5,17.5,10175.0,175.0,0.03,100.03,0.03,1000.3,0.3,10003.0,3.0,2.12,102.12,2.12,1021.2,21.2,10212.0,212.0,20.17,120.17,20.17,1201.7,201.7,12017.0,2017.0,27.0,127.0,27.0,1270.0,270.0,12700.0,2700.0,Is Brookfield Renewable a Better Buy Now Than It Was 6 Months Ago?,Motley Fool,2026-08-23,0.44,Sector Update: Energy Stocks Mixed Late Afternoon,MT Newswires,2026-08-21,0.273,"Brookfield, La Caisse close $6.5bn Boralex acquisition",Power Technology,2026-08-17,0.0,,,,,,,,,,
BEPC,Brookfield Renewable Corp,AI,nuclear-ops,NYSE,33.39,+1.55%,-0.39%,+2.42%,-14.70%,-3%,6.197,1.166,,1.67,1129389,6387889,40824589,477.0,,hold,3.17,1.55,101.55,1.55,1015.5,15.5,10155.0,155.0,-0.39,99.61,-0.39,996.1,-3.9,9961.0,-39.0,2.42,102.42,2.42,1024.2,24.2,10242.0,242.0,-14.7,85.3,-14.7,853.0,-147.0,8530.0,-1470.0,-3.0,97.0,-3.0,970.0,-30.0,9700.0,-300.0,2 Dividend Stocks Compounding Quietly While Oil Headlines Distract Everyone,Motley Fool,2026-08-25,-0.296,Why I'm Not Chasing NuScale -- Here's What I'm Buying Instead,Motley Fool,2026-08-11,0.0,Why Cameco's Ugly Earnings Miss Might Be Good News in Disguise,Motley Fool,2026-08-08,-0.459,,,,,,,,,,
GEV,GE Vernova,AI,smr,NYSE,926.73,-1.45%,-7.74%,-7.01%,+36.63%,+51%,246.82,1.033,26.58,2.81,2015335,10337135,49978535,21.0,3.2,buy,1.54,-1.45,98.55,-1.45,985.5,-14.5,9855.0,-145.0,-7.74,92.26,-7.74,922.6,-77.4,9226.0,-774.0,-7.01,92.99,-7.01,929.9,-70.1,9299.0,-701.0,36.63,136.63,36.63,1366.3,366.3,13663.0,3663.0,51.0,151.0,51.0,1510.0,510.0,15100.0,5100.0,GE Vernova Offers Quick Solution To AI's Power Turbine Quandary,Investor's Business Daily,2026-08-25,0.318,AI Data Centers Need More Power and Bloom Energy Could Be a Big Winner,24/7 Wall St.,2026-08-25,0.71,GE Vernova vs. American Electric Power: Which Power Stock Has the Edge?,Zacks,2026-08-25,0.0,,,,,,,,,,
BWXT,BWX Technologies,AI,smr,NYSE,149.73,-0.51%,-9.26%,-15.05%,-17.31%,-10%,13.718,0.76,38.79,0.99,1884712,6678312,22281312,71.0,3.99,buy,1.81,-0.51,99.49,-0.51,994.9,-5.1,9949.0,-51.0,-9.26,90.74,-9.26,907.4,-92.6,9074.0,-926.0,-15.05,84.95,-15.05,849.5,-150.5,8495.0,-1505.0,-17.31,82.69,-17.31,826.9,-173.1,8269.0,-1731.0,-10.0,90.0,-10.0,900.0,-100.0,9000.0,-1000.0,Can BWXT's National Laboratory Role Expand Its Government Services?,Zacks,2026-08-25,0.318,"Mercury Systems, BWX, Kratos, Parsons, and Huntington Ingalls Shares Plummet, What You Need To Know",StockStory,2026-08-20,0.296,BWX Technologies (BWXT) Stock May Be Fully Priced Despite Nuclear Growth Hopes,Simply Wall St.,2026-08-20,-0.545,,,,,,,,,,
SMR,NuScale Power,AI,smr,NYSE,9.81,+8.88%,+13.54%,+14.87%,-39.85%,-75%*,4.025,2.306,,32.99,55323623,206651323,720057723,,19.43,hold,2.56,8.88,108.88,8.88,1088.8,88.8,10888.0,888.0,13.54,113.54,13.54,1135.4,135.4,11354.0,1354.0,14.87,114.87,14.87,1148.7,148.7,11487.0,1487.0,-39.85,60.15,-39.85,601.5,-398.5,6015.0,-3985.0,-75.0,25.0,-75.0,250.0,-750.0,2500.0,-7500.0,Sector Update: Energy Stocks Fall Tuesday,MT Newswires,2026-08-25,0.273,"Nuclear Stocks Rebound on an Oversold Bounce: Uranium Energy Jumps 6%, NuScale Power and Oklo Climb 5%",24/7 Wall St.,2026-08-25,0.273,Can X-Energy's Xe-100 Capture the Growing Demand for Reliable AI Power?,Zacks,2026-08-25,0.052,,,,,,,,,,
OKLO,Oklo Inc,AI,smr,NYSE,44.27,+10.90%,+7.04%,+5.88%,-43.10%,-47%*,8.235,1.201,,10.73,13805051,42042851,206665651,,18.6,buy,2.04,10.9,110.9,10.9,1109.0,109.0,11090.0,1090.0,7.04,107.04,7.04,1070.4,70.4,10704.0,704.0,5.88,105.88,5.88,1058.8,58.8,10588.0,588.0,-43.1,56.9,-43.1,569.0,-431.0,5690.0,-4310.0,-47.0,53.0,-47.0,530.0,-470.0,5300.0,-4700.0,Oklo Isn't Exactly an AI Stock. Here's Why I Love It Anyway.,Motley Fool,2026-08-25,0.637,"Nuclear Stocks Rebound on an Oversold Bounce: Uranium Energy Jumps 6%, NuScale Power and Oklo Climb 5%",24/7 Wall St.,2026-08-25,0.273,Is Oklo the Next Great AI Story -- Or Just Nuclear Hype?,Motley Fool,2026-08-25,0.625,,,,,,,,,,
NNE,NANO Nuclear Energy,AI,smr,NASDAQ,19.24,+5.19%,+5.42%,+14.59%,-30.32%,-43%*,1.033,5.409,,2.58,1361470,7441570,42339370,,35.5,buy,1.57,5.19,105.19,5.19,1051.9,51.9,10519.0,519.0,5.42,105.42,5.42,1054.2,54.2,10542.0,542.0,14.59,114.59,14.59,1145.9,145.9,11459.0,1459.0,-30.32,69.68,-30.32,696.8,-303.2,6968.0,-3032.0,-43.0,57.0,-43.0,570.0,-430.0,5700.0,-4300.0,A Major Short Squeeze Could Be Brewing in Oklo Stock,Barchart,2026-08-21,0.0,OKLO Vs SMR Vs NNE: All Three Nuclear Stocks Got A Price Target Cut – But Here’s The One This Analyst Still Favors,Stocktwits,2026-08-21,0.238,NANO Nuclear Energy (NNE) Stock Looks Cheap As Shares Fell 34%,Simply Wall St.,2026-08-20,0.511,,,,,,,,,,
CCJ,Cameco Corporation,AI,uranium,NYSE,106.96,+4.85%,+11.38%,+19.71%,+8.52%,+34%,46.585,0.992,184.41,3.33,3556611,13731311,65296011,17.0,,buy,1.59,4.85,104.85,4.85,1048.5,48.5,10485.0,485.0,11.38,111.38,11.38,1113.8,113.8,11138.0,1138.0,19.71,119.71,19.71,1197.1,197.1,11971.0,1971.0,8.52,108.52,8.52,1085.2,85.2,10852.0,852.0,34.0,134.0,34.0,1340.0,340.0,13400.0,3400.0,Uranium Energy Stock Is Priced On Pounds It Has Not Sold Yet,Trefis,2026-08-24,0.273,Cameco vs. Denison: Which Uranium Stock Has an Edge Right Now?,Zacks,2026-08-24,0.0,Uranium ETFs Just Crashed 30 Percent While AI Power Demand Keeps Breaking Records,24/7 Wall St.,2026-08-18,-0.128,6,buy,0.65,"Cameco has buy consensus, 1M momentum +13.43%, 1W +4.88%, and 1D +6.79%. P/E 176.74 is high but uranium prices are surging on AI power demand.",strong 1D momentum; positive news sentiment 0.102; uranium price catalyst; AI power demand,,,,,
UEC,Uranium Energy Corp,AI,uranium,NYSE,13.27,+6.42%,+21.08%,+33.91%,+1.22%,+17%,6.506,1.208,,9.56,10940425,50752825,176822025,,14.38,none,,6.42,106.42,6.42,1064.2,64.2,10642.0,642.0,21.08,121.08,21.08,1210.8,210.8,12108.0,2108.0,33.91,133.91,33.91,1339.1,339.1,13391.0,3391.0,1.22,101.22,1.22,1012.2,12.2,10122.0,122.0,17.0,117.0,17.0,1170.0,170.0,11700.0,1700.0,"Nuclear Stocks Rebound on an Oversold Bounce: Uranium Energy Jumps 6%, NuScale Power and Oklo Climb 5%",24/7 Wall St.,2026-08-25,0.273,Uranium Energy Stock Is Priced On Pounds It Has Not Sold Yet,Trefis,2026-08-24,0.273,2 Nuclear Stocks to Buy and What Each One Needs to Go Right,Motley Fool,2026-08-19,0.0,4,strong_buy,0.7,"Uranium Energy Corp has strong_buy consensus, 1M momentum +31.14%, 1W +13.83%, and highest news sentiment 0.451. Uranium demand for AI power is a key catalyst despite negative YTD.",strong_buy rating; exceptional 1M momentum; high news sentiment 0.451; AI power demand catalyst,,,,,
LEU,Centrus Energy,AI,uranium,NYSE,193.39,+8.89%,+10.07%,+9.89%,-29.03%,-15%,3.859,1.35,101.78,0.79,691964,2643464,13079764,,26.68,buy,1.78,8.89,108.89,8.89,1088.9,88.9,10889.0,889.0,10.07,110.07,10.07,1100.7,100.7,11007.0,1007.0,9.89,109.89,9.89,1098.9,98.9,10989.0,989.0,-29.03,70.97,-29.03,709.7,-290.3,7097.0,-2903.0,-15.0,85.0,-15.0,850.0,-150.0,8500.0,-1500.0,Is Centrus Energy (LEU) Fully Priced Despite Its $900m DOE Win?,Simply Wall St.,2026-08-25,0.71,Can X-Energy's Xe-100 Capture the Growing Demand for Reliable AI Power?,Zacks,2026-08-25,0.052,"Centrus Energy (LEU) Draws Focus On Nuclear Fuel, Is The Stock Still A Bargain?",Simply Wall St.,2026-08-25,0.44,,,,,,,,,,
VRT,Vertiv Holdings,AI,power-infra,NYSE,255.75,+0.69%,-6.16%,-11.07%,+45.70%,+99%,98.46,2.077,57.99,6.12,3908873,22524973,138584673,10.0,3.21,strong_buy,1.39,0.69,100.69,0.69,1006.9,6.9,10069.0,69.0,-6.16,93.84,-6.16,938.4,-61.6,9384.0,-616.0,-11.07,88.93,-11.07,889.3,-110.7,8893.0,-1107.0,45.7,145.7,45.7,1457.0,457.0,14570.0,4570.0,99.0,199.0,99.0,1990.0,990.0,19900.0,9900.0,Autodesk to Report Q2 Earnings: What's in the Cards for the Stock?,Zacks,2026-08-25,0.0,4 Stocks With Solid Interest Coverage Ratios to Buy Amid Volatility,Zacks,2026-08-25,0.557,"Boeing and 9 More Stocks for Manufacturing’s Revival, From Our Roundtable Pros",Barrons.com,2026-08-24,0.0,,,,,,,,,,
ETN,Eaton Corporation,AI,power-infra,NYSE,409.2,+0.57%,-5.13%,+2.90%,+26.06%,+16%,158.893,1.177,41.71,2.34,1520928,8276628,50248228,108.0,1.76,buy,1.56,0.57,100.57,0.57,1005.7,5.7,10057.0,57.0,-5.13,94.87,-5.13,948.7,-51.3,9487.0,-513.0,2.9,102.9,2.9,1029.0,29.0,10290.0,290.0,26.06,126.06,26.06,1260.6,260.6,12606.0,2606.0,16.0,116.0,16.0,1160.0,160.0,11600.0,1600.0,Are Industrial Products Stocks Lagging  Eaton (ETN) This Year?,Zacks,2026-08-25,-0.273,Is Eaton (ETN) a Buy as Wall Street Analysts Look Optimistic?,Zacks,2026-08-25,0.318,Eaton vs. Hubbell: Which Electrification Stock Has an Edge?,Zacks,2026-08-21,0.0,,,,,,,,,,
POWL,Powell Industries,AI,power-infra,NASDAQ,190.19,+1.16%,-6.52%,-13.21%,+62.06%,+107%,6.929,1.216,36.43,0.74,444351,2347251,15400251,19.0,11.1,buy,2.25,1.16,101.16,1.16,1011.6,11.6,10116.0,116.0,-6.52,93.48,-6.52,934.8,-65.2,9348.0,-652.0,-13.21,86.79,-13.21,867.9,-132.1,8679.0,-1321.0,62.06,162.06,62.06,1620.6,620.6,16206.0,6206.0,107.0,207.0,107.0,2070.0,1070.0,20700.0,10700.0,"Powell, Sterling, Vertiv, Nextpower, and Hubbell Shares Are Falling, What You Need To Know",StockStory,2026-08-18,0.153,3 High-Flying Stocks for Long-Term Investors,StockStory,2026-08-17,0.0,2 of Wall Street’s Favorite Stocks Worth Your Attention and 1 We Ignore,StockStory,2026-08-14,0.34,,,,,,,,,,
EQIX,Equinix,AI,dc-operators,NASDAQ,1073.44,+0.92%,-0.60%,+3.04%,+42.62%,+35%,105.919,0.972,69.21,0.61,434276,2537376,13402776,196.0,2.21,buy,1.53,0.92,100.92,0.92,1009.2,9.2,10092.0,92.0,-0.6,99.4,-0.6,994.0,-6.0,9940.0,-60.0,3.04,103.04,3.04,1030.4,30.4,10304.0,304.0,42.62,142.62,42.62,1426.2,426.2,14262.0,4262.0,35.0,135.0,35.0,1350.0,350.0,13500.0,3500.0,Do Wall Street Analysts Like Equinix Stock?,Barchart,2026-08-25,0.361,SGA Is Betting on Equinix (EQIX) as AI Demand Accelerates,Insider Monkey,2026-08-24,-0.128,3 Data Center Stocks Powering the AI Buildout,24/7 Wall St.,2026-08-23,0.0,,,,,,,,,,
DLR,Digital Realty,AI,dc-operators,NYSE,192.32,+2.30%,-1.50%,-1.76%,+25.73%,+12%,72.447,1.042,93.36,2.95,1907080,9001380,46328180,259.0,0.01,strong_buy,1.45,2.3,102.3,2.3,1023.0,23.0,10230.0,230.0,-1.5,98.5,-1.5,985.0,-15.0,9850.0,-150.0,-1.76,98.24,-1.76,982.4,-17.6,9824.0,-176.0,25.73,125.73,25.73,1257.3,257.3,12573.0,2573.0,12.0,112.0,12.0,1120.0,120.0,11200.0,1200.0,Realty Income Diversifies Funding: Will This Boost Long-Term Growth?,Zacks,2026-08-25,0.693,Digital Realty Trust (DLR) Wins 50MW Singapore Low Carbon Data Center Project,Simply Wall St.,2026-08-25,0.71,The AI Debt Boom Is Helping Push Everyone’s Cost of Capital Higher,24/7 Wall St.,2026-08-23,-0.077,,,,,,,,,,
AMT,American Tower,AI,dc-operators,NYSE,178.57,-0.07%,+3.62%,+7.09%,+4.16%,-14%,83.206,0.894,24.53,3.1,1396745,8078845,57550145,391.0,1.88,buy,1.52,-0.07,99.93,-0.07,999.3,-0.7,9993.0,-7.0,3.62,103.62,3.62,1036.2,36.2,10362.0,362.0,7.09,107.09,7.09,1070.9,70.9,10709.0,709.0,4.16,104.16,4.16,1041.6,41.6,10416.0,416.0,-14.0,86.0,-14.0,860.0,-140.0,8600.0,-1400.0,HST vs. AMT: Which Stock Is the Better Value Option?,Zacks,2026-08-25,0.649,The Bull Case For American Tower (AMT) Could Change Following Barclays’ Upgrade And CoreSite Momentum – Learn Why,Simply Wall St.,2026-08-21,0.0,"American Tower (AMT) Wins A Barclays Upgrade, Does The Valuation Still Look Cheap?",Simply Wall St.,2026-08-21,0.572,,,,,,,,,,
GOOGL,Alphabet (Google),AI,hyperscalers,NASDAQ,346.96,-0.28%,+0.80%,+6.25%,+10.24%,+68%,4243.298,1.237,17.4,32.05,20474042,105966242,580814842,25.0,1.2,strong_buy,1.36,-0.28,99.72,-0.28,997.2,-2.8,9972.0,-28.0,0.8,100.8,0.8,1008.0,8.0,10080.0,80.0,6.25,106.25,6.25,1062.5,62.5,10625.0,625.0,10.24,110.24,10.24,1102.4,102.4,11024.0,1024.0,68.0,168.0,68.0,1680.0,680.0,16800.0,6800.0,Nvidia's Q2 earnings to test resurgent AI trade,Yahoo Finance,2026-08-23,0.0,Why Rezolve AI Stock Rocketed Higher Today,Motley Fool,2026-08-25,0.0,Moody's Pushes Deeper Into AI With Google,GuruFocus.com,2026-08-25,0.0,,,,,,,,,,
MSFT,Microsoft,AI,hyperscalers,NASDAQ,491.71,+0.91%,+2.29%,+26.61%,+4.63%,-3%,3651.215,1.099,27.42,39.54,18777728,98502028,769073028,75.0,1.1,strong_buy,1.36,0.91,100.91,0.91,1009.1,9.1,10091.0,91.0,2.29,102.29,2.29,1022.9,22.9,10229.0,229.0,26.61,126.61,26.61,1266.1,266.1,12661.0,2661.0,4.63,104.63,4.63,1046.3,46.3,10463.0,463.0,-3.0,97.0,-3.0,970.0,-30.0,9700.0,-300.0,The real question investors should be asking ahead of Nvidia earnings,Yahoo Finance Video,2026-08-25,0.0,"Reddit (RDDT) Stock Is Up, What You Need To Know",StockStory,2026-08-25,0.0,Meta's Next AI Bet Could Arrive Sooner Than Expected,GuruFocus.com,2026-08-25,0.0,5,strong_buy,0.8,"Microsoft has strong_buy consensus, P/E 26.95, 1M momentum +24.03%, and YTD +2.83%. Solid hyperscaler with Azure AI growth and reasonable valuation.",strong_buy consensus; reasonable P/E 26.95; strong 1M momentum; Azure AI growth,,,,,
AMZN,Amazon,AI,hyperscalers,NASDAQ,261.06,-0.59%,+0.62%,+12.82%,+15.26%,+15%,2815.875,1.454,21.02,49.72,25215342,153145342,1012809342,,1.0,strong_buy,1.32,-0.59,99.41,-0.59,994.1,-5.9,9941.0,-59.0,0.62,100.62,0.62,1006.2,6.2,10062.0,62.0,12.82,112.82,12.82,1128.2,128.2,11282.0,1282.0,15.26,115.26,15.26,1152.6,152.6,11526.0,1526.0,15.0,115.0,15.0,1150.0,150.0,11500.0,1500.0,The real question investors should be asking ahead of Nvidia earnings,Yahoo Finance Video,2026-08-25,0.0,"New disclosure: Trump owns SpaceX, Disney shares — and is reaping profits from oil & gas stocks",Yahoo Finance Video,2026-08-25,0.625,The Questions That Defined WMT's Earnings Call,Trefis,2026-08-25,0.0,,,,,,,,,,
META,Meta Platforms,AI,hyperscalers,NASDAQ,570.05,+1.76%,+4.85%,-4.01%,-12.20%,-26%,1452.206,1.243,21.47,18.49,9647889,67330389,369839189,38.0,1.43,strong_buy,1.35,1.76,101.76,1.76,1017.6,17.6,10176.0,176.0,4.85,104.85,4.85,1048.5,48.5,10485.0,485.0,-4.01,95.99,-4.01,959.9,-40.1,9599.0,-401.0,-12.2,87.8,-12.2,878.0,-122.0,8780.0,-1220.0,-26.0,74.0,-26.0,740.0,-260.0,7400.0,-2600.0,The real question investors should be asking ahead of Nvidia earnings,Yahoo Finance Video,2026-08-25,0.0,Coca-Cola's new CEO can boast about something that 'Magnificent 7' members Elon Musk and Mark Zuckerberg can't,Yahoo Finance,2026-08-25,0.599,"Reddit (RDDT) Stock Is Up, What You Need To Know",StockStory,2026-08-25,0.0,,,,,,,,,,
IREN,Iris Energy,AI,ai-compute,NASDAQ,42.21,+6.73%,+0.50%,+16.31%,-1.15%,+73%*,15.085,4.302,54.82,45.7,29085473,201274273,1014116473,,28.39,buy,1.59,6.73,106.73,6.73,1067.3,67.3,10673.0,673.0,0.5,100.5,0.5,1005.0,5.0,10050.0,50.0,16.31,116.31,16.31,1163.1,163.1,11631.0,1631.0,-1.15,98.85,-1.15,988.5,-11.5,9885.0,-115.0,73.0,173.0,73.0,1730.0,730.0,17300.0,7300.0,Wall Street Just Invented the ‘Neocloud’ ETF. It Owns the Companies Renting AI Compute to Everyone Else,24/7 Wall St.,2026-08-25,0.0,"Applied Digital and IREN Climb 6% as the Digital Infrastructure Bid Broadens Past Bitcoin, Core Scientific Gains 4%",24/7 Wall St.,2026-08-25,0.34,"Nebius Rises 4% Despite Adding $5.75B in Convertible Debt, Snapping a Six-Session Slide",24/7 Wall St.,2026-08-25,-0.361,,,,,,,,,,
CORZ,Core Scientific,AI,ai-compute,NASDAQ,18.03,+3.92%,-4.35%,-13.07%,+12.76%,+23%*,5.794,5.592,,12.79,8643447,53246347,313221847,,22.21,none,,3.92,103.92,3.92,1039.2,39.2,10392.0,392.0,-4.35,95.65,-4.35,956.5,-43.5,9565.0,-435.0,-13.07,86.93,-13.07,869.3,-130.7,8693.0,-1307.0,12.76,112.76,12.76,1127.6,127.6,11276.0,1276.0,23.0,123.0,23.0,1230.0,230.0,12300.0,2300.0,"Applied Digital and IREN Climb 6% as the Digital Infrastructure Bid Broadens Past Bitcoin, Core Scientific Gains 4%",24/7 Wall St.,2026-08-25,0.34,Tom Lee Ranks 17 Crypto Stocks: Is Your Bitcoin Bet Still Worthy?,BeInCrypto,2026-08-21,0.44,Cipher Digital Stock Is Valued On Revenue It Is Shutting Down,Trefis,2026-08-19,0.44,,,,,,,,,,
WULF,TeraWulf,AI,ai-compute,NASDAQ,16.32,+4.95%,+4.48%,-9.23%,+28.10%,+68%*,8.144,4.288,,33.17,30071914,170844614,745265714,,26.2,strong_buy,1.28,4.95,104.95,4.95,1049.5,49.5,10495.0,495.0,4.48,104.48,4.48,1044.8,44.8,10448.0,448.0,-9.23,90.77,-9.23,907.7,-92.3,9077.0,-923.0,28.1,128.1,28.1,1281.0,281.0,12810.0,2810.0,68.0,168.0,68.0,1680.0,680.0,16800.0,6800.0,Wall Street Just Invented the ‘Neocloud’ ETF. It Owns the Companies Renting AI Compute to Everyone Else,24/7 Wall St.,2026-08-25,0.0,"Crypto Mining Stocks Rally as Bitcoin Hovers Around $80K: MARA Jumps 7%, TeraWulf and IREN Climb 5%",24/7 Wall St.,2026-08-25,0.0,TeraWulf (WULF) Is Down 12.0% After Securing 482MW Power Deal For Kentucky AI Campus,Simply Wall St.,2026-08-25,0.318,,,,,,,,,,
HUT,Hut 8 Mining,AI,ai-compute,NASDAQ,85.5,+6.88%,+5.83%,-18.25%,+66.76%,+207%,10.539,6.108,,4.56,3461790,27957390,112031290,,10.99,strong_buy,1.33,6.88,106.88,6.88,1068.8,68.8,10688.0,688.0,5.83,105.83,5.83,1058.3,58.3,10583.0,583.0,-18.25,81.75,-18.25,817.5,-182.5,8175.0,-1825.0,66.76,166.76,66.76,1667.6,667.6,16676.0,6676.0,207.0,307.0,207.0,3070.0,2070.0,30700.0,20700.0,Morgan Stanley expects powered-shell deal wave by October,Blockspace,2026-08-24,0.0,Hut 8 (HUT) Settlement News Puts Its Valuation Narrative Back In Focus,Simply Wall St.,2026-08-22,0.0,"Hut 8 (HUT) Gets Court Approved Notice For $2,350,000 Settlement",Simply Wall St.,2026-08-22,0.421,,,,,,,,,,
SMCI,Super Micro Computer,AI,ai-compute,NASDAQ,38.46,+9.57%,+2.81%,+29.02%,+24.22%,-21%,24.879,1.967,11.8,59.16,47603702,210765702,1182691202,,18.45,hold,2.84,9.57,109.57,9.57,1095.7,95.7,10957.0,957.0,2.81,102.81,2.81,1028.1,28.1,10281.0,281.0,29.02,129.02,29.02,1290.2,290.2,12902.0,2902.0,24.22,124.22,24.22,1242.2,242.2,12422.0,2422.0,-21.0,79.0,-21.0,790.0,-210.0,7900.0,-2100.0,Why Super Micro Computer Rallied Today,Motley Fool,2026-08-25,0.599,Cisco and Supermicro Are Building for AI's Next Phase,GuruFocus.com,2026-08-25,0.0,"Moderna, Nvidia, Apple, Dick’s, Robinhood, AMD, and More Stocks That Explain Today’s Market",Barrons.com,2026-08-25,0.0,9,buy,0.5,"Super Micro has hold consensus but cheap P/E 11.42, YTD +20.28%, 1M momentum +21.86%, and high news sentiment 0.388. Value play in AI compute with potential turnaround.",low P/E 11.42; strong 1M momentum; high news sentiment 0.388; AI compute value,,,,,
DELL,Dell Technologies,AI,ai-compute,NYSE,451.5,+4.66%,-3.66%,+5.76%,+256.52%,+231%,291.734,1.401,35.95,8.49,3889249,22635749,124037449,58.0,4.36,buy,1.78,4.66,104.66,4.66,1046.6,46.6,10466.0,466.0,-3.66,96.34,-3.66,963.4,-36.6,9634.0,-366.0,5.76,105.76,5.76,1057.6,57.6,10576.0,576.0,256.52,356.52,256.52,3565.2,2565.2,35652.0,25652.0,231.0,331.0,231.0,3310.0,2310.0,33100.0,23100.0,Dell Stock's Massive Guidance Raise Has A Catch,Trefis,2026-08-25,0.0,Dell (DELL) Stock Could Be Undervalued On Cash Flow And Earnings,Simply Wall St.,2026-08-25,0.0,Arista Networks Stock Looks Strong. One Number Says Be Careful.,Trefis,2026-08-25,0.637,,,,,,,,,,
COHR,Coherent Corp,AI,fibre-optical,NYSE,288.14,+5.74%,-5.97%,+6.20%,+48.27%,+201%,56.426,2.107,69.77,6.2,4658284,29979984,168196584,,5.42,buy,1.64,5.74,105.74,5.74,1057.4,57.4,10574.0,574.0,-5.97,94.03,-5.97,940.3,-59.7,9403.0,-597.0,6.2,106.2,6.2,1062.0,62.0,10620.0,620.0,48.27,148.27,48.27,1482.7,482.7,14827.0,4827.0,201.0,301.0,201.0,3010.0,2010.0,30100.0,20100.0,Photonics ETFs: The Next Big AI Infrastructure Opportunity?,Zacks,2026-08-25,0.421,AAOI Benefits From Strong 800G Demand: Can It Beat LITE & COHR?,Zacks,2026-08-25,0.66,Wall Street Analysts Believe Coherent (COHR) Could Rally 48.35%: Here's is How to Trade,Zacks,2026-08-25,0.0,,,,,,,,,,
LITE,Lumentum Holdings,AI,fibre-optical,NASDAQ,885.57,+7.46%,+1.40%,+24.38%,+129.36%,+566%,79.435,1.513,,5.25,3199683,19448883,113831983,,12.16,buy,1.54,7.46,107.46,7.46,1074.6,74.6,10746.0,746.0,1.4,101.4,1.4,1014.0,14.0,10140.0,140.0,24.38,124.38,24.38,1243.8,243.8,12438.0,2438.0,129.36,229.36,129.36,2293.6,1293.6,22936.0,12936.0,566.0,666.0,566.0,6660.0,5660.0,66600.0,56600.0,Wall Street Just Invented the ‘Neocloud’ ETF. It Owns the Companies Renting AI Compute to Everyone Else,24/7 Wall St.,2026-08-25,0.0,AAOI Benefits From Strong 800G Demand: Can It Beat LITE & COHR?,Zacks,2026-08-25,0.66,Lumentum's 1.6T & 200G Ramp Faces Cisco & NVIDIA Competition,Zacks,2026-08-25,0.0,,,,,,,,,,
AAOI,Applied Optoelectronics,AI,fibre-optical,NASDAQ,113.15,+5.45%,-13.90%,+15.67%,+185.73%,+329%,9.607,3.787,,12.26,6508655,53138755,286504255,,12.81,buy,2.33,5.45,105.45,5.45,1054.5,54.5,10545.0,545.0,-13.9,86.1,-13.9,861.0,-139.0,8610.0,-1390.0,15.67,115.67,15.67,1156.7,156.7,11567.0,1567.0,185.73,285.73,185.73,2857.3,1857.3,28573.0,18573.0,329.0,429.0,329.0,4290.0,3290.0,42900.0,32900.0,Applied Optoelectronics (AAOI) Is Down 30.5% After Launching US$600 Million ATM Equity Program – What's Changed,Simply Wall St.,2026-08-25,0.0,Applied Optoelectronics (AAOI) Announces $600 Million At The Market Equity Offering,Simply Wall St.,2026-08-25,0.0,Why Applied Optoelectronics Stock Dived by Almost 14% on Monday,Motley Fool,2026-08-24,0.0,,,,,,,,,,
FN,Fabrinet,AI,fibre-optical,NYSE,431.54,+2.75%,-10.58%,-8.34%,-9.99%,+27%,15.464,1.222,33.04,1.02,816077,5949577,22643577,,6.13,buy,1.78,2.75,102.75,2.75,1027.5,27.5,10275.0,275.0,-10.58,89.42,-10.58,894.2,-105.8,8942.0,-1058.0,-8.34,91.66,-8.34,916.6,-83.4,9166.0,-834.0,-9.99,90.01,-9.99,900.1,-99.9,9001.0,-999.0,27.0,127.0,27.0,1270.0,270.0,12700.0,2700.0,Fabrinet (FN) Q4 2026 Earnings Call Transcript,Motley Fool,2026-08-24,0.0,Fabrinet Just Lost Billions in Market Value Due to Nvidia. Here’s Why the Reaction Is Overdone.,Barchart,2026-08-23,0.026,Why Navitas Semiconductor Stock Sank This Week,Motley Fool,2026-08-22,0.0,,,,,,,,,,
MTSI,MACOM Technology,AI,dsp-semi,NASDAQ,266.27,+3.26%,-9.09%,+1.21%,+52.19%,+101%,20.336,1.71,84.8,1.68,1092200,6161300,33504000,,3.69,buy,1.69,3.26,103.26,3.26,1032.6,32.6,10326.0,326.0,-9.09,90.91,-9.09,909.1,-90.9,9091.0,-909.0,1.21,101.21,1.21,1012.1,12.1,10121.0,121.0,52.19,152.19,52.19,1521.9,521.9,15219.0,5219.0,101.0,201.0,101.0,2010.0,1010.0,20100.0,10100.0,"AMD, Marvell Technology, Semtech, Allegro MicroSystems, and MACOM Stocks Trade Up, What You Need To Know",StockStory,2026-08-25,0.0,1 of Wall Street’s Favorite Stocks with Exciting Potential and 2 We Ignore,StockStory,2026-08-25,0.572,MACOM Technology Solutions Holdings (MTSI) Could Be 33% Undervalued After Earnings And Guidance,Simply Wall St.,2026-08-20,0.178,,,,,,,,,,
SMTC,Semtech,AI,dsp-semi,NASDAQ,127.52,+3.67%,-5.70%,+4.94%,+69.44%,+106%,11.878,2.345,,3.4,7848125,18030325,57694725,,9.13,strong_buy,1.33,3.67,103.67,3.67,1036.7,36.7,10367.0,367.0,-5.7,94.3,-5.7,943.0,-57.0,9430.0,-570.0,4.94,104.94,4.94,1049.4,49.4,10494.0,494.0,69.44,169.44,69.44,1694.4,694.4,16944.0,6944.0,106.0,206.0,106.0,2060.0,1060.0,20600.0,10600.0,Semtech surges on strong Q2 beat and upbeat Q3 guidance,Investing.com,2026-08-25,0.511,"Chipmaker Semtech Smashes Sales, Earnings Targets. Stock Rises.",Investor's Business Daily,2026-08-25,0.0,"AMD, Marvell Technology, Semtech, Allegro MicroSystems, and MACOM Stocks Trade Up, What You Need To Know",StockStory,2026-08-25,0.0,,,,,,,,,,
CRDO,Credo Technology,AI,dsp-semi,NASDAQ,226.51,+2.96%,-7.91%,+8.83%,+58.16%,+85%,42.239,3.233,89.88,7.68,2628145,17780145,106952645,,3.66,strong_buy,1.32,2.96,102.96,2.96,1029.6,29.6,10296.0,296.0,-7.91,92.09,-7.91,920.9,-79.1,9209.0,-791.0,8.83,108.83,8.83,1088.3,88.3,10883.0,883.0,58.16,158.16,58.16,1581.6,581.6,15816.0,5816.0,85.0,185.0,85.0,1850.0,850.0,18500.0,8500.0,ALAB Rides on Strong Scorpio Demand: Can It Outpace MRVL and CRDO?,Zacks,2026-08-25,0.421,MaxLinear Stock Drops 23% in a Month: Should You Buy it on the Dip?,Zacks,2026-08-20,0.0,Credo vs. Astera Labs: Which AI Connectivity Stock Is the Better Buy?,Zacks,2026-08-20,0.44,,,,,,,,,,
MXL,MaxLinear,AI,dsp-semi,NASDAQ,66.36,+6.40%,-8.63%,+2.31%,+258.51%,+265%,6.018,3.975,,3.85,1479805,10193705,60919905,,6.43,buy,1.82,6.4,106.4,6.4,1064.0,64.0,10640.0,640.0,-8.63,91.37,-8.63,913.7,-86.3,9137.0,-863.0,2.31,102.31,2.31,1023.1,23.1,10231.0,231.0,258.51,358.51,258.51,3585.1,2585.1,35851.0,25851.0,265.0,365.0,265.0,3650.0,2650.0,36500.0,26500.0,Here's Why MaxLinear (MXL) Is a Great 'Buy the Bottom' Stock Now,Zacks,2026-08-24,0.625,MaxLinear Stock Drops 23% in a Month: Should You Buy it on the Dip?,Zacks,2026-08-20,0.0,MaxLinear (MXL) Stock Looks Pricey After Its 450% One Year Run,Simply Wall St.,2026-08-18,0.0,,,,,,,,,,
KEYS,Keysight Technologies,AI,test-equip,NYSE,320.12,+2.85%,-6.12%,+2.05%,+54.95%,+89%,54.517,1.21,43.32,1.51,1606392,9632192,30624592,,2.14,buy,1.58,2.85,102.85,2.85,1028.5,28.5,10285.0,285.0,-6.12,93.88,-6.12,938.8,-61.2,9388.0,-612.0,2.05,102.05,2.05,1020.5,20.5,10205.0,205.0,54.95,154.95,54.95,1549.5,549.5,15495.0,5495.0,89.0,189.0,89.0,1890.0,890.0,18900.0,8900.0,3 Market-Beating Stocks with Solid Fundamentals,StockStory,2026-08-25,0.153,5 Revealing Analyst Questions From Keysight’s Q2 Earnings Call,StockStory,2026-08-25,0.0,History Has An Opinion On This SNPS Price Level,Trefis,2026-08-24,0.0,,,,,,,,,,
VIAV,Viavi Solutions,AI,test-equip,NASDAQ,37.71,+1.10%,-8.85%,-1.18%,+107.77%,+230%,9.305,1.234,,6.72,1865964,20711464,117201464,,6.56,strong_buy,1.38,1.1,101.1,1.1,1011.0,11.0,10110.0,110.0,-8.85,91.15,-8.85,911.5,-88.5,9115.0,-885.0,-1.18,98.82,-1.18,988.2,-11.8,9882.0,-118.0,107.77,207.77,107.77,2077.7,1077.7,20777.0,10777.0,230.0,330.0,230.0,3300.0,2300.0,33000.0,23000.0,"Viavi Sees AI Optics, CPO Testing Driving Path Toward $500M Quarterly Revenue",MarketBeat,2026-08-20,0.0,"Viavi Solutions Director Laura Black Sells 71,000 Shares for $3.3 Million",Motley Fool,2026-08-19,0.44,2 of Wall Street’s Favorite Stocks on Our Watchlist and 1 That Underwhelm,StockStory,2026-08-16,0.459,8,strong_buy,0.796,"Viavi Solutions has strong_buy consensus, YTD +114.33%, and news sentiment 0.251. P/E not available but benefits from AI optical testing demand.",strong_buy rating; high YTD return; AI optical testing catalyst; positive news sentiment,,,,,
AXTI,AXT Inc,AI,materials,NASDAQ,67.45,+4.24%,-18.05%,+40.87%,+302.45%,+2261%,4.423,1.933,2248.33,10.51,6416469,47049469,288599969,,16.05,none,,4.24,104.24,4.24,1042.4,42.4,10424.0,424.0,-18.05,81.95,-18.05,819.5,-180.5,8195.0,-1805.0,40.87,140.87,40.87,1408.7,408.7,14087.0,4087.0,302.45,402.45,302.45,4024.5,3024.5,40245.0,30245.0,2261.0,2361.0,2261.0,23610.0,22610.0,236100.0,226100.0,Here's Why AXT (AXTI) Is a Great 'Buy the Bottom' Stock Now,Zacks,2026-08-25,0.625,AXTI vs. ASYS: Which AI Semiconductor Stock Is the Better Buy Now?,Zacks,2026-08-21,0.44,Wall Street Analysts Believe AXT (AXTI) Could Rally 25.27%: Here's is How to Trade,Zacks,2026-08-21,0.0,,,,,,,,,,
AMGN,Amgen,Biotech,large-cap,NASDAQ,442.24,-0.40%,+4.60%,+18.22%,+37.74%,+53%,239.09,0.413,27.45,2.7,1970919,12006819,59873719,227.0,2.46,buy,2.47,-0.4,99.6,-0.4,996.0,-4.0,9960.0,-40.0,4.6,104.6,4.6,1046.0,46.0,10460.0,460.0,18.22,118.22,18.22,1182.2,182.2,11822.0,1822.0,37.74,137.74,37.74,1377.4,377.4,13774.0,3774.0,53.0,153.0,53.0,1530.0,530.0,15300.0,5300.0,Eli Lilly Found a New Gear. You Paid For It.,Trefis,2026-08-25,0.0,Schwab SCHD draws $679M as dividend ETF climbs 2.39%,TheStreet,2026-08-25,0.0,"Eli Lilly Stock Raised Its Forecast, So Why Is The Market Shrugging?",Trefis,2026-08-24,0.0,2,buy,0.85,"Q2 beat raised 2026 guidance; Argus raised PT to $460; P/E 27.32, +20.72% 1m, analyst buy, strong revenue growth. [seekingalpha.com](https://seekingalpha.com/news/4625503-amgen-raises-2026-eps-revenue-guidance-q2-beats-both-lines) [investors.com](https://www.investors.com/news/technology/amgen-stock-amgen-earnings-q2-2026/)",raised guidance; P/E 27.32; +20.72% 1m; analyst buy,,,,,
GILD,Gilead Sciences,Biotech,large-cap,NASDAQ,148.77,+2.62%,+3.72%,+13.98%,+23.85%,+28%,184.468,0.336,,7.7,4559002,30032402,145401002,224.0,1.97,buy,1.69,2.62,102.62,2.62,1026.2,26.2,10262.0,262.0,3.72,103.72,3.72,1037.2,37.2,10372.0,372.0,13.98,113.98,13.98,1139.8,139.8,11398.0,1398.0,23.85,123.85,23.85,1238.5,238.5,12385.0,2385.0,28.0,128.0,28.0,1280.0,280.0,12800.0,2800.0,3 Dividend Stocks to Hold for the Next 10 Years,Motley Fool,2026-08-25,0.0,3 Unprofitable Stocks with Questionable Fundamentals,StockStory,2026-08-25,-0.296,GILD Stock Garners Retail Attention On Trodelvy EU Approval Ahead Of August 27 HIV FDA Verdict,Stocktwits,2026-08-24,0.572,9,buy,0.75,"Analyst buy (an_score 1.69), +21.64% YTD, +12.11% 1m, news sentiment 0.163; accelerating core business.",analyst buy 1.69; +21.64% YTD; +12.11% 1m; news sentiment 0.163,,,,,
REGN,Regeneron Pharmaceuticals,Biotech,large-cap,NASDAQ,833.56,+0.61%,+2.88%,+25.09%,+7.79%,+41%,85.819,0.188,20.62,0.94,505399,3310999,17500399,45.0,3.48,buy,1.89,0.61,100.61,0.61,1006.1,6.1,10061.0,61.0,2.88,102.88,2.88,1028.8,28.8,10288.0,288.0,25.09,125.09,25.09,1250.9,250.9,12509.0,2509.0,7.79,107.79,7.79,1077.9,77.9,10779.0,779.0,41.0,141.0,41.0,1410.0,410.0,14100.0,4100.0,"Veeva's Vault CRM Wins Reinforce Market-Leader Status Ahead of Earnings, Truist Says",MT Newswires,2026-08-25,0.572,Oil Shipper Hits New High; Three Stocks Also Near Pivots,Investor's Business Daily,2026-08-21,0.0,How Moderna’s Historic Short Squeeze Upended the AI Chip Trade,Barrons.com,2026-08-20,0.0,5,buy,0.75,"P/E 20.62, analyst buy, news sentiment 0.191, +28.23% 1m; strong momentum with reasonable valuation.",P/E 20.62; +28.23% 1m; analyst buy; news sentiment 0.191,,,,,
VRTX,Vertex Pharmaceuticals,Biotech,large-cap,NASDAQ,552.85,+0.90%,+4.67%,+15.42%,+22.28%,+41%,140.037,0.305,32.16,1.53,626111,4968011,28280511,,1.76,buy,1.66,0.9,100.9,0.9,1009.0,9.0,10090.0,90.0,4.67,104.67,4.67,1046.7,46.7,10467.0,467.0,15.42,115.42,15.42,1154.2,154.2,11542.0,1542.0,22.28,122.28,22.28,1222.8,222.8,12228.0,2228.0,41.0,141.0,41.0,1410.0,410.0,14100.0,4100.0,Inflation Is Rising Again. History Says These 2 Stocks Are Among the Smartest Places to Hide,Motley Fool,2026-08-24,0.511,Vertex Pharmaceuticals' Rally Has a New Engine -- and Wall Street Thinks the Best Is Still Ahead,Motley Fool,2026-08-20,0.637,Are Wall Street Analysts Bullish on Vertex Stock?,Barchart,2026-08-20,0.0,4,buy,0.8,"P/E 31.96, analyst buy (an_score 1.68), news sentiment 0.215, +15.97% 1m; strong pipeline and large-cap stability.",P/E 31.96; analyst buy; news sentiment 0.215; +15.97% 1m,,,,,
BIIB,Biogen,Biotech,large-cap,NASDAQ,220.77,+1.27%,+3.87%,+10.31%,+24.15%,+60%,32.619,0.162,39.21,1.16,495310,3562810,20423210,,4.11,buy,1.83,1.27,101.27,1.27,1012.7,12.7,10127.0,127.0,3.87,103.87,3.87,1038.7,38.7,10387.0,387.0,10.31,110.31,10.31,1103.1,103.1,11031.0,1031.0,24.15,124.15,24.15,1241.5,241.5,12415.0,2415.0,60.0,160.0,60.0,1600.0,600.0,16000.0,6000.0,"Veeva's Vault CRM Wins Reinforce Market-Leader Status Ahead of Earnings, Truist Says",MT Newswires,2026-08-25,0.572,3 Reasons to Sell BIIB and 1 Stock to Buy Instead,StockStory,2026-08-25,0.0,Is Biogen (BIIB) Undervalued On Raised EPS Guidance And Key Phase 3 Readouts?,Simply Wall St.,2026-08-21,0.0,,,,,,,,,,
BMY,Bristol-Myers Squibb,Biotech,large-cap,NYSE,67.92,+0.99%,+2.83%,+8.57%,+29.81%,+43%,138.741,0.225,14.96,12.36,7908296,44940496,262152896,375.0,2.56,buy,2.46,0.99,100.99,0.99,1009.9,9.9,10099.0,99.0,2.83,102.83,2.83,1028.3,28.3,10283.0,283.0,8.57,108.57,8.57,1085.7,85.7,10857.0,857.0,29.81,129.81,29.81,1298.1,298.1,12981.0,2981.0,43.0,143.0,43.0,1430.0,430.0,14300.0,4300.0,3 Dividend Stocks to Hold for the Next 10 Years,Motley Fool,2026-08-25,0.0,PFE vs BMY: Which Large Oncology Drugmaker Is a Better Stock Now?,Zacks,2026-08-25,0.44,Will Kimmtrak Continue to Aid IMCR's Growth Through the Rest of 2026?,Zacks,2026-08-25,0.382,8,buy,0.8,"P/E 14.76 attractive, analyst buy, +28.07% YTD, news sentiment 0.187; solid value with strong momentum.",P/E 14.76; +28.07% YTD; analyst buy; news sentiment 0.187,,,,,
AZN,AstraZeneca,Biotech,uk-listed,LSE,170.3,+3.02%,+5.68%,-3.19%,-8.20%,+3%,2.641,0.211,25.51,3.08,1977853,12396571,94387838,197.0,,buy,1.79,3.02,103.02,3.02,1030.2,30.2,10302.0,302.0,5.68,105.68,5.68,1056.8,56.8,10568.0,568.0,-3.19,96.81,-3.19,968.1,-31.9,9681.0,-319.0,-8.2,91.8,-8.2,918.0,-82.0,9180.0,-820.0,3.0,103.0,3.0,1030.0,30.0,10300.0,300.0,How Did ABBV's Oncology Sales Hold Up in Q2 Amid Imbruvica Headwinds?,Zacks,2026-08-25,0.0,AstraZeneca prices €2.55bn euro bond sale across four tranches,Proactive,2026-08-25,0.0,"Here Are Monday’s Top Wall Street Analyst Research Calls: AstraZeneca, Celestica, Chipotle Mexican Grill, Domino’s Pizza, Fortune Brands, Golar LNG, Jersey Mike’s Subs, Roku, and More",24/7 Wall St.,2026-08-24,0.202,,,,,,,,,,
GSK,GSK,Biotech,uk-listed,LSE,26.01,+0.79%,+0.93%,-2.82%,+4.07%,+31%,1.041,0.295,16.15,7.93,3558302,26525874,152007878,360.0,,hold,2.59,0.79,100.79,0.79,1007.9,7.9,10079.0,79.0,0.93,100.93,0.93,1009.3,9.3,10093.0,93.0,-2.82,97.18,-2.82,971.8,-28.2,9718.0,-282.0,4.07,104.07,4.07,1040.7,40.7,10407.0,407.0,31.0,131.0,31.0,1310.0,310.0,13100.0,3100.0,GSK's sBLA for Jemperli Gets FDA Priority Tag in Rectal Cancer,Zacks,2026-08-24,-0.66,GSK shares kept at neutral by Citi as unproven phase III pipeline curbs long-term growth,Proactive,2026-08-20,0.586,Is Gilead's Expanding HIV Portfolio a Growth Catalyst?,Zacks,2026-08-18,0.382,,,,,,,,,,
CRSP,CRISPR Therapeutics,Biotech,gene-editing,NASDAQ,60.9,+7.41%,+14.97%,+30.32%,+13.26%,+4%,5.889,1.738,,1.68,2079808,12402708,34580108,,22.28,buy,2.05,7.41,107.41,7.41,1074.1,74.1,10741.0,741.0,14.97,114.97,14.97,1149.7,149.7,11497.0,1497.0,30.32,130.32,30.32,1303.2,303.2,13032.0,3032.0,13.26,113.26,13.26,1132.6,132.6,11326.0,1326.0,4.0,104.0,4.0,1040.0,40.0,10400.0,400.0,4 Gene-Editing Biotech Stocks Worth Watching for Long-Term Gains,Zacks,2026-08-24,0.511,CRISPR Therapeutics Stock Is Up Only 8% This Year. Is Cathie Wood's Bet on the Gene-Editing Stock Dead Money?,Motley Fool,2026-08-21,-0.649,"Crispr Therapeutics Posts ""Quiet"" Quarter as Casgevy Advances, SiRNA Data Readouts Near, RBC Says",MT Newswires,2026-08-04,0.0,,,,,,,,,,
BEAM,Beam Therapeutics,Biotech,gene-editing,NASDAQ,31.03,+9.26%,+16.79%,+23.77%,+14.33%,+70%,3.205,2.209,,2.17,1884730,11107330,37371730,,35.17,none,,9.26,109.26,9.26,1092.6,92.6,10926.0,926.0,16.79,116.79,16.79,1167.9,167.9,11679.0,1679.0,23.77,123.77,23.77,1237.7,237.7,12377.0,2377.0,14.33,114.33,14.33,1143.3,143.3,11433.0,1433.0,70.0,170.0,70.0,1700.0,700.0,17000.0,7000.0,4 Gene-Editing Biotech Stocks Worth Watching for Long-Term Gains,Zacks,2026-08-24,0.511,"BEAM's Q2 Loss Wider Than Expected, Revenues Fall Y/Y, Pipeline in Focus",Zacks,2026-08-05,-0.318,"Beam Therapeutics Inc. (BEAM) Reports Q2 Loss, Lags Revenue Estimates",Zacks,2026-08-04,-0.586,,,,,,,,,,
NTLA,Intellia Therapeutics,Biotech,gene-editing,NASDAQ,13.51,+8.08%,+16.47%,+26.62%,+46.69%,+11%,1.893,1.794,,4.94,4077411,21352311,78031911,,39.57,buy,2.26,8.08,108.08,8.08,1080.8,80.8,10808.0,808.0,16.47,116.47,16.47,1164.7,164.7,11647.0,1647.0,26.62,126.62,26.62,1266.2,266.2,12662.0,2662.0,46.69,146.69,46.69,1466.9,466.9,14669.0,4669.0,11.0,111.0,11.0,1110.0,110.0,11100.0,1100.0,4 Gene-Editing Biotech Stocks Worth Watching for Long-Term Gains,Zacks,2026-08-24,0.511,Moderna’s Newfound War Chest Opens Door for 4 Strategic Acquisition Targets,24/7 Wall St.,2026-08-20,-0.599,Intellia (NTLA) Q2 2026 Earnings Call Transcript,Motley Fool,2026-08-13,0.0,,,,,,,,,,
EDIT,Editas Medicine,Biotech,gene-editing,NASDAQ,3.28,+8.43%,+13.89%,+22.39%,+60.00%,+10%*,0.504,2.063,,2.81,4171737,22240137,49682037,,15.3,buy,2.08,8.43,108.43,8.43,1084.3,84.3,10843.0,843.0,13.89,113.89,13.89,1138.9,138.9,11389.0,1389.0,22.39,122.39,22.39,1223.9,223.9,12239.0,2239.0,60.0,160.0,60.0,1600.0,600.0,16000.0,6000.0,10.0,110.0,10.0,1100.0,100.0,11000.0,1000.0,4 Gene-Editing Biotech Stocks Worth Watching for Long-Term Gains,Zacks,2026-08-24,0.511,Moderna’s Newfound War Chest Opens Door for 4 Strategic Acquisition Targets,24/7 Wall St.,2026-08-20,-0.599,Is Editas Medicine (EDIT) Outperforming Other Medical Stocks This Year?,Zacks,2026-08-10,0.0,,,,,,,,,,
ILMN,Illumina,Biotech,genomics,NASDAQ,224.99,+0.77%,+19.49%,+18.75%,+67.47%,+126%,33.974,1.464,41.98,1.99,1907784,11450584,45997784,,8.73,buy,2.45,0.77,100.77,0.77,1007.7,7.7,10077.0,77.0,19.49,119.49,19.49,1194.9,194.9,11949.0,1949.0,18.75,118.75,18.75,1187.5,187.5,11875.0,1875.0,67.47,167.47,67.47,1674.7,674.7,16747.0,6747.0,126.0,226.0,126.0,2260.0,1260.0,22600.0,12600.0,Illumina (ILMN) Replaces Prior Deal With $1 Billion Revolving Credit Facility,Simply Wall St.,2026-08-25,0.382,Cancer Vaccine Breakthrough Lifts 5 Biotech Names. Here’s Who’s Best Positioned.,24/7 Wall St.,2026-08-25,-0.052,What Is Really Moving Tempus AI Stock Right Now?,Trefis,2026-08-24,0.0,7,buy,0.75,"YTD +63.30%, news sentiment 0.462, analyst buy, +14.95% 1m; strong genomics leader with positive sentiment.",YTD +63.30%; news sentiment 0.462; analyst buy; +14.95% 1m,,,,,
PACB,Pacific Biosciences,Biotech,genomics,NASDAQ,1.52,+14.31%,+33.33%,+11.76%,-17.39%,-3%*,0.472,2.318,,6.55,15884099,44264399,164194599,,18.12,buy,2.0,14.31,114.31,14.31,1143.1,143.1,11431.0,1431.0,33.33,133.33,33.33,1333.3,333.3,13333.0,3333.0,11.76,111.76,11.76,1117.6,117.6,11176.0,1176.0,-17.39,82.61,-17.39,826.1,-173.9,8261.0,-1739.0,-3.0,97.0,-3.0,970.0,-30.0,9700.0,-300.0,Cancer Vaccine Breakthrough Lifts 5 Biotech Names. Here’s Who’s Best Positioned.,24/7 Wall St.,2026-08-25,-0.052,1 Healthcare Stock to Target This Week and 2 Facing Headwinds,StockStory,2026-08-24,0.0,"PacBio Cuts Outlook as SPRQ-Nx Transition Slows, Targets 2028 Cash-Flow Positivity",MarketBeat,2026-08-16,0.273,,,,,,,,,,
NTRA,Natera,Biotech,genomics,NASDAQ,336.71,+2.34%,+8.03%,+30.49%,+47.14%,+98%,48.535,1.514,,1.44,1731602,7696102,32211502,,3.12,strong_buy,1.5,2.34,102.34,2.34,1023.4,23.4,10234.0,234.0,8.03,108.03,8.03,1080.3,80.3,10803.0,803.0,30.49,130.49,30.49,1304.9,304.9,13049.0,3049.0,47.14,147.14,47.14,1471.4,471.4,14714.0,4714.0,98.0,198.0,98.0,1980.0,980.0,19800.0,9800.0,VCYT Drops 25.3% in the Past Month. Is the Sell-Off an Opportunity?,Zacks,2026-08-25,0.421,What Is Really Moving Tempus AI Stock Right Now?,Trefis,2026-08-24,0.0,Billionaire Stanley Druckenmiller Bought Amazon and Alphabet in Q2. But His Single Biggest Holding Is Neither of Them -- and It's Not Nvidia Either.,Motley Fool,2026-08-24,0.09,3,strong_buy,0.8,"Strong_buy consensus (an_score 1.5), +45.09% YTD, +25.66% 1m; billionaire Druckenmiller top buy; strong momentum in cancer diagnostics.",strong_buy consensus; +45.09% YTD; +25.66% 1m; Druckenmiller buy,,,,,
RXRX,Recursion Pharmaceuticals,Biotech,genomics,NASDAQ,3.56,+9.20%,+15.21%,+18.27%,-15.24%,-33%*,1.91,1.054,,20.97,22393054,112270054,363557854,,35.35,buy,2.43,9.2,109.2,9.2,1092.0,92.0,10920.0,920.0,15.21,115.21,15.21,1152.1,152.1,11521.0,1521.0,18.27,118.27,18.27,1182.7,182.7,11827.0,1827.0,-15.24,84.76,-15.24,847.6,-152.4,8476.0,-1524.0,-33.0,67.0,-33.0,670.0,-330.0,6700.0,-3300.0,"The Zacks Analyst Blog Highlights Recursion Pharmaceuticals, Schrodinger, Relay Therapeutics and Absci",Zacks,2026-08-18,0.0,"Contineum, Disc Medicine, Recursion Advance Pipelines Ahead of Catalysts, Morgan Stanley Says",MT Newswires,2026-08-17,0.0,4 AI-Powered Drug Discovery Stocks to Watch as AI Reshapes Pharma,Zacks,2026-08-17,0.0,,,,,,,,,,
INCY,Incyte,Biotech,oncology,NASDAQ,129.72,-0.18%,+5.06%,+9.13%,+27.90%,+52%,26.294,0.769,16.55,1.88,1162029,6124929,39700229,,8.62,buy,2.29,-0.18,99.82,-0.18,998.2,-1.8,9982.0,-18.0,5.06,105.06,5.06,1050.6,50.6,10506.0,506.0,9.13,109.13,9.13,1091.3,91.3,10913.0,913.0,27.9,127.9,27.9,1279.0,279.0,12790.0,2790.0,52.0,152.0,52.0,1520.0,520.0,15200.0,5200.0,"Here Are Thursday’s Top Wall Street Analyst Research Calls: Alphabet, Analog Devices, Crown Castle, ebay, EPR Properties, Etsy, Merck & Co., Shopify, TJX Companies, and More",24/7 Wall St.,2026-08-20,0.202,7 Growth Stocks Holding Up in a Tough Market,Barrons.com,2026-08-20,0.273,Incyte Stock: Is Wall Street Bullish or Bearish?,Barchart,2026-08-18,0.0,10,buy,0.75,"P/E 16.28, news sentiment 0.361, analyst buy, +26.02% YTD; good value with positive sentiment and oncology focus.",P/E 16.28; news sentiment 0.361; analyst buy; +26.02% YTD,,,,,
EXEL,Exelixis,Biotech,oncology,NASDAQ,56.72,+3.37%,+6.78%,+1.63%,+30.15%,+42%,14.054,0.422,17.84,2.64,1997758,10824558,59500558,,15.86,buy,2.4,3.37,103.37,3.37,1033.7,33.7,10337.0,337.0,6.78,106.78,6.78,1067.8,67.8,10678.0,678.0,1.63,101.63,1.63,1016.3,16.3,10163.0,163.0,30.15,130.15,30.15,1301.5,301.5,13015.0,3015.0,42.0,142.0,42.0,1420.0,420.0,14200.0,4200.0,Exelixis Owners Keep Getting A Bigger Slice Of A Company In Transition,Trefis,2026-08-24,0.0,"Exelixis, Valaris, and 3 More Stocks See Action From Activist Investors",Barrons.com,2026-08-21,0.0,Exelixis (EXEL) Q2 2026 Earnings Call Transcript,Motley Fool,2026-08-13,0.0,,,,,,,,,,
ALNY,Alnylam Pharmaceuticals,Biotech,oncology,NASDAQ,240.08,+1.80%,+5.02%,-13.76%,-40.01%,-48%,32.125,0.279,41.83,1.72,1571017,9188917,51472817,,4.78,buy,1.68,1.8,101.8,1.8,1018.0,18.0,10180.0,180.0,5.02,105.02,5.02,1050.2,50.2,10502.0,502.0,-13.76,86.24,-13.76,862.4,-137.6,8624.0,-1376.0,-40.01,59.99,-40.01,599.9,-400.1,5999.0,-4001.0,-48.0,52.0,-48.0,520.0,-480.0,5200.0,-4800.0,Alnylam Pharmaceuticals (ALNY) Stock Looks Cheap After A 47% Fall Yet Rich On Earnings,Simply Wall St.,2026-08-25,0.557,"Alnylam Pharmaceuticals (ALNY) Heads To ESC With New Data, Is It A Bargain?",Simply Wall St.,2026-08-24,0.202,Is Alnylam (ALNY) Turning Expanded HELIOS-B and Zilebesiran Data Into Durable Cardiovascular Leadership?,Simply Wall St.,2026-08-24,0.0,,,,,,,,,,
RCUS,Arcus Biosciences,Biotech,oncology,NYSE,31.57,+4.81%,+6.98%,+13.40%,+35.55%,+190%*,4.02,0.811,,1.32,655424,6369324,26493224,,16.82,strong_buy,1.46,4.81,104.81,4.81,1048.1,48.1,10481.0,481.0,6.98,106.98,6.98,1069.8,69.8,10698.0,698.0,13.4,113.4,13.4,1134.0,134.0,11340.0,1340.0,35.55,135.55,35.55,1355.5,355.5,13555.0,3555.0,190.0,290.0,190.0,2900.0,1900.0,29000.0,19000.0,Could Arcus Biosciences (RCUS) and Summit Therapeutics (SMMT)’s Cancer Drug Partnership Create a New Treatment Standard?,Insider Monkey,2026-08-14,-0.511,Arcus Biosciences (RCUS) Q2 2026 Earnings Call Transcript,Motley Fool,2026-08-13,0.0,"Arcus Biosciences' Casdatifan Therapy Could be Launched in 2028, Morgan Stanley Says",MT Newswires,2026-08-10,0.128,,,,,,,,,,
MRNA,Moderna,Biotech,mrna,NASDAQ,158.83,+14.20%,+152.27%,+185.51%,+414.68%,+462%,63.411,0.899,,13.18,48941708,466597208,561069108,,15.23,hold,2.83,14.2,114.2,14.2,1142.0,142.0,11420.0,1420.0,152.27,252.27,152.27,2522.7,1522.7,25227.0,15227.0,185.51,285.51,185.51,2855.1,1855.1,28551.0,18551.0,414.68,514.68,414.68,5146.8,4146.8,51468.0,41468.0,462.0,562.0,462.0,5620.0,4620.0,56200.0,46200.0,"US Equity Markets Higher as Crude Oil Prices, Bond Yields Drop After US Treasury Threatens Economic Sanctions on Iran",MT Newswires,2026-08-25,-0.765,Merck Just Gained 19% in a Month. What Would It Take to Get MRK Stock Up to $200?,24/7 Wall St.,2026-08-25,0.382,"Moderna, Nvidia, Apple, Dick’s, Robinhood, AMD, and More Stocks That Explain Today’s Market",Barrons.com,2026-08-25,0.0,1,strong_buy,1.0,Melanoma vaccine success with Merck drove +149.92% 1m surge and +370.29% YTD; catalyst transformative despite hold rating (an_score 2.83). [reuters.com](https://www.reuters.com/legal/litigation/merck-moderna-say-melanoma-skin-cancer-vaccine-meets-goals-large-trial-2026-08-19/),+149.92% 1m momentum; melanoma vaccine catalyst; YTD +370.29%,,,,,
BNTX,BioNTech,Biotech,mrna,NASDAQ,114.05,+0.71%,+22.96%,+25.21%,+17.95%,+8%,28.65,1.278,,1.16,1358780,18484380,35198380,,3.69,buy,1.6,0.71,100.71,0.71,1007.1,7.1,10071.0,71.0,22.96,122.96,22.96,1229.6,229.6,12296.0,2296.0,25.21,125.21,25.21,1252.1,252.1,12521.0,2521.0,17.95,117.95,17.95,1179.5,179.5,11795.0,1795.0,8.0,108.0,8.0,1080.0,80.0,10800.0,800.0,Merck Just Gained 19% in a Month. What Would It Take to Get MRK Stock Up to $200?,24/7 Wall St.,2026-08-25,0.382,"Moderna Rallies 11%, BioNTech Ticks Up: Is the mRNA Trade Down to One Name?",24/7 Wall St.,2026-08-25,0.0,Cancer Vaccine Breakthrough Lifts 5 Biotech Names. Here’s Who’s Best Positioned.,24/7 Wall St.,2026-08-25,-0.052,6,buy,0.7,"First-in-class Pumitamig plus B7H3 ADC lung data catalyst; analyst buy (an_score 1.6), +26.94% 1m, +25.22% 1w.",lung cancer data catalyst; analyst buy 1.6; +26.94% 1m; +25.22% 1w,,,,,
NVAX,Novavax,Biotech,mrna,NASDAQ,9.44,+6.55%,+19.04%,+26.03%,+32.40%,+18%*,1.557,2.416,,4.33,6859002,40307102,93318502,,27.86,none,,6.55,106.55,6.55,1065.5,65.5,10655.0,655.0,19.04,119.04,19.04,1190.4,190.4,11904.0,1904.0,26.03,126.03,26.03,1260.3,260.3,12603.0,2603.0,32.4,132.4,32.4,1324.0,324.0,13240.0,3240.0,18.0,118.0,18.0,1180.0,180.0,11800.0,1800.0,"Stocks making big moves this week: Bally's, Adobe, Novavax, Semtech, and STAAR Surgical",StockStory,2026-08-22,0.0,NVAX Stock Alert: Biotechs Hit Post-Pandemic High on mRNA Cancer Breakthrough,Barchart,2026-08-21,-0.494,3 Unprofitable Stocks Walking a Fine Line,StockStory,2026-08-21,0.202,,,,,,,,,,
BMRN,BioMarin Pharmaceutical,Biotech,rare-disease,NASDAQ,66.12,+2.31%,-1.30%,+9.71%,+11.22%,+13%,12.8,0.227,178.7,2.1,1358443,8469443,49788443,,6.48,buy,1.74,2.31,102.31,2.31,1023.1,23.1,10231.0,231.0,-1.3,98.7,-1.3,987.0,-13.0,9870.0,-130.0,9.71,109.71,9.71,1097.1,97.1,10971.0,971.0,11.22,111.22,11.22,1112.2,112.2,11122.0,1122.0,13.0,113.0,13.0,1130.0,130.0,11300.0,1300.0,BioMarin Pharmaceutical (BMRN) Agrees $490 Million Deal For Oral Rare Bone Disease Program,Simply Wall St.,2026-08-21,0.202,Therapeutics Stocks Q2 Results: Benchmarking BioMarin Pharmaceutical (NASDAQ:BMRN),StockStory,2026-08-20,0.0,Why BioMarin Pharmaceutical (BMRN) Stock Is Up Today,StockStory,2026-08-19,0.0,,,,,,,,,,
SRPT,Sarepta Therapeutics,Biotech,rare-disease,NASDAQ,18.92,+3.84%,+4.99%,+19.07%,-11.22%,-1%,1.998,0.205,,3.29,1696066,12608266,62884766,,31.28,hold,2.67,3.84,103.84,3.84,1038.4,38.4,10384.0,384.0,4.99,104.99,4.99,1049.9,49.9,10499.0,499.0,19.07,119.07,19.07,1190.7,190.7,11907.0,1907.0,-11.22,88.78,-11.22,887.8,-112.2,8878.0,-1122.0,-1.0,99.0,-1.0,990.0,-10.0,9900.0,-100.0,Sarepta (SRPT) Stock Looks Fully Valued As Sales Trail Fair Value,Simply Wall St.,2026-08-25,0.784,Moderna Stock Had A Readout Waiting In Plain Sight,Trefis,2026-08-24,0.0,KROS $20M Takeda Milestone Adds Cash but Revenue Visibility Stays Weak,Zacks,2026-08-24,-0.593,,,,,,,,,,
COAG,Hemab Therapeutics,Biotech,rare-disease,NASDAQ,49.65,+6.39%,-5.32%,-1.47%,+46.03%,+37%,2.319,,,0.33,526765,1961965,8290565,,,none,,6.39,106.39,6.39,1063.9,63.9,10639.0,639.0,-5.32,94.68,-5.32,946.8,-53.2,9468.0,-532.0,-1.47,98.53,-1.47,985.3,-14.7,9853.0,-147.0,46.03,146.03,46.03,1460.3,460.3,14603.0,4603.0,37.0,137.0,37.0,1370.0,370.0,13700.0,3700.0,Sector Update: Healthcare Stocks Advance Late Afternoon,MT Newswires,2026-07-13,0.0,"Hemab Therapeutics Details Post-IPO Pipeline Push, Sutacimig Phase III Plans",MarketBeat,2026-06-09,0.0,Hemab Therapeutics IPO Debut Puts COAG And Pipeline Risks In Focus,Simply Wall St.,2026-05-03,-0.273,,,,,,,,,,
NVO,Novo Nordisk,Biotech,metabolic,NYSE,48.66,+3.60%,+6.45%,-0.78%,-2.48%,-15%,215.179,0.349,11.87,12.35,15474954,65243054,309828854,383.0,0.93,hold,2.57,3.6,103.6,3.6,1036.0,36.0,10360.0,360.0,6.45,106.45,6.45,1064.5,64.5,10645.0,645.0,-0.78,99.22,-0.78,992.2,-7.8,9922.0,-78.0,-2.48,97.52,-2.48,975.2,-24.8,9752.0,-248.0,-15.0,85.0,-15.0,850.0,-150.0,8500.0,-1500.0,2 Stocks That Could Capitalize on the GLP-1 Boom,Motley Fool,2026-08-25,0.0,"European shares gain on softer US Iran sanctions, falling oil prices",Reuters,2026-08-25,0.612,LLY vs. ABBV: Which Stock Has the Stronger Growth Prospects?,Zacks,2026-08-25,0.751,,,,,,,,,,
LLY,Eli Lilly,Biotech,metabolic,NYSE,1233.66,-1.23%,+0.65%,+3.16%,+14.74%,+69%,1099.632,0.506,41.4,2.95,2123502,13448602,60882402,55.0,1.02,buy,1.7,-1.23,98.77,-1.23,987.7,-12.3,9877.0,-123.0,0.65,100.65,0.65,1006.5,6.5,10065.0,65.0,3.16,103.16,3.16,1031.6,31.6,10316.0,316.0,14.74,114.74,14.74,1147.4,147.4,11474.0,1474.0,69.0,169.0,69.0,1690.0,690.0,16900.0,6900.0,Dow Jones AI Giant Nvidia Tests Key Support Level As Pivotal Earnings Report Looms,Investor's Business Daily,2026-08-25,0.273,2 Stocks That Could Capitalize on the GLP-1 Boom,Motley Fool,2026-08-25,0.0,Lilly Gains as Foundayo Crosses the Atlantic Without a Needle,GuruFocus.com,2026-08-25,0.34,,,,,,,,,,
LEGN,Legend Biotech,Biotech,neuroscience,NASDAQ,21.3,+1.28%,-2.83%,+10.53%,-0.98%,-40%,4.143,0.387,,2.77,1403144,10164844,62778144,,22.31,buy,2.0,1.28,101.28,1.28,1012.8,12.8,10128.0,128.0,-2.83,97.17,-2.83,971.7,-28.3,9717.0,-283.0,10.53,110.53,10.53,1105.3,105.3,11053.0,1053.0,-0.98,99.02,-0.98,990.2,-9.8,9902.0,-98.0,-40.0,60.0,-40.0,600.0,-400.0,6000.0,-4000.0,Sector Update: Healthcare Stocks Advance Late Afternoon,MT Newswires,2026-08-12,0.0,"Here Are Wednesday’s Top Wall Street Analyst Research Calls: The Gap, Genmab, Hilton Worldwide, Intuitive Surgical, Marriott International, Merck, Novo Nordisk, Okta, and More",24/7 Wall St.,2026-08-12,0.202,Legend Biotech (LEGN) Q2 2026 Earnings Call Transcript,Motley Fool,2026-08-12,0.0,,,,,,,,,,
IONS,Ionis Pharmaceuticals,Biotech,neuroscience,NASDAQ,63.57,+2.28%,+6.63%,+13.60%,-20.21%,+47%,10.564,0.4,,2.9,2431263,12624063,53785863,,17.11,buy,1.79,2.28,102.28,2.28,1022.8,22.8,10228.0,228.0,6.63,106.63,6.63,1066.3,66.3,10663.0,663.0,13.6,113.6,13.6,1136.0,136.0,11360.0,1360.0,-20.21,79.79,-20.21,797.9,-202.1,7979.0,-2021.0,47.0,147.0,47.0,1470.0,470.0,14700.0,4700.0,Ionis (IONS) Stock Looks Like A Bargain On Value But Full On Sales,Simply Wall St.,2026-08-16,0.431,"Ionis Pharmaceuticals (IONS) Has A $92 Fair Value Narrative, Is The Stock A Bargain?",Simply Wall St.,2026-08-15,0.67,Ionis Stock Has Plunged 30%. Is It Time to Buy the Beaten-Down Stock?,Motley Fool,2026-08-14,0.0,,,,,,,,,,
BTC,Bitcoin,Crypto,bitcoin,Crypto,78268.114347,-0.74%,+21.22%,+21.17%,-10.57%,-11%,1571.243,,,43676.73,51335516519,305737120311,765468059889,,,,,-0.74,99.26,-0.74,992.6,-7.4,9926.0,-74.0,21.22,121.22,21.22,1212.2,212.2,12122.0,2122.0,21.17,121.17,21.17,1211.7,211.7,12117.0,2117.0,-10.57,89.43,-10.57,894.3,-105.7,8943.0,-1057.0,-11.0,89.0,-11.0,890.0,-110.0,8900.0,-1100.0,"Stock market today: Dow, S&P 500, Nasdaq rise as US-Canada trade tensions heat up, investors await Nvidia earnings",Yahoo Finance,2026-08-25,-0.318,"Bitcoin and ethereum prices today, Tuesday, August 25, 2026: Highest opening for bitcoin in over three months",Yahoo Personal Finance,2026-08-25,0.0,"Bitcoin Tests $80K, Analyst Sees Further Upside. BTC ETFs Form Bases.",Investor's Business Daily,2026-08-25,0.0,,,,,,,,,,
ETH,Ethereum,Crypto,layer1,Crypto,2439.835833,-1.31%,+27.58%,+27.63%,-17.76%,-18%,294.443,,,20986.66,20089039983,146906624915,301233920728,,,,,-1.31,98.69,-1.31,986.9,-13.1,9869.0,-131.0,27.58,127.58,27.58,1275.8,275.8,12758.0,2758.0,27.63,127.63,27.63,1276.3,276.3,12763.0,2763.0,-17.76,82.24,-17.76,822.4,-177.6,8224.0,-1776.0,-18.0,82.0,-18.0,820.0,-180.0,8200.0,-1800.0,"Bitcoin prices briefly hit $81K on Tuesday, but don't be alarmed if it falls back down",Yahoo Finance Video,2026-08-25,0.372,Goldman Sachs Reiterates Buy Ratings On Coinbase And Robinhood,CryptoProwl,2026-08-25,0.0,"Galaxy Launches BTC, ETH and SOL-Backed Credit Line on GalaxyOne",CryptoProwl,2026-08-25,0.382,6,buy,0.8,"ETH gained 32.36% in a month and 29.27% in a week with a $296B market cap; ETF inflow week of $2.08B and breakout above $2,500 align with altcoin rally per inflowscan.com.",+32.36% 1M return; +29.27% 1W return; large cap stability; ETF inflows & breakout,,,,,
SOL,Solana,Crypto,layer1,Crypto,96.778093,+0.37%,+25.95%,+28.57%,-22.28%,-22%,56.458,,,4244.36,4417663500,29710540958,59674043897,,,,,0.37,100.37,0.37,1003.7,3.7,10037.0,37.0,25.95,125.95,25.95,1259.5,259.5,12595.0,2595.0,28.57,128.57,28.57,1285.7,285.7,12857.0,2857.0,-22.28,77.72,-22.28,777.2,-222.8,7772.0,-2228.0,-22.0,78.0,-22.0,780.0,-220.0,7800.0,-2200.0,"Bitcoin prices briefly hit $81K on Tuesday, but don't be alarmed if it falls back down",Yahoo Finance Video,2026-08-25,0.372,Bitcoin cracks $81K but can't maintain the breakout,Yahoo Finance Video,2026-08-25,0.0,Solana Outpaces Bitcoin As Record $1.2B ETF Inflows Fuel SOL Rally Toward $100,Stocktwits,2026-08-25,0.0,9,buy,0.7,SOL returned 27.76% in a month and 25.07% in a week with a $55B market cap; altcoin rally and institutional infrastructure (Securitize fund addition) support it.,+27.76% 1M return; +25.07% 1W return; $55B market cap; institutional adoption,,,,,
BNB,BNB,Crypto,layer1,Crypto,693.268672,-1.37%,+15.06%,+21.06%,-19.68%,-20%,92.318,,,1380.72,1194308954,9665013556,22510178776,,,,,-1.37,98.63,-1.37,986.3,-13.7,9863.0,-137.0,15.06,115.06,15.06,1150.6,150.6,11506.0,1506.0,21.06,121.06,21.06,1210.6,210.6,12106.0,2106.0,-19.68,80.32,-19.68,803.2,-196.8,8032.0,-1968.0,-20.0,80.0,-20.0,800.0,-200.0,8000.0,-2000.0,Why the Senate Must Pass the CLARITY Act Before the Window Closes,Exec Edge,2026-08-25,0.532,"HYPE Is Surging – And These Three Trading Firms Are Sitting On $600M In BTC, ETH Shorts",Stocktwits,2026-08-24,0.0,500M SAND Minted in Sandbox Exploit as Korean Exchanges Freeze Transfers,CCN,2026-08-24,-0.052,,,,,,,,,,
ADA,Cardano,Crypto,layer1,Crypto,0.210424,-4.29%,+21.67%,+28.15%,-36.75%,-37%,7.722,,,669.07,576474397,4683468120,12036639998,,,,,-4.29,95.71,-4.29,957.1,-42.9,9571.0,-429.0,21.67,121.67,21.67,1216.7,216.7,12167.0,2167.0,28.15,128.15,28.15,1281.5,281.5,12815.0,2815.0,-36.75,63.25,-36.75,632.5,-367.5,6325.0,-3675.0,-37.0,63.0,-37.0,630.0,-370.0,6300.0,-3700.0,Mark Zuckerberg AI Predicts Cardano Could Have the Strangest Comeback of 2026,99bitcoins,2026-08-23,0.0,"Down 32% or More in 2026, Are Any of These Top Cryptocurrencies Worth Buying Right Now?",Motley Fool,2026-08-23,0.402,Why Cardano Was on Fire Today,Motley Fool,2026-08-21,-0.34,7,buy,0.75,"ADA returned 35.58% in a month and 24.41% in a week, with positive news sentiment 0.021; AI prediction of a 2026 comeback adds narrative fuel.",+35.58% 1M return; +24.41% 1W return; positive news sentiment 0.021; comeback narrative,,,,,
AVAX,Avalanche,Crypto,layer1,Crypto,7.362356,-2.46%,+16.56%,+10.44%,-40.18%,-40%,3.179,,,345.08,288842778,2415530564,6116910781,,,,,-2.46,97.54,-2.46,975.4,-24.6,9754.0,-246.0,16.56,116.56,16.56,1165.6,165.6,11656.0,1656.0,10.44,110.44,10.44,1104.4,104.4,11044.0,1044.0,-40.18,59.82,-40.18,598.2,-401.8,5982.0,-4018.0,-40.0,60.0,-40.0,600.0,-400.0,6000.0,-4000.0,,,,,,,,,,,,,,,,,,,,,,
XRP,XRP,Crypto,payments,Crypto,1.446516,-1.97%,+44.74%,+31.50%,-21.36%,-21%,90.761,,,5991.84,5800396927,41942909914,63796431115,,,,,-1.97,98.03,-1.97,980.3,-19.7,9803.0,-197.0,44.74,144.74,44.74,1447.4,447.4,14474.0,4474.0,31.5,131.5,31.5,1315.0,315.0,13150.0,3150.0,-21.36,78.64,-21.36,786.4,-213.6,7864.0,-2136.0,-21.0,79.0,-21.0,790.0,-210.0,7900.0,-2100.0,"XRP active addresses jump 655%, analyst warns of bigger moves",TheStreet,2026-08-25,0.318,How High Can XRP Go By September if the CLARITY Act Becomes Law?,24/7 Wall St.,2026-08-25,0.532,Bitcoin’s Blistering Rally Just Hit the Brakes. What Happens Next.,Barrons.com,2026-08-25,0.0,1,strong_buy,0.9,"XRP surged 47.94% in a week, 36.25% in a month, with positive news sentiment 0.088; ETF inflows of $13M and a $16B market cap shift support momentum per decrypt.co and ts2.tech.",+47.94% 1W return; positive news sentiment 0.088; ETF inflows & market cap shift; top 10 best performer,,,,,
XLM,Stellar,Crypto,payments,Crypto,0.18499,-3.91%,+20.29%,+3.37%,-7.80%,-8%,6.4,,,314.41,277116825,2200876360,4452653883,,,,,-3.91,96.09,-3.91,960.9,-39.1,9609.0,-391.0,20.29,120.29,20.29,1202.9,202.9,12029.0,2029.0,3.37,103.37,3.37,1033.7,33.7,10337.0,337.0,-7.8,92.2,-7.8,922.0,-78.0,9220.0,-780.0,-8.0,92.0,-8.0,920.0,-80.0,9200.0,-800.0,BEN's Digital Asset Strategy: Unlocking the Next Growth Opportunity,Zacks,2026-08-25,0.784,,,,,,,,,,,,,,,,,,
TRX,TRON,Crypto,payments,Crypto,0.337843,-1.67%,+1.55%,+1.83%,+18.81%,+19%,32.068,,,477.47,422278762,3342298649,11059542232,,,,,-1.67,98.33,-1.67,983.3,-16.7,9833.0,-167.0,1.55,101.55,1.55,1015.5,15.5,10155.0,155.0,1.83,101.83,1.83,1018.3,18.3,10183.0,183.0,18.81,118.81,18.81,1188.1,188.1,11881.0,1881.0,19.0,119.0,19.0,1190.0,190.0,11900.0,1900.0,TRM Labs Traces $16.8 Million Across 30 Sanctioned Iran-Linked Crypto Wallets,BeInCrypto,2026-08-25,0.0,Crypto Card Purchases Set New $1 Billion Monthly Record,99bitcoins,2026-08-24,0.0,Tron Inc. Treasury Tops 711 Million TRX as Stock Jumps 7.49%,BeInCrypto,2026-08-24,0.625,,,,,,,,,,
SUI,Sui,Crypto,emerging,Crypto,0.757859,-5.82%,+15.96%,+6.32%,-45.97%,-46%,3.088,,,671.91,710655384,4703397238,7838415628,,,,,-5.82,94.18,-5.82,941.8,-58.2,9418.0,-582.0,15.96,115.96,15.96,1159.6,159.6,11596.0,1596.0,6.32,106.32,6.32,1063.2,63.2,10632.0,632.0,-45.97,54.03,-45.97,540.3,-459.7,5403.0,-4597.0,-46.0,54.0,-46.0,540.0,-460.0,5400.0,-4600.0,Phantom to Drop Sui in Second Chain Exit,Bankless,2026-08-24,-0.273,,,,,,,,,,,,,,,,,,
HBAR,Hedera,Crypto,emerging,Crypto,0.0784,-1.64%,+18.36%,+12.10%,-26.17%,-26%,3.436,,,115.34,120731710,807356995,1649429659,,,,,-1.64,98.36,-1.64,983.6,-16.4,9836.0,-164.0,18.36,118.36,18.36,1183.6,183.6,11836.0,1836.0,12.1,112.1,12.1,1121.0,121.0,11210.0,1210.0,-26.17,73.83,-26.17,738.3,-261.7,7383.0,-2617.0,-26.0,74.0,-26.0,740.0,-260.0,7400.0,-2600.0,,,,,,,,,,,,,,,,,,,,,,
ALGO,Algorand,Crypto,emerging,Crypto,0.088972,-3.13%,+14.78%,+6.01%,-19.25%,-19%,0.804,,,36.45,34850458,255156957,740136451,,,,,-3.13,96.87,-3.13,968.7,-31.3,9687.0,-313.0,14.78,114.78,14.78,1147.8,147.8,11478.0,1478.0,6.01,106.01,6.01,1060.1,60.1,10601.0,601.0,-19.25,80.75,-19.25,807.5,-192.5,8075.0,-1925.0,-19.0,81.0,-19.0,810.0,-190.0,8100.0,-1900.0,,,,,,,,,,,,,,,,,,,,,,
MINA,Mina,Crypto,emerging,Crypto,0.060912,+3.31%,+52.99%,+36.16%,-19.37%,-19%,0.078,,,8.51,13607888,59541258,118343163,,,,,3.31,103.31,3.31,1033.1,33.1,10331.0,331.0,52.99,152.99,52.99,1529.9,529.9,15299.0,5299.0,36.16,136.16,36.16,1361.6,361.6,13616.0,3616.0,-19.37,80.63,-19.37,806.3,-193.7,8063.0,-1937.0,-19.0,81.0,-19.0,810.0,-190.0,8100.0,-1900.0,,,,,,,,,,,,,5,buy,0.75,"MINA surged 49.82% in a week and 35.37% in a month with +8.73% in 24h, the strongest daily move among emerging assets; small cap at $0.076B provides explosive upside.",+49.82% 1W return; +35.37% 1M return; strong daily +8.73%; small cap momentum,,,,,
POL,Polygon (MATIC),Crypto,infra,Crypto,0.121076,+5.92%,+48.07%,+57.92%,+20.55%,+21%,1.296,,,113.16,142452082,792102169,1420056452,,,,,5.92,105.92,5.92,1059.2,59.2,10592.0,592.0,48.07,148.07,48.07,1480.7,480.7,14807.0,4807.0,57.92,157.92,57.92,1579.2,579.2,15792.0,5792.0,20.55,120.55,20.55,1205.5,205.5,12055.0,2055.0,21.0,121.0,21.0,1210.0,210.0,12100.0,2100.0,,,,,,,,,,,,,3,strong_buy,0.85,"POL returned +43.89% in a week and +41.12% in a month, leading the infra category with YTD +7.67%; momentum aligns with altcoin breakout across sector.",+43.89% 1W return; +41.12% 1M return; YTD positive 7.67%; infra category leader,,,,,
DOT,Polkadot,Crypto,infra,Crypto,0.859782,-4.82%,+15.41%,+5.22%,-51.96%,-52%,1.461,,,132.17,120431435,925168075,2527812362,,,,,-4.82,95.18,-4.82,951.8,-48.2,9518.0,-482.0,15.41,115.41,15.41,1154.1,154.1,11541.0,1541.0,5.22,105.22,5.22,1052.2,52.2,10522.0,522.0,-51.96,48.04,-51.96,480.4,-519.6,4804.0,-5196.0,-52.0,48.0,-52.0,480.0,-520.0,4800.0,-5200.0,,,,,,,,,,,,,,,,,,,,,,
LINK,Chainlink,Crypto,infra,Crypto,11.287728,-2.44%,+19.18%,+31.72%,-7.43%,-7%,8.444,,,637.13,509428277,4459944053,9264632985,,,,,-2.44,97.56,-2.44,975.6,-24.4,9756.0,-244.0,19.18,119.18,19.18,1191.8,191.8,11918.0,1918.0,31.72,131.72,31.72,1317.2,317.2,13172.0,3172.0,-7.43,92.57,-7.43,925.7,-74.3,9257.0,-743.0,-7.0,93.0,-7.0,930.0,-70.0,9300.0,-700.0,Coinbase Put Nvidia and Apple Stock Onchain: But Does Weekend Trading Create Liquidation Risk?,Cryptonews,2026-08-25,0.0,Coinbase’s Tokenized Stocks Are Live on Base. The SEC’s Framework Isn’t.,Forkast News,2026-08-25,0.0,RWA Market and Tokenized Assets Beat Meme Coins With a 50% Rally,BeInCrypto,2026-08-24,0.178,4,buy,0.8,LINK broke above $12 with +39.05% 1M return and +22.39% weekly; spot ETF inflows of $4.46M and 1.78% of supply held by ETFs support breakout per coinpedia.org.,+39.05% 1M return; ETF inflows $4.46M; breakout above $12; institutional demand,,,,,
DOGE,Dogecoin,Crypto,meme,Crypto,0.086359,-3.27%,+22.99%,+19.00%,-26.37%,-26%,13.441,,,1315.13,1110312110,9205926664,17910985817,,,,,-3.27,96.73,-3.27,967.3,-32.7,9673.0,-327.0,22.99,122.99,22.99,1229.9,229.9,12299.0,2299.0,19.0,119.0,19.0,1190.0,190.0,11900.0,1900.0,-26.37,73.63,-26.37,736.3,-263.7,7363.0,-2637.0,-26.0,74.0,-26.0,740.0,-260.0,7400.0,-2600.0,Should You Buy Dogecoin While It's Below $0.10? The Answer Might Shock You.,Motley Fool,2026-08-24,-0.382,"Down 32% or More in 2026, Are Any of These Top Cryptocurrencies Worth Buying Right Now?",Motley Fool,2026-08-23,0.402,Bitcoin’s $77K Breakout Has Retail Buying The Rally – But Over $4.1B Crypto Bets Got Wiped Out In 2 Days,Stocktwits,2026-08-21,0.0,8,buy,0.7,DOGE gained 30.92% in a week and 32.64% in a month with high news sentiment 0.351; memecoin rotation and broad rally boosted it per CoinMarketCap.,+30.92% 1W return; +32.64% 1M return; high news sentiment 0.351; memecoin rotation,,,,,
PEPE,Pepe,Crypto,meme,Crypto,4e-06,-4.81%,+48.41%,+31.93%,-5.00%,-5%,1.586,,,525.94,455614275,3681602319,6497174359,,,,,-4.81,95.19,-4.81,951.9,-48.1,9519.0,-481.0,48.41,148.41,48.41,1484.1,484.1,14841.0,4841.0,31.93,131.93,31.93,1319.3,319.3,13193.0,3193.0,-5.0,95.0,-5.0,950.0,-50.0,9500.0,-500.0,-5.0,95.0,-5.0,950.0,-50.0,9500.0,-500.0,"Solana, Robinhood, BNB Clash for Meme Coin Season: Who is Winning the $3 Billion Rally?",BeInCrypto,2026-08-20,0.527,,,,,,,,,2,strong_buy,0.85,PEPE gained 53.98% in a week and 49.83% in a month with strong news sentiment 0.527; a broad crypto rally and memecoin rotation drove the move per CoinMarketCap.,+53.98% 1W return; high news sentiment 0.527; memecoin rotation leader; high-beta rally,,,,,
TAO,Bittensor,Crypto,ai,Crypto,228.558782,-5.22%,+19.88%,+16.08%,+4.52%,+5%,2.576,,,210.54,223339577,1473770883,3372679940,,,,,-5.22,94.78,-5.22,947.8,-52.2,9478.0,-522.0,19.88,119.88,19.88,1198.8,198.8,11988.0,1988.0,16.08,116.08,16.08,1160.8,160.8,11608.0,1608.0,4.52,104.52,4.52,1045.2,45.2,10452.0,452.0,5.0,105.0,5.0,1050.0,50.0,10500.0,500.0,,,,,,,,,,,,,,,,,,,,,,
FET,ASI Alliance,Crypto,ai,Crypto,0.162361,-6.25%,+35.34%,+3.55%,-18.29%,-18%,0.367,,,108.24,130028454,757703780,1810711521,,,,,-6.25,93.75,-6.25,937.5,-62.5,9375.0,-625.0,35.34,135.34,35.34,1353.4,353.4,13534.0,3534.0,3.55,103.55,3.55,1035.5,35.5,10355.0,355.0,-18.29,81.71,-18.29,817.1,-182.9,8171.0,-1829.0,-18.0,82.0,-18.0,820.0,-180.0,8200.0,-1800.0,,,,,,,,,,,,,,,,,,,,,,
RNDR,Render,Crypto,ai,Crypto,1.486361,-0.26%,+17.89%,+1.19%,+15.75%,+16%,0.771,,,51.1,61277663,357695066,846964850,,,,,-0.26,99.74,-0.26,997.4,-2.6,9974.0,-26.0,17.89,117.89,17.89,1178.9,178.9,11789.0,1789.0,1.19,101.19,1.19,1011.9,11.9,10119.0,119.0,15.75,115.75,15.75,1157.5,157.5,11575.0,1575.0,16.0,116.0,16.0,1160.0,160.0,11600.0,1600.0,,,,,,,,,,,,,,,,,,,,,,
OCEAN,Ocean Protocol,Crypto,ai,Crypto,0.136589,-0.59%,+36.04%,+28.89%,-9.29%,-9%,,,,0.53,201808,3734599,4626585,,,,,-0.59,99.41,-0.59,994.1,-5.9,9941.0,-59.0,36.04,136.04,36.04,1360.4,360.4,13604.0,3604.0,28.89,128.89,28.89,1288.9,288.9,12889.0,2889.0,-9.29,90.71,-9.29,907.1,-92.9,9071.0,-929.0,-9.0,91.0,-9.0,910.0,-90.0,9100.0,-900.0,,,,,,,,,,,,,10,buy,0.65,"OCEAN surged 41.05% in a week and 26.83% in a month, with strong weekly momentum in the AI category despite no market cap data; benefits from altcoin rally.",+41.05% 1W return; +26.83% 1M return; AI category momentum; altcoin rally tailwind,,,,,
GRT,The Graph,Crypto,ai,Crypto,0.017598,-1.31%,+33.57%,+10.26%,-47.07%,-47%,0.193,,,23.24,24223767,162672489,427928779,,,,,-1.31,98.69,-1.31,986.9,-13.1,9869.0,-131.0,33.57,133.57,33.57,1335.7,335.7,13357.0,3357.0,10.26,110.26,10.26,1102.6,102.6,11026.0,1026.0,-47.07,52.93,-47.07,529.3,-470.7,5293.0,-4707.0,-47.0,53.0,-47.0,530.0,-470.0,5300.0,-4700.0,,,,,,,,,,,,,,,,,,,,,,
AGIX,SingularityNET,Crypto,ai,Crypto,0.071978,-4.50%,+37.42%,+5.20%,-16.06%,-16%,,,,0.02,17543,113594,244579,,,,,-4.5,95.5,-4.5,955.0,-45.0,9550.0,-450.0,37.42,137.42,37.42,1374.2,374.2,13742.0,3742.0,5.2,105.2,5.2,1052.0,52.0,10520.0,520.0,-16.06,83.94,-16.06,839.4,-160.6,8394.0,-1606.0,-16.0,84.0,-16.0,840.0,-160.0,8400.0,-1600.0,,,,,,,,,,,,,,,,,,,,,,
NMR,Numeraire,Crypto,ai,Crypto,8.998449,-1.40%,+14.52%,+0.68%,-5.82%,-6%,0.067,,,5.03,4999400,35181980,135395219,,,,,-1.4,98.6,-1.4,986.0,-14.0,9860.0,-140.0,14.52,114.52,14.52,1145.2,145.2,11452.0,1452.0,0.68,100.68,0.68,1006.8,6.8,10068.0,68.0,-5.82,94.18,-5.82,941.8,-58.2,9418.0,-582.0,-6.0,94.0,-6.0,940.0,-60.0,9400.0,-600.0,,,,,,,,,,,,,,,,,,,,,,
ALT,AltLayer,Crypto,ai,Crypto,0.006195,-3.43%,+6.07%,+3.14%,-45.89%,-46%,0.044,,,5.58,7612001,39061061,125120913,,,,,-3.43,96.57,-3.43,965.7,-34.3,9657.0,-343.0,6.07,106.07,6.07,1060.7,60.7,10607.0,607.0,3.14,103.14,3.14,1031.4,31.4,10314.0,314.0,-45.89,54.11,-45.89,541.1,-458.9,5411.0,-4589.0,-46.0,54.0,-46.0,540.0,-460.0,5400.0,-4600.0,,,,,,,,,,,,,,,,,,,,,,
AIOZ,AIOZ Network,Crypto,ai,Crypto,0.053407,-2.13%,+11.72%,+9.47%,-38.36%,-38%,0.068,,,3.47,3370567,24273561,97326367,,,,,-2.13,97.87,-2.13,978.7,-21.3,9787.0,-213.0,11.72,111.72,11.72,1117.2,117.2,11172.0,1172.0,9.47,109.47,9.47,1094.7,94.7,10947.0,947.0,-38.36,61.64,-38.36,616.4,-383.6,6164.0,-3836.0,-38.0,62.0,-38.0,620.0,-380.0,6200.0,-3800.0,,,,,,,,,,,,,,,,,,,,,,
ARKM,Arkham,Crypto,ai,Crypto,0.109338,-3.45%,+26.49%,+3.03%,-38.03%,-38%,0.025,,,9.69,9806968,67858002,177820610,,,,,-3.45,96.55,-3.45,965.5,-34.5,9655.0,-345.0,26.49,126.49,26.49,1264.9,264.9,12649.0,2649.0,3.03,103.03,3.03,1030.3,30.3,10303.0,303.0,-38.03,61.97,-38.03,619.7,-380.3,6197.0,-3803.0,-38.0,62.0,-38.0,620.0,-380.0,6200.0,-3800.0,,,,,,,,,,,,,,,,,,,,,,
WLD,Worldcoin,Crypto,ai,Crypto,0.382069,-5.65%,+18.29%,+9.37%,-20.57%,-21%,1.38,,,237.2,220487150,1660406073,4289856898,,,,,-5.65,94.35,-5.65,943.5,-56.5,9435.0,-565.0,18.29,118.29,18.29,1182.9,182.9,11829.0,1829.0,9.37,109.37,9.37,1093.7,93.7,10937.0,937.0,-20.57,79.43,-20.57,794.3,-205.7,7943.0,-2057.0,-21.0,79.0,-21.0,790.0,-210.0,7900.0,-2100.0,,,,,,,,,,,,,,,,,,,,,,
NEAR,NEAR Protocol,Crypto,ai,Crypto,1.853491,-4.77%,+15.91%,+3.50%,+22.55%,+23%,2.418,,,328.02,409511998,2296141977,5187651145,,,,,-4.77,95.23,-4.77,952.3,-47.7,9523.0,-477.0,15.91,115.91,15.91,1159.1,159.1,11591.0,1591.0,3.5,103.5,3.5,1035.0,35.0,10350.0,350.0,22.55,122.55,22.55,1225.5,225.5,12255.0,2255.0,23.0,123.0,23.0,1230.0,230.0,12300.0,2300.0,,,,,,,,,,,,,,,,,,,,,,
ICP,Internet Computer,Crypto,ai,Crypto,2.375666,-2.00%,+8.84%,+9.69%,-16.20%,-16%,1.321,,,63.69,53645450,445856591,1134938464,,,,,-2.0,98.0,-2.0,980.0,-20.0,9800.0,-200.0,8.84,108.84,8.84,1088.4,88.4,10884.0,884.0,9.69,109.69,9.69,1096.9,96.9,10969.0,969.0,-16.2,83.8,-16.2,838.0,-162.0,8380.0,-1620.0,-16.0,84.0,-16.0,840.0,-160.0,8400.0,-1600.0,,,,,,,,,,,,,,,,,,,,,,
KAITO,Kaito,Crypto,ai,Crypto,0.324441,-4.74%,-2.47%,-72.20%,-35.91%,-36%,0.078,,,46.05,39868715,322328727,1626052337,,,,,-4.74,95.26,-4.74,952.6,-47.4,9526.0,-474.0,-2.47,97.53,-2.47,975.3,-24.7,9753.0,-247.0,-72.2,27.8,-72.2,278.0,-722.0,2780.0,-7220.0,-35.91,64.09,-35.91,640.9,-359.1,6409.0,-3591.0,-36.0,64.0,-36.0,640.0,-360.0,6400.0,-3600.0,,,,,,,,,,,,,,,,,,,,,,
VIRTUAL,Virtuals Protocol,Crypto,ai,Crypto,0.734564,-6.46%,+26.93%,+24.87%,+13.64%,+14%,0.484,,,96.99,202338083,678952780,1525521812,,,,,-6.46,93.54,-6.46,935.4,-64.6,9354.0,-646.0,26.93,126.93,26.93,1269.3,269.3,12693.0,2693.0,24.87,124.87,24.87,1248.7,248.7,12487.0,2487.0,13.64,113.64,13.64,1136.4,136.4,11364.0,1364.0,14.0,114.0,14.0,1140.0,140.0,11400.0,1400.0,,,,,,,,,,,,,,,,,,,,,,
LMT,Lockheed Martin,Defence,us-primes,NYSE,556.52,-1.50%,-8.34%,-4.05%,+13.29%,+24%,128.439,0.11,20.51,1.23,1259410,6001310,24472410,245.0,1.41,hold,2.52,-1.5,98.5,-1.5,985.0,-15.0,9850.0,-150.0,-8.34,91.66,-8.34,916.6,-83.4,9166.0,-834.0,-4.05,95.95,-4.05,959.5,-40.5,9595.0,-405.0,13.29,113.29,13.29,1132.9,132.9,11329.0,1329.0,24.0,124.0,24.0,1240.0,240.0,12400.0,2400.0,Lockheed Martin (LMT) Expands Into AI Airspace Monitoring And Sea Launch,Simply Wall St.,2026-08-25,0.103,Is GE Stock Worth Its Steep Peer Premium?,Trefis,2026-08-25,0.226,3 Reasons LMT is Risky and 1 Stock to Buy Instead,StockStory,2026-08-25,-0.202,,,,,,,,,,
RTX,RTX Corporation,Defence,us-primes,NYSE,210.28,+0.40%,-6.75%,-3.41%,+13.52%,+31%,283.406,0.294,37.09,5.16,4788071,24581571,110274671,140.0,1.34,buy,1.87,0.4,100.4,0.4,1004.0,4.0,10040.0,40.0,-6.75,93.25,-6.75,932.5,-67.5,9325.0,-675.0,-3.41,96.59,-3.41,965.9,-34.1,9659.0,-341.0,13.52,113.52,13.52,1135.2,135.2,11352.0,1352.0,31.0,131.0,31.0,1310.0,310.0,13100.0,3100.0,"Top Stock Reports for Berkshire Hathaway, Roche & RTX",Zacks,2026-08-25,0.202,Is GE Stock Worth Its Steep Peer Premium?,Trefis,2026-08-25,0.226,RTX vs. LHX: Which Aerospace Player Holds Stronger Momentum Right Now?,Zacks,2026-08-25,0.382,,,,,,,,,,
NOC,Northrop Grumman,Defence,us-primes,NYSE,542.52,-1.29%,-7.91%,-0.92%,-6.66%,-7%,77.072,-0.108,17.24,0.94,553505,3828905,15073705,180.0,1.62,buy,2.09,-1.29,98.71,-1.29,987.1,-12.9,9871.0,-129.0,-7.91,92.09,-7.91,920.9,-79.1,9209.0,-791.0,-0.92,99.08,-0.92,990.8,-9.2,9908.0,-92.0,-6.66,93.34,-6.66,933.4,-66.6,9334.0,-666.0,-7.0,93.0,-7.0,930.0,-70.0,9300.0,-700.0,Is GE Stock Worth Its Steep Peer Premium?,Trefis,2026-08-25,0.226,“I Don’t Buy IPOs”: Veteran Investor Names 3 Profitable Space Stocks to Own Instead of SpaceX,24/7 Wall St.,2026-08-25,0.44,LMT vs. NOC: Which Defense Stock Offers Better Growth Prospects?,Zacks,2026-08-24,0.802,,,,,,,,,,
GD,General Dynamics,Defence,us-primes,NYSE,376.58,-1.22%,-4.30%,-3.23%,+11.11%,+19%,101.886,0.328,22.98,1.16,978570,4356370,21415770,166.0,1.01,buy,2.12,-1.22,98.78,-1.22,987.8,-12.2,9878.0,-122.0,-4.3,95.7,-4.3,957.0,-43.0,9570.0,-430.0,-3.23,96.77,-3.23,967.7,-32.3,9677.0,-323.0,11.11,111.11,11.11,1111.1,111.1,11111.0,1111.0,19.0,119.0,19.0,1190.0,190.0,11900.0,1900.0,"Boeing Lands $131 Bil F-15 Fighter Jet Contract, Analyst Lifts Booz Allen Targets",Investor's Business Daily,2026-08-25,0.153,Is Textron Benefiting from the Growing Demand for Light Jets?,Zacks,2026-08-25,0.052,Boeing Is Delivering Airplanes Faster Than It Is Delivering Cash,Trefis,2026-08-21,0.0,,,,,,,,,,
HII,Huntington Ingalls Industries,Defence,us-primes,NYSE,291.15,-1.64%,-8.33%,+1.01%,-16.13%,+8%,11.473,0.241,17.34,0.51,363872,1998872,11981572,187.0,3.32,buy,2.08,-1.64,98.36,-1.64,983.6,-16.4,9836.0,-164.0,-8.33,91.67,-8.33,916.7,-83.3,9167.0,-833.0,1.01,101.01,1.01,1010.1,10.1,10101.0,101.0,-16.13,83.87,-16.13,838.7,-161.3,8387.0,-1613.0,8.0,108.0,8.0,1080.0,80.0,10800.0,800.0,3 Reasons to Avoid HII and 1 Stock to Buy Instead,StockStory,2026-08-24,-0.296,Huntington Ingalls Industries (HII) Stock Could Be A Bargain On Cash Flow And Earnings,Simply Wall St.,2026-08-21,0.202,Huntington Ingalls Industries (HII) Landed A $2.2 Billion Defense Task Order,Simply Wall St.,2026-08-20,0.128,,,,,,,,,,
LHX,L3Harris Technologies,Defence,us-primes,NYSE,262.17,-0.16%,-6.21%,-13.61%,-13.25%,-5%,48.82,0.746,26.46,1.48,1548142,7900242,37879742,190.0,2.38,buy,1.65,-0.16,99.84,-0.16,998.4,-1.6,9984.0,-16.0,-6.21,93.79,-6.21,937.9,-62.1,9379.0,-621.0,-13.61,86.39,-13.61,863.9,-136.1,8639.0,-1361.0,-13.25,86.75,-13.25,867.5,-132.5,8675.0,-1325.0,-5.0,95.0,-5.0,950.0,-50.0,9500.0,-500.0,“I Don’t Buy IPOs”: Veteran Investor Names 3 Profitable Space Stocks to Own Instead of SpaceX,24/7 Wall St.,2026-08-25,0.44,RTX vs. LHX: Which Aerospace Player Holds Stronger Momentum Right Now?,Zacks,2026-08-25,0.382,Can NITE-STAR Expand Rocket Lab's Space Infrastructure Opportunity?,Zacks,2026-08-24,0.625,,,,,,,,,,
BA,Boeing,Defence,us-primes,NYSE,211.08,-0.09%,-5.37%,-0.20%,-7.33%,-10%,166.709,1.221,75.93,5.98,4824626,31860226,132971026,,0.01,buy,1.54,-0.09,99.91,-0.09,999.1,-0.9,9991.0,-9.0,-5.37,94.63,-5.37,946.3,-53.7,9463.0,-537.0,-0.2,99.8,-0.2,998.0,-2.0,9980.0,-20.0,-7.33,92.67,-7.33,926.7,-73.3,9267.0,-733.0,-10.0,90.0,-10.0,900.0,-100.0,9000.0,-1000.0,"Boeing Lands $131 Bil F-15 Fighter Jet Contract, Analyst Lifts Booz Allen Targets",Investor's Business Daily,2026-08-25,0.153,Is GE Stock Worth Its Steep Peer Premium?,Trefis,2026-08-25,0.226,A $131 Billion Shot in the Arm: How Boeing’s New F-15 Deal Can Help Shares,Barrons.com,2026-08-25,0.599,,,,,,,,,,
BA.L,BAE Systems,Defence,uk-european,LSE,28.64,+0.05%,-5.71%,+4.90%,+19.63%,+20%,0.838,-0.052,29.97,6.44,5645870,22111987,132623227,180.0,,buy,2.21,0.05,100.05,0.05,1000.5,0.5,10005.0,5.0,-5.71,94.29,-5.71,942.9,-57.1,9429.0,-571.0,4.9,104.9,4.9,1049.0,49.0,10490.0,490.0,19.63,119.63,19.63,1196.3,196.3,11963.0,1963.0,20.0,120.0,20.0,1200.0,200.0,12000.0,2000.0,Can HII Benefit From Growing Demand for Submarine Construction?,Zacks,2026-08-19,0.494,BAE Systems (LSE:BA.) THREADS Progress Keeps Its Undervalued Narrative In Play,Simply Wall St.,2026-08-15,0.637,What Does BAE Systems (LSE:BA.) Fine Over China Tech Transfers Mean?,Simply Wall St.,2026-08-15,0.202,8,buy,0.65,"BA.L +11.4% in 1M, YTD +21.2%, P/E 30.4, positive sentiment 0.222, UK defence exposure.",1M +11.37%; YTD +21.22%; P/E 30.37; Positive sentiment 0.222,,,,,
RR.L,Rolls-Royce Holdings,Defence,uk-european,LSE,20.88,+1.99%,-0.51%,+8.24%,+27.83%,+42%,1.724,1.19,42.5,25.2,10088481,73356785,505928213,80.0,,buy,1.6,1.99,101.99,1.99,1019.9,19.9,10199.0,199.0,-0.51,99.49,-0.51,994.9,-5.1,9949.0,-51.0,8.24,108.24,8.24,1082.4,82.4,10824.0,824.0,27.83,127.83,27.83,1278.3,278.3,12783.0,2783.0,42.0,142.0,42.0,1420.0,420.0,14200.0,4200.0,Florida real estate mogul says your home is ‘a terrible investment’ — and he’d put $100K somewhere else. Is he right?,Moneywise,2026-08-21,-0.477,U.K. ETFs in Spotlight as Andy Burnham Completes First Month as PM,Zacks,2026-08-20,0.0,Rolls-Royce Stock Hits First New High In 14 Years. Firm Announces Engine Project.,Investor's Business Daily,2026-08-17,0.0,9,buy,0.75,"RR.L +9.5% in 1M, YTD +25.5%, analyst buy consensus (score 1.6), P/E 41.7, positive sentiment 0.136.",YTD +25.51%; Analyst buy score 1.6; 1M +9.45%; Positive sentiment 0.136,,,,,
QQ.L,QinetiQ Group,Defence,uk-european,LSE,7.18,-0.75%,-4.36%,+7.13%,+18.39%,+12%,0.037,0.343,26.3,2.13,680627,9153487,49575062,208.0,,buy,1.75,-0.75,99.25,-0.75,992.5,-7.5,9925.0,-75.0,-4.36,95.64,-4.36,956.4,-43.6,9564.0,-436.0,7.13,107.13,7.13,1071.3,71.3,10713.0,713.0,18.39,118.39,18.39,1183.9,183.9,11839.0,1839.0,12.0,112.0,12.0,1120.0,120.0,11200.0,1200.0,3 UK Penny Stocks With Market Caps Over £300M To Consider,Simply Wall St.,2026-06-11,0.0,UK Growth Stocks With Insider Ownership Up To 20%,Simply Wall St.,2026-06-11,0.382,UK Stocks That May Be Trading Below Fair Value In June 2026,Simply Wall St.,2026-06-02,0.572,7,buy,0.7,"QQ.L +15.9% in 1M, YTD +21.5%, P/E 27 reasonable, positive news sentiment 0.296, small cap UK defence.",1M +15.85%; YTD +21.54%; P/E 27; Positive sentiment 0.296,,,,,
PLTR,Palantir Technologies,Defence,cyber-intel,NASDAQ,172.73,-1.61%,+0.69%,+31.32%,+2.90%,+9%,415.08,1.563,146.38,43.31,24434089,163776789,1012377189,,3.17,buy,1.81,-1.61,98.39,-1.61,983.9,-16.1,9839.0,-161.0,0.69,100.69,0.69,1006.9,6.9,10069.0,69.0,31.32,131.32,31.32,1313.2,313.2,13132.0,3132.0,2.9,102.9,2.9,1029.0,29.0,10290.0,290.0,9.0,109.0,9.0,1090.0,90.0,10900.0,900.0,"New disclosure: Trump owns SpaceX, Disney shares — and is reaping profits from oil & gas stocks",Yahoo Finance Video,2026-08-25,0.625,Cathie Wood's Biggest Buy Last Week Was SpaceX. She Sold Almost Exactly That Much Palantir the Same Day.,Motley Fool,2026-08-25,0.0,Palantir's Maven Is Now an Official Pentagon Program of Record. Here's What Guaranteed Budget Dollars Are Worth.,Motley Fool,2026-08-25,0.226,1,strong_buy,0.85,"PLTR surged 44% in 1M after Q2 revenue of $1.94B beat estimates by 8%, commercial revenue +149% YoY, and AI sovereignty demand driving growth. P/E 154 is high but justified by accelerating revenue.",1M +44.45%; Q2 revenue beat $1.94B; AI sovereignty catalyst; Analyst buy score 1.81,,,,,
LDOS,Leidos Holdings,Defence,cyber-intel,NYSE,134.54,-3.21%,-6.23%,+17.04%,-26.23%,-24%,16.923,0.546,12.56,1.66,1246082,5269982,33892382,124.0,4.74,buy,2.35,-3.21,96.79,-3.21,967.9,-32.1,9679.0,-321.0,-6.23,93.77,-6.23,937.7,-62.3,9377.0,-623.0,17.04,117.04,17.04,1170.4,170.4,11704.0,1704.0,-26.23,73.77,-26.23,737.7,-262.3,7377.0,-2623.0,-24.0,76.0,-24.0,760.0,-240.0,7600.0,-2400.0,"Leidos Holdings (LDOS) Dropped, So What Is Driving Attention Now?",Simply Wall St.,2026-08-25,0.0,2 S&P 500 Stocks to Research Further and 1 We Ignore,StockStory,2026-08-25,-0.361,3 Stocks Came Roaring Back—Now They’re Flashing Warning Signs,MarketBeat,2026-08-22,-0.34,3,buy,0.8,"LDOS +31.8% in 1M, Q2 revenue $4.56B up 7% YoY, raised FY2026 guidance, $5B contract awards, P/E 13.2 cheap.",1M +31.82%; Q2 revenue beat; Raised guidance; P/E 13.2,,,,,
CACI,CACI International,Defence,cyber-intel,NYSE,612.1,-2.22%,-6.70%,+23.43%,+13.90%,+32%,13.527,0.541,25.3,0.29,321448,1140248,6576448,,7.9,buy,1.56,-2.22,97.78,-2.22,977.8,-22.2,9778.0,-222.0,-6.7,93.3,-6.7,933.0,-67.0,9330.0,-670.0,23.43,123.43,23.43,1234.3,234.3,12343.0,2343.0,13.9,113.9,13.9,1139.0,139.0,11390.0,1390.0,32.0,132.0,32.0,1320.0,320.0,13200.0,3200.0,1 Unpopular Stock That Deserves Some Love and 2 That Underwhelm,StockStory,2026-08-16,0.637,CACI (CACI) Stock May Trade Below Fair Value While Earnings Look Rich,Simply Wall St.,2026-08-15,0.807,2 Surging  Stocks for Long-Term Investors and 1 That Underwhelm,StockStory,2026-08-14,0.0,2,strong_buy,0.9,"CACI +38.5% in 1M, Q2 revenue $2.71B beat estimates, EPS $8.91 vs $7.23 beat, FY2027 guidance above expectations, $10B contract awards, backlog $32B.",1M +38.50%; Q2 EPS beat 23%; FY2027 guidance above estimates; Backlog $32B,,,,,
SAIC,Science Applications International,Defence,cyber-intel,NYSE,127.28,+0.34%,+1.06%,+7.43%,+27.07%,+6%,5.381,0.286,14.33,0.53,465625,2041825,8598425,117.0,6.3,hold,2.82,0.34,100.34,0.34,1003.4,3.4,10034.0,34.0,1.06,101.06,1.06,1010.6,10.6,10106.0,106.0,7.43,107.43,7.43,1074.3,74.3,10743.0,743.0,27.07,127.07,27.07,1270.7,270.7,12707.0,2707.0,6.0,106.0,6.0,1060.0,60.0,10600.0,600.0,3 Value Stocks with Warning Signs,StockStory,2026-08-25,0.0,ACN or SAIC: Which IT Services Stock Should You Buy Currently?,Zacks,2026-08-24,0.0,Is Science Applications International (SAIC) Stock Undervalued Right Now?,Zacks,2026-08-24,0.0,10,buy,0.6,"SAIC +10.4% in 1M, YTD +27.8%, P/E 14.4 cheap, positive sentiment 0.236, but analyst hold.",YTD +27.82%; 1M +10.43%; P/E 14.4; Positive sentiment 0.236,,,,,
BAH,Booz Allen Hamilton,Defence,cyber-intel,NYSE,73.83,-1.57%,-2.55%,+3.84%,-11.04%,-32%,8.881,0.354,11.59,2.27,1386638,8441838,43412538,314.0,7.86,hold,2.86,-1.57,98.43,-1.57,984.3,-15.7,9843.0,-157.0,-2.55,97.45,-2.55,974.5,-25.5,9745.0,-255.0,3.84,103.84,3.84,1038.4,38.4,10384.0,384.0,-11.04,88.96,-11.04,889.6,-110.4,8896.0,-1104.0,-32.0,68.0,-32.0,680.0,-320.0,6800.0,-3200.0,"Boeing Lands $131 Bil F-15 Fighter Jet Contract, Analyst Lifts Booz Allen Targets",Investor's Business Daily,2026-08-25,0.153,The Hidden Turbulence Priced Into Accenture Stock,Trefis,2026-08-25,0.0,ACN Stock: Why The Discount May Not Last,Trefis,2026-08-24,0.0,,,,,,,,,,
AVAV,AeroVironment,Defence,drones,NASDAQ,147.42,-1.39%,-15.34%,-4.42%,-42.46%,-40%,7.492,1.412,,1.66,1175537,6211537,25979837,,11.32,buy,1.6,-1.39,98.61,-1.39,986.1,-13.9,9861.0,-139.0,-15.34,84.66,-15.34,846.6,-153.4,8466.0,-1534.0,-4.42,95.58,-4.42,955.8,-44.2,9558.0,-442.0,-42.46,57.54,-42.46,575.4,-424.6,5754.0,-4246.0,-40.0,60.0,-40.0,600.0,-400.0,6000.0,-4000.0,Here's Why AeroVironment (AVAV) Fell More Than Broader Market,Zacks,2026-08-24,0.0,"nLIGHT, AAON, AeroVironment, Kratos, and ChargePoint Shares Are Falling, What You Need To Know",StockStory,2026-08-24,0.153,"Drone Stocks Slide as Risk Appetite Fades: Unusual Machines Tumbles 9%, Red Cat Falls 7%, Ondas Declines 5%",24/7 Wall St.,2026-08-24,-0.273,,,,,,,,,,
KTOS,Kratos Defense,Defence,drones,NASDAQ,52.64,-1.44%,-15.08%,+6.45%,-33.61%,-22%,9.872,1.106,309.65,4.72,2327194,16309594,85338294,,5.84,strong_buy,1.43,-1.44,98.56,-1.44,985.6,-14.4,9856.0,-144.0,-15.08,84.92,-15.08,849.2,-150.8,8492.0,-1508.0,6.45,106.45,6.45,1064.5,64.5,10645.0,645.0,-33.61,66.39,-33.61,663.9,-336.1,6639.0,-3361.0,-22.0,78.0,-22.0,780.0,-220.0,7800.0,-2200.0,"nLIGHT, AAON, AeroVironment, Kratos, and ChargePoint Shares Are Falling, What You Need To Know",StockStory,2026-08-24,0.153,General Electric (GE) Could Be 14% Overvalued On Air Force Contract Win And Capital Returns,Simply Wall St.,2026-08-22,0.586,"Trump’s New Drone Tariffs Give AeroVironment, Kratos and Red Cat a Policy Tailwind",Insider Monkey,2026-08-21,0.0,6,strong_buy,0.7,"KTOS +19.4% in 1M, strong_buy analyst consensus, positive sentiment 0.252, but P/E 336 high and YTD -27.9%.",1M +19.38%; Strong_buy analyst; Positive sentiment 0.252; Drone tariff tailwind,,,,,
RCAT,Red Cat Holdings,Defence,drones,NASDAQ,9.1,+1.56%,-10.83%,+16.82%,-0.66%,-5%,1.39,1.349,,12.49,4875174,33732474,205821574,,23.21,strong_buy,1.17,1.56,101.56,1.56,1015.6,15.6,10156.0,156.0,-10.83,89.17,-10.83,891.7,-108.3,8917.0,-1083.0,16.82,116.82,16.82,1168.2,168.2,11682.0,1682.0,-0.66,99.34,-0.66,993.4,-6.6,9934.0,-66.0,-5.0,95.0,-5.0,950.0,-50.0,9500.0,-500.0,"Drone Stocks Slide as Risk Appetite Fades: Unusual Machines Tumbles 9%, Red Cat Falls 7%, Ondas Declines 5%",24/7 Wall St.,2026-08-24,-0.273,Red Cat (RCAT) Stock Could Be Above Fair Value As Tariff News Lifts Sentiment,Simply Wall St.,2026-08-23,0.572,Is Red Cat Holdings (RCAT) Quietly Recasting Its Identity From Drone Maker To Full Autonomy Platform?,Simply Wall St.,2026-08-23,0.0,5,strong_buy,0.65,"RCAT +22.9% in 1M, strong_buy analyst consensus (score 1.17), positive news sentiment 0.328, but high short interest 23.2% and no P/E.",1M +22.86%; Strong_buy analyst; Positive sentiment 0.328; Drone tariff tailwind,,,,,
TXT,Textron,Defence,drones,NYSE,81.8,-1.54%,-6.12%,-14.91%,-5.99%,+1%,14.224,0.908,15.4,1.58,1150662,6888062,38580362,10.0,4.55,buy,2.19,-1.54,98.46,-1.54,984.6,-15.4,9846.0,-154.0,-6.12,93.88,-6.12,938.8,-61.2,9388.0,-612.0,-14.91,85.09,-14.91,850.9,-149.1,8509.0,-1491.0,-5.99,94.01,-5.99,940.1,-59.9,9401.0,-599.0,1.0,101.0,1.0,1010.0,10.0,10100.0,100.0,Is Textron Benefiting from the Growing Demand for Light Jets?,Zacks,2026-08-25,0.052,"Boston Whaler parent Brunswick bets on AI self-docking boats, Textron defense deal to power growth",Yahoo Finance,2026-08-21,0.477,Are Wall Street Analysts Bullish on Textron Stock?,Barchart,2026-08-20,0.0,,,,,,,,,,
SPCX,SpaceX,Defence,space,NASDAQ,137.95,+2.16%,-3.76%,+21.54%,-14.29%,-16%,1817.379,,,118.22,52458181,387880381,2487371781,,3.3,buy,1.69,2.16,102.16,2.16,1021.6,21.6,10216.0,216.0,-3.76,96.24,-3.76,962.4,-37.6,9624.0,-376.0,21.54,121.54,21.54,1215.4,215.4,12154.0,2154.0,-14.29,85.71,-14.29,857.1,-142.9,8571.0,-1429.0,-16.0,84.0,-16.0,840.0,-160.0,8400.0,-1600.0,The real question investors should be asking ahead of Nvidia earnings,Yahoo Finance Video,2026-08-25,0.0,"What's at stake for Paramount, the Ellisons in Warner Bros. takeover bid",Yahoo Finance Video,2026-08-24,0.0,Cathie Wood's Biggest Buy Last Week Was SpaceX. She Sold Almost Exactly That Much Palantir the Same Day.,Motley Fool,2026-08-25,0.0,,,,,,,,,,
RKLB,Rocket Lab USA,Defence,space,NASDAQ,66.91,-1.98%,-15.47%,-0.04%,-11.95%,+42%,42.783,2.629,,23.44,14808540,74930340,402808740,,7.71,buy,1.61,-1.98,98.02,-1.98,980.2,-19.8,9802.0,-198.0,-15.47,84.53,-15.47,845.3,-154.7,8453.0,-1547.0,-0.04,99.96,-0.04,999.6,-0.4,9996.0,-4.0,-11.95,88.05,-11.95,880.5,-119.5,8805.0,-1195.0,42.0,142.0,42.0,1420.0,420.0,14200.0,4200.0,"SpaceX Rises 3% as Musk Pulls the NVIDIA Orbital Data Center Into 2027, JPMorgan Sees 75% Upside",24/7 Wall St.,2026-08-25,0.0,Rocket Lab Stock: Launch This Bear Put Spread That Aims For A $295 Profit,Investor's Business Daily,2026-08-25,0.44,3 High-Flying Stocks Worth Your Attention,StockStory,2026-08-25,0.226,,,,,,,,,,
PL,Planet Labs,Defence,space,NYSE,21.55,-0.69%,-7.75%,+2.62%,+5.59%,+209%,7.681,2.123,,11.2,4354765,21516865,118430965,,9.66,none,,-0.69,99.31,-0.69,993.1,-6.9,9931.0,-69.0,-7.75,92.25,-7.75,922.5,-77.5,9225.0,-775.0,2.62,102.62,2.62,1026.2,26.2,10262.0,262.0,5.59,105.59,5.59,1055.9,55.9,10559.0,559.0,209.0,309.0,209.0,3090.0,2090.0,30900.0,20900.0,Rocket Lab Stock's Twelve-Month Gain Hides A Long Slide From Its High,Trefis,2026-08-21,0.402,Bet on These Space ETFs as Ukraine Dominates Russia in Orbital War,Zacks,2026-08-21,-0.572,Is Planet Labs PBC (PL) Undervalued Following Its Rwanda Earth Observation Deal?,Simply Wall St.,2026-08-20,0.0,,,,,,,,,,
ASTS,AST SpaceMobile,Defence,space,NASDAQ,62.01,-0.80%,-7.54%,+6.38%,-25.71%,+24%,24.133,2.745,,19.2,8850576,47935076,253606876,,19.09,hold,2.69,-0.8,99.2,-0.8,992.0,-8.0,9920.0,-80.0,-7.54,92.46,-7.54,924.6,-75.4,9246.0,-754.0,6.38,106.38,6.38,1063.8,63.8,10638.0,638.0,-25.71,74.29,-25.71,742.9,-257.1,7429.0,-2571.0,24.0,124.0,24.0,1240.0,240.0,12400.0,2400.0,US Stock Market Today: S&P 500 Futures Edge Lower As Strong PMI Complicates Fed Path,Simply Wall St.,2026-08-25,0.273,Archer Aviation vs. AST SpaceMobile: Which Industrials Stock Is a Better Buy in 2026?,Motley Fool,2026-08-24,0.44,"SpaceX Falls 3% Despite Trump’s 1,000-Launch Order, AST SpaceMobile Drops 3%, Rocket Lab Slips",24/7 Wall St.,2026-08-24,0.0,,,,,,,,,,
TDG,TransDigm Group,Defence,weapons,NYSE,1192.6,+0.46%,-3.34%,-7.28%,-12.22%,-15%,66.707,0.906,36.17,0.4,397778,2092678,9838578,,2.33,buy,1.95,0.46,100.46,0.46,1004.6,4.6,10046.0,46.0,-3.34,96.66,-3.34,966.6,-33.4,9666.0,-334.0,-7.28,92.72,-7.28,927.2,-72.8,9272.0,-728.0,-12.22,87.78,-12.22,877.8,-122.2,8778.0,-1222.0,-15.0,85.0,-15.0,850.0,-150.0,8500.0,-1500.0,"If Boeing Ramps Up Production, These Suppliers May Win Big",MarketBeat,2026-08-24,0.586,2 Profitable Stocks Worth Investigating and 1 We Brush Off,StockStory,2026-08-24,0.586,HEICO to Report Q3 Earnings: What's in the Cards for the Stock?,Zacks,2026-08-21,0.0,,,,,,,,,,
HEI,HEICO Corporation,Defence,weapons,NYSE,351.05,-0.86%,-4.61%,-1.71%,+6.68%,+6%,49.055,1.053,62.58,0.51,550144,2437444,9434344,7.0,1.38,buy,1.86,-0.86,99.14,-0.86,991.4,-8.6,9914.0,-86.0,-4.61,95.39,-4.61,953.9,-46.1,9539.0,-461.0,-1.71,98.29,-1.71,982.9,-17.1,9829.0,-171.0,6.68,106.68,6.68,1066.8,66.8,10668.0,668.0,6.0,106.0,6.0,1060.0,60.0,10600.0,600.0,"Stocks Rise Pre-Bell as Traders Weigh US Trade Measures Against Iran, Canada",MT Newswires,2026-08-25,0.0,HEICO (HEI) Q2 Earnings: What To Expect,StockStory,2026-08-24,0.0,HEICO to Report Q3 Earnings: What's in the Cards for the Stock?,Zacks,2026-08-21,0.0,,,,,,,,,,
AXON,Axon Enterprise,Defence,weapons,NASDAQ,613.26,+2.12%,-1.06%,+16.70%,+8.84%,-22%,49.819,1.397,256.59,1.05,548126,3429026,20501426,,5.2,buy,1.71,2.12,102.12,2.12,1021.2,21.2,10212.0,212.0,-1.06,98.94,-1.06,989.4,-10.6,9894.0,-106.0,16.7,116.7,16.7,1167.0,167.0,11670.0,1670.0,8.84,108.84,8.84,1088.4,88.4,10884.0,884.0,-22.0,78.0,-22.0,780.0,-220.0,7800.0,-2200.0,Dow Jones AI Giant Nvidia Tests Key Support Level As Pivotal Earnings Report Looms,Investor's Business Daily,2026-08-25,0.273,Axon vs. Teledyne: Which Defense & Security Stock Should You Bet On?,Zacks,2026-08-25,0.44,AppLovin Keeps Tanking: 160% Returns Lie Ahead According To One Wall Street Bank,24/7 Wall St.,2026-08-24,0.0,4,buy,0.7,"AXON +27.7% in 1M, YTD +11.4%, analyst buy consensus, positive news sentiment 0.243, but P/E 263 is elevated.",1M +27.72%; Analyst buy; Positive sentiment 0.243; YTD +11.41%,,,,,
OLN,Olin Corporation,Defence,weapons,NYSE,17.37,-2.20%,-6.01%,-20.61%,-18.18%,-24%,1.979,1.203,,3.12,2804385,13900785,71075185,455.0,12.54,hold,3.0,-2.2,97.8,-2.2,978.0,-22.0,9780.0,-220.0,-6.01,93.99,-6.01,939.9,-60.1,9399.0,-601.0,-20.61,79.39,-20.61,793.9,-206.1,7939.0,-2061.0,-18.18,81.82,-18.18,818.2,-181.8,8182.0,-1818.0,-24.0,76.0,-24.0,760.0,-240.0,7600.0,-2400.0,"AVNT Q2 Earnings Top Estimates on Organic Growth, Guidance Up",Zacks,2026-08-13,0.527,"TROX Q2 Earnings Miss Estimates on Higher Costs, Sales Beat",Zacks,2026-08-12,-0.153,KOP Q2 Earnings and Revenues Top Estimates on PC Unit Strength,Zacks,2026-08-11,0.612,,,,,,,,,,
MRCY,Mercury Systems,Defence,weapons,NASDAQ,87.74,-2.08%,-16.44%,-15.47%,+15.40%,+32%,5.277,0.998,,0.77,1092428,6497628,17027728,,9.57,buy,2.0,-2.08,97.92,-2.08,979.2,-20.8,9792.0,-208.0,-16.44,83.56,-16.44,835.6,-164.4,8356.0,-1644.0,-15.47,84.53,-15.47,845.3,-154.7,8453.0,-1547.0,15.4,115.4,15.4,1154.0,154.0,11540.0,1540.0,32.0,132.0,32.0,1320.0,320.0,13200.0,3200.0,The 5 Most Interesting Analyst Questions From Mercury Systems’s Q2 Earnings Call,StockStory,2026-08-25,0.458,Mercury Systems (MRCY) Booked $660 Million. Why Did its Shares Fall More than 10% After Hours?,Insider Monkey,2026-08-22,0.296,"Mercury Systems, BWX, Kratos, Parsons, and Huntington Ingalls Shares Plummet, What You Need To Know",StockStory,2026-08-20,0.296,,,,,,,,,,
DRS,Leonardo DRS,Defence,weapons,NYSE,38.16,-2.20%,-13.72%,-21.08%,+10.38%,-7%,10.184,0.179,32.07,0.98,932860,3837460,17808560,92.0,1.12,none,,-2.2,97.8,-2.2,978.0,-22.0,9780.0,-220.0,-13.72,86.28,-13.72,862.8,-137.2,8628.0,-1372.0,-21.08,78.92,-21.08,789.2,-210.8,7892.0,-2108.0,10.38,110.38,10.38,1103.8,103.8,11038.0,1038.0,-7.0,93.0,-7.0,930.0,-70.0,9300.0,-700.0,"Down 19.5% in 4 Weeks, Here's Why Leonardo DRS, Inc. (DRS) Looks Ripe for a Turnaround",Zacks,2026-08-25,0.0,"Leonardo DRS and Leidos Shares Are Falling, What You Need To Know",StockStory,2026-08-20,0.153,"Is Leonardo DRS, Inc. (DRS) Stock Outpacing Its Aerospace Peers This Year?",Zacks,2026-08-20,0.0,,,,,,,,,,
XOM,ExxonMobil,Energy,oil-majors,NYSE,160.64,-2.09%,-2.97%,+4.46%,+33.60%,+47%,660.538,0.173,20.65,15.77,17259903,69868603,313740903,251.0,1.15,buy,2.32,-2.09,97.91,-2.09,979.1,-20.9,9791.0,-209.0,-2.97,97.03,-2.97,970.3,-29.7,9703.0,-297.0,4.46,104.46,4.46,1044.6,44.6,10446.0,446.0,33.6,133.6,33.6,1336.0,336.0,13360.0,3360.0,47.0,147.0,47.0,1470.0,470.0,14700.0,4700.0,"US Equity Markets Higher as Crude Oil Prices, Bond Yields Drop After US Treasury Threatens Economic Sanctions on Iran",MT Newswires,2026-08-25,-0.765,Elon Musk Plans $100 Billion Louisiana Spaceport To Launch “Largest Rocket Ever Built”,24/7 Wall St.,2026-08-25,0.0,Exxon Falls as Oil Erases the Iran Premium,GuruFocus.com,2026-08-25,0.0,4,buy,0.88,"XOM: +37.3% YTD, P/E 21.2, Q2 adj. EPS $3.52, record Permian production, Jefferies PT raised to $200",YTD +37.3%; Record Permian output; Jefferies PT $200; Cash flow $23.6B,,,,,
CVX,Chevron,Energy,oil-majors,NYSE,199.89,-2.00%,-2.00%,+6.12%,+31.80%,+29%,392.104,0.488,19.22,8.65,7540886,37644386,175628286,351.0,1.04,buy,1.72,-2.0,98.0,-2.0,980.0,-20.0,9800.0,-200.0,-2.0,98.0,-2.0,980.0,-20.0,9800.0,-200.0,6.12,106.12,6.12,1061.2,61.2,10612.0,612.0,31.8,131.8,31.8,1318.0,318.0,13180.0,3180.0,29.0,129.0,29.0,1290.0,290.0,12900.0,2900.0,Chevron stock turns heads as company strikes fresh oil,TheStreet,2026-08-25,-0.052,Chevron Falls as Oil Surrenders the Iran Premium,GuruFocus.com,2026-08-25,0.0,America’s Strategic Petroleum Reserve Is Running on Fumes. What Happens When the Next Supply Shock Hits?,24/7 Wall St.,2026-08-25,-0.402,5,strong_buy,0.87,"CVX: +35.3% YTD, P/E 19.8, dividend yield 3.47%, refining profit surged to $4.9B in Q2 vs $737M last year",YTD +35.3%; Dividend yield 3.47%; Refining profit surge; Analyst score 1.72,,,,,
SHEL,Shell,Energy,oil-majors,NYSE,92.22,-1.37%,+0.23%,+7.71%,+25.59%,+26%,254.063,-0.218,10.2,6.44,5644304,24625698,132803286,336.0,1.77,buy,2.25,-1.37,98.63,-1.37,986.3,-13.7,9863.0,-137.0,0.23,100.23,0.23,1002.3,2.3,10023.0,23.0,7.71,107.71,7.71,1077.1,77.1,10771.0,771.0,25.59,125.59,25.59,1255.9,255.9,12559.0,2559.0,26.0,126.0,26.0,1260.0,260.0,12600.0,2600.0,"US Equity Markets Higher as Crude Oil Prices, Bond Yields Drop After US Treasury Threatens Economic Sanctions on Iran",MT Newswires,2026-08-25,-0.765,Sector Update: Energy Stocks Fall Tuesday,MT Newswires,2026-08-25,0.273,Sector Update: Energy Stocks Fall Tuesday Afternoon,MT Newswires,2026-08-25,0.273,8,buy,0.8,"SHEL: +27.1% YTD, P/E 10.3, cheap valuation, dividend yield 3.35%, stable amid geopolitical tensions",YTD +27.1%; P/E 10.3; Dividend yield 3.35%; Low beta -0.218,,,,,
BP,BP p.l.c.,Energy,oil-majors,NYSE,42.86,-2.01%,-1.27%,+2.54%,+24.06%,+26%,110.379,-0.212,20.41,9.22,7144757,43748657,184414257,461.0,0.41,buy,2.37,-2.01,97.99,-2.01,979.9,-20.1,9799.0,-201.0,-1.27,98.73,-1.27,987.3,-12.7,9873.0,-127.0,2.54,102.54,2.54,1025.4,25.4,10254.0,254.0,24.06,124.06,24.06,1240.6,240.6,12406.0,2406.0,26.0,126.0,26.0,1260.0,260.0,12600.0,2600.0,Sector Update: Energy Stocks Fall Tuesday,MT Newswires,2026-08-25,0.273,Sector Update: Energy Stocks Fall Premarket Tuesday,MT Newswires,2026-08-25,0.273,What Does BP (LSE:BP.) Mean For Europe Fuel Supply And Venezuela Trading?,Simply Wall St.,2026-08-21,0.0,,,,,,,,,,
TTE,TotalEnergies,Energy,oil-majors,NYSE,88.8,-1.55%,-0.55%,+5.51%,+34.95%,+44%,196.622,0.062,11.11,1.58,2471165,8546065,29081665,474.0,0.2,none,,-1.55,98.45,-1.55,984.5,-15.5,9845.0,-155.0,-0.55,99.45,-0.55,994.5,-5.5,9945.0,-55.0,5.51,105.51,5.51,1055.1,55.1,10551.0,551.0,34.95,134.95,34.95,1349.5,349.5,13495.0,3495.0,44.0,144.0,44.0,1440.0,440.0,14400.0,4400.0,Equinor Eyes Major Oil Discovery Offshore Namibia,Oilprice.com,2026-08-25,0.0,"Zacks Market Edge Highlights:  ExxonMobil, TotalEnergies, Chevron",Zacks,2026-08-25,0.0,TotalEnergies Navigates Hormuz Crisis with Discounted Oil and Strong Trading Economics,Insider Monkey,2026-08-25,-0.153,,,,,,,,,,
EQNR,Equinor,Energy,oil-majors,NYSE,41.21,-2.74%,-1.51%,+8.13%,+73.51%,+73%,97.83,-0.73,11.17,3.56,5200127,13709227,65307827,368.0,2.95,hold,3.33,-2.74,97.26,-2.74,972.6,-27.4,9726.0,-274.0,-1.51,98.49,-1.51,984.9,-15.1,9849.0,-151.0,8.13,108.13,8.13,1081.3,81.3,10813.0,813.0,73.51,173.51,73.51,1735.1,735.1,17351.0,7351.0,73.0,173.0,73.0,1730.0,730.0,17300.0,7300.0,Norway’s Troll Gas Expansion Buys Europe Time—But Not New Supply,Oilprice.com,2026-08-25,0.0,Sector Update: Energy Stocks Fall Tuesday Afternoon,MT Newswires,2026-08-25,0.273,European Equities Traded in the US as American Depositary Receipts Rise Slightly in Tuesday Trading,MT Newswires,2026-08-25,0.0,,,,,,,,,,
COP,ConocoPhillips,Energy,ep-refining,NYSE,131.84,-0.96%,+1.63%,+14.83%,+39.34%,+37%,158.385,0.123,17.44,7.21,6043385,38081285,153859585,252.0,1.54,buy,1.64,-0.96,99.04,-0.96,990.4,-9.6,9904.0,-96.0,1.63,101.63,1.63,1016.3,16.3,10163.0,163.0,14.83,114.83,14.83,1148.3,148.3,11483.0,1483.0,39.34,139.34,39.34,1393.4,393.4,13934.0,3934.0,37.0,137.0,37.0,1370.0,370.0,13700.0,3700.0,Covered Call Yields with ConocoPhillips Are Attractive as COP Stock Is Near a Peak,Barchart,2026-08-25,0.44,Update: US Equity Futures Higher Pre-Bell as Tech Stocks Bounce Back From Selloff,MT Newswires,2026-08-25,0.0,These 3 Sectors Will Outperform if the Fed Hikes Rates,Barrons.com,2026-08-24,0.0,2,strong_buy,0.93,"COP: +42.6% YTD, P/E 17.8, Q2 adj. EPS $3.24, doubled share repurchases to $2B, LNG offtake expanded to 12 MTPA",YTD +42.6%; Doubled buybacks; LNG expansion; Analyst score 1.64,,,,,
OXY,Occidental Petroleum,Energy,ep-refining,NYSE,58.41,-2.76%,-2.32%,+6.34%,+39.12%,+31%,58.389,0.16,17.23,9.34,6810831,37052631,180955831,186.0,0.01,buy,2.33,-2.76,97.24,-2.76,972.4,-27.6,9724.0,-276.0,-2.32,97.68,-2.32,976.8,-23.2,9768.0,-232.0,6.34,106.34,6.34,1063.4,63.4,10634.0,634.0,39.12,139.12,39.12,1391.2,391.2,13912.0,3912.0,31.0,131.0,31.0,1310.0,310.0,13100.0,3100.0,"Which Oil and Gas Stock Has Dominated in 2026: ConocoPhillips, EOG Resources, or Occidental Petroleum?",24/7 Wall St.,2026-08-24,0.0,Berkshire Hathaway (BRK.A) Holds Firm As A Top Portfolio Stake Lifts Its Dividend,Simply Wall St.,2026-08-22,0.202,What ExxonMobil Told You Before The Oil Shock Arrived,Trefis,2026-08-21,-0.382,,,,,,,,,,
EOG,EOG Resources,Energy,ep-refining,NYSE,146.83,-1.79%,-1.26%,+4.65%,+40.29%,+24%,78.206,0.278,11.44,3.42,2305694,12579494,61953494,272.0,3.46,buy,2.23,-1.79,98.21,-1.79,982.1,-17.9,9821.0,-179.0,-1.26,98.74,-1.26,987.4,-12.6,9874.0,-126.0,4.65,104.65,4.65,1046.5,46.5,10465.0,465.0,40.29,140.29,40.29,1402.9,402.9,14029.0,4029.0,24.0,124.0,24.0,1240.0,240.0,12400.0,2400.0,"Which Oil and Gas Stock Has Dominated in 2026: ConocoPhillips, EOG Resources, or Occidental Petroleum?",24/7 Wall St.,2026-08-24,0.0,EOG Stock Is Up 14.8% in 3 Months: Can Its Strong Rally Keep Going?,Zacks,2026-08-24,0.511,EOG Resources (EOG) Stock Still Looks A Bargain On Earnings Yet Fully Priced On Returns,Simply Wall St.,2026-08-22,0.202,6,buy,0.84,"EOG: +46.2% YTD, P/E 11.9, cheap valuation, positive news sentiment 0.351, analyst buy",YTD +46.2%; P/E 11.9; Positive sentiment; Low valuation,,,,,
MPC,Marathon Petroleum,Energy,ep-refining,NYSE,354.88,-1.70%,-2.83%,+13.93%,+117.39%,+109%,103.603,0.508,12.3,2.37,2110685,11807085,52652485,110.0,2.81,buy,2.26,-1.7,98.3,-1.7,983.0,-17.0,9830.0,-170.0,-2.83,97.17,-2.83,971.7,-28.3,9717.0,-283.0,13.93,113.93,13.93,1139.3,139.3,11393.0,1393.0,117.39,217.39,117.39,2173.9,1173.9,21739.0,11739.0,109.0,209.0,109.0,2090.0,1090.0,20900.0,10900.0,Marathon vs. Valero: Which Refining Stock Is the Better Buy Now?,Zacks,2026-08-25,0.44,Are Investors Undervaluing Marathon Petroleum (MPC) Right Now?,Zacks,2026-08-25,0.0,Democrats: Trump oil and gas stocks gained $15.5M amid Iran war,Quartz,2026-08-25,-0.318,1,strong_buy,0.95,"MPC: +121% YTD, P/E 12.5, Q2 EPS $17.73 vs $3.96 YoY, strong refining margins (R&M adj. EBITDA $24.84/bbl vs $6.79)",YTD +121%; P/E 12.5; Refining margin boom; Strong earnings beat,,,,,
VLO,Valero Energy,Energy,ep-refining,NYSE,340.41,-1.77%,-2.75%,+12.07%,+108.97%,+135%,98.013,0.554,14.2,2.87,1698454,10200154,54956654,139.0,3.67,buy,2.35,-1.77,98.23,-1.77,982.3,-17.7,9823.0,-177.0,-2.75,97.25,-2.75,972.5,-27.5,9725.0,-275.0,12.07,112.07,12.07,1120.7,120.7,11207.0,1207.0,108.97,208.97,108.97,2089.7,1089.7,20897.0,10897.0,135.0,235.0,135.0,2350.0,1350.0,23500.0,13500.0,Is Valero Energy (VLO) Fully Valued As Shares Trade Above Fair Value?,Simply Wall St.,2026-08-25,0.887,Marathon vs. Valero: Which Refining Stock Is the Better Buy Now?,Zacks,2026-08-25,0.44,PBF Gains 19.3% in a Month: Can Refining Strength Keep the Run Going?,Zacks,2026-08-25,0.681,3,strong_buy,0.9,"VLO: +114% YTD, P/E 14.6, robust refining margins and strong 1M momentum (+12.6%), analyst buy consensus",YTD +114%; P/E 14.6; Refining strength; 1M +12.6%,,,,,
SLB,SLB (Schlumberger),Energy,oilfield-services,NYSE,53.29,-1.30%,+0.15%,+3.42%,+34.04%,+53%,79.089,0.749,26.0,13.64,10688477,47618377,228431077,219.0,4.32,buy,1.6,-1.3,98.7,-1.3,987.0,-13.0,9870.0,-130.0,0.15,100.15,0.15,1001.5,1.5,10015.0,15.0,3.42,103.42,3.42,1034.2,34.2,10342.0,342.0,34.04,134.04,34.04,1340.4,340.4,13404.0,3404.0,53.0,153.0,53.0,1530.0,530.0,15300.0,5300.0,Sector Update: Energy Stocks Fall Tuesday,MT Newswires,2026-08-25,0.273,Is RPC Stock Attractive as Margin Gains Meet Soft Industry Activity?,Zacks,2026-08-21,0.649,Sector Update: Energy Stocks Rise Pre-Bell Tuesday,MT Newswires,2026-08-18,0.273,7,buy,0.82,"SLB: +35.5% YTD, P/E 26.3, 1M momentum +13%, strong analyst consensus (score 1.6) and positive news sentiment 0.323",YTD +35.5%; 1M +13%; Analyst score 1.6; Oil services demand,,,,,
HAL,Halliburton,Energy,oilfield-services,NYSE,33.8,-2.54%,-2.48%,+5.20%,+15.23%,+58%,28.236,0.753,17.7,11.95,9076400,58828400,230626700,196.0,5.76,buy,1.75,-2.54,97.46,-2.54,974.6,-25.4,9746.0,-254.0,-2.48,97.52,-2.48,975.2,-24.8,9752.0,-248.0,5.2,105.2,5.2,1052.0,52.0,10520.0,520.0,15.23,115.23,15.23,1152.3,152.3,11523.0,1523.0,58.0,158.0,58.0,1580.0,580.0,15800.0,5800.0,Why Is Baker Hughes (BKR) Up 2.3% Since Last Earnings Report?,Zacks,2026-08-25,0.0,Halliburton Secures bp Contract for Deepwater Appraisal Campaign in Brazil,InvestorsHub,2026-08-25,0.318,Sector Update: Energy Stocks Fall Premarket Tuesday,MT Newswires,2026-08-25,0.273,9,buy,0.78,"HAL: +20.5% YTD, P/E 18.5, 1M +7%, positive news sentiment 0.289, analyst buy with score 1.75",YTD +20.5%; P/E 18.5; Positive sentiment; New tech partnerships,,,,,
BKR,Baker Hughes,Energy,oilfield-services,NASDAQ,61.82,-1.09%,-4.07%,+2.41%,+32.56%,+39%,61.367,0.959,19.88,8.46,4806686,26790786,166776786,148.0,2.83,buy,1.71,-1.09,98.91,-1.09,989.1,-10.9,9891.0,-109.0,-4.07,95.93,-4.07,959.3,-40.7,9593.0,-407.0,2.41,102.41,2.41,1024.1,24.1,10241.0,241.0,32.56,132.56,32.56,1325.6,325.6,13256.0,3256.0,39.0,139.0,39.0,1390.0,390.0,13900.0,3900.0,Why Is Baker Hughes (BKR) Up 2.3% Since Last Earnings Report?,Zacks,2026-08-25,0.0,US rig count down five as prices climb,"Odessa American, Texas",2026-08-22,-0.128,US Oil Drillers See Pullback as Oil Prices Rise,Oilprice.com,2026-08-21,0.0,10,buy,0.75,"BKR: +33.7% YTD, P/E 20.1, 1M +10.6%, analyst consensus buy (score 1.71), but recent 1W pullback -3.83%",YTD +33.7%; 1M +10.6%; Analyst score 1.71; Pullback opportunity,,,,,
NEE,NextEra Energy,Energy,utilities,NYSE,84.22,+0.06%,-2.32%,-5.19%,+5.54%,+12%,175.65,0.653,18.93,11.41,7677645,57403245,239973145,296.0,,buy,2.0,0.06,100.06,0.06,1000.6,0.6,10006.0,6.0,-2.32,97.68,-2.32,976.8,-23.2,9768.0,-232.0,-5.19,94.81,-5.19,948.1,-51.9,9481.0,-519.0,5.54,105.54,5.54,1055.4,55.4,10554.0,554.0,12.0,112.0,12.0,1120.0,120.0,11200.0,1200.0,2 Dividend Stocks Compounding Quietly While Oil Headlines Distract Everyone,Motley Fool,2026-08-25,-0.296,"PG&E Stock Runs On A Legislative Calendar, Not The Market's",Trefis,2026-08-21,0.0,Can Customer Growth Support Alliant Energy's Long-Term Growth?,Zacks,2026-08-21,0.784,,,,,,,,,,
SSE.L,SSE plc,Energy,utilities,LSE,32.85,+1.60%,-0.74%,+1.35%,+8.00%,+34%,0.397,0.576,22.73,3.42,1743738,10369879,54028053,290.0,,none,,1.6,101.6,1.6,1016.0,16.0,10160.0,160.0,-0.74,99.26,-0.74,992.6,-7.4,9926.0,-74.0,1.35,101.35,1.35,1013.5,13.5,10135.0,135.0,8.0,108.0,8.0,1080.0,80.0,10800.0,800.0,34.0,134.0,34.0,1340.0,340.0,13400.0,3400.0,UK PM Burnham uses policy blitz to buy time for tougher decisions,Investing.com,2026-08-01,0.178,SSE (LSE:SSE) Stock Fair Value Edges Lower After Mixed Analyst Target Changes,Simply Wall St.,2026-06-24,0.361,"UK, Japan to deepen ties with £18 billion investment agreement",Investing.com,2026-06-14,0.494,,,,,,,,,,
ENPH,Enphase Energy,Energy,clean-energy,NASDAQ,37.35,+0.45%,-0.61%,-1.74%,+10.67%,-2%,4.923,1.651,36.98,5.85,4012939,18300239,100616839,,20.98,buy,2.47,0.45,100.45,0.45,1004.5,4.5,10045.0,45.0,-0.61,99.39,-0.61,993.9,-6.1,9939.0,-61.0,-1.74,98.26,-1.74,982.6,-17.4,9826.0,-174.0,10.67,110.67,10.67,1106.7,106.7,11067.0,1067.0,-2.0,98.0,-2.0,980.0,-20.0,9800.0,-200.0,1 Industrials Stock with Exciting Potential and 2 We Find Risky,StockStory,2026-08-21,0.34,"Zacks Industry Outlook Highlights First Solar, Enphase Energy and T1 Energy",Zacks,2026-08-19,0.494,Enphase Energy Opens U.S. Pre-Orders for First Commercial Battery System,InvestorsHub,2026-08-18,0.273,,,,,,,,,,
FSLR,First Solar,Energy,clean-energy,NASDAQ,206.82,-1.11%,-6.00%,+0.48%,-24.61%,+6%,22.227,1.746,12.74,2.41,1506665,7897565,56526165,,12.45,buy,1.97,-1.11,98.89,-1.11,988.9,-11.1,9889.0,-111.0,-6.0,94.0,-6.0,940.0,-60.0,9400.0,-600.0,0.48,100.48,0.48,1004.8,4.8,10048.0,48.0,-24.61,75.39,-24.61,753.9,-246.1,7539.0,-2461.0,6.0,106.0,6.0,1060.0,60.0,10600.0,600.0,Sustainable Development ETF (SDG) Touches New 52-Week High,Zacks,2026-08-21,0.0,One company stands to gain as bankruptcy wave hits solar sector,TheStreet,2026-08-20,0.527,"Zacks Industry Outlook Highlights First Solar, Enphase Energy and T1 Energy",Zacks,2026-08-19,0.494,,,,,,,,,,
BEPC,Brookfield Renewable Corp,Energy,clean-energy,NYSE,33.39,+1.55%,-0.39%,+2.42%,-14.70%,-3%,6.197,1.166,,1.67,1129389,6387889,40824589,477.0,,hold,3.17,1.55,101.55,1.55,1015.5,15.5,10155.0,155.0,-0.39,99.61,-0.39,996.1,-3.9,9961.0,-39.0,2.42,102.42,2.42,1024.2,24.2,10242.0,242.0,-14.7,85.3,-14.7,853.0,-147.0,8530.0,-1470.0,-3.0,97.0,-3.0,970.0,-30.0,9700.0,-300.0,2 Dividend Stocks Compounding Quietly While Oil Headlines Distract Everyone,Motley Fool,2026-08-25,-0.296,Why I'm Not Chasing NuScale -- Here's What I'm Buying Instead,Motley Fool,2026-08-11,0.0,Why Cameco's Ugly Earnings Miss Might Be Good News in Disguise,Motley Fool,2026-08-08,-0.459,,,,,,,,,,
DNNGY,Ørsted,Energy,clean-energy,NASDAQ,7.21,+3.00%,+3.44%,-2.83%,+8.18%,-29%,28.575,0.629,,0.11,600,505900,2097300,,,strong_buy,1.0,3.0,103.0,3.0,1030.0,30.0,10300.0,300.0,3.44,103.44,3.44,1034.4,34.4,10344.0,344.0,-2.83,97.17,-2.83,971.7,-28.3,9717.0,-283.0,8.18,108.18,8.18,1081.8,81.8,10818.0,818.0,-29.0,71.0,-29.0,710.0,-290.0,7100.0,-2900.0,Ørsted plans 2GW Dadu 2 offshore wind project in Taiwan,Energy Monitor,2026-08-20,0.0,Arenko’s software to operate Europe’s first battery co-located with offshore wind,Energy Global,2026-08-18,0.0,Orsted AS (DNNGY) (Q2 2026) Earnings Call Highlights: Strong H1 EBITDA and Strategic Progress ...,GuruFocus.com,2026-08-17,0.727,,,,,,,,,,
AAPL,Apple,MegaCap,big-tech,NASDAQ,310,-0.24%,-0.04%,-7.94%,+14.66%,+35%,4522.736,1.086,35.54,56.3,25666176,198681376,1120730776,35.0,0.97,buy,2.18,-0.24,99.76,-0.24,997.6,-2.4,9976.0,-24.0,-0.04,99.96,-0.04,999.6,-0.4,9996.0,-4.0,-7.94,92.06,-7.94,920.6,-79.4,9206.0,-794.0,14.66,114.66,14.66,1146.6,146.6,11466.0,1466.0,35.0,135.0,35.0,1350.0,350.0,13500.0,3500.0,"Tech stocks today: All eyes on Nvidia earnings, as Apple debuts new Mac Mini, Mac Studio aimed at AI developers",Yahoo Finance,2026-08-24,0.0,Dell Stock's Massive Guidance Raise Has A Catch,Trefis,2026-08-25,0.0,Cramer Warns iPhone Prices Will Rise Without Chinese Memory — Here’s Why Apple Can’t Wait for U.S. Production,24/7 Wall St.,2026-08-25,-0.103,,,,,,,,,,
MSFT,Microsoft,MegaCap,big-tech,NASDAQ,492,+0.91%,+2.29%,+26.61%,+4.63%,-3%,3651.215,1.099,27.42,39.54,19144017,98868317,769439317,75.0,1.1,strong_buy,1.36,0.91,100.91,0.91,1009.1,9.1,10091.0,91.0,2.29,102.29,2.29,1022.9,22.9,10229.0,229.0,26.61,126.61,26.61,1266.1,266.1,12661.0,2661.0,4.63,104.63,4.63,1046.3,46.3,10463.0,463.0,-3.0,97.0,-3.0,970.0,-30.0,9700.0,-300.0,The real question investors should be asking ahead of Nvidia earnings,Yahoo Finance Video,2026-08-25,0.0,"Reddit (RDDT) Stock Is Up, What You Need To Know",StockStory,2026-08-25,0.0,Meta's Next AI Bet Could Arrive Sooner Than Expected,GuruFocus.com,2026-08-25,0.0,1,strong_buy,0.9,"Momentum surged +24% in 1M, P/E 26.95, strong_buy consensus, Azure growth beat guidance and Morningstar top pick at $600 fair value.",+24% 1M momentum; P/E 26.95; strong_buy; Azure growth beat,,,,,
NVDA,NVIDIA,MegaCap,big-tech,NASDAQ,213,+2.04%,-3.04%,+8.42%,+12.95%,+15%,5160.284,2.215,32.63,140.1,120441439,543752339,2587254339,48.0,1.26,strong_buy,1.29,2.04,102.04,2.04,1020.4,20.4,10204.0,204.0,-3.04,96.96,-3.04,969.6,-30.4,9696.0,-304.0,8.42,108.42,8.42,1084.2,84.2,10842.0,842.0,12.95,112.95,12.95,1129.5,129.5,11295.0,1295.0,15.0,115.0,15.0,1150.0,150.0,11500.0,1500.0,"Earnings live updates: Intuit stock drops on soft guidance, Dick's Sporting Goods stock plummets 30%",Yahoo Finance,2026-08-25,0.0,Nvidia earnings in focus: Why its networking segment is growing faster than compute,Yahoo Finance Video,2026-08-25,0.178,Elon Musk says SpaceX's Nvidia-powered orbital data center could be ready next year,Yahoo Finance Video,2026-08-25,0.361,,,,,,,,,,
GOOGL,Alphabet,MegaCap,big-tech,NASDAQ,347,-0.28%,+0.80%,+6.25%,+10.24%,+68%,4243.298,1.237,17.4,32.05,20600170,106092370,580940970,25.0,1.2,strong_buy,1.36,-0.28,99.72,-0.28,997.2,-2.8,9972.0,-28.0,0.8,100.8,0.8,1008.0,8.0,10080.0,80.0,6.25,106.25,6.25,1062.5,62.5,10625.0,625.0,10.24,110.24,10.24,1102.4,102.4,11024.0,1024.0,68.0,168.0,68.0,1680.0,680.0,16800.0,6800.0,Nvidia's Q2 earnings to test resurgent AI trade,Yahoo Finance,2026-08-23,0.0,Why Rezolve AI Stock Rocketed Higher Today,Motley Fool,2026-08-25,0.0,Moody's Pushes Deeper Into AI With Google,GuruFocus.com,2026-08-25,0.0,,,,,,,,,,
META,Meta Platforms,MegaCap,big-tech,NASDAQ,570,+1.76%,+4.85%,-4.01%,-12.20%,-26%,1452.206,1.243,21.47,18.49,9719248,67401748,369910548,38.0,1.43,strong_buy,1.35,1.76,101.76,1.76,1017.6,17.6,10176.0,176.0,4.85,104.85,4.85,1048.5,48.5,10485.0,485.0,-4.01,95.99,-4.01,959.9,-40.1,9599.0,-401.0,-12.2,87.8,-12.2,878.0,-122.0,8780.0,-1220.0,-26.0,74.0,-26.0,740.0,-260.0,7400.0,-2600.0,The real question investors should be asking ahead of Nvidia earnings,Yahoo Finance Video,2026-08-25,0.0,Coca-Cola's new CEO can boast about something that 'Magnificent 7' members Elon Musk and Mark Zuckerberg can't,Yahoo Finance,2026-08-25,0.599,"Reddit (RDDT) Stock Is Up, What You Need To Know",StockStory,2026-08-25,0.0,,,,,,,,,,
AMZN,Amazon,MegaCap,big-tech,NASDAQ,261,-0.59%,+0.62%,+12.82%,+15.26%,+15%,2815.875,1.454,21.02,49.72,25452240,153382240,1013046240,,1.0,strong_buy,1.32,-0.59,99.41,-0.59,994.1,-5.9,9941.0,-59.0,0.62,100.62,0.62,1006.2,6.2,10062.0,62.0,12.82,112.82,12.82,1128.2,128.2,11282.0,1282.0,15.26,115.26,15.26,1152.6,152.6,11526.0,1526.0,15.0,115.0,15.0,1150.0,150.0,11500.0,1500.0,The real question investors should be asking ahead of Nvidia earnings,Yahoo Finance Video,2026-08-25,0.0,"New disclosure: Trump owns SpaceX, Disney shares — and is reaping profits from oil & gas stocks",Yahoo Finance Video,2026-08-25,0.625,The Questions That Defined WMT's Earnings Call,Trefis,2026-08-25,0.0,,,,,,,,,,
TSLA,Tesla,MegaCap,big-tech,NASDAQ,350,+0.26%,+3.97%,+13.27%,-20.05%,-1%,1383.329,1.827,324.31,42.02,29715710,195632010,770639310,,1.94,buy,2.35,0.26,100.26,0.26,1002.6,2.6,10026.0,26.0,3.97,103.97,3.97,1039.7,39.7,10397.0,397.0,13.27,113.27,13.27,1132.7,132.7,11327.0,1327.0,-20.05,79.95,-20.05,799.5,-200.5,7995.0,-2005.0,-1.0,99.0,-1.0,990.0,-10.0,9900.0,-100.0,"New disclosure: Trump owns SpaceX, Disney shares — and is reaping profits from oil & gas stocks",Yahoo Finance Video,2026-08-25,0.625,Coca-Cola's new CEO can boast about something that 'Magnificent 7' members Elon Musk and Mark Zuckerberg can't,Yahoo Finance,2026-08-25,0.599,The Real Engine That Could Power Tesla Stock Higher,Trefis,2026-08-25,0.0,,,,,,,,,,
NFLX,Netflix,MegaCap,big-tech,NASDAQ,82,+2.81%,+5.73%,+16.80%,-9.63%,-35%,342.401,1.514,25.86,42.59,29383832,132823132,723083232,,2.23,buy,1.76,2.81,102.81,2.81,1028.1,28.1,10281.0,281.0,5.73,105.73,5.73,1057.3,57.3,10573.0,573.0,16.8,116.8,16.8,1168.0,168.0,11680.0,1680.0,-9.63,90.37,-9.63,903.7,-96.3,9037.0,-963.0,-35.0,65.0,-35.0,650.0,-350.0,6500.0,-3500.0,"What's at stake for Paramount, the Ellisons in Warner Bros. takeover bid",Yahoo Finance Video,2026-08-24,0.0,Google’s Wins Make Founders Brin And Page $50 Billion Richer,24/7 Wall St.,2026-08-25,0.796,Best Blue Chip Stocks: 21 Hedge Fund Top Picks,Kiplinger,2026-08-25,0.718,6,buy,0.7,"Strong +16% 1M, P/E 25.03, buy consensus, positive news sentiment 0.224, attractive valuation.",+16% 1M momentum; P/E 25.03; buy; news_s 0.224,,,,,
JPM,JPMorgan Chase,MegaCap,financials,NYSE,357,+0.05%,-1.81%,+0.14%,+11.15%,+19%,948.148,0.977,15.28,8.76,4153125,30155525,132858825,168.0,1.07,buy,2.12,0.05,100.05,0.05,1000.5,0.5,10005.0,5.0,-1.81,98.19,-1.81,981.9,-18.1,9819.0,-181.0,0.14,100.14,0.14,1001.4,1.4,10014.0,14.0,11.15,111.15,11.15,1111.5,111.5,11115.0,1115.0,19.0,119.0,19.0,1190.0,190.0,11900.0,1900.0,S&P 100 Is Quietly Sending a Powerful Signal,GuruFocus.com,2026-08-25,0.421,"NVIDIA, JPM & 2 More Stocks to Buy as Oil, Rates & AI Reshape Market",Zacks,2026-08-25,0.0,Sector Update: Financial Stocks Mixed Tuesday Afternoon,MT Newswires,2026-08-25,0.0,,,,,,,,,,
BAC,Bank of America,MegaCap,financials,NYSE,62,+0.04%,-2.80%,+0.48%,+12.80%,+24%,436.557,1.168,14.42,34.26,23379206,143225706,607510906,205.0,,buy,1.54,0.04,100.04,0.04,1000.4,0.4,10004.0,4.0,-2.8,97.2,-2.8,972.0,-28.0,9720.0,-280.0,0.48,100.48,0.48,1004.8,4.8,10048.0,48.0,12.8,112.8,12.8,1128.0,128.0,11280.0,1280.0,24.0,124.0,24.0,1240.0,240.0,12400.0,2400.0,"Consumers are spending more at restaurants, but not at chains",Nation's Restaurant News,2026-08-25,0.0,Apnimed shares surge on bullish BofA initiation,Proactive,2026-08-25,0.296,"Goldman Sachs, Citi, JPMorgan Face Subpoenas Over AI Hedge Fund: Reports",Barrons.com,2026-08-25,0.0,,,,,,,,,,
BRK-B,Berkshire Hathaway B,MegaCap,financials,NYSE,504,+0.02%,+0.27%,+1.44%,+1.50%,+2%,1079.603,0.607,12.67,4.77,3027887,17719587,93649987,,0.96,buy,2.0,0.02,100.02,0.02,1000.2,0.2,10002.0,2.0,0.27,100.27,0.27,1002.7,2.7,10027.0,27.0,1.44,101.44,1.44,1014.4,14.4,10144.0,144.0,1.5,101.5,1.5,1015.0,15.0,10150.0,150.0,2.0,102.0,2.0,1020.0,20.0,10200.0,200.0,"Top Stock Reports for Berkshire Hathaway, Roche & RTX",Zacks,2026-08-25,0.202,S&P 100 Is Quietly Sending a Powerful Signal,GuruFocus.com,2026-08-25,0.421,‘No downside’: Warren Buffett trusts 2 key assets for his grandkids — and says the income will likely jump for decades,Moneywise,2026-08-25,0.586,,,,,,,,,,
V,Visa,MegaCap,financials,NYSE,384,+0.13%,+5.46%,+6.16%,+11.54%,+9%,717.208,0.759,32.72,8.14,6774279,33936779,162758879,70.0,1.22,strong_buy,1.38,0.13,100.13,0.13,1001.3,1.3,10013.0,13.0,5.46,105.46,5.46,1054.6,54.6,10546.0,546.0,6.16,106.16,6.16,1061.6,61.6,10616.0,616.0,11.54,111.54,11.54,1115.4,115.4,11154.0,1154.0,9.0,109.0,9.0,1090.0,90.0,10900.0,900.0,"Stocks making big moves yesterday: Funko, Hims & Hers Health, Azenta, Strategy, and RUM Group",StockStory,2026-08-25,0.0,Visa's Record Run Pauses as Services Outgrow Swipes,GuruFocus.com,2026-08-25,0.0,Visa or Mastercard: One Stock Will Outpace the Other at Record Highs — Here’s Our Pick,24/7 Wall St.,2026-08-25,0.0,,,,,,,,,,
MA,Mastercard,MegaCap,financials,NYSE,599,+0.13%,+4.36%,+8.64%,+6.96%,+1%,525.054,0.735,32.97,3.52,3370184,14358684,68023584,58.0,1.03,strong_buy,1.38,0.13,100.13,0.13,1001.3,1.3,10013.0,13.0,4.36,104.36,4.36,1043.6,43.6,10436.0,436.0,8.64,108.64,8.64,1086.4,86.4,10864.0,864.0,6.96,106.96,6.96,1069.6,69.6,10696.0,696.0,1.0,101.0,1.0,1010.0,10.0,10100.0,100.0,Best Blue Chip Stocks: 21 Hedge Fund Top Picks,Kiplinger,2026-08-25,0.718,Visa or Mastercard: One Stock Will Outpace the Other at Record Highs — Here’s Our Pick,24/7 Wall St.,2026-08-25,0.0,Visa Stock Offers A Different Rhythm,Trefis,2026-08-25,0.0,,,,,,,,,,
GS,Goldman Sachs,MegaCap,financials,NYSE,1059,+1.99%,+1.77%,+1.02%,+16.93%,+38%,308.316,1.288,16.35,2.14,2303119,11535019,44254319,193.0,2.14,hold,2.6,1.99,101.99,1.99,1019.9,19.9,10199.0,199.0,1.77,101.77,1.77,1017.7,17.7,10177.0,177.0,1.02,101.02,1.02,1010.2,10.2,10102.0,102.0,16.93,116.93,16.93,1169.3,169.3,11693.0,1693.0,38.0,138.0,38.0,1380.0,380.0,13800.0,3800.0,"Best CD rates today, Tuesday, August 25, 2026: Lock in up to 4.30% APY today with multiple offers",Yahoo Personal Finance,2026-08-25,0.637,Goldman Sachs Reiterates Buy Ratings On Coinbase And Robinhood,CryptoProwl,2026-08-25,0.0,YSS Stock Is Falling Despite Space Force Win — Goldman Sachs Just Slashed Its Price Target By 50%,Stocktwits,2026-08-25,-0.678,,,,,,,,,,
BLK,BlackRock,MegaCap,financials,NYSE,1177,+0.93%,+1.93%,+10.78%,+9.66%,+3%,191.176,1.425,28.19,0.76,438141,2690541,13152341,195.0,1.43,buy,1.53,0.93,100.93,0.93,1009.3,9.3,10093.0,93.0,1.93,101.93,1.93,1019.3,19.3,10193.0,193.0,10.78,110.78,10.78,1107.8,107.8,11078.0,1078.0,9.66,109.66,9.66,1096.6,96.6,10966.0,966.0,3.0,103.0,3.0,1030.0,30.0,10300.0,300.0,Nvidia's Q2 earnings to test resurgent AI trade,Yahoo Finance,2026-08-23,0.0,"Elon Musk Weighs In As Atreides CIO Gavin Baker Warns of 'Compute Inequality,' Sees His Firm's AI Spending Double Monthly",Benzinga,2026-08-25,-0.103,Why Marvell Earnings Matter More for an AI Revival Than Nvidia’s,Barrons.com,2026-08-25,0.026,9,buy,0.6,"Decent +9.5% 1M, P/E 27.7, 1.98% dividend yield, buy consensus, asset manager benefiting from AI infrastructure.",+9.5% 1M momentum; P/E 27.7; buy; 1.98% div yield,,,,,
LLY,Eli Lilly,MegaCap,healthcare,NYSE,1234,-1.23%,+0.65%,+3.16%,+14.74%,+69%,1099.632,0.506,41.4,2.95,2133263,13458363,60892163,55.0,1.02,buy,1.7,-1.23,98.77,-1.23,987.7,-12.3,9877.0,-123.0,0.65,100.65,0.65,1006.5,6.5,10065.0,65.0,3.16,103.16,3.16,1031.6,31.6,10316.0,316.0,14.74,114.74,14.74,1147.4,147.4,11474.0,1474.0,69.0,169.0,69.0,1690.0,690.0,16900.0,6900.0,Dow Jones AI Giant Nvidia Tests Key Support Level As Pivotal Earnings Report Looms,Investor's Business Daily,2026-08-25,0.273,2 Stocks That Could Capitalize on the GLP-1 Boom,Motley Fool,2026-08-25,0.0,Lilly Gains as Foundayo Crosses the Atlantic Without a Needle,GuruFocus.com,2026-08-25,0.34,,,,,,,,,,
UNH,UnitedHealth Group,MegaCap,healthcare,NYSE,397,-0.66%,+0.68%,-5.04%,+19.49%,+33%,355.977,0.632,25.5,5.83,2652931,21982131,94469731,233.0,1.88,buy,1.56,-0.66,99.34,-0.66,993.4,-6.6,9934.0,-66.0,0.68,100.68,0.68,1006.8,6.8,10068.0,68.0,-5.04,94.96,-5.04,949.6,-50.4,9496.0,-504.0,19.49,119.49,19.49,1194.9,194.9,11949.0,1949.0,33.0,133.0,33.0,1330.0,330.0,13300.0,3300.0,"UnitedHealth Group Incorporated’s (UNH) Recovery Story: 37% Yearly Return, 80% Off Bottom",Insider Monkey,2026-08-25,0.0,UnitedHealth vs. Elevance: Which Managed-Care Stock Is a Better Buy?,Zacks,2026-08-25,0.44,"Zacks Industry Outlook UnitedHealth, The Cigna, Humana, Centene and Molina",Zacks,2026-08-25,0.0,,,,,,,,,,
JNJ,Johnson & Johnson,MegaCap,healthcare,NYSE,273,-0.14%,+0.75%,+2.70%,+33.19%,+55%,658.24,0.231,31.65,7.98,4094797,29922097,149365197,196.0,1.17,buy,1.91,-0.14,99.86,-0.14,998.6,-1.4,9986.0,-14.0,0.75,100.75,0.75,1007.5,7.5,10075.0,75.0,2.7,102.7,2.7,1027.0,27.0,10270.0,270.0,33.19,133.19,33.19,1331.9,331.9,13319.0,3319.0,55.0,155.0,55.0,1550.0,550.0,15500.0,5500.0,Eli Lilly Found a New Gear. You Paid For It.,Trefis,2026-08-25,0.0,J&J's First-In-Disease Approval Barely Moves a $666 Billion Stock,GuruFocus.com,2026-08-25,0.477,J&J’s Imaavy secures expanded US approval in rare blood disorder,Pharmaceutical Technology,2026-08-25,0.402,,,,,,,,,,
ABBV,AbbVie,MegaCap,healthcare,NYSE,266,+0.39%,+2.65%,+3.46%,+18.65%,+27%,469.682,0.28,75.08,6.64,3669103,23474803,116019903,262.0,1.42,buy,1.68,0.39,100.39,0.39,1003.9,3.9,10039.0,39.0,2.65,102.65,2.65,1026.5,26.5,10265.0,265.0,3.46,103.46,3.46,1034.6,34.6,10346.0,346.0,18.65,118.65,18.65,1186.5,186.5,11865.0,1865.0,27.0,127.0,27.0,1270.0,270.0,12700.0,2700.0,Eli Lilly Found a New Gear. You Paid For It.,Trefis,2026-08-25,0.0,How Did ABBV's Oncology Sales Hold Up in Q2 Amid Imbruvica Headwinds?,Zacks,2026-08-25,0.0,LLY vs. ABBV: Which Stock Has the Stronger Growth Prospects?,Zacks,2026-08-25,0.751,,,,,,,,,,
MRK,Merck,MegaCap,healthcare,NYSE,156,+3.84%,+15.74%,+19.65%,+49.12%,+77%,385.989,0.211,125.16,10.86,13898396,93887596,239361396,226.0,1.15,buy,1.75,3.84,103.84,3.84,1038.4,38.4,10384.0,384.0,15.74,115.74,15.74,1157.4,157.4,11574.0,1574.0,19.65,119.65,19.65,1196.5,196.5,11965.0,1965.0,49.12,149.12,49.12,1491.2,491.2,14912.0,4912.0,77.0,177.0,77.0,1770.0,770.0,17700.0,7700.0,Merck Just Gained 19% in a Month. What Would It Take to Get MRK Stock Up to $200?,24/7 Wall St.,2026-08-25,0.382,Measles Kills 2 in Pennsylvania: What Do Prediction Markets Say About the Disease?,Benzinga Prediction Markets,2026-08-25,-0.542,"Moderna, Nvidia, Apple, Dick’s, Robinhood, AMD, and More Stocks That Explain Today’s Market",Barrons.com,2026-08-25,0.0,3,buy,0.7,"Strong +20% 1M and +45% YTD, P/E 122 high but momentum intact, buy consensus, hit 52-week highs.",+20% 1M momentum; +45% YTD; buy; 52-week high,,,,,
TMO,Thermo Fisher Scientific,MegaCap,healthcare,NYSE,628,-0.08%,+6.64%,+12.26%,+6.23%,+29%,232.257,0.847,33.75,2.2,1535264,10075664,41170964,30.0,1.35,buy,1.54,-0.08,99.92,-0.08,999.2,-0.8,9992.0,-8.0,6.64,106.64,6.64,1066.4,66.4,10664.0,664.0,12.26,112.26,12.26,1122.6,122.6,11226.0,1226.0,6.23,106.23,6.23,1062.3,62.3,10623.0,623.0,29.0,129.0,29.0,1290.0,290.0,12900.0,2900.0,Is Avantor a Buy as Revival Progress Faces Persistent Margin Pressure?,Zacks,2026-08-25,0.153,"Top Research Reports for Amgen, Thermo Fisher & Pepsi",Zacks,2026-08-24,0.202,There are 6 stocks that both hedge funds and mutual funds have as overweight — and SpaceX is one,MarketWatch,2026-08-24,-0.361,5,buy,0.7,"Impressive +20% 1M, P/E 33.9, buy consensus, news sentiment 0.308, healthcare turnaround theme.",+20% 1M momentum; P/E 33.9; buy; news_s 0.308,,,,,
ABT,Abbott Laboratories,MegaCap,healthcare,NYSE,116,-0.23%,+3.06%,+11.14%,-4.75%,-11%,202.277,0.581,37.58,11.88,7503079,36539279,183332579,216.0,1.46,buy,1.59,-0.23,99.77,-0.23,997.7,-2.3,9977.0,-23.0,3.06,103.06,3.06,1030.6,30.6,10306.0,306.0,11.14,111.14,11.14,1111.4,111.4,11114.0,1114.0,-4.75,95.25,-4.75,952.5,-47.5,9525.0,-475.0,-11.0,89.0,-11.0,890.0,-110.0,8900.0,-1100.0,Schwab SCHD draws $679M as dividend ETF climbs 2.39%,TheStreet,2026-08-25,0.0,The Floor Under BSX Stock Is Being Tested Again,Trefis,2026-08-25,0.0,Abbott vs. DexCom: Which CGM Stock Is the Better Buy Now?,Zacks,2026-08-25,0.44,7,buy,0.7,"Robust +16% 1M, P/E 37.75, 2.16% dividend yield, buy consensus, highest news sentiment 0.309 in healthcare.",+16% 1M momentum; 2.16% div yield; buy; news_s 0.309,,,,,
PG,Procter & Gamble,MegaCap,consumer,NYSE,145,-0.68%,+1.36%,-2.17%,+4.83%,-6%,338.578,0.377,21.93,9.25,8827402,55417002,211072202,297.0,1.17,buy,2.2,-0.68,99.32,-0.68,993.2,-6.8,9932.0,-68.0,1.36,101.36,1.36,1013.6,13.6,10136.0,136.0,-2.17,97.83,-2.17,978.3,-21.7,9783.0,-217.0,4.83,104.83,4.83,1048.3,48.3,10483.0,483.0,-6.0,94.0,-6.0,940.0,-60.0,9400.0,-600.0,"How Much Do You Really Need Invested to Replace a $120,000 Salary With Dividends?",24/7 Wall St.,2026-08-25,0.0,5 Dividend Aristocrats Boomers Should Own for Life,24/7 Wall St.,2026-08-25,0.0,"How to Build $7,800 a Month in Dividend Income Without Owning a Single Yield Trap",24/7 Wall St.,2026-08-24,-0.318,,,,,,,,,,
KO,Coca-Cola,MegaCap,consumer,NYSE,92,-0.59%,+3.17%,+9.00%,+34.35%,+34%,394.286,0.342,27.52,17.71,11910471,73215871,349400271,230.0,1.05,buy,1.75,-0.59,99.41,-0.59,994.1,-5.9,9941.0,-59.0,3.17,103.17,3.17,1031.7,31.7,10317.0,317.0,9.0,109.0,9.0,1090.0,90.0,10900.0,900.0,34.35,134.35,34.35,1343.5,343.5,13435.0,3435.0,34.0,134.0,34.0,1340.0,340.0,13400.0,3400.0,Are dividends an overlooked path to long-term wealth?,Yahoo Finance Video,2026-08-25,0.477,Coca-Cola's new CEO can boast about something that 'Magnificent 7' members Elon Musk and Mark Zuckerberg can't,Yahoo Finance,2026-08-25,0.599,Celsius Stock: Can A New Growth Engine Outrun A Stumble In Its Core Brand?,Trefis,2026-08-25,0.382,4,buy,0.8,"Solid +11% 1M, +34% YTD, P/E 27.36, 2.33% dividend yield, buy consensus, positive news sentiment 0.355.",+11% 1M momentum; +34% YTD; 2.33% div yield; news_s 0.355,,,,,
PEP,PepsiCo,MegaCap,consumer,NASDAQ,142,-1.90%,+1.53%,+1.77%,+1.98%,-2%,194.341,0.361,18.67,8.59,9718105,34646905,153924305,409.0,2.4,hold,2.67,-1.9,98.1,-1.9,981.0,-19.0,9810.0,-190.0,1.53,101.53,1.53,1015.3,15.3,10153.0,153.0,1.77,101.77,1.77,1017.7,17.7,10177.0,177.0,1.98,101.98,1.98,1019.8,19.8,10198.0,198.0,-2.0,98.0,-2.0,980.0,-20.0,9800.0,-200.0,Sector Update: Consumer Stocks Decline Late Afternoon,MT Newswires,2026-08-25,0.0,Celsius Stock: Can A New Growth Engine Outrun A Stumble In Its Core Brand?,Trefis,2026-08-25,0.382,Coca-Cola Is No Longer Just a Dividend Stock,24/7 Wall St.,2026-08-25,-0.296,,,,,,,,,,
MCD,McDonald's,MegaCap,consumer,NYSE,268,-1.66%,+0.42%,-0.95%,-10.50%,-13%,189.719,0.419,21.76,4.59,3187713,19957513,98460013,273.0,1.93,buy,2.06,-1.66,98.34,-1.66,983.4,-16.6,9834.0,-166.0,0.42,100.42,0.42,1004.2,4.2,10042.0,42.0,-0.95,99.05,-0.95,990.5,-9.5,9905.0,-95.0,-10.5,89.5,-10.5,895.0,-105.0,8950.0,-1050.0,-13.0,87.0,-13.0,870.0,-130.0,8700.0,-1300.0,Are dividends an overlooked path to long-term wealth?,Yahoo Finance Video,2026-08-25,0.477,Yum Brands Stock Zigs When The Market Zags,Trefis,2026-08-25,0.0,Is McDonald's (MCD) Fairly Valued Following Its Digital Platform Update?,Simply Wall St.,2026-08-25,0.44,,,,,,,,,,
NKE,Nike,MegaCap,consumer,NYSE,39,-3.31%,-1.45%,-6.31%,-36.63%,-48%,58.569,1.118,18.8,24.2,41418729,113683429,541402329,402.0,6.01,hold,2.51,-3.31,96.69,-3.31,966.9,-33.1,9669.0,-331.0,-1.45,98.55,-1.45,985.5,-14.5,9855.0,-145.0,-6.31,93.69,-6.31,936.9,-63.1,9369.0,-631.0,-36.63,63.37,-36.63,633.7,-366.3,6337.0,-3663.0,-48.0,52.0,-48.0,520.0,-480.0,5200.0,-4800.0,Nike Stock Pays the Price for Dick’s Earnings Wipeout,Barrons.com,2026-08-25,0.0,"Figs, Funko, Caleres, Nike, and Genesco Stocks Trade Down, What You Need To Know",StockStory,2026-08-25,0.0,Why Dick’s Sporting Goods’ Same-Store Sales Ring Warning Bells,Barrons.com,2026-08-25,-0.34,,,,,,,,,,
WMT,Walmart,MegaCap,consumer,NYSE,105,-0.82%,-8.31%,-5.47%,-5.95%,+11%,838.622,0.605,38.18,24.81,26547268,224537468,588824168,93.0,1.62,buy,1.58,-0.82,99.18,-0.82,991.8,-8.2,9918.0,-82.0,-8.31,91.69,-8.31,916.9,-83.1,9169.0,-831.0,-5.47,94.53,-5.47,945.3,-54.7,9453.0,-547.0,-5.95,94.05,-5.95,940.5,-59.5,9405.0,-595.0,11.0,111.0,11.0,1110.0,110.0,11100.0,1100.0,Consumer confidence ticked lower in August — the lowest reading since January,Yahoo Finance Video,2026-08-25,-0.511,The Questions That Defined WMT's Earnings Call,Trefis,2026-08-25,0.0,Walmart Falls as 37-Times Valuation Meets Weak Traffic,GuruFocus.com,2026-08-25,-0.44,,,,,,,,,,
COST,Costco,MegaCap,consumer,NASDAQ,960,-0.97%,-0.14%,+0.89%,+12.84%,+3%,425.744,0.86,48.22,2.34,1322870,10039170,40854070,61.0,1.73,none,,-0.97,99.03,-0.97,990.3,-9.7,9903.0,-97.0,-0.14,99.86,-0.14,998.6,-1.4,9986.0,-14.0,0.89,100.89,0.89,1008.9,8.9,10089.0,89.0,12.84,112.84,12.84,1128.4,128.4,11284.0,1284.0,3.0,103.0,3.0,1030.0,30.0,10300.0,300.0,The Questions That Defined WMT's Earnings Call,Trefis,2026-08-25,0.0,Walmart Keeps Cratering: 45% Gains Are Expected From A Respected Wall Street Pro,24/7 Wall St.,2026-08-25,0.67,The Premium On WMT Stock Vs What Its Peers Deliver,Trefis,2026-08-25,0.0,,,,,,,,,,
XOM,ExxonMobil,MegaCap,energy-industrial,NYSE,161,-2.09%,-2.97%,+4.46%,+33.60%,+47%,660.538,0.173,20.65,15.77,17259903,69868603,313740903,251.0,1.15,buy,2.32,-2.09,97.91,-2.09,979.1,-20.9,9791.0,-209.0,-2.97,97.03,-2.97,970.3,-29.7,9703.0,-297.0,4.46,104.46,4.46,1044.6,44.6,10446.0,446.0,33.6,133.6,33.6,1336.0,336.0,13360.0,3360.0,47.0,147.0,47.0,1470.0,470.0,14700.0,4700.0,"US Equity Markets Higher as Crude Oil Prices, Bond Yields Drop After US Treasury Threatens Economic Sanctions on Iran",MT Newswires,2026-08-25,-0.765,Elon Musk Plans $100 Billion Louisiana Spaceport To Launch “Largest Rocket Ever Built”,24/7 Wall St.,2026-08-25,0.0,Exxon Falls as Oil Erases the Iran Premium,GuruFocus.com,2026-08-25,0.0,,,,,,,,,,
CVX,Chevron,MegaCap,energy-industrial,NYSE,200,-2.00%,-2.00%,+6.12%,+31.80%,+29%,392.105,0.488,19.22,8.65,7540886,37644386,175628286,351.0,1.04,buy,1.72,-2.0,98.0,-2.0,980.0,-20.0,9800.0,-200.0,-2.0,98.0,-2.0,980.0,-20.0,9800.0,-200.0,6.12,106.12,6.12,1061.2,61.2,10612.0,612.0,31.8,131.8,31.8,1318.0,318.0,13180.0,3180.0,29.0,129.0,29.0,1290.0,290.0,12900.0,2900.0,Chevron stock turns heads as company strikes fresh oil,TheStreet,2026-08-25,-0.052,Chevron Falls as Oil Surrenders the Iran Premium,GuruFocus.com,2026-08-25,0.0,America’s Strategic Petroleum Reserve Is Running on Fumes. What Happens When the Next Supply Shock Hits?,24/7 Wall St.,2026-08-25,-0.402,,,,,,,,,,
CAT,Caterpillar,MegaCap,energy-industrial,NYSE,811,+0.04%,-3.52%,-7.10%,+36.40%,+88%,372.93,1.605,34.97,3.27,1626564,13709664,67279264,80.0,1.66,buy,2.14,0.04,100.04,0.04,1000.4,0.4,10004.0,4.0,-3.52,96.48,-3.52,964.8,-35.2,9648.0,-352.0,-7.1,92.9,-7.1,929.0,-71.0,9290.0,-710.0,36.4,136.4,36.4,1364.0,364.0,13640.0,3640.0,88.0,188.0,88.0,1880.0,880.0,18800.0,8800.0,"NVIDIA, JPM & 2 More Stocks to Buy as Oil, Rates & AI Reshape Market",Zacks,2026-08-25,0.0,Caterpillar (CAT) Stock May Be 4% Undervalued On Tariff Refund News,Simply Wall St.,2026-08-25,0.0,Caterpillar (CAT) Could Be 20% Undervalued On Its Margin And Cash Flow Narrative,Simply Wall St.,2026-08-25,0.0,,,,,,,,,,
HON,Honeywell,MegaCap,energy-industrial,NASDAQ,216,+0.36%,-5.28%,-11.97%,+6.41%,-2%,68.358,0.918,8.29,4.39,2159905,13061905,67616405,130.0,2.66,buy,1.92,0.36,100.36,0.36,1003.6,3.6,10036.0,36.0,-5.28,94.72,-5.28,947.2,-52.8,9472.0,-528.0,-11.97,88.03,-11.97,880.3,-119.7,8803.0,-1197.0,6.41,106.41,6.41,1064.1,64.1,10641.0,641.0,-2.0,98.0,-2.0,980.0,-20.0,9800.0,-200.0,Is GE Stock Worth Its Steep Peer Premium?,Trefis,2026-08-25,0.226,The veteran Fortune 500 CEO who turned an 80-year-old AC company into an AI darling,Fortune,2026-08-22,0.586,GE Aerospace Stock Is Priced For A Margin Repair That Has Not Happened Yet,Trefis,2026-08-20,0.0,,,,,,,,,,
GE,GE Aerospace,MegaCap,energy-industrial,NYSE,350,+2.22%,-6.81%,-3.34%,+9.27%,+25%,362.67,1.366,41.22,4.41,3133233,20323633,78352933,55.0,1.37,strong_buy,1.45,2.22,102.22,2.22,1022.2,22.2,10222.0,222.0,-6.81,93.19,-6.81,931.9,-68.1,9319.0,-681.0,-3.34,96.66,-3.34,966.6,-33.4,9666.0,-334.0,9.27,109.27,9.27,1092.7,92.7,10927.0,927.0,25.0,125.0,25.0,1250.0,250.0,12500.0,2500.0,Is GE Stock Worth Its Steep Peer Premium?,Trefis,2026-08-25,0.226,2 Mega-Cap Stocks to Own for Decades and 1 That Underwhelm,StockStory,2026-08-25,0.0,"Which Aerospace and Defense Stock Has Dominated in 2026: GE Aerospace, Boeing, or RTX?",24/7 Wall St.,2026-08-24,0.128,,,,,,,,,,
RTX,RTX Corp,MegaCap,energy-industrial,NYSE,210,+0.40%,-6.75%,-3.41%,+13.52%,+31%,283.407,0.294,37.09,5.16,4840005,24633505,110326605,140.0,1.34,buy,1.87,0.4,100.4,0.4,1004.0,4.0,10040.0,40.0,-6.75,93.25,-6.75,932.5,-67.5,9325.0,-675.0,-3.41,96.59,-3.41,965.9,-34.1,9659.0,-341.0,13.52,113.52,13.52,1135.2,135.2,11352.0,1352.0,31.0,131.0,31.0,1310.0,310.0,13100.0,3100.0,"Top Stock Reports for Berkshire Hathaway, Roche & RTX",Zacks,2026-08-25,0.202,Is GE Stock Worth Its Steep Peer Premium?,Trefis,2026-08-25,0.226,RTX vs. LHX: Which Aerospace Player Holds Stronger Momentum Right Now?,Zacks,2026-08-25,0.382,,,,,,,,,,
BA,Boeing,MegaCap,energy-industrial,NYSE,211,-0.09%,-5.37%,-0.20%,-7.33%,-10%,166.709,1.221,75.93,5.98,4835007,31870607,132981407,,0.01,buy,1.54,-0.09,99.91,-0.09,999.1,-0.9,9991.0,-9.0,-5.37,94.63,-5.37,946.3,-53.7,9463.0,-537.0,-0.2,99.8,-0.2,998.0,-2.0,9980.0,-20.0,-7.33,92.67,-7.33,926.7,-73.3,9267.0,-733.0,-10.0,90.0,-10.0,900.0,-100.0,9000.0,-1000.0,"Boeing Lands $131 Bil F-15 Fighter Jet Contract, Analyst Lifts Booz Allen Targets",Investor's Business Daily,2026-08-25,0.153,Is GE Stock Worth Its Steep Peer Premium?,Trefis,2026-08-25,0.226,A $131 Billion Shot in the Arm: How Boeing’s New F-15 Deal Can Help Shares,Barrons.com,2026-08-25,0.599,,,,,,,,,,
AMD,Advanced Micro Devices,MegaCap,tech-semis,NASDAQ,479,+5.41%,-1.08%,-3.19%,+114.43%,+174%,782.249,2.489,121.93,28.55,18912693,84246093,566466593,,2.32,strong_buy,1.47,5.41,105.41,5.41,1054.1,54.1,10541.0,541.0,-1.08,98.92,-1.08,989.2,-10.8,9892.0,-108.0,-3.19,96.81,-3.19,968.1,-31.9,9681.0,-319.0,114.43,214.43,114.43,2144.3,1144.3,21443.0,11443.0,174.0,274.0,174.0,2740.0,1740.0,27400.0,17400.0,Why Nvidia rival AMD may see a 40% rip in its stock,Yahoo Finance,2026-08-25,0.0,AMD Stock Upgraded To Strong Buy. Here's Why.,Investor's Business Daily,2026-08-25,0.511,AMD Just Got a Major AI Vote of Confidence,GuruFocus.com,2026-08-25,0.511,,,,,,,,,,
QCOM,Qualcomm,MegaCap,tech-semis,NASDAQ,161,+1.62%,+0.23%,-5.58%,-6.24%,+0%,168.626,1.663,18.35,16.45,11417859,47059459,246696659,232.0,3.69,hold,2.57,1.62,101.62,1.62,1016.2,16.2,10162.0,162.0,0.23,100.23,0.23,1002.3,2.3,10023.0,23.0,-5.58,94.42,-5.58,944.2,-55.8,9442.0,-558.0,-6.24,93.76,-6.24,937.6,-62.4,9376.0,-624.0,0.0,100.0,0.0,1000.0,0.0,10000.0,0.0,Qualcomm (QCOM) Positioned to Harness Immense AI Opportunity,Insider Monkey,2026-08-25,0.421,Can Intel's Latest AI Infrastructure Portfolio Expansion Aid Shares?,Zacks,2026-08-25,0.296,How Patience Discounts the Premium on NVIDIA Stock,Trefis,2026-08-25,0.0,,,,,,,,,,
AVGO,Broadcom,MegaCap,tech-semis,NASDAQ,357,-0.53%,-6.12%,-6.91%,+3.00%,+20%,1697.219,1.473,59.16,26.21,17929510,110505010,435317110,72.0,1.31,strong_buy,1.33,-0.53,99.47,-0.53,994.7,-5.3,9947.0,-53.0,-6.12,93.88,-6.12,938.8,-61.2,9388.0,-612.0,-6.91,93.09,-6.91,930.9,-69.1,9309.0,-691.0,3.0,103.0,3.0,1030.0,30.0,10300.0,300.0,20.0,120.0,20.0,1200.0,200.0,12000.0,2000.0,"The story that Nvidia's margins, balance sheet tell going into Q2 earnings",Yahoo Finance Video,2026-08-25,0.0,S&P 100 Is Quietly Sending a Powerful Signal,GuruFocus.com,2026-08-25,0.421,Get Paid 12% A Year To Let Someone Else Chase ADI Stock Higher,Trefis,2026-08-25,0.0,,,,,,,,,,
TSM,Taiwan Semiconductor,MegaCap,tech-semis,NYSE,417,+1.94%,+0.97%,+4.59%,+31.27%,+72%,2164.886,1.258,31.13,13.57,7027792,45493192,261059292,106.0,0.69,strong_buy,1.42,1.94,101.94,1.94,1019.4,19.4,10194.0,194.0,0.97,100.97,0.97,1009.7,9.7,10097.0,97.0,4.59,104.59,4.59,1045.9,45.9,10459.0,459.0,31.27,131.27,31.27,1312.7,312.7,13127.0,3127.0,72.0,172.0,72.0,1720.0,720.0,17200.0,7200.0,TSMC Jumps Before Nvidia Tests Its Capacity Bet,GuruFocus.com,2026-08-25,0.0,"AMD, Marvell Technology, Semtech, Allegro MicroSystems, and MACOM Stocks Trade Up, What You Need To Know",StockStory,2026-08-25,0.0,Photonics ETFs: The Next Big AI Infrastructure Opportunity?,Zacks,2026-08-25,0.421,,,,,,,,,,
ASML,ASML Holding,MegaCap,tech-semis,NASDAQ,1744,+0.35%,-3.26%,+5.51%,+50.59%,+128%,669.932,1.365,58.61,1.87,792084,5255484,33161384,52.0,0.28,strong_buy,1.41,0.35,100.35,0.35,1003.5,3.5,10035.0,35.0,-3.26,96.74,-3.26,967.4,-32.6,9674.0,-326.0,5.51,105.51,5.51,1055.1,55.1,10551.0,551.0,50.59,150.59,50.59,1505.9,505.9,15059.0,5059.0,128.0,228.0,128.0,2280.0,1280.0,22800.0,12800.0,ASML (ENXTAM:ASML) Stock May Trade At A Premium As AI DRAM Demand Builds,Simply Wall St.,2026-08-25,-0.128,Top Investors Name 5 AI Stocks That Could Win No Matter Which Model Leads,24/7 Wall St.,2026-08-25,0.673,Chip Stocks Edge Higher After Monday Rout,Barrons.com,2026-08-25,0.0,,,,,,,,,,
ARM,Arm Holdings,MegaCap,tech-semis,NASDAQ,242,+1.59%,-4.64%,-9.30%,+110.55%,+70%,257.986,3.909,246.49,8.18,3482273,17618073,113271573,,11.61,buy,1.95,1.59,101.59,1.59,1015.9,15.9,10159.0,159.0,-4.64,95.36,-4.64,953.6,-46.4,9536.0,-464.0,-9.3,90.7,-9.3,907.0,-93.0,9070.0,-930.0,110.55,210.55,110.55,2105.5,1105.5,21055.0,11055.0,70.0,170.0,70.0,1700.0,700.0,17000.0,7000.0,AMD Stock Upgraded To Strong Buy. Here's Why.,Investor's Business Daily,2026-08-25,0.511,Arm Rises 2.8% as $272 Target Prices the CPU Tollbooth,GuruFocus.com,2026-08-25,0.0,AMD Stock Gets a ‘Strong Buy’ Upgrade: Why It Could Outperform Nvidia,Barrons.com,2026-08-25,0.0,,,,,,,,,,
INTC,Intel,MegaCap,tech-semis,NASDAQ,87,+0.46%,-9.53%,-4.57%,+122.14%,+258%,462.429,2.241,,119.34,81194224,465691024,2466742624,,2.48,hold,2.52,0.46,100.46,0.46,1004.6,4.6,10046.0,46.0,-9.53,90.47,-9.53,904.7,-95.3,9047.0,-953.0,-4.57,95.43,-4.57,954.3,-45.7,9543.0,-457.0,122.14,222.14,122.14,2221.4,1221.4,22214.0,12214.0,258.0,358.0,258.0,3580.0,2580.0,35800.0,25800.0,Investors rotate into tech stocks as inflation concerns ease: AlphaCheck,Yahoo Finance,2026-08-25,0.361,AMD Stock Upgraded To Strong Buy. Here's Why.,Investor's Business Daily,2026-08-25,0.511,Intel Rises as Pelosi's $1.5 Million Bet Meets $20 Billion Dilution,GuruFocus.com,2026-08-25,0.0,,,,,,,,,,
2222.SR,Saudi Aramco,MegaCap,global-growth,TADAWUL,7.00,-0.90%,+0.15%,+0.07%,+14.30%,+11%,1693.255,0.009,15.55,9.73,10229205,43176580,191685096,511.0,,buy,2.11,-0.9,99.1,-0.9,991.0,-9.0,9910.0,-90.0,0.15,100.15,0.15,1001.5,1.5,10015.0,15.0,0.07,100.07,0.07,1000.7,0.7,10007.0,7.0,14.3,114.3,14.3,1143.0,143.0,11430.0,1430.0,11.0,111.0,11.0,1110.0,110.0,11100.0,1100.0,"Aramco signs agreements, MoU worth $3.7bn with French companies",Offshore Technology,2026-08-25,0.459,Aramco Signs $3.7 Billion in Deals With French Companies,Oilprice.com,2026-08-25,0.0,Flotek Industries Targets $20B Market as Data Analytics Drives Record Growth,MarketBeat,2026-08-21,0.382,,,,,,,,,,
BABA,Alibaba Group,MegaCap,global-growth,NYSE,119,+0.92%,-6.80%,+3.86%,-22.60%,-5%,286.283,0.51,27.02,12.51,15691130,111922830,274450330,89.0,1.78,strong_buy,1.32,0.92,100.92,0.92,1009.2,9.2,10092.0,92.0,-6.8,93.2,-6.8,932.0,-68.0,9320.0,-680.0,3.86,103.86,3.86,1038.6,38.6,10386.0,386.0,-22.6,77.4,-22.6,774.0,-226.0,7740.0,-2260.0,-5.0,95.0,-5.0,950.0,-50.0,9500.0,-500.0,Nvidia's Next AI Bet Is Taking Shape,GuruFocus.com,2026-08-25,0.0,Jack Ma Makes Bold Alibaba Move,GuruFocus.com,2026-08-25,0.382,Huge News For Nvidia Stock Fans,GuruFocus.com,2026-08-25,0.318,,,,,,,,,,
SAP,SAP SE,MegaCap,global-growth,NYSE,217,-0.16%,+3.07%,+26.85%,-6.85%,-19%,250.382,0.757,27.78,2.98,1849620,9565420,63884020,134.0,0.74,buy,1.56,-0.16,99.84,-0.16,998.4,-1.6,9984.0,-16.0,3.07,103.07,3.07,1030.7,30.7,10307.0,307.0,26.85,126.85,26.85,1268.5,268.5,12685.0,2685.0,-6.85,93.15,-6.85,931.5,-68.5,9315.0,-685.0,-19.0,81.0,-19.0,810.0,-190.0,8100.0,-1900.0,How SAP SE’s (SAP) Enterprise Brainstem Shields It from the AI Software Sell-Off,Insider Monkey,2026-08-25,0.0,Is Accenture (ACN) Still Worth A Look On Its McCoy Acquisition?,Simply Wall St.,2026-08-25,0.226,SAP (XTRA:SAP) Stock May Be 39% Undervalued Despite Urgent Security Patch,Simply Wall St.,2026-08-25,-0.388,2,buy,0.8,"Explosive +47% 1M, P/E 28, buy consensus, Q2 earnings beat with cloud backlog +26% despite AI spending concerns.",+47% 1M momentum; P/E 28; Q2 earnings beat; cloud backlog +26%,,,,,
SONY,Sony Group,MegaCap,global-growth,NYSE,24,-1.03%,+2.65%,+7.90%,-7.07%,-13%,140.784,0.759,20.56,5.35,3076229,17526329,118663829,65.0,0.17,none,,-1.03,98.97,-1.03,989.7,-10.3,9897.0,-103.0,2.65,102.65,2.65,1026.5,26.5,10265.0,265.0,7.9,107.9,7.9,1079.0,79.0,10790.0,790.0,-7.07,92.93,-7.07,929.3,-70.7,9293.0,-707.0,-13.0,87.0,-13.0,870.0,-130.0,8700.0,-1300.0,Can Xbox's Upcoming Gaming Roster Lift MSFT's Gaming Revenues?,Zacks,2026-08-24,0.0,"Top Analyst Reports for Dell, Marvell & Verizon Communications",Zacks,2026-08-21,0.202,Can Sony (SONY) Climb 26.38% to Reach the Level Wall Street Analysts Expect?,Zacks,2026-08-21,0.026,10,buy,0.5,"Up +14% 1M, P/E 20.27, low short interest 0.17%, positive news sentiment 0.202, no analyst rating but momentum strong.",+14% 1M momentum; P/E 20.27; short % 0.17; news_s 0.202,,,,,
TM,Toyota Motor,MegaCap,global-growth,NYSE,193,-0.80%,+2.50%,+5.93%,-11.44%,-2%,228.473,0.335,8.73,0.49,282789,1722589,8648289,323.0,0.07,none,,-0.8,99.2,-0.8,992.0,-8.0,9920.0,-80.0,2.5,102.5,2.5,1025.0,25.0,10250.0,250.0,5.93,105.93,5.93,1059.3,59.3,10593.0,593.0,-11.44,88.56,-11.44,885.6,-114.4,8856.0,-1144.0,-2.0,98.0,-2.0,980.0,-20.0,9800.0,-200.0,Archion reports strong maiden Q1 results,Just Auto,2026-08-24,0.511,Ferrari Stock Is Pulling Away From the Pack. Why It Could Rally 15%.,Barrons.com,2026-08-21,0.0,"Hyundai considers Georgia Metaplant expansion to 800,000 units",Quartz,2026-08-21,0.0,8,buy,0.6,"Up +10% 1M, P/E 8.89, 3.18% dividend yield, low short interest 0.07%, value play with strong momentum.",+10% 1M momentum; P/E 8.89; 3.18% div yield; low short %,,,,,
NVO,Novo Nordisk,MegaCap,global-growth,NYSE,49,+3.60%,+6.45%,-0.78%,-2.48%,-15%,215.178,0.349,11.87,12.35,15494639,65262739,309848539,383.0,0.93,hold,2.57,3.6,103.6,3.6,1036.0,36.0,10360.0,360.0,6.45,106.45,6.45,1064.5,64.5,10645.0,645.0,-0.78,99.22,-0.78,992.2,-7.8,9922.0,-78.0,-2.48,97.52,-2.48,975.2,-24.8,9752.0,-248.0,-15.0,85.0,-15.0,850.0,-150.0,8500.0,-1500.0,2 Stocks That Could Capitalize on the GLP-1 Boom,Motley Fool,2026-08-25,0.0,"European shares gain on softer US Iran sanctions, falling oil prices",Reuters,2026-08-25,0.612,LLY vs. ABBV: Which Stock Has the Stronger Growth Prospects?,Zacks,2026-08-25,0.751,,,,,,,,,,
HSBC,HSBC Holdings,MegaCap,global-growth,NYSE,104,+0.34%,+1.16%,+0.88%,+34.79%,+59%,357.702,0.577,14.93,1.44,923727,5149327,26673827,360.0,,none,,0.34,100.34,0.34,1003.4,3.4,10034.0,34.0,1.16,101.16,1.16,1011.6,11.6,10116.0,116.0,0.88,100.88,0.88,1008.8,8.8,10088.0,88.0,34.79,134.79,34.79,1347.9,347.9,13479.0,3479.0,59.0,159.0,59.0,1590.0,590.0,15900.0,5900.0,US Long Bonds Risk Deeper Selloff Without Clear Warsh Guidance,Bloomberg,2026-08-23,-0.508,"VIG, VYM, and VYMI: Which Vanguard Dividend ETF Is Right for You?",MarketBeat,2026-08-23,0.0,Alibaba Seeks $10 Billion From Share Sale for AI Expansion,Bloomberg,2026-08-23,0.296,,,,,,,,,,
AAPL,Apple,Tech,mega-cap,NASDAQ,309.9,-0.24%,-0.04%,-7.94%,+14.66%,+35%,4522.737,1.086,35.54,56.3,25550756,198565956,1120615356,35.0,0.97,buy,2.18,-0.24,99.76,-0.24,997.6,-2.4,9976.0,-24.0,-0.04,99.96,-0.04,999.6,-0.4,9996.0,-4.0,-7.94,92.06,-7.94,920.6,-79.4,9206.0,-794.0,14.66,114.66,14.66,1146.6,146.6,11466.0,1466.0,35.0,135.0,35.0,1350.0,350.0,13500.0,3500.0,"Tech stocks today: All eyes on Nvidia earnings, as Apple debuts new Mac Mini, Mac Studio aimed at AI developers",Yahoo Finance,2026-08-24,0.0,Dell Stock's Massive Guidance Raise Has A Catch,Trefis,2026-08-25,0.0,Cramer Warns iPhone Prices Will Rise Without Chinese Memory — Here’s Why Apple Can’t Wait for U.S. Production,24/7 Wall St.,2026-08-25,-0.103,,,,,,,,,,
MSFT,Microsoft,Tech,mega-cap,NASDAQ,491.71,+0.91%,+2.29%,+26.61%,+4.63%,-3%,3651.215,1.099,27.42,39.54,18777728,98502028,769073028,75.0,1.1,strong_buy,1.36,0.91,100.91,0.91,1009.1,9.1,10091.0,91.0,2.29,102.29,2.29,1022.9,22.9,10229.0,229.0,26.61,126.61,26.61,1266.1,266.1,12661.0,2661.0,4.63,104.63,4.63,1046.3,46.3,10463.0,463.0,-3.0,97.0,-3.0,970.0,-30.0,9700.0,-300.0,The real question investors should be asking ahead of Nvidia earnings,Yahoo Finance Video,2026-08-25,0.0,"Reddit (RDDT) Stock Is Up, What You Need To Know",StockStory,2026-08-25,0.0,Meta's Next AI Bet Could Arrive Sooner Than Expected,GuruFocus.com,2026-08-25,0.0,1,strong_buy,0.95,"Azure crossed $100B in annual revenue growing 43% in Q4, commercial RPO surged 84% to $678B, and Goldman Sachs added MSFT to its Conviction List with a $640 target, supporting a strong buy with P/E 27 and positive news sentiment 0.128.",+24% 1M momentum; Azure $100B revenue milestone; Goldman Conviction List addition; $678B commercial backlog,,,,,
GOOGL,Alphabet (Google),Tech,mega-cap,NASDAQ,346.96,-0.28%,+0.80%,+6.25%,+10.24%,+68%,4243.298,1.237,17.4,32.05,20474042,105966242,580814842,25.0,1.2,strong_buy,1.36,-0.28,99.72,-0.28,997.2,-2.8,9972.0,-28.0,0.8,100.8,0.8,1008.0,8.0,10080.0,80.0,6.25,106.25,6.25,1062.5,62.5,10625.0,625.0,10.24,110.24,10.24,1102.4,102.4,11024.0,1024.0,68.0,168.0,68.0,1680.0,680.0,16800.0,6800.0,Nvidia's Q2 earnings to test resurgent AI trade,Yahoo Finance,2026-08-23,0.0,Why Rezolve AI Stock Rocketed Higher Today,Motley Fool,2026-08-25,0.0,Moody's Pushes Deeper Into AI With Google,GuruFocus.com,2026-08-25,0.0,,,,,,,,,,
AMZN,Amazon,Tech,mega-cap,NASDAQ,261.06,-0.59%,+0.62%,+12.82%,+15.26%,+15%,2815.875,1.454,21.02,49.72,25215342,153145342,1012809342,,1.0,strong_buy,1.32,-0.59,99.41,-0.59,994.1,-5.9,9941.0,-59.0,0.62,100.62,0.62,1006.2,6.2,10062.0,62.0,12.82,112.82,12.82,1128.2,128.2,11282.0,1282.0,15.26,115.26,15.26,1152.6,152.6,11526.0,1526.0,15.0,115.0,15.0,1150.0,150.0,11500.0,1500.0,The real question investors should be asking ahead of Nvidia earnings,Yahoo Finance Video,2026-08-25,0.0,"New disclosure: Trump owns SpaceX, Disney shares — and is reaping profits from oil & gas stocks",Yahoo Finance Video,2026-08-25,0.625,The Questions That Defined WMT's Earnings Call,Trefis,2026-08-25,0.0,,,,,,,,,,
META,Meta Platforms,Tech,mega-cap,NASDAQ,570.05,+1.76%,+4.85%,-4.01%,-12.20%,-26%,1452.206,1.243,21.47,18.49,9647889,67330389,369839189,38.0,1.43,strong_buy,1.35,1.76,101.76,1.76,1017.6,17.6,10176.0,176.0,4.85,104.85,4.85,1048.5,48.5,10485.0,485.0,-4.01,95.99,-4.01,959.9,-40.1,9599.0,-401.0,-12.2,87.8,-12.2,878.0,-122.0,8780.0,-1220.0,-26.0,74.0,-26.0,740.0,-260.0,7400.0,-2600.0,The real question investors should be asking ahead of Nvidia earnings,Yahoo Finance Video,2026-08-25,0.0,Coca-Cola's new CEO can boast about something that 'Magnificent 7' members Elon Musk and Mark Zuckerberg can't,Yahoo Finance,2026-08-25,0.599,"Reddit (RDDT) Stock Is Up, What You Need To Know",StockStory,2026-08-25,0.0,,,,,,,,,,
NVDA,NVIDIA,Tech,semiconductors,NASDAQ,213.05,+2.04%,-3.04%,+8.42%,+12.95%,+15%,5160.284,2.215,32.63,140.1,118609303,541920203,2585422203,48.0,1.26,strong_buy,1.29,2.04,102.04,2.04,1020.4,20.4,10204.0,204.0,-3.04,96.96,-3.04,969.6,-30.4,9696.0,-304.0,8.42,108.42,8.42,1084.2,84.2,10842.0,842.0,12.95,112.95,12.95,1129.5,129.5,11295.0,1295.0,15.0,115.0,15.0,1150.0,150.0,11500.0,1500.0,"Earnings live updates: Intuit stock drops on soft guidance, Dick's Sporting Goods stock plummets 30%",Yahoo Finance,2026-08-25,0.0,Nvidia earnings in focus: Why its networking segment is growing faster than compute,Yahoo Finance Video,2026-08-25,0.178,Elon Musk says SpaceX's Nvidia-powered orbital data center could be ready next year,Yahoo Finance Video,2026-08-25,0.361,,,,,,,,,,
AMD,Advanced Micro Devices,Tech,semiconductors,NASDAQ,479.18,+5.41%,-1.08%,-3.19%,+114.43%,+174%,782.249,2.489,121.93,28.55,18843361,84176761,566397261,,2.32,strong_buy,1.47,5.41,105.41,5.41,1054.1,54.1,10541.0,541.0,-1.08,98.92,-1.08,989.2,-10.8,9892.0,-108.0,-3.19,96.81,-3.19,968.1,-31.9,9681.0,-319.0,114.43,214.43,114.43,2144.3,1144.3,21443.0,11443.0,174.0,274.0,174.0,2740.0,1740.0,27400.0,17400.0,Why Nvidia rival AMD may see a 40% rip in its stock,Yahoo Finance,2026-08-25,0.0,AMD Just Got a Major AI Vote of Confidence,GuruFocus.com,2026-08-25,0.511,"AMD, Marvell Technology, Semtech, Allegro MicroSystems, and MACOM Stocks Trade Up, What You Need To Know",StockStory,2026-08-25,0.0,,,,,,,,,,
INTC,Intel,Tech,semiconductors,NASDAQ,87.48,+0.46%,-9.53%,-4.57%,+122.14%,+258%,462.429,2.241,,119.34,80703202,465200002,2466251602,,2.48,hold,2.52,0.46,100.46,0.46,1004.6,4.6,10046.0,46.0,-9.53,90.47,-9.53,904.7,-95.3,9047.0,-953.0,-4.57,95.43,-4.57,954.3,-45.7,9543.0,-457.0,122.14,222.14,122.14,2221.4,1221.4,22214.0,12214.0,258.0,358.0,258.0,3580.0,2580.0,35800.0,25800.0,Investors rotate into tech stocks as inflation concerns ease: AlphaCheck,Yahoo Finance,2026-08-25,0.361,Intel Rises as Pelosi's $1.5 Million Bet Meets $20 Billion Dilution,GuruFocus.com,2026-08-25,0.0,AMD Just Got a Major AI Vote of Confidence,GuruFocus.com,2026-08-25,0.511,,,,,,,,,,
TSM,Taiwan Semiconductor,Tech,semiconductors,NYSE,417.41,+1.94%,+0.97%,+4.59%,+31.27%,+72%,2164.886,1.258,31.13,13.57,6878879,45344279,260910379,106.0,0.69,strong_buy,1.42,1.94,101.94,1.94,1019.4,19.4,10194.0,194.0,0.97,100.97,0.97,1009.7,9.7,10097.0,97.0,4.59,104.59,4.59,1045.9,45.9,10459.0,459.0,31.27,131.27,31.27,1312.7,312.7,13127.0,3127.0,72.0,172.0,72.0,1720.0,720.0,17200.0,7200.0,TSMC Jumps Before Nvidia Tests Its Capacity Bet,GuruFocus.com,2026-08-25,0.0,"AMD, Marvell Technology, Semtech, Allegro MicroSystems, and MACOM Stocks Trade Up, What You Need To Know",StockStory,2026-08-25,0.0,Photonics ETFs: The Next Big AI Infrastructure Opportunity?,Zacks,2026-08-25,0.421,,,,,,,,,,
AVGO,Broadcom,Tech,semiconductors,NASDAQ,356.74,-0.53%,-6.12%,-6.91%,+3.00%,+20%,1697.219,1.473,59.16,26.21,17860705,110436205,435248305,72.0,1.31,strong_buy,1.33,-0.53,99.47,-0.53,994.7,-5.3,9947.0,-53.0,-6.12,93.88,-6.12,938.8,-61.2,9388.0,-612.0,-6.91,93.09,-6.91,930.9,-69.1,9309.0,-691.0,3.0,103.0,3.0,1030.0,30.0,10300.0,300.0,20.0,120.0,20.0,1200.0,200.0,12000.0,2000.0,"The story that Nvidia's margins, balance sheet tell going into Q2 earnings",Yahoo Finance Video,2026-08-25,0.0,S&P 100 Is Quietly Sending a Powerful Signal,GuruFocus.com,2026-08-25,0.421,Get Paid 12% A Year To Let Someone Else Chase ADI Stock Higher,Trefis,2026-08-25,0.0,,,,,,,,,,
QCOM,Qualcomm,Tech,semiconductors,NASDAQ,160.56,+1.62%,+0.23%,-5.58%,-6.24%,+0%,168.625,1.663,18.35,16.45,11361001,47002601,246639801,232.0,3.69,hold,2.57,1.62,101.62,1.62,1016.2,16.2,10162.0,162.0,0.23,100.23,0.23,1002.3,2.3,10023.0,23.0,-5.58,94.42,-5.58,944.2,-55.8,9442.0,-558.0,-6.24,93.76,-6.24,937.6,-62.4,9376.0,-624.0,0.0,100.0,0.0,1000.0,0.0,10000.0,0.0,Qualcomm (QCOM) Positioned to Harness Immense AI Opportunity,Insider Monkey,2026-08-25,0.421,Can Intel's Latest AI Infrastructure Portfolio Expansion Aid Shares?,Zacks,2026-08-25,0.296,How Patience Discounts the Premium on NVIDIA Stock,Trefis,2026-08-25,0.0,,,,,,,,,,
ARM,Arm Holdings,Tech,semiconductors,NASDAQ,241.56,+1.59%,-4.64%,-9.30%,+110.55%,+70%,257.986,3.909,246.49,8.18,3476300,17612100,113265600,,11.61,buy,1.95,1.59,101.59,1.59,1015.9,15.9,10159.0,159.0,-4.64,95.36,-4.64,953.6,-46.4,9536.0,-464.0,-9.3,90.7,-9.3,907.0,-93.0,9070.0,-930.0,110.55,210.55,110.55,2105.5,1105.5,21055.0,11055.0,70.0,170.0,70.0,1700.0,700.0,17000.0,7000.0,Arm Rises 2.8% as $272 Target Prices the CPU Tollbooth,GuruFocus.com,2026-08-25,0.0,AMD Stock Gets a ‘Strong Buy’ Upgrade: Why It Could Outperform Nvidia,Barrons.com,2026-08-25,0.0,ARM's 93X Earnings Multiple Overshadows Its Growth Potential,Zacks,2026-08-25,0.382,,,,,,,,,,
ASML,ASML Holding,Tech,semiconductors,NASDAQ,1744.16,+0.35%,-3.26%,+5.51%,+50.59%,+128%,669.931,1.365,58.61,1.87,791112,5254512,33160412,52.0,0.28,strong_buy,1.41,0.35,100.35,0.35,1003.5,3.5,10035.0,35.0,-3.26,96.74,-3.26,967.4,-32.6,9674.0,-326.0,5.51,105.51,5.51,1055.1,55.1,10551.0,551.0,50.59,150.59,50.59,1505.9,505.9,15059.0,5059.0,128.0,228.0,128.0,2280.0,1280.0,22800.0,12800.0,ASML (ENXTAM:ASML) Stock May Trade At A Premium As AI DRAM Demand Builds,Simply Wall St.,2026-08-25,-0.128,Top Investors Name 5 AI Stocks That Could Win No Matter Which Model Leads,24/7 Wall St.,2026-08-25,0.673,Chip Stocks Edge Higher After Monday Rout,Barrons.com,2026-08-25,0.0,,,,,,,,,,
MU,Micron Technology,Tech,semiconductors,NASDAQ,932.97,+3.31%,-0.83%,+3.64%,+195.96%,+681%,1053.69,2.213,21.08,48.05,18902503,122852603,833485703,6.0,2.65,strong_buy,1.36,3.31,103.31,3.31,1033.1,33.1,10331.0,331.0,-0.83,99.17,-0.83,991.7,-8.3,9917.0,-83.0,3.64,103.64,3.64,1036.4,36.4,10364.0,364.0,195.96,295.96,195.96,2959.6,1959.6,29596.0,19596.0,681.0,781.0,681.0,7810.0,6810.0,78100.0,68100.0,Cramer Warns iPhone Prices Will Rise Without Chinese Memory — Here’s Why Apple Can’t Wait for U.S. Production,24/7 Wall St.,2026-08-25,-0.103,Micron Rebounds 1.4% as $25 Billion Cash Engine Defies Memory Panic,GuruFocus.com,2026-08-25,-0.511,"SanDisk Stock Is On Sale, But Is The Company's New Strategy The Real Story?",Trefis,2026-08-25,0.0,,,,,,,,,,
AMAT,Applied Materials,Tech,semiconductors,NASDAQ,480.04,-0.70%,-6.57%,-7.03%,+79.18%,+194%,380.958,1.618,41.49,9.63,5007556,32974756,174478856,44.0,1.8,strong_buy,1.46,-0.7,99.3,-0.7,993.0,-7.0,9930.0,-70.0,-6.57,93.43,-6.57,934.3,-65.7,9343.0,-657.0,-7.03,92.97,-7.03,929.7,-70.3,9297.0,-703.0,79.18,179.18,79.18,1791.8,791.8,17918.0,7918.0,194.0,294.0,194.0,2940.0,1940.0,29400.0,19400.0,Applied Materials Drops 34%. Here’s Why You Should Buy the Dip in AMAT Stock.,Barchart,2026-08-24,0.0,Applied Materials (AMAT) Is Positioned to Capture More of the AI Chip Manufacturing Boom,Insider Monkey,2026-08-24,0.0,This Company Just Paid Out $6.8 Billion. Its AI Bill Was 4x That,24/7 Wall St.,2026-08-23,0.0,,,,,,,,,,
ORCL,Oracle,Tech,enterprise-software,NYSE,144.76,+1.44%,+1.38%,+20.73%,-25.32%,-39%,416.977,1.718,24.83,32.28,12994270,88525170,608909870,140.0,2.92,buy,1.59,1.44,101.44,1.44,1014.4,14.4,10144.0,144.0,1.38,101.38,1.38,1013.8,13.8,10138.0,138.0,20.73,120.73,20.73,1207.3,207.3,12073.0,2073.0,-25.32,74.68,-25.32,746.8,-253.2,7468.0,-2532.0,-39.0,61.0,-39.0,610.0,-390.0,6100.0,-3900.0,"What's at stake for Paramount, the Ellisons in Warner Bros. takeover bid",Yahoo Finance Video,2026-08-24,0.0,OpenAI data center chief exits as 4 executives leave ahead of 2027 IPO,Investing.com,2026-08-25,-0.052,"Stocks to Watch: Strategy, Nvidia, XPeng",The Wall Street Journal,2026-08-25,0.0,10,buy,0.5,"Healthy +16.4% 1M momentum, P/E 25 with a 1.37% dividend yield, positive news sentiment 0.114, and buy consensus at 1.59, though -38% 1-year return remains a risk.",+16.4% 1M momentum; Dividend yield (1.37%); Buy consensus (1.59); Positive news sentiment (0.114),,,,,
CRM,Salesforce,Tech,enterprise-software,NYSE,205.69,-1.61%,+4.87%,+18.49%,-18.49%,-14%,168.46,1.152,23.83,14.88,10005794,58597294,275579394,84.0,4.15,buy,1.7,-1.61,98.39,-1.61,983.9,-16.1,9839.0,-161.0,4.87,104.87,4.87,1048.7,48.7,10487.0,487.0,18.49,118.49,18.49,1184.9,184.9,11849.0,1849.0,-18.49,81.51,-18.49,815.1,-184.9,8151.0,-1849.0,-14.0,86.0,-14.0,860.0,-140.0,8600.0,-1400.0,"Earnings live updates: Intuit stock drops on soft guidance, Dick's Sporting Goods stock plummets 30%",Yahoo Finance,2026-08-25,0.0,"Dow Jones Futures: Stocks Rise Cautiously Into Fed Inflation Data, Nvidia Earnings; Robinhood In Buy Area",Investor's Business Daily,2026-08-25,0.0,ServiceNow Just Ripped 29% in a Month. What Would It Take to Get NOW Stock Up to $150?,24/7 Wall St.,2026-08-25,0.0,6,buy,0.7,"Strong +28.3% 1M recovery, P/E 24.2 is reasonable, positive 1W momentum +6.6%, and buy consensus at 1.72 despite slightly negative news sentiment.",+28.3% 1M momentum; Reasonable P/E (24.2); +6.6% 1W momentum; Buy consensus (1.72),,,,,
ADBE,Adobe,Tech,enterprise-software,NASDAQ,273.92,-0.76%,+4.10%,+15.21%,-17.82%,-22%,108.884,1.397,15.66,6.36,3103404,19212904,107071204,,5.45,hold,2.73,-0.76,99.24,-0.76,992.4,-7.6,9924.0,-76.0,4.1,104.1,4.1,1041.0,41.0,10410.0,410.0,15.21,115.21,15.21,1152.1,152.1,11521.0,1521.0,-17.82,82.18,-17.82,821.8,-178.2,8218.0,-1782.0,-22.0,78.0,-22.0,780.0,-220.0,7800.0,-2200.0,ServiceNow Just Ripped 29% in a Month. What Would It Take to Get NOW Stock Up to $150?,24/7 Wall St.,2026-08-25,0.0,Analyzing Adobe’s (ADBE) Path Forward in the AI Era,Insider Monkey,2026-08-25,0.0,Why Adobe Could Be One of 2026’s Most Contrarian Tech Bets,24/7 Wall St.,2026-08-25,0.0,7,buy,0.65,"Cheap P/E 15.8 with +26% 1M momentum, +4.3% 1W gain, and a compelling value narrative despite hold consensus at 2.73 which could shift on earnings.",+26% 1M momentum; Low P/E (15.8); Value opportunity; +4.3% 1W momentum,,,,,
NOW,ServiceNow,Tech,enterprise-software,NYSE,127.0,-0.19%,+6.29%,+20.31%,-13.87%,-26%,131.3,0.93,79.38,25.24,11799902,72709902,451189502,,3.56,strong_buy,1.43,-0.19,99.81,-0.19,998.1,-1.9,9981.0,-19.0,6.29,106.29,6.29,1062.9,62.9,10629.0,629.0,20.31,120.31,20.31,1203.1,203.1,12031.0,2031.0,-13.87,86.13,-13.87,861.3,-138.7,8613.0,-1387.0,-26.0,74.0,-26.0,740.0,-260.0,7400.0,-2600.0,ServiceNow Just Ripped 29% in a Month. What Would It Take to Get NOW Stock Up to $150?,24/7 Wall St.,2026-08-25,0.0,The Paid-To-Hold Play On WDAY Stock: An 8.6% Annualized Income,Trefis,2026-08-25,0.34,DDOG vs. NOW: Which Cloud Software Stock Has an Edge Right Now?,Zacks,2026-08-25,0.0,3,strong_buy,0.85,"Massive +34.6% 1M momentum, strong_buy consensus with an_score 1.43, highest news sentiment in the universe at 0.363, and P/E 79.8 reflecting high-growth expectations.",+34.6% 1M momentum; strong_buy consensus (1.43); Highest news sentiment (0.363); P/E 79.8 growth premium,,,,,
SNOW,Snowflake,Tech,enterprise-software,NYSE,317.02,-1.93%,-2.55%,+16.16%,+46.29%,+66%,109.879,1.315,,7.07,4282921,18503021,107209321,,5.6,buy,1.51,-1.93,98.07,-1.93,980.7,-19.3,9807.0,-193.0,-2.55,97.45,-2.55,974.5,-25.5,9745.0,-255.0,16.16,116.16,16.16,1161.6,161.6,11616.0,1616.0,46.29,146.29,46.29,1462.9,462.9,14629.0,4629.0,66.0,166.0,66.0,1660.0,660.0,16600.0,6600.0,"Snowflake CEO: Trusted Data, Not Model Benchmarks, Will Define Enterprise AI",MarketBeat,2026-08-25,0.477,Snowflake Stock Fans Should Prepare for September 2 as AI Agents Are Pouring More Data Into It,24/7 Wall St.,2026-08-25,0.0,SaaSmageddon Survivors: 5 Top Software Stocks to Buy,Kiplinger,2026-08-25,0.202,4,buy,0.8,"AI growth story intact with +24.3% 1M momentum, +71% 1-year return, positive news sentiment 0.273, and buy consensus at an_score 1.51 despite no P/E due to negative earnings.",+24.3% 1M momentum; +71% 1-year return; Positive news sentiment (0.273); Buy consensus (1.51),,,,,
INTU,Intuit,Tech,enterprise-software,NASDAQ,357.46,-3.36%,+2.01%,+17.62%,-42.68%,-44%,97.779,0.959,21.81,4.96,5952322,19847022,83729922,130.0,5.09,buy,1.86,-3.36,96.64,-3.36,966.4,-33.6,9664.0,-336.0,2.01,102.01,2.01,1020.1,20.1,10201.0,201.0,17.62,117.62,17.62,1176.2,176.2,11762.0,1762.0,-42.68,57.32,-42.68,573.2,-426.8,5732.0,-4268.0,-44.0,56.0,-44.0,560.0,-440.0,5600.0,-4400.0,"Earnings live updates: Intuit stock drops on soft guidance, Dick's Sporting Goods stock plummets 30%",Yahoo Finance,2026-08-25,0.0,"Tuesday's market movers: Intuit, DICK'S, consumer confidence, and housing data",Yahoo Finance Video,2026-08-25,0.511,"Intuit issues conservative full-year guidance amid strategy shift, shares slide",Investing.com,2026-08-25,0.296,5,buy,0.75,"Sharp +29% 1M recovery after -44% 1-year decline, attractive P/E 22.4, buy consensus at 1.86, and upcoming earnings catalyst with dividend yield 1.31%.",+29% 1M momentum; Low P/E (22.4); Dividend yield (1.31%); Upcoming earnings catalyst,,,,,
CRWD,CrowdStrike,Tech,cybersecurity,NASDAQ,185.38,-2.69%,-12.93%,+2.93%,+63.48%,+83%,188.765,1.234,,10.61,8269622,43370022,168512922,,2.55,buy,1.7,-2.69,97.31,-2.69,973.1,-26.9,9731.0,-269.0,-12.93,87.07,-12.93,870.7,-129.3,8707.0,-1293.0,2.93,102.93,2.93,1029.3,29.3,10293.0,293.0,63.48,163.48,63.48,1634.8,634.8,16348.0,6348.0,83.0,183.0,83.0,1830.0,830.0,18300.0,8300.0,"Dow Jones Futures: Stocks Rise Cautiously Into Fed Inflation Data, Nvidia Earnings; Robinhood In Buy Area",Investor's Business Daily,2026-08-25,0.0,CrowdStrike Q2 Earnings Preview: What to Expect From Upcoming Report,GuruFocus.com,2026-08-25,0.0,CrowdStrike's Next Earnings Report on Aug. 26 Could Send the Stock Soaring. Here's Why.,Motley Fool,2026-08-25,0.0,,,,,,,,,,
PANW,Palo Alto Networks,Tech,cybersecurity,NASDAQ,339.9,-3.13%,-9.15%,+7.12%,+89.50%,+90%,277.019,0.893,293.02,7.29,4577655,25199955,123092655,,2.59,buy,1.64,-3.13,96.87,-3.13,968.7,-31.3,9687.0,-313.0,-9.15,90.85,-9.15,908.5,-91.5,9085.0,-915.0,7.12,107.12,7.12,1071.2,71.2,10712.0,712.0,89.5,189.5,89.5,1895.0,895.0,18950.0,8950.0,90.0,190.0,90.0,1900.0,900.0,19000.0,9000.0,SaaSmageddon Survivors: 5 Top Software Stocks to Buy,Kiplinger,2026-08-25,0.202,Can Rising Network Security Demand Boost PANW's Long-Term Growth?,Zacks,2026-08-25,0.735,Cybersecurity Stocks Are Priced For Big AI Growth. Earnings Could Bring Fireworks.,Investor's Business Daily,2026-08-25,0.382,,,,,,,,,,
NET,Cloudflare,Tech,cybersecurity,NYSE,277.58,-0.86%,-7.89%,+4.51%,+41.61%,+41%,98.841,1.66,,3.73,1874372,13613772,86852172,,2.88,buy,1.88,-0.86,99.14,-0.86,991.4,-8.6,9914.0,-86.0,-7.89,92.11,-7.89,921.1,-78.9,9211.0,-789.0,4.51,104.51,4.51,1045.1,45.1,10451.0,451.0,41.61,141.61,41.61,1416.1,416.1,14161.0,4161.0,41.0,141.0,41.0,1410.0,410.0,14100.0,4100.0,"Nebius Group Falls 4% as $5B Convertible Settles, Datadog Drops 3%, Cloudflare Slips",24/7 Wall St.,2026-08-24,0.0,2 Software Stocks Worth Your Attention and 1 That Underwhelm,StockStory,2026-08-21,0.226,"MongoDB, Cloudflare, Okta, Zscaler, and Upstart Stocks Trade Down, What You Need To Know",StockStory,2026-08-20,0.0,,,,,,,,,,
FTNT,Fortinet,Tech,cybersecurity,NASDAQ,153.66,+0.43%,-2.75%,+0.84%,+97.30%,+96%,112.742,1.058,54.3,5.82,3441354,19888054,115687954,,2.37,none,,0.43,100.43,0.43,1004.3,4.3,10043.0,43.0,-2.75,97.25,-2.75,972.5,-27.5,9725.0,-275.0,0.84,100.84,0.84,1008.4,8.4,10084.0,84.0,97.3,197.3,97.3,1973.0,973.0,19730.0,9730.0,96.0,196.0,96.0,1960.0,960.0,19600.0,9600.0,History Has An Opinion On This SNPS Price Level,Trefis,2026-08-24,0.0,"Cisco Grows Into Its Multiple, And The Market Has To Do The Rest",Trefis,2026-08-24,0.0,"AI Is Now Attacking at Machine Speed, and This CEO Says That Changes the Case for Cybersecurity Stocks",24/7 Wall St.,2026-08-21,-0.459,,,,,,,,,,
NFLX,Netflix,Tech,consumer-platform,NASDAQ,82.23,+2.81%,+5.73%,+16.80%,-9.63%,-35%,342.4,1.514,25.86,42.59,29100202,132539502,722799602,,2.23,buy,1.76,2.81,102.81,2.81,1028.1,28.1,10281.0,281.0,5.73,105.73,5.73,1057.3,57.3,10573.0,573.0,16.8,116.8,16.8,1168.0,168.0,11680.0,1680.0,-9.63,90.37,-9.63,903.7,-96.3,9037.0,-963.0,-35.0,65.0,-35.0,650.0,-350.0,6500.0,-3500.0,"What's at stake for Paramount, the Ellisons in Warner Bros. takeover bid",Yahoo Finance Video,2026-08-24,0.0,Google’s Wins Make Founders Brin And Page $50 Billion Richer,24/7 Wall St.,2026-08-25,0.796,Best Blue Chip Stocks: 21 Hedge Fund Top Picks,Kiplinger,2026-08-25,0.718,9,buy,0.55,"Solid +16% 1M recovery, P/E 25 is reasonable, positive news sentiment 0.224 with Ackman investment interest, though -35% 1-year decline lingers.",+16% 1M momentum; Reasonable P/E (25); Positive news sentiment (0.224); Ackman investment catalyst,,,,,
SHOP,Shopify,Tech,consumer-platform,NYSE,153.88,+2.83%,+4.98%,+21.28%,-2.11%,+6%,197.989,2.59,103.97,9.31,5724839,28732539,237328239,,1.67,buy,1.7,2.83,102.83,2.83,1028.3,28.3,10283.0,283.0,4.98,104.98,4.98,1049.8,49.8,10498.0,498.0,21.28,121.28,21.28,1212.8,212.8,12128.0,2128.0,-2.11,97.89,-2.11,978.9,-21.1,9789.0,-211.0,6.0,106.0,6.0,1060.0,60.0,10600.0,600.0,2 Stocks That Could Double by 2030,Motley Fool,2026-08-25,0.0,Will PYPL Stock's Multiple Catch Up?,Trefis,2026-08-25,0.0,"Shopify (SHOP) Draws Fresh Growth Focus, Is The Valuation Already Pricey?",Simply Wall St.,2026-08-24,0.599,8,buy,0.6,"Powerful +26% 1M momentum, highest news sentiment among consumer stocks at 0.319, buy consensus at 1.70, but high P/E 101 and elevated beta 2.6 warrant caution.",+26% 1M momentum; High news sentiment (0.319); Buy consensus (1.70); Elevated beta (2.6),,,,,
SPOT,Spotify,Tech,consumer-platform,NYSE,552.57,+2.63%,+7.03%,+11.69%,-3.90%,-23%,113.619,1.581,29.69,1.89,1271015,8876215,45649315,,4.09,buy,1.56,2.63,102.63,2.63,1026.3,26.3,10263.0,263.0,7.03,107.03,7.03,1070.3,70.3,10703.0,703.0,11.69,111.69,11.69,1116.9,116.9,11169.0,1169.0,-3.9,96.1,-3.9,961.0,-39.0,9610.0,-390.0,-23.0,77.0,-23.0,770.0,-230.0,7700.0,-2300.0,Could Netflix Stock Double From Here? The Numbers Are Getting Interesting.,24/7 Wall St.,2026-08-21,0.402,"Top Stock Reports for Salesforce, Seagate Technology & AT&T",Zacks,2026-08-20,0.202,SPOT Gains 12.5% in a Month as Growth Strength Meets Valuation Risk,Zacks,2026-08-20,0.727,,,,,,,,,,
UBER,Uber,Tech,consumer-platform,NYSE,80.35,+1.13%,+7.62%,+17.85%,-3.03%,-18%,164.119,1.154,17.62,20.53,14108949,75604549,430820149,,2.41,buy,1.52,1.13,101.13,1.13,1011.3,11.3,10113.0,113.0,7.62,107.62,7.62,1076.2,76.2,10762.0,762.0,17.85,117.85,17.85,1178.5,178.5,11785.0,1785.0,-3.03,96.97,-3.03,969.7,-30.3,9697.0,-303.0,-18.0,82.0,-18.0,820.0,-180.0,8200.0,-1800.0,"Nevada Just Raised Tesla's Las Vegas Robotaxi Cap From 10 Vehicles to 5,000",Motley Fool,2026-08-25,0.0,4 Same-Day Pay Jobs: How To Get Quick Cash,MoneyLion,2026-08-25,-0.103,Anthropic claims $30T AI market (just 12x the entire tech sector combined),Investing.com,2026-08-25,0.0,,,,,,,,,,
CSCO,Cisco Systems,Tech,hardware-infra,NASDAQ,111.11,+0.73%,-0.45%,-3.02%,+47.46%,+61%,437.933,1.002,33.37,23.79,11758866,73456866,484942966,152.0,1.68,buy,1.85,0.73,100.73,0.73,1007.3,7.3,10073.0,73.0,-0.45,99.55,-0.45,995.5,-4.5,9955.0,-45.0,-3.02,96.98,-3.02,969.8,-30.2,9698.0,-302.0,47.46,147.46,47.46,1474.6,474.6,14746.0,4746.0,61.0,161.0,61.0,1610.0,610.0,16100.0,6100.0,Why Super Micro Computer Rallied Today,Motley Fool,2026-08-25,0.599,Dell Stock's Massive Guidance Raise Has A Catch,Trefis,2026-08-25,0.0,Arista Networks Stock Looks Strong. One Number Says Be Careful.,Trefis,2026-08-25,0.637,,,,,,,,,,
PLTR,Palantir Technologies,Tech,hardware-infra,NASDAQ,172.73,-1.61%,+0.69%,+31.32%,+2.90%,+9%,415.081,1.563,146.38,43.31,24434089,163776789,1012377189,,3.17,buy,1.81,-1.61,98.39,-1.61,983.9,-16.1,9839.0,-161.0,0.69,100.69,0.69,1006.9,6.9,10069.0,69.0,31.32,131.32,31.32,1313.2,313.2,13132.0,3132.0,2.9,102.9,2.9,1029.0,29.0,10290.0,290.0,9.0,109.0,9.0,1090.0,90.0,10900.0,900.0,"New disclosure: Trump owns SpaceX, Disney shares — and is reaping profits from oil & gas stocks",Yahoo Finance Video,2026-08-25,0.625,Cathie Wood's Biggest Buy Last Week Was SpaceX. She Sold Almost Exactly That Much Palantir the Same Day.,Motley Fool,2026-08-25,0.0,Palantir's Maven Is Now an Official Pentagon Program of Record. Here's What Guaranteed Budget Dollars Are Worth.,Motley Fool,2026-08-25,0.226,2,strong_buy,0.9,"Q2 revenue surged 93% YoY to $1.94B beating estimates, US commercial revenue jumped 149%, and FY2026 guidance raised to $8.15B+, driving +44% 1M momentum with positive news sentiment 0.149.",+44% 1M momentum; Q2 revenue beat (+93% YoY); US commercial revenue +149%; Raised FY2026 guidance,,,,,
