ticker,company_name,sector,category,exchange,price_usd,change_1d,change_1w,change_1m,change_ytd,return_1yr,market_cap_usd_b,beta,pe_ratio,avg_volume_m,vol_1d,vol_1w,vol_1m,div_yield_pct,short_pct,analyst,analyst_score,pct_1d,val_100_1d,profit_100_1d,val_1000_1d,profit_1000_1d,val_10000_1d,profit_10000_1d,pct_1w,val_100_1w,profit_100_1w,val_1000_1w,profit_1000_1w,val_10000_1w,profit_10000_1w,pct_1m,val_100_1m,profit_100_1m,val_1000_1m,profit_1000_1m,val_10000_1m,profit_10000_1m,pct_ytd,val_100_ytd,profit_100_ytd,val_1000_ytd,profit_1000_ytd,val_10000_ytd,profit_10000_ytd,pct_1y,val_100_1y,profit_100_1y,val_1000_1y,profit_1000_1y,val_10000_1y,profit_10000_1y,news1_title,news1_publisher,news1_date,news1_sentiment,news2_title,news2_publisher,news2_date,news2_sentiment,news3_title,news3_publisher,news3_date,news3_sentiment,signal_rank,signal,signal_confidence,signal_rationale,signal_drivers,portfolio_held,portfolio_quantity,portfolio_avg_price,portfolio_ppl,portfolio_total_value
SNDK,SanDisk Corporation,AI,memory,NASDAQ,1766.64,-1.74%,+13.83%,+18.32%,+541.85%,+1641%,258.669,,23.93,13.84,10340082,50807182,217600082,,6.43,buy,1.54,-1.74,98.26,-1.74,982.6,-17.4,9826.0,-174.0,13.83,113.83,13.83,1138.3,138.3,11383.0,1383.0,18.32,118.32,18.32,1183.2,183.2,11832.0,1832.0,541.85,641.85,541.85,6418.5,5418.5,64185.0,54185.0,1641.0,1741.0,1641.0,17410.0,16410.0,174100.0,164100.0,"Dow Jones Futures: Falling Oil Prices, Yields Spark Market Rally; AMD, Intel, Micron, Nvidia, Sandisk Are Key Movers",Investor's Business Daily,2026-09-21,0.077,"Top Stock Reports for Procter & Gamble, Sandisk & Analog Devices",Zacks,2026-09-21,0.202,"Stock Market Today: Dow Up, Nasdaq Roars To Record As Micron Does This; AMD Hits New High",Investor's Business Daily,2026-09-21,0.0,1,strong_buy,1.0,"Joining S&P 100 on 21 Sep [financefeeds.com](https://financefeeds.com/sandisk-sndk-stock-1792-sp-100-debut-bull-2354-bear-1520/), $14B buyback authorized [fool.com](https://www.fool.com/investing/2026/09/18/sandisk-unveiled-an-14-billion-buyback-and-warren/), +551% YTD, P/E 24.27, analyst median target $2,125 [gate.com](https://www.gate.com/news/detail/SNDK/sandisk-stocks-jump-1099-ahead-of-sp-100-index-inclusion-24432680).",S&P 100 inclusion catalyst; $14B buyback; 551% YTD return; P/E 24.27,,,,,
WDC,Western Digital,AI,memory,NASDAQ,448.17,+1.39%,+4.97%,+2.97%,+139.02%,+293%,161.584,2.182,16.65,8.01,7457670,43591970,127281570,14.0,6.19,none,,1.39,101.39,1.39,1013.9,13.9,10139.0,139.0,4.97,104.97,4.97,1049.7,49.7,10497.0,497.0,2.97,102.97,2.97,1029.7,29.7,10297.0,297.0,139.02,239.02,139.02,2390.2,1390.2,23902.0,13902.0,293.0,393.0,293.0,3930.0,2930.0,39300.0,29300.0,Western Digital (WDC) Surpasses Market Returns: Some Facts Worth Knowing,Zacks,2026-09-21,0.226,NVIDIA Or Micron: Which Gets Paid More Safely For The AI Shortage?,Trefis,2026-09-21,0.36,How Much Of Micron's Revenue Has A Price Ceiling?,Trefis,2026-09-21,0.0,,,,,,,,,,
285A,Kioxia Holdings,AI,memory,TSE,346.81,+9.80%,+1.00%,-4.51%,+380.79%,+1032%,184.676,,54.05,40.57,34475500,144432300,788051600,,,buy,1.56,9.8,109.8,9.8,1098.0,98.0,10980.0,980.0,1.0,101.0,1.0,1010.0,10.0,10100.0,100.0,-4.51,95.49,-4.51,954.9,-45.1,9549.0,-451.0,380.79,480.79,380.79,4807.9,3807.9,48079.0,38079.0,1032.0,1132.0,1032.0,11320.0,10320.0,113200.0,103200.0,"Watch Out SKHY, MU, SNDK: Japan’s Kioxia Reportedly Eyes $10B US Listing To Ride AI Memory Boom",Stocktwits,2026-09-15,0.0,"European Stocks Mixed, Chip Stocks Slide",The Wall Street Journal,2026-09-14,0.0,"European Indexes Rise as Banks Gain, Software Stocks Fall",The Wall Street Journal,2026-09-11,0.527,,,,,,,,,,
MU,Micron Technology,AI,memory,NASDAQ,1043.96,+2.58%,+12.98%,+14.67%,+231.16%,+517%,1179.042,2.222,23.57,39.08,27268696,125664396,502017596,5.0,2.64,strong_buy,1.35,2.58,102.58,2.58,1025.8,25.8,10258.0,258.0,12.98,112.98,12.98,1129.8,129.8,11298.0,1298.0,14.67,114.67,14.67,1146.7,146.7,11467.0,1467.0,231.16,331.16,231.16,3311.6,2311.6,33116.0,23116.0,517.0,617.0,517.0,6170.0,5170.0,61700.0,51700.0,Why Micron and Dell stocks may have more juice than Nvidia,Yahoo Finance Video,2026-09-21,0.0,"Dow Jones Futures: Falling Oil Prices, Yields Spark Market Rally; AMD, Intel, Micron, Nvidia, Sandisk Are Key Movers",Investor's Business Daily,2026-09-21,0.077,Micron (MU) Beats Stock Market Upswing: What Investors Need to Know,Zacks,2026-09-21,0.0,10,strong_buy,0.7,"+8.40% 1M, +222.23% YTD, strong_buy consensus, P/E 22.94, news sentiment 0.318, strong memory cycle fundamentals.",8.40% monthly momentum; 222.23% YTD return; low P/E 22.94; strong news sentiment 0.318,,,,,
STX,Seagate Technology,AI,memory,NASDAQ,877.33,+1.87%,+8.91%,+10.40%,+205.86%,+274%,199.497,2.087,63.07,4.73,4181571,23901271,73479171,34.0,4.27,none,,1.87,101.87,1.87,1018.7,18.7,10187.0,187.0,8.91,108.91,8.91,1089.1,89.1,10891.0,891.0,10.4,110.4,10.4,1104.0,104.0,11040.0,1040.0,205.86,305.86,205.86,3058.6,2058.6,30586.0,20586.0,274.0,374.0,274.0,3740.0,2740.0,37400.0,27400.0,Can Sovereign AI and Neoclouds Extend Western Digital's Growth Run?,Zacks,2026-09-21,0.511,SanDisk Stock Jumped 11% on S&P 100 News. Here’s What the Street Says.,TIKR,2026-09-20,0.0,"Up 500% In 12 Months, This is Where Micron Is Headed",24/7 Wall St.,2026-09-18,0.0,,,,,,,,,,
MRVL,Marvell Technology,AI,memory,NASDAQ,257.38,+5.75%,+17.62%,+12.25%,+188.35%,+223%,231.308,2.253,84.94,25.67,21271745,94908345,440365845,10.0,5.09,strong_buy,1.42,5.75,105.75,5.75,1057.5,57.5,10575.0,575.0,17.62,117.62,17.62,1176.2,176.2,11762.0,1762.0,12.25,112.25,12.25,1122.5,122.5,11225.0,1225.0,188.35,288.35,188.35,2883.5,1883.5,28835.0,18835.0,223.0,323.0,223.0,3230.0,2230.0,32300.0,22300.0,"AMD, Intel, Meta, Warner Bros., Moderna, Grail, Strategy, and More Stocks That Explain Today’s Market",Barrons.com,2026-09-21,0.0,"Prediction: Here's What a $5,000 Investment in Marvell Could Be Worth by 2030",Motley Fool,2026-09-21,0.226,Marvell just made a move that changes the AI networking story,TheStreet,2026-09-21,0.0,,,,,,,,,,
P,Everpure,AI,memory,NYSE,113.66,+8.79%,+21.20%,+13.16%,+64.70%,+19%,37.874,1.434,155.7,4.05,7090749,89631149,137944849,,3.22,buy,1.55,8.79,108.79,8.79,1087.9,87.9,10879.0,879.0,21.2,121.2,21.2,1212.0,212.0,12120.0,2120.0,13.16,113.16,13.16,1131.6,131.6,11316.0,1316.0,64.7,164.7,64.7,1647.0,647.0,16470.0,6470.0,19.0,119.0,19.0,1190.0,190.0,11900.0,1900.0,Everpure (P) Dropped From Key Small Cap Indices As Fund Exposure Shifts,Simply Wall St.,2026-09-20,0.0,Why Everpure (P) Stock Is Up Today,StockStory,2026-09-17,0.0,3 Reasons P Has Explosive Upside Potential,StockStory,2026-09-17,0.0,,,,,,,,,,
RR.,Rolls-Royce Holdings,AI,nuclear-ops,LSE,20.12,+3.78%,+5.69%,+0.17%,+25.72%,+26%,1.657,1.188,41.8,20.81,24158316,122073476,325807394,83.0,,buy,1.6,3.78,103.78,3.78,1037.8,37.8,10378.0,378.0,5.69,105.69,5.69,1056.9,56.9,10569.0,569.0,0.17,100.17,0.17,1001.7,1.7,10017.0,17.0,25.72,125.72,25.72,1257.2,257.2,12572.0,2572.0,26.0,126.0,26.0,1260.0,260.0,12600.0,2600.0,European Indexes Higher as Oil Falls Back,The Wall Street Journal,2026-09-17,0.0,"Britain can’t risk tariffs on Chinese cars, Reynolds says",The Telegraph,2026-09-16,-0.273,Siemens (XTRA:SIE) Stock Could Be 34% Undervalued Following Fresh Industrial AI News,Simply Wall St.,2026-09-15,0.318,,,,,,,,,,
CEG,Constellation Energy,AI,nuclear-ops,NASDAQ,262.11,+2.48%,-0.93%,-4.14%,-28.12%,-27%,92.867,1.117,25.6,2.98,3266136,18921036,57344236,67.0,3.65,buy,1.55,2.48,102.48,2.48,1024.8,24.8,10248.0,248.0,-0.93,99.07,-0.93,990.7,-9.3,9907.0,-93.0,-4.14,95.86,-4.14,958.6,-41.4,9586.0,-414.0,-28.12,71.88,-28.12,718.8,-281.2,7188.0,-2812.0,-27.0,73.0,-27.0,730.0,-270.0,7300.0,-2700.0,Constellation Energy Corporation (CEG) Beats Stock Market Upswing: What Investors Need to Know,Zacks,2026-09-21,0.273,Sector Update: Energy Stocks Fall Late Afternoon,MT Newswires,2026-09-21,0.273,Sector Update: Energy Stocks Fall Monday Afternoon,MT Newswires,2026-09-21,0.273,,,,,,,,,,
VST,Vistra Corp,AI,nuclear-ops,NYSE,140.78,-0.40%,+0.04%,+3.77%,-14.56%,-35%,47.251,1.414,23.7,4.37,4384730,23016530,87698530,65.0,3.72,strong_buy,1.35,-0.4,99.6,-0.4,996.0,-4.0,9960.0,-40.0,0.04,100.04,0.04,1000.4,0.4,10004.0,4.0,3.77,103.77,3.77,1037.7,37.7,10377.0,377.0,-14.56,85.44,-14.56,854.4,-145.6,8544.0,-1456.0,-35.0,65.0,-35.0,650.0,-350.0,6500.0,-3500.0,Vistra Is Down 36% From Its All-Time High. Is the AI Power Trade Still Worth Owning?,TIKR,2026-09-21,0.226,New Era jumps 30% after signing 207 MW Vistra PPA,Blockspace,2026-09-21,0.0,New Era Energy shares surge on 20-year power deal with Vistra for Texas data center project,Proactive,2026-09-21,0.511,,,,,,,,,,
TLN,Talen Energy,AI,nuclear-ops,NASDAQ,299.97,+2.61%,+4.69%,-1.82%,-24.39%,-32%,14.373,1.63,,0.83,645899,4307299,15135599,,5.69,buy,1.59,2.61,102.61,2.61,1026.1,26.1,10261.0,261.0,4.69,104.69,4.69,1046.9,46.9,10469.0,469.0,-1.82,98.18,-1.82,981.8,-18.2,9818.0,-182.0,-24.39,75.61,-24.39,756.1,-243.9,7561.0,-2439.0,-32.0,68.0,-32.0,680.0,-320.0,6800.0,-3200.0,TLN Drops 33.3% in 3 Months as Risks Test Its Cash Flow Story,Zacks,2026-09-21,-0.273,Talen Raises 2026 Guidance as Cornerstone Boosts Cash Flow,Zacks,2026-09-21,0.318,Is TLN Worth Buying as Cash Flow Improves Despite High Debt?,Zacks,2026-09-21,0.701,,,,,,,,,,
BEP,Brookfield Renewable,AI,nuclear-ops,NYSE,29.72,-1.59%,+0.99%,-6.98%,+10.22%,+18%,14.457,0.978,,0.94,1038406,5608106,19465206,526.0,0.61,buy,2.31,-1.59,98.41,-1.59,984.1,-15.9,9841.0,-159.0,0.99,100.99,0.99,1009.9,9.9,10099.0,99.0,-6.98,93.02,-6.98,930.2,-69.8,9302.0,-698.0,10.22,110.22,10.22,1102.2,102.2,11022.0,1022.0,18.0,118.0,18.0,1180.0,180.0,11800.0,1800.0,Westinghouse Could IPO at a $50 Billion Valuation. Cameco's Stake Alone Would Be Worth $24.5 Billion.,Motley Fool,2026-09-21,-0.026,Ranking the Safest Dividend Stocks in the Energy Sector Right Now,Motley Fool,2026-09-18,0.586,Sector Update: Energy Stocks Fall Late Afternoon,MT Newswires,2026-09-18,0.273,,,,,,,,,,
BEPC,Brookfield Renewable Corp,AI,nuclear-ops,NYSE,29.95,-0.13%,+0.81%,-7.79%,-22.55%,-12%,5.559,1.158,,1.72,1638327,8794727,33678227,524.0,,none,,-0.13,99.87,-0.13,998.7,-1.3,9987.0,-13.0,0.81,100.81,0.81,1008.1,8.1,10081.0,81.0,-7.79,92.21,-7.79,922.1,-77.9,9221.0,-779.0,-22.55,77.45,-22.55,774.5,-225.5,7745.0,-2255.0,-12.0,88.0,-12.0,880.0,-120.0,8800.0,-1200.0,Westinghouse Could IPO at a $50 Billion Valuation. Cameco's Stake Alone Would Be Worth $24.5 Billion.,Motley Fool,2026-09-21,-0.026,Ranking the Safest Dividend Stocks in the Energy Sector Right Now,Motley Fool,2026-09-18,0.586,Prediction: Cameco's Westinghouse Stake Becomes the Real Growth Story by 2028,Motley Fool,2026-09-18,0.382,,,,,,,,,,
GEV,GE Vernova,AI,smr,NYSE,946.22,+0.79%,+8.17%,+0.44%,+39.50%,+46%,252.01,0.967,27.12,2.56,2536426,15488826,45808326,21.0,3.29,buy,1.54,0.79,100.79,0.79,1007.9,7.9,10079.0,79.0,8.17,108.17,8.17,1081.7,81.7,10817.0,817.0,0.44,100.44,0.44,1004.4,4.4,10044.0,44.0,39.5,139.5,39.5,1395.0,395.0,13950.0,3950.0,46.0,146.0,46.0,1460.0,460.0,14600.0,4600.0,Should You Forget Nvidia and Buy These 3 Millionaire-Maker AI Infrastructure Stocks Instead?,Motley Fool,2026-09-21,-0.226,GE Vernova vs. Oklo: Which Industrials Stock Is a Better Buy in 2026?,Motley Fool,2026-09-21,0.44,"Wall Street Can't Agree on GE Vernova. Price Targets Range From $470 to $1,450. Here's Why the Gap Is So Wide.",Motley Fool,2026-09-21,-0.276,,,,,,,,,,
BWXT,BWX Technologies,AI,smr,NYSE,147.47,-0.32%,-0.71%,-1.37%,-18.56%,-17%,13.512,0.743,38.11,1.02,963214,6533314,23666314,72.0,4.1,buy,1.61,-0.32,99.68,-0.32,996.8,-3.2,9968.0,-32.0,-0.71,99.29,-0.71,992.9,-7.1,9929.0,-71.0,-1.37,98.63,-1.37,986.3,-13.7,9863.0,-137.0,-18.56,81.44,-18.56,814.4,-185.6,8144.0,-1856.0,-17.0,83.0,-17.0,830.0,-170.0,8300.0,-1700.0,This Energy Stock Has 130% Upside Potential,24/7 Wall St.,2026-09-21,0.273,1 Industrials Stock for Long-Term Investors and 2 We Question,StockStory,2026-09-18,0.0,Jim Cramer Picks Nokia as AI Supercycle Winner While Dumping on BWX Technologies’ 30x Multiple,24/7 Wall St.,2026-09-17,0.361,,,,,,,,,,
SMR,NuScale Power,AI,smr,NYSE,8.79,+5.65%,+3.29%,-2.87%,-46.11%,-82%*,3.607,2.309,,32.96,35327251,225896551,800658351,,17.6,hold,2.67,5.65,105.65,5.65,1056.5,56.5,10565.0,565.0,3.29,103.29,3.29,1032.9,32.9,10329.0,329.0,-2.87,97.13,-2.87,971.3,-28.7,9713.0,-287.0,-46.11,53.89,-46.11,538.9,-461.1,5389.0,-4611.0,-82.0,18.0,-82.0,180.0,-820.0,1800.0,-8200.0,Should You Forget Nvidia and Buy These 3 Millionaire-Maker AI Infrastructure Stocks Instead?,Motley Fool,2026-09-21,-0.226,This Energy Stock Has 130% Upside Potential,24/7 Wall St.,2026-09-21,0.273,"Oklo Climbs 5% as Nuclear Names Bounce Back From Last Week’s Selloff; NuScale Power Gains 4%, Uranium Energy Rises 3%",24/7 Wall St.,2026-09-21,0.542,,,,,,,,,,
OKLO,Oklo Inc,AI,smr,NYSE,40.18,+5.40%,+10.96%,+1.23%,-48.35%,-73%*,7.474,1.195,,9.86,11259081,57755081,221619181,,19.64,buy,2.04,5.4,105.4,5.4,1054.0,54.0,10540.0,540.0,10.96,110.96,10.96,1109.6,109.6,11096.0,1096.0,1.23,101.23,1.23,1012.3,12.3,10123.0,123.0,-48.35,51.65,-48.35,516.5,-483.5,5165.0,-4835.0,-73.0,27.0,-73.0,270.0,-730.0,2700.0,-7300.0,Should You Forget Nvidia and Buy These 3 Millionaire-Maker AI Infrastructure Stocks Instead?,Motley Fool,2026-09-21,-0.226,This Energy Stock Has 130% Upside Potential,24/7 Wall St.,2026-09-21,0.273,Uranium Stocks Are Rallying. Why NXE Got Initiated At Overweight.,Investor's Business Daily,2026-09-21,-0.361,,,,,,,,,,
NNE,NANO Nuclear Energy,AI,smr,NASDAQ,17.1,+8.23%,+7.61%,-6.40%,-38.07%,-65%*,0.919,5.399,,2.1,3184991,13481291,37696091,,34.78,buy,1.57,8.23,108.23,8.23,1082.3,82.3,10823.0,823.0,7.61,107.61,7.61,1076.1,76.1,10761.0,761.0,-6.4,93.6,-6.4,936.0,-64.0,9360.0,-640.0,-38.07,61.93,-38.07,619.3,-380.7,6193.0,-3807.0,-65.0,35.0,-65.0,350.0,-650.0,3500.0,-6500.0,Why Nano Nuclear Energy Stock Is Powering Higher Today,Motley Fool,2026-09-21,0.273,"Ciena upgraded, Flutter downgraded: Wall Street's top analyst calls",The Fly,2026-09-21,0.202,Eos Energy Enterprises vs. NANO Nuclear Energy: Which Stock Is a Better Buy in 2026?,Motley Fool,2026-09-20,0.727,,,,,,,,,,
CCJ,Cameco Corporation,AI,uranium,NYSE,93.23,+1.11%,-0.03%,-8.84%,-5.41%,+6%,40.605,1.012,160.74,3.21,3027270,18024670,58625870,19.0,,buy,1.57,1.11,101.11,1.11,1011.1,11.1,10111.0,111.0,-0.03,99.97,-0.03,999.7,-0.3,9997.0,-3.0,-8.84,91.16,-8.84,911.6,-88.4,9116.0,-884.0,-5.41,94.59,-5.41,945.9,-54.1,9459.0,-541.0,6.0,106.0,6.0,1060.0,60.0,10600.0,600.0,Westinghouse Could IPO at a $50 Billion Valuation. Cameco's Stake Alone Would Be Worth $24.5 Billion.,Motley Fool,2026-09-21,-0.026,"Uranium Energy vs. Cameco: If I Could Only Own 1 Uranium Stock for the Next Decade, I'd Buy This 1",Motley Fool,2026-09-20,0.273,"Got $1,000? 2 No-Brainer Nuclear Stocks to Buy Right Now.",Motley Fool,2026-09-19,0.0,,,,,,,,,,
UEC,Uranium Energy Corp,AI,uranium,NYSE,10.08,+2.23%,-1.75%,-19.42%,-23.11%,-27%,4.989,1.236,,8.37,8187481,48961381,179484981,,14.73,none,,2.23,102.23,2.23,1022.3,22.3,10223.0,223.0,-1.75,98.25,-1.75,982.5,-17.5,9825.0,-175.0,-19.42,80.58,-19.42,805.8,-194.2,8058.0,-1942.0,-23.11,76.89,-23.11,768.9,-231.1,7689.0,-2311.0,-27.0,73.0,-27.0,730.0,-270.0,7300.0,-2700.0,"Oklo Climbs 5% as Nuclear Names Bounce Back From Last Week’s Selloff; NuScale Power Gains 4%, Uranium Energy Rises 3%",24/7 Wall St.,2026-09-21,0.542,"Uranium Energy vs. Cameco: If I Could Only Own 1 Uranium Stock for the Next Decade, I'd Buy This 1",Motley Fool,2026-09-20,0.273,UEC Gears Up to Report Q4 Earnings: What's in Store for the Stock?,Zacks,2026-09-16,0.0,,,,,,,,,,
LEU,Centrus Energy,AI,uranium,NYSE,154.85,+6.06%,+5.88%,-12.58%,-43.17%,-53%,3.167,1.334,81.93,0.75,873126,5077926,16028426,,28.54,buy,1.84,6.06,106.06,6.06,1060.6,60.6,10606.0,606.0,5.88,105.88,5.88,1058.8,58.8,10588.0,588.0,-12.58,87.42,-12.58,874.2,-125.8,8742.0,-1258.0,-43.17,56.83,-43.17,568.3,-431.7,5683.0,-4317.0,-53.0,47.0,-53.0,470.0,-530.0,4700.0,-5300.0,1 Small-Cap Stock with Exciting Potential and 2 We Find Risky,StockStory,2026-09-21,0.34,A Safer Way to Bet on Nuclear,The Wall Street Journal,2026-09-21,0.421,Centrus Energy (LEU) Lands New HALEU Deal with Antares,Insider Monkey,2026-09-20,0.273,,,,,,,,,,
VRT,Vertiv Holdings,AI,power-infra,NYSE,250.86,+0.66%,+5.67%,-1.59%,+42.95%,+64%,96.579,2.075,56.88,5.96,4849149,28885049,108375149,10.0,3.58,strong_buy,1.39,0.66,100.66,0.66,1006.6,6.6,10066.0,66.0,5.67,105.67,5.67,1056.7,56.7,10567.0,567.0,-1.59,98.41,-1.59,984.1,-15.9,9841.0,-159.0,42.95,142.95,42.95,1429.5,429.5,14295.0,4295.0,64.0,164.0,64.0,1640.0,640.0,16400.0,6400.0,Why Is Vertiv Stock Up Sharply Over The Past Year Yet Well Below Its Peak?,Trefis,2026-09-21,0.273,Beyond NVIDIA: 2 AI Data Center Stocks to Buy for More Upside,Zacks,2026-09-21,0.0,3 AI Infrastructure Stocks To Watch As Data Center Spending Reshapes Demand,Simply Wall St.,2026-09-21,-0.128,,,,,,,,,,
ETN,Eaton Corporation,AI,power-infra,NYSE,435.43,+2.41%,+10.75%,+6.55%,+34.15%,+12%,169.121,1.168,44.39,2.22,2193970,13908670,41585570,104.0,1.86,buy,1.52,2.41,102.41,2.41,1024.1,24.1,10241.0,241.0,10.75,110.75,10.75,1107.5,107.5,11075.0,1075.0,6.55,106.55,6.55,1065.5,65.5,10655.0,655.0,34.15,134.15,34.15,1341.5,341.5,13415.0,3415.0,12.0,112.0,12.0,1120.0,120.0,11200.0,1200.0,Why Is Vertiv Stock Up Sharply Over The Past Year Yet Well Below Its Peak?,Trefis,2026-09-21,0.273,Industrial CEO drops staggering take on AI energy,TheStreet,2026-09-21,0.273,Eaton (ETN) Surges 3.7%: Is This an Indication of Further Gains?,Zacks,2026-09-21,0.34,,,,,,,,,,
POWL,Powell Industries,AI,power-infra,NASDAQ,187.56,+1.64%,+9.88%,-0.75%,+59.82%,+82%,6.834,1.185,35.93,0.73,440309,3411209,11195209,20.0,9.2,buy,2.25,1.64,101.64,1.64,1016.4,16.4,10164.0,164.0,9.88,109.88,9.88,1098.8,98.8,10988.0,988.0,-0.75,99.25,-0.75,992.5,-7.5,9925.0,-75.0,59.82,159.82,59.82,1598.2,598.2,15982.0,5982.0,82.0,182.0,82.0,1820.0,820.0,18200.0,8200.0,2 Industrials Stocks to Consider Right Now and 1 That Underwhelm,StockStory,2026-09-21,0.0,"Powell (POWL): Buy, Sell, or Hold Post Q2 Earnings?",StockStory,2026-09-17,0.0,Is Powell Industries (POWL) a Buy as Wall Street Analysts Look Optimistic?,Zacks,2026-09-15,0.318,,,,,,,,,,
EQIX,Equinix,AI,dc-operators,NASDAQ,1057.26,+3.52%,+5.86%,+0.20%,+40.48%,+28%,104.321,0.973,68.12,0.59,511507,2590407,10545507,202.0,1.91,buy,1.52,3.52,103.52,3.52,1035.2,35.2,10352.0,352.0,5.86,105.86,5.86,1058.6,58.6,10586.0,586.0,0.2,100.2,0.2,1002.0,2.0,10020.0,20.0,40.48,140.48,40.48,1404.8,404.8,14048.0,4048.0,28.0,128.0,28.0,1280.0,280.0,12800.0,2800.0,"Ciena upgraded, Flutter downgraded: Wall Street's top analyst calls",The Fly,2026-09-21,0.202,"Equinix Sees AI Driving Data Center Demand, Interconnection Growth",MarketBeat,2026-09-19,0.273,Equinix Plans $5B-$7B Annual Data Center Buildout as AI Demand Accelerates,MarketBeat,2026-09-19,-0.128,,,,,,,,,,
DLR,Digital Realty,AI,dc-operators,NYSE,186.33,+2.01%,+4.73%,-0.50%,+22.65%,+4%,70.37,1.037,90.45,2.85,1549859,12689359,42971759,268.0,,strong_buy,1.45,2.01,102.01,2.01,1020.1,20.1,10201.0,201.0,4.73,104.73,4.73,1047.3,47.3,10473.0,473.0,-0.5,99.5,-0.5,995.0,-5.0,9950.0,-50.0,22.65,122.65,22.65,1226.5,226.5,12265.0,2265.0,4.0,104.0,4.0,1040.0,40.0,10400.0,400.0,"Ciena upgraded, Flutter downgraded: Wall Street's top analyst calls",The Fly,2026-09-21,0.202,"3 Buy-Rated REITs Collecting Rent From Warehouses, Data Centers and Shopping Centers",24/7 Wall St.,2026-09-20,0.0,What It’s Like to Work in One of America’s Data Centers,The Wall Street Journal,2026-09-19,0.361,,,,,,,,,,
AMT,American Tower,AI,dc-operators,NYSE,174.6,+0.36%,-1.32%,-2.12%,+1.85%,-10%,81.356,0.895,24.02,2.84,2907385,13838185,45164685,401.0,1.47,none,,0.36,100.36,0.36,1003.6,3.6,10036.0,36.0,-1.32,98.68,-1.32,986.8,-13.2,9868.0,-132.0,-2.12,97.88,-2.12,978.8,-21.2,9788.0,-212.0,1.85,101.85,1.85,1018.5,18.5,10185.0,185.0,-10.0,90.0,-10.0,900.0,-100.0,9000.0,-1000.0,American Tower (AMT) Upgraded to Buy: What Does It Mean for the Stock?,Zacks,2026-09-21,0.0,Crown Castle Cut Its Dividend. Is What Is Left Worth Owning for Income?,24/7 Wall St.,2026-09-21,-0.052,American Tower (AMT) Priced $1.6 Billion of Notes. Is $88.8 Million a Year Worth Longer Terms?,Insider Monkey,2026-09-16,0.226,,,,,,,,,,
GOOGL,Alphabet (Google),AI,hyperscalers,NASDAQ,354.97,+1.18%,+1.60%,+2.05%,+12.85%,+38%,4341.26,1.225,17.82,29.73,28211544,135833544,515553844,25.0,1.32,strong_buy,1.38,1.18,101.18,1.18,1011.8,11.8,10118.0,118.0,1.6,101.6,1.6,1016.0,16.0,10160.0,160.0,2.05,102.05,2.05,1020.5,20.5,10205.0,205.0,12.85,112.85,12.85,1128.5,128.5,11285.0,1285.0,38.0,138.0,38.0,1380.0,380.0,13800.0,3800.0,Warren Buffett will go down as the 'greatest investor of all time',Yahoo Finance Video,2026-09-21,0.637,Meta stock jumps as Wells Fargo raises price target,Yahoo Finance Video,2026-09-21,0.25,"Stock Market Today, Sept. 21: Meta Surges on Excitement Over Muse Personal AI Agent",Motley Fool,2026-09-21,0.494,,,,,,,,,,
MSFT,Microsoft,AI,hyperscalers,NASDAQ,501.61,+1.54%,-0.75%,+2.93%,+6.73%,-4%,3724.727,1.108,27.91,34.08,26347908,118198508,424836008,79.0,1.0,strong_buy,1.36,1.54,101.54,1.54,1015.4,15.4,10154.0,154.0,-0.75,99.25,-0.75,992.5,-7.5,9925.0,-75.0,2.93,102.93,2.93,1029.3,29.3,10293.0,293.0,6.73,106.73,6.73,1067.3,67.3,10673.0,673.0,-4.0,96.0,-4.0,960.0,-40.0,9600.0,-400.0,Meta stock jumps as Wells Fargo raises price target,Yahoo Finance Video,2026-09-21,0.25,"SCHD’s 0.06% Fee Hides $413,350 in Decade-Long Underperformance on a $500,000 Position",24/7 Wall St.,2026-09-21,-0.178,3 U.S. Growth Stocks Facing The Biggest AI Spending Test Right Now,Simply Wall St.,2026-09-21,0.382,,,,,,,,,,
AMZN,Amazon,AI,hyperscalers,NASDAQ,258.45,+1.69%,+1.94%,-1.38%,+14.11%,+11%,2787.723,1.443,20.79,46.15,40769944,193121544,662205244,,0.94,strong_buy,1.32,1.69,101.69,1.69,1016.9,16.9,10169.0,169.0,1.94,101.94,1.94,1019.4,19.4,10194.0,194.0,-1.38,98.62,-1.38,986.2,-13.8,9862.0,-138.0,14.11,114.11,14.11,1141.1,141.1,11411.0,1411.0,11.0,111.0,11.0,1110.0,110.0,11100.0,1100.0,Meta stock jumps as Wells Fargo raises price target,Yahoo Finance Video,2026-09-21,0.25,"Nasdaq Ends Nearly 3% Higher As AI Stocks Pop, AMD Enters $1 Trillion Club —  AMD, ARM, META, AMZN, PSKY In Focus",Stocktwits,2026-09-21,0.0,Amazon (AMZN) Laps the Stock Market: Here's Why,Zacks,2026-09-21,0.178,,,,,,,,,,
META,Meta Platforms,AI,hyperscalers,NASDAQ,741.24,+10.87%,+11.36%,+32.60%,+14.17%,-13%,1888.326,1.243,27.91,18.31,48450536,128647136,408123236,32.0,1.31,strong_buy,1.34,10.87,110.87,10.87,1108.7,108.7,11087.0,1087.0,11.36,111.36,11.36,1113.6,113.6,11136.0,1136.0,32.6,132.6,32.6,1326.0,326.0,13260.0,3260.0,14.17,114.17,14.17,1141.7,141.7,11417.0,1417.0,-13.0,87.0,-13.0,870.0,-130.0,8700.0,-1300.0,"Stock market today: Nasdaq surges 2% to record high, Dow and S&P 500 gain as chip stocks rally, oil  falls",Yahoo Finance,2026-09-21,0.527,Trump and Xi dine with AI titans and Meta takes the stage: What to watch this week,Yahoo Finance,2026-09-21,0.0,Decibel hits $7 billion in total trading volume on Aptos,TheStreet,2026-09-21,0.0,,,,,,,,,,
IREN,Iris Energy,AI,ai-compute,NASDAQ,47.23,+1.46%,+9.40%,+18.64%,+10.61%,+11%*,18.612,4.285,,43.56,40890474,195310774,816683974,,24.46,strong_buy,1.44,1.46,101.46,1.46,1014.6,14.6,10146.0,146.0,9.4,109.4,9.4,1094.0,94.0,10940.0,940.0,18.64,118.64,18.64,1186.4,186.4,11864.0,1864.0,10.61,110.61,10.61,1106.1,106.1,11061.0,1061.0,11.0,111.0,11.0,1110.0,110.0,11100.0,1100.0,Iris Energy Is Sitting on $7.6 Billion in Cash and Building One of the Largest AI Data Centers in the World. Is IREN Stock a Buy?,TIKR,2026-09-21,0.273,"Nebius, CoreWeave Get Sell Calls as Credit Flashes Warning",GuruFocus.com,2026-09-21,0.052,CRWV vs. IREN: Which Neocloud Stock Offers the Stronger Upside Case?,Zacks,2026-09-21,0.382,8,strong_buy,0.65,"+8.96% 1M, +6.50% 1W, +7.19% 1D, strong_buy consensus, neocloud boom theme, but short interest 24.46% indicates potential squeeze.",8.96% monthly momentum; strong_buy consensus; 7.19% daily gain; neocloud boom theme,,,,,
CORZ,Core Scientific,AI,ai-compute,NASDAQ,18.36,+2.17%,+8.25%,+6.31%,+14.82%,+5%*,5.9,5.485,,12.24,11361341,65125241,227475541,,22.79,strong_buy,1.26,2.17,102.17,2.17,1021.7,21.7,10217.0,217.0,8.25,108.25,8.25,1082.5,82.5,10825.0,825.0,6.31,106.31,6.31,1063.1,63.1,10631.0,631.0,14.82,114.82,14.82,1148.2,148.2,11482.0,1482.0,5.0,105.0,5.0,1050.0,50.0,10500.0,500.0,"Nebius, CoreWeave Get Sell Calls as Credit Flashes Warning",GuruFocus.com,2026-09-21,0.052,"Is MARA Stock A Buy Today, Before Any AI Leases Are Signed?",Trefis,2026-09-21,0.0,"Ciena upgraded, Flutter downgraded: Wall Street's top analyst calls",The Fly,2026-09-21,0.202,,,,,,,,,,
WULF,TeraWulf,AI,ai-compute,NASDAQ,17.45,+2.95%,+12.80%,+12.73%,+36.97%,+48%*,8.707,4.248,,33.23,24777692,157080992,566155592,,28.82,strong_buy,1.24,2.95,102.95,2.95,1029.5,29.5,10295.0,295.0,12.8,112.8,12.8,1128.0,128.0,11280.0,1280.0,12.73,112.73,12.73,1127.3,127.3,11273.0,1273.0,36.97,136.97,36.97,1369.7,369.7,13697.0,3697.0,48.0,148.0,48.0,1480.0,480.0,14800.0,4800.0,"Nebius, CoreWeave Get Sell Calls as Credit Flashes Warning",GuruFocus.com,2026-09-21,0.052,"Ciena upgraded, Flutter downgraded: Wall Street's top analyst calls",The Fly,2026-09-21,0.202,"CRWV, NBIS Stocks Get ‘Sell’ Ratings, AI-Pivoting Bitcoin Miners Get ‘Neutral’ Calls: Rothschild Says Credit Market Is ‘Sending The More Important Signal’",Stocktwits,2026-09-21,0.571,9,strong_buy,0.6,"+9.74% 1M, +33.52% YTD, strong_buy consensus, short interest 28.82% suggests high squeeze potential, AI infrastructure play.",9.74% monthly momentum; strong_buy consensus; short interest 28.82%; AI infrastructure theme,,,,,
HUT,Hut 8 Mining,AI,ai-compute,NASDAQ,103.42,+4.57%,+13.49%,+29.99%,+101.72%,+161%,12.747,5.976,,4.73,5685145,26325645,94423445,,13.19,strong_buy,1.32,4.57,104.57,4.57,1045.7,45.7,10457.0,457.0,13.49,113.49,13.49,1134.9,134.9,11349.0,1349.0,29.99,129.99,29.99,1299.9,299.9,12999.0,2999.0,101.72,201.72,101.72,2017.2,1017.2,20172.0,10172.0,161.0,261.0,161.0,2610.0,1610.0,26100.0,16100.0,Why Did Hut 8 (HUT) Shares Climb Today?,Simply Wall St.,2026-09-21,0.296,"Nebius, CoreWeave Get Sell Calls as Credit Flashes Warning",GuruFocus.com,2026-09-21,0.052,"Is MARA Stock A Buy Today, Before Any AI Leases Are Signed?",Trefis,2026-09-21,0.0,5,strong_buy,0.7,"+20.30% 1M, +92.59% YTD, +8.86% 1D, strong_buy consensus, news sentiment 0.311, benefiting from AI compute demand.",20.30% monthly momentum; strong_buy consensus; 8.86% daily gain; news sentiment 0.311,,,,,
SMCI,Super Micro Computer,AI,ai-compute,NASDAQ,41.2,+5.42%,+12.14%,+17.15%,+33.07%,-17%,27.067,1.996,12.64,48.77,47696820,216301120,766721720,,18.48,hold,2.84,5.42,105.42,5.42,1054.2,54.2,10542.0,542.0,12.14,112.14,12.14,1121.4,121.4,11214.0,1214.0,17.15,117.15,17.15,1171.5,171.5,11715.0,1715.0,33.07,133.07,33.07,1330.7,330.7,13307.0,3307.0,-17.0,83.0,-17.0,830.0,-170.0,8300.0,-1700.0,Super Micro Computer (SMCI) Is Up 12.1% After Record AI Backlog Sparks Major Capacity Expansion,Simply Wall St.,2026-09-21,0.599,"Stocks to Watch Recap: Paramount, Intel, Strategy, Critical Metals",The Wall Street Journal,2026-09-21,-0.318,"AMD, Intel, Meta, Warner Bros., Moderna, Grail, Strategy, and More Stocks That Explain Today’s Market",Barrons.com,2026-09-21,0.0,,,,,,,,,,
DELL,Dell Technologies,AI,ai-compute,NYSE,575.31,+0.74%,+7.68%,+32.81%,+354.28%,+319%,365.789,1.409,33.43,7.77,7599722,51598522,208199822,44.0,4.88,buy,1.83,0.74,100.74,0.74,1007.4,7.4,10074.0,74.0,7.68,107.68,7.68,1076.8,76.8,10768.0,768.0,32.81,132.81,32.81,1328.1,328.1,13281.0,3281.0,354.28,454.28,354.28,4542.8,3542.8,45428.0,35428.0,319.0,419.0,319.0,4190.0,3190.0,41900.0,31900.0,Why Micron and Dell stocks may have more juice than Nvidia,Yahoo Finance Video,2026-09-21,0.0,Spotting Winners: Dell (NYSE:DELL) And Hardware & Infrastructure Stocks In Q2,StockStory,2026-09-21,0.477,HP Stock Drops After PC Maker Forecasts Industry Sales Decline,Investor's Business Daily,2026-09-21,0.0,4,strong_buy,0.953,"+29.83% 1M, +348.56% YTD, P/E 33.01, analyst buy, news sentiment 0.212, reasonable valuation for AI infrastructure leader.",29.83% monthly momentum; 348.56% YTD return; P/E 33.01; positive news sentiment 0.212,,,,,
COHR,Coherent Corp,AI,fibre-optical,NYSE,321.52,+1.33%,+20.65%,+16.71%,+65.45%,+177%,62.964,2.104,77.85,6.17,7385381,35988881,123879381,,6.44,buy,1.61,1.33,101.33,1.33,1013.3,13.3,10133.0,133.0,20.65,120.65,20.65,1206.5,206.5,12065.0,2065.0,16.71,116.71,16.71,1167.1,167.1,11671.0,1671.0,65.45,165.45,65.45,1654.5,654.5,16545.0,6545.0,177.0,277.0,177.0,2770.0,1770.0,27700.0,17700.0,"Corning Climbs 6% as AI Optical Interconnect Demo Highlights Its Fiber; Lumentum, Coherent and Applied Optoelectronics Rise 4%",24/7 Wall St.,2026-09-21,0.0,Here's Why You Should Hold Corpay's Stock in Your Portfolio Now,Zacks,2026-09-21,0.0,Why This AI Bottleneck Means Ciena Stock Has 58% Upside,Barrons.com,2026-09-21,0.0,7,buy,0.65,"+10.40% 1M, +63.31% YTD, +7.14% 1D, analyst buy, P/E 76.84, new plug-in optical module product catalyst.",10.40% monthly momentum; 63.31% YTD return; 7.14% daily gain; new product catalyst,,,,,
LITE,Lumentum Holdings,AI,fibre-optical,NASDAQ,954.49,+2.69%,+14.31%,+14.98%,+147.21%,+465%,85.617,1.541,,4.76,4710193,28248893,88382593,,8.66,strong_buy,1.5,2.69,102.69,2.69,1026.9,26.9,10269.0,269.0,14.31,114.31,14.31,1143.1,143.1,11431.0,1431.0,14.98,114.98,14.98,1149.8,149.8,11498.0,1498.0,147.21,247.21,147.21,2472.1,1472.1,24721.0,14721.0,465.0,565.0,465.0,5650.0,4650.0,56500.0,46500.0,Qualcomm Jumps 7% as AI Interconnect Demo Points Past Handsets; Skyworks and Qorvo Sit Out the Rally,24/7 Wall St.,2026-09-21,0.0,"Corning Climbs 6% as AI Optical Interconnect Demo Highlights Its Fiber; Lumentum, Coherent and Applied Optoelectronics Rise 4%",24/7 Wall St.,2026-09-21,0.0,Why This AI Bottleneck Means Ciena Stock Has 58% Upside,Barrons.com,2026-09-21,0.0,6,strong_buy,0.841,"+12.48% 1M, +141.10% YTD, strong_buy consensus, leading tech rally, P/E null due to strong earnings growth trajectory.",12.48% monthly momentum; 141.10% YTD return; strong_buy analyst rating; leading tech rally,,,,,
AAOI,Applied Optoelectronics,AI,fibre-optical,NASDAQ,108.67,+3.51%,+13.48%,+0.97%,+174.42%,+244%,9.227,3.783,,10.03,8020892,37419592,139658392,,14.75,none,,3.51,103.51,3.51,1035.1,35.1,10351.0,351.0,13.48,113.48,13.48,1134.8,134.8,11348.0,1348.0,0.97,100.97,0.97,1009.7,9.7,10097.0,97.0,174.42,274.42,174.42,2744.2,1744.2,27442.0,17442.0,244.0,344.0,244.0,3440.0,2440.0,34400.0,24400.0,"Corning Climbs 6% as AI Optical Interconnect Demo Highlights Its Fiber; Lumentum, Coherent and Applied Optoelectronics Rise 4%",24/7 Wall St.,2026-09-21,0.0,Applied Optoelectronics (AAOI): Hyperscaler Capex Surge Fuels Unprecedented Demand for Optical Infrastructure,Insider Monkey,2026-09-21,-0.128,Everyone’s Watching Applied Optoelectronic’s Revenue. Few Are Watching This Chart,TIKR,2026-09-17,0.0,,,,,,,,,,
FN,Fabrinet,AI,fibre-optical,NYSE,401.57,+3.47%,+4.97%,-4.65%,-16.24%,+0%,14.391,1.208,30.75,0.98,666529,4507529,16748629,,5.61,buy,1.78,3.47,103.47,3.47,1034.7,34.7,10347.0,347.0,4.97,104.97,4.97,1049.7,49.7,10497.0,497.0,-4.65,95.35,-4.65,953.5,-46.5,9535.0,-465.0,-16.24,83.76,-16.24,837.6,-162.4,8376.0,-1624.0,0.0,100.0,0.0,1000.0,0.0,10000.0,0.0,Fabrinet's 2026 Outlook: Capital Expansion Powers Surging AI Hardware Demand,Motley Fool,2026-09-18,-0.128,Coherent's Datacenter Business Powers its Revenue Growth,Zacks,2026-09-18,0.382,Fabrinet (FN) Down 22.3% Since Last Earnings Report: Can It Rebound?,Zacks,2026-09-16,0.0,,,,,,,,,,
MTSI,MACOM Technology,AI,dsp-semi,NASDAQ,279.11,+0.98%,+16.48%,+8.42%,+59.53%,+113%,21.316,1.708,88.89,1.55,1504550,8187550,26834750,,4.35,buy,1.56,0.98,100.98,0.98,1009.8,9.8,10098.0,98.0,16.48,116.48,16.48,1164.8,164.8,11648.0,1648.0,8.42,108.42,8.42,1084.2,84.2,10842.0,842.0,59.53,159.53,59.53,1595.3,595.3,15953.0,5953.0,113.0,213.0,113.0,2130.0,1130.0,21300.0,11300.0,Does M/A-Com (MTSI) Have the Potential to Rally 41.35% as Wall Street Analysts Expect?,Zacks,2026-09-21,0.0,2 Profitable Stocks to Target This Week and 1 We Ignore,StockStory,2026-09-21,0.103,"MACOM (MTSI) Stock Is Up, What You Need To Know",StockStory,2026-09-18,0.0,,,,,,,,,,
SMTC,Semtech,AI,dsp-semi,NASDAQ,177.37,-4.64%,+20.62%,+46.70%,+135.68%,+201%,16.553,2.353,116.69,3.21,4650627,22243827,77840027,,9.42,strong_buy,1.2,-4.64,95.36,-4.64,953.6,-46.4,9536.0,-464.0,20.62,120.62,20.62,1206.2,206.2,12062.0,2062.0,46.7,146.7,46.7,1467.0,467.0,14670.0,4670.0,135.68,235.68,135.68,2356.8,1356.8,23568.0,13568.0,201.0,301.0,201.0,3010.0,2010.0,30100.0,20100.0,3 Volatile Stocks with Questionable Fundamentals,StockStory,2026-09-21,-0.296,Semtech’s (SMTC) LoRa Plus Expansion Is Bigger Than Two New Chips,Insider Monkey,2026-09-20,0.0,Is Semtech (SMTC) Quietly Redefining Its Industrial Edge With New Surge Protection For Robotics?,Simply Wall St.,2026-09-18,0.0,2,strong_buy,0.87,"+47.57% 1M, +145.81% YTD, strong_buy consensus with score 1.20, news sentiment 0.158, P/E 121.71 reflecting growth premium.",47.57% monthly momentum; strong_buy analyst consensus; 145.81% YTD return; positive news sentiment 0.158,,,,,
CRDO,Credo Technology,AI,dsp-semi,NASDAQ,187.27,+6.45%,+24.77%,-15.88%,+30.76%,+7%,35.198,3.228,66.17,7.33,11075265,48770065,174973865,,3.98,strong_buy,1.32,6.45,106.45,6.45,1064.5,64.5,10645.0,645.0,24.77,124.77,24.77,1247.7,247.7,12477.0,2477.0,-15.88,84.12,-15.88,841.2,-158.8,8412.0,-1588.0,30.76,130.76,30.76,1307.6,307.6,13076.0,3076.0,7.0,107.0,7.0,1070.0,70.0,10700.0,700.0,Jim Cramer on Credo (CRDO): “I Think You Can Buy the Stock”,Insider Monkey,2026-09-21,0.0,Why Credo's New 1.6T Optics Matter to Its $600 Million Optical Push,Zacks,2026-09-21,0.026,Is CRDO Stock Worth Buying as Growth Outruns Its Premium Valuation?,Zacks,2026-09-21,0.542,,,,,,,,,,
MXL,MaxLinear,AI,dsp-semi,NASDAQ,85.98,+5.94%,+32.71%,+36.95%,+364.51%,+374%,7.798,3.945,,3.26,4002767,16264267,49761467,,6.93,buy,1.82,5.94,105.94,5.94,1059.4,59.4,10594.0,594.0,32.71,132.71,32.71,1327.1,327.1,13271.0,3271.0,36.95,136.95,36.95,1369.5,369.5,13695.0,3695.0,364.51,464.51,364.51,4645.1,3645.1,46451.0,36451.0,374.0,474.0,374.0,4740.0,3740.0,47400.0,37400.0,MXL vs. VICR: Which Has the Better AI Infrastructure Opportunity?,Zacks,2026-08-28,0.691,Why Is NXP (NXPI) Down 7.4% Since Last Earnings Report?,Zacks,2026-08-27,0.0,MXL's AI Optical Growth Accelerates: Can It Challenge AVGO & MRVL?,Zacks,2026-08-26,0.44,3,strong_buy,0.925,"+22.11% 1M, +338.25% YTD, +8.57% 1D, news sentiment 0.351, analyst consensus buy with score 1.82, strong AI infrastructure opportunity.",22.11% monthly momentum; 338.25% YTD return; high news sentiment 0.351; daily gain 8.57%,,,,,
KEYS,Keysight Technologies,AI,test-equip,NYSE,342.03,+4.13%,+8.59%,+10.10%,+65.56%,+88%,58.228,1.208,46.22,1.37,764393,6755393,22565293,,1.95,buy,1.58,4.13,104.13,4.13,1041.3,41.3,10413.0,413.0,8.59,108.59,8.59,1085.9,85.9,10859.0,859.0,10.1,110.1,10.1,1101.0,101.0,11010.0,1010.0,65.56,165.56,65.56,1655.6,655.6,16556.0,6556.0,88.0,188.0,88.0,1880.0,880.0,18800.0,8800.0,"Keysight Technologies Sees AI Data-Center Boom, Targets 6G and Defense Growth",MarketBeat,2026-09-19,0.477,Why Has Synopsys Stopped Leading With Bad News?,Trefis,2026-09-18,-0.66,How is Advanced Packaging Strengthening Cadence's Position?,Zacks,2026-09-18,0.637,,,,,,,,,,
VIAV,Viavi Solutions,AI,test-equip,NASDAQ,36.2,+2.26%,+7.04%,-2.03%,+99.45%,+186%,8.933,1.226,,5.46,4453795,29206695,88426095,,5.42,strong_buy,1.38,2.26,102.26,2.26,1022.6,22.6,10226.0,226.0,7.04,107.04,7.04,1070.4,70.4,10704.0,704.0,-2.03,97.97,-2.03,979.7,-20.3,9797.0,-203.0,99.45,199.45,99.45,1994.5,994.5,19945.0,9945.0,186.0,286.0,186.0,2860.0,1860.0,28600.0,18600.0,Can Verizon's 6G Acceleration Initiatives and AI Trials Drive Growth?,Zacks,2026-09-15,0.382,"Viavi Solutions EVP Paul McNab Sells 11,032 Shares for $429,917",Motley Fool,2026-09-13,0.44,3 Profitable Stocks with Warning Signs,StockStory,2026-09-10,0.128,,,,,,,,,,
AXTI,AXT Inc,AI,materials,NASDAQ,79.93,+13.97%,+40.08%,+22.22%,+376.91%,+1262%,5.241,1.92,2664.33,10.31,12507096,53823296,174256796,,14.64,buy,1.6,13.97,113.97,13.97,1139.7,139.7,11397.0,1397.0,40.08,140.08,40.08,1400.8,400.8,14008.0,4008.0,22.22,122.22,22.22,1222.2,222.2,12222.0,2222.0,376.91,476.91,376.91,4769.1,3769.1,47691.0,37691.0,1262.0,1362.0,1262.0,13620.0,12620.0,136200.0,126200.0,AXT Inc. (AXTI) Climbs 16% on S&P 600 Addition,Insider Monkey,2026-09-21,0.0,Bear of the Day: Qualcomm (QCOM),Zacks,2026-09-21,0.0,Bull of the Day: AXT (AXTI),Zacks,2026-09-18,0.0,,,,,,,,,,
AMGN,Amgen,Biotech,large-cap,NASDAQ,393.16,+1.93%,+3.06%,+0.00%,+22.45%,+35%,212.555,0.426,24.45,2.64,2714954,19483754,58476654,261.0,2.4,hold,2.64,1.93,101.93,1.93,1019.3,19.3,10193.0,193.0,3.06,103.06,3.06,1030.6,30.6,10306.0,306.0,0.0,100.0,0.0,1000.0,0.0,10000.0,0.0,22.45,122.45,22.45,1224.5,224.5,12245.0,2245.0,35.0,135.0,35.0,1350.0,350.0,13500.0,3500.0,"Stock Market Today: Dow Up, Nasdaq Roars To Record As Micron Does This; AMD Hits New High",Investor's Business Daily,2026-09-21,0.0,Veeva Expands Amgen Partnership With Global Vault CRM Rollout Plan,Zacks,2026-09-21,0.103,Novo Nordisk shares plunge over 7% as new targets fail to reassure investors,Proactive,2026-09-21,0.026,,,,,,,,,,
GILD,Gilead Sciences,Biotech,large-cap,NASDAQ,150.56,-0.62%,+3.41%,+3.18%,+26.04%,+33%,186.688,0.35,,6.76,5499029,39473829,117376229,219.0,1.86,buy,1.75,-0.62,99.38,-0.62,993.8,-6.2,9938.0,-62.0,3.41,103.41,3.41,1034.1,34.1,10341.0,341.0,3.18,103.18,3.18,1031.8,31.8,10318.0,318.0,26.04,126.04,26.04,1260.4,260.4,12604.0,2604.0,33.0,133.0,33.0,1330.0,330.0,13300.0,3300.0,BMY vs GILD: Which Biotech Stock Looks More Attractive Now?,Zacks,2026-09-21,0.493,Novo Nordisk Stock Drops 5.6% as 2030 Goals Match Peers,GuruFocus.com,2026-09-21,0.0,Lakefront Biotherapeutics Targets 2027 Registrational Trials for Gamgertamig,MarketBeat,2026-09-21,0.0,5,buy,0.7,"YTD +25.67%, 1W +5.03%, analyst buy (score 1.75), positive news sentiment 0.264, and Morgan Stanley highlighting its HIV prevention play.",+26% YTD; buy consensus 1.75; HIV prevention focus; positive sentiment 0.264,,,,,
REGN,Regeneron Pharmaceuticals,Biotech,large-cap,NASDAQ,798.17,+1.60%,+0.56%,-3.66%,+3.21%,+32%,82.175,0.193,19.75,0.79,692538,4791438,13931938,48.0,2.62,buy,1.89,1.6,101.6,1.6,1016.0,16.0,10160.0,160.0,0.56,100.56,0.56,1005.6,5.6,10056.0,56.0,-3.66,96.34,-3.66,963.4,-36.6,9634.0,-366.0,3.21,103.21,3.21,1032.1,32.1,10321.0,321.0,32.0,132.0,32.0,1320.0,320.0,13200.0,3200.0,Telix to Buy Germany's ITM Isotope in Deal Worth Up to $2.35 Billion,MT Newswires,2026-09-21,0.226,"Sanofi Eyes €25B Dupixent Future, Expands M&A Hunt Ahead of Patent Loss",MarketBeat,2026-09-20,-0.226,Can Intellia's Pipeline Progress Create Long-Term Value Amid Rivalry?,Zacks,2026-09-18,0.743,,,,,,,,,,
VRTX,Vertex Pharmaceuticals,Biotech,large-cap,NASDAQ,510.72,+0.44%,-1.69%,-6.73%,+12.96%,+33%,129.448,0.32,29.73,1.43,899696,5695196,19680996,,2.08,buy,1.68,0.44,100.44,0.44,1004.4,4.4,10044.0,44.0,-1.69,98.31,-1.69,983.1,-16.9,9831.0,-169.0,-6.73,93.27,-6.73,932.7,-67.3,9327.0,-673.0,12.96,112.96,12.96,1129.6,129.6,11296.0,1296.0,33.0,133.0,33.0,1330.0,330.0,13300.0,3300.0,Vertex Pharmaceuticals (VRTX) Stock Sinks As Market Gains: Here's Why,Zacks,2026-09-18,0.34,2 Reasons to Like VRTX (and 1 Not So Much),StockStory,2026-09-18,0.361,Is This Biotech Stock Too Cheap to Ignore After Its Latest Pullback?,Motley Fool,2026-09-18,-0.361,10,buy,0.65,"YTD +12.43%, P/E 29.59, analyst buy (score 1.68), strong CF franchise and pipeline, though recent 1M -7.92% reflects some pullback.",buy consensus 1.68; P/E 29.59; CF franchise strength; pipeline catalysts,,,,,
BIIB,Biogen,Biotech,large-cap,NASDAQ,219.07,+0.32%,+0.79%,+0.44%,+23.20%,+53%,32.368,0.171,38.98,1.11,928545,5762445,16424345,,4.32,buy,1.89,0.32,100.32,0.32,1003.2,3.2,10032.0,32.0,0.79,100.79,0.79,1007.9,7.9,10079.0,79.0,0.44,100.44,0.44,1004.4,4.4,10044.0,44.0,23.2,123.2,23.2,1232.0,232.0,12320.0,2320.0,53.0,153.0,53.0,1530.0,530.0,15300.0,5300.0,Novo Nordisk shares plunge over 7% as new targets fail to reassure investors,Proactive,2026-09-21,0.026,Is Biogen Stock Outperforming the S&P 500?,Barchart,2026-09-16,0.0,Biogen (BIIB) and AbbVie (ABBV) Get Wolfe Upgrades—Which Pharma Stock Has More Upside?,Insider Monkey,2026-09-15,0.0,,,,,,,,,,
BMY,Bristol-Myers Squibb,Biotech,large-cap,NYSE,62.62,-0.67%,-2.31%,-6.93%,+19.68%,+40%,127.914,0.227,13.79,11.23,6589672,75076872,182558872,400.0,2.16,buy,2.46,-0.67,99.33,-0.67,993.3,-6.7,9933.0,-67.0,-2.31,97.69,-2.31,976.9,-23.1,9769.0,-231.0,-6.93,93.07,-6.93,930.7,-69.3,9307.0,-693.0,19.68,119.68,19.68,1196.8,196.8,11968.0,1968.0,40.0,140.0,40.0,1400.0,400.0,14000.0,4000.0,BMY vs GILD: Which Biotech Stock Looks More Attractive Now?,Zacks,2026-09-21,0.493,What Would It Take For Pfizer To Cut Its Dividend?,Trefis,2026-09-21,-0.273,Wall Street's Bull Case for Bristol Myers Squibb Is Getting Louder,Motley Fool,2026-09-20,0.0,9,buy,0.65,"YTD +20.52%, P/E 13.89, low beta 0.227, positive news sentiment 0.443, and growing Wall Street bull case.",P/E 13.89; low beta 0.23; +21% YTD; positive sentiment 0.443,,,,,
AZN,AstraZeneca,Biotech,uk-listed,LSE,167.94,+0.48%,+3.34%,+2.61%,-7.58%,+9%,2.605,0.205,25.12,3.33,3883997,21626617,65976963,191.0,,buy,1.72,0.48,100.48,0.48,1004.8,4.8,10048.0,48.0,3.34,103.34,3.34,1033.4,33.4,10334.0,334.0,2.61,102.61,2.61,1026.1,26.1,10261.0,261.0,-7.58,92.42,-7.58,924.2,-75.8,9242.0,-758.0,9.0,109.0,9.0,1090.0,90.0,10900.0,900.0,Astrazeneca (AZN) Ascends But Remains Behind Market: Some Facts to Note,Zacks,2026-09-21,0.0,AI-Fueled Precision Oncology Firm Guardant Health Is In Focus. Here's Why.,Investor's Business Daily,2026-09-21,0.0,AZN's Klygefa Gets CHMP Nod for Generalised Myasthenia Gravis in EU,Zacks,2026-09-21,0.0,3,buy,0.8,"Recent CHMP backing for Enhertu (53% risk reduction in breast cancer) and Klygefa, plus FDA priority review for rare bone disease drug; P/E 25, analyst buy (score 1.72).",CHMP backing for Enhertu/Klygefa; FDA priority review; P/E 25; buy consensus 1.72,,,,,
GSK,GSK,Biotech,uk-listed,LSE,25.55,+1.78%,+3.05%,-0.39%,+4.37%,+24%,1.023,0.29,16.19,7.19,6860337,44491491,116562754,362.0,,hold,2.52,1.78,101.78,1.78,1017.8,17.8,10178.0,178.0,3.05,103.05,3.05,1030.5,30.5,10305.0,305.0,-0.39,99.61,-0.39,996.1,-3.9,9961.0,-39.0,4.37,104.37,4.37,1043.7,43.7,10437.0,437.0,24.0,124.0,24.0,1240.0,240.0,12400.0,2400.0,GSK (LSE:GSK) Stock Looks Reasonable As Its 58% Run Continues,Simply Wall St.,2026-09-17,0.0,GSK (LSE:GSK) Agrees Multiple Myeloma T Cell Deal,Simply Wall St.,2026-09-17,0.202,Is the shingles vaccine the secret to living longer and delaying dementia? Here’s what the science says.,MarketWatch,2026-09-16,0.0,,,,,,,,,,
CRSP,CRISPR Therapeutics,Biotech,gene-editing,NASDAQ,58.33,+1.78%,+10.14%,+2.20%,+8.48%,-9%,5.64,1.76,,1.63,1813451,12103951,30623951,,22.23,buy,2.05,1.78,101.78,1.78,1017.8,17.8,10178.0,178.0,10.14,110.14,10.14,1101.4,101.4,11014.0,1014.0,2.2,102.2,2.2,1022.0,22.0,10220.0,220.0,8.48,108.48,8.48,1084.8,84.8,10848.0,848.0,-9.0,91.0,-9.0,910.0,-90.0,9100.0,-900.0,3 Reasons CRISPR Therapeutics Stock Is Still a Buy After a Rocky 2026,Motley Fool,2026-09-20,0.0,Can Intellia's Pipeline Progress Create Long-Term Value Amid Rivalry?,Zacks,2026-09-18,0.743,Where Will CRISPR Therapeutics Be in 10 Years if Gene Editing Fulfills Its Promise?,Motley Fool,2026-09-18,0.511,,,,,,,,,,
BEAM,Beam Therapeutics,Biotech,gene-editing,NASDAQ,25.26,+1.04%,+4.73%,-10.84%,-6.93%,+2%,2.609,2.226,,2.14,1698995,10811795,37814295,,38.62,strong_buy,1.33,1.04,101.04,1.04,1010.4,10.4,10104.0,104.0,4.73,104.73,4.73,1047.3,47.3,10473.0,473.0,-10.84,89.16,-10.84,891.6,-108.4,8916.0,-1084.0,-6.93,93.07,-6.93,930.7,-69.3,9307.0,-693.0,2.0,102.0,2.0,1020.0,20.0,10200.0,200.0,Can Intellia's Pipeline Progress Create Long-Term Value Amid Rivalry?,Zacks,2026-09-18,0.743,Gene-Editing Powerhouse And Its Rivals Surge Toward A Breakout,Investor's Business Daily,2026-09-17,0.0,Beam Therapeutics (BEAM) Restored AAT Levels. Can BEAM-302 Deliver Clinical Benefit?,Insider Monkey,2026-09-10,0.66,,,,,,,,,,
NTLA,Intellia Therapeutics,Biotech,gene-editing,NASDAQ,12.22,+0.66%,+2.95%,-2.71%,+32.68%,-30%,1.713,1.819,,4.03,3724203,26674303,74889103,,39.49,buy,2.26,0.66,100.66,0.66,1006.6,6.6,10066.0,66.0,2.95,102.95,2.95,1029.5,29.5,10295.0,295.0,-2.71,97.29,-2.71,972.9,-27.1,9729.0,-271.0,32.68,132.68,32.68,1326.8,326.8,13268.0,3268.0,-30.0,70.0,-30.0,700.0,-300.0,7000.0,-3000.0,"Intellia Eyes Lonvo-z Launch as HAE PDUFA Nears, TTR Study Advances",MarketBeat,2026-09-19,0.0,Can Intellia's Pipeline Progress Create Long-Term Value Amid Rivalry?,Zacks,2026-09-18,0.743,Gene-Editing Powerhouse And Its Rivals Surge Toward A Breakout,Investor's Business Daily,2026-09-17,0.0,,,,,,,,,,
EDIT,Editas Medicine,Biotech,gene-editing,NASDAQ,2.83,+2.91%,+3.28%,-5.67%,+38.05%,-10%*,0.435,2.087,,2.59,2392359,27108059,61933759,,19.72,none,,2.91,102.91,2.91,1029.1,29.1,10291.0,291.0,3.28,103.28,3.28,1032.8,32.8,10328.0,328.0,-5.67,94.33,-5.67,943.3,-56.7,9433.0,-567.0,38.05,138.05,38.05,1380.5,380.5,13805.0,3805.0,-10.0,90.0,-10.0,900.0,-100.0,9000.0,-1000.0,Editas Medicine Targets 2026 Patient Dosing for LDL Gene-Editing Therapy,MarketBeat,2026-09-12,0.0,Editas Medicine Eyes First Human Trial for CRISPR Cholesterol Therapy EDIT-401,MarketBeat,2026-09-09,0.0,Editas (EDIT) Up 6.2% Since Last Earnings Report: Can It Continue?,Zacks,2026-09-04,0.0,,,,,,,,,,
ILMN,Illumina,Biotech,genomics,NASDAQ,238.82,-0.09%,+14.70%,+6.99%,+77.76%,+136%,36.062,1.467,44.47,2.49,3103031,45884531,73543031,,10.54,buy,2.38,-0.09,99.91,-0.09,999.1,-0.9,9991.0,-9.0,14.7,114.7,14.7,1147.0,147.0,11470.0,1470.0,6.99,106.99,6.99,1069.9,69.9,10699.0,699.0,77.76,177.76,77.76,1777.6,777.6,17776.0,7776.0,136.0,236.0,136.0,2360.0,1360.0,23600.0,13600.0,Illumina Stock Is Up 133% This Year. Here’s Where It Could Go Further.,TIKR,2026-09-20,0.0,1 Surging  Stock to Target This Week and 2 We Question,StockStory,2026-09-17,0.0,Three Stocks Are Joining the S&P 500. Will They Actually Improve VOO’s Returns?,24/7 Wall St.,2026-09-16,0.44,2,buy,0.75,"YTD +78.36%, 1M +16.89%, 1W +16.07%, boosted by S&P 500 re-inclusion and Q2 revenue beat of $1.16B (+9.5% YoY), though P/E 44.62 is elevated.",+78% YTD; S&P 500 re-inclusion; Q2 revenue beat; NovaSeq X demand,,,,,
PACB,Pacific Biosciences,Biotech,genomics,NASDAQ,1.36,+1.49%,+0.74%,+6.25%,-26.09%,+6%*,0.423,2.31,,6.56,6126757,28178857,116787557,,18.34,buy,2.12,1.49,101.49,1.49,1014.9,14.9,10149.0,149.0,0.74,100.74,0.74,1007.4,7.4,10074.0,74.0,6.25,106.25,6.25,1062.5,62.5,10625.0,625.0,-26.09,73.91,-26.09,739.1,-260.9,7391.0,-2609.0,6.0,106.0,6.0,1060.0,60.0,10600.0,600.0,2 Small-Cap Stocks for Long-Term Investors and 1 Facing Headwinds,StockStory,2026-09-21,0.0,"Pacific Biosciences Targets Clinical Growth, $40M Savings With HiFi Sequencing Push",MarketBeat,2026-09-20,0.382,Why Pacific Biosciences of California (PACB) Outpaced the Stock Market Today,Zacks,2026-09-17,0.0,,,,,,,,,,
NTRA,Natera,Biotech,genomics,NASDAQ,370.64,+0.66%,+8.44%,+13.10%,+61.96%,+106%,53.426,1.534,,1.42,1972129,11456629,26960229,,3.94,strong_buy,1.46,0.66,100.66,0.66,1006.6,6.6,10066.0,66.0,8.44,108.44,8.44,1084.4,84.4,10844.0,844.0,13.1,113.1,13.1,1131.0,131.0,11310.0,1310.0,61.96,161.96,61.96,1619.6,619.6,16196.0,6196.0,106.0,206.0,106.0,2060.0,1060.0,20600.0,10600.0,Here Are Stocks That Hit All-Time Highs Today,The Wall Street Journal,2026-09-21,0.0,Why Natera (NTRA) Is Up 12.3% After Landmark Lung Cancer MRD Data At IASLC 2026,Simply Wall St.,2026-09-19,-0.625,Natera (NTRA) Stock Fair Value Rises After Signatera And Guidance Drive Analyst Revisions,Simply Wall St.,2026-09-19,0.572,1,strong_buy,0.85,"YTD +61.42%, 1W +12.30%, strong_buy analyst consensus (score 1.46), positive news sentiment 0.178, and landmark lung cancer MRD data at IASLC 2026 driving momentum.",+61% YTD; strong_buy consensus 1.46; lung cancer MRD data catalyst; low short interest 3.94%,,,,,
RXRX,Recursion Pharmaceuticals,Biotech,genomics,NASDAQ,3.97,+4.47%,+16.42%,+22.15%,-5.48%,-23%*,2.129,1.071,,19.13,37657107,136837207,354710707,,35.03,none,,4.47,104.47,4.47,1044.7,44.7,10447.0,447.0,16.42,116.42,16.42,1164.2,164.2,11642.0,1642.0,22.15,122.15,22.15,1221.5,221.5,12215.0,2215.0,-5.48,94.52,-5.48,945.2,-54.8,9452.0,-548.0,-23.0,77.0,-23.0,770.0,-230.0,7700.0,-2300.0,"Recursion Pharmaceuticals Highlights AI Drug Platform, FAP Progress at Morgan Stanley Conference",MarketBeat,2026-09-21,0.421,Is Recursion Pharmaceuticals (RXRX) A Bargain As Its Shares Rebound?,Simply Wall St.,2026-09-19,0.459,Recursion Pharmaceuticals (RXRX) Falls More Steeply Than Broader Market: What Investors Need to Know,Zacks,2026-09-16,0.0,6,buy,0.6,"1W +19.69%, 1D +7.89%, driven by AI drug platform progress and FAP Phase II data at Morgan Stanley conference; speculative with 35% short interest.",+20% weekly; AI platform catalyst; FAP Phase II data; high short interest 35%,,,,,
INCY,Incyte,Biotech,oncology,NASDAQ,124.65,-1.45%,+2.01%,-2.60%,+22.90%,+48%,25.267,0.77,15.9,1.68,1270524,9349324,27894924,,7.88,buy,2.29,-1.45,98.55,-1.45,985.5,-14.5,9855.0,-145.0,2.01,102.01,2.01,1020.1,20.1,10201.0,201.0,-2.6,97.4,-2.6,974.0,-26.0,9740.0,-260.0,22.9,122.9,22.9,1229.0,229.0,12290.0,2290.0,48.0,148.0,48.0,1480.0,480.0,14800.0,4800.0,"FDA Decision Watch: MRK, MIRM, INCY, GRAL Face Key Regulatory Catalysts This Week",Stocktwits,2026-09-21,0.0,Incyte Maps Post-JAKAFI Growth With Pipeline Push and $4B Sales Target,MarketBeat,2026-09-20,0.382,IBD Stock Of The Day Eyes Buy Points As Investors Dig Into Its Pipeline,Investor's Business Daily,2026-09-18,0.0,,,,,,,,,,
EXEL,Exelixis,Biotech,oncology,NASDAQ,57.22,-2.75%,+1.80%,+4.89%,+31.30%,+47%,14.178,0.422,17.99,2.53,2091172,12980072,44207872,,15.81,buy,2.37,-2.75,97.25,-2.75,972.5,-27.5,9725.0,-275.0,1.8,101.8,1.8,1018.0,18.0,10180.0,180.0,4.89,104.89,4.89,1048.9,48.9,10489.0,489.0,31.3,131.3,31.3,1313.0,313.0,13130.0,3130.0,47.0,147.0,47.0,1470.0,470.0,14700.0,4700.0,Exelixis (EXEL) Gets FDA Review Extension For Zanzalintinib განაცხად tometastatic Colorectal Cancer,Simply Wall St.,2026-09-21,-0.66,"Exelixis Eyes Oncology Deals, Readies Zanzalintinib Launch as Cabozantinib Tops $3B",MarketBeat,2026-09-17,0.511,Exelixis (EXEL) Faces a Three-Month Zanzalintinib Review Extension. Can the Data Support Approval?,Insider Monkey,2026-09-17,0.7,4,buy,0.75,"YTD +33.91%, 1M +7.30%, P/E 18.35, low beta 0.422, and upcoming zanzalintinib launch with cabozantinib topping $3B in sales.",+34% YTD; P/E 18.35; low beta 0.42; oncology pipeline catalysts,,,,,
ALNY,Alnylam Pharmaceuticals,Biotech,oncology,NASDAQ,244.32,+1.97%,-2.27%,+3.52%,-38.95%,-48%,32.693,0.3,42.49,1.84,1129894,7920194,33126494,,6.31,buy,1.69,1.97,101.97,1.97,1019.7,19.7,10197.0,197.0,-2.27,97.73,-2.27,977.3,-22.7,9773.0,-227.0,3.52,103.52,3.52,1035.2,35.2,10352.0,352.0,-38.95,61.05,-38.95,610.5,-389.5,6105.0,-3895.0,-48.0,52.0,-48.0,520.0,-480.0,5200.0,-4800.0,"Alnylam Highlights AMVUTTRA Momentum, Resets 2026 TTR Revenue Outlook",MarketBeat,2026-09-20,0.0,Alnylam’s Zilebesiran Targets Twice-Yearly Blood Pressure Control in ZENITH Trial,MarketBeat,2026-09-20,-0.296,Is Alnylam (ALNY) Quietly Repricing Its RNAi Risk Profile Amid Oligonucleotide Market Optimism?,Simply Wall St.,2026-09-15,0.34,,,,,,,,,,
RCUS,Arcus Biosciences,Biotech,oncology,NYSE,25.95,+2.82%,+7.81%,-13.84%,+11.42%,+102%*,3.264,0.812,,1.43,1111193,10242693,31640093,,16.76,strong_buy,1.43,2.82,102.82,2.82,1028.2,28.2,10282.0,282.0,7.81,107.81,7.81,1078.1,78.1,10781.0,781.0,-13.84,86.16,-13.84,861.6,-138.4,8616.0,-1384.0,11.42,111.42,11.42,1114.2,114.2,11142.0,1142.0,102.0,202.0,102.0,2020.0,1020.0,20200.0,10200.0,Could Arcus Biosciences (RCUS) and Summit Therapeutics (SMMT)’s Cancer Drug Partnership Create a New Treatment Standard?,Insider Monkey,2026-08-14,-0.511,Arcus Biosciences (RCUS) Q2 2026 Earnings Call Transcript,Motley Fool,2026-08-13,0.0,"Arcus Biosciences' Casdatifan Therapy Could be Launched in 2028, Morgan Stanley Says",MT Newswires,2026-08-10,0.128,,,,,,,,,,
MRNA,Moderna,Biotech,mrna,NASDAQ,172.94,+12.37%,+17.89%,+24.52%,+460.40%,+480%,69.044,1.106,,16.21,20952969,77604369,373667969,,11.98,hold,2.74,12.37,112.37,12.37,1123.7,123.7,11237.0,1237.0,17.89,117.89,17.89,1178.9,178.9,11789.0,1789.0,24.52,124.52,24.52,1245.2,245.2,12452.0,2452.0,460.4,560.4,460.4,5604.0,4604.0,56040.0,46040.0,480.0,580.0,480.0,5800.0,4800.0,58000.0,48000.0,"AMD, Intel, Meta, Warner Bros., Moderna, Grail, Strategy, and More Stocks That Explain Today’s Market",Barrons.com,2026-09-21,0.0,Moderna (MRNA) Soars to Fresh High Ahead of Pipeline Updates This Week,Insider Monkey,2026-09-21,0.318,Moderna Stock Jumps. Its mRNA Cancer Vaccine Is Getting Ready for Its Next Big Test.,Barrons.com,2026-09-21,-0.44,,,,,,,,,,
BNTX,BioNTech,Biotech,mrna,NASDAQ,98.0,+1.03%,-0.87%,-13.14%,+1.35%,-3%,24.618,1.293,,1.16,782425,3683625,22457525,,3.45,buy,1.7,1.03,101.03,1.03,1010.3,10.3,10103.0,103.0,-0.87,99.13,-0.87,991.3,-8.7,9913.0,-87.0,-13.14,86.86,-13.14,868.6,-131.4,8686.0,-1314.0,1.35,101.35,1.35,1013.5,13.5,10135.0,135.0,-3.0,97.0,-3.0,970.0,-30.0,9700.0,-300.0,Moderna Stock Jumps. Its mRNA Cancer Vaccine Is Getting Ready for Its Next Big Test.,Barrons.com,2026-09-21,-0.44,Moderna Surges 9% as Phase 3 Melanoma Data Wins Presidential Symposium Slot; Merck and BioNTech Edge Higher,24/7 Wall St.,2026-09-21,0.572,European Equities Traded in the US as American depositary Receipts Rise in Monday Trading,MT Newswires,2026-09-21,0.0,,,,,,,,,,
NVAX,Novavax,Biotech,mrna,NASDAQ,10.41,+2.56%,+8.55%,+17.49%,+46.00%,+14%*,1.717,2.45,,4.42,6120190,32312690,114467190,,29.77,buy,2.33,2.56,102.56,2.56,1025.6,25.6,10256.0,256.0,8.55,108.55,8.55,1085.5,85.5,10855.0,855.0,17.49,117.49,17.49,1174.9,174.9,11749.0,1749.0,46.0,146.0,46.0,1460.0,460.0,14600.0,4600.0,14.0,114.0,14.0,1140.0,140.0,11400.0,1400.0,3 Volatile Stocks with Questionable Fundamentals,StockStory,2026-09-21,-0.296,Novavax (NVAX) Beats Stock Market Upswing: What Investors Need to Know,Zacks,2026-09-18,0.0,Novavax (NVAX) Soars 7.0%: Is Further Upside Left in the Stock?,Zacks,2026-09-18,0.0,7,buy,0.55,"YTD +41.80%, 1M +15.02%, 1W +7.32%, but high beta 2.45 and short interest 29.77% add risk; no P/E, analyst buy (score 2.33).",+42% YTD; +15% monthly; high beta 2.45; short squeeze potential,,,,,
BMRN,BioMarin Pharmaceutical,Biotech,rare-disease,NASDAQ,64.06,+0.19%,-3.54%,-1.55%,+7.75%,+19%,12.4,0.238,173.14,1.99,1876904,11819604,38601304,,5.12,buy,1.74,0.19,100.19,0.19,1001.9,1.9,10019.0,19.0,-3.54,96.46,-3.54,964.6,-35.4,9646.0,-354.0,-1.55,98.45,-1.55,984.5,-15.5,9845.0,-155.0,7.75,107.75,7.75,1077.5,77.5,10775.0,775.0,19.0,119.0,19.0,1190.0,190.0,11900.0,1900.0,What Is Drawing Fresh Attention To BioMarin Pharmaceutical (BMRN)?,Simply Wall St.,2026-09-19,0.318,Did VOXZOGO’s Hypochondroplasia Win and New R&D Hire Just Reframe BioMarin’s (BMRN) Investment Narrative?,Simply Wall St.,2026-09-19,0.586,BioMarin Targets Amicus Synergies as VOXZOGO Nears $1B Milestone,MarketBeat,2026-09-18,0.0,,,,,,,,,,
SRPT,Sarepta Therapeutics,Biotech,rare-disease,NASDAQ,20.14,+0.60%,-3.73%,+11.09%,-5.49%,+8%,2.127,0.261,,3.4,1688743,15613143,65055343,,27.94,hold,2.74,0.6,100.6,0.6,1006.0,6.0,10060.0,60.0,-3.73,96.27,-3.73,962.7,-37.3,9627.0,-373.0,11.09,111.09,11.09,1110.9,110.9,11109.0,1109.0,-5.49,94.51,-5.49,945.1,-54.9,9451.0,-549.0,8.0,108.0,8.0,1080.0,80.0,10800.0,800.0,"Sarepta Sees ELEVIDYS Demand Stabilizing as FSHD, DM1 Readouts Near",MarketBeat,2026-09-15,-0.128,Novartis Stock Tanks Following Third Major Pipeline Setback,Barrons.com,2026-09-08,0.0,Novartis shares fall as del-desiran flunks Phase 3 myotonic dystrophy trial,Proactive,2026-09-08,-0.153,,,,,,,,,,
COAG,Hemab Therapeutics,Biotech,rare-disease,NASDAQ,37.97,-7.82%,-6.18%,-18.64%,+11.68%,+21%,1.774,,,0.43,556555,5989155,11685555,,,strong_buy,1.0,-7.82,92.18,-7.82,921.8,-78.2,9218.0,-782.0,-6.18,93.82,-6.18,938.2,-61.8,9382.0,-618.0,-18.64,81.36,-18.64,813.6,-186.4,8136.0,-1864.0,11.68,111.68,11.68,1116.8,116.8,11168.0,1168.0,21.0,121.0,21.0,1210.0,210.0,12100.0,2100.0,Sector Update: Healthcare Stocks Advance Late Afternoon,MT Newswires,2026-07-13,0.0,"Hemab Therapeutics Details Post-IPO Pipeline Push, Sutacimig Phase III Plans",MarketBeat,2026-06-09,0.0,Hemab Therapeutics IPO Debut Puts COAG And Pipeline Risks In Focus,Simply Wall St.,2026-05-03,-0.273,,,,,,,,,,
NVO,Novo Nordisk,Biotech,metabolic,NYSE,39.8,-8.00%,-8.40%,-15.17%,-20.24%,-29%,175.831,0.344,9.88,11.53,48876342,92716242,237196742,415.0,1.0,hold,2.71,-8.0,92.0,-8.0,920.0,-80.0,9200.0,-800.0,-8.4,91.6,-8.4,916.0,-84.0,9160.0,-840.0,-15.17,84.83,-15.17,848.3,-151.7,8483.0,-1517.0,-20.24,79.76,-20.24,797.6,-202.4,7976.0,-2024.0,-29.0,71.0,-29.0,710.0,-290.0,7100.0,-2900.0,"Bitcoin prices, Logan & Jake Paul, Jensen Huang talks human survival: 3 crazy market movers",Yahoo Finance Video,2026-09-21,-0.34,Novo Nordisk stock gets drilled on pipeline concerns — its CEO sees a main problem,Yahoo Finance,2026-09-21,-0.402,Novo Nordisk (CPSE:NOVO B) Unveiled A 2030 Blockbuster Drug Plan,Simply Wall St.,2026-09-21,0.599,,,,,,,,,,
LLY,Eli Lilly,Biotech,metabolic,NYSE,1164.89,+0.98%,+2.34%,-6.58%,+8.35%,+53%,1038.781,0.502,39.16,2.7,2228492,12028092,47213992,60.0,0.89,buy,1.63,0.98,100.98,0.98,1009.8,9.8,10098.0,98.0,2.34,102.34,2.34,1023.4,23.4,10234.0,234.0,-6.58,93.42,-6.58,934.2,-65.8,9342.0,-658.0,8.35,108.35,8.35,1083.5,83.5,10835.0,835.0,53.0,153.0,53.0,1530.0,530.0,15300.0,5300.0,Why Novo Nordisk investors feel disappointed today,Yahoo Finance Video,2026-09-21,-0.477,Novo Nordisk slides following investor day update,Yahoo Finance Video,2026-09-21,0.0,Eli Lilly (LLY) Increases Yet Falls Behind Market: What Investors Need to Know,Zacks,2026-09-21,0.0,8,buy,0.7,"YTD +7.23%, P/E 38.75, analyst buy (score 1.63), strong GLP-1 growth trajectory and positive news sentiment 0.292.",P/E 38.75; buy consensus 1.63; GLP-1 franchise strength; positive sentiment 0.292,,,,,
LEGN,Legend Biotech,Biotech,neuroscience,NASDAQ,18.53,+4.34%,+0.00%,-11.51%,-13.85%,-48%,3.603,0.402,,2.32,2832908,14718208,40837908,,20.03,buy,2.07,4.34,104.34,4.34,1043.4,43.4,10434.0,434.0,0.0,100.0,0.0,1000.0,0.0,10000.0,0.0,-11.51,88.49,-11.51,884.9,-115.1,8849.0,-1151.0,-13.85,86.15,-13.85,861.5,-138.5,8615.0,-1385.0,-48.0,52.0,-48.0,520.0,-480.0,5200.0,-4800.0,LEGN’s New CEO From Novartis Paves Way For Buyout Speculation,Stocktwits,2026-09-15,0.0,Legend Names Novartis Executive as CEO,The Wall Street Journal,2026-09-15,0.0,Legend Naming Novartis Executive as CEO,The Wall Street Journal,2026-09-15,0.0,,,,,,,,,,
IONS,Ionis Pharmaceuticals,Biotech,neuroscience,NASDAQ,44.9,+0.83%,-12.71%,-27.63%,-43.64%,-28%,7.462,0.419,,3.53,4337771,30554871,76992271,,16.67,buy,1.83,0.83,100.83,0.83,1008.3,8.3,10083.0,83.0,-12.71,87.29,-12.71,872.9,-127.1,8729.0,-1271.0,-27.63,72.37,-27.63,723.7,-276.3,7237.0,-2763.0,-43.64,56.36,-43.64,563.6,-436.4,5636.0,-4364.0,-28.0,72.0,-28.0,720.0,-280.0,7200.0,-2800.0,Cathie Wood Makes a Big AI Bet and Cuts Bitcoin Exposure,GuruFocus.com,2026-09-21,-0.296,Investors Dumped Ionis Pharmaceuticals Stock -- But Wall Street Hasn't Budged From Its Bullish Outlook,Motley Fool,2026-09-20,-0.214,Ionis Pharmaceuticals Eyes TRYNGOLZA Growth as Pipeline Faces Cardio Setbacks,MarketBeat,2026-09-19,0.382,,,,,,,,,,
BTC,Bitcoin,Crypto,bitcoin,Crypto,86506.776434,+6.52%,+10.33%,+12.36%,-1.16%,-1%,1737.718,,,31309.44,23789617808,219166092758,904122353462,,,,,6.52,106.52,6.52,1065.2,65.2,10652.0,652.0,10.33,110.33,10.33,1103.3,103.3,11033.0,1033.0,12.36,112.36,12.36,1123.6,123.6,11236.0,1236.0,-1.16,98.84,-1.16,988.4,-11.6,9884.0,-116.0,-1.0,99.0,-1.0,990.0,-10.0,9900.0,-100.0,Bitcoin-related stocks are surging: The momentum is 'incredible',Yahoo Finance Video,2026-09-21,0.0,Is it worth investing in bitcoin if I'm Gen X?,Yahoo Finance Video,2026-09-21,0.226,Inside crypto's Clarity Act collapse,Yahoo Finance Video,2026-09-21,-0.128,,,,,,,,,,
ETH,Ethereum,Crypto,layer1,Crypto,2774.700627,+5.06%,+9.92%,+14.73%,-6.47%,-6%,338.701,,,15675.35,11749949626,109727457464,422102529643,,,,,5.06,105.06,5.06,1050.6,50.6,10506.0,506.0,9.92,109.92,9.92,1099.2,99.2,10992.0,992.0,14.73,114.73,14.73,1147.3,147.3,11473.0,1473.0,-6.47,93.53,-6.47,935.3,-64.7,9353.0,-647.0,-6.0,94.0,-6.0,940.0,-60.0,9400.0,-600.0,Is it worth investing in bitcoin if I'm Gen X?,Yahoo Finance Video,2026-09-21,0.226,"Bitcoin and ethereum prices today, Monday, September 21, 2026: Crypto prices hit highest levels in 8 months",Yahoo Personal Finance,2026-09-21,0.0,"Tech stocks rise, Bitcoin rallies as Treasury yields ease: AlphaCheck",Yahoo Finance,2026-09-21,0.511,,,,,,,,,,
SOL,Solana,Crypto,layer1,Crypto,119.022015,+7.42%,+15.65%,+27.07%,-4.41%,-4%,69.918,,,3813.95,3215613298,26697623076,116082400079,,,,,7.42,107.42,7.42,1074.2,74.2,10742.0,742.0,15.65,115.65,15.65,1156.5,156.5,11565.0,1565.0,27.07,127.07,27.07,1270.7,270.7,12707.0,2707.0,-4.41,95.59,-4.41,955.9,-44.1,9559.0,-441.0,-4.0,96.0,-4.0,960.0,-40.0,9600.0,-400.0,Strategy is buying bitcoin again! But this crypto treasury is buying more.,Yahoo Finance Video,2026-09-21,0.359,Inside crypto's Clarity Act collapse,Yahoo Finance Video,2026-09-21,-0.128,GalaxyOne launches multi-asset crypto credit line,TheStreet,2026-09-21,0.382,3,strong_buy,0.8,"SOL hit a 7-month high above $110 with +19.8% 1m, +10.9% 1w, driven by the Alpenglow upgrade, SEC Innovation Exemption, and 12 consecutive weeks of ETF inflows [blockchain.news](https://blockchain.news/news/20260921-price-prediction-sol-breakout-or-bull-trap-116-or).",Alpenglow upgrade Sep 28; ETF inflows $60.9M daily; 7-month high; $66B market cap,,,,,
BNB,BNB,Crypto,layer1,Crypto,800.190967,+3.33%,+10.81%,+15.44%,-7.29%,-7%,106.554,,,1050.85,1010777660,7355964627,31392036249,,,,,3.33,103.33,3.33,1033.3,33.3,10333.0,333.0,10.81,110.81,10.81,1108.1,108.1,11081.0,1081.0,15.44,115.44,15.44,1154.4,154.4,11544.0,1544.0,-7.29,92.71,-7.29,927.1,-72.9,9271.0,-729.0,-7.0,93.0,-7.0,930.0,-70.0,9300.0,-700.0,Ondo opens new path for institutions to bring shares onchain,TheStreet,2026-09-21,0.296,Why Is BNB Up Today? It’s Back Above $100 Billion and Up 12% This Month,24/7 Wall St.,2026-09-21,0.0,Robinhood Crypto Chain’s $146M Tokenized-Stock Bet Faces Its First Fee Test,Cryptonews,2026-09-21,0.0,,,,,,,,,,
ADA,Cardano,Crypto,layer1,Crypto,0.24521,+7.42%,+17.00%,+8.54%,-26.29%,-26%,9.016,,,484.06,456025995,3388429995,13873401144,,,,,7.42,107.42,7.42,1074.2,74.2,10742.0,742.0,17.0,117.0,17.0,1170.0,170.0,11700.0,1700.0,8.54,108.54,8.54,1085.4,85.4,10854.0,854.0,-26.29,73.71,-26.29,737.1,-262.9,7371.0,-2629.0,-26.0,74.0,-26.0,740.0,-260.0,7400.0,-2600.0,Cardano News: DReps’ Pogun Vote Opens a New Chapter for ADA,Cryptonews,2026-09-21,0.0,XRP Back in US Stockpile Spotlight as House Panel Advances Digital Asset Bill,CCN,2026-09-18,0.361,Cardano News: Rewards Still Depend on Reserve Emissions,Cryptonews,2026-09-17,0.477,,,,,,,,,,
AVAX,Avalanche,Crypto,layer1,Crypto,11.233705,-0.92%,+47.68%,+50.21%,-8.73%,-9%,4.976,,,585.2,1570606247,4096412047,9554100938,,,,,-0.92,99.08,-0.92,990.8,-9.2,9908.0,-92.0,47.68,147.68,47.68,1476.8,476.8,14768.0,4768.0,50.21,150.21,50.21,1502.1,502.1,15021.0,5021.0,-8.73,91.27,-8.73,912.7,-87.3,9127.0,-873.0,-9.0,91.0,-9.0,910.0,-90.0,9100.0,-900.0,Crypto Tokens Jump Up to 50% in a Post-Clarity Regulatory Bet,Bloomberg,2026-09-21,0.0,"Morning Minute: Kevin O’Leary Calls for $1 Million Bitcoin, With an Asterisk",decrypt,2026-09-21,0.0,"Altcoin Rally Explodes: NEAR, ARB, AVAX, INJ, UNI Lead As Kevin O’Leary Says Ethereum May No Longer Rule",Stocktwits,2026-09-20,-0.296,2,strong_buy,0.82,"AVAX surged +47% 1m, +51% 1w, +15.6% 1d with a clean breakout above $10 on altcoin rotation and RWA narrative, part of a seven-token basket leading the rally [coinmarketcap.com](https://coinmarketcap.com/top-stories/6ab0acf4d28b6a241fa08d12/).",+51% 1w; breakout above $10; altcoin rotation; RWA narrative,,,,,
XRP,XRP,Crypto,payments,Crypto,1.544264,+9.43%,+8.22%,+5.59%,-16.04%,-16%,97.102,,,3727.89,2356907010,26095247019,96337003226,,,,,9.43,109.43,9.43,1094.3,94.3,10943.0,943.0,8.22,108.22,8.22,1082.2,82.2,10822.0,822.0,5.59,105.59,5.59,1055.9,55.9,10559.0,559.0,-16.04,83.96,-16.04,839.6,-160.4,8396.0,-1604.0,-16.0,84.0,-16.0,840.0,-160.0,8400.0,-1600.0,Is it worth investing in bitcoin if I'm Gen X?,Yahoo Finance Video,2026-09-21,0.226,Why Is Zcash Rallying Today? Privacy Coins Are Up 90% in a Month and Monero Just Added 13%,24/7 Wall St.,2026-09-21,0.0,The ECB Just Launched a Way to Settle Tokenized Assets Without Stablecoins. What It Means for RLUSD and XRP in Europe.,24/7 Wall St.,2026-09-21,0.296,,,,,,,,,,
XLM,Stellar,Crypto,payments,Crypto,0.21631,+9.28%,+12.58%,+10.75%,+7.82%,+8%,7.556,,,279.34,196219292,1955408128,6080116089,,,,,9.28,109.28,9.28,1092.8,92.8,10928.0,928.0,12.58,112.58,12.58,1125.8,125.8,11258.0,1258.0,10.75,110.75,10.75,1107.5,107.5,11075.0,1075.0,7.82,107.82,7.82,1078.2,78.2,10782.0,782.0,8.0,108.0,8.0,1080.0,80.0,10800.0,800.0,XLM Price Prediction: Could Stellar Hit $0.25?,24/7 Wall St.,2026-09-15,0.0,,,,,,,,,,,,,,,,,,
TRX,TRON,Crypto,payments,Crypto,0.344398,+0.53%,+1.76%,-0.07%,+21.12%,+21%,32.704,,,420.45,443061747,2943146832,12445156373,,,,,0.53,100.53,0.53,1005.3,5.3,10053.0,53.0,1.76,101.76,1.76,1017.6,17.6,10176.0,176.0,-0.07,99.93,-0.07,999.3,-0.7,9993.0,-7.0,21.12,121.12,21.12,1211.2,211.2,12112.0,2112.0,21.0,121.0,21.0,1210.0,210.0,12100.0,2100.0,USDT on TRON Becomes Most Used Onchain Payment Option on CoinsBee as Stablecoin Spending Grows,BeInCrypto,2026-09-21,0.0,Why Are There So Many New Single-Stock ETFs?,The Daily Upside,2026-09-21,0.0,Investors Can Now Invest in the Surging Tron Cryptocurrency Via an ETF. Here's What Crypto Investors Need to Know.,Motley Fool,2026-09-20,0.0,,,,,,,,,,
SUI,Sui,Crypto,emerging,Crypto,1.034531,+16.05%,+42.77%,+27.26%,-26.24%,-26%,4.238,,,677.71,1061998572,4743969219,17168772267,,,,,16.05,116.05,16.05,1160.5,160.5,11605.0,1605.0,42.77,142.77,42.77,1427.7,427.7,14277.0,4277.0,27.26,127.26,27.26,1272.6,272.6,12726.0,2726.0,-26.24,73.76,-26.24,737.6,-262.4,7376.0,-2624.0,-26.0,74.0,-26.0,740.0,-260.0,7400.0,-2600.0,,,,,,,,,,,,,5,buy,0.72,"SUI gained +34% 1w, +17.9% 1d, +15.3% 1m with a $4B market cap, riding the altcoin rotation wave as a newer L1 with strong weekly momentum.",+34% 1w; +17.9% 1d; altcoin rotation; $4B market cap,,,,,
HBAR,Hedera,Crypto,emerging,Crypto,0.092664,+6.93%,+19.14%,+19.55%,-12.74%,-13%,4.062,,,108.5,237445248,759474720,2424214978,,,,,6.93,106.93,6.93,1069.3,69.3,10693.0,693.0,19.14,119.14,19.14,1191.4,191.4,11914.0,1914.0,19.55,119.55,19.55,1195.5,195.5,11955.0,1955.0,-12.74,87.26,-12.74,872.6,-127.4,8726.0,-1274.0,-13.0,87.0,-13.0,870.0,-130.0,8700.0,-1300.0,,,,,,,,,,,,,,,,,,,,,,
ALGO,Algorand,Crypto,emerging,Crypto,0.112772,+3.06%,+16.65%,+22.31%,+2.35%,+2%,1.02,,,52.51,97662530,367578398,1180426456,,,,,3.06,103.06,3.06,1030.6,30.6,10306.0,306.0,16.65,116.65,16.65,1166.5,166.5,11665.0,1665.0,22.31,122.31,22.31,1223.1,223.1,12231.0,2231.0,2.35,102.35,2.35,1023.5,23.5,10235.0,235.0,2.0,102.0,2.0,1020.0,20.0,10200.0,200.0,,,,,,,,,,,,,,,,,,,,,,
MINA,Mina,Crypto,emerging,Crypto,0.128486,+8.94%,+57.80%,+136.81%,+70.07%,+70%,0.165,,,17.87,15637435,125070300,424315568,,,,,8.94,108.94,8.94,1089.4,89.4,10894.0,894.0,57.8,157.8,57.8,1578.0,578.0,15780.0,5780.0,136.81,236.81,136.81,2368.1,1368.1,23681.0,13681.0,70.07,170.07,70.07,1700.7,700.7,17007.0,7007.0,70.0,170.0,70.0,1700.0,700.0,17000.0,7000.0,,,,,,,,,,,,,4,buy,0.7,"MINA shows extreme momentum with +73% YTD, +130% 1m, +50.8% 1w, +26.5% 1d, reflecting strong privacy narrative demand despite a tiny $169M market cap.",+130% 1m; +50.8% 1w; privacy narrative; small cap high beta,,,,,
POL,Polygon (MATIC),Crypto,infra,Crypto,0.111944,+3.38%,+15.85%,+6.14%,+11.45%,+11%,1.2,,,97.47,100198456,682285993,2693091226,,,,,3.38,103.38,3.38,1033.8,33.8,10338.0,338.0,15.85,115.85,15.85,1158.5,158.5,11585.0,1585.0,6.14,106.14,6.14,1061.4,61.4,10614.0,614.0,11.45,111.45,11.45,1114.5,114.5,11145.0,1145.0,11.0,111.0,11.0,1110.0,110.0,11100.0,1100.0,,,,,,,,,,,,,,,,,,,,,,
DOT,Polkadot,Crypto,infra,Crypto,1.212451,+7.05%,+19.95%,+32.17%,-32.26%,-32%,2.066,,,199.94,208160379,1399586111,5095888842,,,,,7.05,107.05,7.05,1070.5,70.5,10705.0,705.0,19.95,119.95,19.95,1199.5,199.5,11995.0,1995.0,32.17,132.17,32.17,1321.7,321.7,13217.0,3217.0,-32.26,67.74,-32.26,677.4,-322.6,6774.0,-3226.0,-32.0,68.0,-32.0,680.0,-320.0,6800.0,-3200.0,"Only 3 Altcoins Pass the Relative Strength Test, For Now",BeInCrypto,2026-09-16,0.494,,,,,,,,,10,buy,0.58,"DOT has +20.6% 1m, +12.7% 1w, +5.95% 1d with the highest news sentiment at 0.494, and a $2B market cap making it a relatively safer altcoin rotation play.",+20.6% 1m; news sentiment 0.494; altcoin rotation; $2B market cap,,,,,
LINK,Chainlink,Crypto,infra,Crypto,13.166247,+5.41%,+13.90%,+13.45%,+7.98%,+8%,9.85,,,443.07,469692428,3101458301,23974127392,,,,,5.41,105.41,5.41,1054.1,54.1,10541.0,541.0,13.9,113.9,13.9,1139.0,139.0,11390.0,1390.0,13.45,113.45,13.45,1134.5,134.5,11345.0,1345.0,7.98,107.98,7.98,1079.8,79.8,10798.0,798.0,8.0,108.0,8.0,1080.0,80.0,10800.0,800.0,3 Top Cryptocurrencies Down 67% or More Worth Buying Right Now,Motley Fool,2026-09-21,0.458,Global Pay Connect Enters XRP Territory as Chainlink Powers 600 Bank Onchain Payments Push,CCN,2026-09-18,-0.103,"Only 3 Altcoins Pass the Relative Strength Test, For Now",BeInCrypto,2026-09-16,0.494,,,,,,,,,,
DOGE,Dogecoin,Crypto,meme,Crypto,0.100192,+14.69%,+19.39%,+9.14%,-14.58%,-15%,15.631,,,822.46,788959302,5757191912,24976939918,,,,,14.69,114.69,14.69,1146.9,146.9,11469.0,1469.0,19.39,119.39,19.39,1193.9,193.9,11939.0,1939.0,9.14,109.14,9.14,1091.4,91.4,10914.0,914.0,-14.58,85.42,-14.58,854.2,-145.8,8542.0,-1458.0,-15.0,85.0,-15.0,850.0,-150.0,8500.0,-1500.0,"Crypto Market Recovery: $450M Shorts Liquidated, Bitcoin Hits 9-Month High",CoinGape,2026-09-21,0.0,Better Buy Right Now: Bitcoin vs. Dogecoin,Motley Fool,2026-09-21,0.44,Can Dogecoin Reach $1 by Year-End? Here's How the Meme Coin Traded During the Last Election Year.,Motley Fool,2026-09-18,0.026,,,,,,,,,,
PEPE,Pepe,Crypto,meme,Crypto,5e-06,+19.03%,+37.43%,+17.49%,+18.18%,+18%,1.972,,,290.99,321558951,2036923110,8805957031,,,,,19.03,119.03,19.03,1190.3,190.3,11903.0,1903.0,37.43,137.43,37.43,1374.3,374.3,13743.0,3743.0,17.49,117.49,17.49,1174.9,174.9,11749.0,1749.0,18.18,118.18,18.18,1181.8,181.8,11818.0,1818.0,18.0,118.0,18.0,1180.0,180.0,11800.0,1800.0,,,,,,,,,,,,,,,,,,,,,,
TAO,Bittensor,Crypto,ai,Crypto,314.455015,+19.77%,+34.77%,+41.10%,+43.80%,+44%,3.628,,,220.08,267682965,1540531002,5982201775,,,,,19.77,119.77,19.77,1197.7,197.7,11977.0,1977.0,34.77,134.77,34.77,1347.7,347.7,13477.0,3477.0,41.1,141.1,41.1,1411.0,411.0,14110.0,4110.0,43.8,143.8,43.8,1438.0,438.0,14380.0,4380.0,44.0,144.0,44.0,1440.0,440.0,14400.0,4400.0,,,,,,,,,,,,,6,buy,0.68,"TAO has +23% YTD, +17.5% 1m, +15.2% 1w, +6% 1d, benefiting from AI narrative tailwinds and a $3.1B market cap with consistent upward momentum.",+23% YTD; +17.5% 1m; AI narrative; $3.1B market cap,,,,,
FET,ASI Alliance,Crypto,ai,Crypto,0.203718,+16.29%,+23.81%,+25.57%,+2.52%,+3%,0.471,,,91.18,114728394,638292309,2561958274,,,,,16.29,116.29,16.29,1162.9,162.9,11629.0,1629.0,23.81,123.81,23.81,1238.1,238.1,12381.0,2381.0,25.57,125.57,25.57,1255.7,255.7,12557.0,2557.0,2.52,102.52,2.52,1025.2,25.2,10252.0,252.0,3.0,103.0,3.0,1030.0,30.0,10300.0,300.0,"Fetch.ai and NuNet Exploited for $2 Million by Same Attacker, NTX Hits All-Time Low",BeInCrypto,2026-09-20,-0.832,,,,,,,,,,,,,,,,,,
RNDR,Render,Crypto,ai,Crypto,1.855511,+6.55%,+33.95%,+27.21%,+44.50%,+44%,0.963,,,59.71,115205026,417976210,1441261603,,,,,6.55,106.55,6.55,1065.5,65.5,10655.0,655.0,33.95,133.95,33.95,1339.5,339.5,13395.0,3395.0,27.21,127.21,27.21,1272.1,272.1,12721.0,2721.0,44.5,144.5,44.5,1445.0,445.0,14450.0,4450.0,44.0,144.0,44.0,1440.0,440.0,14400.0,4400.0,,,,,,,,,,,,,7,buy,0.65,"RNDR rallied +36% YTD, +25% 1w, +14.6% 1d, +16.3% 1m, driven by AI/rendering demand and a $907M market cap, making it a high-beta AI play.",+36% YTD; +25% 1w; AI/rendering narrative; $907M market cap,,,,,
OCEAN,Ocean Protocol,Crypto,ai,Crypto,0.174189,+3.02%,+7.61%,+33.43%,+15.68%,+16%,,,,0.13,104800,902884,3259865,,,,,3.02,103.02,3.02,1030.2,30.2,10302.0,302.0,7.61,107.61,7.61,1076.1,76.1,10761.0,761.0,33.43,133.43,33.43,1334.3,334.3,13343.0,3343.0,15.68,115.68,15.68,1156.8,156.8,11568.0,1568.0,16.0,116.0,16.0,1160.0,160.0,11600.0,1600.0,,,,,,,,,,,,,,,,,,,,,,
GRT,The Graph,Crypto,ai,Crypto,0.02352,+5.41%,+28.01%,+45.13%,-29.25%,-29%,0.257,,,13.37,24814154,93623493,571338160,,,,,5.41,105.41,5.41,1054.1,54.1,10541.0,541.0,28.01,128.01,28.01,1280.1,280.1,12801.0,2801.0,45.13,145.13,45.13,1451.3,451.3,14513.0,4513.0,-29.25,70.75,-29.25,707.5,-292.5,7075.0,-2925.0,-29.0,71.0,-29.0,710.0,-290.0,7100.0,-2900.0,,,,,,,,,,,,,8,buy,0.6,"GRT surged +32% 1m, +20.5% 1w, +9.9% 1d despite a -32% YTD, with AI indexing narrative and a small $247M cap offering catch-up potential.",+32% 1m; +20.5% 1w; AI indexing; small cap recovery play,,,,,
AGIX,SingularityNET,Crypto,ai,Crypto,0.081584,+8.31%,+13.33%,+13.14%,-4.86%,-5%,,,,0.83,5710919,5830268,6087958,,,,,8.31,108.31,8.31,1083.1,83.1,10831.0,831.0,13.33,113.33,13.33,1133.3,133.3,11333.0,1333.0,13.14,113.14,13.14,1131.4,131.4,11314.0,1314.0,-4.86,95.14,-4.86,951.4,-48.6,9514.0,-486.0,-5.0,95.0,-5.0,950.0,-50.0,9500.0,-500.0,,,,,,,,,,,,,,,,,,,,,,
NMR,Numeraire,Crypto,ai,Crypto,9.457287,+2.68%,+4.87%,+3.99%,-1.02%,-1%,0.071,,,3.71,2802566,25959050,156324310,,,,,2.68,102.68,2.68,1026.8,26.8,10268.0,268.0,4.87,104.87,4.87,1048.7,48.7,10487.0,487.0,3.99,103.99,3.99,1039.9,39.9,10399.0,399.0,-1.02,98.98,-1.02,989.8,-10.2,9898.0,-102.0,-1.0,99.0,-1.0,990.0,-10.0,9900.0,-100.0,,,,,,,,,,,,,,,,,,,,,,
ALT,AltLayer,Crypto,ai,Crypto,0.007525,+4.87%,+12.13%,+15.57%,-34.28%,-34%,0.054,,,7.76,3983886,54317411,170637407,,,,,4.87,104.87,4.87,1048.7,48.7,10487.0,487.0,12.13,112.13,12.13,1121.3,121.3,11213.0,1213.0,15.57,115.57,15.57,1155.7,155.7,11557.0,1557.0,-34.28,65.72,-34.28,657.2,-342.8,6572.0,-3428.0,-34.0,66.0,-34.0,660.0,-340.0,6600.0,-3400.0,,,,,,,,,,,,,,,,,,,,,,
AIOZ,AIOZ Network,Crypto,ai,Crypto,0.142721,+56.27%,+96.03%,+161.85%,+64.72%,+65%,0.183,,,7.27,8993413,50901439,162131530,,,,,56.27,156.27,56.27,1562.7,562.7,15627.0,5627.0,96.03,196.03,96.03,1960.3,960.3,19603.0,9603.0,161.85,261.85,161.85,2618.5,1618.5,26185.0,16185.0,64.72,164.72,64.72,1647.2,647.2,16472.0,6472.0,65.0,165.0,65.0,1650.0,650.0,16500.0,6500.0,,,,,,,,,,,,,9,buy,0.55,"AIOZ posted +63.6% 1m, +27.5% 1w, +7.5% 1d with a tiny $118M cap, riding AI/DePIN hype and strong short-term momentum.",+63.6% 1m; +27.5% 1w; AI/DePIN narrative; micro-cap momentum,,,,,
ARKM,Arkham,Crypto,ai,Crypto,0.126966,+11.23%,+24.44%,+18.77%,-28.04%,-28%,0.029,,,6.13,7178536,42939200,229760213,,,,,11.23,111.23,11.23,1112.3,112.3,11123.0,1123.0,24.44,124.44,24.44,1244.4,244.4,12444.0,2444.0,18.77,118.77,18.77,1187.7,187.7,11877.0,1877.0,-28.04,71.96,-28.04,719.6,-280.4,7196.0,-2804.0,-28.0,72.0,-28.0,720.0,-280.0,7200.0,-2800.0,,,,,,,,,,,,,,,,,,,,,,
WLD,Worldcoin,Crypto,ai,Crypto,0.458368,+4.93%,+18.35%,+18.41%,-4.71%,-5%,1.671,,,203.11,187242985,1421798060,5749763387,,,,,4.93,104.93,4.93,1049.3,49.3,10493.0,493.0,18.35,118.35,18.35,1183.5,183.5,11835.0,1835.0,18.41,118.41,18.41,1184.1,184.1,11841.0,1841.0,-4.71,95.29,-4.71,952.9,-47.1,9529.0,-471.0,-5.0,95.0,-5.0,950.0,-50.0,9500.0,-500.0,Sam Altman's Worldcoin just launched a global stablecoin app: What to know,Yahoo Finance Video,2026-09-18,0.128,,,,,,,,,,,,,,,,,,
NEAR,NEAR Protocol,Crypto,ai,Crypto,4.258896,+3.32%,+71.58%,+124.79%,+181.60%,+182%,5.566,,,1057.43,1851556542,7401978510,15505168817,,,,,3.32,103.32,3.32,1033.2,33.2,10332.0,332.0,71.58,171.58,71.58,1715.8,715.8,17158.0,7158.0,124.79,224.79,124.79,2247.9,1247.9,22479.0,12479.0,181.6,281.6,181.6,2816.0,1816.0,28160.0,18160.0,182.0,282.0,182.0,2820.0,1820.0,28200.0,18200.0,Why Is Zcash Rallying Today? Privacy Coins Are Up 90% in a Month and Monero Just Added 13%,24/7 Wall St.,2026-09-21,0.0,"Altcoin Rally Explodes: NEAR, ARB, AVAX, INJ, UNI Lead As Kevin O’Leary Says Ethereum May No Longer Rule",Stocktwits,2026-09-20,-0.296,,,,,1,strong_buy,0.85,"NEAR leads with +183% YTD, +121% 1m, +76% 1w, and Intents volume nearing $30B with privacy features and milestone incentives driving fresh capital inflows [cointelegraph.com](https://cointelegraph.com/markets/near-price-surge-intents-zcash-privacy).",+183% YTD; +121% 1m; Intents volume $29.3B; privacy & milestone catalyst,,,,,
ICP,Internet Computer,Crypto,ai,Crypto,3.027788,+4.68%,+10.38%,+28.84%,+6.80%,+7%,1.686,,,49.81,64180038,348671664,1647666575,,,,,4.68,104.68,4.68,1046.8,46.8,10468.0,468.0,10.38,110.38,10.38,1103.8,103.8,11038.0,1038.0,28.84,128.84,28.84,1288.4,288.4,12884.0,2884.0,6.8,106.8,6.8,1068.0,68.0,10680.0,680.0,7.0,107.0,7.0,1070.0,70.0,10700.0,700.0,,,,,,,,,,,,,,,,,,,,,,
KAITO,Kaito,Crypto,ai,Crypto,0.347534,+5.35%,+15.44%,+0.42%,-31.34%,-31%,0.084,,,15.31,16611212,107166216,570111563,,,,,5.35,105.35,5.35,1053.5,53.5,10535.0,535.0,15.44,115.44,15.44,1154.4,154.4,11544.0,1544.0,0.42,100.42,0.42,1004.2,4.2,10042.0,42.0,-31.34,68.66,-31.34,686.6,-313.4,6866.0,-3134.0,-31.0,69.0,-31.0,690.0,-310.0,6900.0,-3100.0,,,,,,,,,,,,,,,,,,,,,,
VIRTUAL,Virtuals Protocol,Crypto,ai,Crypto,0.732486,+8.60%,+18.39%,+6.45%,+13.32%,+13%,0.483,,,51.86,60209527,362995911,1957284186,,,,,8.6,108.6,8.6,1086.0,86.0,10860.0,860.0,18.39,118.39,18.39,1183.9,183.9,11839.0,1839.0,6.45,106.45,6.45,1064.5,64.5,10645.0,645.0,13.32,113.32,13.32,1133.2,133.2,11332.0,1332.0,13.0,113.0,13.0,1130.0,130.0,11300.0,1300.0,,,,,,,,,,,,,,,,,,,,,,
LMT,Lockheed Martin,Defence,us-primes,NYSE,535.4,+0.15%,+1.14%,-4.51%,+9.66%,+11%,123.566,0.104,19.76,1.19,965543,6995743,22935543,259.0,1.39,buy,2.4,0.15,100.15,0.15,1001.5,1.5,10015.0,15.0,1.14,101.14,1.14,1011.4,11.4,10114.0,114.0,-4.51,95.49,-4.51,954.9,-45.1,9549.0,-451.0,9.66,109.66,9.66,1096.6,96.6,10966.0,966.0,11.0,111.0,11.0,1110.0,110.0,11100.0,1100.0,Lockheed wins US Army missile contract worth up to $1.2 billion,Reuters,2026-09-21,0.681,Firefly Aerospace vs. Rocket Lab: Which Space Stock Is a Better Buy in 2026?,Motley Fool,2026-09-21,0.44,General Motors Boosts Defense Prospects With Lockheed Partnership,Zacks,2026-09-21,0.612,4,strong_buy,0.55,"Lockheed Martin was upgraded to Strong-Buy by Wall Street Zen, with an earnings beat of $0.72 EPS and a P/E of 19.7. A potential $24.3B F-35 sale to Saudi Arabia is a live catalyst, though recent -8.91% 1-month slide warrants caution.",strong-buy upgrade; P/E 19.7; $0.72 EPS beat; potential $24.3B F-35 sale,,,,,
RTX,RTX Corporation,Defence,us-primes,NYSE,194.34,+0.33%,-0.51%,-7.11%,+4.91%,+22%,261.923,0.287,34.21,4.61,2887128,24477528,78261728,151.0,0.92,buy,1.87,0.33,100.33,0.33,1003.3,3.3,10033.0,33.0,-0.51,99.49,-0.51,994.9,-5.1,9949.0,-51.0,-7.11,92.89,-7.11,928.9,-71.1,9289.0,-711.0,4.91,104.91,4.91,1049.1,49.1,10491.0,491.0,22.0,122.0,22.0,1220.0,220.0,12200.0,2200.0,EMBJ or RTX: Which Is the Better Value Stock Right Now?,Zacks,2026-09-21,0.649,Can Rising Ballistic Missile Demand Support Lockheed Martin's Growth?,Zacks,2026-09-21,0.586,Brokers Suggest Investing in RTX (RTX): Read This Before Placing a Bet,Zacks,2026-09-21,0.0,,,,,,,,,,
NOC,Northrop Grumman,Defence,us-primes,NYSE,526.66,+0.55%,-0.14%,-3.68%,-8.98%,-8%,74.819,-0.11,16.72,0.86,1077398,4744398,15632398,187.0,1.68,buy,2.0,0.55,100.55,0.55,1005.5,5.5,10055.0,55.0,-0.14,99.86,-0.14,998.6,-1.4,9986.0,-14.0,-3.68,96.32,-3.68,963.2,-36.8,9632.0,-368.0,-8.98,91.02,-8.98,910.2,-89.8,9102.0,-898.0,-8.0,92.0,-8.0,920.0,-80.0,9200.0,-800.0,Firefly Aerospace vs. Rocket Lab: Which Space Stock Is a Better Buy in 2026?,Motley Fool,2026-09-21,0.44,Why You Should Avoid Palantir and Buy These 2 Defense Stocks Instead,Motley Fool,2026-09-20,-0.178,Laser Weapons Are Real Now -- and You Can Invest in Them With AeroVironment Stock,Motley Fool,2026-09-19,-0.44,,,,,,,,,,
GD,General Dynamics,Defence,us-primes,NYSE,353.9,+0.25%,-0.82%,-7.78%,+4.42%,+9%,95.751,0.321,21.55,1.12,922230,7030230,22638230,180.0,1.14,buy,2.08,0.25,100.25,0.25,1002.5,2.5,10025.0,25.0,-0.82,99.18,-0.82,991.8,-8.2,9918.0,-82.0,-7.78,92.22,-7.78,922.2,-77.8,9222.0,-778.0,4.42,104.42,4.42,1044.2,44.2,10442.0,442.0,9.0,109.0,9.0,1090.0,90.0,10900.0,900.0,Can Rising Ballistic Missile Demand Support Lockheed Martin's Growth?,Zacks,2026-09-21,0.586,1 Safe-and-Steady Stock to Target This Week and 2 We Ignore,StockStory,2026-09-21,-0.361,U.S. approves potential $2.7 billion air defense sale to Ukraine,Investing.com,2026-09-19,0.494,,,,,,,,,,
HII,Huntington Ingalls Industries,Defence,us-primes,NYSE,276.1,+0.40%,-1.40%,-5.85%,-20.10%,-1%,10.88,0.225,16.45,0.48,424991,3185091,8675291,202.0,3.31,none,,0.4,100.4,0.4,1004.0,4.0,10040.0,40.0,-1.4,98.6,-1.4,986.0,-14.0,9860.0,-140.0,-5.85,94.15,-5.85,941.5,-58.5,9415.0,-585.0,-20.1,79.9,-20.1,799.0,-201.0,7990.0,-2010.0,-1.0,99.0,-1.0,990.0,-10.0,9900.0,-100.0,Defense Contractors Stocks Q2 Earnings: Huntington Ingalls (NYSE:HII) Best of the Bunch,StockStory,2026-09-18,0.691,Huntington Ingalls Industries (HII) Stock Could Be 44% Undervalued After AI Vessel Expansion,Simply Wall St.,2026-09-18,0.0,"Huntington Ingalls Industries (HII) Expands Unmanned Systems Plant, Is The Stock A Bargain?",Simply Wall St.,2026-09-18,0.296,,,,,,,,,,
LHX,L3Harris Technologies,Defence,us-primes,NYSE,246.93,-0.36%,-0.80%,-5.60%,-17.90%,-13%,45.982,0.506,24.97,1.62,1457936,8937036,33596136,202.0,2.44,buy,1.79,-0.36,99.64,-0.36,996.4,-3.6,9964.0,-36.0,-0.8,99.2,-0.8,992.0,-8.0,9920.0,-80.0,-5.6,94.4,-5.6,944.0,-56.0,9440.0,-560.0,-17.9,82.1,-17.9,821.0,-179.0,8210.0,-1790.0,-13.0,87.0,-13.0,870.0,-130.0,8700.0,-1300.0,Can Rocket Lab's Optical Systems Boost Its Growth Opportunities?,Zacks,2026-09-21,0.784,How to Buy L3Harris: A Cheap Drone Stock With an AI Kicker,Motley Fool,2026-09-19,0.0,Is RKLB Stock Paying You Enough For The Swings?,Trefis,2026-09-18,0.0,,,,,,,,,,
BA,Boeing,Defence,us-primes,NYSE,201.15,+1.28%,-4.34%,-4.42%,-11.69%,-7%,158.982,1.213,72.62,5.72,6212014,44288614,118044914,,0.01,strong_buy,1.5,1.28,101.28,1.28,1012.8,12.8,10128.0,128.0,-4.34,95.66,-4.34,956.6,-43.4,9566.0,-434.0,-4.42,95.58,-4.42,955.8,-44.2,9558.0,-442.0,-11.69,88.31,-11.69,883.1,-116.9,8831.0,-1169.0,-7.0,93.0,-7.0,930.0,-70.0,9300.0,-700.0,BA Receives A Target Cut From Jefferies - Firm Slashes Its Free Cash Flow Estimate,Stocktwits,2026-09-21,0.103,U.S. emissions rollback on Boeing 777 freighter helps air logistics,FreightWaves,2026-09-21,0.382,Boeing CEO warns of 737 Max production delays,TheStreet,2026-09-21,-0.103,,,,,,,,,,
BA.L,BAE Systems,Defence,uk-european,LSE,27.41,+1.23%,+5.67%,-3.57%,+16.89%,+3%,0.802,-0.057,29.29,6.26,3852339,43276483,123663871,187.0,,buy,2.25,1.23,101.23,1.23,1012.3,12.3,10123.0,123.0,5.67,105.67,5.67,1056.7,56.7,10567.0,567.0,-3.57,96.43,-3.57,964.3,-35.7,9643.0,-357.0,16.89,116.89,16.89,1168.9,168.9,11689.0,1689.0,3.0,103.0,3.0,1030.0,30.0,10300.0,300.0,3 Defense Stocks Investors Are Watching As Middle East Risk Puts Aerospace In Focus,Simply Wall St.,2026-09-21,-0.153,Are Aerospace Stocks Lagging  ATI INC (ATI) This Year?,Zacks,2026-09-21,-0.273,"European Indexes Slide as Higher Oil Weighs on Defense Stocks, Banks",The Wall Street Journal,2026-09-09,0.128,,,,,,,,,,
RR.L,Rolls-Royce Holdings,Defence,uk-european,LSE,20.12,+3.78%,+5.69%,+0.17%,+25.72%,+26%,1.657,1.188,41.8,20.81,24158316,122073476,325807394,83.0,,buy,1.6,3.78,103.78,3.78,1037.8,37.8,10378.0,378.0,5.69,105.69,5.69,1056.9,56.9,10569.0,569.0,0.17,100.17,0.17,1001.7,1.7,10017.0,17.0,25.72,125.72,25.72,1257.2,257.2,12572.0,2572.0,26.0,126.0,26.0,1260.0,260.0,12600.0,2600.0,European Indexes Higher as Oil Falls Back,The Wall Street Journal,2026-09-17,0.0,"Britain can’t risk tariffs on Chinese cars, Reynolds says",The Telegraph,2026-09-16,-0.273,Siemens (XTRA:SIE) Stock Could Be 34% Undervalued Following Fresh Industrial AI News,Simply Wall St.,2026-09-15,0.318,3,buy,0.6,"Rolls-Royce shows +26% 1-year return, +21.15% YTD, and a strong analyst score of 1.6, supported by civil aerospace recovery and defence engine demand. The P/E of 40 is elevated but justified by earnings growth.",+21.15% YTD; +26% 1-year; analyst score 1.6; defence engine demand,,,,,
QQ.L,QinetiQ Group,Defence,uk-european,LSE,6.74,+1.25%,+4.56%,-6.67%,+13.44%,-5%,0.035,0.342,25.2,1.93,773955,9743301,31774134,221.0,,buy,1.75,1.25,101.25,1.25,1012.5,12.5,10125.0,125.0,4.56,104.56,4.56,1045.6,45.6,10456.0,456.0,-6.67,93.33,-6.67,933.3,-66.7,9333.0,-667.0,13.44,113.44,13.44,1134.4,134.4,11344.0,1344.0,-5.0,95.0,-5.0,950.0,-50.0,9500.0,-500.0,Gelion battery cells pass independent drone testing at QinetiQ,Proactive,2026-08-26,0.0,3 UK Penny Stocks With Market Caps Over £300M To Consider,Simply Wall St.,2026-06-11,0.0,UK Growth Stocks With Insider Ownership Up To 20%,Simply Wall St.,2026-06-11,0.382,,,,,,,,,,
PLTR,Palantir Technologies,Defence,cyber-intel,NASDAQ,183.09,+3.22%,+5.64%,+4.09%,+9.07%,-1%,439.976,1.621,156.49,39.35,21901618,137128518,557809318,,3.03,buy,1.81,3.22,103.22,3.22,1032.2,32.2,10322.0,322.0,5.64,105.64,5.64,1056.4,56.4,10564.0,564.0,4.09,104.09,4.09,1040.9,40.9,10409.0,409.0,9.07,109.07,9.07,1090.7,90.7,10907.0,907.0,-1.0,99.0,-1.0,990.0,-10.0,9900.0,-100.0,"Palantir's Alex Karp says AI's biggest names may never IPO — the play is telling Washington 'nationalize us, please'",Moneywise,2026-09-21,0.572,Palantir Climbs as CEO Sends Blunt Message to AI Industry,GuruFocus.com,2026-09-21,0.0,Cathie Wood Makes a Big AI Bet and Cuts Bitcoin Exposure,GuruFocus.com,2026-09-21,-0.296,5,buy,0.5,"Palantir's Q2 revenue doubled to $1.94B (+93% YoY), with U.S. commercial revenue up 149%, but the stock is flat Y/Y at $177.64 and trades at 52x guided sales. The P/E of 152 is extreme, but the AI growth narrative and recent alliance push provide upside.",+93% revenue growth; AI alliance push; 52x guided sales; P/E 152,,,,,
LDOS,Leidos Holdings,Defence,cyber-intel,NYSE,128.23,-0.37%,-3.15%,-7.07%,-29.46%,-32%,16.092,0.572,11.97,1.52,1094840,8141640,25257940,135.0,3.31,buy,2.35,-0.37,99.63,-0.37,996.3,-3.7,9963.0,-37.0,-3.15,96.85,-3.15,968.5,-31.5,9685.0,-315.0,-7.07,92.93,-7.07,929.3,-70.7,9293.0,-707.0,-29.46,70.54,-29.46,705.4,-294.6,7054.0,-2946.0,-32.0,68.0,-32.0,680.0,-320.0,6800.0,-3200.0,2 Industrials Stocks to Consider Right Now and 1 That Underwhelm,StockStory,2026-09-21,0.0,Leidos (LDOS) Stock Falls Amid Market Uptick: What Investors Need to Know,Zacks,2026-09-18,0.0,Leidos (LDOS) Rises Higher Than Market: Key Facts,Zacks,2026-09-17,0.0,,,,,,,,,,
CACI,CACI International,Defence,cyber-intel,NYSE,632.87,+0.96%,-0.67%,-0.57%,+17.76%,+25%,13.986,0.571,26.23,0.29,194357,1463757,5451957,,5.44,buy,1.56,0.96,100.96,0.96,1009.6,9.6,10096.0,96.0,-0.67,99.33,-0.67,993.3,-6.7,9933.0,-67.0,-0.57,99.43,-0.57,994.3,-5.7,9943.0,-57.0,17.76,117.76,17.76,1177.6,177.6,11776.0,1776.0,25.0,125.0,25.0,1250.0,250.0,12500.0,2500.0,2 Stocks to Watch From the Challenging Computer-Services Industry,Zacks,2026-09-21,0.153,Will New Apollo Defense Deal and Vantor Space Win Change CACI International's (CACI) Narrative?,Simply Wall St.,2026-09-19,0.649,CACI’s (CACI) New CENTCOM Contract Arrives With Some Fine Print,Insider Monkey,2026-09-18,0.202,2,buy,0.65,"CACI is up +25% over 1 year and +16.64% YTD with a reasonable P/E of 26, a strong analyst score of 1.56, and positive news sentiment of 0.292. Recent contract wins like the Vantor Space award provide a live catalyst.",+16.64% YTD; P/E 26; analyst score 1.56; news sentiment 0.292,,,,,
SAIC,Science Applications International,Defence,cyber-intel,NYSE,133.35,+0.19%,+1.02%,+5.12%,+33.13%,+31%,5.588,0.297,15.54,0.49,278807,2596507,10750907,111.0,6.46,hold,2.82,0.19,100.19,0.19,1001.9,1.9,10019.0,19.0,1.02,101.02,1.02,1010.2,10.2,10102.0,102.0,5.12,105.12,5.12,1051.2,51.2,10512.0,512.0,33.13,133.13,33.13,1331.3,331.3,13313.0,3313.0,31.0,131.0,31.0,1310.0,310.0,13100.0,3100.0,Government & Technical Consulting Stocks Q2 Earnings: SAIC (NASDAQ:SAIC) Best of the Bunch,StockStory,2026-09-09,0.637,"Defense, Solar, and Refining Stocks Split as the Iran Conflict Raises Energy Risk",MarketBeat,2026-09-09,-0.202,"Stocks making big moves this week: SAIC, Reddit, Fortrea, GitLab, and G-III",StockStory,2026-09-04,0.0,1,buy,0.7,"SAIC leads the universe with +32.97% YTD and a trailing P/E of 15.5, and recently beat Q2 EPS estimates by $0.70. Short interest is elevated at 6.46%, but the strong earnings beat and government IT demand support the momentum.",+32.97% YTD; P/E 15.5; EPS beat by $0.70; short interest 6.46%,,,,,
BAH,Booz Allen Hamilton,Defence,cyber-intel,NYSE,77.38,+0.17%,-2.19%,+2.87%,-6.76%,-23%,9.307,0.365,12.15,2.12,1454047,7774247,31706947,306.0,6.99,hold,2.87,0.17,100.17,0.17,1001.7,1.7,10017.0,17.0,-2.19,97.81,-2.19,978.1,-21.9,9781.0,-219.0,2.87,102.87,2.87,1028.7,28.7,10287.0,287.0,-6.76,93.24,-6.76,932.4,-67.6,9324.0,-676.0,-23.0,77.0,-23.0,770.0,-230.0,7700.0,-2300.0,Can Accenture Stock Keep Rising On Growth It Has To Buy?,Trefis,2026-09-21,0.382,Could You Have Seen Accenture Stock's Rebound Coming?,Trefis,2026-09-21,0.0,"Is Accenture Stock Cheap, Or Is Its Operating Margin At A Peak?",Trefis,2026-09-18,0.0,7,buy,0.45,"Booz Allen Hamilton trades at a low P/E of 12.1 and offers a 3.06% dividend yield, with a 1-week gain of +1.54%. Negative news sentiment of -0.136 and a hold analyst consensus (score 2.87) are tempered by cheap valuation and government cyber demand.",P/E 12.1; dividend yield 3.06%; low valuation; government cyber demand,,,,,
AVAV,AeroVironment,Defence,drones,NASDAQ,160.9,+0.52%,+4.89%,+8.57%,-37.20%,-44%,8.178,1.406,,1.97,1040326,9269726,46026826,,11.21,buy,1.6,0.52,100.52,0.52,1005.2,5.2,10052.0,52.0,4.89,104.89,4.89,1048.9,48.9,10489.0,489.0,8.57,108.57,8.57,1085.7,85.7,10857.0,857.0,-37.2,62.8,-37.2,628.0,-372.0,6280.0,-3720.0,-44.0,56.0,-44.0,560.0,-440.0,5600.0,-4400.0,3 Defense Stocks Investors Are Watching As Middle East Risk Puts Aerospace In Focus,Simply Wall St.,2026-09-21,-0.153,"Drones Stock AeroVironment Is Now a Space Stock, Too",Motley Fool,2026-09-20,0.0,Laser Weapons Are Real Now -- and You Can Invest in Them With AeroVironment Stock,Motley Fool,2026-09-19,-0.44,6,buy,0.5,"AeroVironment has rebounded +9.02% in the past week despite a -37.57% YTD decline. The P/E is undefined due to recent losses, but the stock benefits from drone/space dual narrative and a high short interest of 11.21% could fuel a squeeze.",+9.02% 1-week; short interest 11.21%; drone/space crossover; analyst buy consensus,,,,,
KTOS,Kratos Defense,Defence,drones,NASDAQ,48.59,+2.19%,+2.12%,-8.44%,-38.72%,-41%,9.122,1.113,285.82,4.29,3469066,21036966,67536266,,5.95,strong_buy,1.38,2.19,102.19,2.19,1021.9,21.9,10219.0,219.0,2.12,102.12,2.12,1021.2,21.2,10212.0,212.0,-8.44,91.56,-8.44,915.6,-84.4,9156.0,-844.0,-38.72,61.28,-38.72,612.8,-387.2,6128.0,-3872.0,-41.0,59.0,-41.0,590.0,-410.0,5900.0,-4100.0,2 Profitable Stocks on Our Buy List and 1 We Avoid,StockStory,2026-09-18,0.178,Can Kratos' Manufacturing Expansion Support Affordable Defense Growth?,Zacks,2026-09-17,0.7,Is AeroVironment Becoming a Broader Defense Technology Platform?,Zacks,2026-09-17,0.128,,,,,,,,,,
RCAT,Red Cat Holdings,Defence,drones,NASDAQ,6.95,+1.79%,-10.90%,-22.17%,-24.13%,-40%,1.062,1.355,,8.98,11341477,74175477,159262677,,23.07,strong_buy,1.38,1.79,101.79,1.79,1017.9,17.9,10179.0,179.0,-10.9,89.1,-10.9,891.0,-109.0,8910.0,-1090.0,-22.17,77.83,-22.17,778.3,-221.7,7783.0,-2217.0,-24.13,75.87,-24.13,758.7,-241.3,7587.0,-2413.0,-40.0,60.0,-40.0,600.0,-400.0,6000.0,-4000.0,Red Cat CEO Just Sold $1.6 Million of Stock. Wall Street Sees 144% Rally Ahead.,Barchart,2026-09-21,0.0,"Red Cat Touts Ukraine-Tested Drones, Expands Into Autonomous Boats",MarketBeat,2026-09-21,0.077,Red Cat and Unusual Machines Fall 3% as Drone Selloff Extends; Ondas Slips,24/7 Wall St.,2026-09-18,0.128,,,,,,,,,,
TXT,Textron,Defence,drones,NYSE,79.41,-0.35%,-1.45%,-3.29%,-8.71%,-5%,13.657,0.898,14.95,1.69,1345993,9813093,35924893,10.0,5.1,buy,2.19,-0.35,99.65,-0.35,996.5,-3.5,9965.0,-35.0,-1.45,98.55,-1.45,985.5,-14.5,9855.0,-145.0,-3.29,96.71,-3.29,967.1,-32.9,9671.0,-329.0,-8.71,91.29,-8.71,912.9,-87.1,9129.0,-871.0,-5.0,95.0,-5.0,950.0,-50.0,9500.0,-500.0,Textron (TXT) Unveils a Cargo Plane Concept That Needs No Pilot,Insider Monkey,2026-09-21,-0.296,Joby Is Still Early. That’s Exactly Why the Stock Is So Interesting,24/7 Wall St.,2026-09-18,0.541,Can GE Aerospace Continue Its Strong Capital Returns to Shareholders?,Zacks,2026-09-16,0.511,8,buy,0.45,"Textron has a low P/E of 15.0 and positive news sentiment of 0.224, with a 5.1% short interest. The unveiling of a pilotless cargo plane concept provides a fresh catalyst, offsetting a -8.39% YTD decline.",P/E 15.0; pilotless cargo concept; news sentiment 0.224; short interest 5.1%,,,,,
SPCX,SpaceX,Defence,space,NASDAQ,151.85,-0.52%,+2.50%,+12.48%,-5.65%,-5%,2001.654,,,96.85,81390650,682283650,1776787850,,2.76,buy,1.67,-0.52,99.48,-0.52,994.8,-5.2,9948.0,-52.0,2.5,102.5,2.5,1025.0,25.0,10250.0,250.0,12.48,112.48,12.48,1124.8,124.8,11248.0,1248.0,-5.65,94.35,-5.65,943.5,-56.5,9435.0,-565.0,-5.0,95.0,-5.0,950.0,-50.0,9500.0,-500.0,Maye Musk: Elon really wants to live on Mars in the coming decades,Yahoo Finance,2026-09-21,0.0,Maye Musk on SpaceX and the grit behind Elon Musk's evolution,Yahoo Finance Video,2026-09-21,0.0,Maye Musk talks bankrolling Elon's first tech startup,Yahoo Finance Video,2026-09-21,0.0,10,buy,0.35,"SPCX posted a strong +9.35% 1-month gain despite a -5.12% YTD decline, with a buy analyst consensus (score 1.67). The ETF provides diversified space exposure, though its lack of P/E and beta data adds uncertainty.",+9.35% 1-month; buy analyst consensus; space sector diversification; low short interest 2.76%,,,,,
RKLB,Rocket Lab USA,Defence,space,NASDAQ,69.89,+8.44%,+11.73%,+2.36%,-8.03%,+30%,44.688,2.612,,20.13,25434680,117751280,368382980,,7.63,buy,1.6,8.44,108.44,8.44,1084.4,84.4,10844.0,844.0,11.73,111.73,11.73,1117.3,117.3,11173.0,1173.0,2.36,102.36,2.36,1023.6,23.6,10236.0,236.0,-8.03,91.97,-8.03,919.7,-80.3,9197.0,-803.0,30.0,130.0,30.0,1300.0,300.0,13000.0,3000.0,Rocket Lab Looks More and More Like a SpaceX Competitor. The Stock Is Up.,Barrons.com,2026-09-21,0.469,Archer Aviation vs. Rocket Lab: Which Aerospace Stock Is a Better Buy in 2026?,Motley Fool,2026-09-21,0.44,"Rocket Lab Poised to Become “Only Viable Alternative” to SpaceX, Says Cantor Fitzgerald",24/7 Wall St.,2026-09-21,0.25,,,,,,,,,,
PL,Planet Labs,Defence,space,NYSE,17.07,+3.71%,+5.37%,-20.86%,-16.36%,+48%,6.211,2.108,,9.56,8782084,47371484,227727984,,9.67,buy,1.82,3.71,103.71,3.71,1037.1,37.1,10371.0,371.0,5.37,105.37,5.37,1053.7,53.7,10537.0,537.0,-20.86,79.14,-20.86,791.4,-208.6,7914.0,-2086.0,-16.36,83.64,-16.36,836.4,-163.6,8364.0,-1636.0,48.0,148.0,48.0,1480.0,480.0,14800.0,4800.0,Rocket Lab Looks More and More Like a SpaceX Competitor. The Stock Is Up.,Barrons.com,2026-09-21,0.469,MarketBeat Week in Review – 09/14 - 09/18,MarketBeat,2026-09-19,0.0,Planet Labs Stock Is Down 67% From Its High. Time To Buy?,Motley Fool,2026-09-19,0.0,,,,,,,,,,
ASTS,AST SpaceMobile,Defence,space,NASDAQ,61.89,+5.34%,+3.15%,-0.74%,-25.85%,+20%,24.086,2.726,,13.82,10497408,53860108,195522908,,21.46,hold,2.57,5.34,105.34,5.34,1053.4,53.4,10534.0,534.0,3.15,103.15,3.15,1031.5,31.5,10315.0,315.0,-0.74,99.26,-0.74,992.6,-7.4,9926.0,-74.0,-25.85,74.15,-25.85,741.5,-258.5,7415.0,-2585.0,20.0,120.0,20.0,1200.0,200.0,12000.0,2000.0,Rocket Lab Looks More and More Like a SpaceX Competitor. The Stock Is Up.,Barrons.com,2026-09-21,0.469,AST SpaceMobile Is Building Something the World Has Never Had. Here’s My Price Prediction,24/7 Wall St.,2026-09-21,0.0,Should You Bet on IDCC After Dividend Hike Amid Macro Uncertainty?,Zacks,2026-09-21,-0.34,,,,,,,,,,
TDG,TransDigm Group,Defence,weapons,NYSE,1109.65,+2.79%,-0.14%,-7.46%,-18.32%,-16%,61.337,0.893,33.61,0.4,460704,2765904,7902804,,2.17,buy,2.09,2.79,102.79,2.79,1027.9,27.9,10279.0,279.0,-0.14,99.86,-0.14,998.6,-1.4,9986.0,-14.0,-7.46,92.54,-7.46,925.4,-74.6,9254.0,-746.0,-18.32,81.68,-18.32,816.8,-183.2,8168.0,-1832.0,-16.0,84.0,-16.0,840.0,-160.0,8400.0,-1600.0,Can Astronics Turn Strong Aerospace Demand Into Higher Profitability?,Zacks,2026-09-21,0.599,Can Rising Defense Demand Strengthen TransDigm's Growth Outlook?,Zacks,2026-09-18,0.599,Is Astronics Building a Broader Aerospace Growth Platform?,Zacks,2026-09-17,0.382,,,,,,,,,,
HEI,HEICO Corporation,Defence,weapons,NYSE,303.03,+1.61%,-0.24%,-14.08%,-7.91%,-7%,42.351,1.038,50.59,0.47,403294,2365094,10803494,8.0,1.39,buy,1.96,1.61,101.61,1.61,1016.1,16.1,10161.0,161.0,-0.24,99.76,-0.24,997.6,-2.4,9976.0,-24.0,-14.08,85.92,-14.08,859.2,-140.8,8592.0,-1408.0,-7.91,92.09,-7.91,920.9,-79.1,9209.0,-791.0,-7.0,93.0,-7.0,930.0,-70.0,9300.0,-700.0,"Top Stock Reports for Procter & Gamble, Sandisk & Analog Devices",Zacks,2026-09-21,0.202,Can Astronics Turn Strong Aerospace Demand Into Higher Profitability?,Zacks,2026-09-21,0.599,2 Growth Stocks with All-Star Potential and 1 We Avoid,StockStory,2026-09-21,0.103,,,,,,,,,,
AXON,Axon Enterprise,Defence,weapons,NASDAQ,452.06,+0.82%,-7.78%,-24.35%,-19.77%,-42%,36.724,1.399,186.8,1.0,988100,8547500,19938200,,5.28,buy,1.67,0.82,100.82,0.82,1008.2,8.2,10082.0,82.0,-7.78,92.22,-7.78,922.2,-77.8,9222.0,-778.0,-24.35,75.65,-24.35,756.5,-243.5,7565.0,-2435.0,-19.77,80.23,-19.77,802.3,-197.7,8023.0,-1977.0,-42.0,58.0,-42.0,580.0,-420.0,5800.0,-4200.0,Axon Enterprise (AXON) Prices $1B of Zero-Coupon Notes. What is the Real Cost?,Insider Monkey,2026-09-20,0.0,Axon (AXON) Stock Looks Fairly Valued As 149% Run Meets Funding Test,Simply Wall St.,2026-09-19,0.44,"Stocks making big moves this week: Sabre, DocuSign, Dave & Buster's, RUM Group, and Axon",StockStory,2026-09-18,0.0,,,,,,,,,,
OLN,Olin Corporation,Defence,weapons,NYSE,16.54,-2.07%,-2.01%,-4.78%,-21.19%,-27%,1.885,1.193,,3.15,2640995,15243495,56422495,475.0,11.76,hold,2.87,-2.07,97.93,-2.07,979.3,-20.7,9793.0,-207.0,-2.01,97.99,-2.01,979.9,-20.1,9799.0,-201.0,-4.78,95.22,-4.78,952.2,-47.8,9522.0,-478.0,-21.19,78.81,-21.19,788.1,-211.9,7881.0,-2119.0,-27.0,73.0,-27.0,730.0,-270.0,7300.0,-2700.0,"Olin (OLN) Faces A Tougher Run, Is The 24% Undervaluation Case Convincing?",Simply Wall St.,2026-09-18,0.527,Here's Why You Should Hold HUN Stock in Your Portfolio Now,Zacks,2026-09-17,0.0,"Olin, Huntsman Merger of Equals Clears U.S. Antitrust Hurdle",Zacks,2026-09-14,0.077,9,buy,0.4,"Olin is down -19.76% YTD but trades at a compelling 4.75% dividend yield and positive news sentiment of 0.263. The P/E is undefined due to earnings weakness, but a potential undervaluation case (24%) could attract value investors.",dividend yield 4.75%; 24% undervaluation case; news sentiment 0.263; defence chemicals exposure,,,,,
MRCY,Mercury Systems,Defence,weapons,NASDAQ,85.65,+0.41%,+5.70%,-4.40%,+12.65%,+11%,5.213,0.98,,0.75,400246,4451046,15151246,,10.09,buy,1.91,0.41,100.41,0.41,1004.1,4.1,10041.0,41.0,5.7,105.7,5.7,1057.0,57.0,10570.0,570.0,-4.4,95.6,-4.4,956.0,-44.0,9560.0,-440.0,12.65,112.65,12.65,1126.5,126.5,11265.0,1265.0,11.0,111.0,11.0,1110.0,110.0,11100.0,1100.0,Unpacking Q2 Earnings: Mercury Systems (NASDAQ:MRCY) In The Context Of Other Defense Contractors Stocks,StockStory,2026-09-18,0.128,Mercury Systems (MRCY) Down 13.8% Since Last Earnings Report: Can It Rebound?,Zacks,2026-09-17,0.0,1 Cash-Producing Stock for Long-Term Investors and 2 We Question,StockStory,2026-09-11,0.0,,,,,,,,,,
DRS,Leonardo DRS,Defence,weapons,NYSE,37.95,+2.01%,+5.68%,-2.72%,+9.77%,-13%,10.128,0.138,31.89,1.0,951662,7382262,20097162,97.0,1.17,strong_buy,1.45,2.01,102.01,2.01,1020.1,20.1,10201.0,201.0,5.68,105.68,5.68,1056.8,56.8,10568.0,568.0,-2.72,97.28,-2.72,972.8,-27.2,9728.0,-272.0,9.77,109.77,9.77,1097.7,97.7,10977.0,977.0,-13.0,87.0,-13.0,870.0,-130.0,8700.0,-1300.0,3 Small-Cap Stocks We Think Twice About,StockStory,2026-09-18,0.0,1 Profitable Stock to Own for Decades and 2 We Brush Off,StockStory,2026-09-17,0.44,Q2 Earnings Highs And Lows: Leonardo DRS (NASDAQ:DRS) Vs The Rest Of The Defense Contractors Stocks,StockStory,2026-09-03,-0.077,,,,,,,,,,
XOM,ExxonMobil,Energy,oil-majors,NYSE,158.3,-3.04%,-4.11%,-3.51%,+31.66%,+46%,650.915,0.175,20.37,14.83,15225043,89573643,297066143,252.0,1.08,buy,2.32,-3.04,96.96,-3.04,969.6,-30.4,9696.0,-304.0,-4.11,95.89,-4.11,958.9,-41.1,9589.0,-411.0,-3.51,96.49,-3.51,964.9,-35.1,9649.0,-351.0,31.66,131.66,31.66,1316.6,316.6,13166.0,3166.0,46.0,146.0,46.0,1460.0,460.0,14600.0,4600.0,Exxon Mobil Holdings (XOM) Stock Drops Despite Market Gains: Important Facts to Note,Zacks,2026-09-21,-0.388,Exxon Could Return to the Venezuelan Field It Was Forced Out of in 2007. Here's What Changed.,Motley Fool,2026-09-21,-0.459,Sector Update: Energy Stocks Fall Late Afternoon,MT Newswires,2026-09-21,0.273,6,buy,0.75,"YTD +36.01%, P/E 21.05, web search suggests 4% undervalued with strong production growth [simplywall.st](https://simplywall.st/stocks/us/energy/nyse-xom/exxonmobil-holdings/news/exxonmobil-holdings-xom-valuation-in-focus-after-morgan-stan)",YTD +36.01%; undervalued 4%; production growth; analyst buy,,,,,
CVX,Chevron,Energy,oil-majors,NYSE,203.67,-2.75%,-4.01%,+0.29%,+34.29%,+34%,399.52,0.491,19.6,8.88,8455904,80725304,197023304,340.0,1.05,buy,1.72,-2.75,97.25,-2.75,972.5,-27.5,9725.0,-275.0,-4.01,95.99,-4.01,959.9,-40.1,9599.0,-401.0,0.29,100.29,0.29,1002.9,2.9,10029.0,29.0,34.29,134.29,34.29,1342.9,342.9,13429.0,3429.0,34.0,134.0,34.0,1340.0,340.0,13400.0,3400.0,Chevron (CVX) Stock Drops Despite Market Gains: Important Facts to Note,Zacks,2026-09-21,-0.388,"Stock Market Today: Dow Up, Nasdaq Roars To Record As Micron Does This; AMD Hits New High",Investor's Business Daily,2026-09-21,0.0,XLE Is 91% Oil and Gas. Investors Buying “Energy” May Own Less Than They Think,24/7 Wall St.,2026-09-21,0.0,3,strong_buy,0.85,"YTD +38.14%, P/E 20.16, dividend yield 3.4%, analyst score 1.72, bullish trade idea with $27B FCF [tradevae.com](https://www.tradevae.com/news/trade-ideas/Chevron-Trade-Idea-Buy-the-Integrated-Franchise-Bull-Case-Goes-Beyond-100-Oil/)",YTD +38.14%; dividend yield 3.4%; analyst score 1.72; strong FCF generation,,,,,
SHEL,Shell,Energy,oil-majors,NYSE,93.27,-1.07%,-3.30%,+0.29%,+27.02%,+33%,266.359,-0.22,10.32,6.32,4974541,24072818,129819420,331.0,1.54,buy,2.19,-1.07,98.93,-1.07,989.3,-10.7,9893.0,-107.0,-3.3,96.7,-3.3,967.0,-33.0,9670.0,-330.0,0.29,100.29,0.29,1002.9,2.9,10029.0,29.0,27.02,127.02,27.02,1270.2,270.2,12702.0,2702.0,33.0,133.0,33.0,1330.0,330.0,13300.0,3300.0,Shell (SHEL) Stock Dips While Market Gains: Key Facts,Zacks,2026-09-21,0.34,Energy & Utilities Roundup: Market Talk,The Wall Street Journal,2026-09-21,0.273,XLE Is 91% Oil and Gas. Investors Buying “Energy” May Own Less Than They Think,24/7 Wall St.,2026-09-21,0.0,9,buy,0.6,"YTD +28.75%, P/E 10.46, dividend yield 3.31%, cheap valuation despite negative news sentiment -0.451",P/E 10.46; dividend yield 3.31%; YTD +28.75%; negative sentiment discount,,,,,
BP,BP p.l.c.,Energy,oil-majors,NYSE,43.16,-3.55%,-6.03%,-1.33%,+24.93%,+30%,111.154,-0.22,20.55,9.25,16538114,57141614,201043214,452.0,0.29,buy,2.37,-3.55,96.45,-3.55,964.5,-35.5,9645.0,-355.0,-6.03,93.97,-6.03,939.7,-60.3,9397.0,-603.0,-1.33,98.67,-1.33,986.7,-13.3,9867.0,-133.0,24.93,124.93,24.93,1249.3,249.3,12493.0,2493.0,30.0,130.0,30.0,1300.0,300.0,13000.0,3000.0,BP (BP) Stock Slides as Market Rises: Facts to Know Before You Trade,Zacks,2026-09-21,0.0,Energy & Utilities Roundup: Market Talk,The Wall Street Journal,2026-09-21,0.273,XLE Is 91% Oil and Gas. Investors Buying “Energy” May Own Less Than They Think,24/7 Wall St.,2026-09-21,0.0,8,buy,0.65,"YTD +29.04%, dividend yield 4.52%, low short interest 0.29%, but oil slide weighs [proactiveinvestors.com](https://www.proactiveinvestors.com/companies/news/1098806/bp-and-shell-fall-as-oil-slides-on-saudi-supply-recovery-and-iran-talks-1098806.html)",dividend yield 4.52%; low short interest; YTD +29.04%; oil price headwind,,,,,
TTE,TotalEnergies,Energy,oil-majors,NYSE,90.06,-0.84%,-1.18%,+0.79%,+36.86%,+49%,198.945,0.06,11.27,1.6,1585528,6083628,31483028,467.0,0.22,buy,1.8,-0.84,99.16,-0.84,991.6,-8.4,9916.0,-84.0,-1.18,98.82,-1.18,988.2,-11.8,9882.0,-118.0,0.79,100.79,0.79,1007.9,7.9,10079.0,79.0,36.86,136.86,36.86,1368.6,368.6,13686.0,3686.0,49.0,149.0,49.0,1490.0,490.0,14900.0,4900.0,Energy & Utilities Roundup: Market Talk,The Wall Street Journal,2026-09-21,0.273,Sector Update: Energy Stocks Fall Late Afternoon,MT Newswires,2026-09-21,0.273,XLE Is 91% Oil and Gas. Investors Buying “Energy” May Own Less Than They Think,24/7 Wall St.,2026-09-21,0.0,4,buy,0.8,"YTD +38.02%, P/E 11.37, dividend yield 4.67%, low short interest 0.22%, attractive value among majors",P/E 11.37; dividend yield 4.67%; low short interest; YTD +38.02%,,,,,
EQNR,Equinor,Energy,oil-majors,NYSE,42.49,-4.28%,-4.60%,+0.28%,+78.90%,+80%,100.742,-0.727,11.51,3.33,3148063,16680563,61932663,354.0,2.48,hold,3.0,-4.28,95.72,-4.28,957.2,-42.8,9572.0,-428.0,-4.6,95.4,-4.6,954.0,-46.0,9540.0,-460.0,0.28,100.28,0.28,1002.8,2.8,10028.0,28.0,78.9,178.9,78.9,1789.0,789.0,17890.0,7890.0,80.0,180.0,80.0,1800.0,800.0,18000.0,8000.0,Equinor Expands LNG Reach in Asia With PTT Trading Supply Agreement,Zacks,2026-09-21,0.572,European Equities Traded in the US as American depositary Receipts Rise in Monday Trading,MT Newswires,2026-09-21,0.0,Equinor (OB:EQNR) Posted A Positive PEA For Its Texas Lithium Project,Simply Wall St.,2026-09-20,0.557,7,buy,0.7,"YTD +85.64%, P/E 11.95, dividend yield 3.54%, strong YTD performance despite hold rating",YTD +85.64%; P/E 11.95; dividend yield 3.54%; lithium project catalyst,,,,,
COP,ConocoPhillips,Energy,ep-refining,NYSE,127.53,-3.26%,-6.69%,-4.36%,+34.79%,+43%,153.207,0.134,16.89,6.89,5873073,47319273,136836873,255.0,1.4,buy,1.74,-3.26,96.74,-3.26,967.4,-32.6,9674.0,-326.0,-6.69,93.31,-6.69,933.1,-66.9,9331.0,-669.0,-4.36,95.64,-4.36,956.4,-43.6,9564.0,-436.0,34.79,134.79,34.79,1347.9,347.9,13479.0,3479.0,43.0,143.0,43.0,1430.0,430.0,14300.0,4300.0,XLE Is 91% Oil and Gas. Investors Buying “Energy” May Own Less Than They Think,24/7 Wall St.,2026-09-21,0.0,Like ‘a rabbi buying a church’: Delta once bought an entire oil refinery because it got tired of guessing at fuel prices,Moneywise,2026-09-20,-0.103,ExxonMobil's Advantaged Assets and Refining Strength Drive Outlook,Zacks,2026-09-18,0.743,5,buy,0.78,"YTD +39.33%, P/E 17.46, analyst buy, positive news sentiment 0.218, solid E&P exposure",YTD +39.33%; P/E 17.46; analyst buy; news sentiment 0.218,,,,,
OXY,Occidental Petroleum,Energy,ep-refining,NYSE,57.25,-2.64%,-7.33%,-4.32%,+36.98%,+29%,57.229,0.164,16.89,8.63,8445617,53364317,159398617,190.0,0.01,buy,2.31,-2.64,97.36,-2.64,973.6,-26.4,9736.0,-264.0,-7.33,92.67,-7.33,926.7,-73.3,9267.0,-733.0,-4.32,95.68,-4.32,956.8,-43.2,9568.0,-432.0,36.98,136.98,36.98,1369.8,369.8,13698.0,3698.0,29.0,129.0,29.0,1290.0,290.0,12900.0,2900.0,Occidental Now Trades Below Wall Street’s Raised Targets. Here’s Where the Stock Could Go,TIKR,2026-09-21,0.0,Occidental Petroleum (OXY) Stock Declines While Market Improves: Some Information for Investors,Zacks,2026-09-21,0.421,Can ExxonMobil Turn Carbon Capture Into a Major Growth Market?,Zacks,2026-09-21,0.439,,,,,,,,,,
EOG,EOG Resources,Energy,ep-refining,NYSE,141.38,-0.72%,-4.82%,-5.88%,+35.08%,+25%,74.157,0.272,11.0,3.24,2645726,21832126,66812426,283.0,3.15,buy,2.34,-0.72,99.28,-0.72,992.8,-7.2,9928.0,-72.0,-4.82,95.18,-4.82,951.8,-48.2,9518.0,-482.0,-5.88,94.12,-5.88,941.2,-58.8,9412.0,-588.0,35.08,135.08,35.08,1350.8,350.8,13508.0,3508.0,25.0,125.0,25.0,1250.0,250.0,12500.0,2500.0,EOG Resources (EOG) Stock May Be Undervalued On Earnings Power,Simply Wall St.,2026-09-20,0.0,EOG Resources (EOG) Pullback Puts Encino Growth Story And Valuation Back In Focus,Simply Wall St.,2026-09-20,0.382,Inside U.S. oil’s return to global wildcatting: ‘It’s like geo-porn’,Fortune,2026-09-19,0.361,,,,,,,,,,
MPC,Marathon Petroleum,Energy,ep-refining,NYSE,402.38,-5.39%,+1.50%,+11.00%,+146.49%,+127%,112.999,0.527,13.95,2.47,4415532,22709732,58837732,94.0,3.14,buy,2.21,-5.39,94.61,-5.39,946.1,-53.9,9461.0,-539.0,1.5,101.5,1.5,1015.0,15.0,10150.0,150.0,11.0,111.0,11.0,1110.0,110.0,11100.0,1100.0,146.49,246.49,146.49,2464.9,1464.9,24649.0,14649.0,127.0,227.0,127.0,2270.0,1270.0,22700.0,12700.0,Will UK interest rates fall in 2026?,Moneyweek,2026-09-21,0.459,Phillips 66 Is Minting Money on $102 Diesel Margins. How Long Can It Last?,24/7 Wall St.,2026-09-21,0.0,MPC vs. PSX: A Closer Look at Two Strong Refining Powerhouses,Zacks,2026-09-21,0.511,2,strong_buy,0.956,"YTD +160.28%, 1M +17.78%, P/E 14.73, strong refining momentum with diesel and jet fuel upside",YTD +160.28%; 1M +17.78%; P/E 14.73; refining margin catalyst,,,,,
VLO,Valero Energy,Energy,ep-refining,NYSE,393.27,-5.06%,+2.69%,+13.66%,+141.42%,+148%,113.233,0.568,16.41,2.95,3855072,23544472,64756872,116.0,3.99,buy,2.3,-5.06,94.94,-5.06,949.4,-50.6,9494.0,-506.0,2.69,102.69,2.69,1026.9,26.9,10269.0,269.0,13.66,113.66,13.66,1136.6,136.6,11366.0,1366.0,141.42,241.42,141.42,2414.2,1414.2,24142.0,14142.0,148.0,248.0,148.0,2480.0,1480.0,24800.0,14800.0,XLE Is 91% Oil and Gas. Investors Buying “Energy” May Own Less Than They Think,24/7 Wall St.,2026-09-21,0.0,Equinor Expands LNG Reach in Asia With PTT Trading Supply Agreement,Zacks,2026-09-21,0.572,This Energy Stock Could Give ExxonMobil a Run: Should You Buy?,Zacks,2026-09-21,0.273,1,strong_buy,0.917,"YTD +153.7%, 1M +19.36%, P/E 17.24, diesel tightness supports refining margins [wsj.com](https://www.wsj.com/finance/commodities-futures/oil-declines-as-concerns-over-extended-supply-disruptions-ease-f7ff8ec9)",YTD +153.7%; 1M +19.36%; diesel margin tailwind; analyst buy,,,,,
SLB,SLB (Schlumberger),Energy,oilfield-services,NYSE,51.76,+2.05%,-2.93%,-3.65%,+30.87%,+51%,76.819,0.774,25.25,13.45,10074589,81756589,297812289,231.0,4.25,buy,1.6,2.05,102.05,2.05,1020.5,20.5,10205.0,205.0,-2.93,97.07,-2.93,970.7,-29.3,9707.0,-293.0,-3.65,96.35,-3.65,963.5,-36.5,9635.0,-365.0,30.87,130.87,30.87,1308.7,308.7,13087.0,3087.0,51.0,151.0,51.0,1510.0,510.0,15100.0,5100.0,XLE Is 91% Oil and Gas. Investors Buying “Energy” May Own Less Than They Think,24/7 Wall St.,2026-09-21,0.0,SLB (SLB) Stock Dips While Market Gains: Key Facts,Zacks,2026-09-18,0.34,NESR Targets Bigger Middle East Contracts: Will They Accelerate 3B3?,Zacks,2026-09-17,0.0,,,,,,,,,,
HAL,Halliburton,Energy,oilfield-services,NYSE,33.39,-0.74%,-4.63%,-3.13%,+14.36%,+49%,27.819,0.769,17.48,11.58,8866023,64230123,233895223,202.0,5.57,buy,1.75,-0.74,99.26,-0.74,992.6,-7.4,9926.0,-74.0,-4.63,95.37,-4.63,953.7,-46.3,9537.0,-463.0,-3.13,96.87,-3.13,968.7,-31.3,9687.0,-313.0,14.36,114.36,14.36,1143.6,143.6,11436.0,1436.0,49.0,149.0,49.0,1490.0,490.0,14900.0,4900.0,"Top Stock Reports for Procter & Gamble, Sandisk & Analog Devices",Zacks,2026-09-21,0.202,Sector Update: Energy Stocks Fall Late Afternoon,MT Newswires,2026-09-21,0.273,XLE Is 91% Oil and Gas. Investors Buying “Energy” May Own Less Than They Think,24/7 Wall St.,2026-09-21,0.0,,,,,,,,,,
BKR,Baker Hughes,Energy,oilfield-services,NASDAQ,57.83,+0.89%,+1.85%,-6.71%,+24.01%,+20%,57.406,0.961,18.59,8.59,7720772,56269472,162447572,161.0,3.08,buy,1.71,0.89,100.89,0.89,1008.9,8.9,10089.0,89.0,1.85,101.85,1.85,1018.5,18.5,10185.0,185.0,-6.71,93.29,-6.71,932.9,-67.1,9329.0,-671.0,24.01,124.01,24.01,1240.1,240.1,12401.0,2401.0,20.0,120.0,20.0,1200.0,200.0,12000.0,2000.0,Baker Hughes (BKR) Raises 2026 Guidance. But Investors Aren’t Impressed,Insider Monkey,2026-09-20,0.631,US rig count up four as prices tick up,"Odessa American, Texas",2026-09-19,-0.128,"U.S. Oil, Gas Rig Count Creeps Up With Strong Prices",Oilprice.com,2026-09-18,0.421,,,,,,,,,,
NEE,NextEra Energy,Energy,utilities,NYSE,79.63,-1.69%,-2.45%,-4.60%,+0.54%,+11%,166.106,0.644,17.89,11.09,9255897,61101797,216162997,310.0,,buy,2.0,-1.69,98.31,-1.69,983.1,-16.9,9831.0,-169.0,-2.45,97.55,-2.45,975.5,-24.5,9755.0,-245.0,-4.6,95.4,-4.6,954.0,-46.0,9540.0,-460.0,0.54,100.54,0.54,1005.4,5.4,10054.0,54.0,11.0,111.0,11.0,1110.0,110.0,11100.0,1100.0,2 Big Trump Breakthroughs Can Power Stock Markets Higher,Barrons.com,2026-09-21,0.0,NextEra (NEE) and Dominion (D) Unveil a Bigger Pitch for Virginia,Insider Monkey,2026-09-20,0.0,NextEra’s Nuclear Bet Just Got a $1.9 Billion Boost,Insider Monkey,2026-09-20,0.402,,,,,,,,,,
SSE.L,SSE plc,Energy,utilities,LSE,33.1,+1.81%,+7.09%,+3.77%,+11.00%,+43%,0.4,0.579,23.58,2.89,1539489,13998936,47683967,282.0,,buy,1.94,1.81,101.81,1.81,1018.1,18.1,10181.0,181.0,7.09,107.09,7.09,1070.9,70.9,10709.0,709.0,3.77,103.77,3.77,1037.7,37.7,10377.0,377.0,11.0,111.0,11.0,1110.0,110.0,11100.0,1100.0,43.0,143.0,43.0,1430.0,430.0,14300.0,4300.0,UK PM Burnham uses policy blitz to buy time for tougher decisions,Investing.com,2026-08-01,0.178,SSE (LSE:SSE) Stock Fair Value Edges Lower After Mixed Analyst Target Changes,Simply Wall St.,2026-06-24,0.361,"UK, Japan to deepen ties with £18 billion investment agreement",Investing.com,2026-06-14,0.494,10,buy,0.55,"YTD +9.03%, 1W +2.96%, analyst buy, utility with positive short-term momentum and stable income",1W +2.96%; analyst buy; utility stability; YTD +9.03%,,,,,
ENPH,Enphase Energy,Energy,clean-energy,NASDAQ,34.76,+0.35%,-5.18%,-6.51%,+2.99%,-14%,4.594,1.643,34.42,4.81,5301813,23359313,87510713,,21.29,none,,0.35,100.35,0.35,1003.5,3.5,10035.0,35.0,-5.18,94.82,-5.18,948.2,-51.8,9482.0,-518.0,-6.51,93.49,-6.51,934.9,-65.1,9349.0,-651.0,2.99,102.99,2.99,1029.9,29.9,10299.0,299.0,-14.0,86.0,-14.0,860.0,-140.0,8600.0,-1400.0,"Enphase Energy, Inc. (ENPH) is Attracting Investor Attention: Here is What You Should Know",Zacks,2026-09-21,0.637,Bloom Energy’s “Time-to-Power” Moat,Motley Fool,2026-09-20,0.0,Enphase Energy Drops 5% as Solar Selling Resumes; First Solar and Sunrun Fall 4%,24/7 Wall St.,2026-09-18,0.273,,,,,,,,,,
FSLR,First Solar,Energy,clean-energy,NASDAQ,199.84,+1.87%,-3.48%,-4.07%,-27.16%,-11%,21.476,1.733,12.31,2.14,1777539,11734739,40812839,,11.47,buy,1.92,1.87,101.87,1.87,1018.7,18.7,10187.0,187.0,-3.48,96.52,-3.48,965.2,-34.8,9652.0,-348.0,-4.07,95.93,-4.07,959.3,-40.7,9593.0,-407.0,-27.16,72.84,-27.16,728.4,-271.6,7284.0,-2716.0,-11.0,89.0,-11.0,890.0,-110.0,8900.0,-1100.0,First Solar (FSLR) Stock Still Looks Below Fair Value Following Its 115% Run,Simply Wall St.,2026-09-19,0.572,Is First Solar Stock Underperforming the Nasdaq?,Barchart,2026-09-18,0.0,Enphase Energy Drops 5% as Solar Selling Resumes; First Solar and Sunrun Fall 4%,24/7 Wall St.,2026-09-18,0.273,,,,,,,,,,
BEPC,Brookfield Renewable Corp,Energy,clean-energy,NYSE,29.95,-0.13%,+0.81%,-7.79%,-22.55%,-12%,5.56,1.158,,1.72,1638327,8794727,33678227,524.0,,none,,-0.13,99.87,-0.13,998.7,-1.3,9987.0,-13.0,0.81,100.81,0.81,1008.1,8.1,10081.0,81.0,-7.79,92.21,-7.79,922.1,-77.9,9221.0,-779.0,-22.55,77.45,-22.55,774.5,-225.5,7745.0,-2255.0,-12.0,88.0,-12.0,880.0,-120.0,8800.0,-1200.0,Westinghouse Could IPO at a $50 Billion Valuation. Cameco's Stake Alone Would Be Worth $24.5 Billion.,Motley Fool,2026-09-21,-0.026,Ranking the Safest Dividend Stocks in the Energy Sector Right Now,Motley Fool,2026-09-18,0.586,Prediction: Cameco's Westinghouse Stake Becomes the Real Growth Story by 2028,Motley Fool,2026-09-18,0.382,,,,,,,,,,
DNNGY,Ørsted,Energy,clean-energy,NASDAQ,7.02,+1.01%,+4.93%,+0.14%,+5.33%,-40%,27.821,0.624,,0.11,2160,732260,2521960,,,none,,1.01,101.01,1.01,1010.1,10.1,10101.0,101.0,4.93,104.93,4.93,1049.3,49.3,10493.0,493.0,0.14,100.14,0.14,1001.4,1.4,10014.0,14.0,5.33,105.33,5.33,1053.3,53.3,10533.0,533.0,-40.0,60.0,-40.0,600.0,-400.0,6000.0,-4000.0,Ørsted receives final opinion regarding taxation of UK offshore wind farms,Energy Global,2026-09-11,0.0,Orsted Gets Commission Backing in U.K. Tax Case,The Wall Street Journal,2026-09-11,0.026,Ørsted Gets Favorable Tax Opinion on Two UK Offshore Wind Farms,Oilprice.com,2026-09-11,0.477,,,,,,,,,,
AAPL,Apple,MegaCap,big-tech,NASDAQ,339,+1.25%,+1.77%,+9.23%,+25.42%,+31%,4947.135,1.085,38.92,53.45,34913171,225775671,857546371,32.0,0.96,buy,2.2,1.25,101.25,1.25,1012.5,12.5,10125.0,125.0,1.77,101.77,1.77,1017.7,17.7,10177.0,177.0,9.23,109.23,9.23,1092.3,92.3,10923.0,923.0,25.42,125.42,25.42,1254.2,254.2,12542.0,2542.0,31.0,131.0,31.0,1310.0,310.0,13100.0,3100.0,Meta stock jumps as Wells Fargo raises price target,Yahoo Finance Video,2026-09-21,0.25,Apple’s new iPhone Duo: Will consumers bite?,Yahoo Finance Video,2026-09-21,0.0,Here Are Morgan Stanley's New Top Stock Picks For The Next 12-Months,Stocktwits,2026-09-21,0.202,,,,,,,,,,
MSFT,Microsoft,MegaCap,big-tech,NASDAQ,502,+1.54%,-0.75%,+2.93%,+6.73%,-4%,3724.728,1.108,27.91,34.08,26347908,118198508,424836008,79.0,1.0,strong_buy,1.36,1.54,101.54,1.54,1015.4,15.4,10154.0,154.0,-0.75,99.25,-0.75,992.5,-7.5,9925.0,-75.0,2.93,102.93,2.93,1029.3,29.3,10293.0,293.0,6.73,106.73,6.73,1067.3,67.3,10673.0,673.0,-4.0,96.0,-4.0,960.0,-40.0,9600.0,-400.0,Meta stock jumps as Wells Fargo raises price target,Yahoo Finance Video,2026-09-21,0.25,"SCHD’s 0.06% Fee Hides $413,350 in Decade-Long Underperformance on a $500,000 Position",24/7 Wall St.,2026-09-21,-0.178,3 U.S. Growth Stocks Facing The Biggest AI Spending Test Right Now,Simply Wall St.,2026-09-21,0.382,,,,,,,,,,
NVDA,NVIDIA,MegaCap,big-tech,NASDAQ,227,+2.18%,+7.78%,+9.19%,+20.68%,+21%,5490.545,2.217,28.75,129.29,109274173,577772273,2703808773,45.0,1.29,strong_buy,1.31,2.18,102.18,2.18,1021.8,21.8,10218.0,218.0,7.78,107.78,7.78,1077.8,77.8,10778.0,778.0,9.19,109.19,9.19,1091.9,91.9,10919.0,919.0,20.68,120.68,20.68,1206.8,206.8,12068.0,2068.0,21.0,121.0,21.0,1210.0,210.0,12100.0,2100.0,Could Nvidia's prospects in China shift following the Trump and Xi's meeting?,Yahoo Finance Video,2026-09-21,0.296,"Bitcoin prices, Logan & Jake Paul, Jensen Huang talks human survival: 3 crazy market movers",Yahoo Finance Video,2026-09-21,-0.34,Why Strategy Stock Surged Today,Motley Fool,2026-09-21,0.0,5,strong_buy,0.8,"YTD +17.97%, P/E 28.1, strong_buy consensus, Jensen Huang calls AI profit expansion durable; strong data centre demand.",P/E 28.1; strong_buy consensus; AI profit expansion narrative; data centre demand,,,,,
GOOGL,Alphabet,MegaCap,big-tech,NASDAQ,355,+1.18%,+1.60%,+2.05%,+12.85%,+38%,4341.26,1.225,17.82,29.73,28211544,135833544,515553844,25.0,1.32,strong_buy,1.38,1.18,101.18,1.18,1011.8,11.8,10118.0,118.0,1.6,101.6,1.6,1016.0,16.0,10160.0,160.0,2.05,102.05,2.05,1020.5,20.5,10205.0,205.0,12.85,112.85,12.85,1128.5,128.5,11285.0,1285.0,38.0,138.0,38.0,1380.0,380.0,13800.0,3800.0,Warren Buffett will go down as the 'greatest investor of all time',Yahoo Finance Video,2026-09-21,0.637,Meta stock jumps as Wells Fargo raises price target,Yahoo Finance Video,2026-09-21,0.25,Here Are Morgan Stanley's New Top Stock Picks For The Next 12-Months,Stocktwits,2026-09-21,0.202,,,,,,,,,,
META,Meta Platforms,MegaCap,big-tech,NASDAQ,741,+10.87%,+11.36%,+32.60%,+14.17%,-13%,1888.326,1.243,27.91,18.31,48450536,128647136,408123236,32.0,1.31,strong_buy,1.34,10.87,110.87,10.87,1108.7,108.7,11087.0,1087.0,11.36,111.36,11.36,1113.6,113.6,11136.0,1136.0,32.6,132.6,32.6,1326.0,326.0,13260.0,3260.0,14.17,114.17,14.17,1141.7,141.7,11417.0,1417.0,-13.0,87.0,-13.0,870.0,-130.0,8700.0,-1300.0,"Stock market today: Nasdaq surges 2% to record high, Dow and S&P 500 gain as chip stocks rally, oil  falls",Yahoo Finance,2026-09-21,0.527,Trump and Xi dine with AI titans and Meta takes the stage: What to watch this week,Yahoo Finance,2026-09-21,0.0,Decibel hits $7 billion in total trading volume on Aptos,TheStreet,2026-09-21,0.0,3,strong_buy,0.9,"1m +21.93%, P/E 25, strong_buy with 57/64 buy ratings, Wells Fargo PT $796 on Muse AI momentum ahead of Connect 2026.",1m +21.93%; P/E 25; Muse AI traction; Wells Fargo PT $796,,,,,
AMZN,Amazon,MegaCap,big-tech,NASDAQ,258,+1.69%,+1.94%,-1.38%,+14.11%,+11%,2787.723,1.443,20.79,46.15,40769944,193121544,662205244,,0.94,strong_buy,1.32,1.69,101.69,1.69,1016.9,16.9,10169.0,169.0,1.94,101.94,1.94,1019.4,19.4,10194.0,194.0,-1.38,98.62,-1.38,986.2,-13.8,9862.0,-138.0,14.11,114.11,14.11,1141.1,141.1,11411.0,1411.0,11.0,111.0,11.0,1110.0,110.0,11100.0,1100.0,Meta stock jumps as Wells Fargo raises price target,Yahoo Finance Video,2026-09-21,0.25,"Nasdaq Ends Nearly 3% Higher As AI Stocks Pop, AMD Enters $1 Trillion Club —  AMD, ARM, META, AMZN, PSKY In Focus",Stocktwits,2026-09-21,0.0,Amazon (AMZN) Laps the Stock Market: Here's Why,Zacks,2026-09-21,0.178,,,,,,,,,,
TSLA,Tesla,MegaCap,big-tech,NASDAQ,375,+3.05%,+4.55%,+7.55%,-14.33%,-16%,1482.265,1.845,344.31,39.81,36296184,189534584,786660984,,2.1,buy,2.35,3.05,103.05,3.05,1030.5,30.5,10305.0,305.0,4.55,104.55,4.55,1045.5,45.5,10455.0,455.0,7.55,107.55,7.55,1075.5,75.5,10755.0,755.0,-14.33,85.67,-14.33,856.7,-143.3,8567.0,-1433.0,-16.0,84.0,-16.0,840.0,-160.0,8400.0,-1600.0,Maye Musk: Elon really wants to live on Mars in the coming decades,Yahoo Finance,2026-09-21,0.0,Elon Musk wants to live on Mars: Maye Musk on her son's ambitions,Yahoo Finance Video,2026-09-21,0.0,Robotaxis crash less. So why isn't your insurance cheaper?,TheStreet,2026-09-21,-0.402,,,,,,,,,,
NFLX,Netflix,MegaCap,big-tech,NASDAQ,73,+1.97%,-8.67%,-8.31%,-19.38%,-42%,305.467,1.526,23.07,39.98,36838439,232683539,630429739,,2.21,buy,1.8,1.97,101.97,1.97,1019.7,19.7,10197.0,197.0,-8.67,91.33,-8.67,913.3,-86.7,9133.0,-867.0,-8.31,91.69,-8.31,916.9,-83.1,9169.0,-831.0,-19.38,80.62,-19.38,806.2,-193.8,8062.0,-1938.0,-42.0,58.0,-42.0,580.0,-420.0,5800.0,-4200.0,Netflix (NFLX) Laps the Stock Market: Here's Why,Zacks,2026-09-21,0.0,Wells Fargo Cuts Netflix (NFLX) to Underweight as its 2026 Slide Deepens,Insider Monkey,2026-09-21,-0.052,Has The Price For Amazon Stock Already Peaked?,Trefis,2026-09-21,0.178,,,,,,,,,,
JPM,JPMorgan Chase,MegaCap,financials,NYSE,352,+0.76%,+0.55%,-1.22%,+9.70%,+12%,935.788,0.975,15.1,7.91,6359708,53460108,136842708,189.0,1.0,buy,2.12,0.76,100.76,0.76,1007.6,7.6,10076.0,76.0,0.55,100.55,0.55,1005.5,5.5,10055.0,55.0,-1.22,98.78,-1.22,987.8,-12.2,9878.0,-122.0,9.7,109.7,9.7,1097.0,97.0,10970.0,970.0,12.0,112.0,12.0,1120.0,120.0,11200.0,1200.0,Sector Update: Financial Stocks Rise Late Afternoon,MT Newswires,2026-09-21,0.0,Sector Update: Financial Stocks Advance Monday Afternoon,MT Newswires,2026-09-21,0.0,T-Mobile Stock Slips To More Than Two-Year Low — JPMorgan Cuts Target Ahead Of Q3 Citing Softer Service Revenue Outlook,Stocktwits,2026-09-21,-0.552,,,,,,,,,,
BAC,Bank of America,MegaCap,financials,NYSE,58,+0.36%,-2.54%,-6.54%,+5.25%,+11%,405.3,1.164,13.39,33.02,32099655,222262655,719325155,222.0,,buy,1.54,0.36,100.36,0.36,1003.6,3.6,10036.0,36.0,-2.54,97.46,-2.54,974.6,-25.4,9746.0,-254.0,-6.54,93.46,-6.54,934.6,-65.4,9346.0,-654.0,5.25,105.25,5.25,1052.5,52.5,10525.0,525.0,11.0,111.0,11.0,1110.0,110.0,11100.0,1100.0,BofA sends strong verdict on grocer making healthy food affordable,TheStreet,2026-09-21,0.765,Is Bank of America (BAC) A Bargain As New Debt Deals Test Its Valuation?,Simply Wall St.,2026-09-21,-0.178,Uber faces growing AV competition but BofA sees limited market share erosion,Proactive,2026-09-21,0.236,,,,,,,,,,
BRK-B,Berkshire Hathaway B,MegaCap,financials,NYSE,502,-1.76%,-2.51%,-0.46%,+1.04%,+3%,1074.658,0.603,12.63,4.48,4776841,32267241,92154841,,0.96,buy,2.0,-1.76,98.24,-1.76,982.4,-17.6,9824.0,-176.0,-2.51,97.49,-2.51,974.9,-25.1,9749.0,-251.0,-0.46,99.54,-0.46,995.4,-4.6,9954.0,-46.0,1.04,101.04,1.04,1010.4,10.4,10104.0,104.0,3.0,103.0,3.0,1030.0,30.0,10300.0,300.0,Warren Buffett will go down as the 'greatest investor of all time',Yahoo Finance Video,2026-09-21,0.637,Prediction: This Is What Will Happen With Berkshire Hathaway Stock in the Next 12 Months,Motley Fool,2026-09-21,0.0,Warren Buffett's $35 Billion Bet on Tim Cook's Apple Grew to $185 Billion Pretax. Here's What That Stake Says About Long-Term Investing.,Motley Fool,2026-09-21,0.0,,,,,,,,,,
V,Visa,MegaCap,financials,NYSE,370,+0.34%,-1.42%,-3.26%,+7.42%,+7%,694.528,0.761,31.49,7.56,6786921,43282921,125514221,73.0,1.19,strong_buy,1.45,0.34,100.34,0.34,1003.4,3.4,10034.0,34.0,-1.42,98.58,-1.42,985.8,-14.2,9858.0,-142.0,-3.26,96.74,-3.26,967.4,-32.6,9674.0,-326.0,7.42,107.42,7.42,1074.2,74.2,10742.0,742.0,7.0,107.0,7.0,1070.0,70.0,10700.0,700.0,Circle Just Launched Arc With BlackRock and Visa. Here’s What It Means for the Stock in 2026,TIKR,2026-09-21,0.128,"2 Wide-Moat Stocks Trading Less Than 10% Below Their 52-Week Highs: Can They Double a $10,000 Investment in 5 Years?",Motley Fool,2026-09-21,0.0,Mastercard Slips as AI Agents Seek Shared Credentials,GuruFocus.com,2026-09-21,0.34,,,,,,,,,,
MA,Mastercard,MegaCap,financials,NYSE,568,+0.24%,-1.18%,-5.37%,+1.30%,-3%,497.267,0.735,31.19,3.12,2480545,14504045,52918345,62.0,0.87,strong_buy,1.43,0.24,100.24,0.24,1002.4,2.4,10024.0,24.0,-1.18,98.82,-1.18,988.2,-11.8,9882.0,-118.0,-5.37,94.63,-5.37,946.3,-53.7,9463.0,-537.0,1.3,101.3,1.3,1013.0,13.0,10130.0,130.0,-3.0,97.0,-3.0,970.0,-30.0,9700.0,-300.0,Circle Just Launched Arc With BlackRock and Visa. Here’s What It Means for the Stock in 2026,TIKR,2026-09-21,0.128,"2 Wide-Moat Stocks Trading Less Than 10% Below Their 52-Week Highs: Can They Double a $10,000 Investment in 5 Years?",Motley Fool,2026-09-21,0.0,Mastercard Slips as AI Agents Seek Shared Credentials,GuruFocus.com,2026-09-21,0.34,,,,,,,,,,
GS,Goldman Sachs,MegaCap,financials,NYSE,959,+1.63%,-2.94%,-6.97%,+6.46%,+17%,279.347,1.283,14.82,2.02,1805518,14973818,40406518,212.0,2.41,hold,2.6,1.63,101.63,1.63,1016.3,16.3,10163.0,163.0,-2.94,97.06,-2.94,970.6,-29.4,9706.0,-294.0,-6.97,93.03,-6.97,930.3,-69.7,9303.0,-697.0,6.46,106.46,6.46,1064.6,64.6,10646.0,646.0,17.0,117.0,17.0,1170.0,170.0,11700.0,1700.0,Goldman Sachs (GS) Rises Higher Than Market: Key Facts,Zacks,2026-09-21,0.0,Top Midday Stories: Paramount Skydance Settles With US States to Pave Way for Warner Bros. Deal; Anthropic Now Eyeing November IPO,MT Newswires,2026-09-21,0.202,"Exchange-Traded Funds Rise, Equity Futures up Pre-Bell Monday as Oil Prices Decline",MT Newswires,2026-09-21,0.0,,,,,,,,,,
BLK,BlackRock,MegaCap,financials,NYSE,1090,+1.66%,+2.32%,-6.54%,+2.13%,-6%,177.143,1.429,26.13,0.72,504131,3255431,11860331,214.0,1.26,strong_buy,1.47,1.66,101.66,1.66,1016.6,16.6,10166.0,166.0,2.32,102.32,2.32,1023.2,23.2,10232.0,232.0,-6.54,93.46,-6.54,934.6,-65.4,9346.0,-654.0,2.13,102.13,2.13,1021.3,21.3,10213.0,213.0,-6.0,94.0,-6.0,940.0,-60.0,9400.0,-600.0,Circle Just Launched Arc With BlackRock and Visa. Here’s What It Means for the Stock in 2026,TIKR,2026-09-21,0.128,BlackRock (BLK) Outpaces Stock Market Gains: What You Should Know,Zacks,2026-09-21,0.34,'Years of Growth Left': Grimba,Bloomberg,2026-09-21,0.382,,,,,,,,,,
LLY,Eli Lilly,MegaCap,healthcare,NYSE,1165,+0.98%,+2.34%,-6.58%,+8.35%,+53%,1038.781,0.502,39.16,2.7,2228492,12028092,47213992,60.0,0.89,buy,1.63,0.98,100.98,0.98,1009.8,9.8,10098.0,98.0,2.34,102.34,2.34,1023.4,23.4,10234.0,234.0,-6.58,93.42,-6.58,934.2,-65.8,9342.0,-658.0,8.35,108.35,8.35,1083.5,83.5,10835.0,835.0,53.0,153.0,53.0,1530.0,530.0,15300.0,5300.0,Why Novo Nordisk investors feel disappointed today,Yahoo Finance Video,2026-09-21,-0.477,Novo Nordisk slides following investor day update,Yahoo Finance Video,2026-09-21,0.0,Eli Lilly (LLY) Increases Yet Falls Behind Market: What Investors Need to Know,Zacks,2026-09-21,0.0,,,,,,,,,,
UNH,UnitedHealth Group,MegaCap,healthcare,NYSE,378,+0.07%,-1.56%,-4.73%,+14.45%,+10%,338.896,0.622,24.25,5.19,4971452,27217752,99098052,246.0,1.9,buy,1.58,0.07,100.07,0.07,1000.7,0.7,10007.0,7.0,-1.56,98.44,-1.56,984.4,-15.6,9844.0,-156.0,-4.73,95.27,-4.73,952.7,-47.3,9527.0,-473.0,14.45,114.45,14.45,1144.5,144.5,11445.0,1445.0,10.0,110.0,10.0,1100.0,100.0,11000.0,1000.0,Should You Buy UnitedHealth Group Stock Before Oct. 13?,Motley Fool,2026-09-21,0.0,Can Cigna's AI Push Help Rein In Rising Healthcare Costs?,Zacks,2026-09-18,0.402,"Employer Health Costs Surge: What it Means for EHTH, CNC & UNH",Zacks,2026-09-18,0.0,,,,,,,,,,
JNJ,Johnson & Johnson,MegaCap,healthcare,NYSE,269,-0.27%,+1.18%,-0.82%,+32.05%,+55%,649.395,0.235,31.3,7.48,4220862,37369762,128464262,199.0,1.0,buy,1.91,-0.27,99.73,-0.27,997.3,-2.7,9973.0,-27.0,1.18,101.18,1.18,1011.8,11.8,10118.0,118.0,-0.82,99.18,-0.82,991.8,-8.2,9918.0,-82.0,32.05,132.05,32.05,1320.5,320.5,13205.0,3205.0,55.0,155.0,55.0,1550.0,550.0,15500.0,5500.0,J&J Gains as Caplyta Opens a Mania Expansion Path,GuruFocus.com,2026-09-21,0.34,Novo Sets Long-Term Targets Ahead of Semaglutide Patent Expirations,MT Newswires,2026-09-21,0.0,How Far Could ISRG Stock Bounce From Here?,Trefis,2026-09-21,0.0,10,buy,0.7,"YTD +32.30%, P/E 31.36, dividend yield 1.99%, buy-rated, defensive healthcare with drug pipeline and medical device growth.",YTD +32.30%; P/E 31.36; dividend yield 1.99%; defensive healthcare exposure,,,,,
ABBV,AbbVie,MegaCap,healthcare,NYSE,264,+0.11%,+1.04%,-0.02%,+18.06%,+19%,467.367,0.281,74.71,6.29,3262497,23169797,84682997,262.0,1.23,buy,1.7,0.11,100.11,0.11,1001.1,1.1,10011.0,11.0,1.04,101.04,1.04,1010.4,10.4,10104.0,104.0,-0.02,99.98,-0.02,999.8,-0.2,9998.0,-2.0,18.06,118.06,18.06,1180.6,180.6,11806.0,1806.0,19.0,119.0,19.0,1190.0,190.0,11900.0,1900.0,"How Much Do You Really Need Invested to Replace a $200,000 Salary With Dividends?",24/7 Wall St.,2026-09-21,0.0,Novo Nordisk shares plunge over 7% as new targets fail to reassure investors,Proactive,2026-09-21,0.026,Novo Sets Long-Term Targets Ahead of Semaglutide Patent Expirations,MT Newswires,2026-09-21,0.0,,,,,,,,,,
MRK,Merck,MegaCap,healthcare,NYSE,150,+2.12%,+3.82%,-0.18%,+43.34%,+83%,368.842,0.226,119.6,10.19,7661468,65379668,203852868,231.0,1.23,buy,1.75,2.12,102.12,2.12,1021.2,21.2,10212.0,212.0,3.82,103.82,3.82,1038.2,38.2,10382.0,382.0,-0.18,99.82,-0.18,998.2,-1.8,9982.0,-18.0,43.34,143.34,43.34,1433.4,433.4,14334.0,4334.0,83.0,183.0,83.0,1830.0,830.0,18300.0,8300.0,Moderna (MRNA) Soars to Fresh High Ahead of Pipeline Updates This Week,Insider Monkey,2026-09-21,0.318,Moderna Stock Jumps. Its mRNA Cancer Vaccine Is Getting Ready for Its Next Big Test.,Barrons.com,2026-09-21,-0.44,Moderna To Present Additional Data From Key Melanoma Trial At ESMO Congress – Retail Says ‘Breakout Is Getting Hard To Ignore’,Stocktwits,2026-09-21,-0.103,,,,,,,,,,
TMO,Thermo Fisher Scientific,MegaCap,healthcare,NYSE,659,+1.04%,+7.44%,+4.85%,+11.49%,+37%,243.575,0.854,35.47,2.09,1922969,16604569,40919969,29.0,1.54,buy,1.52,1.04,101.04,1.04,1010.4,10.4,10104.0,104.0,7.44,107.44,7.44,1074.4,74.4,10744.0,744.0,4.85,104.85,4.85,1048.5,48.5,10485.0,485.0,11.49,111.49,11.49,1114.9,114.9,11149.0,1149.0,37.0,137.0,37.0,1370.0,370.0,13700.0,3700.0,3 Reasons to Sell TMO and 1 Stock to Buy Instead,StockStory,2026-09-21,0.0,"Beat the Market Like Zacks: PBF, Palantir, Adobe in Focus",Zacks,2026-09-21,0.361,"Mayo Clinic, Thermo Fisher partner to create Precure",MedTech Dive,2026-09-21,0.273,8,buy,0.7,"1m +6.26%, 1w +6.91%, P/E 35, buy-rated, life sciences tools exposed to pharma R&D and GLP-1 supply chain.",1w +6.91%; 1m +6.26%; P/E 35; life sciences tools demand,,,,,
ABT,Abbott Laboratories,MegaCap,healthcare,NYSE,103,-0.19%,-0.11%,-11.73%,-15.54%,-25%,178.195,0.586,33.33,10.33,4928012,53061012,169942612,246.0,1.43,buy,1.52,-0.19,99.81,-0.19,998.1,-1.9,9981.0,-19.0,-0.11,99.89,-0.11,998.9,-1.1,9989.0,-11.0,-11.73,88.27,-11.73,882.7,-117.3,8827.0,-1173.0,-15.54,84.46,-15.54,844.6,-155.4,8446.0,-1554.0,-25.0,75.0,-25.0,750.0,-250.0,7500.0,-2500.0,Abbott Laboratories vs. Intuitive Surgical: Recent Quarterly Revenue Trends Reveal a Classic Investing Truth,Motley Fool,2026-09-21,0.318,3 Defensive Dividend Stocks For Steady Income as Fed Pressure Builds,Simply Wall St.,2026-09-21,-0.273,Will Boston Scientific's Upcoming Launches Fuel the Next Growth Phase?,Zacks,2026-09-21,0.382,,,,,,,,,,
PG,Procter & Gamble,MegaCap,consumer,NYSE,146,-0.12%,-0.03%,-0.35%,+5.32%,-4%,339.296,0.377,22.07,9.04,5703641,41120141,167720841,297.0,1.21,buy,2.2,-0.12,99.88,-0.12,998.8,-1.2,9988.0,-12.0,-0.03,99.97,-0.03,999.7,-0.3,9997.0,-3.0,-0.35,99.65,-0.35,996.5,-3.5,9965.0,-35.0,5.32,105.32,5.32,1053.2,53.2,10532.0,532.0,-4.0,96.0,-4.0,960.0,-40.0,9600.0,-400.0,"Top Stock Reports for Procter & Gamble, Sandisk & Analog Devices",Zacks,2026-09-21,0.202,Will Pricing Sustain Procter & Gamble as Volume Growth Stays Elusive?,Zacks,2026-09-21,0.382,"Does Long-Term Dividend Investing Really Work? This Study Says ""Definitely.""",Motley Fool,2026-09-21,0.402,,,,,,,,,,
KO,Coca-Cola,MegaCap,consumer,NYSE,87,-1.24%,-1.91%,-4.73%,+28.49%,+33%,374.838,0.342,26.16,16.8,17645282,92448982,315624982,240.0,0.92,buy,1.75,-1.24,98.76,-1.24,987.6,-12.4,9876.0,-124.0,-1.91,98.09,-1.91,980.9,-19.1,9809.0,-191.0,-4.73,95.27,-4.73,952.7,-47.3,9527.0,-473.0,28.49,128.49,28.49,1284.9,284.9,12849.0,2849.0,33.0,133.0,33.0,1330.0,330.0,13300.0,3300.0,Here Are Morgan Stanley's New Top Stock Picks For The Next 12-Months,Stocktwits,2026-09-21,0.202,Coca-Cola (KO) Stock Falls Amid Market Uptick: What Investors Need to Know,Zacks,2026-09-21,0.0,Is General Mills Positioned for a Beat in Q1 Earnings Release?,Zacks,2026-09-21,0.0,,,,,,,,,,
PEP,PepsiCo,MegaCap,consumer,NASDAQ,130,-0.23%,-4.95%,-9.47%,-6.11%,-8%,177.02,0.361,16.98,8.37,11602676,60726276,177234776,456.0,1.74,hold,2.67,-0.23,99.77,-0.23,997.7,-2.3,9977.0,-23.0,-4.95,95.05,-4.95,950.5,-49.5,9505.0,-495.0,-9.47,90.53,-9.47,905.3,-94.7,9053.0,-947.0,-6.11,93.89,-6.11,938.9,-61.1,9389.0,-611.0,-8.0,92.0,-8.0,920.0,-80.0,9200.0,-800.0,Pepsi’s Fall Continues: One Prominent Firm’s Resolute Target Implies 41% Gains Moving Forward,24/7 Wall St.,2026-09-21,0.7,Should You Buy PepsiCo Stock Because Its International Business Keeps Accelerating?,Trefis,2026-09-21,0.0,Accenture Song signals US media ambitions with exec appointment,Marketing Dive,2026-09-21,0.0,,,,,,,,,,
MCD,McDonald's,MegaCap,consumer,NYSE,248,-0.44%,-3.73%,-8.40%,-16.66%,-18%,175.41,0.414,20.14,4.68,5981174,32406274,97857074,311.0,1.94,buy,2.09,-0.44,99.56,-0.44,995.6,-4.4,9956.0,-44.0,-3.73,96.27,-3.73,962.7,-37.3,9627.0,-373.0,-8.4,91.6,-8.4,916.0,-84.0,9160.0,-840.0,-16.66,83.34,-16.66,833.4,-166.6,8334.0,-1666.0,-18.0,82.0,-18.0,820.0,-180.0,8200.0,-1800.0,"Bitcoin prices, Logan & Jake Paul, Jensen Huang talks human survival: 3 crazy market movers",Yahoo Finance Video,2026-09-21,-0.34,"Restaurant Investors Cautious on Headwinds Despite 'Solid' Demand Trends, Outlook, UBS Says",MT Newswires,2026-09-21,-0.121,McDonald's Resets Strategy as Sales Slow,GuruFocus.com,2026-09-21,0.0,,,,,,,,,,
NKE,Nike,MegaCap,consumer,NYSE,36,+1.55%,-2.56%,-10.47%,-41.44%,-50%,53.554,1.11,17.19,27.11,41484306,199168706,633461506,462.0,7.92,hold,2.73,1.55,101.55,1.55,1015.5,15.5,10155.0,155.0,-2.56,97.44,-2.56,974.4,-25.6,9744.0,-256.0,-10.47,89.53,-10.47,895.3,-104.7,8953.0,-1047.0,-41.44,58.56,-41.44,585.6,-414.4,5856.0,-4144.0,-50.0,50.0,-50.0,500.0,-500.0,5000.0,-5000.0,Nike earnings expectations get brutally cut down by Stifel analysts,Yahoo Finance Video,2026-09-21,-0.727,Nike gets hit with yet another bearish Wall Street hot take,Yahoo Finance,2026-09-21,0.0,What Happens to Nike Stock's Yield if the Stock Doubles?,Motley Fool,2026-09-21,0.0,,,,,,,,,,
WMT,Walmart,MegaCap,consumer,NYSE,107,+0.58%,-1.50%,+0.00%,-4.11%,+4%,855.016,0.595,38.93,24.2,22725687,121701987,485770887,93.0,1.93,buy,1.53,0.58,100.58,0.58,1005.8,5.8,10058.0,58.0,-1.5,98.5,-1.5,985.0,-15.0,9850.0,-150.0,0.0,100.0,0.0,1000.0,0.0,10000.0,0.0,-4.11,95.89,-4.11,958.9,-41.1,9589.0,-411.0,4.0,104.0,4.0,1040.0,40.0,10400.0,400.0,"Target, Dollar General illustrate the split forming between US consumers",Yahoo Finance Video,2026-09-21,0.0,Has The Price For Amazon Stock Already Peaked?,Trefis,2026-09-21,0.178,Walmart Gains as Sparky Draws an FTC Probe Request,GuruFocus.com,2026-09-21,0.34,,,,,,,,,,
COST,Costco,MegaCap,consumer,NASDAQ,898,+0.21%,-2.22%,-7.51%,+5.61%,-5%,398.457,0.855,45.2,2.2,2102916,12893516,41644316,66.0,1.71,buy,1.95,0.21,100.21,0.21,1002.1,2.1,10021.0,21.0,-2.22,97.78,-2.22,977.8,-22.2,9778.0,-222.0,-7.51,92.49,-7.51,924.9,-75.1,9249.0,-751.0,5.61,105.61,5.61,1056.1,56.1,10561.0,561.0,-5.0,95.0,-5.0,950.0,-50.0,9500.0,-500.0,August housing data & Costco earnings: What to watch this week,Yahoo Finance Video,2026-09-21,0.0,Should You Buy Costco Stock Before Sept. 24? History Has a Clear Answer.,Motley Fool,2026-09-21,0.382,Costco Is Now on DoorDash Nationwide,Benzinga,2026-09-21,0.0,,,,,,,,,,
XOM,ExxonMobil,MegaCap,energy-industrial,NYSE,158,-3.04%,-4.11%,-3.51%,+31.66%,+46%,650.916,0.175,20.37,14.83,15225043,89573643,297066143,252.0,1.08,buy,2.32,-3.04,96.96,-3.04,969.6,-30.4,9696.0,-304.0,-4.11,95.89,-4.11,958.9,-41.1,9589.0,-411.0,-3.51,96.49,-3.51,964.9,-35.1,9649.0,-351.0,31.66,131.66,31.66,1316.6,316.6,13166.0,3166.0,46.0,146.0,46.0,1460.0,460.0,14600.0,4600.0,Exxon Mobil Holdings (XOM) Stock Drops Despite Market Gains: Important Facts to Note,Zacks,2026-09-21,-0.388,Exxon Could Return to the Venezuelan Field It Was Forced Out of in 2007. Here's What Changed.,Motley Fool,2026-09-21,-0.459,Sector Update: Energy Stocks Fall Late Afternoon,MT Newswires,2026-09-21,0.273,,,,,,,,,,
CVX,Chevron,MegaCap,energy-industrial,NYSE,204,-2.75%,-4.01%,+0.29%,+34.29%,+34%,399.52,0.491,19.6,8.88,8455904,80725304,197023304,340.0,1.05,buy,1.72,-2.75,97.25,-2.75,972.5,-27.5,9725.0,-275.0,-4.01,95.99,-4.01,959.9,-40.1,9599.0,-401.0,0.29,100.29,0.29,1002.9,2.9,10029.0,29.0,34.29,134.29,34.29,1342.9,342.9,13429.0,3429.0,34.0,134.0,34.0,1340.0,340.0,13400.0,3400.0,Chevron (CVX) Stock Drops Despite Market Gains: Important Facts to Note,Zacks,2026-09-21,-0.388,"Stock Market Today: Dow Up, Nasdaq Roars To Record As Micron Does This; AMD Hits New High",Investor's Business Daily,2026-09-21,0.0,XLE Is 91% Oil and Gas. Investors Buying “Energy” May Own Less Than They Think,24/7 Wall St.,2026-09-21,0.0,9,buy,0.75,"YTD +38.14%, P/E 20.16, dividend yield 3.4%, buy-rated, energy supply tightness and AI data centre power demand.",YTD +38.14%; P/E 20.16; dividend yield 3.4%; energy supply tailwind,,,,,
CAT,Caterpillar,MegaCap,energy-industrial,NYSE,816,+0.87%,+4.15%,+0.68%,+37.28%,+71%,375.325,1.594,35.16,3.07,1836129,13959429,47055929,81.0,1.83,buy,2.14,0.87,100.87,0.87,1008.7,8.7,10087.0,87.0,4.15,104.15,4.15,1041.5,41.5,10415.0,415.0,0.68,100.68,0.68,1006.8,6.8,10068.0,68.0,37.28,137.28,37.28,1372.8,372.8,13728.0,3728.0,71.0,171.0,71.0,1710.0,710.0,17100.0,7100.0,"Natural Gas ETFs in Focus as El Nino Gets Upgraded to ""Super"" Status",Zacks,2026-09-21,0.751,"What Higher Interest Rates Mean for Caterpillar, GE Vernova, and Vertiv",Motley Fool,2026-09-21,0.459,The Caterpillar Correction Shouldn't Last Much Longer,Motley Fool,2026-09-20,0.0,,,,,,,,,,
HON,Honeywell,MegaCap,energy-industrial,NASDAQ,206,+0.10%,+2.53%,-3.86%,+1.87%,+0%,65.442,0.901,7.94,3.81,3246374,22402674,62898574,136.0,2.03,buy,1.96,0.1,100.1,0.1,1001.0,1.0,10010.0,10.0,2.53,102.53,2.53,1025.3,25.3,10253.0,253.0,-3.86,96.14,-3.86,961.4,-38.6,9614.0,-386.0,1.87,101.87,1.87,1018.7,18.7,10187.0,187.0,0.0,100.0,0.0,1000.0,0.0,10000.0,0.0,MITSY or HON: Which Is the Better Value Stock Right Now?,Zacks,2026-09-21,0.649,"IONQ Stock Surges On Tech Wins, But The Heavy Burn Persists",Trefis,2026-09-18,0.329,Honeywell CEO Calls GE-CPP Deal Positive Amid Persistent Supply Constraints,Insider Monkey,2026-09-18,0.557,,,,,,,,,,
GE,GE Aerospace,MegaCap,energy-industrial,NYSE,319,+1.48%,+0.46%,-6.68%,-0.27%,+4%,330.993,1.35,37.57,4.18,3676683,31241883,82284383,60.0,1.54,buy,1.55,1.48,101.48,1.48,1014.8,14.8,10148.0,148.0,0.46,100.46,0.46,1004.6,4.6,10046.0,46.0,-6.68,93.32,-6.68,933.2,-66.8,9332.0,-668.0,-0.27,99.73,-0.27,997.3,-2.7,9973.0,-27.0,4.0,104.0,4.0,1040.0,40.0,10400.0,400.0,General Electric vs. Joby Aviation: Which Industrials Stock Is a Better Buy in 2026?,Motley Fool,2026-09-21,0.44,GE Aerospace Slips as GE9X Fix Enters Certification,GuruFocus.com,2026-09-21,0.0,1 Cash-Producing Stock on Our Buy List and 2 That Underwhelm,StockStory,2026-09-21,0.0,,,,,,,,,,
RTX,RTX Corp,MegaCap,energy-industrial,NYSE,194,+0.33%,-0.51%,-7.11%,+4.91%,+22%,261.923,0.287,34.21,4.61,2887128,24477528,78261728,151.0,0.92,buy,1.87,0.33,100.33,0.33,1003.3,3.3,10033.0,33.0,-0.51,99.49,-0.51,994.9,-5.1,9949.0,-51.0,-7.11,92.89,-7.11,928.9,-71.1,9289.0,-711.0,4.91,104.91,4.91,1049.1,49.1,10491.0,491.0,22.0,122.0,22.0,1220.0,220.0,12200.0,2200.0,EMBJ or RTX: Which Is the Better Value Stock Right Now?,Zacks,2026-09-21,0.649,Can Rising Ballistic Missile Demand Support Lockheed Martin's Growth?,Zacks,2026-09-21,0.586,Brokers Suggest Investing in RTX (RTX): Read This Before Placing a Bet,Zacks,2026-09-21,0.0,,,,,,,,,,
BA,Boeing,MegaCap,energy-industrial,NYSE,201,+1.28%,-4.34%,-4.42%,-11.69%,-7%,158.983,1.213,72.62,5.72,6212014,44288614,118044914,,0.01,strong_buy,1.5,1.28,101.28,1.28,1012.8,12.8,10128.0,128.0,-4.34,95.66,-4.34,956.6,-43.4,9566.0,-434.0,-4.42,95.58,-4.42,955.8,-44.2,9558.0,-442.0,-11.69,88.31,-11.69,883.1,-116.9,8831.0,-1169.0,-7.0,93.0,-7.0,930.0,-70.0,9300.0,-700.0,BA Receives A Target Cut From Jefferies - Firm Slashes Its Free Cash Flow Estimate,Stocktwits,2026-09-21,0.103,U.S. emissions rollback on Boeing 777 freighter helps air logistics,FreightWaves,2026-09-21,0.382,Boeing CEO warns of 737 Max production delays,TheStreet,2026-09-21,-0.103,,,,,,,,,,
AMD,Advanced Micro Devices,MegaCap,tech-semis,NASDAQ,616,+10.31%,+24.75%,+34.76%,+175.44%,+250%,1004.821,2.476,157.02,24.95,44156939,143859039,410948539,,2.57,strong_buy,1.49,10.31,110.31,10.31,1103.1,103.1,11031.0,1031.0,24.75,124.75,24.75,1247.5,247.5,12475.0,2475.0,34.76,134.76,34.76,1347.6,347.6,13476.0,3476.0,175.44,275.44,175.44,2754.4,1754.4,27544.0,17544.0,250.0,350.0,250.0,3500.0,2500.0,35000.0,25000.0,"Stock market today: Nasdaq surges 2% to record high, Dow and S&P 500 gain as chip stocks rally, oil  falls",Yahoo Finance,2026-09-21,0.527,"Trump, Xi Meet on S&P 500's Best Day Since Early August: Will Markets Stay Bullish?",BeInCrypto,2026-09-21,0.637,"Dow Jones Futures: Falling Oil Prices, Yields Spark Market Rally; AMD, Intel, Micron, Nvidia, Sandisk Are Key Movers",Investor's Business Daily,2026-09-21,0.077,1,strong_buy,0.9,"YTD +150.51%, 1m +20.02%, strong_buy consensus with an_score 1.49, AI GPU tailwind from data centre buildout.",YTD +150.51%; 1m +20.02%; strong_buy consensus; AI infrastructure demand,,,,,
QCOM,Qualcomm,MegaCap,tech-semis,NASDAQ,194,+9.07%,+7.82%,+23.19%,+14.04%,+5%,207.449,1.679,22.22,14.34,18244261,108561161,290338561,207.0,3.53,hold,2.57,9.07,109.07,9.07,1090.7,90.7,10907.0,907.0,7.82,107.82,7.82,1078.2,78.2,10782.0,782.0,23.19,123.19,23.19,1231.9,231.9,12319.0,2319.0,14.04,114.04,14.04,1140.4,140.4,11404.0,1404.0,5.0,105.0,5.0,1050.0,50.0,10500.0,500.0,"Trump, Xi Meet on S&P 500's Best Day Since Early August: Will Markets Stay Bullish?",BeInCrypto,2026-09-21,0.637,Update: Nasdaq Composite Rallies to Record as AI Trade Lifts Chipmakers,MT Newswires,2026-09-21,0.0,How Much Of Micron's Revenue Has A Price Ceiling?,Trefis,2026-09-21,0.0,,,,,,,,,,
AVGO,Broadcom,MegaCap,tech-semis,NASDAQ,363,+1.60%,+5.20%,+1.09%,+4.71%,+6%,1731.205,1.457,46.32,23.41,25837361,142111761,543390761,73.0,1.08,strong_buy,1.26,1.6,101.6,1.6,1016.0,16.0,10160.0,160.0,5.2,105.2,5.2,1052.0,52.0,10520.0,520.0,1.09,101.09,1.09,1010.9,10.9,10109.0,109.0,4.71,104.71,4.71,1047.1,47.1,10471.0,471.0,6.0,106.0,6.0,1060.0,60.0,10600.0,600.0,NVIDIA Or Micron: Which Gets Paid More Safely For The AI Shortage?,Trefis,2026-09-21,0.36,Prediction: This Data Center Stock Will Be the AI Supercycle's Biggest Winner -- and It's Not a Household Name,Motley Fool,2026-09-21,0.586,AMD Storms Into $1 Trillion Club as Chip Stocks Charge Higher,GuruFocus.com,2026-09-21,0.0,,,,,,,,,,
TSM,Taiwan Semiconductor,MegaCap,tech-semis,NYSE,445,+2.72%,+6.78%,+8.83%,+40.37%,+59%,2308.707,1.247,33.24,12.51,9903605,55179105,196926805,94.0,0.62,strong_buy,1.38,2.72,102.72,2.72,1027.2,27.2,10272.0,272.0,6.78,106.78,6.78,1067.8,67.8,10678.0,678.0,8.83,108.83,8.83,1088.3,88.3,10883.0,883.0,40.37,140.37,40.37,1403.7,403.7,14037.0,4037.0,59.0,159.0,59.0,1590.0,590.0,15900.0,5900.0,3 Chip Stocks Set to Win TSMC’s Packaging Boom,24/7 Wall St.,2026-09-21,0.586,GlobalFoundries Drives Gross Margin Expansion: Can the Momentum Last?,Zacks,2026-09-21,-0.477,AMD stock crosses $1 trillion market cap for first time,Quartz,2026-09-21,0.0,6,strong_buy,0.85,"YTD +37.07%, P/E 32.46, strong_buy, sole advanced chip manufacturer benefiting from AI and 'RAMageddon' memory shortages.",YTD +37.07%; P/E 32.46; strong_buy; AI chip manufacturing monopoly,,,,,
ASML,ASML Holding,MegaCap,tech-semis,NASDAQ,1711,+2.44%,+8.64%,-1.66%,+47.75%,+75%,657.318,1.363,58.89,1.65,1309040,8138540,25466640,54.0,0.4,strong_buy,1.4,2.44,102.44,2.44,1024.4,24.4,10244.0,244.0,8.64,108.64,8.64,1086.4,86.4,10864.0,864.0,-1.66,98.34,-1.66,983.4,-16.6,9834.0,-166.0,47.75,147.75,47.75,1477.5,477.5,14775.0,4775.0,75.0,175.0,75.0,1750.0,750.0,17500.0,7500.0,ASML (ASML) Surpasses Market Returns: Some Facts Worth Knowing,Zacks,2026-09-21,0.226,"Tech, Media & Telecom Roundup: Market Talk",The Wall Street Journal,2026-09-21,0.0,ASML Adds 1% as 110 EUV Tools Test Factory Throughput,GuruFocus.com,2026-09-21,0.0,7,strong_buy,0.8,"YTD +45.04%, P/E 57.81, strong_buy, monopoly lithography equipment supplier critical for advanced node scaling.",YTD +45.04%; strong_buy; lithography monopoly; semiconductor capex cycle,,,,,
ARM,Arm Holdings,MegaCap,tech-semis,NASDAQ,323,+17.21%,+35.10%,+35.23%,+181.44%,+91%,344.857,3.89,326.16,5.44,12889775,32470275,90658775,,11.52,buy,1.95,17.21,117.21,17.21,1172.1,172.1,11721.0,1721.0,35.1,135.1,35.1,1351.0,351.0,13510.0,3510.0,35.23,135.23,35.23,1352.3,352.3,13523.0,3523.0,181.44,281.44,181.44,2814.4,1814.4,28144.0,18144.0,91.0,191.0,91.0,1910.0,910.0,19100.0,9100.0,AMD stock soars to new record as semiconductors bounce: Chart of the Day,Yahoo Finance,2026-09-21,0.0,"Update: Communication Services, Tech Heavyweights Push US Equity Indexes Higher as Crude Oil Slides With Treasury Yields",MT Newswires,2026-09-21,-0.44,"Meta’s Muse AI Agent Triggers Intel, Chip Stock Rally. AMD Hits $1T Market Cap.",Barrons.com,2026-09-21,0.0,4,buy,0.836,"YTD +140.22%, 1m +10.54%, news sentiment 0.492, dominant CPU IP position underpinning AI edge compute expansion.",YTD +140.22%; 1m +10.54%; news sentiment 0.492; AI edge IP dominance,,,,,
INTC,Intel,MegaCap,tech-semis,NASDAQ,122,+11.66%,+25.30%,+39.56%,+209.24%,+278%,643.742,2.231,,108.72,188716510,718044410,2055068610,,2.88,buy,2.47,11.66,111.66,11.66,1116.6,116.6,11166.0,1166.0,25.3,125.3,25.3,1253.0,253.0,12530.0,2530.0,39.56,139.56,39.56,1395.6,395.6,13956.0,3956.0,209.24,309.24,209.24,3092.4,2092.4,30924.0,20924.0,278.0,378.0,278.0,3780.0,2780.0,37800.0,27800.0,"Stock market today: Nasdaq surges 2% to record high, Dow and S&P 500 gain as chip stocks rally, oil  falls",Yahoo Finance,2026-09-21,0.527,"Trump, Xi Meet on S&P 500's Best Day Since Early August: Will Markets Stay Bullish?",BeInCrypto,2026-09-21,0.637,"Dow Jones Futures: Falling Oil Prices, Yields Spark Market Rally; AMD, Intel, Micron, Nvidia, Sandisk Are Key Movers",Investor's Business Daily,2026-09-21,0.077,2,buy,1.0,"YTD +175.77%, 1m +17.03%, analyst upgrades (Tigress PT $145, Northland Outperform) on High-NA EUV execution and Terafab partnership.",YTD +175.77%; 1m +17.03%; analyst upgrades; 18A/High-NA EUV progress,,,,,
2222.SR,Saudi Aramco,MegaCap,global-growth,TADAWUL,6.84,-0.00%,+0.08%,-2.73%,+11.69%,+4%,1653.847,0.006,15.2,7.95,7375992,41256102,165877802,524.0,,buy,2.11,-0.0,100.0,0.0,1000.0,0.0,10000.0,0.0,0.08,100.08,0.08,1000.8,0.8,10008.0,8.0,-2.73,97.27,-2.73,972.7,-27.3,9727.0,-273.0,11.69,111.69,11.69,1116.9,116.9,11169.0,1169.0,4.0,104.0,4.0,1040.0,40.0,10400.0,400.0,"Update: Communication Services, Tech Heavyweights Push US Equity Indexes Higher as Crude Oil Slides With Treasury Yields",MT Newswires,2026-09-21,-0.44,"TSX Closer: The Index Closes Higher as Tech, Base Metals and Financials Gain",MT Newswires,2026-09-21,0.527,Saudi Aramco boosts crude loadings after pipeline disruption,Investing.com,2026-09-21,-0.599,,,,,,,,,,
BABA,Alibaba Group,MegaCap,global-growth,NYSE,116,+1.36%,+5.97%,-2.30%,-24.99%,-31%,287.711,0.5,26.13,11.98,9057616,46100416,200131116,93.0,1.73,strong_buy,1.32,1.36,101.36,1.36,1013.6,13.6,10136.0,136.0,5.97,105.97,5.97,1059.7,59.7,10597.0,597.0,-2.3,97.7,-2.3,977.0,-23.0,9770.0,-230.0,-24.99,75.01,-24.99,750.1,-249.9,7501.0,-2499.0,-31.0,69.0,-31.0,690.0,-310.0,6900.0,-3100.0,Microsoft vs Alibaba: Which Cloud AI Stock Is Better Positioned?,Zacks,2026-09-21,0.44,Alibaba Jumps 4.3% With Qwen's Brief U.S. Government Appearance,GuruFocus.com,2026-09-21,0.0,Alibaba Burned RMB 44.73 Billion in Free Cash Flow Last Quarter. The Numbers Tell a Messier Story.,TIKR,2026-09-20,0.511,,,,,,,,,,
SAP,SAP SE,MegaCap,global-growth,NYSE,209,-0.11%,-4.15%,-4.32%,-10.16%,-21%,241.483,0.775,27.28,2.7,1824414,7990314,43205014,140.0,0.44,buy,1.62,-0.11,99.89,-0.11,998.9,-1.1,9989.0,-11.0,-4.15,95.85,-4.15,958.5,-41.5,9585.0,-415.0,-4.32,95.68,-4.32,956.8,-43.2,9568.0,-432.0,-10.16,89.84,-10.16,898.4,-101.6,8984.0,-1016.0,-21.0,79.0,-21.0,790.0,-210.0,7900.0,-2100.0,‘The end of the keyboard is near’: Christian Klein predicts voice translation will be the next workplace advantage,Fortune,2026-09-16,0.25,Does Expanded Partner Focus On SAP Customer Experience Alter The Bull Case For SAP (XTRA:SAP)?,Simply Wall St.,2026-09-15,0.0,European Equities Traded in the US as American Depositary Receipts Drop in Monday Trading,MT Newswires,2026-09-14,-0.273,,,,,,,,,,
SONY,Sony Group,MegaCap,global-growth,NYSE,24,-0.21%,-3.60%,-2.76%,-8.85%,-21%,137.891,0.763,19.82,4.82,2509706,16420706,76925806,68.0,0.19,none,,-0.21,99.79,-0.21,997.9,-2.1,9979.0,-21.0,-3.6,96.4,-3.6,964.0,-36.0,9640.0,-360.0,-2.76,97.24,-2.76,972.4,-27.6,9724.0,-276.0,-8.85,91.15,-8.85,911.5,-88.5,9115.0,-885.0,-21.0,79.0,-21.0,790.0,-210.0,7900.0,-2100.0,Sony (SONY) Stock Drops Despite Market Gains: Important Facts to Note,Zacks,2026-09-18,-0.388,"Sony Group (TSE:6758) Moved, What Is Behind The Attention Now?",Simply Wall St.,2026-09-15,0.0,Top 3 Streaming Stocks to Ride on Rising Ad and Viewing Trends,Zacks,2026-09-09,0.202,,,,,,,,,,
TM,Toyota Motor,MegaCap,global-growth,NYSE,192,+0.72%,-2.56%,-0.68%,-11.64%,-5%,227.955,0.337,8.55,0.41,224082,1435882,6701782,327.0,0.08,strong_buy,1.5,0.72,100.72,0.72,1007.2,7.2,10072.0,72.0,-2.56,97.44,-2.56,974.4,-25.6,9744.0,-256.0,-0.68,99.32,-0.68,993.2,-6.8,9932.0,-68.0,-11.64,88.36,-11.64,883.6,-116.4,8836.0,-1164.0,-5.0,95.0,-5.0,950.0,-50.0,9500.0,-500.0,Sector Update: Energy Stocks Fall Monday Afternoon,MT Newswires,2026-09-21,0.273,4 Dividend-Friendly Auto Stocks to Weather the Industry Challenges,Zacks,2026-09-21,0.077,Why the Best Price on Your Next Car Is Getting Harder to Find,The Wall Street Journal,2026-09-20,0.637,,,,,,,,,,
NVO,Novo Nordisk,MegaCap,global-growth,NYSE,40,-8.00%,-8.40%,-15.17%,-20.24%,-29%,175.831,0.344,9.88,11.53,48876342,92716242,237196742,415.0,1.0,hold,2.71,-8.0,92.0,-8.0,920.0,-80.0,9200.0,-800.0,-8.4,91.6,-8.4,916.0,-84.0,9160.0,-840.0,-15.17,84.83,-15.17,848.3,-151.7,8483.0,-1517.0,-20.24,79.76,-20.24,797.6,-202.4,7976.0,-2024.0,-29.0,71.0,-29.0,710.0,-290.0,7100.0,-2900.0,"Bitcoin prices, Logan & Jake Paul, Jensen Huang talks human survival: 3 crazy market movers",Yahoo Finance Video,2026-09-21,-0.34,Novo Nordisk stock gets drilled on pipeline concerns — its CEO sees a main problem,Yahoo Finance,2026-09-21,-0.402,Novo Nordisk (CPSE:NOVO B) Unveiled A 2030 Blockbuster Drug Plan,Simply Wall St.,2026-09-21,0.599,,,,,,,,,,
HSBC,HSBC Holdings,MegaCap,global-growth,NYSE,103,+1.20%,-0.70%,-0.85%,+33.27%,+46%,353.202,0.571,14.74,1.27,1134116,8101616,25936616,368.0,,none,,1.2,101.2,1.2,1012.0,12.0,10120.0,120.0,-0.7,99.3,-0.7,993.0,-7.0,9930.0,-70.0,-0.85,99.15,-0.85,991.5,-8.5,9915.0,-85.0,33.27,133.27,33.27,1332.7,332.7,13327.0,3327.0,46.0,146.0,46.0,1460.0,460.0,14600.0,4600.0,Can HSBC's Enhanced U.S. Premier Offering Drive Wealth Growth?,Zacks,2026-09-21,0.7,"HSBC CFO Highlights Hong Kong, Wealth Growth as Exits Fund Investment",MarketBeat,2026-09-19,0.7,"Exchange-Traded Funds, Equity Futures Mixed Pre-Bell Friday as Tech Rally Continues",MT Newswires,2026-09-18,0.0,,,,,,,,,,
AAPL,Apple,Tech,mega-cap,NASDAQ,338.98,+1.25%,+1.77%,+9.23%,+25.42%,+31%,4947.135,1.085,38.92,53.45,34913171,225775671,857546371,32.0,0.96,buy,2.2,1.25,101.25,1.25,1012.5,12.5,10125.0,125.0,1.77,101.77,1.77,1017.7,17.7,10177.0,177.0,9.23,109.23,9.23,1092.3,92.3,10923.0,923.0,25.42,125.42,25.42,1254.2,254.2,12542.0,2542.0,31.0,131.0,31.0,1310.0,310.0,13100.0,3100.0,Meta stock jumps as Wells Fargo raises price target,Yahoo Finance Video,2026-09-21,0.25,Apple’s new iPhone Duo: Will consumers bite?,Yahoo Finance Video,2026-09-21,0.0,"SCHD’s 0.06% Fee Hides $413,350 in Decade-Long Underperformance on a $500,000 Position",24/7 Wall St.,2026-09-21,-0.178,,,,,,,,,,
MSFT,Microsoft,Tech,mega-cap,NASDAQ,501.61,+1.54%,-0.75%,+2.93%,+6.73%,-4%,3724.728,1.108,27.91,34.08,26347908,118198508,424836008,79.0,1.0,strong_buy,1.36,1.54,101.54,1.54,1015.4,15.4,10154.0,154.0,-0.75,99.25,-0.75,992.5,-7.5,9925.0,-75.0,2.93,102.93,2.93,1029.3,29.3,10293.0,293.0,6.73,106.73,6.73,1067.3,67.3,10673.0,673.0,-4.0,96.0,-4.0,960.0,-40.0,9600.0,-400.0,Meta stock jumps as Wells Fargo raises price target,Yahoo Finance Video,2026-09-21,0.25,"SCHD’s 0.06% Fee Hides $413,350 in Decade-Long Underperformance on a $500,000 Position",24/7 Wall St.,2026-09-21,-0.178,3 U.S. Growth Stocks Facing The Biggest AI Spending Test Right Now,Simply Wall St.,2026-09-21,0.382,,,,,,,,,,
GOOGL,Alphabet (Google),Tech,mega-cap,NASDAQ,354.97,+1.18%,+1.60%,+2.05%,+12.85%,+38%,4341.26,1.225,17.82,29.73,28211544,135833544,515553844,25.0,1.32,strong_buy,1.38,1.18,101.18,1.18,1011.8,11.8,10118.0,118.0,1.6,101.6,1.6,1016.0,16.0,10160.0,160.0,2.05,102.05,2.05,1020.5,20.5,10205.0,205.0,12.85,112.85,12.85,1128.5,128.5,11285.0,1285.0,38.0,138.0,38.0,1380.0,380.0,13800.0,3800.0,Warren Buffett will go down as the 'greatest investor of all time',Yahoo Finance Video,2026-09-21,0.637,Meta stock jumps as Wells Fargo raises price target,Yahoo Finance Video,2026-09-21,0.25,"Stock Market Today, Sept. 21: Meta Surges on Excitement Over Muse Personal AI Agent",Motley Fool,2026-09-21,0.494,,,,,,,,,,
AMZN,Amazon,Tech,mega-cap,NASDAQ,258.45,+1.69%,+1.94%,-1.38%,+14.11%,+11%,2787.723,1.443,20.79,46.15,40769944,193121544,662205244,,0.94,strong_buy,1.32,1.69,101.69,1.69,1016.9,16.9,10169.0,169.0,1.94,101.94,1.94,1019.4,19.4,10194.0,194.0,-1.38,98.62,-1.38,986.2,-13.8,9862.0,-138.0,14.11,114.11,14.11,1141.1,141.1,11411.0,1411.0,11.0,111.0,11.0,1110.0,110.0,11100.0,1100.0,Meta stock jumps as Wells Fargo raises price target,Yahoo Finance Video,2026-09-21,0.25,"Nasdaq Ends Nearly 3% Higher As AI Stocks Pop, AMD Enters $1 Trillion Club —  AMD, ARM, META, AMZN, PSKY In Focus",Stocktwits,2026-09-21,0.0,Amazon (AMZN) Laps the Stock Market: Here's Why,Zacks,2026-09-21,0.178,,,,,,,,,,
META,Meta Platforms,Tech,mega-cap,NASDAQ,741.24,+10.87%,+11.36%,+32.60%,+14.17%,-13%,1888.326,1.243,27.91,18.31,48450536,128647136,408123236,32.0,1.31,strong_buy,1.34,10.87,110.87,10.87,1108.7,108.7,11087.0,1087.0,11.36,111.36,11.36,1113.6,113.6,11136.0,1136.0,32.6,132.6,32.6,1326.0,326.0,13260.0,3260.0,14.17,114.17,14.17,1141.7,141.7,11417.0,1417.0,-13.0,87.0,-13.0,870.0,-130.0,8700.0,-1300.0,"Stock market today: Nasdaq surges 2% to record high, Dow and S&P 500 gain as chip stocks rally, oil  falls",Yahoo Finance,2026-09-21,0.527,Trump and Xi dine with AI titans and Meta takes the stage: What to watch this week,Yahoo Finance,2026-09-21,0.0,Decibel hits $7 billion in total trading volume on Aptos,TheStreet,2026-09-21,0.0,2,strong_buy,0.85,"1M +21.93%, P/E 25.07, strong_buy, Wells Fargo PT hike to $796 on AI product momentum and Muse assistant traction ahead of Connect event [rallies.ai](https://rallies.ai/news/meta-rises-wells-fargo-hikes-pt-on-ai-product-momentum-d1e7263f3aff4d4b).",1M momentum +22%; P/E 25.1; analyst PT upgrade; AI product catalyst,,,,,
NVDA,NVIDIA,Tech,semiconductors,NASDAQ,227.38,+2.18%,+7.78%,+9.19%,+20.68%,+21%,5490.545,2.217,28.75,129.29,109274173,577772273,2703808773,45.0,1.29,strong_buy,1.31,2.18,102.18,2.18,1021.8,21.8,10218.0,218.0,7.78,107.78,7.78,1077.8,77.8,10778.0,778.0,9.19,109.19,9.19,1091.9,91.9,10919.0,919.0,20.68,120.68,20.68,1206.8,206.8,12068.0,2068.0,21.0,121.0,21.0,1210.0,210.0,12100.0,2100.0,Could Nvidia's prospects in China shift following the Trump and Xi's meeting?,Yahoo Finance Video,2026-09-21,0.296,"Bitcoin prices, Logan & Jake Paul, Jensen Huang talks human survival: 3 crazy market movers",Yahoo Finance Video,2026-09-21,-0.34,Why Strategy Stock Surged Today,Motley Fool,2026-09-21,0.0,5,strong_buy,0.75,"YTD +17.97%, P/E 28.1, strong_buy, AI spending expansion and lower Treasury yields supporting sector [reuters.com](https://www.reuters.com/business/wall-st-futures-rise-ai-stocks-gain-oil-prices-slide-2026-09-21/).",P/E 28.1; strong_buy consensus; AI capex growth; macro tailwinds,,,,,
AMD,Advanced Micro Devices,Tech,semiconductors,NASDAQ,615.52,+10.31%,+24.75%,+34.76%,+175.44%,+250%,1004.821,2.476,157.02,24.95,44156939,143859039,410948539,,2.57,strong_buy,1.49,10.31,110.31,10.31,1103.1,103.1,11031.0,1031.0,24.75,124.75,24.75,1247.5,247.5,12475.0,2475.0,34.76,134.76,34.76,1347.6,347.6,13476.0,3476.0,175.44,275.44,175.44,2754.4,1754.4,27544.0,17544.0,250.0,350.0,250.0,3500.0,2500.0,35000.0,25000.0,"Stock market today: Nasdaq surges 2% to record high, Dow and S&P 500 gain as chip stocks rally, oil  falls",Yahoo Finance,2026-09-21,0.527,"Dow Jones Futures: Falling Oil Prices, Yields Spark Market Rally; AMD, Intel, Micron, Nvidia, Sandisk Are Key Movers",Investor's Business Daily,2026-09-21,0.077,Advanced Micro Devices (AMD) Is Up 24.7% After Expanding Its Role In Regulated AI Infrastructure – Has The Bull Case Changed?,Simply Wall St.,2026-09-21,0.25,4,strong_buy,0.898,"YTD +150.51%, 1M +20.02%, strong_buy, news sentiment 0.158, AI chip demand and data center growth [tradingkey.com](https://www.tradingkey.com/analysis/stocks/us-stocks/262177719-fed-rate-hike-ai-stocks-rebound-nvda-mu-amd-chip-sector-rally-tradingkey).",YTD return +151%; 1M momentum +20%; strong_buy consensus; AI chip demand,,,,,
INTC,Intel,Tech,semiconductors,NASDAQ,121.78,+11.66%,+25.30%,+39.56%,+209.24%,+278%,643.742,2.231,,108.72,188716510,718044410,2055068610,,2.88,buy,2.47,11.66,111.66,11.66,1116.6,116.6,11166.0,1166.0,25.3,125.3,25.3,1253.0,253.0,12530.0,2530.0,39.56,139.56,39.56,1395.6,395.6,13956.0,3956.0,209.24,309.24,209.24,3092.4,2092.4,30924.0,20924.0,278.0,378.0,278.0,3780.0,2780.0,37800.0,27800.0,"Stock market today: Nasdaq surges 2% to record high, Dow and S&P 500 gain as chip stocks rally, oil  falls",Yahoo Finance,2026-09-21,0.527,"Dow Jones Futures: Falling Oil Prices, Yields Spark Market Rally; AMD, Intel, Micron, Nvidia, Sandisk Are Key Movers",Investor's Business Daily,2026-09-21,0.077,"Stocks to Watch Recap: Paramount, Intel, Strategy, Critical Metals",The Wall Street Journal,2026-09-21,-0.318,3,buy,1.0,"YTD +175.77%, 1M +17.03%, analyst upgrades (Tigress PT $145, Northland Outperform), High-NA EUV progress, SK Hynix partnership talks [stockstotrade.com](https://stockstotrade.com/news/intel-corporation-intc-news-2026_09_21/).",YTD return +176%; analyst upgrades; foundry execution; SK Hynix deal talks,,,,,
TSM,Taiwan Semiconductor,Tech,semiconductors,NYSE,445.14,+2.72%,+6.78%,+8.83%,+40.37%,+59%,2308.707,1.247,33.24,12.51,9903605,55179105,196926805,94.0,0.62,strong_buy,1.38,2.72,102.72,2.72,1027.2,27.2,10272.0,272.0,6.78,106.78,6.78,1067.8,67.8,10678.0,678.0,8.83,108.83,8.83,1088.3,88.3,10883.0,883.0,40.37,140.37,40.37,1403.7,403.7,14037.0,4037.0,59.0,159.0,59.0,1590.0,590.0,15900.0,5900.0,3 Chip Stocks Set to Win TSMC’s Packaging Boom,24/7 Wall St.,2026-09-21,0.586,GlobalFoundries Drives Gross Margin Expansion: Can the Momentum Last?,Zacks,2026-09-21,-0.477,AMD stock crosses $1 trillion market cap for first time,Quartz,2026-09-21,0.0,6,strong_buy,0.75,"YTD +37.07%, P/E 32.46, strong_buy, news sentiment 0.249, AI chip manufacturing leader benefiting from hyperscaler spending.",YTD return +37%; P/E 32.5; strong_buy consensus; AI manufacturing leader,,,,,
AVGO,Broadcom,Tech,semiconductors,NASDAQ,362.66,+1.60%,+5.20%,+1.09%,+4.71%,+6%,1731.204,1.457,46.32,23.41,25837361,142111761,543390761,73.0,1.08,strong_buy,1.26,1.6,101.6,1.6,1016.0,16.0,10160.0,160.0,5.2,105.2,5.2,1052.0,52.0,10520.0,520.0,1.09,101.09,1.09,1010.9,10.9,10109.0,109.0,4.71,104.71,4.71,1047.1,47.1,10471.0,471.0,6.0,106.0,6.0,1060.0,60.0,10600.0,600.0,NVIDIA Or Micron: Which Gets Paid More Safely For The AI Shortage?,Trefis,2026-09-21,0.36,Prediction: This Data Center Stock Will Be the AI Supercycle's Biggest Winner -- and It's Not a Household Name,Motley Fool,2026-09-21,0.586,AMD Storms Into $1 Trillion Club as Chip Stocks Charge Higher,GuruFocus.com,2026-09-21,0.0,,,,,,,,,,
QCOM,Qualcomm,Tech,semiconductors,NASDAQ,194.23,+9.07%,+7.82%,+23.19%,+14.04%,+5%,207.449,1.679,22.22,14.34,18244261,108561161,290338561,207.0,3.53,hold,2.57,9.07,109.07,9.07,1090.7,90.7,10907.0,907.0,7.82,107.82,7.82,1078.2,78.2,10782.0,782.0,23.19,123.19,23.19,1231.9,231.9,12319.0,2319.0,14.04,114.04,14.04,1140.4,140.4,11404.0,1404.0,5.0,105.0,5.0,1050.0,50.0,10500.0,500.0,Update: Nasdaq Composite Rallies to Record as AI Trade Lifts Chipmakers,MT Newswires,2026-09-21,0.0,How Much Of Micron's Revenue Has A Price Ceiling?,Trefis,2026-09-21,0.0,Microsoft's Nadella Is Joining Trump and Xi and Tech Giants Are Coming Too,GuruFocus.com,2026-09-21,0.0,,,,,,,,,,
ARM,Arm Holdings,Tech,semiconductors,NASDAQ,322.9,+17.21%,+35.10%,+35.23%,+181.44%,+91%,344.857,3.89,326.16,5.44,12889775,32470275,90658775,,11.52,buy,1.95,17.21,117.21,17.21,1172.1,172.1,11721.0,1721.0,35.1,135.1,35.1,1351.0,351.0,13510.0,3510.0,35.23,135.23,35.23,1352.3,352.3,13523.0,3523.0,181.44,281.44,181.44,2814.4,1814.4,28144.0,18144.0,91.0,191.0,91.0,1910.0,910.0,19100.0,9100.0,AMD stock soars to new record as semiconductors bounce: Chart of the Day,Yahoo Finance,2026-09-21,0.0,"Update: Communication Services, Tech Heavyweights Push US Equity Indexes Higher as Crude Oil Slides With Treasury Yields",MT Newswires,2026-09-21,-0.44,"Meta’s Muse AI Agent Triggers Intel, Chip Stock Rally. AMD Hits $1T Market Cap.",Barrons.com,2026-09-21,0.0,,,,,,,,,,
ASML,ASML Holding,Tech,semiconductors,NASDAQ,1711.32,+2.44%,+8.64%,-1.66%,+47.75%,+75%,657.318,1.363,58.89,1.65,1309040,8138540,25466640,54.0,0.4,strong_buy,1.4,2.44,102.44,2.44,1024.4,24.4,10244.0,244.0,8.64,108.64,8.64,1086.4,86.4,10864.0,864.0,-1.66,98.34,-1.66,983.4,-16.6,9834.0,-166.0,47.75,147.75,47.75,1477.5,477.5,14775.0,4775.0,75.0,175.0,75.0,1750.0,750.0,17500.0,7500.0,ASML (ASML) Surpasses Market Returns: Some Facts Worth Knowing,Zacks,2026-09-21,0.226,"Tech, Media & Telecom Roundup: Market Talk",The Wall Street Journal,2026-09-21,0.0,ASML Adds 1% as 110 EUV Tools Test Factory Throughput,GuruFocus.com,2026-09-21,0.0,7,strong_buy,0.7,"YTD +45.04%, P/E 57.81, strong_buy, news sentiment 0.216, EUV lithography demand driven by advanced chip nodes.",YTD return +45%; strong_buy consensus; EUV demand; positive sentiment,,,,,
MU,Micron Technology,Tech,semiconductors,NASDAQ,1043.96,+2.58%,+12.98%,+14.67%,+231.16%,+517%,1179.041,2.222,23.57,39.08,27268696,125664396,502017596,5.0,2.64,strong_buy,1.35,2.58,102.58,2.58,1025.8,25.8,10258.0,258.0,12.98,112.98,12.98,1129.8,129.8,11298.0,1298.0,14.67,114.67,14.67,1146.7,146.7,11467.0,1467.0,231.16,331.16,231.16,3311.6,2311.6,33116.0,23116.0,517.0,617.0,517.0,6170.0,5170.0,61700.0,51700.0,Why Micron and Dell stocks may have more juice than Nvidia,Yahoo Finance Video,2026-09-21,0.0,"Dow Jones Futures: Falling Oil Prices, Yields Spark Market Rally; AMD, Intel, Micron, Nvidia, Sandisk Are Key Movers",Investor's Business Daily,2026-09-21,0.077,Micron (MU) Beats Stock Market Upswing: What Investors Need to Know,Zacks,2026-09-21,0.0,1,strong_buy,0.85,"YTD +222.23%, P/E 22.94, strong_buy consensus, news sentiment 0.318, memory price surge catalysts from Intel CEO comments and supply tightness [tradingkey.com](https://www.tradingkey.com/analysis/stocks/us-stocks/262177719-fed-rate-hike-ai-stocks-rebound-nvda-mu-amd-chip-sector-rally-tradingkey).",YTD return +222%; P/E 22.9; strong_buy consensus; memory demand catalysts,,,,,
AMAT,Applied Materials,Tech,semiconductors,NASDAQ,464.24,+4.62%,+9.44%,-4.12%,+73.28%,+122%,368.42,1.597,40.02,8.66,9236109,41583709,133328809,48.0,1.97,strong_buy,1.44,4.62,104.62,4.62,1046.2,46.2,10462.0,462.0,9.44,109.44,9.44,1094.4,94.4,10944.0,944.0,-4.12,95.88,-4.12,958.8,-41.2,9588.0,-412.0,73.28,173.28,73.28,1732.8,732.8,17328.0,7328.0,122.0,222.0,122.0,2220.0,1220.0,22200.0,12200.0,Applied Materials Stock Jumped Nearly 7% in a Chip-Equipment Rally. Its $5 Billion India Plan Is the Longer Story,TIKR,2026-09-21,0.0,Applied Materials (AMAT) Stock May Look Reasonable Following Fresh AI Demand Forecasts,Simply Wall St.,2026-09-21,0.202,Applied Materials Jumps 3.6% Behind a $5 Billion India Bet,GuruFocus.com,2026-09-21,0.0,,,,,,,,,,
ORCL,Oracle,Tech,enterprise-software,NYSE,148.56,+0.68%,+2.60%,+4.29%,-23.36%,-55%,449.206,1.732,23.29,33.26,21730847,154607747,608205547,135.0,2.6,buy,1.6,0.68,100.68,0.68,1006.8,6.8,10068.0,68.0,2.6,102.6,2.6,1026.0,26.0,10260.0,260.0,4.29,104.29,4.29,1042.9,42.9,10429.0,429.0,-23.36,76.64,-23.36,766.4,-233.6,7664.0,-2336.0,-55.0,45.0,-55.0,450.0,-550.0,4500.0,-5500.0,Who's really paying for the AI data center boom?,Yahoo Finance Video,2026-09-21,0.0,Oracle Gains While $664 Billion Backlog Tests Capital Discipline,GuruFocus.com,2026-09-21,0.34,Why Did Bloom Energy Stock More Than Triple In A Year?,Trefis,2026-09-21,0.273,,,,,,,,,,
CRM,Salesforce,Tech,enterprise-software,NYSE,236.42,-0.88%,-8.71%,+13.29%,-6.14%,-5%,194.574,1.202,21.65,14.3,10030891,69516691,336000391,74.0,4.1,buy,1.73,-0.88,99.12,-0.88,991.2,-8.8,9912.0,-88.0,-8.71,91.29,-8.71,912.9,-87.1,9129.0,-871.0,13.29,113.29,13.29,1132.9,132.9,11329.0,1329.0,-6.14,93.86,-6.14,938.6,-61.4,9386.0,-614.0,-5.0,95.0,-5.0,950.0,-50.0,9500.0,-500.0,How Far Could Zoom Communications Stock Fall In A Real Market Shock?,Trefis,2026-09-21,-0.382,"Snap Just Turned Its $2,195 Glasses Into an Nvidia AI Story",Benzinga,2026-09-21,0.0,Alphabet Pushes Deeper Into Voice AI With New Gemini Models,Barchart,2026-09-21,0.0,10,buy,0.6,"1M +15.65%, P/E 21.79, analyst buy, enterprise software rebound and AI integration.",1M momentum +16%; P/E 21.8; buy consensus; enterprise AI opportunity,,,,,
ADBE,Adobe,Tech,enterprise-software,NASDAQ,249.52,+0.11%,-6.05%,-9.68%,-25.14%,-32%,99.184,1.417,13.92,5.54,4986671,29650871,110417371,,4.89,hold,2.77,0.11,100.11,0.11,1001.1,1.1,10011.0,11.0,-6.05,93.95,-6.05,939.5,-60.5,9395.0,-605.0,-9.68,90.32,-9.68,903.2,-96.8,9032.0,-968.0,-25.14,74.86,-25.14,748.6,-251.4,7486.0,-2514.0,-32.0,68.0,-32.0,680.0,-320.0,6800.0,-3200.0,Adobe CEO Shantanu Narayen Sells $31.3 Million Stock,Motley Fool,2026-09-21,0.0,Can Growth Alone Carry Autodesk Stock Back Up?,Trefis,2026-09-21,0.153,"Tesla, Microsoft and Adobe Forecast: AI Stocks Eye Key Moves",FX Empire,2026-09-21,0.0,,,,,,,,,,
NOW,ServiceNow,Tech,enterprise-software,NYSE,137.68,+1.23%,-3.28%,+7.52%,-6.63%,-29%,142.342,0.972,86.05,20.31,10742542,64390542,311500342,,2.94,strong_buy,1.43,1.23,101.23,1.23,1012.3,12.3,10123.0,123.0,-3.28,96.72,-3.28,967.2,-32.8,9672.0,-328.0,7.52,107.52,7.52,1075.2,75.2,10752.0,752.0,-6.63,93.37,-6.63,933.7,-66.3,9337.0,-663.0,-29.0,71.0,-29.0,710.0,-290.0,7100.0,-2900.0,SNX vs. NOW: Which Stock Is the Better Value Option?,Zacks,2026-09-21,0.649,NOW Rides on Strong Workflow Demand: Can It Outpace CRM & MSFT?,Zacks,2026-09-21,0.421,Can Strong Cloud Growth Sustain Atlassian's Revenue Momentum?,Zacks,2026-09-21,0.71,,,,,,,,,,
SNOW,Snowflake,Tech,enterprise-software,NYSE,339.39,+2.65%,+2.12%,+5.15%,+56.61%,+45%,119.737,1.328,,5.39,3686505,20023805,111048005,,5.25,strong_buy,1.5,2.65,102.65,2.65,1026.5,26.5,10265.0,265.0,2.12,102.12,2.12,1021.2,21.2,10212.0,212.0,5.15,105.15,5.15,1051.5,51.5,10515.0,515.0,56.61,156.61,56.61,1566.1,566.1,15661.0,5661.0,45.0,145.0,45.0,1450.0,450.0,14500.0,4500.0,Sector Update: Tech Stocks Rise Late Afternoon,MT Newswires,2026-09-18,0.0,Is Palantir's Lead Over Its Peers Already Priced In?,Trefis,2026-09-18,0.0,Surging Earnings Estimates Signal Upside for Snowflake (SNOW) Stock,Zacks,2026-09-18,0.0,8,strong_buy,0.7,"YTD +53.40%, strong_buy, cloud data platform growth and agentic AI adoption.",YTD return +53%; strong_buy consensus; cloud growth; AI adoption,,,,,
INTU,Intuit,Tech,enterprise-software,NASDAQ,304.12,+0.04%,-10.33%,-17.79%,-51.23%,-57%,81.271,0.976,18.48,4.27,2875863,20094463,82407863,182.0,3.42,buy,2.06,0.04,100.04,0.04,1000.4,0.4,10004.0,4.0,-10.33,89.67,-10.33,896.7,-103.3,8967.0,-1033.0,-17.79,82.21,-17.79,822.1,-177.9,8221.0,-1779.0,-51.23,48.77,-51.23,487.7,-512.3,4877.0,-5123.0,-57.0,43.0,-57.0,430.0,-570.0,4300.0,-5700.0,Bill Harris Launches AI Financial Advice App,Wealth Management,2026-09-21,0.0,INTU's Big Bets Keep Scaling: Can These Become Its Main Growth Engine?,Zacks,2026-09-21,0.382,Intuit Stock Analysis: Why Street Sees 34% Upside.,TIKR,2026-09-20,0.0,,,,,,,,,,
CRWD,CrowdStrike,Tech,cybersecurity,NASDAQ,249.35,+5.15%,+5.94%,+30.77%,+119.90%,+93%,255.318,1.255,4987.0,10.16,13270075,74020175,259182375,,2.41,buy,1.7,5.15,105.15,5.15,1051.5,51.5,10515.0,515.0,5.94,105.94,5.94,1059.4,59.4,10594.0,594.0,30.77,130.77,30.77,1307.7,307.7,13077.0,3077.0,119.9,219.9,119.9,2199.0,1199.0,21990.0,11990.0,93.0,193.0,93.0,1930.0,930.0,19300.0,9300.0,3 U.S. Growth Stocks Facing The Biggest AI Spending Test Right Now,Simply Wall St.,2026-09-21,0.382,Here Are Stocks That Hit All-Time Highs Today,The Wall Street Journal,2026-09-21,0.0,"Cybersecurity Stocks Extend Gains on AI Safety Warnings: CrowdStrike and Okta Rise 4%, Palo Alto Ticks Up",24/7 Wall St.,2026-09-21,0.572,,,,,,,,,,
PANW,Palo Alto Networks,Tech,cybersecurity,NASDAQ,371.76,+2.41%,-0.58%,+5.94%,+107.26%,+75%,304.1,0.908,929.4,6.64,5136650,36936850,140609650,,2.65,buy,1.69,2.41,102.41,2.41,1024.1,24.1,10241.0,241.0,-0.58,99.42,-0.58,994.2,-5.8,9942.0,-58.0,5.94,105.94,5.94,1059.4,59.4,10594.0,594.0,107.26,207.26,107.26,2072.6,1072.6,20726.0,10726.0,75.0,175.0,75.0,1750.0,750.0,17500.0,7500.0,3 U.S. Growth Stocks Facing The Biggest AI Spending Test Right Now,Simply Wall St.,2026-09-21,0.382,3 Reasons to Sell PANW and 1 Stock to Buy Instead,StockStory,2026-09-21,0.0,Palo Alto Jumps 2.4% as S&P 100 Meets AI Security Growth,GuruFocus.com,2026-09-21,0.612,,,,,,,,,,
NET,Cloudflare,Tech,cybersecurity,NYSE,351.67,+8.79%,+6.45%,+25.44%,+79.41%,+42%,125.222,1.664,,3.44,3854772,16967972,63385372,,2.39,buy,1.94,8.79,108.79,8.79,1087.9,87.9,10879.0,879.0,6.45,106.45,6.45,1064.5,64.5,10645.0,645.0,25.44,125.44,25.44,1254.4,254.4,12544.0,2544.0,79.41,179.41,79.41,1794.1,794.1,17941.0,7941.0,42.0,142.0,42.0,1420.0,420.0,14200.0,4200.0,Here Are Stocks That Hit All-Time Highs Today,The Wall Street Journal,2026-09-21,0.0,"Fastly Soars 14% on AI Firewall Launch; Cloudflare Climbs 7%, Datadog Rises 5%",24/7 Wall St.,2026-09-21,0.0,Is It Worth Investing in Cloudflare (NET) Based on Wall Street's Bullish Views?,Zacks,2026-09-21,0.226,9,buy,0.65,"YTD +65.09%, analyst buy, news sentiment 0.278, cybersecurity demand and network edge expansion.",YTD return +65%; buy consensus; positive sentiment; cybersecurity tailwinds,,,,,
FTNT,Fortinet,Tech,cybersecurity,NASDAQ,175.23,+2.59%,+2.97%,+15.29%,+125.00%,+100%,128.568,1.059,61.7,5.12,3141693,29646293,93149793,,2.23,hold,2.77,2.59,102.59,2.59,1025.9,25.9,10259.0,259.0,2.97,102.97,2.97,1029.7,29.7,10297.0,297.0,15.29,115.29,15.29,1152.9,152.9,11529.0,1529.0,125.0,225.0,125.0,2250.0,1250.0,22500.0,12500.0,100.0,200.0,100.0,2000.0,1000.0,20000.0,10000.0,Here Are Stocks That Hit All-Time Highs Today,The Wall Street Journal,2026-09-21,0.0,Fortinet (FTNT) is a Great Momentum Stock: Should You Buy?,Zacks,2026-09-21,0.625,5 Top-Ranked Stocks Likely to Deliver Earnings Beats,Zacks,2026-09-21,0.0,,,,,,,,,,
NFLX,Netflix,Tech,consumer-platform,NASDAQ,73.36,+1.97%,-8.67%,-8.31%,-19.38%,-42%,305.467,1.526,23.07,39.98,36838439,232683539,630429739,,2.21,buy,1.8,1.97,101.97,1.97,1019.7,19.7,10197.0,197.0,-8.67,91.33,-8.67,913.3,-86.7,9133.0,-867.0,-8.31,91.69,-8.31,916.9,-83.1,9169.0,-831.0,-19.38,80.62,-19.38,806.2,-193.8,8062.0,-1938.0,-42.0,58.0,-42.0,580.0,-420.0,5800.0,-4200.0,Netflix (NFLX) Laps the Stock Market: Here's Why,Zacks,2026-09-21,0.0,Wells Fargo Cuts Netflix (NFLX) to Underweight as its 2026 Slide Deepens,Insider Monkey,2026-09-21,-0.052,Has The Price For Amazon Stock Already Peaked?,Trefis,2026-09-21,0.178,,,,,,,,,,
SHOP,Shopify,Tech,consumer-platform,NYSE,137.92,+7.26%,+3.01%,-7.93%,-12.26%,-18%,178.972,2.616,93.19,9.18,15964732,46644532,169685532,,1.53,buy,1.69,7.26,107.26,7.26,1072.6,72.6,10726.0,726.0,3.01,103.01,3.01,1030.1,30.1,10301.0,301.0,-7.93,92.07,-7.93,920.7,-79.3,9207.0,-793.0,-12.26,87.74,-12.26,877.4,-122.6,8774.0,-1226.0,-18.0,82.0,-18.0,820.0,-180.0,8200.0,-1800.0,Shopify to Use Meta’s Muse for Agentic Checkout,The Wall Street Journal,2026-09-21,0.0,Cathie Wood Makes a Big AI Bet and Cuts Bitcoin Exposure,GuruFocus.com,2026-09-21,-0.296,Is MercadoLibre Stock As Cheap As Its Cash Says?,Trefis,2026-09-21,0.0,,,,,,,,,,
SPOT,Spotify,Tech,consumer-platform,NYSE,516.77,+1.16%,-7.11%,-3.92%,-10.13%,-31%,106.239,1.586,28.33,1.74,1509235,7570035,28876935,,3.88,buy,1.55,1.16,101.16,1.16,1011.6,11.6,10116.0,116.0,-7.11,92.89,-7.11,928.9,-71.1,9289.0,-711.0,-3.92,96.08,-3.92,960.8,-39.2,9608.0,-392.0,-10.13,89.87,-10.13,898.7,-101.3,8987.0,-1013.0,-31.0,69.0,-31.0,690.0,-310.0,6900.0,-3100.0,"The 3 Tech Laggards Are Top Stock Picks, UBS Says",Barrons.com,2026-09-18,0.202,"Spotify set for growth, BofA says, citing new monetization tools",Proactive,2026-09-18,0.382,APPS or SPOT: Which Is the Better Value Stock Right Now?,Zacks,2026-09-18,0.649,,,,,,,,,,
UBER,Uber,Tech,consumer-platform,NYSE,70.84,+0.34%,-2.46%,-10.66%,-14.51%,-29%,144.695,1.159,15.54,19.35,16631377,90532477,355528977,,2.29,buy,1.58,0.34,100.34,0.34,1003.4,3.4,10034.0,34.0,-2.46,97.54,-2.46,975.4,-24.6,9754.0,-246.0,-10.66,89.34,-10.66,893.4,-106.6,8934.0,-1066.0,-14.51,85.49,-14.51,854.9,-145.1,8549.0,-1451.0,-29.0,71.0,-29.0,710.0,-290.0,7100.0,-2900.0,Auto & Transport Roundup: Market Talk,The Wall Street Journal,2026-09-21,0.0,Chewy vs. Uber Technologies: Which Consumer Stock Is a Better Buy in 2026?,Motley Fool,2026-09-21,0.44,Why Is Uber Technologies (UBER) Back In Focus After Its $15 Billion Deal Progress?,Simply Wall St.,2026-09-21,0.421,,,,,,,,,,
CSCO,Cisco Systems,Tech,hardware-infra,NASDAQ,111.46,+1.82%,+1.27%,+1.12%,+47.93%,+62%,439.441,0.992,33.47,20.71,21354976,109927976,308003576,153.0,1.41,buy,1.82,1.82,101.82,1.82,1018.2,18.2,10182.0,182.0,1.27,101.27,1.27,1012.7,12.7,10127.0,127.0,1.12,101.12,1.12,1011.2,11.2,10112.0,112.0,47.93,147.93,47.93,1479.3,479.3,14793.0,4793.0,62.0,162.0,62.0,1620.0,620.0,16200.0,6200.0,How Far Could Zoom Communications Stock Fall In A Real Market Shock?,Trefis,2026-09-21,-0.382,Cisco Moves Higher as Splunk Takes Agents Behind the Firewall,GuruFocus.com,2026-09-21,0.0,DELL Rides on Growing AI Clientele: Can the Stock Outpace SMCI & CSCO?,Zacks,2026-09-21,0.178,,,,,,,,,,
PLTR,Palantir Technologies,Tech,hardware-infra,NASDAQ,183.09,+3.22%,+5.64%,+4.09%,+9.07%,-1%,439.976,1.621,156.49,39.35,21901618,137128518,557809318,,3.03,buy,1.81,3.22,103.22,3.22,1032.2,32.2,10322.0,322.0,5.64,105.64,5.64,1056.4,56.4,10564.0,564.0,4.09,104.09,4.09,1040.9,40.9,10409.0,409.0,9.07,109.07,9.07,1090.7,90.7,10907.0,907.0,-1.0,99.0,-1.0,990.0,-10.0,9900.0,-100.0,"Palantir's Alex Karp says AI's biggest names may never IPO — the play is telling Washington 'nationalize us, please'",Moneywise,2026-09-21,0.572,Palantir Climbs as CEO Sends Blunt Message to AI Industry,GuruFocus.com,2026-09-21,0.0,Cathie Wood Makes a Big AI Bet and Cuts Bitcoin Exposure,GuruFocus.com,2026-09-21,-0.296,,,,,,,,,,
