ticker,company_name,sector,category,exchange,price_usd,change_1d,change_1w,change_1m,change_ytd,return_1yr,market_cap_usd_b,beta,pe_ratio,avg_volume_m,vol_1d,vol_1w,vol_1m,div_yield_pct,short_pct,analyst,analyst_score,pct_1d,val_100_1d,profit_100_1d,val_1000_1d,profit_1000_1d,val_10000_1d,profit_10000_1d,pct_1w,val_100_1w,profit_100_1w,val_1000_1w,profit_1000_1w,val_10000_1w,profit_10000_1w,pct_1m,val_100_1m,profit_100_1m,val_1000_1m,profit_1000_1m,val_10000_1m,profit_10000_1m,pct_ytd,val_100_ytd,profit_100_ytd,val_1000_ytd,profit_1000_ytd,val_10000_ytd,profit_10000_ytd,pct_1y,val_100_1y,profit_100_1y,val_1000_1y,profit_1000_1y,val_10000_1y,profit_10000_1y,news1_title,news1_publisher,news1_date,news1_sentiment,news2_title,news2_publisher,news2_date,news2_sentiment,news3_title,news3_publisher,news3_date,news3_sentiment,signal_rank,signal,signal_confidence,signal_rationale,signal_drivers,portfolio_held,portfolio_quantity,portfolio_avg_price,portfolio_ppl,portfolio_total_value
SNDK,SanDisk Corporation,AI,memory,NASDAQ,1288.03,+6.89%,+0.77%,-26.16%,+367.97%,+2758%,190.745,,43.99,13.87,14317240,110924140,336445340,,8.28,buy,1.61,6.89,106.89,6.89,1068.9,68.9,10689.0,689.0,0.77,100.77,0.77,1007.7,7.7,10077.0,77.0,-26.16,73.84,-26.16,738.4,-261.6,7384.0,-2616.0,367.97,467.97,367.97,4679.7,3679.7,46797.0,36797.0,2758.0,2858.0,2758.0,28580.0,27580.0,285800.0,275800.0,Semiconductor stocks pare losses amid fears of increased competition from China,Yahoo Finance,2026-08-03,-0.527,AMD vs. Sandisk: Which company will get some post-earnings market love?,Yahoo Finance Video,2026-08-03,0.637,Dow Jones Futures: Trump Sparks Stock Market Rally; Palantir Soars On Earnings With SpaceX On Deck,Investor's Business Daily,2026-08-03,0.0,,,,,,,,,,
WDC,Western Digital,AI,memory,NASDAQ,527.22,-1.82%,+5.88%,-8.70%,+181.09%,+605%,181.723,2.217,31.51,8.35,8245527,45884327,155305627,11.0,7.61,strong_buy,1.5,-1.82,98.18,-1.82,981.8,-18.2,9818.0,-182.0,5.88,105.88,5.88,1058.8,58.8,10588.0,588.0,-8.7,91.3,-8.7,913.0,-87.0,9130.0,-870.0,181.09,281.09,181.09,2810.9,1810.9,28109.0,18109.0,605.0,705.0,605.0,7050.0,6050.0,70500.0,60500.0,"Amazon, Apple, Boeing, Micron, Bristol Myers, GameStop, SpaceX, and More Stocks That Explain Today’s Market",Barrons.com,2026-08-03,0.178,Buy Sandisk Stock Before Q4 Earnings? Here's What to Know,Zacks,2026-08-03,0.0,Atlassian to Post Q4 Earnings: What's in Store for the Stock?,Zacks,2026-08-03,0.0,8,strong_buy,0.8,"WDC has YTD +190.49%, P/E 32.57, strong_buy rating, and positive news sentiment 0.19. Memory demand is supported by AI and cloud capex, with Samsung warning of shortages into 2028 [memeburn.com](https://memeburn.com/why-ai-sandisk-stock-and-micron-stock-surged/).",YTD +190.49%; P/E 32.57; Strong buy consensus; Memory shortage catalyst,,,,,
285A,Kioxia Holdings,AI,memory,TSE,312.83,+24.71%,-9.88%,-40.98%,+333.13%,+1852%,171.192,,48.72,40.27,69465900,288271500,1024960200,,,buy,1.62,24.71,124.71,24.71,1247.1,247.1,12471.0,2471.0,-9.88,90.12,-9.88,901.2,-98.8,9012.0,-988.0,-40.98,59.02,-40.98,590.2,-409.8,5902.0,-4098.0,333.13,433.13,333.13,4331.3,3331.3,43313.0,33313.0,1852.0,1952.0,1852.0,19520.0,18520.0,195200.0,185200.0,Kioxia Could Plan Dividends and Buybacks After Stock’s 65% Plunge,BeInCrypto,2026-07-30,0.0,Even $64 Billion in Quarterly Profit Is a Disappointment for Chip Investors,The Wall Street Journal,2026-07-30,-0.103,Asian Markets Seeing Rotation Away From Tech,The Wall Street Journal,2026-07-29,0.0,,,,,,,,,,
MU,Micron Technology,AI,memory,NASDAQ,829.5,+2.09%,-7.85%,-15.77%,+163.13%,+664%,936.832,2.213,18.73,53.66,42015788,290234288,974043688,6.0,3.21,strong_buy,1.42,2.09,102.09,2.09,1020.9,20.9,10209.0,209.0,-7.85,92.15,-7.85,921.5,-78.5,9215.0,-785.0,-15.77,84.23,-15.77,842.3,-157.7,8423.0,-1577.0,163.13,263.13,163.13,2631.3,1631.3,26313.0,16313.0,664.0,764.0,664.0,7640.0,6640.0,76400.0,66400.0,Semiconductor stocks pare losses amid fears of increased competition from China,Yahoo Finance,2026-08-03,-0.527,"Amazon, Apple, Boeing, Micron, Bristol Myers, GameStop, SpaceX, and More Stocks That Explain Today’s Market",Barrons.com,2026-08-03,0.178,Micron Stock Rises Despite Rising Competition From Chinese Memory Chip,Barrons.com,2026-08-03,0.0,,,,,,,,,,
STX,Seagate Technology,AI,memory,NASDAQ,831.06,-2.27%,+1.72%,-4.28%,+189.73%,+453%,188.029,2.102,59.92,4.7,5307577,37029877,114676477,35.0,3.72,strong_buy,1.44,-2.27,97.73,-2.27,977.3,-22.7,9773.0,-227.0,1.72,101.72,1.72,1017.2,17.2,10172.0,172.0,-4.28,95.72,-4.28,957.2,-42.8,9572.0,-428.0,189.73,289.73,189.73,2897.3,1897.3,28973.0,18973.0,453.0,553.0,453.0,5530.0,4530.0,55300.0,45300.0,BNP Paribas Resets Seagate Target After Stunning AI Signal,GuruFocus.com,2026-08-03,0.382,Buy Sandisk Stock Before Q4 Earnings? Here's What to Know,Zacks,2026-08-03,0.0,"Seagate and Western Digital Dive 6%, SK Hynix and Micron Slide 5% as Memory Stocks Cool",24/7 Wall St.,2026-08-03,0.318,9,strong_buy,0.79,"STX has YTD +198.47%, strong_buy consensus, and the highest news sentiment in the universe at 0.326. Recent strong Q4 results and guidance support the outlook.",YTD +198.47%; News sentiment 0.326; Strong buy consensus; Q4 beat,,,,,
MRVL,Marvell Technology,AI,memory,NASDAQ,193.77,+4.42%,+2.43%,-22.24%,+117.09%,+145%,173.922,2.246,66.59,41.63,20536824,132042624,515449524,13.0,4.34,strong_buy,1.42,4.42,104.42,4.42,1044.2,44.2,10442.0,442.0,2.43,102.43,2.43,1024.3,24.3,10243.0,243.0,-22.24,77.76,-22.24,777.6,-222.4,7776.0,-2224.0,117.09,217.09,117.09,2170.9,1170.9,21709.0,11709.0,145.0,245.0,145.0,2450.0,1450.0,24500.0,14500.0,Semiconductor stocks pare losses amid fears of increased competition from China,Yahoo Finance,2026-08-03,-0.527,Marvell (MRVL) Is Putting $250 Million Into India To Grow AI Chip R and D,Simply Wall St.,2026-08-03,0.0,FTSE 100 Live: London lagging as AstraZeneca plunges and commodities slip,Proactive,2026-08-03,-0.273,,,,,,,,,,
P,Everpure,AI,memory,NYSE,80.14,+8.15%,+7.99%,+3.10%,+16.13%,+37%,26.639,1.414,121.42,3.34,1905771,12517271,48351871,,4.43,none,,8.15,108.15,8.15,1081.5,81.5,10815.0,815.0,7.99,107.99,7.99,1079.9,79.9,10799.0,799.0,3.1,103.1,3.1,1031.0,31.0,10310.0,310.0,16.13,116.13,16.13,1161.3,161.3,11613.0,1613.0,37.0,137.0,37.0,1370.0,370.0,13700.0,3700.0,1 of Wall Street’s Favorite Stocks Worth Your Attention and 2 We Question,StockStory,2026-08-01,0.599,STX vs. P: Which Storage Stock Deserves a Spot in Your Portfolio?,Zacks,2026-07-31,0.0,Is STX Stock Still Attractive After Its Massive 2026 Price Rally?,Zacks,2026-07-30,0.44,,,,,,,,,,
RR.,Rolls-Royce Holdings,AI,nuclear-ops,LSE,20.24,+2.66%,+6.59%,+0.17%,+25.89%,+35%,1.672,1.19,41.86,26.41,55668144,146058033,473291316,75.0,,buy,1.6,2.66,102.66,2.66,1026.6,26.6,10266.0,266.0,6.59,106.59,6.59,1065.9,65.9,10659.0,659.0,0.17,100.17,0.17,1001.7,1.7,10017.0,17.0,25.89,125.89,25.89,1258.9,258.9,12589.0,2589.0,35.0,135.0,35.0,1350.0,350.0,13500.0,3500.0,Are Aerospace Stocks Lagging  ATI INC (ATI) This Year?,Zacks,2026-08-03,-0.273,‘All-British’ fighter jet to use American engine after BAE and Rolls-Royce clash,The Telegraph,2026-08-02,0.153,"Boeing’s $21 billion B-52 upgrade faces cost overruns, delays, GAO says",Investing.com,2026-07-31,0.0,,,,,,,,,,
CEG,Constellation Energy,AI,nuclear-ops,NASDAQ,273.71,+2.78%,+1.37%,+11.32%,-25.05%,-26%,97.743,1.118,23.78,3.67,2322159,13255759,57425759,65.0,3.33,buy,1.52,2.78,102.78,2.78,1027.8,27.8,10278.0,278.0,1.37,101.37,1.37,1013.7,13.7,10137.0,137.0,11.32,111.32,11.32,1113.2,113.2,11132.0,1132.0,-25.05,74.95,-25.05,749.5,-250.5,7495.0,-2505.0,-26.0,74.0,-26.0,740.0,-260.0,7400.0,-2600.0,Constellation Energy vs. Vistra: Which Utilities Stock Is a Better Buy in 2026?,Motley Fool,2026-08-03,0.612,This Is The Best-Performing Nuclear Stock Now Even As Peers Are Losing Value,Stocktwits,2026-08-03,-0.052,El Niño Hits the Panama Canal,Barrons.com,2026-07-31,0.0,5,buy,0.78,"CEG has strong 1M momentum (+11.10%), P/E 22.83, and high news sentiment 0.285. Nuclear power is increasingly critical for AI data centres, and the stock is the best-performing nuclear name.",1M +11.10%; P/E 22.83; News sentiment 0.285; Nuclear AI demand,,,,,
VST,Vistra Corp,AI,nuclear-ops,NYSE,155.94,+5.15%,-0.73%,-0.81%,-5.36%,-31%,52.58,1.433,26.03,4.79,3503988,23273488,84769488,62.0,4.32,strong_buy,1.35,5.15,105.15,5.15,1051.5,51.5,10515.0,515.0,-0.73,99.27,-0.73,992.7,-7.3,9927.0,-73.0,-0.81,99.19,-0.81,991.9,-8.1,9919.0,-81.0,-5.36,94.64,-5.36,946.4,-53.6,9464.0,-536.0,-31.0,69.0,-31.0,690.0,-310.0,6900.0,-3100.0,"Eversource Energy Q2 Earnings Lag Estimates, Revenues Rise Y/Y",Zacks,2026-08-03,-0.077,Constellation Energy vs. Vistra: Which Utilities Stock Is a Better Buy in 2026?,Motley Fool,2026-08-03,0.612,This Is The Best-Performing Nuclear Stock Now Even As Peers Are Losing Value,Stocktwits,2026-08-03,-0.052,,,,,,,,,,
TLN,Talen Energy,AI,nuclear-ops,NASDAQ,344.49,+1.69%,-0.74%,-8.81%,-13.17%,-14%,16.465,1.673,,0.83,747559,4379159,13892159,,5.9,buy,1.59,1.69,101.69,1.69,1016.9,16.9,10169.0,169.0,-0.74,99.26,-0.74,992.6,-7.4,9926.0,-74.0,-8.81,91.19,-8.81,911.9,-88.1,9119.0,-881.0,-13.17,86.83,-13.17,868.3,-131.7,8683.0,-1317.0,-14.0,86.0,-14.0,860.0,-140.0,8600.0,-1400.0,All You Need to Know About Talen Energy Corporation (TLN) Rating Upgrade to Strong Buy,Zacks,2026-07-30,0.66,"Zacks Industry Outlook Highlights Bloom Energy, Talen Energy and Montauk Renewables",Zacks,2026-07-30,0.494,Talen Energy Corporation (TLN) Reports Next Week: Wall Street Expects Earnings Growth,Zacks,2026-07-29,0.572,,,,,,,,,,
BEP,Brookfield Renewable,AI,nuclear-ops,NYSE,33.68,+3.27%,+4.82%,-0.33%,+23.36%,+25%,16.418,0.996,,0.91,477255,4103255,21865955,480.0,0.4,buy,2.27,3.27,103.27,3.27,1032.7,32.7,10327.0,327.0,4.82,104.82,4.82,1048.2,48.2,10482.0,482.0,-0.33,99.67,-0.33,996.7,-3.3,9967.0,-33.0,23.36,123.36,23.36,1233.6,233.6,12336.0,2336.0,25.0,125.0,25.0,1250.0,250.0,12500.0,2500.0,3 Ultra-High-Yield Energy Stocks to Hold Forever,Motley Fool,2026-08-02,0.273,Bloom Energy Is Soaring: Is There a Better Way To Play The AI Power Boom?,Motley Fool,2026-08-01,0.751,Brookfield Renewable Partners L.P. Q2 2026 Earnings Call Summary,Moby,2026-07-31,0.0,,,,,,,,,,
BEPC,Brookfield Renewable Corp,AI,nuclear-ops,NYSE,34.16,+2.34%,+4.79%,-6.72%,-12.74%,-3%,6.23,1.166,,1.59,1394689,9694089,36710589,470.0,,hold,3.2,2.34,102.34,2.34,1023.4,23.4,10234.0,234.0,4.79,104.79,4.79,1047.9,47.9,10479.0,479.0,-6.72,93.28,-6.72,932.8,-67.2,9328.0,-672.0,-12.74,87.26,-12.74,872.6,-127.4,8726.0,-1274.0,-3.0,97.0,-3.0,970.0,-30.0,9700.0,-300.0,Brookfield Renewable Q2 Earnings Call Highlights,MarketBeat,2026-07-31,0.0,Brookfield Renewable Corporation Q2 2026 Earnings Call Summary,Moby,2026-07-31,0.0,"Compared to Estimates, Brookfield Renewable (BEP) Q2 Earnings: A Look at Key Metrics",Zacks,2026-07-31,0.0,,,,,,,,,,
GEV,GE Vernova,AI,smr,NYSE,1006.76,+2.19%,+1.02%,-12.61%,+48.43%,+49%,268.134,1.033,28.88,2.87,1793149,14877949,62305149,20.0,3.8,buy,1.58,2.19,102.19,2.19,1021.9,21.9,10219.0,219.0,1.02,101.02,1.02,1010.2,10.2,10102.0,102.0,-12.61,87.39,-12.61,873.9,-126.1,8739.0,-1261.0,48.43,148.43,48.43,1484.3,484.3,14843.0,4843.0,49.0,149.0,49.0,1490.0,490.0,14900.0,4900.0,FLNC Stock Plummets 52% in 6 Months: Should You Buy in the Dip?,Zacks,2026-08-03,0.0,Why Did AirJoule Stock Pop Today?,Motley Fool,2026-08-03,0.0,How AI-Driven Power Demand and Wind Cost Pressures At GE Vernova (GEV) Has Changed Its Investment Story,Simply Wall St.,2026-08-03,-0.421,,,,,,,,,,
BWXT,BWX Technologies,AI,smr,NYSE,173.79,+2.96%,-1.55%,-11.73%,-4.17%,+9%,15.922,0.76,46.34,1.0,972823,4957223,18648423,62.0,4.13,buy,1.81,2.96,102.96,2.96,1029.6,29.6,10296.0,296.0,-1.55,98.45,-1.55,984.5,-15.5,9845.0,-155.0,-11.73,88.27,-11.73,882.7,-117.3,8827.0,-1173.0,-4.17,95.83,-4.17,958.3,-41.7,9583.0,-417.0,9.0,109.0,9.0,1090.0,90.0,10900.0,900.0,BWX’s (NYSE:BWXT) Q2 CY2026 Earnings Results: Revenue In Line With Expectations,StockStory,2026-08-03,0.0,Earnings To Watch: BWX (BWXT) Reports Q2 Results Tomorrow,StockStory,2026-08-02,0.0,3 Market-Beating Stocks to Target This Week,StockStory,2026-07-31,0.0,,,,,,,,,,
SMR,NuScale Power,AI,smr,NYSE,9.01,+7.78%,+5.50%,-6.24%,-44.76%,-81%*,3.118,2.306,,33.11,27615823,160243523,620366623,,23.15,hold,2.56,7.78,107.78,7.78,1077.8,77.8,10778.0,778.0,5.5,105.5,5.5,1055.0,55.0,10550.0,550.0,-6.24,93.76,-6.24,937.6,-62.4,9376.0,-624.0,-44.76,55.24,-44.76,552.4,-447.6,5524.0,-4476.0,-81.0,19.0,-81.0,190.0,-810.0,1900.0,-8100.0,Better Small Modular Reactor Stock: NuScale Power vs. GE Vernova,Motley Fool,2026-08-03,0.44,Here's How to Play NuScale Stock Before Q2 Earnings Release,Zacks,2026-08-03,0.34,NuScale Power's Next Earnings Report on Aug. 5 Could Send the Stock Soaring. Here's Why.,Motley Fool,2026-08-02,0.0,,,,,,,,,,
OKLO,Oklo Inc,AI,smr,NYSE,41.22,+6.24%,-1.41%,-20.49%,-47.02%,-49%*,7.172,1.201,,11.75,8445768,44531168,182948468,,18.39,buy,2.04,6.24,106.24,6.24,1062.4,62.4,10624.0,624.0,-1.41,98.59,-1.41,985.9,-14.1,9859.0,-141.0,-20.49,79.51,-20.49,795.1,-204.9,7951.0,-2049.0,-47.02,52.98,-47.02,529.8,-470.2,5298.0,-4702.0,-49.0,51.0,-49.0,510.0,-490.0,5100.0,-4900.0,Here's How to Play NuScale Stock Before Q2 Earnings Release,Zacks,2026-08-03,0.34,"If Wall Street Is Wrong About AI, Would Oklo Still Be Worth Buying?",Motley Fool,2026-08-03,-0.296,Oklo (OKLO) Stock Looks Above Fair Value Following DOE Reactor Approval,Simply Wall St.,2026-08-03,0.778,,,,,,,,,,
NNE,NANO Nuclear Energy,AI,smr,NASDAQ,17.58,+10.50%,+4.71%,-12.93%,-36.33%,-55%*,0.944,5.409,,2.78,2575009,11147809,45087609,,33.42,buy,1.57,10.5,110.5,10.5,1105.0,105.0,11050.0,1050.0,4.71,104.71,4.71,1047.1,47.1,10471.0,471.0,-12.93,87.07,-12.93,870.7,-129.3,8707.0,-1293.0,-36.33,63.67,-36.33,636.7,-363.3,6367.0,-3633.0,-55.0,45.0,-55.0,450.0,-550.0,4500.0,-5500.0,"This $17 Nuclear Stock Could Turn $5,000 Into a Fortune",Motley Fool,2026-08-01,0.0,Nano Nuclear Energy Surges: What's Driving the Rally Today?,Motley Fool,2026-07-31,0.273,NANO Nuclear Energy shares gain after securing U.S. Air Force contract,InvestorsHub,2026-07-27,0.84,,,,,,,,,,
CCJ,Cameco Corporation,AI,uranium,NYSE,89.72,+4.41%,+0.41%,-7.98%,-8.97%,+15%,39.076,0.992,84.64,3.5,2660373,18881973,80902073,20.0,,buy,1.71,4.41,104.41,4.41,1044.1,44.1,10441.0,441.0,0.41,100.41,0.41,1004.1,4.1,10041.0,41.0,-7.98,92.02,-7.98,920.2,-79.8,9202.0,-798.0,-8.97,91.03,-8.97,910.3,-89.7,9103.0,-897.0,15.0,115.0,15.0,1150.0,150.0,11500.0,1500.0,CCJ Q2 Earnings Call Centers on Discipline and AP1000 Execution,Zacks,2026-08-03,0.0,"News of the day: GDP gains, Ontario nickel mine approval, oilpatch growth, ignoring rate hike risk, Cameco's Westinghouse IPO and more",Financial Post,2026-07-31,0.511,Cameco Corp (CCJ) (Q2 2026) Earnings Call Highlights: Record Uranium Prices and Strategic ...,GuruFocus.com,2026-07-31,0.0,,,,,,,,,,
UEC,Uranium Energy Corp,AI,uranium,NYSE,9.97,+5.63%,+0.61%,-5.85%,-23.95%,+4%,4.887,1.208,,9.99,9262181,45950481,167824481,,14.14,strong_buy,1.44,5.63,105.63,5.63,1056.3,56.3,10563.0,563.0,0.61,100.61,0.61,1006.1,6.1,10061.0,61.0,-5.85,94.15,-5.85,941.5,-58.5,9415.0,-585.0,-23.95,76.05,-23.95,760.5,-239.5,7605.0,-2395.0,4.0,104.0,4.0,1040.0,40.0,10400.0,400.0,Uranium Energy (UEC) Stock Looks Stretched Despite Its 353% Five Year Run,Simply Wall St.,2026-07-31,0.273,Uranium Energy Is Down Sharply in 2026. Here's What the Next 10 Years Could Realistically Look Like.,Motley Fool,2026-07-30,0.557,The Next AI Trade: Fireside Chat with Noble Plains Uranium CEO Drew Zimmerman,IPO-Edge.com,2026-07-29,0.459,,,,,,,,,,
LEU,Centrus Energy,AI,uranium,NYSE,184.76,+4.98%,+4.99%,+6.04%,-32.20%,-16%,3.635,1.35,67.43,0.88,671052,3559952,17694252,,26.55,buy,1.71,4.98,104.98,4.98,1049.8,49.8,10498.0,498.0,4.99,104.99,4.99,1049.9,49.9,10499.0,499.0,6.04,106.04,6.04,1060.4,60.4,10604.0,604.0,-32.2,67.8,-32.2,678.0,-322.0,6780.0,-3220.0,-16.0,84.0,-16.0,840.0,-160.0,8400.0,-1600.0,Centrus Energy (LEU) Stock Looks Fully Priced After a 7x Run,Simply Wall St.,2026-07-31,0.273,Is Centrus Energy Too Cheap to Ignore Right Now?,Motley Fool,2026-07-30,-0.103,Do Lower Earnings Estimates Put Centrus Energy’s (LEU) Nuclear Fuel Growth Narrative to the Test?,Simply Wall St.,2026-07-30,0.103,,,,,,,,,,
VRT,Vertiv Holdings,AI,power-infra,NYSE,263.05,+9.28%,-8.54%,-17.40%,+49.86%,+72%,101.272,2.077,59.51,6.39,9388258,64157058,131897058,10.0,2.92,strong_buy,1.39,9.28,109.28,9.28,1092.8,92.8,10928.0,928.0,-8.54,91.46,-8.54,914.6,-85.4,9146.0,-854.0,-17.4,82.6,-17.4,826.0,-174.0,8260.0,-1740.0,49.86,149.86,49.86,1498.6,498.6,14986.0,4986.0,72.0,172.0,72.0,1720.0,720.0,17200.0,7200.0,"Should Investors Buy, Hold, or Sell Vertiv Stock Post Q2 Earnings?",Zacks,2026-08-03,0.0,Vertiv (VRT) Upgraded to Strong Buy: Here's What You Should Know,Zacks,2026-08-03,0.511,Wall Street Cuts MOD Stock Earnings Outlook: Hold or Sell the Stock?,Zacks,2026-08-03,-0.296,,,,,,,,,,
ETN,Eaton Corporation,AI,power-infra,NYSE,438.23,+5.85%,+9.93%,+6.00%,+34.68%,+8%,170.165,1.177,42.92,2.63,3160026,19083226,50315126,106.0,2.06,buy,1.63,5.85,105.85,5.85,1058.5,58.5,10585.0,585.0,9.93,109.93,9.93,1099.3,99.3,10993.0,993.0,6.0,106.0,6.0,1060.0,60.0,10600.0,600.0,34.68,134.68,34.68,1346.8,346.8,13468.0,3468.0,8.0,108.0,8.0,1080.0,80.0,10800.0,800.0,"Eaton Well-Positioned for Growth Surge Based on Data Center Construction Backlog, RBC Says",MT Newswires,2026-08-03,0.382,ETN Q2 Earnings Call Highlights Ramp Progress and Raised Outlook,Zacks,2026-08-03,0.421,"Starbucks upgraded, eBay downgraded: Wall Street's top analyst calls",The Fly,2026-08-03,0.202,3,buy,0.85,"ETN has solid YTD (+27.60%) and 1D (+6.12%) momentum, P/E 40.67, low short interest 2.06%, and positive news sentiment 0.203. Power infrastructure benefits from AI data centre buildout.",YTD +27.60%; 1D +6.12%; P/E 40.67; News sentiment 0.203,,,,,
POWL,Powell Industries,AI,power-infra,NASDAQ,219.72,+4.59%,+0.22%,-11.42%,+87.14%,+172%,8.005,1.216,42.83,0.77,1333851,5272351,17031051,17.0,9.73,buy,2.25,4.59,104.59,4.59,1045.9,45.9,10459.0,459.0,0.22,100.22,0.22,1002.2,2.2,10022.0,22.0,-11.42,88.58,-11.42,885.8,-114.2,8858.0,-1142.0,87.14,187.14,87.14,1871.4,871.4,18714.0,8714.0,172.0,272.0,172.0,2720.0,1720.0,27200.0,17200.0,"Powell (NASDAQ:POWL) Misses Q2 CY2026 Revenue Estimates, Stock Drops 14.2%",StockStory,2026-08-03,-0.226,What To Expect From Powell’s (POWL) Q2 Earnings,StockStory,2026-08-02,0.0,3 Cash-Heavy Stocks on Our Watchlist,StockStory,2026-07-31,0.0,,,,,,,,,,
EQIX,Equinix,AI,dc-operators,NASDAQ,1031.44,+1.19%,-1.47%,+3.26%,+36.39%,+31%,101.774,0.972,66.59,0.59,513554,3488754,11217354,202.0,2.18,buy,1.53,1.19,101.19,1.19,1011.9,11.9,10119.0,119.0,-1.47,98.53,-1.47,985.3,-14.7,9853.0,-147.0,3.26,103.26,3.26,1032.6,32.6,10326.0,326.0,36.39,136.39,36.39,1363.9,363.9,13639.0,3639.0,31.0,131.0,31.0,1310.0,310.0,13100.0,3100.0,International Markets and Equinix (EQIX): A Deep Dive for Investors,Zacks,2026-08-03,0.0,Loan Investors Are Pushing Back as Fear Rises,Bloomberg,2026-08-01,-0.494,Equinix's Q2 AFFO Beat Estimates on Strong Demand & xScale Fees,Zacks,2026-07-30,0.421,,,,,,,,,,
DLR,Digital Realty,AI,dc-operators,NYSE,191.22,+1.39%,-2.32%,+10.09%,+25.01%,+9%,71.951,1.042,242.05,2.95,1478210,11712910,65217010,259.0,0.01,buy,1.58,1.39,101.39,1.39,1013.9,13.9,10139.0,139.0,-2.32,97.68,-2.32,976.8,-23.2,9768.0,-232.0,10.09,110.09,10.09,1100.9,100.9,11009.0,1009.0,25.01,125.01,25.01,1250.1,250.1,12501.0,2501.0,9.0,109.0,9.0,1090.0,90.0,10900.0,900.0,"Public Storage Q2 FFO Misses on Same-Store NOI Decline, Revenues Beat",Zacks,2026-07-30,-0.226,W.P. Carey's Q2 AFFO Beats Estimates on Investment Activity,Zacks,2026-07-29,0.0,"BXP Q2 FFO & Revenues Beat Estimates on Occupancy Gains, '26 View Up",Zacks,2026-07-29,0.34,6,buy,0.76,"DLR has YTD +23.25%, 1M +6.92%, and extremely low short interest of 0.01%. Despite a high P/E of 238.63, the data centre REIT benefits from strong leasing demand.",YTD +23.25%; 1M +6.92%; Short interest 0.01%; Data centre demand,,,,,
AMT,American Tower,AI,dc-operators,NYSE,173.0,-0.21%,+3.75%,+6.72%,+0.91%,-19%,80.611,0.894,27.86,3.3,1922220,19684420,65776120,403.0,1.89,buy,1.56,-0.21,99.79,-0.21,997.9,-2.1,9979.0,-21.0,3.75,103.75,3.75,1037.5,37.5,10375.0,375.0,6.72,106.72,6.72,1067.2,67.2,10672.0,672.0,0.91,100.91,0.91,1009.1,9.1,10091.0,91.0,-19.0,81.0,-19.0,810.0,-190.0,8100.0,-1900.0,A Dive into American Tower (AMT) International Revenue Trends and Forecasts,Zacks,2026-08-03,0.0,American Tower or Crown Castle? Wall Street’s Clear Pick Between Beaten-Down Tower REITs,24/7 Wall St.,2026-07-29,0.382,How Record CoreSite Leasing And Strong Q2 Results At American Tower (AMT) Have Changed Its Investment Story,Simply Wall St.,2026-07-29,0.511,4,buy,0.82,"AMT offers a 4.03% dividend yield, P/E 27.92, positive news sentiment 0.273, and recent 1M (+4.38%) and 1W (+4.01%) gains. Tower REITs benefit from rising data centre demand.",Dividend yield 4.03%; P/E 27.92; 1M +4.38%; News sentiment 0.273,,,,,
GOOGL,Alphabet (Google),AI,hyperscalers,NASDAQ,373.51,+5.45%,+14.38%,+1.92%,+18.67%,+83%,4568.004,1.237,18.73,32.55,38121117,171728317,638361617,25.0,1.34,strong_buy,1.39,5.45,105.45,5.45,1054.5,54.5,10545.0,545.0,14.38,114.38,14.38,1143.8,143.8,11438.0,1438.0,1.92,101.92,1.92,1019.2,19.2,10192.0,192.0,18.67,118.67,18.67,1186.7,186.7,11867.0,1867.0,83.0,183.0,83.0,1830.0,830.0,18300.0,8300.0,"Why Microsoft, Amazon, & other Big Tech stocks are soaring post-earnings",Yahoo Finance Video,2026-08-03,0.178,"Amazon, Meta, and Microsoft stocks surge as AI hyperscalers post strong earnings results",Yahoo Finance,2026-08-03,0.612,"Stocks are ignoring higher bond yields, but that can't last for 'very long'",Yahoo Finance Video,2026-08-03,-0.214,7,strong_buy,0.88,"GOOGL has a low P/E of 17.86, strong_buy consensus, and strong 1W (+11.38%) and 1D (+6.10%) momentum. Cloud and AI growth support valuation.",P/E 17.86; 1W +11.38%; Strong buy consensus; Cloud growth,,,,,
MSFT,Microsoft,AI,hyperscalers,NASDAQ,487.65,+5.59%,+25.33%,+26.09%,+3.57%,-13%,3621.068,1.099,27.18,40.33,61678582,312163782,786503882,78.0,1.24,strong_buy,1.35,5.59,105.59,5.59,1055.9,55.9,10559.0,559.0,25.33,125.33,25.33,1253.3,253.3,12533.0,2533.0,26.09,126.09,26.09,1260.9,260.9,12609.0,2609.0,3.57,103.57,3.57,1035.7,35.7,10357.0,357.0,-13.0,87.0,-13.0,870.0,-130.0,8700.0,-1300.0,Why Palantir is the 'best' publicly traded tech company,Yahoo Finance Video,2026-08-03,0.637,Big Tech's cloud backlog just hit $2.3 trillion — and it's feeding AI capex plans,Yahoo Finance,2026-08-03,0.0,This valuation signal shows how investors are rethinking tech stocks,Yahoo Finance,2026-08-03,0.0,2,strong_buy,0.91,"MSFT shows exceptional 1M (+20.93%) and 1W (+21.75%) momentum, P/E 25.9, strong_buy rating, and news sentiment 0.219. Web search highlights Azure growth of 43% and $41B quarterly capex, with demand exceeding capacity [memeburn.com](https://memeburn.com/why-ai-sandisk-stock-and-micron-stock-surged/).",Azure growth 43%; $41B quarterly capex; 1M +20.93%; P/E 25.9,,,,,
AMZN,Amazon,AI,hyperscalers,NASDAQ,284.02,+5.00%,+22.75%,+16.33%,+25.40%,+28%,3055.234,1.454,22.83,49.46,86041006,406241206,996897906,,1.09,strong_buy,1.35,5.0,105.0,5.0,1050.0,50.0,10500.0,500.0,22.75,122.75,22.75,1227.5,227.5,12275.0,2275.0,16.33,116.33,16.33,1163.3,163.3,11633.0,1633.0,25.4,125.4,25.4,1254.0,254.0,12540.0,2540.0,28.0,128.0,28.0,1280.0,280.0,12800.0,2800.0,"Tech stocks today: Microsoft, Amazon jump after last week's strong earnings",Yahoo Finance,2026-08-03,0.612,The AI spending boom is hitting a key Wall Street metric: Chart of the Day,Yahoo Finance,2026-08-03,0.0,Here's the single biggest reason the bull market is broadening,Yahoo Finance,2026-08-03,0.0,1,strong_buy,0.92,"AMZN has strong momentum (+19.90% YTD, +17.00% 1W) with a P/E of 21.83 and a strong_buy consensus. Web search confirms AWS revenue surged 37% to $42.2B and capex raised to $220B, reinforcing AI demand [tradingpedia.com](https://www.tradingpedia.com/2026/08/03/amazon-boosts-ai-capex-as-aws-growth-accelerates/).",AWS revenue +37%; Capex raised to $220B; P/E 21.83; Strong buy consensus,,,,,
META,Meta Platforms,AI,hyperscalers,NASDAQ,590.24,+6.56%,-0.61%,-1.67%,-9.09%,-28%,1503.641,1.243,22.22,18.12,24169883,125024283,404309383,38.0,1.72,strong_buy,1.35,6.56,106.56,6.56,1065.6,65.6,10656.0,656.0,-0.61,99.39,-0.61,993.9,-6.1,9939.0,-61.0,-1.67,98.33,-1.67,983.3,-16.7,9833.0,-167.0,-9.09,90.91,-9.09,909.1,-90.9,9091.0,-909.0,-28.0,72.0,-28.0,720.0,-280.0,7200.0,-2800.0,"Why Microsoft, Amazon, & other Big Tech stocks are soaring post-earnings",Yahoo Finance Video,2026-08-03,0.178,"Open-weight AI models add new spark to China, Silicon Valley's AI race",Yahoo Finance Video,2026-08-03,0.226,Tech stock investors have a $1 trillion problem that won't improve until at least 2028,Yahoo Finance,2026-08-03,-0.626,,,,,,,,,,
IREN,Iris Energy,AI,ai-compute,NASDAQ,39.75,+8.25%,+9.53%,-9.47%,-6.91%,+123%*,14.205,4.302,51.62,49.81,42726166,299624466,993371766,,27.09,buy,1.62,8.25,108.25,8.25,1082.5,82.5,10825.0,825.0,9.53,109.53,9.53,1095.3,95.3,10953.0,953.0,-9.47,90.53,-9.47,905.3,-94.7,9053.0,-947.0,-6.91,93.09,-6.91,930.9,-69.1,9309.0,-691.0,123.0,223.0,123.0,2230.0,1230.0,22300.0,12300.0,IREN (NasdaqGS:IREN) Stock May Be Fully Priced On New AI Cloud Contracts,Simply Wall St.,2026-08-03,0.0,IREN (NasdaqGS:IREN) Lands Microsoft And Nvidia AI Cloud Deals Covering Most Revenue Target,Simply Wall St.,2026-08-03,0.0,Mark Zuckerberg Just Explained Why Iren Has an Edge Over Other Neoclouds,Motley Fool,2026-08-03,0.0,,,,,,,,,,
CORZ,Core Scientific,AI,ai-compute,NASDAQ,22.83,+10.68%,+10.08%,+0.13%,+42.78%,+52%*,7.336,5.592,,13.78,23676542,121447542,269039242,,22.56,strong_buy,1.29,10.68,110.68,10.68,1106.8,106.8,11068.0,1068.0,10.08,110.08,10.08,1100.8,100.8,11008.0,1008.0,0.13,100.13,0.13,1001.3,1.3,10013.0,13.0,42.78,142.78,42.78,1427.8,427.8,14278.0,4278.0,52.0,152.0,52.0,1520.0,520.0,15200.0,5200.0,"WULF, CORZ, CLSK Stocks Get A Thumbs Up From B. Riley – MSTR Sees A Price Target Cut",Stocktwits,2026-08-03,-0.273,AMD (AMD) Secures 2.5 Gigawatts With Core Scientific For AI Data Centers,Simply Wall St.,2026-08-03,0.318,Advanced Micro Devices vs. Arm: Which Tech Stock Is a Better Buy in 2026?,Motley Fool,2026-08-02,0.599,,,,,,,,,,
WULF,TeraWulf,AI,ai-compute,NASDAQ,18.83,+6.44%,+4.73%,-15.22%,+47.80%,+261%*,9.331,4.288,,31.75,38923174,201828474,809108474,,24.8,strong_buy,1.28,6.44,106.44,6.44,1064.4,64.4,10644.0,644.0,4.73,104.73,4.73,1047.3,47.3,10473.0,473.0,-15.22,84.78,-15.22,847.8,-152.2,8478.0,-1522.0,47.8,147.8,47.8,1478.0,478.0,14780.0,4780.0,261.0,361.0,261.0,3610.0,2610.0,36100.0,26100.0,"WULF, CORZ, CLSK Stocks Get A Thumbs Up From B. Riley – MSTR Sees A Price Target Cut",Stocktwits,2026-08-03,-0.273,"B. Riley raises TeraWulf price target to $40, sees 124% upside",Blockspace,2026-08-03,0.0,Bitcoin Miners Are Striking It Big With a Pivot Into AI. Here's the 1 Bitcoin Mining Stock I'm Buying Right Now.,Motley Fool,2026-08-03,0.0,,,,,,,,,,
HUT,Hut 8 Mining,AI,ai-compute,NASDAQ,112.08,+4.75%,+7.16%,+8.00%,+118.61%,+408%,12.619,6.108,,4.72,3477323,25399923,89536323,,11.58,strong_buy,1.35,4.75,104.75,4.75,1047.5,47.5,10475.0,475.0,7.16,107.16,7.16,1071.6,71.6,10716.0,716.0,8.0,108.0,8.0,1080.0,80.0,10800.0,800.0,118.61,218.61,118.61,2186.1,1186.1,21861.0,11861.0,408.0,508.0,408.0,5080.0,4080.0,50800.0,40800.0,"WULF, CORZ, CLSK Stocks Get A Thumbs Up From B. Riley – MSTR Sees A Price Target Cut",Stocktwits,2026-08-03,-0.273,"Matt Prusak departs American Bitcoin, joins Giga Energy as chief business officer and interim CFO",Blockspace,2026-08-03,0.273,"Eric Trump-Backed American Bitcoin Tops 8,000 BTC Reserve After Record Quarterly Mining Output",Stocktwits,2026-08-03,0.511,10,strong_buy,0.765,"HUT has YTD +109.93%, strong_buy rating, and 1M +1.74% despite negative news sentiment (-0.2). AI compute demand and data centre expansion provide long-term upside.",YTD +109.93%; Strong buy consensus; AI compute demand; Data centre expansion,,,,,
SMCI,Super Micro Computer,AI,ai-compute,NASDAQ,28.64,+1.69%,-3.92%,+5.33%,-7.49%,-51%,18.527,1.967,15.07,55.13,23074388,173827688,890210388,,19.61,hold,2.84,1.69,101.69,1.69,1016.9,16.9,10169.0,169.0,-3.92,96.08,-3.92,960.8,-39.2,9608.0,-392.0,5.33,105.33,5.33,1053.3,53.3,10533.0,533.0,-7.49,92.51,-7.49,925.1,-74.9,9251.0,-749.0,-51.0,49.0,-51.0,490.0,-510.0,4900.0,-5100.0,"Should Investors Buy, Hold, or Sell Vertiv Stock Post Q2 Earnings?",Zacks,2026-08-03,0.0,"Nasdaq, S&P 500 Futures Rise As Amazon Reignites AI Trade, Apple Slides: Why TSLA, SPCX, RDDT, SMCI, BE, RKLB Are In Focus",Stocktwits,2026-07-31,0.178,Palantir Holds the Edge Ahead of Earnings,GuruFocus.com,2026-07-30,0.0,,,,,,,,,,
DELL,Dell Technologies,AI,ai-compute,NYSE,429.02,+6.62%,+0.49%,+4.35%,+238.77%,+211%,277.208,1.401,34.13,8.86,4051621,30885821,138496721,62.0,4.33,buy,1.78,6.62,106.62,6.62,1066.2,66.2,10662.0,662.0,0.49,100.49,0.49,1004.9,4.9,10049.0,49.0,4.35,104.35,4.35,1043.5,43.5,10435.0,435.0,238.77,338.77,238.77,3387.7,2387.7,33877.0,23877.0,211.0,311.0,211.0,3110.0,2110.0,31100.0,21100.0,Dell (NYSE:DELL) Just Got Closer To June AI Through Michael Dell's Investment,Simply Wall St.,2026-08-03,0.0,Dell Leaps Amid AI Server Demand Surge; Two More Stocks On Watch For Rising Profit,Investor's Business Daily,2026-08-03,0.34,Apple's Record Quarter Ran Into A Memory Bill,Trefis,2026-08-03,0.0,,,,,,,,,,
COHR,Coherent Corp,AI,fibre-optical,NYSE,288.14,+10.48%,+6.20%,-14.17%,+48.27%,+146%,56.371,2.107,137.21,5.82,5527804,32627004,98007704,,5.21,buy,1.64,10.48,110.48,10.48,1104.8,104.8,11048.0,1048.0,6.2,106.2,6.2,1062.0,62.0,10620.0,620.0,-14.17,85.83,-14.17,858.3,-141.7,8583.0,-1417.0,48.27,148.27,48.27,1482.7,482.7,14827.0,4827.0,146.0,246.0,146.0,2460.0,1460.0,24600.0,14600.0,Nvidia Stock Retakes Key Level As Chip Stocks Waver,Investor's Business Daily,2026-08-03,0.0,Coherent (COHR) Stock Trades At A Discount On Cash Flow But A Premium On Earnings,Simply Wall St.,2026-08-03,0.0,2 Cash-Burning Stocks to Target This Week and 1 We Find Risky,StockStory,2026-08-03,-0.202,,,,,,,,,,
LITE,Lumentum Holdings,AI,fibre-optical,NASDAQ,779.89,+10.39%,+9.54%,+6.65%,+101.99%,+542%,60.675,1.513,136.58,5.54,4169101,26359601,90583001,,12.5,buy,1.52,10.39,110.39,10.39,1103.9,103.9,11039.0,1039.0,9.54,109.54,9.54,1095.4,95.4,10954.0,954.0,6.65,106.65,6.65,1066.5,66.5,10665.0,665.0,101.99,201.99,101.99,2019.9,1019.9,20199.0,10199.0,542.0,642.0,542.0,6420.0,5420.0,64200.0,54200.0,Corning Stock Sank 46% in July. Why Wall Street Says It Could Be a Buy Right Now.,Barrons.com,2026-08-03,0.0,"Coherent (COHR) Price Prediction: How Much a $1,000 Investment Could Be Worth by 2027",24/7 Wall St.,2026-08-03,0.226,"Is Lumentum Holdings (LITE) Reasonable, Or Are Expectations Too Rich?",Simply Wall St.,2026-08-03,0.557,,,,,,,,,,
AAOI,Applied Optoelectronics,AI,fibre-optical,NASDAQ,110.21,+18.76%,+12.67%,-10.66%,+178.31%,+325%,8.843,3.787,,11.77,11928510,55614410,185330610,,12.86,buy,2.33,18.76,118.76,18.76,1187.6,187.6,11876.0,1876.0,12.67,112.67,12.67,1126.7,126.7,11267.0,1267.0,-10.66,89.34,-10.66,893.4,-106.6,8934.0,-1066.0,178.31,278.31,178.31,2783.1,1783.1,27831.0,17831.0,325.0,425.0,325.0,4250.0,3250.0,42500.0,32500.0,Applied Optoelectronics (AAOI) Rockets 18% as Investors Eye Another Strong Quarter,Insider Monkey,2026-08-03,0.511,AAOI Stock Just Popped 15%: 3 Reasons Applied Optoelectronics Could Keep Climbing,24/7 Wall St.,2026-08-03,0.0,"Coherent (COHR) Price Prediction: How Much a $1,000 Investment Could Be Worth by 2027",24/7 Wall St.,2026-08-03,0.226,,,,,,,,,,
FN,Fabrinet,AI,fibre-optical,NYSE,455.94,+6.03%,-3.16%,-8.95%,-4.90%,+32%,16.337,1.222,39.2,1.0,759943,4579643,16638243,,7.38,buy,1.78,6.03,106.03,6.03,1060.3,60.3,10603.0,603.0,-3.16,96.84,-3.16,968.4,-31.6,9684.0,-316.0,-8.95,91.05,-8.95,910.5,-89.5,9105.0,-895.0,-4.9,95.1,-4.9,951.0,-49.0,9510.0,-490.0,32.0,132.0,32.0,1320.0,320.0,13200.0,3200.0,Does Owning Celestica Really Diversify Your Portfolio?,Trefis,2026-07-28,0.0,AI Infrastructure Demand is Reshaping Coherent's Growth Story,Zacks,2026-07-28,0.273,"NVT Likely to Beat Q2 Earnings Estimates: Buy, Sell or Hold the Stock?",Zacks,2026-07-28,0.0,,,,,,,,,,
MTSI,MACOM Technology,AI,dsp-semi,NASDAQ,256.1,+2.44%,-2.65%,-21.83%,+46.38%,+80%,19.539,1.71,109.44,1.72,1104234,8709134,31138134,,3.01,buy,1.64,2.44,102.44,2.44,1024.4,24.4,10244.0,244.0,-2.65,97.35,-2.65,973.5,-26.5,9735.0,-265.0,-21.83,78.17,-21.83,781.7,-218.3,7817.0,-2183.0,46.38,146.38,46.38,1463.8,463.8,14638.0,4638.0,80.0,180.0,80.0,1800.0,800.0,18000.0,8000.0,MACOM Technology to Report Q3 Earnings: What's in Store for the Stock?,Zacks,2026-08-03,0.0,MACOM Technology Solutions Holdings (MTSI) Following Its AI Infrastructure Narrative Is The Valuation Too Rich,Simply Wall St.,2026-07-31,0.649,1 Cash-Heavy Stock with Exciting Potential and 2 We Question,StockStory,2026-07-31,0.494,,,,,,,,,,
SMTC,Semtech,AI,dsp-semi,NASDAQ,119.08,+1.45%,-2.01%,-14.26%,+58.22%,+128%,11.092,2.345,,3.55,2363374,12352074,50242974,,8.14,strong_buy,1.36,1.45,101.45,1.45,1014.5,14.5,10145.0,145.0,-2.01,97.99,-2.01,979.9,-20.1,9799.0,-201.0,-14.26,85.74,-14.26,857.4,-142.6,8574.0,-1426.0,58.22,158.22,58.22,1582.2,582.2,15822.0,5822.0,128.0,228.0,128.0,2280.0,1280.0,22800.0,12800.0,Monolithic Power (MPWR) Tops Q2 Earnings and Revenue Estimates,Zacks,2026-07-30,0.511,Is Semtech (SMTC) Undervalued As AI Data Center Growth Fuels Its Story?,Simply Wall St.,2026-07-26,0.382,Is Semtech (SMTC) Still Cheap Or Is Too Much Priced In?,Simply Wall St.,2026-07-26,0.0,,,,,,,,,,
CRDO,Credo Technology,AI,dsp-semi,NASDAQ,218.35,+6.51%,+4.91%,-17.77%,+52.46%,+80%,40.717,3.233,87.34,8.2,4640351,31744551,125936051,,3.62,strong_buy,1.32,6.51,106.51,6.51,1065.1,65.1,10651.0,651.0,4.91,104.91,4.91,1049.1,49.1,10491.0,491.0,-17.77,82.23,-17.77,822.3,-177.7,8223.0,-1777.0,52.46,152.46,52.46,1524.6,524.6,15246.0,5246.0,80.0,180.0,80.0,1800.0,800.0,18000.0,8000.0,Nvidia Stock Retakes Key Level As Chip Stocks Waver,Investor's Business Daily,2026-08-03,0.0,"Credo Technology's Co-Founder and CTO Sold Nearly 30,000 Shares Worth $6.1 Million. What Does That Mean for Investors?",Motley Fool,2026-08-03,0.477,"Should You Buy, Sell, or Hold ALAB Stock Before Q2 Earnings Release?",Zacks,2026-07-31,0.0,,,,,,,,,,
MXL,MaxLinear,AI,dsp-semi,NASDAQ,67.11,+1.59%,+3.47%,-29.86%,+262.56%,+338%,6.086,3.975,,4.52,3377405,18390705,85932305,,5.97,buy,1.82,1.59,101.59,1.59,1015.9,15.9,10159.0,159.0,3.47,103.47,3.47,1034.7,34.7,10347.0,347.0,-29.86,70.14,-29.86,701.4,-298.6,7014.0,-2986.0,262.56,362.56,262.56,3625.6,2625.6,36256.0,26256.0,338.0,438.0,338.0,4380.0,3380.0,43800.0,33800.0,"The Zacks Analyst Blog Highlights MaxLinear, Marvell Technology and Broadcom",Zacks,2026-07-28,0.0,MaxLinear Rides on AI Infrastructure Momentum: More Upside Ahead?,Zacks,2026-07-27,0.0,MaxLinear (MXL) Returns To Profit As AI Data Center Demand Lifts Earnings,Simply Wall St.,2026-07-25,0.34,,,,,,,,,,
KEYS,Keysight Technologies,AI,test-equip,NYSE,321.89,+0.88%,+2.62%,+0.68%,+55.81%,+97%,55.01,1.21,51.75,1.58,831161,5977261,26224861,,2.09,buy,1.67,0.88,100.88,0.88,1008.8,8.8,10088.0,88.0,2.62,102.62,2.62,1026.2,26.2,10262.0,262.0,0.68,100.68,0.68,1006.8,6.8,10068.0,68.0,55.81,155.81,55.81,1558.1,558.1,15581.0,5581.0,97.0,197.0,97.0,1970.0,970.0,19700.0,9700.0,The Quiet Surface of Synopsys Stock Hides a Turbulent Forecast,Trefis,2026-07-31,-0.178,Intel (INTC) Just Expanded Its Foundry Tool Kit For AI Chip Customers,Simply Wall St.,2026-07-30,0.0,Should You Add VIAV Stock to Your Portfolio Ahead of Q4 Earnings?,Zacks,2026-07-30,0.0,,,,,,,,,,
VIAV,Viavi Solutions,AI,test-equip,NASDAQ,37.75,+3.28%,-1.07%,-11.01%,+107.99%,+269%,9.312,1.234,,6.98,4039725,32658425,99593925,,6.78,none,,3.28,103.28,3.28,1032.8,32.8,10328.0,328.0,-1.07,98.93,-1.07,989.3,-10.7,9893.0,-107.0,-11.01,88.99,-11.01,889.9,-110.1,8899.0,-1101.0,107.99,207.99,107.99,2079.9,1079.9,20799.0,10799.0,269.0,369.0,269.0,3690.0,2690.0,36900.0,26900.0,1 Cash-Producing Stock with Promising Prospects and 2 That Underwhelm,StockStory,2026-07-31,0.599,Should You Add VIAV Stock to Your Portfolio Ahead of Q4 Earnings?,Zacks,2026-07-30,0.0,Why Is Viavi Solutions (VIAV) Stock Soaring Today,StockStory,2026-07-21,0.178,,,,,,,,,,
AXTI,AXT Inc,AI,materials,NASDAQ,68.67,+16.81%,+43.42%,+8.11%,+309.73%,+2764%,4.492,1.933,2289.0,9.71,17162031,81626931,208978631,,17.59,buy,1.6,16.81,116.81,16.81,1168.1,168.1,11681.0,1681.0,43.42,143.42,43.42,1434.2,434.2,14342.0,4342.0,8.11,108.11,8.11,1081.1,81.1,10811.0,811.0,309.73,409.73,309.73,4097.3,3097.3,40973.0,30973.0,2764.0,2864.0,2764.0,28640.0,27640.0,286400.0,276400.0,AXT (AXTI) Turns Profitable As AI Demand Story Keeps Undervalued View Alive,Simply Wall St.,2026-07-31,0.612,AXT (AXTI) Is Down 11.3% After Major Indium Phosphide AI Deal And Q2 Earnings Beat,Simply Wall St.,2026-07-31,0.0,"AXTI Q2 Earnings Beat on Record InP Demand, Revenues Rise Y/Y",Zacks,2026-07-31,-0.128,,,,,,,,,,
AMGN,Amgen,Biotech,large-cap,NASDAQ,378.87,-1.87%,+0.69%,+3.39%,+17.32%,+28%,204.479,0.413,26.37,2.7,3235031,14610231,50214131,262.0,2.38,buy,2.44,-1.87,98.13,-1.87,981.3,-18.7,9813.0,-187.0,0.69,100.69,0.69,1006.9,6.9,10069.0,69.0,3.39,103.39,3.39,1033.9,33.9,10339.0,339.0,17.32,117.32,17.32,1173.2,173.2,11732.0,1732.0,28.0,128.0,28.0,1280.0,280.0,12800.0,2800.0,"Amgen contends with data breach, exposing patient information",Pharmaceutical Technology,2026-08-03,-0.273,"Jobs Numbers, SpaceX Earnings: What to Watch This Week",The Wall Street Journal,2026-08-03,0.0,Amgen (AMGN) To Report Earnings Tomorrow: Here Is What To Expect,StockStory,2026-08-03,0.0,8,buy,0.6,"AMGN has +19.26% YTD and a low beta of 0.403, with a 2.6% dividend yield and Q2 earnings expected on Aug 4; however, a recent data breach and hold consensus (an_score 2.44) temper confidence.",+19.26% YTD; dividend yield 2.6%; Q2 earnings catalyst; data breach risk,,,,,
GILD,Gilead Sciences,Biotech,large-cap,NASDAQ,131.15,+0.87%,+0.48%,+1.19%,+9.18%,+14%,162.832,0.336,17.87,7.59,7070360,35033660,138869660,252.0,2.04,buy,1.69,0.87,100.87,0.87,1008.7,8.7,10087.0,87.0,0.48,100.48,0.48,1004.8,4.8,10048.0,48.0,1.19,101.19,1.19,1011.9,11.9,10119.0,119.0,9.18,109.18,9.18,1091.8,91.8,10918.0,918.0,14.0,114.0,14.0,1140.0,140.0,11400.0,1400.0,Gilead Sciences (GILD) Q2 Earnings Report Preview: What To Look For,StockStory,2026-08-03,0.0,"Falling Oil Boosts Wall Street Pre-Bell; Asia Mixed, Europe Up",MT Newswires,2026-08-03,0.178,"Jobs Numbers, SpaceX Earnings: What to Watch This Week",The Wall Street Journal,2026-08-03,0.0,6,buy,0.7,"GILD is heading into Q2 earnings with +8.40% YTD, a low P/E of 17.74, a 2.52% dividend yield, and positive news sentiment of 0.158; analyst consensus is buy (an_score 1.69).",P/E 17.74; dividend yield 2.52%; analyst buy consensus; Q2 earnings catalyst,,,,,
REGN,Regeneron Pharmaceuticals,Biotech,large-cap,NASDAQ,759.24,-0.29%,+13.80%,+16.84%,-1.93%,+33%,78.167,0.188,18.78,1.01,818806,5360106,16527206,49.0,3.53,buy,1.81,-0.29,99.71,-0.29,997.1,-2.9,9971.0,-29.0,13.8,113.8,13.8,1138.0,138.0,11380.0,1380.0,16.84,116.84,16.84,1168.4,168.4,11684.0,1684.0,-1.93,98.07,-1.93,980.7,-19.3,9807.0,-193.0,33.0,133.0,33.0,1330.0,330.0,13300.0,3300.0,REGN Q2 Deep Dive: Pipeline Progress and Product Momentum Drive Outperformance,StockStory,2026-08-01,0.421,Is The Recent Pullback In Alnylam Stock An Opportunity Or A Trap?,Trefis,2026-07-31,0.128,AbbVie Earnings Beat Forecasts as Skyrizi Sales Soar 24%. Why the Stock Is Falling.,Barrons.com,2026-07-31,-0.153,2,strong_buy,0.82,"REGN Q2 revenue surged 17% to $4.29B with Dupixent sales reaching $6B (+38% YoY), driving a 1M +22.08% and 1W +16.25% rally; analyst consensus is buy with an_score 1.81.",Q2 revenue beat $4.29B; Dupixent +38% YoY; 1M +22.08%; earnings inflection,,,,,
VRTX,Vertex Pharmaceuticals,Biotech,large-cap,NASDAQ,470.72,-1.20%,-1.73%,-11.12%,+4.11%,+1%,119.471,0.305,27.95,1.55,1450928,6807928,30507728,,2.22,buy,1.66,-1.2,98.8,-1.2,988.0,-12.0,9880.0,-120.0,-1.73,98.27,-1.73,982.7,-17.3,9827.0,-173.0,-11.12,88.88,-11.12,888.8,-111.2,8888.0,-1112.0,4.11,104.11,4.11,1041.1,41.1,10411.0,411.0,1.0,101.0,1.0,1010.0,10.0,10100.0,100.0,"Vertex Raises 2026 Guidance, But Shares Dip For One Key Reason",Investor's Business Daily,2026-08-03,0.421,"Vertex Pharmaceuticals (NASDAQ:VRTX) Beats Q2 CY2026 Sales Expectations, Full-Year Outlook Slightly Exceeds Expectations",StockStory,2026-08-03,0.0,"Falling Oil Boosts Wall Street Pre-Bell; Asia Mixed, Europe Up",MT Newswires,2026-08-03,0.178,,,,,,,,,,
BIIB,Biogen,Biotech,large-cap,NASDAQ,201.82,-0.56%,+0.84%,-3.19%,+13.50%,+54%,29.819,0.162,35.91,1.25,940856,7127756,30342156,,4.53,buy,1.86,-0.56,99.44,-0.56,994.4,-5.6,9944.0,-56.0,0.84,100.84,0.84,1008.4,8.4,10084.0,84.0,-3.19,96.81,-3.19,968.1,-31.9,9681.0,-319.0,13.5,113.5,13.5,1135.0,135.0,11350.0,1350.0,54.0,154.0,54.0,1540.0,540.0,15400.0,5400.0,Are These 5 Pharma Stocks Set to Surpass Q2 Earnings Forecasts?,Zacks,2026-08-03,0.0,4 Biotech Stocks Likely to Outpace Q2 Earnings Estimates,Zacks,2026-08-03,0.0,BIIB Q2 Deep Dive: Portfolio Expansion and Pipeline Readouts Drive Upbeat Outlook,StockStory,2026-08-01,0.0,,,,,,,,,,
BMY,Bristol-Myers Squibb,Biotech,large-cap,NYSE,65.47,+0.11%,+4.65%,+15.47%,+25.12%,+44%,133.737,0.225,14.42,11.81,24636623,82990423,244982823,386.0,2.2,hold,2.56,0.11,100.11,0.11,1001.1,1.1,10011.0,11.0,4.65,104.65,4.65,1046.5,46.5,10465.0,465.0,15.47,115.47,15.47,1154.7,154.7,11547.0,1547.0,25.12,125.12,25.12,1251.2,251.2,12512.0,2512.0,44.0,144.0,44.0,1440.0,440.0,14400.0,4400.0,AbbVie's Growth Now Leans On A Single Molecule,Trefis,2026-08-03,0.382,"Amazon, Apple, Boeing, Micron, Bristol Myers, GameStop, SpaceX, and More Stocks That Explain Today’s Market",Barrons.com,2026-08-03,0.178,AstraZeneca Stock Plunges 7.7% on Reported $400 Billion Merger Talks,GuruFocus.com,2026-08-03,0.0,5,buy,0.72,"BMY has strong momentum with +24.82% YTD and +17.02% 1M, a low P/E of 14.39, and a 3.86% dividend yield, though news sentiment is slightly negative (-0.125) on M&A speculation.",+24.82% YTD; P/E 14.39; dividend yield 3.86%; M&A speculation,,,,,
AZN,AstraZeneca,Biotech,uk-listed,LSE,154.43,-8.96%,-10.77%,-20.45%,-15.38%,+13%,2.396,0.211,23.19,2.41,13448074,28569298,72669526,189.0,,buy,1.87,-8.96,91.04,-8.96,910.4,-89.6,9104.0,-896.0,-10.77,89.23,-10.77,892.3,-107.7,8923.0,-1077.0,-20.45,79.55,-20.45,795.5,-204.5,7955.0,-2045.0,-15.38,84.62,-15.38,846.2,-153.8,8462.0,-1538.0,13.0,113.0,13.0,1130.0,130.0,11300.0,1300.0,AstraZeneca Stock Plunges 7.7% on Reported $400 Billion Merger Talks,GuruFocus.com,2026-08-03,0.0,"Wall Street rallies, Dow closes at record on Iran talks optimism",Reuters,2026-08-03,0.542,AstraZeneca Nosedives On A Rumored Megamerger; Is $160 Billion Enough?,Investor's Business Daily,2026-08-03,0.0,,,,,,,,,,
GSK,GSK,Biotech,uk-listed,LSE,25.64,-1.14%,-2.63%,-5.24%,+4.28%,+38%,1.027,0.295,16.18,8.26,5576347,46439505,181373047,352.0,,hold,2.59,-1.14,98.86,-1.14,988.6,-11.4,9886.0,-114.0,-2.63,97.37,-2.63,973.7,-26.3,9737.0,-263.0,-5.24,94.76,-5.24,947.6,-52.4,9476.0,-524.0,4.28,104.28,4.28,1042.8,42.8,10428.0,428.0,38.0,138.0,38.0,1380.0,380.0,13800.0,3800.0,GSK (LSE:GSK) Opens Cambridge Research Hub And Teams Up With Relation Therapeutics,Simply Wall St.,2026-08-01,0.0,"IONS Beats Q2 Earnings & Sales Estimates, Reiterates '26 Outlook",Zacks,2026-07-30,0.0,GSK PLC (GSK) (Q2 2026) Earnings Call Highlights: Strong Sales Growth and Accelerated Pipeline ...,GuruFocus.com,2026-07-30,0.71,10,buy,0.5,"GSK has +38% 1-year return and +5.48% YTD, a low P/E of 16.37, a 3.52% dividend yield, and opened a new Cambridge research hub, though analyst consensus is hold (an_score 2.59).",+38% 1-year return; P/E 16.37; dividend yield 3.52%; Cambridge research hub,,,,,
CRSP,CRISPR Therapeutics,Biotech,gene-editing,NASDAQ,49.57,+3.30%,+6.08%,-19.91%,-7.81%,-19%,4.881,1.738,,1.72,1385337,7769137,34832837,,22.97,buy,2.0,3.3,103.3,3.3,1033.0,33.0,10330.0,330.0,6.08,106.08,6.08,1060.8,60.8,10608.0,608.0,-19.91,80.09,-19.91,800.9,-199.1,8009.0,-1991.0,-7.81,92.19,-7.81,921.9,-78.1,9219.0,-781.0,-19.0,81.0,-19.0,810.0,-190.0,8100.0,-1900.0,"CRISPR Therapeutics (CRSP) Rebounded In Its Latest Session, Is It Still Well Below Fair Value?",Simply Wall St.,2026-08-01,0.7,Morgan Stanley Nearly Doubled Its Price Target for CRISPR Therapeutics. Is the Gene-Editing Stock a No-Brainer Buy?,Motley Fool,2026-07-30,0.0,CRISPR Therapeutics AG (CRSP) Exceeds Market Returns: Some Facts to Consider,Zacks,2026-07-30,0.0,,,,,,,,,,
BEAM,Beam Therapeutics,Biotech,gene-editing,NASDAQ,25.91,+2.03%,+3.35%,-26.64%,-4.53%,+33%,2.666,2.209,,2.26,1293803,7689603,48436603,,34.96,none,,2.03,102.03,2.03,1020.3,20.3,10203.0,203.0,3.35,103.35,3.35,1033.5,33.5,10335.0,335.0,-26.64,73.36,-26.64,733.6,-266.4,7336.0,-2664.0,-4.53,95.47,-4.53,954.7,-45.3,9547.0,-453.0,33.0,133.0,33.0,1330.0,330.0,13300.0,3300.0,"Myriad Genetics (MYGN) Reports Q2 Loss, Misses Revenue Estimates",Zacks,2026-07-30,-0.494,Scribe’s Genetic Editing Aims to Prevent Heart Attacks,Barrons.com,2026-07-30,0.34,Cathie Wood Is Buying This Up-and-Coming Biotech Stock. Should You Follow Her Lead?,Motley Fool,2026-07-20,0.0,,,,,,,,,,
NTLA,Intellia Therapeutics,Biotech,gene-editing,NASDAQ,10.77,+0.37%,+0.94%,-39.63%,+16.94%,-12%,1.505,1.794,,5.67,3311764,17484564,87785264,,41.3,buy,2.37,0.37,100.37,0.37,1003.7,3.7,10037.0,37.0,0.94,100.94,0.94,1009.4,9.4,10094.0,94.0,-39.63,60.37,-39.63,603.7,-396.3,6037.0,-3963.0,16.94,116.94,16.94,1169.4,169.4,11694.0,1694.0,-12.0,88.0,-12.0,880.0,-120.0,8800.0,-1200.0,3 Promising Genomics Stocks to Add to Your Portfolio in 2026,Zacks,2026-07-20,0.402,Intellia Therapeutics (NTLA) Could Be 37% Undervalued After Phase 3 Lonvo Z Success,Simply Wall St.,2026-07-09,0.572,"NTLA Surges 38% in a Month: Should You Buy, Sell or Hold the Stock?",Zacks,2026-07-09,0.0,,,,,,,,,,
EDIT,Editas Medicine,Biotech,gene-editing,NASDAQ,2.65,+1.92%,-1.12%,-27.40%,+29.27%,+1%*,0.407,2.063,,2.49,771014,5777914,37211914,,14.49,buy,2.17,1.92,101.92,1.92,1019.2,19.2,10192.0,192.0,-1.12,98.88,-1.12,988.8,-11.2,9888.0,-112.0,-27.4,72.6,-27.4,726.0,-274.0,7260.0,-2740.0,29.27,129.27,29.27,1292.7,292.7,12927.0,2927.0,1.0,101.0,1.0,1010.0,10.0,10100.0,100.0,Why Is Editas (EDIT) Down 12.4% Since Last Earnings Report?,Zacks,2026-06-04,0.0,CRISPR Therapeutics vs. Editas Medicine: Which Gene Editing Stock Is a Better Buy in 2026?,Motley Fool,2026-05-31,0.44,"Some Analysts Just Cut Their Editas Medicine, Inc. (NASDAQ:EDIT) Estimates",Simply Wall St.,2026-05-11,-0.273,,,,,,,,,,
ILMN,Illumina,Biotech,genomics,NASDAQ,198.16,-1.37%,+4.59%,+1.97%,+47.50%,+108%,29.982,1.464,37.04,1.91,2611663,13281763,39461063,,9.46,buy,2.35,-1.37,98.63,-1.37,986.3,-13.7,9863.0,-137.0,4.59,104.59,4.59,1045.9,45.9,10459.0,459.0,1.97,101.97,1.97,1019.7,19.7,10197.0,197.0,47.5,147.5,47.5,1475.0,475.0,14750.0,4750.0,108.0,208.0,108.0,2080.0,1080.0,20800.0,10800.0,"Illumina, Inc. (ILMN) Hits Fresh High: Is There Still Room to Run?",Zacks,2026-08-03,0.318,Why Illumina (ILMN) Is Up 5.7% After Raising 2026 Revenue Outlook On Clinical Sequencing,Simply Wall St.,2026-08-03,0.0,Can Illumina (ILMN) Hold Its Price As Cash Flow And Earnings Clash?,Simply Wall St.,2026-08-02,0.0,1,strong_buy,0.85,"ILMN is up 5.7% after raising 2026 revenue guidance to $4.60B-$4.64B on strong clinical sequencing demand and NovaSeq X adoption, with YTD +52.66% and 1M +11.53% momentum.",+52.66% YTD; raised 2026 revenue guidance; clinical sequencing momentum; 1M +11.53%,,,,,
PACB,Pacific Biosciences,Biotech,genomics,NASDAQ,1.42,+1.43%,+4.41%,-14.46%,-22.83%,+1%*,0.44,2.318,,6.23,3494635,24705235,120009535,,17.11,buy,2.0,1.43,101.43,1.43,1014.3,14.3,10143.0,143.0,4.41,104.41,4.41,1044.1,44.1,10441.0,441.0,-14.46,85.54,-14.46,855.4,-144.6,8554.0,-1446.0,-22.83,77.17,-22.83,771.7,-228.3,7717.0,-2283.0,1.0,101.0,1.0,1010.0,10.0,10100.0,100.0,3 Russell 2000 Stocks That Fall Short,StockStory,2026-07-31,0.0,"Beta Bionics, Inc. (BBNX) Reports Q2 Loss, Tops Revenue Estimates",Zacks,2026-07-29,0.25,Pacific Biosciences of California (PACB) Laps the Stock Market: Here's Why,Zacks,2026-07-28,0.0,,,,,,,,,,
NTRA,Natera,Biotech,genomics,NASDAQ,270.36,+1.44%,+4.78%,-4.74%,+18.14%,+96%,38.72,1.514,,1.51,1150030,5615430,23284230,,3.57,strong_buy,1.5,1.44,101.44,1.44,1014.4,14.4,10144.0,144.0,4.78,104.78,4.78,1047.8,47.8,10478.0,478.0,-4.74,95.26,-4.74,952.6,-47.4,9526.0,-474.0,18.14,118.14,18.14,1181.4,181.4,11814.0,1814.0,96.0,196.0,96.0,1960.0,960.0,19600.0,9600.0,"Buffett-Inspired ETF Owns Berkshire, Apple, Amex and Generates 15% Yield",Barrons.com,2026-08-03,0.0,"Natera (NTRA) Sets Earnings Date, Is The Stock Fully Priced?",Simply Wall St.,2026-08-01,0.0,Natera (NTRA) Stock Looks Overvalued Despite Strong Signatera Optimism,Simply Wall St.,2026-07-31,-0.676,,,,,,,,,,
RXRX,Recursion Pharmaceuticals,Biotech,genomics,NASDAQ,3.18,+6.01%,+5.65%,-19.70%,-24.29%,-48%*,1.688,1.054,,20.77,14524083,82579183,452392683,,36.1,none,,6.01,106.01,6.01,1060.1,60.1,10601.0,601.0,5.65,105.65,5.65,1056.5,56.5,10565.0,565.0,-19.7,80.3,-19.7,803.0,-197.0,8030.0,-1970.0,-24.29,75.71,-24.29,757.1,-242.9,7571.0,-2429.0,-48.0,52.0,-48.0,520.0,-480.0,5200.0,-4800.0,Recursion Pharmaceuticals (RXRX) Sees a More Significant Dip Than Broader Market: Some Facts to Know,Zacks,2026-07-29,0.272,Recursion Pharmaceuticals (RXRX) Exceeds Market Returns: Some Facts to Consider,Zacks,2026-07-27,0.0,Recursion Pharmaceuticals (RXRX) Falls More Steeply Than Broader Market: What Investors Need to Know,Zacks,2026-07-20,0.0,,,,,,,,,,
INCY,Incyte,Biotech,oncology,NASDAQ,118.43,+0.57%,-0.37%,+2.43%,+16.77%,+53%,24.006,0.769,15.09,1.83,1409557,14698057,39516157,,9.06,buy,2.33,0.57,100.57,0.57,1005.7,5.7,10057.0,57.0,-0.37,99.63,-0.37,996.3,-3.7,9963.0,-37.0,2.43,102.43,2.43,1024.3,24.3,10243.0,243.0,16.77,116.77,16.77,1167.7,167.7,11677.0,1677.0,53.0,153.0,53.0,1530.0,530.0,15300.0,5300.0,"Incyte (INCY) Won EU Approval For Opzelura, Has The Market Already Priced It In?",Simply Wall St.,2026-08-01,0.778,Incyte (INCY) Stock Trades Reasonable On Earnings While Returns Look Strong,Simply Wall St.,2026-08-01,0.511,European Opzelura Approval in Atopic Dermatitis Could Be A Game Changer For Incyte (INCY),Simply Wall St.,2026-08-01,0.477,4,buy,0.75,"INCY won EU approval for Opzelura, driving +17.85% YTD and +5.02% 1M, with a low P/E of 15.23 and very positive news sentiment of 0.636.",EU approval for Opzelura; P/E 15.23; news sentiment 0.636; +17.85% YTD,,,,,
EXEL,Exelixis,Biotech,oncology,NASDAQ,55.06,+4.08%,-1.34%,-0.85%,+26.34%,+44%,13.84,0.422,18.23,2.66,4301581,14185381,50976681,,16.72,buy,2.26,4.08,104.08,4.08,1040.8,40.8,10408.0,408.0,-1.34,98.66,-1.34,986.6,-13.4,9866.0,-134.0,-0.85,99.15,-0.85,991.5,-8.5,9915.0,-85.0,26.34,126.34,26.34,1263.4,263.4,12634.0,2634.0,44.0,144.0,44.0,1440.0,440.0,14400.0,4400.0,Expand Energy Q2 Earnings Call Highlights,MarketBeat,2026-07-29,0.527,These 3 Healthcare Stocks Have Crushed the Market This Year. Here's Why There's More Upside Ahead,Motley Fool,2026-07-24,-0.421,EXEL vs. ILMN: Which Stock Is the Better Value Option?,Zacks,2026-07-24,0.649,7,buy,0.65,"EXEL has +21.68% YTD, a low P/E of 17.56, and positive news sentiment of 0.151, though recent 1W -4.23% and 1D -5.64% pullbacks offer a better entry point.",+21.68% YTD; P/E 17.56; positive news sentiment; pullback entry,,,,,
ALNY,Alnylam Pharmaceuticals,Biotech,oncology,NASDAQ,220.33,+7.37%,-20.86%,-29.62%,-44.94%,-51%,29.482,0.279,38.45,1.47,3319011,20361411,46557411,,5.77,buy,1.71,7.37,107.37,7.37,1073.7,73.7,10737.0,737.0,-20.86,79.14,-20.86,791.4,-208.6,7914.0,-2086.0,-29.62,70.38,-29.62,703.8,-296.2,7038.0,-2962.0,-44.94,55.06,-44.94,550.6,-449.4,5506.0,-4494.0,-51.0,49.0,-51.0,490.0,-510.0,4900.0,-5100.0,"Starbucks upgraded, eBay downgraded: Wall Street's top analyst calls",The Fly,2026-08-03,0.202,Is The Recent Pullback In Alnylam Stock An Opportunity Or A Trap?,Trefis,2026-07-31,0.128,"ALNY Stock Tanks 28% as Q2 Earnings Miss Estimates, '26 Sales View Cut",Zacks,2026-07-31,-0.402,,,,,,,,,,
RCUS,Arcus Biosciences,Biotech,oncology,NYSE,27.62,-1.36%,-0.79%,-7.87%,+18.59%,+205%*,3.474,0.811,,1.23,684737,5206337,20987637,,16.43,strong_buy,1.46,-1.36,98.64,-1.36,986.4,-13.6,9864.0,-136.0,-0.79,99.21,-0.79,992.1,-7.9,9921.0,-79.0,-7.87,92.13,-7.87,921.3,-78.7,9213.0,-787.0,18.59,118.59,18.59,1185.9,185.9,11859.0,1859.0,205.0,305.0,205.0,3050.0,2050.0,30500.0,20500.0,"SMMT's Q2 Loss Wider Than Expected, Ivonescimab Development in Focus",Zacks,2026-07-24,-0.318,Summit Therapeutics Inc (SMMT) Q2 2026 Earnings Call Highlights: Strong Cash Position and ...,GuruFocus.com,2026-07-24,0.511,SMMT Shares Updated Ivonescimab Survival Data From NSCLC Study,Zacks,2026-07-23,0.296,,,,,,,,,,
MRNA,Moderna,Biotech,mrna,NASDAQ,55.14,+0.92%,-0.88%,-32.59%,+78.68%,+98%,21.879,0.899,,7.66,5172140,27291040,128624340,,16.15,hold,2.91,0.92,100.92,0.92,1009.2,9.2,10092.0,92.0,-0.88,99.12,-0.88,991.2,-8.8,9912.0,-88.0,-32.59,67.41,-32.59,674.1,-325.9,6741.0,-3259.0,78.68,178.68,78.68,1786.8,786.8,17868.0,7868.0,98.0,198.0,98.0,1980.0,980.0,19800.0,9800.0,"Moderna Facing Several Vaccine Headwinds in Near, Medium Term, RBC Says",MT Newswires,2026-08-03,0.0,Moderna (MRNA) Faces Norovirus Setback As MFLUSIVA FDA Decision Nears,Simply Wall St.,2026-08-01,0.0,Health Care Roundup: Market Talk,The Wall Street Journal,2026-07-31,0.494,,,,,,,,,,
BNTX,BioNTech,Biotech,mrna,NASDAQ,92.25,+1.84%,+1.27%,-1.79%,-4.59%,-18%,23.329,1.278,,0.92,1089183,4600783,16498783,,3.32,buy,1.55,1.84,101.84,1.84,1018.4,18.4,10184.0,184.0,1.27,101.27,1.27,1012.7,12.7,10127.0,127.0,-1.79,98.21,-1.79,982.1,-17.9,9821.0,-179.0,-4.59,95.41,-4.59,954.1,-45.9,9541.0,-459.0,-18.0,82.0,-18.0,820.0,-180.0,8200.0,-1800.0,2 Major Reasons to Buy Moderna Stock Before July 31,24/7 Wall St.,2026-07-28,0.0,European Equities Traded in the US as American Depositary Receipts Rise in Friday Trading,MT Newswires,2026-07-24,0.0,Is BioNTech (BNTX) Undervalued As It Exits German Manufacturing Sites?,Simply Wall St.,2026-07-10,0.0,,,,,,,,,,
NVAX,Novavax,Biotech,mrna,NASDAQ,7.41,+1.23%,-1.07%,-20.75%,+3.93%,+8%*,1.218,2.416,,4.81,2561353,14074453,65099153,,26.82,none,,1.23,101.23,1.23,1012.3,12.3,10123.0,123.0,-1.07,98.93,-1.07,989.3,-10.7,9893.0,-107.0,-20.75,79.25,-20.75,792.5,-207.5,7925.0,-2075.0,3.93,103.93,3.93,1039.3,39.3,10393.0,393.0,8.0,108.0,8.0,1080.0,80.0,10800.0,800.0,NVAX Stock Rises Ahead Of Q2 Earnings As Focus Shifts To Licensing Deals,Stocktwits,2026-08-03,0.0,Novavax (NVAX) Stock Falls Amid Market Uptick: What Investors Need to Know,Zacks,2026-07-28,0.0,"Novavax, Inc. (NVAX) is Attracting Investor Attention: Here is What You Should Know",Zacks,2026-07-22,0.477,,,,,,,,,,
BMRN,BioMarin Pharmaceutical,Biotech,rare-disease,NASDAQ,59.99,-0.04%,-0.46%,+2.05%,+0.92%,+0%,11.596,0.227,43.16,2.1,1808574,9157174,33687374,,7.43,buy,1.72,-0.04,99.96,-0.04,999.6,-0.4,9996.0,-4.0,-0.46,99.54,-0.46,995.4,-4.6,9954.0,-46.0,2.05,102.05,2.05,1020.5,20.5,10205.0,205.0,0.92,100.92,0.92,1009.2,9.2,10092.0,92.0,0.0,100.0,0.0,1000.0,0.0,10000.0,0.0,1 Profitable Stock with Impressive Fundamentals and 2 We Turn Down,StockStory,2026-08-03,0.735,Acadia Pharmaceuticals (ACAD) Expected to Beat Earnings Estimates: Should You Buy?,Zacks,2026-07-28,0.0,BioMarin and n-Lorem partner on early research for ReNU syndrome therapy,Pharmaceutical Technology,2026-07-28,0.0,9,buy,0.55,"BMRN has modest YTD +0.96% but a 1M +3.80% uptick, a low beta of 0.239, and a buy analyst consensus (an_score 1.72), though P/E of 43.18 is elevated.",1M +3.80%; low beta 0.239; buy consensus; rare-disease pipeline,,,,,
SRPT,Sarepta Therapeutics,Biotech,rare-disease,NASDAQ,15.88,+6.56%,-0.06%,-17.21%,-25.48%,-13%,1.676,0.205,45.37,3.41,3760540,16755840,65550240,,32.35,hold,2.74,6.56,106.56,6.56,1065.6,65.6,10656.0,656.0,-0.06,99.94,-0.06,999.4,-0.6,9994.0,-6.0,-17.21,82.79,-17.21,827.9,-172.1,8279.0,-1721.0,-25.48,74.52,-25.48,745.2,-254.8,7452.0,-2548.0,-13.0,87.0,-13.0,870.0,-130.0,8700.0,-1300.0,"Sarepta Therapeutics (SRPT) Names A New CEO, Is The Stock Cheap?",Simply Wall St.,2026-08-01,0.0,ANI Pharmaceuticals (ANIP) Reports Next Week: Wall Street Expects Earnings Growth,Zacks,2026-07-31,0.382,Earnings Preview: Sarepta Therapeutics (SRPT) Q2 Earnings Expected to Decline,Zacks,2026-07-29,0.0,,,,,,,,,,
COAG,Hemab Therapeutics,Biotech,rare-disease,NASDAQ,45.0,-5.36%,-10.70%,+50.15%,+32.35%,+40%,2.102,,,0.32,696025,2912725,9166725,,,strong_buy,1.0,-5.36,94.64,-5.36,946.4,-53.6,9464.0,-536.0,-10.7,89.3,-10.7,893.0,-107.0,8930.0,-1070.0,50.15,150.15,50.15,1501.5,501.5,15015.0,5015.0,32.35,132.35,32.35,1323.5,323.5,13235.0,3235.0,40.0,140.0,40.0,1400.0,400.0,14000.0,4000.0,Biotech IPO Gains Crush AI Listings With Standout 55% Return,Bloomberg,2026-07-21,0.202,Sector Update: Healthcare Stocks Advance Late Afternoon,MT Newswires,2026-07-13,0.0,"Hemab Therapeutics Details Post-IPO Pipeline Push, Sutacimig Phase III Plans",MarketBeat,2026-06-09,0.0,3,strong_buy,0.78,"COAG has surged +39.85% YTD and +46.31% in the past month, with a strong_buy analyst consensus (an_score 1.0) and no debt, reflecting strong rare-disease pipeline momentum.",+39.85% YTD; +46.31% 1M; strong_buy consensus; rare-disease catalyst,,,,,
NVO,Novo Nordisk,Biotech,metabolic,NYSE,47.09,+0.36%,-5.19%,-4.41%,-6.82%,-4%,208.227,0.349,11.21,12.52,11832978,67409778,203728378,383.0,0.98,buy,2.43,0.36,100.36,0.36,1003.6,3.6,10036.0,36.0,-5.19,94.81,-5.19,948.1,-51.9,9481.0,-519.0,-4.41,95.59,-4.41,955.9,-44.1,9559.0,-441.0,-6.82,93.18,-6.82,931.8,-68.2,9318.0,-682.0,-4.0,96.0,-4.0,960.0,-40.0,9600.0,-400.0,"Earnings live updates: Snap stock surges as World Cup ads boost revenue, Whirlpool falls",Yahoo Finance,2026-08-03,0.402,Are These 5 Pharma Stocks Set to Surpass Q2 Earnings Forecasts?,Zacks,2026-08-03,0.0,Novo Nordisk Before Q2 Earnings: How Should Investors Play the Stock?,Zacks,2026-08-03,0.34,,,,,,,,,,
LLY,Eli Lilly,Biotech,metabolic,NYSE,1121.36,-2.29%,-6.36%,-6.56%,+4.15%,+49%,999.964,0.506,39.84,3.01,2493796,12948996,49532896,60.0,1.15,buy,1.71,-2.29,97.71,-2.29,977.1,-22.9,9771.0,-229.0,-6.36,93.64,-6.36,936.4,-63.6,9364.0,-636.0,-6.56,93.44,-6.56,934.4,-65.6,9344.0,-656.0,4.15,104.15,4.15,1041.5,41.5,10415.0,415.0,49.0,149.0,49.0,1490.0,490.0,14900.0,4900.0,"Earnings live updates: Snap stock surges as World Cup ads boost revenue, Whirlpool falls",Yahoo Finance,2026-08-03,0.402,"Eli Lilly (LLY) Wins FDA Breakthrough Tag For Olomorasib, Backs $70 Million Raise",Simply Wall St.,2026-08-03,0.542,AbbVie's Growth Now Leans On A Single Molecule,Trefis,2026-08-03,0.382,,,,,,,,,,
LEGN,Legend Biotech,Biotech,neuroscience,NASDAQ,19.01,+2.20%,-1.35%,-32.20%,-11.62%,-52%,3.677,0.387,,2.85,2044240,14529840,54930940,,17.34,buy,1.87,2.2,102.2,2.2,1022.0,22.0,10220.0,220.0,-1.35,98.65,-1.35,986.5,-13.5,9865.0,-135.0,-32.2,67.8,-32.2,678.0,-322.0,6780.0,-3220.0,-11.62,88.38,-11.62,883.8,-116.2,8838.0,-1162.0,-52.0,48.0,-52.0,480.0,-520.0,4800.0,-5200.0,Legend Biotech (LEGN) Stock May Be Cheap After CEO Resignation,Simply Wall St.,2026-07-29,-0.296,Legend Biotech (LEGN) CEO Exit Tests Management Stability Around Its CAR-T Multiple Myeloma Strategy,Simply Wall St.,2026-07-29,0.0,Legend Biotech (LEGN) Replaces CEO Ying Huang With Interim Chief Alan Bash,Simply Wall St.,2026-07-29,0.0,,,,,,,,,,
IONS,Ionis Pharmaceuticals,Biotech,neuroscience,NASDAQ,54.49,+3.89%,-2.63%,-34.49%,-31.61%,+19%,9.055,0.4,,2.76,3212503,14591003,96498003,,16.09,buy,1.68,3.89,103.89,3.89,1038.9,38.9,10389.0,389.0,-2.63,97.37,-2.63,973.7,-26.3,9737.0,-263.0,-34.49,65.51,-34.49,655.1,-344.9,6551.0,-3449.0,-31.61,68.39,-31.61,683.9,-316.1,6839.0,-3161.0,19.0,119.0,19.0,1190.0,190.0,11900.0,1900.0,Ionis Pharmaceuticals Director Hayden Buys $1.1 Million Shares. What Does This Mean for Investors?,Motley Fool,2026-08-03,0.296,Is The Recent Pullback In Alnylam Stock An Opportunity Or A Trap?,Trefis,2026-07-31,0.128,"IONS Beats Q2 Earnings & Sales Estimates, Reiterates '26 Outlook",Zacks,2026-07-30,0.0,,,,,,,,,,
BTC,Bitcoin,Crypto,bitcoin,Crypto,63616.914601,+0.19%,-1.79%,+0.46%,-27.31%,-27%,1276.494,,,23290.14,13831032855,163030956556,750625896661,,,,,0.19,100.19,0.19,1001.9,1.9,10019.0,19.0,-1.79,98.21,-1.79,982.1,-17.9,9821.0,-179.0,0.46,100.46,0.46,1004.6,4.6,10046.0,46.0,-27.31,72.69,-27.31,726.9,-273.1,7269.0,-2731.0,-27.0,73.0,-27.0,730.0,-270.0,7300.0,-2700.0,"Bitcoin and ethereum prices today, Monday, August 3, 2026: Prices pulling back this morning despite de-escalation with Iran",Yahoo Personal Finance,2026-08-03,0.0,Why Michael Saylor's bitcoin-buying model for Strategy isn't replicable,Yahoo Finance Video,2026-08-03,0.0,Michael Saylor finally breaks silence on personal Bitcoin holdings,TheStreet,2026-08-03,0.0,7,buy,0.55,"BTC is down 4.17% on the week but up 0.42% on the month, with a market cap of $1.26T. Despite the Coldcard hack and ETF outflows, its status as the reference asset and potential support at $60K make it a buy for long-term holders.",+0.42% 1M; Market cap $1.26T; Support at $60K; News sentiment -0.062,,,,,
ETH,Ethereum,Crypto,layer1,Crypto,1865.745523,-1.02%,-3.89%,+4.14%,-37.11%,-37%,225.162,,,8425.92,4345284958,58981424683,279246130527,,,,,-1.02,98.98,-1.02,989.8,-10.2,9898.0,-102.0,-3.89,96.11,-3.89,961.1,-38.9,9611.0,-389.0,4.14,104.14,4.14,1041.4,41.4,10414.0,414.0,-37.11,62.89,-37.11,628.9,-371.1,6289.0,-3711.0,-37.0,63.0,-37.0,630.0,-370.0,6300.0,-3700.0,"Bitcoin and ethereum prices today, Monday, August 3, 2026: Prices pulling back this morning despite de-escalation with Iran",Yahoo Personal Finance,2026-08-03,0.0,"BlackRock Launches Tokenized Money Market Funds on Solana, Ethereum",decrypt,2026-08-03,0.0,BlackRock Unveils Two New Tokenized Treasury Funds on Ethereum,Bankless,2026-08-03,0.202,3,buy,0.65,"ETH is down 5.53% on the week but up 5.78% on the month, with positive news sentiment 0.234 and a headline about cryptocurrencies being cheap. Despite ETF outflows and macro headwinds, its strong monthly momentum and institutional interest support a buy.",+5.78% 1M; News sentiment 0.234; Institutional interest; Market cap $223.9B,,,,,
SOL,Solana,Crypto,layer1,Crypto,73.710303,-0.07%,-2.43%,-10.16%,-40.80%,-41%,42.84,,,1496.09,1150666820,10472647342,50150278255,,,,,-0.07,99.93,-0.07,999.3,-0.7,9993.0,-7.0,-2.43,97.57,-2.43,975.7,-24.3,9757.0,-243.0,-10.16,89.84,-10.16,898.4,-101.6,8984.0,-1016.0,-40.8,59.2,-40.8,592.0,-408.0,5920.0,-4080.0,-41.0,59.0,-41.0,590.0,-410.0,5900.0,-4100.0,"BlackRock Launches Tokenized Money Market Funds on Solana, Ethereum",decrypt,2026-08-03,0.0,"Solana could burn 9,000 SOL a day under new proposals",TheStreet,2026-08-03,0.0,"Coinbase missed again, Strategy sells Bitcoin, and is PayPal for sale?",CoinDesk,2026-08-03,-0.296,,,,,,,,,,
BNB,BNB,Crypto,layer1,Crypto,589.682514,+0.10%,+2.91%,+2.73%,-31.68%,-32%,78.525,,,583.11,631900393,4081749154,16791632049,,,,,0.1,100.1,0.1,1001.0,1.0,10010.0,10.0,2.91,102.91,2.91,1029.1,29.1,10291.0,291.0,2.73,102.73,2.73,1027.3,27.3,10273.0,273.0,-31.68,68.32,-31.68,683.2,-316.8,6832.0,-3168.0,-32.0,68.0,-32.0,680.0,-320.0,6800.0,-3200.0,"Cardano Tops Weekly Crypto Gainer Charts as ADA Soars 11% Over 7 Days — Bitcoin, Dogecoin Left in the Dust",Benzinga,2026-08-03,0.511,Trump Family-Backed World Liberty Financial Token Lags Broader Crypto Rally After Billion-Dollar Crypto Income Disclosure,Benzinga,2026-08-01,0.226,BNB Chain Sues Ex-Employee Over A Tutorial Wallet That Became a Meme Coin,BeInCrypto,2026-08-01,0.0,1,strong_buy,0.75,"BNB is the only major in the green, up 1.32% on the week and +2.30% on the month, with positive news sentiment 0.154 and a headline about World Liberty Financial's billion-dollar crypto income. Its relative strength against a weak market and strong fundamentals make it the top pick.","+1.32% 1W, +2.30% 1M; Only major in green; News sentiment 0.154; Market cap $77.5B",,,,,
ADA,Cardano,Crypto,layer1,Crypto,0.193632,+2.14%,+22.14%,+0.27%,-41.79%,-42%,7.069,,,290.92,303468699,2036422515,9639305857,,,,,2.14,102.14,2.14,1021.4,21.4,10214.0,214.0,22.14,122.14,22.14,1221.4,221.4,12214.0,2214.0,0.27,100.27,0.27,1002.7,2.7,10027.0,27.0,-41.79,58.21,-41.79,582.1,-417.9,5821.0,-4179.0,-42.0,58.0,-42.0,580.0,-420.0,5800.0,-4200.0,"Cardano Tops Weekly Crypto Gainer Charts as ADA Soars 11% Over 7 Days — Bitcoin, Dogecoin Left in the Dust",Benzinga,2026-08-03,0.511,ADA Price Jumps 10% While Cardano Turns Toward Its Next Big Upgrade Era,BeInCrypto,2026-08-02,0.0,"Cardano Founder Calls Trump 'Disgusting', Though Harris Administration Would Have Been 'Worse' for Crypto",Benzinga,2026-07-30,-0.758,2,strong_buy,0.7,"ADA surged 10.56% in the past week, the best among large caps, with +3.92% on the month, driven by the upcoming Cardano upgrade. Despite negative news sentiment -0.057, the momentum and upgrade catalyst support a strong buy.",+10.56% 1W; +3.92% 1M; Upgrade catalyst; Market cap $6.7B,,,,,
AVAX,Avalanche,Crypto,layer1,Crypto,6.568103,-0.93%,-0.15%,-6.29%,-46.64%,-47%,2.836,,,149.01,134173178,1043052081,4691122688,,,,,-0.93,99.07,-0.93,990.7,-9.3,9907.0,-93.0,-0.15,99.85,-0.15,998.5,-1.5,9985.0,-15.0,-6.29,93.71,-6.29,937.1,-62.9,9371.0,-629.0,-46.64,53.36,-46.64,533.6,-466.4,5336.0,-4664.0,-47.0,53.0,-47.0,530.0,-470.0,5300.0,-4700.0,Ethereum and solana are getting busier — and cheaper. What's going on?,Yahoo Finance Video,2026-07-28,0.0,,,,,,,,,,,,,,,,,,
XRP,XRP,Crypto,payments,Crypto,1.080198,-0.38%,-0.66%,-7.34%,-41.27%,-41%,67.548,,,987.63,583461009,6913395093,32666689714,,,,,-0.38,99.62,-0.38,996.2,-3.8,9962.0,-38.0,-0.66,99.34,-0.66,993.4,-6.6,9934.0,-66.0,-7.34,92.66,-7.34,926.6,-73.4,9266.0,-734.0,-41.27,58.73,-41.27,587.3,-412.7,5873.0,-4127.0,-41.0,59.0,-41.0,590.0,-410.0,5900.0,-4100.0,"Peter Brandt Called XRP Bulls Easily Baited. A Wall Street Veteran Offered Him 500,000 XRP to Prove It",24/7 Wall St.,2026-08-03,0.34,The 80-Day XRP Price Downtrend Meets a Wall of Korean Bids,BeInCrypto,2026-08-03,0.0,XRP Holders Can Now Borrow Ripple's RLUSD on Ethereum Without Selling Their Crypto,decrypt,2026-08-03,0.0,,,,,,,,,,
XLM,Stellar,Crypto,payments,Crypto,0.171836,-1.61%,-2.35%,-18.19%,-14.35%,-14%,5.89,,,111.69,73964447,781816335,6131272002,,,,,-1.61,98.39,-1.61,983.9,-16.1,9839.0,-161.0,-2.35,97.65,-2.35,976.5,-23.5,9765.0,-235.0,-18.19,81.81,-18.19,818.1,-181.9,8181.0,-1819.0,-14.35,85.65,-14.35,856.5,-143.5,8565.0,-1435.0,-14.0,86.0,-14.0,860.0,-140.0,8600.0,-1400.0,,,,,,,,,,,,,,,,,,,,,,
TRX,TRON,Crypto,payments,Crypto,0.32845,+0.48%,+0.31%,+0.82%,+15.51%,+16%,31.167,,,350.46,339021313,2453252523,10849458429,,,,,0.48,100.48,0.48,1004.8,4.8,10048.0,48.0,0.31,100.31,0.31,1003.1,3.1,10031.0,31.0,0.82,100.82,0.82,1008.2,8.2,10082.0,82.0,15.51,115.51,15.51,1155.1,155.1,11551.0,1551.0,16.0,116.0,16.0,1160.0,160.0,11600.0,1600.0,TRON (TRX) New Accounts Jump 42.87% to One-Month High,BeInCrypto,2026-07-29,0.0,,,,,,,,,4,buy,0.6,"TRX is the only asset with positive YTD (+14.47%) and 1-year (+14%) returns, with new accounts jumping 42.87% to a one-month high. Its strong fundamentals and adoption growth make it a solid buy despite a slight weekly dip.",+14.47% YTD; +14% 1Y; New accounts +42.87%; Market cap $30.9B,,,,,
SUI,Sui,Crypto,emerging,Crypto,0.69363,+0.26%,-0.89%,-10.36%,-50.55%,-51%,2.826,,,148.6,101628849,1040191762,3054661341,,,,,0.26,100.26,0.26,1002.6,2.6,10026.0,26.0,-0.89,99.11,-0.89,991.1,-8.9,9911.0,-89.0,-10.36,89.64,-10.36,896.4,-103.6,8964.0,-1036.0,-50.55,49.45,-50.55,494.5,-505.5,4945.0,-5055.0,-51.0,49.0,-51.0,490.0,-510.0,4900.0,-5100.0,,,,,,,,,,,,,,,,,,,,,,
HBAR,Hedera,Crypto,emerging,Crypto,0.070806,+1.43%,+3.06%,-6.84%,-33.32%,-33%,3.101,,,37.41,38951780,261852483,1578944647,,,,,1.43,101.43,1.43,1014.3,14.3,10143.0,143.0,3.06,103.06,3.06,1030.6,30.6,10306.0,306.0,-6.84,93.16,-6.84,931.6,-68.4,9316.0,-684.0,-33.32,66.68,-33.32,666.8,-333.2,6668.0,-3332.0,-33.0,67.0,-33.0,670.0,-330.0,6700.0,-3300.0,,,,,,,,,,,,,,,,,,,,,,
ALGO,Algorand,Crypto,emerging,Crypto,0.091268,+8.43%,+11.54%,-0.12%,-17.17%,-17%,0.819,,,17.8,14790983,124595785,599495191,,,,,8.43,108.43,8.43,1084.3,84.3,10843.0,843.0,11.54,111.54,11.54,1115.4,115.4,11154.0,1154.0,-0.12,99.88,-0.12,998.8,-1.2,9988.0,-12.0,-17.17,82.83,-17.17,828.3,-171.7,8283.0,-1717.0,-17.0,83.0,-17.0,830.0,-170.0,8300.0,-1700.0,,,,,,,,,,,,,9,buy,0.4,"ALGO is up 6.18% on the day and 1.25% on the week, showing strong short-term momentum despite a -4.17% monthly dip. Its low market cap of $0.76B offers high beta potential, and it was mentioned as sustaining gains in the latest news.",+6.18% 1D; +1.25% 1W; High beta; Market cap $0.76B,,,,,
MINA,Mina,Crypto,emerging,Crypto,0.040881,-0.56%,-7.67%,-13.04%,-45.89%,-46%,0.053,,,3.82,1692904,26757966,138810189,,,,,-0.56,99.44,-0.56,994.4,-5.6,9944.0,-56.0,-7.67,92.33,-7.67,923.3,-76.7,9233.0,-767.0,-13.04,86.96,-13.04,869.6,-130.4,8696.0,-1304.0,-45.89,54.11,-45.89,541.1,-458.9,5411.0,-4589.0,-46.0,54.0,-46.0,540.0,-460.0,5400.0,-4600.0,,,,,,,,,,,,,,,,,,,,,,
POL,Polygon (MATIC),Crypto,infra,Crypto,0.07291,-0.08%,-2.76%,-1.24%,-27.41%,-27%,0.779,,,25.26,22365953,176835247,948234507,,,,,-0.08,99.92,-0.08,999.2,-0.8,9992.0,-8.0,-2.76,97.24,-2.76,972.4,-27.6,9724.0,-276.0,-1.24,98.76,-1.24,987.6,-12.4,9876.0,-124.0,-27.41,72.59,-27.41,725.9,-274.1,7259.0,-2741.0,-27.0,73.0,-27.0,730.0,-270.0,7300.0,-2700.0,,,,,,,,,,,,,8,buy,0.45,"POL is up 0.76% on the day and nearly flat on the month (-0.01%), showing resilience in a weak market. With a market cap of $0.78B and no negative news, it offers a defensive play with potential for upside.",+0.76% 1D; Flat 1M; Market cap $0.78B; Defensive play,,,,,
DOT,Polkadot,Crypto,infra,Crypto,0.822806,+3.31%,+3.97%,-8.02%,-54.03%,-54%,1.396,,,78.27,70044356,547864323,2471618310,,,,,3.31,103.31,3.31,1033.1,33.1,10331.0,331.0,3.97,103.97,3.97,1039.7,39.7,10397.0,397.0,-8.02,91.98,-8.02,919.8,-80.2,9198.0,-802.0,-54.03,45.97,-54.03,459.7,-540.3,4597.0,-5403.0,-54.0,46.0,-54.0,460.0,-540.0,4600.0,-5400.0,,,,,,,,,,,,,,,,,,,,,,
LINK,Chainlink,Crypto,infra,Crypto,8.216513,-1.70%,-4.34%,+1.86%,-32.62%,-33%,6.147,,,187.69,139198640,1313812897,5236199789,,,,,-1.7,98.3,-1.7,983.0,-17.0,9830.0,-170.0,-4.34,95.66,-4.34,956.6,-43.4,9566.0,-434.0,1.86,101.86,1.86,1018.6,18.6,10186.0,186.0,-32.62,67.38,-32.62,673.8,-326.2,6738.0,-3262.0,-33.0,67.0,-33.0,670.0,-330.0,6700.0,-3300.0,Ethereum Institutional Closes Ecosystem Funding Round With +100 Backers,Bankless,2026-07-29,0.0,,,,,,,,,5,buy,0.55,"LINK is up 4.44% on the month with a headline about Ethereum Institutional closing a funding round with 100+ backers, indicating strong ecosystem growth. Despite a -6.51% weekly dip, its monthly momentum and positive news support a buy.",+4.44% 1M; Ecosystem funding round; Market cap $6.2B; News sentiment 0.0,,,,,
DOGE,Dogecoin,Crypto,meme,Crypto,0.070427,-0.40%,-1.95%,-10.11%,-39.95%,-40%,10.94,,,481.23,387664545,3368598743,15158439134,,,,,-0.4,99.6,-0.4,996.0,-4.0,9960.0,-40.0,-1.95,98.05,-1.95,980.5,-19.5,9805.0,-195.0,-10.11,89.89,-10.11,898.9,-101.1,8989.0,-1011.0,-39.95,60.05,-39.95,600.5,-399.5,6005.0,-3995.0,-40.0,60.0,-40.0,600.0,-400.0,6000.0,-4000.0,Kalshi Expands 15-Minute Markets Beyond Crypto With Gold and Silver,Barrons.com,2026-08-03,0.103,"Cardano Tops Weekly Crypto Gainer Charts as ADA Soars 11% Over 7 Days — Bitcoin, Dogecoin Left in the Dust",Benzinga,2026-08-03,0.511,Weekly Wrap: Crypto Stays Rangebound Amid Market Volatility,CryptoProwl,2026-07-31,0.0,,,,,,,,,,
PEPE,Pepe,Crypto,meme,Crypto,3e-06,+0.91%,+1.06%,+7.39%,-27.25%,-27%,1.214,,,173.7,115621221,1215866615,4588616859,,,,,0.91,100.91,0.91,1009.1,9.1,10091.0,91.0,1.06,101.06,1.06,1010.6,10.6,10106.0,106.0,7.39,107.39,7.39,1073.9,73.9,10739.0,739.0,-27.25,72.75,-27.25,727.5,-272.5,7275.0,-2725.0,-27.0,73.0,-27.0,730.0,-270.0,7300.0,-2700.0,Trader Turns $50K Into Nearly $1M on Robinhood Chain's Top Memecoin: Arkham,CCN,2026-07-28,0.202,,,,,,,,,6,buy,0.5,"PEPE is up 2.87% on the month with positive news sentiment 0.202 and a headline about a trader turning $50K into nearly $1M, indicating strong memecoin social sentiment. Despite a weekly dip, its monthly momentum and meme appeal make it a buy.",+2.87% 1M; News sentiment 0.202; Memecoin social sentiment; Market cap $1.2B,,,,,
TAO,Bittensor,Crypto,ai,Crypto,192.264854,-0.65%,+0.08%,-11.39%,-12.08%,-12%,2.152,,,91.53,79321126,640731326,3343617187,,,,,-0.65,99.35,-0.65,993.5,-6.5,9935.0,-65.0,0.08,100.08,0.08,1000.8,0.8,10008.0,8.0,-11.39,88.61,-11.39,886.1,-113.9,8861.0,-1139.0,-12.08,87.92,-12.08,879.2,-120.8,8792.0,-1208.0,-12.0,88.0,-12.0,880.0,-120.0,8800.0,-1200.0,,,,,,,,,,,,,,,,,,,,,,
FET,ASI Alliance,Crypto,ai,Crypto,0.145033,+1.94%,-2.49%,-21.71%,-27.01%,-27%,0.324,,,50.01,30289827,350064199,1258257844,,,,,1.94,101.94,1.94,1019.4,19.4,10194.0,194.0,-2.49,97.51,-2.49,975.1,-24.9,9751.0,-249.0,-21.71,78.29,-21.71,782.9,-217.1,7829.0,-2171.0,-27.01,72.99,-27.01,729.9,-270.1,7299.0,-2701.0,-27.0,73.0,-27.0,730.0,-270.0,7300.0,-2700.0,Beyond the Token Merger: Analyzing the ASI Alliance’s Decentralized AI Stack,Forkast News,2026-07-31,0.0,,,,,,,,,,,,,,,,,,
RNDR,Render,Crypto,ai,Crypto,1.361565,-1.33%,-5.71%,-16.08%,+6.03%,+6%,0.706,,,21.79,18597791,152552758,686773723,,,,,-1.33,98.67,-1.33,986.7,-13.3,9867.0,-133.0,-5.71,94.29,-5.71,942.9,-57.1,9429.0,-571.0,-16.08,83.92,-16.08,839.2,-160.8,8392.0,-1608.0,6.03,106.03,6.03,1060.3,60.3,10603.0,603.0,6.0,106.0,6.0,1060.0,60.0,10600.0,600.0,,,,,,,,,,,,,,,,,,,,,,
OCEAN,Ocean Protocol,Crypto,ai,Crypto,0.0,+1.88%,+473.03%,+473.03%,-100.00%,-100%,,,,0.05,28967,337745,992866,,,,,1.88,101.88,1.88,1018.8,18.8,10188.0,188.0,473.03,573.03,473.03,5730.3,4730.3,57303.0,47303.0,473.03,573.03,473.03,5730.3,4730.3,57303.0,47303.0,-100.0,0.0,-100.0,0.0,-1000.0,0.0,-10000.0,-100.0,0.0,-100.0,0.0,-1000.0,0.0,-10000.0,,,,,,,,,,,,,,,,,,,,,,
GRT,The Graph,Crypto,ai,Crypto,0.014891,+1.42%,-5.19%,-21.90%,-55.21%,-55%,0.163,,,10.29,9192434,72053928,341953651,,,,,1.42,101.42,1.42,1014.2,14.2,10142.0,142.0,-5.19,94.81,-5.19,948.1,-51.9,9481.0,-519.0,-21.9,78.1,-21.9,781.0,-219.0,7810.0,-2190.0,-55.21,44.79,-55.21,447.9,-552.1,4479.0,-5521.0,-55.0,45.0,-55.0,450.0,-550.0,4500.0,-5500.0,,,,,,,,,,,,,,,,,,,,,,
AGIX,SingularityNET,Crypto,ai,Crypto,0.062865,+2.48%,-4.32%,-25.92%,-26.69%,-27%,,,,0.01,2502,53175,284832,,,,,2.48,102.48,2.48,1024.8,24.8,10248.0,248.0,-4.32,95.68,-4.32,956.8,-43.2,9568.0,-432.0,-25.92,74.08,-25.92,740.8,-259.2,7408.0,-2592.0,-26.69,73.31,-26.69,733.1,-266.9,7331.0,-2669.0,-27.0,73.0,-27.0,730.0,-270.0,7300.0,-2700.0,Beyond the Token Merger: Analyzing the ASI Alliance’s Decentralized AI Stack,Forkast News,2026-07-31,0.0,,,,,,,,,,,,,,,,,,
NMR,Numeraire,Crypto,ai,Crypto,8.517913,-0.59%,-2.85%,-11.90%,-10.85%,-11%,0.064,,,4.56,4120376,31953620,127081220,,,,,-0.59,99.41,-0.59,994.1,-5.9,9941.0,-59.0,-2.85,97.15,-2.85,971.5,-28.5,9715.0,-285.0,-11.9,88.1,-11.9,881.0,-119.0,8810.0,-1190.0,-10.85,89.15,-10.85,891.5,-108.5,8915.0,-1085.0,-11.0,89.0,-11.0,890.0,-110.0,8900.0,-1100.0,,,,,,,,,,,,,,,,,,,,,,
ALT,AltLayer,Crypto,ai,Crypto,0.005771,+0.80%,-2.69%,-12.26%,-49.60%,-50%,0.04,,,2.81,3390833,19658411,107444046,,,,,0.8,100.8,0.8,1008.0,8.0,10080.0,80.0,-2.69,97.31,-2.69,973.1,-26.9,9731.0,-269.0,-12.26,87.74,-12.26,877.4,-122.6,8774.0,-1226.0,-49.6,50.4,-49.6,504.0,-496.0,5040.0,-4960.0,-50.0,50.0,-50.0,500.0,-500.0,5000.0,-5000.0,,,,,,,,,,,,,,,,,,,,,,
AIOZ,AIOZ Network,Crypto,ai,Crypto,0.047219,-3.13%,-4.61%,-18.20%,-45.50%,-46%,0.06,,,2.94,2150921,20608178,102188734,,,,,-3.13,96.87,-3.13,968.7,-31.3,9687.0,-313.0,-4.61,95.39,-4.61,953.9,-46.1,9539.0,-461.0,-18.2,81.8,-18.2,818.0,-182.0,8180.0,-1820.0,-45.5,54.5,-45.5,545.0,-455.0,5450.0,-4550.0,-46.0,54.0,-46.0,540.0,-460.0,5400.0,-4600.0,,,,,,,,,,,,,,,,,,,,,,
ARKM,Arkham,Crypto,ai,Crypto,0.094488,-0.86%,-9.69%,-20.87%,-46.45%,-46%,0.021,,,4.92,4040902,34456582,164873356,,,,,-0.86,99.14,-0.86,991.4,-8.6,9914.0,-86.0,-9.69,90.31,-9.69,903.1,-96.9,9031.0,-969.0,-20.87,79.13,-20.87,791.3,-208.7,7913.0,-2087.0,-46.45,53.55,-46.45,535.5,-464.5,5355.0,-4645.0,-46.0,54.0,-46.0,540.0,-460.0,5400.0,-4600.0,,,,,,,,,,,,,,,,,,,,,,
WLD,Worldcoin,Crypto,ai,Crypto,0.323265,+2.08%,-4.44%,-24.47%,-32.80%,-33%,1.156,,,112.24,65188635,785666773,3994795412,,,,,2.08,102.08,2.08,1020.8,20.8,10208.0,208.0,-4.44,95.56,-4.44,955.6,-44.4,9556.0,-444.0,-24.47,75.53,-24.47,755.3,-244.7,7553.0,-2447.0,-32.8,67.2,-32.8,672.0,-328.0,6720.0,-3280.0,-33.0,67.0,-33.0,670.0,-330.0,6700.0,-3300.0,,,,,,,,,,,,,,,,,,,,,,
NEAR,NEAR Protocol,Crypto,ai,Crypto,1.746553,+2.08%,+1.02%,-12.71%,+15.48%,+15%,2.275,,,152.01,109019906,1064076242,4898918315,,,,,2.08,102.08,2.08,1020.8,20.8,10208.0,208.0,1.02,101.02,1.02,1010.2,10.2,10102.0,102.0,-12.71,87.29,-12.71,872.9,-127.1,8729.0,-1271.0,15.48,115.48,15.48,1154.8,154.8,11548.0,1548.0,15.0,115.0,15.0,1150.0,150.0,11500.0,1500.0,,,,,,,,,,,,,,,,,,,,,,
ICP,Internet Computer,Crypto,ai,Crypto,2.115527,+1.25%,-1.37%,-6.52%,-25.38%,-25%,1.175,,,27.13,21253852,189886386,949804518,,,,,1.25,101.25,1.25,1012.5,12.5,10125.0,125.0,-1.37,98.63,-1.37,986.3,-13.7,9863.0,-137.0,-6.52,93.48,-6.52,934.8,-65.2,9348.0,-652.0,-25.38,74.62,-25.38,746.2,-253.8,7462.0,-2538.0,-25.0,75.0,-25.0,750.0,-250.0,7500.0,-2500.0,,,,,,,,,,,,,,,,,,,,,,
KAITO,Kaito,Crypto,ai,Crypto,0.914644,-10.17%,-28.56%,+49.87%,+80.69%,+81%,0.221,,,80.32,67271516,562228121,1455527706,,,,,-10.17,89.83,-10.17,898.3,-101.7,8983.0,-1017.0,-28.56,71.44,-28.56,714.4,-285.6,7144.0,-2856.0,49.87,149.87,49.87,1498.7,498.7,14987.0,4987.0,80.69,180.69,80.69,1806.9,806.9,18069.0,8069.0,81.0,181.0,81.0,1810.0,810.0,18100.0,8100.0,,,,,,,,,,,,,10,buy,0.592,"KAITO is up 85.08% YTD and 51.74% on the month, but down 19.50% on the week and 19.29% on the day, indicating high volatility. Despite the recent pullback, its strong YTD performance and small market cap of $0.23B make it a speculative buy.",+85.08% YTD; +51.74% 1M; High volatility; Market cap $0.23B,,,,,
VIRTUAL,Virtuals Protocol,Crypto,ai,Crypto,0.565011,-0.49%,-3.80%,-1.19%,-12.59%,-13%,0.372,,,36.86,23680986,258012792,1538246039,,,,,-0.49,99.51,-0.49,995.1,-4.9,9951.0,-49.0,-3.8,96.2,-3.8,962.0,-38.0,9620.0,-380.0,-1.19,98.81,-1.19,988.1,-11.9,9881.0,-119.0,-12.59,87.41,-12.59,874.1,-125.9,8741.0,-1259.0,-13.0,87.0,-13.0,870.0,-130.0,8700.0,-1300.0,,,,,,,,,,,,,,,,,,,,,,
LMT,Lockheed Martin,Defence,us-primes,NYSE,586.29,+0.22%,+1.08%,+8.98%,+19.35%,+38%,135.311,0.11,21.63,1.3,975059,6788859,24969859,237.0,1.62,hold,2.52,0.22,100.22,0.22,1002.2,2.2,10022.0,22.0,1.08,101.08,1.08,1010.8,10.8,10108.0,108.0,8.98,108.98,8.98,1089.8,89.8,10898.0,898.0,19.35,119.35,19.35,1193.5,193.5,11935.0,1935.0,38.0,138.0,38.0,1380.0,380.0,13800.0,3800.0,Northrop Grumman To Boost Missile Component Production For ‘Arsenal of Freedom’ – Retail Views Steady Execution To Be Key For Growth,Stocktwits,2026-08-03,0.649,The Production Ramp That Could Repower Boeing Stock,Trefis,2026-08-03,0.0,Northrop Grumman Enters $3 Billion Contracts to Increase Missile Defense Production,The Wall Street Journal,2026-08-03,0.421,1,strong_buy,0.9,"YTD +18.62%, PE 21.5, record backlog $230B and raised FY2026 guidance after Q2 sales of $20.1B (+11% YoY) and a $35B THAAD contract [lockheedmartin.com](https://news.lockheedmartin.com/2026-07-23-Lockheed-Martin-Reports-Second-Quarter-2026-Financial-Results) [spokesman.com](https://www.spokesman.com/stories/2026/jul/23/lockheed-martin-rtx-lift-2026-forecasts-as-pentago/).",YTD +18.62%; PE 21.5; record $230B backlog; raised guidance,,,,,
RTX,RTX Corporation,Defence,us-primes,NYSE,216.65,+0.38%,-0.81%,+7.59%,+16.57%,+37%,291.992,0.294,38.14,5.45,2281519,26945619,105514219,136.0,1.27,buy,1.87,0.38,100.38,0.38,1003.8,3.8,10038.0,38.0,-0.81,99.19,-0.81,991.9,-8.1,9919.0,-81.0,7.59,107.59,7.59,1075.9,75.9,10759.0,759.0,16.57,116.57,16.57,1165.7,165.7,11657.0,1657.0,37.0,137.0,37.0,1370.0,370.0,13700.0,3700.0,The Production Ramp That Could Repower Boeing Stock,Trefis,2026-08-03,0.0,Israeli strikes kill at least four in Gaza despite Trump ceasefire breakthrough,Investing.com,2026-08-02,-0.802,MarketBeat Week in Review – 07/27- 07/31,MarketBeat,2026-08-01,0.0,2,strong_buy,0.9,"YTD +15.8%, 1M +12.22%, PE 37.89, raised FY2026 adjusted sales and EPS guidance after Q2 organic sales growth of 16% and backlog of $289B [rtx.com](https://www.rtx.com/news/news-center/2026/07/23/rtx-reports-q2-2026-results) [spokesman.com](https://www.spokesman.com/stories/2026/jul/23/lockheed-martin-rtx-lift-2026-forecasts-as-pentago/).",YTD +15.8%; 1M +12.22%; raised guidance; backlog $289B,,,,,
NOC,Northrop Grumman,Defence,us-primes,NYSE,548.47,+0.83%,+0.16%,+0.13%,-5.64%,-8%,77.917,-0.108,17.43,0.98,672715,4004015,19477115,173.0,1.64,buy,1.96,0.83,100.83,0.83,1008.3,8.3,10083.0,83.0,0.16,100.16,0.16,1001.6,1.6,10016.0,16.0,0.13,100.13,0.13,1001.3,1.3,10013.0,13.0,-5.64,94.36,-5.64,943.6,-56.4,9436.0,-564.0,-8.0,92.0,-8.0,920.0,-80.0,9200.0,-800.0,"This ETF, The IBD Stock Of The Day, Breaks Out As Cybersecurity Stocks Rebound",Investor's Business Daily,2026-08-03,0.0,Northrop Grumman To Boost Missile Component Production For ‘Arsenal of Freedom’ – Retail Views Steady Execution To Be Key For Growth,Stocktwits,2026-08-03,0.649,The Production Ramp That Could Repower Boeing Stock,Trefis,2026-08-03,0.0,,,,,,,,,,
GD,General Dynamics,Defence,us-primes,NYSE,382.43,-0.26%,-1.72%,+1.47%,+12.83%,+23%,103.469,0.328,23.3,1.25,918779,7280979,24784779,166.0,1.2,buy,2.12,-0.26,99.74,-0.26,997.4,-2.6,9974.0,-26.0,-1.72,98.28,-1.72,982.8,-17.2,9828.0,-172.0,1.47,101.47,1.47,1014.7,14.7,10147.0,147.0,12.83,112.83,12.83,1128.3,128.3,11283.0,1283.0,23.0,123.0,23.0,1230.0,230.0,12300.0,2300.0,"This ETF, The IBD Stock Of The Day, Breaks Out As Cybersecurity Stocks Rebound",Investor's Business Daily,2026-08-03,0.0,The Production Ramp That Could Repower Boeing Stock,Trefis,2026-08-03,0.0,This Is the Most Attractive Defense Stock Right Now,Barrons.com,2026-08-02,0.609,,,,,,,,,,
HII,Huntington Ingalls Industries,Defence,us-primes,NYSE,325.95,+0.22%,+13.08%,+10.83%,-6.11%,+23%,12.844,0.241,19.42,0.56,447668,4545368,11111268,169.0,2.97,buy,2.08,0.22,100.22,0.22,1002.2,2.2,10022.0,22.0,13.08,113.08,13.08,1130.8,130.8,11308.0,1308.0,10.83,110.83,10.83,1108.3,108.3,11083.0,1083.0,-6.11,93.89,-6.11,938.9,-61.1,9389.0,-611.0,23.0,123.0,23.0,1230.0,230.0,12300.0,2300.0,Why Huntington Ingalls Industries Stock Is Heading Higher,Motley Fool,2026-08-02,0.0,Huntington Ingalls Industries (HII) Stock Could Be 33% Undervalued Following New Submarine Contracts,Simply Wall St.,2026-08-02,0.0,Huntington Ingalls (HII) Lands Major Submarine Awards That Extend Newport News Pipeline,Simply Wall St.,2026-08-01,0.61,3,strong_buy,0.85,"1M +17.02%, 1W +13.51%, PE 19.45, Q2 earnings beat ($5.27 vs $3.82 est.) and raised shipbuilding revenue guidance to ~$10.3B [fool.com](https://www.fool.com/investing/2026/08/02/why-huntington-ingalls-industries-stock-is-up/).",1M +17.02%; 1W +13.51%; PE 19.45; earnings beat,,,,,
LHX,L3Harris Technologies,Defence,us-primes,NYSE,277.86,+0.49%,-8.44%,-7.77%,-8.05%,+0%,51.741,0.746,28.1,1.41,3000541,12397141,30791941,180.0,1.9,buy,1.61,0.49,100.49,0.49,1004.9,4.9,10049.0,49.0,-8.44,91.56,-8.44,915.6,-84.4,9156.0,-844.0,-7.77,92.23,-7.77,922.3,-77.7,9223.0,-777.0,-8.05,91.95,-8.05,919.5,-80.5,9195.0,-805.0,0.0,100.0,0.0,1000.0,0.0,10000.0,0.0,How Does the Qatar-Donated Air Force One Compare With Other Presidential Jets?,The Wall Street Journal,2026-08-02,0.0,This Is the Most Attractive Defense Stock Right Now,Barrons.com,2026-08-02,0.609,L3Harris (LHX) Lands Seven Year Missile Propulsion Deals For PAC 3 And THAAD,Simply Wall St.,2026-08-01,0.0,,,,,,,,,,
BA,Boeing,Defence,us-primes,NYSE,233.49,+8.10%,+10.40%,-0.45%,+2.51%,-3%,184.409,1.221,83.69,6.42,10015708,42490508,123984708,,0.02,buy,1.68,8.1,108.1,8.1,1081.0,81.0,10810.0,810.0,10.4,110.4,10.4,1104.0,104.0,11040.0,1040.0,-0.45,99.55,-0.45,995.5,-4.5,9955.0,-45.0,2.51,102.51,2.51,1025.1,25.1,10251.0,251.0,-3.0,97.0,-3.0,970.0,-30.0,9700.0,-300.0,US regulators grant long-awaited Boeing 737 MAX 7 certificate,AFP,2026-08-03,0.361,Stock Market Today: Dow Rises To Record As Amazon Jumps; This Cathie Wood Trade Nets $2.9 Mil (Live Coverage),Investor's Business Daily,2026-08-03,0.178,"Amazon, Apple, Boeing, Micron, Bristol Myers, GameStop, SpaceX, and More Stocks That Explain Today’s Market",Barrons.com,2026-08-03,0.178,,,,,,,,,,
BA.L,BAE Systems,Defence,uk-european,LSE,28.78,+2.34%,+7.15%,+8.15%,+22.19%,+14%,0.843,-0.052,30.61,6.39,9836591,35030824,136507775,181.0,,buy,2.17,2.34,102.34,2.34,1023.4,23.4,10234.0,234.0,7.15,107.15,7.15,1071.5,71.5,10715.0,715.0,8.15,108.15,8.15,1081.5,81.5,10815.0,815.0,22.19,122.19,22.19,1221.9,221.9,12219.0,2219.0,14.0,114.0,14.0,1140.0,140.0,11400.0,1400.0,‘All-British’ fighter jet to use American engine after BAE and Rolls-Royce clash,The Telegraph,2026-08-02,0.153,FTSE 100 reaches new heights in spite of ongoing Iran war,PA Media: Money,2026-07-30,-0.796,BAE warns Germany time is running out to join UK fighter jet programme,The Telegraph,2026-07-30,0.34,6,buy,0.75,"YTD +19.4%, 1M +13.56%, PE 29.91, buy rating (score 2.17), UK defence momentum with 'all-British' fighter jet programme.",YTD +19.4%; 1M +13.56%; PE 29.91; buy rating,,,,,
RR.L,Rolls-Royce Holdings,Defence,uk-european,LSE,20.24,+2.66%,+6.59%,+0.17%,+25.89%,+35%,1.672,1.19,41.86,26.41,55668144,146058033,473291316,75.0,,buy,1.6,2.66,102.66,2.66,1026.6,26.6,10266.0,266.0,6.59,106.59,6.59,1065.9,65.9,10659.0,659.0,0.17,100.17,0.17,1001.7,1.7,10017.0,17.0,25.89,125.89,25.89,1258.9,258.9,12589.0,2589.0,35.0,135.0,35.0,1350.0,350.0,13500.0,3500.0,Are Aerospace Stocks Lagging  ATI INC (ATI) This Year?,Zacks,2026-08-03,-0.273,‘All-British’ fighter jet to use American engine after BAE and Rolls-Royce clash,The Telegraph,2026-08-02,0.153,"Boeing’s $21 billion B-52 upgrade faces cost overruns, delays, GAO says",Investing.com,2026-07-31,0.0,,,,,,,,,,
QQ.L,QinetiQ Group,Defence,uk-european,LSE,7.01,+3.16%,+6.31%,+8.90%,+17.49%,+1%,0.036,0.343,26.1,2.2,1201742,13400094,38437398,217.0,,buy,1.75,3.16,103.16,3.16,1031.6,31.6,10316.0,316.0,6.31,106.31,6.31,1063.1,63.1,10631.0,631.0,8.9,108.9,8.9,1089.0,89.0,10890.0,890.0,17.49,117.49,17.49,1174.9,174.9,11749.0,1749.0,1.0,101.0,1.0,1010.0,10.0,10100.0,100.0,3 UK Penny Stocks With Market Caps Over £300M To Consider,Simply Wall St.,2026-06-11,0.0,UK Growth Stocks With Insider Ownership Up To 20%,Simply Wall St.,2026-06-11,0.382,UK Stocks That May Be Trading Below Fair Value In June 2026,Simply Wall St.,2026-06-02,0.572,7,buy,0.7,"1M +19.81%, YTD +13.89%, PE 25.3, news sentiment 0.296, small-cap UK defence penny stock with strong momentum.",1M +19.81%; YTD +13.89%; PE 25.3; news sentiment 0.296,,,,,
PLTR,Palantir Technologies,Defence,cyber-intel,NASDAQ,125.65,+2.35%,-4.47%,-5.20%,-25.15%,-23%,301.222,1.563,141.18,41.33,67056359,194668059,748241059,,3.64,buy,1.88,2.35,102.35,2.35,1023.5,23.5,10235.0,235.0,-4.47,95.53,-4.47,955.3,-44.7,9553.0,-447.0,-5.2,94.8,-5.2,948.0,-52.0,9480.0,-520.0,-25.15,74.85,-25.15,748.5,-251.5,7485.0,-2515.0,-23.0,77.0,-23.0,770.0,-230.0,7700.0,-2300.0,Why Palantir is the 'best' publicly traded tech company,Yahoo Finance Video,2026-08-03,0.637,"Palantir delivers Q2 beat, lifts full-year guidance",Yahoo Finance Video,2026-08-03,0.0,Dow Jones Futures: Trump Sparks Stock Market Rally; Palantir Soars On Earnings With SpaceX On Deck,Investor's Business Daily,2026-08-03,0.0,,,,,,,,,,
LDOS,Leidos Holdings,Defence,cyber-intel,NYSE,118.72,+2.04%,+3.28%,+9.20%,-34.90%,-28%,14.933,0.546,10.85,1.63,1836446,7089946,29302146,149.0,5.84,buy,2.35,2.04,102.04,2.04,1020.4,20.4,10204.0,204.0,3.28,103.28,3.28,1032.8,32.8,10328.0,328.0,9.2,109.2,9.2,1092.0,92.0,10920.0,920.0,-34.9,65.1,-34.9,651.0,-349.0,6510.0,-3490.0,-28.0,72.0,-28.0,720.0,-280.0,7200.0,-2800.0,This Defense Stock Is Down 35% In 2026 – The Company Just Secured A $64.8M Contract From Office Of Naval Intelligence,Stocktwits,2026-08-03,0.743,Is BAH Stock a Buy Now as Low Valuation Meets Uneven Revenue Growth?,Zacks,2026-08-03,0.128,BAH Stock Jumps 11.9% in a Month as Investors Weigh What Comes Next,Zacks,2026-08-03,0.0,9,buy,0.6,"1M +12.16%, PE 10.57 (very cheap), news sentiment 0.214, Leidos partnership with CoreWeave, though YTD -36.61% remains a risk.",1M +12.16%; PE 10.57; Leidos partnership; news sentiment 0.214,,,,,
CACI,CACI International,Defence,cyber-intel,NYSE,512.66,+2.53%,+3.38%,+1.47%,-4.61%,+7%,11.325,0.541,21.15,0.29,248991,1271791,5617091,,7.41,buy,1.56,2.53,102.53,2.53,1025.3,25.3,10253.0,253.0,3.38,103.38,3.38,1033.8,33.8,10338.0,338.0,1.47,101.47,1.47,1014.7,14.7,10147.0,147.0,-4.61,95.39,-4.61,953.9,-46.1,9539.0,-461.0,7.0,107.0,7.0,1070.0,70.0,10700.0,700.0,BAH Stock Jumps 11.9% in a Month as Investors Weigh What Comes Next,Zacks,2026-08-03,0.0,CACI International (CACI) Could Be 24% Undervalued After SkyValor Contract Win,Simply Wall St.,2026-08-01,0.586,Did CACI’s US$500 Million SkyValor Counter-Drone Deal Just Shift CACI International’s (CACI) Investment Narrative?,Simply Wall St.,2026-07-31,0.0,8,buy,0.7,"1D +3.48%, analyst score 1.56 (buy), PE 20.53, SkyValor contract win suggests 24% undervaluation.",1D +3.48%; analyst score 1.56; PE 20.53; SkyValor contract,,,,,
SAIC,Science Applications International,Defence,cyber-intel,NYSE,120.12,+2.55%,+1.38%,+5.07%,+19.92%,+3%,5.079,0.286,13.51,0.56,376645,2170545,8948745,126.0,7.86,none,,2.55,102.55,2.55,1025.5,25.5,10255.0,255.0,1.38,101.38,1.38,1013.8,13.8,10138.0,138.0,5.07,105.07,5.07,1050.7,50.7,10507.0,507.0,19.92,119.92,19.92,1199.2,199.2,11992.0,1992.0,3.0,103.0,3.0,1030.0,30.0,10300.0,300.0,Is BAH Stock a Buy Now as Low Valuation Meets Uneven Revenue Growth?,Zacks,2026-08-03,0.128,Science Applications International (SAIC) Stock Still Looks Cheap As Navy Radar Order Lands,Simply Wall St.,2026-07-31,0.0,How Investors May Respond To SAIC’s New $70 Million Multi‑Year U.S. Navy Radar Support Contract,Simply Wall St.,2026-07-31,0.402,5,buy,0.8,"YTD +16.93%, PE 13.19 (cheap), news sentiment 0.148, Navy radar order win supports backlog growth.",YTD +16.93%; PE 13.19; Navy radar order; positive news,,,,,
BAH,Booz Allen Hamilton,Defence,cyber-intel,NYSE,71.15,+1.77%,-0.68%,+14.19%,-14.91%,-37%,8.558,0.354,11.17,2.3,1406539,12228739,49850239,338.0,8.59,hold,2.86,1.77,101.77,1.77,1017.7,17.7,10177.0,177.0,-0.68,99.32,-0.68,993.2,-6.8,9932.0,-68.0,14.19,114.19,14.19,1141.9,141.9,11419.0,1419.0,-14.91,85.09,-14.91,850.9,-149.1,8509.0,-1491.0,-37.0,63.0,-37.0,630.0,-370.0,6300.0,-3700.0,Is BAH Stock a Buy Now as Low Valuation Meets Uneven Revenue Growth?,Zacks,2026-08-03,0.128,BAH Stock Jumps 11.9% in a Month as Investors Weigh What Comes Next,Zacks,2026-08-03,0.0,What ACN Holders Got Paid While The Stock Fell Behind,Trefis,2026-08-01,0.0,10,buy,0.5,"1M +16.18%, PE 10.95 (cheap), but YTD -16.62% and hold rating (2.86) with high short interest 8.59% limit conviction.",1M +16.18%; PE 10.95; YTD -16.62%; hold rating,,,,,
AVAV,AeroVironment,Defence,drones,NASDAQ,159.18,+6.70%,+3.20%,-9.99%,-37.87%,-44%,8.056,1.412,,1.64,961036,5183336,31421136,,10.06,buy,1.6,6.7,106.7,6.7,1067.0,67.0,10670.0,670.0,3.2,103.2,3.2,1032.0,32.0,10320.0,320.0,-9.99,90.01,-9.99,900.1,-99.9,9001.0,-999.0,-37.87,62.13,-37.87,621.3,-378.7,6213.0,-3787.0,-44.0,56.0,-44.0,560.0,-440.0,5600.0,-4400.0,Amprius Technologies Set to Report Q2 Earnings: What's in the Cards?,Zacks,2026-08-03,0.0,"AeroVironment (AVAV): Buy, Sell, or Hold Post Q1 Earnings?",StockStory,2026-08-01,0.0,The U.S. Just Took A Big Step to Break China's Magnet Dominance,Oilprice.com,2026-07-31,0.202,,,,,,,,,,
KTOS,Kratos Defense,Defence,drones,NASDAQ,49.21,+6.31%,-0.49%,-8.09%,-37.94%,-22%,9.228,1.106,289.47,4.79,3174690,15211190,72653890,,6.36,strong_buy,1.48,6.31,106.31,6.31,1063.1,63.1,10631.0,631.0,-0.49,99.51,-0.49,995.1,-4.9,9951.0,-49.0,-8.09,91.91,-8.09,919.1,-80.9,9191.0,-809.0,-37.94,62.06,-37.94,620.6,-379.4,6206.0,-3794.0,-22.0,78.0,-22.0,780.0,-220.0,7800.0,-2200.0,Axon Enterprise Q2 Earnings on Deck: How to Approach the Stock Now?,Zacks,2026-08-03,0.0,Kratos (KTOS) Q2 Earnings Report Preview: What To Look For,StockStory,2026-08-03,0.0,U.S. Air Force Taps Rocket Lab to Sell It 12 Hypersonic Missiles for $266 Million. Here's What Investors Need to Know.,Motley Fool,2026-08-02,0.0,,,,,,,,,,
RCAT,Red Cat Holdings,Defence,drones,NASDAQ,8.26,+11.17%,+6.03%,-18.30%,-9.83%,-15%,1.257,1.349,,12.72,9087031,37975531,161591931,,23.58,strong_buy,1.17,11.17,111.17,11.17,1111.7,111.7,11117.0,1117.0,6.03,106.03,6.03,1060.3,60.3,10603.0,603.0,-18.3,81.7,-18.3,817.0,-183.0,8170.0,-1830.0,-9.83,90.17,-9.83,901.7,-98.3,9017.0,-983.0,-15.0,85.0,-15.0,850.0,-150.0,8500.0,-1500.0,"Earnings Preview: Red Cat Holdings, Inc. (RCAT) Q2 Earnings Expected to Decline",Zacks,2026-07-30,0.0,"ONDS, RCAT, AVAV, UMAC Stocks Slide Overnight: Pentagon’s Drone Push Is Reportedly Facing Major Production Gap",Stocktwits,2026-07-28,0.0,Red Cat (RCAT) Stock Still Looks Above Fair Value Following A 7x Run,Simply Wall St.,2026-07-24,0.572,,,,,,,,,,
TXT,Textron,Defence,drones,NYSE,86.39,+0.96%,-10.13%,-7.94%,-0.72%,+10%,15.022,0.908,16.27,1.56,1308621,14302621,36600221,9.0,4.33,buy,2.24,0.96,100.96,0.96,1009.6,9.6,10096.0,96.0,-10.13,89.87,-10.13,898.7,-101.3,8987.0,-1013.0,-7.94,92.06,-7.94,920.6,-79.4,9206.0,-794.0,-0.72,99.28,-0.72,992.8,-7.2,9928.0,-72.0,10.0,110.0,10.0,1100.0,100.0,11000.0,1000.0,Textron (TXT) Stock Could Be 44% Cheap As Training Aircraft Orders Build,Simply Wall St.,2026-08-01,0.0,"L3Harris Q2 Earnings and Revenues Beat Estimates, 2026 Outlook Raised",Zacks,2026-07-30,0.0,"General Dynamics' Q2 Earnings Surpass Estimates, Revenues Improve Y/Y",Zacks,2026-07-29,0.612,,,,,,,,,,
SPCX,SpaceX,Defence,space,NASDAQ,114.53,+6.27%,+0.91%,-28.61%,-28.84%,-33%,1508.839,,,111.5,69388988,319540088,1491379588,,2.67,buy,1.65,6.27,106.27,6.27,1062.7,62.7,10627.0,627.0,0.91,100.91,0.91,1009.1,9.1,10091.0,91.0,-28.61,71.39,-28.61,713.9,-286.1,7139.0,-2861.0,-28.84,71.16,-28.84,711.6,-288.4,7116.0,-2884.0,-33.0,67.0,-33.0,670.0,-330.0,6700.0,-3300.0,"Earnings live updates: Snap stock surges as World Cup ads boost revenue, Whirlpool falls",Yahoo Finance,2026-08-03,0.402,Dow Jones Futures: Trump Sparks Stock Market Rally; Palantir Soars On Earnings With SpaceX On Deck,Investor's Business Daily,2026-08-03,0.0,"SpaceX Has a Bit of an 'Identity Crisis,' Zhu Says",Bloomberg,2026-08-03,-0.625,,,,,,,,,,
RKLB,Rocket Lab USA,Defence,space,NASDAQ,70.43,+9.77%,+5.21%,-24.34%,-7.32%,+46%,44.006,2.629,,26.52,16498338,86102938,395916838,,7.97,buy,1.53,9.77,109.77,9.77,1097.7,97.7,10977.0,977.0,5.21,105.21,5.21,1052.1,52.1,10521.0,521.0,-24.34,75.66,-24.34,756.6,-243.4,7566.0,-2434.0,-7.32,92.68,-7.32,926.8,-73.2,9268.0,-732.0,46.0,146.0,46.0,1460.0,460.0,14600.0,4600.0,Redwire vs. Rocket Lab: Which Space-Focused Stock Is a Better Buy in 2026?,Motley Fool,2026-08-03,0.44,"One Space Stock Defied July’s Rout – Here’s Why It Outperformed ASTS, RKLB, And SPCX",Stocktwits,2026-08-03,0.0,Peter Beck's Rocket Lab Reports Earnings on Aug. 10. Here's the One Number That Will Move the Stock.,Motley Fool,2026-08-02,0.077,,,,,,,,,,
PL,Planet Labs,Defence,space,NYSE,21.53,+6.26%,+2.52%,-30.23%,+5.49%,+213%,7.673,2.123,,12.38,6078453,34374453,165609353,,11.0,buy,2.0,6.26,106.26,6.26,1062.6,62.6,10626.0,626.0,2.52,102.52,2.52,1025.2,25.2,10252.0,252.0,-30.23,69.77,-30.23,697.7,-302.3,6977.0,-3023.0,5.49,105.49,5.49,1054.9,54.9,10549.0,549.0,213.0,313.0,213.0,3130.0,2130.0,31300.0,21300.0,"One Space Stock Defied July’s Rout – Here’s Why It Outperformed ASTS, RKLB, And SPCX",Stocktwits,2026-08-03,0.0,What Does Planet Labs CFO Ashley Johnson's Sale of Shares Worth $2.4 Million Mean for Investors?,Motley Fool,2026-08-02,0.477,3 Space Stocks Down More Than 50% From Their Highs,Motley Fool,2026-07-28,0.0,,,,,,,,,,
ASTS,AST SpaceMobile,Defence,space,NASDAQ,63.52,+8.88%,+8.97%,-21.23%,-23.90%,+15%,24.653,2.745,,22.16,12328826,60879326,315008926,,19.93,hold,2.69,8.88,108.88,8.88,1088.8,88.8,10888.0,888.0,8.97,108.97,8.97,1089.7,89.7,10897.0,897.0,-21.23,78.77,-21.23,787.7,-212.3,7877.0,-2123.0,-23.9,76.1,-23.9,761.0,-239.0,7610.0,-2390.0,15.0,115.0,15.0,1150.0,150.0,11500.0,1500.0,"Will AST SpaceMobile, Inc. (ASTS) Report Negative Earnings Next Week? What You Should Know",Zacks,2026-08-03,-0.572,"One Space Stock Defied July’s Rout – Here’s Why It Outperformed ASTS, RKLB, And SPCX",Stocktwits,2026-08-03,0.0,ASTS Stock Jumps Overnight As Japan D2C Launch With Rakuten Nears — Guinness World Record Sparks Fresh Optimism,Stocktwits,2026-08-03,0.7,,,,,,,,,,
TDG,TransDigm Group,Defence,weapons,NYSE,1285.56,+2.49%,-0.06%,-4.50%,-5.37%,-22%,71.906,0.906,40.19,0.39,625882,1917182,7131782,,2.55,buy,1.91,2.49,102.49,2.49,1024.9,24.9,10249.0,249.0,-0.06,99.94,-0.06,999.4,-0.6,9994.0,-6.0,-4.5,95.5,-4.5,955.0,-45.0,9550.0,-450.0,-5.37,94.63,-5.37,946.3,-53.7,9463.0,-537.0,-22.0,78.0,-22.0,780.0,-220.0,7800.0,-2200.0,TransDigm to Report Q3 Results: What's in Store for the Stock?,Zacks,2026-08-03,0.0,TransDigm (TDG) Adds Another Bolt-On: What the $1.07 Billion Prince & Izant Deal Says About Its Playbook,Insider Monkey,2026-07-31,0.0,TransDigm Group’s (TDG) Fair Value Estimate Climbs at Double-Digit Pace,Insider Monkey,2026-07-31,0.572,,,,,,,,,,
HEI,HEICO Corporation,Defence,weapons,NYSE,360.44,+1.25%,+0.92%,-1.33%,+9.53%,+6%,50.367,1.053,64.48,0.63,397348,2252948,9059848,7.0,1.54,buy,1.86,1.25,101.25,1.25,1012.5,12.5,10125.0,125.0,0.92,100.92,0.92,1009.2,9.2,10092.0,92.0,-1.33,98.67,-1.33,986.7,-13.3,9867.0,-133.0,9.53,109.53,9.53,1095.3,95.3,10953.0,953.0,6.0,106.0,6.0,1060.0,60.0,10600.0,600.0,Will Heico (HEI) Beat Estimates Again in Its Next Earnings Report?,Zacks,2026-08-03,0.0,Are Aerospace Stocks Lagging  GE Aerospace (GE) This Year?,Zacks,2026-07-29,-0.273,"Is Heico (HEI) a Solid Growth Stock? 3 Reasons to Think ""Yes""",Zacks,2026-07-27,0.71,,,,,,,,,,
AXON,Axon Enterprise,Defence,weapons,NASDAQ,575.88,+9.21%,+9.59%,-7.47%,+2.21%,-29%,46.418,1.397,232.21,1.13,1088457,4051557,17510557,,5.47,buy,1.71,9.21,109.21,9.21,1092.1,92.1,10921.0,921.0,9.59,109.59,9.59,1095.9,95.9,10959.0,959.0,-7.47,92.53,-7.47,925.3,-74.7,9253.0,-747.0,2.21,102.21,2.21,1022.1,22.1,10221.0,221.0,-29.0,71.0,-29.0,710.0,-290.0,7100.0,-2900.0,Axon Enterprise Q2 Earnings on Deck: How to Approach the Stock Now?,Zacks,2026-08-03,0.0,Chipotle Mexican Grill vs. Axon Enterprise: Comparing Recent Revenue Trends for These S&P 500 Companies,Motley Fool,2026-08-03,0.0,Axon Enterprise (AXON) Stock Drops Despite Market Gains: Important Facts to Note,Zacks,2026-07-30,-0.388,,,,,,,,,,
OLN,Olin Corporation,Defence,weapons,NYSE,18.62,-0.43%,-14.90%,-5.72%,-12.29%,+0%,2.122,1.203,,2.96,4516667,23900967,71027267,432.0,14.54,hold,2.86,-0.43,99.57,-0.43,995.7,-4.3,9957.0,-43.0,-14.9,85.1,-14.9,851.0,-149.0,8510.0,-1490.0,-5.72,94.28,-5.72,942.8,-57.2,9428.0,-572.0,-12.29,87.71,-12.29,877.1,-122.9,8771.0,-1229.0,0.0,100.0,0.0,1000.0,0.0,10000.0,0.0,Why Olin (OLN) Is Down 20.2% After Deepening Q2 Losses And Operational Disruptions And What's Next,Simply Wall St.,2026-08-03,-0.625,"Olin (OLN) Reports A Q2 Loss, Is It Still 30% Undervalued?",Simply Wall St.,2026-08-03,-0.318,Olin (OLN) Stock May Trade At A Discount Following Merger News,Simply Wall St.,2026-08-02,0.0,,,,,,,,,,
MRCY,Mercury Systems,Defence,weapons,NASDAQ,105.79,+8.95%,+1.92%,-14.04%,+39.14%,+81%,6.352,0.998,,0.71,661337,2653137,12680837,,9.28,buy,2.0,8.95,108.95,8.95,1089.5,89.5,10895.0,895.0,1.92,101.92,1.92,1019.2,19.2,10192.0,192.0,-14.04,85.96,-14.04,859.6,-140.4,8596.0,-1404.0,39.14,139.14,39.14,1391.4,391.4,13914.0,3914.0,81.0,181.0,81.0,1810.0,810.0,18100.0,8100.0,Palantir Is Moving Deeper Into the Defense Factory,GuruFocus.com,2026-08-03,0.128,"PLTR, MRCY Stocks Gain After Announcing Partnership To Automate US Defense Manufacturing",Stocktwits,2026-08-03,0.599,Why Mercury Systems (MRCY) Could Beat Earnings Estimates Again,Zacks,2026-07-22,0.0,,,,,,,,,,
DRS,Leonardo DRS,Defence,weapons,NYSE,45.81,-2.32%,-5.45%,+0.97%,+32.24%,+9%,12.226,0.179,38.5,1.03,967740,5103240,19010340,78.0,1.08,strong_buy,1.5,-2.32,97.68,-2.32,976.8,-23.2,9768.0,-232.0,-5.45,94.55,-5.45,945.5,-54.5,9455.0,-545.0,0.97,100.97,0.97,1009.7,9.7,10097.0,97.0,32.24,132.24,32.24,1322.4,322.4,13224.0,3224.0,9.0,109.0,9.0,1090.0,90.0,10900.0,900.0,Axon Enterprise Q2 Earnings on Deck: How to Approach the Stock Now?,Zacks,2026-08-03,0.0,DRS Q2 Deep Dive: Strong Execution and AI Expansion Amid Market Caution,StockStory,2026-08-01,0.511,"Leonardo DRS (DRS) Beat Expectations And Lifted Guidance, Is The Upside Already Priced In?",Simply Wall St.,2026-07-31,0.0,4,strong_buy,0.85,"YTD +32.93%, strong_buy analyst consensus (score 1.5), PE 38.7, positive news sentiment 0.217 with AI expansion and strong execution.",YTD +32.93%; strong_buy rating; PE 38.7; news sentiment 0.217,,,,,
XOM,ExxonMobil,Energy,oil-majors,NYSE,155.06,-1.29%,+0.19%,+13.65%,+28.13%,+45%,642.716,0.173,26.1,16.7,14453456,73571956,306077956,265.0,1.15,buy,2.4,-1.29,98.71,-1.29,987.1,-12.9,9871.0,-129.0,0.19,100.19,0.19,1001.9,1.9,10019.0,19.0,13.65,113.65,13.65,1136.5,136.5,11365.0,1365.0,28.13,128.13,28.13,1281.3,281.3,12813.0,2813.0,45.0,145.0,45.0,1450.0,450.0,14500.0,4500.0,Trump calls out Chevron and Exxon profits: 'They're making too much money',Yahoo Finance Video,2026-08-03,0.44,"Trump says Exxon, Chevron are 'making too much money' amid Iran war",USA TODAY,2026-08-03,-0.599,"XOM, CVX Stocks In Focus: Trump Criticizes Exxon And Chevron For Profiting From Iran-Driven Oil Price Surge — ‘They’re Making Too Much Money’",Stocktwits,2026-08-03,0.052,,,,,,,,,,
CVX,Chevron,Energy,oil-majors,NYSE,193.18,-2.68%,+1.67%,+14.92%,+26.27%,+30%,384.737,0.488,18.59,9.11,7965535,40047235,159782635,362.0,1.03,buy,1.72,-2.68,97.32,-2.68,973.2,-26.8,9732.0,-268.0,1.67,101.67,1.67,1016.7,16.7,10167.0,167.0,14.92,114.92,14.92,1149.2,149.2,11492.0,1492.0,26.27,126.27,26.27,1262.7,262.7,12627.0,2627.0,30.0,130.0,30.0,1300.0,300.0,13000.0,3000.0,Trump calls out Chevron and Exxon profits: 'They're making too much money',Yahoo Finance Video,2026-08-03,0.44,Stock Market Today: Dow Rises To Record As Amazon Jumps; This Cathie Wood Trade Nets $2.9 Mil (Live Coverage),Investor's Business Daily,2026-08-03,0.178,"Trump says Exxon, Chevron are 'making too much money' amid Iran war",USA TODAY,2026-08-03,-0.599,5,buy,0.82,"YTD +28.66%, P/E 18.94, analyst score 1.72 (strong buy consensus), and news sentiment 0.16 — Chevron posted record Q2 profit and is aggressively reducing debt [energynow.com](https://energynow.com/2026/08/exxonmobil-chevron-steer-windfall-profits-into-debt-reduction/).",record Q2 profit; analyst score 1.72; debt reduction; dividend yield 3.62%,,,,,
SHEL,Shell,Energy,oil-majors,NYSE,91.08,-1.32%,+5.45%,+16.56%,+22.96%,+28%,252.0,-0.218,10.08,7.01,6194602,40222550,144811623,340.0,1.82,buy,2.25,-1.32,98.68,-1.32,986.8,-13.2,9868.0,-132.0,5.45,105.45,5.45,1054.5,54.5,10545.0,545.0,16.56,116.56,16.56,1165.6,165.6,11656.0,1656.0,22.96,122.96,22.96,1229.6,229.6,12296.0,2296.0,28.0,128.0,28.0,1280.0,280.0,12800.0,2800.0,Sector Update: Energy Stocks Fall Late Afternoon,MT Newswires,2026-08-03,0.273,Sector Update: Energy Stocks Fall Monday Afternoon,MT Newswires,2026-08-03,0.273,Sector Update: Energy,MT Newswires,2026-08-03,0.273,7,buy,0.72,"YTD +24.18%, P/E 10.17, and 1W +4.07% — Shell's CEO forecasts higher oil prices long-term, and the company cut net debt by ~$10.8B, reinforcing its balance sheet [longbridge.com](https://longbridge.com/news/294586204).",P/E 10.2x; 1W momentum +4.1%; CEO bullish on oil prices; debt reduction,,,,,
BP,BP p.l.c.,Energy,oil-majors,NYSE,44.26,-2.51%,+4.61%,+18.37%,+26.56%,+39%,113.975,-0.212,35.98,8.95,10669397,50074297,167058797,442.0,0.49,buy,2.47,-2.51,97.49,-2.51,974.9,-25.1,9749.0,-251.0,4.61,104.61,4.61,1046.1,46.1,10461.0,461.0,18.37,118.37,18.37,1183.7,183.7,11837.0,1837.0,26.56,126.56,26.56,1265.6,265.6,12656.0,2656.0,39.0,139.0,39.0,1390.0,390.0,13900.0,3900.0,"End Labour tax raid to halt BP’s North Sea exit, Scottish leaders urge",The Telegraph,2026-08-03,0.0,Sector Update: Energy Stocks Fall Late Afternoon,MT Newswires,2026-08-03,0.273,Sector Update: Energy Stocks Fall Monday Afternoon,MT Newswires,2026-08-03,0.273,9,buy,0.65,"YTD +29.30%, 1M +25.09%, and dividend yield 4.42% — BP shows strong short-term momentum, though its P/E of 36.76 is elevated, raising valuation concerns.",1M momentum +25.1%; dividend yield 4.42%; YTD +29.3%; high P/E,,,,,
TTE,TotalEnergies,Energy,oil-majors,NYSE,87.2,-1.74%,+3.61%,+14.27%,+32.52%,+48%,193.609,0.062,10.91,1.53,1487510,6107310,36203210,482.0,0.26,buy,2.1,-1.74,98.26,-1.74,982.6,-17.4,9826.0,-174.0,3.61,103.61,3.61,1036.1,36.1,10361.0,361.0,14.27,114.27,14.27,1142.7,142.7,11427.0,1427.0,32.52,132.52,32.52,1325.2,325.2,13252.0,3252.0,48.0,148.0,48.0,1480.0,480.0,14800.0,4800.0,Energy & Utilities Roundup: Market Talk,The Wall Street Journal,2026-08-03,0.273,Sector Update: Energy Stocks Fall Late Afternoon,MT Newswires,2026-08-03,0.273,Sector Update: Energy Stocks Fall Monday Afternoon,MT Newswires,2026-08-03,0.273,6,buy,0.76,"YTD +33.52%, P/E 11.0, and dividend yield 4.82% — TotalEnergies offers a compelling value with low valuation and high yield, benefiting from integrated operations.",P/E 11x; dividend yield 4.82%; YTD +33.5%; integrated model,,,,,
EQNR,Equinor,Energy,oil-majors,NYSE,39.91,-4.57%,+3.72%,+24.49%,+66.42%,+63%,94.827,-0.73,10.82,3.95,3287397,17861797,86314797,370.0,2.92,hold,3.33,-4.57,95.43,-4.57,954.3,-45.7,9543.0,-457.0,3.72,103.72,3.72,1037.2,37.2,10372.0,372.0,24.49,124.49,24.49,1244.9,244.9,12449.0,2449.0,66.42,166.42,66.42,1664.2,664.2,16642.0,6642.0,63.0,163.0,63.0,1630.0,630.0,16300.0,6300.0,Energy & Utilities Roundup: Market Talk,The Wall Street Journal,2026-08-03,0.273,European Equities Traded in the US as American Depositary Receipts Decline in Monday Trading,MT Newswires,2026-08-03,0.0,European Energy Stocks Fall as Oil Slumps on Renewed U.S.-Iran Diplomacy,The Wall Street Journal,2026-08-03,0.273,4,buy,0.75,"YTD +71.38%, P/E 11.14, and 1M rally of +31.69% — Equinor's massive momentum is supported by high oil prices and LNG demand, though analyst consensus is hold.",YTD +71% return; P/E 11.1x; 1M momentum +31.7%; LNG exposure,,,,,
COP,ConocoPhillips,Energy,ep-refining,NYSE,119.16,-2.06%,+3.10%,+15.04%,+25.11%,+30%,145.172,0.123,20.2,7.19,4673259,30604259,129790059,279.0,1.7,buy,1.76,-2.06,97.94,-2.06,979.4,-20.6,9794.0,-206.0,3.1,103.1,3.1,1031.0,31.0,10310.0,310.0,15.04,115.04,15.04,1150.4,150.4,11504.0,1504.0,25.11,125.11,25.11,1251.1,251.1,12511.0,2511.0,30.0,130.0,30.0,1300.0,300.0,13000.0,3000.0,"Several Oil Stocks Tee Up For Earnings, As One Breaks Out Bullishly",Investor's Business Daily,2026-08-03,0.0,3 S&P 500 Stocks Worth Your Attention,StockStory,2026-08-03,0.226,ConocoPhillips Gears Up to Report Q2 Earnings: What's in the Cards?,Zacks,2026-08-03,0.0,8,buy,0.7,"YTD +26.49%, P/E 20.42, and news sentiment 0.258 — ConocoPhillips has a solid production growth profile and a strong buy rating with an analyst score of 1.76.",YTD +26.5%; analyst score 1.76; positive news sentiment; production growth,,,,,
OXY,Occidental Petroleum,Energy,ep-refining,NYSE,55.47,-3.68%,+0.98%,+13.64%,+32.12%,+33%,55.173,0.16,74.96,10.34,7027304,37603004,187526704,182.0,0.01,buy,2.38,-3.68,96.32,-3.68,963.2,-36.8,9632.0,-368.0,0.98,100.98,0.98,1009.8,9.8,10098.0,98.0,13.64,113.64,13.64,1136.4,136.4,11364.0,1364.0,32.12,132.12,32.12,1321.2,321.2,13212.0,3212.0,33.0,133.0,33.0,1330.0,330.0,13300.0,3300.0,ConocoPhillips Gears Up to Report Q2 Earnings: What's in the Cards?,Zacks,2026-08-03,0.0,Plug Power vs. Occidental Petroleum: Which Energy Stock Is a Better Buy in 2026?,Motley Fool,2026-08-02,0.612,Occidental Petroleum Stock Outlook: Is Wall Street Bullish or Bearish?,Barchart,2026-07-31,0.0,10,buy,0.55,"YTD +35.93%, 1M +19.04%, but P/E 77.12 is very high — Occidental has strong momentum but extreme valuation, and low short interest at 0.01% suggests limited bearishness.",YTD +35.9%; 1M momentum +19%; low short interest 0.01%; high P/E 77x,,,,,
EOG,EOG Resources,Energy,ep-refining,NYSE,145.68,-3.08%,+3.83%,+13.43%,+39.19%,+27%,77.594,0.278,14.32,3.57,2634445,13029345,60877745,274.0,3.65,buy,2.17,-3.08,96.92,-3.08,969.2,-30.8,9692.0,-308.0,3.83,103.83,3.83,1038.3,38.3,10383.0,383.0,13.43,113.43,13.43,1134.3,134.3,11343.0,1343.0,39.19,139.19,39.19,1391.9,391.9,13919.0,3919.0,27.0,127.0,27.0,1270.0,270.0,12700.0,2700.0,"Several Oil Stocks Tee Up For Earnings, As One Breaks Out Bullishly",Investor's Business Daily,2026-08-03,0.0,"Exploring Analyst Estimates for EOG Resources (EOG) Q2 Earnings, Beyond Revenue and EPS",Zacks,2026-08-03,0.0,Do Wall Street Analysts Like EOG Resources Stock?,Barchart,2026-08-03,0.361,3,strong_buy,0.78,"YTD +42.07%, P/E 14.62, and news sentiment 0.332 — EOG's low-cost production and strong free cash flow make it a top E&P pick.",YTD +42% return; P/E 14.6x; positive news sentiment 0.332; low-cost producer,,,,,
MPC,Marathon Petroleum,Energy,ep-refining,NYSE,307.03,-3.63%,-1.70%,+14.14%,+87.57%,+88%,89.633,0.508,20.21,2.33,2102033,9182433,42709533,126.0,2.54,buy,2.33,-3.63,96.37,-3.63,963.7,-36.3,9637.0,-363.0,-1.7,98.3,-1.7,983.0,-17.0,9830.0,-170.0,14.14,114.14,14.14,1141.4,141.4,11414.0,1414.0,87.57,187.57,87.57,1875.7,875.7,18757.0,8757.0,88.0,188.0,88.0,1880.0,880.0,18800.0,8800.0,"Several Oil Stocks Tee Up For Earnings, As One Breaks Out Bullishly",Investor's Business Daily,2026-08-03,0.0,"Trump targets Chevron, Exxon over profits, demands lower gasoline prices",Investing.com,2026-08-03,0.178,Will UK interest rates fall in 2026?,Moneyweek,2026-08-03,0.459,2,strong_buy,0.8,"YTD +93.33%, 1M +19.48%, and P/E 20.83 — Marathon Petroleum is capturing strong downstream margins with a favourable analyst consensus.",YTD +93% return; strong 1M momentum +19.5%; refining margin catalyst; buy rating,,,,,
VLO,Valero Energy,Energy,ep-refining,NYSE,307.54,-2.79%,+1.25%,+14.21%,+88.79%,+132%,88.549,0.554,12.83,3.02,2521367,12039267,56495067,153.0,4.27,buy,2.37,-2.79,97.21,-2.79,972.1,-27.9,9721.0,-279.0,1.25,101.25,1.25,1012.5,12.5,10125.0,125.0,14.21,114.21,14.21,1142.1,142.1,11421.0,1421.0,88.79,188.79,88.79,1887.9,887.9,18879.0,8879.0,132.0,232.0,132.0,2320.0,1320.0,23200.0,13200.0,Par Pacific's Q2 Earnings on Deck: Should You Bet on the Stock?,Zacks,2026-08-03,0.0,5 Top-Ranked Stocks to Buy Ahead of Potential Earnings Beats,Zacks,2026-08-03,0.0,Valero (VLO) Stock Looks Reasonable On Cash Flow But Rich On Earnings,Simply Wall St.,2026-08-02,0.71,1,strong_buy,0.85,"YTD +92.08%, P/E 13.05, and aggregate news sentiment 0.414 — Valero benefits from record refining margins as highlighted in recent industry reports [energynow.com](https://energynow.com/2026/08/exxonmobil-chevron-steer-windfall-profits-into-debt-reduction/).",YTD +92% return; low P/E 13x; high news sentiment 0.414; refining margin tailwind,,,,,
SLB,SLB (Schlumberger),Energy,oilfield-services,NYSE,49.31,-1.12%,-4.31%,+7.85%,+24.03%,+51%,73.184,0.749,24.05,14.2,12534208,65895308,270178108,238.0,4.88,buy,1.6,-1.12,98.88,-1.12,988.8,-11.2,9888.0,-112.0,-4.31,95.69,-4.31,956.9,-43.1,9569.0,-431.0,7.85,107.85,7.85,1078.5,78.5,10785.0,785.0,24.03,124.03,24.03,1240.3,240.3,12403.0,2403.0,51.0,151.0,51.0,1510.0,510.0,15100.0,5100.0,Is CLB Stock Attractive After Its Sharp Selloff and Mixed Q2 Results?,Zacks,2026-07-31,0.44,5 Must-Read Analyst Questions From SLB’s Q2 Earnings Call,StockStory,2026-07-31,0.0,NOV Earnings Reveal Improving Margins Amid Uneven Revenue Trends Today,Zacks,2026-07-30,0.421,,,,,,,,,,
HAL,Halliburton,Energy,oilfield-services,NYSE,31.89,-1.88%,-0.75%,-3.36%,+8.72%,+49%,26.64,0.753,16.7,11.84,7823359,51304459,251186059,211.0,5.61,buy,1.75,-1.88,98.12,-1.88,981.2,-18.8,9812.0,-188.0,-0.75,99.25,-0.75,992.5,-7.5,9925.0,-75.0,-3.36,96.64,-3.36,966.4,-33.6,9664.0,-336.0,8.72,108.72,8.72,1087.2,87.2,10872.0,872.0,49.0,149.0,49.0,1490.0,490.0,14900.0,4900.0,Patterson-UTI Energy Q2 Earnings & Revenues Beat Estimates,Zacks,2026-08-03,0.273,Is Halliburton (HAL) Undervalued After Its Q2 2026 Earnings Beat And Buybacks?,Simply Wall St.,2026-08-01,0.0,Is CLB Stock Attractive After Its Sharp Selloff and Mixed Q2 Results?,Zacks,2026-07-31,0.44,,,,,,,,,,
BKR,Baker Hughes,Energy,oilfield-services,NASDAQ,60.81,-0.31%,+0.36%,+14.20%,+29.92%,+38%,60.364,0.959,19.55,8.83,6494852,54023452,209602552,152.0,3.07,buy,1.7,-0.31,99.69,-0.31,996.9,-3.1,9969.0,-31.0,0.36,100.36,0.36,1003.6,3.6,10036.0,36.0,14.2,114.2,14.2,1142.0,142.0,11420.0,1420.0,29.92,129.92,29.92,1299.2,299.2,12992.0,2992.0,38.0,138.0,38.0,1380.0,380.0,13800.0,3800.0,The Top 5 Analyst Questions From Baker Hughes’s Q2 Earnings Call,StockStory,2026-08-03,0.202,Basin rig count up two as prices decrease,"Odessa American, Texas",2026-08-01,-0.128,US Oil Drillers Turn Cautious as WTI Holds Near $85 per Barrel,Oilprice.com,2026-07-31,-0.103,,,,,,,,,,
NEE,NextEra Energy,Energy,utilities,NYSE,86.55,-0.75%,-2.57%,-1.02%,+8.46%,+23%,180.509,0.653,19.45,11.71,8834814,57359714,216338114,287.0,,buy,1.95,-0.75,99.25,-0.75,992.5,-7.5,9925.0,-75.0,-2.57,97.43,-2.57,974.3,-25.7,9743.0,-257.0,-1.02,98.98,-1.02,989.8,-10.2,9898.0,-102.0,8.46,108.46,8.46,1084.6,84.6,10846.0,846.0,23.0,123.0,23.0,1230.0,230.0,12300.0,2300.0,"This Top Nuclear Energy Dividend Stock Could Turn $1,000 Into a Lifetime Income Stream",Motley Fool,2026-08-01,0.44,Does US$100 Billion Paducah AI Power Campus Plan Change The Bull Case For NextEra Energy (NEE)?,Simply Wall St.,2026-07-31,0.273,Bloom Energy vs. NextEra Energy: Is a Fuel Cell Upstart or Renewable Energy Titan the Better Buy in 2026?,Motley Fool,2026-07-31,0.802,,,,,,,,,,
SSE.L,SSE plc,Energy,utilities,LSE,31.64,+0.43%,-0.88%,-6.01%,+5.62%,+27%,0.381,0.576,22.44,4.06,2706128,16243794,68475892,293.0,,buy,2.0,0.43,100.43,0.43,1004.3,4.3,10043.0,43.0,-0.88,99.12,-0.88,991.2,-8.8,9912.0,-88.0,-6.01,93.99,-6.01,939.9,-60.1,9399.0,-601.0,5.62,105.62,5.62,1056.2,56.2,10562.0,562.0,27.0,127.0,27.0,1270.0,270.0,12700.0,2700.0,UK PM Burnham uses policy blitz to buy time for tougher decisions,Investing.com,2026-08-01,0.178,SSE (LSE:SSE) Stock Fair Value Edges Lower After Mixed Analyst Target Changes,Simply Wall St.,2026-06-24,0.361,"UK, Japan to deepen ties with £18 billion investment agreement",Investing.com,2026-06-14,0.494,,,,,,,,,,
ENPH,Enphase Energy,Energy,clean-energy,NASDAQ,39.35,+4.10%,+3.53%,-11.67%,+16.59%,+18%,5.186,1.651,38.96,7.32,4221474,34558074,96740974,,20.94,buy,2.48,4.1,104.1,4.1,1041.0,41.0,10410.0,410.0,3.53,103.53,3.53,1035.3,35.3,10353.0,353.0,-11.67,88.33,-11.67,883.3,-116.7,8833.0,-1167.0,16.59,116.59,16.59,1165.9,165.9,11659.0,1659.0,18.0,118.0,18.0,1180.0,180.0,11800.0,1800.0,1 Cash-Producing Stock on Our Watchlist and 2 We Find Risky,StockStory,2026-08-03,-0.202,First Solar Stock Powers to the Top of the S&P 500 as Regulatory Decision Approaches,Barrons.com,2026-08-03,0.202,"First Solar's Q2 Earnings Beat Estimates, Revenues Decrease Y/Y",Zacks,2026-07-31,0.0,,,,,,,,,,
FSLR,First Solar,Energy,clean-energy,NASDAQ,232.73,+11.21%,+13.07%,-0.14%,-15.17%,+15%,25.011,1.746,23.77,2.39,5054094,14691494,42237494,,12.04,buy,2.11,11.21,111.21,11.21,1112.1,112.1,11121.0,1121.0,13.07,113.07,13.07,1130.7,130.7,11307.0,1307.0,-0.14,99.86,-0.14,998.6,-1.4,9986.0,-14.0,-15.17,84.83,-15.17,848.3,-151.7,8483.0,-1517.0,15.0,115.0,15.0,1150.0,150.0,11500.0,1500.0,First Solar Stock Powers to the Top of the S&P 500 as Regulatory Decision Approaches,Barrons.com,2026-08-03,0.202,"First Solar's Q2 Earnings Beat Estimates, Revenues Decrease Y/Y",Zacks,2026-07-31,0.0,FSLR Q2 Earnings Call Highlights Domestic Solar Push,Zacks,2026-07-31,0.0,,,,,,,,,,
BEPC,Brookfield Renewable Corp,Energy,clean-energy,NYSE,34.16,+2.34%,+4.79%,-6.72%,-12.74%,-3%,6.23,1.166,,1.59,1394689,9694089,36710589,470.0,,hold,3.2,2.34,102.34,2.34,1023.4,23.4,10234.0,234.0,4.79,104.79,4.79,1047.9,47.9,10479.0,479.0,-6.72,93.28,-6.72,932.8,-67.2,9328.0,-672.0,-12.74,87.26,-12.74,872.6,-127.4,8726.0,-1274.0,-3.0,97.0,-3.0,970.0,-30.0,9700.0,-300.0,Brookfield Renewable Q2 Earnings Call Highlights,MarketBeat,2026-07-31,0.0,Brookfield Renewable Corporation Q2 2026 Earnings Call Summary,Moby,2026-07-31,0.0,"Compared to Estimates, Brookfield Renewable (BEP) Q2 Earnings: A Look at Key Metrics",Zacks,2026-07-31,0.0,,,,,,,,,,
DNNGY,Ørsted,Energy,clean-energy,NASDAQ,7.39,+0.14%,-0.40%,-4.77%,+10.88%,-53%,29.289,0.629,,0.11,4689,424089,2019389,,,strong_buy,1.0,0.14,100.14,0.14,1001.4,1.4,10014.0,14.0,-0.4,99.6,-0.4,996.0,-4.0,9960.0,-40.0,-4.77,95.23,-4.77,952.3,-47.7,9523.0,-477.0,10.88,110.88,10.88,1108.8,108.8,11088.0,1088.0,-53.0,47.0,-53.0,470.0,-530.0,4700.0,-5300.0,Energy & Utilities Roundup: Market Talk,The Wall Street Journal,2026-06-05,0.273,Ørsted Advances Flagship Offshore Wind Projects With Earnings And Risk In Focus,Simply Wall St.,2026-05-17,-0.178,Ørsted and PGE kick off offshore installation of Baltica 2 project,Energy Global,2026-05-14,0.0,,,,,,,,,,
AAPL,Apple,MegaCap,big-tech,NASDAQ,303,-1.28%,-9.94%,-2.96%,+12.17%,+52%,4456.438,1.086,34.84,56.47,71988041,387030941,1145118441,35.0,1.0,buy,2.04,-1.28,98.72,-1.28,987.2,-12.8,9872.0,-128.0,-9.94,90.06,-9.94,900.6,-99.4,9006.0,-994.0,-2.96,97.04,-2.96,970.4,-29.6,9704.0,-296.0,12.17,112.17,12.17,1121.7,121.7,11217.0,1217.0,52.0,152.0,52.0,1520.0,520.0,15200.0,5200.0,This valuation signal shows how investors are rethinking tech stocks,Yahoo Finance,2026-08-03,0.0,Stock Market Today: Dow Rises To Record As Amazon Jumps; This Cathie Wood Trade Nets $2.9 Mil (Live Coverage),Investor's Business Daily,2026-08-03,0.178,The 3 ETFs That Hold the Most Magnificent 7 — and How They're Performing in a Tougher 2026,etf.com,2026-08-03,0.709,,,,,,,,,,
MSFT,Microsoft,MegaCap,big-tech,NASDAQ,488,+5.59%,+25.33%,+26.09%,+3.57%,-13%,3621.067,1.099,27.18,40.33,61678582,312163782,786503882,78.0,1.24,strong_buy,1.35,5.59,105.59,5.59,1055.9,55.9,10559.0,559.0,25.33,125.33,25.33,1253.3,253.3,12533.0,2533.0,26.09,126.09,26.09,1260.9,260.9,12609.0,2609.0,3.57,103.57,3.57,1035.7,35.7,10357.0,357.0,-13.0,87.0,-13.0,870.0,-130.0,8700.0,-1300.0,Why Palantir is the 'best' publicly traded tech company,Yahoo Finance Video,2026-08-03,0.637,Big Tech's cloud backlog just hit $2.3 trillion — and it's feeding AI capex plans,Yahoo Finance,2026-08-03,0.0,This valuation signal shows how investors are rethinking tech stocks,Yahoo Finance,2026-08-03,0.0,1,strong_buy,0.95,"Azure revenue soared 43% YoY, pushing shares +21.75% in a week; P/E is a reasonable 25.9 with strong_buy consensus and a record $678B commercial backlog.",+21.75% 1W momentum; P/E 25.9 is attractive; Azure +43% revenue growth; strong_buy consensus (1.35),,,,,
NVDA,NVIDIA,MegaCap,big-tech,NASDAQ,207,+3.87%,+5.15%,+5.67%,+9.55%,+12%,5005.027,2.215,31.69,152.79,127547828,678010028,2691625428,50.0,1.39,strong_buy,1.3,3.87,103.87,3.87,1038.7,38.7,10387.0,387.0,5.15,105.15,5.15,1051.5,51.5,10515.0,515.0,5.67,105.67,5.67,1056.7,56.7,10567.0,567.0,9.55,109.55,9.55,1095.5,95.5,10955.0,955.0,12.0,112.0,12.0,1120.0,120.0,11200.0,1200.0,Tech stocks rally to kick off August. Can chipmakers keep up with demand?,Yahoo Finance Video,2026-08-03,-0.128,AMD vs. Sandisk: Which company will get some post-earnings market love?,Yahoo Finance Video,2026-08-03,0.637,This valuation signal shows how investors are rethinking tech stocks,Yahoo Finance,2026-08-03,0.0,,,,,,,,,,
GOOGL,Alphabet,MegaCap,big-tech,NASDAQ,374,+5.45%,+14.38%,+1.92%,+18.67%,+83%,4568.003,1.237,18.73,32.55,38121117,171728317,638361617,25.0,1.34,strong_buy,1.39,5.45,105.45,5.45,1054.5,54.5,10545.0,545.0,14.38,114.38,14.38,1143.8,143.8,11438.0,1438.0,1.92,101.92,1.92,1019.2,19.2,10192.0,192.0,18.67,118.67,18.67,1186.7,186.7,11867.0,1867.0,83.0,183.0,83.0,1830.0,830.0,18300.0,8300.0,"Why Microsoft, Amazon, & other Big Tech stocks are soaring post-earnings",Yahoo Finance Video,2026-08-03,0.178,"Amazon, Meta, and Microsoft stocks surge as AI hyperscalers post strong earnings results",Yahoo Finance,2026-08-03,0.612,"Stocks are ignoring higher bond yields, but that can't last for 'very long'",Yahoo Finance Video,2026-08-03,-0.214,,,,,,,,,,
META,Meta Platforms,MegaCap,big-tech,NASDAQ,590,+6.56%,-0.61%,-1.67%,-9.09%,-28%,1503.64,1.243,22.22,18.12,24169883,125024283,404309383,38.0,1.72,strong_buy,1.35,6.56,106.56,6.56,1065.6,65.6,10656.0,656.0,-0.61,99.39,-0.61,993.9,-6.1,9939.0,-61.0,-1.67,98.33,-1.67,983.3,-16.7,9833.0,-167.0,-9.09,90.91,-9.09,909.1,-90.9,9091.0,-909.0,-28.0,72.0,-28.0,720.0,-280.0,7200.0,-2800.0,"Why Microsoft, Amazon, & other Big Tech stocks are soaring post-earnings",Yahoo Finance Video,2026-08-03,0.178,"Open-weight AI models add new spark to China, Silicon Valley's AI race",Yahoo Finance Video,2026-08-03,0.226,Tech stock investors have a $1 trillion problem that won't improve until at least 2028,Yahoo Finance,2026-08-03,-0.626,,,,,,,,,,
AMZN,Amazon,MegaCap,big-tech,NASDAQ,284,+5.00%,+22.75%,+16.33%,+25.40%,+28%,3055.234,1.454,22.83,49.46,86041006,406241206,996897906,,1.09,strong_buy,1.35,5.0,105.0,5.0,1050.0,50.0,10500.0,500.0,22.75,122.75,22.75,1227.5,227.5,12275.0,2275.0,16.33,116.33,16.33,1163.3,163.3,11633.0,1633.0,25.4,125.4,25.4,1254.0,254.0,12540.0,2540.0,28.0,128.0,28.0,1280.0,280.0,12800.0,2800.0,"Tech stocks today: Microsoft, Amazon jump after last week's strong earnings",Yahoo Finance,2026-08-03,0.612,The AI spending boom is hitting a key Wall Street metric: Chart of the Day,Yahoo Finance,2026-08-03,0.0,Here's the single biggest reason the bull market is broadening,Yahoo Finance,2026-08-03,0.0,2,strong_buy,0.9,"Amazon surged +17% in a week and +19.9% YTD, with P/E of 21.8 and strong_buy consensus; robust AI/cloud tailwinds bolster the outlook.",+17.00% 1W momentum; +19.90% YTD; P/E 21.8 undervalued; strong_buy consensus (1.35),,,,,
TSLA,Tesla,MegaCap,big-tech,NASDAQ,322,+4.14%,+4.16%,-23.27%,-26.48%,+1%,1272.07,1.827,295.49,47.15,37162483,190976083,857920183,,2.0,buy,2.36,4.14,104.14,4.14,1041.4,41.4,10414.0,414.0,4.16,104.16,4.16,1041.6,41.6,10416.0,416.0,-23.27,76.73,-23.27,767.3,-232.7,7673.0,-2327.0,-26.48,73.52,-26.48,735.2,-264.8,7352.0,-2648.0,1.0,101.0,1.0,1010.0,10.0,10100.0,100.0,"Open-weight AI models add new spark to China, Silicon Valley's AI race",Yahoo Finance Video,2026-08-03,0.226,Rivian Cuts Spending by $250 Million -- Here's What the New Guidance Means for Investors,Motley Fool,2026-08-03,-0.296,The 3 ETFs That Hold the Most Magnificent 7 — and How They're Performing in a Tougher 2026,etf.com,2026-08-03,0.709,,,,,,,,,,
NFLX,Netflix,MegaCap,big-tech,NASDAQ,73,+2.19%,+4.16%,-3.54%,-19.41%,-39%,305.342,1.514,23.06,43.86,32254063,213230863,1013636063,,2.41,buy,1.73,2.19,102.19,2.19,1021.9,21.9,10219.0,219.0,4.16,104.16,4.16,1041.6,41.6,10416.0,416.0,-3.54,96.46,-3.54,964.6,-35.4,9646.0,-354.0,-19.41,80.59,-19.41,805.9,-194.1,8059.0,-1941.0,-39.0,61.0,-39.0,610.0,-390.0,6100.0,-3900.0,Arm Quietly Builds Its Next Big AI Advantage,GuruFocus.com,2026-08-03,0.25,"Alphabet Is Not Your Diversifier, And It Has Still Been Worth Owning",Trefis,2026-08-03,0.226,Netflix’s stock buybacks: History & impact explained,TheStreet,2026-08-03,0.0,,,,,,,,,,
JPM,JPMorgan Chase,MegaCap,financials,NYSE,353,+0.71%,-1.00%,+4.42%,+9.88%,+20%,937.388,0.977,15.12,9.38,4184777,33184477,191537577,171.0,1.11,buy,2.09,0.71,100.71,0.71,1007.1,7.1,10071.0,71.0,-1.0,99.0,-1.0,990.0,-10.0,9900.0,-100.0,4.42,104.42,4.42,1044.2,44.2,10442.0,442.0,9.88,109.88,9.88,1098.8,98.8,10988.0,988.0,20.0,120.0,20.0,1200.0,200.0,12000.0,2000.0,JPMorgan Stock Rises as $750 Billion Housing Plan Unfolds,GuruFocus.com,2026-08-03,0.0,Sector Update: Financial Stocks Advance Late Afternoon,MT Newswires,2026-08-03,0.0,Nebex CEO: “Space Is the Only Major Sector Left Without Functioning Capital Markets”,24/7 Wall St.,2026-08-03,0.0,,,,,,,,,,
BAC,Bank of America,MegaCap,financials,NYSE,62,+0.86%,+0.56%,+4.31%,+12.89%,+35%,438.483,1.168,14.43,36.35,18813868,137597368,694545868,207.0,,buy,1.54,0.86,100.86,0.86,1008.6,8.6,10086.0,86.0,0.56,100.56,0.56,1005.6,5.6,10056.0,56.0,4.31,104.31,4.31,1043.1,43.1,10431.0,431.0,12.89,112.89,12.89,1128.9,128.9,11289.0,1289.0,35.0,135.0,35.0,1350.0,350.0,13500.0,3500.0,AI Power Demand Is Fueling a Nuclear Boom. This IPO Stock Just Joined the List.,Motley Fool,2026-08-03,-0.128,Bank of America's new disclosure highlights compliance risk,American Banker,2026-08-03,-0.273,Here's How a Small Bet on This Nuclear Stock Could Pay Off Big,Motley Fool,2026-08-03,-0.103,,,,,,,,,,
BRK-B,Berkshire Hathaway B,MegaCap,financials,NYSE,513,+0.27%,+3.21%,+1.29%,+3.28%,+11%,1106.768,0.607,15.27,4.95,4202307,23611407,85696007,,0.96,buy,2.0,0.27,100.27,0.27,1002.7,2.7,10027.0,27.0,3.21,103.21,3.21,1032.1,32.1,10321.0,321.0,1.29,101.29,1.29,1012.9,12.9,10129.0,129.0,3.28,103.28,3.28,1032.8,32.8,10328.0,328.0,11.0,111.0,11.0,1110.0,110.0,11100.0,1100.0,"Buffett-Inspired ETF Owns Berkshire, Apple, Amex and Generates 15% Yield",Barrons.com,2026-08-03,0.0,Greg Abel Poured $23 Billion of Berkshire's Cash Into Alphabet Stock,Motley Fool,2026-08-03,0.0,Greg Abel Closed Berkshire Hathaway's Taylor Morrison Deal on July 24. Here's What Berkshire Owns Now.,Motley Fool,2026-08-03,0.0,,,,,,,,,,
V,Visa,MegaCap,financials,NYSE,366,-0.04%,+0.87%,+2.36%,+5.98%,+7%,682.723,0.759,31.12,8.28,4160393,42727593,158692293,73.0,1.42,strong_buy,1.37,-0.04,99.96,-0.04,999.6,-0.4,9996.0,-4.0,0.87,100.87,0.87,1008.7,8.7,10087.0,87.0,2.36,102.36,2.36,1023.6,23.6,10236.0,236.0,5.98,105.98,5.98,1059.8,59.8,10598.0,598.0,7.0,107.0,7.0,1070.0,70.0,10700.0,700.0,Visa’s Latest Deal Signals New Era in Fighting Digital Scams,Barrons.com,2026-08-03,-0.743,Sector Update: Financial Stocks Advance Late Afternoon,MT Newswires,2026-08-03,0.0,Visa Stock Rises as $2.4 Billion Cybersecurity Deal Targets Fraud,GuruFocus.com,2026-08-03,-0.586,,,,,,,,,,
MA,Mastercard,MegaCap,financials,NYSE,571,-0.34%,+3.49%,+7.28%,+1.89%,+1%,500.175,0.735,31.42,3.71,3507348,20037348,64596848,61.0,1.03,strong_buy,1.37,-0.34,99.66,-0.34,996.6,-3.4,9966.0,-34.0,3.49,103.49,3.49,1034.9,34.9,10349.0,349.0,7.28,107.28,7.28,1072.8,72.8,10728.0,728.0,1.89,101.89,1.89,1018.9,18.9,10189.0,189.0,1.0,101.0,1.0,1010.0,10.0,10100.0,100.0,Visa’s Latest Deal Signals New Era in Fighting Digital Scams,Barrons.com,2026-08-03,-0.743,Why Circle Internet Stock Is Slumping Today Even After a Fresh Buy Rating,Barrons.com,2026-08-03,0.318,Western Union Q2 Earnings Miss Estimates on CMT Retail Weakness,Zacks,2026-08-03,-0.527,,,,,,,,,,
GS,Goldman Sachs,MegaCap,financials,NYSE,1027,+1.11%,-2.02%,-2.68%,+13.42%,+40%,302.99,1.288,15.86,2.18,1344988,10599888,41528788,196.0,2.15,hold,2.6,1.11,101.11,1.11,1011.1,11.1,10111.0,111.0,-2.02,97.98,-2.02,979.8,-20.2,9798.0,-202.0,-2.68,97.32,-2.68,973.2,-26.8,9732.0,-268.0,13.42,113.42,13.42,1134.2,134.2,11342.0,1342.0,40.0,140.0,40.0,1400.0,400.0,14000.0,4000.0,"Big Tech is seeing a 'valuation pullback,' Goldman Sachs shows",Yahoo Finance Video,2026-08-03,0.0,"Best CD rates today, Monday, August 3, 2026: Lock in up to 4.10% APY",Yahoo Personal Finance,2026-08-03,0.637,Top Wall Street Veteran: The Stock Market Is “Shrugging Off” Every Major Headwind. Here’s Why,24/7 Wall St.,2026-08-03,0.202,,,,,,,,,,
BLK,BlackRock,MegaCap,financials,NYSE,1127,+3.46%,+6.07%,+11.41%,+5.00%,-2%,183.193,1.425,26.98,0.77,587756,3755956,16450056,210.0,1.38,buy,1.53,3.46,103.46,3.46,1034.6,34.6,10346.0,346.0,6.07,106.07,6.07,1060.7,60.7,10607.0,607.0,11.41,111.41,11.41,1114.1,114.1,11141.0,1141.0,5.0,105.0,5.0,1050.0,50.0,10500.0,500.0,-2.0,98.0,-2.0,980.0,-20.0,9800.0,-200.0,"BlackRock Launches Tokenized Money Market Funds on Solana, Ethereum",decrypt,2026-08-03,0.0,Corgi On Pace to Launch 500 ETFs In First Year,Bloomberg,2026-08-03,0.0,BlackRock Unveils Two New Tokenized Treasury Funds on Ethereum,Bankless,2026-08-03,0.202,,,,,,,,,,
LLY,Eli Lilly,MegaCap,healthcare,NYSE,1121,-2.29%,-6.36%,-6.56%,+4.15%,+49%,999.963,0.506,39.84,3.01,2493796,12948996,49532896,60.0,1.15,buy,1.71,-2.29,97.71,-2.29,977.1,-22.9,9771.0,-229.0,-6.36,93.64,-6.36,936.4,-63.6,9364.0,-636.0,-6.56,93.44,-6.56,934.4,-65.6,9344.0,-656.0,4.15,104.15,4.15,1041.5,41.5,10415.0,415.0,49.0,149.0,49.0,1490.0,490.0,14900.0,4900.0,"Earnings live updates: Snap stock surges as World Cup ads boost revenue, Whirlpool falls",Yahoo Finance,2026-08-03,0.402,"Eli Lilly (LLY) Wins FDA Breakthrough Tag For Olomorasib, Backs $70 Million Raise",Simply Wall St.,2026-08-03,0.542,AbbVie's Growth Now Leans On A Single Molecule,Trefis,2026-08-03,0.382,,,,,,,,,,
UNH,UnitedHealth Group,MegaCap,healthcare,NYSE,415,+0.26%,-0.55%,-0.63%,+25.14%,+72%,377.207,0.632,31.32,6.45,2450932,21189432,115480632,224.0,2.13,buy,1.59,0.26,100.26,0.26,1002.6,2.6,10026.0,26.0,-0.55,99.45,-0.55,994.5,-5.5,9945.0,-55.0,-0.63,99.37,-0.63,993.7,-6.3,9937.0,-63.0,25.14,125.14,25.14,1251.4,251.4,12514.0,2514.0,72.0,172.0,72.0,1720.0,720.0,17200.0,7200.0,CVS Health Stock Surged On An Aetna Recovery That Management Had Already Sized,Trefis,2026-08-03,0.0,Why UnitedHealth Group (UNH) Is Back on Investors’ Radar,Insider Monkey,2026-08-03,0.0,CVS Health's Q2 Earnings on Deck: How Should You Play the Stock?,Zacks,2026-08-03,0.34,,,,,,,,,,
JNJ,Johnson & Johnson,MegaCap,healthcare,NYSE,254,-1.31%,-4.34%,-1.90%,+24.06%,+50%,613.102,0.231,29.55,8.27,7644070,39232770,169782770,209.0,1.27,buy,1.91,-1.31,98.69,-1.31,986.9,-13.1,9869.0,-131.0,-4.34,95.66,-4.34,956.6,-43.4,9566.0,-434.0,-1.9,98.1,-1.9,981.0,-19.0,9810.0,-190.0,24.06,124.06,24.06,1240.6,240.6,12406.0,2406.0,50.0,150.0,50.0,1500.0,500.0,15000.0,5000.0,AbbVie's Growth Now Leans On A Single Molecule,Trefis,2026-08-03,0.382,Stock Market Today: Dow Rises To Record As Amazon Jumps; This Cathie Wood Trade Nets $2.9 Mil (Live Coverage),Investor's Business Daily,2026-08-03,0.178,Johnson & Johnson (JNJ) Gets FDA Nod For OTTAVA As It Enters Surgical Robotics,Simply Wall St.,2026-08-03,0.0,,,,,,,,,,
ABBV,AbbVie,MegaCap,healthcare,NYSE,245,-2.68%,-4.60%,-3.11%,+9.41%,+27%,433.041,0.28,69.24,6.78,5777474,32053474,125304474,276.0,1.42,buy,1.74,-2.68,97.32,-2.68,973.2,-26.8,9732.0,-268.0,-4.6,95.4,-4.6,954.0,-46.0,9540.0,-460.0,-3.11,96.89,-3.11,968.9,-31.1,9689.0,-311.0,9.41,109.41,9.41,1094.1,94.1,10941.0,941.0,27.0,127.0,27.0,1270.0,270.0,12700.0,2700.0,AbbVie's Growth Now Leans On A Single Molecule,Trefis,2026-08-03,0.382,Stocks mixed as AstraZeneca merger talk dents FTSE 100,PA Media: Money,2026-08-03,0.0,"AbbVie Pipeline Draws Greater Investor Focus After 'Strong' Q2, RBC Says",MT Newswires,2026-08-03,0.7,,,,,,,,,,
MRK,Merck,MegaCap,healthcare,NYSE,128,-1.95%,-2.29%,+0.78%,+21.79%,+63%,315.569,0.211,35.99,10.04,10823736,44186436,182319836,261.0,1.19,buy,1.82,-1.95,98.05,-1.95,980.5,-19.5,9805.0,-195.0,-2.29,97.71,-2.29,977.1,-22.9,9771.0,-229.0,0.78,100.78,0.78,1007.8,7.8,10078.0,78.0,21.79,121.79,21.79,1217.9,217.9,12179.0,2179.0,63.0,163.0,63.0,1630.0,630.0,16300.0,6300.0,Agilent Technologies (A) Expands Its Oncology Diagnostics Reach—Can Growth Keep Up?,Insider Monkey,2026-08-03,0.459,AbbVie's Growth Now Leans On A Single Molecule,Trefis,2026-08-03,0.382,Update: Dow Hits Record High as Oil Prices Slide on Iran Deal Hopes,MT Newswires,2026-08-03,0.421,,,,,,,,,,
TMO,Thermo Fisher Scientific,MegaCap,healthcare,NYSE,574,-0.05%,+2.59%,+10.90%,-2.93%,+23%,213.322,0.847,30.85,2.4,1294863,11252963,46044463,33.0,1.43,buy,1.54,-0.05,99.95,-0.05,999.5,-0.5,9995.0,-5.0,2.59,102.59,2.59,1025.9,25.9,10259.0,259.0,10.9,110.9,10.9,1109.0,109.0,11090.0,1090.0,-2.93,97.07,-2.93,970.7,-29.3,9707.0,-293.0,23.0,123.0,23.0,1230.0,230.0,12300.0,2300.0,3 Cash-Producing Stocks We Think Twice About,StockStory,2026-08-03,0.0,Thermo Fisher Raises 2026 Outlook After Strong Second-Quarter Results,Zacks,2026-08-03,0.511,"Unlocking Thermo Fisher (TMO) International Revenues: Trends, Surprises, and Prospects",Zacks,2026-08-03,0.477,10,buy,0.65,"Thermo Fisher rose +11.88% in a month, P/E 30.9 with buy consensus and positive news sentiment; life sciences tools demand is steady.",+11.88% 1M momentum; P/E 30.9 reasonable; buy consensus (1.54); +0.132 news sentiment,,,,,
ABT,Abbott Laboratories,MegaCap,healthcare,NYSE,107,+1.34%,+2.52%,+12.81%,-12.14%,-19%,186.583,0.581,34.67,13.13,4766729,47346329,259803829,238.0,1.59,buy,1.67,1.34,101.34,1.34,1013.4,13.4,10134.0,134.0,2.52,102.52,2.52,1025.2,25.2,10252.0,252.0,12.81,112.81,12.81,1128.1,128.1,11281.0,1281.0,-12.14,87.86,-12.14,878.6,-121.4,8786.0,-1214.0,-19.0,81.0,-19.0,810.0,-190.0,8100.0,-1900.0,Abbott Laboratories Lost 16% This Year: One Analyst Sees 35% Gains for the Healthcare Giant,24/7 Wall St.,2026-08-03,0.026,Abbott (ABT) Stock Looks Like A Bargain Below Fair Value,Simply Wall St.,2026-08-02,0.791,Abbott Laboratories vs. Eli Lilly: Which Healthcare Stock Is a Better Buy in 2026?,Motley Fool,2026-08-02,0.44,6,buy,0.75,Abbott surged +15.48% in a month and offers a 2.38% dividend yield; P/E 34.2 with buy consensus and positive news sentiment.,+15.48% 1M momentum; 2.38% dividend yield; Buy consensus (1.67); +0.334 news sentiment,,,,,
PG,Procter & Gamble,MegaCap,consumer,NYSE,145,+0.43%,-2.46%,-2.18%,+4.52%,-4%,337.577,0.377,21.9,8.89,6559286,52741386,179294986,301.0,0.99,buy,2.12,0.43,100.43,0.43,1004.3,4.3,10043.0,43.0,-2.46,97.54,-2.46,975.4,-24.6,9754.0,-246.0,-2.18,97.82,-2.18,978.2,-21.8,9782.0,-218.0,4.52,104.52,4.52,1045.2,45.2,10452.0,452.0,-4.0,96.0,-4.0,960.0,-40.0,9600.0,-400.0,3 Top Dividend Stocks to Buy Before Their Next Payout,24/7 Wall St.,2026-08-03,0.202,Guinness-owner Diageo poaches P&G exec as City awaits turnaround plan,Sky News,2026-08-03,0.077,"P&G Guided Below Estimates and Sits 5% Above a 52-Week Low. I'm Not Buying It Yet, and Here's What Would Change That.",Motley Fool,2026-08-03,-0.273,,,,,,,,,,
KO,Coca-Cola,MegaCap,consumer,NYSE,87,-0.90%,+3.32%,+4.70%,+27.35%,+27%,373.719,0.342,26.08,17.67,22855450,111875750,369670050,242.0,1.12,buy,1.75,-0.9,99.1,-0.9,991.0,-9.0,9910.0,-90.0,3.32,103.32,3.32,1033.2,33.2,10332.0,332.0,4.7,104.7,4.7,1047.0,47.0,10470.0,470.0,27.35,127.35,27.35,1273.5,273.5,12735.0,2735.0,27.0,127.0,27.0,1270.0,270.0,12700.0,2700.0,Coca-Cola absorbs margin hit for expansion in key market,TheStreet,2026-08-03,0.0,Coca-Cola Stock Keeps Pace With The Market Without Following It,Trefis,2026-08-03,0.0,7-Eleven launches 7-Select Soda line in 3 flavors at $1.99,Quartz,2026-08-03,0.0,,,,,,,,,,
PEP,PepsiCo,MegaCap,consumer,NASDAQ,140,-0.41%,-0.11%,-2.55%,+0.09%,+0%,190.735,0.361,18.3,8.7,6199909,43189509,183896209,424.0,2.66,hold,2.67,-0.41,99.59,-0.41,995.9,-4.1,9959.0,-41.0,-0.11,99.89,-0.11,998.9,-1.1,9989.0,-11.0,-2.55,97.45,-2.55,974.5,-25.5,9745.0,-255.0,0.09,100.09,0.09,1000.9,0.9,10009.0,9.0,0.0,100.0,0.0,1000.0,0.0,10000.0,0.0,Coca-Cola Stock Keeps Pace With The Market Without Following It,Trefis,2026-08-03,0.0,7-Eleven launches 7-Select Soda line in 3 flavors at $1.99,Quartz,2026-08-03,0.0,3 Top Dividend Stocks to Buy Before Their Next Payout,24/7 Wall St.,2026-08-03,0.202,,,,,,,,,,
MCD,McDonald's,MegaCap,consumer,NYSE,265,-2.17%,-2.01%,-5.11%,-11.46%,-11%,188.447,0.419,21.88,4.57,5993376,23908676,93753176,275.0,1.8,buy,2.12,-2.17,97.83,-2.17,978.3,-21.7,9783.0,-217.0,-2.01,97.99,-2.01,979.9,-20.1,9799.0,-201.0,-5.11,94.89,-5.11,948.9,-51.1,9489.0,-511.0,-11.46,88.54,-11.46,885.4,-114.6,8854.0,-1146.0,-11.0,89.0,-11.0,890.0,-110.0,8900.0,-1100.0,"Earnings live updates: Snap stock surges as World Cup ads boost revenue, Whirlpool falls",Yahoo Finance,2026-08-03,0.402,Stock Market Today: Dow Rises To Record As Amazon Jumps; This Cathie Wood Trade Nets $2.9 Mil (Live Coverage),Investor's Business Daily,2026-08-03,0.178,Update: Dow Hits Record High as Oil Prices Slide on Iran Deal Hopes,MT Newswires,2026-08-03,0.421,,,,,,,,,,
NKE,Nike,MegaCap,consumer,NYSE,43,+2.21%,+1.19%,-1.62%,-31.56%,-44%,63.256,1.118,20.3,23.24,19213527,97420027,378263927,393.0,6.7,buy,2.49,2.21,102.21,2.21,1022.1,22.1,10221.0,221.0,1.19,101.19,1.19,1011.9,11.9,10119.0,119.0,-1.62,98.38,-1.62,983.8,-16.2,9838.0,-162.0,-31.56,68.44,-31.56,684.4,-315.6,6844.0,-3156.0,-44.0,56.0,-44.0,560.0,-440.0,5600.0,-4400.0,JD Sports downgraded due to pressure on consumers and lack of 'brand heat',Proactive,2026-08-03,-0.542,Amazon to issue tariff refunds in ‘limited set of circumstances’,Supply Chain Dive,2026-08-03,0.178,Nike (NKE) Launches Studio Fleece To Rebuild Its Women's Sportswear Business,Simply Wall St.,2026-08-02,0.0,,,,,,,,,,
WMT,Walmart,MegaCap,consumer,NYSE,111,-0.55%,-0.92%,+0.05%,-1.43%,+12%,881.039,0.605,38.98,22.95,22846671,122721671,445147371,89.0,1.68,buy,1.53,-0.55,99.45,-0.55,994.5,-5.5,9945.0,-55.0,-0.92,99.08,-0.92,990.8,-9.2,9908.0,-92.0,0.05,100.05,0.05,1000.5,0.5,10005.0,5.0,-1.43,98.57,-1.43,985.7,-14.3,9857.0,-143.0,12.0,112.0,12.0,1120.0,120.0,11200.0,1200.0,CVS Health Stock Surged On An Aetna Recovery That Management Had Already Sized,Trefis,2026-08-03,0.0,Walmart (WMT) Launches Florida Drone Delivery And GLP 1 Weight Loss Prescriptions,Simply Wall St.,2026-08-03,-0.318,Amazon's Cloud Profit Line Is What The Market Actually Bought,Trefis,2026-08-03,0.44,,,,,,,,,,
COST,Costco,MegaCap,consumer,NASDAQ,954,+0.25%,+0.26%,+0.56%,+12.15%,+0%,423.114,0.86,47.97,2.41,1974217,10723717,46318517,62.0,1.57,buy,2.0,0.25,100.25,0.25,1002.5,2.5,10025.0,25.0,0.26,100.26,0.26,1002.6,2.6,10026.0,26.0,0.56,100.56,0.56,1005.6,5.6,10056.0,56.0,12.15,112.15,12.15,1121.5,121.5,11215.0,1215.0,0.0,100.0,0.0,1000.0,0.0,10000.0,0.0,2 Cash-Producing Stocks to Research Further and 1 We Avoid,StockStory,2026-08-03,-0.296,Costco's Renewal Trends Point to Lasting Customer Loyalty,Zacks,2026-08-03,0.542,"Walmart, Costco, Amazon racing to capture weight loss drug customers",Quartz,2026-08-03,-0.153,,,,,,,,,,
XOM,ExxonMobil,MegaCap,energy-industrial,NYSE,155,-1.29%,+0.19%,+13.65%,+28.13%,+45%,642.715,0.173,26.1,16.7,14453456,73571956,306077956,265.0,1.15,buy,2.4,-1.29,98.71,-1.29,987.1,-12.9,9871.0,-129.0,0.19,100.19,0.19,1001.9,1.9,10019.0,19.0,13.65,113.65,13.65,1136.5,136.5,11365.0,1365.0,28.13,128.13,28.13,1281.3,281.3,12813.0,2813.0,45.0,145.0,45.0,1450.0,450.0,14500.0,4500.0,Trump calls out Chevron and Exxon profits: 'They're making too much money',Yahoo Finance Video,2026-08-03,0.44,"Trump says Exxon, Chevron are 'making too much money' amid Iran war",USA TODAY,2026-08-03,-0.599,"XOM, CVX Stocks In Focus: Trump Criticizes Exxon And Chevron For Profiting From Iran-Driven Oil Price Surge — ‘They’re Making Too Much Money’",Stocktwits,2026-08-03,0.052,8,buy,0.7,"ExxonMobil is up +28.45% YTD and +14.06% in a month, with a 2.65% dividend yield; buy consensus with bullish energy sector tailwinds.",+28.45% YTD; +14.06% 1M; 2.65% dividend yield; buy consensus (2.40),,,,,
CVX,Chevron,MegaCap,energy-industrial,NYSE,193,-2.68%,+1.67%,+14.92%,+26.27%,+30%,384.737,0.488,18.59,9.11,7965535,40047235,159782635,362.0,1.03,buy,1.72,-2.68,97.32,-2.68,973.2,-26.8,9732.0,-268.0,1.67,101.67,1.67,1016.7,16.7,10167.0,167.0,14.92,114.92,14.92,1149.2,149.2,11492.0,1492.0,26.27,126.27,26.27,1262.7,262.7,12627.0,2627.0,30.0,130.0,30.0,1300.0,300.0,13000.0,3000.0,Trump calls out Chevron and Exxon profits: 'They're making too much money',Yahoo Finance Video,2026-08-03,0.44,Stock Market Today: Dow Rises To Record As Amazon Jumps; This Cathie Wood Trade Nets $2.9 Mil (Live Coverage),Investor's Business Daily,2026-08-03,0.178,"Trump says Exxon, Chevron are 'making too much money' amid Iran war",USA TODAY,2026-08-03,-0.599,4,buy,0.8,"Chevron gained +28.66% YTD and +18.79% in a month, supported by 3.62% dividend yield and a P/E of 18.9; strong energy sector momentum.",+28.66% YTD; +18.79% 1M momentum; P/E 18.9 reasonable; 3.62% dividend yield,,,,,
CAT,Caterpillar,MegaCap,energy-industrial,NYSE,830,+1.94%,-4.95%,-14.26%,+39.55%,+88%,382.305,1.605,41.42,3.18,2784199,18460199,62396899,80.0,1.95,buy,2.14,1.94,101.94,1.94,1019.4,19.4,10194.0,194.0,-4.95,95.05,-4.95,950.5,-49.5,9505.0,-495.0,-14.26,85.74,-14.26,857.4,-142.6,8574.0,-1426.0,39.55,139.55,39.55,1395.5,395.5,13955.0,3955.0,88.0,188.0,88.0,1880.0,880.0,18800.0,8800.0,"Earnings live updates: Snap stock surges as World Cup ads boost revenue, Whirlpool falls",Yahoo Finance,2026-08-03,0.402,Update: Dow Hits Record High as Oil Prices Slide on Iran Deal Hopes,MT Newswires,2026-08-03,0.421,"Update: Equities Rise Intraday, Oil Slides Amid Middle East Deal Optimism",MT Newswires,2026-08-03,0.542,,,,,,,,,,
HON,Honeywell,MegaCap,energy-industrial,NASDAQ,247,+1.53%,+0.42%,+6.74%,+21.38%,+11%,78.211,0.918,9.49,4.61,3141198,15588698,75336798,115.0,3.02,buy,1.92,1.53,101.53,1.53,1015.3,15.3,10153.0,153.0,0.42,100.42,0.42,1004.2,4.2,10042.0,42.0,6.74,106.74,6.74,1067.4,67.4,10674.0,674.0,21.38,121.38,21.38,1213.8,213.8,12138.0,2138.0,11.0,111.0,11.0,1110.0,110.0,11100.0,1100.0,Honeywell Aerospace to Post Q2 Earnings: Here's What to Expect,Zacks,2026-08-03,0.0,Why nVent Electric Crushed Estimates Again (Hint: It's Not Just Due to AI Data Centers),Motley Fool,2026-07-31,-0.421,Jim Cramer spots overlooked winner after aerospace split,TheStreet,2026-07-31,0.572,,,,,,,,,,
GE,GE Aerospace,MegaCap,energy-industrial,NYSE,369,+2.48%,+2.02%,-2.57%,+15.33%,+30%,382.788,1.366,43.4,4.81,2527459,16211759,81777259,52.0,1.44,strong_buy,1.45,2.48,102.48,2.48,1024.8,24.8,10248.0,248.0,2.02,102.02,2.02,1020.2,20.2,10202.0,202.0,-2.57,97.43,-2.57,974.3,-25.7,9743.0,-257.0,15.33,115.33,15.33,1153.3,153.3,11533.0,1533.0,30.0,130.0,30.0,1300.0,300.0,13000.0,3000.0,Better Small Modular Reactor Stock: NuScale Power vs. GE Vernova,Motley Fool,2026-08-03,0.44,Should Philippine Airlines’ GEnx-1B Engine Deal Shape How Investors View GE’s Aerospace Story (GE)?,Simply Wall St.,2026-08-03,0.0,The Production Ramp That Could Repower Boeing Stock,Trefis,2026-08-03,0.0,,,,,,,,,,
RTX,RTX Corp,MegaCap,energy-industrial,NYSE,217,+0.38%,-0.81%,+7.59%,+16.57%,+37%,291.992,0.294,38.14,5.45,2281519,26945619,105514219,136.0,1.27,buy,1.87,0.38,100.38,0.38,1003.8,3.8,10038.0,38.0,-0.81,99.19,-0.81,991.9,-8.1,9919.0,-81.0,7.59,107.59,7.59,1075.9,75.9,10759.0,759.0,16.57,116.57,16.57,1165.7,165.7,11657.0,1657.0,37.0,137.0,37.0,1370.0,370.0,13700.0,3700.0,The Production Ramp That Could Repower Boeing Stock,Trefis,2026-08-03,0.0,Israeli strikes kill at least four in Gaza despite Trump ceasefire breakthrough,Investing.com,2026-08-02,-0.802,MarketBeat Week in Review – 07/27- 07/31,MarketBeat,2026-08-01,0.0,9,buy,0.7,"RTX gained +15.8% YTD and +12.22% in a month, with a 1.36% dividend yield and buy consensus; defense spending provides a macro tailwind.",+12.22% 1M momentum; +15.8% YTD; 1.36% dividend yield; buy consensus (1.87),,,,,
BA,Boeing,MegaCap,energy-industrial,NYSE,233,+8.10%,+10.40%,-0.45%,+2.51%,-3%,184.409,1.221,83.69,6.42,10015708,42490508,123984708,,0.02,buy,1.68,8.1,108.1,8.1,1081.0,81.0,10810.0,810.0,10.4,110.4,10.4,1104.0,104.0,11040.0,1040.0,-0.45,99.55,-0.45,995.5,-4.5,9955.0,-45.0,2.51,102.51,2.51,1025.1,25.1,10251.0,251.0,-3.0,97.0,-3.0,970.0,-30.0,9700.0,-300.0,US regulators grant long-awaited Boeing 737 MAX 7 certificate,AFP,2026-08-03,0.361,Stock Market Today: Dow Rises To Record As Amazon Jumps; This Cathie Wood Trade Nets $2.9 Mil (Live Coverage),Investor's Business Daily,2026-08-03,0.178,"Amazon, Apple, Boeing, Micron, Bristol Myers, GameStop, SpaceX, and More Stocks That Explain Today’s Market",Barrons.com,2026-08-03,0.178,,,,,,,,,,
AMD,Advanced Micro Devices,MegaCap,tech-semis,NASDAQ,485,+2.65%,-2.08%,-12.21%,+116.87%,+169%,790.254,2.489,161.55,33.03,24086408,156158908,581996908,,2.45,strong_buy,1.49,2.65,102.65,2.65,1026.5,26.5,10265.0,265.0,-2.08,97.92,-2.08,979.2,-20.8,9792.0,-208.0,-12.21,87.79,-12.21,877.9,-122.1,8779.0,-1221.0,116.87,216.87,116.87,2168.7,1168.7,21687.0,11687.0,169.0,269.0,169.0,2690.0,1690.0,26900.0,16900.0,Tech stocks rally to kick off August. Can chipmakers keep up with demand?,Yahoo Finance Video,2026-08-03,-0.128,Semiconductor stocks pare losses amid fears of increased competition from China,Yahoo Finance,2026-08-03,-0.527,Citi Has a Bullish Message for AMD Stock Investors,GuruFocus.com,2026-08-03,0.0,,,,,,,,,,
QCOM,Qualcomm,MegaCap,tech-semis,NASDAQ,152,+2.91%,-10.86%,-18.72%,-11.49%,+0%,159.149,1.663,17.32,21.66,13664181,87177781,280972181,249.0,3.84,hold,2.57,2.91,102.91,2.91,1029.1,29.1,10291.0,291.0,-10.86,89.14,-10.86,891.4,-108.6,8914.0,-1086.0,-18.72,81.28,-18.72,812.8,-187.2,8128.0,-1872.0,-11.49,88.51,-11.49,885.1,-114.9,8851.0,-1149.0,0.0,100.0,0.0,1000.0,0.0,10000.0,0.0,Semiconductor stocks pare losses amid fears of increased competition from China,Yahoo Finance,2026-08-03,-0.527,"Astera Labs, GlobalFoundries Positioned for Long-term AI Growth, Morgan Stanley Says",MT Newswires,2026-08-03,0.382,Qualcomm (QCOM) Is Shaping 6G Around AI Native Networks,Simply Wall St.,2026-08-02,0.0,,,,,,,,,,
AVGO,Broadcom,MegaCap,tech-semis,NASDAQ,392,+1.23%,+2.35%,+4.90%,+13.25%,+31%,1866.066,1.473,65.48,26.09,17238778,102944078,428993478,67.0,1.47,strong_buy,1.31,1.23,101.23,1.23,1012.3,12.3,10123.0,123.0,2.35,102.35,2.35,1023.5,23.5,10235.0,235.0,4.9,104.9,4.9,1049.0,49.0,10490.0,490.0,13.25,113.25,13.25,1132.5,132.5,11325.0,1325.0,31.0,131.0,31.0,1310.0,310.0,13100.0,3100.0,Broadcom Stock Slips After Losing Major EU Antitrust Fight,GuruFocus.com,2026-08-03,-0.667,AMD Price Prediction: Analysts Eye AI-Driven Upside Ahead of Earnings,24/7 Wall St.,2026-08-03,0.0,"This ETF, The IBD Stock Of The Day, Breaks Out As Cybersecurity Stocks Rebound",Investor's Business Daily,2026-08-03,0.0,,,,,,,,,,
TSM,Taiwan Semiconductor,MegaCap,tech-semis,NYSE,406,+0.52%,+1.76%,-10.11%,+27.72%,+69%,2106.279,1.258,35.75,14.37,11345582,80722782,312999882,94.0,0.69,strong_buy,1.42,0.52,100.52,0.52,1005.2,5.2,10052.0,52.0,1.76,101.76,1.76,1017.6,17.6,10176.0,176.0,-10.11,89.89,-10.11,898.9,-101.1,8989.0,-1011.0,27.72,127.72,27.72,1277.2,277.2,12772.0,2772.0,69.0,169.0,69.0,1690.0,690.0,16900.0,6900.0,"After Comparing Every AI ETF, These 3 Beat the Nasdaq Without Betting on a Single Stock",24/7 Wall St.,2026-08-03,0.0,Cathie Wood Just Bet $26 Million on SpaceX Days Before Earnings,GuruFocus.com,2026-08-03,0.0,Cathie Wood Is Leaning Harder Into Her Highest-Conviction Themes,GuruFocus.com,2026-08-03,0.0,,,,,,,,,,
ASML,ASML Holding,MegaCap,tech-semis,NASDAQ,1643,+1.07%,-0.64%,-9.89%,+41.81%,+133%,630.892,1.365,56.33,2.01,1417903,10736703,41739603,56.0,0.33,strong_buy,1.39,1.07,101.07,1.07,1010.7,10.7,10107.0,107.0,-0.64,99.36,-0.64,993.6,-6.4,9936.0,-64.0,-9.89,90.11,-9.89,901.1,-98.9,9011.0,-989.0,41.81,141.81,41.81,1418.1,418.1,14181.0,4181.0,133.0,233.0,133.0,2330.0,1330.0,23300.0,13300.0,ASML vs. TSMC: Which Semiconductor Supply Chain Stock Is the Better AI Play?,Motley Fool,2026-08-02,0.649,Should You Buy Billionaire Investor Stephen Mandel’s Top 5 Stock Picks in August?,24/7 Wall St.,2026-08-02,0.202,AI Isn’t a Catch-All Trade for Stocks in This Earnings Season,Bloomberg,2026-08-01,0.0,,,,,,,,,,
ARM,Arm Holdings,MegaCap,tech-semis,NASDAQ,239,+1.85%,-10.24%,-25.81%,+108.37%,+71%,255.316,3.909,243.94,10.33,6016655,41299655,132010255,,12.01,buy,1.9,1.85,101.85,1.85,1018.5,18.5,10185.0,185.0,-10.24,89.76,-10.24,897.6,-102.4,8976.0,-1024.0,-25.81,74.19,-25.81,741.9,-258.1,7419.0,-2581.0,108.37,208.37,108.37,2083.7,1083.7,20837.0,10837.0,71.0,171.0,71.0,1710.0,710.0,17100.0,7100.0,Arm Quietly Builds Its Next Big AI Advantage,GuruFocus.com,2026-08-03,0.25,ARM Stock: A $1 Billion AGI CPU Opportunity Could End Up Being Much Bigger Than Wall Street Expects,Barchart,2026-08-03,0.421,Is Arm Holdings Stock a Buy on the Bullish CPU Outlook?,Motley Fool,2026-08-02,0.0,,,,,,,,,,
INTC,Intel,MegaCap,tech-semis,NASDAQ,91,+1.99%,-0.73%,-25.53%,+131.08%,+363%,459.004,2.241,,129.26,93454443,649182543,2428280243,,2.4,hold,2.56,1.99,101.99,1.99,1019.9,19.9,10199.0,199.0,-0.73,99.27,-0.73,992.7,-7.3,9927.0,-73.0,-25.53,74.47,-25.53,744.7,-255.3,7447.0,-2553.0,131.08,231.08,131.08,2310.8,1310.8,23108.0,13108.0,363.0,463.0,363.0,4630.0,3630.0,46300.0,36300.0,"Tech stocks today: Microsoft, Amazon jump after last week's strong earnings",Yahoo Finance,2026-08-03,0.612,Buying Intel Over TSMC Isn’t as Crazy as It Might Seem,24/7 Wall St.,2026-08-03,-0.34,AMD Fell: Here Are 3 Reasons I’m Buying Without Fear,24/7 Wall St.,2026-08-03,0.388,,,,,,,,,,
2222.SR,Saudi Aramco,MegaCap,global-growth,TADAWUL,7.22,+1.80%,+2.11%,+3.91%,+16.45%,+11%,1747.005,0.009,17.61,11.26,15479213,42892615,169666117,511.0,,buy,2.11,1.8,101.8,1.8,1018.0,18.0,10180.0,180.0,2.11,102.11,2.11,1021.1,21.1,10211.0,211.0,3.91,103.91,3.91,1039.1,39.1,10391.0,391.0,16.45,116.45,16.45,1164.5,164.5,11645.0,1645.0,11.0,111.0,11.0,1110.0,110.0,11100.0,1100.0,"Jobs Numbers, SpaceX Earnings: What to Watch This Week",The Wall Street Journal,2026-08-03,0.0,SpaceX IPO Paid Wall Street $100 Million: Will It’s First Earnings Repay Investors?,BeInCrypto,2026-08-02,0.0,Cathie Wood Is Buying SpaceX Stock as it Sinks 50% Below Its Post-IPO High. Should You Follow Her?,Motley Fool,2026-08-02,0.0,,,,,,,,,,
BABA,Alibaba Group,MegaCap,global-growth,NYSE,127,+4.52%,+10.70%,+30.02%,-17.51%,+4%,305.122,0.51,19.58,12.72,13752437,54157637,257303937,86.0,1.79,strong_buy,1.32,4.52,104.52,4.52,1045.2,45.2,10452.0,452.0,10.7,110.7,10.7,1107.0,107.0,11070.0,1070.0,30.02,130.02,30.02,1300.2,300.2,13002.0,3002.0,-17.51,82.49,-17.51,824.9,-175.1,8249.0,-1751.0,4.0,104.0,4.0,1040.0,40.0,10400.0,400.0,Semiconductor stocks pare losses amid fears of increased competition from China,Yahoo Finance,2026-08-03,-0.527,"Stocks to Watch Recap: Bristol Myers Squibb, Alibaba, Palantir",The Wall Street Journal,2026-08-03,0.0,Update: US Equity Indexes Jump as Communication Services Rally While Crude Oil Slides With Treasury Yields,MT Newswires,2026-08-03,-0.44,3,strong_buy,0.85,Shares jumped +24.76% in a month after unveiling Qwen3.8-Max AI model rivaling Anthropic; P/E 18.8 with strong_buy consensus and bullish retail sentiment.,+24.76% 1M momentum; +9.02% 1W; P/E 18.8 cheap; strong_buy consensus (1.32),,,,,
SAP,SAP SE,MegaCap,global-growth,NYSE,190,+3.30%,+10.90%,+18.17%,-18.56%,-35%,218.895,0.757,24.76,3.26,2974309,20419209,72144509,160.0,0.82,buy,1.56,3.3,103.3,3.3,1033.0,33.0,10330.0,330.0,10.9,110.9,10.9,1109.0,109.0,11090.0,1090.0,18.17,118.17,18.17,1181.7,181.7,11817.0,1817.0,-18.56,81.44,-18.56,814.4,-185.6,8144.0,-1856.0,-35.0,65.0,-35.0,650.0,-350.0,6500.0,-3500.0,European Equities Traded in the US as American Depositary Receipts Decline in Monday Trading,MT Newswires,2026-08-03,0.0,European Equities Traded in the US as American Depositary Receipts Track Sharply Higher in Thursday Trading,MT Newswires,2026-07-30,0.0,Sonos Q3 Earnings Beat on Broad-Based Growth and Cost Control,Zacks,2026-07-30,0.382,5,buy,0.8,"SAP rallied +15.38% in a month and +14.76% in a week, with a 1.6% dividend yield and buy consensus; enterprise software demand is robust.",+15.38% 1M momentum; +14.76% 1W; P/E 24.0 fair; 1.6% dividend yield,,,,,
SONY,Sony Group,MegaCap,global-growth,NYSE,23,-2.82%,+1.53%,+6.95%,-12.56%,-6%,132.894,0.759,19.85,6.58,5718477,41921277,111926777,68.0,0.25,strong_buy,1.5,-2.82,97.18,-2.82,971.8,-28.2,9718.0,-282.0,1.53,101.53,1.53,1015.3,15.3,10153.0,153.0,6.95,106.95,6.95,1069.5,69.5,10695.0,695.0,-12.56,87.44,-12.56,874.4,-125.6,8744.0,-1256.0,-6.0,94.0,-6.0,940.0,-60.0,9400.0,-600.0,Why Sony Group (TSE:6758) Is Up 11.1% After Raising Full-Year Earnings Guidance – And What's Next,Simply Wall St.,2026-08-03,0.0,PlayStation’s digital pivot offers a crash course in CFO communication,CFO.com,2026-08-03,-0.402,Sony (TSE:6758) Stock Still Looks Cheap Despite Its 80% Five Year Run,Simply Wall St.,2026-08-03,0.0,7,strong_buy,0.75,"Sony climbed +15.09% in a month and +10.87% in a week, with a P/E of 20.4 and strong_buy consensus; cheap valuation supports upside.",+15.09% 1M momentum; +10.87% 1W; P/E 20.4 attractive; strong_buy consensus (1.50),,,,,
TM,Toyota Motor,MegaCap,global-growth,NYSE,186,-1.75%,+2.21%,+3.54%,-14.55%,+4%,220.445,0.335,10.29,0.51,490140,2552140,9711640,332.0,0.07,strong_buy,1.5,-1.75,98.25,-1.75,982.5,-17.5,9825.0,-175.0,2.21,102.21,2.21,1022.1,22.1,10221.0,221.0,3.54,103.54,3.54,1035.4,35.4,10354.0,354.0,-14.55,85.45,-14.55,854.5,-145.5,8545.0,-1455.0,4.0,104.0,4.0,1040.0,40.0,10400.0,400.0,Toyota set to report higher revenue and profit despite global sales slip: Earnings preview,Yahoo Finance,2026-08-03,0.44,"GM Up 61%, Ford Up 6% In Five Year Stock Price Race",24/7 Wall St.,2026-08-03,0.0,"Toyota to join Volvo, Daimler heavy-duty fuel-cell JV",Wards Auto,2026-08-03,0.296,,,,,,,,,,
NVO,Novo Nordisk,MegaCap,global-growth,NYSE,47,+0.36%,-5.19%,-4.41%,-6.82%,-4%,208.227,0.349,11.21,12.52,11832978,67409778,203728378,383.0,0.98,buy,2.43,0.36,100.36,0.36,1003.6,3.6,10036.0,36.0,-5.19,94.81,-5.19,948.1,-51.9,9481.0,-519.0,-4.41,95.59,-4.41,955.9,-44.1,9559.0,-441.0,-6.82,93.18,-6.82,931.8,-68.2,9318.0,-682.0,-4.0,96.0,-4.0,960.0,-40.0,9600.0,-400.0,"Earnings live updates: Snap stock surges as World Cup ads boost revenue, Whirlpool falls",Yahoo Finance,2026-08-03,0.402,Are These 5 Pharma Stocks Set to Surpass Q2 Earnings Forecasts?,Zacks,2026-08-03,0.0,Novo Nordisk Before Q2 Earnings: How Should Investors Play the Stock?,Zacks,2026-08-03,0.34,,,,,,,,,,
HSBC,HSBC Holdings,MegaCap,global-growth,NYSE,108,+1.35%,+3.74%,+9.24%,+38.61%,+72%,369.921,0.577,17.8,1.55,1334397,7076597,27664697,352.0,,buy,2.33,1.35,101.35,1.35,1013.5,13.5,10135.0,135.0,3.74,103.74,3.74,1037.4,37.4,10374.0,374.0,9.24,109.24,9.24,1092.4,92.4,10924.0,924.0,38.61,138.61,38.61,1386.1,386.1,13861.0,3861.0,72.0,172.0,72.0,1720.0,720.0,17200.0,7200.0,Why HSBC is Scaling Back Retail Banking in Egypt and Australia,Zacks,2026-08-03,0.0,New survey shows risks from crowded trades are rising,Investing.com,2026-08-03,-0.273,HSBC to offload Egypt retail banking unit to Emirates NBD,Retail Banker International,2026-08-03,0.465,,,,,,,,,,
AAPL,Apple,Tech,mega-cap,NASDAQ,303.42,-1.28%,-9.94%,-2.96%,+12.17%,+52%,4456.437,1.086,34.84,56.47,71988041,387030941,1145118441,35.0,1.0,buy,2.04,-1.28,98.72,-1.28,987.2,-12.8,9872.0,-128.0,-9.94,90.06,-9.94,900.6,-99.4,9006.0,-994.0,-2.96,97.04,-2.96,970.4,-29.6,9704.0,-296.0,12.17,112.17,12.17,1121.7,121.7,11217.0,1217.0,52.0,152.0,52.0,1520.0,520.0,15200.0,5200.0,This valuation signal shows how investors are rethinking tech stocks,Yahoo Finance,2026-08-03,0.0,Stock Market Today: Dow Rises To Record As Amazon Jumps; This Cathie Wood Trade Nets $2.9 Mil (Live Coverage),Investor's Business Daily,2026-08-03,0.178,The 3 ETFs That Hold the Most Magnificent 7 — and How They're Performing in a Tougher 2026,etf.com,2026-08-03,0.709,,,,,,,,,,
MSFT,Microsoft,Tech,mega-cap,NASDAQ,487.65,+5.59%,+25.33%,+26.09%,+3.57%,-13%,3621.068,1.099,27.18,40.33,61678582,312163782,786503882,78.0,1.24,strong_buy,1.35,5.59,105.59,5.59,1055.9,55.9,10559.0,559.0,25.33,125.33,25.33,1253.3,253.3,12533.0,2533.0,26.09,126.09,26.09,1260.9,260.9,12609.0,2609.0,3.57,103.57,3.57,1035.7,35.7,10357.0,357.0,-13.0,87.0,-13.0,870.0,-130.0,8700.0,-1300.0,Why Palantir is the 'best' publicly traded tech company,Yahoo Finance Video,2026-08-03,0.637,Big Tech's cloud backlog just hit $2.3 trillion — and it's feeding AI capex plans,Yahoo Finance,2026-08-03,0.0,This valuation signal shows how investors are rethinking tech stocks,Yahoo Finance,2026-08-03,0.0,1,strong_buy,0.95,"Azure revenue surged 43% to $100B annual run rate, backlog hit $678B, and EPS of $4.74 beat estimates; stock surged +20.93% in 1M and +21.75% in 1W with strong_buy consensus (score 1.35) and positive news sentiment 0.219 [fool.com](https://www.fool.com/investing/2026/08/02/why-microsoft-stock-is-surging/).",Azure 43% growth; $678B backlog; EPS beat $4.74 vs $4.24 est; 1M momentum +20.93%,,,,,
GOOGL,Alphabet (Google),Tech,mega-cap,NASDAQ,373.51,+5.45%,+14.38%,+1.92%,+18.67%,+83%,4568.004,1.237,18.73,32.55,38121117,171728317,638361617,25.0,1.34,strong_buy,1.39,5.45,105.45,5.45,1054.5,54.5,10545.0,545.0,14.38,114.38,14.38,1143.8,143.8,11438.0,1438.0,1.92,101.92,1.92,1019.2,19.2,10192.0,192.0,18.67,118.67,18.67,1186.7,186.7,11867.0,1867.0,83.0,183.0,83.0,1830.0,830.0,18300.0,8300.0,"Why Microsoft, Amazon, & other Big Tech stocks are soaring post-earnings",Yahoo Finance Video,2026-08-03,0.178,"Amazon, Meta, and Microsoft stocks surge as AI hyperscalers post strong earnings results",Yahoo Finance,2026-08-03,0.612,"Stocks are ignoring higher bond yields, but that can't last for 'very long'",Yahoo Finance Video,2026-08-03,-0.214,8,strong_buy,0.75,"YTD +13.15%, 1W +11.38%, 1D +6.10% with strong_buy consensus (score 1.39) and attractive P/E 17.86; news sentiment slightly negative but fundamentals solid.",P/E 17.86; 1W +11.38%; strong_buy consensus; YTD +13.15%,,,,,
AMZN,Amazon,Tech,mega-cap,NASDAQ,284.02,+5.00%,+22.75%,+16.33%,+25.40%,+28%,3055.234,1.454,22.83,49.46,86041006,406241206,996897906,,1.09,strong_buy,1.35,5.0,105.0,5.0,1050.0,50.0,10500.0,500.0,22.75,122.75,22.75,1227.5,227.5,12275.0,2275.0,16.33,116.33,16.33,1163.3,163.3,11633.0,1633.0,25.4,125.4,25.4,1254.0,254.0,12540.0,2540.0,28.0,128.0,28.0,1280.0,280.0,12800.0,2800.0,"Tech stocks today: Microsoft, Amazon jump after last week's strong earnings",Yahoo Finance,2026-08-03,0.612,The AI spending boom is hitting a key Wall Street metric: Chart of the Day,Yahoo Finance,2026-08-03,0.0,Here's the single biggest reason the bull market is broadening,Yahoo Finance,2026-08-03,0.0,2,strong_buy,0.9,"AWS revenue grew 37% to $42.2B, beating 31% consensus, and contract backlog expanded to $496B; stock gained +12.36% 1M and +17% 1W with strong_buy consensus and P/E 21.83 [tradingpedia.com](https://www.tradingpedia.com/2026/08/03/amazon-boosts-ai-capex-as-aws-growth-accelerates/).",AWS 37% revenue growth; $496B backlog; 1W momentum +17%; P/E 21.83,,,,,
META,Meta Platforms,Tech,mega-cap,NASDAQ,590.24,+6.56%,-0.61%,-1.67%,-9.09%,-28%,1503.641,1.243,22.22,18.12,24169883,125024283,404309383,38.0,1.72,strong_buy,1.35,6.56,106.56,6.56,1065.6,65.6,10656.0,656.0,-0.61,99.39,-0.61,993.9,-6.1,9939.0,-61.0,-1.67,98.33,-1.67,983.3,-16.7,9833.0,-167.0,-9.09,90.91,-9.09,909.1,-90.9,9091.0,-909.0,-28.0,72.0,-28.0,720.0,-280.0,7200.0,-2800.0,"Why Microsoft, Amazon, & other Big Tech stocks are soaring post-earnings",Yahoo Finance Video,2026-08-03,0.178,"Open-weight AI models add new spark to China, Silicon Valley's AI race",Yahoo Finance Video,2026-08-03,0.226,Tech stock investors have a $1 trillion problem that won't improve until at least 2028,Yahoo Finance,2026-08-03,-0.626,,,,,,,,,,
NVDA,NVIDIA,Tech,semiconductors,NASDAQ,206.64,+3.87%,+5.15%,+5.67%,+9.55%,+12%,5005.028,2.215,31.69,152.79,127547828,678010028,2691625428,50.0,1.39,strong_buy,1.3,3.87,103.87,3.87,1038.7,38.7,10387.0,387.0,5.15,105.15,5.15,1051.5,51.5,10515.0,515.0,5.67,105.67,5.67,1056.7,56.7,10567.0,567.0,9.55,109.55,9.55,1095.5,95.5,10955.0,955.0,12.0,112.0,12.0,1120.0,120.0,11200.0,1200.0,Tech stocks rally to kick off August. Can chipmakers keep up with demand?,Yahoo Finance Video,2026-08-03,-0.128,AMD vs. Sandisk: Which company will get some post-earnings market love?,Yahoo Finance Video,2026-08-03,0.637,This valuation signal shows how investors are rethinking tech stocks,Yahoo Finance,2026-08-03,0.0,,,,,,,,,,
AMD,Advanced Micro Devices,Tech,semiconductors,NASDAQ,484.64,+2.65%,-2.08%,-12.21%,+116.87%,+169%,790.254,2.489,161.55,33.03,24086408,156158908,581996908,,2.45,strong_buy,1.49,2.65,102.65,2.65,1026.5,26.5,10265.0,265.0,-2.08,97.92,-2.08,979.2,-20.8,9792.0,-208.0,-12.21,87.79,-12.21,877.9,-122.1,8779.0,-1221.0,116.87,216.87,116.87,2168.7,1168.7,21687.0,11687.0,169.0,269.0,169.0,2690.0,1690.0,26900.0,16900.0,Tech stocks rally to kick off August. Can chipmakers keep up with demand?,Yahoo Finance Video,2026-08-03,-0.128,Semiconductor stocks pare losses amid fears of increased competition from China,Yahoo Finance,2026-08-03,-0.527,Citi Has a Bullish Message for AMD Stock Investors,GuruFocus.com,2026-08-03,0.0,,,,,,,,,,
INTC,Intel,Tech,semiconductors,NASDAQ,91.0,+1.99%,-0.73%,-25.53%,+131.08%,+363%,459.004,2.241,,129.26,93454443,649182543,2428280243,,2.4,hold,2.56,1.99,101.99,1.99,1019.9,19.9,10199.0,199.0,-0.73,99.27,-0.73,992.7,-7.3,9927.0,-73.0,-25.53,74.47,-25.53,744.7,-255.3,7447.0,-2553.0,131.08,231.08,131.08,2310.8,1310.8,23108.0,13108.0,363.0,463.0,363.0,4630.0,3630.0,46300.0,36300.0,"Tech stocks today: Microsoft, Amazon jump after last week's strong earnings",Yahoo Finance,2026-08-03,0.612,Buying Intel Over TSMC Isn’t as Crazy as It Might Seem,24/7 Wall St.,2026-08-03,-0.34,AMD Fell: Here Are 3 Reasons I’m Buying Without Fear,24/7 Wall St.,2026-08-03,0.388,,,,,,,,,,
TSM,Taiwan Semiconductor,Tech,semiconductors,NYSE,406.11,+0.52%,+1.76%,-10.11%,+27.72%,+69%,2106.279,1.258,35.75,14.37,11345582,80722782,312999882,94.0,0.69,strong_buy,1.42,0.52,100.52,0.52,1005.2,5.2,10052.0,52.0,1.76,101.76,1.76,1017.6,17.6,10176.0,176.0,-10.11,89.89,-10.11,898.9,-101.1,8989.0,-1011.0,27.72,127.72,27.72,1277.2,277.2,12772.0,2772.0,69.0,169.0,69.0,1690.0,690.0,16900.0,6900.0,"After Comparing Every AI ETF, These 3 Beat the Nasdaq Without Betting on a Single Stock",24/7 Wall St.,2026-08-03,0.0,Cathie Wood Just Bet $26 Million on SpaceX Days Before Earnings,GuruFocus.com,2026-08-03,0.0,Cathie Wood Is Leaning Harder Into Her Highest-Conviction Themes,GuruFocus.com,2026-08-03,0.0,,,,,,,,,,
AVGO,Broadcom,Tech,semiconductors,NASDAQ,392.23,+1.23%,+2.35%,+4.90%,+13.25%,+31%,1866.066,1.473,65.48,26.09,17238778,102944078,428993478,67.0,1.47,strong_buy,1.31,1.23,101.23,1.23,1012.3,12.3,10123.0,123.0,2.35,102.35,2.35,1023.5,23.5,10235.0,235.0,4.9,104.9,4.9,1049.0,49.0,10490.0,490.0,13.25,113.25,13.25,1132.5,132.5,11325.0,1325.0,31.0,131.0,31.0,1310.0,310.0,13100.0,3100.0,Broadcom Stock Slips After Losing Major EU Antitrust Fight,GuruFocus.com,2026-08-03,-0.667,AMD Price Prediction: Analysts Eye AI-Driven Upside Ahead of Earnings,24/7 Wall St.,2026-08-03,0.0,"This ETF, The IBD Stock Of The Day, Breaks Out As Cybersecurity Stocks Rebound",Investor's Business Daily,2026-08-03,0.0,5,strong_buy,0.8,"YTD +12.40%, 1M +5.40%, 1W +1.93% with strong_buy consensus (score 1.31) and P/E 64.99 reflecting AI infrastructure demand; stable momentum.",strong_buy consensus 1.31; YTD +12.40%; 1M +5.40%; P/E 64.99,,,,,
QCOM,Qualcomm,Tech,semiconductors,NASDAQ,151.57,+2.91%,-10.86%,-18.72%,-11.49%,+0%,159.149,1.663,17.32,21.66,13664181,87177781,280972181,249.0,3.84,hold,2.57,2.91,102.91,2.91,1029.1,29.1,10291.0,291.0,-10.86,89.14,-10.86,891.4,-108.6,8914.0,-1086.0,-18.72,81.28,-18.72,812.8,-187.2,8128.0,-1872.0,-11.49,88.51,-11.49,885.1,-114.9,8851.0,-1149.0,0.0,100.0,0.0,1000.0,0.0,10000.0,0.0,Semiconductor stocks pare losses amid fears of increased competition from China,Yahoo Finance,2026-08-03,-0.527,"Astera Labs, GlobalFoundries Positioned for Long-term AI Growth, Morgan Stanley Says",MT Newswires,2026-08-03,0.382,Qualcomm (QCOM) Is Shaping 6G Around AI Native Networks,Simply Wall St.,2026-08-02,0.0,,,,,,,,,,
ARM,Arm Holdings,Tech,semiconductors,NASDAQ,239.06,+1.85%,-10.24%,-25.81%,+108.37%,+71%,255.316,3.909,243.94,10.33,6016655,41299655,132010255,,12.01,buy,1.9,1.85,101.85,1.85,1018.5,18.5,10185.0,185.0,-10.24,89.76,-10.24,897.6,-102.4,8976.0,-1024.0,-25.81,74.19,-25.81,741.9,-258.1,7419.0,-2581.0,108.37,208.37,108.37,2083.7,1083.7,20837.0,10837.0,71.0,171.0,71.0,1710.0,710.0,17100.0,7100.0,Arm Quietly Builds Its Next Big AI Advantage,GuruFocus.com,2026-08-03,0.25,ARM Stock: A $1 Billion AGI CPU Opportunity Could End Up Being Much Bigger Than Wall Street Expects,Barchart,2026-08-03,0.421,Is Arm Holdings Stock a Buy on the Bullish CPU Outlook?,Motley Fool,2026-08-02,0.0,,,,,,,,,,
ASML,ASML Holding,Tech,semiconductors,NASDAQ,1642.52,+1.07%,-0.64%,-9.89%,+41.81%,+133%,630.892,1.365,56.33,2.01,1417903,10736703,41739603,56.0,0.33,strong_buy,1.39,1.07,101.07,1.07,1010.7,10.7,10107.0,107.0,-0.64,99.36,-0.64,993.6,-6.4,9936.0,-64.0,-9.89,90.11,-9.89,901.1,-98.9,9011.0,-989.0,41.81,141.81,41.81,1418.1,418.1,14181.0,4181.0,133.0,233.0,133.0,2330.0,1330.0,23300.0,13300.0,ASML vs. TSMC: Which Semiconductor Supply Chain Stock Is the Better AI Play?,Motley Fool,2026-08-02,0.649,Should You Buy Billionaire Investor Stephen Mandel’s Top 5 Stock Picks in August?,24/7 Wall St.,2026-08-02,0.202,AI Isn’t a Catch-All Trade for Stocks in This Earnings Season,Bloomberg,2026-08-01,0.0,,,,,,,,,,
MU,Micron Technology,Tech,semiconductors,NASDAQ,829.5,+2.09%,-7.85%,-15.77%,+163.13%,+664%,936.832,2.213,18.73,53.66,42015788,290234288,974043688,6.0,3.21,strong_buy,1.42,2.09,102.09,2.09,1020.9,20.9,10209.0,209.0,-7.85,92.15,-7.85,921.5,-78.5,9215.0,-785.0,-15.77,84.23,-15.77,842.3,-157.7,8423.0,-1577.0,163.13,263.13,163.13,2631.3,1631.3,26313.0,16313.0,664.0,764.0,664.0,7640.0,6640.0,76400.0,66400.0,Semiconductor stocks pare losses amid fears of increased competition from China,Yahoo Finance,2026-08-03,-0.527,"Amazon, Apple, Boeing, Micron, Bristol Myers, GameStop, SpaceX, and More Stocks That Explain Today’s Market",Barrons.com,2026-08-03,0.178,Micron Stock Rises Despite Rising Competition From Chinese Memory Chip,Barrons.com,2026-08-03,0.0,,,,,,,,,,
AMAT,Applied Materials,Tech,semiconductors,NASDAQ,518.21,+2.37%,+0.26%,-12.58%,+93.22%,+178%,411.438,1.618,48.84,9.78,5952350,45581050,175103850,42.0,2.11,strong_buy,1.46,2.37,102.37,2.37,1023.7,23.7,10237.0,237.0,0.26,100.26,0.26,1002.6,2.6,10026.0,26.0,-12.58,87.42,-12.58,874.2,-125.8,8742.0,-1258.0,93.22,193.22,93.22,1932.2,932.2,19322.0,9322.0,178.0,278.0,178.0,2780.0,1780.0,27800.0,17800.0,KLA Corporation Cratered 40% Over The Last 30 Days: The Next 12 Months Will Bring 75% Returns According to One Wall Street Pro,24/7 Wall St.,2026-08-03,0.0,MKSI Gears Up to Report Q2 Earnings: What's in Store for the Stock?,Zacks,2026-08-03,0.0,VECO Set to Report Q2 Earnings: What's in Store for the Stock?,Zacks,2026-08-03,0.0,,,,,,,,,,
ORCL,Oracle,Tech,enterprise-software,NYSE,141.85,+9.82%,+18.31%,-0.99%,-26.82%,-49%,408.595,1.718,24.33,30.93,49250527,185709527,821705027,154.0,2.91,buy,1.55,9.82,109.82,9.82,1098.2,98.2,10982.0,982.0,18.31,118.31,18.31,1183.1,183.1,11831.0,1831.0,-0.99,99.01,-0.99,990.1,-9.9,9901.0,-99.0,-26.82,73.18,-26.82,731.8,-268.2,7318.0,-2682.0,-49.0,51.0,-49.0,510.0,-490.0,5100.0,-4900.0,Big Tech's cloud backlog just hit $2.3 trillion — and it's feeding AI capex plans,Yahoo Finance,2026-08-03,0.0,Oracle Is Still Down 28% This Year. What Will It Take to Get ORCL Stock Back to $200?,24/7 Wall St.,2026-08-03,0.0,Oracle Stock Surges 6.6% as Cloud-AI Rally Widens,GuruFocus.com,2026-08-03,0.0,,,,,,,,,,
CRM,Salesforce,Tech,enterprise-software,NYSE,185.95,+1.37%,+7.11%,+12.25%,-26.31%,-27%,152.293,1.152,21.55,14.95,11534161,68746961,266917461,96.0,6.56,buy,1.66,1.37,101.37,1.37,1013.7,13.7,10137.0,137.0,7.11,107.11,7.11,1071.1,71.1,10711.0,711.0,12.25,112.25,12.25,1122.5,122.5,11225.0,1225.0,-26.31,73.69,-26.31,736.9,-263.1,7369.0,-2631.0,-27.0,73.0,-27.0,730.0,-270.0,7300.0,-2700.0,"Top Tech Analyst Says Hyperscalers Are the Clear AI Winners, but Beaten-Down Software Offers Value",24/7 Wall St.,2026-08-03,0.747,Salesforce Remains Down But Turning Positive: 100%+ Returns Lie Ahead According to This Analyst,24/7 Wall St.,2026-08-03,0.71,Stocks Rally on Easing Geopolitical Risks and US Economic Strength,Barchart,2026-08-03,0.477,6,buy,0.7,"1M +12.74%, 1W +12.44% with buy consensus (score 1.66) and reasonable P/E 21.32; YTD -27.07% offers value entry.",1M +12.74%; 1W +12.44%; P/E 21.32; buy consensus,,,,,
ADBE,Adobe,Tech,enterprise-software,NASDAQ,251.34,+0.48%,+5.72%,+15.26%,-24.59%,-26%,99.907,1.397,14.38,6.46,4131768,34568368,117697568,,5.7,hold,2.73,0.48,100.48,0.48,1004.8,4.8,10048.0,48.0,5.72,105.72,5.72,1057.2,57.2,10572.0,572.0,15.26,115.26,15.26,1152.6,152.6,11526.0,1526.0,-24.59,75.41,-24.59,754.1,-245.9,7541.0,-2459.0,-26.0,74.0,-26.0,740.0,-260.0,7400.0,-2600.0,Why Palantir is the 'best' publicly traded tech company,Yahoo Finance Video,2026-08-03,0.637,"Top Tech Analyst Says Hyperscalers Are the Clear AI Winners, but Beaten-Down Software Offers Value",24/7 Wall St.,2026-08-03,0.747,"WDAY, ADBE, INTU, ADSK, CRM: Software Stocks Stage Sharp Rebound In July",Stocktwits,2026-08-03,0.0,,,,,,,,,,
NOW,ServiceNow,Tech,enterprise-software,NYSE,114.19,+3.46%,+8.18%,+5.80%,-22.56%,-40%,118.057,0.93,71.37,28.08,22545076,146887776,510753276,,5.4,strong_buy,1.47,3.46,103.46,3.46,1034.6,34.6,10346.0,346.0,8.18,108.18,8.18,1081.8,81.8,10818.0,818.0,5.8,105.8,5.8,1058.0,58.0,10580.0,580.0,-22.56,77.44,-22.56,774.4,-225.6,7744.0,-2256.0,-40.0,60.0,-40.0,600.0,-400.0,6000.0,-4000.0,"Top Tech Analyst Says Hyperscalers Are the Clear AI Winners, but Beaten-Down Software Offers Value",24/7 Wall St.,2026-08-03,0.747,"Software company soars amid plans to cut 1,000 jobs",TheStreet,2026-08-03,-0.273,Salesforce Remains Down But Turning Positive: 100%+ Returns Lie Ahead According to This Analyst,24/7 Wall St.,2026-08-03,0.71,10,strong_buy,0.65,"1W +12.60%, 1D +2.34% with strong_buy consensus (score 1.47) and positive news sentiment 0.079; YTD -24.56% but strong weekly momentum.",1W +12.60%; strong_buy consensus 1.47; news sentiment 0.079; beta 0.959,,,,,
SNOW,Snowflake,Tech,enterprise-software,NYSE,307.53,+5.64%,+12.68%,+17.34%,+41.91%,+41%,106.59,1.315,,7.83,7096709,34853209,100830209,,6.42,strong_buy,1.49,5.64,105.64,5.64,1056.4,56.4,10564.0,564.0,12.68,112.68,12.68,1126.8,126.8,11268.0,1268.0,17.34,117.34,17.34,1173.4,173.4,11734.0,1734.0,41.91,141.91,41.91,1419.1,419.1,14191.0,4191.0,41.0,141.0,41.0,1410.0,410.0,14100.0,4100.0,Why Palantir is the 'best' publicly traded tech company,Yahoo Finance Video,2026-08-03,0.637,Oracle Is Still Down 28% This Year. What Will It Take to Get ORCL Stock Back to $200?,24/7 Wall St.,2026-08-03,0.0,"SNOW, CDNA Stocks Hit Fresh 52-Week Highs – What’s Driving Investor Optimism Today?",Stocktwits,2026-08-03,0.7,3,strong_buy,0.8,"YTD +35.33%, 1M +12.29%, 1W +9.41% with strong_buy analyst consensus (score 1.49) and highest news sentiment in enterprise software at 0.254.",YTD +35.33%; 1M +12.29%; strong_buy consensus; news sentiment 0.254,,,,,
INTU,Intuit,Tech,enterprise-software,NASDAQ,318.39,+1.12%,+4.76%,+17.51%,-48.94%,-60%,87.092,0.959,19.41,5.33,3801274,23339474,89053174,152.0,6.63,buy,1.8,1.12,101.12,1.12,1011.2,11.2,10112.0,112.0,4.76,104.76,4.76,1047.6,47.6,10476.0,476.0,17.51,117.51,17.51,1175.1,175.1,11751.0,1751.0,-48.94,51.06,-48.94,510.6,-489.4,5106.0,-4894.0,-60.0,40.0,-60.0,400.0,-600.0,4000.0,-6000.0,Why Intuit (INTU) is Poised to Beat Earnings Estimates Again,Zacks,2026-08-03,0.25,Here’s Why Fundsmith Equity Fund Sold Intuit (INTU) in Q2,Insider Monkey,2026-08-03,0.0,"WDAY, ADBE, INTU, ADSK, CRM: Software Stocks Stage Sharp Rebound In July",Stocktwits,2026-08-03,0.0,7,buy,0.7,"1M +18.87%, 1W +6.66% with buy consensus (score 1.8) and low P/E 19.27; YTD -49.32% suggests deep value with AI restructuring catalyst.",1M +18.87%; P/E 19.27; buy consensus; AI restructuring,,,,,
CRWD,CrowdStrike,Tech,cybersecurity,NASDAQ,202.54,+6.19%,+12.45%,+1.58%,+78.61%,+68%,206.238,1.234,,12.09,10272473,42738073,179052173,,2.74,buy,1.66,6.19,106.19,6.19,1061.9,61.9,10619.0,619.0,12.45,112.45,12.45,1124.5,124.5,11245.0,1245.0,1.58,101.58,1.58,1015.8,15.8,10158.0,158.0,78.61,178.61,78.61,1786.1,786.1,17861.0,7861.0,68.0,168.0,68.0,1680.0,680.0,16800.0,6800.0,Why Palantir is the 'best' publicly traded tech company,Yahoo Finance Video,2026-08-03,0.637,Cerebras Systems: A Leading AI Semiconductor Company,Zacks,2026-08-03,0.0,"This ETF, The IBD Stock Of The Day, Breaks Out As Cybersecurity Stocks Rebound",Investor's Business Daily,2026-08-03,0.0,,,,,,,,,,
PANW,Palo Alto Networks,Tech,cybersecurity,NASDAQ,347.13,+4.88%,+9.39%,-2.91%,+93.53%,+94%,282.911,0.893,299.25,8.05,6640138,31368338,138274838,,2.52,buy,1.6,4.88,104.88,4.88,1048.8,48.8,10488.0,488.0,9.39,109.39,9.39,1093.9,93.9,10939.0,939.0,-2.91,97.09,-2.91,970.9,-29.1,9709.0,-291.0,93.53,193.53,93.53,1935.3,935.3,19353.0,9353.0,94.0,194.0,94.0,1940.0,940.0,19400.0,9400.0,Dell Leaps Amid AI Server Demand Surge; Two More Stocks On Watch For Rising Profit,Investor's Business Daily,2026-08-03,0.34,"This ETF, The IBD Stock Of The Day, Breaks Out As Cybersecurity Stocks Rebound",Investor's Business Daily,2026-08-03,0.0,"This Cybersecurity Growth Stock Is Up 40% in 2026, But It's Still a Bargain Compared to CrowdStrike and Palo Alto Networks",Motley Fool,2026-08-03,0.296,,,,,,,,,,
NET,Cloudflare,Tech,cybersecurity,NYSE,282.74,+2.43%,+6.45%,+14.22%,+44.24%,+34%,100.356,1.66,,3.98,3093053,15902953,64041653,,3.47,buy,1.88,2.43,102.43,2.43,1024.3,24.3,10243.0,243.0,6.45,106.45,6.45,1064.5,64.5,10645.0,645.0,14.22,114.22,14.22,1142.2,142.2,11422.0,1422.0,44.24,144.24,44.24,1442.4,442.4,14424.0,4424.0,34.0,134.0,34.0,1340.0,340.0,13400.0,3400.0,Cloudflare CEO slams Vail Resorts’ Hornbuckle pick amid $500M Park City bid,Investing.com,2026-08-03,0.0,Cloudflare (NET) Stock May Be Trading At A Premium After A 301% Run,Simply Wall St.,2026-08-03,0.0,"This ETF, The IBD Stock Of The Day, Breaks Out As Cybersecurity Stocks Rebound",Investor's Business Daily,2026-08-03,0.0,4,buy,0.75,"YTD +42.32%, 1M +13.26%, 1W +6.42% with buy consensus and positive news sentiment 0.14; high beta 1.671 reflects growth profile.",YTD +42.32%; 1M +13.26%; buy consensus; news sentiment 0.14,,,,,
FTNT,Fortinet,Tech,cybersecurity,NASDAQ,163.21,+0.87%,+7.11%,+0.53%,+109.57%,+64%,119.749,1.058,57.67,6.4,5775563,41274563,114950363,,2.39,hold,2.68,0.87,100.87,0.87,1008.7,8.7,10087.0,87.0,7.11,107.11,7.11,1071.1,71.1,10711.0,711.0,0.53,100.53,0.53,1005.3,5.3,10053.0,53.0,109.57,209.57,109.57,2095.7,1095.7,20957.0,10957.0,64.0,164.0,64.0,1640.0,640.0,16400.0,6400.0,"This ETF, The IBD Stock Of The Day, Breaks Out As Cybersecurity Stocks Rebound",Investor's Business Daily,2026-08-03,0.0,"Unlocking Fortinet (FTNT) International Revenues: Trends, Surprises, and Prospects",Zacks,2026-08-03,0.477,Fortinet: Securing the AI Revolution,Zacks,2026-07-31,0.318,,,,,,,,,,
NFLX,Netflix,Tech,consumer-platform,NASDAQ,73.33,+2.19%,+4.16%,-3.54%,-19.41%,-39%,305.342,1.514,23.06,43.86,32254063,213230863,1013636063,,2.41,buy,1.73,2.19,102.19,2.19,1021.9,21.9,10219.0,219.0,4.16,104.16,4.16,1041.6,41.6,10416.0,416.0,-3.54,96.46,-3.54,964.6,-35.4,9646.0,-354.0,-19.41,80.59,-19.41,805.9,-194.1,8059.0,-1941.0,-39.0,61.0,-39.0,610.0,-390.0,6100.0,-3900.0,Arm Quietly Builds Its Next Big AI Advantage,GuruFocus.com,2026-08-03,0.25,"Alphabet Is Not Your Diversifier, And It Has Still Been Worth Owning",Trefis,2026-08-03,0.226,Netflix’s stock buybacks: History & impact explained,TheStreet,2026-08-03,0.0,,,,,,,,,,
SHOP,Shopify,Tech,consumer-platform,NYSE,117.01,+0.09%,-7.78%,-2.61%,-25.57%,-6%,151.839,2.59,114.72,10.55,8823994,49898294,171156994,,2.18,buy,1.71,0.09,100.09,0.09,1000.9,0.9,10009.0,9.0,-7.78,92.22,-7.78,922.2,-77.8,9222.0,-778.0,-2.61,97.39,-2.61,973.9,-26.1,9739.0,-261.0,-25.57,74.43,-25.57,744.3,-255.7,7443.0,-2557.0,-6.0,94.0,-6.0,940.0,-60.0,9400.0,-600.0,Why Palantir is the 'best' publicly traded tech company,Yahoo Finance Video,2026-08-03,0.637,Update: Dow Hits Record High as Oil Prices Slide on Iran Deal Hopes,MT Newswires,2026-08-03,0.421,Mastermind of Alleged Scheme Targeting NFL Players Found Dead,Barrons.com,2026-08-03,-0.649,,,,,,,,,,
SPOT,Spotify,Tech,consumer-platform,NYSE,486.33,-2.54%,-1.70%,+0.69%,-15.42%,-24%,99.999,1.581,32.86,2.02,3311592,12243292,36155492,,4.15,buy,1.57,-2.54,97.46,-2.54,974.6,-25.4,9746.0,-254.0,-1.7,98.3,-1.7,983.0,-17.0,9830.0,-170.0,0.69,100.69,0.69,1006.9,6.9,10069.0,69.0,-15.42,84.58,-15.42,845.8,-154.2,8458.0,-1542.0,-24.0,76.0,-24.0,760.0,-240.0,7600.0,-2400.0,"Spotify's Path to Sales Growth Reacceleration, Margin Expansion Should Drive Stock Higher, Morgan Stanley Says",MT Newswires,2026-08-03,0.382,"Spotify's Share Decline Creates Buying Opportunity Ahead of New Products, Morgan Stanley Says",MT Newswires,2026-08-03,0.727,Grindr Inc. (GRND) Earnings Expected to Grow: What to Know Ahead of Next Week's Release,Zacks,2026-07-30,0.0,,,,,,,,,,
UBER,Uber,Tech,consumer-platform,NYSE,71.61,+1.85%,+5.03%,-1.12%,-13.58%,-20%,145.769,1.154,17.77,20.11,12714704,71900804,335929704,,2.64,strong_buy,1.49,1.85,101.85,1.85,1018.5,18.5,10185.0,185.0,5.03,105.03,5.03,1050.3,50.3,10503.0,503.0,-1.12,98.88,-1.12,988.8,-11.2,9888.0,-112.0,-13.58,86.42,-13.58,864.2,-135.8,8642.0,-1358.0,-20.0,80.0,-20.0,800.0,-200.0,8000.0,-2000.0,Update: Dow Hits Record High as Oil Prices Slide on Iran Deal Hopes,MT Newswires,2026-08-03,0.421,Suze Orman: SpaceX IPO Buyers Are Down 44% in 7 Weeks and the Lesson Has Nothing to Do With Elon Musk,24/7 Wall St.,2026-08-03,0.0,"Update: Equities Rise Intraday, Oil Slides Amid Middle East Deal Optimism",MT Newswires,2026-08-03,0.542,,,,,,,,,,
CSCO,Cisco Systems,Tech,hardware-infra,NASDAQ,115.86,-0.46%,+1.13%,+1.65%,+53.77%,+69%,456.655,1.002,38.62,25.41,16590318,111695318,430929318,145.0,1.64,buy,1.88,-0.46,99.54,-0.46,995.4,-4.6,9954.0,-46.0,1.13,101.13,1.13,1011.3,11.3,10113.0,113.0,1.65,101.65,1.65,1016.5,16.5,10165.0,165.0,53.77,153.77,53.77,1537.7,537.7,15377.0,5377.0,69.0,169.0,69.0,1690.0,690.0,16900.0,6900.0,Cisco (CSCO) Stock May Trade At A Cash Flow Premium While Earnings Look Fair,Simply Wall St.,2026-08-03,0.318,"This ETF, The IBD Stock Of The Day, Breaks Out As Cybersecurity Stocks Rebound",Investor's Business Daily,2026-08-03,0.0,"CSCO, SPOT, DASH Stocks In Focus: Bank Of America Turns Bullish Ahead Of Earnings",Stocktwits,2026-08-03,0.0,9,buy,0.65,"YTD +53.94%, 1W +1.59%, 1D +2.24% with buy consensus (score 1.88) and P/E 38.66; dividend yield 1.45% adds income.",YTD +53.94%; P/E 38.66; buy consensus; dividend yield 1.45%,,,,,
PLTR,Palantir Technologies,Tech,hardware-infra,NASDAQ,125.65,+2.35%,-4.47%,-5.20%,-25.15%,-23%,301.222,1.563,141.18,41.33,67056359,194668059,748241059,,3.64,buy,1.88,2.35,102.35,2.35,1023.5,23.5,10235.0,235.0,-4.47,95.53,-4.47,955.3,-44.7,9553.0,-447.0,-5.2,94.8,-5.2,948.0,-52.0,9480.0,-520.0,-25.15,74.85,-25.15,748.5,-251.5,7485.0,-2515.0,-23.0,77.0,-23.0,770.0,-230.0,7700.0,-2300.0,Why Palantir is the 'best' publicly traded tech company,Yahoo Finance Video,2026-08-03,0.637,"Palantir delivers Q2 beat, lifts full-year guidance",Yahoo Finance Video,2026-08-03,0.0,Dow Jones Futures: Trump Sparks Stock Market Rally; Palantir Soars On Earnings With SpaceX On Deck,Investor's Business Daily,2026-08-03,0.0,,,,,,,,,,
