ticker,company_name,sector,category,exchange,price_usd,change_1d,change_1w,change_1m,change_ytd,return_1yr,market_cap_usd_b,beta,pe_ratio,avg_volume_m,vol_1d,vol_1w,vol_1m,div_yield_pct,short_pct,analyst,analyst_score,pct_1d,val_100_1d,profit_100_1d,val_1000_1d,profit_1000_1d,val_10000_1d,profit_10000_1d,pct_1w,val_100_1w,profit_100_1w,val_1000_1w,profit_1000_1w,val_10000_1w,profit_10000_1w,pct_1m,val_100_1m,profit_100_1m,val_1000_1m,profit_1000_1m,val_10000_1m,profit_10000_1m,pct_ytd,val_100_ytd,profit_100_ytd,val_1000_ytd,profit_1000_ytd,val_10000_ytd,profit_10000_ytd,pct_1y,val_100_1y,profit_100_1y,val_1000_1y,profit_1000_1y,val_10000_1y,profit_10000_1y,news1_title,news1_publisher,news1_date,news1_sentiment,news2_title,news2_publisher,news2_date,news2_sentiment,news3_title,news3_publisher,news3_date,news3_sentiment,signal_rank,signal,signal_confidence,signal_rationale,signal_drivers,portfolio_held,portfolio_quantity,portfolio_avg_price,portfolio_ppl,portfolio_total_value
SNDK,SanDisk Corporation,AI,memory,NASDAQ,1484.98,+1.40%,-6.96%,+46.18%,+439.52%,+2808%,217.43,,20.12,13.85,8104535,48992135,345426035,,8.24,buy,1.54,1.4,101.4,1.4,1014.0,14.0,10140.0,140.0,-6.96,93.04,-6.96,930.4,-69.6,9304.0,-696.0,46.18,146.18,46.18,1461.8,461.8,14618.0,4618.0,439.52,539.52,439.52,5395.2,4395.2,53952.0,43952.0,2808.0,2908.0,2808.0,29080.0,28080.0,290800.0,280800.0,Sandisk’s (SNDK) $31B Japan Bet Raises A Bigger Question,Insider Monkey,2026-08-28,0.0,Sandisk Just Announced a $14 Billion Stock Buyback Authorization: Warren Buffett Has a Warning Investors Shouldn't Ignore,Motley Fool,2026-08-28,-0.075,"Sandisk Stock Could Nearly Double to $3,000, According to Wall Street",Barchart,2026-08-28,0.0,1,strong_buy,1.0,"YTD +448%, P/E 20.44, analyst buy, news sentiment 0.247. Web search confirms $31B Japan investment and Nvidia's $279B memory procurement commitment, implying sustained demand growth.",+448% YTD; P/E 20.44; news sentiment 0.247; $31B Japan investment,,,,,
WDC,Western Digital,AI,memory,NASDAQ,459.45,+0.37%,+0.00%,-0.56%,+144.96%,+464%,165.65,2.217,17.06,8.58,4285805,29571905,183628405,13.0,6.31,buy,1.54,0.37,100.37,0.37,1003.7,3.7,10037.0,37.0,0.0,100.0,0.0,1000.0,0.0,10000.0,0.0,-0.56,99.44,-0.56,994.4,-5.6,9944.0,-56.0,144.96,244.96,144.96,2449.6,1449.6,24496.0,14496.0,464.0,564.0,464.0,5640.0,4640.0,56400.0,46400.0,Western Digital Just Dropped 13% in a Month. Is It Time to Sell?,24/7 Wall St.,2026-08-28,0.0,Marvell’s Earnings Were Strong. Why Optical Networking Stocks Are Falling Anyway,Barrons.com,2026-08-28,0.402,Trump Calls Micron One of the World’s “Hottest” Companies a Day After Nvidia Disclosed $279 Billion in Supplier Commitments,24/7 Wall St.,2026-08-28,0.128,,,,,,,,,,
285A,Kioxia Holdings,AI,memory,TSE,299.45,-8.62%,-11.82%,+7.52%,+322.03%,+1862%,163.87,,47.52,42.63,31954100,154848300,1025849600,,,buy,1.56,-8.62,91.38,-8.62,913.8,-86.2,9138.0,-862.0,-11.82,88.18,-11.82,881.8,-118.2,8818.0,-1182.0,7.52,107.52,7.52,1075.2,75.2,10752.0,752.0,322.03,422.03,322.03,4220.3,3220.3,42203.0,32203.0,1862.0,1962.0,1862.0,19620.0,18620.0,196200.0,186200.0,"Nvidia, Micron, Salesforce, Marvell, Veeva, Okta, Hormel, and More Stocks That Explain Today’s Market",Barrons.com,2026-08-27,0.0,Stock Indices Settle Higher as Nvidia Earnings Spur a Tech Stock Rally,Barchart,2026-08-27,0.0,Stocks Supported by Strong Tech Earnings,Barchart,2026-08-27,0.681,,,,,,,,,,
MU,Micron Technology,AI,memory,NASDAQ,932.86,+1.43%,-3.51%,+26.23%,+195.92%,+689%,1053.565,2.213,21.09,45.73,22761175,119497175,795437275,6.0,2.66,strong_buy,1.36,1.43,101.43,1.43,1014.3,14.3,10143.0,143.0,-3.51,96.49,-3.51,964.9,-35.1,9649.0,-351.0,26.23,126.23,26.23,1262.3,262.3,12623.0,2623.0,195.92,295.92,195.92,2959.2,1959.2,29592.0,19592.0,689.0,789.0,689.0,7890.0,6890.0,78900.0,68900.0,Nvidia Quietly Became Its Own Market Category,GuruFocus.com,2026-08-28,0.0,"Prediction: This Is What a $1,000 Investment in Micron Stock Will Be Worth by 2030",Motley Fool,2026-08-28,0.226,"This AI Fund Is Crushing QQQ, and Nvidia Is Barely 2% of It",24/7 Wall St.,2026-08-28,-0.361,2,strong_buy,0.8,"YTD +199%, P/E 21.34, strong_buy consensus, news sentiment 0.185. Nvidia's memory procurement surge and tight supply through 2027 provide powerful tailwinds.",+199% YTD; P/E 21.34; strong_buy consensus; Nvidia memory demand,,,,,
STX,Seagate Technology,AI,memory,NASDAQ,829.76,-1.04%,-2.38%,+8.55%,+189.28%,+406%,188.355,2.102,59.74,4.78,2797766,15582966,107307866,35.0,4.12,strong_buy,1.44,-1.04,98.96,-1.04,989.6,-10.4,9896.0,-104.0,-2.38,97.62,-2.38,976.2,-23.8,9762.0,-238.0,8.55,108.55,8.55,1085.5,85.5,10855.0,855.0,189.28,289.28,189.28,2892.8,1892.8,28928.0,18928.0,406.0,506.0,406.0,5060.0,4060.0,50600.0,40600.0,4 High-Flying Memory & Storage Giants to Gain More Amid NVDA's Solid Q2,Zacks,2026-08-28,0.644,Seagate Stock Is Off 27%. Why It’s Time to Buy the Dip in STX for 36% Upside.,Barchart,2026-08-28,0.0,The Peer-Group Mispricing Sitting On SNDK Stock,Trefis,2026-08-28,0.0,,,,,,,,,,
MRVL,Marvell Technology,AI,memory,NASDAQ,216.62,-2.70%,-8.61%,+32.57%,+142.69%,+274%,194.677,,71.73,40.11,48739012,146999112,578691012,10.0,3.79,strong_buy,1.43,-2.7,97.3,-2.7,973.0,-27.0,9730.0,-270.0,-8.61,91.39,-8.61,913.9,-86.1,9139.0,-861.0,32.57,132.57,32.57,1325.7,325.7,13257.0,3257.0,142.69,242.69,142.69,2426.9,1426.9,24269.0,14269.0,274.0,374.0,274.0,3740.0,2740.0,37400.0,27400.0,Trending: Take-Two Interactive price ascends as 'Grand Theft Auto VI' is teased,Yahoo Finance Video,2026-08-28,0.202,Marvell's AI Bookings Are Stellar. But Its Gross Margin Guide Is What Moved the Stock.,Motley Fool,2026-08-29,-0.631,Marvell Technology (MRVL) Shares Fell After Earnings,Simply Wall St.,2026-08-29,0.296,3,strong_buy,1.0,"YTD +151%, 1M +28.6%, strong_buy consensus (an_score 1.43). Despite high P/E of 74.3, momentum is exceptional and analyst confidence is high.",+151% YTD; 1M +28.6%; strong_buy consensus; an_score 1.43,,,,,
P,Everpure,AI,memory,NYSE,93.4,-5.73%,-13.96%,+34.87%,+35.34%,+28%,31.047,1.414,127.95,3.13,3252539,22302139,80440139,,3.73,buy,1.65,-5.73,94.27,-5.73,942.7,-57.3,9427.0,-573.0,-13.96,86.04,-13.96,860.4,-139.6,8604.0,-1396.0,34.87,134.87,34.87,1348.7,348.7,13487.0,3487.0,35.34,135.34,35.34,1353.4,353.4,13534.0,3534.0,28.0,128.0,28.0,1280.0,280.0,12800.0,2800.0,Everpure (P) Grew Revenue 38% but Free Cash Flow Was Negative. Will the Coming Hyperscaler Ramp Convert Into Cash?,Insider Monkey,2026-08-29,-0.153,Everpure (P) Could Be 30% Below Fair Value After FY2027 Guidance Lift,Simply Wall St.,2026-08-28,0.572,BofA flips on Everpure after months on the sidelines,TheStreet,2026-08-28,0.0,,,,,,,,,,
RR.,Rolls-Royce Holdings,AI,nuclear-ops,LSE,20.72,+0.04%,+1.86%,+7.81%,+27.85%,+39%,1.708,1.19,42.51,23.58,11496266,70599005,480379933,78.0,,buy,1.6,0.04,100.04,0.04,1000.4,0.4,10004.0,4.0,1.86,101.86,1.86,1018.6,18.6,10186.0,186.0,7.81,107.81,7.81,1078.1,78.1,10781.0,781.0,27.85,127.85,27.85,1278.5,278.5,12785.0,2785.0,39.0,139.0,39.0,1390.0,390.0,13900.0,3900.0,Are Aerospace Stocks Lagging  RTX Corporation (RTX) This Year?,Zacks,2026-08-28,-0.273,NuScale Power Deploys AI to Accelerate Next-Generation Nuclear SMRs,Zacks,2026-08-26,0.0,Florida real estate mogul says your home is ‘a terrible investment’ — and he’d put $100K somewhere else. Is he right?,Moneywise,2026-08-21,-0.477,,,,,,,,,,
CEG,Constellation Energy,AI,nuclear-ops,NASDAQ,276.75,-1.64%,+1.42%,+7.45%,-24.10%,-8%,98.055,1.118,27.08,3.41,1720807,10571207,59768707,60.0,2.97,buy,1.55,-1.64,98.36,-1.64,983.6,-16.4,9836.0,-164.0,1.42,101.42,1.42,1014.2,14.2,10142.0,142.0,7.45,107.45,7.45,1074.5,74.5,10745.0,745.0,-24.1,75.9,-24.1,759.0,-241.0,7590.0,-2410.0,-8.0,92.0,-8.0,920.0,-80.0,9200.0,-800.0,Constellation's New Power Deals Are Piling Up. Here's Why the Stock Isn't Reflecting It Yet.,Motley Fool,2026-08-26,0.0,"CEG Stock Outperforms Industry in the Past Month: Buy, Hold or Sell",Zacks,2026-08-26,0.0,This Utility's Dividend Growth Is Boring by Design. That's Exactly Why I Own It.,Motley Fool,2026-08-26,0.077,,,,,,,,,,
VST,Vistra Corp,AI,nuclear-ops,NYSE,137.09,-2.19%,+0.65%,-4.01%,-16.80%,-25%,46.013,1.433,23.12,4.38,3049673,18674273,105519773,66.0,3.32,strong_buy,1.35,-2.19,97.81,-2.19,978.1,-21.9,9781.0,-219.0,0.65,100.65,0.65,1006.5,6.5,10065.0,65.0,-4.01,95.99,-4.01,959.9,-40.1,9599.0,-401.0,-16.8,83.2,-16.8,832.0,-168.0,8320.0,-1680.0,-25.0,75.0,-25.0,750.0,-250.0,7500.0,-2500.0,Is Vistra (VST) Undervalued As Power Demand Expectations Stay In Focus?,Simply Wall St.,2026-08-27,-0.128,VST Stock Underperforms Industry in the Past 6 Months: Buy or Hold?,Zacks,2026-08-27,0.0,Peter Thiel’s $418 Million Bet On These 8 Companies Reveals AI’s Biggest Bottleneck,24/7 Wall St.,2026-08-24,0.0,,,,,,,,,,
TLN,Talen Energy,AI,nuclear-ops,NASDAQ,296.11,-2.12%,-5.84%,-6.35%,-25.36%,-19%,14.187,1.673,,0.85,684213,3247513,19842013,,5.05,buy,1.59,-2.12,97.88,-2.12,978.8,-21.2,9788.0,-212.0,-5.84,94.16,-5.84,941.6,-58.4,9416.0,-584.0,-6.35,93.65,-6.35,936.5,-63.5,9365.0,-635.0,-25.36,74.64,-25.36,746.4,-253.6,7464.0,-2536.0,-19.0,81.0,-19.0,810.0,-190.0,8100.0,-1900.0,How Talen Energy Corporation (TLN) Transformed Bankruptcy into a High-Yield Masterclass,Insider Monkey,2026-08-27,0.273,Talen Energy (TLN) is Down 23% This Year. But Mizuho Expects a Rebound,Insider Monkey,2026-08-25,0.141,3 Nuclear Energy Stocks for the AI Power Era,24/7 Wall St.,2026-08-24,0.273,,,,,,,,,,
BEP,Brookfield Renewable,AI,nuclear-ops,NYSE,31.73,-2.37%,-3.17%,+0.25%,+16.22%,+28%,15.468,0.995,,0.88,505324,2269424,18967424,483.0,0.67,buy,2.31,-2.37,97.63,-2.37,976.3,-23.7,9763.0,-237.0,-3.17,96.83,-3.17,968.3,-31.7,9683.0,-317.0,0.25,100.25,0.25,1002.5,2.5,10025.0,25.0,16.22,116.22,16.22,1162.2,162.2,11622.0,1622.0,28.0,128.0,28.0,1280.0,280.0,12800.0,2800.0,Is Brookfield Renewable a Better Buy Now Than It Was 6 Months Ago?,Motley Fool,2026-08-23,0.44,Sector Update: Energy Stocks Mixed Late Afternoon,MT Newswires,2026-08-21,0.273,"Brookfield, La Caisse close $6.5bn Boralex acquisition",Power Technology,2026-08-17,0.0,,,,,,,,,,
BEPC,Brookfield Renewable Corp,AI,nuclear-ops,NYSE,32.29,-2.15%,-2.89%,+0.53%,-17.51%,+0%,5.993,1.166,,1.66,1152760,5849760,40138860,475.0,,none,,-2.15,97.85,-2.15,978.5,-21.5,9785.0,-215.0,-2.89,97.11,-2.89,971.1,-28.9,9711.0,-289.0,0.53,100.53,0.53,1005.3,5.3,10053.0,53.0,-17.51,82.49,-17.51,824.9,-175.1,8249.0,-1751.0,0.0,100.0,0.0,1000.0,0.0,10000.0,0.0,2 Dividend Stocks Compounding Quietly While Oil Headlines Distract Everyone,Motley Fool,2026-08-25,-0.296,Why I'm Not Chasing NuScale -- Here's What I'm Buying Instead,Motley Fool,2026-08-11,0.0,Why Cameco's Ugly Earnings Miss Might Be Good News in Disguise,Motley Fool,2026-08-08,-0.459,,,,,,,,,,
GEV,GE Vernova,AI,smr,NYSE,911.93,-3.98%,-4.69%,+1.29%,+34.44%,+56%,242.877,1.033,26.12,2.79,1857872,9623672,48215872,21.0,2.98,buy,1.54,-3.98,96.02,-3.98,960.2,-39.8,9602.0,-398.0,-4.69,95.31,-4.69,953.1,-46.9,9531.0,-469.0,1.29,101.29,1.29,1012.9,12.9,10129.0,129.0,34.44,134.44,34.44,1344.4,344.4,13444.0,3444.0,56.0,156.0,56.0,1560.0,560.0,15600.0,5600.0,GE Vernova’s New JV Could Unlock its Next Big Growth Engine,Insider Monkey,2026-08-29,0.382,GE Vernova's Electrification Revenue Jumped 68% on Data Center Deals in a Single Quarter. So Why Did the Stock Sell Off?,Motley Fool,2026-08-29,0.0,Rivian Shares Tumble After CFO Departure,GuruFocus.com,2026-08-28,0.296,,,,,,,,,,
BWXT,BWX Technologies,AI,smr,NYSE,152.85,-2.02%,-2.51%,-2.76%,-15.59%,-3%,14.005,0.76,39.5,1.01,869878,6914378,23995778,68.0,3.8,buy,1.81,-2.02,97.98,-2.02,979.8,-20.2,9798.0,-202.0,-2.51,97.49,-2.51,974.9,-25.1,9749.0,-251.0,-2.76,97.24,-2.76,972.4,-27.6,9724.0,-276.0,-15.59,84.41,-15.59,844.1,-155.9,8441.0,-1559.0,-3.0,97.0,-3.0,970.0,-30.0,9700.0,-300.0,BWXT’s Microreactor Bet Gets a Major Vote of Confidence from the U.S. Army,Insider Monkey,2026-08-29,0.552,The US Army Is Driving the Next Big Breakthrough in Nuclear Power,Barrons.com,2026-08-27,0.0,"UUUU, LEU, CCJ, BWXT Stocks In Focus: Trump’s Saudi Nuclear Push Reportedly Faces Congress Debate And Israel Hurdle",Stocktwits,2026-08-26,0.0,,,,,,,,,,
SMR,NuScale Power,AI,smr,NYSE,9.29,-4.32%,-1.17%,+22.40%,-43.04%,-74%*,3.812,2.306,,33.63,37701450,229285450,790146850,,18.4,hold,2.56,-4.32,95.68,-4.32,956.8,-43.2,9568.0,-432.0,-1.17,98.83,-1.17,988.3,-11.7,9883.0,-117.0,22.4,122.4,22.4,1224.0,224.0,12240.0,2240.0,-43.04,56.96,-43.04,569.6,-430.4,5696.0,-4304.0,-74.0,26.0,-74.0,260.0,-740.0,2600.0,-7400.0,NuScale Power May Sign a Deal That Will Change Everything for SMRs -- Here's Why,Motley Fool,2026-08-28,0.0,Bloom Energy vs. NuScale Power: Which Energy Innovator Stock Is a Better Buy in 2026?,Motley Fool,2026-08-28,0.727,NNE or SMR: Which Nuclear Energy Stock Gets the Buy Call?,Zacks,2026-08-28,0.273,,,,,,,,,,
OKLO,Oklo Inc,AI,smr,NYSE,40.14,-5.17%,-4.63%,+8.96%,-48.41%,-42%*,7.467,1.201,,10.48,11315634,61109634,229678734,,15.86,none,,-5.17,94.83,-5.17,948.3,-51.7,9483.0,-517.0,-4.63,95.37,-4.63,953.7,-46.3,9537.0,-463.0,8.96,108.96,8.96,1089.6,89.6,10896.0,896.0,-48.41,51.59,-48.41,515.9,-484.1,5159.0,-4841.0,-42.0,58.0,-42.0,580.0,-420.0,5800.0,-4200.0,1 Reason I Passed on Oklo Even After Its Big Rally,Motley Fool,2026-08-28,0.0,Oklo and NuScale Power Have Shed a Combined 85.3% This Year. Why Are Nuclear Stocks Falling?,Motley Fool,2026-08-28,-0.153,Oklo's Meta Deal Calls For a 1.2-Gigawatt Reactor in Ohio. Here's When It's Slated to Come Online.,Motley Fool,2026-08-27,0.0,,,,,,,,,,
NNE,NANO Nuclear Energy,AI,smr,NASDAQ,17.97,-6.89%,-4.67%,+20.77%,-34.91%,-41%*,0.965,5.409,,2.49,1943184,8171584,43314184,,34.02,buy,1.57,-6.89,93.11,-6.89,931.1,-68.9,9311.0,-689.0,-4.67,95.33,-4.67,953.3,-46.7,9533.0,-467.0,20.77,120.77,20.77,1207.7,207.7,12077.0,2077.0,-34.91,65.09,-34.91,650.9,-349.1,6509.0,-3491.0,-41.0,59.0,-41.0,590.0,-410.0,5900.0,-4100.0,The US Army Is Driving the Next Big Breakthrough in Nuclear Power,Barrons.com,2026-08-27,0.0,Nano Nuclear Energy Bring Microreactors to UAE,Bloomberg,2026-08-26,0.273,A Major Short Squeeze Could Be Brewing in Oklo Stock,Barchart,2026-08-21,0.0,,,,,,,,,,
CCJ,Cameco Corporation,AI,uranium,NYSE,100.01,-5.87%,-2.44%,+18.26%,+1.47%,+41%,43.558,0.992,172.43,3.37,4011235,16116535,69265335,16.0,,buy,1.59,-5.87,94.13,-5.87,941.3,-58.7,9413.0,-587.0,-2.44,97.56,-2.44,975.6,-24.4,9756.0,-244.0,18.26,118.26,18.26,1182.6,182.6,11826.0,1826.0,1.47,101.47,1.47,1014.7,14.7,10147.0,147.0,41.0,141.0,41.0,1410.0,410.0,14100.0,4100.0,Cameco (TSX:CCO) Stock Looks Pricey On Cash Flow And Sales,Simply Wall St.,2026-08-28,0.0,Cameco (TSX:CCO) Tests Nuclear Growth Hopes On A Fair Value Gap,Simply Wall St.,2026-08-28,0.844,CCJ's Uranium Production Down 5% in 1H26: Will 2026 Targets be Met?,Zacks,2026-08-27,0.0,,,,,,,,,,
UEC,Uranium Energy Corp,AI,uranium,NYSE,12.4,-8.82%,-2.82%,+37.17%,-5.42%,+24%,6.137,1.208,,9.69,10133858,48318758,189677358,,14.55,strong_buy,1.44,-8.82,91.18,-8.82,911.8,-88.2,9118.0,-882.0,-2.82,97.18,-2.82,971.8,-28.2,9718.0,-282.0,37.17,137.17,37.17,1371.7,371.7,13717.0,3717.0,-5.42,94.58,-5.42,945.8,-54.2,9458.0,-542.0,24.0,124.0,24.0,1240.0,240.0,12400.0,2400.0,"NuScale Power Rises 4%, Oklo Climbs 3% as Risk Appetite Returns, Uranium Energy Ticks Up",24/7 Wall St.,2026-08-27,0.0,Is Uranium Energy (UEC) Too Pricey After A 413% Five Year Run?,Simply Wall St.,2026-08-27,0.273,Is Uranium Energy (UEC) Still Undervalued After Its Nuclear Stock Rebound?,Simply Wall St.,2026-08-27,0.273,,,,,,,,,,
LEU,Centrus Energy,AI,uranium,NYSE,175.78,-9.83%,-5.63%,+10.08%,-35.49%,-3%,3.508,1.35,93.01,0.79,814761,3511361,13887461,,29.16,buy,1.78,-9.83,90.17,-9.83,901.7,-98.3,9017.0,-983.0,-5.63,94.37,-5.63,943.7,-56.3,9437.0,-563.0,10.08,110.08,10.08,1100.8,100.8,11008.0,1008.0,-35.49,64.51,-35.49,645.1,-354.9,6451.0,-3549.0,-3.0,97.0,-3.0,970.0,-30.0,9700.0,-300.0,CCJ's Uranium Production Down 5% in 1H26: Will 2026 Targets be Met?,Zacks,2026-08-27,0.0,UUUU vs. LEU: Which Uranium Stock Offers Better Potential?,Zacks,2026-08-26,0.44,1 of Wall Street’s Favorite Stocks to Own for Decades and 2 We Brush Off,StockStory,2026-08-26,0.459,,,,,,,,,,
VRT,Vertiv Holdings,AI,power-infra,NYSE,257.08,-4.33%,-1.86%,+15.26%,+46.46%,+111%,98.973,2.077,58.16,6.04,3834647,20274047,137792947,9.0,3.4,strong_buy,1.39,-4.33,95.67,-4.33,956.7,-43.3,9567.0,-433.0,-1.86,98.14,-1.86,981.4,-18.6,9814.0,-186.0,15.26,115.26,15.26,1152.6,152.6,11526.0,1526.0,46.46,146.46,46.46,1464.6,464.6,14646.0,4646.0,111.0,211.0,111.0,2110.0,1110.0,21100.0,11100.0,Vertiv (VRT) Is Down From Its Peak. Is the Selloff Overdone,Insider Monkey,2026-08-28,0.0,SentinelOne Q2 Earnings Beat as Platform Growth Drives Outlook Raise,Zacks,2026-08-28,0.382,Why Is Vertiv (VRT) Up 18.4% Since Last Earnings Report?,Zacks,2026-08-28,0.0,,,,,,,,,,
ETN,Eaton Corporation,AI,power-infra,NYSE,402.78,-3.41%,-3.92%,+11.58%,+24.09%,+21%,156.4,1.177,41.02,2.27,1822113,8331613,50383113,106.0,1.65,buy,1.56,-3.41,96.59,-3.41,965.9,-34.1,9659.0,-341.0,-3.92,96.08,-3.92,960.8,-39.2,9608.0,-392.0,11.58,111.58,11.58,1115.8,115.8,11158.0,1158.0,24.09,124.09,24.09,1240.9,240.9,12409.0,2409.0,21.0,121.0,21.0,1210.0,210.0,12100.0,2100.0,Eaton Stock Can Swing Far More Than Its Steady Story Suggests,Trefis,2026-08-28,0.0,All You Need to Know About Eaton (ETN) Rating Upgrade to Buy,Zacks,2026-08-28,0.0,How Much Upside Can ETN Stock's Growth Deliver?,Trefis,2026-08-27,0.382,,,,,,,,,,
POWL,Powell Industries,AI,power-infra,NASDAQ,182.71,-5.23%,-7.57%,-1.93%,+55.69%,+119%,6.656,1.216,34.93,0.74,536878,2200278,14985478,19.0,10.16,buy,2.25,-5.23,94.77,-5.23,947.7,-52.3,9477.0,-523.0,-7.57,92.43,-7.57,924.3,-75.7,9243.0,-757.0,-1.93,98.07,-1.93,980.7,-19.3,9807.0,-193.0,55.69,155.69,55.69,1556.9,556.9,15569.0,5569.0,119.0,219.0,119.0,2190.0,1190.0,21900.0,11900.0,"Stock Transaction: Powell Industries Richard Williams Sells 2,250 Shares",Motley Fool,2026-08-27,0.296,This $11 Billion ETF Owns the Companies Wiring America’s $68 Billion Data Center Boom,24/7 Wall St.,2026-08-26,0.0,Powell Industries Eyes Record Revenue as Data Center Backlog Powers Growth,MarketBeat,2026-08-26,0.382,,,,,,,,,,
EQIX,Equinix,AI,dc-operators,NASDAQ,1044.41,-4.02%,-1.97%,+4.11%,+38.77%,+40%,103.054,0.972,67.38,0.59,477061,2613361,13783161,192.0,1.92,buy,1.53,-4.02,95.98,-4.02,959.8,-40.2,9598.0,-402.0,-1.97,98.03,-1.97,980.3,-19.7,9803.0,-197.0,4.11,104.11,4.11,1041.1,41.1,10411.0,411.0,38.77,138.77,38.77,1387.7,387.7,13877.0,3877.0,40.0,140.0,40.0,1400.0,400.0,14000.0,4000.0,Equinix’s AI Power-Grid Push Might Change The Case For Investing In Equinix (EQIX),Simply Wall St.,2026-08-28,0.0,Why Is Equinix (EQIX) Up 2.8% Since Last Earnings Report?,Zacks,2026-08-28,0.0,"Equinix (EQIX) Files FERC Comments, Is The 12% Upside Already Priced In?",Simply Wall St.,2026-08-28,0.0,,,,,,,,,,
DLR,Digital Realty,AI,dc-operators,NYSE,185.47,-3.43%,-2.70%,-1.44%,+21.25%,+18%,70.046,1.042,90.03,2.94,1699377,8110377,44960877,254.0,0.01,strong_buy,1.45,-3.43,96.57,-3.43,965.7,-34.3,9657.0,-343.0,-2.7,97.3,-2.7,973.0,-27.0,9730.0,-270.0,-1.44,98.56,-1.44,985.6,-14.4,9856.0,-144.0,21.25,121.25,21.25,1212.5,212.5,12125.0,2125.0,18.0,118.0,18.0,1180.0,180.0,11800.0,1800.0,Digital Realty Expands Swiss Campus With 15MW ZUR4 Data Center,Zacks,2026-08-28,0.103,American Tower (AMT) Down 2% Since Last Earnings Report: Can It Rebound?,Zacks,2026-08-27,0.0,"Digital Realty Trust (DLR) Wins Singapore Data Center Slot, Is It Still 14% Undervalued?",Simply Wall St.,2026-08-26,0.791,,,,,,,,,,
AMT,American Tower,AI,dc-operators,NYSE,176.23,+1.19%,+0.24%,-1.69%,+2.80%,-13%,82.116,0.894,24.27,3.04,1597071,8801871,55442371,401.0,1.74,buy,1.52,1.19,101.19,1.19,1011.9,11.9,10119.0,119.0,0.24,100.24,0.24,1002.4,2.4,10024.0,24.0,-1.69,98.31,-1.69,983.1,-16.9,9831.0,-169.0,2.8,102.8,2.8,1028.0,28.0,10280.0,280.0,-13.0,87.0,-13.0,870.0,-130.0,8700.0,-1300.0,Key Reasons to Add Lamar Advertising Stock to Your Portfolio Now,Zacks,2026-08-28,0.0,Digital Realty Expands Swiss Campus With 15MW ZUR4 Data Center,Zacks,2026-08-28,0.103,"Terreno Realty Reshapes Its Portfolio, Sells Miami Asset",Zacks,2026-08-28,0.361,,,,,,,,,,
GOOGL,Alphabet (Google),AI,hyperscalers,NASDAQ,346.59,+1.80%,+0.51%,+2.93%,+10.12%,+61%,4238.773,1.237,17.39,31.68,25240919,116040519,592059619,26.0,1.24,strong_buy,1.36,1.8,101.8,1.8,1018.0,18.0,10180.0,180.0,0.51,100.51,0.51,1005.1,5.1,10051.0,51.0,2.93,102.93,2.93,1029.3,29.3,10293.0,293.0,10.12,110.12,10.12,1101.2,101.2,11012.0,1012.0,61.0,161.0,61.0,1610.0,610.0,16100.0,6100.0,Trending: Take-Two Interactive price ascends as 'Grand Theft Auto VI' is teased,Yahoo Finance Video,2026-08-28,0.202,Is AI's 'capex tsunami' the catalyst for the next big credit boom?,Yahoo Finance Video,2026-08-28,0.382,AppLovin vs. Alphabet: Which High-Growth Digital Media Stock Is the Better Investment in 2026?,Motley Fool,2026-08-29,0.44,,,,,,,,,,
MSFT,Microsoft,AI,hyperscalers,NASDAQ,513.53,+2.08%,+6.27%,+31.74%,+9.27%,+0%,3813.241,1.099,28.64,38.29,28953449,115150949,787991749,72.0,0.92,strong_buy,1.36,2.08,102.08,2.08,1020.8,20.8,10208.0,208.0,6.27,106.27,6.27,1062.7,62.7,10627.0,627.0,31.74,131.74,31.74,1317.4,317.4,13174.0,3174.0,9.27,109.27,9.27,1092.7,92.7,10927.0,927.0,0.0,100.0,0.0,1000.0,0.0,10000.0,0.0,Why ZM Stock Prints So Much Cash Right Now,Trefis,2026-08-28,0.0,Has Microsoft Stock Run Ahead Of Its AI Payoff?,Trefis,2026-08-28,0.0,Is BlackBerry Stock Pricing In A Turnaround That Hasn't Arrived?,Trefis,2026-08-28,0.0,6,strong_buy,0.75,"YTD +8.85%, but 1M +30.3%, P/E 28.53, strong_buy consensus, news sentiment 0.19. Mega-cap stability with accelerating AI cloud demand and low valuation.",1M +30.3%; P/E 28.53; strong_buy consensus; mega-cap safety,,,,,
AMZN,Amazon,AI,hyperscalers,NASDAQ,266.43,+3.95%,+3.02%,+17.55%,+17.63%,+14%,2873.797,1.454,21.43,49.07,49322804,160399704,1040402104,,0.97,strong_buy,1.32,3.95,103.95,3.95,1039.5,39.5,10395.0,395.0,3.02,103.02,3.02,1030.2,30.2,10302.0,302.0,17.55,117.55,17.55,1175.5,175.5,11755.0,1755.0,17.63,117.63,17.63,1176.3,176.3,11763.0,1763.0,14.0,114.0,14.0,1140.0,140.0,11400.0,1400.0,Has Microsoft Stock Run Ahead Of Its AI Payoff?,Trefis,2026-08-28,0.0,How Much Upside Can AAPL Stock's Growth Deliver?,Trefis,2026-08-28,0.382,Can PLTR Stock Live Up To Its Multiple?,Trefis,2026-08-28,0.0,10,strong_buy,0.7,"YTD +15.3%, 1M +13.1%, P/E 21.01, strong_buy consensus (an_score 1.32), news sentiment 0.259. Attractive valuation for a hyperscaler with accelerating AI capex.",P/E 21.01; strong_buy consensus; news sentiment 0.259; hyperscaler AI capex,,,,,
META,Meta Platforms,AI,hyperscalers,NASDAQ,578.02,+1.21%,+5.11%,-1.30%,-10.97%,-22%,1472.509,1.243,21.76,18.53,15573685,84971085,408967185,37.0,1.27,strong_buy,1.35,1.21,101.21,1.21,1012.1,12.1,10121.0,121.0,5.11,105.11,5.11,1051.1,51.1,10511.0,511.0,-1.3,98.7,-1.3,987.0,-13.0,9870.0,-130.0,-10.97,89.03,-10.97,890.3,-109.7,8903.0,-1097.0,-22.0,78.0,-22.0,780.0,-220.0,7800.0,-2200.0,Dick’s Hit by a Footware Apocalypse,Barrons.com,2026-08-28,0.0,Meta's 9.9% Jio Stake Finally Gets a Public Scoreboard,GuruFocus.com,2026-08-28,0.0,What If AI Could Help Blind Workers See? Meta Glasses Are Transforming Warehouse Jobs While Drones Count Inventory in Minutes,Benzinga,2026-08-28,0.0,,,,,,,,,,
IREN,Iris Energy,AI,ai-compute,NASDAQ,35.45,-4.46%,-15.35%,+20.95%,-16.98%,+39%*,12.67,,,44.79,89323370,244935770,1114229570,,27.24,buy,1.59,-4.46,95.54,-4.46,955.4,-44.6,9554.0,-446.0,-15.35,84.65,-15.35,846.5,-153.5,8465.0,-1535.0,20.95,120.95,20.95,1209.5,209.5,12095.0,2095.0,-16.98,83.02,-16.98,830.2,-169.8,8302.0,-1698.0,39.0,139.0,39.0,1390.0,390.0,13900.0,3900.0,IREN stock sinks after data center transformation weakens profitability,Yahoo Finance Video,2026-08-28,-0.052,Treasury eases as Warsh vows to fight inflation,Yahoo Finance Video,2026-08-28,0.128,Analyst Makes Bold IREN Stock Call After Earnings,GuruFocus.com,2026-08-28,0.382,,,,,,,,,,
CORZ,Core Scientific,AI,ai-compute,NASDAQ,16.51,-6.09%,-7.30%,-8.89%,+3.25%,+26%*,5.305,5.592,,12.43,10608191,51698191,308354791,,22.32,none,,-6.09,93.91,-6.09,939.1,-60.9,9391.0,-609.0,-7.3,92.7,-7.3,927.0,-73.0,9270.0,-730.0,-8.89,91.11,-8.89,911.1,-88.9,9111.0,-889.0,3.25,103.25,3.25,1032.5,32.5,10325.0,325.0,26.0,126.0,26.0,1260.0,260.0,12600.0,2600.0,"Applied Digital Sinks 7%, IREN Tumbles 13% as Data Center Selloff Broadens Past One Name",24/7 Wall St.,2026-08-28,0.0,"Applied Digital Stock Is Down, But Its AI Data Center Business Is Powering Up. What Gives?",Trefis,2026-08-28,0.0,Core Scientific (CORZ) Stock Looks Pricey On Sales While Returns Stay Strong,Simply Wall St.,2026-08-27,0.511,,,,,,,,,,
WULF,TeraWulf,AI,ai-compute,NASDAQ,15.35,-6.12%,-1.85%,+1.72%,+20.49%,+71%*,7.66,4.288,,32.8,29337412,133567312,758646712,,25.26,strong_buy,1.28,-6.12,93.88,-6.12,938.8,-61.2,9388.0,-612.0,-1.85,98.15,-1.85,981.5,-18.5,9815.0,-185.0,1.72,101.72,1.72,1017.2,17.2,10172.0,172.0,20.49,120.49,20.49,1204.9,204.9,12049.0,2049.0,71.0,171.0,71.0,1710.0,710.0,17100.0,7100.0,The Great AI Pivot: When FOMO Pays Off—and When It Doesn’t,Barrons.com,2026-08-28,0.625,"Moderna upgraded, Allstate downgraded: Wall Street's top analyst calls",The Fly,2026-08-28,0.202,"IREN Falls 6% as $639M Mining Rig Writedown Overshadows AI Cloud Growth, TeraWulf Eases",24/7 Wall St.,2026-08-28,0.527,,,,,,,,,,
HUT,Hut 8 Mining,AI,ai-compute,NASDAQ,79.42,-8.09%,-1.78%,-9.93%,+54.91%,+218%,9.789,6.108,,4.54,4434043,21377043,116599543,,11.96,strong_buy,1.33,-8.09,91.91,-8.09,919.1,-80.9,9191.0,-809.0,-1.78,98.22,-1.78,982.2,-17.8,9822.0,-178.0,-9.93,90.07,-9.93,900.7,-99.3,9007.0,-993.0,54.91,154.91,54.91,1549.1,549.1,15491.0,5491.0,218.0,318.0,218.0,3180.0,2180.0,31800.0,21800.0,"Applied Digital Stock Is Down, But Its AI Data Center Business Is Powering Up. What Gives?",Trefis,2026-08-28,0.0,Hut 8 CFO Sells Company Stock,CryptoProwl,2026-08-27,0.0,"Hut 8's CFO Sells 6,445 Shares for $508,000 After a One-Year Return of 240%",Motley Fool,2026-08-26,0.296,,,,,,,,,,
SMCI,Super Micro Computer,AI,ai-compute,NASDAQ,37.08,-2.83%,-0.43%,+44.28%,+19.77%,-6%,23.986,1.967,11.37,58.12,28943597,192370697,1215161197,,18.41,hold,2.84,-2.83,97.17,-2.83,971.7,-28.3,9717.0,-283.0,-0.43,99.57,-0.43,995.7,-4.3,9957.0,-43.0,44.28,144.28,44.28,1442.8,442.8,14428.0,4428.0,19.77,119.77,19.77,1197.7,197.7,11977.0,1977.0,-6.0,94.0,-6.0,940.0,-60.0,9400.0,-600.0,Vertiv (VRT) Is Down From Its Peak. Is the Selloff Overdone,Insider Monkey,2026-08-28,0.0,Cisco (CSCO) Unveils Sovereign And AI Infrastructure Offerings,Simply Wall St.,2026-08-28,0.0,"Zacks Industry Outlook Western Digital, Sandisk and Super Micro Computer",Zacks,2026-08-28,0.599,,,,,,,,,,
DELL,Dell Technologies,AI,ai-compute,NYSE,456.24,-3.32%,+3.20%,+23.43%,+260.26%,+290%,294.796,1.401,36.32,7.43,3936721,21272421,122673621,53.0,4.64,buy,1.78,-3.32,96.68,-3.32,966.8,-33.2,9668.0,-332.0,3.2,103.2,3.2,1032.0,32.0,10320.0,320.0,23.43,123.43,23.43,1234.3,234.3,12343.0,2343.0,260.26,360.26,260.26,3602.6,2602.6,36026.0,26026.0,290.0,390.0,290.0,3900.0,2900.0,39000.0,29000.0,6 things investors need to watch in the week ahead,Yahoo Finance Video,2026-08-28,0.0,How Much Upside Can AAPL Stock's Growth Deliver?,Trefis,2026-08-28,0.382,Arista's Price Assumes The Parts Arrive On Time,Trefis,2026-08-28,0.0,7,strong_buy,0.89,"YTD +270.7%, 1M +19.7%, 1W +6.2%, P/E 37.38, buy consensus, news sentiment 0.201. Strong AI server play riding Nvidia supply chain.",YTD +270.7%; 1M +19.7%; P/E 37.38; AI server demand,,,,,
COHR,Coherent Corp,AI,fibre-optical,NYSE,279.2,-4.07%,-3.56%,+25.74%,+43.67%,+236%,54.677,2.107,67.93,6.17,5203328,27237728,170843528,,6.0,buy,1.64,-4.07,95.93,-4.07,959.3,-40.7,9593.0,-407.0,-3.56,96.44,-3.56,964.4,-35.6,9644.0,-356.0,25.74,125.74,25.74,1257.4,257.4,12574.0,2574.0,43.67,143.67,43.67,1436.7,436.7,14367.0,4367.0,236.0,336.0,236.0,3360.0,2360.0,33600.0,23600.0,Will Datacenter Momentum Keep Powering Coherent's Growth?,Zacks,2026-08-28,0.382,"Optics Stocks Slide as AI Hardware Trade Cools: Applied Optoelectronics and Lumentum Fall 6%, Coherent Drops 5%",24/7 Wall St.,2026-08-28,0.0,Marvell’s Earnings Were Strong. Why Optical Networking Stocks Are Falling Anyway,Barrons.com,2026-08-28,0.402,,,,,,,,,,
LITE,Lumentum Holdings,AI,fibre-optical,NASDAQ,895.0,-4.38%,+3.26%,+48.58%,+131.80%,+621%,80.281,1.513,,5.18,3439848,19230448,116557248,,8.84,buy,1.54,-4.38,95.62,-4.38,956.2,-43.8,9562.0,-438.0,3.26,103.26,3.26,1032.6,32.6,10326.0,326.0,48.58,148.58,48.58,1485.8,485.8,14858.0,4858.0,131.8,231.8,131.8,2318.0,1318.0,23180.0,13180.0,621.0,721.0,621.0,7210.0,6210.0,72100.0,62100.0,"Marvell, Nvidia, PayPal, Workday, Iren, Elastic, Pasqal, Affirm, and More Stocks That Explain Today’s Market",Barrons.com,2026-08-28,0.0,"Stocks to Watch Recap: PayPal, Marvell, Gap, Amazon",The Wall Street Journal,2026-08-28,0.178,"As Lumentum Stock Soars, a Company Insider Dumps Nearly 40,000 Shares Worth $33 Million",Motley Fool,2026-08-28,0.103,5,buy,0.988,"YTD +142%, 1M +43.3%, 1W +7.8%, buy consensus (an_score 1.54), news sentiment 0.181. Very strong momentum in fibre-optical AI connectivity.",1M +43.3%; YTD +142%; buy consensus; fibre-optical AI demand,,,,,
AAOI,Applied Optoelectronics,AI,fibre-optical,NASDAQ,106.23,-4.79%,-14.89%,+38.83%,+168.26%,+385%,9.02,3.787,,12.05,5676317,38561217,286037617,,12.77,buy,2.33,-4.79,95.21,-4.79,952.1,-47.9,9521.0,-479.0,-14.89,85.11,-14.89,851.1,-148.9,8511.0,-1489.0,38.83,138.83,38.83,1388.3,388.3,13883.0,3883.0,168.26,268.26,168.26,2682.6,1682.6,26826.0,16826.0,385.0,485.0,385.0,4850.0,3850.0,48500.0,38500.0,"Optics Stocks Slide as AI Hardware Trade Cools: Applied Optoelectronics and Lumentum Fall 6%, Coherent Drops 5%",24/7 Wall St.,2026-08-28,0.0,"Lumentum Climbs 4% as the AI Optics Trade Extends a Second Session, Coherent and Applied Optoelectronics Drift",24/7 Wall St.,2026-08-26,0.128,ASML or AAOI: Which Tech Stock Is Better-Placed at Present?,Zacks,2026-08-26,0.0,,,,,,,,,,
FN,Fabrinet,AI,fibre-optical,NYSE,414.36,-3.65%,-5.11%,-0.03%,-13.57%,+29%,14.848,1.222,31.7,1.0,730472,4626272,23198672,,4.34,buy,1.78,-3.65,96.35,-3.65,963.5,-36.5,9635.0,-365.0,-5.11,94.89,-5.11,948.9,-51.1,9489.0,-511.0,-0.03,99.97,-0.03,999.7,-0.3,9997.0,-3.0,-13.57,86.43,-13.57,864.3,-135.7,8643.0,-1357.0,29.0,129.0,29.0,1290.0,290.0,12900.0,2900.0,Fabrinet (FN) Stock Looks Fully Priced Following Its 312% 5 Year Run,Simply Wall St.,2026-08-28,0.0,Fabrinet (FN) Beat Every Estimate. Its Stock Still Fell 11%,Insider Monkey,2026-08-28,0.0,Fabrinet (FN) Guidance And Earnings Put Its Valuation Debate Back In Focus,Simply Wall St.,2026-08-28,0.0,,,,,,,,,,
MTSI,MACOM Technology,AI,dsp-semi,NASDAQ,265.27,-1.75%,-0.50%,+15.99%,+51.62%,+111%,20.259,1.71,84.75,1.65,1085058,6051358,34159958,,3.57,buy,1.69,-1.75,98.25,-1.75,982.5,-17.5,9825.0,-175.0,-0.5,99.5,-0.5,995.0,-5.0,9950.0,-50.0,15.99,115.99,15.99,1159.9,159.9,11599.0,1599.0,51.62,151.62,51.62,1516.2,516.2,15162.0,5162.0,111.0,211.0,111.0,2110.0,1110.0,21100.0,11100.0,"AMD, Marvell Technology, Semtech, Allegro MicroSystems, and MACOM Stocks Trade Up, What You Need To Know",StockStory,2026-08-25,0.0,1 of Wall Street’s Favorite Stocks with Exciting Potential and 2 We Ignore,StockStory,2026-08-25,0.572,MACOM Technology Solutions Holdings (MTSI) Could Be 33% Undervalued After Earnings And Guidance,Simply Wall St.,2026-08-20,0.178,,,,,,,,,,
SMTC,Semtech,AI,dsp-semi,NASDAQ,131.17,-6.97%,+5.71%,+26.67%,+74.29%,+147%,12.242,2.345,86.87,3.41,3066571,28436871,70296371,,9.0,strong_buy,1.33,-6.97,93.03,-6.97,930.3,-69.7,9303.0,-697.0,5.71,105.71,5.71,1057.1,57.1,10571.0,571.0,26.67,126.67,26.67,1266.7,266.7,12667.0,2667.0,74.29,174.29,74.29,1742.9,742.9,17429.0,7429.0,147.0,247.0,147.0,2470.0,1470.0,24700.0,14700.0,What Does Semtech (SMTC) Gain From Its New LoRa Plus Transceivers?,Simply Wall St.,2026-08-28,0.527,Why Semtech Stock Was Flying This Week,Motley Fool,2026-08-28,0.0,SMTC Q2 Deep Dive: Data Center and IoT Drive Upside as Portfolio Refocuses,StockStory,2026-08-27,0.0,4,strong_buy,0.7,"YTD +85%, 1W +12.2%, 1M +25.1%, strong_buy consensus (an_score 1.33). Exceptional short-term momentum paired with bullish analyst outlook.",1W +12.2%; 1M +25.1%; strong_buy consensus; an_score 1.33,,,,,
CRDO,Credo Technology,AI,dsp-semi,NASDAQ,232.75,-2.16%,+0.95%,+31.16%,+62.51%,+93%,43.742,3.233,93.1,7.52,3516306,16922506,105274806,,3.69,strong_buy,1.32,-2.16,97.84,-2.16,978.4,-21.6,9784.0,-216.0,0.95,100.95,0.95,1009.5,9.5,10095.0,95.0,31.16,131.16,31.16,1311.6,311.6,13116.0,3116.0,62.51,162.51,62.51,1625.1,625.1,16251.0,6251.0,93.0,193.0,93.0,1930.0,930.0,19300.0,9300.0,"Credo to Report Q1 Earnings: Should You Buy, Hold or Sell the Stock?",Zacks,2026-08-28,0.0,3 Under-the-Radar AI Stocks Wall Street Is Missing,24/7 Wall St.,2026-08-28,-0.296,Marvell Technology (MRVL) Q2 Earnings and Revenues Beat Estimates,Zacks,2026-08-27,0.0,8,strong_buy,0.65,"YTD +66.1%, 1M +23.8%, strong_buy consensus (an_score 1.32), news sentiment 0.162. High-growth DSP semiconductor with strong analyst backing.",1M +23.8%; strong_buy consensus; an_score 1.32; DSP semi growth,,,,,
MXL,MaxLinear,AI,dsp-semi,NASDAQ,61.73,-2.33%,-7.33%,+7.83%,+233.50%,+306%,5.599,3.975,,3.61,1350757,8640957,54347057,,6.64,buy,1.82,-2.33,97.67,-2.33,976.7,-23.3,9767.0,-233.0,-7.33,92.67,-7.33,926.7,-73.3,9267.0,-733.0,7.83,107.83,7.83,1078.3,78.3,10783.0,783.0,233.5,333.5,233.5,3335.0,2335.0,33350.0,23350.0,306.0,406.0,306.0,4060.0,3060.0,40600.0,30600.0,MXL vs. VICR: Which Has the Better AI Infrastructure Opportunity?,Zacks,2026-08-28,0.691,Why Is NXP (NXPI) Down 7.4% Since Last Earnings Report?,Zacks,2026-08-27,0.0,MXL's AI Optical Growth Accelerates: Can It Challenge AVGO & MRVL?,Zacks,2026-08-26,0.44,,,,,,,,,,
KEYS,Keysight Technologies,AI,test-equip,NYSE,319.97,-0.62%,+1.21%,+7.84%,+54.88%,+99%,54.491,1.21,43.24,1.49,2195517,7304317,32645917,,1.98,buy,1.58,-0.62,99.38,-0.62,993.8,-6.2,9938.0,-62.0,1.21,101.21,1.21,1012.1,12.1,10121.0,121.0,7.84,107.84,7.84,1078.4,78.4,10784.0,784.0,54.88,154.88,54.88,1548.8,548.8,15488.0,5488.0,99.0,199.0,99.0,1990.0,990.0,19900.0,9900.0,VIAV Gains From Diverse Portfolio Offering: Will it Boost Prospects?,Zacks,2026-08-28,0.743,Does Keysight’s Raised Outlook and AI Design Wins Change The Bull Case For Keysight Technologies (KEYS)?,Simply Wall St.,2026-08-27,0.572,Why Is Keysight Technologies (KEYS) Adding A New Director And Spotlighting EDA Wins?,Simply Wall St.,2026-08-27,0.572,,,,,,,,,,
VIAV,Viavi Solutions,AI,test-equip,NASDAQ,36.54,-4.02%,-6.07%,+13.37%,+101.32%,+235%,9.016,1.234,,6.39,2492331,12422031,113991531,,4.97,strong_buy,1.38,-4.02,95.98,-4.02,959.8,-40.2,9598.0,-402.0,-6.07,93.93,-6.07,939.3,-60.7,9393.0,-607.0,13.37,113.37,13.37,1133.7,133.7,11337.0,1337.0,101.32,201.32,101.32,2013.2,1013.2,20132.0,10132.0,235.0,335.0,235.0,3350.0,2350.0,33500.0,23500.0,VIAV Gains From Diverse Portfolio Offering: Will it Boost Prospects?,Zacks,2026-08-28,0.743,Is Viavi Solutions (VIAV) Undervalued On Its Data Center Growth Story?,Simply Wall St.,2026-08-28,0.511,Should VIAV Stock Be Part of Your Portfolio After Solid Q4 Results?,Zacks,2026-08-27,0.153,9,strong_buy,0.751,"YTD +108%, 1M +7.5%, strong_buy consensus (an_score 1.38), news sentiment 0.313. Data centre test equipment play with positive sentiment and strong buy rating.",YTD +108%; strong_buy consensus; news sentiment 0.313; data centre tailwind,,,,,
AXTI,AXT Inc,AI,materials,NASDAQ,58.63,-11.23%,-17.12%,+58.59%,+249.82%,+1940%,3.845,1.933,1954.33,10.42,8260575,35562975,294705075,,17.12,none,,-11.23,88.77,-11.23,887.7,-112.3,8877.0,-1123.0,-17.12,82.88,-17.12,828.8,-171.2,8288.0,-1712.0,58.59,158.59,58.59,1585.9,585.9,15859.0,5859.0,249.82,349.82,249.82,3498.2,2498.2,34982.0,24982.0,1940.0,2040.0,1940.0,20400.0,19400.0,204000.0,194000.0,AXT's Supply Agreements Expand: Can They Strengthen Revenue Growth?,Zacks,2026-08-27,0.807,Here's Why AXT (AXTI) Is a Great 'Buy the Bottom' Stock Now,Zacks,2026-08-25,0.625,AXTI vs. ASYS: Which AI Semiconductor Stock Is the Better Buy Now?,Zacks,2026-08-21,0.44,,,,,,,,,,
AMGN,Amgen,Biotech,large-cap,NASDAQ,432.42,-0.82%,-1.57%,+12.20%,+34.68%,+52%,233.78,0.413,26.89,2.71,1731466,10346166,59470466,231.0,2.23,buy,2.47,-0.82,99.18,-0.82,991.8,-8.2,9918.0,-82.0,-1.57,98.43,-1.57,984.3,-15.7,9843.0,-157.0,12.2,112.2,12.2,1122.0,122.0,11220.0,1220.0,34.68,134.68,34.68,1346.8,346.8,13468.0,3468.0,52.0,152.0,52.0,1520.0,520.0,15200.0,5200.0,"AstraZeneca (LSE:AZN) Reports Positive TEZSPIRE Phase 3 Results, Is The Discount Too Wide?",Simply Wall St.,2026-08-28,0.557,Amgen Stock Signals Its Confidence. The Market Agrees.,Trefis,2026-08-28,0.625,"Amgen, AstraZeneca Score With Tezspire; Can They Take On Dupixent?",Investor's Business Daily,2026-08-27,0.0,7,buy,0.7,"AMGN has strong YTD momentum (+34.86%), a buy analyst consensus (score 2.47), positive news sentiment (0.309), a P/E of 26.93, and a dividend yield of 229, offering large-cap stability with growth.",strong YTD; buy consensus; positive sentiment; dividend yield,,,,,
GILD,Gilead Sciences,Biotech,large-cap,NASDAQ,145.68,-2.30%,-0.30%,+9.76%,+21.27%,+32%,180.636,0.336,,7.5,3946644,25032944,147792744,220.0,1.87,buy,1.69,-2.3,97.7,-2.3,977.0,-23.0,9770.0,-230.0,-0.3,99.7,-0.3,997.0,-3.0,9970.0,-30.0,9.76,109.76,9.76,1097.6,97.6,10976.0,976.0,21.27,121.27,21.27,1212.7,212.7,12127.0,2127.0,32.0,132.0,32.0,1320.0,320.0,13200.0,3200.0,Gilead Wins FDA Nod for Bixlenvo in Adults Living With HIV Infection,Zacks,2026-08-28,0.572,Moderna raises $2.6B to support cancer work; FDA clears updated COVID vaccines,BioPharma Dive,2026-08-28,-0.34,Gilead (GILD) Stock Looks Undervalued After A 147% Five Year Run,Simply Wall St.,2026-08-27,0.0,,,,,,,,,,
REGN,Regeneron Pharmaceuticals,Biotech,large-cap,NASDAQ,794.19,-1.62%,-4.78%,+14.34%,+2.70%,+40%,81.766,0.188,19.66,0.88,487713,3017213,17789213,47.0,2.46,buy,1.89,-1.62,98.38,-1.62,983.8,-16.2,9838.0,-162.0,-4.78,95.22,-4.78,952.2,-47.8,9522.0,-478.0,14.34,114.34,14.34,1143.4,143.4,11434.0,1434.0,2.7,102.7,2.7,1027.0,27.0,10270.0,270.0,40.0,140.0,40.0,1400.0,400.0,14000.0,4000.0,"SNY Stock Trading Above 50- & 200-Day SMAs: Buy, Hold or Sell?",Zacks,2026-08-28,0.0,Can Regeneron (REGN)’s Rare-Disease Win Move the Earnings Needle?,Insider Monkey,2026-08-27,0.586,"Amgen, AstraZeneca Score With Tezspire; Can They Take On Dupixent?",Investor's Business Daily,2026-08-27,0.0,4,buy,0.75,"REGN has good momentum (+14.59% 1M), a buy analyst consensus (score 1.89), positive news sentiment (0.117), a P/E of 19.7, and a dividend yield of 46, offering balanced large-cap value.",good 1M momentum; buy consensus; attractive P/E; dividend yield,,,,,
VRTX,Vertex Pharmaceuticals,Biotech,large-cap,NASDAQ,541.69,-0.61%,-1.16%,+12.07%,+19.81%,+37%,137.21,0.305,31.51,1.51,886790,4107190,27663190,,1.85,buy,1.66,-0.61,99.39,-0.61,993.9,-6.1,9939.0,-61.0,-1.16,98.84,-1.16,988.4,-11.6,9884.0,-116.0,12.07,112.07,12.07,1120.7,120.7,11207.0,1207.0,19.81,119.81,19.81,1198.1,198.1,11981.0,1981.0,37.0,137.0,37.0,1370.0,370.0,13700.0,3700.0,Vertex Pharmaceuticals Up 15% in a Month: How to Play the Stock,Zacks,2026-08-26,0.34,2 Large-Cap Stocks to Research Further and 1 We Question,StockStory,2026-08-26,0.0,Inflation Is Rising Again. History Says These 2 Stocks Are Among the Smartest Places to Hide,Motley Fool,2026-08-24,0.511,6,buy,0.75,"VRTX has solid momentum (+11.18% 1M, +20.58% YTD), a buy analyst consensus (score 1.66), positive news sentiment (0.298), and a P/E of 31.72, reflecting its strong large-cap biotech franchise.",solid momentum; buy consensus; positive sentiment; large-cap biotech,,,,,
BIIB,Biogen,Biotech,large-cap,NASDAQ,218.5,-1.35%,+0.79%,+4.43%,+22.88%,+59%,32.284,0.162,38.81,1.14,517362,2807062,19490662,,3.92,buy,1.83,-1.35,98.65,-1.35,986.5,-13.5,9865.0,-135.0,0.79,100.79,0.79,1007.9,7.9,10079.0,79.0,4.43,104.43,4.43,1044.3,44.3,10443.0,443.0,22.88,122.88,22.88,1228.8,228.8,12288.0,2288.0,59.0,159.0,59.0,1590.0,590.0,15900.0,5900.0,Why Is Biogen (BIIB) Up 6.5% Since Last Earnings Report?,Zacks,2026-08-28,0.0,Veeva Systems Inc (VEEV) (Q2 2027) Earnings Call Highlights: Record CRM Quarter and AI Momentum ...,GuruFocus.com,2026-08-27,0.0,Veeva Systems Q2 Earnings Call Highlights,MarketBeat,2026-08-26,0.0,,,,,,,,,,
BMY,Bristol-Myers Squibb,Biotech,large-cap,NYSE,66.58,-0.77%,-0.64%,+5.52%,+27.25%,+41%,136.004,0.225,14.67,11.97,5542352,32444252,254418052,376.0,2.25,buy,2.46,-0.77,99.23,-0.77,992.3,-7.7,9923.0,-77.0,-0.64,99.36,-0.64,993.6,-6.4,9936.0,-64.0,5.52,105.52,5.52,1055.2,55.2,10552.0,552.0,27.25,127.25,27.25,1272.5,272.5,12725.0,2725.0,41.0,141.0,41.0,1410.0,410.0,14100.0,4100.0,Johnson & Johnson (JNJ) Taps Sail Biomedicines in Bid for CAR-T Edge Over Bristol Myers Squibb,Insider Monkey,2026-08-29,0.0,Cytokinetics Boasts A First-Ever In Heart Disease — And Shares Drop,Investor's Business Daily,2026-08-28,0.649,Can Atrium Therapeutics (RNA)’s $15 Million Milestone From Bristol-Myers Squibb (BMY) Validate its RNA Platform?,Insider Monkey,2026-08-28,0.361,5,buy,0.8,"BMY has strong YTD performance (+27.09%), a buy analyst consensus (score 2.46), very high news sentiment (0.597), a low P/E of 14.78, and a dividend yield of 376, combining value and positive catalysts.",strong YTD; very high sentiment; low P/E; high dividend yield,,,,,
AZN,AstraZeneca,Biotech,uk-listed,LSE,162.04,-1.47%,-2.21%,-7.49%,-11.92%,+2%,2.513,0.211,24.33,3.05,3571974,13765025,101834338,197.0,,buy,1.79,-1.47,98.53,-1.47,985.3,-14.7,9853.0,-147.0,-2.21,97.79,-2.21,977.9,-22.1,9779.0,-221.0,-7.49,92.51,-7.49,925.1,-74.9,9251.0,-749.0,-11.92,88.08,-11.92,880.8,-119.2,8808.0,-1192.0,2.0,102.0,2.0,1020.0,20.0,10200.0,200.0,"IONS, AZN Stocks Fall On Full Data From Failed Cardiomyopathy Trial — Jefferies Sees Neutral To Negative Readthrough To ALNY",Stocktwits,2026-08-28,-0.791,"SNY Stock Trading Above 50- & 200-Day SMAs: Buy, Hold or Sell?",Zacks,2026-08-28,0.0,Alnylam stock drops on rival heart trial: Why analysts see core business safe,Investing.com,2026-08-28,0.796,,,,,,,,,,
GSK,GSK,Biotech,uk-listed,LSE,25.09,+0.08%,-3.39%,-8.64%,+1.23%,+28%,1.004,0.295,15.71,7.59,7789975,24726694,154568362,367.0,,hold,2.59,0.08,100.08,0.08,1000.8,0.8,10008.0,8.0,-3.39,96.61,-3.39,966.1,-33.9,9661.0,-339.0,-8.64,91.36,-8.64,913.6,-86.4,9136.0,-864.0,1.23,101.23,1.23,1012.3,12.3,10123.0,123.0,28.0,128.0,28.0,1280.0,280.0,12800.0,2800.0,GSK's sBLA for Jemperli Gets FDA Priority Tag in Rectal Cancer,Zacks,2026-08-24,-0.66,GSK shares kept at neutral by Citi as unproven phase III pipeline curbs long-term growth,Proactive,2026-08-20,0.586,Is Gilead's Expanding HIV Portfolio a Growth Catalyst?,Zacks,2026-08-18,0.382,,,,,,,,,,
CRSP,CRISPR Therapeutics,Biotech,gene-editing,NASDAQ,57.72,-2.17%,-2.99%,+21.16%,+7.35%,+13%,5.582,1.738,,1.65,1385787,6725487,34696987,,22.2,buy,2.05,-2.17,97.83,-2.17,978.3,-21.7,9783.0,-217.0,-2.99,97.01,-2.99,970.1,-29.9,9701.0,-299.0,21.16,121.16,21.16,1211.6,211.6,12116.0,2116.0,7.35,107.35,7.35,1073.5,73.5,10735.0,735.0,13.0,113.0,13.0,1130.0,130.0,11300.0,1300.0,Vertex Pharmaceuticals Up 15% in a Month: How to Play the Stock,Zacks,2026-08-26,0.34,4 Gene-Editing Biotech Stocks Worth Watching for Long-Term Gains,Zacks,2026-08-24,0.511,CRISPR Therapeutics Stock Is Up Only 8% This Year. Is Cathie Wood's Bet on the Gene-Editing Stock Dead Money?,Motley Fool,2026-08-21,-0.649,2,buy,0.8,"CRSP presented Phase 1a data for CTX310 showing deep and durable ANGPTL3 editing (79% mean reduction), TG lowering (48%), and LDL lowering (53%) at ESC Congress 2026, with +20.57% 1M momentum and a buy analyst consensus (score 2.05).",positive Phase 1a CTX310 data; strong 1M momentum; buy consensus; durable lipid lowering,,,,,
BEAM,Beam Therapeutics,Biotech,gene-editing,NASDAQ,29.32,-4.59%,-1.48%,+12.68%,+8.03%,+87%,3.028,2.209,,2.15,1328835,7416135,37544035,,36.48,strong_buy,1.33,-4.59,95.41,-4.59,954.1,-45.9,9541.0,-459.0,-1.48,98.52,-1.48,985.2,-14.8,9852.0,-148.0,12.68,112.68,12.68,1126.8,126.8,11268.0,1268.0,8.03,108.03,8.03,1080.3,80.3,10803.0,803.0,87.0,187.0,87.0,1870.0,870.0,18700.0,8700.0,Beam Therapeutics (BEAM) Stock May Look Stretched As Sales Expectations Climb,Simply Wall St.,2026-08-26,0.0,4 Gene-Editing Biotech Stocks Worth Watching for Long-Term Gains,Zacks,2026-08-24,0.511,"BEAM's Q2 Loss Wider Than Expected, Revenues Fall Y/Y, Pipeline in Focus",Zacks,2026-08-05,-0.318,,,,,,,,,,
NTLA,Intellia Therapeutics,Biotech,gene-editing,NASDAQ,12.87,-2.20%,+0.23%,+19.17%,+39.74%,+15%,1.803,1.794,,4.84,3435253,15787553,78890053,,40.35,buy,2.26,-2.2,97.8,-2.2,978.0,-22.0,9780.0,-220.0,0.23,100.23,0.23,1002.3,2.3,10023.0,23.0,19.17,119.17,19.17,1191.7,191.7,11917.0,1917.0,39.74,139.74,39.74,1397.4,397.4,13974.0,3974.0,15.0,115.0,15.0,1150.0,150.0,11500.0,1500.0,4 Gene-Editing Biotech Stocks Worth Watching for Long-Term Gains,Zacks,2026-08-24,0.511,Moderna’s Newfound War Chest Opens Door for 4 Strategic Acquisition Targets,24/7 Wall St.,2026-08-20,-0.599,Intellia (NTLA) Q2 2026 Earnings Call Transcript,Motley Fool,2026-08-13,0.0,,,,,,,,,,
EDIT,Editas Medicine,Biotech,gene-editing,NASDAQ,3.16,-4.53%,+1.61%,+21.54%,+54.15%,+34%*,0.485,2.063,,2.44,3267144,15142044,56195244,,16.1,buy,2.08,-4.53,95.47,-4.53,954.7,-45.3,9547.0,-453.0,1.61,101.61,1.61,1016.1,16.1,10161.0,161.0,21.54,121.54,21.54,1215.4,215.4,12154.0,2154.0,54.15,154.15,54.15,1541.5,541.5,15415.0,5415.0,34.0,134.0,34.0,1340.0,340.0,13400.0,3400.0,4 Gene-Editing Biotech Stocks Worth Watching for Long-Term Gains,Zacks,2026-08-24,0.511,Moderna’s Newfound War Chest Opens Door for 4 Strategic Acquisition Targets,24/7 Wall St.,2026-08-20,-0.599,Is Editas Medicine (EDIT) Outperforming Other Medical Stocks This Year?,Zacks,2026-08-10,0.0,,,,,,,,,,
ILMN,Illumina,Biotech,genomics,NASDAQ,215.59,-5.45%,-1.74%,+10.66%,+60.47%,+133%,32.554,1.464,40.3,1.98,1791493,9610893,47599093,,10.26,buy,2.45,-5.45,94.55,-5.45,945.5,-54.5,9455.0,-545.0,-1.74,98.26,-1.74,982.6,-17.4,9826.0,-174.0,10.66,110.66,10.66,1106.6,106.6,11066.0,1066.0,60.47,160.47,60.47,1604.7,604.7,16047.0,6047.0,133.0,233.0,133.0,2330.0,1330.0,23300.0,13300.0,1 Large-Cap Stock with Competitive Advantages and 2 We Find Risky,StockStory,2026-08-28,0.34,Should You Add Illumina Stock to Your Portfolio Now?,Zacks,2026-08-28,0.0,Winners And Losers Of Q2: Illumina (NASDAQ:ILMN) Vs The Rest Of The Life Sciences Tools & Services Stocks,StockStory,2026-08-26,-0.077,3,buy,0.8,"ILMN has strong momentum (+13.75% 1M, +63.39% YTD), a buy analyst consensus (score 2.45), positive news sentiment (0.199), and a P/E of 41.03 reflecting its genomics leadership.",strong YTD momentum; buy consensus; positive sentiment; genomics leader,,,,,
PACB,Pacific Biosciences,Biotech,genomics,NASDAQ,1.4,-9.68%,+3.70%,+0.00%,-23.91%,+18%*,0.435,2.318,,6.73,5214716,41356316,169409616,,19.75,buy,2.0,-9.68,90.32,-9.68,903.2,-96.8,9032.0,-968.0,3.7,103.7,3.7,1037.0,37.0,10370.0,370.0,0.0,100.0,0.0,1000.0,0.0,10000.0,0.0,-23.91,76.09,-23.91,760.9,-239.1,7609.0,-2391.0,18.0,118.0,18.0,1180.0,180.0,11800.0,1800.0,1 of Wall Street’s Favorite Stocks to Own for Decades and 2 We Brush Off,StockStory,2026-08-26,0.459,Cancer Vaccine Breakthrough Lifts 5 Biotech Names. Here’s Who’s Best Positioned.,24/7 Wall St.,2026-08-25,-0.052,1 Healthcare Stock to Target This Week and 2 Facing Headwinds,StockStory,2026-08-24,0.0,,,,,,,,,,
NTRA,Natera,Biotech,genomics,NASDAQ,326.26,-3.67%,-1.74%,+28.54%,+42.57%,+100%,47.028,1.514,,1.41,833443,5610543,32868643,,3.07,strong_buy,1.5,-3.67,96.33,-3.67,963.3,-36.7,9633.0,-367.0,-1.74,98.26,-1.74,982.6,-17.4,9826.0,-174.0,28.54,128.54,28.54,1285.4,285.4,12854.0,2854.0,42.57,142.57,42.57,1425.7,425.7,14257.0,4257.0,100.0,200.0,100.0,2000.0,1000.0,20000.0,10000.0,Natera & Angiex Partner to Evaluate AGX101 Response With Signatera,Zacks,2026-08-28,0.0,3 Healthcare Stocks with Promising Prospects,StockStory,2026-08-27,0.599,How Investors May Respond To Natera (NTRA) New MRD Trial Deal And Duquesne Stake Expansion,Simply Wall St.,2026-08-27,0.0,1,strong_buy,0.85,"NTRA has strong momentum (+31.46% 1M, +44.89% YTD), a strong_buy analyst consensus (score 1.5), and positive news sentiment (0.072), with no P/E but high growth potential in genomics.",strong momentum; strong_buy consensus; positive sentiment; high growth genomics,,,,,
RXRX,Recursion Pharmaceuticals,Biotech,genomics,NASDAQ,3.34,-3.19%,-4.57%,+12.46%,-20.48%,-26%*,1.791,1.054,,20.28,10526307,72163307,352050607,,34.79,buy,2.43,-3.19,96.81,-3.19,968.1,-31.9,9681.0,-319.0,-4.57,95.43,-4.57,954.3,-45.7,9543.0,-457.0,12.46,112.46,12.46,1124.6,124.6,11246.0,1246.0,-20.48,79.52,-20.48,795.2,-204.8,7952.0,-2048.0,-26.0,74.0,-26.0,740.0,-260.0,7400.0,-2600.0,"The Zacks Analyst Blog Highlights Recursion Pharmaceuticals, Schrodinger, Relay Therapeutics and Absci",Zacks,2026-08-18,0.0,"Contineum, Disc Medicine, Recursion Advance Pipelines Ahead of Catalysts, Morgan Stanley Says",MT Newswires,2026-08-17,0.0,4 AI-Powered Drug Discovery Stocks to Watch as AI Reshapes Pharma,Zacks,2026-08-17,0.0,,,,,,,,,,
INCY,Incyte,Biotech,oncology,NASDAQ,124.37,-2.64%,-2.69%,-2.15%,+22.63%,+49%,25.209,0.769,15.84,1.85,1215027,4677127,33766127,,7.9,buy,2.29,-2.64,97.36,-2.64,973.6,-26.4,9736.0,-264.0,-2.69,97.31,-2.69,973.1,-26.9,9731.0,-269.0,-2.15,97.85,-2.15,978.5,-21.5,9785.0,-215.0,22.63,122.63,22.63,1226.3,226.3,12263.0,2263.0,49.0,149.0,49.0,1490.0,490.0,14900.0,4900.0,Incyte Corporation (INCY) vs. Revolution Medicines (RVMD): Which Biotech Stock Offers the Better KRAS Opportunity?,Insider Monkey,2026-08-28,0.691,Why Is uniQure (QURE) Up 17.5% Since Last Earnings Report?,Zacks,2026-08-28,0.0,Incyte (INCY) Up 0.8% Since Last Earnings Report: Can It Continue?,Zacks,2026-08-27,0.0,,,,,,,,,,
EXEL,Exelixis,Biotech,oncology,NASDAQ,54.45,+0.54%,+0.68%,-1.59%,+24.94%,+49%,13.491,0.422,17.12,2.59,1486394,9239994,59513694,,15.46,buy,2.4,0.54,100.54,0.54,1005.4,5.4,10054.0,54.0,0.68,100.68,0.68,1006.8,6.8,10068.0,68.0,-1.59,98.41,-1.59,984.1,-15.9,9841.0,-159.0,24.94,124.94,24.94,1249.4,249.4,12494.0,2494.0,49.0,149.0,49.0,1490.0,490.0,14900.0,4900.0,"Strong Sales, Earnings Send Exelixis Shares Higher",FX Empire,2026-08-28,0.67,Exelixis Owners Keep Getting A Bigger Slice Of A Company In Transition,Trefis,2026-08-24,0.0,"Exelixis, Valaris, and 3 More Stocks See Action From Activist Investors",Barrons.com,2026-08-21,0.0,,,,,,,,,,
ALNY,Alnylam Pharmaceuticals,Biotech,oncology,NASDAQ,237.1,+0.68%,+0.37%,-17.28%,-40.75%,-47%,31.726,0.279,41.23,1.73,1835489,7955989,52875989,,4.75,buy,1.68,0.68,100.68,0.68,1006.8,6.8,10068.0,68.0,0.37,100.37,0.37,1003.7,3.7,10037.0,37.0,-17.28,82.72,-17.28,827.2,-172.8,8272.0,-1728.0,-40.75,59.25,-40.75,592.5,-407.5,5925.0,-4075.0,-47.0,53.0,-47.0,530.0,-470.0,5300.0,-4700.0,"IONS, AZN Stocks Fall On Full Data From Failed Cardiomyopathy Trial — Jefferies Sees Neutral To Negative Readthrough To ALNY",Stocktwits,2026-08-28,-0.791,Alnylam stock drops on rival heart trial: Why analysts see core business safe,Investing.com,2026-08-28,0.796,"AstraZeneca, Ionis data spark debate about RNA drugs’ impact on deadly heart disease",BioPharma Dive,2026-08-28,0.727,,,,,,,,,,
RCUS,Arcus Biosciences,Biotech,oncology,NYSE,29.21,-4.29%,-3.72%,+10.43%,+25.42%,+183%*,3.719,0.811,,1.3,1086192,4529792,26222192,,17.75,strong_buy,1.46,-4.29,95.71,-4.29,957.1,-42.9,9571.0,-429.0,-3.72,96.28,-3.72,962.8,-37.2,9628.0,-372.0,10.43,110.43,10.43,1104.3,104.3,11043.0,1043.0,25.42,125.42,25.42,1254.2,254.2,12542.0,2542.0,183.0,283.0,183.0,2830.0,1830.0,28300.0,18300.0,Could Arcus Biosciences (RCUS) and Summit Therapeutics (SMMT)’s Cancer Drug Partnership Create a New Treatment Standard?,Insider Monkey,2026-08-14,-0.511,Arcus Biosciences (RCUS) Q2 2026 Earnings Call Transcript,Motley Fool,2026-08-13,0.0,"Arcus Biosciences' Casdatifan Therapy Could be Launched in 2028, Morgan Stanley Says",MT Newswires,2026-08-10,0.128,8,strong_buy,0.7,"RCUS has a strong_buy analyst consensus (score 1.46), good momentum (+10.87% 1M, +28.77% YTD), and positive news sentiment (0.084), with potential from its oncology pipeline.",strong_buy consensus; good momentum; oncology pipeline; positive sentiment,,,,,
MRNA,Moderna,Biotech,mrna,NASDAQ,137.99,-2.19%,-4.92%,+153.24%,+347.15%,+493%,55.091,0.899,,14.51,25736829,153552429,623500829,,16.16,hold,2.74,-2.19,97.81,-2.19,978.1,-21.9,9781.0,-219.0,-4.92,95.08,-4.92,950.8,-49.2,9508.0,-492.0,153.24,253.24,153.24,2532.4,1532.4,25324.0,15324.0,347.15,447.15,347.15,4471.5,3471.5,44715.0,34715.0,493.0,593.0,493.0,5930.0,4930.0,59300.0,49300.0,Pharma Industry Stares Down Biggest Patent Cliff in Decades,The Wall Street Journal,2026-08-29,0.0,Jim Cramer Says Hold on to Moderna (MRNA) After Phase 3 Cancer Trial,Insider Monkey,2026-08-28,-0.66,BioNTech Stock Falls on Cancer Vaccine Setback Days After Moderna’s Big Win,Barrons.com,2026-08-28,-0.153,9,strong_buy,1.0,"MRNA has explosive momentum (+141.15% 1M, +336.08% YTD) driven by a cancer vaccine breakthrough with Merck and FDA approval for updated COVID-19 vaccines, but faces dilution from a $2B convertible note and a hold analyst consensus (score 2.74).",cancer vaccine breakthrough; FDA vaccine approval; explosive momentum; convertible note dilution risk,,,,,
BNTX,BioNTech,Biotech,mrna,NASDAQ,102.07,-8.70%,-12.43%,+9.82%,+5.57%,+11%,25.641,1.278,,1.18,3070087,9085787,39708787,,3.76,buy,1.6,-8.7,91.3,-8.7,913.0,-87.0,9130.0,-870.0,-12.43,87.57,-12.43,875.7,-124.3,8757.0,-1243.0,9.82,109.82,9.82,1098.2,98.2,10982.0,982.0,5.57,105.57,5.57,1055.7,55.7,10557.0,557.0,11.0,111.0,11.0,1110.0,110.0,11100.0,1100.0,BioNTech (BNTX) Ended A Phase 2 Colorectal Cancer Trial,Simply Wall St.,2026-08-29,-0.66,Sector Update: Healthcare Stocks Decline Late Afternoon,MT Newswires,2026-08-28,0.0,BioNTech Stock Falls on Cancer Vaccine Setback Days After Moderna’s Big Win,Barrons.com,2026-08-28,-0.153,,,,,,,,,,
NVAX,Novavax,Biotech,mrna,NASDAQ,9.26,+2.89%,+3.58%,+26.16%,+29.87%,+20%*,1.527,2.416,,4.1,4196996,23814296,98511996,,28.98,none,,2.89,102.89,2.89,1028.9,28.9,10289.0,289.0,3.58,103.58,3.58,1035.8,35.8,10358.0,358.0,26.16,126.16,26.16,1261.6,261.6,12616.0,2616.0,29.87,129.87,29.87,1298.7,298.7,12987.0,2987.0,20.0,120.0,20.0,1200.0,200.0,12000.0,2000.0,NVAX Stock Climbs As Partnership Model Keeps COVID Vaccine Cash Flow Open,Stocktwits,2026-08-28,0.0,Pfizer's Updated COVID Shot Ships Into a Smaller Market,GuruFocus.com,2026-08-28,0.0,Moderna raises $2.6B to support cancer work; FDA clears updated COVID vaccines,BioPharma Dive,2026-08-28,-0.34,,,,,,,,,,
BMRN,BioMarin Pharmaceutical,Biotech,rare-disease,NASDAQ,64.67,-0.96%,-3.05%,+5.37%,+8.77%,+12%,12.518,0.227,174.77,2.07,1098425,7851525,50448225,,5.28,buy,1.74,-0.96,99.04,-0.96,990.4,-9.6,9904.0,-96.0,-3.05,96.95,-3.05,969.5,-30.5,9695.0,-305.0,5.37,105.37,5.37,1053.7,53.7,10537.0,537.0,8.77,108.77,8.77,1087.7,87.7,10877.0,877.0,12.0,112.0,12.0,1120.0,120.0,11200.0,1200.0,BioMarin Pharmaceutical (BMRN) Agrees $490 Million Deal For Oral Rare Bone Disease Program,Simply Wall St.,2026-08-21,0.202,Therapeutics Stocks Q2 Results: Benchmarking BioMarin Pharmaceutical (NASDAQ:BMRN),StockStory,2026-08-20,0.0,Why BioMarin Pharmaceutical (BMRN) Stock Is Up Today,StockStory,2026-08-19,0.0,,,,,,,,,,
SRPT,Sarepta Therapeutics,Biotech,rare-disease,NASDAQ,20.86,-2.98%,+11.02%,+34.23%,-2.11%,+19%,2.204,0.205,,3.34,3612129,17017529,69602129,,30.69,hold,2.67,-2.98,97.02,-2.98,970.2,-29.8,9702.0,-298.0,11.02,111.02,11.02,1110.2,110.2,11102.0,1102.0,34.23,134.23,34.23,1342.3,342.3,13423.0,3423.0,-2.11,97.89,-2.11,978.9,-21.1,9789.0,-211.0,19.0,119.0,19.0,1190.0,190.0,11900.0,1900.0,SRPT On Track For Best Week In 5 Months Ahead Of Late-2026 Clinical Data — Retail Eyes ‘Monumental Comeback’,Stocktwits,2026-08-27,0.637,Moderna Stock Carries A Market Value Its Revenue Does Not Support,Trefis,2026-08-26,0.037,Sarepta (SRPT) Stock Looks Fully Valued As Sales Trail Fair Value,Simply Wall St.,2026-08-25,0.784,10,buy,0.5,"SRPT has high momentum (+41.54% 1M, +16.23% 1W) ahead of late-2026 clinical data, with a hold analyst consensus (score 2.67) and positive news sentiment (0.173), but carries high short interest (30.69%) and binary event risk.",high 1M momentum; upcoming clinical data; positive sentiment; high short interest,,,,,
COAG,Hemab Therapeutics,Biotech,rare-disease,NASDAQ,44.84,-9.40%,-8.79%,+0.20%,+31.88%,+46%,2.094,,,0.35,260077,1813377,8423277,,,none,,-9.4,90.6,-9.4,906.0,-94.0,9060.0,-940.0,-8.79,91.21,-8.79,912.1,-87.9,9121.0,-879.0,0.2,100.2,0.2,1002.0,2.0,10020.0,20.0,31.88,131.88,31.88,1318.8,318.8,13188.0,3188.0,46.0,146.0,46.0,1460.0,460.0,14600.0,4600.0,Sector Update: Healthcare Stocks Advance Late Afternoon,MT Newswires,2026-07-13,0.0,"Hemab Therapeutics Details Post-IPO Pipeline Push, Sutacimig Phase III Plans",MarketBeat,2026-06-09,0.0,Hemab Therapeutics IPO Debut Puts COAG And Pipeline Risks In Focus,Simply Wall St.,2026-05-03,-0.273,,,,,,,,,,
NVO,Novo Nordisk,Biotech,metabolic,NYSE,45.61,-1.70%,-2.42%,-10.44%,-8.60%,-18%,201.643,0.349,11.12,12.41,8487691,55590891,323945891,388.0,1.07,hold,2.57,-1.7,98.3,-1.7,983.0,-17.0,9830.0,-170.0,-2.42,97.58,-2.42,975.8,-24.2,9758.0,-242.0,-10.44,89.56,-10.44,895.6,-104.4,8956.0,-1044.0,-8.6,91.4,-8.6,914.0,-86.0,9140.0,-860.0,-18.0,82.0,-18.0,820.0,-180.0,8200.0,-1800.0,Novo's Wegovy Pill Enters China Behind Lilly,GuruFocus.com,2026-08-28,0.0,Eli Lilly's diabetes drug Mounjaro gets approval for a new use,USA TODAY,2026-08-28,0.477,Mounjaro Just Opened a Much Bigger Door,GuruFocus.com,2026-08-28,0.0,,,,,,,,,,
LLY,Eli Lilly,Biotech,metabolic,NYSE,1174.61,-0.07%,-6.44%,-2.79%,+9.25%,+60%,1046.997,0.506,39.47,2.89,2447356,11984156,65110256,59.0,0.74,buy,1.7,-0.07,99.93,-0.07,999.3,-0.7,9993.0,-7.0,-6.44,93.56,-6.44,935.6,-64.4,9356.0,-644.0,-2.79,97.21,-2.79,972.1,-27.9,9721.0,-279.0,9.25,109.25,9.25,1092.5,92.5,10925.0,925.0,60.0,160.0,60.0,1600.0,600.0,16000.0,6000.0,Sector Update: Healthcare Stocks Decline Late Afternoon,MT Newswires,2026-08-28,0.0,Is OmniAb (OABI)’s Eli Lilly (LLY) Partnership a Game Changer for OABI?,Insider Monkey,2026-08-28,0.0,GLP-1 Coverage Fell From 72% to 60%. Is Eli Lilly’s Weight-Loss Boom Hitting an Insurance Wall?,24/7 Wall St.,2026-08-28,0.0,,,,,,,,,,
LEGN,Legend Biotech,Biotech,neuroscience,NASDAQ,19.88,-3.50%,-8.89%,+5.46%,-7.58%,-40%,3.866,0.387,,2.76,1151124,6425324,51812624,,21.86,buy,2.0,-3.5,96.5,-3.5,965.0,-35.0,9650.0,-350.0,-8.89,91.11,-8.89,911.1,-88.9,9111.0,-889.0,5.46,105.46,5.46,1054.6,54.6,10546.0,546.0,-7.58,92.42,-7.58,924.2,-75.8,9242.0,-758.0,-40.0,60.0,-40.0,600.0,-400.0,6000.0,-4000.0,Sector Update: Healthcare Stocks Advance Late Afternoon,MT Newswires,2026-08-12,0.0,"Here Are Wednesday’s Top Wall Street Analyst Research Calls: The Gap, Genmab, Hilton Worldwide, Intuitive Surgical, Marriott International, Merck, Novo Nordisk, Okta, and More",24/7 Wall St.,2026-08-12,0.202,Legend Biotech (LEGN) Q2 2026 Earnings Call Transcript,Motley Fool,2026-08-12,0.0,,,,,,,,,,
IONS,Ionis Pharmaceuticals,Biotech,neuroscience,NASDAQ,61.05,-2.13%,+2.19%,+12.97%,-23.37%,+9%,10.145,0.4,,2.96,1850625,10266925,54025325,,16.66,buy,1.79,-2.13,97.87,-2.13,978.7,-21.3,9787.0,-213.0,2.19,102.19,2.19,1021.9,21.9,10219.0,219.0,12.97,112.97,12.97,1129.7,129.7,11297.0,1297.0,-23.37,76.63,-23.37,766.3,-233.7,7663.0,-2337.0,9.0,109.0,9.0,1090.0,90.0,10900.0,900.0,Could Ionis Pharmaceuticals (IONS) Stock Become a Biotech Powerhouse as its Commercial Pipeline Takes Off?,Insider Monkey,2026-08-28,0.0,"IONS, AZN Stocks Fall On Full Data From Failed Cardiomyopathy Trial — Jefferies Sees Neutral To Negative Readthrough To ALNY",Stocktwits,2026-08-28,-0.791,Why Is Ionis Pharmaceuticals (IONS) Up 17.2% Since Last Earnings Report?,Zacks,2026-08-28,0.0,,,,,,,,,,
BTC,Bitcoin,Crypto,bitcoin,Crypto,77643.146124,-2.67%,-1.01%,+20.97%,-11.29%,-11%,1558.809,,,36944.83,36320805552,258613786954,813559342253,,,,,-2.67,97.33,-2.67,973.3,-26.7,9733.0,-267.0,-1.01,98.99,-1.01,989.9,-10.1,9899.0,-101.0,20.97,120.97,20.97,1209.7,209.7,12097.0,2097.0,-11.29,88.71,-11.29,887.1,-112.9,8871.0,-1129.0,-11.0,89.0,-11.0,890.0,-110.0,8900.0,-1100.0,"Charles Schwab expands crypto access with Solana, Avalanche, and Chainlink",Yahoo Finance Video,2026-08-28,0.103,Fed: What to make of Kevin Warsh's plans to fight inflation,Yahoo Finance Video,2026-08-28,-0.382,Bitcoin and Cathie Wood are partying like it's 2021 again: Chart of the Day,Yahoo Finance,2026-08-28,0.625,,,,,,,,,,
ETH,Ethereum,Crypto,layer1,Crypto,2438.236198,-2.06%,-2.86%,+27.57%,-17.82%,-18%,294.249,,,16415.29,14972903067,114907009381,320902050305,,,,,-2.06,97.94,-2.06,979.4,-20.6,9794.0,-206.0,-2.86,97.14,-2.86,971.4,-28.6,9714.0,-286.0,27.57,127.57,27.57,1275.7,275.7,12757.0,2757.0,-17.82,82.18,-17.82,821.8,-178.2,8218.0,-1782.0,-18.0,82.0,-18.0,820.0,-180.0,8200.0,-1800.0,"Charles Schwab expands crypto access with Solana, Avalanche, and Chainlink",Yahoo Finance Video,2026-08-28,0.103,Tom Lee Sees Ethereum at $6K if Bitcoin Reaches $150K,CryptoProwl,2026-08-29,0.052,Weekly Wrap: Bitcoin Holds Onto Gains,CryptoProwl,2026-08-28,0.34,5,buy,0.7,"ETH +31.17% 1m, ETH ETFs saw $225M inflows, positive news sentiment 0.075, market cap $300B [decrypt.co](https://decrypt.co/376800/morning-minute-solana-jumps-with-network-inflation-set-to-drop)",+31.17% 1m momentum; $225M ETH ETF inflows; positive sentiment 0.075; large cap $300B,,,,,
SOL,Solana,Crypto,layer1,Crypto,103.850344,-2.42%,+8.76%,+40.58%,-16.60%,-17%,60.665,,,5841.56,7039203255,40890912043,76307601614,,,,,-2.42,97.58,-2.42,975.8,-24.2,9758.0,-242.0,8.76,108.76,8.76,1087.6,87.6,10876.0,876.0,40.58,140.58,40.58,1405.8,405.8,14058.0,4058.0,-16.6,83.4,-16.6,834.0,-166.0,8340.0,-1660.0,-17.0,83.0,-17.0,830.0,-170.0,8300.0,-1700.0,"Charles Schwab expands crypto access with Solana, Avalanche, and Chainlink",Yahoo Finance Video,2026-08-28,0.103,Treasury eases as Warsh vows to fight inflation,Yahoo Finance Video,2026-08-28,0.128,Charles Schwab (SCHW) Expands Crypto Offering As Investors Weigh Whether Shares Are Fully Valued,Simply Wall St.,2026-08-29,0.7,1,strong_buy,0.85,"SOL +42.52% 1m, +14.39% 1w, Solana inflation proposal passed doubling disinflation rate, Charles Schwab to add SOL, $60.91M daily ETF inflows [decrypt.co](https://decrypt.co/376800/morning-minute-solana-jumps-with-network-inflation-set-to-drop) [cryptobriefing.com](https://cryptobriefing.com/solana-proposal-passes-kraken-vote-flip/) [walletinvestor.com](https://walletinvestor.com/news/crypto-news/solana-spot-etfs-draw-60-91-million-in-a-single-day-as-treasury-buyers-and-stakers-pile-in/)",+42.52% 1m momentum; inflation proposal passed; Charles Schwab listing; $60.91M daily ETF inflows,,,,,
BNB,BNB,Crypto,layer1,Crypto,690.170975,-2.39%,-2.77%,+20.00%,-20.04%,-20%,91.905,,,1320.74,800964461,9245189770,23875281314,,,,,-2.39,97.61,-2.39,976.1,-23.9,9761.0,-239.0,-2.77,97.23,-2.77,972.3,-27.7,9723.0,-277.0,20.0,120.0,20.0,1200.0,200.0,12000.0,2000.0,-20.04,79.96,-20.04,799.6,-200.4,7996.0,-2004.0,-20.0,80.0,-20.0,800.0,-200.0,8000.0,-2000.0,Nano Labs H1 Earnings Call Highlights,MarketBeat,2026-08-28,0.0,What is crypto?,Moneyweek,2026-08-27,0.0,Should You Go 'All In' on Bitcoin? Binance Founder Changpeng Zhao Has the Answer,Benzinga,2026-08-26,0.0,,,,,,,,,,
ADA,Cardano,Crypto,layer1,Crypto,0.201728,-3.88%,-15.41%,+23.70%,-39.36%,-39%,7.407,,,664.83,403936226,4653790868,12600548904,,,,,-3.88,96.12,-3.88,961.2,-38.8,9612.0,-388.0,-15.41,84.59,-15.41,845.9,-154.1,8459.0,-1541.0,23.7,123.7,23.7,1237.0,237.0,12370.0,2370.0,-39.36,60.64,-39.36,606.4,-393.6,6064.0,-3936.0,-39.0,61.0,-39.0,610.0,-390.0,6100.0,-3900.0,"Charles Hoskinson Says Cardano Will Win, But With Ethereum’s Help",BeInCrypto,2026-08-26,0.714,Cardano Price Risks 50% Drop as ADA Bear Flag Takes Shape,FX Empire,2026-08-26,-0.494,Mark Zuckerberg AI Predicts Cardano Could Have the Strangest Comeback of 2026,99bitcoins,2026-08-23,0.0,,,,,,,,,,
AVAX,Avalanche,Crypto,layer1,Crypto,7.276502,-2.02%,-9.24%,+12.01%,-40.88%,-41%,3.142,,,271.76,211101773,1902288482,6321843084,,,,,-2.02,97.98,-2.02,979.8,-20.2,9798.0,-202.0,-9.24,90.76,-9.24,907.6,-92.4,9076.0,-924.0,12.01,112.01,12.01,1120.1,120.1,11201.0,1201.0,-40.88,59.12,-40.88,591.2,-408.8,5912.0,-4088.0,-41.0,59.0,-41.0,590.0,-410.0,5900.0,-4100.0,"Charles Schwab expands crypto access with Solana, Avalanche, and Chainlink",Yahoo Finance Video,2026-08-28,0.103,Treasury eases as Warsh vows to fight inflation,Yahoo Finance Video,2026-08-28,0.128,Charles Schwab (SCHW) Expands Crypto Offering As Investors Weigh Whether Shares Are Fully Valued,Simply Wall St.,2026-08-29,0.7,,,,,,,,,,
XRP,XRP,Crypto,payments,Crypto,1.382371,-3.40%,-10.36%,+28.45%,-24.84%,-25%,86.736,,,5271.03,3012089060,36897192063,73065668873,,,,,-3.4,96.6,-3.4,966.0,-34.0,9660.0,-340.0,-10.36,89.64,-10.36,896.4,-103.6,8964.0,-1036.0,28.45,128.45,28.45,1284.5,284.5,12845.0,2845.0,-24.84,75.16,-24.84,751.6,-248.4,7516.0,-2484.0,-25.0,75.0,-25.0,750.0,-250.0,7500.0,-2500.0,Better Buy: XRP (Ripple) vs. Bitcoin,Motley Fool,2026-08-28,0.44,XRP Price Could Be Set for a Shake-Up as Ripple Puts XRPL Lending Protocol Through AI-Only Security Test,CCN,2026-08-28,0.34,Will The XRP Price Break $2?,Trefis,2026-08-28,0.0,4,buy,0.75,"XRP +31.59% 1m, record ETF inflows $1.566B cumulative, whales pulled $335M off Binance, positive news sentiment 0.225 [walletinvestor.com](https://walletinvestor.com/news/crypto-news/xrp-holds-above-1-40-as-etf-inflows-hit-record-while-derivatives-selling-climbs/)",+31.59% 1m momentum; record ETF inflows $1.566B; whale accumulation $335M; positive sentiment 0.225,,,,,
XLM,Stellar,Crypto,payments,Crypto,0.178164,-3.02%,-15.00%,+3.49%,-11.20%,-11%,6.179,,,274.49,147677693,1921463312,4681588127,,,,,-3.02,96.98,-3.02,969.8,-30.2,9698.0,-302.0,-15.0,85.0,-15.0,850.0,-150.0,8500.0,-1500.0,3.49,103.49,3.49,1034.9,34.9,10349.0,349.0,-11.2,88.8,-11.2,888.0,-112.0,8880.0,-1120.0,-11.0,89.0,-11.0,890.0,-110.0,8900.0,-1100.0,BEN's Digital Asset Strategy: Unlocking the Next Growth Opportunity,Zacks,2026-08-25,0.784,,,,,,,,,,,,,,,,,,
TRX,TRON,Crypto,payments,Crypto,0.341171,+0.83%,-1.17%,+4.80%,+19.98%,+20%,32.386,,,502.78,441201812,3519446059,11525763235,,,,,0.83,100.83,0.83,1008.3,8.3,10083.0,83.0,-1.17,98.83,-1.17,988.3,-11.7,9883.0,-117.0,4.8,104.8,4.8,1048.0,48.0,10480.0,480.0,19.98,119.98,19.98,1199.8,199.8,11998.0,1998.0,20.0,120.0,20.0,1200.0,200.0,12000.0,2000.0,KiiChain Adds TRON to Expand Onchain FX and Stablecoin Settlement,CryptoProwl,2026-08-27,0.318,How Criminals Move Millions in USDT Before Tether Can Freeze It,BeInCrypto,2026-08-25,-0.542,TRM Labs Traces $16.8 Million Across 30 Sanctioned Iran-Linked Crypto Wallets,BeInCrypto,2026-08-25,0.0,,,,,,,,,,
SUI,Sui,Crypto,emerging,Crypto,0.738324,-3.57%,-17.39%,+7.15%,-47.36%,-47%,3.008,,,677.49,486410286,4742411745,9304816669,,,,,-3.57,96.43,-3.57,964.3,-35.7,9643.0,-357.0,-17.39,82.61,-17.39,826.1,-173.9,8261.0,-1739.0,7.15,107.15,7.15,1071.5,71.5,10715.0,715.0,-47.36,52.64,-47.36,526.4,-473.6,5264.0,-4736.0,-47.0,53.0,-47.0,530.0,-470.0,5300.0,-4700.0,Sui Price Risks 12% Drop as Ecosystem Growth Stalls,FX Empire,2026-08-28,-0.153,Phantom to Drop Sui in Second Chain Exit,Bankless,2026-08-24,-0.273,,,,,,,,,,,,,,
HBAR,Hedera,Crypto,emerging,Crypto,0.075515,-3.15%,-7.54%,+10.62%,-28.89%,-29%,3.31,,,109.51,84061047,766582852,1828766712,,,,,-3.15,96.85,-3.15,968.5,-31.5,9685.0,-315.0,-7.54,92.46,-7.54,924.6,-75.4,9246.0,-754.0,10.62,110.62,10.62,1106.2,106.2,11062.0,1062.0,-28.89,71.11,-28.89,711.1,-288.9,7111.0,-2889.0,-29.0,71.0,-29.0,710.0,-290.0,7100.0,-2900.0,,,,,,,,,,,,,,,,,,,,,,
ALGO,Algorand,Crypto,emerging,Crypto,0.086271,-2.99%,-14.56%,+10.71%,-21.70%,-22%,0.78,,,35.49,27732886,248450910,791747201,,,,,-2.99,97.01,-2.99,970.1,-29.9,9701.0,-299.0,-14.56,85.44,-14.56,854.4,-145.6,8544.0,-1456.0,10.71,110.71,10.71,1107.1,107.1,11071.0,1071.0,-21.7,78.3,-21.7,783.0,-217.0,7830.0,-2170.0,-22.0,78.0,-22.0,780.0,-220.0,7800.0,-2200.0,,,,,,,,,,,,,,,,,,,,,,
MINA,Mina,Crypto,emerging,Crypto,0.064313,+4.48%,+13.88%,+53.01%,-14.87%,-15%,0.083,,,11.66,16090304,81612286,145089274,,,,,4.48,104.48,4.48,1044.8,44.8,10448.0,448.0,13.88,113.88,13.88,1138.8,138.8,11388.0,1388.0,53.01,153.01,53.01,1530.1,530.1,15301.0,5301.0,-14.87,85.13,-14.87,851.3,-148.7,8513.0,-1487.0,-15.0,85.0,-15.0,850.0,-150.0,8500.0,-1500.0,,,,,,,,,,,,,7,buy,0.6,"MINA +46.30% 1m, +19.50% 1w, but small cap $0.079B and -5.55% 1d, high risk high reward",+46.30% 1m momentum; +19.50% 1w; small cap $0.079B; high volatility,,,,,
POL,Polygon (MATIC),Crypto,infra,Crypto,0.106741,-1.13%,+7.87%,+47.87%,+6.27%,+6%,1.143,,,133.32,61927692,933229583,1760906075,,,,,-1.13,98.87,-1.13,988.7,-11.3,9887.0,-113.0,7.87,107.87,7.87,1078.7,78.7,10787.0,787.0,47.87,147.87,47.87,1478.7,478.7,14787.0,4787.0,6.27,106.27,6.27,1062.7,62.7,10627.0,627.0,6.0,106.0,6.0,1060.0,60.0,10600.0,600.0,,,,,,,,,,,,,2,strong_buy,0.75,"POL +49.57% 1m, +21.08% 1w, YTD +7.08%, market cap $1.151B, strong momentum with no immediate catalysts",+49.57% 1m momentum; +21.08% 1w; YTD +7.08%; market cap $1.15B,,,,,
DOT,Polkadot,Crypto,infra,Crypto,0.843003,-2.79%,-14.86%,+9.86%,-52.90%,-53%,1.433,,,125.59,110347552,879137717,2635132161,,,,,-2.79,97.21,-2.79,972.1,-27.9,9721.0,-279.0,-14.86,85.14,-14.86,851.4,-148.6,8514.0,-1486.0,9.86,109.86,9.86,1098.6,98.6,10986.0,986.0,-52.9,47.1,-52.9,471.0,-529.0,4710.0,-5290.0,-53.0,47.0,-53.0,470.0,-530.0,4700.0,-5300.0,"3 Big Changes Just Hit XRP, Dogecoin, and Ethereum ETFs",BeInCrypto,2026-08-26,0.0,,,,,,,,,,,,,,,,,,
LINK,Chainlink,Crypto,infra,Crypto,11.383922,-2.87%,-6.30%,+36.16%,-6.64%,-7%,8.516,,,521.28,400413206,3648944832,10123454501,,,,,-2.87,97.13,-2.87,971.3,-28.7,9713.0,-287.0,-6.3,93.7,-6.3,937.0,-63.0,9370.0,-630.0,36.16,136.16,36.16,1361.6,361.6,13616.0,3616.0,-6.64,93.36,-6.64,933.6,-66.4,9336.0,-664.0,-7.0,93.0,-7.0,930.0,-70.0,9300.0,-700.0,"Charles Schwab expands crypto access with Solana, Avalanche, and Chainlink",Yahoo Finance Video,2026-08-28,0.103,Treasury eases as Warsh vows to fight inflation,Yahoo Finance Video,2026-08-28,0.128,Charles Schwab (SCHW) Expands Crypto Offering As Investors Weigh Whether Shares Are Fully Valued,Simply Wall St.,2026-08-29,0.7,3,strong_buy,0.8,"LINK +40.65% 1m, Charles Schwab to add LINK, news sentiment 0.172, market cap $8.714B [decrypt.co](https://decrypt.co/376800/morning-minute-solana-jumps-with-network-inflation-set-to-drop)",+40.65% 1m momentum; Charles Schwab listing; positive news sentiment 0.172; market cap $8.7B,,,,,
DOGE,Dogecoin,Crypto,meme,Crypto,0.085053,-3.09%,-9.09%,+20.63%,-27.48%,-27%,13.242,,,1292.56,737489521,9047929117,18600557694,,,,,-3.09,96.91,-3.09,969.1,-30.9,9691.0,-309.0,-9.09,90.91,-9.09,909.1,-90.9,9091.0,-909.0,20.63,120.63,20.63,1206.3,206.3,12063.0,2063.0,-27.48,72.52,-27.48,725.2,-274.8,7252.0,-2748.0,-27.0,73.0,-27.0,730.0,-270.0,7300.0,-2700.0,Can Dogecoin Reach $1 by 2030?,Motley Fool,2026-08-28,0.026,MSTR Stock Hits 2-Month High With Bitcoin Back Above $80K Ahead Of Kevin Warsh’s Jackson Hole Speech,Stocktwits,2026-08-27,0.0,"3 Big Changes Just Hit XRP, Dogecoin, and Ethereum ETFs",BeInCrypto,2026-08-26,0.0,,,,,,,,,,
PEPE,Pepe,Crypto,meme,Crypto,4e-06,-3.83%,-11.90%,+33.20%,-9.13%,-9%,1.517,,,464.43,276536924,3250994436,7002028241,,,,,-3.83,96.17,-3.83,961.7,-38.3,9617.0,-383.0,-11.9,88.1,-11.9,881.0,-119.0,8810.0,-1190.0,33.2,133.2,33.2,1332.0,332.0,13320.0,3320.0,-9.13,90.87,-9.13,908.7,-91.3,9087.0,-913.0,-9.0,91.0,-9.0,910.0,-90.0,9100.0,-900.0,"Top 3 Meme Coins Rally as Bitcoin Touches $80,000, But Only One Has Room to Run",BeInCrypto,2026-08-25,0.103,,,,,,,,,6,buy,0.65,"PEPE +38.94% 1m, news sentiment 0.103, market cap $1.561B, meme coin with strong monthly rally",+38.94% 1m momentum; positive news sentiment 0.103; meme coin rally,,,,,
TAO,Bittensor,Crypto,ai,Crypto,235.590455,-4.20%,-1.99%,+22.20%,+7.74%,+8%,2.658,,,233.59,198738693,1635140138,3870726135,,,,,-4.2,95.8,-4.2,958.0,-42.0,9580.0,-420.0,-1.99,98.01,-1.99,980.1,-19.9,9801.0,-199.0,22.2,122.2,22.2,1222.0,222.0,12220.0,2220.0,7.74,107.74,7.74,1077.4,77.4,10774.0,774.0,8.0,108.0,8.0,1080.0,80.0,10800.0,800.0,,,,,,,,,,,,,,,,,,,,,,
FET,ASI Alliance,Crypto,ai,Crypto,0.149078,-7.28%,-15.04%,+7.37%,-24.98%,-25%,0.337,,,101.89,78230597,713255221,1903334113,,,,,-7.28,92.72,-7.28,927.2,-72.8,9272.0,-728.0,-15.04,84.96,-15.04,849.6,-150.4,8496.0,-1504.0,7.37,107.37,7.37,1073.7,73.7,10737.0,737.0,-24.98,75.02,-24.98,750.2,-249.8,7502.0,-2498.0,-25.0,75.0,-25.0,750.0,-250.0,7500.0,-2500.0,,,,,,,,,,,,,,,,,,,,,,
RNDR,Render,Crypto,ai,Crypto,1.429569,-4.72%,-9.15%,+1.76%,+11.33%,+11%,0.742,,,56.76,41263596,397343642,956785726,,,,,-4.72,95.28,-4.72,952.8,-47.2,9528.0,-472.0,-9.15,90.85,-9.15,908.5,-91.5,9085.0,-915.0,1.76,101.76,1.76,1017.6,17.6,10176.0,176.0,11.33,111.33,11.33,1113.3,113.3,11133.0,1133.0,11.0,111.0,11.0,1110.0,110.0,11100.0,1100.0,,,,,,,,,,,,,,,,,,,,,,
OCEAN,Ocean Protocol,Crypto,ai,Crypto,0.139643,-1.54%,+3.16%,+31.42%,-7.26%,-7%,,,,0.11,68847,786636,4809656,,,,,-1.54,98.46,-1.54,984.6,-15.4,9846.0,-154.0,3.16,103.16,3.16,1031.6,31.6,10316.0,316.0,31.42,131.42,31.42,1314.2,314.2,13142.0,3142.0,-7.26,92.74,-7.26,927.4,-72.6,9274.0,-726.0,-7.0,93.0,-7.0,930.0,-70.0,9300.0,-700.0,,,,,,,,,,,,,8,buy,0.55,"OCEAN +35.24% 1m, +8.49% 1w, YTD -5.30%, no news sentiment, small cap",+35.24% 1m momentum; +8.49% 1w; YTD -5.30%,,,,,
GRT,The Graph,Crypto,ai,Crypto,0.016512,-4.53%,-6.47%,+9.84%,-50.33%,-50%,0.181,,,23.07,20960832,161495018,474095285,,,,,-4.53,95.47,-4.53,954.7,-45.3,9547.0,-453.0,-6.47,93.53,-6.47,935.3,-64.7,9353.0,-647.0,9.84,109.84,9.84,1098.4,98.4,10984.0,984.0,-50.33,49.67,-50.33,496.7,-503.3,4967.0,-5033.0,-50.0,50.0,-50.0,500.0,-500.0,5000.0,-5000.0,,,,,,,,,,,,,,,,,,,,,,
AGIX,SingularityNET,Crypto,ai,Crypto,0.066519,-5.92%,-11.62%,+10.28%,-22.42%,-22%,,,,0.01,6338,94454,243118,,,,,-5.92,94.08,-5.92,940.8,-59.2,9408.0,-592.0,-11.62,88.38,-11.62,883.8,-116.2,8838.0,-1162.0,10.28,110.28,10.28,1102.8,102.8,11028.0,1028.0,-22.42,77.58,-22.42,775.8,-224.2,7758.0,-2242.0,-22.0,78.0,-22.0,780.0,-220.0,7800.0,-2200.0,,,,,,,,,,,,,,,,,,,,,,
NMR,Numeraire,Crypto,ai,Crypto,8.962025,+1.15%,-2.78%,+8.72%,-6.20%,-6%,0.066,,,4.94,4877117,34602238,135681302,,,,,1.15,101.15,1.15,1011.5,11.5,10115.0,115.0,-2.78,97.22,-2.78,972.2,-27.8,9722.0,-278.0,8.72,108.72,8.72,1087.2,87.2,10872.0,872.0,-6.2,93.8,-6.2,938.0,-62.0,9380.0,-620.0,-6.0,94.0,-6.0,940.0,-60.0,9400.0,-600.0,,,,,,,,,,,,,,,,,,,,,,
ALT,AltLayer,Crypto,ai,Crypto,0.006256,-1.90%,-10.30%,+9.23%,-45.36%,-45%,0.045,,,6.34,4760872,44357203,142189700,,,,,-1.9,98.1,-1.9,981.0,-19.0,9810.0,-190.0,-10.3,89.7,-10.3,897.0,-103.0,8970.0,-1030.0,9.23,109.23,9.23,1092.3,92.3,10923.0,923.0,-45.36,54.64,-45.36,546.4,-453.6,5464.0,-4536.0,-45.0,55.0,-45.0,550.0,-450.0,5500.0,-4500.0,,,,,,,,,,,,,,,,,,,,,,
AIOZ,AIOZ Network,Crypto,ai,Crypto,0.057512,-6.23%,+0.65%,+18.90%,-33.62%,-34%,0.073,,,4.06,3307703,28433118,101930719,,,,,-6.23,93.77,-6.23,937.7,-62.3,9377.0,-623.0,0.65,100.65,0.65,1006.5,6.5,10065.0,65.0,18.9,118.9,18.9,1189.0,189.0,11890.0,1890.0,-33.62,66.38,-33.62,663.8,-336.2,6638.0,-3362.0,-34.0,66.0,-34.0,660.0,-340.0,6600.0,-3400.0,,,,,,,,,,,,,9,buy,0.5,"AIOZ +29.24% 1m, +8.35% 1w, YTD -30.49%, small cap $0.077B, AI narrative",+29.24% 1m momentum; +8.35% 1w; AI narrative; small cap,,,,,
ARKM,Arkham,Crypto,ai,Crypto,0.114924,+1.86%,-0.37%,+20.08%,-34.87%,-35%,0.026,,,9.92,8913506,69469599,194268811,,,,,1.86,101.86,1.86,1018.6,18.6,10186.0,186.0,-0.37,99.63,-0.37,996.3,-3.7,9963.0,-37.0,20.08,120.08,20.08,1200.8,200.8,12008.0,2008.0,-34.87,65.13,-34.87,651.3,-348.7,6513.0,-3487.0,-35.0,65.0,-35.0,650.0,-350.0,6500.0,-3500.0,,,,,,,,,,,,,,,,,,,,,,
WLD,Worldcoin,Crypto,ai,Crypto,0.377511,-6.60%,-10.61%,+22.39%,-21.52%,-22%,1.366,,,209.34,173103521,1465375774,4442738020,,,,,-6.6,93.4,-6.6,934.0,-66.0,9340.0,-660.0,-10.61,89.39,-10.61,893.9,-106.1,8939.0,-1061.0,22.39,122.39,22.39,1223.9,223.9,12239.0,2239.0,-21.52,78.48,-21.52,784.8,-215.2,7848.0,-2152.0,-22.0,78.0,-22.0,780.0,-220.0,7800.0,-2200.0,,,,,,,,,,,,,10,buy,0.45,"WLD +28.61% 1m, YTD -18.52%, market cap $1.418B, moderate momentum with no recent catalysts",+28.61% 1m momentum; market cap $1.418B; no recent catalysts,,,,,
NEAR,NEAR Protocol,Crypto,ai,Crypto,1.805898,-3.78%,-12.61%,+11.30%,+19.41%,+19%,2.356,,,319.55,190357207,2236874155,5420809353,,,,,-3.78,96.22,-3.78,962.2,-37.8,9622.0,-378.0,-12.61,87.39,-12.61,873.9,-126.1,8739.0,-1261.0,11.3,111.3,11.3,1113.0,113.0,11130.0,1130.0,19.41,119.41,19.41,1194.1,194.1,11941.0,1941.0,19.0,119.0,19.0,1190.0,190.0,11900.0,1900.0,,,,,,,,,,,,,,,,,,,,,,
ICP,Internet Computer,Crypto,ai,Crypto,2.410439,-0.30%,-8.27%,+15.32%,-14.98%,-15%,1.341,,,56.07,34241410,392493821,1178981250,,,,,-0.3,99.7,-0.3,997.0,-3.0,9970.0,-30.0,-8.27,91.73,-8.27,917.3,-82.7,9173.0,-827.0,15.32,115.32,15.32,1153.2,153.2,11532.0,1532.0,-14.98,85.02,-14.98,850.2,-149.8,8502.0,-1498.0,-15.0,85.0,-15.0,850.0,-150.0,8500.0,-1500.0,,,,,,,,,,,,,,,,,,,,,,
KAITO,Kaito,Crypto,ai,Crypto,0.316169,-0.51%,-18.92%,-74.00%,-37.54%,-38%,0.076,,,32.38,19674255,226643279,1367354116,,,,,-0.51,99.49,-0.51,994.9,-5.1,9949.0,-51.0,-18.92,81.08,-18.92,810.8,-189.2,8108.0,-1892.0,-74.0,26.0,-74.0,260.0,-740.0,2600.0,-7400.0,-37.54,62.46,-37.54,624.6,-375.4,6246.0,-3754.0,-38.0,62.0,-38.0,620.0,-380.0,6200.0,-3800.0,,,,,,,,,,,,,,,,,,,,,,
VIRTUAL,Virtuals Protocol,Crypto,ai,Crypto,0.686763,-4.09%,-7.48%,+21.99%,+6.25%,+6%,0.452,,,101.92,58918547,713435129,1670688728,,,,,-4.09,95.91,-4.09,959.1,-40.9,9591.0,-409.0,-7.48,92.52,-7.48,925.2,-74.8,9252.0,-748.0,21.99,121.99,21.99,1219.9,219.9,12199.0,2199.0,6.25,106.25,6.25,1062.5,62.5,10625.0,625.0,6.0,106.0,6.0,1060.0,60.0,10600.0,600.0,,,,,,,,,,,,,,,,,,,,,,
LMT,Lockheed Martin,Defence,us-primes,NYSE,563.85,-0.44%,+0.05%,-0.94%,+14.78%,+25%,130.132,0.11,20.8,1.2,611694,4648994,24421794,244.0,1.24,hold,2.52,-0.44,99.56,-0.44,995.6,-4.4,9956.0,-44.0,0.05,100.05,0.05,1000.5,0.5,10005.0,5.0,-0.94,99.06,-0.94,990.6,-9.4,9906.0,-94.0,14.78,114.78,14.78,1147.8,147.8,11478.0,1478.0,25.0,125.0,25.0,1250.0,250.0,12500.0,2500.0,Is RKLB Stock A Buy Or A High-Beta Trap?,Trefis,2026-08-27,-0.318,Does Boeing Stock Have a Margin Problem Hiding in Plain Sight?,Trefis,2026-08-27,-0.599,Lockheed Martin Europe CEO on Rheinmetall & Transatlantic Deterrence,Bloomberg,2026-08-27,0.0,,,,,,,,,,
RTX,RTX Corporation,Defence,us-primes,NYSE,211.71,-0.15%,+0.86%,-1.32%,+14.29%,+34%,285.333,0.294,37.27,5.03,2311449,18679249,104358549,138.0,0.96,buy,1.87,-0.15,99.85,-0.15,998.5,-1.5,9985.0,-15.0,0.86,100.86,0.86,1008.6,8.6,10086.0,86.0,-1.32,98.68,-1.32,986.8,-13.2,9868.0,-132.0,14.29,114.29,14.29,1142.9,142.9,11429.0,1429.0,34.0,134.0,34.0,1340.0,340.0,13400.0,3400.0,Is RTX (RTX) Undervalued As Its $22.9 Billion Missile Contract Expands Backlog?,Simply Wall St.,2026-08-28,0.103,Is TransDigm's Commercial Aftermarket Strength Driving Growth?,Zacks,2026-08-28,0.7,Are Aerospace Stocks Lagging  RTX Corporation (RTX) This Year?,Zacks,2026-08-28,-0.273,,,,,,,,,,
NOC,Northrop Grumman,Defence,us-primes,NYSE,545.57,-0.03%,-0.99%,+1.97%,-6.14%,-8%,77.505,-0.108,17.35,0.94,392852,2762952,15218152,181.0,1.73,buy,2.09,-0.03,99.97,-0.03,999.7,-0.3,9997.0,-3.0,-0.99,99.01,-0.99,990.1,-9.9,9901.0,-99.0,1.97,101.97,1.97,1019.7,19.7,10197.0,197.0,-6.14,93.86,-6.14,938.6,-61.4,9386.0,-614.0,-8.0,92.0,-8.0,920.0,-80.0,9200.0,-800.0,General Dynamics (GD) Down 0.6% Since Last Earnings Report: Can It Rebound?,Zacks,2026-08-28,0.273,Can Viper Shield Expand L3Harris' Electronic Warfare Growth?,Zacks,2026-08-28,0.402,Is RKLB Stock A Buy Or A High-Beta Trap?,Trefis,2026-08-27,-0.318,,,,,,,,,,
GD,General Dynamics,Defence,us-primes,NYSE,379.32,-0.06%,-1.29%,-0.43%,+11.92%,+17%,102.628,0.328,23.1,1.15,624400,3840000,20555700,167.0,1.12,none,,-0.06,99.94,-0.06,999.4,-0.6,9994.0,-6.0,-1.29,98.71,-1.29,987.1,-12.9,9871.0,-129.0,-0.43,99.57,-0.43,995.7,-4.3,9957.0,-43.0,11.92,111.92,11.92,1119.2,119.2,11192.0,1192.0,17.0,117.0,17.0,1170.0,170.0,11700.0,1700.0,General Dynamics (GD) Down 0.6% Since Last Earnings Report: Can It Rebound?,Zacks,2026-08-28,0.273,BA vs. GD: Which Defense Contractor Has Stronger Growth Prospects?,Zacks,2026-08-28,0.784,Does Boeing Stock Have a Margin Problem Hiding in Plain Sight?,Trefis,2026-08-27,-0.599,,,,,,,,,,
HII,Huntington Ingalls Industries,Defence,us-primes,NYSE,294.21,-1.04%,-1.34%,+4.93%,-15.25%,+10%,11.593,0.241,17.51,0.5,438475,1831475,11718875,186.0,2.97,buy,2.08,-1.04,98.96,-1.04,989.6,-10.4,9896.0,-104.0,-1.34,98.66,-1.34,986.6,-13.4,9866.0,-134.0,4.93,104.93,4.93,1049.3,49.3,10493.0,493.0,-15.25,84.75,-15.25,847.5,-152.5,8475.0,-1525.0,10.0,110.0,10.0,1100.0,100.0,11000.0,1000.0,Are Wall Street Analysts Bullish on Huntington Ingalls Stock?,Barchart,2026-08-28,0.0,3 Reasons to Avoid HII and 1 Stock to Buy Instead,StockStory,2026-08-24,-0.296,Huntington Ingalls Industries (HII) Stock Could Be A Bargain On Cash Flow And Earnings,Simply Wall St.,2026-08-21,0.202,,,,,,,,,,
LHX,L3Harris Technologies,Defence,us-primes,NYSE,262.82,+0.03%,-1.47%,-11.67%,-13.03%,-5%,48.941,0.746,26.55,1.49,1397351,7801451,39732451,191.0,2.15,buy,1.72,0.03,100.03,0.03,1000.3,0.3,10003.0,3.0,-1.47,98.53,-1.47,985.3,-14.7,9853.0,-147.0,-11.67,88.33,-11.67,883.3,-116.7,8833.0,-1167.0,-13.03,86.97,-13.03,869.7,-130.3,8697.0,-1303.0,-5.0,95.0,-5.0,950.0,-50.0,9500.0,-500.0,"NASA Is About to Launch a Telescope. What That Means for SpaceX, Others.",Barrons.com,2026-08-28,0.0,Why Is L3Harris (LHX) Down 3.7% Since Last Earnings Report?,Zacks,2026-08-28,0.0,Can Viper Shield Expand L3Harris' Electronic Warfare Growth?,Zacks,2026-08-28,0.402,,,,,,,,,,
BA,Boeing,Defence,us-primes,NYSE,209.82,-0.11%,-2.04%,-1.96%,-7.88%,-12%,165.714,1.221,75.75,5.8,4559660,25379860,129259460,,0.01,buy,1.54,-0.11,99.89,-0.11,998.9,-1.1,9989.0,-11.0,-2.04,97.96,-2.04,979.6,-20.4,9796.0,-204.0,-1.96,98.04,-1.96,980.4,-19.6,9804.0,-196.0,-7.88,92.12,-7.88,921.2,-78.8,9212.0,-788.0,-12.0,88.0,-12.0,880.0,-120.0,8800.0,-1200.0,Dual Fuel for U.S. Manufacturing,Barrons.com,2026-08-28,0.0,What Is The Real Risk Still Haunting JOBY Stock?,Trefis,2026-08-28,-0.494,"Boeing (BA) Engineers, Technical Workers Reject Contract Offer",Insider Monkey,2026-08-28,-0.402,,,,,,,,,,
BA.L,BAE Systems,Defence,uk-european,LSE,27.67,-2.29%,-3.86%,+0.94%,+16.55%,+17%,0.811,-0.052,29.2,6.32,8833106,29765155,142197249,181.0,,buy,2.21,-2.29,97.71,-2.29,977.1,-22.9,9771.0,-229.0,-3.86,96.14,-3.86,961.4,-38.6,9614.0,-386.0,0.94,100.94,0.94,1009.4,9.4,10094.0,94.0,16.55,116.55,16.55,1165.5,165.5,11655.0,1655.0,17.0,117.0,17.0,1170.0,170.0,11700.0,1700.0,Can Viper Shield Expand L3Harris' Electronic Warfare Growth?,Zacks,2026-08-28,0.402,European Indexes Rise in Strong Open,Barrons.com,2026-08-28,0.511,U.K. Defense Stocks Fall as Government Likely to Drop Spending Targets,The Wall Street Journal,2026-08-28,-0.153,,,,,,,,,,
RR.L,Rolls-Royce Holdings,Defence,uk-european,LSE,20.72,+0.04%,+1.86%,+7.81%,+27.85%,+39%,1.708,1.19,42.51,23.58,11496266,70599005,480379933,78.0,,buy,1.6,0.04,100.04,0.04,1000.4,0.4,10004.0,4.0,1.86,101.86,1.86,1018.6,18.6,10186.0,186.0,7.81,107.81,7.81,1078.1,78.1,10781.0,781.0,27.85,127.85,27.85,1278.5,278.5,12785.0,2785.0,39.0,139.0,39.0,1390.0,390.0,13900.0,3900.0,Are Aerospace Stocks Lagging  RTX Corporation (RTX) This Year?,Zacks,2026-08-28,-0.273,NuScale Power Deploys AI to Accelerate Next-Generation Nuclear SMRs,Zacks,2026-08-26,0.0,Florida real estate mogul says your home is ‘a terrible investment’ — and he’d put $100K somewhere else. Is he right?,Moneywise,2026-08-21,-0.477,7,buy,0.7,"Solid momentum with +7.26% 1M, YTD +27.20%, and 1-year return of +43%, driven by UK defense and aerospace demand. P/E of 42.28 is elevated but supported by analyst buy consensus (score 1.6) and a dividend yield of 0.78%.",Momentum +7.3% 1M; YTD +27.2% strong; Analyst consensus buy; UK defense/aerospace exposure,,,,,
QQ.L,QinetiQ Group,Defence,uk-european,LSE,6.87,-0.88%,-6.02%,+1.20%,+14.22%,+6%,0.035,0.343,25.37,2.05,1731227,6022281,52350180,215.0,,none,,-0.88,99.12,-0.88,991.2,-8.8,9912.0,-88.0,-6.02,93.98,-6.02,939.8,-60.2,9398.0,-602.0,1.2,101.2,1.2,1012.0,12.0,10120.0,120.0,14.22,114.22,14.22,1142.2,142.2,11422.0,1422.0,6.0,106.0,6.0,1060.0,60.0,10600.0,600.0,Gelion battery cells pass independent drone testing at QinetiQ,Proactive,2026-08-26,0.0,3 UK Penny Stocks With Market Caps Over £300M To Consider,Simply Wall St.,2026-06-11,0.0,UK Growth Stocks With Insider Ownership Up To 20%,Simply Wall St.,2026-06-11,0.382,,,,,,,,,,
PLTR,Palantir Technologies,Defence,cyber-intel,NASDAQ,186.29,+0.76%,+3.53%,+51.46%,+10.98%,+18%,447.665,1.563,159.22,42.12,24959261,153296761,1025818861,,3.18,buy,1.81,0.76,100.76,0.76,1007.6,7.6,10076.0,76.0,3.53,103.53,3.53,1035.3,35.3,10353.0,353.0,51.46,151.46,51.46,1514.6,514.6,15146.0,5146.0,10.98,110.98,10.98,1109.8,109.8,11098.0,1098.0,18.0,118.0,18.0,1180.0,180.0,11800.0,1800.0,Expert ranks top 5 U.S. tech companies to recruit from,Investing.com,2026-08-29,0.202,Can PLTR Stock Live Up To Its Multiple?,Trefis,2026-08-28,0.0,"Dow Jones Futures: Microsoft, Titans Mask Market Weakness. Here's What To Do.",Investor's Business Daily,2026-08-28,-0.421,1,strong_buy,0.85,"Momentum surge of +50.28% over 1M and +10.59% YTD, fueled by a 93% revenue jump to $1.94B and raised 2026 guidance to ~$8.15B [forbes.com]. Despite a high trailing P/E of 150.92, analyst consensus remains buy (score 1.81) with positive news sentiment of 0.172.",Momentum +50% 1M; Revenue growth 93%; Analyst consensus buy; Pentagon/defense catalysts,,,,,
LDOS,Leidos Holdings,Defence,cyber-intel,NYSE,140.66,+0.19%,-0.52%,+22.99%,-22.87%,-23%,17.693,0.546,13.13,1.63,949256,4760056,33777556,123.0,3.83,buy,2.35,0.19,100.19,0.19,1001.9,1.9,10019.0,19.0,-0.52,99.48,-0.52,994.8,-5.2,9948.0,-52.0,22.99,122.99,22.99,1229.9,229.9,12299.0,2299.0,-22.87,77.13,-22.87,771.3,-228.7,7713.0,-2287.0,-23.0,77.0,-23.0,770.0,-230.0,7700.0,-2300.0,"Leidos Holdings (LDOS) Dropped, So What Is Driving Attention Now?",Simply Wall St.,2026-08-25,0.0,2 S&P 500 Stocks to Research Further and 1 We Ignore,StockStory,2026-08-25,-0.361,3 Stocks Came Roaring Back—Now They’re Flashing Warning Signs,MarketBeat,2026-08-22,-0.34,5,buy,0.68,"Rebounded +18.44% in 1M from a deep YTD drawdown of -23.14%, offering a low trailing P/E of 13.09. Analyst consensus is buy (score 2.35) despite negative news sentiment of -0.11; value-oriented opportunity in cyber-intel.",Momentum +18.4% 1M; P/E 13.09 low; YTD -23% contrarian value; Analyst consensus buy,,,,,
CACI,CACI International,Defence,cyber-intel,NYSE,628.2,-0.89%,-2.96%,+28.78%,+16.89%,+31%,13.883,0.541,26.01,0.28,198601,1278001,6604401,,6.32,buy,1.56,-0.89,99.11,-0.89,991.1,-8.9,9911.0,-89.0,-2.96,97.04,-2.96,970.4,-29.6,9704.0,-296.0,28.78,128.78,28.78,1287.8,287.8,12878.0,2878.0,16.89,116.89,16.89,1168.9,168.9,11689.0,1689.0,31.0,131.0,31.0,1310.0,310.0,13100.0,3100.0,1 Industrials Stock on Our Watchlist and 2 We Find Risky,StockStory,2026-08-26,-0.202,1 Unpopular Stock That Deserves Some Love and 2 That Underwhelm,StockStory,2026-08-16,0.637,CACI (CACI) Stock May Trade Below Fair Value While Earnings Look Rich,Simply Wall St.,2026-08-15,0.807,2,strong_buy,0.8,"Strong 1M gain of +22.62%, YTD +16.38% and 1-year +32%, supported by a reasonable P/E of 25.9, a bullish analyst score of 1.56, and positive news sentiment of 0.289. Short interest at 6.32% remains manageable.",Momentum +22.6% 1M; P/E 25.9 reasonable; Analyst score 1.56 bullish; Positive news sentiment 0.289,,,,,
SAIC,Science Applications International,Defence,cyber-intel,NYSE,125.96,-2.58%,-1.62%,+7.65%,+25.75%,+9%,5.326,0.286,14.17,0.52,848482,2531182,9468482,115.0,7.21,hold,2.82,-2.58,97.42,-2.58,974.2,-25.8,9742.0,-258.0,-1.62,98.38,-1.62,983.8,-16.2,9838.0,-162.0,7.65,107.65,7.65,1076.5,76.5,10765.0,765.0,25.75,125.75,25.75,1257.5,257.5,12575.0,2575.0,9.0,109.0,9.0,1090.0,90.0,10900.0,900.0,Earnings Calendar and Analysis for This Week (August 31-September 4),Kiplinger,2026-08-28,0.0,Science Applications International Corporation (SAIC) Hits Fresh High: Is There Still Room to Run?,Zacks,2026-08-28,0.318,1 Profitable Stock to Keep an Eye On and 2 That Underwhelm,StockStory,2026-08-27,0.44,9,buy,0.55,"Gained +5.96% in 1M, with a strong YTD of +28.62% and a low P/E of 14.49. Analyst consensus is hold (score 2.82) but news sentiment is positive at 0.152; short interest of 7.21% suggests some skepticism but value may emerge.",Momentum +5.96% 1M; P/E 14.49 low; YTD +28.6% strong; Positive news sentiment 0.152,,,,,
BAH,Booz Allen Hamilton,Defence,cyber-intel,NYSE,75.24,+0.48%,-2.35%,+8.04%,-9.34%,-32%,9.05,0.354,11.81,2.22,1028858,6998158,39766758,315.0,7.3,hold,2.86,0.48,100.48,0.48,1004.8,4.8,10048.0,48.0,-2.35,97.65,-2.35,976.5,-23.5,9765.0,-235.0,8.04,108.04,8.04,1080.4,80.4,10804.0,804.0,-9.34,90.66,-9.34,906.6,-93.4,9066.0,-934.0,-32.0,68.0,-32.0,680.0,-320.0,6800.0,-3200.0,The Smaller Customers Accenture's Stock Now Needs,Trefis,2026-08-28,0.0,"Steady Revenues, Buyouts & Investments Aid BAH Amid Stiff Rivalry",Zacks,2026-08-27,0.0,"Boeing Lands $131 Bil F-15 Fighter Jet Contract, Analyst Lifts Booz Allen Targets",Investor's Business Daily,2026-08-25,0.153,,,,,,,,,,
AVAV,AeroVironment,Defence,drones,NASDAQ,147.94,-3.31%,-7.66%,+4.10%,-42.25%,-37%,7.519,1.412,,1.59,1178138,5981238,27538238,,9.55,buy,1.6,-3.31,96.69,-3.31,966.9,-33.1,9669.0,-331.0,-7.66,92.34,-7.66,923.4,-76.6,9234.0,-766.0,4.1,104.1,4.1,1041.0,41.0,10410.0,410.0,-42.25,57.75,-42.25,577.5,-422.5,5775.0,-4225.0,-37.0,63.0,-37.0,630.0,-370.0,6300.0,-3700.0,Is AeroVironment (AVAV) Undervalued On Its New NASA Mars Helicopter Contract?,Simply Wall St.,2026-08-29,0.0,AeroVironment (AVAV) Stock Looks Stretched On Its 57% Three Year Run,Simply Wall St.,2026-08-28,0.0,Is New Switchblade 600 Order And Mars Helicopter Work Altering The Investment Case For AeroVironment (AVAV)?,Simply Wall St.,2026-08-28,0.0,,,,,,,,,,
KTOS,Kratos Defense,Defence,drones,NASDAQ,52.0,-3.26%,-9.04%,+18.51%,-34.42%,-19%,9.751,1.106,305.88,4.42,1965771,11848771,86173771,,5.1,strong_buy,1.43,-3.26,96.74,-3.26,967.4,-32.6,9674.0,-326.0,-9.04,90.96,-9.04,909.6,-90.4,9096.0,-904.0,18.51,118.51,18.51,1185.1,185.1,11851.0,1851.0,-34.42,65.58,-34.42,655.8,-344.2,6558.0,-3442.0,-19.0,81.0,-19.0,810.0,-190.0,8100.0,-1900.0,Could Kratos Defense & Security Solutions (KTOS) Stock Outperform GE Aerospace (GE) as Next-Generation Defense Spending Accelerates?,Insider Monkey,2026-08-28,0.625,"If You Invested $1000 in Kratos a Decade Ago, This is How Much It'd Be Worth Now",Zacks,2026-08-28,0.226,Kratos Defense vs. Elbit Systems: Which One Is the Better Defense Bet?,Zacks,2026-08-27,0.599,8,buy,0.55,"Up +7.79% in 1M, driven by strong_buy analyst consensus (score 1.43) and positive news sentiment of 0.196, despite a high P/E of 308.41 and YTD decline of -33.88%. Drone and space systems exposure keeps it in focus.",Momentum +7.8% 1M; Analyst strong_buy score 1.43; Drone/space defense; Positive news sentiment 0.196,,,,,
RCAT,Red Cat Holdings,Defence,drones,NASDAQ,8.49,-8.22%,-11.75%,+25.41%,-7.31%,+5%,1.297,1.349,,10.61,7126607,28558507,209806707,,21.86,strong_buy,1.17,-8.22,91.78,-8.22,917.8,-82.2,9178.0,-822.0,-11.75,88.25,-11.75,882.5,-117.5,8825.0,-1175.0,25.41,125.41,25.41,1254.1,254.1,12541.0,2541.0,-7.31,92.69,-7.31,926.9,-73.1,9269.0,-731.0,5.0,105.0,5.0,1050.0,50.0,10500.0,500.0,"Drone Stocks Drop While Broad Market Rises: Unusual Machines Sinks 9%, Ondas Falls 6%, Red Cat Slides 5%",24/7 Wall St.,2026-08-28,-0.273,"Drone Stocks Slide as Risk Appetite Fades: Unusual Machines Tumbles 9%, Red Cat Falls 7%, Ondas Declines 5%",24/7 Wall St.,2026-08-24,-0.273,Red Cat (RCAT) Stock Could Be Above Fair Value As Tariff News Lifts Sentiment,Simply Wall St.,2026-08-23,0.572,4,buy,0.65,"Gained +18.52% in 1M despite YTD weakness, with a strong_buy analyst rating (score 1.17) and positive news sentiment of 0.214. High short interest of 21.86% adds potential squeeze catalysts, though P/E is not applicable and risk is elevated.",Momentum +18.5% 1M; Analyst strong_buy score 1.17; Short interest 21.86%; Drone/defense theme,,,,,
TXT,Textron,Defence,drones,NYSE,83.04,+0.78%,+0.11%,-3.05%,-4.57%,+4%,14.439,0.908,15.64,1.59,1939960,7176460,35159860,10.0,4.95,buy,2.19,0.78,100.78,0.78,1007.8,7.8,10078.0,78.0,0.11,100.11,0.11,1001.1,1.1,10011.0,11.0,-3.05,96.95,-3.05,969.5,-30.5,9695.0,-305.0,-4.57,95.43,-4.57,954.3,-45.7,9543.0,-457.0,4.0,104.0,4.0,1040.0,40.0,10400.0,400.0,Can GE Aerospace Boost Profit Margin Amid Cost Pressures?,Zacks,2026-08-27,0.511,Why Is Textron (TXT) Down 2.7% Since Last Earnings Report?,Zacks,2026-08-27,0.0,Is Textron Benefiting from the Growing Demand for Light Jets?,Zacks,2026-08-25,0.052,,,,,,,,,,
SPCX,SpaceX,Defence,space,NASDAQ,141.5,+0.96%,+3.31%,+25.72%,-12.08%,-12%,1864.147,,,114.74,54893647,284806347,2513276547,,2.93,buy,1.69,0.96,100.96,0.96,1009.6,9.6,10096.0,96.0,3.31,103.31,3.31,1033.1,33.1,10331.0,331.0,25.72,125.72,25.72,1257.2,257.2,12572.0,2572.0,-12.08,87.92,-12.08,879.2,-120.8,8792.0,-1208.0,-12.0,88.0,-12.0,880.0,-120.0,8800.0,-1200.0,"Some major IPOs may be coming, but does that make the market healthy?",Yahoo Finance Video,2026-08-28,0.55,SpaceX renews investor hope with bold new plan,TheStreet,2026-08-29,0.67,"This AI Energy Stock Is Up Nearly 2,000% in the Last Two Years. Could It Be Nvidia's Next Big Investment?",Motley Fool,2026-08-28,0.273,3,buy,0.7,Up +21.44% in 1M with a buy analyst consensus (score 1.69); web search highlights an average analyst target of $232.35 implying ~68% upside [fool.com] and a growing Nvidia relationship driving AI hyperscaler status. News sentiment is neutral at 0.112.,Momentum +21.4% 1M; Analyst target $232 (+68%); Nvidia AI partnership; Large-cap space play,,,,,
RKLB,Rocket Lab USA,Defence,space,NASDAQ,64.39,-4.81%,-11.27%,+9.88%,-15.27%,+37%,41.172,2.629,,22.54,18446759,70626359,409971059,,7.46,buy,1.61,-4.81,95.19,-4.81,951.9,-48.1,9519.0,-481.0,-11.27,88.73,-11.27,887.3,-112.7,8873.0,-1127.0,9.88,109.88,9.88,1098.8,98.8,10988.0,988.0,-15.27,84.73,-15.27,847.3,-152.7,8473.0,-1527.0,37.0,137.0,37.0,1370.0,370.0,13700.0,3700.0,"Rocket Lab Falls 6% as SpaceX Flags Iridium Deal to the FCC, Intuitive Machines Slides 5%",24/7 Wall St.,2026-08-28,0.0,Here's Why Rocket Lab Corporation (RKLB) Could be Great Choice for a Bottom Fisher,Zacks,2026-08-28,0.625,Rocket Lab Just Hit 93 Electron Launches. Is the Neutron Timeline Still the Stock's Biggest Risk?,Motley Fool,2026-08-28,-0.273,,,,,,,,,,
PL,Planet Labs,Defence,space,NYSE,19.98,-6.33%,-10.36%,+2.62%,-2.11%,+218%,7.121,2.123,,10.6,8235198,24976098,119433498,,9.41,none,,-6.33,93.67,-6.33,936.7,-63.3,9367.0,-633.0,-10.36,89.64,-10.36,896.4,-103.6,8964.0,-1036.0,2.62,102.62,2.62,1026.2,26.2,10262.0,262.0,-2.11,97.89,-2.11,978.9,-21.1,9789.0,-211.0,218.0,318.0,218.0,3180.0,2180.0,31800.0,21800.0,2 Cash-Producing Stocks for Long-Term Investors and 1 We Question,StockStory,2026-08-28,0.0,Is RKLB Stock A Buy Or A High-Beta Trap?,Trefis,2026-08-27,-0.318,RKLB vs. PL: Which Space Stock Has the Stronger Investment Case?,Zacks,2026-08-26,0.382,,,,,,,,,,
ASTS,AST SpaceMobile,Defence,space,NASDAQ,58.05,-5.34%,-15.44%,+9.47%,-30.45%,+26%,22.591,2.745,,17.28,9387029,44391329,255602929,,19.23,none,,-5.34,94.66,-5.34,946.6,-53.4,9466.0,-534.0,-15.44,84.56,-15.44,845.6,-154.4,8456.0,-1544.0,9.47,109.47,9.47,1094.7,94.7,10947.0,947.0,-30.45,69.55,-30.45,695.5,-304.5,6955.0,-3045.0,26.0,126.0,26.0,1260.0,260.0,12600.0,2600.0,Why Is AST SpaceMobile Stock Down This Week?,Motley Fool,2026-08-28,0.0,"Rocket Lab Falls 6% as SpaceX Flags Iridium Deal to the FCC, Intuitive Machines Slides 5%",24/7 Wall St.,2026-08-28,0.0,"ASTS Stock Takes Flight After 3-Day Skid As BlueBirds Deploy, New Zealand Gateway Opens",Stocktwits,2026-08-28,0.0,10,buy,0.4,"Up +5.66% in 1M but YTD -28.42%, with a high beta of 2.745 and short interest at 19.23%. News sentiment is mildly positive at 0.088; space-based network catalysts (BlueBird deployment, NZ gateway) offer high-risk/high-reward potential.",Momentum +5.66% 1M; High beta 2.745; Short interest 19.23%; Space telecom catalysts,,,,,
TDG,TransDigm Group,Defence,weapons,NYSE,1185.97,-0.07%,-1.20%,-6.22%,-12.70%,-9%,66.335,0.906,35.96,0.4,192539,1716739,10054639,,2.02,buy,1.95,-0.07,99.93,-0.07,999.3,-0.7,9993.0,-7.0,-1.2,98.8,-1.2,988.0,-12.0,9880.0,-120.0,-6.22,93.78,-6.22,937.8,-62.2,9378.0,-622.0,-12.7,87.3,-12.7,873.0,-127.0,8730.0,-1270.0,-9.0,91.0,-9.0,910.0,-90.0,9100.0,-900.0,What Makes TransDigm (TDG) a New Buy Stock,Zacks,2026-08-28,0.0,Is TransDigm's Commercial Aftermarket Strength Driving Growth?,Zacks,2026-08-28,0.7,Can Long-Term Agreements Strengthen Hexcel's Growth Prospects?,Zacks,2026-08-27,0.802,,,,,,,,,,
HEI,HEICO Corporation,Defence,weapons,NYSE,336.53,-0.14%,-5.21%,-5.26%,+2.27%,+7%,47.026,1.053,56.09,0.5,448281,3702181,11107181,7.0,1.44,buy,1.86,-0.14,99.86,-0.14,998.6,-1.4,9986.0,-14.0,-5.21,94.79,-5.21,947.9,-52.1,9479.0,-521.0,-5.26,94.74,-5.26,947.4,-52.6,9474.0,-526.0,2.27,102.27,2.27,1022.7,22.7,10227.0,227.0,7.0,107.0,7.0,1070.0,70.0,10700.0,700.0,HEICO Q3 Earnings Call Highlights Broad Demand and M&A Capacity,Zacks,2026-08-27,-0.128,Is HEICO (HEI) Still Trading At A Discount After Its Latest Earnings?,Simply Wall St.,2026-08-26,0.0,Heico Corp (HEI) (Q3 2026) Earnings Call Highlights: Record Sales and Net Income Surge 33%,GuruFocus.com,2026-08-26,0.0,,,,,,,,,,
AXON,Axon Enterprise,Defence,weapons,NASDAQ,600.73,-1.28%,-4.30%,+13.09%,+6.62%,-18%,48.801,1.397,252.41,1.0,525492,2673592,20227592,,5.05,buy,1.71,-1.28,98.72,-1.28,987.2,-12.8,9872.0,-128.0,-4.3,95.7,-4.3,957.0,-43.0,9570.0,-430.0,13.09,113.09,13.09,1130.9,130.9,11309.0,1309.0,6.62,106.62,6.62,1066.2,66.2,10662.0,662.0,-18.0,82.0,-18.0,820.0,-180.0,8200.0,-1800.0,Will Strength in Dedrone Platform Continue to Drive AXON's Growth?,Zacks,2026-08-28,0.7,Axon (AXON) Stock Could Be Fully Priced On Cash Flow But Fair On Sales,Simply Wall St.,2026-08-27,0.45,Axon Enterprise Stock: Is Wall Street Bullish or Bearish?,Barchart,2026-08-27,0.0,6,buy,0.6,"Up +9.70% in 1M, YTD +6.62%, with a buy analyst consensus (score 1.71) and positive news sentiment of 0.154. The high P/E of 252.42 reflects premium growth pricing in the weapons/tech segment, but momentum and analyst support justify a selective buy.",Momentum +9.7% 1M; Analyst consensus buy; Weapons/tech growth; Positive news sentiment 0.154,,,,,
OLN,Olin Corporation,Defence,weapons,NYSE,17.15,-0.29%,-5.72%,-21.82%,-18.28%,-27%,1.955,1.203,,3.17,3341431,15558631,73846331,463.0,11.29,hold,3.0,-0.29,99.71,-0.29,997.1,-2.9,9971.0,-29.0,-5.72,94.28,-5.72,942.8,-57.2,9428.0,-572.0,-21.82,78.18,-21.82,781.8,-218.2,7818.0,-2182.0,-18.28,81.72,-18.28,817.2,-182.8,8172.0,-1828.0,-27.0,73.0,-27.0,730.0,-270.0,7300.0,-2700.0,Huntsman Stockholders Approve Olin Merger Agreement at Special Meeting,MarketBeat,2026-08-27,0.71,OLN-HUN's All-Stock Merger of Equals Approved by Shareholders,Zacks,2026-08-26,0.421,"AVNT Q2 Earnings Top Estimates on Organic Growth, Guidance Up",Zacks,2026-08-13,0.527,,,,,,,,,,
MRCY,Mercury Systems,Defence,weapons,NASDAQ,88.54,-2.13%,-3.09%,-1.81%,+16.45%,+34%,5.324,0.998,,0.76,641254,4192954,17739454,,9.6,buy,2.0,-2.13,97.87,-2.13,978.7,-21.3,9787.0,-213.0,-3.09,96.91,-3.09,969.1,-30.9,9691.0,-309.0,-1.81,98.19,-1.81,981.9,-18.1,9819.0,-181.0,16.45,116.45,16.45,1164.5,164.5,11645.0,1645.0,34.0,134.0,34.0,1340.0,340.0,13400.0,3400.0,Mercury Systems (MRCY) Is Sitting On A Record Pile Of Orders,Insider Monkey,2026-08-27,0.0,Mercury Systems (MRCY) Q4 2026 Earnings Call Transcript,Motley Fool,2026-08-25,0.0,The 5 Most Interesting Analyst Questions From Mercury Systems’s Q2 Earnings Call,StockStory,2026-08-25,0.458,,,,,,,,,,
DRS,Leonardo DRS,Defence,weapons,NYSE,38.54,-1.18%,-5.31%,-17.02%,+11.48%,-7%,10.286,0.179,32.39,0.98,810372,5353272,19960272,93.0,1.18,none,,-1.18,98.82,-1.18,988.2,-11.8,9882.0,-118.0,-5.31,94.69,-5.31,946.9,-53.1,9469.0,-531.0,-17.02,82.98,-17.02,829.8,-170.2,8298.0,-1702.0,11.48,111.48,11.48,1114.8,114.8,11148.0,1148.0,-7.0,93.0,-7.0,930.0,-70.0,9300.0,-700.0,1 Industrials Stock for Long-Term Investors and 2 We Avoid,StockStory,2026-08-28,-0.296,1 of Wall Street’s Favorite Stocks to Keep an Eye On and 2 We Turn Down,StockStory,2026-08-27,0.459,Leonardo DRS (DRS) Stock Looks Fully Valued Even After Recent Weakness,Simply Wall St.,2026-08-26,0.101,,,,,,,,,,
XOM,ExxonMobil,Energy,oil-majors,NYSE,156.71,+0.08%,-5.09%,+0.62%,+30.33%,+36%,644.377,0.173,20.14,15.63,11102309,68597009,323979809,263.0,1.0,buy,2.32,0.08,100.08,0.08,1000.8,0.8,10008.0,8.0,-5.09,94.91,-5.09,949.1,-50.9,9491.0,-509.0,0.62,100.62,0.62,1006.2,6.2,10062.0,62.0,30.33,130.33,30.33,1303.3,303.3,13033.0,3033.0,36.0,136.0,36.0,1360.0,360.0,13600.0,3600.0,Exxon (XOM) is Betting on Robots to Unlock a New Permian Oil Boom,Insider Monkey,2026-08-29,0.0,Cenovus (CVE) Enters the Ranks of the World’s Largest Oil and Gas Producers,Insider Monkey,2026-08-29,0.0,SpaceX renews investor hope with bold new plan,TheStreet,2026-08-29,0.67,,,,,,,,,,
CVX,Chevron,Energy,oil-majors,NYSE,201.86,+1.00%,-1.66%,+6.13%,+33.10%,+23%,395.97,0.488,19.43,8.42,5267962,34274062,181731562,356.0,0.81,buy,1.72,1.0,101.0,1.0,1010.0,10.0,10100.0,100.0,-1.66,98.34,-1.66,983.4,-16.6,9834.0,-166.0,6.13,106.13,6.13,1061.3,61.3,10613.0,613.0,33.1,133.1,33.1,1331.0,331.0,13310.0,3310.0,23.0,123.0,23.0,1230.0,230.0,12300.0,2300.0,Chevron (CVX) Nears Major Venezuela Oil Deal: Is a New Growth Engine Emerging?,Insider Monkey,2026-08-29,0.382,Trump to Discuss High Fuel Prices With Oil Refiners Next Week,Bloomberg,2026-08-28,0.0,Pentagon in talks for Venezuelan oil fields deal through middleman - Bloomberg,Investing.com,2026-08-28,0.0,6,buy,0.72,"Chevron delivers a balanced profile: YTD +32.37%, P/E 19.32, dividend yield 3.56%, and a low analyst score of 1.72; it could benefit from Venezuela's OPEC exit.",YTD +32.37%; P/E 19.32; dividend yield 3.56%; an_score 1.72,,,,,
SHEL,Shell,Energy,oil-majors,NYSE,90.91,-0.10%,-2.59%,+3.81%,+23.81%,+23%,250.225,-0.218,10.06,6.34,7516350,33661835,138655792,345.0,1.57,buy,2.25,-0.1,99.9,-0.1,999.0,-1.0,9990.0,-10.0,-2.59,97.41,-2.59,974.1,-25.9,9741.0,-259.0,3.81,103.81,3.81,1038.1,38.1,10381.0,381.0,23.81,123.81,23.81,1238.1,238.1,12381.0,2381.0,23.0,123.0,23.0,1230.0,230.0,12300.0,2300.0,Can TotalEnergies (TTE)’s Shell (SHELL) Deal Unlock More Growth?,Insider Monkey,2026-08-28,0.439,Potential Bidders Are Looking at Shell’s Chemical Assets. How Investors Should View a Potential Sale.,Barchart,2026-08-27,0.178,Sector Update: Energy Stocks Mixed Late Afternoon,MT Newswires,2026-08-27,0.273,2,buy,0.8,"Shell benefits from record Q2 earnings of $9.8bn, a $3bn buyback, and an Erste Group upgrade to Buy; its P/E of 10.03 and 3.45% yield add value.",Q2 earnings beat; Erste Group upgrade; P/E 10.03; dividend yield 3.45%,,,,,
BP,BP p.l.c.,Energy,oil-majors,NYSE,42.15,+0.19%,-5.83%,-1.50%,+22.01%,+20%,108.55,-0.212,20.17,8.79,11762341,49715541,204183441,476.0,0.28,buy,2.37,0.19,100.19,0.19,1001.9,1.9,10019.0,19.0,-5.83,94.17,-5.83,941.7,-58.3,9417.0,-583.0,-1.5,98.5,-1.5,985.0,-15.0,9850.0,-150.0,22.01,122.01,22.01,1220.1,220.1,12201.0,2201.0,20.0,120.0,20.0,1200.0,200.0,12000.0,2000.0,Sector Update: Energy Stocks Mostly Lower Pre-Bell Friday,MT Newswires,2026-08-28,-0.026,Energean plans to buy bp’s Egyptian oil and gas assets for $1bn,Offshore Technology,2026-08-28,0.178,"Emerson Electric (EMR) Wins Energy Contracts, Is The Stock Still Undervalued?",Simply Wall St.,2026-08-27,0.7,,,,,,,,,,
TTE,TotalEnergies,Energy,oil-majors,NYSE,86.35,-2.97%,-3.94%,-0.46%,+31.23%,+38%,191.064,0.062,10.81,1.6,1542810,9188610,31677110,491.0,0.19,strong_buy,1.0,-2.97,97.03,-2.97,970.3,-29.7,9703.0,-297.0,-3.94,96.06,-3.94,960.6,-39.4,9606.0,-394.0,-0.46,99.54,-0.46,995.4,-4.6,9954.0,-46.0,31.23,131.23,31.23,1312.3,312.3,13123.0,3123.0,38.0,138.0,38.0,1380.0,380.0,13800.0,3800.0,Can TotalEnergies (TTE)’s Shell (SHELL) Deal Unlock More Growth?,Insider Monkey,2026-08-28,0.439,Is Chevron (CVX) Outperforming TotalEnergies (TTE) in the Energy Race?,Insider Monkey,2026-08-28,0.273,"The Zacks Analyst Blog Highlights The Goldman Sachs, TotalEnergies, Prologis, Gencor and Ohio Valley",Zacks,2026-08-28,0.0,1,strong_buy,0.85,"TotalEnergies boasts a strong_buy analyst consensus, a low P/E of 10.84, a high dividend yield of 4.91%, and solid YTD return of +31.59%, making it a top pick in the energy sector.",YTD +31.59%; P/E 10.84; dividend yield 4.91%; strong_buy consensus,,,,,
EQNR,Equinor,Energy,oil-majors,NYSE,41.39,-0.39%,-3.43%,+2.06%,+74.27%,+68%,98.258,-0.73,11.22,3.55,1780947,14229847,64551747,375.0,2.82,hold,3.33,-0.39,99.61,-0.39,996.1,-3.9,9961.0,-39.0,-3.43,96.57,-3.43,965.7,-34.3,9657.0,-343.0,2.06,102.06,2.06,1020.6,20.6,10206.0,206.0,74.27,174.27,74.27,1742.7,742.7,17427.0,7427.0,68.0,168.0,68.0,1680.0,680.0,16800.0,6800.0,Equinor and Partners Plan to Pursue High-Impact NCS Exploration,Zacks,2026-08-28,0.226,Will Emerson’s New 13‑Year Equinor Deal Reshape Emerson Electric’s (EMR) Long‑Cycle Automation Narrative?,Simply Wall St.,2026-08-27,0.0,"Emerson Electric (EMR) Wins Energy Contracts, Is The Stock Still Undervalued?",Simply Wall St.,2026-08-27,0.7,9,buy,0.55,"Equinor has soared +74.1% YTD and +9.1% in the past month, with a low P/E of 11.21 and a 3.75% yield, but its analyst consensus is hold, tempering conviction.",YTD +74.1%; 1M +9.1%; P/E 11.21; dividend yield 3.75%,,,,,
COP,ConocoPhillips,Energy,ep-refining,NYSE,130.35,+0.17%,-3.35%,+11.15%,+37.77%,+31%,156.595,0.123,17.24,7.11,4651172,29330972,156049272,259.0,1.41,buy,1.64,0.17,100.17,0.17,1001.7,1.7,10017.0,17.0,-3.35,96.65,-3.35,966.5,-33.5,9665.0,-335.0,11.15,111.15,11.15,1111.5,111.5,11115.0,1115.0,37.77,137.77,37.77,1377.7,377.7,13777.0,3777.0,31.0,131.0,31.0,1310.0,310.0,13100.0,3100.0,The Number ExxonMobil No Longer Puts In Front Of Its Results,Trefis,2026-08-28,-0.226,Devon Energy vs. ConocoPhillips: Which Oil Stock Is the Better Buy?,Zacks,2026-08-28,0.612,Chevron Could Be Big Winner If Venezuela Pulls Out of OPEC,24/7 Wall St.,2026-08-28,0.586,5,buy,0.7,"ConocoPhillips has gained +37.69% YTD with strong 1M momentum of +14.93%, a favorable analyst score of 1.64, and potential tailwinds from Venezuelan oil developments.",YTD +37.69%; 1M +14.93%; P/E 17.23; analyst score 1.64,,,,,
OXY,Occidental Petroleum,Energy,ep-refining,NYSE,59.1,-0.16%,-3.59%,+5.48%,+40.76%,+23%,59.079,0.16,17.43,9.03,4428409,30496809,181318209,189.0,0.01,buy,2.33,-0.16,99.84,-0.16,998.4,-1.6,9984.0,-16.0,-3.59,96.41,-3.59,964.1,-35.9,9641.0,-359.0,5.48,105.48,5.48,1054.8,54.8,10548.0,548.0,40.76,140.76,40.76,1407.6,407.6,14076.0,4076.0,23.0,123.0,23.0,1230.0,230.0,12300.0,2300.0,The Number ExxonMobil No Longer Puts In Front Of Its Results,Trefis,2026-08-28,-0.226,ExxonMobil Stock's Biggest Risk Is The Shortage Ending,Trefis,2026-08-26,-0.477,"Which Oil and Gas Stock Has Dominated in 2026: ConocoPhillips, EOG Resources, or Occidental Petroleum?",24/7 Wall St.,2026-08-24,0.0,,,,,,,,,,
EOG,EOG Resources,Energy,ep-refining,NYSE,143.35,-0.84%,-6.34%,-1.77%,+36.97%,+15%,76.353,0.278,11.16,3.34,2687415,13238915,64902015,282.0,3.11,buy,2.3,-0.84,99.16,-0.84,991.6,-8.4,9916.0,-84.0,-6.34,93.66,-6.34,936.6,-63.4,9366.0,-634.0,-1.77,98.23,-1.77,982.3,-17.7,9823.0,-177.0,36.97,136.97,36.97,1369.7,369.7,13697.0,3697.0,15.0,115.0,15.0,1150.0,150.0,11500.0,1500.0,S&P 500 Posts Slight Weekly Gain as Tech Earnings Top Expectations,MT Newswires,2026-08-28,0.602,Why ExxonMobil's Financial Strength Matters for Investors,Zacks,2026-08-27,0.511,"Which Oil and Gas Stock Has Dominated in 2026: ConocoPhillips, EOG Resources, or Occidental Petroleum?",24/7 Wall St.,2026-08-24,0.0,10,buy,0.7,"EOG Resources offers a compelling value with a P/E of 11.18, YTD gain of +37.21%, dividend yield 2.82%, and the highest news sentiment (0.321) among the universe.",YTD +37.21%; P/E 11.18; dividend yield 2.82%; news sentiment 0.321,,,,,
MPC,Marathon Petroleum,Energy,ep-refining,NYSE,368.83,+1.81%,+2.25%,+19.80%,+125.94%,+102%,107.674,0.508,12.79,2.37,1917722,11400822,55570622,110.0,2.7,buy,2.26,1.81,101.81,1.81,1018.1,18.1,10181.0,181.0,2.25,102.25,2.25,1022.5,22.5,10225.0,225.0,19.8,119.8,19.8,1198.0,198.0,11980.0,1980.0,125.94,225.94,125.94,2259.4,1259.4,22594.0,12594.0,102.0,202.0,102.0,2020.0,1020.0,20200.0,10200.0,Trump to Discuss High Fuel Prices With Oil Refiners Next Week,Bloomberg,2026-08-28,0.0,The Number ExxonMobil No Longer Puts In Front Of Its Results,Trefis,2026-08-28,-0.226,Chevron Could Be Big Winner If Venezuela Pulls Out of OPEC,24/7 Wall St.,2026-08-28,0.586,3,buy,0.858,"Marathon Petroleum has surged +123.2% YTD with a 1M gain of +19.38%, supported by strong refining margins and a P/E of 12.64, though yield is modest at 1.10%.",YTD +123.2%; 1M +19.38%; P/E 12.64; refining margin tailwind,,,,,
VLO,Valero Energy,Energy,ep-refining,NYSE,352.36,+1.84%,+1.00%,+17.39%,+116.31%,+125%,101.454,0.554,14.69,2.83,1832339,9711039,56055139,138.0,3.89,buy,2.35,1.84,101.84,1.84,1018.4,18.4,10184.0,184.0,1.0,101.0,1.0,1010.0,10.0,10100.0,100.0,17.39,117.39,17.39,1173.9,173.9,11739.0,1739.0,116.31,216.31,116.31,2163.1,1163.1,21631.0,11631.0,125.0,225.0,125.0,2250.0,1250.0,22500.0,12500.0,Did Strong Q2 2026 Earnings and Refining Tailwinds Just Shift Valero Energy's (VLO) Investment Narrative?,Simply Wall St.,2026-08-29,0.511,Valero Energy (VLO) Looks Well Placed In The Tight Global Refining Market,Simply Wall St.,2026-08-29,0.494,Trump to Discuss High Fuel Prices With Oil Refiners Next Week,Bloomberg,2026-08-28,0.0,4,buy,0.788,"Valero is up +113.13% YTD and +16.61% in the past month, benefiting from robust refining spreads; its P/E of 14.54 and positive news sentiment of 0.303 are supportive.",YTD +113.13%; 1M +16.61%; P/E 14.54; news sentiment 0.303,,,,,
SLB,SLB (Schlumberger),Energy,oilfield-services,NYSE,57.33,+3.86%,+6.42%,+17.10%,+44.21%,+53%,85.086,0.749,27.97,13.2,17902297,66178697,237416497,215.0,4.28,buy,1.6,3.86,103.86,3.86,1038.6,38.6,10386.0,386.0,6.42,106.42,6.42,1064.2,64.2,10642.0,642.0,17.1,117.1,17.1,1171.0,171.0,11710.0,1710.0,44.21,144.21,44.21,1442.1,442.1,14421.0,4421.0,53.0,153.0,53.0,1530.0,530.0,15300.0,5300.0,SLB’s Venezuela Bet: Massive Opportunity or Risky Gamble?,Insider Monkey,2026-08-29,0.25,The World’s Largest Oil Reserves Are Opening Their Data to SLB. Should Investors Trust Venezuela to Pay?,24/7 Wall St.,2026-08-27,0.44,Sector Update: Energy Stocks Decline Premarket Wednesday,MT Newswires,2026-08-26,0.273,8,buy,0.65,Schlumberger has gained +40.38% YTD with strong 1M momentum of +11.66%; its P/E of 27.22 is elevated but supported by an analyst score of 1.6 and data access in Venezuela.,YTD +40.38%; 1M +11.66%; an_score 1.6; Venezuela data deal,,,,,
HAL,Halliburton,Energy,oilfield-services,NYSE,36.18,+1.49%,+2.38%,+16.00%,+23.34%,+56%,30.225,0.753,18.94,11.73,9237035,62437835,240414435,192.0,5.04,buy,1.75,1.49,101.49,1.49,1014.9,14.9,10149.0,149.0,2.38,102.38,2.38,1023.8,23.8,10238.0,238.0,16.0,116.0,16.0,1160.0,160.0,11600.0,1600.0,23.34,123.34,23.34,1233.4,233.4,12334.0,2334.0,56.0,156.0,56.0,1560.0,560.0,15600.0,5600.0,Pentagon in talks for Venezuelan oil fields deal through middleman - Bloomberg,Investing.com,2026-08-28,0.0,Sector Update: Energy Stocks Mixed Late Afternoon,MT Newswires,2026-08-28,0.273,"CVX, HAL Stocks Gain — Chevron, Halliburton Reportedly Eye Venezuela Oil Opportunities",Stocktwits,2026-08-28,0.718,7,buy,0.68,"Halliburton has rallied +15.08% in the past month on news of potential multi-billion dollar investments in Venezuelan oil fields, with a P/E of 18.82 and positive sentiment of 0.229.",1M +15.08%; Venezuela deal catalyst; P/E 18.82; news sentiment 0.229,,,,,
BKR,Baker Hughes,Energy,oilfield-services,NASDAQ,62.41,-0.10%,+0.11%,+6.68%,+33.83%,+37%,61.953,0.959,20.07,8.24,5700456,29530856,158777456,148.0,2.74,buy,1.71,-0.1,99.9,-0.1,999.0,-1.0,9990.0,-10.0,0.11,100.11,0.11,1001.1,1.1,10011.0,11.0,6.68,106.68,6.68,1066.8,66.8,10668.0,668.0,33.83,133.83,33.83,1338.3,338.3,13383.0,3383.0,37.0,137.0,37.0,1370.0,370.0,13700.0,3700.0,Basin rig count steady as prices drop,"Odessa American, Texas",2026-08-29,-0.382,U.S. Oil Rig Count Falls by 5 as Gas Rigs Rise,Oilprice.com,2026-08-28,-0.128,"Exchange-Traded Funds, Equity Futures Mixed Pre-Bell Friday Ahead of Warsh Speech",MT Newswires,2026-08-28,0.0,,,,,,,,,,
NEE,NextEra Energy,Energy,utilities,NYSE,81.84,-2.11%,-2.16%,-7.48%,+2.56%,+15%,170.686,0.653,18.39,10.96,13950121,43624821,244814521,299.0,,buy,2.0,-2.11,97.89,-2.11,978.9,-21.1,9789.0,-211.0,-2.16,97.84,-2.16,978.4,-21.6,9784.0,-216.0,-7.48,92.52,-7.48,925.2,-74.8,9252.0,-748.0,2.56,102.56,2.56,1025.6,25.6,10256.0,256.0,15.0,115.0,15.0,1150.0,150.0,11500.0,1500.0,NextEra (NEE) Wants Dominion (D) But States Push Back,Insider Monkey,2026-08-29,0.0,NextEra Energy vs. AEP: Which Electric Power Stock Has More Upside?,Zacks,2026-08-28,0.273,"Cashing Out a Pension or Taking the Monthly Check? The Dividend Answer for a $610,000 Lump Sum",24/7 Wall St.,2026-08-28,0.0,,,,,,,,,,
SSE.L,SSE plc,Energy,utilities,LSE,33.15,+2.86%,+2.64%,+4.12%,+9.79%,+42%,0.399,0.576,23.32,3.23,3046300,9719119,59249810,289.0,,none,,2.86,102.86,2.86,1028.6,28.6,10286.0,286.0,2.64,102.64,2.64,1026.4,26.4,10264.0,264.0,4.12,104.12,4.12,1041.2,41.2,10412.0,412.0,9.79,109.79,9.79,1097.9,97.9,10979.0,979.0,42.0,142.0,42.0,1420.0,420.0,14200.0,4200.0,UK PM Burnham uses policy blitz to buy time for tougher decisions,Investing.com,2026-08-01,0.178,SSE (LSE:SSE) Stock Fair Value Edges Lower After Mixed Analyst Target Changes,Simply Wall St.,2026-06-24,0.361,"UK, Japan to deepen ties with £18 billion investment agreement",Investing.com,2026-06-14,0.494,,,,,,,,,,
ENPH,Enphase Energy,Energy,clean-energy,NASDAQ,37.25,-5.14%,-3.52%,+6.22%,+10.37%,+6%,4.91,1.651,36.88,5.52,4350976,21116576,101205176,,19.63,buy,2.47,-5.14,94.86,-5.14,948.6,-51.4,9486.0,-514.0,-3.52,96.48,-3.52,964.8,-35.2,9648.0,-352.0,6.22,106.22,6.22,1062.2,62.2,10622.0,622.0,10.37,110.37,10.37,1103.7,103.7,11037.0,1037.0,6.0,106.0,6.0,1060.0,60.0,10600.0,600.0,Enphase (ENPH) is Preparing for the End of Dutch Net Metering. Will It Boost Batteries or Hurt Solar Demand?,Insider Monkey,2026-08-28,-0.296,Enphase Energy (ENPH) Starts Dutch Net Metering Outreach Program,Simply Wall St.,2026-08-28,0.494,The Bull Case For Enphase Energy (ENPH) Could Change Following Its New AI‑Driven Home Energy Platform,Simply Wall St.,2026-08-27,0.494,,,,,,,,,,
FSLR,First Solar,Energy,clean-energy,NASDAQ,204.46,-2.64%,-4.58%,+2.62%,-25.47%,+7%,21.973,1.746,12.61,2.24,1446985,7513985,56936985,,11.86,buy,1.97,-2.64,97.36,-2.64,973.6,-26.4,9736.0,-264.0,-4.58,95.42,-4.58,954.2,-45.8,9542.0,-458.0,2.62,102.62,2.62,1026.2,26.2,10262.0,262.0,-25.47,74.53,-25.47,745.3,-254.7,7453.0,-2547.0,7.0,107.0,7.0,1070.0,70.0,10700.0,700.0,First Solar (FSLR) Looks Repriced As Policy Support Shapes A More Bullish Valuation View,Simply Wall St.,2026-08-28,0.402,3 Growth Stocks to Add to Your Roster,StockStory,2026-08-28,0.382,"Wall Street misread the solar tariffs, says climate finance expert",Investing.com,2026-08-27,-0.273,,,,,,,,,,
BEPC,Brookfield Renewable Corp,Energy,clean-energy,NYSE,32.29,-2.15%,-2.89%,+0.53%,-17.51%,+0%,5.993,1.166,,1.66,1152760,5849760,40138860,475.0,,none,,-2.15,97.85,-2.15,978.5,-21.5,9785.0,-215.0,-2.89,97.11,-2.89,971.1,-28.9,9711.0,-289.0,0.53,100.53,0.53,1005.3,5.3,10053.0,53.0,-17.51,82.49,-17.51,824.9,-175.1,8249.0,-1751.0,0.0,100.0,0.0,1000.0,0.0,10000.0,0.0,2 Dividend Stocks Compounding Quietly While Oil Headlines Distract Everyone,Motley Fool,2026-08-25,-0.296,Why I'm Not Chasing NuScale -- Here's What I'm Buying Instead,Motley Fool,2026-08-11,0.0,Why Cameco's Ugly Earnings Miss Might Be Good News in Disguise,Motley Fool,2026-08-08,-0.459,,,,,,,,,,
DNNGY,Ørsted,Energy,clean-energy,NASDAQ,7.1,-2.87%,+2.45%,-0.42%,+6.53%,-30%,28.139,0.629,,0.1,6324,332224,2084724,,,strong_buy,1.0,-2.87,97.13,-2.87,971.3,-28.7,9713.0,-287.0,2.45,102.45,2.45,1024.5,24.5,10245.0,245.0,-0.42,99.58,-0.42,995.8,-4.2,9958.0,-42.0,6.53,106.53,6.53,1065.3,65.3,10653.0,653.0,-30.0,70.0,-30.0,700.0,-300.0,7000.0,-3000.0,Ørsted plans 2GW Dadu 2 offshore wind project in Taiwan,Energy Monitor,2026-08-20,0.0,Arenko’s software to operate Europe’s first battery co-located with offshore wind,Energy Global,2026-08-18,0.0,Orsted AS (DNNGY) (Q2 2026) Earnings Call Highlights: Strong H1 EBITDA and Strategic Progress ...,GuruFocus.com,2026-08-17,0.727,,,,,,,,,,
AAPL,Apple,MegaCap,big-tech,NASDAQ,320,+1.51%,+3.35%,-5.39%,+18.29%,+37%,4665.759,1.086,36.7,55.2,38500185,165487285,1124414985,34.0,0.8,buy,2.18,1.51,101.51,1.51,1015.1,15.1,10151.0,151.0,3.35,103.35,3.35,1033.5,33.5,10335.0,335.0,-5.39,94.61,-5.39,946.1,-53.9,9461.0,-539.0,18.29,118.29,18.29,1182.9,182.9,11829.0,1829.0,37.0,137.0,37.0,1370.0,370.0,13700.0,3700.0,Trending: Take-Two Interactive price ascends as 'Grand Theft Auto VI' is teased,Yahoo Finance Video,2026-08-28,0.202,End of the 'Lag 7'? What Nvidia's earnings mean for the rest of tech.,Yahoo Finance Video,2026-08-28,-0.34,"Apple CEO Tim Cook Pays Tribute to Yayoi Kusama, the Legendary Artist Behind Iconic Pumpkin Sculptures and Polka-Dots",Benzinga,2026-08-28,0.0,,,,,,,,,,
MSFT,Microsoft,MegaCap,big-tech,NASDAQ,514,+2.08%,+6.27%,+31.74%,+9.27%,+0%,3813.241,1.099,28.64,38.29,28953449,115150949,787991749,72.0,0.92,strong_buy,1.36,2.08,102.08,2.08,1020.8,20.8,10208.0,208.0,6.27,106.27,6.27,1062.7,62.7,10627.0,627.0,31.74,131.74,31.74,1317.4,317.4,13174.0,3174.0,9.27,109.27,9.27,1092.7,92.7,10927.0,927.0,0.0,100.0,0.0,1000.0,0.0,10000.0,0.0,Why ZM Stock Prints So Much Cash Right Now,Trefis,2026-08-28,0.0,Has Microsoft Stock Run Ahead Of Its AI Payoff?,Trefis,2026-08-28,0.0,Is BlackBerry Stock Pricing In A Turnaround That Hasn't Arrived?,Trefis,2026-08-28,0.0,2,strong_buy,0.9,"1-month momentum +30.12%, approaching cup-base buy point at $513.73, strong_buy with an_score 1.36, AI catalyst.",+30.12% 1-month; AI catalyst; strong_buy consensus; P/E 28.49,,,,,
NVDA,NVIDIA,MegaCap,big-tech,NASDAQ,218,-3.80%,+1.32%,+14.49%,+15.34%,+33%,5253.18,2.215,27.5,139.35,194036188,930342288,2973502688,44.0,1.23,strong_buy,1.28,-3.8,96.2,-3.8,962.0,-38.0,9620.0,-380.0,1.32,101.32,1.32,1013.2,13.2,10132.0,132.0,14.49,114.49,14.49,1144.9,144.9,11449.0,1449.0,15.34,115.34,15.34,1153.4,153.4,11534.0,1534.0,33.0,133.0,33.0,1330.0,330.0,13300.0,3300.0,6 things investors need to watch in the week ahead,Yahoo Finance Video,2026-08-28,0.0,"Nvidia could hit a $13 trillion market cap, analyst says",Yahoo Finance,2026-08-27,0.0,Nancy Pelosi’s Husband Bought Millions of This AI Power Stock. Nvidia Just Strengthened the Bull Case,Insider Monkey,2026-08-29,0.421,1,strong_buy,0.95,"Post-earnings surge with +106% YoY revenue growth to $96.2B, Q3 guidance $108B, strong_buy consensus, P/E 28.49.",+106% YoY revenue growth; Q3 guidance $108B; strong_buy consensus; P/E 28.49,,,,,
GOOGL,Alphabet,MegaCap,big-tech,NASDAQ,347,+1.80%,+0.51%,+2.93%,+10.12%,+61%,4238.773,1.237,17.39,31.68,25240919,116040519,592059619,26.0,1.24,strong_buy,1.36,1.8,101.8,1.8,1018.0,18.0,10180.0,180.0,0.51,100.51,0.51,1005.1,5.1,10051.0,51.0,2.93,102.93,2.93,1029.3,29.3,10293.0,293.0,10.12,110.12,10.12,1101.2,101.2,11012.0,1012.0,61.0,161.0,61.0,1610.0,610.0,16100.0,6100.0,Trending: Take-Two Interactive price ascends as 'Grand Theft Auto VI' is teased,Yahoo Finance Video,2026-08-28,0.202,Is AI's 'capex tsunami' the catalyst for the next big credit boom?,Yahoo Finance Video,2026-08-28,0.382,AppLovin vs. Alphabet: Which High-Growth Digital Media Stock Is the Better Investment in 2026?,Motley Fool,2026-08-29,0.44,,,,,,,,,,
META,Meta Platforms,MegaCap,big-tech,NASDAQ,578,+1.21%,+5.11%,-1.30%,-10.97%,-22%,1472.51,1.243,21.76,18.53,15573685,84971085,408967185,37.0,1.27,strong_buy,1.35,1.21,101.21,1.21,1012.1,12.1,10121.0,121.0,5.11,105.11,5.11,1051.1,51.1,10511.0,511.0,-1.3,98.7,-1.3,987.0,-13.0,9870.0,-130.0,-10.97,89.03,-10.97,890.3,-109.7,8903.0,-1097.0,-22.0,78.0,-22.0,780.0,-220.0,7800.0,-2200.0,Dick’s Hit by a Footware Apocalypse,Barrons.com,2026-08-28,0.0,Meta's 9.9% Jio Stake Finally Gets a Public Scoreboard,GuruFocus.com,2026-08-28,0.0,What If AI Could Help Blind Workers See? Meta Glasses Are Transforming Warehouse Jobs While Drones Count Inventory in Minutes,Benzinga,2026-08-28,0.0,,,,,,,,,,
AMZN,Amazon,MegaCap,big-tech,NASDAQ,266,+3.95%,+3.02%,+17.55%,+17.63%,+14%,2873.797,1.454,21.43,49.07,49322804,160399704,1040402104,,0.97,strong_buy,1.32,3.95,103.95,3.95,1039.5,39.5,10395.0,395.0,3.02,103.02,3.02,1030.2,30.2,10302.0,302.0,17.55,117.55,17.55,1175.5,175.5,11755.0,1755.0,17.63,117.63,17.63,1176.3,176.3,11763.0,1763.0,14.0,114.0,14.0,1140.0,140.0,11400.0,1400.0,Has Microsoft Stock Run Ahead Of Its AI Payoff?,Trefis,2026-08-28,0.0,How Much Upside Can AAPL Stock's Growth Deliver?,Trefis,2026-08-28,0.382,Can PLTR Stock Live Up To Its Multiple?,Trefis,2026-08-28,0.0,5,strong_buy,0.85,"YTD +15.55%, 1-month +13.37%, strong_buy consensus, P/E 21.06 attractive, news sentiment +0.259.",P/E 21.06; strong_buy consensus; +13.37% 1-month; news sentiment +0.259,,,,,
TSLA,Tesla,MegaCap,big-tech,NASDAQ,349,-1.66%,-3.89%,+16.90%,-20.39%,+8%,1377.405,1.827,329.01,41.41,32818355,160534755,777546055,,1.96,buy,2.35,-1.66,98.34,-1.66,983.4,-16.6,9834.0,-166.0,-3.89,96.11,-3.89,961.1,-38.9,9611.0,-389.0,16.9,116.9,16.9,1169.0,169.0,11690.0,1690.0,-20.39,79.61,-20.39,796.1,-203.9,7961.0,-2039.0,8.0,108.0,8.0,1080.0,80.0,10800.0,800.0,Elon Musk Calls Gavin Newsom's California High-Speed Rail Project a 'Big Scam' as Ron DeSantis Says Cost Is 'Mind Blowing',Benzinga,2026-08-28,-0.572,Amazon’s Post-Q2 Earnings Rally Has Faded But Don’t Give Up on AMZN Stock Just Yet,Barchart,2026-08-28,0.0,Einride (ENRD) Just Bet Big on Tesla (TSLA),Insider Monkey,2026-08-28,0.0,8,buy,0.6,"1-month +14.94% momentum, news sentiment +0.306, FSD subscriptions growing 56% YoY, but P/E 333.4 high.",+14.94% 1-month; news sentiment +0.306; FSD growth 56% YoY; P/E 333.4,,,,,
NFLX,Netflix,MegaCap,big-tech,NASDAQ,82,+1.97%,+2.68%,+10.99%,-10.19%,-34%,340.277,1.514,25.7,42.54,29028023,129624623,715987723,,2.19,buy,1.76,1.97,101.97,1.97,1019.7,19.7,10197.0,197.0,2.68,102.68,2.68,1026.8,26.8,10268.0,268.0,10.99,110.99,10.99,1109.9,109.9,11099.0,1099.0,-10.19,89.81,-10.19,898.1,-101.9,8981.0,-1019.0,-34.0,66.0,-34.0,660.0,-340.0,6600.0,-3400.0,Netflix scores an exclusive look at GTA VI,Yahoo Finance Video,2026-08-28,0.128,Netflix Stock Is Up 25% From Its 2026 Lows. More Gains for NFLX Could Be in Store.,Barchart,2026-08-28,0.225,Netflix Stock Price Prediction: The Road Back to $100,24/7 Wall St.,2026-08-28,0.0,9,buy,0.65,"1-month +12.82% rebound, buy consensus, P/E 25.68, Jim Cramer calls it 'ridiculously cheap'.",+12.82% 1-month; buy consensus; P/E 25.68; Jim Cramer cheap call,,,,,
JPM,JPMorgan Chase,MegaCap,financials,NYSE,358,+0.97%,+1.72%,+3.75%,+11.43%,+18%,950.621,0.977,15.32,8.45,3911023,23609823,133502423,169.0,0.95,buy,2.12,0.97,100.97,0.97,1009.7,9.7,10097.0,97.0,1.72,101.72,1.72,1017.2,17.2,10172.0,172.0,3.75,103.75,3.75,1037.5,37.5,10375.0,375.0,11.43,111.43,11.43,1114.3,114.3,11143.0,1143.0,18.0,118.0,18.0,1180.0,180.0,11800.0,1800.0,JPMorgan (JPM) Hiring Bank of America (BAC)’s David Fishman to Lead Tech M&A,Insider Monkey,2026-08-28,0.0,How Is JPMorgan Chase's Stock Performance Compared to Other Diversified Bank Stocks,Barchart,2026-08-28,0.0,I'm 61 and have been laid off before I'm ready to retire - what can I do?,Moneywise,2026-08-28,0.361,,,,,,,,,,
BAC,Bank of America,MegaCap,financials,NYSE,62,+1.63%,+1.02%,+2.05%,+12.60%,+21%,435.788,1.168,14.39,33.41,32915990,155621790,646766090,209.0,,buy,1.54,1.63,101.63,1.63,1016.3,16.3,10163.0,163.0,1.02,101.02,1.02,1010.2,10.2,10102.0,102.0,2.05,102.05,2.05,1020.5,20.5,10205.0,205.0,12.6,112.6,12.6,1126.0,126.0,11260.0,1260.0,21.0,121.0,21.0,1210.0,210.0,12100.0,2100.0,Bank of America takes heat for stark S&P 500 call,TheStreet,2026-08-29,0.0,BofA makes bullish call on newly public biotech stock,TheStreet,2026-08-29,0.0,Amkor Technology (AMKR) And The AI Packaging Narrative Behind Its Undervalued View,Simply Wall St.,2026-08-29,0.0,,,,,,,,,,
BRK-B,Berkshire Hathaway B,MegaCap,financials,NYSE,505,+0.20%,+1.85%,-0.82%,+1.64%,+1%,1081.058,0.607,12.69,4.71,4848036,20379936,97962636,,0.96,buy,2.0,0.2,100.2,0.2,1002.0,2.0,10020.0,20.0,1.85,101.85,1.85,1018.5,18.5,10185.0,185.0,-0.82,99.18,-0.82,991.8,-8.2,9918.0,-82.0,1.64,101.64,1.64,1016.4,16.4,10164.0,164.0,1.0,101.0,1.0,1010.0,10.0,10100.0,100.0,‘Who in the Hell Needs a Rolex?’ Billionaire Charlie Munger Told Young People to Skip ‘Pretentious’ Spending of Rich—‘I Don’t Think There’s Much Happiness’,Barchart,2026-08-28,-0.681,Warren Buffett's No. 1 Rule That Beats 90% of Investors,MoneyLion,2026-08-28,0.0,Berkshire Hathaway (BRK.A) Puts $6.8 Billion Behind Greg Abel’s Housing Bet,Simply Wall St.,2026-08-28,0.0,,,,,,,,,,
V,Visa,MegaCap,financials,NYSE,382,+0.65%,+2.85%,+3.68%,+10.80%,+8%,712.465,0.759,32.53,8.0,4625359,32597059,162411159,71.0,1.31,strong_buy,1.45,0.65,100.65,0.65,1006.5,6.5,10065.0,65.0,2.85,102.85,2.85,1028.5,28.5,10285.0,285.0,3.68,103.68,3.68,1036.8,36.8,10368.0,368.0,10.8,110.8,10.8,1108.0,108.0,11080.0,1080.0,8.0,108.0,8.0,1080.0,80.0,10800.0,800.0,Is Visa’s AI Cybersecurity and New Markets Push Reshaping the Investment Case for Visa (V)?,Simply Wall St.,2026-08-29,0.0,"Bill Ackman Just Bought Visa, Mastercard, and S&P Global Stock. Each One Collects a Toll on Somebody Else's Sale.",Motley Fool,2026-08-29,0.0,"Solana Neobank Avici Hacked for $650,000. Token Crashes 40%",BeInCrypto,2026-08-28,-0.402,,,,,,,,,,
MA,Mastercard,MegaCap,financials,NYSE,595,+0.47%,+2.53%,+5.68%,+6.23%,+0%,521.489,0.735,32.76,3.5,1881012,14678912,70718912,59.0,0.83,strong_buy,1.38,0.47,100.47,0.47,1004.7,4.7,10047.0,47.0,2.53,102.53,2.53,1025.3,25.3,10253.0,253.0,5.68,105.68,5.68,1056.8,56.8,10568.0,568.0,6.23,106.23,6.23,1062.3,62.3,10623.0,623.0,0.0,100.0,0.0,1000.0,0.0,10000.0,0.0,"Bill Ackman Just Bought Visa, Mastercard, and S&P Global Stock. Each One Collects a Toll on Somebody Else's Sale.",Motley Fool,2026-08-29,0.0,Should Mastercard’s (MA) Syria Re-entry and Travel Perks Shift Its Cross-Border Growth Narrative?,Simply Wall St.,2026-08-28,0.382,PayPal Stock Dives as Stripe’s Takeover Bid Collapses. 2 Reasons It Can Bounce Back.,Barrons.com,2026-08-28,-0.296,,,,,,,,,,
GS,Goldman Sachs,MegaCap,financials,NYSE,1034,-0.57%,-0.51%,+5.43%,+14.18%,+42%,301.068,1.288,15.97,2.13,1043471,8728671,43980371,192.0,2.14,hold,2.6,-0.57,99.43,-0.57,994.3,-5.7,9943.0,-57.0,-0.51,99.49,-0.51,994.9,-5.1,9949.0,-51.0,5.43,105.43,5.43,1054.3,54.3,10543.0,543.0,14.18,114.18,14.18,1141.8,141.8,11418.0,1418.0,42.0,142.0,42.0,1420.0,420.0,14200.0,4200.0,Oil Is Quietly Slipping Though the Strait of Hormuz. It’s Keeping a Lid on Prices.,Barrons.com,2026-08-28,0.0,The Goldman Sachs Group (GS) Just Made Its Fourth Asset-Management Deal in a Year,Insider Monkey,2026-08-28,0.0,All You Need to Know About Goldman (GS) Rating Upgrade to Strong Buy,Zacks,2026-08-28,0.511,,,,,,,,,,
BLK,BlackRock,MegaCap,financials,NYSE,1164,-0.12%,+0.69%,+7.90%,+8.52%,+5%,189.2,1.425,27.94,0.75,699850,3169550,13556650,196.0,1.19,buy,1.53,-0.12,99.88,-0.12,998.8,-1.2,9988.0,-12.0,0.69,100.69,0.69,1006.9,6.9,10069.0,69.0,7.9,107.9,7.9,1079.0,79.0,10790.0,790.0,8.52,108.52,8.52,1085.2,85.2,10852.0,852.0,5.0,105.0,5.0,1050.0,50.0,10500.0,500.0,"Wall Street Wanted 45% Growth From Nvidia. It Guided to 70%, and the Real Number Is Higher.",24/7 Wall St.,2026-08-28,0.44,"Ethereum ETFs Take $226M in a Day, Almost Matching Bitcoin's Haul",decrypt,2026-08-28,0.0,Nvidia’s Blockbuster Quarter Has One Ugly Loose End. $27 Billion of Free Cash Flow Vanished,24/7 Wall St.,2026-08-28,0.382,,,,,,,,,,
LLY,Eli Lilly,MegaCap,healthcare,NYSE,1175,-0.07%,-6.44%,-2.79%,+9.25%,+60%,1046.997,0.506,39.47,2.89,2447356,11984156,65110256,59.0,0.74,buy,1.7,-0.07,99.93,-0.07,999.3,-0.7,9993.0,-7.0,-6.44,93.56,-6.44,935.6,-64.4,9356.0,-644.0,-2.79,97.21,-2.79,972.1,-27.9,9721.0,-279.0,9.25,109.25,9.25,1092.5,92.5,10925.0,925.0,60.0,160.0,60.0,1600.0,600.0,16000.0,6000.0,Sector Update: Healthcare Stocks Decline Late Afternoon,MT Newswires,2026-08-28,0.0,Is OmniAb (OABI)’s Eli Lilly (LLY) Partnership a Game Changer for OABI?,Insider Monkey,2026-08-28,0.0,GLP-1 Coverage Fell From 72% to 60%. Is Eli Lilly’s Weight-Loss Boom Hitting an Insurance Wall?,24/7 Wall St.,2026-08-28,0.0,,,,,,,,,,
UNH,UnitedHealth Group,MegaCap,healthcare,NYSE,393,-0.54%,+0.73%,-6.57%,+18.39%,+28%,352.71,0.632,25.25,5.67,2453364,17017464,93617364,235.0,1.92,buy,1.56,-0.54,99.46,-0.54,994.6,-5.4,9946.0,-54.0,0.73,100.73,0.73,1007.3,7.3,10073.0,73.0,-6.57,93.43,-6.57,934.3,-65.7,9343.0,-657.0,18.39,118.39,18.39,1183.9,183.9,11839.0,1839.0,28.0,128.0,28.0,1280.0,280.0,12800.0,2800.0,Is CVS Stock Set for a Rebound?,Trefis,2026-08-28,0.0,"UnitedHealth Group (UNH) As Tepper Exits, Fair Value Stays In Focus",Simply Wall St.,2026-08-28,0.572,2 Mega-Cap Stocks Worth Investigating and 1 Facing Headwinds,StockStory,2026-08-28,0.226,,,,,,,,,,
JNJ,Johnson & Johnson,MegaCap,healthcare,NYSE,268,+0.77%,-0.32%,+1.44%,+31.35%,+49%,645.949,0.231,31.13,7.88,5761434,30404834,150100234,202.0,1.0,buy,1.91,0.77,100.77,0.77,1007.7,7.7,10077.0,77.0,-0.32,99.68,-0.32,996.8,-3.2,9968.0,-32.0,1.44,101.44,1.44,1014.4,14.4,10144.0,144.0,31.35,131.35,31.35,1313.5,313.5,13135.0,3135.0,49.0,149.0,49.0,1490.0,490.0,14900.0,4900.0,Johnson & Johnson (JNJ) Taps Sail Biomedicines in Bid for CAR-T Edge Over Bristol Myers Squibb,Insider Monkey,2026-08-29,0.0,Did A Product Swap Fuel JNJ Stock’s 54% Surge?,Trefis,2026-08-28,0.0,Can Merck Stock Outrun Its Pipeline?,Trefis,2026-08-28,0.0,,,,,,,,,,
ABBV,AbbVie,MegaCap,healthcare,NYSE,255,-0.97%,-3.58%,-2.97%,+14.05%,+23%,451.463,0.28,72.17,6.6,3222214,18843814,114848214,268.0,1.15,buy,1.68,-0.97,99.03,-0.97,990.3,-9.7,9903.0,-97.0,-3.58,96.42,-3.58,964.2,-35.8,9642.0,-358.0,-2.97,97.03,-2.97,970.3,-29.7,9703.0,-297.0,14.05,114.05,14.05,1140.5,140.5,11405.0,1405.0,23.0,123.0,23.0,1230.0,230.0,12300.0,2300.0,Did A Product Swap Fuel JNJ Stock’s 54% Surge?,Trefis,2026-08-28,0.0,Can Merck Stock Outrun Its Pipeline?,Trefis,2026-08-28,0.0,AbbVie Seeks EU Nod for Subcutaneous Skyrizi in Crohn's Disease,Zacks,2026-08-28,0.0,,,,,,,,,,
MRK,Merck,MegaCap,healthcare,NYSE,148,-0.91%,-2.75%,+13.80%,+41.40%,+75%,366.005,0.211,117.74,10.85,8063261,54250561,247511561,227.0,0.99,buy,1.75,-0.91,99.09,-0.91,990.9,-9.1,9909.0,-91.0,-2.75,97.25,-2.75,972.5,-27.5,9725.0,-275.0,13.8,113.8,13.8,1138.0,138.0,11380.0,1380.0,41.4,141.4,41.4,1414.0,414.0,14140.0,4140.0,75.0,175.0,75.0,1750.0,750.0,17500.0,7500.0,Pharma Industry Stares Down Biggest Patent Cliff in Decades,The Wall Street Journal,2026-08-29,0.0,Jim Cramer Says Hold on to Moderna (MRNA) After Phase 3 Cancer Trial,Insider Monkey,2026-08-28,-0.66,Did A Product Swap Fuel JNJ Stock’s 54% Surge?,Trefis,2026-08-28,0.0,6,buy,0.75,"YTD +41.15%, 1-month +12.33%, buy consensus, P/E 117.52 reflects growth, low beta 0.211.",+41.15% YTD; buy consensus; low beta 0.211; P/E 117.52,,,,,
TMO,Thermo Fisher Scientific,MegaCap,healthcare,NYSE,622,-0.45%,-1.13%,+7.93%,+5.22%,+29%,230.049,0.847,33.43,2.1,1016554,7588854,40501154,30.0,1.28,buy,1.54,-0.45,99.55,-0.45,995.5,-4.5,9955.0,-45.0,-1.13,98.87,-1.13,988.7,-11.3,9887.0,-113.0,7.93,107.93,7.93,1079.3,79.3,10793.0,793.0,5.22,105.22,5.22,1052.2,52.2,10522.0,522.0,29.0,129.0,29.0,1290.0,290.0,12900.0,2900.0,Glaukos (GKOS) Up 8% Since Last Earnings Report: Can It Continue?,Zacks,2026-08-28,0.0,3 Unpopular Stocks We Find Risky,StockStory,2026-08-26,-0.202,Eli Lilly Is Pulling Away From the Rest of Healthcare,GuruFocus.com,2026-08-25,0.0,,,,,,,,,,
ABT,Abbott Laboratories,MegaCap,healthcare,NYSE,112,+0.78%,-3.58%,+4.14%,-7.75%,-16%,195.902,0.581,36.4,11.74,7520601,36249201,181877301,226.0,1.32,buy,1.59,0.78,100.78,0.78,1007.8,7.8,10078.0,78.0,-3.58,96.42,-3.58,964.2,-35.8,9642.0,-358.0,4.14,104.14,4.14,1041.4,41.4,10414.0,414.0,-7.75,92.25,-7.75,922.5,-77.5,9225.0,-775.0,-16.0,84.0,-16.0,840.0,-160.0,8400.0,-1600.0,Why Is GE HealthCare (GEHC) Up 3.6% Since Last Earnings Report?,Zacks,2026-08-28,0.0,Abbott wins CE mark for new LAA closure device,MedTech Dive,2026-08-28,0.572,FDA Approves Abbott's First Wearable Device for Dual Ketone and Glucose Tracking,Benzinga,2026-08-28,0.402,,,,,,,,,,
PG,Procter & Gamble,MegaCap,consumer,NYSE,144,+0.41%,-0.62%,-1.59%,+3.66%,-9%,334.806,0.377,21.75,9.19,5855830,38109630,213142030,304.0,1.06,buy,2.2,0.41,100.41,0.41,1004.1,4.1,10041.0,41.0,-0.62,99.38,-0.62,993.8,-6.2,9938.0,-62.0,-1.59,98.41,-1.59,984.1,-15.9,9841.0,-159.0,3.66,103.66,3.66,1036.6,36.6,10366.0,366.0,-9.0,91.0,-9.0,910.0,-90.0,9100.0,-900.0,"Dividend Yield, Explained: Why I'm Holding High-Yield Stocks My Conviction Ratings Flag as ""Strong Buys""",Motley Fool,2026-08-28,0.511,"Cashing Out a Pension or Taking the Monthly Check? The Dividend Answer for a $610,000 Lump Sum",24/7 Wall St.,2026-08-28,0.0,"What a $1.55 Million Portfolio Actually Pays After Taxes, Medicare Premiums, and Reality",24/7 Wall St.,2026-08-28,0.0,,,,,,,,,,
KO,Coca-Cola,MegaCap,consumer,NYSE,90,+0.34%,-1.58%,+0.65%,+31.45%,+29%,385.767,0.342,26.92,17.49,9879988,67194288,334975888,238.0,0.92,buy,1.75,0.34,100.34,0.34,1003.4,3.4,10034.0,34.0,-1.58,98.42,-1.58,984.2,-15.8,9842.0,-158.0,0.65,100.65,0.65,1006.5,6.5,10065.0,65.0,31.45,131.45,31.45,1314.5,314.5,13145.0,3145.0,29.0,129.0,29.0,1290.0,290.0,12900.0,2900.0,Will Coca-Cola's (KO) Q2 Beat and Upgraded Outlook Change Its Earnings Momentum Narrative?,Simply Wall St.,2026-08-28,0.0,"Kevin Durant Is a Super Investor. Join the Club, KD.",Barrons.com,2026-08-28,0.727,Is Coca-Cola a good long-term investment? Its buy-and-hold prospects explained,TheStreet,2026-08-28,0.625,,,,,,,,,,
PEP,PepsiCo,MegaCap,consumer,NASDAQ,141,+0.67%,-1.68%,-1.69%,+1.12%,-7%,192.702,0.361,18.49,8.54,5462892,36472292,156794792,424.0,1.92,hold,2.67,0.67,100.67,0.67,1006.7,6.7,10067.0,67.0,-1.68,98.32,-1.68,983.2,-16.8,9832.0,-168.0,-1.69,98.31,-1.69,983.1,-16.9,9831.0,-169.0,1.12,101.12,1.12,1011.2,11.2,10112.0,112.0,-7.0,93.0,-7.0,930.0,-70.0,9300.0,-700.0,Jim Cramer Shares Why PepsiCo (PEP) Caught His Eye During Consumer Headwinds,Insider Monkey,2026-08-28,0.296,The Consumer Staples Sector Is Lagging the S&P 500 in 2026. 1 Value Stock to Buy in August.,Motley Fool,2026-08-28,0.077,Chevron or PepsiCo: Whose Dividend Is Standing on Thinner Ice?,24/7 Wall St.,2026-08-28,0.0,,,,,,,,,,
MCD,McDonald's,MegaCap,consumer,NYSE,265,+1.48%,-2.20%,-2.40%,-11.53%,-17%,187.525,0.419,21.54,4.61,3882072,21353372,102373872,286.0,1.74,buy,2.06,1.48,101.48,1.48,1014.8,14.8,10148.0,148.0,-2.2,97.8,-2.2,978.0,-22.0,9780.0,-220.0,-2.4,97.6,-2.4,976.0,-24.0,9760.0,-240.0,-11.53,88.47,-11.53,884.7,-115.3,8847.0,-1153.0,-17.0,83.0,-17.0,830.0,-170.0,8300.0,-1700.0,The $37 Billion Consolation Prize For MCD Shareholders,Trefis,2026-08-28,0.511,"Restaurant Traffic Likely to Stay Stable in Second Half After Depressed Quarterly Trends, UBS Says",MT Newswires,2026-08-28,-0.273,"Wendy’s Stock Has Plunged, but History Shows How It Could Come Back",Barrons.com,2026-08-28,0.0,,,,,,,,,,
NKE,Nike,MegaCap,consumer,NYSE,40,+2.94%,-2.85%,-8.38%,-36.44%,-50%,58.747,1.118,18.86,25.01,28339979,163882179,604428379,427.0,7.22,hold,2.56,2.94,102.94,2.94,1029.4,29.4,10294.0,294.0,-2.85,97.15,-2.85,971.5,-28.5,9715.0,-285.0,-8.38,91.62,-8.38,916.2,-83.8,9162.0,-838.0,-36.44,63.56,-36.44,635.6,-364.4,6356.0,-3644.0,-50.0,50.0,-50.0,500.0,-500.0,5000.0,-5000.0,LeBron James borrowed $300M from life insurers in 2018. Here's why.,Yahoo Finance Video,2026-08-28,0.0,Starbucks (SBUX) & Nike (NKE): Why America’s Biggest Brands Keep Losing in China,Insider Monkey,2026-08-28,-0.382,Inside the marketing powering Whoop’s ‘pivotal’ next act,Marketing Brew,2026-08-28,0.0,,,,,,,,,,
WMT,Walmart,MegaCap,consumer,NYSE,103,+0.41%,-0.59%,-9.53%,-7.99%,+5%,820.398,0.605,37.35,24.73,19350259,140225059,623009059,96.0,1.42,buy,1.58,0.41,100.41,0.41,1004.1,4.1,10041.0,41.0,-0.59,99.41,-0.59,994.1,-5.9,9941.0,-59.0,-9.53,90.47,-9.53,904.7,-95.3,9047.0,-953.0,-7.99,92.01,-7.99,920.1,-79.9,9201.0,-799.0,5.0,105.0,5.0,1050.0,50.0,10500.0,500.0,"A Costco Special Dividend Could Be Coming, but Walmart Has Raised Its Dividend for 53 Consecutive Years. Here's the Better Buy Now.",Motley Fool,2026-08-29,0.691,"Gap Inc. (GAP) Soars 12.9% on Q2 Profits, New Old Navy CEO; More Hedge Funds Buy In",Insider Monkey,2026-08-29,0.44,Walmart To Pay $50M To Settle DOJ Lawsuit Over Invalid Opioid Prescriptions — WMT Stock In Focus,Stocktwits,2026-08-29,-0.318,,,,,,,,,,
COST,Costco,MegaCap,consumer,NASDAQ,945,+0.80%,-0.24%,-2.93%,+11.13%,+0%,419.296,0.86,47.49,2.22,1400393,8426193,40960393,63.0,1.66,buy,2.0,0.8,100.8,0.8,1008.0,8.0,10080.0,80.0,-0.24,99.76,-0.24,997.6,-2.4,9976.0,-24.0,-2.93,97.07,-2.93,970.7,-29.3,9707.0,-293.0,11.13,111.13,11.13,1111.3,111.3,11113.0,1113.0,0.0,100.0,0.0,1000.0,0.0,10000.0,0.0,"A Costco Special Dividend Could Be Coming, but Walmart Has Raised Its Dividend for 53 Consecutive Years. Here's the Better Buy Now.",Motley Fool,2026-08-29,0.691,Costco Stock's Premium Rests On A Visit Rate That Keeps Slowing,Trefis,2026-08-28,0.0,"A Nutritionist’s Costco Picks, Impending Rate Hikes and More of Today’s Top Money News",GOBankingRates,2026-08-28,0.265,,,,,,,,,,
XOM,ExxonMobil,MegaCap,energy-industrial,NYSE,157,+0.08%,-5.09%,+0.62%,+30.33%,+36%,644.378,0.173,20.14,15.63,11102309,68597009,323979809,263.0,1.0,buy,2.32,0.08,100.08,0.08,1000.8,0.8,10008.0,8.0,-5.09,94.91,-5.09,949.1,-50.9,9491.0,-509.0,0.62,100.62,0.62,1006.2,6.2,10062.0,62.0,30.33,130.33,30.33,1303.3,303.3,13033.0,3033.0,36.0,136.0,36.0,1360.0,360.0,13600.0,3600.0,Exxon (XOM) is Betting on Robots to Unlock a New Permian Oil Boom,Insider Monkey,2026-08-29,0.0,Cenovus (CVE) Enters the Ranks of the World’s Largest Oil and Gas Producers,Insider Monkey,2026-08-29,0.0,SpaceX renews investor hope with bold new plan,TheStreet,2026-08-29,0.67,,,,,,,,,,
CVX,Chevron,MegaCap,energy-industrial,NYSE,202,+1.00%,-1.66%,+6.13%,+33.10%,+23%,395.969,0.488,19.43,8.42,5267962,34274062,181731562,356.0,0.81,buy,1.72,1.0,101.0,1.0,1010.0,10.0,10100.0,100.0,-1.66,98.34,-1.66,983.4,-16.6,9834.0,-166.0,6.13,106.13,6.13,1061.3,61.3,10613.0,613.0,33.1,133.1,33.1,1331.0,331.0,13310.0,3310.0,23.0,123.0,23.0,1230.0,230.0,12300.0,2300.0,Chevron (CVX) Nears Major Venezuela Oil Deal: Is a New Growth Engine Emerging?,Insider Monkey,2026-08-29,0.382,Trump to Discuss High Fuel Prices With Oil Refiners Next Week,Bloomberg,2026-08-28,0.0,Pentagon in talks for Venezuelan oil fields deal through middleman - Bloomberg,Investing.com,2026-08-28,0.0,,,,,,,,,,
CAT,Caterpillar,MegaCap,energy-industrial,NYSE,800,-1.98%,-3.34%,+2.24%,+34.55%,+95%,367.855,1.605,34.49,3.24,1785995,9661295,65819195,80.0,1.57,buy,2.14,-1.98,98.02,-1.98,980.2,-19.8,9802.0,-198.0,-3.34,96.66,-3.34,966.6,-33.4,9666.0,-334.0,2.24,102.24,2.24,1022.4,22.4,10224.0,224.0,34.55,134.55,34.55,1345.5,345.5,13455.0,3455.0,95.0,195.0,95.0,1950.0,950.0,19500.0,9500.0,CAT's Construction Revenues Up 35% in Q2: Can It Maintain This Pace?,Zacks,2026-08-28,0.0,Is Caterpillar Stock Relying on an Artificial Demand Story?,Trefis,2026-08-28,-0.128,Jim Cramer Was Left Frustrated By Deere & Company (NYSE:DE)’s Share Price Rise,Insider Monkey,2026-08-28,-0.296,,,,,,,,,,
HON,Honeywell,MegaCap,energy-industrial,NASDAQ,217,-1.50%,+0.71%,-9.55%,+7.27%,+2%,68.912,0.918,8.36,4.26,2108966,12521866,68293066,127.0,1.66,buy,1.92,-1.5,98.5,-1.5,985.0,-15.0,9850.0,-150.0,0.71,100.71,0.71,1007.1,7.1,10071.0,71.0,-9.55,90.45,-9.55,904.5,-95.5,9045.0,-955.0,7.27,107.27,7.27,1072.7,72.7,10727.0,727.0,2.0,102.0,2.0,1020.0,20.0,10200.0,200.0,Honeywell International Inc. (HON) Declines More Than Market: Some Information for Investors,Zacks,2026-08-28,0.0,Eaton Stock Can Swing Far More Than Its Steady Story Suggests,Trefis,2026-08-28,0.0,Solstice Stock Jumps After Calling Off a Major Acquisition,Barrons.com,2026-08-28,0.0,,,,,,,,,,
GE,GE Aerospace,MegaCap,energy-industrial,NYSE,343,-0.04%,-1.66%,-2.30%,+7.09%,+24%,355.448,1.366,40.45,4.27,2534654,16461054,81550854,55.0,1.29,strong_buy,1.45,-0.04,99.96,-0.04,999.6,-0.4,9996.0,-4.0,-1.66,98.34,-1.66,983.4,-16.6,9834.0,-166.0,-2.3,97.7,-2.3,977.0,-23.0,9770.0,-230.0,7.09,107.09,7.09,1070.9,70.9,10709.0,709.0,24.0,124.0,24.0,1240.0,240.0,12400.0,2400.0,Could Kratos Defense & Security Solutions (KTOS) Stock Outperform GE Aerospace (GE) as Next-Generation Defense Spending Accelerates?,Insider Monkey,2026-08-28,0.625,Howmet vs. GE Aerospace: Which Aerospace & Defense Stock Should You Bet On?,Zacks,2026-08-28,0.128,2 Growth Stocks with Explosive Upside and 1 We Question,StockStory,2026-08-28,0.382,,,,,,,,,,
RTX,RTX Corp,MegaCap,energy-industrial,NYSE,212,-0.15%,+0.86%,-1.32%,+14.29%,+34%,285.334,0.294,37.27,5.03,2311449,18679249,104358549,138.0,0.96,buy,1.87,-0.15,99.85,-0.15,998.5,-1.5,9985.0,-15.0,0.86,100.86,0.86,1008.6,8.6,10086.0,86.0,-1.32,98.68,-1.32,986.8,-13.2,9868.0,-132.0,14.29,114.29,14.29,1142.9,142.9,11429.0,1429.0,34.0,134.0,34.0,1340.0,340.0,13400.0,3400.0,Is RTX (RTX) Undervalued As Its $22.9 Billion Missile Contract Expands Backlog?,Simply Wall St.,2026-08-28,0.103,Is TransDigm's Commercial Aftermarket Strength Driving Growth?,Zacks,2026-08-28,0.7,Are Aerospace Stocks Lagging  RTX Corporation (RTX) This Year?,Zacks,2026-08-28,-0.273,,,,,,,,,,
BA,Boeing,MegaCap,energy-industrial,NYSE,210,-0.11%,-2.04%,-1.96%,-7.88%,-12%,165.714,1.221,75.75,5.8,4559660,25379860,129259460,,0.01,buy,1.54,-0.11,99.89,-0.11,998.9,-1.1,9989.0,-11.0,-2.04,97.96,-2.04,979.6,-20.4,9796.0,-204.0,-1.96,98.04,-1.96,980.4,-19.6,9804.0,-196.0,-7.88,92.12,-7.88,921.2,-78.8,9212.0,-788.0,-12.0,88.0,-12.0,880.0,-120.0,8800.0,-1200.0,Dual Fuel for U.S. Manufacturing,Barrons.com,2026-08-28,0.0,What Is The Real Risk Still Haunting JOBY Stock?,Trefis,2026-08-28,-0.494,"Boeing (BA) Engineers, Technical Workers Reject Contract Offer",Insider Monkey,2026-08-28,-0.402,,,,,,,,,,
AMD,Advanced Micro Devices,MegaCap,tech-semis,NASDAQ,466,-1.84%,-1.62%,+8.39%,+108.34%,+194%,760.048,2.489,119.07,27.74,15283714,81677214,544513114,,2.46,strong_buy,1.48,-1.84,98.16,-1.84,981.6,-18.4,9816.0,-184.0,-1.62,98.38,-1.62,983.8,-16.2,9838.0,-162.0,8.39,108.39,8.39,1083.9,83.9,10839.0,839.0,108.34,208.34,108.34,2083.4,1083.4,20834.0,10834.0,194.0,294.0,194.0,2940.0,1940.0,29400.0,19400.0,"This AI Fund Is Crushing QQQ, and Nvidia Is Barely 2% of It",24/7 Wall St.,2026-08-28,-0.361,Stocks Fall as Hawkish Warsh Boosts Fed Rate Hike Chances,Barchart,2026-08-28,0.477,History Says the Nasdaq-100 Does This in September. AI Investors Should Take Note.,Motley Fool,2026-08-28,0.0,,,,,,,,,,
QCOM,Qualcomm,MegaCap,tech-semis,NASDAQ,164,-0.46%,+2.14%,+5.47%,-4.12%,+4%,175.365,1.663,18.76,15.6,7713846,55194646,251324046,223.0,3.48,hold,2.57,-0.46,99.54,-0.46,995.4,-4.6,9954.0,-46.0,2.14,102.14,2.14,1021.4,21.4,10214.0,214.0,5.47,105.47,5.47,1054.7,54.7,10547.0,547.0,-4.12,95.88,-4.12,958.8,-41.2,9588.0,-412.0,4.0,104.0,4.0,1040.0,40.0,10400.0,400.0,Why Qualcomm (QCOM) Is Moving Beyond Smartphones,Insider Monkey,2026-08-28,0.0,Qualcomm (QCOM) Up 8.7% Since Last Earnings Report: Can It Continue?,Zacks,2026-08-28,0.0,Advanced Micro Devices Stock Ran The Roadmap It Had Already Published,Trefis,2026-08-28,0.25,,,,,,,,,,
AVGO,Broadcom,MegaCap,tech-semis,NASDAQ,369,-0.59%,+0.09%,-0.41%,+6.48%,+25%,1754.548,1.473,61.26,25.96,16481416,93739816,453579716,70.0,1.2,strong_buy,1.33,-0.59,99.41,-0.59,994.1,-5.9,9941.0,-59.0,0.09,100.09,0.09,1000.9,0.9,10009.0,9.0,-0.41,99.59,-0.41,995.9,-4.1,9959.0,-41.0,6.48,106.48,6.48,1064.8,64.8,10648.0,648.0,25.0,125.0,25.0,1250.0,250.0,12500.0,2500.0,6 things investors need to watch in the week ahead,Yahoo Finance Video,2026-08-28,0.0,"Stock Market Today, Aug. 28: Marvell Slides 10% on Softer Fiscal 2028 Guidance and Google Deal Timing",Motley Fool,2026-08-28,0.0,"Jobs report, Broadcom results pose next hurdles for stock market rally",Reuters,2026-08-28,0.0,,,,,,,,,,
TSM,Taiwan Semiconductor,MegaCap,tech-semis,NYSE,418,-1.90%,-0.34%,+11.44%,+31.31%,+87%,2165.457,1.258,31.11,13.5,8859447,46753947,253931247,102.0,0.62,strong_buy,1.42,-1.9,98.1,-1.9,981.0,-19.0,9810.0,-190.0,-0.34,99.66,-0.34,996.6,-3.4,9966.0,-34.0,11.44,111.44,11.44,1114.4,114.4,11144.0,1144.0,31.31,131.31,31.31,1313.1,313.1,13131.0,3131.0,87.0,187.0,87.0,1870.0,870.0,18700.0,8700.0,Nvidia Quietly Became Its Own Market Category,GuruFocus.com,2026-08-28,0.0,Nvidia Breaks Ranks With Chip Stocks as Correlation Hits Just 0.03,GuruFocus.com,2026-08-28,0.0,Billionaire Stanley Druckenmiller Just Bought Taiwan Semiconductor Stock. Is the Foundry Giant Still a Screaming Buy?,Motley Fool,2026-08-28,-0.382,3,strong_buy,0.85,"YTD +34.17%, 1-month +8.75%, strong_buy consensus, P/E 31.78, AI chip demand tailwind.",+34.17% YTD; strong_buy consensus; P/E 31.78; AI chip demand,,,,,
ASML,ASML Holding,MegaCap,tech-semis,NASDAQ,1696,-2.00%,-3.83%,+0.00%,+46.45%,+134%,651.495,1.365,57.17,1.85,1249306,5160906,29992606,52.0,0.35,strong_buy,1.41,-2.0,98.0,-2.0,980.0,-20.0,9800.0,-200.0,-3.83,96.17,-3.83,961.7,-38.3,9617.0,-383.0,0.0,100.0,0.0,1000.0,0.0,10000.0,0.0,46.45,146.45,46.45,1464.5,464.5,14645.0,4645.0,134.0,234.0,134.0,2340.0,1340.0,23400.0,13400.0,Here's Why ASML (ASML) Fell More Than Broader Market,Zacks,2026-08-28,0.0,Stocks Fall as Hawkish Warsh Boosts Fed Rate Hike Chances,Barchart,2026-08-28,0.477,History Says the Nasdaq-100 Does This in September. AI Investors Should Take Note.,Motley Fool,2026-08-28,0.0,4,strong_buy,0.85,"YTD +49.72%, 1-month +9.55%, strong_buy consensus, news sentiment +0.396, semiconductor equipment leader.",+49.72% YTD; strong_buy consensus; news sentiment +0.396; P/E 58.45,,,,,
ARM,Arm Holdings,MegaCap,tech-semis,NASDAQ,239,-5.18%,-1.75%,+6.30%,+108.36%,+85%,255.305,3.909,246.44,7.83,3863505,19626805,115211205,,12.57,buy,1.95,-5.18,94.82,-5.18,948.2,-51.8,9482.0,-518.0,-1.75,98.25,-1.75,982.5,-17.5,9825.0,-175.0,6.3,106.3,6.3,1063.0,63.0,10630.0,630.0,108.36,208.36,108.36,2083.6,1083.6,20836.0,10836.0,85.0,185.0,85.0,1850.0,850.0,18500.0,8500.0,Stocks Fall as Hawkish Warsh Boosts Fed Rate Hike Chances,Barchart,2026-08-28,0.477,ARM's Expanding AI Growth Opportunity Goes Beyond Market Hype,Zacks,2026-08-28,0.66,AMD Stock Upgraded To Strong Buy. Here's Why.,Investor's Business Daily,2026-08-25,0.511,,,,,,,,,,
INTC,Intel,MegaCap,tech-semis,NASDAQ,89,-1.82%,-0.67%,+9.27%,+127.20%,+278%,472.948,2.241,,118.7,85801756,440868556,2441919556,,2.57,hold,2.52,-1.82,98.18,-1.82,981.8,-18.2,9818.0,-182.0,-0.67,99.33,-0.67,993.3,-6.7,9933.0,-67.0,9.27,109.27,9.27,1092.7,92.7,10927.0,927.0,127.2,227.2,127.2,2272.0,1272.0,22720.0,12720.0,278.0,378.0,278.0,3780.0,2780.0,37800.0,27800.0,Kevin Warsh didn't bring up the $40 trillion national debt or historic deficits in his Jackson Hole speech,Yahoo Finance,2026-08-28,-0.361,Tim Cook's biggest hits and misses as Apple CEO,Yahoo Finance,2026-08-28,-0.226,"This AI Energy Stock Is Up Nearly 2,000% in the Last Two Years. Could It Be Nvidia's Next Big Investment?",Motley Fool,2026-08-28,0.273,,,,,,,,,,
2222.SR,Saudi Aramco,MegaCap,global-growth,TADAWUL,6.95,-0.31%,-1.14%,-0.46%,+13.52%,+10%,1681.792,0.009,15.44,9.65,8198665,39806259,204712233,520.0,,buy,2.11,-0.31,99.69,-0.31,996.9,-3.1,9969.0,-31.0,-1.14,98.86,-1.14,988.6,-11.4,9886.0,-114.0,-0.46,99.54,-0.46,995.4,-4.6,9954.0,-46.0,13.52,113.52,13.52,1135.2,135.2,11352.0,1352.0,10.0,110.0,10.0,1100.0,100.0,11000.0,1000.0,Aramco Finds a New Way to Keep Saudi Crude Flowing to China,Oilprice.com,2026-08-26,-0.572,Saudi Aramco offers more oil outside Strait of Hormuz - report,Investing.com,2026-08-26,0.0,$30 Trillion Dream: Can Anthropic Sell the Biggest IPO Ever?,BeInCrypto,2026-08-25,0.25,,,,,,,,,,
BABA,Alibaba Group,MegaCap,global-growth,NYSE,119,+2.62%,-0.37%,+3.36%,-22.95%,-16%,295.541,0.51,26.9,12.79,9660747,76599747,295765847,90.0,1.78,strong_buy,1.32,2.62,102.62,2.62,1026.2,26.2,10262.0,262.0,-0.37,99.63,-0.37,996.3,-3.7,9963.0,-37.0,3.36,103.36,3.36,1033.6,33.6,10336.0,336.0,-22.95,77.05,-22.95,770.5,-229.5,7705.0,-2295.0,-16.0,84.0,-16.0,840.0,-160.0,8400.0,-1600.0,Alibaba (BABA) Just Answered Meta Platforms (META)’s Open-Weight AI Challenge. The Download Numbers Aren’t Close,Insider Monkey,2026-08-28,0.077,Alibaba’s (BABA) Big AI Bet Comes With A Big Price Tag,Insider Monkey,2026-08-28,0.0,The Memory-Chip Battle Is on as China’s CXMT Posts Explosive Earnings Report,Barrons.com,2026-08-28,-0.382,,,,,,,,,,
SAP,SAP SE,MegaCap,global-growth,NYSE,222,+0.57%,+1.31%,+19.11%,-4.87%,-17%,255.702,0.757,28.37,2.95,2317789,12399089,63582689,132.0,0.7,buy,1.56,0.57,100.57,0.57,1005.7,5.7,10057.0,57.0,1.31,101.31,1.31,1013.1,13.1,10131.0,131.0,19.11,119.11,19.11,1191.1,191.1,11911.0,1911.0,-4.87,95.13,-4.87,951.3,-48.7,9513.0,-487.0,-17.0,83.0,-17.0,830.0,-170.0,8300.0,-1700.0,Does ESOP Share Sale And AI Setbacks Change The Bull Case For SAP (XTRA:SAP)?,Simply Wall St.,2026-08-28,0.296,Accenture expands Edge for mid-market firms with COMWARE deal,Verdict,2026-08-28,0.103,Accenture To Acquire McCoy To Beef Up Its Mid-market Business,Sourcing Journal,2026-08-27,0.0,7,buy,0.7,"1-month +24.01% strong momentum, buy consensus, P/E 28.44, low short interest 0.7%.",+24.01% 1-month; buy consensus; P/E 28.44; low short interest 0.7%,,,,,
SONY,Sony Group,MegaCap,global-growth,NYSE,25,+3.24%,+3.89%,+6.79%,-3.98%,-13%,145.467,0.759,21.24,5.22,4809501,18554101,113678001,66.0,0.18,none,,3.24,103.24,3.24,1032.4,32.4,10324.0,324.0,3.89,103.89,3.89,1038.9,38.9,10389.0,389.0,6.79,106.79,6.79,1067.9,67.9,10679.0,679.0,-3.98,96.02,-3.98,960.2,-39.8,9602.0,-398.0,-13.0,87.0,-13.0,870.0,-130.0,8700.0,-1300.0,'End of an era': Players lament decline of the disc at Gamescom,AFP,2026-08-28,-0.459,Sony Group (SONY) and Taiwan Semiconductor (TSM) Are Betting $4.7 Billion on the “Eyes” of AI Machines,Insider Monkey,2026-08-26,0.0,Sony and VITEC Join Forces to Transform IPTV and Digital Signage,Zacks,2026-08-26,0.296,10,buy,0.5,"1-month +9.45%, 1-week +3.91%, P/E 21.24 low, low short interest 0.18%, but no analyst rating.",P/E 21.24; +9.45% 1-month; low short interest 0.18%; no analyst rating,,,,,
TM,Toyota Motor,MegaCap,global-growth,NYSE,194,+0.82%,-1.45%,+0.85%,-10.74%,-1%,230.3,0.335,8.82,0.47,427783,1609983,8692383,326.0,0.08,none,,0.82,100.82,0.82,1008.2,8.2,10082.0,82.0,-1.45,98.55,-1.45,985.5,-14.5,9855.0,-145.0,0.85,100.85,0.85,1008.5,8.5,10085.0,85.0,-10.74,89.26,-10.74,892.6,-107.4,8926.0,-1074.0,-1.0,99.0,-1.0,990.0,-10.0,9900.0,-100.0,Toyota Motor (TSE:7203) After Softer July Sales And EV Growth The Valuation Debate Deepens,Simply Wall St.,2026-08-28,0.382,Could Toyota Motor (TM)’s Hybrid Boom Finally Put General Motors (GM)’s U.S. Sales Crown at Risk?,Insider Monkey,2026-08-28,-0.273,General Motors (GM)’s U.S. Sales Crown at Risk as Toyota Fast Approaches,Insider Monkey,2026-08-28,-0.273,,,,,,,,,,
NVO,Novo Nordisk,MegaCap,global-growth,NYSE,46,-1.70%,-2.42%,-10.44%,-8.60%,-18%,201.643,0.349,11.12,12.41,8487691,55590891,323945891,388.0,1.07,hold,2.57,-1.7,98.3,-1.7,983.0,-17.0,9830.0,-170.0,-2.42,97.58,-2.42,975.8,-24.2,9758.0,-242.0,-10.44,89.56,-10.44,895.6,-104.4,8956.0,-1044.0,-8.6,91.4,-8.6,914.0,-86.0,9140.0,-860.0,-18.0,82.0,-18.0,820.0,-180.0,8200.0,-1800.0,Novo's Wegovy Pill Enters China Behind Lilly,GuruFocus.com,2026-08-28,0.0,Eli Lilly's diabetes drug Mounjaro gets approval for a new use,USA TODAY,2026-08-28,0.477,Mounjaro Just Opened a Much Bigger Door,GuruFocus.com,2026-08-28,0.0,,,,,,,,,,
HSBC,HSBC Holdings,MegaCap,global-growth,NYSE,104,+0.65%,-0.60%,+1.39%,+33.69%,+61%,354.784,0.577,14.79,1.41,1268624,5976424,28377924,365.0,,none,,0.65,100.65,0.65,1006.5,6.5,10065.0,65.0,-0.6,99.4,-0.6,994.0,-6.0,9940.0,-60.0,1.39,101.39,1.39,1013.9,13.9,10139.0,139.0,33.69,133.69,33.69,1336.9,336.9,13369.0,3369.0,61.0,161.0,61.0,1610.0,610.0,16100.0,6100.0,"Top Stock Reports for NVIDIA, ExxonMobil & HSBC",Zacks,2026-08-28,0.202,European Equities Traded in the US as American Depositary Receipts Edge Higher in Friday Trading,MT Newswires,2026-08-28,0.0,"Update: Market Chatter: HSBC, Lloyds Expected to Take Losses on Airband Sale",MT Newswires,2026-08-28,-0.402,,,,,,,,,,
AAPL,Apple,Tech,mega-cap,NASDAQ,319.7,+1.51%,+3.35%,-5.39%,+18.29%,+37%,4665.76,1.086,36.7,55.2,38500185,165487285,1124414985,34.0,0.8,buy,2.18,1.51,101.51,1.51,1015.1,15.1,10151.0,151.0,3.35,103.35,3.35,1033.5,33.5,10335.0,335.0,-5.39,94.61,-5.39,946.1,-53.9,9461.0,-539.0,18.29,118.29,18.29,1182.9,182.9,11829.0,1829.0,37.0,137.0,37.0,1370.0,370.0,13700.0,3700.0,Trending: Take-Two Interactive price ascends as 'Grand Theft Auto VI' is teased,Yahoo Finance Video,2026-08-28,0.202,End of the 'Lag 7'? What Nvidia's earnings mean for the rest of tech.,Yahoo Finance Video,2026-08-28,-0.34,"Apple CEO Tim Cook Pays Tribute to Yayoi Kusama, the Legendary Artist Behind Iconic Pumpkin Sculptures and Polka-Dots",Benzinga,2026-08-28,0.0,,,,,,,,,,
MSFT,Microsoft,Tech,mega-cap,NASDAQ,513.53,+2.08%,+6.27%,+31.74%,+9.27%,+0%,3813.241,1.099,28.64,38.29,28953449,115150949,787991749,72.0,0.92,strong_buy,1.36,2.08,102.08,2.08,1020.8,20.8,10208.0,208.0,6.27,106.27,6.27,1062.7,62.7,10627.0,627.0,31.74,131.74,31.74,1317.4,317.4,13174.0,3174.0,9.27,109.27,9.27,1092.7,92.7,10927.0,927.0,0.0,100.0,0.0,1000.0,0.0,10000.0,0.0,Why ZM Stock Prints So Much Cash Right Now,Trefis,2026-08-28,0.0,Has Microsoft Stock Run Ahead Of Its AI Payoff?,Trefis,2026-08-28,0.0,Is BlackBerry Stock Pricing In A Turnaround That Hasn't Arrived?,Trefis,2026-08-28,0.0,4,strong_buy,0.85,"Microsoft has strong momentum (+30% 1M) with strong_buy consensus, P/E 28.53, and positive news sentiment 0.19, driven by enterprise AI adoption.",30% 1M momentum; Strong_buy consensus; P/E 28.53; Positive sentiment 0.19,,,,,
GOOGL,Alphabet (Google),Tech,mega-cap,NASDAQ,346.59,+1.80%,+0.51%,+2.93%,+10.12%,+61%,4238.773,1.237,17.39,31.68,25240919,116040519,592059619,26.0,1.24,strong_buy,1.36,1.8,101.8,1.8,1018.0,18.0,10180.0,180.0,0.51,100.51,0.51,1005.1,5.1,10051.0,51.0,2.93,102.93,2.93,1029.3,29.3,10293.0,293.0,10.12,110.12,10.12,1101.2,101.2,11012.0,1012.0,61.0,161.0,61.0,1610.0,610.0,16100.0,6100.0,Trending: Take-Two Interactive price ascends as 'Grand Theft Auto VI' is teased,Yahoo Finance Video,2026-08-28,0.202,Is AI's 'capex tsunami' the catalyst for the next big credit boom?,Yahoo Finance Video,2026-08-28,0.382,AppLovin vs. Alphabet: Which High-Growth Digital Media Stock Is the Better Investment in 2026?,Motley Fool,2026-08-29,0.44,,,,,,,,,,
AMZN,Amazon,Tech,mega-cap,NASDAQ,266.43,+3.95%,+3.02%,+17.55%,+17.63%,+14%,2873.797,1.454,21.43,49.07,49322804,160399704,1040402104,,0.97,strong_buy,1.32,3.95,103.95,3.95,1039.5,39.5,10395.0,395.0,3.02,103.02,3.02,1030.2,30.2,10302.0,302.0,17.55,117.55,17.55,1175.5,175.5,11755.0,1755.0,17.63,117.63,17.63,1176.3,176.3,11763.0,1763.0,14.0,114.0,14.0,1140.0,140.0,11400.0,1400.0,Has Microsoft Stock Run Ahead Of Its AI Payoff?,Trefis,2026-08-28,0.0,How Much Upside Can AAPL Stock's Growth Deliver?,Trefis,2026-08-28,0.382,Can PLTR Stock Live Up To Its Multiple?,Trefis,2026-08-28,0.0,10,strong_buy,0.85,"Amazon has strong_buy consensus, P/E 21.02, 1M return of +13.15%, and high news sentiment 0.259, driven by AWS growth and e-commerce.",Strong_buy consensus; P/E 21.02; 13.15% 1M; High sentiment 0.259,,,,,
META,Meta Platforms,Tech,mega-cap,NASDAQ,578.02,+1.21%,+5.11%,-1.30%,-10.97%,-22%,1472.509,1.243,21.76,18.53,15573685,84971085,408967185,37.0,1.27,strong_buy,1.35,1.21,101.21,1.21,1012.1,12.1,10121.0,121.0,5.11,105.11,5.11,1051.1,51.1,10511.0,511.0,-1.3,98.7,-1.3,987.0,-13.0,9870.0,-130.0,-10.97,89.03,-10.97,890.3,-109.7,8903.0,-1097.0,-22.0,78.0,-22.0,780.0,-220.0,7800.0,-2200.0,Dick’s Hit by a Footware Apocalypse,Barrons.com,2026-08-28,0.0,Meta's 9.9% Jio Stake Finally Gets a Public Scoreboard,GuruFocus.com,2026-08-28,0.0,What If AI Could Help Blind Workers See? Meta Glasses Are Transforming Warehouse Jobs While Drones Count Inventory in Minutes,Benzinga,2026-08-28,0.0,,,,,,,,,,
NVDA,NVIDIA,Tech,semiconductors,NASDAQ,217.55,-3.80%,+1.32%,+14.49%,+15.34%,+33%,5253.179,2.215,27.5,139.35,194036188,930342288,2973502688,44.0,1.23,strong_buy,1.28,-3.8,96.2,-3.8,962.0,-38.0,9620.0,-380.0,1.32,101.32,1.32,1013.2,13.2,10132.0,132.0,14.49,114.49,14.49,1144.9,144.9,11449.0,1449.0,15.34,115.34,15.34,1153.4,153.4,11534.0,1534.0,33.0,133.0,33.0,1330.0,330.0,13300.0,3300.0,6 things investors need to watch in the week ahead,Yahoo Finance Video,2026-08-28,0.0,"Nvidia could hit a $13 trillion market cap, analyst says",Yahoo Finance,2026-08-27,0.0,"A Costco Special Dividend Could Be Coming, but Walmart Has Raised Its Dividend for 53 Consecutive Years. Here's the Better Buy Now.",Motley Fool,2026-08-29,0.691,,,,,,,,,,
AMD,Advanced Micro Devices,Tech,semiconductors,NASDAQ,465.58,-1.84%,-1.62%,+8.39%,+108.34%,+194%,760.048,2.489,119.07,27.74,15283714,81677214,544513114,,2.46,strong_buy,1.48,-1.84,98.16,-1.84,981.6,-18.4,9816.0,-184.0,-1.62,98.38,-1.62,983.8,-16.2,9838.0,-162.0,8.39,108.39,8.39,1083.9,83.9,10839.0,839.0,108.34,208.34,108.34,2083.4,1083.4,20834.0,10834.0,194.0,294.0,194.0,2940.0,1940.0,29400.0,19400.0,"This AI Fund Is Crushing QQQ, and Nvidia Is Barely 2% of It",24/7 Wall St.,2026-08-28,-0.361,Stocks Fall as Hawkish Warsh Boosts Fed Rate Hike Chances,Barchart,2026-08-28,0.477,History Says the Nasdaq-100 Does This in September. AI Investors Should Take Note.,Motley Fool,2026-08-28,0.0,,,,,,,,,,
INTC,Intel,Tech,semiconductors,NASDAQ,89.47,-1.82%,-0.67%,+9.27%,+127.20%,+278%,472.948,2.241,,118.7,85801756,440868556,2441919556,,2.57,hold,2.52,-1.82,98.18,-1.82,981.8,-18.2,9818.0,-182.0,-0.67,99.33,-0.67,993.3,-6.7,9933.0,-67.0,9.27,109.27,9.27,1092.7,92.7,10927.0,927.0,127.2,227.2,127.2,2272.0,1272.0,22720.0,12720.0,278.0,378.0,278.0,3780.0,2780.0,37800.0,27800.0,Kevin Warsh didn't bring up the $40 trillion national debt or historic deficits in his Jackson Hole speech,Yahoo Finance,2026-08-28,-0.361,Tim Cook's biggest hits and misses as Apple CEO,Yahoo Finance,2026-08-28,-0.226,"This AI Energy Stock Is Up Nearly 2,000% in the Last Two Years. Could It Be Nvidia's Next Big Investment?",Motley Fool,2026-08-28,0.273,,,,,,,,,,
TSM,Taiwan Semiconductor,Tech,semiconductors,NYSE,417.52,-1.90%,-0.34%,+11.44%,+31.31%,+87%,2165.456,1.258,31.11,13.5,8859447,46753947,253931247,102.0,0.62,strong_buy,1.42,-1.9,98.1,-1.9,981.0,-19.0,9810.0,-190.0,-0.34,99.66,-0.34,996.6,-3.4,9966.0,-34.0,11.44,111.44,11.44,1114.4,114.4,11144.0,1144.0,31.31,131.31,31.31,1313.1,313.1,13131.0,3131.0,87.0,187.0,87.0,1870.0,870.0,18700.0,8700.0,Nvidia Quietly Became Its Own Market Category,GuruFocus.com,2026-08-28,0.0,Nvidia Breaks Ranks With Chip Stocks as Correlation Hits Just 0.03,GuruFocus.com,2026-08-28,0.0,Billionaire Stanley Druckenmiller Just Bought Taiwan Semiconductor Stock. Is the Foundry Giant Still a Screaming Buy?,Motley Fool,2026-08-28,-0.382,,,,,,,,,,
AVGO,Broadcom,Tech,semiconductors,NASDAQ,368.79,-0.59%,+0.09%,-0.41%,+6.48%,+25%,1754.548,1.473,61.26,25.96,16481416,93739816,453579716,70.0,1.2,strong_buy,1.33,-0.59,99.41,-0.59,994.1,-5.9,9941.0,-59.0,0.09,100.09,0.09,1000.9,0.9,10009.0,9.0,-0.41,99.59,-0.41,995.9,-4.1,9959.0,-41.0,6.48,106.48,6.48,1064.8,64.8,10648.0,648.0,25.0,125.0,25.0,1250.0,250.0,12500.0,2500.0,6 things investors need to watch in the week ahead,Yahoo Finance Video,2026-08-28,0.0,"Stock Market Today, Aug. 28: Marvell Slides 10% on Softer Fiscal 2028 Guidance and Google Deal Timing",Motley Fool,2026-08-28,0.0,"Jobs report, Broadcom results pose next hurdles for stock market rally",Reuters,2026-08-28,0.0,,,,,,,,,,
QCOM,Qualcomm,Tech,semiconductors,NASDAQ,164.19,-0.46%,+2.14%,+5.47%,-4.12%,+4%,175.364,1.663,18.76,15.6,7713846,55194646,251324046,223.0,3.48,hold,2.57,-0.46,99.54,-0.46,995.4,-4.6,9954.0,-46.0,2.14,102.14,2.14,1021.4,21.4,10214.0,214.0,5.47,105.47,5.47,1054.7,54.7,10547.0,547.0,-4.12,95.88,-4.12,958.8,-41.2,9588.0,-412.0,4.0,104.0,4.0,1040.0,40.0,10400.0,400.0,Why Qualcomm (QCOM) Is Moving Beyond Smartphones,Insider Monkey,2026-08-28,0.0,Qualcomm (QCOM) Up 8.7% Since Last Earnings Report: Can It Continue?,Zacks,2026-08-28,0.0,Advanced Micro Devices Stock Ran The Roadmap It Had Already Published,Trefis,2026-08-28,0.25,,,,,,,,,,
ARM,Arm Holdings,Tech,semiconductors,NASDAQ,239.05,-5.18%,-1.75%,+6.30%,+108.36%,+85%,255.305,3.909,246.44,7.83,3863505,19626805,115211205,,12.57,buy,1.95,-5.18,94.82,-5.18,948.2,-51.8,9482.0,-518.0,-1.75,98.25,-1.75,982.5,-17.5,9825.0,-175.0,6.3,106.3,6.3,1063.0,63.0,10630.0,630.0,108.36,208.36,108.36,2083.6,1083.6,20836.0,10836.0,85.0,185.0,85.0,1850.0,850.0,18500.0,8500.0,Stocks Fall as Hawkish Warsh Boosts Fed Rate Hike Chances,Barchart,2026-08-28,0.477,ARM's Expanding AI Growth Opportunity Goes Beyond Market Hype,Zacks,2026-08-28,0.66,AMD Stock Upgraded To Strong Buy. Here's Why.,Investor's Business Daily,2026-08-25,0.511,,,,,,,,,,
ASML,ASML Holding,Tech,semiconductors,NASDAQ,1696.16,-2.00%,-3.83%,+0.00%,+46.45%,+134%,651.495,1.365,57.17,1.85,1249306,5160906,29992606,52.0,0.35,strong_buy,1.41,-2.0,98.0,-2.0,980.0,-20.0,9800.0,-200.0,-3.83,96.17,-3.83,961.7,-38.3,9617.0,-383.0,0.0,100.0,0.0,1000.0,0.0,10000.0,0.0,46.45,146.45,46.45,1464.5,464.5,14645.0,4645.0,134.0,234.0,134.0,2340.0,1340.0,23400.0,13400.0,Here's Why ASML (ASML) Fell More Than Broader Market,Zacks,2026-08-28,0.0,Stocks Fall as Hawkish Warsh Boosts Fed Rate Hike Chances,Barchart,2026-08-28,0.477,History Says the Nasdaq-100 Does This in September. AI Investors Should Take Note.,Motley Fool,2026-08-28,0.0,,,,,,,,,,
MU,Micron Technology,Tech,semiconductors,NASDAQ,932.86,+1.43%,-3.51%,+26.23%,+195.92%,+689%,1053.565,2.213,21.09,45.73,22761175,119497175,795437275,6.0,2.66,strong_buy,1.36,1.43,101.43,1.43,1014.3,14.3,10143.0,143.0,-3.51,96.49,-3.51,964.9,-35.1,9649.0,-351.0,26.23,126.23,26.23,1262.3,262.3,12623.0,2623.0,195.92,295.92,195.92,2959.2,1959.2,29592.0,19592.0,689.0,789.0,689.0,7890.0,6890.0,78900.0,68900.0,Nvidia Quietly Became Its Own Market Category,GuruFocus.com,2026-08-28,0.0,"Prediction: This Is What a $1,000 Investment in Micron Stock Will Be Worth by 2030",Motley Fool,2026-08-28,0.226,"This AI Fund Is Crushing QQQ, and Nvidia Is Barely 2% of It",24/7 Wall St.,2026-08-28,-0.361,9,strong_buy,0.8,"Micron has strong_buy consensus, P/E 21.32, and 1M return of +14.97%, with strong fundamentals driven by memory and AI demand.",Strong_buy consensus; P/E 21.32; 14.97% 1M; Memory AI demand,,,,,
AMAT,Applied Materials,Tech,semiconductors,NASDAQ,461.67,-3.72%,-6.23%,+5.89%,+72.32%,+200%,366.38,1.618,39.87,9.6,6506714,32435214,174739114,44.0,1.5,strong_buy,1.46,-3.72,96.28,-3.72,962.8,-37.2,9628.0,-372.0,-6.23,93.77,-6.23,937.7,-62.3,9377.0,-623.0,5.89,105.89,5.89,1058.9,58.9,10589.0,589.0,72.32,172.32,72.32,1723.2,723.2,17232.0,7232.0,200.0,300.0,200.0,3000.0,2000.0,30000.0,20000.0,Stocks Fall as Hawkish Warsh Boosts Fed Rate Hike Chances,Barchart,2026-08-28,0.477,How Far Applied Materials Stock Can Move On You In A Year,Trefis,2026-08-28,0.0,"How Investors Are Reacting To Applied Materials (AMAT) AI-Fueled Backlog, New Fabs And EPIC Center Bet",Simply Wall St.,2026-08-27,0.0,,,,,,,,,,
ORCL,Oracle,Tech,enterprise-software,NYSE,150.85,-0.49%,+2.99%,+28.12%,-22.18%,-33%,434.519,1.718,25.87,32.33,17753541,93919041,606094041,132.0,2.78,buy,1.59,-0.49,99.51,-0.49,995.1,-4.9,9951.0,-49.0,2.99,102.99,2.99,1029.9,29.9,10299.0,299.0,28.12,128.12,28.12,1281.2,281.2,12812.0,2812.0,-22.18,77.82,-22.18,778.2,-221.8,7782.0,-2218.0,-33.0,67.0,-33.0,670.0,-330.0,6700.0,-3300.0,Adobe Stock and Two AI Software Names Investors May Want to Watch,Simply Wall St.,2026-08-28,0.077,Has Microsoft Stock Run Ahead Of Its AI Payoff?,Trefis,2026-08-28,0.0,Is Adobe Stock’s AI Strategy Worth The Near-Term Risk?,Trefis,2026-08-28,-0.052,6,buy,0.8,"Oracle has strong 1M return of +26.18%, buy consensus, reasonable P/E 25.96, and high news sentiment 0.316, supported by cloud momentum.",26% 1M return; P/E 25.96; High sentiment 0.316; Cloud growth,,,,,
CRM,Salesforce,Tech,enterprise-software,NYSE,256.0,+1.73%,+22.39%,+35.90%,+1.45%,+0%,210.688,1.152,23.46,14.98,34320234,124388634,345865434,70.0,3.74,buy,1.7,1.73,101.73,1.73,1017.3,17.3,10173.0,173.0,22.39,122.39,22.39,1223.9,223.9,12239.0,2239.0,35.9,135.9,35.9,1359.0,359.0,13590.0,3590.0,1.45,101.45,1.45,1014.5,14.5,10145.0,145.0,0.0,100.0,0.0,1000.0,0.0,10000.0,0.0,6 things investors need to watch in the week ahead,Yahoo Finance Video,2026-08-28,0.0,Salesforce is surging again — but the best software setups may be elsewhere: One Big Investment Idea,Yahoo Finance,2026-08-28,0.778,Why ZM Stock Prints So Much Cash Right Now,Trefis,2026-08-28,0.0,1,buy,0.95,"Salesforce surged 22% on Q2 earnings beat (revenue $11.35B vs $11.32B, EPS $5.90 vs $3.27) and expanded Anthropic partnership, with P/E of 23.67 and 1M return of +42.30% [cnbc.com](https://www.cnbc.com/2026/08/27/salesforce-stock-soars-on-track-for-second-best-day-ever.html).",Earnings beat; AI partnership; Cheap P/E 23.67; 42% 1M momentum,,,,,
ADBE,Adobe,Tech,enterprise-software,NASDAQ,291.52,+0.87%,+5.89%,+10.66%,-12.54%,-16%,115.879,1.397,16.67,6.34,3639051,20521751,107256451,,5.06,hold,2.73,0.87,100.87,0.87,1008.7,8.7,10087.0,87.0,5.89,105.89,5.89,1058.9,58.9,10589.0,589.0,10.66,110.66,10.66,1106.6,106.6,11066.0,1066.0,-12.54,87.46,-12.54,874.6,-125.4,8746.0,-1254.0,-16.0,84.0,-16.0,840.0,-160.0,8400.0,-1600.0,Adobe Stock and Two AI Software Names Investors May Want to Watch,Simply Wall St.,2026-08-28,0.077,Is Adobe Stock’s AI Strategy Worth The Near-Term Risk?,Trefis,2026-08-28,-0.052,"Figma Stock Rose With Its Peers, Not On Its Own News",Trefis,2026-08-28,0.0,,,,,,,,,,
NOW,ServiceNow,Tech,enterprise-software,NYSE,144.71,+5.32%,+12.63%,+25.01%,-1.86%,-24%,149.611,0.93,89.88,23.93,28890423,91357623,455583123,,2.83,strong_buy,1.43,5.32,105.32,5.32,1053.2,53.2,10532.0,532.0,12.63,112.63,12.63,1126.3,126.3,11263.0,1263.0,25.01,125.01,25.01,1250.1,250.1,12501.0,2501.0,-1.86,98.14,-1.86,981.4,-18.6,9814.0,-186.0,-24.0,76.0,-24.0,760.0,-240.0,7600.0,-2400.0,Is now the time to buy software stocks?,Yahoo Finance Video,2026-08-28,0.0,Adobe Stock and Two AI Software Names Investors May Want to Watch,Simply Wall St.,2026-08-28,0.077,Why Is Vertiv (VRT) Up 18.4% Since Last Earnings Report?,Zacks,2026-08-28,0.0,5,strong_buy,0.8,"ServiceNow shows strong momentum (+28.95% 1M, +11% 1W) with strong_buy rating, P/E 88.6, benefiting from expanded AI platform capabilities.",28.95% 1M; Strong_buy rating; AI platform growth; 11% 1W,,,,,
SNOW,Snowflake,Tech,enterprise-software,NYSE,328.0,-0.20%,-1.44%,+15.94%,+51.35%,+41%,113.685,1.315,,5.92,3082511,18393311,107228011,,5.56,buy,1.51,-0.2,99.8,-0.2,998.0,-2.0,9980.0,-20.0,-1.44,98.56,-1.44,985.6,-14.4,9856.0,-144.0,15.94,115.94,15.94,1159.4,159.4,11594.0,1594.0,51.35,151.35,51.35,1513.5,513.5,15135.0,5135.0,41.0,141.0,41.0,1410.0,410.0,14100.0,4100.0,6 things investors need to watch in the week ahead,Yahoo Finance Video,2026-08-28,0.0,Can PLTR Stock Live Up To Its Multiple?,Trefis,2026-08-28,0.0,Palantir's Rule of 40 Surge Signals Strong AI-Driven Performance,Zacks,2026-08-28,0.511,7,buy,0.75,"Snowflake has 1M return of +21.62%, buy consensus, and positive news sentiment 0.102, driven by data cloud and AI workloads.",21.62% 1M; Buy consensus; Data cloud AI; Positive sentiment,,,,,
INTU,Intuit,Tech,enterprise-software,NASDAQ,358.06,+3.15%,-2.44%,+7.48%,-42.58%,-47%,97.942,0.959,21.75,4.87,4116751,30647951,95695451,159.0,3.84,buy,2.0,3.15,103.15,3.15,1031.5,31.5,10315.0,315.0,-2.44,97.56,-2.44,975.6,-24.4,9756.0,-244.0,7.48,107.48,7.48,1074.8,74.8,10748.0,748.0,-42.58,57.42,-42.58,574.2,-425.8,5742.0,-4258.0,-47.0,53.0,-47.0,530.0,-470.0,5300.0,-4700.0,Intuit's Real Problem Is Not On Its Income Statement,Trefis,2026-08-28,-0.402,Intuit (INTU) Slid on TurboTax Segment’s Underperformance,Insider Monkey,2026-08-28,0.0,Intuit’s (INTU) Workforce Restructuring Highlights AI Platform Scalability,Insider Monkey,2026-08-28,0.0,,,,,,,,,,
CRWD,CrowdStrike,Tech,cybersecurity,NASDAQ,218.4,-4.08%,+13.78%,+21.75%,+92.60%,+121%,223.627,1.234,4368.0,10.71,14700037,67355237,205297337,,2.41,buy,1.7,-4.08,95.92,-4.08,959.2,-40.8,9592.0,-408.0,13.78,113.78,13.78,1137.8,137.8,11378.0,1378.0,21.75,121.75,21.75,1217.5,217.5,12175.0,2175.0,92.6,192.6,92.6,1926.0,926.0,19260.0,9260.0,121.0,221.0,121.0,2210.0,1210.0,22100.0,12100.0,6 things investors need to watch in the week ahead,Yahoo Finance Video,2026-08-28,0.0,"CrowdStrike Just Had Its Best Quarter Ever, and I'm Not Buying the Stock at 43 Times Revenue",Motley Fool,2026-08-28,0.637,What Is CrowdStrike Holdings (CRWD) Adding With Its New AI Governance Integration?,Simply Wall St.,2026-08-28,0.0,2,buy,0.9,"CrowdStrike rallied 20.5% after record net new ARR of $333M, record free cash flow of $377M, and 26% revenue growth, with strong buy consensus [simplywall.st](https://simplywall.st/stocks/us/software/nasdaq-crwd/crowdstrike-holdings/news/crowdstrike-crwd-stock-reprices-higher-as-arr-momentum-resha) [tradingkey.com](https://www.tradingkey.com/analysis/stocks/us-stocks/262137849-crowdstrike-stock-ai-security-earnings-crwd-break-230-tradingkey).",Record ARR $333M; Record FCF $377M; 26% revenue growth; AI security demand,,,,,
PANW,Palo Alto Networks,Tech,cybersecurity,NASDAQ,371.59,-2.85%,+3.83%,+18.28%,+107.16%,+101%,302.846,0.893,323.12,7.1,5837234,27926134,129246334,,2.77,buy,1.64,-2.85,97.15,-2.85,971.5,-28.5,9715.0,-285.0,3.83,103.83,3.83,1038.3,38.3,10383.0,383.0,18.28,118.28,18.28,1182.8,182.8,11828.0,1828.0,107.16,207.16,107.16,2071.6,1071.6,20716.0,10716.0,101.0,201.0,101.0,2010.0,1010.0,20100.0,10100.0,Is now the time to buy software stocks?,Yahoo Finance Video,2026-08-28,0.0,Stocks Fall as Hawkish Warsh Boosts Fed Rate Hike Chances,Barchart,2026-08-28,0.477,Palo Alto Networks Stock Surged With The Whole Security Group,Trefis,2026-08-28,0.34,,,,,,,,,,
NET,Cloudflare,Tech,cybersecurity,NYSE,299.84,-2.55%,+2.29%,+10.90%,+52.96%,+48%,106.767,1.66,,3.67,2541324,14413724,91483124,,2.61,buy,1.88,-2.55,97.45,-2.55,974.5,-25.5,9745.0,-255.0,2.29,102.29,2.29,1022.9,22.9,10229.0,229.0,10.9,110.9,10.9,1109.0,109.0,11090.0,1090.0,52.96,152.96,52.96,1529.6,529.6,15296.0,5296.0,48.0,148.0,48.0,1480.0,480.0,14800.0,4800.0,Stocks Fall as Hawkish Warsh Boosts Fed Rate Hike Chances,Barchart,2026-08-28,0.477,"Oracle Just Rallied 18% in a Month: Take Profits, or Buy More?",24/7 Wall St.,2026-08-28,0.44,"Wix, Workiva, DigitalOcean, Commvault, and Cloudflare Stocks Trade Up, What You Need To Know",StockStory,2026-08-28,0.0,,,,,,,,,,
FTNT,Fortinet,Tech,cybersecurity,NASDAQ,166.0,-3.85%,+8.14%,+8.34%,+113.15%,+125%,121.797,1.058,58.66,5.69,5077849,21853649,119864849,,2.34,none,,-3.85,96.15,-3.85,961.5,-38.5,9615.0,-385.0,8.14,108.14,8.14,1081.4,81.4,10814.0,814.0,8.34,108.34,8.34,1083.4,83.4,10834.0,834.0,113.15,213.15,113.15,2131.5,1131.5,21315.0,11315.0,125.0,225.0,125.0,2250.0,1250.0,22500.0,12500.0,Stocks Fall as Hawkish Warsh Boosts Fed Rate Hike Chances,Barchart,2026-08-28,0.477,Palo Alto Networks Stock Surged With The Whole Security Group,Trefis,2026-08-28,0.34,Why Is Fortinet (FTNT) Up 12% Since Last Earnings Report?,Zacks,2026-08-28,0.0,,,,,,,,,,
NFLX,Netflix,Tech,consumer-platform,NASDAQ,81.72,+1.97%,+2.68%,+10.99%,-10.19%,-34%,340.277,1.514,25.7,42.54,29028023,129624623,715987723,,2.19,buy,1.76,1.97,101.97,1.97,1019.7,19.7,10197.0,197.0,2.68,102.68,2.68,1026.8,26.8,10268.0,268.0,10.99,110.99,10.99,1109.9,109.9,11099.0,1099.0,-10.19,89.81,-10.19,898.1,-101.9,8981.0,-1019.0,-34.0,66.0,-34.0,660.0,-340.0,6600.0,-3400.0,Netflix scores an exclusive look at GTA VI,Yahoo Finance Video,2026-08-28,0.128,Netflix Stock Is Up 25% From Its 2026 Lows. More Gains for NFLX Could Be in Store.,Barchart,2026-08-28,0.225,Netflix Stock Price Prediction: The Road Back to $100,24/7 Wall St.,2026-08-28,0.0,,,,,,,,,,
SHOP,Shopify,Tech,consumer-platform,NYSE,152.9,-0.84%,+2.45%,+18.37%,-2.74%,+11%,196.728,2.59,103.31,9.07,4923650,28853050,233322550,,1.28,buy,1.7,-0.84,99.16,-0.84,991.6,-8.4,9916.0,-84.0,2.45,102.45,2.45,1024.5,24.5,10245.0,245.0,18.37,118.37,18.37,1183.7,183.7,11837.0,1837.0,-2.74,97.26,-2.74,972.6,-27.4,9726.0,-274.0,11.0,111.0,11.0,1110.0,110.0,11100.0,1100.0,Affirm is 'firing on all cylinders': COO talks perspective on US consumer,Yahoo Finance Video,2026-08-28,-0.34,How Investors May Respond To Shopify (SHOP) Beating Estimates And Deepening Its Affirm AI Finance Tie-Up,Simply Wall St.,2026-08-28,-0.459,SHOP vs. ADBE: Which Stock Has the Edge in AI-Driven Ecommerce?,Zacks,2026-08-28,0.0,8,buy,0.75,"Shopify has 1M return of +19.35%, buy consensus, P/E 105.13, and positive news sentiment 0.19, benefiting from e-commerce and BNPL tailwinds.",19.35% 1M; Buy consensus; E-commerce growth; Positive sentiment 0.19,,,,,
SPOT,Spotify,Tech,consumer-platform,NYSE,547.51,+3.92%,+2.58%,+4.48%,-4.78%,-24%,112.579,1.581,29.5,1.83,1386076,7027476,46565276,,3.12,buy,1.56,3.92,103.92,3.92,1039.2,39.2,10392.0,392.0,2.58,102.58,2.58,1025.8,25.8,10258.0,258.0,4.48,104.48,4.48,1044.8,44.8,10448.0,448.0,-4.78,95.22,-4.78,952.2,-47.8,9522.0,-478.0,-24.0,76.0,-24.0,760.0,-240.0,7600.0,-2400.0,How Sweden built one of Europe’s hottest startup ecosystems,TechCrunch,2026-08-28,0.0,Netflix Stock Price Prediction: The Road Back to $100,24/7 Wall St.,2026-08-28,0.0,Prediction: Spotify Stock Could Be a Monster Winner by 2030,24/7 Wall St.,2026-08-28,0.586,,,,,,,,,,
UBER,Uber,Tech,consumer-platform,NYSE,78.82,+2.56%,+0.03%,+10.70%,-4.88%,-17%,160.994,1.154,17.29,19.69,10692241,65888141,423801441,,2.36,buy,1.52,2.56,102.56,2.56,1025.6,25.6,10256.0,256.0,0.03,100.03,0.03,1000.3,0.3,10003.0,3.0,10.7,110.7,10.7,1107.0,107.0,11070.0,1070.0,-4.88,95.12,-4.88,951.2,-48.8,9512.0,-488.0,-17.0,83.0,-17.0,830.0,-170.0,8300.0,-1700.0,Salesforce (CRM) Stock Soars on Q2 Earnings: Is It Too Late to Buy?,Zacks,2026-08-28,0.0,Amazon (AMZN) is About to 6X Its Drone Delivery Footprint to Compete With Rivals Like DoorDash (DASH),Insider Monkey,2026-08-28,0.494,Tesla Stock Has a Huge Catalyst Ahead. Here’s How High It Could Go,24/7 Wall St.,2026-08-28,0.318,,,,,,,,,,
CSCO,Cisco Systems,Tech,hardware-infra,NASDAQ,109.93,-1.93%,-1.00%,-2.27%,+45.90%,+65%,433.282,1.002,33.01,22.96,13033724,61341924,477946624,150.0,1.5,buy,1.85,-1.93,98.07,-1.93,980.7,-19.3,9807.0,-193.0,-1.0,99.0,-1.0,990.0,-10.0,9900.0,-100.0,-2.27,97.73,-2.27,977.3,-22.7,9773.0,-227.0,45.9,145.9,45.9,1459.0,459.0,14590.0,4590.0,65.0,165.0,65.0,1650.0,650.0,16500.0,6500.0,Why ZM Stock Prints So Much Cash Right Now,Trefis,2026-08-28,0.0,Arista's Price Assumes The Parts Arrive On Time,Trefis,2026-08-28,0.0,Dell Stock Widens Your Portfolio Instead Of Steadying It,Trefis,2026-08-28,0.0,,,,,,,,,,
PLTR,Palantir Technologies,Tech,hardware-infra,NASDAQ,186.29,+0.76%,+3.53%,+51.46%,+10.98%,+18%,447.665,1.563,159.22,42.12,24959261,153296761,1025818861,,3.18,buy,1.81,0.76,100.76,0.76,1007.6,7.6,10076.0,76.0,3.53,103.53,3.53,1035.3,35.3,10353.0,353.0,51.46,151.46,51.46,1514.6,514.6,15146.0,5146.0,10.98,110.98,10.98,1109.8,109.8,11098.0,1098.0,18.0,118.0,18.0,1180.0,180.0,11800.0,1800.0,Expert ranks top 5 U.S. tech companies to recruit from,Investing.com,2026-08-29,0.202,Can PLTR Stock Live Up To Its Multiple?,Trefis,2026-08-28,0.0,"Dow Jones Futures: Microsoft, Titans Mask Market Weakness. Here's What To Do.",Investor's Business Daily,2026-08-28,-0.421,3,buy,0.9,"Palantir surged 40%+ after Q2 revenue beat ($1.94B vs $1.8B, +93% YoY) and raised FY guidance to $8.15B, with US commercial revenue up 149% [forbes.com](https://www.forbes.com/sites/greatspeculations/2026/08/28/why-palantir-stocks-massive-breakout-was-old-news/) [tikr.com](https://www.tikr.com/blog/palantir-stock-has-rallied-40-over-the-past-month-heres-whats-behind-the-surge).",93% revenue growth; Raised guidance $8.15B; 149% US commercial growth; AI sovereignty tailwind,,,,,
