ticker,company_name,sector,category,exchange,price_usd,change_1d,change_1w,change_1m,change_ytd,return_1yr,market_cap_usd_b,beta,pe_ratio,avg_volume_m,vol_1d,vol_1w,vol_1m,div_yield_pct,short_pct,analyst,analyst_score,pct_1d,val_100_1d,profit_100_1d,val_1000_1d,profit_1000_1d,val_10000_1d,profit_10000_1d,pct_1w,val_100_1w,profit_100_1w,val_1000_1w,profit_1000_1w,val_10000_1w,profit_10000_1w,pct_1m,val_100_1m,profit_100_1m,val_1000_1m,profit_1000_1m,val_10000_1m,profit_10000_1m,pct_ytd,val_100_ytd,profit_100_ytd,val_1000_ytd,profit_1000_ytd,val_10000_ytd,profit_10000_ytd,pct_1y,val_100_1y,profit_100_1y,val_1000_1y,profit_1000_1y,val_10000_1y,profit_10000_1y,news1_title,news1_publisher,news1_date,news1_sentiment,news2_title,news2_publisher,news2_date,news2_sentiment,news3_title,news3_publisher,news3_date,news3_sentiment,signal_rank,signal,signal_confidence,signal_rationale,signal_drivers,portfolio_held,portfolio_quantity,portfolio_avg_price,portfolio_ppl,portfolio_total_value
SNDK,SanDisk Corporation,AI,memory,NASDAQ,1786.85,+7.77%,+44.34%,+28.46%,+549.20%,+3505%,260.88,,24.25,13.67,17269249,81670749,353685649,,7.36,buy,1.54,7.77,107.77,7.77,1077.7,77.7,10777.0,777.0,44.34,144.34,44.34,1443.4,443.4,14434.0,4434.0,28.46,128.46,28.46,1284.6,284.6,12846.0,2846.0,549.2,649.2,549.2,6492.0,5492.0,64920.0,54920.0,3505.0,3605.0,3505.0,36050.0,35050.0,360500.0,350500.0,Tech searches for gains as stocks teeter at the open: AlphaCheck,Yahoo Finance,2026-08-17,0.34,Stock Market Today: Dow Falls As This Key Yield Hits 19-Year High; Warren Buffett Stock Falls (Live Coverage),Investor's Business Daily,2026-08-17,0.0,Investors Remember Why They Love Memory-Chip Stocks,Investor's Business Daily,2026-08-17,0.637,1,strong_buy,1.0,"SNDK is up +496% YTD with a P/E of 22.3, and JPMorgan sees more gains ahead after the company guided ~80% gross margins and ~50% FCF margins through FY30, with ~2/3 of FY28 capacity already under contract [cnbc.com](https://www.cnbc.com/2026/08/14/sndk-is-up-more-than-500percent-this-year-jpmorgan-says-there-are-more-gains-ahead.html).",+496% YTD; P/E 22.3; ~80% gross margin guidance; multi-year contract visibility,,,,,
WDC,Western Digital,AI,memory,NASDAQ,536.01,+5.55%,+22.28%,+9.97%,+185.78%,+567%,,2.217,22.09,8.54,8520645,38996145,172609345,12.0,8.05,buy,1.58,5.55,105.55,5.55,1055.5,55.5,10555.0,555.0,22.28,122.28,22.28,1222.8,222.8,12228.0,2228.0,9.97,109.97,9.97,1099.7,99.7,10997.0,997.0,185.78,285.78,185.78,2857.8,1857.8,28578.0,18578.0,567.0,667.0,567.0,6670.0,5670.0,66700.0,56700.0,Why Sandisk Stock Is Getting Its Mojo Back,Barrons.com,2026-08-17,0.0,SanDisk Rallied On Contracts It Had Already Signed,Trefis,2026-08-17,0.0,"Sandisk, Micron, Coherent, Boeing, Apple, Amazon, and More Stocks That Explain Today’s Market",Barrons.com,2026-08-17,0.178,,,,,,,,,,
285A,Kioxia Holdings,AI,memory,TSE,387.84,+15.22%,+29.56%,+18.67%,+444.85%,+2101%,212.243,,61.21,42.04,48583900,210029000,965606100,,,buy,1.56,15.22,115.22,15.22,1152.2,152.2,11522.0,1522.0,29.56,129.56,29.56,1295.6,295.6,12956.0,2956.0,18.67,118.67,18.67,1186.7,186.7,11867.0,1867.0,444.85,544.85,444.85,5448.5,4448.5,54485.0,44485.0,2101.0,2201.0,2101.0,22010.0,21010.0,220100.0,210100.0,Micron Stock Keeps Rallying. Watch Out for This New Memory-Chip Rival.,Barrons.com,2026-08-13,0.0,European Indexes Mostly Higher; London’s FTSE 100 Hit by Antofagasta Guidance Cut,The Wall Street Journal,2026-08-13,-0.273,Sandisk's Pullback Looks Like a Buying Opportunity,Barchart,2026-08-10,0.649,8,strong_buy,1.0,"285A is up +446% YTD with +19% 1M and +30% 1W momentum, though its P/E of 61 is elevated; the stock is riding the memory-chip rally with strong analyst support (score 1.56).",+446% YTD; +30% 1W momentum; analyst score 1.56; memory sector tailwind,,,,,
MU,Micron Technology,AI,memory,NASDAQ,1011.75,+3.98%,+17.51%,+16.90%,+220.95%,+686%,,2.213,22.89,50.03,31541539,162261639,870991439,5.0,2.65,strong_buy,1.41,3.98,103.98,3.98,1039.8,39.8,10398.0,398.0,17.51,117.51,17.51,1175.1,175.1,11751.0,1751.0,16.9,116.9,16.9,1169.0,169.0,11690.0,1690.0,220.95,320.95,220.95,3209.5,2209.5,32095.0,22095.0,686.0,786.0,686.0,7860.0,6860.0,78600.0,68600.0,"Trump admin. urges Apple not to purchase Chinese memory chips, but this presents a problem",Yahoo Finance Video,2026-08-17,-0.55,Stock Market Today: Dow Falls As This Key Yield Hits 19-Year High; Warren Buffett Stock Falls (Live Coverage),Investor's Business Daily,2026-08-17,0.0,Investors Remember Why They Love Memory-Chip Stocks,Investor's Business Daily,2026-08-17,0.637,,,,,,,,,,
STX,Seagate Technology,AI,memory,NASDAQ,994.79,+1.94%,+24.20%,+23.97%,+246.82%,+513%,225.463,2.102,71.46,4.75,4142586,21886686,114430086,30.0,4.06,strong_buy,1.44,1.94,101.94,1.94,1019.4,19.4,10194.0,194.0,24.2,124.2,24.2,1242.0,242.0,12420.0,2420.0,23.97,123.97,23.97,1239.7,239.7,12397.0,2397.0,246.82,346.82,246.82,3468.2,2468.2,34682.0,24682.0,513.0,613.0,513.0,6130.0,5130.0,61300.0,51300.0,Seagate Stock Gains as AI Storage Demand Fuels Record Cash Flow,GuruFocus.com,2026-08-17,0.226,Why Sandisk Stock Is Getting Its Mojo Back,Barrons.com,2026-08-17,0.0,SanDisk Rallied On Contracts It Had Already Signed,Trefis,2026-08-17,0.0,7,strong_buy,0.787,"STX is up +239% YTD with a strong_buy analyst consensus (score 1.44), positive news sentiment of 0.21, and +18% 1M momentum, benefiting from the broader memory rally and AI storage demand.",+239% YTD; strong_buy consensus; news sentiment 0.21; AI storage demand,,,,,
MRVL,Marvell Technology,AI,memory,NASDAQ,234.33,+5.74%,+12.36%,+20.21%,+162.53%,+189%,210.322,2.246,80.53,41.08,20437357,94694057,457477757,11.0,4.79,strong_buy,1.42,5.74,105.74,5.74,1057.4,57.4,10574.0,574.0,12.36,112.36,12.36,1123.6,123.6,11236.0,1236.0,20.21,120.21,20.21,1202.1,202.1,12021.0,2021.0,162.53,262.53,162.53,2625.3,1625.3,26253.0,16253.0,189.0,289.0,189.0,2890.0,1890.0,28900.0,18900.0,1 Semiconductor Stock Worth Investigating and 2 We Avoid,StockStory,2026-08-17,-0.077,Stock Market Today: Dow Falls As This Key Yield Hits 19-Year High; Warren Buffett Stock Falls (Live Coverage),Investor's Business Daily,2026-08-17,0.0,Marvell Stock Surges 6.1% as AI Memory Rally Spreads,GuruFocus.com,2026-08-17,0.0,,,,,,,,,,
P,Everpure,AI,memory,NYSE,116.99,-1.04%,+19.40%,+67.30%,+69.53%,+102%,,1.414,177.26,3.33,2397621,19905021,58396021,,4.25,buy,1.65,-1.04,98.96,-1.04,989.6,-10.4,9896.0,-104.0,19.4,119.4,19.4,1194.0,194.0,11940.0,1940.0,67.3,167.3,67.3,1673.0,673.0,16730.0,6730.0,69.53,169.53,69.53,1695.3,695.3,16953.0,6953.0,102.0,202.0,102.0,2020.0,1020.0,20200.0,10200.0,,,,,,,,,,,,,9,buy,0.6,"P has surged +71% YTD with +67% 1M and +31% 1W momentum, but its P/E of 179 is very high; the stock benefits from AI-driven memory demand but carries valuation risk.",+71% YTD; +67% 1M momentum; AI memory demand; high P/E 179,,,,,
RR.,Rolls-Royce Holdings,AI,nuclear-ops,LSE,21.18,+1.48%,+1.55%,+14.52%,+30.65%,+42%,1.748,1.19,43.44,25.61,8524459,83659732,528793982,78.0,,buy,1.6,1.48,101.48,1.48,1014.8,14.8,10148.0,148.0,1.55,101.55,1.55,1015.5,15.5,10155.0,155.0,14.52,114.52,14.52,1145.2,145.2,11452.0,1452.0,30.65,130.65,30.65,1306.5,306.5,13065.0,3065.0,42.0,142.0,42.0,1420.0,420.0,14200.0,4200.0,Rolls-Royce Stock Hits First New High In 14 Years. Firm Announces Engine Project.,Investor's Business Daily,2026-08-17,0.0,Is Rolls-Royce Holdings (LSE:RR.) Fully Priced After Profit Upgrades?,Simply Wall St.,2026-08-08,0.488,"Is Rolls-Royce Holdings (LSE:RR.) Fully Valued After Buybacks, Half Year Results And A Dividend Increase?",Simply Wall St.,2026-08-08,0.67,,,,,,,,,,
CEG,Constellation Energy,AI,nuclear-ops,NASDAQ,278.2,-1.68%,+2.87%,+9.74%,-23.82%,-12%,98.568,1.118,27.19,3.53,2120590,12052890,58049190,60.0,3.29,buy,1.55,-1.68,98.32,-1.68,983.2,-16.8,9832.0,-168.0,2.87,102.87,2.87,1028.7,28.7,10287.0,287.0,9.74,109.74,9.74,1097.4,97.4,10974.0,974.0,-23.82,76.18,-23.82,761.8,-238.2,7618.0,-2382.0,-12.0,88.0,-12.0,880.0,-120.0,8800.0,-1200.0,3 Nuclear Stocks With Real Revenue vs. 3 That Are Still Pre-Revenue. Here's Where the Money Actually Is.,Motley Fool,2026-08-17,0.0,2 Best Nuclear Power Stocks Right Now,Motley Fool,2026-08-17,0.637,3 Nuclear Energy Stocks Riding the AI Power Surge in August,24/7 Wall St.,2026-08-16,0.273,,,,,,,,,,
VST,Vistra Corp,AI,nuclear-ops,NYSE,146.11,-1.44%,+2.27%,-7.52%,-11.33%,-26%,49.04,1.433,24.64,4.64,3493000,15403900,94206300,62.0,2.99,strong_buy,1.35,-1.44,98.56,-1.44,985.6,-14.4,9856.0,-144.0,2.27,102.27,2.27,1022.7,22.7,10227.0,227.0,-7.52,92.48,-7.52,924.8,-75.2,9248.0,-752.0,-11.33,88.67,-11.33,886.7,-113.3,8867.0,-1133.0,-26.0,74.0,-26.0,740.0,-260.0,7400.0,-2600.0,Vistra Is Under $150. Here's Why I Think It Won't Stay That Way.,Motley Fool,2026-08-17,0.0,Billionaire David Tepper Trimmed Micron and Sold out of SanDisk. Here’s the New AI Stocks He’s Buying,24/7 Wall St.,2026-08-17,0.0,Vistra (VST) Stock Looks Above Fair Value On Earnings Yet Supported By Demand,Simply Wall St.,2026-08-16,0.67,,,,,,,,,,
TLN,Talen Energy,AI,nuclear-ops,NASDAQ,356.92,-1.60%,+2.65%,-0.94%,-10.03%,-4%,17.101,1.673,,0.83,509919,3113819,14560619,,5.32,buy,1.62,-1.6,98.4,-1.6,984.0,-16.0,9840.0,-160.0,2.65,102.65,2.65,1026.5,26.5,10265.0,265.0,-0.94,99.06,-0.94,990.6,-9.4,9906.0,-94.0,-10.03,89.97,-10.03,899.7,-100.3,8997.0,-1003.0,-4.0,96.0,-4.0,960.0,-40.0,9600.0,-400.0,"Terrestrial Energy’s Lifetime Revenue Up 29%, Advancing in Texas A&M, DOE Fuel Program – Quarterly Update Report",Exec Edge,2026-08-13,0.0,"The Zacks Analyst Blog Highlights Bloom Energy, Talen Energy and Plug Power",Zacks,2026-08-13,0.494,Talen Energy (TLN) Stock May Already Be Priced Rich On Raised 2026 Guidance,Simply Wall St.,2026-08-12,0.691,,,,,,,,,,
BEP,Brookfield Renewable,AI,nuclear-ops,NYSE,34.44,-4.31%,+5.45%,+7.46%,+26.14%,+40%,16.755,0.995,,0.93,558224,4513124,23568624,451.0,0.51,buy,2.38,-4.31,95.69,-4.31,956.9,-43.1,9569.0,-431.0,5.45,105.45,5.45,1054.5,54.5,10545.0,545.0,7.46,107.46,7.46,1074.6,74.6,10746.0,746.0,26.14,126.14,26.14,1261.4,261.4,12614.0,2614.0,40.0,140.0,40.0,1400.0,400.0,14000.0,4000.0,"Brookfield, La Caisse close $6.5bn Boralex acquisition",Power Technology,2026-08-17,0.0,The AI-adjacent portfolio: Six Canadian stocks that could benefit from the AI buildout,Financial Post,2026-08-07,0.459,Cameco Gains 7% Despite Q2 Earnings Miss: How to Play the Stock?,Zacks,2026-08-06,0.642,,,,,,,,,,
BEPC,Brookfield Renewable Corp,AI,nuclear-ops,NYSE,35.1,+0.83%,+5.66%,+2.57%,-10.34%,+5%,6.514,1.166,,1.65,1417145,9868945,45401745,442.0,,hold,3.17,0.83,100.83,0.83,1008.3,8.3,10083.0,83.0,5.66,105.66,5.66,1056.6,56.6,10566.0,566.0,2.57,102.57,2.57,1025.7,25.7,10257.0,257.0,-10.34,89.66,-10.34,896.6,-103.4,8966.0,-1034.0,5.0,105.0,5.0,1050.0,50.0,10500.0,500.0,Why I'm Not Chasing NuScale -- Here's What I'm Buying Instead,Motley Fool,2026-08-11,0.0,Why Cameco's Ugly Earnings Miss Might Be Good News in Disguise,Motley Fool,2026-08-08,-0.459,Brookfield Renewable Q2 Earnings Call Highlights,MarketBeat,2026-07-31,0.0,,,,,,,,,,
GEV,GE Vernova,AI,smr,NYSE,1079.0,+1.52%,+8.90%,-0.02%,+59.08%,+70%,287.373,1.033,30.94,2.82,1651438,7979338,53410138,19.0,3.2,buy,1.58,1.52,101.52,1.52,1015.2,15.2,10152.0,152.0,8.9,108.9,8.9,1089.0,89.0,10890.0,890.0,-0.02,99.98,-0.02,999.8,-0.2,9998.0,-2.0,59.08,159.08,59.08,1590.8,590.8,15908.0,5908.0,70.0,170.0,70.0,1700.0,700.0,17000.0,7000.0,Standard Nuclear Stock Hit Its High Ahead Of The Numbers,Trefis,2026-08-17,0.0,GE Vernova's Wind Business Just Fell 40%. Nobody's Talking About It Because of the Gas Turbine Boom.,Motley Fool,2026-08-17,0.0,Can GE Vernova's $176B Backlog Sustain Its Growth Momentum?,Zacks,2026-08-17,0.382,,,,,,,,,,
BWXT,BWX Technologies,AI,smr,NYSE,171.54,-0.93%,+1.58%,+1.17%,-5.41%,+1%,15.717,0.76,44.44,0.95,1448586,4231086,18527386,61.0,3.99,buy,1.81,-0.93,99.07,-0.93,990.7,-9.3,9907.0,-93.0,1.58,101.58,1.58,1015.8,15.8,10158.0,158.0,1.17,101.17,1.17,1011.7,11.7,10117.0,117.0,-5.41,94.59,-5.41,945.9,-54.1,9459.0,-541.0,1.0,101.0,1.0,1010.0,10.0,10100.0,100.0,3 Cash-Producing Stocks with Exciting Potential,StockStory,2026-08-17,0.494,Standard Nuclear Stock Hit Its High Ahead Of The Numbers,Trefis,2026-08-17,0.0,Can BWXT's Nuclear Cleanup Services Add a New Growth Avenue?,Zacks,2026-08-17,0.382,,,,,,,,,,
SMR,NuScale Power,AI,smr,NYSE,9.19,-1.71%,+0.11%,+15.45%,-43.65%,-73%*,3.772,2.306,,32.53,20704126,146468226,657813326,,19.43,hold,2.56,-1.71,98.29,-1.71,982.9,-17.1,9829.0,-171.0,0.11,100.11,0.11,1001.1,1.1,10011.0,11.0,15.45,115.45,15.45,1154.5,154.5,11545.0,1545.0,-43.65,56.35,-43.65,563.5,-436.5,5635.0,-4365.0,-73.0,27.0,-73.0,270.0,-730.0,2700.0,-7300.0,NuScale's Revenue Fell 99%. Its Cash Pile Grew By $900 Million. Here's Why That's the Real Story.,Motley Fool,2026-08-17,0.0,Standard Nuclear Stock Hit Its High Ahead Of The Numbers,Trefis,2026-08-17,0.0,Could Industrial Heat Unlock New Growth for NuScale Stock?,Zacks,2026-08-17,0.382,,,,,,,,,,
OKLO,Oklo Inc,AI,smr,NYSE,43.88,-1.35%,-1.37%,+5.71%,-43.60%,-36%*,8.163,1.201,,11.23,5443282,42400982,201661882,,18.6,buy,2.04,-1.35,98.65,-1.35,986.5,-13.5,9865.0,-135.0,-1.37,98.63,-1.37,986.3,-13.7,9863.0,-137.0,5.71,105.71,5.71,1057.1,57.1,10571.0,571.0,-43.6,56.4,-43.6,564.0,-436.0,5640.0,-4360.0,-36.0,64.0,-36.0,640.0,-360.0,6400.0,-3600.0,Oklo Built a Nuclear Reactor in 229 Days. Here's Why the CEO Calls It a World Record.,Motley Fool,2026-08-17,0.0,Could Industrial Heat Unlock New Growth for NuScale Stock?,Zacks,2026-08-17,0.382,"$10,000 in Oklo Stock at Its High Is Worth About $2,300 Today",Motley Fool,2026-08-17,0.226,,,,,,,,,,
NNE,NANO Nuclear Energy,AI,smr,NASDAQ,19.59,-0.55%,+5.49%,+19.38%,-29.05%,-39%*,1.052,5.409,,2.64,1268522,10706422,41904322,,35.5,buy,1.57,-0.55,99.45,-0.55,994.5,-5.5,9945.0,-55.0,5.49,105.49,5.49,1054.9,54.9,10549.0,549.0,19.38,119.38,19.38,1193.8,193.8,11938.0,1938.0,-29.05,70.95,-29.05,709.5,-290.5,7095.0,-2905.0,-39.0,61.0,-39.0,610.0,-390.0,6100.0,-3900.0,Nano Nuclear Is Still Under $20. Here's My Case for Why That Won't Last.,Motley Fool,2026-08-17,0.0,NNE Stock Heads For Best Month In 2026: So Why Is Wall Street Slashing Price Targets?,Stocktwits,2026-08-17,0.477,Nano Nuclear Energy Inc (NNE) (Q3 2026) Earnings Call Highlights: Strategic Progress and ...,GuruFocus.com,2026-08-13,0.599,,,,,,,,,,
CCJ,Cameco Corporation,AI,uranium,NYSE,98.58,+0.85%,+1.31%,+16.18%,+0.02%,+27%,42.934,0.992,169.97,3.38,1834811,10894111,69464911,18.0,,buy,1.62,0.85,100.85,0.85,1008.5,8.5,10085.0,85.0,1.31,101.31,1.31,1013.1,13.1,10131.0,131.0,16.18,116.18,16.18,1161.8,161.8,11618.0,1618.0,0.02,100.02,0.02,1000.2,0.2,10002.0,2.0,27.0,127.0,27.0,1270.0,270.0,12700.0,2700.0,Standard Nuclear Stock Hit Its High Ahead Of The Numbers,Trefis,2026-08-17,0.0,CCJ's Adjusted EBITDA Fell 42% in Q226: Is There a Recovery Ahead?,Zacks,2026-08-17,0.0,2 Best Nuclear Power Stocks Right Now,Motley Fool,2026-08-17,0.637,,,,,,,,,,
UEC,Uranium Energy Corp,AI,uranium,NYSE,11.17,-1.03%,-1.85%,+18.83%,-14.80%,+6%,5.527,1.208,,9.71,5377111,26235411,160647211,,14.38,strong_buy,1.44,-1.03,98.97,-1.03,989.7,-10.3,9897.0,-103.0,-1.85,98.15,-1.85,981.5,-18.5,9815.0,-185.0,18.83,118.83,18.83,1188.3,188.3,11883.0,1883.0,-14.8,85.2,-14.8,852.0,-148.0,8520.0,-1480.0,6.0,106.0,6.0,1060.0,60.0,10600.0,600.0,"Insider Sheds Over 55,000 Shares of North American Uranium Stock",Motley Fool,2026-08-11,0.296,"Prediction: $1,000 in Uranium Energy Corp Will Be Worth This Much in 5 Years",Motley Fool,2026-08-10,0.459,Uranium Energy vs. Oklo: Which Nuclear Fuel Play Wins in 2026?,Motley Fool,2026-08-10,0.802,,,,,,,,,,
LEU,Centrus Energy,AI,uranium,NYSE,184.12,-2.79%,-2.76%,+17.73%,-32.43%,+7%,3.674,1.35,97.94,0.83,384047,2298147,13427747,,26.68,buy,1.71,-2.79,97.21,-2.79,972.1,-27.9,9721.0,-279.0,-2.76,97.24,-2.76,972.4,-27.6,9724.0,-276.0,17.73,117.73,17.73,1177.3,177.3,11773.0,1773.0,-32.43,67.57,-32.43,675.7,-324.3,6757.0,-3243.0,7.0,107.0,7.0,1070.0,70.0,10700.0,700.0,Standard Nuclear Stock Hit Its High Ahead Of The Numbers,Trefis,2026-08-17,0.0,CCJ's Adjusted EBITDA Fell 42% in Q226: Is There a Recovery Ahead?,Zacks,2026-08-17,0.0,Is OKLO Stock Worth Buying Amid Rising Execution Risks?,Zacks,2026-08-14,-0.052,,,,,,,,,,
VRT,Vertiv Holdings,AI,power-infra,NYSE,292.43,-0.58%,+8.27%,+0.26%,+66.60%,+117%,112.582,2.077,66.31,6.3,2865583,16857883,126456983,9.0,3.21,strong_buy,1.39,-0.58,99.42,-0.58,994.2,-5.8,9942.0,-58.0,8.27,108.27,8.27,1082.7,82.7,10827.0,827.0,0.26,100.26,0.26,1002.6,2.6,10026.0,26.0,66.6,166.6,66.6,1666.0,666.0,16660.0,6660.0,117.0,217.0,117.0,2170.0,1170.0,21700.0,11700.0,Vertiv vs. Teradyne: Which AI Infrastructure Stock Is the Better Buy?,Zacks,2026-08-17,0.44,AI Infrastructure Boom: Who Should Buy Vertiv and Who Should Buy Super Micro Computer,24/7 Wall St.,2026-08-17,0.599,Vertiv (VRT) Stock Could Be 11% Overvalued After Fraud Probe News,Simply Wall St.,2026-08-17,-0.586,,,,,,,,,,
ETN,Eaton Corporation,AI,power-infra,NYSE,455.4,+0.84%,+2.35%,+13.73%,+40.30%,+28%,176.877,1.177,46.47,2.41,1260374,7729774,48203574,97.0,1.76,buy,1.62,0.84,100.84,0.84,1008.4,8.4,10084.0,84.0,2.35,102.35,2.35,1023.5,23.5,10235.0,235.0,13.73,113.73,13.73,1137.3,137.3,11373.0,1373.0,40.3,140.3,40.3,1403.0,403.0,14030.0,4030.0,28.0,128.0,28.0,1280.0,280.0,12800.0,2800.0,Eaton's Strategic Buyouts to Power Its Next Growth Phase?,Zacks,2026-08-17,0.382,Are Wall Street Analysts Predicting Eaton Corporation Stock Will Climb or Sink?,Barchart,2026-08-17,0.0,Infleqtion (INFQ) Lands Quantum Grid Reliability Subcontract,Simply Wall St.,2026-08-16,0.0,,,,,,,,,,
POWL,Powell Industries,AI,power-infra,NASDAQ,218.73,+1.98%,+5.55%,-4.18%,+86.30%,+147%,7.969,1.216,41.82,0.74,489728,2021628,15051428,17.0,11.1,buy,2.25,1.98,101.98,1.98,1019.8,19.8,10198.0,198.0,5.55,105.55,5.55,1055.5,55.5,10555.0,555.0,-4.18,95.82,-4.18,958.2,-41.8,9582.0,-418.0,86.3,186.3,86.3,1863.0,863.0,18630.0,8630.0,147.0,247.0,147.0,2470.0,1470.0,24700.0,14700.0,2 of Wall Street’s Favorite Stocks Worth Your Attention and 1 We Ignore,StockStory,2026-08-14,0.34,This $10 Billion ETF Owns the Companies Wiring America’s $68 Billion Data Center Boom,24/7 Wall St.,2026-08-14,0.0,5 Insightful Analyst Questions From Powell’s Q2 Earnings Call,StockStory,2026-08-11,0.0,,,,,,,,,,
EQIX,Equinix,AI,dc-operators,NASDAQ,1097.61,-0.39%,+5.20%,+7.89%,+45.14%,+43%,108.304,0.972,70.63,0.61,476390,2505990,12701790,187.0,2.21,buy,1.53,-0.39,99.61,-0.39,996.1,-3.9,9961.0,-39.0,5.2,105.2,5.2,1052.0,52.0,10520.0,520.0,7.89,107.89,7.89,1078.9,78.9,10789.0,789.0,45.14,145.14,45.14,1451.4,451.4,14514.0,4514.0,43.0,143.0,43.0,1430.0,430.0,14300.0,4300.0,The Landlords of the AI Boom Are Up 35% This Year and Their Pricing Power Keeps Climbing,24/7 Wall St.,2026-08-15,0.0,Equinix Plans Through 2029 as Power Constraints Shape Data Center Growth,MarketBeat,2026-08-13,0.382,Equinix (EQIX) Could Be 16% Undervalued On Fresh Debt Raise,Simply Wall St.,2026-08-12,-0.052,,,,,,,,,,
DLR,Digital Realty,AI,dc-operators,NYSE,197.91,-1.29%,+3.46%,+12.29%,+29.39%,+21%,74.553,1.042,253.73,2.97,1369354,9244154,56310254,244.0,0.01,strong_buy,1.45,-1.29,98.71,-1.29,987.1,-12.9,9871.0,-129.0,3.46,103.46,3.46,1034.6,34.6,10346.0,346.0,12.29,112.29,12.29,1122.9,122.9,11229.0,1229.0,29.39,129.39,29.39,1293.9,293.9,12939.0,2939.0,21.0,121.0,21.0,1210.0,210.0,12100.0,2100.0,Is DLR Worth Buying as Growth Accelerates but Valuation Stays Rich?,Zacks,2026-08-12,0.799,DLR Jumps 9.9% in the Past Month as Leasing Momentum Accelerates,Zacks,2026-08-12,0.0,"APLD Surges 101% in a Year: Should You Buy, Sell or Hold the Stock?",Zacks,2026-08-12,0.0,,,,,,,,,,
AMT,American Tower,AI,dc-operators,NYSE,172.23,-1.91%,+1.84%,+3.09%,+0.46%,-14%,80.252,0.894,27.78,3.22,1679814,8271314,61598614,398.0,1.88,buy,1.56,-1.91,98.09,-1.91,980.9,-19.1,9809.0,-191.0,1.84,101.84,1.84,1018.4,18.4,10184.0,184.0,3.09,103.09,3.09,1030.9,30.9,10309.0,309.0,0.46,100.46,0.46,1004.6,4.6,10046.0,46.0,-14.0,86.0,-14.0,860.0,-140.0,8600.0,-1400.0,UBS lists 4 reasons why it may be a good time to look at infrastructure now,Investing.com,2026-08-15,0.44,Lamar Acquires AdSource Outdoor Assets Through UPREIT Transaction,Zacks,2026-08-14,0.178,Do Options Traders Know Something About American Tower Stock We Don't?,Zacks,2026-08-13,0.0,,,,,,,,,,
GOOGL,Alphabet (Google),AI,hyperscalers,NASDAQ,344.0,-0.94%,-3.78%,-2.27%,+9.30%,+70%,4207.098,1.237,17.27,32.89,18214810,107928010,644134810,25.0,1.2,strong_buy,1.39,-0.94,99.06,-0.94,990.6,-9.4,9906.0,-94.0,-3.78,96.22,-3.78,962.2,-37.8,9622.0,-378.0,-2.27,97.73,-2.27,977.3,-22.7,9773.0,-227.0,9.3,109.3,9.3,1093.0,93.0,10930.0,930.0,70.0,170.0,70.0,1700.0,700.0,17000.0,7000.0,SpaceX's biggest investors are finally visible — just as millions more shares unlock: Chart of the Day,Yahoo Finance,2026-08-17,0.36,Why indie games are the next big tech investment: Gaming CEO,Yahoo Finance Video,2026-08-17,0.0,Alphabet Eyes First Australian Dollar Bond Sale,GuruFocus.com,2026-08-17,0.0,,,,,,,,,,
MSFT,Microsoft,AI,hyperscalers,NASDAQ,480.35,-3.01%,-5.08%,+19.40%,+2.02%,-4%,3566.86,1.099,26.79,40.4,28250867,119546367,783282167,73.0,1.1,strong_buy,1.36,-3.01,96.99,-3.01,969.9,-30.1,9699.0,-301.0,-5.08,94.92,-5.08,949.2,-50.8,9492.0,-508.0,19.4,119.4,19.4,1194.0,194.0,11940.0,1940.0,2.02,102.02,2.02,1020.2,20.2,10202.0,202.0,-4.0,96.0,-4.0,960.0,-40.0,9600.0,-400.0,Could Microsoft spin off Xbox? Why it might be worth billions,Yahoo Finance Video,2026-08-17,0.226,Stock Market Today: Dow Falls As This Key Yield Hits 19-Year High; Warren Buffett Stock Falls (Live Coverage),Investor's Business Daily,2026-08-17,0.0,What You Actually Pay To Join The AAPL Run,Trefis,2026-08-17,0.202,6,strong_buy,0.8,"MSFT has a P/E of 27.6, strong analyst consensus (score 1.36), positive news sentiment of 0.30, and +25% 1M momentum, reflecting robust Azure AI growth and enterprise adoption.",P/E 27.6; analyst score 1.36; news sentiment 0.30; +25% 1M momentum,,,,,
AMZN,Amazon,AI,hyperscalers,NASDAQ,261.31,-0.71%,-6.03%,+4.53%,+15.37%,+13%,2818.571,1.454,21.04,50.01,41504334,162696234,1000767734,,1.0,strong_buy,1.32,-0.71,99.29,-0.71,992.9,-7.1,9929.0,-71.0,-6.03,93.97,-6.03,939.7,-60.3,9397.0,-603.0,4.53,104.53,4.53,1045.3,45.3,10453.0,453.0,15.37,115.37,15.37,1153.7,153.7,11537.0,1537.0,13.0,113.0,13.0,1130.0,130.0,11300.0,1300.0,AI hyperscalers or memory chips: Which is the better investment right now?,Yahoo Finance Video,2026-08-17,0.44,Goldman Sachs warns of consumer spending slowdown as tax refund boost fades,Yahoo Finance,2026-08-17,0.318,What You Actually Pay To Join The AAPL Run,Trefis,2026-08-17,0.202,,,,,,,,,,
META,Meta Platforms,AI,hyperscalers,NASDAQ,568.97,-3.61%,-4.36%,-11.90%,-12.37%,-23%,1449.454,1.243,21.44,18.14,16892608,66122208,332438108,36.0,1.43,strong_buy,1.35,-3.61,96.39,-3.61,963.9,-36.1,9639.0,-361.0,-4.36,95.64,-4.36,956.4,-43.6,9564.0,-436.0,-11.9,88.1,-11.9,881.0,-119.0,8810.0,-1190.0,-12.37,87.63,-12.37,876.3,-123.7,8763.0,-1237.0,-23.0,77.0,-23.0,770.0,-230.0,7700.0,-2300.0,What AGs will be looking at in Meta's latest social media addiction trial,Yahoo Finance Video,2026-08-17,0.0,Tech searches for gains as stocks teeter at the open: AlphaCheck,Yahoo Finance,2026-08-17,0.34,Rum Group (RUM) Jumps 10.5% as $1.4T Meta Trial Boosts Platform Outlook,Insider Monkey,2026-08-17,0.318,,,,,,,,,,
IREN,Iris Energy,AI,ai-compute,NASDAQ,44.9,+1.66%,+15.90%,+11.69%,+5.15%,+113%*,16.046,4.302,58.31,45.73,39474079,260119879,1031429579,,28.39,buy,1.62,1.66,101.66,1.66,1016.6,16.6,10166.0,166.0,15.9,115.9,15.9,1159.0,159.0,11590.0,1590.0,11.69,111.69,11.69,1116.9,116.9,11169.0,1169.0,5.15,105.15,5.15,1051.5,51.5,10515.0,515.0,113.0,213.0,113.0,2130.0,1130.0,21300.0,11300.0,How IREN Is Cashing In on the AI Data Center Boom,Motley Fool,2026-08-17,0.0,Stan Druckenmiller Reveals $23 Million PURR Bet as Hyperliquid Takes On Polymarket,Benzinga Prediction Markets,2026-08-17,0.0,IREN's NVIDIA Status and Microsoft Win: Time to Buy or Hold the Stock?,Zacks,2026-08-17,0.586,,,,,,,,,,
CORZ,Core Scientific,AI,ai-compute,NASDAQ,20.13,-0.35%,+3.55%,-10.13%,+25.89%,+39%*,6.468,5.592,,12.77,10889762,52331662,291566762,,22.21,strong_buy,1.29,-0.35,99.65,-0.35,996.5,-3.5,9965.0,-35.0,3.55,103.55,3.55,1035.5,35.5,10355.0,355.0,-10.13,89.87,-10.13,898.7,-101.3,8987.0,-1013.0,25.89,125.89,25.89,1258.9,258.9,12589.0,2589.0,39.0,139.0,39.0,1390.0,390.0,13900.0,3900.0,UMH Properties and 4 More Stocks See Action From Activist Investors,Barrons.com,2026-08-14,0.0,"Core Scientific closes $444 million deal for Polaris, targets 1.5 GW Muskogee campus",Blockspace,2026-08-14,0.0,"IREN Rallies 6% as Microsoft Signs Off on Horizon 1, NVIDIA Grants Exemplar Cloud Status",24/7 Wall St.,2026-08-13,0.226,,,,,,,,,,
WULF,TeraWulf,AI,ai-compute,NASDAQ,17.6,+1.03%,+8.64%,-6.68%,+38.15%,+85%*,8.782,4.288,,32.12,22962240,138730040,669994340,,26.2,strong_buy,1.28,1.03,101.03,1.03,1010.3,10.3,10103.0,103.0,8.64,108.64,8.64,1086.4,86.4,10864.0,864.0,-6.68,93.32,-6.68,933.2,-66.8,9332.0,-668.0,38.15,138.15,38.15,1381.5,381.5,13815.0,3815.0,85.0,185.0,85.0,1850.0,850.0,18500.0,8500.0,"TeraWulf (WULF) Shares Dropped, So What Is Driving Attention Now?",Simply Wall St.,2026-08-14,0.296,TeraWulf (WULF) Stock Looks Stretched With Cash Flow And Sales In Focus,Simply Wall St.,2026-08-13,0.0,"IREN Rallies 6% as Microsoft Signs Off on Horizon 1, NVIDIA Grants Exemplar Cloud Status",24/7 Wall St.,2026-08-13,0.226,,,,,,,,,,
HUT,Hut 8 Mining,AI,ai-compute,NASDAQ,88.04,+1.91%,+2.78%,-12.77%,+71.72%,+250%,10.852,6.108,,4.44,3415827,22942327,101377427,,10.99,strong_buy,1.35,1.91,101.91,1.91,1019.1,19.1,10191.0,191.0,2.78,102.78,2.78,1027.8,27.8,10278.0,278.0,-12.77,87.23,-12.77,872.3,-127.7,8723.0,-1277.0,71.72,171.72,71.72,1717.2,717.2,17172.0,7172.0,250.0,350.0,250.0,3500.0,2500.0,35000.0,25000.0,"Stanley Druckenmiller Opens Positions in Hut 8, Riot Platforms And Bitdeer",CryptoProwl,2026-08-17,-0.557,Hut 8 says Beacon Point may be among 23 Texas projects cleared for review: Needham,Blockspace,2026-08-14,0.103,Earnings For Bitcoin Miners Hit 10-Year Low,CryptoProwl,2026-08-12,-0.273,,,,,,,,,,
SMCI,Super Micro Computer,AI,ai-compute,NASDAQ,38.28,-4.06%,+21.68%,+60.64%,+23.64%,-13%,24.762,1.967,20.15,58.25,54817441,500699741,1294456041,,18.45,hold,2.84,-4.06,95.94,-4.06,959.4,-40.6,9594.0,-406.0,21.68,121.68,21.68,1216.8,216.8,12168.0,2168.0,60.64,160.64,60.64,1606.4,606.4,16064.0,6064.0,23.64,123.64,23.64,1236.4,236.4,12364.0,2364.0,-13.0,87.0,-13.0,870.0,-130.0,8700.0,-1300.0,SMCI Surges 67% in a Month: Time to Hold or Fold the Stock?,Zacks,2026-08-17,0.0,"Super Micro Computer Pulls Back 4%, Dell Falls 3% as DDR5 Patent Fight Hits AI Server Makers",24/7 Wall St.,2026-08-17,0.318,AI Infrastructure Boom: Who Should Buy Vertiv and Who Should Buy Super Micro Computer,24/7 Wall St.,2026-08-17,0.599,2,buy,0.75,"SMCI surged +48% in the past month and +28% in the past week, with a P/E of 21 and very positive news sentiment of 0.52, driven by strong AI server demand and recent analyst upgrades.",+48% 1M momentum; P/E 21; news sentiment 0.52; AI server demand catalyst,,,,,
DELL,Dell Technologies,AI,ai-compute,NYSE,479.81,-2.43%,+4.79%,+25.85%,+278.87%,+255%,310.025,1.401,38.2,8.69,5252289,28345389,122786989,51.0,4.36,buy,1.78,-2.43,97.57,-2.43,975.7,-24.3,9757.0,-243.0,4.79,104.79,4.79,1047.9,47.9,10479.0,479.0,25.85,125.85,25.85,1258.5,258.5,12585.0,2585.0,278.87,378.87,278.87,3788.7,2788.7,37887.0,27887.0,255.0,355.0,255.0,3550.0,2550.0,35500.0,25500.0,What You Actually Pay To Join The AAPL Run,Trefis,2026-08-17,0.202,Cisco Grew Faster By Selling Hardware And Charging More For It,Trefis,2026-08-17,0.0,"AI Networking Stocks Are Rallying on Monday. Marvell Up 8%, Credo Up 8%, Ciena Joins the Move",24/7 Wall St.,2026-08-17,0.0,3,strong_buy,0.946,"DELL is up +288% YTD with a P/E of 39, strong 1M momentum of +19%, and positive news sentiment of 0.22, supported by its win of a Texas AI research platform and robust AI server demand.",+288% YTD; P/E 39; +19% 1M momentum; AI platform win,,,,,
COHR,Coherent Corp,AI,fibre-optical,NYSE,351.22,+7.36%,+8.02%,+23.06%,+80.73%,+260%,68.713,2.107,85.45,6.01,8437882,49210382,145909982,,5.42,buy,1.64,7.36,107.36,7.36,1073.6,73.6,10736.0,736.0,8.02,108.02,8.02,1080.2,80.2,10802.0,802.0,23.06,123.06,23.06,1230.6,230.6,12306.0,2306.0,80.73,180.73,80.73,1807.3,807.3,18073.0,8073.0,260.0,360.0,260.0,3600.0,2600.0,36000.0,26000.0,S&P 500's Best Stock In 2026 Leads Index With A Bullish Move,Investor's Business Daily,2026-08-17,0.637,Coherent (COHR) Stock Could Be A Bargain On Cash Flow Yet Priced For Perfection On Earnings,Simply Wall St.,2026-08-17,0.67,"Sandisk, Micron, Coherent, Boeing, Apple, Amazon, and More Stocks That Explain Today’s Market",Barrons.com,2026-08-17,0.178,,,,,,,,,,
LITE,Lumentum Holdings,AI,fibre-optical,NASDAQ,968.9,+4.82%,+19.10%,+26.56%,+150.94%,+678%,85.844,1.513,,5.32,5323859,31968059,108839059,,12.16,buy,1.54,4.82,104.82,4.82,1048.2,48.2,10482.0,482.0,19.1,119.1,19.1,1191.0,191.0,11910.0,1910.0,26.56,126.56,26.56,1265.6,265.6,12656.0,2656.0,150.94,250.94,150.94,2509.4,1509.4,25094.0,15094.0,678.0,778.0,678.0,7780.0,6780.0,77800.0,67800.0,Nvidia's Next AI Infrastructure Bet Is Scaling Fast,GuruFocus.com,2026-08-17,0.0,"Sandisk, Micron, Coherent, Boeing, Apple, Amazon, and More Stocks That Explain Today’s Market",Barrons.com,2026-08-17,0.178,Lumentum (LITE) Stock Looks Fully Priced Despite Cash Flow Upside,Simply Wall St.,2026-08-17,0.0,5,buy,0.974,"LITE is up +140% YTD with +23% 1M momentum, and analysts are raising price targets on the stock amid strong demand for photonic components in AI networking.",+140% YTD; +23% 1M momentum; analyst price target upgrades; AI photonics demand,,,,,
AAOI,Applied Optoelectronics,AI,fibre-optical,NASDAQ,154.89,+2.58%,+16.63%,+50.35%,+291.14%,+475%,13.099,3.787,,12.11,12727609,64530609,255377809,,12.81,buy,2.33,2.58,102.58,2.58,1025.8,25.8,10258.0,258.0,16.63,116.63,16.63,1166.3,166.3,11663.0,1663.0,50.35,150.35,50.35,1503.5,503.5,15035.0,5035.0,291.14,391.14,291.14,3911.4,2911.4,39114.0,29114.0,475.0,575.0,475.0,5750.0,4750.0,57500.0,47500.0,"Zacks Investment Ideas feature highlights: Applied Optoelectronics, NVIDIA and Amazon",Zacks,2026-08-17,0.178,Applied Optoelectronics (AAOI) Expected to Announce Business Updates Next Week,Insider Monkey,2026-08-15,0.0,Applied Optoelectronics (AAOI) Could Be 93% Overvalued As Amazon Deal Lifts Revenue Hopes,Simply Wall St.,2026-08-15,0.542,4,strong_buy,0.919,"AAOI has surged +279% YTD with +38% 1M momentum and +13% in a single day, driven by expected business updates next week and strong demand for optical components in AI data centers.",+279% YTD; +38% 1M momentum; upcoming business updates; AI optical demand,,,,,
FN,Fabrinet,AI,fibre-optical,NYSE,598.58,+4.19%,+13.57%,+21.11%,+24.86%,+74%,21.448,1.222,51.47,0.94,1229139,3905039,16438839,,6.13,none,,4.19,104.19,4.19,1041.9,41.9,10419.0,419.0,13.57,113.57,13.57,1135.7,135.7,11357.0,1357.0,21.11,121.11,21.11,1211.1,211.1,12111.0,2111.0,24.86,124.86,24.86,1248.6,248.6,12486.0,2486.0,74.0,174.0,74.0,1740.0,740.0,17400.0,7400.0,FN Gears Up to Report Q4 Earnings: What's in Store for the Stock?,Zacks,2026-08-14,0.0,"Fabrinet's COO Sells Nearly 7,000 Shares for $3.6 Million. Here's What That Means for Investors.",Motley Fool,2026-08-14,0.296,Why Fabrinet (FN) Shares Climbed After Its Latest Update,Simply Wall St.,2026-08-13,0.296,,,,,,,,,,
MTSI,MACOM Technology,AI,dsp-semi,NASDAQ,327.53,+3.06%,+5.38%,+21.40%,+87.20%,+154%,25.014,1.71,104.64,1.68,1098982,5742682,29607782,,3.69,buy,1.6,3.06,103.06,3.06,1030.6,30.6,10306.0,306.0,5.38,105.38,5.38,1053.8,53.8,10538.0,538.0,21.4,121.4,21.4,1214.0,214.0,12140.0,2140.0,87.2,187.2,87.2,1872.0,872.0,18720.0,8720.0,154.0,254.0,154.0,2540.0,1540.0,25400.0,15400.0,"MACOM (MTSI): Buy, Sell, or Hold Post Q2 Earnings?",StockStory,2026-08-15,0.0,The Top 5 Analyst Questions From MACOM’s Q2 Earnings Call,StockStory,2026-08-15,0.202,Analog Semiconductors Stocks Q2 Results: Benchmarking MACOM (NASDAQ:MTSI),StockStory,2026-08-15,0.0,,,,,,,,,,
SMTC,Semtech,AI,dsp-semi,NASDAQ,154.22,+9.47%,+17.48%,+22.51%,+104.92%,+178%,14.366,2.345,,3.46,3733416,11040116,44143916,,9.13,strong_buy,1.36,9.47,109.47,9.47,1094.7,94.7,10947.0,947.0,17.48,117.48,17.48,1174.8,174.8,11748.0,1748.0,22.51,122.51,22.51,1225.1,225.1,12251.0,2251.0,104.92,204.92,104.92,2049.2,1049.2,20492.0,10492.0,178.0,278.0,178.0,2780.0,1780.0,27800.0,17800.0,Why Semtech (SMTC) Stock Is Trading Up Today,StockStory,2026-08-17,0.0,Social Media Went Negative on Memory Stocks like SanDisk & Micron Last Weekend. Then They Rallied.,24/7 Wall St.,2026-08-15,-0.296,"Marvell Technology, MACOM, Micron, Western Digital, and Semtech Shares Skyrocket, What You Need To Know",StockStory,2026-08-14,0.296,,,,,,,,,,
CRDO,Credo Technology,AI,dsp-semi,NASDAQ,282.82,+8.57%,+17.87%,+33.36%,+97.47%,+119%,52.74,3.233,112.23,7.98,5712484,21101484,105794384,,3.66,none,,8.57,108.57,8.57,1085.7,85.7,10857.0,857.0,17.87,117.87,17.87,1178.7,178.7,11787.0,1787.0,33.36,133.36,33.36,1333.6,333.6,13336.0,3336.0,97.47,197.47,97.47,1974.7,974.7,19747.0,9747.0,119.0,219.0,119.0,2190.0,1190.0,21900.0,11900.0,"AI Networking Stocks Are Rallying on Monday. Marvell Up 8%, Credo Up 8%, Ciena Joins the Move",24/7 Wall St.,2026-08-17,0.0,Will Credo Maintain Strong Margins Despite Higher R&D Spending in FY27?,Zacks,2026-08-17,0.511,Rambus Stock Has Been on a Wild Ride. Here’s What Happens Next,24/7 Wall St.,2026-08-15,0.0,,,,,,,,,,
MXL,MaxLinear,AI,dsp-semi,NASDAQ,84.76,-0.78%,+23.85%,+13.00%,+357.91%,+450%,7.687,3.975,,4.01,2802168,10868368,78857168,,6.43,buy,1.82,-0.78,99.22,-0.78,992.2,-7.8,9922.0,-78.0,23.85,123.85,23.85,1238.5,238.5,12385.0,2385.0,13.0,113.0,13.0,1130.0,130.0,11300.0,1300.0,357.91,457.91,357.91,4579.1,3579.1,45791.0,35791.0,450.0,550.0,450.0,5500.0,4500.0,55000.0,45000.0,MaxLinear Stock Sells At A Price Its Trailing Year Cannot Explain,Trefis,2026-08-17,0.0,Does MaxLinear (MXL) Have the Potential to Rally 31.25% as Wall Street Analysts Expect?,Zacks,2026-08-14,0.0,"The Zacks Analyst Blog Highlights MaxLinear, Marvell Technology and Broadcom",Zacks,2026-07-28,0.0,,,,,,,,,,
KEYS,Keysight Technologies,AI,test-equip,NYSE,361.15,+0.38%,+5.92%,+14.97%,+74.81%,+118%,61.719,1.21,57.97,1.54,1514983,5031683,21844983,,2.14,buy,1.75,0.38,100.38,0.38,1003.8,3.8,10038.0,38.0,5.92,105.92,5.92,1059.2,59.2,10592.0,592.0,14.97,114.97,14.97,1149.7,149.7,11497.0,1497.0,74.81,174.81,74.81,1748.1,748.1,17481.0,7481.0,118.0,218.0,118.0,2180.0,1180.0,21800.0,11800.0,Earnings To Watch: Keysight (KEYS) Reports Q2 Results Tomorrow,StockStory,2026-08-17,0.0,"Third Point Exited Nvidia and Broadcom, Made New Bet on Warner Bros. Discovery in Second Quarter",Barrons.com,2026-08-14,0.0,Keysight Technologies (KEYS) Could Be 8% Undervalued Following OCP APAC Summit,Simply Wall St.,2026-08-14,0.0,,,,,,,,,,
VIAV,Viavi Solutions,AI,test-equip,NASDAQ,46.26,+5.40%,+24.35%,+17.32%,+154.88%,+306%,11.414,1.234,,6.94,5038659,21574459,107959459,,6.56,strong_buy,1.38,5.4,105.4,5.4,1054.0,54.0,10540.0,540.0,24.35,124.35,24.35,1243.5,243.5,12435.0,2435.0,17.32,117.32,17.32,1173.2,173.2,11732.0,1732.0,154.88,254.88,154.88,2548.8,1548.8,25488.0,15488.0,306.0,406.0,306.0,4060.0,3060.0,40600.0,30600.0,2 of Wall Street’s Favorite Stocks on Our Watchlist and 1 That Underwhelm,StockStory,2026-08-16,0.459,Why Viavi Solutions (VIAV) Stock Is Up Today,StockStory,2026-08-14,0.178,Does Viavi Solutions (VIAV) Have the Potential to Rally 38.8% as Wall Street Analysts Expect?,Zacks,2026-08-14,0.178,,,,,,,,,,
AXTI,AXT Inc,AI,materials,NASDAQ,95.97,+17.24%,+30.02%,+96.54%,+472.61%,+3844%,6.294,1.933,3199.0,10.29,15087324,50983824,256623124,,16.05,none,,17.24,117.24,17.24,1172.4,172.4,11724.0,1724.0,30.02,130.02,30.02,1300.2,300.2,13002.0,3002.0,96.54,196.54,96.54,1965.4,965.4,19654.0,9654.0,472.61,572.61,472.61,5726.1,4726.1,57261.0,47261.0,3844.0,3944.0,3844.0,39440.0,38440.0,394400.0,384400.0,AXT Inc. (AXTI) Soars 19.8% on Looming Indium Phosphide Price Hike,Insider Monkey,2026-08-17,-0.128,AXT Soars Again on Monday to Lead Optics Stocks. Coherent and Lumentum Rally on Indium Phosphide Price Hikes,24/7 Wall St.,2026-08-17,0.0,Here's Why AXTI Stock Is a Buy Despite Its Premium 48.12X Valuation,Zacks,2026-08-17,0.0,10,strong_buy,1.0,"AXTI is up +387% YTD with +53% 1M momentum, but its P/E of 2721 is extremely stretched and short interest is 16%; the stock is volatile but riding AI materials demand.",+387% YTD; +53% 1M momentum; AI materials demand; very high P/E,,,,,
AMGN,Amgen,Biotech,large-cap,NASDAQ,419.38,+1.06%,+0.52%,+15.16%,+29.86%,+42%,226.884,0.413,26.03,2.7,2264991,11174291,56437391,243.0,2.46,buy,2.47,1.06,101.06,1.06,1010.6,10.6,10106.0,106.0,0.52,100.52,0.52,1005.2,5.2,10052.0,52.0,15.16,115.16,15.16,1151.6,151.6,11516.0,1516.0,29.86,129.86,29.86,1298.6,298.6,12986.0,2986.0,42.0,142.0,42.0,1420.0,420.0,14200.0,4200.0,"If You Invest $100 a Month in SCHD, Here's the Passive Income It Could Deliver in 20 Years",Motley Fool,2026-08-17,0.202,Fulcrum Therapeutics & Slate Medicines Merge for Next-Generation Migraine Therapies,Exec Edge,2026-08-17,0.0,2 GLP-1 Stocks That Could Double Your Money by 2031,Motley Fool,2026-08-16,0.0,4,buy,0.79,"Fundamentals robust: YTD +28.57%, P/E 25.77, market cap $224.6B, dividend yield 243bps; web search confirms Q2 revenue beat ($10.1B vs est. $9.42B) and raised full-year guidance.",YTD +28.57%; Q2 revenue $10.1B beat estimates; raised full-year guidance; dividend yield 243bps,,,,,
GILD,Gilead Sciences,Biotech,large-cap,NASDAQ,138.92,+0.67%,+4.40%,+4.29%,+15.65%,+17%,172.254,0.336,,7.68,3788270,23269270,138518670,237.0,1.97,buy,1.69,0.67,100.67,0.67,1006.7,6.7,10067.0,67.0,4.4,104.4,4.4,1044.0,44.0,10440.0,440.0,4.29,104.29,4.29,1042.9,42.9,10429.0,429.0,15.65,115.65,15.65,1156.5,156.5,11565.0,1565.0,17.0,117.0,17.0,1170.0,170.0,11700.0,1700.0,Gilead yanks out a thorn in its side in major court ruling,TheStreet,2026-08-17,0.0,"Gilead Sciences (GILD): Buy, Sell, or Hold Post Q2 Earnings?",StockStory,2026-08-16,0.0,Can MacroGenics (MGNX) Turn Gilead Sciences (GILD)’s $10M Milestone Into a Major Pipeline Catalyst?,Insider Monkey,2026-08-15,0.0,,,,,,,,,,
REGN,Regeneron Pharmaceuticals,Biotech,large-cap,NASDAQ,805.93,+0.30%,-0.26%,+19.90%,+4.10%,+40%,82.975,0.188,19.94,1.01,489637,3139137,17222937,47.0,3.48,buy,1.81,0.3,100.3,0.3,1003.0,3.0,10030.0,30.0,-0.26,99.74,-0.26,997.4,-2.6,9974.0,-26.0,19.9,119.9,19.9,1199.0,199.0,11990.0,1990.0,4.1,104.1,4.1,1041.0,41.0,10410.0,410.0,40.0,140.0,40.0,1400.0,400.0,14000.0,4000.0,EyePoint Stock Craters 69% After Drug Trial Failure. It May Be an Overreaction.,Barrons.com,2026-08-17,-0.612,2 GLP-1 Stocks That Could Double Your Money by 2031,Motley Fool,2026-08-16,0.0,GLP-1 Demand Is Soaring. 2 Stocks That Could Benefit From This (Hint: Not Eli Lilly or Novo Nordisk),Motley Fool,2026-08-14,0.361,3,buy,0.8,"1M surge of +20.92% and 1W +2.44%; P/E 19.88 is attractive vs peers, and analyst consensus is buy (1.81); web search confirms 7-day winning streak with 17% gain and strong underlying operating margin of 26.9%.",1M +20.92%; P/E 19.88 attractive; 7-day +17% rally; buy consensus an_score 1.81,,,,,
VRTX,Vertex Pharmaceuticals,Biotech,large-cap,NASDAQ,515.55,+2.25%,-1.60%,+7.29%,+14.03%,+30%,130.672,0.305,30.08,1.57,1065093,5171493,27827393,,1.76,buy,1.62,2.25,102.25,2.25,1022.5,22.5,10225.0,225.0,-1.6,98.4,-1.6,984.0,-16.0,9840.0,-160.0,7.29,107.29,7.29,1072.9,72.9,10729.0,729.0,14.03,114.03,14.03,1140.3,140.3,11403.0,1403.0,30.0,130.0,30.0,1300.0,300.0,13000.0,3000.0,Can AbCellera Biologics (ABCL)’s Vertex Pharmaceuticals Incorporated (VRTX) Deal Turn its TCE Platform Into a Breakthrough?,Insider Monkey,2026-08-14,0.0,Is Vertex Pharmaceuticals (VRTX) Fairly Valued As Pipeline Catalysts Near?,Simply Wall St.,2026-08-14,0.44,Vertex Pharmaceuticals Just Hit an All-Time High. Here's Why the Biotech Stock Could Soar Even More,Motley Fool,2026-08-14,0.0,7,buy,0.74,"Solid 1Y return +30%, YTD +11.86%, 1M +6.01%, and 1W +1.95%; analyst consensus is buy (1.62) with low short interest 1.76%, supportive of steady outperformance.",1Y +30%; buy consensus an_score 1.62; short interest low 1.76%; 1M +6.01%,,,,,
BIIB,Biogen,Biotech,large-cap,NASDAQ,209.15,-0.42%,+0.98%,+4.60%,+17.62%,+54%,30.902,0.162,37.22,1.2,607727,3748027,20242227,,4.11,buy,1.81,-0.42,99.58,-0.42,995.8,-4.2,9958.0,-42.0,0.98,100.98,0.98,1009.8,9.8,10098.0,98.0,4.6,104.6,4.6,1046.0,46.0,10460.0,460.0,17.62,117.62,17.62,1176.2,176.2,11762.0,1762.0,54.0,154.0,54.0,1540.0,540.0,15400.0,5400.0,"Wolfe Research upgrades Biogen, AbbVie on pipeline strength and valuation",Investing.com,2026-08-13,0.494,Biogen (BIIB) Q2 2026 Earnings Call Transcript,Motley Fool,2026-08-08,0.0,Biogen Stock: How To Find & Own America's Greatest Opportunities,Investor's Business Daily,2026-08-05,0.778,8,buy,0.72,"Strong YTD +18.00%, 1M +6.38%, and highest news sentiment in universe at 0.254; buy consensus an_score 1.81; web search highlights Wolfe Research upgrade on pipeline strength.",YTD +18.00%; news sentiment 0.254; 1M +6.38%; buy consensus 1.81,,,,,
BMY,Bristol-Myers Squibb,Biotech,large-cap,NYSE,64.63,+1.02%,-0.32%,+7.43%,+23.52%,+32%,132.021,0.225,14.24,12.39,4735256,39666056,249662256,395.0,2.56,buy,2.46,1.02,101.02,1.02,1010.2,10.2,10102.0,102.0,-0.32,99.68,-0.32,996.8,-3.2,9968.0,-32.0,7.43,107.43,7.43,1074.3,74.3,10743.0,743.0,23.52,123.52,23.52,1235.2,235.2,12352.0,2352.0,32.0,132.0,32.0,1320.0,320.0,13200.0,3200.0,1 Momentum  Stock on Our Buy List and 2 We Turn Down,StockStory,2026-08-17,0.0,"NBIX Stock Dips 12% in a Month: Time to Buy, Hold or Sell?",Zacks,2026-08-17,0.0,Are Mega-Mergers Back?,Motley Fool,2026-08-15,0.0,10,buy,0.68,"Excellent value with P/E 14.06 and dividend yield 395bps; YTD +21.99%, 1M +8.70%; analyst consensus is buy (2.46) with low beta 0.225, suitable for risk-adjusted positioning.",P/E 14.06 value; dividend yield 395bps; YTD +21.99%; 1M +8.70%,,,,,
AZN,AstraZeneca,Biotech,uk-listed,LSE,156.56,+0.87%,-3.59%,-8.20%,-14.94%,-2%,2.428,0.211,23.35,2.95,3143905,14901282,92660201,209.0,,buy,1.83,0.87,100.87,0.87,1008.7,8.7,10087.0,87.0,-3.59,96.41,-3.59,964.1,-35.9,9641.0,-359.0,-8.2,91.8,-8.2,918.0,-82.0,9180.0,-820.0,-14.94,85.06,-14.94,850.6,-149.4,8506.0,-1494.0,-2.0,98.0,-2.0,980.0,-20.0,9800.0,-200.0,AstraZeneca Halts Key Lung-Cancer Trial--But Shares Barely Flinch,GuruFocus.com,2026-08-17,0.296,AstraZeneca ditches lung cancer treatment trial,PA Media: Money,2026-08-17,-0.66,Health Care Roundup: Market Talk,The Wall Street Journal,2026-08-17,0.494,,,,,,,,,,
GSK,GSK,Biotech,uk-listed,LSE,25.07,+1.87%,-3.93%,-3.38%,+1.12%,+26%,1.005,0.295,15.69,7.87,3969306,33477633,183341720,374.0,,hold,2.59,1.87,101.87,1.87,1018.7,18.7,10187.0,187.0,-3.93,96.07,-3.93,960.7,-39.3,9607.0,-393.0,-3.38,96.62,-3.38,966.2,-33.8,9662.0,-338.0,1.12,101.12,1.12,1011.2,11.2,10112.0,112.0,26.0,126.0,26.0,1260.0,260.0,12600.0,2600.0,Could GSK plc (GSK)’s Pipeline Acceleration Unlock a New Growth Era?,Insider Monkey,2026-08-13,0.382,Wave Life Sciences: A $1 Billion RNA-Medicine Bargain Ripe for Pharma Takeover,24/7 Wall St.,2026-08-13,0.202,Trump Plans to Sign Order on Splitting Up Combined Measles Shot,Bloomberg,2026-08-10,0.0,,,,,,,,,,
CRSP,CRISPR Therapeutics,Biotech,gene-editing,NASDAQ,54.28,+1.02%,+1.44%,+15.51%,+0.95%,-7%,5.248,1.738,,1.64,942005,4467605,29391105,,22.28,buy,2.0,1.02,101.02,1.02,1010.2,10.2,10102.0,102.0,1.44,101.44,1.44,1014.4,14.4,10144.0,144.0,15.51,115.51,15.51,1155.1,155.1,11551.0,1551.0,0.95,100.95,0.95,1009.5,9.5,10095.0,95.0,-7.0,93.0,-7.0,930.0,-70.0,9300.0,-700.0,"Crispr Therapeutics Posts ""Quiet"" Quarter as Casgevy Advances, SiRNA Data Readouts Near, RBC Says",MT Newswires,2026-08-04,0.0,"VRTX's Q2 Earnings Lag Estimates, Revenues Top, 2026 Sales View Raised",Zacks,2026-08-04,-0.153,CRISPR Therapeutics' Q2 Earnings & Revenues Surpass Estimates,Zacks,2026-08-04,0.0,,,,,,,,,,
BEAM,Beam Therapeutics,Biotech,gene-editing,NASDAQ,27.1,+0.67%,-0.66%,+2.92%,-0.15%,+56%,2.799,2.209,,2.15,1215533,7349233,35748333,,35.17,strong_buy,1.33,0.67,100.67,0.67,1006.7,6.7,10067.0,67.0,-0.66,99.34,-0.66,993.4,-6.6,9934.0,-66.0,2.92,102.92,2.92,1029.2,29.2,10292.0,292.0,-0.15,99.85,-0.15,998.5,-1.5,9985.0,-15.0,56.0,156.0,56.0,1560.0,560.0,15600.0,5600.0,"BEAM's Q2 Loss Wider Than Expected, Revenues Fall Y/Y, Pipeline in Focus",Zacks,2026-08-05,-0.318,"Beam Therapeutics Inc. (BEAM) Reports Q2 Loss, Lags Revenue Estimates",Zacks,2026-08-04,-0.586,"Myriad Genetics (MYGN) Reports Q2 Loss, Misses Revenue Estimates",Zacks,2026-07-30,-0.494,,,,,,,,,,
NTLA,Intellia Therapeutics,Biotech,gene-editing,NASDAQ,12.09,+1.60%,+0.58%,+10.71%,+31.27%,+11%,1.694,1.794,,5.1,1792338,11708638,70342538,,39.57,buy,2.26,1.6,101.6,1.6,1016.0,16.0,10160.0,160.0,0.58,100.58,0.58,1005.8,5.8,10058.0,58.0,10.71,110.71,10.71,1107.1,107.1,11071.0,1071.0,31.27,131.27,31.27,1312.7,312.7,13127.0,3127.0,11.0,111.0,11.0,1110.0,110.0,11100.0,1100.0,Intellia (NTLA) Q2 2026 Earnings Call Transcript,Motley Fool,2026-08-13,0.0,These Are the Stocks Wall Street Is Betting Against the Most,GuruFocus.com,2026-08-12,0.0,"NTLA Q2 Earnings In Line, Top Line Misses on Lower Regeneron Revenues",Zacks,2026-08-07,-0.318,,,,,,,,,,
EDIT,Editas Medicine,Biotech,gene-editing,NASDAQ,2.84,-0.00%,+1.07%,-1.39%,+38.54%,+3%*,0.436,2.063,,2.58,2107819,8394019,31739119,,15.3,buy,2.17,-0.0,100.0,0.0,1000.0,0.0,10000.0,0.0,1.07,101.07,1.07,1010.7,10.7,10107.0,107.0,-1.39,98.61,-1.39,986.1,-13.9,9861.0,-139.0,38.54,138.54,38.54,1385.4,385.4,13854.0,3854.0,3.0,103.0,3.0,1030.0,30.0,10300.0,300.0,Is Editas Medicine (EDIT) Outperforming Other Medical Stocks This Year?,Zacks,2026-08-10,0.0,"EDIT Q2 Earnings Beat Estimates, Revenues Rise, Pipeline in Focus",Zacks,2026-08-06,0.0,"Editas Medicine (EDIT) Reports Q2 Loss, Beats Revenue Estimates",Zacks,2026-08-05,-0.318,,,,,,,,,,
ILMN,Illumina,Biotech,genomics,NASDAQ,193.13,+1.18%,+0.70%,+4.58%,+43.76%,+90%,29.163,1.464,36.03,1.94,995702,5174702,40289302,,8.73,buy,2.45,1.18,101.18,1.18,1011.8,11.8,10118.0,118.0,0.7,100.7,0.7,1007.0,7.0,10070.0,70.0,4.58,104.58,4.58,1045.8,45.8,10458.0,458.0,43.76,143.76,43.76,1437.6,437.6,14376.0,4376.0,90.0,190.0,90.0,1900.0,900.0,19000.0,9000.0,1 Unpopular Stock That Deserves Some Love and 2 Facing Headwinds,StockStory,2026-08-17,0.637,BMRN vs. ILMN: Which Stock Is the Better Value Option?,Zacks,2026-08-12,0.649,"The Zacks Analyst Blog Highlights Illumina, Qnity Electronics and nVent Electric",Zacks,2026-08-11,0.0,,,,,,,,,,
PACB,Pacific Biosciences,Biotech,genomics,NASDAQ,1.21,+4.31%,+5.22%,-11.03%,-34.24%,-14%*,0.376,2.318,,6.43,6084442,35774842,156048042,,18.12,buy,2.0,4.31,104.31,4.31,1043.1,43.1,10431.0,431.0,5.22,105.22,5.22,1052.2,52.2,10522.0,522.0,-11.03,88.97,-11.03,889.7,-110.3,8897.0,-1103.0,-34.24,65.76,-34.24,657.6,-342.4,6576.0,-3424.0,-14.0,86.0,-14.0,860.0,-140.0,8600.0,-1400.0,"PacBio Cuts Outlook as SPRQ-Nx Transition Slows, Targets 2028 Cash-Flow Positivity",MarketBeat,2026-08-16,0.273,5 Must-Read Analyst Questions From PacBio’s Q2 Earnings Call,StockStory,2026-08-14,0.0,"PacBio Q2 Earnings Meet Estimates, Revenues Miss, 2026 Sales View Cut",Zacks,2026-08-06,-0.402,,,,,,,,,,
NTRA,Natera,Biotech,genomics,NASDAQ,314.18,+1.61%,-1.31%,+19.63%,+37.29%,+92%,45.288,1.514,,1.45,1055071,6383871,27099771,,3.12,strong_buy,1.5,1.61,101.61,1.61,1016.1,16.1,10161.0,161.0,-1.31,98.69,-1.31,986.9,-13.1,9869.0,-131.0,19.63,119.63,19.63,1196.3,196.3,11963.0,1963.0,37.29,137.29,37.29,1372.9,372.9,13729.0,3729.0,92.0,192.0,92.0,1920.0,920.0,19200.0,9200.0,Natera Supports Kupando Trial to Advance ctDNA Monitoring in Cancer,Zacks,2026-08-17,-0.44,Natera (NTRA) Stock May Be 49% Undervalued As Guidance Rises,Simply Wall St.,2026-08-16,0.0,Natera (NTRA) Lands New Trial Collaboration But Is The Valuation Already Priced In,Simply Wall St.,2026-08-16,0.0,2,strong_buy,0.82,"Exceptional 1Y return of +92%, YTD +35.44%, 1M +11.74%; strong_buy consensus with an_score 1.50, and news sentiment positive at 0.154; web search indicates 49% upside potential per recent report.",1Y +92% return; strong_buy consensus an_score 1.50; 1M +11.74%; news sentiment 0.154 positive,,,,,
RXRX,Recursion Pharmaceuticals,Biotech,genomics,NASDAQ,3.11,-2.20%,-5.47%,+7.61%,-25.95%,-43%*,1.667,1.054,,20.65,10479042,53001042,321008242,,35.35,buy,2.43,-2.2,97.8,-2.2,978.0,-22.0,9780.0,-220.0,-5.47,94.53,-5.47,945.3,-54.7,9453.0,-547.0,7.61,107.61,7.61,1076.1,76.1,10761.0,761.0,-25.95,74.05,-25.95,740.5,-259.5,7405.0,-2595.0,-43.0,57.0,-43.0,570.0,-430.0,5700.0,-4300.0,"Contineum, Disc Medicine, Recursion Advance Pipelines Ahead of Catalysts, Morgan Stanley Says",MT Newswires,2026-08-17,0.0,4 AI-Powered Drug Discovery Stocks to Watch as AI Reshapes Pharma,Zacks,2026-08-17,0.0,"Recursion Pharmaceuticals Highlights AI Platform, Roche Progress and Pipeline Updates",MarketBeat,2026-08-17,0.421,,,,,,,,,,
INCY,Incyte,Biotech,oncology,NASDAQ,123.5,+2.77%,+1.60%,+6.79%,+21.77%,+41%,25.033,0.769,15.73,1.86,1573453,5323853,38242153,,8.62,buy,2.33,2.77,102.77,2.77,1027.7,27.7,10277.0,277.0,1.6,101.6,1.6,1016.0,16.0,10160.0,160.0,6.79,106.79,6.79,1067.9,67.9,10679.0,679.0,21.77,121.77,21.77,1217.7,217.7,12177.0,2177.0,41.0,141.0,41.0,1410.0,410.0,14100.0,4100.0,"Incyte Corporation (INCY) has the Bigger Revenue Base, but Could Halozyme Therapeutics, Inc. (HALO) have the Better Economics?",Insider Monkey,2026-08-14,0.593,Incyte Sales Growth Drives Share Price Gains,FX Empire,2026-08-12,0.735,"Mirum's Q2 Earnings Lag Estimates, Revenues Beat, 2026 View Raised",Zacks,2026-08-06,-0.34,9,buy,0.7,"Very attractive P/E of 15.31 with highest news sentiment among peers at 0.483; 1Y return +41%, YTD +18.48%, and 1M +4.41% momentum.",P/E 15.31 very low; news sentiment 0.483; 1Y +41%; YTD +18.48%,,,,,
EXEL,Exelixis,Biotech,oncology,NASDAQ,52.32,+2.59%,-1.21%,-5.78%,+20.06%,+36%,12.963,0.422,16.45,2.65,2092958,11361458,56461658,,15.86,buy,2.37,2.59,102.59,2.59,1025.9,25.9,10259.0,259.0,-1.21,98.79,-1.21,987.9,-12.1,9879.0,-121.0,-5.78,94.22,-5.78,942.2,-57.8,9422.0,-578.0,20.06,120.06,20.06,1200.6,200.6,12006.0,2006.0,36.0,136.0,36.0,1360.0,360.0,13600.0,3600.0,Exelixis (EXEL) Q2 2026 Earnings Call Transcript,Motley Fool,2026-08-13,0.0,Exelixis (EXEL) Is Down 6.7% After Cutting 2026 Revenue Outlook Amid Oncology Investment Pivot,Simply Wall St.,2026-08-07,-0.128,Why This Top-Ranked IBD 50 Stock Just Tumbled On Its Earnings,Investor's Business Daily,2026-08-06,0.0,,,,,,,,,,
ALNY,Alnylam Pharmaceuticals,Biotech,oncology,NASDAQ,224.6,-1.08%,+3.51%,-17.63%,-43.87%,-50%,30.053,0.279,39.13,1.63,1359532,7394132,46242432,,4.78,buy,1.7,-1.08,98.92,-1.08,989.2,-10.8,9892.0,-108.0,3.51,103.51,3.51,1035.1,35.1,10351.0,351.0,-17.63,82.37,-17.63,823.7,-176.3,8237.0,-1763.0,-43.87,56.13,-43.87,561.3,-438.7,5613.0,-4387.0,-50.0,50.0,-50.0,500.0,-500.0,5000.0,-5000.0,Why the Alnylam Sell-Off Looks Overdone -- and What Investors Are Missing,Motley Fool,2026-08-16,-0.296,Raymond James Is Betting Big on These 2 ‘Strong Buy’ Stocks,TipRanks,2026-08-11,0.0,Drugs that missed the mark in pharma’s last earnings round,Pharma Voice,2026-08-11,-0.296,,,,,,,,,,
RCUS,Arcus Biosciences,Biotech,oncology,NYSE,29.56,+0.24%,+2.92%,+4.93%,+26.92%,+182%*,3.718,0.811,,1.25,1686840,5532740,24433940,,16.82,strong_buy,1.46,0.24,100.24,0.24,1002.4,2.4,10024.0,24.0,2.92,102.92,2.92,1029.2,29.2,10292.0,292.0,4.93,104.93,4.93,1049.3,49.3,10493.0,493.0,26.92,126.92,26.92,1269.2,269.2,12692.0,2692.0,182.0,282.0,182.0,2820.0,1820.0,28200.0,18200.0,Could Arcus Biosciences (RCUS) and Summit Therapeutics (SMMT)’s Cancer Drug Partnership Create a New Treatment Standard?,Insider Monkey,2026-08-14,-0.511,Arcus Biosciences (RCUS) Q2 2026 Earnings Call Transcript,Motley Fool,2026-08-13,0.0,"Arcus Biosciences' Casdatifan Therapy Could be Launched in 2028, Morgan Stanley Says",MT Newswires,2026-08-10,0.128,5,strong_buy,0.78,"1Y return of +182% lead the universe, YTD +26.58%; strong_buy consensus an_score 1.46; recent 1W +3.00% and 1D +2.15% momentum is solid despite high short interest of 16.82%.",1Y +182% top in universe; strong_buy consensus 1.46; 1W +3.00%; YTD +26.58%,,,,,
MRNA,Moderna,Biotech,mrna,NASDAQ,64.46,+1.83%,+7.77%,+8.35%,+108.88%,+125%,25.734,0.899,,6.92,3727957,29720157,112137657,,15.23,hold,2.91,1.83,101.83,1.83,1018.3,18.3,10183.0,183.0,7.77,107.77,7.77,1077.7,77.7,10777.0,777.0,8.35,108.35,8.35,1083.5,83.5,10835.0,835.0,108.88,208.88,108.88,2088.8,1088.8,20888.0,10888.0,125.0,225.0,125.0,2250.0,1250.0,22500.0,12500.0,Behind the Ticker: How VFLO Beats Growth at Its Own Game,etf.com,2026-08-17,0.382,FDA nod is just the first hurdle for Moderna’s potential blockbuster flu vax,Pharma Voice,2026-08-17,0.318,"Moderna (MRNA): Buy, Sell, or Hold Post Q2 Earnings?",StockStory,2026-08-16,0.0,,,,,,,,,,
BNTX,BioNTech,Biotech,mrna,NASDAQ,91.6,-1.60%,-1.29%,-0.61%,-5.26%,-17%,23.011,1.278,,0.95,434603,3256103,19101703,,3.69,buy,1.55,-1.6,98.4,-1.6,984.0,-16.0,9840.0,-160.0,-1.29,98.71,-1.29,987.1,-12.9,9871.0,-129.0,-0.61,99.39,-0.61,993.9,-6.1,9939.0,-61.0,-5.26,94.74,-5.26,947.4,-52.6,9474.0,-526.0,-17.0,83.0,-17.0,830.0,-170.0,8300.0,-1700.0,Pfizer Inc. (PFE) vs. BioNTech SE (BNTX): Which Pharma Giant Is Better Positioned for the Post-COVID Era?,Insider Monkey,2026-08-11,0.44,BioNTech (BNTX) Brings In New CEO As Europe Clears Updated COVID 19 Shot,Simply Wall St.,2026-08-07,0.077,European Equities Traded in the US as American Depositary Receipts Track Higher in Thursday Trading,MT Newswires,2026-08-06,0.0,,,,,,,,,,
NVAX,Novavax,Biotech,mrna,NASDAQ,8.07,+0.24%,+2.28%,+2.41%,+13.18%,-17%*,1.331,2.416,,4.13,1874785,12805085,64701985,,27.86,buy,2.33,0.24,100.24,0.24,1002.4,2.4,10024.0,24.0,2.28,102.28,2.28,1022.8,22.8,10228.0,228.0,2.41,102.41,2.41,1024.1,24.1,10241.0,241.0,13.18,113.18,13.18,1131.8,131.8,11318.0,1318.0,-17.0,83.0,-17.0,830.0,-170.0,8300.0,-1700.0,Valneva Q2 Earnings Call Highlights,MarketBeat,2026-08-13,0.0,Novavax (NVAX) Is Up 8.6% After Beating Q2 Estimates And Expanding Big-Pharma Partnerships - What's Changed,Simply Wall St.,2026-08-08,-0.459,"NVAX Q2 Earnings & Sales Beat Estimates, '26 Sales Outlook Raised",Zacks,2026-08-07,0.0,,,,,,,,,,
BMRN,BioMarin Pharmaceutical,Biotech,rare-disease,NASDAQ,66.64,-1.07%,-3.25%,+12.74%,+12.09%,+17%,12.9,0.227,180.11,2.2,2237797,12775197,48046197,,6.48,buy,1.72,-1.07,98.93,-1.07,989.3,-10.7,9893.0,-107.0,-3.25,96.75,-3.25,967.5,-32.5,9675.0,-325.0,12.74,112.74,12.74,1127.4,127.4,11274.0,1274.0,12.09,112.09,12.09,1120.9,120.9,11209.0,1209.0,17.0,117.0,17.0,1170.0,170.0,11700.0,1700.0,Does BioMarin’s Raised 2026 Outlook and ESOP Shelf Offering Reshape the Bull Case for BMRN?,Simply Wall St.,2026-08-17,0.0,"BioMarin Pharmaceutical (BMRN) Updates Guidance And Files Shelf Registration, Is It Still Below Fair Value?",Simply Wall St.,2026-08-16,0.572,3 Cash-Producing Stocks We Find Risky,StockStory,2026-08-16,-0.202,6,buy,0.76,"Impressive 1M gain of +14.27% and 1W +5.56%; buy consensus an_score 1.72; web search confirms Q2 revenue up 20% Y/Y to $990M, VOXZOGO guidance raised to at least $1B, and FDA sNDA accepted for hypochondroplasia.",1M +14.27%; Q2 revenue +20% Y/Y to $990M; VOXZOGO guidance >$1B; buy consensus an_score 1.72,,,,,
SRPT,Sarepta Therapeutics,Biotech,rare-disease,NASDAQ,18.18,+2.25%,+5.82%,+8.02%,-14.69%,-14%,1.92,0.205,,3.31,1458509,10909909,61360909,,31.28,hold,2.67,2.25,102.25,2.25,1022.5,22.5,10225.0,225.0,5.82,105.82,5.82,1058.2,58.2,10582.0,582.0,8.02,108.02,8.02,1080.2,80.2,10802.0,802.0,-14.69,85.31,-14.69,853.1,-146.9,8531.0,-1469.0,-14.0,86.0,-14.0,860.0,-140.0,8600.0,-1400.0,Sarepta (SRPT) Q2 2026 Earnings Call Transcript,Motley Fool,2026-08-13,0.0,"Sarepta's Q2 Earnings & Sales Beat Estimates, '26 Outlook Updated",Zacks,2026-08-06,0.0,"Sarepta Faces Competitive Pressures Despite Pipeline Updates, RBC Says",MT Newswires,2026-08-06,-0.153,,,,,,,,,,
COAG,Hemab Therapeutics,Biotech,rare-disease,NASDAQ,53.59,-2.46%,+7.91%,+8.50%,+57.62%,+62%,2.503,,,0.32,204693,1054493,8391493,,,strong_buy,1.0,-2.46,97.54,-2.46,975.4,-24.6,9754.0,-246.0,7.91,107.91,7.91,1079.1,79.1,10791.0,791.0,8.5,108.5,8.5,1085.0,85.0,10850.0,850.0,57.62,157.62,57.62,1576.2,576.2,15762.0,5762.0,62.0,162.0,62.0,1620.0,620.0,16200.0,6200.0,Biotech IPO Gains Crush AI Listings With Standout 55% Return,Bloomberg,2026-07-21,0.202,Sector Update: Healthcare Stocks Advance Late Afternoon,MT Newswires,2026-07-13,0.0,"Hemab Therapeutics Details Post-IPO Pipeline Push, Sutacimig Phase III Plans",MarketBeat,2026-06-09,0.0,1,strong_buy,0.85,"Highest momentum in the universe with YTD +61.59%, 1M +26.82%, and 1W +10.63%; consensus analyst score is a perfect 1.00 (strong_buy) supporting massive near-term upside.",YTD +61.59%; 1M +26.82%; consensus strong_buy analysts score 1.00; 1W +10.63% short-term momentum,,,,,
NVO,Novo Nordisk,Biotech,metabolic,NYSE,44.88,-2.20%,-5.97%,-9.53%,-11.19%,-15%,196.626,0.349,11.08,12.26,14449783,52871483,272653383,391.0,0.93,hold,2.57,-2.2,97.8,-2.2,978.0,-22.0,9780.0,-220.0,-5.97,94.03,-5.97,940.3,-59.7,9403.0,-597.0,-9.53,90.47,-9.53,904.7,-95.3,9047.0,-953.0,-11.19,88.81,-11.19,888.1,-111.9,8881.0,-1119.0,-15.0,85.0,-15.0,850.0,-150.0,8500.0,-1500.0,"LLY Up Around 6% Post Robust Q2 Results: Buy, Sell or Hold the Stock?",Zacks,2026-08-17,0.34,Eli Lilly and Company (LLY)’s Weight-Loss Pill Just Won Its First Race in Europe. Novo Nordisk A/S (NVO) Still Has a Head Start,Insider Monkey,2026-08-17,0.572,Novo Nordisk AS's Dividend Analysis,GuruFocus.com,2026-08-17,0.0,,,,,,,,,,
LLY,Eli Lilly,Biotech,metabolic,NYSE,1183.16,+0.27%,-3.82%,+3.31%,+10.04%,+69%,1055.072,0.506,39.78,2.99,1257871,9512071,54558371,59.0,1.02,buy,1.72,0.27,100.27,0.27,1002.7,2.7,10027.0,27.0,-3.82,96.18,-3.82,961.8,-38.2,9618.0,-382.0,3.31,103.31,3.31,1033.1,33.1,10331.0,331.0,10.04,110.04,10.04,1100.4,100.4,11004.0,1004.0,69.0,169.0,69.0,1690.0,690.0,16900.0,6900.0,OmniAb Jumps 18% as Lilly Deal Lifts Cash Outlook,GuruFocus.com,2026-08-17,0.0,Jim Cramer Says One Group of Stocks is ‘So Hated’ Right Now. Is it Time to Buy?,24/7 Wall St.,2026-08-17,0.0,Three Center-Stage AI Players Join Eli Lilly On Elite Screen,Investor's Business Daily,2026-08-17,0.296,,,,,,,,,,
LEGN,Legend Biotech,Biotech,neuroscience,NASDAQ,20.65,+1.37%,-0.05%,-11.03%,-4.00%,-46%,4.002,0.387,,2.72,1255758,13169458,58005658,,22.31,buy,2.0,1.37,101.37,1.37,1013.7,13.7,10137.0,137.0,-0.05,99.95,-0.05,999.5,-0.5,9995.0,-5.0,-11.03,88.97,-11.03,889.7,-110.3,8897.0,-1103.0,-4.0,96.0,-4.0,960.0,-40.0,9600.0,-400.0,-46.0,54.0,-46.0,540.0,-460.0,5400.0,-4600.0,Sector Update: Healthcare Stocks Advance Late Afternoon,MT Newswires,2026-08-12,0.0,"Here Are Wednesday’s Top Wall Street Analyst Research Calls: The Gap, Genmab, Hilton Worldwide, Intuitive Surgical, Marriott International, Merck, Novo Nordisk, Okta, and More",24/7 Wall St.,2026-08-12,0.202,Legend Biotech (LEGN) Q2 2026 Earnings Call Transcript,Motley Fool,2026-08-12,0.0,,,,,,,,,,
IONS,Ionis Pharmaceuticals,Biotech,neuroscience,NASDAQ,58.63,+4.36%,+2.97%,+10.73%,-26.41%,+32%,9.743,0.4,,2.86,1933748,8914448,58805448,,17.11,buy,1.74,4.36,104.36,4.36,1043.6,43.6,10436.0,436.0,2.97,102.97,2.97,1029.7,29.7,10297.0,297.0,10.73,110.73,10.73,1107.3,107.3,11073.0,1073.0,-26.41,73.59,-26.41,735.9,-264.1,7359.0,-2641.0,32.0,132.0,32.0,1320.0,320.0,13200.0,3200.0,Ionis (IONS) Stock Looks Like A Bargain On Value But Full On Sales,Simply Wall St.,2026-08-16,0.431,"Ionis Pharmaceuticals (IONS) Has A $92 Fair Value Narrative, Is The Stock A Bargain?",Simply Wall St.,2026-08-15,0.67,Ionis Stock Has Plunged 30%. Is It Time to Buy the Beaten-Down Stock?,Motley Fool,2026-08-14,0.0,,,,,,,,,,
BTC,Bitcoin,Crypto,bitcoin,Crypto,64284.572419,+2.08%,+0.27%,-0.48%,-26.55%,-27%,1290.289,,,17394.41,9661851537,121760870773,629106803279,,,,,2.08,102.08,2.08,1020.8,20.8,10208.0,208.0,0.27,100.27,0.27,1002.7,2.7,10027.0,27.0,-0.48,99.52,-0.48,995.2,-4.8,9952.0,-48.0,-26.55,73.45,-26.55,734.5,-265.5,7345.0,-2655.0,-27.0,73.0,-27.0,730.0,-270.0,7300.0,-2700.0,Spot Bitcoin and Ethereum ETFs: The difference between owning the coin and the fund,Yahoo Personal Finance,2026-08-17,0.0,"Strategy raised $334M and bought $0 in bitcoin, but this shouldn't worry investors",Yahoo Finance Video,2026-08-17,0.478,"Trump Pushes For More Crypto Clarity, White House To Host Meeting With Industry Leaders",Investor's Business Daily,2026-08-17,0.455,7,buy,0.65,"Largest crypto at $1.27T with slight 1M decline -0.66%, but web search indicates strong ETF inflows ($199M on Mar 16) and institutional buying by Strategy.",mc $1.27T (safe haven); ETF inflows; institutional buying,,,,,
ETH,Ethereum,Crypto,layer1,Crypto,1904.480428,+1.27%,+1.37%,+2.59%,-35.81%,-36%,229.836,,,5484.11,3309436096,38388758720,215297928279,,,,,1.27,101.27,1.27,1012.7,12.7,10127.0,127.0,1.37,101.37,1.37,1013.7,13.7,10137.0,137.0,2.59,102.59,2.59,1025.9,25.9,10259.0,259.0,-35.81,64.19,-35.81,641.9,-358.1,6419.0,-3581.0,-36.0,64.0,-36.0,640.0,-360.0,6400.0,-3600.0,Spot Bitcoin and Ethereum ETFs: The difference between owning the coin and the fund,Yahoo Personal Finance,2026-08-17,0.0,"Bitcoin and ethereum prices today, Monday, August 17, 2026: Crypto prices down slightly as analysts question timing of bear market bottom",Yahoo Personal Finance,2026-08-17,0.0,"Bitmine Purchases Nearly 10,000 Ethereum",CryptoProwl,2026-08-17,0.0,5,buy,0.7,Largest layer-1 by market cap at $229B with +2.97% 1M gain and slightly positive news sentiment 0.03. Hong Kong stablecoin news supports institutional interest.,+3.0% 1M; mc $229B; news_s 0.03,,,,,
SOL,Solana,Crypto,layer1,Crypto,75.881119,+1.12%,-0.59%,+0.73%,-39.06%,-39%,44.231,,,1139.94,646905912,7979550901,41498117135,,,,,1.12,101.12,1.12,1011.2,11.2,10112.0,112.0,-0.59,99.41,-0.59,994.1,-5.9,9941.0,-59.0,0.73,100.73,0.73,1007.3,7.3,10073.0,73.0,-39.06,60.94,-39.06,609.4,-390.6,6094.0,-3906.0,-39.0,61.0,-39.0,610.0,-390.0,6100.0,-3900.0,Solana’s Pump Token Leads Crypto Market Gainers as Chart Paints Golden Cross,decrypt,2026-08-17,0.0,Securitize down 26%: Why one analyst sees 3X upside,CoinDesk,2026-08-17,0.077,Ansem Debuts Launchpad and the z500 Onchain Index,Bankless,2026-08-17,0.0,8,buy,0.55,Large-cap layer-1 at $44B with flat 1M (+0.57%). Web search notes ETF inflows surged 70x but mixed derivatives signals. Still a core portfolio holding.,mc $44B; ETF inflows surge; slight 1M gain,,,,,
BNB,BNB,Crypto,layer1,Crypto,604.977111,+0.06%,+0.74%,+6.00%,-29.91%,-30%,80.561,,,552.88,503458062,3870125123,16226386468,,,,,0.06,100.06,0.06,1000.6,0.6,10006.0,6.0,0.74,100.74,0.74,1007.4,7.4,10074.0,74.0,6.0,106.0,6.0,1060.0,60.0,10600.0,600.0,-29.91,70.09,-29.91,700.9,-299.1,7009.0,-2991.0,-30.0,70.0,-30.0,700.0,-300.0,7000.0,-3000.0,"A Meme Coin Trader Turned $120 Into $205,000: Luck or Strategy?",BeInCrypto,2026-08-16,0.459,"Why is Ethereum Price Stuck Below $2,000?",BeInCrypto,2026-08-12,-0.25,"BNB Price Jumps on Potential Binance, X Partnership Tease: Is $700 Next?",FX Empire,2026-08-12,-0.318,2,buy,0.75,"Strong +6.65% 1M gain, positive news sentiment of 0.059, and large market cap of $80.6B provide a solid risk/reward profile.",+6.6% 1M; news_s 0.059; large cap $80.6B,,,,,
ADA,Cardano,Crypto,layer1,Crypto,0.174108,-1.79%,-9.84%,+4.76%,-47.66%,-48%,6.365,,,206.34,129061741,1444392607,9338190535,,,,,-1.79,98.21,-1.79,982.1,-17.9,9821.0,-179.0,-9.84,90.16,-9.84,901.6,-98.4,9016.0,-984.0,4.76,104.76,4.76,1047.6,47.6,10476.0,476.0,-47.66,52.34,-47.66,523.4,-476.6,5234.0,-4766.0,-48.0,52.0,-48.0,520.0,-480.0,5200.0,-4800.0,,,,,,,,,,,,,10,buy,0.45,"Despite negative news sentiment -0.261 and Grayscale ETF withdrawal, ADA has +5.97% 1M momentum and a $6.5B market cap, offering contrarian upside.",+6.0% 1M; mc $6.5B; contrarian play,,,,,
AVAX,Avalanche,Crypto,layer1,Crypto,6.33703,+0.08%,-1.85%,-3.47%,-48.51%,-49%,2.736,,,160.18,132707802,1121252765,4964044597,,,,,0.08,100.08,0.08,1000.8,0.8,10008.0,8.0,-1.85,98.15,-1.85,981.5,-18.5,9815.0,-185.0,-3.47,96.53,-3.47,965.3,-34.7,9653.0,-347.0,-48.51,51.49,-48.51,514.9,-485.1,5149.0,-4851.0,-49.0,51.0,-49.0,510.0,-490.0,5100.0,-4900.0,Avax One Technology Ltd Q2 2026 Earnings Call Summary,Moby,2026-08-14,0.0,AVAX One Technology Ltd (AVX) (Q2 2026) Earnings Call Highlights: Avalanche Treasury Strategy ...,GuruFocus.com,2026-08-14,0.202,,,,,,,,,,,,,,
XRP,XRP,Crypto,payments,Crypto,1.002045,+0.31%,-1.66%,-8.31%,-45.52%,-46%,62.805,,,856.27,475452897,5993919300,28673787589,,,,,0.31,100.31,0.31,1003.1,3.1,10031.0,31.0,-1.66,98.34,-1.66,983.4,-16.6,9834.0,-166.0,-8.31,91.69,-8.31,916.9,-83.1,9169.0,-831.0,-45.52,54.48,-45.52,544.8,-455.2,5448.0,-4552.0,-46.0,54.0,-46.0,540.0,-460.0,5400.0,-4600.0,"Saylor's Strategy is managing capital, not buying BTC",Yahoo Finance Video,2026-08-17,0.0,"Trump Pushes For More Crypto Clarity, White House To Host Meeting With Industry Leaders",Investor's Business Daily,2026-08-17,0.455,"Donald Trump Crypto Summit Signals CLARITY Act Action — 4 AI Models Predict Bitcoin, Ethereum and XRP Prices",CCN,2026-08-17,0.532,,,,,,,,,,
XLM,Stellar,Crypto,payments,Crypto,0.157674,+0.28%,-2.98%,-16.20%,-21.41%,-21%,5.446,,,80.29,63099739,562000829,3179634451,,,,,0.28,100.28,0.28,1002.8,2.8,10028.0,28.0,-2.98,97.02,-2.98,970.2,-29.8,9702.0,-298.0,-16.2,83.8,-16.2,838.0,-162.0,8380.0,-1620.0,-21.41,78.59,-21.41,785.9,-214.1,7859.0,-2141.0,-21.0,79.0,-21.0,790.0,-210.0,7900.0,-2100.0,,,,,,,,,,,,,,,,,,,,,,
TRX,TRON,Crypto,payments,Crypto,0.331045,-0.15%,+0.12%,+1.53%,+16.42%,+16%,31.419,,,329.34,228072254,2305349187,9988884860,,,,,-0.15,99.85,-0.15,998.5,-1.5,9985.0,-15.0,0.12,100.12,0.12,1001.2,1.2,10012.0,12.0,1.53,101.53,1.53,1015.3,15.3,10153.0,153.0,16.42,116.42,16.42,1164.2,164.2,11642.0,1642.0,16.0,116.0,16.0,1160.0,160.0,11600.0,1600.0,"TRON Moved $2.1 Trillion in USDT Last Quarter, Yet TRX Didn’t Budge",BeInCrypto,2026-08-11,0.0,Solana's stablecoin supply has grown 11x in three years,TheStreet,2026-08-10,0.0,,,,,3,buy,0.7,"Positive YTD of +16.88% and +3.31% 1M gain, with $31.5B market cap and neutral news sentiment. Web search highlights $2.1T USDT volume.",+16.9% YTD; +3.3% 1M; high USDT volume,,,,,
SUI,Sui,Crypto,emerging,Crypto,0.676602,+0.16%,-2.01%,-8.73%,-51.76%,-52%,2.757,,,124.9,73988085,874312442,3867200375,,,,,0.16,100.16,0.16,1001.6,1.6,10016.0,16.0,-2.01,97.99,-2.01,979.9,-20.1,9799.0,-201.0,-8.73,91.27,-8.73,912.7,-87.3,9127.0,-873.0,-51.76,48.24,-51.76,482.4,-517.6,4824.0,-5176.0,-52.0,48.0,-52.0,480.0,-520.0,4800.0,-5200.0,,,,,,,,,,,,,,,,,,,,,,
HBAR,Hedera,Crypto,emerging,Crypto,0.065746,+1.11%,-3.07%,-1.59%,-38.09%,-38%,2.882,,,33.09,26943558,231653683,1214411472,,,,,1.11,101.11,1.11,1011.1,11.1,10111.0,111.0,-3.07,96.93,-3.07,969.3,-30.7,9693.0,-307.0,-1.59,98.41,-1.59,984.1,-15.9,9841.0,-159.0,-38.09,61.91,-38.09,619.1,-380.9,6191.0,-3809.0,-38.0,62.0,-38.0,620.0,-380.0,6200.0,-3800.0,,,,,,,,,,,,,,,,,,,,,,
ALGO,Algorand,Crypto,emerging,Crypto,0.07845,-0.18%,-4.96%,-4.92%,-28.80%,-29%,0.708,,,18.68,13357309,130748133,624646691,,,,,-0.18,99.82,-0.18,998.2,-1.8,9982.0,-18.0,-4.96,95.04,-4.96,950.4,-49.6,9504.0,-496.0,-4.92,95.08,-4.92,950.8,-49.2,9508.0,-492.0,-28.8,71.2,-28.8,712.0,-288.0,7120.0,-2880.0,-29.0,71.0,-29.0,710.0,-290.0,7100.0,-2900.0,,,,,,,,,,,,,,,,,,,,,,
MINA,Mina,Crypto,emerging,Crypto,0.039544,+0.24%,-2.60%,-12.43%,-47.66%,-48%,0.051,,,2.37,1231366,16594859,79946696,,,,,0.24,100.24,0.24,1002.4,2.4,10024.0,24.0,-2.6,97.4,-2.6,974.0,-26.0,9740.0,-260.0,-12.43,87.57,-12.43,875.7,-124.3,8757.0,-1243.0,-47.66,52.34,-47.66,523.4,-476.6,5234.0,-4766.0,-48.0,52.0,-48.0,520.0,-480.0,5200.0,-4800.0,,,,,,,,,,,,,,,,,,,,,,
POL,Polygon (MATIC),Crypto,infra,Crypto,0.080111,+6.60%,+3.72%,-1.19%,-20.24%,-20%,0.857,,,26.09,19538393,182643360,789676128,,,,,6.6,106.6,6.6,1066.0,66.0,10660.0,660.0,3.72,103.72,3.72,1037.2,37.2,10372.0,372.0,-1.19,98.81,-1.19,988.1,-11.9,9881.0,-119.0,-20.24,79.76,-20.24,797.6,-202.4,7976.0,-2024.0,-20.0,80.0,-20.0,800.0,-200.0,8000.0,-2000.0,,,,,,,,,,,,,,,,,,,,,,
DOT,Polkadot,Crypto,infra,Crypto,0.762298,-0.17%,-5.27%,-8.68%,-57.41%,-57%,1.295,,,54.18,38272487,379278038,2174470135,,,,,-0.17,99.83,-0.17,998.3,-1.7,9983.0,-17.0,-5.27,94.73,-5.27,947.3,-52.7,9473.0,-527.0,-8.68,91.32,-8.68,913.2,-86.8,9132.0,-868.0,-57.41,42.59,-57.41,425.9,-574.1,4259.0,-5741.0,-57.0,43.0,-57.0,430.0,-570.0,4300.0,-5700.0,,,,,,,,,,,,,,,,,,,,,,
LINK,Chainlink,Crypto,infra,Crypto,9.505556,+0.56%,+14.69%,+13.91%,-22.04%,-22%,7.111,,,286.17,233358882,2003219265,5874035304,,,,,0.56,100.56,0.56,1005.6,5.6,10056.0,56.0,14.69,114.69,14.69,1146.9,146.9,11469.0,1469.0,13.91,113.91,13.91,1139.1,139.1,11391.0,1391.0,-22.04,77.96,-22.04,779.6,-220.4,7796.0,-2204.0,-22.0,78.0,-22.0,780.0,-220.0,7800.0,-2200.0,"Saylor's Strategy is managing capital, not buying BTC",Yahoo Finance Video,2026-08-17,0.0,Chainlink Bull Market Returns as Analyst Targets $11 for LINK,BeInCrypto,2026-08-15,0.0,Whales Rush to Buy Chainlink After Standard Chartered’s 2030 Price Forecast,BeInCrypto,2026-08-12,0.0,1,strong_buy,0.85,"Best momentum in universe with +14.34% 1M and +14.68% 1W, supported by ICE partnership catalyst and whale buying. Web search confirms LINK hitting $24+ and record OI of $1.5B.",+14% 1M; +14.7% 1W; ICE partnership catalyst; whale accumulation,,,,,
DOGE,Dogecoin,Crypto,meme,Crypto,0.07022,+0.50%,+0.53%,-2.93%,-40.13%,-40%,10.922,,,305.64,165951925,2139455070,12720574858,,,,,0.5,100.5,0.5,1005.0,5.0,10050.0,50.0,0.53,100.53,0.53,1005.3,5.3,10053.0,53.0,-2.93,97.07,-2.93,970.7,-29.3,9707.0,-293.0,-40.13,59.87,-40.13,598.7,-401.3,5987.0,-4013.0,-40.0,60.0,-40.0,600.0,-400.0,6000.0,-4000.0,"Musk is putting Dogecoin on the moon in 28 days, here's what $1,000 then is worth today",TheStreet,2026-08-17,0.226,Dogecoin About to Go 'Parabolic' With Potential 145% Rally: Popular Crypto Analyst Identifies Key Level to Watch as Whales Position for Upside,Benzinga Prediction Markets,2026-08-17,0.421,XRP Broke a Level It Hadn’t Touched in Over a Year — And Whales Bought It,BeInCrypto,2026-08-13,-0.421,,,,,,,,,,
PEPE,Pepe,Crypto,meme,Crypto,3e-06,+0.51%,-9.46%,-6.11%,-35.75%,-36%,1.072,,,85.95,60814053,601681013,3831527541,,,,,0.51,100.51,0.51,1005.1,5.1,10051.0,51.0,-9.46,90.54,-9.46,905.4,-94.6,9054.0,-946.0,-6.11,93.89,-6.11,938.9,-61.1,9389.0,-611.0,-35.75,64.25,-35.75,642.5,-357.5,6425.0,-3575.0,-36.0,64.0,-36.0,640.0,-360.0,6400.0,-3600.0,,,,,,,,,,,,,,,,,,,,,,
TAO,Bittensor,Crypto,ai,Crypto,196.42592,-0.26%,-2.65%,+0.31%,-10.17%,-10%,2.209,,,71.55,39114242,500867391,2468953331,,,,,-0.26,99.74,-0.26,997.4,-2.6,9974.0,-26.0,-2.65,97.35,-2.65,973.5,-26.5,9735.0,-265.0,0.31,100.31,0.31,1003.1,3.1,10031.0,31.0,-10.17,89.83,-10.17,898.3,-101.7,8983.0,-1017.0,-10.0,90.0,-10.0,900.0,-100.0,9000.0,-1000.0,,,,,,,,,,,,,6,buy,0.6,"Best-performing AI token with -10% 1Y (least negative) and +1.26% 1M, benefiting from AI narrative and $2.2B market cap.",-10% 1Y (best in AI); +1.3% 1M; AI narrative,,,,,
FET,ASI Alliance,Crypto,ai,Crypto,0.123596,+0.12%,-8.96%,-21.44%,-37.80%,-38%,0.276,,,40.15,53366906,281040917,1260271017,,,,,0.12,100.12,0.12,1001.2,1.2,10012.0,12.0,-8.96,91.04,-8.96,910.4,-89.6,9104.0,-896.0,-21.44,78.56,-21.44,785.6,-214.4,7856.0,-2144.0,-37.8,62.2,-37.8,622.0,-378.0,6220.0,-3780.0,-38.0,62.0,-38.0,620.0,-380.0,6200.0,-3800.0,,,,,,,,,,,,,,,,,,,,,,
RNDR,Render,Crypto,ai,Crypto,1.271584,+0.59%,-1.53%,-13.54%,-0.98%,-1%,0.66,,,22.99,14707901,160917787,629067071,,,,,0.59,100.59,0.59,1005.9,5.9,10059.0,59.0,-1.53,98.47,-1.53,984.7,-15.3,9847.0,-153.0,-13.54,86.46,-13.54,864.6,-135.4,8646.0,-1354.0,-0.98,99.02,-0.98,990.2,-9.8,9902.0,-98.0,-1.0,99.0,-1.0,990.0,-10.0,9900.0,-100.0,,,,,,,,,,,,,,,,,,,,,,
OCEAN,Ocean Protocol,Crypto,ai,Crypto,0.098721,+3.65%,+4.51%,-8.56%,-34.44%,-34%,,,,0.05,37193,330458,847520,,,,,3.65,103.65,3.65,1036.5,36.5,10365.0,365.0,4.51,104.51,4.51,1045.1,45.1,10451.0,451.0,-8.56,91.44,-8.56,914.4,-85.6,9144.0,-856.0,-34.44,65.56,-34.44,655.6,-344.4,6556.0,-3444.0,-34.0,66.0,-34.0,660.0,-340.0,6600.0,-3400.0,,,,,,,,,,,,,,,,,,,,,,
GRT,The Graph,Crypto,ai,Crypto,0.013478,+0.44%,-5.44%,-20.51%,-59.46%,-59%,0.147,,,13.16,12082393,92134951,336694886,,,,,0.44,100.44,0.44,1004.4,4.4,10044.0,44.0,-5.44,94.56,-5.44,945.6,-54.4,9456.0,-544.0,-20.51,79.49,-20.51,794.9,-205.1,7949.0,-2051.0,-59.46,40.54,-59.46,405.4,-594.6,4054.0,-5946.0,-59.0,41.0,-59.0,410.0,-590.0,4100.0,-5900.0,,,,,,,,,,,,,,,,,,,,,,
AGIX,SingularityNET,Crypto,ai,Crypto,0.052963,-2.91%,-9.87%,-22.92%,-38.23%,-38%,,,,0.0,7297,27905,280516,,,,,-2.91,97.09,-2.91,970.9,-29.1,9709.0,-291.0,-9.87,90.13,-9.87,901.3,-98.7,9013.0,-987.0,-22.92,77.08,-22.92,770.8,-229.2,7708.0,-2292.0,-38.23,61.77,-38.23,617.7,-382.3,6177.0,-3823.0,-38.0,62.0,-38.0,620.0,-380.0,6200.0,-3800.0,,,,,,,,,,,,,,,,,,,,,,
NMR,Numeraire,Crypto,ai,Crypto,8.036124,-0.91%,-4.75%,-20.23%,-15.89%,-16%,0.06,,,4.39,3715611,30739304,126363142,,,,,-0.91,99.09,-0.91,990.9,-9.1,9909.0,-91.0,-4.75,95.25,-4.75,952.5,-47.5,9525.0,-475.0,-20.23,79.77,-20.23,797.7,-202.3,7977.0,-2023.0,-15.89,84.11,-15.89,841.1,-158.9,8411.0,-1589.0,-16.0,84.0,-16.0,840.0,-160.0,8400.0,-1600.0,,,,,,,,,,,,,,,,,,,,,,
ALT,AltLayer,Crypto,ai,Crypto,0.005962,-0.75%,-3.07%,-6.27%,-47.93%,-48%,0.041,,,5.11,2834306,35736781,100330089,,,,,-0.75,99.25,-0.75,992.5,-7.5,9925.0,-75.0,-3.07,96.93,-3.07,969.3,-30.7,9693.0,-307.0,-6.27,93.73,-6.27,937.3,-62.7,9373.0,-627.0,-47.93,52.07,-47.93,520.7,-479.3,5207.0,-4793.0,-48.0,52.0,-48.0,520.0,-480.0,5200.0,-4800.0,,,,,,,,,,,,,,,,,,,,,,
AIOZ,AIOZ Network,Crypto,ai,Crypto,0.048193,+0.54%,-6.98%,-3.18%,-44.38%,-44%,0.061,,,4.27,3510996,29917492,96527146,,,,,0.54,100.54,0.54,1005.4,5.4,10054.0,54.0,-6.98,93.02,-6.98,930.2,-69.8,9302.0,-698.0,-3.18,96.82,-3.18,968.2,-31.8,9682.0,-318.0,-44.38,55.62,-44.38,556.2,-443.8,5562.0,-4438.0,-44.0,56.0,-44.0,560.0,-440.0,5600.0,-4400.0,,,,,,,,,,,,,,,,,,,,,,
ARKM,Arkham,Crypto,ai,Crypto,0.088923,-1.43%,-8.85%,-17.34%,-49.60%,-50%,0.02,,,4.94,3898363,34598906,148193602,,,,,-1.43,98.57,-1.43,985.7,-14.3,9857.0,-143.0,-8.85,91.15,-8.85,911.5,-88.5,9115.0,-885.0,-17.34,82.66,-17.34,826.6,-173.4,8266.0,-1734.0,-49.6,50.4,-49.6,504.0,-496.0,5040.0,-4960.0,-50.0,50.0,-50.0,500.0,-500.0,5000.0,-5000.0,,,,,,,,,,,,,,,,,,,,,,
WLD,Worldcoin,Crypto,ai,Crypto,0.350229,-3.14%,+4.14%,-5.44%,-27.19%,-27%,1.261,,,125.68,137657529,879758977,3385978338,,,,,-3.14,96.86,-3.14,968.6,-31.4,9686.0,-314.0,4.14,104.14,4.14,1041.4,41.4,10414.0,414.0,-5.44,94.56,-5.44,945.6,-54.4,9456.0,-544.0,-27.19,72.81,-27.19,728.1,-271.9,7281.0,-2719.0,-27.0,73.0,-27.0,730.0,-270.0,7300.0,-2700.0,Grayscale Says AI Adoption Creates Demand These 4 Networks Could Fill,BeInCrypto,2026-08-12,0.153,,,,,,,,,9,buy,0.5,Strong 1W (+6.07%) and 1D (+4.23%) momentum with positive news sentiment 0.076 and AI/identity narrative. Market cap $1.3B offers room to grow.,+6.1% 1W; +4.2% 1D; news_s 0.076; AI narrative,,,,,
NEAR,NEAR Protocol,Crypto,ai,Crypto,1.621661,+0.95%,+1.06%,-16.00%,+7.22%,+7%,2.114,,,113.94,51799615,797594078,3858545525,,,,,0.95,100.95,0.95,1009.5,9.5,10095.0,95.0,1.06,101.06,1.06,1010.6,10.6,10106.0,106.0,-16.0,84.0,-16.0,840.0,-160.0,8400.0,-1600.0,7.22,107.22,7.22,1072.2,72.2,10722.0,722.0,7.0,107.0,7.0,1070.0,70.0,10700.0,700.0,,,,,,,,,,,,,,,,,,,,,,
ICP,Internet Computer,Crypto,ai,Crypto,2.245029,-0.84%,-3.20%,+3.79%,-20.81%,-21%,1.248,,,36.5,22969180,255507509,872079971,,,,,-0.84,99.16,-0.84,991.6,-8.4,9916.0,-84.0,-3.2,96.8,-3.2,968.0,-32.0,9680.0,-320.0,3.79,103.79,3.79,1037.9,37.9,10379.0,379.0,-20.81,79.19,-20.81,791.9,-208.1,7919.0,-2081.0,-21.0,79.0,-21.0,790.0,-210.0,7900.0,-2100.0,,,,,,,,,,,,,4,buy,0.65,"Top 1D momentum at +2.24%, +5.88% 1M and +3.61% 1W, showing strong short-term demand with a $1.27B market cap.",+2.2% 1D; +5.9% 1M; +3.6% 1W,,,,,
KAITO,Kaito,Crypto,ai,Crypto,0.335034,-3.61%,-50.32%,-59.16%,-33.81%,-34%,0.081,,,44.68,45660621,312745343,1609894013,,,,,-3.61,96.39,-3.61,963.9,-36.1,9639.0,-361.0,-50.32,49.68,-50.32,496.8,-503.2,4968.0,-5032.0,-59.16,40.84,-59.16,408.4,-591.6,4084.0,-5916.0,-33.81,66.19,-33.81,661.9,-338.1,6619.0,-3381.0,-34.0,66.0,-34.0,660.0,-340.0,6600.0,-3400.0,3 Token Unlocks to Watch in the Third Week of August 2026,BeInCrypto,2026-08-17,0.0,,,,,,,,,,,,,,,,,,
VIRTUAL,Virtuals Protocol,Crypto,ai,Crypto,0.575842,+3.75%,+3.15%,-5.62%,-10.91%,-11%,0.379,,,43.58,20833964,305079976,1214906757,,,,,3.75,103.75,3.75,1037.5,37.5,10375.0,375.0,3.15,103.15,3.15,1031.5,31.5,10315.0,315.0,-5.62,94.38,-5.62,943.8,-56.2,9438.0,-562.0,-10.91,89.09,-10.91,890.9,-109.1,8909.0,-1091.0,-11.0,89.0,-11.0,890.0,-110.0,8900.0,-1100.0,,,,,,,,,,,,,,,,,,,,,,
LMT,Lockheed Martin,Defence,us-primes,NYSE,593.74,-2.47%,-1.56%,+16.52%,+20.86%,+38%,137.029,0.11,21.87,1.24,673338,4295438,25710538,227.0,1.41,hold,2.57,-2.47,97.53,-2.47,975.3,-24.7,9753.0,-247.0,-1.56,98.44,-1.56,984.4,-15.6,9844.0,-156.0,16.52,116.52,16.52,1165.2,165.2,11652.0,1652.0,20.86,120.86,20.86,1208.6,208.6,12086.0,2086.0,38.0,138.0,38.0,1380.0,380.0,13800.0,3800.0,"RTX, Pentagon Sign $23 Billion Tomahawk Missile Contract",Investor's Business Daily,2026-08-17,0.0,United Launch Alliance names new CEO amid Vulcan rocket travails,Orlando Sentinel,2026-08-17,0.421,Rocket Lab Stock's Next Leg Rides On A Vehicle That Has Not Flown Yet,Trefis,2026-08-17,0.0,3,buy,0.75,"Q2 EPS $7.94 vs $7.23 est, sales +11% to $20.1B, record backlog $230B, raised guidance, PE 22.42, low beta 0.11. [prnewswire.com](https://www.prnewswire.com/news-releases/lockheed-martin-reports-second-quarter-2026-financial-results-302833219.html)",Q2 earnings beat 9.8%; Record backlog $230B; Raised 2026 guidance; Low beta 0.11,,,,,
RTX,RTX Corporation,Defence,us-primes,NYSE,221.64,-0.61%,-0.78%,+14.37%,+19.65%,+43%,298.717,0.294,38.95,5.16,2800676,15764076,106480476,131.0,1.34,buy,1.87,-0.61,99.39,-0.61,993.9,-6.1,9939.0,-61.0,-0.78,99.22,-0.78,992.2,-7.8,9922.0,-78.0,14.37,114.37,14.37,1143.7,143.7,11437.0,1437.0,19.65,119.65,19.65,1196.5,196.5,11965.0,1965.0,43.0,143.0,43.0,1430.0,430.0,14300.0,4300.0,"RTX, Pentagon Sign $23 Billion Tomahawk Missile Contract",Investor's Business Daily,2026-08-17,0.0,1 Unpopular Stock That Deserves Some Love and 2 Facing Headwinds,StockStory,2026-08-17,0.637,RTX Stock Rises on Massive $22.9 Billion Tomahawk Contract,GuruFocus.com,2026-08-17,0.0,,,,,,,,,,
NOC,Northrop Grumman,Defence,us-primes,NYSE,570.2,-2.58%,-1.33%,+8.83%,-1.90%,+0%,81.004,-0.108,18.12,0.96,490074,2555774,16585274,160.0,1.62,buy,1.96,-2.58,97.42,-2.58,974.2,-25.8,9742.0,-258.0,-1.33,98.67,-1.33,986.7,-13.3,9867.0,-133.0,8.83,108.83,8.83,1088.3,88.3,10883.0,883.0,-1.9,98.1,-1.9,981.0,-19.0,9810.0,-190.0,0.0,100.0,0.0,1000.0,0.0,10000.0,0.0,Rocket Lab Stock's Next Leg Rides On A Vehicle That Has Not Flown Yet,Trefis,2026-08-17,0.0,Can L3Harris' New Rhode Island Facility Strengthen Undersea Growth?,Zacks,2026-08-17,0.599,Romania shoots down drone that breached its airspace,Investing.com,2026-08-16,0.0,,,,,,,,,,
GD,General Dynamics,Defence,us-primes,NYSE,391.14,-0.73%,-1.22%,+5.54%,+15.40%,+26%,105.825,0.328,23.86,1.16,469927,2888427,22064327,161.0,1.01,buy,2.12,-0.73,99.27,-0.73,992.7,-7.3,9927.0,-73.0,-1.22,98.78,-1.22,987.8,-12.2,9878.0,-122.0,5.54,105.54,5.54,1055.4,55.4,10554.0,554.0,15.4,115.4,15.4,1154.0,154.0,11540.0,1540.0,26.0,126.0,26.0,1260.0,260.0,12600.0,2600.0,Tomahawk Missile Production Is Surging—and These Stocks Could Benefit,Barrons.com,2026-08-17,0.459,"Iran disputes Qatar, Kuwait accounts as U.S. war commander visits carrier",Investing.com,2026-08-16,-0.718,3 Industrials Stocks That Concern Us,StockStory,2026-08-14,0.0,,,,,,,,,,
HII,Huntington Ingalls Industries,Defence,us-primes,NYSE,318.34,-2.86%,-3.77%,+17.89%,-8.30%,+22%,12.544,0.241,18.97,0.51,324536,1811536,11369836,168.0,3.32,buy,2.08,-2.86,97.14,-2.86,971.4,-28.6,9714.0,-286.0,-3.77,96.23,-3.77,962.3,-37.7,9623.0,-377.0,17.89,117.89,17.89,1178.9,178.9,11789.0,1789.0,-8.3,91.7,-8.3,917.0,-83.0,9170.0,-830.0,22.0,122.0,22.0,1220.0,220.0,12200.0,2200.0,USS George Washington heads to Middle East after record 265-day Lincoln deployment,Investing.com,2026-08-13,0.0,ACHR Stock Gains 49.2% in a Month: Is There More Upside Ahead?,Zacks,2026-08-12,0.34,Can Huntington Ingalls (HII) Overcome Margin Pressure and Contract Challenges?,Insider Monkey,2026-08-05,-0.226,,,,,,,,,,
LHX,L3Harris Technologies,Defence,us-primes,NYSE,278.38,-4.67%,-3.91%,-0.77%,-7.88%,+7%,51.838,0.746,28.15,1.41,2433829,7460629,34975229,173.0,2.38,buy,1.65,-4.67,95.33,-4.67,953.3,-46.7,9533.0,-467.0,-3.91,96.09,-3.91,960.9,-39.1,9609.0,-391.0,-0.77,99.23,-0.77,992.3,-7.7,9923.0,-77.0,-7.88,92.12,-7.88,921.2,-78.8,9212.0,-788.0,7.0,107.0,7.0,1070.0,70.0,10700.0,700.0,"L3Harris Replaces CEO After Conduct Investigation, Shares Retreat",Investor's Business Daily,2026-08-17,0.459,Why L3Harris Stock Is Falling Today,Motley Fool,2026-08-17,-0.153,"Stocks to Watch: Alibaba, L3Harris, Diana Shipping, BHP",The Wall Street Journal,2026-08-17,0.0,,,,,,,,,,
BA,Boeing,Defence,us-primes,NYSE,225.95,-2.53%,-2.94%,+7.86%,-0.80%,+0%,178.584,1.221,81.28,5.97,3707947,15470547,125615847,,0.01,buy,1.54,-2.53,97.47,-2.53,974.7,-25.3,9747.0,-253.0,-2.94,97.06,-2.94,970.6,-29.4,9706.0,-294.0,7.86,107.86,7.86,1078.6,78.6,10786.0,786.0,-0.8,99.2,-0.8,992.0,-8.0,9920.0,-80.0,0.0,100.0,0.0,1000.0,0.0,10000.0,0.0,"RTX, Pentagon Sign $23 Billion Tomahawk Missile Contract",Investor's Business Daily,2026-08-17,0.0,1 Industrials Stock for Long-Term Investors and 2 We Ignore,StockStory,2026-08-17,-0.361,"Sandisk, Micron, Coherent, Boeing, Apple, Amazon, and More Stocks That Explain Today’s Market",Barrons.com,2026-08-17,0.178,,,,,,,,,,
BA.L,BAE Systems,Defence,uk-european,LSE,30.28,-0.97%,-0.36%,+18.94%,+27.49%,+26%,0.887,-0.052,31.94,6.4,8250615,31315201,139639896,167.0,,buy,2.21,-0.97,99.03,-0.97,990.3,-9.7,9903.0,-97.0,-0.36,99.64,-0.36,996.4,-3.6,9964.0,-36.0,18.94,118.94,18.94,1189.4,189.4,11894.0,1894.0,27.49,127.49,27.49,1274.9,274.9,12749.0,2749.0,26.0,126.0,26.0,1260.0,260.0,12600.0,2600.0,BAE Systems (LSE:BA.) THREADS Progress Keeps Its Undervalued Narrative In Play,Simply Wall St.,2026-08-15,0.637,What Does BAE Systems (LSE:BA.) Fine Over China Tech Transfers Mean?,Simply Wall St.,2026-08-15,0.202,BAE Systems (LSE:BA.) Stock May Trade At A 9% Discount Despite THREADS Progress,Simply Wall St.,2026-08-14,-0.325,9,buy,0.5,"YTD return +28.75%, 1m return +21.86%, analyst buy score 2.21, PE 32.26, negative news sentiment -0.015. UK defence budget growth.",YTD return +28.75%; 1-month return +21.86%; UK defence spending tailwind; Analyst buy consensus,,,,,
RR.L,Rolls-Royce Holdings,Defence,uk-european,LSE,21.18,+1.48%,+1.55%,+14.52%,+30.65%,+42%,1.748,1.19,43.44,25.61,8524459,83659732,528793982,78.0,,buy,1.6,1.48,101.48,1.48,1014.8,14.8,10148.0,148.0,1.55,101.55,1.55,1015.5,15.5,10155.0,155.0,14.52,114.52,14.52,1145.2,145.2,11452.0,1452.0,30.65,130.65,30.65,1306.5,306.5,13065.0,3065.0,42.0,142.0,42.0,1420.0,420.0,14200.0,4200.0,Rolls-Royce Stock Hits First New High In 14 Years. Firm Announces Engine Project.,Investor's Business Daily,2026-08-17,0.0,Is Rolls-Royce Holdings (LSE:RR.) Fully Priced After Profit Upgrades?,Simply Wall St.,2026-08-08,0.488,"Is Rolls-Royce Holdings (LSE:RR.) Fully Valued After Buybacks, Half Year Results And A Dividend Increase?",Simply Wall St.,2026-08-08,0.67,,,,,,,,,,
QQ.L,QinetiQ Group,Defence,uk-european,LSE,7.54,-1.07%,-1.15%,+22.76%,+25.37%,+15%,0.039,0.343,27.85,2.12,2413555,11131037,47341671,196.0,,buy,1.75,-1.07,98.93,-1.07,989.3,-10.7,9893.0,-107.0,-1.15,98.85,-1.15,988.5,-11.5,9885.0,-115.0,22.76,122.76,22.76,1227.6,227.6,12276.0,2276.0,25.37,125.37,25.37,1253.7,253.7,12537.0,2537.0,15.0,115.0,15.0,1150.0,150.0,11500.0,1500.0,3 UK Penny Stocks With Market Caps Over £300M To Consider,Simply Wall St.,2026-06-11,0.0,UK Growth Stocks With Insider Ownership Up To 20%,Simply Wall St.,2026-06-11,0.382,UK Stocks That May Be Trading Below Fair Value In June 2026,Simply Wall St.,2026-06-02,0.572,10,buy,0.45,"YTD return +26.72%, 1m return +24.69%, news sentiment 0.296, PE 28.15, analyst buy score 1.75. Small cap UK defense penny stock with momentum.",1-month return +24.69%; Positive news sentiment 0.296; YTD return +26.72%; Analyst buy consensus,,,,,
PLTR,Palantir Technologies,Defence,cyber-intel,NASDAQ,172.55,-0.83%,-1.53%,+27.96%,+2.79%,+0%,414.647,1.563,147.48,43.25,24117006,162996406,963220306,,3.17,buy,1.81,-0.83,99.17,-0.83,991.7,-8.3,9917.0,-83.0,-1.53,98.47,-1.53,984.7,-15.3,9847.0,-153.0,27.96,127.96,27.96,1279.6,279.6,12796.0,2796.0,2.79,102.79,2.79,1027.9,27.9,10279.0,279.0,0.0,100.0,0.0,1000.0,0.0,10000.0,0.0,Anthropic Projects $200 Billion of Revenue by 2028,GuruFocus.com,2026-08-17,0.0,Cathie Wood Pours $27 Million Into Major AI Stock,GuruFocus.com,2026-08-17,0.0,1 Nasdaq 100 Stock to Own for Decades and 2 We Turn Down,StockStory,2026-08-17,0.0,4,buy,0.7,"Q2 revenue $1.935B, +93% YoY, raised FY guidance to $8.15B, 1m return +30.11%, analyst buy score 1.81, news sentiment 0.203. [aistockwire.com](https://aistockwire.com/blog/defense-drone-stocks-ktos-avav-onds-two-week-rally-august-2026)",Revenue growth +93% YoY; FY guidance raised to $8.15B; 1-month return +30.11%; Analyst buy consensus,,,,,
LDOS,Leidos Holdings,Defence,cyber-intel,NYSE,142.25,-1.18%,+2.26%,+32.92%,-22.00%,-19%,17.852,0.546,13.27,1.66,855676,7505276,33829076,120.0,4.74,buy,2.35,-1.18,98.82,-1.18,988.2,-11.8,9882.0,-118.0,2.26,102.26,2.26,1022.6,22.6,10226.0,226.0,32.92,132.92,32.92,1329.2,329.2,13292.0,3292.0,-22.0,78.0,-22.0,780.0,-220.0,7800.0,-2200.0,-19.0,81.0,-19.0,810.0,-190.0,8100.0,-1900.0,2 Mid-Cap Stocks to Keep an Eye On and 1 We Turn Down,StockStory,2026-08-14,0.0,The 5 Most Interesting Analyst Questions From Leidos’s Q2 Earnings Call,StockStory,2026-08-13,0.458,CoreWeave (CRWV) Enters Defense AI While Opening Three Indonesia Data Centers,Simply Wall St.,2026-08-13,0.128,5,buy,0.65,"1m return +32.92%, PE 13.42, analyst buy score 2.35, news sentiment 0.087, low beta 0.546. Attractive valuation after YTD decline of -21.13%.",1-month return +32.92%; Low PE 13.42; Low beta 0.546; YTD decline offers value,,,,,
CACI,CACI International,Defence,cyber-intel,NYSE,649.34,-3.16%,+0.17%,+43.87%,+20.83%,+38%,14.351,0.541,26.9,0.29,192356,1393456,6564556,,7.9,buy,1.56,-3.16,96.84,-3.16,968.4,-31.6,9684.0,-316.0,0.17,100.17,0.17,1001.7,1.7,10017.0,17.0,43.87,143.87,43.87,1438.7,438.7,14387.0,4387.0,20.83,120.83,20.83,1208.3,208.3,12083.0,2083.0,38.0,138.0,38.0,1380.0,380.0,13800.0,3800.0,1 Unpopular Stock That Deserves Some Love and 2 That Underwhelm,StockStory,2026-08-16,0.637,CACI (CACI) Stock May Trade Below Fair Value While Earnings Look Rich,Simply Wall St.,2026-08-15,0.807,2 Surging  Stocks for Long-Term Investors and 1 That Underwhelm,StockStory,2026-08-14,0.0,2,buy,0.8,"1m return +42.11%, Pentagon $1.3B supply chain commitment includes CACI, PE 27.78, analyst buy score 1.56, news sentiment 0.329. [aistockwire.com](https://aistockwire.com/blog/defense-drone-stocks-ktos-avav-onds-two-week-rally-august-2026)",1-month return +42.11%; Pentagon contract award; Low PE 27.78; Positive news sentiment 0.329,,,,,
SAIC,Science Applications International,Defence,cyber-intel,NYSE,124.34,-1.85%,-0.89%,+10.37%,+24.13%,+8%,5.256,0.286,14.0,0.54,237938,1487338,8469438,117.0,6.3,none,,-1.85,98.15,-1.85,981.5,-18.5,9815.0,-185.0,-0.89,99.11,-0.89,991.1,-8.9,9911.0,-89.0,10.37,110.37,10.37,1103.7,103.7,11037.0,1037.0,24.13,124.13,24.13,1241.3,241.3,12413.0,2413.0,8.0,108.0,8.0,1080.0,80.0,10800.0,800.0,1 Momentum  Stock to Consider Right Now and 2 We Question,StockStory,2026-08-17,0.0,"SAIC (SAIC): Buy, Sell, or Hold Post Q1 Earnings?",StockStory,2026-08-16,0.0,Webtoon Entertainment (WBTN) Q2 Earnings Surpass Estimates,Zacks,2026-08-10,0.421,,,,,,,,,,
BAH,Booz Allen Hamilton,Defence,cyber-intel,NYSE,74.97,-3.21%,-3.03%,+17.08%,-9.66%,-29%,9.017,0.354,11.77,2.29,837740,8974140,47099140,305.0,7.86,hold,2.86,-3.21,96.79,-3.21,967.9,-32.1,9679.0,-321.0,-3.03,96.97,-3.03,969.7,-30.3,9697.0,-303.0,17.08,117.08,17.08,1170.8,170.8,11708.0,1708.0,-9.66,90.34,-9.66,903.4,-96.6,9034.0,-966.0,-29.0,71.0,-29.0,710.0,-290.0,7100.0,-2900.0,1 Cash-Producing Stock to Target This Week and 2 Facing Headwinds,StockStory,2026-08-16,0.0,"SpaceX, Defense Contractors Progress On Orbital Interceptors, Pass Golden Dome Test",Investor's Business Daily,2026-08-13,0.511,The Gap Between ACN Stock And Its Own Numbers,Trefis,2026-08-13,0.0,,,,,,,,,,
AVAV,AeroVironment,Defence,drones,NASDAQ,181.13,-5.92%,-4.24%,+27.02%,-29.30%,-22%,9.166,1.412,,1.65,1049917,5534017,26470317,,11.32,buy,1.6,-5.92,94.08,-5.92,940.8,-59.2,9408.0,-592.0,-4.24,95.76,-4.24,957.6,-42.4,9576.0,-424.0,27.02,127.02,27.02,1270.2,270.2,12702.0,2702.0,-29.3,70.7,-29.3,707.0,-293.0,7070.0,-2930.0,-22.0,78.0,-22.0,780.0,-220.0,7800.0,-2200.0,"Earnings, Fed Hopes Leave Markets in a Zen State. What Could Break It.",Barrons.com,2026-08-17,0.382,2 Growth Stocks Set to Flourishand 1 We Brush Off,StockStory,2026-08-16,0.382,More Trump Tariffs Are Coming—and They Could Look Different,Barrons.com,2026-08-14,0.0,7,buy,0.55,"1m return +36.53%, analyst buy score 1.6, news sentiment 0.157, but negative earnings and high short interest 11.32%. Drone market momentum. [aistockwire.com](https://aistockwire.com/blog/defense-drone-stocks-ktos-avav-onds-two-week-rally-august-2026)",1-month return +36.53%; Analyst buy consensus 1.6; Drone sector momentum; YTD decline -24.74% offers entry,,,,,
KTOS,Kratos Defense,Defence,drones,NASDAQ,63.29,-2.03%,+1.39%,+37.77%,-20.18%,-6%,11.88,1.106,372.29,4.73,3432288,17889288,82022688,,5.84,strong_buy,1.43,-2.03,97.97,-2.03,979.7,-20.3,9797.0,-203.0,1.39,101.39,1.39,1013.9,13.9,10139.0,139.0,37.77,137.77,37.77,1377.7,377.7,13777.0,3777.0,-20.18,79.82,-20.18,798.2,-201.8,7982.0,-2018.0,-6.0,94.0,-6.0,940.0,-60.0,9400.0,-600.0,3 Market-Beating Stocks for Long-Term Investors,StockStory,2026-08-17,0.0,Kratos and GE Aerospace secure U.S. Air Force JASSM engine development contract,InvestorsHub,2026-08-17,0.34,Kratos (KTOS) Is Up 9.4% After Raising 2026 Outlook And Securing New Missile Defense Work,Simply Wall St.,2026-08-14,0.421,1,strong_buy,0.85,"Raised FY2026 organic growth guidance to 18-23% after Q2 revenue beat of $458.8M vs $411M est, momentum +30% 1m, analyst strong_buy score 1.43, news sentiment 0.261. [aistockwire.com](https://aistockwire.com/blog/defense-drone-stocks-ktos-avav-onds-two-week-rally-august-2026)",Q2 revenue beat 11.6%; FY organic growth guidance raised to 18-23%; Analyst strong_buy consensus 1.43; 1-month return +30%,,,,,
RCAT,Red Cat Holdings,Defence,drones,NASDAQ,10.44,-6.03%,+4.40%,+34.54%,+13.97%,+21%,1.594,1.349,,12.64,9512591,57682491,203250791,,23.21,strong_buy,1.17,-6.03,93.97,-6.03,939.7,-60.3,9397.0,-603.0,4.4,104.4,4.4,1044.0,44.0,10440.0,440.0,34.54,134.54,34.54,1345.4,345.4,13454.0,3454.0,13.97,113.97,13.97,1139.7,139.7,11397.0,1397.0,21.0,121.0,21.0,1210.0,210.0,12100.0,2100.0,"Red Cat Slides 4% on Maritime Autonomy Deal, Ondas Holdings Pulls Back",24/7 Wall St.,2026-08-17,0.0,"Company News for Aug 17, 2026",Zacks,2026-08-17,0.0,Why Is Red Cat Holdings (RCAT) Reworking UAS Leadership As New Drone Tariffs Arrive?,Simply Wall St.,2026-08-15,0.0,6,strong_buy,0.6,"Analyst strong_buy score 1.17, 1m return +35.07%, 1w return +20.85%, but high short interest 23.21% and no PE. Drone sector tailwinds from Pentagon spending. [aistockwire.com](https://aistockwire.com/blog/defense-drone-stocks-ktos-avav-onds-two-week-rally-august-2026)",Analyst strong_buy consensus 1.17; 1-week return +20.85%; Pentagon drone spending catalyst; High short interest 23.21%,,,,,
TXT,Textron,Defence,drones,NYSE,87.65,-1.63%,-1.74%,-3.46%,+0.73%,+13%,15.075,0.908,16.51,1.57,741607,6119607,37172807,9.0,4.55,buy,2.24,-1.63,98.37,-1.63,983.7,-16.3,9837.0,-163.0,-1.74,98.26,-1.74,982.6,-17.4,9826.0,-174.0,-3.46,96.54,-3.46,965.4,-34.6,9654.0,-346.0,0.73,100.73,0.73,1007.3,7.3,10073.0,73.0,13.0,113.0,13.0,1130.0,130.0,11300.0,1300.0,Is Airbus Strengthening Its Position in Military Helicopters?,Zacks,2026-08-17,0.494,Is Howmet Aerospace Stock a Buy After Q2 Earnings Beat & Raised Outlook?,Zacks,2026-08-11,0.0,Embraer's Second-Quarter Earnings and Revenues Surpass Estimates,Zacks,2026-08-10,0.0,,,,,,,,,,
SPCX,SpaceX,Defence,space,NASDAQ,146.23,+4.03%,+5.40%,+22.01%,-9.15%,-13%,1927.572,,,122.15,114897574,607570374,2374868174,,3.3,buy,1.69,4.03,104.03,4.03,1040.3,40.3,10403.0,403.0,5.4,105.4,5.4,1054.0,54.0,10540.0,540.0,22.01,122.01,22.01,1220.1,220.1,12201.0,2201.0,-9.15,90.85,-9.15,908.5,-91.5,9085.0,-915.0,-13.0,87.0,-13.0,870.0,-130.0,8700.0,-1300.0,"SpaceX shareholders include Google, Nvidia, BlackRock: Tracking the stock's volatility",Yahoo Finance Video,2026-08-17,0.0,SpaceX bulls would be wise to remember one thing,Yahoo Finance,2026-08-17,0.477,"Musk is putting Dogecoin on the moon in 28 days, here's what $1,000 then is worth today",TheStreet,2026-08-17,0.226,,,,,,,,,,
RKLB,Rocket Lab USA,Defence,space,NASDAQ,82.08,+2.43%,+2.55%,+24.86%,+8.01%,+78%,52.483,2.629,,24.74,17857688,96044588,404307388,,7.71,buy,1.61,2.43,102.43,2.43,1024.3,24.3,10243.0,243.0,2.55,102.55,2.55,1025.5,25.5,10255.0,255.0,24.86,124.86,24.86,1248.6,248.6,12486.0,2486.0,8.01,108.01,8.01,1080.1,80.1,10801.0,801.0,78.0,178.0,78.0,1780.0,780.0,17800.0,7800.0,RKLB Stock Jumps As Stifel Calls Viasat Deal Another Success,Stocktwits,2026-08-17,0.572,Rocket Lab Rallies After Winning Space Force Contract,Barrons.com,2026-08-17,0.527,Should You Buy Rocket Lab Stock While It's Under $90?,Motley Fool,2026-08-17,0.0,,,,,,,,,,
PL,Planet Labs,Defence,space,NYSE,24.38,-1.53%,+5.54%,+10.07%,+19.45%,+261%,8.69,2.123,,11.69,3476482,21503482,128848182,,9.66,none,,-1.53,98.47,-1.53,984.7,-15.3,9847.0,-153.0,5.54,105.54,5.54,1055.4,55.4,10554.0,554.0,10.07,110.07,10.07,1100.7,100.7,11007.0,1007.0,19.45,119.45,19.45,1194.5,194.5,11945.0,1945.0,261.0,361.0,261.0,3610.0,2610.0,36100.0,26100.0,Rocket Lab Stock's Next Leg Rides On A Vehicle That Has Not Flown Yet,Trefis,2026-08-17,0.0,This Sprawling Chinese Refinery Is Bankrolling Tehran,The Wall Street Journal,2026-08-16,0.0,SpaceX Is Down 3.5% Thursday. Why Are Space Stocks Like AST SpaceMobile Under Pressure?,24/7 Wall St.,2026-08-13,0.077,,,,,,,,,,
ASTS,AST SpaceMobile,Defence,space,NASDAQ,71.14,+0.31%,+3.46%,+23.89%,-14.77%,+47%,27.686,2.745,,20.54,9813776,51505476,267469176,,19.09,hold,2.69,0.31,100.31,0.31,1003.1,3.1,10031.0,31.0,3.46,103.46,3.46,1034.6,34.6,10346.0,346.0,23.89,123.89,23.89,1238.9,238.9,12389.0,2389.0,-14.77,85.23,-14.77,852.3,-147.7,8523.0,-1477.0,47.0,147.0,47.0,1470.0,470.0,14700.0,4700.0,"Apple upgraded, Workday downgraded: Wall Street's top analyst calls",The Fly,2026-08-17,0.202,AST SpaceMobile (ASTS) Wins FCC Approval For 800 MHz Satellite Phone Testing,Simply Wall St.,2026-08-14,0.778,AST SpaceMobile (ASTS) Has a $1.3B Backlog. Can it Build Fast Enough?,Insider Monkey,2026-08-14,0.0,,,,,,,,,,
TDG,TransDigm Group,Defence,weapons,NYSE,1237.82,-1.52%,+1.17%,+2.75%,-8.89%,-10%,68.422,0.906,37.59,0.41,180832,1785432,9146132,,2.33,buy,1.95,-1.52,98.48,-1.52,984.8,-15.2,9848.0,-152.0,1.17,101.17,1.17,1011.7,11.7,10117.0,117.0,2.75,102.75,2.75,1027.5,27.5,10275.0,275.0,-8.89,91.11,-8.89,911.1,-88.9,9111.0,-889.0,-10.0,90.0,-10.0,900.0,-100.0,9000.0,-1000.0,5 Must-Read Analyst Questions From TransDigm’s Q2 Earnings Call,StockStory,2026-08-13,0.0,"TransDigm’s (TDG) Earnings Soared, So Why Did The Stock Sink?",Insider Monkey,2026-08-11,0.0,TransDigm (TDG) Q3 2026 Earnings Call Transcript,Motley Fool,2026-08-11,0.0,,,,,,,,,,
HEI,HEICO Corporation,Defence,weapons,NYSE,371.28,-0.99%,+2.02%,+9.06%,+12.83%,+22%,,1.053,66.54,0.53,306396,2010796,8707396,7.0,1.38,buy,1.86,-0.99,99.01,-0.99,990.1,-9.9,9901.0,-99.0,2.02,102.02,2.02,1020.2,20.2,10202.0,202.0,9.06,109.06,9.06,1090.6,90.6,10906.0,906.0,12.83,112.83,12.83,1128.3,128.3,11283.0,1283.0,22.0,122.0,22.0,1220.0,220.0,12200.0,2200.0,Are Aerospace Stocks Lagging  Leonardo S.P.A. - Unsponsored ADR (FINMY) This Year?,Zacks,2026-08-14,-0.273,3 Reasons Why Growth Investors Shouldn't Overlook Heico (HEI),Zacks,2026-08-13,0.382,"Intuitive Machines, Inc. (LUNR) Reports Q2 Loss, Misses Revenue Estimates",Zacks,2026-08-13,-0.494,,,,,,,,,,
AXON,Axon Enterprise,Defence,weapons,NASDAQ,604.32,-1.25%,+1.34%,+14.57%,+7.25%,-23%,49.094,1.397,252.85,1.08,556349,4417149,19708949,,5.2,buy,1.71,-1.25,98.75,-1.25,987.5,-12.5,9875.0,-125.0,1.34,101.34,1.34,1013.4,13.4,10134.0,134.0,14.57,114.57,14.57,1145.7,145.7,11457.0,1457.0,7.25,107.25,7.25,1072.5,72.5,10725.0,725.0,-23.0,77.0,-23.0,770.0,-230.0,7700.0,-2300.0,2 Stocks Down 15% and 30% to Buy Right Now and Hold for the Next Decade,Motley Fool,2026-08-17,0.0,Axon Enterprise (AXON) Is Up 17.8% After Raising 2026 Revenue Outlook On Connected Devices Momentum,Simply Wall St.,2026-08-14,0.0,The 5 Most Interesting Analyst Questions From Axon’s Q2 Earnings Call,StockStory,2026-08-14,0.458,,,,,,,,,,
OLN,Olin Corporation,Defence,weapons,NYSE,19.01,+0.52%,+1.01%,-14.29%,-10.46%,-10%,2.167,1.203,,3.07,1352717,9719817,67700217,419.0,12.54,hold,3.0,0.52,100.52,0.52,1005.2,5.2,10052.0,52.0,1.01,101.01,1.01,1010.1,10.1,10101.0,101.0,-14.29,85.71,-14.29,857.1,-142.9,8571.0,-1429.0,-10.46,89.54,-10.46,895.4,-104.6,8954.0,-1046.0,-10.0,90.0,-10.0,900.0,-100.0,9000.0,-1000.0,"AVNT Q2 Earnings Top Estimates on Organic Growth, Guidance Up",Zacks,2026-08-13,0.527,"TROX Q2 Earnings Miss Estimates on Higher Costs, Sales Beat",Zacks,2026-08-12,-0.153,KOP Q2 Earnings and Revenues Top Estimates on PC Unit Strength,Zacks,2026-08-11,0.612,,,,,,,,,,
MRCY,Mercury Systems,Defence,weapons,NASDAQ,113.36,+3.05%,+4.34%,+19.67%,+49.10%,+66%,6.807,0.998,,0.68,1159964,2600764,11535464,,9.57,buy,2.0,3.05,103.05,3.05,1030.5,30.5,10305.0,305.0,4.34,104.34,4.34,1043.4,43.4,10434.0,434.0,19.67,119.67,19.67,1196.7,196.7,11967.0,1967.0,49.1,149.1,49.1,1491.0,491.0,14910.0,4910.0,66.0,166.0,66.0,1660.0,660.0,16600.0,6600.0,Mercury Systems (MRCY) Q2 Earnings Report Preview: What To Look For,StockStory,2026-08-17,0.0,"VirTra, Inc. (VTSI) Reports Q2 Loss, Tops Revenue Estimates",Zacks,2026-08-13,0.25,Stay Ahead of the Game With Mercury Systems (MRCY) Q4 Earnings: Wall Street's Insights on Key Metrics,Zacks,2026-08-13,0.0,,,,,,,,,,
DRS,Leonardo DRS,Defence,weapons,NYSE,45.35,-1.41%,+0.87%,+2.32%,+31.18%,+7%,12.104,0.179,38.11,1.0,435078,3312778,16924778,79.0,1.12,strong_buy,1.5,-1.41,98.59,-1.41,985.9,-14.1,9859.0,-141.0,0.87,100.87,0.87,1008.7,8.7,10087.0,87.0,2.32,102.32,2.32,1023.2,23.2,10232.0,232.0,31.18,131.18,31.18,1311.8,311.8,13118.0,3118.0,7.0,107.0,7.0,1070.0,70.0,10700.0,700.0,Rocket Lab Stock Slides 33% in Three Months: Exit Now or Stay Put?,Zacks,2026-08-11,0.0,1 High-Flying Stock with Promising Prospects and 2 We Ignore,StockStory,2026-08-10,0.34,Leonardo DRS (DRS) Q2 2026 Earnings Call Transcript,Motley Fool,2026-08-04,0.0,8,strong_buy,0.7,"YTD return +31.70%, analyst strong_buy score 1.5, low beta 0.179, PE 38.26, positive news sentiment 0.013. Strong defense electronics exposure.",YTD return +31.70%; Analyst strong_buy consensus 1.5; Low beta 0.179; Defense electronics growth,,,,,
XOM,ExxonMobil,Energy,oil-majors,NYSE,161.46,+0.79%,+1.05%,+8.83%,+33.42%,+50%,663.909,0.173,20.81,16.11,10087193,57822393,289143393,257.0,1.15,buy,2.4,0.79,100.79,0.79,1007.9,7.9,10079.0,79.0,1.05,101.05,1.05,1010.5,10.5,10105.0,105.0,8.83,108.83,8.83,1088.3,88.3,10883.0,883.0,33.42,133.42,33.42,1334.2,334.2,13342.0,3342.0,50.0,150.0,50.0,1500.0,500.0,15000.0,5000.0,Why Exxon Mobil (XOM) Is Expanding Beyond Traditional Oil and Gas,Insider Monkey,2026-08-17,0.0,APA and Woodside Energy Have Fuel in the Tank to Go Higher,Barrons.com,2026-08-17,0.273,Exxon and Chevron Just Posted a Combined $26.5 Billion Profit -- Here's the One I'd Buy Right Now,Motley Fool,2026-08-17,0.44,7,buy,0.68,"Exxon is up +32% YTD and +11% in the last month, with a P/E of 20.6 and a 2.6% dividend yield. Despite a slight EPS miss, the company posted record production and strong cash flows, and is trading at a premium valuation but with solid fundamentals.",+32% YTD; +11% 1M momentum; Dividend yield 2.6%; Record production,,,,,
CVX,Chevron,Energy,oil-majors,NYSE,202.7,+1.26%,+4.00%,+6.85%,+32.49%,+29%,397.616,0.488,19.49,8.89,7062732,34295132,164636432,356.0,1.04,buy,1.72,1.26,101.26,1.26,1012.6,12.6,10126.0,126.0,4.0,104.0,4.0,1040.0,40.0,10400.0,400.0,6.85,106.85,6.85,1068.5,68.5,10685.0,685.0,32.49,132.49,32.49,1324.9,324.9,13249.0,3249.0,29.0,129.0,29.0,1290.0,290.0,12900.0,2900.0,Stock Market Today: Dow Falls As This Key Yield Hits 19-Year High; Warren Buffett Stock Falls (Live Coverage),Investor's Business Daily,2026-08-17,0.0,Sector Update: Energy Stocks Gain Late Afternoon,MT Newswires,2026-08-17,0.67,Chevron (CVX) Discovers New Oil And Gas Condensate In Angola Block 0,Simply Wall St.,2026-08-17,-0.44,8,buy,0.67,"Chevron is up +31% YTD and +10% in the last month, with a P/E of 19.2 and a 3.6% dividend yield. The company beat Q2 EPS estimates and has a strong analyst score (1.72), with positive news sentiment (+0.28).",+31% YTD; +10% 1M momentum; Dividend yield 3.6%; EPS beat,,,,,
SHEL,Shell,Energy,oil-majors,NYSE,91.62,+1.34%,+2.75%,+7.22%,+24.78%,+27%,252.979,-0.218,10.13,6.63,4405894,20821065,137645575,345.0,1.77,buy,2.25,1.34,101.34,1.34,1013.4,13.4,10134.0,134.0,2.75,102.75,2.75,1027.5,27.5,10275.0,275.0,7.22,107.22,7.22,1072.2,72.2,10722.0,722.0,24.78,124.78,24.78,1247.8,247.8,12478.0,2478.0,27.0,127.0,27.0,1270.0,270.0,12700.0,2700.0,"European Stocks Close Lower in Monday Trading Despite Tech, Mining Stocks Rally",MT Newswires,2026-08-17,-0.296,"Brent Crude Nears $89 As Hormuz Stays Disrupted – Exxon, Chevron And Shell Rack Up Record Cash Flow",Stocktwits,2026-08-17,-0.572,Sector Update: Energy Stocks Rise Friday,MT Newswires,2026-08-14,0.273,,,,,,,,,,
BP,BP p.l.c.,Energy,oil-majors,NYSE,42.85,+0.23%,+1.16%,+3.28%,+24.03%,+25%,110.354,-0.212,20.5,9.02,8465854,31806754,161831954,474.0,0.41,buy,2.37,0.23,100.23,0.23,1002.3,2.3,10023.0,23.0,1.16,101.16,1.16,1011.6,11.6,10116.0,116.0,3.28,103.28,3.28,1032.8,32.8,10328.0,328.0,24.03,124.03,24.03,1240.3,240.3,12403.0,2403.0,25.0,125.0,25.0,1250.0,250.0,12500.0,2500.0,Chevron Strikes Oil and Gas Offshore Angola in Major Discovery,Oilprice.com,2026-08-17,-0.361,"Brent Crude Nears $89 As Hormuz Stays Disrupted – Exxon, Chevron And Shell Rack Up Record Cash Flow",Stocktwits,2026-08-17,-0.572,Buyers line up for £2.5bn BP North Sea takeover,The Telegraph,2026-08-16,0.0,,,,,,,,,,
TTE,TotalEnergies,Energy,oil-majors,NYSE,88.63,+0.29%,+0.76%,+9.69%,+34.69%,+44%,196.507,0.062,11.09,1.56,1349951,5645851,31665251,480.0,0.2,none,,0.29,100.29,0.29,1002.9,2.9,10029.0,29.0,0.76,100.76,0.76,1007.6,7.6,10076.0,76.0,9.69,109.69,9.69,1096.9,96.9,10969.0,969.0,34.69,134.69,34.69,1346.9,346.9,13469.0,3469.0,44.0,144.0,44.0,1440.0,440.0,14400.0,4400.0,Chevron Strikes Oil and Gas Offshore Angola in Major Discovery,Oilprice.com,2026-08-17,-0.361,Chevron Stock Rises After Major 600-Meter Angola Oil Discovery,GuruFocus.com,2026-08-17,0.0,Chevron confirms major oil and gas condensate discovery offshore Angola,InvestorsHub,2026-08-17,0.0,9,buy,0.65,"TotalEnergies is up +34% YTD and +10% in the last month, with a P/E of 11.1 and a 4.8% dividend yield. The stock offers a high dividend yield and benefits from high oil prices, though analyst coverage is limited.",+34% YTD; +10% 1M momentum; Dividend yield 4.8%; P/E 11.1,,,,,
EQNR,Equinor,Energy,oil-majors,NYSE,41.82,+2.15%,+3.02%,+13.06%,+76.08%,+67%,99.308,-0.73,11.33,3.75,2720093,10189293,74993893,383.0,2.95,hold,3.33,2.15,102.15,2.15,1021.5,21.5,10215.0,215.0,3.02,103.02,3.02,1030.2,30.2,10302.0,302.0,13.06,113.06,13.06,1130.6,130.6,11306.0,1306.0,76.08,176.08,76.08,1760.8,760.8,17608.0,7608.0,67.0,167.0,67.0,1670.0,670.0,16700.0,6700.0,Sector Update: Energy Stocks Gain Monday Afternoon,MT Newswires,2026-08-17,0.67,European Equities Traded in the US as American Depositary Receipts Track Lower in Friday Trading,MT Newswires,2026-08-14,-0.296,SLB (SLB) Stock May Trade At A Discount On Cash Flow But Fairly On Earnings,Simply Wall St.,2026-08-14,0.0,3,buy,0.75,"Equinor is up +72% YTD and +15% in the last month, with a P/E of 11.1 and a 3.8% dividend yield. The stock benefits from high oil prices and strong European gas demand, though analyst consensus is hold (3.33) and short interest is elevated at 2.95%.",+72% YTD; +15% 1M momentum; P/E 11.1; Dividend yield 3.8%,,,,,
COP,ConocoPhillips,Energy,ep-refining,NYSE,127.56,+0.65%,+3.68%,+10.27%,+33.93%,+35%,153.243,0.123,16.87,7.06,3719570,28579970,135116170,265.0,1.54,buy,1.64,0.65,100.65,0.65,1006.5,6.5,10065.0,65.0,3.68,103.68,3.68,1036.8,36.8,10368.0,368.0,10.27,110.27,10.27,1102.7,102.7,11027.0,1027.0,33.93,133.93,33.93,1339.3,339.3,13393.0,3393.0,35.0,135.0,35.0,1350.0,350.0,13500.0,3500.0,ConocoPhillips's Dividend Analysis,GuruFocus.com,2026-08-17,0.0,The Top 5 Analyst Questions From ConocoPhillips’s Q2 Earnings Call,StockStory,2026-08-15,0.202,ConocoPhillips (COP): Wall Street Sees More Upside Despite Leadership Shakeup,Insider Monkey,2026-08-14,0.114,4,strong_buy,0.78,"ConocoPhillips is up +33% YTD and +14% in the last month, with a P/E of 16.8 and a 2.7% dividend yield. The company has a strong analyst score (1.64) and positive news sentiment (+0.20), and is well-positioned for high oil prices.",+33% YTD; +14% 1M momentum; Analyst score 1.64; P/E 16.8,,,,,
OXY,Occidental Petroleum,Energy,ep-refining,NYSE,59.04,+1.22%,+0.66%,+6.98%,+40.62%,+32%,59.019,0.16,17.42,9.72,4366535,35045335,173939235,192.0,0.01,buy,2.33,1.22,101.22,1.22,1012.2,12.2,10122.0,122.0,0.66,100.66,0.66,1006.6,6.6,10066.0,66.0,6.98,106.98,6.98,1069.8,69.8,10698.0,698.0,40.62,140.62,40.62,1406.2,406.2,14062.0,4062.0,32.0,132.0,32.0,1320.0,320.0,13200.0,3200.0,Here’s What “Iran’s Secret Plan To Escalate The War” Means For Oil Stocks,24/7 Wall St.,2026-08-17,0.0,Here is Why Analysts are Bullish on Occidental Petroleum (OXY),Insider Monkey,2026-08-14,0.0,5 Insightful Analyst Questions From Occidental Petroleum’s Q2 Earnings Call,StockStory,2026-08-14,0.0,10,buy,0.62,"Occidental is up +39% YTD and +9% in the last month, with a P/E of 17.2 and a 1.9% dividend yield. The company has a strong analyst score (2.33) and is benefiting from high oil prices and debt reduction, though short interest is very low.",+39% YTD; +9% 1M momentum; P/E 17.2; Debt reduction,,,,,
EOG,EOG Resources,Energy,ep-refining,NYSE,146.15,+2.31%,+2.76%,+0.00%,+39.64%,+21%,76.66,0.278,11.37,3.48,1537547,11459947,60823747,286.0,3.46,buy,2.23,2.31,102.31,2.31,1023.1,23.1,10231.0,231.0,2.76,102.76,2.76,1027.6,27.6,10276.0,276.0,0.0,100.0,0.0,1000.0,0.0,10000.0,0.0,39.64,139.64,39.64,1396.4,396.4,13964.0,3964.0,21.0,121.0,21.0,1210.0,210.0,12100.0,2100.0,SM Energy Slides 11.2% in One Week: Could the Dip Be an Opportunity?,Zacks,2026-08-12,0.599,EOG Resources (EOG) Q2 2026 Earnings Call Transcript,Motley Fool,2026-08-11,0.0,EOG Resources Q2 Earnings Call Highlights,MarketBeat,2026-08-08,0.0,,,,,,,,,,
MPC,Marathon Petroleum,Energy,ep-refining,NYSE,358.18,+0.42%,+11.82%,+13.60%,+118.81%,+118%,100.586,0.508,12.43,2.34,2113213,12694713,48480113,113.0,2.81,buy,2.26,0.42,100.42,0.42,1004.2,4.2,10042.0,42.0,11.82,111.82,11.82,1118.2,118.2,11182.0,1182.0,13.6,113.6,13.6,1136.0,136.0,11360.0,1360.0,118.81,218.81,118.81,2188.1,1188.1,21881.0,11881.0,118.0,218.0,118.0,2180.0,1180.0,21800.0,11800.0,"If You Invested $1000 in Marathon Petroleum a Decade Ago, This is How Much It'd Be Worth Now",Zacks,2026-08-17,0.226,Do Wall Street Analysts Like Marathon Petroleum Stock?,Barchart,2026-08-17,0.361,Sector Update: Energy Stocks Rise Friday,MT Newswires,2026-08-14,0.273,1,strong_buy,0.85,"MPC is up +117% YTD and +19% in the last month, with a P/E of 12.3 and a 1.1% dividend yield. Refining margins are surging due to Middle East supply disruptions, and the stock has strong momentum and positive news sentiment (+0.25).",+117% YTD; +19% 1M momentum; P/E 12.3; Refining margin surge,,,,,
VLO,Valero Energy,Energy,ep-refining,NYSE,347.19,+1.40%,+10.24%,+11.24%,+113.13%,+150%,99.966,0.554,14.47,2.98,1634566,10627166,55360666,140.0,3.67,buy,2.3,1.4,101.4,1.4,1014.0,14.0,10140.0,140.0,10.24,110.24,10.24,1102.4,102.4,11024.0,1024.0,11.24,111.24,11.24,1112.4,112.4,11124.0,1124.0,113.13,213.13,113.13,2131.3,1131.3,21313.0,11313.0,150.0,250.0,150.0,2500.0,1500.0,25000.0,15000.0,Earnings Estimates Moving Higher for Valero Energy (VLO): Time to Buy?,Zacks,2026-08-17,0.273,"YPF, E & XRG Advance Argentina LNG Toward a Key Investment Milestone",Zacks,2026-08-17,0.0,Hawaii Renewable Fuels Ramp-Up to Drive PARR's Long-Term Growth,Zacks,2026-08-17,0.382,2,strong_buy,0.82,"Valero is up +150% over the past year and +110% YTD, with a P/E of 14.2 and a 1.4% dividend yield. Record refining profits are being driven by high crack spreads, and the stock has strong momentum and a positive analyst consensus.",+150% 1Y return; +110% YTD; P/E 14.2; Record refining profits,,,,,
SLB,SLB (Schlumberger),Energy,oilfield-services,NYSE,53.86,+0.30%,+1.24%,+16.10%,+35.48%,+61%,79.936,0.749,26.27,14.08,4870596,39632796,258767496,219.0,4.32,buy,1.6,0.3,100.3,0.3,1003.0,3.0,10030.0,30.0,1.24,101.24,1.24,1012.4,12.4,10124.0,124.0,16.1,116.1,16.1,1161.0,161.0,11610.0,1610.0,35.48,135.48,35.48,1354.8,354.8,13548.0,3548.0,61.0,161.0,61.0,1610.0,610.0,16100.0,6100.0,SLB (SLB) Stock May Trade At A Discount On Cash Flow But Fairly On Earnings,Simply Wall St.,2026-08-14,0.0,SLB (SLB) Is Considered a Good Investment by Brokers: Is That True?,Zacks,2026-08-13,0.691,3 Cash-Producing Stocks with Open Questions,StockStory,2026-08-10,0.0,5,strong_buy,0.72,"SLB is up +35% YTD and +13% in the last month, with a P/E of 26.2 and a 2.2% dividend yield. The stock has the best analyst score (1.6) and highest news sentiment (+0.33) in the universe, driven by strong oilfield services demand.",+35% YTD; +13% 1M momentum; Analyst score 1.6; News sentiment +0.33,,,,,
HAL,Halliburton,Energy,oilfield-services,NYSE,34.73,+0.86%,+3.24%,-1.08%,+18.40%,+61%,28.935,0.753,18.18,11.99,5297451,38728351,257599351,198.0,5.76,buy,1.75,0.86,100.86,0.86,1008.6,8.6,10086.0,86.0,3.24,103.24,3.24,1032.4,32.4,10324.0,324.0,-1.08,98.92,-1.08,989.2,-10.8,9892.0,-108.0,18.4,118.4,18.4,1184.0,184.0,11840.0,1840.0,61.0,161.0,61.0,1610.0,610.0,16100.0,6100.0,"DTI Q2 Loss Narrower Than Expected, Revenues Match Estimates",Zacks,2026-08-17,-0.318,"Peabody Energy, Borr Drilling, Texas Pacific Land, Halliburton, and Transocean Stocks Trade Up, What You Need To Know",StockStory,2026-08-17,0.273,1 Profitable Stock for Long-Term Investors and 2 We Brush Off,StockStory,2026-08-16,0.44,,,,,,,,,,
BKR,Baker Hughes,Energy,oilfield-services,NASDAQ,64.9,+0.20%,+1.30%,+18.11%,+39.17%,+51%,64.424,0.959,20.87,8.69,4880951,32442051,179526551,142.0,2.83,buy,1.71,0.2,100.2,0.2,1002.0,2.0,10020.0,20.0,1.3,101.3,1.3,1013.0,13.0,10130.0,130.0,18.11,118.11,18.11,1181.1,181.1,11811.0,1811.0,39.17,139.17,39.17,1391.7,391.7,13917.0,3917.0,51.0,151.0,51.0,1510.0,510.0,15100.0,5100.0,1 Profitable Stock Worth Your Attention and 2 We Turn Down,StockStory,2026-08-17,0.586,Are Options Traders Betting on a Big Move in Baker Hughes Stock?,Zacks,2026-08-17,0.0,US rig count up five as prices rise,"Odessa American, Texas",2026-08-15,-0.128,6,buy,0.7,"Baker Hughes is up +39% YTD and +14% in the last month, with a P/E of 20.8 and a 1.4% dividend yield. The stock has strong momentum, a positive analyst score (1.71), and benefits from rising rig counts and LNG demand.",+39% YTD; +14% 1M momentum; Analyst score 1.71; Rising rig count,,,,,
NEE,NextEra Energy,Energy,utilities,NYSE,86.22,+0.43%,+1.79%,-2.02%,+8.05%,+14%,179.853,0.653,19.38,12.15,7592238,37843338,215406338,289.0,,buy,1.95,0.43,100.43,0.43,1004.3,4.3,10043.0,43.0,1.79,101.79,1.79,1017.9,17.9,10179.0,179.0,-2.02,97.98,-2.02,979.8,-20.2,9798.0,-202.0,8.05,108.05,8.05,1080.5,80.5,10805.0,805.0,14.0,114.0,14.0,1140.0,140.0,11400.0,1400.0,3 Nuclear Energy Stocks Riding the AI Power Surge in August,24/7 Wall St.,2026-08-16,0.273,UBS lists 4 reasons why it may be a good time to look at infrastructure now,Investing.com,2026-08-15,0.44,PCG Passed Our Value-Trap Test. Now What?,Trefis,2026-08-14,0.0,,,,,,,,,,
SSE.L,SSE plc,Energy,utilities,LSE,32.5,-0.83%,+0.93%,-3.52%,+7.60%,+37%,0.393,0.576,22.64,3.65,1981239,10559874,57681684,284.0,,none,,-0.83,99.17,-0.83,991.7,-8.3,9917.0,-83.0,0.93,100.93,0.93,1009.3,9.3,10093.0,93.0,-3.52,96.48,-3.52,964.8,-35.2,9648.0,-352.0,7.6,107.6,7.6,1076.0,76.0,10760.0,760.0,37.0,137.0,37.0,1370.0,370.0,13700.0,3700.0,UK PM Burnham uses policy blitz to buy time for tougher decisions,Investing.com,2026-08-01,0.178,SSE (LSE:SSE) Stock Fair Value Edges Lower After Mixed Analyst Target Changes,Simply Wall St.,2026-06-24,0.361,"UK, Japan to deepen ties with £18 billion investment agreement",Investing.com,2026-06-14,0.494,,,,,,,,,,
ENPH,Enphase Energy,Energy,clean-energy,NASDAQ,38.65,-4.43%,-5.55%,-2.05%,+14.52%,+13%,5.107,1.651,38.27,6.58,3451807,14667107,96706707,,20.98,buy,2.48,-4.43,95.57,-4.43,955.7,-44.3,9557.0,-443.0,-5.55,94.45,-5.55,944.5,-55.5,9445.0,-555.0,-2.05,97.95,-2.05,979.5,-20.5,9795.0,-205.0,14.52,114.52,14.52,1145.2,145.2,11452.0,1452.0,13.0,113.0,13.0,1130.0,130.0,11300.0,1300.0,"Redwire, Enphase, Core & Main, Republic Services, and Owens Corning Stocks Trade Up, What You Need To Know",StockStory,2026-08-11,0.0,Enphase Energy (ENPH) Stock Looks Fully Priced With Cash Flow And Earnings In Sync,Simply Wall St.,2026-08-08,0.273,Enphase Energy (ENPH) Is Up 6.1% After Expanding U.S. AI-Focused Power Electronics Manufacturing - What's Changed,Simply Wall St.,2026-08-07,0.273,,,,,,,,,,
FSLR,First Solar,Energy,clean-energy,NASDAQ,217.85,-3.61%,-8.98%,+6.11%,-20.59%,+3%,23.412,1.746,22.25,2.49,1846888,10844388,54493588,,12.45,buy,2.0,-3.61,96.39,-3.61,963.9,-36.1,9639.0,-361.0,-8.98,91.02,-8.98,910.2,-89.8,9102.0,-898.0,6.11,106.11,6.11,1061.1,61.1,10611.0,611.0,-20.59,79.41,-20.59,794.1,-205.9,7941.0,-2059.0,3.0,103.0,3.0,1030.0,30.0,10300.0,300.0,MarketBeat Week in Review – 08/10 - 08/14,MarketBeat,2026-08-15,0.0,Solar Is Now Half of All New Power on the Grid and This ETF Still Trades Like Nobody Noticed,24/7 Wall St.,2026-08-14,0.361,"Solar Power Hits Big Milestone, Trumping Wind For First Time",Investor's Business Daily,2026-08-14,0.0,,,,,,,,,,
BEPC,Brookfield Renewable Corp,Energy,clean-energy,NYSE,35.1,+0.83%,+5.66%,+2.57%,-10.34%,+5%,6.514,1.166,,1.65,1417145,9868945,45401745,442.0,,hold,3.17,0.83,100.83,0.83,1008.3,8.3,10083.0,83.0,5.66,105.66,5.66,1056.6,56.6,10566.0,566.0,2.57,102.57,2.57,1025.7,25.7,10257.0,257.0,-10.34,89.66,-10.34,896.6,-103.4,8966.0,-1034.0,5.0,105.0,5.0,1050.0,50.0,10500.0,500.0,Why I'm Not Chasing NuScale -- Here's What I'm Buying Instead,Motley Fool,2026-08-11,0.0,Why Cameco's Ugly Earnings Miss Might Be Good News in Disguise,Motley Fool,2026-08-08,-0.459,Brookfield Renewable Q2 Earnings Call Highlights,MarketBeat,2026-07-31,0.0,,,,,,,,,,
DNNGY,Ørsted,Energy,clean-energy,NASDAQ,7.15,+0.70%,-0.56%,-6.41%,+7.28%,-35%,28.337,0.629,,0.11,1021,300121,1578321,,,strong_buy,1.0,0.7,100.7,0.7,1007.0,7.0,10070.0,70.0,-0.56,99.44,-0.56,994.4,-5.6,9944.0,-56.0,-6.41,93.59,-6.41,935.9,-64.1,9359.0,-641.0,7.28,107.28,7.28,1072.8,72.8,10728.0,728.0,-35.0,65.0,-35.0,650.0,-350.0,6500.0,-3500.0,Orsted AS (DNNGY) (Q2 2026) Earnings Call Highlights: Strong H1 EBITDA and Strategic Progress ...,GuruFocus.com,2026-08-17,0.727,Ørsted Q2 2026 net profit drops 79% to $106m,Power Technology,2026-08-13,0.44,Orsted Says All Projects on Schedule After Impairments Hit Profit,The Wall Street Journal,2026-08-13,0.44,,,,,,,,,,
AAPL,Apple,MegaCap,big-tech,NASDAQ,306,-0.06%,-0.87%,-6.35%,+13.07%,+33%,4459.835,1.086,35.04,56.19,32743947,180414447,1085049847,35.0,0.97,buy,2.13,-0.06,99.94,-0.06,999.4,-0.6,9994.0,-6.0,-0.87,99.13,-0.87,991.3,-8.7,9913.0,-87.0,-6.35,93.65,-6.35,936.5,-63.5,9365.0,-635.0,13.07,113.07,13.07,1130.7,130.7,11307.0,1307.0,33.0,133.0,33.0,1330.0,330.0,13300.0,3300.0,"Trump admin. urges Apple not to purchase Chinese memory chips, but this presents a problem",Yahoo Finance Video,2026-08-17,-0.55,Apple Changes App Tracking Rules in Europe,GuruFocus.com,2026-08-17,0.0,"Four Reasons To Put This Nvidia, AMD Partner On Your Watchlist Right Now",Investor's Business Daily,2026-08-17,0.0,,,,,,,,,,
MSFT,Microsoft,MegaCap,big-tech,NASDAQ,480,-3.01%,-5.08%,+19.40%,+2.02%,-4%,3566.861,1.099,26.79,40.4,28250867,119546367,783282167,73.0,1.1,strong_buy,1.36,-3.01,96.99,-3.01,969.9,-30.1,9699.0,-301.0,-5.08,94.92,-5.08,949.2,-50.8,9492.0,-508.0,19.4,119.4,19.4,1194.0,194.0,11940.0,1940.0,2.02,102.02,2.02,1020.2,20.2,10202.0,202.0,-4.0,96.0,-4.0,960.0,-40.0,9600.0,-400.0,Could Microsoft spin off Xbox? Why it might be worth billions,Yahoo Finance Video,2026-08-17,0.226,Stock Market Today: Dow Falls As This Key Yield Hits 19-Year High; Warren Buffett Stock Falls (Live Coverage),Investor's Business Daily,2026-08-17,0.0,What You Actually Pay To Join The AAPL Run,Trefis,2026-08-17,0.202,1,strong_buy,0.95,"MSFT has strong momentum (+25.22% 1M) and a strong_buy consensus (an_score 1.36). JPMorgan raised its price target to $625 on AI-driven Copilot adoption, and Morningstar keeps a $600 fair value estimate, citing Azure AI demand and a 17% revenue beat.",+25.22% 1M momentum; strong_buy consensus (1.36); JPMorgan $625 PT on AI tailwinds; Azure revenue beat +17% YoY,,,,,
NVDA,NVIDIA,MegaCap,big-tech,NASDAQ,225,+0.13%,+3.43%,+10.69%,+19.29%,+24%,5449.967,2.215,34.46,145.98,81442206,465870106,2488335206,44.0,1.26,strong_buy,1.3,0.13,100.13,0.13,1001.3,1.3,10013.0,13.0,3.43,103.43,3.43,1034.3,34.3,10343.0,343.0,10.69,110.69,10.69,1106.9,106.9,11069.0,1069.0,19.29,119.29,19.29,1192.9,192.9,11929.0,1929.0,24.0,124.0,24.0,1240.0,240.0,12400.0,2400.0,Nvidia to finance $105B for an OpenAI data center: What to know,Yahoo Finance Video,2026-08-17,0.0,"Micron stock heats up again, crossing $1,000",Yahoo Finance,2026-08-17,0.0,Gold and Silver Prices Are Rising. Here's Which Precious Metal May Have More Upside,Motley Fool,2026-08-17,0.572,,,,,,,,,,
GOOGL,Alphabet,MegaCap,big-tech,NASDAQ,344,-0.94%,-3.78%,-2.27%,+9.30%,+70%,4207.098,1.237,17.27,32.89,18214810,107928010,644134810,25.0,1.2,strong_buy,1.39,-0.94,99.06,-0.94,990.6,-9.4,9906.0,-94.0,-3.78,96.22,-3.78,962.2,-37.8,9622.0,-378.0,-2.27,97.73,-2.27,977.3,-22.7,9773.0,-227.0,9.3,109.3,9.3,1093.0,93.0,10930.0,930.0,70.0,170.0,70.0,1700.0,700.0,17000.0,7000.0,SpaceX's biggest investors are finally visible — just as millions more shares unlock: Chart of the Day,Yahoo Finance,2026-08-17,0.36,Why indie games are the next big tech investment: Gaming CEO,Yahoo Finance Video,2026-08-17,0.0,Alphabet Eyes First Australian Dollar Bond Sale,GuruFocus.com,2026-08-17,0.0,,,,,,,,,,
META,Meta Platforms,MegaCap,big-tech,NASDAQ,569,-3.61%,-4.36%,-11.90%,-12.37%,-23%,1449.454,1.243,21.44,18.14,16892608,66122208,332438108,36.0,1.43,strong_buy,1.35,-3.61,96.39,-3.61,963.9,-36.1,9639.0,-361.0,-4.36,95.64,-4.36,956.4,-43.6,9564.0,-436.0,-11.9,88.1,-11.9,881.0,-119.0,8810.0,-1190.0,-12.37,87.63,-12.37,876.3,-123.7,8763.0,-1237.0,-23.0,77.0,-23.0,770.0,-230.0,7700.0,-2300.0,What AGs will be looking at in Meta's latest social media addiction trial,Yahoo Finance Video,2026-08-17,0.0,Tech searches for gains as stocks teeter at the open: AlphaCheck,Yahoo Finance,2026-08-17,0.34,Rum Group (RUM) Jumps 10.5% as $1.4T Meta Trial Boosts Platform Outlook,Insider Monkey,2026-08-17,0.318,,,,,,,,,,
AMZN,Amazon,MegaCap,big-tech,NASDAQ,261,-0.71%,-6.03%,+4.53%,+15.37%,+13%,2818.572,1.454,21.04,50.01,41504334,162696234,1000767734,,1.0,strong_buy,1.32,-0.71,99.29,-0.71,992.9,-7.1,9929.0,-71.0,-6.03,93.97,-6.03,939.7,-60.3,9397.0,-603.0,4.53,104.53,4.53,1045.3,45.3,10453.0,453.0,15.37,115.37,15.37,1153.7,153.7,11537.0,1537.0,13.0,113.0,13.0,1130.0,130.0,11300.0,1300.0,AI hyperscalers or memory chips: Which is the better investment right now?,Yahoo Finance Video,2026-08-17,0.44,Goldman Sachs warns of consumer spending slowdown as tax refund boost fades,Yahoo Finance,2026-08-17,0.318,What You Actually Pay To Join The AAPL Run,Trefis,2026-08-17,0.202,,,,,,,,,,
TSLA,Tesla,MegaCap,big-tech,NASDAQ,339,-0.69%,+2.54%,-8.19%,-22.55%,+2%,1340.081,1.827,308.45,42.9,25419203,157546703,821982203,,1.94,buy,2.32,-0.69,99.31,-0.69,993.1,-6.9,9931.0,-69.0,2.54,102.54,2.54,1025.4,25.4,10254.0,254.0,-8.19,91.81,-8.19,918.1,-81.9,9181.0,-819.0,-22.55,77.45,-22.55,774.5,-225.5,7745.0,-2255.0,2.0,102.0,2.0,1020.0,20.0,10200.0,200.0,BYD Keeps Global EV Lead as Tesla Sales Rebound,GuruFocus.com,2026-08-17,0.0,Tesla to launch Cybercab in Austin this month - report,Investing.com,2026-08-17,0.0,"Nvidia, Alphabet, Peter Thiel: SpaceX Top Shareholders Disclosed",Investor's Business Daily,2026-08-17,0.202,,,,,,,,,,
NFLX,Netflix,MegaCap,big-tech,NASDAQ,76,-2.95%,-0.35%,+12.46%,-16.45%,-37%,316.543,1.514,23.91,42.89,30585354,147356954,798700054,,2.23,buy,1.73,-2.95,97.05,-2.95,970.5,-29.5,9705.0,-295.0,-0.35,99.65,-0.35,996.5,-3.5,9965.0,-35.0,12.46,112.46,12.46,1124.6,124.6,11246.0,1246.0,-16.45,83.55,-16.45,835.5,-164.5,8355.0,-1645.0,-37.0,63.0,-37.0,630.0,-370.0,6300.0,-3700.0,Here’s How Nancy Pelosi Beat the Stock Market and Warren Buffett,24/7 Wall St.,2026-08-17,0.0,Billionaire Bill Ackman Just Invested in Netflix Stock. Here's Why Investors Should Care.,Motley Fool,2026-08-17,0.494,Netflix Is Down 42% From Its High. History Says This Is the Setup to Watch.,Motley Fool,2026-08-17,0.0,,,,,,,,,,
JPM,JPMorgan Chase,MegaCap,financials,NYSE,361,-0.45%,+0.33%,+6.52%,+12.48%,+24%,959.499,0.977,15.47,8.94,3169371,22273371,135276971,165.0,1.07,buy,2.12,-0.45,99.55,-0.45,995.5,-4.5,9955.0,-45.0,0.33,100.33,0.33,1003.3,3.3,10033.0,33.0,6.52,106.52,6.52,1065.2,65.2,10652.0,652.0,12.48,112.48,12.48,1124.8,124.8,11248.0,1248.0,24.0,124.0,24.0,1240.0,240.0,12400.0,2400.0,Sector Update: Financial Stocks Decline Late Afternoon,MT Newswires,2026-08-17,0.0,JPMorgan revamps SanDisk stock with massive price target,TheStreet,2026-08-17,0.0,SanDisk Rallied On Contracts It Had Already Signed,Trefis,2026-08-17,0.0,,,,,,,,,,
BAC,Bank of America,MegaCap,financials,NYSE,64,-0.92%,+0.05%,+5.74%,+15.43%,+35%,446.767,1.168,14.76,34.87,22820921,120252021,603125621,198.0,,buy,1.54,-0.92,99.08,-0.92,990.8,-9.2,9908.0,-92.0,0.05,100.05,0.05,1000.5,0.5,10005.0,5.0,5.74,105.74,5.74,1057.4,57.4,10574.0,574.0,15.43,115.43,15.43,1154.3,154.3,11543.0,1543.0,35.0,135.0,35.0,1350.0,350.0,13500.0,3500.0,Bank of America Sees 50% Upside in Micron,GuruFocus.com,2026-08-17,0.0,Why AMD Stock Is Down Today,GuruFocus.com,2026-08-17,0.0,Will Bank of America Benefit From the Jio Credit Partnership in India?,Zacks,2026-08-17,0.681,,,,,,,,,,
BRK-B,Berkshire Hathaway B,MegaCap,financials,NYSE,498,-1.28%,-5.89%,+1.42%,+0.28%,+5%,1066.566,0.607,12.53,4.85,3617090,21609590,89263890,,0.96,buy,2.0,-1.28,98.72,-1.28,987.2,-12.8,9872.0,-128.0,-5.89,94.11,-5.89,941.1,-58.9,9411.0,-589.0,1.42,101.42,1.42,1014.2,14.2,10142.0,142.0,0.28,100.28,0.28,1002.8,2.8,10028.0,28.0,5.0,105.0,5.0,1050.0,50.0,10500.0,500.0,Warren Buffett's Portfolio Is Looking Even More Like The Dow Jones Index. This Is Why.,Investor's Business Daily,2026-08-17,0.42,This Has Far and Away Been the Biggest Surprise at Berkshire Hathaway Since Greg Abel Took Over From Warren Buffett,Motley Fool,2026-08-17,0.273,Warren Buffett Is Still Making Big Bets at Berkshire,Barrons.com,2026-08-17,0.0,,,,,,,,,,
V,Visa,MegaCap,financials,NYSE,359,-1.51%,-0.50%,-0.29%,+4.19%,+6%,669.971,0.759,30.51,8.16,4422852,28906152,137812352,74.0,1.22,strong_buy,1.38,-1.51,98.49,-1.51,984.9,-15.1,9849.0,-151.0,-0.5,99.5,-0.5,995.0,-5.0,9950.0,-50.0,-0.29,99.71,-0.29,997.1,-2.9,9971.0,-29.0,4.19,104.19,4.19,1041.9,41.9,10419.0,419.0,6.0,106.0,6.0,1060.0,60.0,10600.0,600.0,Visa Stock Slips After Ackman Reveals New Payment Bet,GuruFocus.com,2026-08-17,0.0,"Should You Buy, Sell or Hold PayPal Stock After a 36.1% 3-Month Rise?",Zacks,2026-08-17,0.0,Can Visa Direct Give Visa's Growth Story a New Direction?,Zacks,2026-08-17,0.382,,,,,,,,,,
MA,Mastercard,MegaCap,financials,NYSE,562,-1.18%,-0.16%,+2.71%,+0.34%,-3%,492.545,0.735,30.96,3.53,2150362,12166462,61333362,61.0,1.03,strong_buy,1.37,-1.18,98.82,-1.18,988.2,-11.8,9882.0,-118.0,-0.16,99.84,-0.16,998.4,-1.6,9984.0,-16.0,2.71,102.71,2.71,1027.1,27.1,10271.0,271.0,0.34,100.34,0.34,1003.4,3.4,10034.0,34.0,-3.0,97.0,-3.0,970.0,-30.0,9700.0,-300.0,Visa Stock Slips After Ackman Reveals New Payment Bet,GuruFocus.com,2026-08-17,0.0,Mastercard Stock Slips as Ackman Rally Loses Momentum,GuruFocus.com,2026-08-17,-0.318,"Should You Buy, Sell or Hold PayPal Stock After a 36.1% 3-Month Rise?",Zacks,2026-08-17,0.0,,,,,,,,,,
GS,Goldman Sachs,MegaCap,financials,NYSE,1051,+1.43%,+1.62%,-0.35%,+16.09%,+42%,306.111,1.288,16.23,2.15,1119283,7700983,38688683,192.0,2.14,hold,2.6,1.43,101.43,1.43,1014.3,14.3,10143.0,143.0,1.62,101.62,1.62,1016.2,16.2,10162.0,162.0,-0.35,99.65,-0.35,996.5,-3.5,9965.0,-35.0,16.09,116.09,16.09,1160.9,160.9,11609.0,1609.0,42.0,142.0,42.0,1420.0,420.0,14200.0,4200.0,Goldman Sachs warns of consumer spending slowdown as tax refund boost fades,Yahoo Finance,2026-08-17,0.318,Goldman Sachs Flags Major Shift Across S&P 500,GuruFocus.com,2026-08-17,0.0,The Goldman Sachs Group (GS)’s CEO Says He Has “a Deep Belief” in NVIDIA Corporation (NVDA). Reuters Compares the Deal to Auto Loans,Insider Monkey,2026-08-17,0.0,,,,,,,,,,
BLK,BlackRock,MegaCap,financials,NYSE,1147,-2.14%,+1.39%,+8.82%,+6.91%,+3%,186.378,1.425,27.46,0.77,281594,1992194,13474794,195.0,1.43,buy,1.53,-2.14,97.86,-2.14,978.6,-21.4,9786.0,-214.0,1.39,101.39,1.39,1013.9,13.9,10139.0,139.0,8.82,108.82,8.82,1088.2,88.2,10882.0,882.0,6.91,106.91,6.91,1069.1,69.1,10691.0,691.0,3.0,103.0,3.0,1030.0,30.0,10300.0,300.0,Morgan Stanley Delivers a Bullish Message for Nvidia Stock Investors,GuruFocus.com,2026-08-17,0.0,Sector Update: Tech Stocks Rise Late Afternoon,MT Newswires,2026-08-17,0.0,"Meta Platforms Drops 4%, Pinterest Falls 4% as Social Media Legal Risk Resurfaces",24/7 Wall St.,2026-08-17,-0.153,,,,,,,,,,
LLY,Eli Lilly,MegaCap,healthcare,NYSE,1183,+0.27%,-3.82%,+3.31%,+10.04%,+69%,1055.073,0.506,39.78,2.99,1257871,9512071,54558371,59.0,1.02,buy,1.72,0.27,100.27,0.27,1002.7,2.7,10027.0,27.0,-3.82,96.18,-3.82,961.8,-38.2,9618.0,-382.0,3.31,103.31,3.31,1033.1,33.1,10331.0,331.0,10.04,110.04,10.04,1100.4,100.4,11004.0,1004.0,69.0,169.0,69.0,1690.0,690.0,16900.0,6900.0,OmniAb Jumps 18% as Lilly Deal Lifts Cash Outlook,GuruFocus.com,2026-08-17,0.0,Jim Cramer Says One Group of Stocks is ‘So Hated’ Right Now. Is it Time to Buy?,24/7 Wall St.,2026-08-17,0.0,Three Center-Stage AI Players Join Eli Lilly On Elite Screen,Investor's Business Daily,2026-08-17,0.296,,,,,,,,,,
UNH,UnitedHealth Group,MegaCap,healthcare,NYSE,396,-1.52%,-3.21%,-6.15%,+19.20%,+30%,355.106,0.632,25.44,5.98,3922152,18283752,92016152,231.0,1.88,buy,1.59,-1.52,98.48,-1.52,984.8,-15.2,9848.0,-152.0,-3.21,96.79,-3.21,967.9,-32.1,9679.0,-321.0,-6.15,93.85,-6.15,938.5,-61.5,9385.0,-615.0,19.2,119.2,19.2,1192.0,192.0,11920.0,1920.0,30.0,130.0,30.0,1300.0,300.0,13000.0,3000.0,Is CVS Stock a Buy as Earnings Improve but Key Risks Remain Elevated?,Zacks,2026-08-17,-0.178,Wall Street Bulls Look Optimistic About UnitedHealth (UNH): Should You Buy?,Zacks,2026-08-17,0.318,Luigi Mangione Reportedly Set to Plead Guilty in Federal Case Over UnitedHealthcare CEO Brian Thompson’s Killing: UNH Stock in Focus (UPDATED),Benzinga,2026-08-17,-0.802,,,,,,,,,,
JNJ,Johnson & Johnson,MegaCap,healthcare,NYSE,262,+0.70%,+0.21%,+5.45%,+27.94%,+48%,632.285,0.231,30.44,8.09,5512282,25938282,151024782,206.0,1.17,buy,1.91,0.7,100.7,0.7,1007.0,7.0,10070.0,70.0,0.21,100.21,0.21,1002.1,2.1,10021.0,21.0,5.45,105.45,5.45,1054.5,54.5,10545.0,545.0,27.94,127.94,27.94,1279.4,279.4,12794.0,2794.0,48.0,148.0,48.0,1480.0,480.0,14800.0,4800.0,Stock Market Today: Dow Falls As This Key Yield Hits 19-Year High; Warren Buffett Stock Falls (Live Coverage),Investor's Business Daily,2026-08-17,0.0,LQDA Stock Down Post Q2 Earnings Release: What Should Investors Do Now?,Zacks,2026-08-17,0.0,What The Headline Growth Rate Hides About JNJ Stock,Trefis,2026-08-17,0.226,,,,,,,,,,
ABBV,AbbVie,MegaCap,healthcare,NYSE,250,+0.35%,+0.95%,-1.20%,+11.75%,+21%,442.362,0.28,70.71,6.71,4647028,21478128,110455928,277.0,1.42,buy,1.68,0.35,100.35,0.35,1003.5,3.5,10035.0,35.0,0.95,100.95,0.95,1009.5,9.5,10095.0,95.0,-1.2,98.8,-1.2,988.0,-12.0,9880.0,-120.0,11.75,111.75,11.75,1117.5,117.5,11175.0,1175.0,21.0,121.0,21.0,1210.0,210.0,12100.0,2100.0,Fulcrum Therapeutics & Slate Medicines Merge for Next-Generation Migraine Therapies,Exec Edge,2026-08-17,0.0,What The Headline Growth Rate Hides About JNJ Stock,Trefis,2026-08-17,0.226,Neuroscience Is Becoming AbbVie's Quiet Powerhouse -- and Management Now Sees $12.7 Billion in Sales This Year,Motley Fool,2026-08-16,0.0,,,,,,,,,,
MRK,Merck,MegaCap,healthcare,NYSE,136,+0.69%,+3.86%,+9.30%,+29.60%,+61%,335.461,0.211,108.78,10.2,5627196,38179496,169890196,250.0,1.15,buy,1.79,0.69,100.69,0.69,1006.9,6.9,10069.0,69.0,3.86,103.86,3.86,1038.6,38.6,10386.0,386.0,9.3,109.3,9.3,1093.0,93.0,10930.0,930.0,29.6,129.6,29.6,1296.0,296.0,12960.0,2960.0,61.0,161.0,61.0,1610.0,610.0,16100.0,6100.0,"If You Invest $100 a Month in SCHD, Here's the Passive Income It Could Deliver in 20 Years",Motley Fool,2026-08-17,0.202,What The Headline Growth Rate Hides About JNJ Stock,Trefis,2026-08-17,0.226,"AbbVie Defends Its Turf, But Leaves One Big Question Open",Trefis,2026-08-14,0.0,9,buy,0.65,"MRK is up +9.89% in the last month and +29.48% YTD, with very positive news sentiment (0.527) and a buy consensus. Strong drug pipeline and Keytruda momentum drive growth.",+9.89% 1M momentum; +29.48% YTD; very positive news sentiment (0.527); buy consensus,,,,,
TMO,Thermo Fisher Scientific,MegaCap,healthcare,NYSE,586,-0.37%,-2.36%,+11.27%,-0.98%,+21%,216.491,0.847,31.5,2.25,667064,6360664,45349464,32.0,1.35,buy,1.54,-0.37,99.63,-0.37,996.3,-3.7,9963.0,-37.0,-2.36,97.64,-2.36,976.4,-23.6,9764.0,-236.0,11.27,111.27,11.27,1112.7,112.7,11127.0,1127.0,-0.98,99.02,-0.98,990.2,-9.8,9902.0,-98.0,21.0,121.0,21.0,1210.0,210.0,12100.0,2100.0,Thermo Fisher Scientific Stock: Analyst Estimates & Ratings,Barchart,2026-08-17,0.0,PTC Therapeutics Targets Fabry Gene Therapy in $111M Bankruptcy Auction Deal,MarketBeat,2026-08-16,0.0,3 Profitable Stocks We’re Skeptical Of,StockStory,2026-08-15,0.153,8,buy,0.65,"TMO surged +9.90% in the last month, with a buy consensus and a P/E of 31.65. The life sciences tools sector is seeing renewed demand, and the stock is recovering from a flat YTD.",+9.90% 1M momentum; buy consensus; life sciences demand recovery; P/E 31.65,,,,,
ABT,Abbott Laboratories,MegaCap,healthcare,NYSE,110,-0.57%,+1.61%,+8.57%,-9.48%,-15%,190.982,0.581,35.72,12.06,5080839,29537739,187261339,227.0,1.46,buy,1.59,-0.57,99.43,-0.57,994.3,-5.7,9943.0,-57.0,1.61,101.61,1.61,1016.1,16.1,10161.0,161.0,8.57,108.57,8.57,1085.7,85.7,10857.0,857.0,-9.48,90.52,-9.48,905.2,-94.8,9052.0,-948.0,-15.0,85.0,-15.0,850.0,-150.0,8500.0,-1500.0,Abbott (ABT) Stock Looks Reasonable On Earnings With Stronger Cash Flow,Simply Wall St.,2026-08-17,0.382,"If You Invest $100 a Month in SCHD, Here's the Passive Income It Could Deliver in 20 Years",Motley Fool,2026-08-17,0.202,What Does Abbott Laboratories (ABT) Gain From This New App Controlled Pump Rollout?,Simply Wall St.,2026-08-17,0.527,3,buy,0.8,"ABT rallied +24.62% in the last month, with positive news sentiment (0.335) and a buy consensus. The Lingo partnership with Alphabet for AI-powered health is a key catalyst.",+24.62% 1M momentum; positive news sentiment (0.335); AI health partnership with GOOG; buy consensus,,,,,
PG,Procter & Gamble,MegaCap,consumer,NYSE,143,-0.94%,-2.27%,-3.31%,+3.18%,-7%,332.673,0.377,21.62,8.85,6642592,36515192,170991192,301.0,1.17,buy,2.2,-0.94,99.06,-0.94,990.6,-9.4,9906.0,-94.0,-2.27,97.73,-2.27,977.3,-22.7,9773.0,-227.0,-3.31,96.69,-3.31,966.9,-33.1,9669.0,-331.0,3.18,103.18,3.18,1031.8,31.8,10318.0,318.0,-7.0,93.0,-7.0,930.0,-70.0,9300.0,-700.0,Pizza Hut’s Global CEO resigns,Restaurant Dive,2026-08-17,-0.318,"How Much Do You Really Need Invested to Replace a $75,000 Salary With Dividends?",24/7 Wall St.,2026-08-17,0.0,5 Dividend Aristocrats to Buy for Lifelong Income in August,24/7 Wall St.,2026-08-16,0.0,,,,,,,,,,
KO,Coca-Cola,MegaCap,consumer,NYSE,87,-0.82%,+0.13%,+5.92%,+27.52%,+27%,374.236,0.342,26.12,17.73,11992806,59963106,328943606,242.0,1.05,buy,1.75,-0.82,99.18,-0.82,991.8,-8.2,9918.0,-82.0,0.13,100.13,0.13,1001.3,1.3,10013.0,13.0,5.92,105.92,5.92,1059.2,59.2,10592.0,592.0,27.52,127.52,27.52,1275.2,275.2,12752.0,2752.0,27.0,127.0,27.0,1270.0,270.0,12700.0,2700.0,"If You Invest $100 a Month in SCHD, Here's the Passive Income It Could Deliver in 20 Years",Motley Fool,2026-08-17,0.202,Warren Buffett Is Still Making Big Bets at Berkshire,Barrons.com,2026-08-17,0.0,PepsiCo's Brand Refresh: Is it Enough to Win Back Consumers?,Zacks,2026-08-17,0.586,,,,,,,,,,
PEP,PepsiCo,MegaCap,consumer,NASDAQ,138,-1.84%,+0.37%,+2.05%,-0.91%,-6%,188.836,0.361,18.12,8.77,5879135,27286935,150744035,420.0,2.4,none,,-1.84,98.16,-1.84,981.6,-18.4,9816.0,-184.0,0.37,100.37,0.37,1003.7,3.7,10037.0,37.0,2.05,102.05,2.05,1020.5,20.5,10205.0,205.0,-0.91,99.09,-0.91,990.9,-9.1,9909.0,-91.0,-6.0,94.0,-6.0,940.0,-60.0,9400.0,-600.0,How Olipop hit $500M in revenue and beat Pepsi's Poppi: Fmr CEO,Yahoo Finance Video,2026-08-17,0.0,PepsiCo (PEP) Launches Alvalle As Investors Weigh Whether The Stock Is Fully Valued,Simply Wall St.,2026-08-17,0.493,1 Nasdaq 100 Stock to Own for Decades and 2 We Turn Down,StockStory,2026-08-17,0.0,,,,,,,,,,
MCD,McDonald's,MegaCap,consumer,NYSE,266,-2.84%,-2.99%,-0.79%,-11.36%,-12%,187.9,0.419,21.59,4.59,3748703,17887603,94814603,273.0,1.93,buy,2.06,-2.84,97.16,-2.84,971.6,-28.4,9716.0,-284.0,-2.99,97.01,-2.99,970.1,-29.9,9701.0,-299.0,-0.79,99.21,-0.79,992.1,-7.9,9921.0,-79.0,-11.36,88.64,-11.36,886.4,-113.6,8864.0,-1136.0,-12.0,88.0,-12.0,880.0,-120.0,8800.0,-1200.0,Anduril co-founder Palmer Luckey feuds with ex-Taco Bell CEO over McDonald's comments,Yahoo Finance,2026-08-17,-0.34,McDonald's Takes Direct Aim at Starbucks,GuruFocus.com,2026-08-17,0.0,McDonald’s Keeps Cratering: Why One Bullish Analyst Says 50% Gains Lie Ahead,24/7 Wall St.,2026-08-17,0.34,,,,,,,,,,
NKE,Nike,MegaCap,consumer,NYSE,39,-4.17%,-7.17%,-10.08%,-37.26%,-47%,57.99,1.118,18.61,23.5,58242477,159761277,475174477,403.0,6.01,hold,2.51,-4.17,95.83,-4.17,958.3,-41.7,9583.0,-417.0,-7.17,92.83,-7.17,928.3,-71.7,9283.0,-717.0,-10.08,89.92,-10.08,899.2,-100.8,8992.0,-1008.0,-37.26,62.74,-37.26,627.4,-372.6,6274.0,-3726.0,-47.0,53.0,-47.0,530.0,-470.0,5300.0,-4700.0,Nike stock hits 12-year low as turnaround skepticism lingers,Yahoo Finance Video,2026-08-17,-0.477,Nike's stock plunge is relentless,Yahoo Finance,2026-08-17,0.052,Stock Market Today: Dow Falls As This Key Yield Hits 19-Year High; Warren Buffett Stock Falls (Live Coverage),Investor's Business Daily,2026-08-17,0.0,,,,,,,,,,
WMT,Walmart,MegaCap,consumer,NYSE,114,-0.84%,+1.48%,+1.90%,+1.79%,+14%,909.847,0.605,40.26,23.74,16097325,86486625,445437925,86.0,1.62,buy,1.58,-0.84,99.16,-0.84,991.6,-8.4,9916.0,-84.0,1.48,101.48,1.48,1014.8,14.8,10148.0,148.0,1.9,101.9,1.9,1019.0,19.0,10190.0,190.0,1.79,101.79,1.79,1017.9,17.9,10179.0,179.0,14.0,114.0,14.0,1140.0,140.0,11400.0,1400.0,What this week's Walmart & Target earnings could tell us about the consumer landscape,Yahoo Finance Video,2026-08-17,0.0,"Meta social media addiction trial, earnings from Walmart & Target: What to watch on Monday",Yahoo Finance Video,2026-08-17,0.0,"Update: Equities Fall, Oil Rallies as US-Iran Ceasefire Expires",MT Newswires,2026-08-17,0.0,,,,,,,,,,
COST,Costco,MegaCap,consumer,NASDAQ,954,-0.80%,+0.08%,+2.05%,+12.08%,-2%,422.857,0.86,47.94,2.38,1104816,6708016,37307316,61.0,1.73,buy,2.0,-0.8,99.2,-0.8,992.0,-8.0,9920.0,-80.0,0.08,100.08,0.08,1000.8,0.8,10008.0,8.0,2.05,102.05,2.05,1020.5,20.5,10205.0,205.0,12.08,112.08,12.08,1120.8,120.8,11208.0,1208.0,-2.0,98.0,-2.0,980.0,-20.0,9800.0,-200.0,Branchout Food inc (BOF) (Q2 2026) Earnings Call Highlights: Record Revenue and Strategic ...,GuruFocus.com,2026-08-17,0.0,This Retail Stock May Be an Even Better Buy Than Walmart and Costco Right Now,Motley Fool,2026-08-17,0.44,Can Costco Stock Reach New Highs in Member Monetization?,Zacks,2026-08-17,0.026,,,,,,,,,,
XOM,ExxonMobil,MegaCap,energy-industrial,NYSE,161,+0.79%,+1.05%,+8.83%,+33.42%,+50%,663.909,0.173,20.81,16.11,12745034,60480234,291801234,257.0,1.15,buy,2.4,0.79,100.79,0.79,1007.9,7.9,10079.0,79.0,1.05,101.05,1.05,1010.5,10.5,10105.0,105.0,8.83,108.83,8.83,1088.3,88.3,10883.0,883.0,33.42,133.42,33.42,1334.2,334.2,13342.0,3342.0,50.0,150.0,50.0,1500.0,500.0,15000.0,5000.0,Why Exxon Mobil (XOM) Is Expanding Beyond Traditional Oil and Gas,Insider Monkey,2026-08-17,0.0,APA and Woodside Energy Have Fuel in the Tank to Go Higher,Barrons.com,2026-08-17,0.273,Exxon and Chevron Just Posted a Combined $26.5 Billion Profit -- Here's the One I'd Buy Right Now,Motley Fool,2026-08-17,0.44,6,buy,0.7,"XOM is up +10.79% in the last month and +32.30% YTD, with a low beta of 0.173 and a 2.57% dividend yield. Rising oil prices due to Iran tensions are a near-term catalyst.",+10.79% 1M momentum; +32.30% YTD; low beta (0.173); geopolitical oil price catalyst,,,,,
CVX,Chevron,MegaCap,energy-industrial,NYSE,203,+1.26%,+4.00%,+6.85%,+32.49%,+29%,397.617,0.488,19.49,8.89,7062732,34295132,164636432,356.0,1.04,buy,1.72,1.26,101.26,1.26,1012.6,12.6,10126.0,126.0,4.0,104.0,4.0,1040.0,40.0,10400.0,400.0,6.85,106.85,6.85,1068.5,68.5,10685.0,685.0,32.49,132.49,32.49,1324.9,324.9,13249.0,3249.0,29.0,129.0,29.0,1290.0,290.0,12900.0,2900.0,Stock Market Today: Dow Falls As This Key Yield Hits 19-Year High; Warren Buffett Stock Falls (Live Coverage),Investor's Business Daily,2026-08-17,0.0,Sector Update: Energy Stocks Gain Late Afternoon,MT Newswires,2026-08-17,0.67,Chevron (CVX) Discovers New Oil And Gas Condensate In Angola Block 0,Simply Wall St.,2026-08-17,-0.44,7,buy,0.7,"CVX gained +10.13% in the last month and +30.73% YTD, with a buy consensus and a 3.56% dividend yield. Strong energy sector momentum and a favorable macro backdrop support the pick.",+10.13% 1M momentum; +30.73% YTD; 3.56% dividend yield; buy consensus,,,,,
CAT,Caterpillar,MegaCap,energy-industrial,NYSE,882,+2.79%,+5.26%,+2.01%,+48.23%,+108%,405.272,1.605,37.99,3.25,1661085,11400285,63028585,76.0,1.66,buy,2.14,2.79,102.79,2.79,1027.9,27.9,10279.0,279.0,5.26,105.26,5.26,1052.6,52.6,10526.0,526.0,2.01,102.01,2.01,1020.1,20.1,10201.0,201.0,48.23,148.23,48.23,1482.3,482.3,14823.0,4823.0,108.0,208.0,108.0,2080.0,1080.0,20800.0,10800.0,Stock Market Today: Dow Falls As This Key Yield Hits 19-Year High; Warren Buffett Stock Falls (Live Coverage),Investor's Business Daily,2026-08-17,0.0,Palantir Makes Its Case Against Frontier AI,Motley Fool,2026-08-15,0.0,Caterpillar (CAT) Is Gaining Attention For Long Term AI Infrastructure Demand,Simply Wall St.,2026-08-15,0.318,,,,,,,,,,
HON,Honeywell,MegaCap,energy-industrial,NASDAQ,229,-2.23%,-5.27%,+1.75%,+13.20%,+9%,72.722,0.918,8.82,4.59,2145552,15891652,71041852,120.0,2.66,buy,1.92,-2.23,97.77,-2.23,977.7,-22.3,9777.0,-223.0,-5.27,94.73,-5.27,947.3,-52.7,9473.0,-527.0,1.75,101.75,1.75,1017.5,17.5,10175.0,175.0,13.2,113.2,13.2,1132.0,132.0,11320.0,1320.0,9.0,109.0,9.0,1090.0,90.0,10900.0,900.0,"HON Stock Declines 51.5% in 6 Months: Should You Buy, Hold or Sell?",Zacks,2026-08-17,0.0,Jim Cramer Revealed What Went Wrong With Honeywell Aerospace Inc. (NASDAQ:HONA),Insider Monkey,2026-08-15,-0.477,The Bull Case For Honeywell (HON) Could Change Following Its AI-Focused Automation And Software Pivot - Learn Why,Simply Wall St.,2026-08-15,0.0,,,,,,,,,,
GE,GE Aerospace,MegaCap,energy-industrial,NYSE,369,+0.29%,+0.74%,+8.24%,+15.49%,+37%,383.307,1.366,43.62,4.43,5388068,15558568,71781768,51.0,1.37,none,,0.29,100.29,0.29,1002.9,2.9,10029.0,29.0,0.74,100.74,0.74,1007.4,7.4,10074.0,74.0,8.24,108.24,8.24,1082.4,82.4,10824.0,824.0,15.49,115.49,15.49,1154.9,154.9,11549.0,1549.0,37.0,137.0,37.0,1370.0,370.0,13700.0,3700.0,Kratos and GE Aerospace secure U.S. Air Force JASSM engine development contract,InvestorsHub,2026-08-17,0.34,GE Aerospace (GE) Crossed Above the 20-Day Moving Average: What That Means for Investors,Zacks,2026-08-17,0.0,1 Surging  Stock to Own for Decades and 2 We Avoid,StockStory,2026-08-14,-0.296,,,,,,,,,,
RTX,RTX Corp,MegaCap,energy-industrial,NYSE,222,-0.61%,-0.78%,+14.37%,+19.65%,+43%,298.717,0.294,38.95,5.16,4430296,17393696,108110096,131.0,1.34,buy,1.87,-0.61,99.39,-0.61,993.9,-6.1,9939.0,-61.0,-0.78,99.22,-0.78,992.2,-7.8,9922.0,-78.0,14.37,114.37,14.37,1143.7,143.7,11437.0,1437.0,19.65,119.65,19.65,1196.5,196.5,11965.0,1965.0,43.0,143.0,43.0,1430.0,430.0,14300.0,4300.0,"RTX, Pentagon Sign $23 Billion Tomahawk Missile Contract",Investor's Business Daily,2026-08-17,0.0,1 Unpopular Stock That Deserves Some Love and 2 Facing Headwinds,StockStory,2026-08-17,0.637,RTX Stock Rises on Massive $22.9 Billion Tomahawk Contract,GuruFocus.com,2026-08-17,0.0,5,buy,0.75,"RTX has strong momentum (+14.20% 1M, +20.37% YTD) with a buy consensus and positive news sentiment (0.302). Defense spending tailwinds and aerospace demand support the outlook.",+14.20% 1M momentum; +20.37% YTD; positive news sentiment (0.302); defense spending tailwinds,,,,,
BA,Boeing,MegaCap,energy-industrial,NYSE,226,-2.53%,-2.94%,+7.86%,-0.80%,+0%,178.584,1.221,81.28,5.97,4991321,16753921,126899221,,0.01,buy,1.54,-2.53,97.47,-2.53,974.7,-25.3,9747.0,-253.0,-2.94,97.06,-2.94,970.6,-29.4,9706.0,-294.0,7.86,107.86,7.86,1078.6,78.6,10786.0,786.0,-0.8,99.2,-0.8,992.0,-8.0,9920.0,-80.0,0.0,100.0,0.0,1000.0,0.0,10000.0,0.0,"RTX, Pentagon Sign $23 Billion Tomahawk Missile Contract",Investor's Business Daily,2026-08-17,0.0,1 Industrials Stock for Long-Term Investors and 2 We Ignore,StockStory,2026-08-17,-0.361,"Sandisk, Micron, Coherent, Boeing, Apple, Amazon, and More Stocks That Explain Today’s Market",Barrons.com,2026-08-17,0.178,,,,,,,,,,
AMD,Advanced Micro Devices,MegaCap,tech-semis,NASDAQ,506,-1.84%,+7.76%,+0.48%,+126.43%,+192%,826.032,2.489,129.41,29.91,19971079,100897779,589941479,,2.32,strong_buy,1.48,-1.84,98.16,-1.84,981.6,-18.4,9816.0,-184.0,7.76,107.76,7.76,1077.6,77.6,10776.0,776.0,0.48,100.48,0.48,1004.8,4.8,10048.0,48.0,126.43,226.43,126.43,2264.3,1264.3,22643.0,12643.0,192.0,292.0,192.0,2920.0,1920.0,29200.0,19200.0,"Micron stock heats up again, crossing $1,000",Yahoo Finance,2026-08-17,0.0,"Micron Stock Has A New Profit Floor, But Did It Build A Ceiling Too?",Trefis,2026-08-17,0.238,"Nvidia, ASML Lead Five Stocks Near Buy Points With Roaring Growth",Investor's Business Daily,2026-08-17,0.382,,,,,,,,,,
QCOM,Qualcomm,MegaCap,tech-semis,NASDAQ,162,-1.88%,+0.01%,-4.78%,-5.29%,+4%,170.289,1.663,18.53,17.73,8447626,36026826,239540026,222.0,3.69,hold,2.57,-1.88,98.12,-1.88,981.2,-18.8,9812.0,-188.0,0.01,100.01,0.01,1000.1,0.1,10001.0,1.0,-4.78,95.22,-4.78,952.2,-47.8,9522.0,-478.0,-5.29,94.71,-5.29,947.1,-52.9,9471.0,-529.0,4.0,104.0,4.0,1040.0,40.0,10400.0,400.0,"Micron Stock Has A New Profit Floor, But Did It Build A Ceiling Too?",Trefis,2026-08-17,0.238,MaxLinear Stock Sells At A Price Its Trailing Year Cannot Explain,Trefis,2026-08-17,0.0,QUALCOMM (QCOM) Stock Looks Reasonable Even As Earnings Stay Cheap,Simply Wall St.,2026-08-17,0.0,,,,,,,,,,
AVGO,Broadcom,MegaCap,tech-semis,NASDAQ,392,-0.28%,-7.10%,+3.77%,+13.31%,+29%,1867.017,1.473,65.3,25.83,19981730,91337030,381968230,66.0,1.31,strong_buy,1.31,-0.28,99.72,-0.28,997.2,-2.8,9972.0,-28.0,-7.1,92.9,-7.1,929.0,-71.0,9290.0,-710.0,3.77,103.77,3.77,1037.7,37.7,10377.0,377.0,13.31,113.31,13.31,1133.1,133.1,11331.0,1331.0,29.0,129.0,29.0,1290.0,290.0,12900.0,2900.0,Broadcom's AI Financing Could Reach $370 Billion. But It's Not as Bad as It Sounds.,Motley Fool,2026-08-17,0.589,"Stanley Druckenmiller Opens Positions in Hut 8, Riot Platforms And Bitdeer",CryptoProwl,2026-08-17,-0.557,MaxLinear Stock Sells At A Price Its Trailing Year Cannot Explain,Trefis,2026-08-17,0.0,,,,,,,,,,
TSM,Taiwan Semiconductor,MegaCap,tech-semis,NYSE,431,+1.36%,+2.99%,+7.13%,+35.54%,+77%,2235.215,1.258,32.5,13.63,7248242,40987042,261984242,102.0,0.69,strong_buy,1.42,1.36,101.36,1.36,1013.6,13.6,10136.0,136.0,2.99,102.99,2.99,1029.9,29.9,10299.0,299.0,7.13,107.13,7.13,1071.3,71.3,10713.0,713.0,35.54,135.54,35.54,1355.4,355.4,13554.0,3554.0,77.0,177.0,77.0,1770.0,770.0,17700.0,7700.0,Nvidia's Next AI Infrastructure Bet Is Scaling Fast,GuruFocus.com,2026-08-17,0.0,"Four Reasons To Put This Nvidia, AMD Partner On Your Watchlist Right Now",Investor's Business Daily,2026-08-17,0.0,"Druckenmiller dumps Micron, Intel, buys Amazon in Q2 2026",Quartz,2026-08-17,-0.25,,,,,,,,,,
ASML,ASML Holding,MegaCap,tech-semis,NASDAQ,1883,+2.29%,+8.63%,+8.43%,+62.59%,+147%,723.306,1.365,64.23,1.91,1215109,6249609,33074609,49.0,0.28,strong_buy,1.41,2.29,102.29,2.29,1022.9,22.9,10229.0,229.0,8.63,108.63,8.63,1086.3,86.3,10863.0,863.0,8.43,108.43,8.43,1084.3,84.3,10843.0,843.0,62.59,162.59,62.59,1625.9,625.9,16259.0,6259.0,147.0,247.0,147.0,2470.0,1470.0,24700.0,14700.0,"Nvidia, ASML Lead Five Stocks Near Buy Points With Roaring Growth",Investor's Business Daily,2026-08-17,0.382,Is ASML Stock a Buy as Rapid Growth Tests Its Premium Valuation?,Zacks,2026-08-17,0.382,"European Indexes Start Week Mostly Higher, Boosted by Tech, Pharma Stocks",The Wall Street Journal,2026-08-17,0.361,,,,,,,,,,
ARM,Arm Holdings,MegaCap,tech-semis,NASDAQ,271,-2.66%,+1.34%,+0.68%,+136.58%,+98%,289.887,3.909,276.97,9.11,3533142,16966542,108689242,,11.61,buy,1.88,-2.66,97.34,-2.66,973.4,-26.6,9734.0,-266.0,1.34,101.34,1.34,1013.4,13.4,10134.0,134.0,0.68,100.68,0.68,1006.8,6.8,10068.0,68.0,136.58,236.58,136.58,2365.8,1365.8,23658.0,13658.0,98.0,198.0,98.0,1980.0,980.0,19800.0,9800.0,ARM CFO Says ‘Delivering Silicon Is Definitely More Complicated’ As Chip Designer Eyes Deals To Go From Licensing To Making Chips: Report,Stocktwits,2026-08-17,0.402,"Stanley Druckenmiller’s Big Bet: New Broadcom, Intel and Arm Stakes in One Quarter",24/7 Wall St.,2026-08-16,0.0,The Bull Market Is Almost Back for Chip Stocks,Investopedia,2026-08-13,0.0,,,,,,,,,,
INTC,Intel,MegaCap,tech-semis,NASDAQ,103,+0.42%,+6.12%,+6.62%,+162.80%,+333%,547.059,2.241,,122.09,86440747,624894247,2472165747,,2.48,hold,2.52,0.42,100.42,0.42,1004.2,4.2,10042.0,42.0,6.12,106.12,6.12,1061.2,61.2,10612.0,612.0,6.62,106.62,6.62,1066.2,66.2,10662.0,662.0,162.8,262.8,162.8,2628.0,1628.0,26280.0,16280.0,333.0,433.0,333.0,4330.0,3330.0,43300.0,33300.0,Tech searches for gains as stocks teeter at the open: AlphaCheck,Yahoo Finance,2026-08-17,0.34,"Micron Stock Has A New Profit Floor, But Did It Build A Ceiling Too?",Trefis,2026-08-17,0.238,"Nvidia, Alphabet, Peter Thiel: SpaceX Top Shareholders Disclosed",Investor's Business Daily,2026-08-17,0.202,,,,,,,,,,
2222.SR,Saudi Aramco,MegaCap,global-growth,TADAWUL,7.06,-0.82%,-0.38%,-1.19%,+13.88%,+10%,1708.764,0.009,15.69,10.42,9968769,34766063,179351820,513.0,,buy,2.11,-0.82,99.18,-0.82,991.8,-8.2,9918.0,-82.0,-0.38,99.62,-0.38,996.2,-3.8,9962.0,-38.0,-1.19,98.81,-1.19,988.1,-11.9,9881.0,-119.0,13.88,113.88,13.88,1138.8,138.8,11388.0,1388.0,10.0,110.0,10.0,1100.0,100.0,11000.0,1000.0,Oil steady on Iran war stalemate,Reuters,2026-08-17,-0.599,"The Week in Numbers: major oil loss, the future of ice cream",Reuters Videos,2026-08-14,-0.377,How far can global oil supplies stretch if the Iran war won't end?,Reuters Videos,2026-08-14,-0.599,,,,,,,,,,
BABA,Alibaba Group,MegaCap,global-growth,NYSE,125,+0.65%,-5.75%,+3.63%,-19.19%,+2%,298.914,0.51,19.13,11.66,8845548,44655448,196275748,85.0,1.78,strong_buy,1.32,0.65,100.65,0.65,1006.5,6.5,10065.0,65.0,-5.75,94.25,-5.75,942.5,-57.5,9425.0,-575.0,3.63,103.63,3.63,1036.3,36.3,10363.0,363.0,-19.19,80.81,-19.19,808.1,-191.9,8081.0,-1919.0,2.0,102.0,2.0,1020.0,20.0,10200.0,200.0,Alibaba sells $1.5B game unit in AI pivot: AlphaSpace breakdown,Yahoo Finance Video,2026-08-17,0.0,Alibaba Stock Near Fair Value as Investors Await AI Growth Update,GuruFocus.com,2026-08-17,0.772,"Stocks to Watch: Alibaba, L3Harris, Diana Shipping, BHP",The Wall Street Journal,2026-08-17,0.0,,,,,,,,,,
SAP,SAP SE,MegaCap,global-growth,NYSE,208,-0.15%,-0.34%,+31.25%,-10.75%,-25%,239.89,0.757,27.03,3.08,2528935,11796335,71745935,141.0,0.74,none,,-0.15,99.85,-0.15,998.5,-1.5,9985.0,-15.0,-0.34,99.66,-0.34,996.6,-3.4,9966.0,-34.0,31.25,131.25,31.25,1312.5,312.5,13125.0,3125.0,-10.75,89.25,-10.75,892.5,-107.5,8925.0,-1075.0,-25.0,75.0,-25.0,750.0,-250.0,7500.0,-2500.0,SAP (XTRA:SAP) Recognition Puts Its Valuation Back In Focus,Simply Wall St.,2026-08-15,0.0,What Do SAP (XTRA:SAP) Security Patches And Supply Chain Awards Mean?,Simply Wall St.,2026-08-15,0.66,The 4 Words From Jensen Huang That Could Redefine NVIDIA’s Total Addressable Market,24/7 Wall St.,2026-08-15,0.0,2,strong_buy,0.85,"SAP surged +33.39% in the last month with a strong_buy consensus and a Barclays price target of $242 (+17.4% upside). The company is cutting costs and reinvesting in AI, which supports margin expansion.",+33.39% 1M momentum; strong_buy consensus; Barclays $242 PT; AI reinvestment and cost discipline,,,,,
SONY,Sony Group,MegaCap,global-growth,NYSE,24,-2.60%,-0.50%,+12.06%,-8.42%,-14%,138.735,0.759,20.26,5.67,3839715,21823115,116207215,65.0,0.17,strong_buy,1.5,-2.6,97.4,-2.6,974.0,-26.0,9740.0,-260.0,-0.5,99.5,-0.5,995.0,-5.0,9950.0,-50.0,12.06,112.06,12.06,1120.6,120.6,11206.0,1206.0,-8.42,91.58,-8.42,915.8,-84.2,9158.0,-842.0,-14.0,86.0,-14.0,860.0,-140.0,8600.0,-1400.0,Taiwan Semiconductor Manufacturing (TSM) Stock Trades Rich On Cash Flow While Earnings Look Cheaper,Simply Wall St.,2026-08-14,0.557,How a Sony Veteran Is Overhauling the Company He Grew Up In,The Wall Street Journal,2026-08-14,0.0,Sony and TSMC’s $4.7 Billion Venture Is About More Than Camera Sensors,MarketBeat,2026-08-14,0.0,4,strong_buy,0.8,"SONY gained +17.29% in the last month, has a strong_buy consensus (an_score 1.5), and very low short interest (0.17%). The stock benefits from a weak JPY tailwind and strong entertainment segment.",+17.29% 1M momentum; strong_buy consensus (1.5); low short interest (0.17%); weak JPY tailwind,,,,,
TM,Toyota Motor,MegaCap,global-growth,NYSE,189,-0.97%,+0.21%,+5.97%,-13.17%,-3%,224.009,0.335,8.58,0.49,229066,1419366,8498566,328.0,0.07,strong_buy,1.5,-0.97,99.03,-0.97,990.3,-9.7,9903.0,-97.0,0.21,100.21,0.21,1002.1,2.1,10021.0,21.0,5.97,105.97,5.97,1059.7,59.7,10597.0,597.0,-13.17,86.83,-13.17,868.3,-131.7,8683.0,-1317.0,-3.0,97.0,-3.0,970.0,-30.0,9700.0,-300.0,Howard Lutnick Says Trump's Auto Tariffs Are Bringing Thousands of Jobs Into the US: 'Ford Is Going To Rock…',Benzinga,2026-08-17,0.0,Toyota steps up efficiency drive under new CEO,Just Auto,2026-08-17,0.361,Japan's economy manages 1.1% growth rate despite headwinds,Associated Press,2026-08-17,0.382,10,strong_buy,0.6,"TM gained +8.02% in the last month, has a strong_buy consensus (an_score 1.5), a low P/E of 8.67, and a 3.28% dividend yield. A weak JPY and improving Japan economy are tailwinds.",+8.02% 1M momentum; strong_buy consensus (1.5); low P/E (8.67); 3.28% dividend yield,,,,,
NVO,Novo Nordisk,MegaCap,global-growth,NYSE,45,-2.20%,-5.97%,-9.53%,-11.19%,-15%,196.626,0.349,11.08,12.26,14449783,52871483,272653383,391.0,0.93,hold,2.57,-2.2,97.8,-2.2,978.0,-22.0,9780.0,-220.0,-5.97,94.03,-5.97,940.3,-59.7,9403.0,-597.0,-9.53,90.47,-9.53,904.7,-95.3,9047.0,-953.0,-11.19,88.81,-11.19,888.1,-111.9,8881.0,-1119.0,-15.0,85.0,-15.0,850.0,-150.0,8500.0,-1500.0,"LLY Up Around 6% Post Robust Q2 Results: Buy, Sell or Hold the Stock?",Zacks,2026-08-17,0.34,Eli Lilly and Company (LLY)’s Weight-Loss Pill Just Won Its First Race in Europe. Novo Nordisk A/S (NVO) Still Has a Head Start,Insider Monkey,2026-08-17,0.572,Novo Nordisk AS's Dividend Analysis,GuruFocus.com,2026-08-17,0.0,,,,,,,,,,
HSBC,HSBC Holdings,MegaCap,global-growth,NYSE,104,+0.29%,+0.95%,+5.34%,+34.04%,+62%,355.906,0.577,14.83,1.49,875363,3988663,27218163,361.0,,hold,2.67,0.29,100.29,0.29,1002.9,2.9,10029.0,29.0,0.95,100.95,0.95,1009.5,9.5,10095.0,95.0,5.34,105.34,5.34,1053.4,53.4,10534.0,534.0,34.04,134.04,34.04,1340.4,340.4,13404.0,3404.0,62.0,162.0,62.0,1620.0,620.0,16200.0,6200.0,HSBC price target raised by RBC as earnings forecasts climb,Proactive,2026-08-17,0.0,Cisco rating cut at HSBC as analyst sees a lack of catalysts,Investing.com,2026-08-14,-0.527,Businesses Are Spending Big on Quantum,The Wall Street Journal,2026-08-14,0.0,,,,,,,,,,
AAPL,Apple,Tech,mega-cap,NASDAQ,305.59,-0.06%,-0.87%,-6.35%,+13.07%,+33%,4459.836,1.086,35.04,56.19,32743947,180414447,1085049847,35.0,0.97,buy,2.13,-0.06,99.94,-0.06,999.4,-0.6,9994.0,-6.0,-0.87,99.13,-0.87,991.3,-8.7,9913.0,-87.0,-6.35,93.65,-6.35,936.5,-63.5,9365.0,-635.0,13.07,113.07,13.07,1130.7,130.7,11307.0,1307.0,33.0,133.0,33.0,1330.0,330.0,13300.0,3300.0,"Trump admin. urges Apple not to purchase Chinese memory chips, but this presents a problem",Yahoo Finance Video,2026-08-17,-0.55,Apple Changes App Tracking Rules in Europe,GuruFocus.com,2026-08-17,0.0,"Four Reasons To Put This Nvidia, AMD Partner On Your Watchlist Right Now",Investor's Business Daily,2026-08-17,0.0,,,,,,,,,,
MSFT,Microsoft,Tech,mega-cap,NASDAQ,480.35,-3.01%,-5.08%,+19.40%,+2.02%,-4%,3566.86,1.099,26.79,40.4,28250867,119546367,783282167,73.0,1.1,strong_buy,1.36,-3.01,96.99,-3.01,969.9,-30.1,9699.0,-301.0,-5.08,94.92,-5.08,949.2,-50.8,9492.0,-508.0,19.4,119.4,19.4,1194.0,194.0,11940.0,1940.0,2.02,102.02,2.02,1020.2,20.2,10202.0,202.0,-4.0,96.0,-4.0,960.0,-40.0,9600.0,-400.0,Could Microsoft spin off Xbox? Why it might be worth billions,Yahoo Finance Video,2026-08-17,0.226,Stock Market Today: Dow Falls As This Key Yield Hits 19-Year High; Warren Buffett Stock Falls (Live Coverage),Investor's Business Daily,2026-08-17,0.0,What You Actually Pay To Join The AAPL Run,Trefis,2026-08-17,0.202,2,strong_buy,0.8,"Strong buy consensus (score 1.36), reasonable P/E 27.63, positive news sentiment 0.295, 1M momentum +25.22%.",strong buy consensus; low P/E 27.6; positive news sentiment 0.30; 1M momentum +25%,,,,,
GOOGL,Alphabet (Google),Tech,mega-cap,NASDAQ,344.0,-0.94%,-3.78%,-2.27%,+9.30%,+70%,4207.098,1.237,17.27,32.89,18214810,107928010,644134810,25.0,1.2,strong_buy,1.39,-0.94,99.06,-0.94,990.6,-9.4,9906.0,-94.0,-3.78,96.22,-3.78,962.2,-37.8,9622.0,-378.0,-2.27,97.73,-2.27,977.3,-22.7,9773.0,-227.0,9.3,109.3,9.3,1093.0,93.0,10930.0,930.0,70.0,170.0,70.0,1700.0,700.0,17000.0,7000.0,SpaceX's biggest investors are finally visible — just as millions more shares unlock: Chart of the Day,Yahoo Finance,2026-08-17,0.36,Why indie games are the next big tech investment: Gaming CEO,Yahoo Finance Video,2026-08-17,0.0,Alphabet Eyes First Australian Dollar Bond Sale,GuruFocus.com,2026-08-17,0.0,,,,,,,,,,
AMZN,Amazon,Tech,mega-cap,NASDAQ,261.31,-0.71%,-6.03%,+4.53%,+15.37%,+13%,2818.571,1.454,21.04,50.01,41504334,162696234,1000767734,,1.0,strong_buy,1.32,-0.71,99.29,-0.71,992.9,-7.1,9929.0,-71.0,-6.03,93.97,-6.03,939.7,-60.3,9397.0,-603.0,4.53,104.53,4.53,1045.3,45.3,10453.0,453.0,15.37,115.37,15.37,1153.7,153.7,11537.0,1537.0,13.0,113.0,13.0,1130.0,130.0,11300.0,1300.0,AI hyperscalers or memory chips: Which is the better investment right now?,Yahoo Finance Video,2026-08-17,0.44,Goldman Sachs warns of consumer spending slowdown as tax refund boost fades,Yahoo Finance,2026-08-17,0.318,What You Actually Pay To Join The AAPL Run,Trefis,2026-08-17,0.202,,,,,,,,,,
META,Meta Platforms,Tech,mega-cap,NASDAQ,568.97,-3.61%,-4.36%,-11.90%,-12.37%,-23%,1449.454,1.243,21.44,18.14,16892608,66122208,332438108,36.0,1.43,strong_buy,1.35,-3.61,96.39,-3.61,963.9,-36.1,9639.0,-361.0,-4.36,95.64,-4.36,956.4,-43.6,9564.0,-436.0,-11.9,88.1,-11.9,881.0,-119.0,8810.0,-1190.0,-12.37,87.63,-12.37,876.3,-123.7,8763.0,-1237.0,-23.0,77.0,-23.0,770.0,-230.0,7700.0,-2300.0,What AGs will be looking at in Meta's latest social media addiction trial,Yahoo Finance Video,2026-08-17,0.0,Tech searches for gains as stocks teeter at the open: AlphaCheck,Yahoo Finance,2026-08-17,0.34,Rum Group (RUM) Jumps 10.5% as $1.4T Meta Trial Boosts Platform Outlook,Insider Monkey,2026-08-17,0.318,,,,,,,,,,
NVDA,NVIDIA,Tech,semiconductors,NASDAQ,225.01,+0.13%,+3.43%,+10.69%,+19.29%,+24%,5449.966,2.215,34.46,145.98,81442206,465870106,2488335206,44.0,1.26,strong_buy,1.3,0.13,100.13,0.13,1001.3,1.3,10013.0,13.0,3.43,103.43,3.43,1034.3,34.3,10343.0,343.0,10.69,110.69,10.69,1106.9,106.9,11069.0,1069.0,19.29,119.29,19.29,1192.9,192.9,11929.0,1929.0,24.0,124.0,24.0,1240.0,240.0,12400.0,2400.0,Nvidia to finance $105B for an OpenAI data center: What to know,Yahoo Finance Video,2026-08-17,0.0,"Micron stock heats up again, crossing $1,000",Yahoo Finance,2026-08-17,0.0,Morgan Stanley Delivers a Bullish Message for Nvidia Stock Investors,GuruFocus.com,2026-08-17,0.0,,,,,,,,,,
AMD,Advanced Micro Devices,Tech,semiconductors,NASDAQ,506.0,-1.84%,+7.76%,+0.48%,+126.43%,+192%,826.032,2.489,129.41,29.91,19158403,100085103,589128803,,2.32,strong_buy,1.48,-1.84,98.16,-1.84,981.6,-18.4,9816.0,-184.0,7.76,107.76,7.76,1077.6,77.6,10776.0,776.0,0.48,100.48,0.48,1004.8,4.8,10048.0,48.0,126.43,226.43,126.43,2264.3,1264.3,22643.0,12643.0,192.0,292.0,192.0,2920.0,1920.0,29200.0,19200.0,"Micron stock heats up again, crossing $1,000",Yahoo Finance,2026-08-17,0.0,"Nvidia, ASML Lead Five Stocks Near Buy Points With Roaring Growth",Investor's Business Daily,2026-08-17,0.382,AMD filing reveals unexpected SpaceX and Nutanix bet,TheStreet,2026-08-17,0.0,,,,,,,,,,
INTC,Intel,Tech,semiconductors,NASDAQ,103.49,+0.42%,+6.12%,+6.62%,+162.80%,+333%,547.058,2.241,,122.09,86440747,624894247,2472165747,,2.48,hold,2.52,0.42,100.42,0.42,1004.2,4.2,10042.0,42.0,6.12,106.12,6.12,1061.2,61.2,10612.0,612.0,6.62,106.62,6.62,1066.2,66.2,10662.0,662.0,162.8,262.8,162.8,2628.0,1628.0,26280.0,16280.0,333.0,433.0,333.0,4330.0,3330.0,43300.0,33300.0,Tech searches for gains as stocks teeter at the open: AlphaCheck,Yahoo Finance,2026-08-17,0.34,"Nvidia, Alphabet, Peter Thiel: SpaceX Top Shareholders Disclosed",Investor's Business Daily,2026-08-17,0.202,Billionaire Masayoshi Son  Put 66% of His $18 Billion US Portfolio Into 1 Stock,24/7 Wall St.,2026-08-17,0.0,,,,,,,,,,
TSM,Taiwan Semiconductor,Tech,semiconductors,NYSE,430.97,+1.36%,+2.99%,+7.13%,+35.54%,+77%,2235.215,1.258,32.5,13.63,7248242,40987042,261984242,102.0,0.69,strong_buy,1.42,1.36,101.36,1.36,1013.6,13.6,10136.0,136.0,2.99,102.99,2.99,1029.9,29.9,10299.0,299.0,7.13,107.13,7.13,1071.3,71.3,10713.0,713.0,35.54,135.54,35.54,1355.4,355.4,13554.0,3554.0,77.0,177.0,77.0,1770.0,770.0,17700.0,7700.0,Nvidia's Next AI Infrastructure Bet Is Scaling Fast,GuruFocus.com,2026-08-17,0.0,"Four Reasons To Put This Nvidia, AMD Partner On Your Watchlist Right Now",Investor's Business Daily,2026-08-17,0.0,"Druckenmiller dumps Micron, Intel, buys Amazon in Q2 2026",Quartz,2026-08-17,-0.25,,,,,,,,,,
AVGO,Broadcom,Tech,semiconductors,NASDAQ,392.43,-0.28%,-7.10%,+3.77%,+13.31%,+29%,1867.018,1.473,65.3,25.83,18187715,89543015,380174215,66.0,1.31,strong_buy,1.31,-0.28,99.72,-0.28,997.2,-2.8,9972.0,-28.0,-7.1,92.9,-7.1,929.0,-71.0,9290.0,-710.0,3.77,103.77,3.77,1037.7,37.7,10377.0,377.0,13.31,113.31,13.31,1133.1,133.1,11331.0,1331.0,29.0,129.0,29.0,1290.0,290.0,12900.0,2900.0,Broadcom's AI Financing Could Reach $370 Billion. But It's Not as Bad as It Sounds.,Motley Fool,2026-08-17,0.589,"Stanley Druckenmiller Opens Positions in Hut 8, Riot Platforms And Bitdeer",CryptoProwl,2026-08-17,-0.557,MaxLinear Stock Sells At A Price Its Trailing Year Cannot Explain,Trefis,2026-08-17,0.0,,,,,,,,,,
QCOM,Qualcomm,Tech,semiconductors,NASDAQ,162.18,-1.88%,+0.01%,-4.78%,-5.29%,+4%,170.29,1.663,18.53,17.73,8447626,36026826,239540026,222.0,3.69,hold,2.57,-1.88,98.12,-1.88,981.2,-18.8,9812.0,-188.0,0.01,100.01,0.01,1000.1,0.1,10001.0,1.0,-4.78,95.22,-4.78,952.2,-47.8,9522.0,-478.0,-5.29,94.71,-5.29,947.1,-52.9,9471.0,-529.0,4.0,104.0,4.0,1040.0,40.0,10400.0,400.0,MaxLinear Stock Sells At A Price Its Trailing Year Cannot Explain,Trefis,2026-08-17,0.0,QUALCOMM (QCOM) Stock Looks Reasonable Even As Earnings Stay Cheap,Simply Wall St.,2026-08-17,0.0,What Quadrupled Intel Stock Was Not Foundry Customers,Trefis,2026-08-17,0.0,,,,,,,,,,
ARM,Arm Holdings,Tech,semiconductors,NASDAQ,271.43,-2.66%,+1.34%,+0.68%,+136.58%,+98%,289.887,3.909,276.97,9.11,3533142,16966542,108689242,,11.61,buy,1.88,-2.66,97.34,-2.66,973.4,-26.6,9734.0,-266.0,1.34,101.34,1.34,1013.4,13.4,10134.0,134.0,0.68,100.68,0.68,1006.8,6.8,10068.0,68.0,136.58,236.58,136.58,2365.8,1365.8,23658.0,13658.0,98.0,198.0,98.0,1980.0,980.0,19800.0,9800.0,ARM CFO Says ‘Delivering Silicon Is Definitely More Complicated’ As Chip Designer Eyes Deals To Go From Licensing To Making Chips: Report,Stocktwits,2026-08-17,0.402,"Stanley Druckenmiller’s Big Bet: New Broadcom, Intel and Arm Stakes in One Quarter",24/7 Wall St.,2026-08-16,0.0,The Bull Market Is Almost Back for Chip Stocks,Investopedia,2026-08-13,0.0,,,,,,,,,,
ASML,ASML Holding,Tech,semiconductors,NASDAQ,1883.12,+2.29%,+8.63%,+8.43%,+62.59%,+147%,723.306,1.365,64.23,1.91,1215109,6249609,33074609,49.0,0.28,strong_buy,1.41,2.29,102.29,2.29,1022.9,22.9,10229.0,229.0,8.63,108.63,8.63,1086.3,86.3,10863.0,863.0,8.43,108.43,8.43,1084.3,84.3,10843.0,843.0,62.59,162.59,62.59,1625.9,625.9,16259.0,6259.0,147.0,247.0,147.0,2470.0,1470.0,24700.0,14700.0,"Nvidia, ASML Lead Five Stocks Near Buy Points With Roaring Growth",Investor's Business Daily,2026-08-17,0.382,Is ASML Stock a Buy as Rapid Growth Tests Its Premium Valuation?,Zacks,2026-08-17,0.382,"European Indexes Start Week Mostly Higher, Boosted by Tech, Pharma Stocks",The Wall Street Journal,2026-08-17,0.361,,,,,,,,,,
MU,Micron Technology,Tech,semiconductors,NASDAQ,1011.75,+3.98%,+17.51%,+16.90%,+220.95%,+686%,,2.213,22.89,50.03,31541539,162261639,870991439,5.0,2.65,strong_buy,1.41,3.98,103.98,3.98,1039.8,39.8,10398.0,398.0,17.51,117.51,17.51,1175.1,175.1,11751.0,1751.0,16.9,116.9,16.9,1169.0,169.0,11690.0,1690.0,220.95,320.95,220.95,3209.5,2209.5,32095.0,22095.0,686.0,786.0,686.0,7860.0,6860.0,78600.0,68600.0,"Trump admin. urges Apple not to purchase Chinese memory chips, but this presents a problem",Yahoo Finance Video,2026-08-17,-0.55,Stock Market Today: Dow Falls As This Key Yield Hits 19-Year High; Warren Buffett Stock Falls (Live Coverage),Investor's Business Daily,2026-08-17,0.0,Investors Remember Why They Love Memory-Chip Stocks,Investor's Business Daily,2026-08-17,0.637,3,strong_buy,0.8,"Exceptional YTD return +208.23%, low P/E 21.98, strong buy consensus, 1W momentum +10.72%, news sentiment 0.049.",exceptional YTD return +208%; low P/E 22; strong buy consensus; positive momentum,,,,,
AMAT,Applied Materials,Tech,semiconductors,NASDAQ,535.31,+5.59%,+2.53%,+1.83%,+99.59%,+210%,425.015,1.618,46.11,9.59,8048476,48594776,162425276,42.0,1.8,strong_buy,1.46,5.59,105.59,5.59,1055.9,55.9,10559.0,559.0,2.53,102.53,2.53,1025.3,25.3,10253.0,253.0,1.83,101.83,1.83,1018.3,18.3,10183.0,183.0,99.59,199.59,99.59,1995.9,995.9,19959.0,9959.0,210.0,310.0,210.0,3100.0,2100.0,31000.0,21000.0,S&P 500's Best Stock In 2026 Leads Index With A Bullish Move,Investor's Business Daily,2026-08-17,0.637,Own KLAC Stock? Here Is How To Collect 21% A Year On It,Trefis,2026-08-17,0.0,Why Applied Materials (AMAT) Could Be a Major Winner of the AI Memory Surge,Insider Monkey,2026-08-17,0.624,,,,,,,,,,
ORCL,Oracle,Tech,enterprise-software,NYSE,146.65,-2.73%,-2.91%,+20.82%,-24.34%,-40%,422.421,1.718,25.15,32.16,20514563,140407863,663949863,133.0,2.92,buy,1.59,-2.73,97.27,-2.73,972.7,-27.3,9727.0,-273.0,-2.91,97.09,-2.91,970.9,-29.1,9709.0,-291.0,20.82,120.82,20.82,1208.2,208.2,12082.0,2082.0,-24.34,75.66,-24.34,756.6,-243.4,7566.0,-2434.0,-40.0,60.0,-40.0,600.0,-400.0,6000.0,-4000.0,Nvidia to finance $105B for an OpenAI data center: What to know,Yahoo Finance Video,2026-08-17,0.0,Oracle (ORCL) Is Exposed To Open Source AI Pricing Risk,Simply Wall St.,2026-08-17,-0.34,Microsoft's Cloud Pitch Moved From Migrations To Meters,Trefis,2026-08-17,0.0,10,buy,0.65,"1M momentum +13.61%, reasonable P/E 25.82, analyst buy, news sentiment -0.046.",1M momentum +14%; reasonable P/E 25.8; analyst buy,,,,,
CRM,Salesforce,Tech,enterprise-software,NYSE,190.97,-2.67%,-3.31%,+9.89%,-24.32%,-20%,156.405,1.152,22.13,14.93,8729335,56406835,259301135,90.0,4.15,buy,1.68,-2.67,97.33,-2.67,973.3,-26.7,9733.0,-267.0,-3.31,96.69,-3.31,966.9,-33.1,9669.0,-331.0,9.89,109.89,9.89,1098.9,98.9,10989.0,989.0,-24.32,75.68,-24.32,756.8,-243.2,7568.0,-2432.0,-20.0,80.0,-20.0,800.0,-200.0,8000.0,-2000.0,Workday Stock Is Downgraded After Buyout Report as Growth Expectations Are ‘Too Optimistic’,Barrons.com,2026-08-17,0.382,Prediction: This AI Stock Could Double in 12 Months,24/7 Wall St.,2026-08-17,0.0,Microsoft's Cloud Pitch Moved From Migrations To Meters,Trefis,2026-08-17,0.0,9,buy,0.65,"1M momentum +17.49%, reasonable P/E 22.74, analyst buy, though news sentiment slightly negative -0.014.",1M momentum +17%; reasonable P/E 22.7; analyst buy,,,,,
ADBE,Adobe,Tech,enterprise-software,NASDAQ,254.04,-3.84%,-6.93%,+8.22%,-23.78%,-26%,100.981,1.397,14.53,6.45,3803648,20746248,106643248,,5.45,hold,2.73,-3.84,96.16,-3.84,961.6,-38.4,9616.0,-384.0,-6.93,93.07,-6.93,930.7,-69.3,9307.0,-693.0,8.22,108.22,8.22,1082.2,82.2,10822.0,822.0,-23.78,76.22,-23.78,762.2,-237.8,7622.0,-2378.0,-26.0,74.0,-26.0,740.0,-260.0,7400.0,-2600.0,Stock Market Today: Dow Falls As This Key Yield Hits 19-Year High; Warren Buffett Stock Falls (Live Coverage),Investor's Business Daily,2026-08-17,0.0,Autodesk's Multiple Falls Even If Its Shares Never Move,Trefis,2026-08-17,0.296,Adobe Trades at 10 Times Next Year's Earnings. Is It Finally Time to Buy the Stock?,Motley Fool,2026-08-16,0.0,,,,,,,,,,
NOW,ServiceNow,Tech,enterprise-software,NYSE,117.7,-5.04%,-7.64%,+12.42%,-20.18%,-30%,121.686,0.93,73.56,27.07,17768658,82011658,520604358,,3.56,strong_buy,1.47,-5.04,94.96,-5.04,949.6,-50.4,9496.0,-504.0,-7.64,92.36,-7.64,923.6,-76.4,9236.0,-764.0,12.42,112.42,12.42,1124.2,124.2,11242.0,1242.0,-20.18,79.82,-20.18,798.2,-201.8,7982.0,-2018.0,-30.0,70.0,-30.0,700.0,-300.0,7000.0,-3000.0,Workday Stock Is Downgraded After Buyout Report as Growth Expectations Are ‘Too Optimistic’,Barrons.com,2026-08-17,0.382,Prediction: This AI Stock Could Double in 12 Months,24/7 Wall St.,2026-08-17,0.0,ServiceNow (NOW) Is Spending $7.75 Billion On AI Security,Simply Wall St.,2026-08-17,0.34,5,strong_buy,0.75,"Strong buy consensus (score 1.47), 1M momentum +18.40%, positive news sentiment 0.215.",strong buy consensus; 1M momentum +18%; positive news sentiment 0.22,,,,,
SNOW,Snowflake,Tech,enterprise-software,NYSE,330.11,+0.36%,-1.37%,+20.33%,+52.33%,+66%,114.416,1.315,,7.47,2591914,16143214,100780314,,5.6,buy,1.51,0.36,100.36,0.36,1003.6,3.6,10036.0,36.0,-1.37,98.63,-1.37,986.3,-13.7,9863.0,-137.0,20.33,120.33,20.33,1203.3,203.3,12033.0,2033.0,52.33,152.33,52.33,1523.3,523.3,15233.0,5233.0,66.0,166.0,66.0,1660.0,660.0,16600.0,6600.0,13F Season: Where Wall Street's Smart Money is Betting,Zacks,2026-08-17,0.402,Stripe strikes mega-deal for OpenRouter,Axios,2026-08-17,-0.361,Reddit vs. Snowflake: Which High-Growth Tech Stock Is a Better Buy in 2026?,Motley Fool,2026-08-16,0.44,4,buy,0.75,"High YTD return +51.78%, strong 1M momentum +20.98%, positive news sentiment 0.252, analyst buy.",high YTD return +52%; strong 1M momentum +21%; positive news sentiment 0.25,,,,,
INTU,Intuit,Tech,enterprise-software,NASDAQ,335.6,-3.07%,+0.35%,+14.22%,-46.18%,-52%,91.799,0.959,20.49,5.46,3295182,16568782,76469582,139.0,5.09,buy,1.86,-3.07,96.93,-3.07,969.3,-30.7,9693.0,-307.0,0.35,100.35,0.35,1003.5,3.5,10035.0,35.0,14.22,114.22,14.22,1142.2,142.2,11422.0,1422.0,-46.18,53.82,-46.18,538.2,-461.8,5382.0,-4618.0,-52.0,48.0,-52.0,480.0,-520.0,4800.0,-5200.0,"INTU Targets a Massive Mid-Market Opportunity: Buy, Hold or Sell?",Zacks,2026-08-17,0.421,"Intuit, MongoDB, Cloudflare, Palantir Technologies, and The Trade Desk Shares Are Soaring, What You Need To Know",StockStory,2026-08-16,0.296,Cybersecurity Stock Sets Sights On Buy Point With Bolstered Outlook,Investor's Business Daily,2026-08-14,0.0,7,buy,0.7,"Deep value with YTD -44.57% but 1M rebound +23.58%, low P/E 21.1, analyst buy.",deep value with 1M rebound +24%; low P/E 21.1; analyst buy,,,,,
CRWD,CrowdStrike,Tech,cybersecurity,NASDAQ,213.9,-1.72%,-5.00%,+7.76%,+88.63%,+104%,217.806,1.234,,11.23,6241639,32067739,156787539,,2.55,buy,1.7,-1.72,98.28,-1.72,982.8,-17.2,9828.0,-172.0,-5.0,95.0,-5.0,950.0,-50.0,9500.0,-500.0,7.76,107.76,7.76,1077.6,77.6,10776.0,776.0,88.63,188.63,88.63,1886.3,886.3,18863.0,8863.0,104.0,204.0,104.0,2040.0,1040.0,20400.0,10400.0,"Citi analysts downgrade SentinelOne, Netskope on valuation concerns",Investing.com,2026-08-17,0.0,"Why Did CRWD, S, AEHR Stocks Hit 52-Week Highs Last Week?",Stocktwits,2026-08-17,0.0,2 Growth Stocks to Add to Your Roster and 1 We Avoid,StockStory,2026-08-16,0.103,,,,,,,,,,
PANW,Palo Alto Networks,Tech,cybersecurity,NASDAQ,375.76,-2.33%,-2.41%,+7.77%,+109.49%,+118%,306.245,0.893,326.75,7.58,4171702,24644502,121739602,,2.59,buy,1.64,-2.33,97.67,-2.33,976.7,-23.3,9767.0,-233.0,-2.41,97.59,-2.41,975.9,-24.1,9759.0,-241.0,7.77,107.77,7.77,1077.7,77.7,10777.0,777.0,109.49,209.49,109.49,2094.9,1094.9,20949.0,10949.0,118.0,218.0,118.0,2180.0,1180.0,21800.0,11800.0,Cisco Grew Faster By Selling Hardware And Charging More For It,Trefis,2026-08-17,0.0,PANW vs. NET: Which Cybersecurity Stock Has an Edge Right Now?,Zacks,2026-08-17,0.0,"Citi analysts downgrade SentinelOne, Netskope on valuation concerns",Investing.com,2026-08-17,0.0,,,,,,,,,,
NET,Cloudflare,Tech,cybersecurity,NYSE,307.01,-2.68%,-1.15%,+12.70%,+56.62%,+56%,109.321,1.66,,3.75,2957151,20386851,84098951,,2.88,buy,1.88,-2.68,97.32,-2.68,973.2,-26.8,9732.0,-268.0,-1.15,98.85,-1.15,988.5,-11.5,9885.0,-115.0,12.7,112.7,12.7,1127.0,127.0,11270.0,1270.0,56.62,156.62,56.62,1566.2,566.2,15662.0,5662.0,56.0,156.0,56.0,1560.0,560.0,15600.0,5600.0,Cathie Wood Pours $27 Million Into Major AI Stock,GuruFocus.com,2026-08-17,0.0,"DigitalOcean Climbs 5% on Managed AI Agents Launch, Fastly Falls 4%",24/7 Wall St.,2026-08-17,0.0,PANW vs. NET: Which Cybersecurity Stock Has an Edge Right Now?,Zacks,2026-08-17,0.0,8,buy,0.7,"High YTD return +61.10%, 1M momentum +15.65%, analyst buy, news sentiment 0.095.",high YTD return +61%; 1M momentum +16%; analyst buy,,,,,
FTNT,Fortinet,Tech,cybersecurity,NASDAQ,155.85,-2.60%,-5.09%,-2.81%,+100.12%,+98%,114.349,1.058,55.07,5.98,3569991,18699691,112781391,,2.37,hold,2.68,-2.6,97.4,-2.6,974.0,-26.0,9740.0,-260.0,-5.09,94.91,-5.09,949.1,-50.9,9491.0,-509.0,-2.81,97.19,-2.81,971.9,-28.1,9719.0,-281.0,100.12,200.12,100.12,2001.2,1001.2,20012.0,10012.0,98.0,198.0,98.0,1980.0,980.0,19800.0,9800.0,Cisco Grew Faster By Selling Hardware And Charging More For It,Trefis,2026-08-17,0.0,"Fortinet Sees Surging Hardware, SASE Demand as AI and OT Security Fuel Growth",MarketBeat,2026-08-17,0.542,"Fortinet, IBD Stock Of The Day, Steps Up AI Acquisitions To Build Cloud Platform",Investor's Business Daily,2026-08-17,0.0,,,,,,,,,,
NFLX,Netflix,Tech,consumer-platform,NASDAQ,76.02,-2.95%,-0.35%,+12.46%,-16.45%,-37%,316.542,1.514,23.91,42.89,30585354,147356954,798700054,,2.23,buy,1.73,-2.95,97.05,-2.95,970.5,-29.5,9705.0,-295.0,-0.35,99.65,-0.35,996.5,-3.5,9965.0,-35.0,12.46,112.46,12.46,1124.6,124.6,11246.0,1246.0,-16.45,83.55,-16.45,835.5,-164.5,8355.0,-1645.0,-37.0,63.0,-37.0,630.0,-370.0,6300.0,-3700.0,Here’s How Nancy Pelosi Beat the Stock Market and Warren Buffett,24/7 Wall St.,2026-08-17,0.0,Billionaire Bill Ackman Just Invested in Netflix Stock. Here's Why Investors Should Care.,Motley Fool,2026-08-17,0.494,Netflix Is Down 42% From Its High. History Says This Is the Setup to Watch.,Motley Fool,2026-08-17,0.0,,,,,,,,,,
SHOP,Shopify,Tech,consumer-platform,NYSE,148.65,-3.76%,-4.21%,+19.42%,-5.44%,+8%,192.896,2.59,100.44,9.62,7505449,35274049,241687549,,1.67,buy,1.69,-3.76,96.24,-3.76,962.4,-37.6,9624.0,-376.0,-4.21,95.79,-4.21,957.9,-42.1,9579.0,-421.0,19.42,119.42,19.42,1194.2,194.2,11942.0,1942.0,-5.44,94.56,-5.44,945.6,-54.4,9456.0,-544.0,8.0,108.0,8.0,1080.0,80.0,10800.0,800.0,"Here Are Monday’s Top Wall Street Analyst Research Calls: Apple, Dave, Etsy, Federal Signal, Mobileye Global, Netskope, Okta, Shopify, Workday, and More",24/7 Wall St.,2026-08-17,0.202,Shopify (SHOP) Stock May Be 33% Overvalued On Strong AI Led Q2 Results,Simply Wall St.,2026-08-16,0.511,Shopify Shines and Uber Declines,Motley Fool,2026-08-16,0.0,6,buy,0.7,"Strong 1M momentum +24.90%, positive news sentiment 0.283, analyst buy, though P/E 104 is high.",strong 1M momentum +25%; positive news sentiment 0.28; analyst buy,,,,,
SPOT,Spotify,Tech,consumer-platform,NYSE,492.47,-3.73%,-3.78%,+0.03%,-14.35%,-30%,101.245,1.581,26.82,2.02,1349737,7091037,42181937,,4.09,buy,1.56,-3.73,96.27,-3.73,962.7,-37.3,9627.0,-373.0,-3.78,96.22,-3.78,962.2,-37.8,9622.0,-378.0,0.03,100.03,0.03,1000.3,0.3,10003.0,3.0,-14.35,85.65,-14.35,856.5,-143.5,8565.0,-1435.0,-30.0,70.0,-30.0,700.0,-300.0,7000.0,-3000.0,Spotify (SPOT) Stock Looks Discounted On Cash Flow Yet Fair On Earnings,Simply Wall St.,2026-08-12,0.361,"Spotify Just Legalized Fan Remixes, So What Does It Mean For SPOT?",Insider Monkey,2026-08-11,0.318,Spotify (SPOT) Q2 2026 Earnings Call Transcript,Motley Fool,2026-08-11,0.0,,,,,,,,,,
UBER,Uber,Tech,consumer-platform,NYSE,74.99,-1.42%,-3.90%,+3.91%,-9.50%,-19%,153.172,1.154,16.45,20.63,15767450,77091350,430320850,,2.41,buy,1.52,-1.42,98.58,-1.42,985.8,-14.2,9858.0,-142.0,-3.9,96.1,-3.9,961.0,-39.0,9610.0,-390.0,3.91,103.91,3.91,1039.1,39.1,10391.0,391.0,-9.5,90.5,-9.5,905.0,-95.0,9050.0,-950.0,-19.0,81.0,-19.0,810.0,-190.0,8100.0,-1900.0,Uber Rises on Zipline Drone Delivery Deal,GuruFocus.com,2026-08-17,0.0,Uber and Zipline Target a Million Drone Deliveries a Day,GuruFocus.com,2026-08-17,0.0,Uber teams up with Zipline for drone delivery,Nation's Restaurant News,2026-08-17,0.0,,,,,,,,,,
CSCO,Cisco Systems,Tech,hardware-infra,NASDAQ,112.9,+1.21%,-7.89%,+1.99%,+49.84%,+67%,444.988,1.002,33.9,24.56,18729267,162281067,468222967,150.0,1.68,buy,1.92,1.21,101.21,1.21,1012.1,12.1,10121.0,121.0,-7.89,92.11,-7.89,921.1,-78.9,9211.0,-789.0,1.99,101.99,1.99,1019.9,19.9,10199.0,199.0,49.84,149.84,49.84,1498.4,498.4,14984.0,4984.0,67.0,167.0,67.0,1670.0,670.0,16700.0,6700.0,Cisco Grew Faster By Selling Hardware And Charging More For It,Trefis,2026-08-17,0.0,ETFs to Buy as Cisco Shares Sink Despite Surpassing Q4 Earnings,Zacks,2026-08-17,0.296,"Apple upgraded, Workday downgraded: Wall Street's top analyst calls",The Fly,2026-08-17,0.202,,,,,,,,,,
PLTR,Palantir Technologies,Tech,hardware-infra,NASDAQ,172.55,-0.83%,-1.53%,+27.96%,+2.79%,+0%,414.647,1.563,147.48,43.25,24117006,162996406,963220306,,3.17,buy,1.81,-0.83,99.17,-0.83,991.7,-8.3,9917.0,-83.0,-1.53,98.47,-1.53,984.7,-15.3,9847.0,-153.0,27.96,127.96,27.96,1279.6,279.6,12796.0,2796.0,2.79,102.79,2.79,1027.9,27.9,10279.0,279.0,0.0,100.0,0.0,1000.0,0.0,10000.0,0.0,Anthropic Projects $200 Billion of Revenue by 2028,GuruFocus.com,2026-08-17,0.0,Cathie Wood Pours $27 Million Into Major AI Stock,GuruFocus.com,2026-08-17,0.0,1 Nasdaq 100 Stock to Own for Decades and 2 We Turn Down,StockStory,2026-08-17,0.0,1,strong_buy,0.85,"Q2 earnings beat with revenue $1.94B vs $1.80B, EPS $0.41 vs $0.35, revenue up 93% YoY, US commercial revenue surged 149%, guidance raised. 1M momentum +30.11%, news sentiment 0.203.",Q2 earnings beat; 93% revenue growth; US commercial revenue +149%; guidance raised,,,,,
