ticker,company_name,sector,category,exchange,price_usd,change_1d,change_1w,change_1m,change_ytd,return_1yr,market_cap_usd_b,beta,pe_ratio,avg_volume_m,vol_1d,vol_1w,vol_1m,div_yield_pct,short_pct,analyst,analyst_score,pct_1d,val_100_1d,profit_100_1d,val_1000_1d,profit_1000_1d,val_10000_1d,profit_10000_1d,pct_1w,val_100_1w,profit_100_1w,val_1000_1w,profit_1000_1w,val_10000_1w,profit_10000_1w,pct_1m,val_100_1m,profit_100_1m,val_1000_1m,profit_1000_1m,val_10000_1m,profit_10000_1m,pct_ytd,val_100_ytd,profit_100_ytd,val_1000_ytd,profit_1000_ytd,val_10000_ytd,profit_10000_ytd,pct_1y,val_100_1y,profit_100_1y,val_1000_1y,profit_1000_1y,val_10000_1y,profit_10000_1y,news1_title,news1_publisher,news1_date,news1_sentiment,news2_title,news2_publisher,news2_date,news2_sentiment,news3_title,news3_publisher,news3_date,news3_sentiment,signal_rank,signal,signal_confidence,signal_rationale,signal_drivers,portfolio_held,portfolio_quantity,portfolio_avg_price,portfolio_ppl,portfolio_total_value
SNDK,SanDisk Corporation,AI,memory,NASDAQ,1427.62,+7.40%,+30.25%,-18.16%,+418.68%,+2797%,211.416,,48.82,13.81,13745599,98571299,350719699,,8.28,buy,1.61,7.4,107.4,7.4,1074.0,74.0,10740.0,740.0,30.25,130.25,30.25,1302.5,302.5,13025.0,3025.0,-18.16,81.84,-18.16,818.4,-181.6,8184.0,-1816.0,418.68,518.68,418.68,5186.8,4186.8,51868.0,41868.0,2797.0,2897.0,2797.0,28970.0,27970.0,289700.0,279700.0,"The great AI trade is back, with these tech names leading markets: Chart of the Day",Yahoo Finance Video,2026-08-04,0.625,"Marvell, Sandisk, SK Hynix lead semiconductor stock rally as S&P 500 trades at record highs",Yahoo Finance,2026-08-04,0.0,"SK hynix, Sandisk race to fix AI’s next chip bottleneck",TheStreet,2026-08-04,0.0,,,,,,,,,,
WDC,Western Digital,AI,memory,NASDAQ,548.56,+2.82%,+18.35%,-5.00%,+192.47%,+618%,189.079,2.217,32.79,8.32,7766870,43189370,163122570,11.0,7.61,strong_buy,1.5,2.82,102.82,2.82,1028.2,28.2,10282.0,282.0,18.35,118.35,18.35,1183.5,183.5,11835.0,1835.0,-5.0,95.0,-5.0,950.0,-50.0,9500.0,-500.0,192.47,292.47,192.47,2924.7,1924.7,29247.0,19247.0,618.0,718.0,618.0,7180.0,6180.0,71800.0,61800.0,"SK hynix, Sandisk race to fix AI’s next chip bottleneck",TheStreet,2026-08-04,0.0,Buy Western Digital (WDC) Stock as Q4 Earnings Approach?,Zacks,2026-08-04,0.0,Should Investors Buy SIMO or Wait Despite Its Premium Valuation?,Zacks,2026-08-04,0.0,8,strong_buy,0.8,"WDC has YTD +190.49%, P/E 32.57, strong_buy rating, and positive news sentiment 0.19. Memory demand is supported by AI and cloud capex, with Samsung warning of shortages into 2028 [memeburn.com](https://memeburn.com/why-ai-sandisk-stock-and-micron-stock-surged/).",YTD +190.49%; P/E 32.57; Strong buy consensus; Memory shortage catalyst,,,,,
285A,Kioxia Holdings,AI,memory,TSE,330.2,+5.96%,+16.92%,-36.16%,+358.94%,+1974%,180.699,,51.69,40.74,51812500,300227800,1019957200,,,buy,1.56,5.96,105.96,5.96,1059.6,59.6,10596.0,596.0,16.92,116.92,16.92,1169.2,169.2,11692.0,1692.0,-36.16,63.84,-36.16,638.4,-361.6,6384.0,-3616.0,358.94,458.94,358.94,4589.4,3589.4,45894.0,35894.0,1974.0,2074.0,1974.0,20740.0,19740.0,207400.0,197400.0,Asia Hedge Funds Suffer Widespread Losses in July Market Rout,Bloomberg,2026-08-04,-0.735,"European Indexes Rise in Strong Open as AI, Defense Stocks Gain",The Wall Street Journal,2026-08-04,0.802,"Japan Stocks Shrug Off Yen Shock, But Kioxia Signals More Pain Ahead",BeInCrypto,2026-08-04,-0.771,,,,,,,,,,
MU,Micron Technology,AI,memory,NASDAQ,892.67,+6.17%,+8.79%,-9.35%,+183.17%,+655%,1008.175,2.213,20.19,53.78,35997655,266064655,1010913355,6.0,3.21,strong_buy,1.41,6.17,106.17,6.17,1061.7,61.7,10617.0,617.0,8.79,108.79,8.79,1087.9,87.9,10879.0,879.0,-9.35,90.65,-9.35,906.5,-93.5,9065.0,-935.0,183.17,283.17,183.17,2831.7,1831.7,28317.0,18317.0,655.0,755.0,655.0,7550.0,6550.0,75500.0,65500.0,"Marvell, Sandisk, SK Hynix lead semiconductor stock rally as S&P 500 trades at record highs",Yahoo Finance,2026-08-04,0.0,"Micron pullback seen as buying opportunity amid solid end-demand, says BofA",Proactive,2026-08-04,0.527,Micron Stock Soars After New AI Storage Platform Debut,GuruFocus.com,2026-08-04,0.0,,,,,,,,,,
STX,Seagate Technology,AI,memory,NASDAQ,845.35,+1.12%,+13.12%,-2.64%,+194.72%,+464%,191.263,2.102,60.9,4.68,4873985,32993985,119582185,36.0,3.7,strong_buy,1.44,1.12,101.12,1.12,1011.2,11.2,10112.0,112.0,13.12,113.12,13.12,1131.2,131.2,11312.0,1312.0,-2.64,97.36,-2.64,973.6,-26.4,9736.0,-264.0,194.72,294.72,194.72,2947.2,1947.2,29472.0,19472.0,464.0,564.0,464.0,5640.0,4640.0,56400.0,46400.0,Can Strong Data Center & Edge Boost SNDK's Top Line in Q4 Earnings?,Zacks,2026-08-04,0.778,"Sandisk Jumps 8%, Micron Gains 6%, SK Hynix Climbs 4% as Wall Street Hikes Price Targets on AI Memory Boom",24/7 Wall St.,2026-08-04,0.34,5 Momentum Stocks to Buy for August Despite a Mixed July,Zacks,2026-08-04,0.0,9,strong_buy,0.79,"STX has YTD +198.47%, strong_buy consensus, and the highest news sentiment in the universe at 0.326. Recent strong Q4 results and guidance support the outlook.",YTD +198.47%; News sentiment 0.326; Strong buy consensus; Q4 beat,,,,,
MRVL,Marvell Technology,AI,memory,NASDAQ,218.59,+9.68%,+25.29%,-12.29%,+144.89%,+145%,196.194,2.246,75.12,42.08,33061182,136483082,549078482,12.0,4.34,strong_buy,1.42,9.68,109.68,9.68,1096.8,96.8,10968.0,968.0,25.29,125.29,25.29,1252.9,252.9,12529.0,2529.0,-12.29,87.71,-12.29,877.1,-122.9,8771.0,-1229.0,144.89,244.89,144.89,2448.9,1448.9,24489.0,14489.0,145.0,245.0,145.0,2450.0,1450.0,24500.0,14500.0,"Marvell, Sandisk, SK Hynix lead semiconductor stock rally as S&P 500 trades at record highs",Yahoo Finance,2026-08-04,0.0,"Marvell Technology Stock Is On Sale, But Is It A Bargain?",Trefis,2026-08-04,0.296,"SpaceX, Palantir, AMD, Marvell,  Caterpillar, Pfizer, and More Stocks That Explain Today’s Market",Barrons.com,2026-08-04,0.0,,,,,,,,,,
P,Everpure,AI,memory,NYSE,83.92,+5.24%,+14.97%,+7.96%,+21.61%,+38%,27.895,1.414,127.15,3.36,3048019,13044519,51400519,,4.43,none,,5.24,105.24,5.24,1052.4,52.4,10524.0,524.0,14.97,114.97,14.97,1149.7,149.7,11497.0,1497.0,7.96,107.96,7.96,1079.6,79.6,10796.0,796.0,21.61,121.61,21.61,1216.1,216.1,12161.0,2161.0,38.0,138.0,38.0,1380.0,380.0,13800.0,3800.0,1 of Wall Street’s Favorite Stocks Worth Your Attention and 2 We Question,StockStory,2026-08-01,0.599,STX vs. P: Which Storage Stock Deserves a Spot in Your Portfolio?,Zacks,2026-07-31,0.0,Is STX Stock Still Attractive After Its Massive 2026 Price Rally?,Zacks,2026-07-30,0.44,,,,,,,,,,
RR.,Rolls-Royce Holdings,AI,nuclear-ops,LSE,20.57,+1.50%,+7.75%,+1.69%,+27.78%,+37%,1.7,1.19,42.48,26.41,31356802,165505926,493928447,80.0,,buy,1.6,1.5,101.5,1.5,1015.0,15.0,10150.0,150.0,7.75,107.75,7.75,1077.5,77.5,10775.0,775.0,1.69,101.69,1.69,1016.9,16.9,10169.0,169.0,27.78,127.78,27.78,1277.8,277.8,12778.0,2778.0,37.0,137.0,37.0,1370.0,370.0,13700.0,3700.0,Are Aerospace Stocks Lagging  ATI INC (ATI) This Year?,Zacks,2026-08-03,-0.273,‘All-British’ fighter jet to use American engine after BAE and Rolls-Royce clash,The Telegraph,2026-08-02,0.153,"Boeing’s $21 billion B-52 upgrade faces cost overruns, delays, GAO says",Investing.com,2026-07-31,0.0,,,,,,,,,,
CEG,Constellation Energy,AI,nuclear-ops,NASDAQ,267.25,-2.62%,+2.86%,+8.70%,-26.82%,-24%,95.436,1.118,23.2,3.68,3709954,14009654,61145854,62.0,3.33,buy,1.52,-2.62,97.38,-2.62,973.8,-26.2,9738.0,-262.0,2.86,102.86,2.86,1028.6,28.6,10286.0,286.0,8.7,108.7,8.7,1087.0,87.0,10870.0,870.0,-26.82,73.18,-26.82,731.8,-268.2,7318.0,-2682.0,-24.0,76.0,-24.0,760.0,-240.0,7600.0,-2400.0,Latest News In Energy Transition - Advantage Renewables Boosts Michigan Grid With Battery Projects,Simply Wall St.,2026-08-04,0.66,Constellation Energy vs. Vistra: Which Utilities Stock Is a Better Buy in 2026?,Motley Fool,2026-08-03,0.612,This Is The Best-Performing Nuclear Stock Now Even As Peers Are Losing Value,Stocktwits,2026-08-03,-0.052,5,buy,0.78,"CEG has strong 1M momentum (+11.10%), P/E 22.83, and high news sentiment 0.285. Nuclear power is increasingly critical for AI data centres, and the stock is the best-performing nuclear name.",1M +11.10%; P/E 22.83; News sentiment 0.285; Nuclear AI demand,,,,,
VST,Vistra Corp,AI,nuclear-ops,NYSE,143.23,-7.98%,-3.64%,-8.90%,-13.07%,-29%,48.295,1.433,23.99,4.8,9928378,27866878,95220378,62.0,4.32,strong_buy,1.35,-7.98,92.02,-7.98,920.2,-79.8,9202.0,-798.0,-3.64,96.36,-3.64,963.6,-36.4,9636.0,-364.0,-8.9,91.1,-8.9,911.0,-89.0,9110.0,-890.0,-13.07,86.93,-13.07,869.3,-130.7,8693.0,-1307.0,-29.0,71.0,-29.0,710.0,-290.0,7100.0,-2900.0,"Pinnacle West Q2 Earnings Miss Estimates, Revenues Increase Y/Y",Zacks,2026-08-04,0.178,⚡ Flash Heard: Texas Data Center U-Turn Hits Power Stocks,The Wall Street Journal,2026-08-04,0.0,PSEG (PEG) Tops Q2 Earnings Estimates,Zacks,2026-08-04,0.511,,,,,,,,,,
TLN,Talen Energy,AI,nuclear-ops,NASDAQ,340.0,-1.41%,+4.28%,-10.00%,-14.30%,-13%,16.251,1.673,,0.83,976651,4184151,14882151,,5.9,buy,1.59,-1.41,98.59,-1.41,985.9,-14.1,9859.0,-141.0,4.28,104.28,4.28,1042.8,42.8,10428.0,428.0,-10.0,90.0,-10.0,900.0,-100.0,9000.0,-1000.0,-14.3,85.7,-14.3,857.0,-143.0,8570.0,-1430.0,-13.0,87.0,-13.0,870.0,-130.0,8700.0,-1300.0,Talen Energy Set to Report Q2 Earnings: What's in Store for the Stock?,Zacks,2026-08-04,0.273,All You Need to Know About Talen Energy Corporation (TLN) Rating Upgrade to Strong Buy,Zacks,2026-07-30,0.66,"Zacks Industry Outlook Highlights Bloom Energy, Talen Energy and Montauk Renewables",Zacks,2026-07-30,0.494,,,,,,,,,,
BEP,Brookfield Renewable,AI,nuclear-ops,NYSE,33.04,-2.55%,+3.28%,-2.22%,+21.02%,+26%,16.107,0.995,,0.91,1001792,4352892,22867792,466.0,0.4,buy,2.27,-2.55,97.45,-2.55,974.5,-25.5,9745.0,-255.0,3.28,103.28,3.28,1032.8,32.8,10328.0,328.0,-2.22,97.78,-2.22,977.8,-22.2,9778.0,-222.0,21.02,121.02,21.02,1210.2,210.2,12102.0,2102.0,26.0,126.0,26.0,1260.0,260.0,12600.0,2600.0,New Strong Sell Stocks for August 4th,Zacks,2026-08-04,0.511,3 Ultra-High-Yield Energy Stocks to Hold Forever,Motley Fool,2026-08-02,0.273,Bloom Energy Is Soaring: Is There a Better Way To Play The AI Power Boom?,Motley Fool,2026-08-01,0.751,,,,,,,,,,
BEPC,Brookfield Renewable Corp,AI,nuclear-ops,NYSE,33.55,-2.19%,+3.10%,-8.38%,-14.30%,-3%,6.226,1.166,,1.57,1558304,8923804,38488504,459.0,,hold,3.2,-2.19,97.81,-2.19,978.1,-21.9,9781.0,-219.0,3.1,103.1,3.1,1031.0,31.0,10310.0,310.0,-8.38,91.62,-8.38,916.2,-83.8,9162.0,-838.0,-14.3,85.7,-14.3,857.0,-143.0,8570.0,-1430.0,-3.0,97.0,-3.0,970.0,-30.0,9700.0,-300.0,Brookfield Renewable Q2 Earnings Call Highlights,MarketBeat,2026-07-31,0.0,Brookfield Renewable Corporation Q2 2026 Earnings Call Summary,Moby,2026-07-31,0.0,"Compared to Estimates, Brookfield Renewable (BEP) Q2 Earnings: A Look at Key Metrics",Zacks,2026-07-31,0.0,,,,,,,,,,
GEV,GE Vernova,AI,smr,NYSE,1018.53,+0.65%,+7.97%,-11.59%,+50.16%,+52%,271.268,1.033,29.24,2.89,2175216,13376216,64700816,20.0,3.8,buy,1.58,0.65,100.65,0.65,1006.5,6.5,10065.0,65.0,7.97,107.97,7.97,1079.7,79.7,10797.0,797.0,-11.59,88.41,-11.59,884.1,-115.9,8841.0,-1159.0,50.16,150.16,50.16,1501.6,501.6,15016.0,5016.0,52.0,152.0,52.0,1520.0,520.0,15200.0,5200.0,GE Vernova Set to Be Biggest Winner From AI Data Center’s Massive Power Shortfall,24/7 Wall St.,2026-08-04,0.586,GE Vernova receives order from Enfinity Global,Energy Global,2026-08-04,0.0,Caterpillar Profit Tops Estimates as AI Boosts Power Sales,Bloomberg,2026-08-04,0.818,,,,,,,,,,
BWXT,BWX Technologies,AI,smr,NYSE,172.4,+1.48%,+1.61%,-12.44%,-4.94%,-7%,15.795,,45.97,1.0,1423119,5715219,20260819,60.0,4.13,buy,1.81,1.48,101.48,1.48,1014.8,14.8,10148.0,148.0,1.61,101.61,1.61,1016.1,16.1,10161.0,161.0,-12.44,87.56,-12.44,875.6,-124.4,8756.0,-1244.0,-4.94,95.06,-4.94,950.6,-49.4,9506.0,-494.0,-7.0,93.0,-7.0,930.0,-70.0,9300.0,-700.0,BWXT Q2 Earnings Call Centers on Higher Outlook and Nuclear Focus,Zacks,2026-08-04,0.0,BWX Technologies (BWXT) Sells Medical Business And Signs New Thorium Fuel Deal,Simply Wall St.,2026-08-04,0.0,BWX Technologies Inc (BWXT) (Q2 2026) Earnings Call Highlights: Record Backlog and Strategic ...,GuruFocus.com,2026-08-04,0.0,,,,,,,,,,
SMR,NuScale Power,AI,smr,NYSE,9.49,+4.87%,+15.45%,-1.25%,-41.81%,-81%*,3.284,2.306,,33.33,22120776,155059376,642612876,,23.15,hold,2.56,4.87,104.87,4.87,1048.7,48.7,10487.0,487.0,15.45,115.45,15.45,1154.5,154.5,11545.0,1545.0,-1.25,98.75,-1.25,987.5,-12.5,9875.0,-125.0,-41.81,58.19,-41.81,581.9,-418.1,5819.0,-4181.0,-81.0,19.0,-81.0,190.0,-810.0,1900.0,-8100.0,Better Small Modular Reactor Stock: NuScale Power vs. GE Vernova,Motley Fool,2026-08-03,0.44,Here's How to Play NuScale Stock Before Q2 Earnings Release,Zacks,2026-08-03,0.34,NuScale Power's Next Earnings Report on Aug. 5 Could Send the Stock Soaring. Here's Why.,Motley Fool,2026-08-02,0.0,,,,,,,,,,
OKLO,Oklo Inc,AI,smr,NYSE,43.33,+4.79%,+9.47%,-16.42%,-44.31%,-54%*,7.539,1.201,,11.79,8705383,44592783,191711183,,18.39,buy,2.04,4.79,104.79,4.79,1047.9,47.9,10479.0,479.0,9.47,109.47,9.47,1094.7,94.7,10947.0,947.0,-16.42,83.58,-16.42,835.8,-164.2,8358.0,-1642.0,-44.31,55.69,-44.31,556.9,-443.1,5569.0,-4431.0,-54.0,46.0,-54.0,460.0,-540.0,4600.0,-5400.0,Oklo Reports Earnings on Aug. 7. Here's What Investors Should Be Watching.,Motley Fool,2026-08-04,0.0,Is Oklo Stock a No-Brainer Buy at Less Than $50?,Motley Fool,2026-08-04,0.0,"Got $10,000? Here's How I'd Split It Across These 5 Energy Stocks.",Motley Fool,2026-08-04,0.273,,,,,,,,,,
NNE,NANO Nuclear Energy,AI,smr,NASDAQ,18.17,+2.65%,+13.14%,-10.00%,-34.19%,-58%*,0.976,5.409,,2.78,2195483,11298783,47314183,,33.42,buy,1.57,2.65,102.65,2.65,1026.5,26.5,10265.0,265.0,13.14,113.14,13.14,1131.4,131.4,11314.0,1314.0,-10.0,90.0,-10.0,900.0,-100.0,9000.0,-1000.0,-34.19,65.81,-34.19,658.1,-341.9,6581.0,-3419.0,-58.0,42.0,-58.0,420.0,-580.0,4200.0,-5800.0,Ameresco Q2 Earnings Call Highlights,MarketBeat,2026-08-03,0.0,"This $17 Nuclear Stock Could Turn $5,000 Into a Fortune",Motley Fool,2026-08-01,0.0,Nano Nuclear Energy Surges: What's Driving the Rally Today?,Motley Fool,2026-07-31,0.273,,,,,,,,,,
CCJ,Cameco Corporation,AI,uranium,NYSE,93.09,+3.46%,+7.05%,-4.52%,-5.55%,+16%,40.543,0.992,163.32,3.5,3950360,19777860,85102760,20.0,,buy,1.71,3.46,103.46,3.46,1034.6,34.6,10346.0,346.0,7.05,107.05,7.05,1070.5,70.5,10705.0,705.0,-4.52,95.48,-4.52,954.8,-45.2,9548.0,-452.0,-5.55,94.45,-5.55,944.5,-55.5,9445.0,-555.0,16.0,116.0,16.0,1160.0,160.0,11600.0,1600.0,Energy Fuels Set to Report Q2 Earnings: How to Play the Stock?,Zacks,2026-08-04,0.542,Cameco (TSX:CCO) Board Member Dominique Minière Steps Down After Three Years,Simply Wall St.,2026-08-04,0.0,CCJ Q2 Earnings Call Centers on Discipline and AP1000 Execution,Zacks,2026-08-03,0.0,,,,,,,,,,
UEC,Uranium Energy Corp,AI,uranium,NYSE,10.5,+4.79%,+11.23%,-0.85%,-19.91%,+1%,5.148,1.208,,10.03,9957743,48055143,177813043,,14.14,none,,4.79,104.79,4.79,1047.9,47.9,10479.0,479.0,11.23,111.23,11.23,1112.3,112.3,11123.0,1123.0,-0.85,99.15,-0.85,991.5,-8.5,9915.0,-85.0,-19.91,80.09,-19.91,800.9,-199.1,8009.0,-1991.0,1.0,101.0,1.0,1010.0,10.0,10100.0,100.0,Uranium Energy (UEC) Stock Looks Stretched Despite Its 353% Five Year Run,Simply Wall St.,2026-07-31,0.273,Uranium Energy Is Down Sharply in 2026. Here's What the Next 10 Years Could Realistically Look Like.,Motley Fool,2026-07-30,0.557,The Next AI Trade: Fireside Chat with Noble Plains Uranium CEO Drew Zimmerman,IPO-Edge.com,2026-07-29,0.459,,,,,,,,,,
LEU,Centrus Energy,AI,uranium,NYSE,189.24,+1.20%,+11.55%,+8.62%,-30.55%,-17%,3.722,1.35,66.17,0.89,473938,3413338,18338438,,26.55,buy,1.71,1.2,101.2,1.2,1012.0,12.0,10120.0,120.0,11.55,111.55,11.55,1115.5,115.5,11155.0,1155.0,8.62,108.62,8.62,1086.2,86.2,10862.0,862.0,-30.55,69.45,-30.55,694.5,-305.5,6945.0,-3055.0,-17.0,83.0,-17.0,830.0,-170.0,8300.0,-1700.0,Energy Fuels Set to Report Q2 Earnings: How to Play the Stock?,Zacks,2026-08-04,0.542,Centrus Energy (LEU) Stock Looks Fully Priced After a 7x Run,Simply Wall St.,2026-07-31,0.273,Is Centrus Energy Too Cheap to Ignore Right Now?,Motley Fool,2026-07-30,-0.103,,,,,,,,,,
VRT,Vertiv Holdings,AI,power-infra,NYSE,269.93,+0.37%,+0.14%,-15.24%,+53.78%,+74%,103.92,2.077,56.12,6.41,5787315,61927715,137825215,10.0,2.92,strong_buy,1.39,0.37,100.37,0.37,1003.7,3.7,10037.0,37.0,0.14,100.14,0.14,1001.4,1.4,10014.0,14.0,-15.24,84.76,-15.24,847.6,-152.4,8476.0,-1524.0,53.78,153.78,53.78,1537.8,537.8,15378.0,5378.0,74.0,174.0,74.0,1740.0,740.0,17400.0,7400.0,Caterpillar stock surges on data center boom: How the AI trade is expanding,Yahoo Finance Video,2026-08-04,0.0,Vertiv (VRT) Teams Up With Bitzero For Next Generation Data Center Buildout,Simply Wall St.,2026-08-04,0.0,"Zacks Value Trader Highlights:  Sandisk, Micron, Vertiv, Comfort Systems and Bloom Energy",Zacks,2026-08-04,0.718,,,,,,,,,,
ETN,Eaton Corporation,AI,power-infra,NYSE,444.77,+1.39%,+15.15%,+7.58%,+36.69%,+16%,172.704,1.177,43.56,2.62,2494507,19091807,53287207,106.0,2.06,buy,1.56,1.39,101.39,1.39,1013.9,13.9,10139.0,139.0,15.15,115.15,15.15,1151.5,151.5,11515.0,1515.0,7.58,107.58,7.58,1075.8,75.8,10758.0,758.0,36.69,136.69,36.69,1366.9,366.9,13669.0,3669.0,16.0,116.0,16.0,1160.0,160.0,11600.0,1600.0,Atkore Stock Surged Because Prysmian Agreed To Buy It For Cash,Trefis,2026-08-04,0.273,Here's How Much You'd Have If You Invested $1000 in Eaton a Decade Ago,Zacks,2026-08-04,0.0,"Eaton Well-Positioned for Growth Surge Based on Data Center Construction Backlog, RBC Says",MT Newswires,2026-08-03,0.382,3,buy,0.85,"ETN has solid YTD (+27.60%) and 1D (+6.12%) momentum, P/E 40.67, low short interest 2.06%, and positive news sentiment 0.203. Power infrastructure benefits from AI data centre buildout.",YTD +27.60%; 1D +6.12%; P/E 40.67; News sentiment 0.203,,,,,
POWL,Powell Industries,AI,power-infra,NASDAQ,211.38,+12.30%,+5.16%,-14.78%,+80.04%,+165%,7.7,1.216,41.2,0.76,1572587,5846987,18743587,17.0,9.73,buy,2.25,12.3,112.3,12.3,1123.0,123.0,11230.0,1230.0,5.16,105.16,5.16,1051.6,51.6,10516.0,516.0,-14.78,85.22,-14.78,852.2,-147.8,8522.0,-1478.0,80.04,180.04,80.04,1800.4,800.4,18004.0,8004.0,165.0,265.0,165.0,2650.0,1650.0,26500.0,16500.0,Powell Industries Q3 Earnings Call Highlights,MarketBeat,2026-08-04,0.0,Powell Industries Q3 Earnings & Revenues Miss Estimates,Zacks,2026-08-04,-0.153,AI-linked chip stocks rebound; Powell Industries tumbles premarket,Investing.com,2026-08-04,0.0,,,,,,,,,,
EQIX,Equinix,AI,dc-operators,NASDAQ,1051.53,+5.01%,+1.61%,+5.28%,+39.05%,+31%,103.756,0.972,67.88,0.59,732053,3678553,12010153,202.0,2.18,buy,1.53,5.01,105.01,5.01,1050.1,50.1,10501.0,501.0,1.61,101.61,1.61,1016.1,16.1,10161.0,161.0,5.28,105.28,5.28,1052.8,52.8,10528.0,528.0,39.05,139.05,39.05,1390.5,390.5,13905.0,3905.0,31.0,131.0,31.0,1310.0,310.0,13100.0,3100.0,International Markets and Equinix (EQIX): A Deep Dive for Investors,Zacks,2026-08-03,0.0,Loan Investors Are Pushing Back as Fear Rises,Bloomberg,2026-08-01,-0.494,Equinix's Q2 AFFO Beat Estimates on Strong Demand & xScale Fees,Zacks,2026-07-30,0.421,,,,,,,,,,
DLR,Digital Realty,AI,dc-operators,NYSE,193.89,+1.40%,+0.37%,+11.62%,+26.76%,+9%,72.967,1.042,248.58,2.97,2306068,12040368,68453568,259.0,0.01,buy,1.58,1.4,101.4,1.4,1014.0,14.0,10140.0,140.0,0.37,100.37,0.37,1003.7,3.7,10037.0,37.0,11.62,111.62,11.62,1116.2,116.2,11162.0,1162.0,26.76,126.76,26.76,1267.6,267.6,12676.0,2676.0,9.0,109.0,9.0,1090.0,90.0,10900.0,900.0,"Public Storage Q2 FFO Misses on Same-Store NOI Decline, Revenues Beat",Zacks,2026-07-30,-0.226,W.P. Carey's Q2 AFFO Beats Estimates on Investment Activity,Zacks,2026-07-29,0.0,"BXP Q2 FFO & Revenues Beat Estimates on Occupancy Gains, '26 View Up",Zacks,2026-07-29,0.34,6,buy,0.76,"DLR has YTD +23.25%, 1M +6.92%, and extremely low short interest of 0.01%. Despite a high P/E of 238.63, the data centre REIT benefits from strong leasing demand.",YTD +23.25%; 1M +6.92%; Short interest 0.01%; Data centre demand,,,,,
AMT,American Tower,AI,dc-operators,NYSE,175.25,+1.30%,+2.19%,+8.11%,+2.23%,-17%,81.659,0.894,28.31,3.33,1965175,17838575,68325875,403.0,1.89,buy,1.56,1.3,101.3,1.3,1013.0,13.0,10130.0,130.0,2.19,102.19,2.19,1021.9,21.9,10219.0,219.0,8.11,108.11,8.11,1081.1,81.1,10811.0,811.0,2.23,102.23,2.23,1022.3,22.3,10223.0,223.0,-17.0,83.0,-17.0,830.0,-170.0,8300.0,-1700.0,AST SpaceMobile Sets Launch Date Ahead of Key Q2 Earnings Test,MarketBeat,2026-08-03,0.0,A Dive into American Tower (AMT) International Revenue Trends and Forecasts,Zacks,2026-08-03,0.0,American Tower or Crown Castle? Wall Street’s Clear Pick Between Beaten-Down Tower REITs,24/7 Wall St.,2026-07-29,0.382,4,buy,0.82,"AMT offers a 4.03% dividend yield, P/E 27.92, positive news sentiment 0.273, and recent 1M (+4.38%) and 1W (+4.01%) gains. Tower REITs benefit from rising data centre demand.",Dividend yield 4.03%; P/E 27.92; 1M +4.38%; News sentiment 0.273,,,,,
GOOGL,Alphabet (Google),AI,hyperscalers,NASDAQ,377.65,+1.82%,+13.17%,+3.05%,+19.99%,+83%,4618.635,1.237,18.93,32.65,35493839,178331139,674476339,25.0,1.34,strong_buy,1.39,1.82,101.82,1.82,1018.2,18.2,10182.0,182.0,13.17,113.17,13.17,1131.7,131.7,11317.0,1317.0,3.05,103.05,3.05,1030.5,30.5,10305.0,305.0,19.99,119.99,19.99,1199.9,199.9,11999.0,1999.0,83.0,183.0,83.0,1830.0,830.0,18300.0,8300.0,Tech stocks today: SpaceX and AMD post quarterly results; investors weren't impressed.,Yahoo Finance,2026-08-03,-0.372,"SpaceX Second-Quarter Loss Narrows, Revenue Tops Views on Connectivity, AI Gains",MT Newswires,2026-08-04,0.527,Chatham Lodging Trust Q2 2026 Earnings Call Summary,Moby,2026-08-04,0.511,7,strong_buy,0.88,"GOOGL has a low P/E of 17.86, strong_buy consensus, and strong 1W (+11.38%) and 1D (+6.10%) momentum. Cloud and AI growth support valuation.",P/E 17.86; 1W +11.38%; Strong buy consensus; Cloud growth,,,,,
MSFT,Microsoft,AI,hyperscalers,NASDAQ,492.81,+1.82%,+25.29%,+27.43%,+4.67%,-12%,3659.383,1.099,26.19,40.53,49565875,334543675,841251275,75.0,1.24,strong_buy,1.36,1.82,101.82,1.82,1018.2,18.2,10182.0,182.0,25.29,125.29,25.29,1252.9,252.9,12529.0,2529.0,27.43,127.43,27.43,1274.3,274.3,12743.0,2743.0,4.67,104.67,4.67,1046.7,46.7,10467.0,467.0,-12.0,88.0,-12.0,880.0,-120.0,8800.0,-1200.0,What Southern Copper (SCCO)'s Record Q2 Dividend and Earnings Amid Lower Output Means For Shareholders,Simply Wall St.,2026-08-04,-0.296,The Toughest Questions AMZN Faced On Its Latest Call,Trefis,2026-08-04,-0.077,The Unusual Cash Offer Sitting In IBM Stock,Trefis,2026-08-04,0.0,2,strong_buy,0.91,"MSFT shows exceptional 1M (+20.93%) and 1W (+21.75%) momentum, P/E 25.9, strong_buy rating, and news sentiment 0.219. Web search highlights Azure growth of 43% and $41B quarterly capex, with demand exceeding capacity [memeburn.com](https://memeburn.com/why-ai-sandisk-stock-and-micron-stock-surged/).",Azure growth 43%; $41B quarterly capex; 1M +20.93%; P/E 25.9,,,,,
AMZN,Amazon,AI,hyperscalers,NASDAQ,277.42,-0.78%,+20.17%,+13.62%,+22.48%,+27%,2992.339,1.454,22.3,49.46,69522809,436205109,1071383409,,1.09,strong_buy,1.35,-0.78,99.22,-0.78,992.2,-7.8,9922.0,-78.0,20.17,120.17,20.17,1201.7,201.7,12017.0,2017.0,13.62,113.62,13.62,1136.2,136.2,11362.0,1362.0,22.48,122.48,22.48,1224.8,224.8,12248.0,2248.0,27.0,127.0,27.0,1270.0,270.0,12700.0,2700.0,"Stock Market Today: Dow, S&P 500 Hit New Highs; SpaceX Jumps Ahead Of Q2 Report",Investor's Business Daily,2026-08-04,0.0,"Jeff Bezos Is Pushing Amazon's Prime Video Into an AI Showcase, a Sign of How the Company Plans to Justify Its AI Spending",Motley Fool,2026-08-04,0.0,The Toughest Questions AMZN Faced On Its Latest Call,Trefis,2026-08-04,-0.077,1,strong_buy,0.92,"AMZN has strong momentum (+19.90% YTD, +17.00% 1W) with a P/E of 21.83 and a strong_buy consensus. Web search confirms AWS revenue surged 37% to $42.2B and capex raised to $220B, reinforcing AI demand [tradingpedia.com](https://www.tradingpedia.com/2026/08/03/amazon-boosts-ai-capex-as-aws-growth-accelerates/).",AWS revenue +37%; Capex raised to $220B; P/E 21.83; Strong buy consensus,,,,,
META,Meta Platforms,AI,hyperscalers,NASDAQ,587.94,-0.25%,-0.92%,-2.06%,-9.44%,-27%,1497.781,1.243,22.14,18.15,16729236,131571436,422865836,38.0,1.72,strong_buy,1.35,-0.25,99.75,-0.25,997.5,-2.5,9975.0,-25.0,-0.92,99.08,-0.92,990.8,-9.2,9908.0,-92.0,-2.06,97.94,-2.06,979.4,-20.6,9794.0,-206.0,-9.44,90.56,-9.44,905.6,-94.4,9056.0,-944.0,-27.0,73.0,-27.0,730.0,-270.0,7300.0,-2700.0,Tech stocks today: SpaceX and AMD post quarterly results; investors weren't impressed.,Yahoo Finance,2026-08-03,-0.372,Pinterest expects slower quarterly revenue growth as ad competition heats up,Reuters,2026-08-04,0.382,The Toughest Questions AMZN Faced On Its Latest Call,Trefis,2026-08-04,-0.077,,,,,,,,,,
IREN,Iris Energy,AI,ai-compute,NASDAQ,40.85,+1.20%,+20.39%,-6.97%,-4.33%,+124%*,14.599,4.302,53.05,49.93,38766420,292120920,1033477020,,27.09,buy,1.62,1.2,101.2,1.2,1012.0,12.0,10120.0,120.0,20.39,120.39,20.39,1203.9,203.9,12039.0,2039.0,-6.97,93.03,-6.97,930.3,-69.7,9303.0,-697.0,-4.33,95.67,-4.33,956.7,-43.3,9567.0,-433.0,124.0,224.0,124.0,2240.0,1240.0,22400.0,12400.0,IREN acquires Mirantis for $625M to boost AI software stack,Blockspace,2026-08-04,0.402,GE Vernova Set to Be Biggest Winner From AI Data Center’s Massive Power Shortfall,24/7 Wall St.,2026-08-04,0.586,"Zacks Investment Ideas feature highlights: Bloom Energy, SanDisk, Hive Digital, CleanSpark and IREN",Zacks,2026-08-04,0.273,,,,,,,,,,
CORZ,Core Scientific,AI,ai-compute,NASDAQ,22.81,-0.83%,+9.95%,+0.04%,+42.65%,+47%*,7.329,5.592,,13.74,11662219,105509419,280772119,,22.43,strong_buy,1.29,-0.83,99.17,-0.83,991.7,-8.3,9917.0,-83.0,9.95,109.95,9.95,1099.5,99.5,10995.0,995.0,0.04,100.04,0.04,1000.4,0.4,10004.0,4.0,42.65,142.65,42.65,1426.5,426.5,14265.0,4265.0,47.0,147.0,47.0,1470.0,470.0,14700.0,4700.0,GE Vernova Set to Be Biggest Winner From AI Data Center’s Massive Power Shortfall,24/7 Wall St.,2026-08-04,0.586,IonQ vs. Advanced Micro Devices: Comparing Revenue Trends Between a Quantum Computing Innovator and an Artificial Intelligence Giant,Motley Fool,2026-08-04,0.625,"WULF, CORZ, CLSK Stocks Get A Thumbs Up From B. Riley – MSTR Sees A Price Target Cut",Stocktwits,2026-08-03,-0.273,,,,,,,,,,
WULF,TeraWulf,AI,ai-compute,NASDAQ,18.88,-0.94%,+10.47%,-14.99%,+48.19%,+249%*,9.356,4.288,,31.86,25033940,186877240,835744340,,24.8,strong_buy,1.28,-0.94,99.06,-0.94,990.6,-9.4,9906.0,-94.0,10.47,110.47,10.47,1104.7,104.7,11047.0,1047.0,-14.99,85.01,-14.99,850.1,-149.9,8501.0,-1499.0,48.19,148.19,48.19,1481.9,481.9,14819.0,4819.0,249.0,349.0,249.0,3490.0,2490.0,34900.0,24900.0,Applied Digital Corp (APLD)’s 400% Revenue Surge — Breakout AI Infrastructure Play or Risky Bet?,Insider Monkey,2026-08-04,0.153,TeraWulf to Post Q2 Earnings: Is the Stock a Portfolio Must-Have?,Zacks,2026-08-04,0.0,AI Power Demands Spur Builders to Seek Billions in Bank Pledges,Bloomberg,2026-08-04,0.0,,,,,,,,,,
HUT,Hut 8 Mining,AI,ai-compute,NASDAQ,101.16,-12.49%,+0.02%,-2.52%,+97.31%,+431%,11.391,6.108,,4.75,6660665,27439165,96226065,,11.58,strong_buy,1.35,-12.49,87.51,-12.49,875.1,-124.9,8751.0,-1249.0,0.02,100.02,0.02,1000.2,0.2,10002.0,2.0,-2.52,97.48,-2.52,974.8,-25.2,9748.0,-252.0,97.31,197.31,97.31,1973.1,973.1,19731.0,9731.0,431.0,531.0,431.0,5310.0,4310.0,53100.0,43100.0,Hut 8 Corp (HUT) (Q2 2026) Earnings Call Highlights: $7. ...,GuruFocus.com,2026-08-04,0.0,Hut 8’s Stock Falls On Poor Financial Results,CryptoProwl,2026-08-04,-0.477,Hut 8 Q2 Earnings Call Highlights,MarketBeat,2026-08-04,0.0,10,strong_buy,0.765,"HUT has YTD +109.93%, strong_buy rating, and 1M +1.74% despite negative news sentiment (-0.2). AI compute demand and data centre expansion provide long-term upside.",YTD +109.93%; Strong buy consensus; AI compute demand; Data centre expansion,,,,,
SMCI,Super Micro Computer,AI,ai-compute,NASDAQ,31.69,+9.75%,+11.39%,+16.55%,+2.36%,-50%,20.499,1.967,16.68,55.55,52445555,190849655,943682155,,19.61,hold,2.84,9.75,109.75,9.75,1097.5,97.5,10975.0,975.0,11.39,111.39,11.39,1113.9,113.9,11139.0,1139.0,16.55,116.55,16.55,1165.5,165.5,11655.0,1655.0,2.36,102.36,2.36,1023.6,23.6,10236.0,236.0,-50.0,50.0,-50.0,500.0,-500.0,5000.0,-5000.0,Analyst Makes Bold Dell Call Ahead of Earnings,GuruFocus.com,2026-08-04,0.382,"Dell and Super Micro Rally 10%, Hewlett Packard Enterprise Climbs 6% as AI Server Stocks Surge",24/7 Wall St.,2026-08-04,0.599,"Down 50% in The Year, Is SMCI a Buy?",24/7 Wall St.,2026-08-04,0.0,,,,,,,,,,
DELL,Dell Technologies,AI,ai-compute,NYSE,467.27,+7.59%,+19.17%,+13.66%,+268.97%,+211%,301.923,1.401,37.17,8.94,7399596,29634596,146694196,62.0,4.33,buy,1.78,7.59,107.59,7.59,1075.9,75.9,10759.0,759.0,19.17,119.17,19.17,1191.7,191.7,11917.0,1917.0,13.66,113.66,13.66,1136.6,136.6,11366.0,1366.0,268.97,368.97,268.97,3689.7,2689.7,36897.0,26897.0,211.0,311.0,211.0,3110.0,2110.0,31100.0,21100.0,"Stock Market Today: Dow, S&P 500 Hit New Highs; SpaceX Jumps Ahead Of Q2 Report",Investor's Business Daily,2026-08-04,0.0,Analyst Makes Bold Dell Call Ahead of Earnings,GuruFocus.com,2026-08-04,0.382,Dell: Record Backlogs & Surging AI Server Demand,Zacks,2026-08-04,-0.128,,,,,,,,,,
COHR,Coherent Corp,AI,fibre-optical,NYSE,323.73,+10.31%,+33.04%,-3.57%,+66.59%,+149%,63.334,2.107,154.16,5.8,8938236,33218936,106974636,,5.21,buy,1.64,10.31,110.31,10.31,1103.1,103.1,11031.0,1031.0,33.04,133.04,33.04,1330.4,330.4,13304.0,3304.0,-3.57,96.43,-3.57,964.3,-35.7,9643.0,-357.0,66.59,166.59,66.59,1665.9,665.9,16659.0,6659.0,149.0,249.0,149.0,2490.0,1490.0,24900.0,14900.0,"Lumentum, Coherent Leads Networking Stocks Rally as Trump Considers Chinese Hardware Ban",GuruFocus.com,2026-08-04,-0.557,"SpaceX, Palantir, AMD, Marvell,  Caterpillar, Pfizer, and More Stocks That Explain Today’s Market",Barrons.com,2026-08-04,0.0,Marvell Surges as China Ban Report Reignites Optical-Networking Stocks,Barrons.com,2026-08-04,-0.557,,,,,,,,,,
LITE,Lumentum Holdings,AI,fibre-optical,NASDAQ,849.47,+7.53%,+30.30%,+16.17%,+120.01%,+560%,66.089,1.513,149.29,5.55,6620147,27378747,97244447,,12.5,buy,1.52,7.53,107.53,7.53,1075.3,75.3,10753.0,753.0,30.3,130.3,30.3,1303.0,303.0,13030.0,3030.0,16.17,116.17,16.17,1161.7,161.7,11617.0,1617.0,120.01,220.01,120.01,2200.1,1200.1,22001.0,12001.0,560.0,660.0,560.0,6600.0,5600.0,66000.0,56000.0,"Lumentum, Coherent Leads Networking Stocks Rally as Trump Considers Chinese Hardware Ban",GuruFocus.com,2026-08-04,-0.557,Marvell Surges as China Ban Report Reignites Optical-Networking Stocks,Barrons.com,2026-08-04,-0.557,Buy this stock ahead of Q2 earnings: Mizuho,Investing.com,2026-08-04,0.0,,,,,,,,,,
AAOI,Applied Optoelectronics,AI,fibre-optical,NASDAQ,131.63,+16.29%,+49.34%,+6.70%,+232.40%,+340%,10.562,3.787,,11.8,20335284,65284184,205840684,,12.86,buy,2.33,16.29,116.29,16.29,1162.9,162.9,11629.0,1629.0,49.34,149.34,49.34,1493.4,493.4,14934.0,4934.0,6.7,106.7,6.7,1067.0,67.0,10670.0,670.0,232.4,332.4,232.4,3324.0,2324.0,33240.0,23240.0,340.0,440.0,340.0,4400.0,3400.0,44000.0,34000.0,Marvell Surges as China Ban Report Reignites Optical-Networking Stocks,Barrons.com,2026-08-04,-0.557,"Should You Buy, Sell or Hold AAOI Stock Ahead of Q2 Earnings?",Zacks,2026-08-04,0.0,"Applied Optoelectronics Rockets 17%, Coherent Climbs 11%, Lumentum Gains 6% on Reported U.S. Ban of Chinese Optics",24/7 Wall St.,2026-08-04,-0.296,,,,,,,,,,
FN,Fabrinet,AI,fibre-optical,NYSE,531.03,+15.44%,+18.08%,+6.05%,+10.77%,+33%,19.026,1.222,45.66,1.0,1454330,4724630,18093130,,7.38,buy,1.78,15.44,115.44,15.44,1154.4,154.4,11544.0,1544.0,18.08,118.08,18.08,1180.8,180.8,11808.0,1808.0,6.05,106.05,6.05,1060.5,60.5,10605.0,605.0,10.77,110.77,10.77,1107.7,107.7,11077.0,1077.0,33.0,133.0,33.0,1330.0,330.0,13300.0,3300.0,Does Owning Celestica Really Diversify Your Portfolio?,Trefis,2026-07-28,0.0,AI Infrastructure Demand is Reshaping Coherent's Growth Story,Zacks,2026-07-28,0.273,"NVT Likely to Beat Q2 Earnings Estimates: Buy, Sell or Hold the Stock?",Zacks,2026-07-28,0.0,,,,,,,,,,
MTSI,MACOM Technology,AI,dsp-semi,NASDAQ,273.31,+5.32%,+9.66%,-16.58%,+56.21%,+83%,20.853,1.71,116.8,1.73,1859681,9056381,32998081,,3.01,buy,1.64,5.32,105.32,5.32,1053.2,53.2,10532.0,532.0,9.66,109.66,9.66,1096.6,96.6,10966.0,966.0,-16.58,83.42,-16.58,834.2,-165.8,8342.0,-1658.0,56.21,156.21,56.21,1562.1,562.1,15621.0,5621.0,83.0,183.0,83.0,1830.0,830.0,18300.0,8300.0,MACOM Technology to Report Q3 Earnings: What's in Store for the Stock?,Zacks,2026-08-03,0.0,MACOM Technology Solutions Holdings (MTSI) Following Its AI Infrastructure Narrative Is The Valuation Too Rich,Simply Wall St.,2026-07-31,0.649,1 Cash-Heavy Stock with Exciting Potential and 2 We Question,StockStory,2026-07-31,0.494,,,,,,,,,,
SMTC,Semtech,AI,dsp-semi,NASDAQ,129.16,+6.36%,+16.05%,-7.01%,+71.62%,+131%,12.032,2.345,,3.59,2338307,11387307,52584107,,8.14,strong_buy,1.36,6.36,106.36,6.36,1063.6,63.6,10636.0,636.0,16.05,116.05,16.05,1160.5,160.5,11605.0,1605.0,-7.01,92.99,-7.01,929.9,-70.1,9299.0,-701.0,71.62,171.62,71.62,1716.2,716.2,17162.0,7162.0,131.0,231.0,131.0,2310.0,1310.0,23100.0,13100.0,Monolithic Power (MPWR) Tops Q2 Earnings and Revenue Estimates,Zacks,2026-07-30,0.511,Is Semtech (SMTC) Undervalued As AI Data Center Growth Fuels Its Story?,Simply Wall St.,2026-07-26,0.382,Is Semtech (SMTC) Still Cheap Or Is Too Much Priced In?,Simply Wall St.,2026-07-26,0.0,,,,,,,,,,
CRDO,Credo Technology,AI,dsp-semi,NASDAQ,237.92,+7.63%,+23.74%,-10.40%,+66.12%,+88%,44.367,3.233,94.79,8.28,6606822,31680622,132578222,,3.62,strong_buy,1.32,7.63,107.63,7.63,1076.3,76.3,10763.0,763.0,23.74,123.74,23.74,1237.4,237.4,12374.0,2374.0,-10.4,89.6,-10.4,896.0,-104.0,8960.0,-1040.0,66.12,166.12,66.12,1661.2,661.2,16612.0,6612.0,88.0,188.0,88.0,1880.0,880.0,18800.0,8800.0,"Credo Technology Surges 52% YTD: Buy, Sell or Hold the Stock?",Zacks,2026-08-04,0.0,Nvidia Stock Retakes Key Level As Chip Stocks Waver,Investor's Business Daily,2026-08-03,0.0,"Credo Technology's Co-Founder and CTO Sold Nearly 30,000 Shares Worth $6.1 Million. What Does That Mean for Investors?",Motley Fool,2026-08-03,0.477,,,,,,,,,,
MXL,MaxLinear,AI,dsp-semi,NASDAQ,72.72,+7.03%,+23.38%,-24.00%,+292.87%,+342%,6.595,3.975,,4.5,2885523,16298323,88831623,,5.97,buy,1.82,7.03,107.03,7.03,1070.3,70.3,10703.0,703.0,23.38,123.38,23.38,1233.8,233.8,12338.0,2338.0,-24.0,76.0,-24.0,760.0,-240.0,7600.0,-2400.0,292.87,392.87,292.87,3928.7,2928.7,39287.0,29287.0,342.0,442.0,342.0,4420.0,3420.0,44200.0,34200.0,"The Zacks Analyst Blog Highlights MaxLinear, Marvell Technology and Broadcom",Zacks,2026-07-28,0.0,MaxLinear Rides on AI Infrastructure Momentum: More Upside Ahead?,Zacks,2026-07-27,0.0,MaxLinear (MXL) Returns To Profit As AI Data Center Demand Lifts Earnings,Simply Wall St.,2026-07-25,0.34,,,,,,,,,,
KEYS,Keysight Technologies,AI,test-equip,NYSE,341.24,+5.28%,+11.82%,+6.73%,+65.18%,+98%,58.316,1.21,54.95,1.6,1525888,5994088,27750888,,2.09,buy,1.67,5.28,105.28,5.28,1052.8,52.8,10528.0,528.0,11.82,111.82,11.82,1118.2,118.2,11182.0,1182.0,6.73,106.73,6.73,1067.3,67.3,10673.0,673.0,65.18,165.18,65.18,1651.8,651.8,16518.0,6518.0,98.0,198.0,98.0,1980.0,980.0,19800.0,9800.0,ADTRAN Q2 Earnings Beat Estimates on Healthy Revenue Growth,Zacks,2026-08-04,0.649,Fortive Raises 2026 Outlook as Core Growth and Cash Flow Accelerate,Zacks,2026-08-04,0.382,Is Fortive Stock a Buy as Growth Improves but Valuation Limits Upside?,Zacks,2026-08-04,0.402,,,,,,,,,,
VIAV,Viavi Solutions,AI,test-equip,NASDAQ,40.32,+6.11%,+14.87%,-4.95%,+122.15%,+272%,9.946,1.234,,6.98,6032538,32378438,105931638,,6.78,none,,6.11,106.11,6.11,1061.1,61.1,10611.0,611.0,14.87,114.87,14.87,1148.7,148.7,11487.0,1487.0,-4.95,95.05,-4.95,950.5,-49.5,9505.0,-495.0,122.15,222.15,122.15,2221.5,1221.5,22215.0,12215.0,272.0,372.0,272.0,3720.0,2720.0,37200.0,27200.0,1 Cash-Producing Stock with Promising Prospects and 2 That Underwhelm,StockStory,2026-07-31,0.599,Should You Add VIAV Stock to Your Portfolio Ahead of Q4 Earnings?,Zacks,2026-07-30,0.0,Why Is Viavi Solutions (VIAV) Stock Soaring Today,StockStory,2026-07-21,0.178,,,,,,,,,,
AXTI,AXT Inc,AI,materials,NASDAQ,65.27,-7.91%,+52.64%,+2.76%,+289.44%,+2848%,4.27,1.933,2175.67,9.67,23124189,96969889,232651689,,17.59,buy,1.6,-7.91,92.09,-7.91,920.9,-79.1,9209.0,-791.0,52.64,152.64,52.64,1526.4,526.4,15264.0,5264.0,2.76,102.76,2.76,1027.6,27.6,10276.0,276.0,289.44,389.44,289.44,3894.4,2894.4,38944.0,28944.0,2848.0,2948.0,2848.0,29480.0,28480.0,294800.0,284800.0,AXT (AXTI) Q2 2026 Earnings Call Transcript,Motley Fool,2026-08-04,0.0,AXT (AXTI) Turns Profitable As AI Demand Story Keeps Undervalued View Alive,Simply Wall St.,2026-07-31,0.612,AXT (AXTI) Is Down 11.3% After Major Indium Phosphide AI Deal And Q2 Earnings Beat,Simply Wall St.,2026-07-31,0.0,,,,,,,,,,
AMGN,Amgen,Biotech,large-cap,NASDAQ,390.02,+2.29%,-0.78%,+6.43%,+20.77%,+28%,210.498,0.413,27.16,2.69,3456595,14862895,53879795,262.0,2.38,buy,2.44,2.29,102.29,2.29,1022.9,22.9,10229.0,229.0,-0.78,99.22,-0.78,992.2,-7.8,9922.0,-78.0,6.43,106.43,6.43,1064.3,64.3,10643.0,643.0,20.77,120.77,20.77,1207.7,207.7,12077.0,2077.0,28.0,128.0,28.0,1280.0,280.0,12800.0,2800.0,"Amgen (NASDAQ:AMGN) Delivers Strong Q2 CY2026 Numbers, Guides for Strong Full-Year Sales",StockStory,2026-08-04,0.765,"Amgen Lifts Outlook on Strong Drug Sales, to End Early Development of Obesity Treatment",The Wall Street Journal,2026-08-04,0.511,"Amgen second-quarter sales rise 9%, profit tops Street view",Reuters,2026-08-04,0.735,8,buy,0.6,"AMGN has +19.26% YTD and a low beta of 0.403, with a 2.6% dividend yield and Q2 earnings expected on Aug 4; however, a recent data breach and hold consensus (an_score 2.44) temper confidence.",+19.26% YTD; dividend yield 2.6%; Q2 earnings catalyst; data breach risk,,,,,
GILD,Gilead Sciences,Biotech,large-cap,NASDAQ,135.25,+3.35%,+0.69%,+4.35%,+12.59%,+16%,167.922,0.336,18.43,7.61,10078462,38621662,149403262,250.0,2.04,buy,1.69,3.35,103.35,3.35,1033.5,33.5,10335.0,335.0,0.69,100.69,0.69,1006.9,6.9,10069.0,69.0,4.35,104.35,4.35,1043.5,43.5,10435.0,435.0,12.59,112.59,12.59,1125.9,125.9,11259.0,1259.0,16.0,116.0,16.0,1160.0,160.0,11600.0,1600.0,Gilead Sciences (NASDAQ:GILD) Beats Expectations in Strong Q2 CY2026,StockStory,2026-08-04,0.511,Gilead Sciences Swings to Loss on R&D Costs as HIV-Drug Sales Lift Revenue,The Wall Street Journal,2026-08-04,-0.318,Gilead Posts a Loss on Acquisitions but Revenue Tells a Bigger Story,Barrons.com,2026-08-04,-0.166,6,buy,0.7,"GILD is heading into Q2 earnings with +8.40% YTD, a low P/E of 17.74, a 2.52% dividend yield, and positive news sentiment of 0.158; analyst consensus is buy (an_score 1.69).",P/E 17.74; dividend yield 2.52%; analyst buy consensus; Q2 earnings catalyst,,,,,
REGN,Regeneron Pharmaceuticals,Biotech,large-cap,NASDAQ,760.66,+0.55%,+9.42%,+17.06%,-1.75%,+34%,78.314,0.188,18.82,1.02,739264,5222964,17290264,50.0,3.59,buy,1.81,0.55,100.55,0.55,1005.5,5.5,10055.0,55.0,9.42,109.42,9.42,1094.2,94.2,10942.0,942.0,17.06,117.06,17.06,1170.6,170.6,11706.0,1706.0,-1.75,98.25,-1.75,982.5,-17.5,9825.0,-175.0,34.0,134.0,34.0,1340.0,340.0,13400.0,3400.0,REGN Q2 Deep Dive: Pipeline Progress and Product Momentum Drive Outperformance,StockStory,2026-08-01,0.421,Is The Recent Pullback In Alnylam Stock An Opportunity Or A Trap?,Trefis,2026-07-31,0.128,AbbVie Earnings Beat Forecasts as Skyrizi Sales Soar 24%. Why the Stock Is Falling.,Barrons.com,2026-07-31,-0.153,2,strong_buy,0.82,"REGN Q2 revenue surged 17% to $4.29B with Dupixent sales reaching $6B (+38% YoY), driving a 1M +22.08% and 1W +16.25% rally; analyst consensus is buy with an_score 1.81.",Q2 revenue beat $4.29B; Dupixent +38% YoY; 1M +22.08%; earnings inflection,,,,,
VRTX,Vertex Pharmaceuticals,Biotech,large-cap,NASDAQ,478.7,+1.79%,-2.38%,-9.61%,+5.88%,+27%,121.498,,28.8,1.56,1927494,7095494,32495294,,2.22,buy,1.66,1.79,101.79,1.79,1017.9,17.9,10179.0,179.0,-2.38,97.62,-2.38,976.2,-23.8,9762.0,-238.0,-9.61,90.39,-9.61,903.9,-96.1,9039.0,-961.0,5.88,105.88,5.88,1058.8,58.8,10588.0,588.0,27.0,127.0,27.0,1270.0,270.0,12700.0,2700.0,How Vertex Regained Its Footing On A Competitor's Bullish Report,Investor's Business Daily,2026-08-04,0.0,"Vertex Pharmaceuticals Seen Well Positioned Ahead of Pipeline Catalysts, UBS Says",MT Newswires,2026-08-04,0.273,"Vertex Pharmaceuticals' Solid Q2, Raised Outlook Underscore Core Business Strength, RBC Says",MT Newswires,2026-08-04,0.586,,,,,,,,,,
BIIB,Biogen,Biotech,large-cap,NASDAQ,208.45,+3.30%,+1.38%,-0.00%,+17.23%,+53%,30.799,0.162,37.02,1.26,1148842,6444742,31491042,,4.53,buy,1.86,3.3,103.3,3.3,1033.0,33.0,10330.0,330.0,1.38,101.38,1.38,1013.8,13.8,10138.0,138.0,-0.0,100.0,0.0,1000.0,0.0,10000.0,0.0,17.23,117.23,17.23,1172.3,172.3,11723.0,1723.0,53.0,153.0,53.0,1530.0,530.0,15300.0,5300.0,Are These 5 Pharma Stocks Set to Surpass Q2 Earnings Forecasts?,Zacks,2026-08-03,0.0,4 Biotech Stocks Likely to Outpace Q2 Earnings Estimates,Zacks,2026-08-03,0.0,BIIB Q2 Deep Dive: Portfolio Expansion and Pipeline Readouts Drive Upbeat Outlook,StockStory,2026-08-01,0.0,,,,,,,,,,
BMY,Bristol-Myers Squibb,Biotech,large-cap,NYSE,65.89,+0.67%,+3.60%,+16.21%,+25.93%,+42%,134.594,0.225,14.51,11.85,17292074,93481274,270615374,385.0,2.2,hold,2.54,0.67,100.67,0.67,1006.7,6.7,10067.0,67.0,3.6,103.6,3.6,1036.0,36.0,10360.0,360.0,16.21,116.21,16.21,1162.1,162.1,11621.0,1621.0,25.93,125.93,25.93,1259.3,259.3,12593.0,2593.0,42.0,142.0,42.0,1420.0,420.0,14200.0,4200.0,AstraZeneca-BMY megadeal talk sparks huge market rift,TheStreet,2026-08-04,0.318,AstraZeneca Faces Fresh Pressure As $400B Bristol Myers Deal Talks Reportedly Persist,Stocktwits,2026-08-04,0.026,Pfizer Covid Pill Revenue Plunges 95%. The Stock Is Rising Anyway.,Barrons.com,2026-08-04,0.0,5,buy,0.72,"BMY has strong momentum with +24.82% YTD and +17.02% 1M, a low P/E of 14.39, and a 3.86% dividend yield, though news sentiment is slightly negative (-0.125) on M&A speculation.",+24.82% YTD; P/E 14.39; dividend yield 3.86%; M&A speculation,,,,,
AZN,AstraZeneca,Biotech,uk-listed,LSE,157.88,+2.09%,-9.27%,-16.74%,-13.62%,+13%,2.449,0.211,23.67,2.41,7299564,33126540,79411290,208.0,,buy,1.83,2.09,102.09,2.09,1020.9,20.9,10209.0,209.0,-9.27,90.73,-9.27,907.3,-92.7,9073.0,-927.0,-16.74,83.26,-16.74,832.6,-167.4,8326.0,-1674.0,-13.62,86.38,-13.62,863.8,-136.2,8638.0,-1362.0,13.0,113.0,13.0,1130.0,130.0,11300.0,1300.0,AstraZeneca-BMY megadeal talk sparks huge market rift,TheStreet,2026-08-04,0.318,AstraZeneca Faces Fresh Pressure As $400B Bristol Myers Deal Talks Reportedly Persist,Stocktwits,2026-08-04,0.026,SOPHiA GENETICS Q2 Earnings Call Highlights,MarketBeat,2026-08-04,0.0,,,,,,,,,,
GSK,GSK,Biotech,uk-listed,LSE,25.75,+0.26%,-5.64%,-3.45%,+4.55%,+38%,1.031,0.295,16.22,8.26,6264810,34321351,185090280,352.0,,hold,2.59,0.26,100.26,0.26,1002.6,2.6,10026.0,26.0,-5.64,94.36,-5.64,943.6,-56.4,9436.0,-564.0,-3.45,96.55,-3.45,965.5,-34.5,9655.0,-345.0,4.55,104.55,4.55,1045.5,45.5,10455.0,455.0,38.0,138.0,38.0,1380.0,380.0,13800.0,3800.0,GSK (LSE:GSK) Opens Cambridge Research Hub And Teams Up With Relation Therapeutics,Simply Wall St.,2026-08-01,0.0,"IONS Beats Q2 Earnings & Sales Estimates, Reiterates '26 Outlook",Zacks,2026-07-30,0.0,GSK PLC (GSK) (Q2 2026) Earnings Call Highlights: Strong Sales Growth and Accelerated Pipeline ...,GuruFocus.com,2026-07-30,0.71,10,buy,0.5,"GSK has +38% 1-year return and +5.48% YTD, a low P/E of 16.37, a 3.52% dividend yield, and opened a new Cambridge research hub, though analyst consensus is hold (an_score 2.59).",+38% 1-year return; P/E 16.37; dividend yield 3.52%; Cambridge research hub,,,,,
CRSP,CRISPR Therapeutics,Biotech,gene-editing,NASDAQ,53.07,+5.23%,+11.61%,-14.25%,-1.30%,-14%,5.226,,,1.72,2139988,7850588,36993488,,22.97,buy,2.0,5.23,105.23,5.23,1052.3,52.3,10523.0,523.0,11.61,111.61,11.61,1116.1,116.1,11161.0,1161.0,-14.25,85.75,-14.25,857.5,-142.5,8575.0,-1425.0,-1.3,98.7,-1.3,987.0,-13.0,9870.0,-130.0,-14.0,86.0,-14.0,860.0,-140.0,8600.0,-1400.0,"Crispr Therapeutics Posts ""Quiet"" Quarter as Casgevy Advances, SiRNA Data Readouts Near, RBC Says",MT Newswires,2026-08-04,0.0,"VRTX's Q2 Earnings Lag Estimates, Revenues Top, 2026 Sales View Raised",Zacks,2026-08-04,-0.153,CRISPR Therapeutics' Q2 Earnings & Revenues Surpass Estimates,Zacks,2026-08-04,0.0,,,,,,,,,,
BEAM,Beam Therapeutics,Biotech,gene-editing,NASDAQ,28.35,+8.12%,+7.84%,-19.73%,+4.46%,+36%,2.917,2.209,,2.26,2113489,7508089,50551289,,34.96,none,,8.12,108.12,8.12,1081.2,81.2,10812.0,812.0,7.84,107.84,7.84,1078.4,78.4,10784.0,784.0,-19.73,80.27,-19.73,802.7,-197.3,8027.0,-1973.0,4.46,104.46,4.46,1044.6,44.6,10446.0,446.0,36.0,136.0,36.0,1360.0,360.0,13600.0,3600.0,"Beam Therapeutics Inc. (BEAM) Reports Q2 Loss, Lags Revenue Estimates",Zacks,2026-08-04,-0.586,"Myriad Genetics (MYGN) Reports Q2 Loss, Misses Revenue Estimates",Zacks,2026-07-30,-0.494,Scribe’s Genetic Editing Aims to Prevent Heart Attacks,Barrons.com,2026-07-30,0.34,,,,,,,,,,
NTLA,Intellia Therapeutics,Biotech,gene-editing,NASDAQ,11.32,+4.81%,+3.95%,-36.55%,+22.91%,-8%,1.581,1.794,,5.66,4334440,16972040,92131140,,41.3,buy,2.37,4.81,104.81,4.81,1048.1,48.1,10481.0,481.0,3.95,103.95,3.95,1039.5,39.5,10395.0,395.0,-36.55,63.45,-36.55,634.5,-365.5,6345.0,-3655.0,22.91,122.91,22.91,1229.1,229.1,12291.0,2291.0,-8.0,92.0,-8.0,920.0,-80.0,9200.0,-800.0,3 Promising Genomics Stocks to Add to Your Portfolio in 2026,Zacks,2026-07-20,0.402,Intellia Therapeutics (NTLA) Could Be 37% Undervalued After Phase 3 Lonvo Z Success,Simply Wall St.,2026-07-09,0.572,"NTLA Surges 38% in a Month: Should You Buy, Sell or Hold the Stock?",Zacks,2026-07-09,0.0,,,,,,,,,,
EDIT,Editas Medicine,Biotech,gene-editing,NASDAQ,2.77,+4.92%,+5.73%,-24.11%,+35.12%,-1%*,0.425,2.063,,2.51,1543535,5861935,38760035,,14.49,buy,2.17,4.92,104.92,4.92,1049.2,49.2,10492.0,492.0,5.73,105.73,5.73,1057.3,57.3,10573.0,573.0,-24.11,75.89,-24.11,758.9,-241.1,7589.0,-2411.0,35.12,135.12,35.12,1351.2,351.2,13512.0,3512.0,-1.0,99.0,-1.0,990.0,-10.0,9900.0,-100.0,Why Is Editas (EDIT) Down 12.4% Since Last Earnings Report?,Zacks,2026-06-04,0.0,CRISPR Therapeutics vs. Editas Medicine: Which Gene Editing Stock Is a Better Buy in 2026?,Motley Fool,2026-05-31,0.44,"Some Analysts Just Cut Their Editas Medicine, Inc. (NASDAQ:EDIT) Estimates",Simply Wall St.,2026-05-11,-0.273,,,,,,,,,,
ILMN,Illumina,Biotech,genomics,NASDAQ,203.01,+2.17%,+5.20%,+4.47%,+51.11%,+110%,30.655,1.464,39.27,1.91,2954656,14123756,42415756,,9.46,buy,2.35,2.17,102.17,2.17,1021.7,21.7,10217.0,217.0,5.2,105.2,5.2,1052.0,52.0,10520.0,520.0,4.47,104.47,4.47,1044.7,44.7,10447.0,447.0,51.11,151.11,51.11,1511.1,511.1,15111.0,5111.0,110.0,210.0,110.0,2100.0,1100.0,21000.0,11000.0,Illumina (ILMN) Q2 2026 Earnings Call Transcript,Motley Fool,2026-08-04,0.0,3 Cash-Producing Stocks That Concern Us,StockStory,2026-08-03,0.0,"Illumina, Inc. (ILMN) Hits Fresh High: Is There Still Room to Run?",Zacks,2026-08-03,0.318,1,strong_buy,0.85,"ILMN is up 5.7% after raising 2026 revenue guidance to $4.60B-$4.64B on strong clinical sequencing demand and NovaSeq X adoption, with YTD +52.66% and 1M +11.53% momentum.",+52.66% YTD; raised 2026 revenue guidance; clinical sequencing momentum; 1M +11.53%,,,,,
PACB,Pacific Biosciences,Biotech,genomics,NASDAQ,1.44,+1.42%,+3.60%,-13.25%,-21.74%,-1%*,0.448,2.318,,6.28,6379791,23216791,126452291,,17.11,buy,2.0,1.42,101.42,1.42,1014.2,14.2,10142.0,142.0,3.6,103.6,3.6,1036.0,36.0,10360.0,360.0,-13.25,86.75,-13.25,867.5,-132.5,8675.0,-1325.0,-21.74,78.26,-21.74,782.6,-217.4,7826.0,-2174.0,-1.0,99.0,-1.0,990.0,-10.0,9900.0,-100.0,1 Russell 2000 Stock on Our Watchlist and 2 That Underwhelm,StockStory,2026-08-04,0.0,3 Russell 2000 Stocks That Fall Short,StockStory,2026-07-31,0.0,"Beta Bionics, Inc. (BBNX) Reports Q2 Loss, Tops Revenue Estimates",Zacks,2026-07-29,0.25,,,,,,,,,,
NTRA,Natera,Biotech,genomics,NASDAQ,275.19,+1.53%,+9.11%,-3.03%,+20.25%,+91%,39.411,1.514,,1.51,1879045,6475845,25169345,,3.57,strong_buy,1.5,1.53,101.53,1.53,1015.3,15.3,10153.0,153.0,9.11,109.11,9.11,1091.1,91.1,10911.0,911.0,-3.03,96.97,-3.03,969.7,-30.3,9697.0,-303.0,20.25,120.25,20.25,1202.5,202.5,12025.0,2025.0,91.0,191.0,91.0,1910.0,910.0,19100.0,9100.0,Stanley Druckenmiller Put 18% of His $3.4 Billion Portfolio in This One Stock. Is Natera a Buy?,Motley Fool,2026-08-04,0.0,"Buffett-Inspired ETF Owns Berkshire, Apple, Amex and Generates 15% Yield",Barrons.com,2026-08-03,0.0,"Natera (NTRA) Sets Earnings Date, Is The Stock Fully Priced?",Simply Wall St.,2026-08-01,0.0,,,,,,,,,,
RXRX,Recursion Pharmaceuticals,Biotech,genomics,NASDAQ,3.31,+3.76%,+8.52%,-16.41%,-21.19%,-46%*,1.756,1.054,,20.94,21400585,79815785,474027385,,36.1,none,,3.76,103.76,3.76,1037.6,37.6,10376.0,376.0,8.52,108.52,8.52,1085.2,85.2,10852.0,852.0,-16.41,83.59,-16.41,835.9,-164.1,8359.0,-1641.0,-21.19,78.81,-21.19,788.1,-211.9,7881.0,-2119.0,-46.0,54.0,-46.0,540.0,-460.0,5400.0,-4600.0,Recursion Pharmaceuticals (RXRX) Sees a More Significant Dip Than Broader Market: Some Facts to Know,Zacks,2026-07-29,0.272,Recursion Pharmaceuticals (RXRX) Exceeds Market Returns: Some Facts to Consider,Zacks,2026-07-27,0.0,Recursion Pharmaceuticals (RXRX) Falls More Steeply Than Broader Market: What Investors Need to Know,Zacks,2026-07-20,0.0,,,,,,,,,,
INCY,Incyte,Biotech,oncology,NASDAQ,120.6,+1.88%,-7.18%,+4.31%,+18.91%,+54%,24.446,0.769,15.36,1.85,1965220,10751820,41490720,,8.97,buy,2.33,1.88,101.88,1.88,1018.8,18.8,10188.0,188.0,-7.18,92.82,-7.18,928.2,-71.8,9282.0,-718.0,4.31,104.31,4.31,1043.1,43.1,10431.0,431.0,18.91,118.91,18.91,1189.1,189.1,11891.0,1891.0,54.0,154.0,54.0,1540.0,540.0,15400.0,5400.0,"Incyte (INCY) Won EU Approval For Opzelura, Has The Market Already Priced It In?",Simply Wall St.,2026-08-01,0.778,Incyte (INCY) Stock Trades Reasonable On Earnings While Returns Look Strong,Simply Wall St.,2026-08-01,0.511,European Opzelura Approval in Atopic Dermatitis Could Be A Game Changer For Incyte (INCY),Simply Wall St.,2026-08-01,0.477,4,buy,0.75,"INCY won EU approval for Opzelura, driving +17.85% YTD and +5.02% 1M, with a low P/E of 15.23 and very positive news sentiment of 0.636.",EU approval for Opzelura; P/E 15.23; news sentiment 0.636; +17.85% YTD,,,,,
EXEL,Exelixis,Biotech,oncology,NASDAQ,56.0,+1.71%,-0.90%,+0.85%,+28.50%,+42%,14.076,0.422,18.54,2.65,2674908,14371008,53651608,,16.72,buy,2.26,1.71,101.71,1.71,1017.1,17.1,10171.0,171.0,-0.9,99.1,-0.9,991.0,-9.0,9910.0,-90.0,0.85,100.85,0.85,1008.5,8.5,10085.0,85.0,28.5,128.5,28.5,1285.0,285.0,12850.0,2850.0,42.0,142.0,42.0,1420.0,420.0,14200.0,4200.0,Expand Energy Q2 Earnings Call Highlights,MarketBeat,2026-07-29,0.527,These 3 Healthcare Stocks Have Crushed the Market This Year. Here's Why There's More Upside Ahead,Motley Fool,2026-07-24,-0.421,EXEL vs. ILMN: Which Stock Is the Better Value Option?,Zacks,2026-07-24,0.649,7,buy,0.65,"EXEL has +21.68% YTD, a low P/E of 17.56, and positive news sentiment of 0.151, though recent 1W -4.23% and 1D -5.64% pullbacks offer a better entry point.",+21.68% YTD; P/E 17.56; positive news sentiment; pullback entry,,,,,
ALNY,Alnylam Pharmaceuticals,Biotech,oncology,NASDAQ,219.0,-0.60%,-24.07%,-30.04%,-45.27%,-51%,29.305,0.279,38.09,1.47,3035548,22041048,49674348,,5.75,buy,1.68,-0.6,99.4,-0.6,994.0,-6.0,9940.0,-60.0,-24.07,75.93,-24.07,759.3,-240.7,7593.0,-2407.0,-30.04,69.96,-30.04,699.6,-300.4,6996.0,-3004.0,-45.27,54.73,-45.27,547.3,-452.7,5473.0,-4527.0,-51.0,49.0,-51.0,490.0,-510.0,4900.0,-5100.0,Alnylam (ALNY) Q2 2026 Earnings Call Transcript,Motley Fool,2026-08-04,0.0,"Starbucks upgraded, eBay downgraded: Wall Street's top analyst calls",The Fly,2026-08-03,0.202,Is The Recent Pullback In Alnylam Stock An Opportunity Or A Trap?,Trefis,2026-07-31,0.128,,,,,,,,,,
RCUS,Arcus Biosciences,Biotech,oncology,NYSE,28.8,+4.27%,+6.47%,-3.94%,+23.66%,+195%*,3.623,0.811,,1.23,650686,4447886,21809486,,16.43,strong_buy,1.46,4.27,104.27,4.27,1042.7,42.7,10427.0,427.0,6.47,106.47,6.47,1064.7,64.7,10647.0,647.0,-3.94,96.06,-3.94,960.6,-39.4,9606.0,-394.0,23.66,123.66,23.66,1236.6,236.6,12366.0,2366.0,195.0,295.0,195.0,2950.0,1950.0,29500.0,19500.0,"SMMT's Q2 Loss Wider Than Expected, Ivonescimab Development in Focus",Zacks,2026-07-24,-0.318,Summit Therapeutics Inc (SMMT) Q2 2026 Earnings Call Highlights: Strong Cash Position and ...,GuruFocus.com,2026-07-24,0.511,SMMT Shares Updated Ivonescimab Survival Data From NSCLC Study,Zacks,2026-07-23,0.296,,,,,,,,,,
MRNA,Moderna,Biotech,mrna,NASDAQ,56.99,+2.70%,+2.12%,-30.33%,+84.67%,+100%,22.753,0.899,,7.66,3929148,25676948,132563848,,16.15,hold,2.91,2.7,102.7,2.7,1027.0,27.0,10270.0,270.0,2.12,102.12,2.12,1021.2,21.2,10212.0,212.0,-30.33,69.67,-30.33,696.7,-303.3,6967.0,-3033.0,84.67,184.67,84.67,1846.7,846.7,18467.0,8467.0,100.0,200.0,100.0,2000.0,1000.0,20000.0,10000.0,Prediction: These 2 Stocks Will Keep Winning No Matter What the Market Does,Motley Fool,2026-08-04,0.515,Moderna Stock Jumps on Hope for Breakthrough Ebola Vaccine—Key Word Being Hope,Barrons.com,2026-08-04,0.7,Merck Stock Rises as Wall Street Looks Past Earnings Guidance Cut to Oncology Strength,Barrons.com,2026-08-04,0.273,,,,,,,,,,
BNTX,BioNTech,Biotech,mrna,NASDAQ,91.35,-2.82%,-1.19%,-2.75%,-5.52%,-18%,23.101,1.278,,0.92,1976305,5928105,18505405,,3.32,buy,1.55,-2.82,97.18,-2.82,971.8,-28.2,9718.0,-282.0,-1.19,98.81,-1.19,988.1,-11.9,9881.0,-119.0,-2.75,97.25,-2.75,972.5,-27.5,9725.0,-275.0,-5.52,94.48,-5.52,944.8,-55.2,9448.0,-552.0,-18.0,82.0,-18.0,820.0,-180.0,8200.0,-1800.0,Sector Update: Healthcare Stocks Softer Late Afternoon,MT Newswires,2026-08-04,0.0,BioNTech SE (BNTX) (Q2 2026) Earnings Call Highlights: Strong Pipeline Progress Offsets Revenue ...,GuruFocus.com,2026-08-04,0.727,Pfizer Covid Pill Revenue Plunges 95%. The Stock Is Rising Anyway.,Barrons.com,2026-08-04,0.0,,,,,,,,,,
NVAX,Novavax,Biotech,mrna,NASDAQ,7.66,+2.82%,+3.93%,-18.07%,+7.43%,+9%*,1.26,2.416,,4.83,3172737,14408137,68298837,,26.82,none,,2.82,102.82,2.82,1028.2,28.2,10282.0,282.0,3.93,103.93,3.93,1039.3,39.3,10393.0,393.0,-18.07,81.93,-18.07,819.3,-180.7,8193.0,-1807.0,7.43,107.43,7.43,1074.3,74.3,10743.0,743.0,9.0,109.0,9.0,1090.0,90.0,10900.0,900.0,Novavax (NVAX) Stock Looks Stretched Even After a 97% Fall,Simply Wall St.,2026-08-04,0.0,NVAX Stock Rises Ahead Of Q2 Earnings As Focus Shifts To Licensing Deals,Stocktwits,2026-08-03,0.0,Novavax (NVAX) Stock Falls Amid Market Uptick: What Investors Need to Know,Zacks,2026-07-28,0.0,,,,,,,,,,
BMRN,BioMarin Pharmaceutical,Biotech,rare-disease,NASDAQ,60.72,+1.54%,-2.17%,+3.28%,+2.14%,-3%,11.736,0.227,43.68,2.08,1213585,8467085,34939385,,7.43,buy,1.72,1.54,101.54,1.54,1015.4,15.4,10154.0,154.0,-2.17,97.83,-2.17,978.3,-21.7,9783.0,-217.0,3.28,103.28,3.28,1032.8,32.8,10328.0,328.0,2.14,102.14,2.14,1021.4,21.4,10214.0,214.0,-3.0,97.0,-3.0,970.0,-30.0,9700.0,-300.0,1 Profitable Stock with Impressive Fundamentals and 2 We Turn Down,StockStory,2026-08-03,0.735,Acadia Pharmaceuticals (ACAD) Expected to Beat Earnings Estimates: Should You Buy?,Zacks,2026-07-28,0.0,BioMarin and n-Lorem partner on early research for ReNU syndrome therapy,Pharmaceutical Technology,2026-07-28,0.0,9,buy,0.55,"BMRN has modest YTD +0.96% but a 1M +3.80% uptick, a low beta of 0.239, and a buy analyst consensus (an_score 1.72), though P/E of 43.18 is elevated.",1M +3.80%; low beta 0.239; buy consensus; rare-disease pipeline,,,,,
SRPT,Sarepta Therapeutics,Biotech,rare-disease,NASDAQ,16.39,+3.73%,+6.22%,-14.55%,-23.09%,-11%,1.731,0.205,44.3,3.42,2847382,16130782,68448782,,32.35,hold,2.74,3.73,103.73,3.73,1037.3,37.3,10373.0,373.0,6.22,106.22,6.22,1062.2,62.2,10622.0,622.0,-14.55,85.45,-14.55,854.5,-145.5,8545.0,-1455.0,-23.09,76.91,-23.09,769.1,-230.9,7691.0,-2309.0,-11.0,89.0,-11.0,890.0,-110.0,8900.0,-1100.0,"Sarepta Therapeutics (SRPT) Names A New CEO, Is The Stock Cheap?",Simply Wall St.,2026-08-01,0.0,ANI Pharmaceuticals (ANIP) Reports Next Week: Wall Street Expects Earnings Growth,Zacks,2026-07-31,0.382,Earnings Preview: Sarepta Therapeutics (SRPT) Q2 Earnings Expected to Decline,Zacks,2026-07-29,0.0,,,,,,,,,,
COAG,Hemab Therapeutics,Biotech,rare-disease,NASDAQ,46.52,+3.38%,-1.57%,+55.22%,+36.82%,+40%,2.173,,,0.31,479507,2965207,9649807,,,none,,3.38,103.38,3.38,1033.8,33.8,10338.0,338.0,-1.57,98.43,-1.57,984.3,-15.7,9843.0,-157.0,55.22,155.22,55.22,1552.2,552.2,15522.0,5522.0,36.82,136.82,36.82,1368.2,368.2,13682.0,3682.0,40.0,140.0,40.0,1400.0,400.0,14000.0,4000.0,Biotech IPO Gains Crush AI Listings With Standout 55% Return,Bloomberg,2026-07-21,0.202,Sector Update: Healthcare Stocks Advance Late Afternoon,MT Newswires,2026-07-13,0.0,"Hemab Therapeutics Details Post-IPO Pipeline Push, Sutacimig Phase III Plans",MarketBeat,2026-06-09,0.0,3,strong_buy,0.78,"COAG has surged +39.85% YTD and +46.31% in the past month, with a strong_buy analyst consensus (an_score 1.0) and no debt, reflecting strong rare-disease pipeline momentum.",+39.85% YTD; +46.31% 1M; strong_buy consensus; rare-disease catalyst,,,,,
NVO,Novo Nordisk,Biotech,metabolic,NYSE,44.28,-6.11%,-13.11%,-10.11%,-12.38%,+0%,195.802,0.349,10.52,12.42,45688713,103654313,249494613,383.0,0.98,buy,2.43,-6.11,93.89,-6.11,938.9,-61.1,9389.0,-611.0,-13.11,86.89,-13.11,868.9,-131.1,8689.0,-1311.0,-10.11,89.89,-10.11,898.9,-101.1,8989.0,-1011.0,-12.38,87.62,-12.38,876.2,-123.8,8762.0,-1238.0,0.0,100.0,0.0,1000.0,0.0,10000.0,0.0,"Earnings live updates: SpaceX stock slides despite Starlink-driven revenue beat, Paramount stock slips",Yahoo Finance,2026-08-03,0.0,Novo Nordisk Stock Stumbles On A Key Miss As Its Battle With Eli Lilly Heats Up,Investor's Business Daily,2026-08-04,-0.494,NVO Stock Drops 6% Despite Raised Guidance As Investors Worry About Injectable GLP-1 Sales Future,Stocktwits,2026-08-04,-0.44,,,,,,,,,,
LLY,Eli Lilly,Biotech,metabolic,NYSE,1115.68,-0.64%,-8.60%,-7.03%,+3.62%,+50%,994.898,0.506,39.63,3.0,3135365,14152565,53111865,60.0,1.15,buy,1.71,-0.64,99.36,-0.64,993.6,-6.4,9936.0,-64.0,-8.6,91.4,-8.6,914.0,-86.0,9140.0,-860.0,-7.03,92.97,-7.03,929.7,-70.3,9297.0,-703.0,3.62,103.62,3.62,1036.2,36.2,10362.0,362.0,50.0,150.0,50.0,1500.0,500.0,15000.0,5000.0,"Earnings live updates: SpaceX stock slides despite Starlink-driven revenue beat, Paramount stock slips",Yahoo Finance,2026-08-03,0.0,"Dow Jones Futures: S&P 500 Jumps To High; SpaceX, AMD Lead Earnings Movers Late",Investor's Business Daily,2026-08-04,0.0,Novo Nordisk Stock Stumbles On A Key Miss As Its Battle With Eli Lilly Heats Up,Investor's Business Daily,2026-08-04,-0.494,,,,,,,,,,
LEGN,Legend Biotech,Biotech,neuroscience,NASDAQ,19.13,+1.11%,+0.47%,-31.78%,-11.06%,-52%,3.701,0.387,,2.83,2556939,13094839,57488739,,17.34,buy,1.87,1.11,101.11,1.11,1011.1,11.1,10111.0,111.0,0.47,100.47,0.47,1004.7,4.7,10047.0,47.0,-31.78,68.22,-31.78,682.2,-317.8,6822.0,-3178.0,-11.06,88.94,-11.06,889.4,-110.6,8894.0,-1106.0,-52.0,48.0,-52.0,480.0,-520.0,4800.0,-5200.0,Legend Biotech (LEGN) Stock May Be Cheap After CEO Resignation,Simply Wall St.,2026-07-29,-0.296,Legend Biotech (LEGN) CEO Exit Tests Management Stability Around Its CAR-T Multiple Myeloma Strategy,Simply Wall St.,2026-07-29,0.0,Legend Biotech (LEGN) Replaces CEO Ying Huang With Interim Chief Alan Bash,Simply Wall St.,2026-07-29,0.0,,,,,,,,,,
IONS,Ionis Pharmaceuticals,Biotech,neuroscience,NASDAQ,55.07,+2.49%,-0.42%,-33.79%,-30.88%,+20%,9.151,0.4,,2.78,2469441,14256741,98968341,,16.04,buy,1.74,2.49,102.49,2.49,1024.9,24.9,10249.0,249.0,-0.42,99.58,-0.42,995.8,-4.2,9958.0,-42.0,-33.79,66.21,-33.79,662.1,-337.9,6621.0,-3379.0,-30.88,69.12,-30.88,691.2,-308.8,6912.0,-3088.0,20.0,120.0,20.0,1200.0,200.0,12000.0,2000.0,Ionis Pharmaceuticals Director Hayden Buys $1.1 Million Shares. What Does This Mean for Investors?,Motley Fool,2026-08-03,0.296,Is The Recent Pullback In Alnylam Stock An Opportunity Or A Trap?,Trefis,2026-07-31,0.128,"IONS Beats Q2 Earnings & Sales Estimates, Reiterates '26 Outlook",Zacks,2026-07-30,0.0,,,,,,,,,,
BTC,Bitcoin,Crypto,bitcoin,Crypto,64170.582139,+0.89%,+0.34%,+1.96%,-26.68%,-27%,1287.636,,,23425.58,25488990097,163979048770,746083654205,,,,,0.89,100.89,0.89,1008.9,8.9,10089.0,89.0,0.34,100.34,0.34,1003.4,3.4,10034.0,34.0,1.96,101.96,1.96,1019.6,19.6,10196.0,196.0,-26.68,73.32,-26.68,733.2,-266.8,7332.0,-2668.0,-27.0,73.0,-27.0,730.0,-270.0,7300.0,-2700.0,"Bitcoin and ethereum prices today, Tuesday, August 4, 2026: Investors closely monitoring Clarity Act progress",Yahoo Personal Finance,2026-08-04,0.67,"Mysterious dormant wallet moves 500 BTC, raising questions about its timing",TheStreet,2026-08-04,0.0,Cipher Mining Inc. Q2 2026 Earnings Call Summary,Moby,2026-08-04,0.0,7,buy,0.55,"BTC is down 4.17% on the week but up 0.42% on the month, with a market cap of $1.26T. Despite the Coldcard hack and ETF outflows, its status as the reference asset and potential support at $60K make it a buy for long-term holders.",+0.42% 1M; Market cap $1.26T; Support at $60K; News sentiment -0.062,,,,,
ETH,Ethereum,Crypto,layer1,Crypto,1871.360775,+0.26%,-2.65%,+5.07%,-36.92%,-37%,225.84,,,7606.08,6905850665,53242526008,272774112973,,,,,0.26,100.26,0.26,1002.6,2.6,10026.0,26.0,-2.65,97.35,-2.65,973.5,-26.5,9735.0,-265.0,5.07,105.07,5.07,1050.7,50.7,10507.0,507.0,-36.92,63.08,-36.92,630.8,-369.2,6308.0,-3692.0,-37.0,63.0,-37.0,630.0,-370.0,6300.0,-3700.0,"Bitcoin and ethereum prices today, Tuesday, August 4, 2026: Investors closely monitoring Clarity Act progress",Yahoo Personal Finance,2026-08-04,0.67,Jim Cramer Is Selling His Bitcoin Over Quantum Threat—Crypto Twitter Is Thrilled,decrypt,2026-08-04,0.44,Here's 1 High-Upside Cryptocurrency That Investors Keep Underestimating,Motley Fool,2026-08-04,0.0,3,buy,0.65,"ETH is down 5.53% on the week but up 5.78% on the month, with positive news sentiment 0.234 and a headline about cryptocurrencies being cheap. Despite ETF outflows and macro headwinds, its strong monthly momentum and institutional interest support a buy.",+5.78% 1M; News sentiment 0.234; Institutional interest; Market cap $223.9B,,,,,
SOL,Solana,Crypto,layer1,Crypto,74.029895,+0.43%,-0.26%,-9.21%,-40.55%,-41%,43.034,,,1445.72,1401915389,10120037999,48541896927,,,,,0.43,100.43,0.43,1004.3,4.3,10043.0,43.0,-0.26,99.74,-0.26,997.4,-2.6,9974.0,-26.0,-9.21,90.79,-9.21,907.9,-92.1,9079.0,-921.0,-40.55,59.45,-40.55,594.5,-405.5,5945.0,-4055.0,-41.0,59.0,-41.0,590.0,-410.0,5900.0,-4100.0,Solana Proposal Would Increase Daily SOL Burns More Than 10-Fold,decrypt,2026-08-04,0.318,Solana Just Had a Disappointing Month. Is It Still a Buy?,Motley Fool,2026-08-04,-0.494,Solana Proposal Could Increase SOL Burns 14-Fold,Bankless,2026-08-04,0.318,,,,,,,,,,
BNB,BNB,Crypto,layer1,Crypto,593.3381,+0.60%,+3.89%,+0.85%,-31.26%,-31%,79.012,,,601.15,524439747,4208071804,16649806903,,,,,0.6,100.6,0.6,1006.0,6.0,10060.0,60.0,3.89,103.89,3.89,1038.9,38.9,10389.0,389.0,0.85,100.85,0.85,1008.5,8.5,10085.0,85.0,-31.26,68.74,-31.26,687.4,-312.6,6874.0,-3126.0,-31.0,69.0,-31.0,690.0,-310.0,6900.0,-3100.0,"Cardano Tops Weekly Crypto Gainer Charts as ADA Soars 11% Over 7 Days — Bitcoin, Dogecoin Left in the Dust",Benzinga,2026-08-03,0.511,Trump Family-Backed World Liberty Financial Token Lags Broader Crypto Rally After Billion-Dollar Crypto Income Disclosure,Benzinga,2026-08-01,0.226,BNB Chain Sues Ex-Employee Over A Tutorial Wallet That Became a Meme Coin,BeInCrypto,2026-08-01,0.0,1,strong_buy,0.75,"BNB is the only major in the green, up 1.32% on the week and +2.30% on the month, with positive news sentiment 0.154 and a headline about World Liberty Financial's billion-dollar crypto income. Its relative strength against a weak market and strong fundamentals make it the top pick.","+1.32% 1W, +2.30% 1M; Only major in green; News sentiment 0.154; Market cap $77.5B",,,,,
ADA,Cardano,Crypto,layer1,Crypto,0.194085,+0.49%,+20.99%,+2.24%,-41.66%,-42%,7.086,,,414.53,618582912,2901737330,9406972444,,,,,0.49,100.49,0.49,1004.9,4.9,10049.0,49.0,20.99,120.99,20.99,1209.9,209.9,12099.0,2099.0,2.24,102.24,2.24,1022.4,22.4,10224.0,224.0,-41.66,58.34,-41.66,583.4,-416.6,5834.0,-4166.0,-42.0,58.0,-42.0,580.0,-420.0,5800.0,-4200.0,"HYPE, ADA Outperform Bitcoin, Ethereum and XRP As Strait Of Hormuz Tensions Keep Crypto Markets On The Edge",Stocktwits,2026-08-04,-0.402,Top 3 Altcoins to Watch for the First Week of August 2026,BeInCrypto,2026-08-04,0.202,"Cardano Tops Weekly Crypto Gainer Charts as ADA Soars 11% Over 7 Days — Bitcoin, Dogecoin Left in the Dust",Benzinga,2026-08-03,0.511,2,strong_buy,0.7,"ADA surged 10.56% in the past week, the best among large caps, with +3.92% on the month, driven by the upcoming Cardano upgrade. Despite negative news sentiment -0.057, the momentum and upgrade catalyst support a strong buy.",+10.56% 1W; +3.92% 1M; Upgrade catalyst; Market cap $6.7B,,,,,
AVAX,Avalanche,Crypto,layer1,Crypto,6.69857,+2.01%,+1.27%,-3.22%,-45.58%,-46%,2.892,,,162.32,165563285,1136235074,4767317282,,,,,2.01,102.01,2.01,1020.1,20.1,10201.0,201.0,1.27,101.27,1.27,1012.7,12.7,10127.0,127.0,-3.22,96.78,-3.22,967.8,-32.2,9678.0,-322.0,-45.58,54.42,-45.58,544.2,-455.8,5442.0,-4558.0,-46.0,54.0,-46.0,540.0,-460.0,5400.0,-4600.0,,,,,,,,,,,,,,,,,,,,,,
XRP,XRP,Crypto,payments,Crypto,1.076303,-0.40%,+1.03%,-5.80%,-41.48%,-41%,67.305,,,998.79,1015375746,6991556303,30999106002,,,,,-0.4,99.6,-0.4,996.0,-4.0,9960.0,-40.0,1.03,101.03,1.03,1010.3,10.3,10103.0,103.0,-5.8,94.2,-5.8,942.0,-58.0,9420.0,-580.0,-41.48,58.52,-41.48,585.2,-414.8,5852.0,-4148.0,-41.0,59.0,-41.0,590.0,-410.0,5900.0,-4100.0,XRP holders can now borrow Ripple's stablecoin,TheStreet,2026-08-04,0.0,Can You Stake XRP (Ripple) and Earn Rewards?,24/7 Wall St.,2026-08-04,0.477,"HYPE, ADA Outperform Bitcoin, Ethereum and XRP As Strait Of Hormuz Tensions Keep Crypto Markets On The Edge",Stocktwits,2026-08-04,-0.402,,,,,,,,,,
XLM,Stellar,Crypto,payments,Crypto,0.169578,-1.46%,-2.55%,-16.06%,-15.48%,-15%,5.815,,,104.76,103921923,733326003,5362254230,,,,,-1.46,98.54,-1.46,985.4,-14.6,9854.0,-146.0,-2.55,97.45,-2.55,974.5,-25.5,9745.0,-255.0,-16.06,83.94,-16.06,839.4,-160.6,8394.0,-1606.0,-15.48,84.52,-15.48,845.2,-154.8,8452.0,-1548.0,-15.0,85.0,-15.0,850.0,-150.0,8500.0,-1500.0,,,,,,,,,,,,,,,,,,,,,,
TRX,TRON,Crypto,payments,Crypto,0.327273,-0.33%,+0.92%,-0.20%,+15.09%,+15%,31.056,,,348.99,370946713,2442928056,10699695484,,,,,-0.33,99.67,-0.33,996.7,-3.3,9967.0,-33.0,0.92,100.92,0.92,1009.2,9.2,10092.0,92.0,-0.2,99.8,-0.2,998.0,-2.0,9980.0,-20.0,15.09,115.09,15.09,1150.9,150.9,11509.0,1509.0,15.0,115.0,15.0,1150.0,150.0,11500.0,1500.0,TRON (TRX) New Accounts Jump 42.87% to One-Month High,BeInCrypto,2026-07-29,0.0,,,,,,,,,4,buy,0.6,"TRX is the only asset with positive YTD (+14.47%) and 1-year (+14%) returns, with new accounts jumping 42.87% to a one-month high. Its strong fundamentals and adoption growth make it a solid buy despite a slight weekly dip.",+14.47% YTD; +14% 1Y; New accounts +42.87%; Market cap $30.9B,,,,,
SUI,Sui,Crypto,emerging,Crypto,0.69463,+0.09%,+0.02%,-8.65%,-50.47%,-50%,2.83,,,133.28,115603523,932969796,3133045566,,,,,0.09,100.09,0.09,1000.9,0.9,10009.0,9.0,0.02,100.02,0.02,1000.2,0.2,10002.0,2.0,-8.65,91.35,-8.65,913.5,-86.5,9135.0,-865.0,-50.47,49.53,-50.47,495.3,-504.7,4953.0,-5047.0,-50.0,50.0,-50.0,500.0,-500.0,5000.0,-5000.0,,,,,,,,,,,,,,,,,,,,,,
HBAR,Hedera,Crypto,emerging,Crypto,0.069723,-1.67%,+1.91%,-7.75%,-34.34%,-34%,3.053,,,38.41,40713546,268865892,1476409753,,,,,-1.67,98.33,-1.67,983.3,-16.7,9833.0,-167.0,1.91,101.91,1.91,1019.1,19.1,10191.0,191.0,-7.75,92.25,-7.75,922.5,-77.5,9225.0,-775.0,-34.34,65.66,-34.34,656.6,-343.4,6566.0,-3434.0,-34.0,66.0,-34.0,660.0,-340.0,6600.0,-3400.0,,,,,,,,,,,,,,,,,,,,,,
ALGO,Algorand,Crypto,emerging,Crypto,0.090218,-0.85%,+13.27%,-0.41%,-18.12%,-18%,0.809,,,24.25,46260023,169768751,626322984,,,,,-0.85,99.15,-0.85,991.5,-8.5,9915.0,-85.0,13.27,113.27,13.27,1132.7,132.7,11327.0,1327.0,-0.41,99.59,-0.41,995.9,-4.1,9959.0,-41.0,-18.12,81.88,-18.12,818.8,-181.2,8188.0,-1812.0,-18.0,82.0,-18.0,820.0,-180.0,8200.0,-1800.0,Top 3 Altcoins to Watch for the First Week of August 2026,BeInCrypto,2026-08-04,0.202,,,,,,,,,9,buy,0.4,"ALGO is up 6.18% on the day and 1.25% on the week, showing strong short-term momentum despite a -4.17% monthly dip. Its low market cap of $0.76B offers high beta potential, and it was mentioned as sustaining gains in the latest news.",+6.18% 1D; +1.25% 1W; High beta; Market cap $0.76B,,,,,
MINA,Mina,Crypto,emerging,Crypto,0.040956,+0.11%,-5.29%,-15.34%,-45.79%,-46%,0.053,,,2.37,1801941,16577696,128189672,,,,,0.11,100.11,0.11,1001.1,1.1,10011.0,11.0,-5.29,94.71,-5.29,947.1,-52.9,9471.0,-529.0,-15.34,84.66,-15.34,846.6,-153.4,8466.0,-1534.0,-45.79,54.21,-45.79,542.1,-457.9,5421.0,-4579.0,-46.0,54.0,-46.0,540.0,-460.0,5400.0,-4600.0,,,,,,,,,,,,,,,,,,,,,,
POL,Polygon (MATIC),Crypto,infra,Crypto,0.074431,+1.99%,+2.43%,+0.66%,-25.89%,-26%,0.796,,,24.61,27232440,172245558,932484941,,,,,1.99,101.99,1.99,1019.9,19.9,10199.0,199.0,2.43,102.43,2.43,1024.3,24.3,10243.0,243.0,0.66,100.66,0.66,1006.6,6.6,10066.0,66.0,-25.89,74.11,-25.89,741.1,-258.9,7411.0,-2589.0,-26.0,74.0,-26.0,740.0,-260.0,7400.0,-2600.0,,,,,,,,,,,,,8,buy,0.45,"POL is up 0.76% on the day and nearly flat on the month (-0.01%), showing resilience in a weak market. With a market cap of $0.78B and no negative news, it offers a defensive play with potential for upside.",+0.76% 1D; Flat 1M; Market cap $0.78B; Defensive play,,,,,
DOT,Polkadot,Crypto,infra,Crypto,0.846346,+2.80%,+10.40%,-3.79%,-52.71%,-53%,1.436,,,82.4,93173384,576823544,2487551725,,,,,2.8,102.8,2.8,1028.0,28.0,10280.0,280.0,10.4,110.4,10.4,1104.0,104.0,11040.0,1040.0,-3.79,96.21,-3.79,962.1,-37.9,9621.0,-379.0,-52.71,47.29,-52.71,472.9,-527.1,4729.0,-5271.0,-53.0,47.0,-53.0,470.0,-530.0,4700.0,-5300.0,,,,,,,,,,,,,,,,,,,,,,
LINK,Chainlink,Crypto,infra,Crypto,8.193684,-0.33%,-2.44%,+2.13%,-32.80%,-33%,6.13,,,181.62,166428497,1271359001,5248715127,,,,,-0.33,99.67,-0.33,996.7,-3.3,9967.0,-33.0,-2.44,97.56,-2.44,975.6,-24.4,9756.0,-244.0,2.13,102.13,2.13,1021.3,21.3,10213.0,213.0,-32.8,67.2,-32.8,672.0,-328.0,6720.0,-3280.0,-33.0,67.0,-33.0,670.0,-330.0,6700.0,-3300.0,Here's 1 High-Upside Cryptocurrency That Investors Keep Underestimating,Motley Fool,2026-08-04,0.0,Ethereum Institutional Closes Ecosystem Funding Round With +100 Backers,Bankless,2026-07-29,0.0,,,,,5,buy,0.55,"LINK is up 4.44% on the month with a headline about Ethereum Institutional closing a funding round with 100+ backers, indicating strong ecosystem growth. Despite a -6.51% weekly dip, its monthly momentum and positive news support a buy.",+4.44% 1M; Ecosystem funding round; Market cap $6.2B; News sentiment 0.0,,,,,
DOGE,Dogecoin,Crypto,meme,Crypto,0.070225,-0.30%,-0.99%,-9.32%,-40.13%,-40%,10.91,,,451.89,441269319,3163238688,14708443020,,,,,-0.3,99.7,-0.3,997.0,-3.0,9970.0,-30.0,-0.99,99.01,-0.99,990.1,-9.9,9901.0,-99.0,-9.32,90.68,-9.32,906.8,-93.2,9068.0,-932.0,-40.13,59.87,-40.13,598.7,-401.3,5987.0,-4013.0,-40.0,60.0,-40.0,600.0,-400.0,6000.0,-4000.0,Dogecoin Price Retests the Zone That Triggered 900% DOGE Rally,FX Empire,2026-08-04,0.0,"Bitcoin, Dogecoin Gain; Ethereum, XRP Slide Amid Trump's Latest Warning to Iran: Analyst Says BTC 'Bottom' Not Yet Confirmed",Benzinga,2026-08-04,0.25,Kalshi Expands 15-Minute Markets Beyond Crypto With Gold and Silver,Barrons.com,2026-08-03,0.103,,,,,,,,,,
PEPE,Pepe,Crypto,meme,Crypto,3e-06,-0.42%,+3.76%,+7.76%,-27.58%,-28%,1.209,,,138.4,127749296,968796648,4460005858,,,,,-0.42,99.58,-0.42,995.8,-4.2,9958.0,-42.0,3.76,103.76,3.76,1037.6,37.6,10376.0,376.0,7.76,107.76,7.76,1077.6,77.6,10776.0,776.0,-27.58,72.42,-27.58,724.2,-275.8,7242.0,-2758.0,-28.0,72.0,-28.0,720.0,-280.0,7200.0,-2800.0,,,,,,,,,,,,,6,buy,0.5,"PEPE is up 2.87% on the month with positive news sentiment 0.202 and a headline about a trader turning $50K into nearly $1M, indicating strong memecoin social sentiment. Despite a weekly dip, its monthly momentum and meme appeal make it a buy.",+2.87% 1M; News sentiment 0.202; Memecoin social sentiment; Market cap $1.2B,,,,,
TAO,Bittensor,Crypto,ai,Crypto,196.432229,+1.97%,+1.30%,-8.24%,-10.17%,-10%,2.2,,,88.46,79189649,619247237,3278018697,,,,,1.97,101.97,1.97,1019.7,19.7,10197.0,197.0,1.3,101.3,1.3,1013.0,13.0,10130.0,130.0,-8.24,91.76,-8.24,917.6,-82.4,9176.0,-824.0,-10.17,89.83,-10.17,898.3,-101.7,8983.0,-1017.0,-10.0,90.0,-10.0,900.0,-100.0,9000.0,-1000.0,,,,,,,,,,,,,,,,,,,,,,
FET,ASI Alliance,Crypto,ai,Crypto,0.147121,+1.20%,+4.84%,-16.92%,-25.96%,-26%,0.328,,,47.06,40811430,329450108,1234157713,,,,,1.2,101.2,1.2,1012.0,12.0,10120.0,120.0,4.84,104.84,4.84,1048.4,48.4,10484.0,484.0,-16.92,83.08,-16.92,830.8,-169.2,8308.0,-1692.0,-25.96,74.04,-25.96,740.4,-259.6,7404.0,-2596.0,-26.0,74.0,-26.0,740.0,-260.0,7400.0,-2600.0,Beyond the Token Merger: Analyzing the ASI Alliance’s Decentralized AI Stack,Forkast News,2026-07-31,0.0,,,,,,,,,,,,,,,,,,
RNDR,Render,Crypto,ai,Crypto,1.354537,-0.69%,-4.84%,-15.61%,+5.48%,+5%,0.703,,,20.67,19717530,144662064,656167901,,,,,-0.69,99.31,-0.69,993.1,-6.9,9931.0,-69.0,-4.84,95.16,-4.84,951.6,-48.4,9516.0,-484.0,-15.61,84.39,-15.61,843.9,-156.1,8439.0,-1561.0,5.48,105.48,5.48,1054.8,54.8,10548.0,548.0,5.0,105.0,5.0,1050.0,50.0,10500.0,500.0,,,,,,,,,,,,,,,,,,,,,,
OCEAN,Ocean Protocol,Crypto,ai,Crypto,0.0,-4.12%,-7.50%,+447.72%,-100.00%,-100%,,,,0.03,15437,217649,966480,,,,,-4.12,95.88,-4.12,958.8,-41.2,9588.0,-412.0,-7.5,92.5,-7.5,925.0,-75.0,9250.0,-750.0,447.72,547.72,447.72,5477.2,4477.2,54772.0,44772.0,-100.0,0.0,-100.0,0.0,-1000.0,0.0,-10000.0,-100.0,0.0,-100.0,0.0,-1000.0,0.0,-10000.0,,,,,,,,,,,,,,,,,,,,,,
GRT,The Graph,Crypto,ai,Crypto,0.01472,-1.01%,-2.94%,-20.41%,-55.72%,-56%,0.161,,,10.71,12122354,74949252,334910026,,,,,-1.01,98.99,-1.01,989.9,-10.1,9899.0,-101.0,-2.94,97.06,-2.94,970.6,-29.4,9706.0,-294.0,-20.41,79.59,-20.41,795.9,-204.1,7959.0,-2041.0,-55.72,44.28,-55.72,442.8,-557.2,4428.0,-5572.0,-56.0,44.0,-56.0,440.0,-560.0,4400.0,-5600.0,,,,,,,,,,,,,,,,,,,,,,
AGIX,SingularityNET,Crypto,ai,Crypto,0.063531,+1.06%,+1.58%,-18.45%,-25.91%,-26%,,,,0.01,6963,46583,276516,,,,,1.06,101.06,1.06,1010.6,10.6,10106.0,106.0,1.58,101.58,1.58,1015.8,15.8,10158.0,158.0,-18.45,81.55,-18.45,815.5,-184.5,8155.0,-1845.0,-25.91,74.09,-25.91,740.9,-259.1,7409.0,-2591.0,-26.0,74.0,-26.0,740.0,-260.0,7400.0,-2600.0,Beyond the Token Merger: Analyzing the ASI Alliance’s Decentralized AI Stack,Forkast News,2026-07-31,0.0,,,,,,,,,,,,,,,,,,
NMR,Numeraire,Crypto,ai,Crypto,8.616715,+1.25%,+1.58%,-9.97%,-9.82%,-10%,0.065,,,4.62,4793600,32355362,127290891,,,,,1.25,101.25,1.25,1012.5,12.5,10125.0,125.0,1.58,101.58,1.58,1015.8,15.8,10158.0,158.0,-9.97,90.03,-9.97,900.3,-99.7,9003.0,-997.0,-9.82,90.18,-9.82,901.8,-98.2,9018.0,-982.0,-10.0,90.0,-10.0,900.0,-100.0,9000.0,-1000.0,,,,,,,,,,,,,,,,,,,,,,
ALT,AltLayer,Crypto,ai,Crypto,0.005702,-1.31%,-3.28%,-13.55%,-50.20%,-50%,0.039,,,3.2,3671642,22398539,101562841,,,,,-1.31,98.69,-1.31,986.9,-13.1,9869.0,-131.0,-3.28,96.72,-3.28,967.2,-32.8,9672.0,-328.0,-13.55,86.45,-13.55,864.5,-135.5,8645.0,-1355.0,-50.2,49.8,-50.2,498.0,-502.0,4980.0,-5020.0,-50.0,50.0,-50.0,500.0,-500.0,5000.0,-5000.0,,,,,,,,,,,,,,,,,,,,,,
AIOZ,AIOZ Network,Crypto,ai,Crypto,0.047388,+0.21%,-2.55%,-14.70%,-45.31%,-45%,0.06,,,2.73,2436795,19088250,95469622,,,,,0.21,100.21,0.21,1002.1,2.1,10021.0,21.0,-2.55,97.45,-2.55,974.5,-25.5,9745.0,-255.0,-14.7,85.3,-14.7,853.0,-147.0,8530.0,-1470.0,-45.31,54.69,-45.31,546.9,-453.1,5469.0,-4531.0,-45.0,55.0,-45.0,550.0,-450.0,5500.0,-4500.0,,,,,,,,,,,,,,,,,,,,,,
ARKM,Arkham,Crypto,ai,Crypto,0.095981,+1.68%,-4.41%,-20.07%,-45.60%,-46%,0.022,,,4.73,4334801,33095728,157417262,,,,,1.68,101.68,1.68,1016.8,16.8,10168.0,168.0,-4.41,95.59,-4.41,955.9,-44.1,9559.0,-441.0,-20.07,79.93,-20.07,799.3,-200.7,7993.0,-2007.0,-45.6,54.4,-45.6,544.0,-456.0,5440.0,-4560.0,-46.0,54.0,-46.0,540.0,-460.0,5400.0,-4600.0,,,,,,,,,,,,,,,,,,,,,,
WLD,Worldcoin,Crypto,ai,Crypto,0.321696,-0.32%,+0.28%,-22.28%,-33.12%,-33%,1.151,,,106.02,122011936,742167366,3787945381,,,,,-0.32,99.68,-0.32,996.8,-3.2,9968.0,-32.0,0.28,100.28,0.28,1002.8,2.8,10028.0,28.0,-22.28,77.72,-22.28,777.2,-222.8,7772.0,-2228.0,-33.12,66.88,-33.12,668.8,-331.2,6688.0,-3312.0,-33.0,67.0,-33.0,670.0,-330.0,6700.0,-3300.0,,,,,,,,,,,,,,,,,,,,,,
NEAR,NEAR Protocol,Crypto,ai,Crypto,1.729435,-1.06%,+4.28%,-14.66%,+14.35%,+14%,2.253,,,153.37,109412047,1073573634,4695022208,,,,,-1.06,98.94,-1.06,989.4,-10.6,9894.0,-106.0,4.28,104.28,4.28,1042.8,42.8,10428.0,428.0,-14.66,85.34,-14.66,853.4,-146.6,8534.0,-1466.0,14.35,114.35,14.35,1143.5,143.5,11435.0,1435.0,14.0,114.0,14.0,1140.0,140.0,11400.0,1400.0,,,,,,,,,,,,,,,,,,,,,,
ICP,Internet Computer,Crypto,ai,Crypto,2.10721,-0.55%,-0.94%,-4.06%,-25.67%,-26%,1.17,,,25.54,26662813,178765454,925715531,,,,,-0.55,99.45,-0.55,994.5,-5.5,9945.0,-55.0,-0.94,99.06,-0.94,990.6,-9.4,9906.0,-94.0,-4.06,95.94,-4.06,959.4,-40.6,9594.0,-406.0,-25.67,74.33,-25.67,743.3,-256.7,7433.0,-2567.0,-26.0,74.0,-26.0,740.0,-260.0,7400.0,-2600.0,,,,,,,,,,,,,,,,,,,,,,
KAITO,Kaito,Crypto,ai,Crypto,0.906775,-1.52%,-23.29%,+42.05%,+79.14%,+79%,0.219,,,71.96,62459847,503711108,1538724949,,,,,-1.52,98.48,-1.52,984.8,-15.2,9848.0,-152.0,-23.29,76.71,-23.29,767.1,-232.9,7671.0,-2329.0,42.05,142.05,42.05,1420.5,420.5,14205.0,4205.0,79.14,179.14,79.14,1791.4,791.4,17914.0,7914.0,79.0,179.0,79.0,1790.0,790.0,17900.0,7900.0,,,,,,,,,,,,,10,buy,0.592,"KAITO is up 85.08% YTD and 51.74% on the month, but down 19.50% on the week and 19.29% on the day, indicating high volatility. Despite the recent pullback, its strong YTD performance and small market cap of $0.23B make it a speculative buy.",+85.08% YTD; +51.74% 1M; High volatility; Market cap $0.23B,,,,,
VIRTUAL,Virtuals Protocol,Crypto,ai,Crypto,0.555228,-1.81%,-2.97%,-2.34%,-14.10%,-14%,0.365,,,32.59,30806194,228163061,1538030299,,,,,-1.81,98.19,-1.81,981.9,-18.1,9819.0,-181.0,-2.97,97.03,-2.97,970.3,-29.7,9703.0,-297.0,-2.34,97.66,-2.34,976.6,-23.4,9766.0,-234.0,-14.1,85.9,-14.1,859.0,-141.0,8590.0,-1410.0,-14.0,86.0,-14.0,860.0,-140.0,8600.0,-1400.0,,,,,,,,,,,,,,,,,,,,,,
LMT,Lockheed Martin,Defence,us-primes,NYSE,589.33,+0.39%,+1.38%,+9.54%,+19.97%,+36%,136.011,0.11,21.71,1.3,1180421,6955121,26413421,237.0,1.62,hold,2.52,0.39,100.39,0.39,1003.9,3.9,10039.0,39.0,1.38,101.38,1.38,1013.8,13.8,10138.0,138.0,9.54,109.54,9.54,1095.4,95.4,10954.0,954.0,19.97,119.97,19.97,1199.7,199.7,11997.0,1997.0,36.0,136.0,36.0,1360.0,360.0,13600.0,3600.0,"FCX Flashes Buy Signal; This Is Fueling Copper, Rare Earth Stocks",Investor's Business Daily,2026-08-04,0.0,LMT Reportedly In Talks For Crucial Minerals Supply From US Mines Amid Trump’s Stance Of Reducing Dependence On China,Stocktwits,2026-08-04,0.0,Lockheed Martin is Down 8% in 6 Months: Wall Street Pro Expects 30% Growth Within a Year,24/7 Wall St.,2026-08-04,0.382,1,strong_buy,0.9,"YTD +18.62%, PE 21.5, record backlog $230B and raised FY2026 guidance after Q2 sales of $20.1B (+11% YoY) and a $35B THAAD contract [lockheedmartin.com](https://news.lockheedmartin.com/2026-07-23-Lockheed-Martin-Reports-Second-Quarter-2026-Financial-Results) [spokesman.com](https://www.spokesman.com/stories/2026/jul/23/lockheed-martin-rtx-lift-2026-forecasts-as-pentago/).",YTD +18.62%; PE 21.5; record $230B backlog; raised guidance,,,,,
RTX,RTX Corporation,Defence,us-primes,NYSE,217.93,+0.47%,-0.30%,+8.22%,+17.26%,+38%,293.717,0.294,38.37,5.46,6379610,27086710,113432110,136.0,1.27,buy,1.87,0.47,100.47,0.47,1004.7,4.7,10047.0,47.0,-0.3,99.7,-0.3,997.0,-3.0,9970.0,-30.0,8.22,108.22,8.22,1082.2,82.2,10822.0,822.0,17.26,117.26,17.26,1172.6,172.6,11726.0,1726.0,38.0,138.0,38.0,1380.0,380.0,13800.0,3800.0,Lockheed Martin is Down 8% in 6 Months: Wall Street Pro Expects 30% Growth Within a Year,24/7 Wall St.,2026-08-04,0.382,Boeing's Finished Flight Test Counts Most For A Different Jet,Trefis,2026-08-04,0.0,"Lockheed, Northrop Team Up To Rebuild Weapon Stockpile",Investor's Business Daily,2026-08-04,-0.296,2,strong_buy,0.9,"YTD +15.8%, 1M +12.22%, PE 37.89, raised FY2026 adjusted sales and EPS guidance after Q2 organic sales growth of 16% and backlog of $289B [rtx.com](https://www.rtx.com/news/news-center/2026/07/23/rtx-reports-q2-2026-results) [spokesman.com](https://www.spokesman.com/stories/2026/jul/23/lockheed-martin-rtx-lift-2026-forecasts-as-pentago/).",YTD +15.8%; 1M +12.22%; raised guidance; backlog $289B,,,,,
NOC,Northrop Grumman,Defence,us-primes,NYSE,551.55,+0.57%,+0.42%,+0.69%,-5.11%,-8%,78.355,-0.108,17.52,0.98,607633,3668233,20085333,173.0,1.64,buy,1.96,0.57,100.57,0.57,1005.7,5.7,10057.0,57.0,0.42,100.42,0.42,1004.2,4.2,10042.0,42.0,0.69,100.69,0.69,1006.9,6.9,10069.0,69.0,-5.11,94.89,-5.11,948.9,-51.1,9489.0,-511.0,-8.0,92.0,-8.0,920.0,-80.0,9200.0,-800.0,Lockheed Martin is Down 8% in 6 Months: Wall Street Pro Expects 30% Growth Within a Year,24/7 Wall St.,2026-08-04,0.382,Boeing's Finished Flight Test Counts Most For A Different Jet,Trefis,2026-08-04,0.0,"Lockheed, Northrop Team Up To Rebuild Weapon Stockpile",Investor's Business Daily,2026-08-04,-0.296,,,,,,,,,,
GD,General Dynamics,Defence,us-primes,NYSE,385.76,+1.33%,-1.89%,+2.36%,+13.82%,+22%,104.371,0.328,23.51,1.24,816640,6395540,25601940,166.0,1.2,buy,2.12,1.33,101.33,1.33,1013.3,13.3,10133.0,133.0,-1.89,98.11,-1.89,981.1,-18.9,9811.0,-189.0,2.36,102.36,2.36,1023.6,23.6,10236.0,236.0,13.82,113.82,13.82,1138.2,138.2,11382.0,1382.0,22.0,122.0,22.0,1220.0,220.0,12200.0,2200.0,Lockheed Martin is Down 8% in 6 Months: Wall Street Pro Expects 30% Growth Within a Year,24/7 Wall St.,2026-08-04,0.382,Boeing's Finished Flight Test Counts Most For A Different Jet,Trefis,2026-08-04,0.0,"This ETF, The IBD Stock Of The Day, Breaks Out As Cybersecurity Stocks Rebound",Investor's Business Daily,2026-08-03,0.0,,,,,,,,,,
HII,Huntington Ingalls Industries,Defence,us-primes,NYSE,323.06,-1.92%,+7.72%,+9.85%,-6.94%,+20%,12.73,0.241,19.24,0.56,469093,4149893,11738693,169.0,2.97,buy,2.08,-1.92,98.08,-1.92,980.8,-19.2,9808.0,-192.0,7.72,107.72,7.72,1077.2,77.2,10772.0,772.0,9.85,109.85,9.85,1098.5,98.5,10985.0,985.0,-6.94,93.06,-6.94,930.6,-69.4,9306.0,-694.0,20.0,120.0,20.0,1200.0,200.0,12000.0,2000.0,Huntington Ingalls (HII) Q2 2026 Earnings Call Transcript,Motley Fool,2026-08-04,0.0,Why Huntington Ingalls Industries Stock Is Heading Higher,Motley Fool,2026-08-02,0.0,Huntington Ingalls Industries (HII) Stock Could Be 33% Undervalued Following New Submarine Contracts,Simply Wall St.,2026-08-02,0.0,3,strong_buy,0.85,"1M +17.02%, 1W +13.51%, PE 19.45, Q2 earnings beat ($5.27 vs $3.82 est.) and raised shipbuilding revenue guidance to ~$10.3B [fool.com](https://www.fool.com/investing/2026/08/02/why-huntington-ingalls-industries-stock-is-up/).",1M +17.02%; 1W +13.51%; PE 19.45; earnings beat,,,,,
LHX,L3Harris Technologies,Defence,us-primes,NYSE,285.3,+2.11%,-6.52%,-5.30%,-5.59%,+0%,53.127,0.746,28.85,1.41,1203542,12390142,32413142,180.0,1.9,buy,1.61,2.11,102.11,2.11,1021.1,21.1,10211.0,211.0,-6.52,93.48,-6.52,934.8,-65.2,9348.0,-652.0,-5.3,94.7,-5.3,947.0,-53.0,9470.0,-530.0,-5.59,94.41,-5.59,944.1,-55.9,9441.0,-559.0,0.0,100.0,0.0,1000.0,0.0,10000.0,0.0,Intuitive Machines (LUNR) Is Up 5.9% After Winning 18 SDA IM‑300 Defense Spacecraft Orders,Simply Wall St.,2026-08-04,0.599,Intuitive Machines Expands Defense Footprint With Missile Tracking Deal – Retail Eyes 50% Upside For LUNR Stock Due To ‘Big News’,Stocktwits,2026-08-04,0.226,"Rocket Lab Stock's Deepest Falls Have Come From Rates, Not Rockets",Trefis,2026-08-04,0.0,,,,,,,,,,
BA,Boeing,Defence,us-primes,NYSE,237.16,+1.50%,+7.04%,+1.12%,+4.12%,-4%,187.308,1.221,85.31,6.45,6467108,39474308,131433908,,0.02,buy,1.61,1.5,101.5,1.5,1015.0,15.0,10150.0,150.0,7.04,107.04,7.04,1070.4,70.4,10704.0,704.0,1.12,101.12,1.12,1011.2,11.2,10112.0,112.0,4.12,104.12,4.12,1041.2,41.2,10412.0,412.0,-4.0,96.0,-4.0,960.0,-40.0,9600.0,-400.0,Albany International Q2 Earnings Call Highlights,MarketBeat,2026-08-04,0.0,The $280 Million Reason Boeing Missed—and Why Wall Street Shrugged It Off,Insider Monkey,2026-08-04,0.0,Boeing's 737 MAX 7 Was Supposed to Be Flying in 2019. The FAA Certified It Monday.,Motley Fool,2026-08-04,0.0,,,,,,,,,,
BA.L,BAE Systems,Defence,uk-european,LSE,29.37,+1.91%,+7.85%,+7.85%,+24.53%,+14%,0.861,-0.052,31.2,6.39,4842473,30631720,138146211,176.0,,buy,2.17,1.91,101.91,1.91,1019.1,19.1,10191.0,191.0,7.85,107.85,7.85,1078.5,78.5,10785.0,785.0,7.85,107.85,7.85,1078.5,78.5,10785.0,785.0,24.53,124.53,24.53,1245.3,245.3,12453.0,2453.0,14.0,114.0,14.0,1140.0,140.0,11400.0,1400.0,‘All-British’ fighter jet to use American engine after BAE and Rolls-Royce clash,The Telegraph,2026-08-02,0.153,FTSE 100 reaches new heights in spite of ongoing Iran war,PA Media: Money,2026-07-30,-0.796,BAE warns Germany time is running out to join UK fighter jet programme,The Telegraph,2026-07-30,0.34,6,buy,0.75,"YTD +19.4%, 1M +13.56%, PE 29.91, buy rating (score 2.17), UK defence momentum with 'all-British' fighter jet programme.",YTD +19.4%; 1M +13.56%; PE 29.91; buy rating,,,,,
RR.L,Rolls-Royce Holdings,Defence,uk-european,LSE,20.57,+1.50%,+7.75%,+1.69%,+27.78%,+37%,1.7,1.19,42.48,26.41,31356802,165505926,493928447,80.0,,buy,1.6,1.5,101.5,1.5,1015.0,15.0,10150.0,150.0,7.75,107.75,7.75,1077.5,77.5,10775.0,775.0,1.69,101.69,1.69,1016.9,16.9,10169.0,169.0,27.78,127.78,27.78,1277.8,277.8,12778.0,2778.0,37.0,137.0,37.0,1370.0,370.0,13700.0,3700.0,Are Aerospace Stocks Lagging  ATI INC (ATI) This Year?,Zacks,2026-08-03,-0.273,‘All-British’ fighter jet to use American engine after BAE and Rolls-Royce clash,The Telegraph,2026-08-02,0.153,"Boeing’s $21 billion B-52 upgrade faces cost overruns, delays, GAO says",Investing.com,2026-07-31,0.0,,,,,,,,,,
QQ.L,QinetiQ Group,Defence,uk-european,LSE,7.3,+3.93%,+8.18%,+12.38%,+22.10%,+1%,0.038,0.343,27.12,2.2,3782020,10867845,40429311,211.0,,buy,1.75,3.93,103.93,3.93,1039.3,39.3,10393.0,393.0,8.18,108.18,8.18,1081.8,81.8,10818.0,818.0,12.38,112.38,12.38,1123.8,123.8,11238.0,1238.0,22.1,122.1,22.1,1221.0,221.0,12210.0,2210.0,1.0,101.0,1.0,1010.0,10.0,10100.0,100.0,3 UK Penny Stocks With Market Caps Over £300M To Consider,Simply Wall St.,2026-06-11,0.0,UK Growth Stocks With Insider Ownership Up To 20%,Simply Wall St.,2026-06-11,0.382,UK Stocks That May Be Trading Below Fair Value In June 2026,Simply Wall St.,2026-06-02,0.572,7,buy,0.7,"1M +19.81%, YTD +13.89%, PE 25.3, news sentiment 0.296, small-cap UK defence penny stock with strong momentum.",1M +19.81%; YTD +13.89%; PE 25.3; news sentiment 0.296,,,,,
PLTR,Palantir Technologies,Defence,cyber-intel,NASDAQ,162.66,+12.63%,+31.68%,+22.73%,-3.10%,-29%,389.946,,180.73,40.86,172005673,333383173,930553473,,3.64,buy,1.88,12.63,112.63,12.63,1126.3,126.3,11263.0,1263.0,31.68,131.68,31.68,1316.8,316.8,13168.0,3168.0,22.73,122.73,22.73,1227.3,227.3,12273.0,2273.0,-3.1,96.9,-3.1,969.0,-31.0,9690.0,-310.0,-29.0,71.0,-29.0,710.0,-290.0,7100.0,-2900.0,"Earnings live updates: SpaceX stock slides despite Starlink-driven revenue beat, Paramount stock slips",Yahoo Finance,2026-08-03,0.0,'Several steps ahead': Why Palantir stock is surging,Yahoo Finance,2026-08-04,0.0,Why Palantir stock is ripping higher after earnings: AlphaSpace stat of the morning,Yahoo Finance,2026-08-04,0.0,,,,,,,,,,
LDOS,Leidos Holdings,Defence,cyber-intel,NYSE,130.6,+9.40%,+10.34%,+20.13%,-28.39%,-33%,16.428,0.546,11.94,1.62,2821671,8416071,32126071,149.0,5.84,buy,2.35,9.4,109.4,9.4,1094.0,94.0,10940.0,940.0,10.34,110.34,10.34,1103.4,103.4,11034.0,1034.0,20.13,120.13,20.13,1201.3,201.3,12013.0,2013.0,-28.39,71.61,-28.39,716.1,-283.9,7161.0,-2839.0,-33.0,67.0,-33.0,670.0,-330.0,6700.0,-3300.0,Leidos Holdings Inc (LDOS) (Q2 2026) Earnings Call Highlights: Record Revenue and Raised ...,GuruFocus.com,2026-08-04,0.0,Is Leidos Holdings (LDOS) Cheap Following Its Earnings Beat And Higher Guidance?,Simply Wall St.,2026-08-04,0.0,"Leidos' Q2 Earnings Surpass Estimates, Revenues Improve Y/Y",Zacks,2026-08-04,0.44,9,buy,0.6,"1M +12.16%, PE 10.57 (very cheap), news sentiment 0.214, Leidos partnership with CoreWeave, though YTD -36.61% remains a risk.",1M +12.16%; PE 10.57; Leidos partnership; news sentiment 0.214,,,,,
CACI,CACI International,Defence,cyber-intel,NYSE,524.19,+3.79%,+2.77%,+3.75%,-2.46%,+6%,11.58,0.541,21.66,0.29,141447,1063247,5758547,,7.41,buy,1.56,3.79,103.79,3.79,1037.9,37.9,10379.0,379.0,2.77,102.77,2.77,1027.7,27.7,10277.0,277.0,3.75,103.75,3.75,1037.5,37.5,10375.0,375.0,-2.46,97.54,-2.46,975.4,-24.6,9754.0,-246.0,6.0,106.0,6.0,1060.0,60.0,10600.0,600.0,,,,,,,,,,,,,8,buy,0.7,"1D +3.48%, analyst score 1.56 (buy), PE 20.53, SkyValor contract win suggests 24% undervaluation.",1D +3.48%; analyst score 1.56; PE 20.53; SkyValor contract,,,,,
SAIC,Science Applications International,Defence,cyber-intel,NYSE,120.37,+0.21%,-1.00%,+5.28%,+20.17%,+2%,5.089,0.286,13.54,0.56,473552,2189152,9425652,126.0,7.86,none,,0.21,100.21,0.21,1002.1,2.1,10021.0,21.0,-1.0,99.0,-1.0,990.0,-10.0,9900.0,-100.0,5.28,105.28,5.28,1052.8,52.8,10528.0,528.0,20.17,120.17,20.17,1201.7,201.7,12017.0,2017.0,2.0,102.0,2.0,1020.0,20.0,10200.0,200.0,3 Unpopular Stocks We Approach with Caution,StockStory,2026-08-03,0.0,Is BAH Stock a Buy Now as Low Valuation Meets Uneven Revenue Growth?,Zacks,2026-08-03,0.128,Science Applications International (SAIC) Stock Still Looks Cheap As Navy Radar Order Lands,Simply Wall St.,2026-07-31,0.0,5,buy,0.8,"YTD +16.93%, PE 13.19 (cheap), news sentiment 0.148, Navy radar order win supports backlog growth.",YTD +16.93%; PE 13.19; Navy radar order; positive news,,,,,
BAH,Booz Allen Hamilton,Defence,cyber-intel,NYSE,73.59,+3.56%,+0.55%,+18.10%,-11.99%,-37%,8.852,0.354,11.55,2.31,1520831,10038431,51371231,338.0,8.56,hold,2.86,3.56,103.56,3.56,1035.6,35.6,10356.0,356.0,0.55,100.55,0.55,1005.5,5.5,10055.0,55.0,18.1,118.1,18.1,1181.0,181.0,11810.0,1810.0,-11.99,88.01,-11.99,880.1,-119.9,8801.0,-1199.0,-37.0,63.0,-37.0,630.0,-370.0,6300.0,-3700.0,The Hidden Turbulence Priced Into Accenture Stock,Trefis,2026-08-04,0.0,Is BAH Stock a Buy Now as Low Valuation Meets Uneven Revenue Growth?,Zacks,2026-08-03,0.128,BAH Stock Jumps 11.9% in a Month as Investors Weigh What Comes Next,Zacks,2026-08-03,0.0,10,buy,0.5,"1M +16.18%, PE 10.95 (cheap), but YTD -16.62% and hold rating (2.86) with high short interest 8.59% limit conviction.",1M +16.18%; PE 10.95; YTD -16.62%; hold rating,,,,,
AVAV,AeroVironment,Defence,drones,NASDAQ,169.02,+6.17%,+8.10%,-4.42%,-34.03%,-44%,8.554,1.412,,1.65,1841440,5991240,33271040,,10.06,buy,1.6,6.17,106.17,6.17,1061.7,61.7,10617.0,617.0,8.1,108.1,8.1,1081.0,81.0,10810.0,810.0,-4.42,95.58,-4.42,955.8,-44.2,9558.0,-442.0,-34.03,65.97,-34.03,659.7,-340.3,6597.0,-3403.0,-44.0,56.0,-44.0,560.0,-440.0,5600.0,-4400.0,Amprius Technologies Set to Report Q2 Earnings: What's in the Cards?,Zacks,2026-08-03,0.0,"AeroVironment (AVAV): Buy, Sell, or Hold Post Q1 Earnings?",StockStory,2026-08-01,0.0,The U.S. Just Took A Big Step to Break China's Magnet Dominance,Oilprice.com,2026-07-31,0.202,,,,,,,,,,
KTOS,Kratos Defense,Defence,drones,NASDAQ,51.87,+2.01%,+6.64%,-3.12%,-34.58%,-22%,9.727,1.106,305.12,4.82,6198512,18960112,78897512,,6.36,strong_buy,1.48,2.01,102.01,2.01,1020.1,20.1,10201.0,201.0,6.64,106.64,6.64,1066.4,66.4,10664.0,664.0,-3.12,96.88,-3.12,968.8,-31.2,9688.0,-312.0,-34.58,65.42,-34.58,654.2,-345.8,6542.0,-3458.0,-22.0,78.0,-22.0,780.0,-220.0,7800.0,-2200.0,"Kratos (NASDAQ:KTOS) Beats Expectations in Strong Q2 CY2026, Full-Year Sales Guidance is Optimistic",StockStory,2026-08-04,0.681,Axon Enterprise Q2 Earnings on Deck: How to Approach the Stock Now?,Zacks,2026-08-03,0.0,Kratos (KTOS) Q2 Earnings Report Preview: What To Look For,StockStory,2026-08-03,0.0,,,,,,,,,,
RCAT,Red Cat Holdings,Defence,drones,NASDAQ,8.86,+6.78%,+18.93%,-12.36%,-3.28%,-25%,1.349,1.349,,12.82,12153132,43851332,173814532,,23.58,strong_buy,1.17,6.78,106.78,6.78,1067.8,67.8,10678.0,678.0,18.93,118.93,18.93,1189.3,189.3,11893.0,1893.0,-12.36,87.64,-12.36,876.4,-123.6,8764.0,-1236.0,-3.28,96.72,-3.28,967.2,-32.8,9672.0,-328.0,-25.0,75.0,-25.0,750.0,-250.0,7500.0,-2500.0,"Earnings Preview: Red Cat Holdings, Inc. (RCAT) Q2 Earnings Expected to Decline",Zacks,2026-07-30,0.0,"ONDS, RCAT, AVAV, UMAC Stocks Slide Overnight: Pentagon’s Drone Push Is Reportedly Facing Major Production Gap",Stocktwits,2026-07-28,0.0,Red Cat (RCAT) Stock Still Looks Above Fair Value Following A 7x Run,Simply Wall St.,2026-07-24,0.572,,,,,,,,,,
TXT,Textron,Defence,drones,NYSE,89.12,+2.73%,-0.93%,-5.03%,+2.42%,+9%,15.498,0.908,16.78,1.56,1097043,10393643,38124343,9.0,4.39,buy,2.24,2.73,102.73,2.73,1027.3,27.3,10273.0,273.0,-0.93,99.07,-0.93,990.7,-9.3,9907.0,-93.0,-5.03,94.97,-5.03,949.7,-50.3,9497.0,-503.0,2.42,102.42,2.42,1024.2,24.2,10242.0,242.0,9.0,109.0,9.0,1090.0,90.0,10900.0,900.0,"TransDigm's Q3 Earnings Surpass Estimates, Sales Increase Y/Y",Zacks,2026-08-04,0.318,Textron (TXT) Stock Could Be 44% Cheap As Training Aircraft Orders Build,Simply Wall St.,2026-08-01,0.0,"L3Harris Q2 Earnings and Revenues Beat Estimates, 2026 Outlook Raised",Zacks,2026-07-30,0.0,,,,,,,,,,
SPCX,SpaceX,Defence,space,NASDAQ,125.33,+8.90%,+7.66%,-21.87%,-22.13%,-33%,1651.122,,,111.5,113631645,352994545,1606548345,,2.67,buy,1.74,8.9,108.9,8.9,1089.0,89.0,10890.0,890.0,7.66,107.66,7.66,1076.6,76.6,10766.0,766.0,-21.87,78.13,-21.87,781.3,-218.7,7813.0,-2187.0,-22.13,77.87,-22.13,778.7,-221.3,7787.0,-2213.0,-33.0,67.0,-33.0,670.0,-330.0,6700.0,-3300.0,SpaceX's Q2 results top estimates but stock drops on AI capex costs,Yahoo Finance,2026-08-03,0.103,Caption: SpaceX's first earnings results are in. ✅,Yahoo Finance Video,2026-08-04,0.0,"Stock market today: Dow and S&P 500 soar to record highs, Nasdaq rallies on hopes for a Hormuz deal",Yahoo Finance,2026-08-04,0.421,,,,,,,,,,
RKLB,Rocket Lab USA,Defence,space,NASDAQ,74.48,+4.66%,+16.58%,-19.99%,-1.99%,+45%,46.537,2.629,,26.69,17537808,85516708,413772708,,7.97,buy,1.61,4.66,104.66,4.66,1046.6,46.6,10466.0,466.0,16.58,116.58,16.58,1165.8,165.8,11658.0,1658.0,-19.99,80.01,-19.99,800.1,-199.9,8001.0,-1999.0,-1.99,98.01,-1.99,980.1,-19.9,9801.0,-199.0,45.0,145.0,45.0,1450.0,450.0,14500.0,4500.0,SpaceX vs. Rocket Lab: Which Is the Better Space Stock to Own for the Next 5 Years?,Motley Fool,2026-08-04,0.44,"Rocket Lab, Voyager, and More Go Full Throttle",Barrons.com,2026-08-04,0.0,"SpaceX Climbs 4%, AST SpaceMobile Rallies 9%, Rocket Lab Rises 5% as Traders Position for SpaceX’s Debut Earnings Report",24/7 Wall St.,2026-08-04,0.0,,,,,,,,,,
PL,Planet Labs,Defence,space,NYSE,22.83,+5.87%,+11.80%,-26.02%,+11.86%,+221%,8.136,2.123,,12.44,5199433,30945333,170830233,,11.0,buy,2.0,5.87,105.87,5.87,1058.7,58.7,10587.0,587.0,11.8,111.8,11.8,1118.0,118.0,11180.0,1180.0,-26.02,73.98,-26.02,739.8,-260.2,7398.0,-2602.0,11.86,111.86,11.86,1118.6,118.6,11186.0,1186.0,221.0,321.0,221.0,3210.0,2210.0,32100.0,22100.0,SpaceX Joins a Club It Was Missing From In New Nvidia Deal: How Will Stocks React?,BeInCrypto,2026-08-04,-0.296,"SpaceX Climbs 4%, AST SpaceMobile Rallies 9%, Rocket Lab Rises 5% as Traders Position for SpaceX’s Debut Earnings Report",24/7 Wall St.,2026-08-04,0.0,"Rocket Lab Stock's Deepest Falls Have Come From Rates, Not Rockets",Trefis,2026-08-04,0.0,,,,,,,,,,
ASTS,AST SpaceMobile,Defence,space,NASDAQ,70.31,+9.93%,+24.33%,-12.81%,-15.77%,+12%,27.289,2.745,,22.31,19070171,67134771,334375071,,19.93,hold,2.69,9.93,109.93,9.93,1099.3,99.3,10993.0,993.0,24.33,124.33,24.33,1243.3,243.3,12433.0,2433.0,-12.81,87.19,-12.81,871.9,-128.1,8719.0,-1281.0,-15.77,84.23,-15.77,842.3,-157.7,8423.0,-1577.0,12.0,112.0,12.0,1120.0,120.0,11200.0,1200.0,"Rocket Lab, Voyager, and More Go Full Throttle",Barrons.com,2026-08-04,0.0,AST SpaceMobile vs. First Majestic Silver: Which Industrials Stock Is a Better Buy in 2026?,Motley Fool,2026-08-04,0.44,Is AST Spacemobile Stock a Smart Buy Before Q2 Earnings Release?,Zacks,2026-08-04,0.402,,,,,,,,,,
TDG,TransDigm Group,Defence,weapons,NYSE,1275.05,-1.37%,-2.52%,-5.28%,-6.15%,-11%,71.318,0.906,39.83,0.38,749881,2460281,7967381,,2.55,buy,1.91,-1.37,98.63,-1.37,986.3,-13.7,9863.0,-137.0,-2.52,97.48,-2.52,974.8,-25.2,9748.0,-252.0,-5.28,94.72,-5.28,947.2,-52.8,9472.0,-528.0,-6.15,93.85,-6.15,938.5,-61.5,9385.0,-615.0,-11.0,89.0,-11.0,890.0,-110.0,8900.0,-1100.0,"TransDigm's Q3 Earnings Surpass Estimates, Sales Increase Y/Y",Zacks,2026-08-04,0.318,TransDigm Group (TDG) Beats Q3 Earnings and Revenue Estimates,Zacks,2026-08-04,0.0,"TransDigm (NYSE:TDG) Surprises With Q2 CY2026 Sales, Full-Year Outlook Slightly Exceeds Expectations",StockStory,2026-08-04,0.226,,,,,,,,,,
HEI,HEICO Corporation,Defence,weapons,NYSE,367.66,+2.00%,+1.16%,+0.64%,+11.73%,+14%,51.376,1.053,64.96,0.63,344797,2109197,9404597,7.0,1.54,buy,1.86,2.0,102.0,2.0,1020.0,20.0,10200.0,200.0,1.16,101.16,1.16,1011.6,11.6,10116.0,116.0,0.64,100.64,0.64,1006.4,6.4,10064.0,64.0,11.73,111.73,11.73,1117.3,117.3,11173.0,1173.0,14.0,114.0,14.0,1140.0,140.0,11400.0,1400.0,Will Heico (HEI) Beat Estimates Again in Its Next Earnings Report?,Zacks,2026-08-03,0.0,Are Aerospace Stocks Lagging  GE Aerospace (GE) This Year?,Zacks,2026-07-29,-0.273,"Is Heico (HEI) a Solid Growth Stock? 3 Reasons to Think ""Yes""",Zacks,2026-07-27,0.71,,,,,,,,,,
AXON,Axon Enterprise,Defence,weapons,NASDAQ,607.2,+4.91%,+10.87%,-2.43%,+7.76%,-39%,48.942,1.397,244.84,1.13,865092,3980892,18392892,,5.47,buy,1.71,4.91,104.91,4.91,1049.1,49.1,10491.0,491.0,10.87,110.87,10.87,1108.7,108.7,11087.0,1087.0,-2.43,97.57,-2.43,975.7,-24.3,9757.0,-243.0,7.76,107.76,7.76,1077.6,77.6,10776.0,776.0,-39.0,61.0,-39.0,610.0,-390.0,6100.0,-3900.0,Axon Stock Diversifies Your Portfolio Less Than Its Business Does,Trefis,2026-08-04,0.0,Is It Worth Investing in Axon (AXON) Based on Wall Street's Bullish Views?,Zacks,2026-08-04,0.226,Axon Enterprise Q2 Earnings on Deck: How to Approach the Stock Now?,Zacks,2026-08-03,0.0,,,,,,,,,,
OLN,Olin Corporation,Defence,weapons,NYSE,19.05,-0.50%,-10.86%,-3.54%,-10.27%,-3%,2.172,1.203,,2.97,4118384,24840584,75751984,430.0,14.54,hold,3.0,-0.5,99.5,-0.5,995.0,-5.0,9950.0,-50.0,-10.86,89.14,-10.86,891.4,-108.6,8914.0,-1086.0,-3.54,96.46,-3.54,964.6,-35.4,9646.0,-354.0,-10.27,89.73,-10.27,897.3,-102.7,8973.0,-1027.0,-3.0,97.0,-3.0,970.0,-30.0,9700.0,-300.0,Chlor-alkali Market Tightening Drives Olin Corp. (OLN) Stock Recovery,Insider Monkey,2026-08-04,0.0,Why Olin (OLN) Is Down 20.2% After Deepening Q2 Losses And Operational Disruptions And What's Next,Simply Wall St.,2026-08-03,-0.625,"Olin (OLN) Reports A Q2 Loss, Is It Still 30% Undervalued?",Simply Wall St.,2026-08-03,-0.318,,,,,,,,,,
MRCY,Mercury Systems,Defence,weapons,NASDAQ,112.8,+4.44%,+13.50%,-8.34%,+48.36%,+79%,6.772,0.998,,0.71,781501,2937301,13478901,,9.28,buy,2.0,4.44,104.44,4.44,1044.4,44.4,10444.0,444.0,13.5,113.5,13.5,1135.0,135.0,11350.0,1350.0,-8.34,91.66,-8.34,916.6,-83.4,9166.0,-834.0,48.36,148.36,48.36,1483.6,483.6,14836.0,4836.0,79.0,179.0,79.0,1790.0,790.0,17900.0,7900.0,Mercury Systems just handed Palantir the keys to its factories,TheStreet,2026-08-04,0.0,"A Palantir Deal May Boost Mercury System’s Efficiency, But Don’t Rush to Buy MRCY Stock",Barchart,2026-08-04,0.382,PLTR Stock Pops as Palantir Partners With Mercury on Defense Automation,Barchart,2026-08-03,0.128,,,,,,,,,,
DRS,Leonardo DRS,Defence,weapons,NYSE,45.27,-4.03%,-8.01%,-0.22%,+30.68%,+11%,12.082,0.179,38.36,1.03,774896,5052196,19785196,78.0,1.08,strong_buy,1.5,-4.03,95.97,-4.03,959.7,-40.3,9597.0,-403.0,-8.01,91.99,-8.01,919.9,-80.1,9199.0,-801.0,-0.22,99.78,-0.22,997.8,-2.2,9978.0,-22.0,30.68,130.68,30.68,1306.8,306.8,13068.0,3068.0,11.0,111.0,11.0,1110.0,110.0,11100.0,1100.0,Leonardo DRS (DRS) Q2 2026 Earnings Call Transcript,Motley Fool,2026-08-04,0.0,"Are Aerospace Stocks Lagging  Leonardo DRS, Inc. (DRS) This Year?",Zacks,2026-08-04,-0.273,Axon Enterprise Q2 Earnings on Deck: How to Approach the Stock Now?,Zacks,2026-08-03,0.0,4,strong_buy,0.85,"YTD +32.93%, strong_buy analyst consensus (score 1.5), PE 38.7, positive news sentiment 0.217 with AI expansion and strong execution.",YTD +32.93%; strong_buy rating; PE 38.7; news sentiment 0.217,,,,,
XOM,ExxonMobil,Energy,oil-majors,NYSE,153.96,-0.92%,+0.60%,+12.84%,+27.22%,+45%,638.156,0.173,25.92,16.74,14030598,71426998,320232898,265.0,1.15,buy,2.4,-0.92,99.08,-0.92,990.8,-9.2,9908.0,-92.0,0.6,100.6,0.6,1006.0,6.0,10060.0,60.0,12.84,112.84,12.84,1128.4,128.4,11284.0,1284.0,27.22,127.22,27.22,1272.2,272.2,12722.0,2722.0,45.0,145.0,45.0,1450.0,450.0,14500.0,4500.0,BP profit more than doubles as Middle East conflict boosts oil prices,Euronews,2026-08-04,0.44,"Exxon Posts Its Best Profit in Four Years, Here’s Where It’ll End The Year",24/7 Wall St.,2026-08-04,0.796,"Oil Extends Losses After US, Qatar Signal Progress on Iran Draft Deal",Oilprice.com,2026-08-04,0.153,,,,,,,,,,
CVX,Chevron,Energy,oil-majors,NYSE,190.4,-1.35%,+1.50%,+13.27%,+24.45%,+29%,379.2,0.488,18.33,9.13,9447158,43695558,170837758,369.0,1.03,buy,1.72,-1.35,98.65,-1.35,986.5,-13.5,9865.0,-135.0,1.5,101.5,1.5,1015.0,15.0,10150.0,150.0,13.27,113.27,13.27,1132.7,132.7,11327.0,1327.0,24.45,124.45,24.45,1244.5,244.5,12445.0,2445.0,29.0,129.0,29.0,1290.0,290.0,12900.0,2900.0,BP profit more than doubles as Middle East conflict boosts oil prices,Euronews,2026-08-04,0.44,"Exxon Posts Its Best Profit in Four Years, Here’s Where It’ll End The Year",24/7 Wall St.,2026-08-04,0.796,"Oil Extends Losses After US, Qatar Signal Progress on Iran Draft Deal",Oilprice.com,2026-08-04,0.153,5,buy,0.82,"YTD +28.66%, P/E 18.94, analyst score 1.72 (strong buy consensus), and news sentiment 0.16 — Chevron posted record Q2 profit and is aggressively reducing debt [energynow.com](https://energynow.com/2026/08/exxonmobil-chevron-steer-windfall-profits-into-debt-reduction/).",record Q2 profit; analyst score 1.72; debt reduction; dividend yield 3.62%,,,,,
SHEL,Shell,Energy,oil-majors,NYSE,89.84,-1.78%,+4.22%,+14.97%,+21.29%,+27%,248.569,-0.218,9.94,6.99,8972303,41837165,154121729,343.0,1.82,buy,2.25,-1.78,98.22,-1.78,982.2,-17.8,9822.0,-178.0,4.22,104.22,4.22,1042.2,42.2,10422.0,422.0,14.97,114.97,14.97,1149.7,149.7,11497.0,1497.0,21.29,121.29,21.29,1212.9,212.9,12129.0,2129.0,27.0,127.0,27.0,1270.0,270.0,12700.0,2700.0,BP profit more than doubles as Middle East conflict boosts oil prices,Euronews,2026-08-04,0.44,European Equities Traded in US as ADRs Advance in Tuesday Trading,MT Newswires,2026-08-04,0.0,BP profit soars as Mideast war roils energy prices,AFP,2026-08-04,0.026,7,buy,0.72,"YTD +24.18%, P/E 10.17, and 1W +4.07% — Shell's CEO forecasts higher oil prices long-term, and the company cut net debt by ~$10.8B, reinforcing its balance sheet [longbridge.com](https://longbridge.com/news/294586204).",P/E 10.2x; 1W momentum +4.1%; CEO bullish on oil prices; debt reduction,,,,,
BP,BP p.l.c.,Energy,oil-majors,NYSE,42.44,-4.29%,+1.85%,+13.51%,+21.36%,+35%,109.297,-0.212,34.5,8.99,11904634,53561934,178981234,442.0,0.49,buy,2.47,-4.29,95.71,-4.29,957.1,-42.9,9571.0,-429.0,1.85,101.85,1.85,1018.5,18.5,10185.0,185.0,13.51,113.51,13.51,1135.1,135.1,11351.0,1351.0,21.36,121.36,21.36,1213.6,213.6,12136.0,2136.0,35.0,135.0,35.0,1350.0,350.0,13500.0,3500.0,"Earnings live updates: SpaceX stock slides despite Starlink-driven revenue beat, Paramount stock slips",Yahoo Finance,2026-08-03,0.0,Energy & Utilities Roundup: Market Talk,The Wall Street Journal,2026-08-04,0.273,Sector Update: Energy Stocks Decline Late Afternoon,MT Newswires,2026-08-04,0.273,9,buy,0.65,"YTD +29.30%, 1M +25.09%, and dividend yield 4.42% — BP shows strong short-term momentum, though its P/E of 36.76 is elevated, raising valuation concerns.",1M momentum +25.1%; dividend yield 4.42%; YTD +29.3%; high P/E,,,,,
TTE,TotalEnergies,Energy,oil-majors,NYSE,85.19,-2.06%,+1.20%,+11.64%,+29.46%,+46%,189.023,0.062,10.74,1.52,1213590,6187290,37444290,486.0,0.26,buy,2.1,-2.06,97.94,-2.06,979.4,-20.6,9794.0,-206.0,1.2,101.2,1.2,1012.0,12.0,10120.0,120.0,11.64,111.64,11.64,1116.4,116.4,11164.0,1164.0,29.46,129.46,29.46,1294.6,294.6,12946.0,2946.0,46.0,146.0,46.0,1460.0,460.0,14600.0,4600.0,BP profit more than doubles as Middle East conflict boosts oil prices,Euronews,2026-08-04,0.44,"Energy Transfer Q2 Earnings Beat Estimates on NGL Growth, View Up",Zacks,2026-08-04,0.572,BP profit soars as Mideast war roils energy prices,AFP,2026-08-04,0.026,6,buy,0.76,"YTD +33.52%, P/E 11.0, and dividend yield 4.82% — TotalEnergies offers a compelling value with low valuation and high yield, benefiting from integrated operations.",P/E 11x; dividend yield 4.82%; YTD +33.5%; integrated model,,,,,
EQNR,Equinor,Energy,oil-majors,NYSE,39.17,-1.24%,+2.35%,+22.18%,+63.33%,+63%,93.07,-0.73,10.62,3.94,2713010,16948910,89029210,370.0,2.92,hold,3.33,-1.24,98.76,-1.24,987.6,-12.4,9876.0,-124.0,2.35,102.35,2.35,1023.5,23.5,10235.0,235.0,22.18,122.18,22.18,1221.8,221.8,12218.0,2218.0,63.33,163.33,63.33,1633.3,633.3,16333.0,6333.0,63.0,163.0,63.0,1630.0,630.0,16300.0,6300.0,European Equities Traded in US as ADRs Advance in Tuesday Trading,MT Newswires,2026-08-04,0.0,Latest News In Energy Transition - Advantage Renewables Boosts Michigan Grid With Battery Projects,Simply Wall St.,2026-08-04,0.66,Energy & Utilities Roundup: Market Talk,The Wall Street Journal,2026-08-03,0.273,4,buy,0.75,"YTD +71.38%, P/E 11.14, and 1M rally of +31.69% — Equinor's massive momentum is supported by high oil prices and LNG demand, though analyst consensus is hold.",YTD +71% return; P/E 11.1x; 1M momentum +31.7%; LNG exposure,,,,,
COP,ConocoPhillips,Energy,ep-refining,NYSE,117.94,-1.02%,+3.37%,+13.86%,+23.83%,+29%,143.686,0.123,19.99,7.18,4956545,29808845,136632645,279.0,1.7,buy,1.76,-1.02,98.98,-1.02,989.8,-10.2,9898.0,-102.0,3.37,103.37,3.37,1033.7,33.7,10337.0,337.0,13.86,113.86,13.86,1138.6,138.6,11386.0,1386.0,23.83,123.83,23.83,1238.3,238.3,12383.0,2383.0,29.0,129.0,29.0,1290.0,290.0,12900.0,2900.0,ConocoPhillips (COP) Following Pelto Island Reef Project Is The Stock A Bargain,Simply Wall St.,2026-08-04,0.202,"Exxon Posts Its Best Profit in Four Years, Here’s Where It’ll End The Year",24/7 Wall St.,2026-08-04,0.796,ConocoPhillips Stock Outlook: Is Wall Street Bullish or Bearish?,Barchart,2026-08-04,0.0,8,buy,0.7,"YTD +26.49%, P/E 20.42, and news sentiment 0.258 — ConocoPhillips has a solid production growth profile and a strong buy rating with an analyst score of 1.76.",YTD +26.5%; analyst score 1.76; positive news sentiment; production growth,,,,,
OXY,Occidental Petroleum,Energy,ep-refining,NYSE,55.09,-0.85%,+2.15%,+12.87%,+31.21%,+32%,54.794,0.16,74.45,10.34,6632981,37977281,195823881,182.0,0.01,buy,2.33,-0.85,99.15,-0.85,991.5,-8.5,9915.0,-85.0,2.15,102.15,2.15,1021.5,21.5,10215.0,215.0,12.87,112.87,12.87,1128.7,128.7,11287.0,1287.0,31.21,131.21,31.21,1312.1,312.1,13121.0,3121.0,32.0,132.0,32.0,1320.0,320.0,13200.0,3200.0,Countdown to Occidental (OXY) Q2 Earnings: Wall Street Forecasts for Key Metrics,Zacks,2026-08-04,0.0,OXY Stock: When A Bargain Price Is A Message,Trefis,2026-08-04,0.202,ConocoPhillips Gears Up to Report Q2 Earnings: What's in the Cards?,Zacks,2026-08-03,0.0,10,buy,0.55,"YTD +35.93%, 1M +19.04%, but P/E 77.12 is very high — Occidental has strong momentum but extreme valuation, and low short interest at 0.01% suggests limited bearishness.",YTD +35.9%; 1M momentum +19%; low short interest 0.01%; high P/E 77x,,,,,
EOG,EOG Resources,Energy,ep-refining,NYSE,143.52,-1.41%,+2.78%,+11.74%,+37.13%,+26%,76.443,0.278,14.41,3.58,2236741,12116941,63257941,280.0,3.65,buy,2.17,-1.41,98.59,-1.41,985.9,-14.1,9859.0,-141.0,2.78,102.78,2.78,1027.8,27.8,10278.0,278.0,11.74,111.74,11.74,1117.4,117.4,11174.0,1174.0,37.13,137.13,37.13,1371.3,371.3,13713.0,3713.0,26.0,126.0,26.0,1260.0,260.0,12600.0,2600.0,"EOG Resources (EOG) Draws Interest On Earnings Growth Hopes, Is It Still Below Fair Value?",Simply Wall St.,2026-08-04,0.902,How Bullish 2026 Earnings Forecasts At EOG Resources (EOG) Has Changed Its Investment Story,Simply Wall St.,2026-08-04,0.0,OXY Stock: When A Bargain Price Is A Message,Trefis,2026-08-04,0.202,3,strong_buy,0.78,"YTD +42.07%, P/E 14.62, and news sentiment 0.332 — EOG's low-cost production and strong free cash flow make it a top E&P pick.",YTD +42% return; P/E 14.6x; positive news sentiment 0.332; low-cost producer,,,,,
MPC,Marathon Petroleum,Energy,ep-refining,NYSE,312.61,+1.43%,+2.14%,+16.22%,+90.97%,+87%,91.262,0.508,20.57,2.33,1948585,9310585,44662785,130.0,2.54,buy,2.33,1.43,101.43,1.43,1014.3,14.3,10143.0,143.0,2.14,102.14,2.14,1021.4,21.4,10214.0,214.0,16.22,116.22,16.22,1162.2,162.2,11622.0,1622.0,90.97,190.97,90.97,1909.7,909.7,19097.0,9097.0,87.0,187.0,87.0,1870.0,870.0,18700.0,8700.0,Marathon Petroleum Beats Second-Quarter Estimates as Refining Margins Surge,InvestorsHub,2026-08-04,0.0,Marathon Petroleum Q2 2026 earnings beat on refining margin surge,Quartz,2026-08-04,0.0,How Valero's Q2 Refining & Renewable Diesel Surge Reshapes its 2026,Zacks,2026-08-04,0.0,2,strong_buy,0.8,"YTD +93.33%, 1M +19.48%, and P/E 20.83 — Marathon Petroleum is capturing strong downstream margins with a favourable analyst consensus.",YTD +93% return; strong 1M momentum +19.5%; refining margin catalyst; buy rating,,,,,
VLO,Valero Energy,Energy,ep-refining,NYSE,308.73,+0.38%,+3.69%,+14.65%,+89.52%,+129%,88.891,0.554,12.87,3.02,2768330,13078630,60046430,153.0,4.42,buy,2.26,0.38,100.38,0.38,1003.8,3.8,10038.0,38.0,3.69,103.69,3.69,1036.9,36.9,10369.0,369.0,14.65,114.65,14.65,1146.5,146.5,11465.0,1465.0,89.52,189.52,89.52,1895.2,895.2,18952.0,8952.0,129.0,229.0,129.0,2290.0,1290.0,22900.0,12900.0,Are You Looking for a Top Momentum Pick? Why Valero Energy (VLO) is a Great Choice,Zacks,2026-08-04,0.791,"If You Invested $1000 in Valero Energy 10 Years Ago, This Is How Much You'd Have Now",Zacks,2026-08-04,0.273,How Valero's Q2 Refining & Renewable Diesel Surge Reshapes its 2026,Zacks,2026-08-04,0.0,1,strong_buy,0.85,"YTD +92.08%, P/E 13.05, and aggregate news sentiment 0.414 — Valero benefits from record refining margins as highlighted in recent industry reports [energynow.com](https://energynow.com/2026/08/exxonmobil-chevron-steer-windfall-profits-into-debt-reduction/).",YTD +92% return; low P/E 13x; high news sentiment 0.414; refining margin tailwind,,,,,
SLB,SLB (Schlumberger),Energy,oilfield-services,NYSE,50.81,+2.32%,+1.66%,+11.13%,+27.80%,+48%,75.409,0.749,24.79,14.27,8637767,59663767,279286567,238.0,4.88,buy,1.6,2.32,102.32,2.32,1023.2,23.2,10232.0,232.0,1.66,101.66,1.66,1016.6,16.6,10166.0,166.0,11.13,111.13,11.13,1111.3,111.3,11113.0,1113.0,27.8,127.8,27.8,1278.0,278.0,12780.0,2780.0,48.0,148.0,48.0,1480.0,480.0,14800.0,4800.0,How Baker Hughes' Chart Deal Could Reshape Its Growth and Risk Profile,Zacks,2026-08-04,0.128,Can TechnipFMC's Q2 Subsea Momentum Power Stronger 2026 Results Ahead?,Zacks,2026-08-04,0.382,SLB (SLB) Just Took a Hit. Here’s Why Investors May Stay Bullish,Insider Monkey,2026-08-04,0.0,,,,,,,,,,
HAL,Halliburton,Energy,oilfield-services,NYSE,32.36,+1.43%,+3.62%,-1.94%,+10.32%,+49%,27.033,0.753,16.94,11.92,7012620,47368720,260649120,211.0,5.61,buy,1.75,1.43,101.43,1.43,1014.3,14.3,10143.0,143.0,3.62,103.62,3.62,1036.2,36.2,10362.0,362.0,-1.94,98.06,-1.94,980.6,-19.4,9806.0,-194.0,10.32,110.32,10.32,1103.2,103.2,11032.0,1032.0,49.0,149.0,49.0,1490.0,490.0,14900.0,4900.0,"TechnipFMC Q2 Earnings & Revenues Beat Estimates, Rise Y/Y",Zacks,2026-08-04,0.0,"ProPetro Q2 Loss Wider Than Expected, Revenues Beat Estimates",Zacks,2026-08-04,-0.318,Is PUMP Stock Worth Buying Now as PROPWR Growth Tests Its Valuation?,Zacks,2026-08-04,0.542,,,,,,,,,,
BKR,Baker Hughes,Energy,oilfield-services,NASDAQ,61.73,+2.32%,+5.59%,+15.92%,+31.88%,+38%,61.278,0.959,19.72,8.89,6467148,48404748,216291648,151.0,3.06,buy,1.7,2.32,102.32,2.32,1023.2,23.2,10232.0,232.0,5.59,105.59,5.59,1055.9,55.9,10559.0,559.0,15.92,115.92,15.92,1159.2,159.2,11592.0,1592.0,31.88,131.88,31.88,1318.8,318.8,13188.0,3188.0,38.0,138.0,38.0,1380.0,380.0,13800.0,3800.0,How Baker Hughes' Chart Deal Could Reshape Its Growth and Risk Profile,Zacks,2026-08-04,0.128,The Top 5 Analyst Questions From Baker Hughes’s Q2 Earnings Call,StockStory,2026-08-03,0.202,Basin rig count up two as prices decrease,"Odessa American, Texas",2026-08-01,-0.128,,,,,,,,,,
NEE,NextEra Energy,Energy,utilities,NYSE,87.2,+0.63%,-2.33%,-0.27%,+9.28%,+22%,181.864,0.653,19.6,11.79,10333937,57470437,229703537,288.0,,buy,1.95,0.63,100.63,0.63,1006.3,6.3,10063.0,63.0,-2.33,97.67,-2.33,976.7,-23.3,9767.0,-233.0,-0.27,99.73,-0.27,997.3,-2.7,9973.0,-27.0,9.28,109.28,9.28,1092.8,92.8,10928.0,928.0,22.0,122.0,22.0,1220.0,220.0,12200.0,2200.0,"This Top Nuclear Energy Dividend Stock Could Turn $1,000 Into a Lifetime Income Stream",Motley Fool,2026-08-01,0.44,Does US$100 Billion Paducah AI Power Campus Plan Change The Bull Case For NextEra Energy (NEE)?,Simply Wall St.,2026-07-31,0.273,Bloom Energy vs. NextEra Energy: Is a Fuel Cell Upstart or Renewable Energy Titan the Better Buy in 2026?,Motley Fool,2026-07-31,0.802,,,,,,,,,,
SSE.L,SSE plc,Energy,utilities,LSE,31.69,+0.00%,+0.17%,-4.71%,+5.62%,+26%,0.382,0.576,22.44,4.06,1657100,15645329,68070158,292.0,,buy,2.0,0.0,100.0,0.0,1000.0,0.0,10000.0,0.0,0.17,100.17,0.17,1001.7,1.7,10017.0,17.0,-4.71,95.29,-4.71,952.9,-47.1,9529.0,-471.0,5.62,105.62,5.62,1056.2,56.2,10562.0,562.0,26.0,126.0,26.0,1260.0,260.0,12600.0,2600.0,UK PM Burnham uses policy blitz to buy time for tougher decisions,Investing.com,2026-08-01,0.178,SSE (LSE:SSE) Stock Fair Value Edges Lower After Mixed Analyst Target Changes,Simply Wall St.,2026-06-24,0.361,"UK, Japan to deepen ties with £18 billion investment agreement",Investing.com,2026-06-14,0.494,,,,,,,,,,
ENPH,Enphase Energy,Energy,clean-energy,NASDAQ,41.77,+5.99%,+15.01%,-6.24%,+23.76%,+18%,5.505,1.651,41.36,7.35,7340809,33358409,104165209,,20.87,buy,2.48,5.99,105.99,5.99,1059.9,59.9,10599.0,599.0,15.01,115.01,15.01,1150.1,150.1,11501.0,1501.0,-6.24,93.76,-6.24,937.6,-62.4,9376.0,-624.0,23.76,123.76,23.76,1237.6,237.6,12376.0,2376.0,18.0,118.0,18.0,1180.0,180.0,11800.0,1800.0,"SolarEdge Surges 8%, Enphase Climbs 5%, First Solar Rises 4% on Pro-Solar Policy Hopes",24/7 Wall St.,2026-08-04,0.421,"FSLR Tops S&P500 To Its Best Day In Two Months, But Trump's Section 232 Ruling Will Decide Its Future",Stocktwits,2026-08-03,0.579,1 Cash-Producing Stock on Our Watchlist and 2 We Find Risky,StockStory,2026-08-03,-0.202,,,,,,,,,,
FSLR,First Solar,Energy,clean-energy,NASDAQ,243.63,+3.85%,+20.26%,+4.54%,-11.19%,+13%,26.183,1.746,24.86,2.38,4224868,16764168,46479668,,12.03,buy,2.11,3.85,103.85,3.85,1038.5,38.5,10385.0,385.0,20.26,120.26,20.26,1202.6,202.6,12026.0,2026.0,4.54,104.54,4.54,1045.4,45.4,10454.0,454.0,-11.19,88.81,-11.19,888.1,-111.9,8881.0,-1119.0,13.0,113.0,13.0,1130.0,130.0,11300.0,1300.0,"SolarEdge Surges 8%, Enphase Climbs 5%, First Solar Rises 4% on Pro-Solar Policy Hopes",24/7 Wall St.,2026-08-04,0.421,Why First Solar (FSLR) Stock Is Up Today,StockStory,2026-08-04,0.0,"FSLR Tops S&P500 To Its Best Day In Two Months, But Trump's Section 232 Ruling Will Decide Its Future",Stocktwits,2026-08-03,0.579,,,,,,,,,,
BEPC,Brookfield Renewable Corp,Energy,clean-energy,NYSE,33.55,-2.19%,+3.10%,-8.38%,-14.30%,-3%,6.227,1.166,,1.57,1558304,8923804,38488504,459.0,,hold,3.2,-2.19,97.81,-2.19,978.1,-21.9,9781.0,-219.0,3.1,103.1,3.1,1031.0,31.0,10310.0,310.0,-8.38,91.62,-8.38,916.2,-83.8,9162.0,-838.0,-14.3,85.7,-14.3,857.0,-143.0,8570.0,-1430.0,-3.0,97.0,-3.0,970.0,-30.0,9700.0,-300.0,Brookfield Renewable Q2 Earnings Call Highlights,MarketBeat,2026-07-31,0.0,Brookfield Renewable Corporation Q2 2026 Earnings Call Summary,Moby,2026-07-31,0.0,"Compared to Estimates, Brookfield Renewable (BEP) Q2 Earnings: A Look at Key Metrics",Zacks,2026-07-31,0.0,,,,,,,,,,
DNNGY,Ørsted,Energy,clean-energy,NASDAQ,7.32,-0.95%,+2.09%,-5.67%,+9.83%,-54%,29.01,0.629,,0.11,10969,381669,2098669,,,strong_buy,1.0,-0.95,99.05,-0.95,990.5,-9.5,9905.0,-95.0,2.09,102.09,2.09,1020.9,20.9,10209.0,209.0,-5.67,94.33,-5.67,943.3,-56.7,9433.0,-567.0,9.83,109.83,9.83,1098.3,98.3,10983.0,983.0,-54.0,46.0,-54.0,460.0,-540.0,4600.0,-5400.0,Energy & Utilities Roundup: Market Talk,The Wall Street Journal,2026-06-05,0.273,Ørsted Advances Flagship Offshore Wind Projects With Earnings And Risk In Focus,Simply Wall St.,2026-05-17,-0.178,Ørsted and PGE kick off offshore installation of Baltica 2 project,Energy Global,2026-05-14,0.0,,,,,,,,,,
AAPL,Apple,MegaCap,big-tech,NASDAQ,309,+1.92%,-9.03%,-1.05%,+14.37%,+52%,4515.147,1.086,35.52,56.63,67778746,406228446,1216174946,35.0,1.0,buy,2.07,1.92,101.92,1.92,1019.2,19.2,10192.0,192.0,-9.03,90.97,-9.03,909.7,-90.3,9097.0,-903.0,-1.05,98.95,-1.05,989.5,-10.5,9895.0,-105.0,14.37,114.37,14.37,1143.7,143.7,11437.0,1437.0,52.0,152.0,52.0,1520.0,520.0,15200.0,5200.0,OpenAI Dumps Apple Employees' Text Messages to Fight Trade Secret Suit,decrypt,2026-08-04,-0.649,"Google Should Be Forced To Shed Chrome, Advocacy Group Argues",MediaPost,2026-08-04,-0.681,OpenAI Calls Apple’s Trade-Secret Suit ‘Careless’ and ‘Oddly Personal’,The Wall Street Journal,2026-08-04,0.0,,,,,,,,,,
MSFT,Microsoft,MegaCap,big-tech,NASDAQ,493,+1.82%,+25.29%,+27.43%,+4.67%,-12%,3659.383,1.099,26.19,40.53,49565875,334543675,841251275,75.0,1.24,strong_buy,1.36,1.82,101.82,1.82,1018.2,18.2,10182.0,182.0,25.29,125.29,25.29,1252.9,252.9,12529.0,2529.0,27.43,127.43,27.43,1274.3,274.3,12743.0,2743.0,4.67,104.67,4.67,1046.7,46.7,10467.0,467.0,-12.0,88.0,-12.0,880.0,-120.0,8800.0,-1200.0,What Southern Copper (SCCO)'s Record Q2 Dividend and Earnings Amid Lower Output Means For Shareholders,Simply Wall St.,2026-08-04,-0.296,The Toughest Questions AMZN Faced On Its Latest Call,Trefis,2026-08-04,-0.077,The Unusual Cash Offer Sitting In IBM Stock,Trefis,2026-08-04,0.0,1,strong_buy,0.95,"Azure revenue soared 43% YoY, pushing shares +21.75% in a week; P/E is a reasonable 25.9 with strong_buy consensus and a record $678B commercial backlog.",+21.75% 1W momentum; P/E 25.9 is attractive; Azure +43% revenue growth; strong_buy consensus (1.35),,,,,
NVDA,NVIDIA,MegaCap,big-tech,NASDAQ,212,+2.48%,+7.58%,+8.38%,+12.36%,+13%,5133.399,2.215,32.51,153.24,130429698,675488798,2823215698,50.0,1.39,strong_buy,1.3,2.48,102.48,2.48,1024.8,24.8,10248.0,248.0,7.58,107.58,7.58,1075.8,75.8,10758.0,758.0,8.38,108.38,8.38,1083.8,83.8,10838.0,838.0,12.36,112.36,12.36,1123.6,123.6,11236.0,1236.0,13.0,113.0,13.0,1130.0,130.0,11300.0,1300.0,Tech stocks today: SpaceX and AMD post quarterly results; investors weren't impressed.,Yahoo Finance,2026-08-03,-0.372,"Marvell, Sandisk, SK Hynix lead semiconductor stock rally as S&P 500 trades at record highs",Yahoo Finance,2026-08-04,0.0,Why AMD is a Yahoo Finance AlphaSpace rockstar,Yahoo Finance,2026-08-04,0.0,,,,,,,,,,
GOOGL,Alphabet,MegaCap,big-tech,NASDAQ,378,+1.82%,+13.17%,+3.05%,+19.99%,+83%,4618.635,1.237,18.93,32.65,35493839,178331139,674476339,25.0,1.34,strong_buy,1.39,1.82,101.82,1.82,1018.2,18.2,10182.0,182.0,13.17,113.17,13.17,1131.7,131.7,11317.0,1317.0,3.05,103.05,3.05,1030.5,30.5,10305.0,305.0,19.99,119.99,19.99,1199.9,199.9,11999.0,1999.0,83.0,183.0,83.0,1830.0,830.0,18300.0,8300.0,Tech stocks today: SpaceX and AMD post quarterly results; investors weren't impressed.,Yahoo Finance,2026-08-03,-0.372,"SpaceX Second-Quarter Loss Narrows, Revenue Tops Views on Connectivity, AI Gains",MT Newswires,2026-08-04,0.527,Chatham Lodging Trust Q2 2026 Earnings Call Summary,Moby,2026-08-04,0.511,,,,,,,,,,
META,Meta Platforms,MegaCap,big-tech,NASDAQ,588,-0.25%,-0.92%,-2.06%,-9.44%,-27%,1497.781,1.243,22.14,18.15,16729236,131571436,422865836,38.0,1.72,strong_buy,1.35,-0.25,99.75,-0.25,997.5,-2.5,9975.0,-25.0,-0.92,99.08,-0.92,990.8,-9.2,9908.0,-92.0,-2.06,97.94,-2.06,979.4,-20.6,9794.0,-206.0,-9.44,90.56,-9.44,905.6,-94.4,9056.0,-944.0,-27.0,73.0,-27.0,730.0,-270.0,7300.0,-2700.0,Tech stocks today: SpaceX and AMD post quarterly results; investors weren't impressed.,Yahoo Finance,2026-08-03,-0.372,Pinterest expects slower quarterly revenue growth as ad competition heats up,Reuters,2026-08-04,0.382,The Toughest Questions AMZN Faced On Its Latest Call,Trefis,2026-08-04,-0.077,,,,,,,,,,
AMZN,Amazon,MegaCap,big-tech,NASDAQ,277,-0.78%,+20.17%,+13.62%,+22.48%,+27%,2992.339,1.454,22.3,49.46,69522809,436205109,1071383409,,1.09,strong_buy,1.35,-0.78,99.22,-0.78,992.2,-7.8,9922.0,-78.0,20.17,120.17,20.17,1201.7,201.7,12017.0,2017.0,13.62,113.62,13.62,1136.2,136.2,11362.0,1362.0,22.48,122.48,22.48,1224.8,224.8,12248.0,2248.0,27.0,127.0,27.0,1270.0,270.0,12700.0,2700.0,"Stock Market Today: Dow, S&P 500 Hit New Highs; SpaceX Jumps Ahead Of Q2 Report",Investor's Business Daily,2026-08-04,0.0,"Jeff Bezos Is Pushing Amazon's Prime Video Into an AI Showcase, a Sign of How the Company Plans to Justify Its AI Spending",Motley Fool,2026-08-04,0.0,The Toughest Questions AMZN Faced On Its Latest Call,Trefis,2026-08-04,-0.077,2,strong_buy,0.9,"Amazon surged +17% in a week and +19.9% YTD, with P/E of 21.8 and strong_buy consensus; robust AI/cloud tailwinds bolster the outlook.",+17.00% 1W momentum; +19.90% YTD; P/E 21.8 undervalued; strong_buy consensus (1.35),,,,,
TSLA,Tesla,MegaCap,big-tech,NASDAQ,327,+1.42%,+6.48%,-22.02%,-25.27%,+1%,1292.884,1.827,297.59,47.12,32958176,185353576,892100076,,2.0,buy,2.36,1.42,101.42,1.42,1014.2,14.2,10142.0,142.0,6.48,106.48,6.48,1064.8,64.8,10648.0,648.0,-22.02,77.98,-22.02,779.8,-220.2,7798.0,-2202.0,-25.27,74.73,-25.27,747.3,-252.7,7473.0,-2527.0,1.0,101.0,1.0,1010.0,10.0,10100.0,100.0,SpaceX's Q2 results top estimates but stock drops on AI capex costs,Yahoo Finance,2026-08-03,0.103,SpaceX profitability will come down to Starlink's success: Lee Munson,Yahoo Finance Video,2026-08-04,0.7,"Dow Jones Futures: S&P 500 Jumps To High; SpaceX, AMD Lead Earnings Movers Late",Investor's Business Daily,2026-08-04,0.0,,,,,,,,,,
NFLX,Netflix,MegaCap,big-tech,NASDAQ,74,+0.64%,+1.63%,-3.22%,-19.14%,-38%,306.341,1.514,23.14,44.16,42742380,210510780,1058076180,,2.41,buy,1.73,0.64,100.64,0.64,1006.4,6.4,10064.0,64.0,1.63,101.63,1.63,1016.3,16.3,10163.0,163.0,-3.22,96.78,-3.22,967.8,-32.2,9678.0,-322.0,-19.14,80.86,-19.14,808.6,-191.4,8086.0,-1914.0,-38.0,62.0,-38.0,620.0,-380.0,6200.0,-3800.0,The Toughest Questions AMZN Faced On Its Latest Call,Trefis,2026-08-04,-0.077,Amazon.com Stock Is Cheaper Than The Market On Earnings And Pricier On Cash,Trefis,2026-08-04,0.0,Is YouTube Going After Netflix? This Could Be the Biggest Sign Yet,Motley Fool,2026-08-04,0.0,,,,,,,,,,
JPM,JPMorgan Chase,MegaCap,financials,NYSE,358,+1.29%,+0.06%,+5.86%,+11.40%,+21%,950.36,0.977,15.32,9.42,8473316,37385116,202272016,171.0,1.11,buy,2.09,1.29,101.29,1.29,1012.9,12.9,10129.0,129.0,0.06,100.06,0.06,1000.6,0.6,10006.0,6.0,5.86,105.86,5.86,1058.6,58.6,10586.0,586.0,11.4,111.4,11.4,1114.0,114.0,11140.0,1140.0,21.0,121.0,21.0,1210.0,210.0,12100.0,2100.0,"JPMorgan Chase (JPM) Puts Housing First, But Is The Valuation Case Already Priced In?",Simply Wall St.,2026-08-04,0.0,Sector Update: Financial Stocks Rise Late Afternoon,MT Newswires,2026-08-04,0.0,Sector Update: Financial Stocks Advance Tuesday Afternoon,MT Newswires,2026-08-04,0.0,,,,,,,,,,
BAC,Bank of America,MegaCap,financials,NYSE,63,+0.61%,+0.45%,+5.01%,+13.64%,+36%,439.844,1.168,14.53,36.24,28232805,142310605,727997005,207.0,,buy,1.54,0.61,100.61,0.61,1006.1,6.1,10061.0,61.0,0.45,100.45,0.45,1004.5,4.5,10045.0,45.0,5.01,105.01,5.01,1050.1,50.1,10501.0,501.0,13.64,113.64,13.64,1136.4,136.4,11364.0,1364.0,36.0,136.0,36.0,1360.0,360.0,13600.0,3600.0,Oklo Reports Earnings on Aug. 7. Here's What Investors Should Be Watching.,Motley Fool,2026-08-04,0.0,"Micron pullback seen as buying opportunity amid solid end-demand, says BofA",Proactive,2026-08-04,0.527,Why Micron Stock Keeps Bouncing Higher,Motley Fool,2026-08-04,0.0,,,,,,,,,,
BRK-B,Berkshire Hathaway B,MegaCap,financials,NYSE,517,+0.80%,+0.95%,+2.10%,+4.10%,+10%,1115.568,0.607,15.39,4.92,3478913,20780313,89227013,,0.96,buy,2.0,0.8,100.8,0.8,1008.0,8.0,10080.0,80.0,0.95,100.95,0.95,1009.5,9.5,10095.0,95.0,2.1,102.1,2.1,1021.0,21.0,10210.0,210.0,4.1,104.1,4.1,1041.0,41.0,10410.0,410.0,10.0,110.0,10.0,1100.0,100.0,11000.0,1000.0,Warren Buffett's Wealth-Building Strategy Points to This One ETF for Long-Term Investors,Benzinga,2026-08-04,0.0,Greg Abel Hasn't Touched Berkshire's Energy Holdings. Is That a Signal?,Motley Fool,2026-08-04,-0.206,Berkshire Hathaway Hits an 8 Month High. It’s Now My Top Buy and Hold Forever Pick.,24/7 Wall St.,2026-08-04,0.202,,,,,,,,,,
V,Visa,MegaCap,financials,NYSE,370,+0.95%,+0.82%,+3.45%,+7.11%,+9%,690.042,0.759,31.48,8.3,7494782,40525782,167552382,73.0,1.39,strong_buy,1.37,0.95,100.95,0.95,1009.5,9.5,10095.0,95.0,0.82,100.82,0.82,1008.2,8.2,10082.0,82.0,3.45,103.45,3.45,1034.5,34.5,10345.0,345.0,7.11,107.11,7.11,1071.1,71.1,10711.0,711.0,9.0,109.0,9.0,1090.0,90.0,10900.0,900.0,Central Bancompany Inc (CBC) (Q2 2026) Earnings Call Highlights: Strong Net Income Growth and ...,GuruFocus.com,2026-08-04,0.71,Circle Faces Crypto Slump and New Competitor Ahead of Earnings,Barrons.com,2026-08-04,0.0,Every Bank Needs A Stablecoin Strategy: Sheffield,Bloomberg,2026-08-04,0.0,,,,,,,,,,
MA,Mastercard,MegaCap,financials,NYSE,571,-0.12%,+1.48%,+7.31%,+1.91%,+1%,500.289,0.735,31.55,3.7,3206807,20119507,67805107,61.0,1.04,strong_buy,1.37,-0.12,99.88,-0.12,998.8,-1.2,9988.0,-12.0,1.48,101.48,1.48,1014.8,14.8,10148.0,148.0,7.31,107.31,7.31,1073.1,73.1,10731.0,731.0,1.91,101.91,1.91,1019.1,19.1,10191.0,191.0,1.0,101.0,1.0,1010.0,10.0,10100.0,100.0,Circle Faces Crypto Slump and New Competitor Ahead of Earnings,Barrons.com,2026-08-04,0.0,"FIS Beats Q2 Earnings on Banking Solutions Strength, Cuts 2026 Outlook",Zacks,2026-08-04,0.402,"Trump backs card bill, again",Payments Dive,2026-08-04,-0.052,,,,,,,,,,
GS,Goldman Sachs,MegaCap,financials,NYSE,1053,+2.53%,+1.90%,-0.22%,+16.28%,+41%,310.637,1.288,16.12,2.19,1546041,10335441,43437441,196.0,2.15,hold,2.6,2.53,102.53,2.53,1025.3,25.3,10253.0,253.0,1.9,101.9,1.9,1019.0,19.0,10190.0,190.0,-0.22,99.78,-0.22,997.8,-2.2,9978.0,-22.0,16.28,116.28,16.28,1162.8,162.8,11628.0,1628.0,41.0,141.0,41.0,1410.0,410.0,14100.0,4100.0,Goldman's AI Strategy: Transforming Operations & Unlocking New Growth,Zacks,2026-08-04,0.382,“Our Conviction Level Is Really Strong”: Goldman Sachs Sees 90% Upside on Korean Stocks. Here Are the ETFs to Buy if They’re Right.,24/7 Wall St.,2026-08-04,0.0,"The Zacks Analyst Blog Highlights SpaceX, United Health, The Goldman Sachs and Industrial and Commercial Bank",Zacks,2026-08-04,0.421,,,,,,,,,,
BLK,BlackRock,MegaCap,financials,NYSE,1131,+0.81%,+3.06%,+11.86%,+5.42%,-2%,183.924,1.425,27.13,0.77,622101,3492201,17230301,210.0,1.38,buy,1.53,0.81,100.81,0.81,1008.1,8.1,10081.0,81.0,3.06,103.06,3.06,1030.6,30.6,10306.0,306.0,11.86,111.86,11.86,1118.6,118.6,11186.0,1186.0,5.42,105.42,5.42,1054.2,54.2,10542.0,542.0,-2.0,98.0,-2.0,980.0,-20.0,9800.0,-200.0,"Apollo Global Q2 Earnings Miss Estimates, Expenses Increase Y/Y",Zacks,2026-08-04,0.178,"Ford, Google, and BlackRock Say America Needs Millions More Tradespeople. A 63-Year-Old Electrician Should Know the Overtime Catch.",24/7 Wall St.,2026-08-04,0.0,Italy’s Largest Bank Cuts BlackRock Bitcoin ETF Stake 94%: Rotation to Ethereum?,BeInCrypto,2026-08-04,-0.296,,,,,,,,,,
LLY,Eli Lilly,MegaCap,healthcare,NYSE,1116,-0.64%,-8.60%,-7.03%,+3.62%,+50%,994.898,0.506,39.63,3.0,3135365,14152565,53111865,60.0,1.15,buy,1.71,-0.64,99.36,-0.64,993.6,-6.4,9936.0,-64.0,-8.6,91.4,-8.6,914.0,-86.0,9140.0,-860.0,-7.03,92.97,-7.03,929.7,-70.3,9297.0,-703.0,3.62,103.62,3.62,1036.2,36.2,10362.0,362.0,50.0,150.0,50.0,1500.0,500.0,15000.0,5000.0,"Earnings live updates: SpaceX stock slides despite Starlink-driven revenue beat, Paramount stock slips",Yahoo Finance,2026-08-03,0.0,"Dow Jones Futures: S&P 500 Jumps To High; SpaceX, AMD Lead Earnings Movers Late",Investor's Business Daily,2026-08-04,0.0,Novo Nordisk Stock Stumbles On A Key Miss As Its Battle With Eli Lilly Heats Up,Investor's Business Daily,2026-08-04,-0.494,,,,,,,,,,
UNH,UnitedHealth Group,MegaCap,healthcare,NYSE,408,-1.79%,-4.95%,-2.50%,+22.79%,+65%,370.114,0.632,30.67,6.48,5256067,21291967,121500467,224.0,2.13,buy,1.59,-1.79,98.21,-1.79,982.1,-17.9,9821.0,-179.0,-4.95,95.05,-4.95,950.5,-49.5,9505.0,-495.0,-2.5,97.5,-2.5,975.0,-25.0,9750.0,-250.0,22.79,122.79,22.79,1227.9,227.9,12279.0,2279.0,65.0,165.0,65.0,1650.0,650.0,16500.0,6500.0,"The Zacks Analyst Blog Highlights SpaceX, United Health, The Goldman Sachs and Industrial and Commercial Bank",Zacks,2026-08-04,0.421,Why Hims & Hers Is the Perfect Acquisition Target (Even If a Deal Never Happens),24/7 Wall St.,2026-08-04,0.572,UnitedHealth Group (UNH) Expands Tennessee Health Hubs With $4 Million Commitment,Simply Wall St.,2026-08-03,0.459,,,,,,,,,,
JNJ,Johnson & Johnson,MegaCap,healthcare,NYSE,255,+0.07%,-4.42%,-1.70%,+24.31%,+50%,614.355,0.231,29.57,8.27,7256400,36496900,177537900,209.0,1.27,buy,1.91,0.07,100.07,0.07,1000.7,0.7,10007.0,7.0,-4.42,95.58,-4.42,955.8,-44.2,9558.0,-442.0,-1.7,98.3,-1.7,983.0,-17.0,9830.0,-170.0,24.31,124.31,24.31,1243.1,243.1,12431.0,2431.0,50.0,150.0,50.0,1500.0,500.0,15000.0,5000.0,The $85 Billion Consolation Prize For JNJ Shareholders,Trefis,2026-08-04,0.511,"BAYRY Beats on Q2 Earnings, Crop Science Business Boosts Growth",Zacks,2026-08-04,0.599,Goldman Sachs Just Added Microsoft to Its Closely Watched ‘Conviction List.’ Broadcom and ServiceNow Were Removed.,24/7 Wall St.,2026-08-04,0.0,,,,,,,,,,
ABBV,AbbVie,MegaCap,healthcare,NYSE,244,-0.78%,-7.37%,-3.62%,+8.83%,+26%,430.823,0.28,70.46,6.82,5782249,32441749,132751149,282.0,1.42,buy,1.74,-0.78,99.22,-0.78,992.2,-7.8,9922.0,-78.0,-7.37,92.63,-7.37,926.3,-73.7,9263.0,-737.0,-3.62,96.38,-3.62,963.8,-36.2,9638.0,-362.0,8.83,108.83,8.83,1088.3,88.3,10883.0,883.0,26.0,126.0,26.0,1260.0,260.0,12600.0,2600.0,Sector Update: Healthcare Stocks Softer Late Afternoon,MT Newswires,2026-08-04,0.0,The $85 Billion Consolation Prize For JNJ Shareholders,Trefis,2026-08-04,0.511,ABBV Q2 Deep Dive: Immunology and Neuroscience Expansion Shape Outlook Amid Guidance Reset,StockStory,2026-08-04,0.0,,,,,,,,,,
MRK,Merck,MegaCap,healthcare,NYSE,128,+0.24%,-2.90%,+0.96%,+22.01%,+61%,316.138,0.211,36.06,10.08,8332565,42595765,190989365,266.0,1.19,buy,1.82,0.24,100.24,0.24,1002.4,2.4,10024.0,24.0,-2.9,97.1,-2.9,971.0,-29.0,9710.0,-290.0,0.96,100.96,0.96,1009.6,9.6,10096.0,96.0,22.01,122.01,22.01,1220.1,220.1,12201.0,2201.0,61.0,161.0,61.0,1610.0,610.0,16100.0,6100.0,The Merck Product That Absolutely Demolished Wall Street's Forecasts,Investor's Business Daily,2026-08-04,0.0,Merck & Co Inc (MRK) (Q2 2026) Earnings Call Highlights: Strong Revenue Growth and ...,GuruFocus.com,2026-08-04,0.71,Gilead Posts a Loss on Acquisitions but Revenue Tells a Bigger Story,Barrons.com,2026-08-04,-0.166,,,,,,,,,,
TMO,Thermo Fisher Scientific,MegaCap,healthcare,NYSE,565,-1.46%,-2.02%,+9.11%,-4.50%,+23%,208.815,0.847,30.36,2.41,1941807,10455107,48280907,33.0,1.43,buy,1.54,-1.46,98.54,-1.46,985.4,-14.6,9854.0,-146.0,-2.02,97.98,-2.02,979.8,-20.2,9798.0,-202.0,9.11,109.11,9.11,1091.1,91.1,10911.0,911.0,-4.5,95.5,-4.5,955.0,-45.0,9550.0,-450.0,23.0,123.0,23.0,1230.0,230.0,12300.0,2300.0,3 Cash-Producing Stocks We Think Twice About,StockStory,2026-08-03,0.0,Thermo Fisher Raises 2026 Outlook After Strong Second-Quarter Results,Zacks,2026-08-03,0.511,"Unlocking Thermo Fisher (TMO) International Revenues: Trends, Surprises, and Prospects",Zacks,2026-08-03,0.477,10,buy,0.65,"Thermo Fisher rose +11.88% in a month, P/E 30.9 with buy consensus and positive news sentiment; life sciences tools demand is steady.",+11.88% 1M momentum; P/E 30.9 reasonable; buy consensus (1.54); +0.132 news sentiment,,,,,
ABT,Abbott Laboratories,MegaCap,healthcare,NYSE,105,-1.53%,-1.69%,+11.07%,-13.50%,-19%,183.692,0.581,34.13,13.1,5444031,42770931,267893931,238.0,1.61,buy,1.67,-1.53,98.47,-1.53,984.7,-15.3,9847.0,-153.0,-1.69,98.31,-1.69,983.1,-16.9,9831.0,-169.0,11.07,111.07,11.07,1110.7,110.7,11107.0,1107.0,-13.5,86.5,-13.5,865.0,-135.0,8650.0,-1350.0,-19.0,81.0,-19.0,810.0,-190.0,8100.0,-1900.0,Abbott vs Danaher: Which Healthcare Stock Looks Better Positioned Following Earnings?,Insider Monkey,2026-08-04,0.44,SCHD’s 0.06% Fee Hides the Real Cost: How March Reconstitution Triggered $0.8241 Per Share in Surprise Distributions,24/7 Wall St.,2026-08-04,0.382,Abbott Laboratories Lost 16% This Year: One Analyst Sees 35% Gains for the Healthcare Giant,24/7 Wall St.,2026-08-03,0.026,6,buy,0.75,Abbott surged +15.48% in a month and offers a 2.38% dividend yield; P/E 34.2 with buy consensus and positive news sentiment.,+15.48% 1M momentum; 2.38% dividend yield; Buy consensus (1.67); +0.334 news sentiment,,,,,
PG,Procter & Gamble,MegaCap,consumer,NYSE,148,+2.08%,-0.58%,-0.13%,+6.71%,-4%,344.656,0.377,22.32,8.87,7359177,49543277,188945677,301.0,0.99,buy,2.12,2.08,102.08,2.08,1020.8,20.8,10208.0,208.0,-0.58,99.42,-0.58,994.2,-5.8,9942.0,-58.0,-0.13,99.87,-0.13,998.7,-1.3,9987.0,-13.0,6.71,106.71,6.71,1067.1,67.1,10671.0,671.0,-4.0,96.0,-4.0,960.0,-40.0,9600.0,-400.0,"Procter & Gamble to Acquire Thorne for $3.8B, Expanding Personal Health Care Portfolio",WWD,2026-08-04,0.494,P&G to acquire supplement brand Thorne for $3.8 billion,Quartz,2026-08-04,0.0,"Procter & Gamble to acquire Thorne for $3.8 billion, CEO says",Investing.com,2026-08-04,0.0,,,,,,,,,,
KO,Coca-Cola,MegaCap,consumer,NYSE,87,-0.37%,-1.94%,+4.34%,+26.91%,+27%,372.429,0.342,26.23,17.75,15866647,93117447,385894647,244.0,1.12,buy,1.75,-0.37,99.63,-0.37,996.3,-3.7,9963.0,-37.0,-1.94,98.06,-1.94,980.6,-19.4,9806.0,-194.0,4.34,104.34,4.34,1043.4,43.4,10434.0,434.0,26.91,126.91,26.91,1269.1,269.1,12691.0,2691.0,27.0,127.0,27.0,1270.0,270.0,12700.0,2700.0,Suja Defies Grocery Slowdown With Double-Digit Sales Growth in Q2,Exec Edge,2026-08-04,0.382,Coca-Cola and PepsiCo Both Saw the Health Trend Coming. Only One of Them Actually Got Ahead of It.,Motley Fool,2026-08-04,0.0,Are Consumer Staples Stocks Lagging  Coca-Cola (KO) This Year?,Zacks,2026-08-04,-0.273,,,,,,,,,,
PEP,PepsiCo,MegaCap,consumer,NASDAQ,139,-0.22%,-2.63%,-2.92%,-0.29%,+0%,190.011,0.361,18.25,8.75,8494172,41482772,192838272,424.0,2.66,hold,2.67,-0.22,99.78,-0.22,997.8,-2.2,9978.0,-22.0,-2.63,97.37,-2.63,973.7,-26.3,9737.0,-263.0,-2.92,97.08,-2.92,970.8,-29.2,9708.0,-292.0,-0.29,99.71,-0.29,997.1,-2.9,9971.0,-29.0,0.0,100.0,0.0,1000.0,0.0,10000.0,0.0,Suja Defies Grocery Slowdown With Double-Digit Sales Growth in Q2,Exec Edge,2026-08-04,0.382,Coca-Cola and PepsiCo Both Saw the Health Trend Coming. Only One of Them Actually Got Ahead of It.,Motley Fool,2026-08-04,0.0,Coca-Cola Stock Keeps Pace With The Market Without Following It,Trefis,2026-08-03,0.0,,,,,,,,,,
MCD,McDonald's,MegaCap,consumer,NYSE,268,+0.52%,-1.71%,-3.99%,-10.42%,-9%,190.657,0.419,22.14,4.58,6251638,26348238,101454238,281.0,1.8,buy,2.12,0.52,100.52,0.52,1005.2,5.2,10052.0,52.0,-1.71,98.29,-1.71,982.9,-17.1,9829.0,-171.0,-3.99,96.01,-3.99,960.1,-39.9,9601.0,-399.0,-10.42,89.58,-10.42,895.8,-104.2,8958.0,-1042.0,-9.0,91.0,-9.0,910.0,-90.0,9100.0,-900.0,"Earnings live updates: SpaceX stock slides despite Starlink-driven revenue beat, Paramount stock slips",Yahoo Finance,2026-08-03,0.0,McDonald's Corp (MCD) (Q2 2026) Earnings Call Highlights: Navigating US Execution Challenges ...,GuruFocus.com,2026-08-04,0.077,McDonald's Earnings Win Comes With Warning Sign,GuruFocus.com,2026-08-04,0.34,,,,,,,,,,
NKE,Nike,MegaCap,consumer,NYSE,42,-2.51%,-3.53%,-4.18%,-33.34%,-44%,61.61,1.118,19.78,23.07,24839723,100798723,405244023,393.0,6.7,buy,2.49,-2.51,97.49,-2.51,974.9,-25.1,9749.0,-251.0,-3.53,96.47,-3.53,964.7,-35.3,9647.0,-353.0,-4.18,95.82,-4.18,958.2,-41.8,9582.0,-418.0,-33.34,66.66,-33.34,666.6,-333.4,6666.0,-3334.0,-44.0,56.0,-44.0,560.0,-440.0,5600.0,-4400.0,How Investors May Respond To NIKE (NKE) Ending Pou Sheng China Online Sales From 2027,Simply Wall St.,2026-08-04,0.0,Sector Update: Consumer Stocks Advance Late Afternoon,MT Newswires,2026-08-04,0.0,FSN E-Commerce Ventures Ltd (BOM:543384) (Q1 2027) Earnings Call Highlights: GMV Surges 34% and ...,GuruFocus.com,2026-08-04,0.0,,,,,,,,,,
WMT,Walmart,MegaCap,consumer,NYSE,112,+0.84%,-1.37%,+0.81%,-0.68%,+12%,887.724,0.605,39.28,23.15,29373375,128341975,475635575,89.0,1.68,buy,1.53,0.84,100.84,0.84,1008.4,8.4,10084.0,84.0,-1.37,98.63,-1.37,986.3,-13.7,9863.0,-137.0,0.81,100.81,0.81,1008.1,8.1,10081.0,81.0,-0.68,99.32,-0.68,993.2,-6.8,9932.0,-68.0,12.0,112.0,12.0,1120.0,120.0,11200.0,1200.0,The Toughest Questions AMZN Faced On Its Latest Call,Trefis,2026-08-04,-0.077,I've Been Wrong About Target's Stock for 5 Months. Here's Why I'm Finally Changing My Mind.,Motley Fool,2026-08-04,-0.477,Why Is Walmart Down Year to Date? This Is the Only Answer I Can Think Of.,Motley Fool,2026-08-04,0.0,,,,,,,,,,
COST,Costco,MegaCap,consumer,NASDAQ,948,-0.62%,-1.94%,-0.09%,+11.41%,+1%,420.351,0.86,47.77,2.42,2418982,10501182,48778782,62.0,1.57,buy,2.0,-0.62,99.38,-0.62,993.8,-6.2,9938.0,-62.0,-1.94,98.06,-1.94,980.6,-19.4,9806.0,-194.0,-0.09,99.91,-0.09,999.1,-0.9,9991.0,-9.0,11.41,111.41,11.41,1114.1,114.1,11141.0,1141.0,1.0,101.0,1.0,1010.0,10.0,10100.0,100.0,How this health-food retailer differentiates between TikTok trends & teens' real health needs,Yahoo Finance Video,2026-08-04,0.0,Why Is Walmart Down Year to Date? This Is the Only Answer I Can Think Of.,Motley Fool,2026-08-04,0.0,Costco (COST) Pushes Further Into GLP 1 Weight Loss Prescriptions,Simply Wall St.,2026-08-04,-0.318,,,,,,,,,,
XOM,ExxonMobil,MegaCap,energy-industrial,NYSE,154,-0.92%,+0.60%,+12.84%,+27.22%,+45%,638.156,0.173,25.92,16.74,14030598,71426998,320232898,265.0,1.15,buy,2.4,-0.92,99.08,-0.92,990.8,-9.2,9908.0,-92.0,0.6,100.6,0.6,1006.0,6.0,10060.0,60.0,12.84,112.84,12.84,1128.4,128.4,11284.0,1284.0,27.22,127.22,27.22,1272.2,272.2,12722.0,2722.0,45.0,145.0,45.0,1450.0,450.0,14500.0,4500.0,BP profit more than doubles as Middle East conflict boosts oil prices,Euronews,2026-08-04,0.44,"Exxon Posts Its Best Profit in Four Years, Here’s Where It’ll End The Year",24/7 Wall St.,2026-08-04,0.796,"Oil Extends Losses After US, Qatar Signal Progress on Iran Draft Deal",Oilprice.com,2026-08-04,0.153,8,buy,0.7,"ExxonMobil is up +28.45% YTD and +14.06% in a month, with a 2.65% dividend yield; buy consensus with bullish energy sector tailwinds.",+28.45% YTD; +14.06% 1M; 2.65% dividend yield; buy consensus (2.40),,,,,
CVX,Chevron,MegaCap,energy-industrial,NYSE,190,-1.35%,+1.50%,+13.27%,+24.45%,+29%,379.2,0.488,18.33,9.13,9447158,43695558,170837758,369.0,1.03,buy,1.72,-1.35,98.65,-1.35,986.5,-13.5,9865.0,-135.0,1.5,101.5,1.5,1015.0,15.0,10150.0,150.0,13.27,113.27,13.27,1132.7,132.7,11327.0,1327.0,24.45,124.45,24.45,1244.5,244.5,12445.0,2445.0,29.0,129.0,29.0,1290.0,290.0,12900.0,2900.0,BP profit more than doubles as Middle East conflict boosts oil prices,Euronews,2026-08-04,0.44,"Exxon Posts Its Best Profit in Four Years, Here’s Where It’ll End The Year",24/7 Wall St.,2026-08-04,0.796,"Oil Extends Losses After US, Qatar Signal Progress on Iran Draft Deal",Oilprice.com,2026-08-04,0.153,4,buy,0.8,"Chevron gained +28.66% YTD and +18.79% in a month, supported by 3.62% dividend yield and a P/E of 18.9; strong energy sector momentum.",+28.66% YTD; +18.79% 1M momentum; P/E 18.9 reasonable; 3.62% dividend yield,,,,,
CAT,Caterpillar,MegaCap,energy-industrial,NYSE,877,+4.10%,+4.24%,-9.46%,+47.37%,+88%,403.727,1.605,43.63,3.19,6059222,21268722,69014022,79.0,1.95,buy,2.14,4.1,104.1,4.1,1041.0,41.0,10410.0,410.0,4.24,104.24,4.24,1042.4,42.4,10424.0,424.0,-9.46,90.54,-9.46,905.4,-94.6,9054.0,-946.0,47.37,147.37,47.37,1473.7,473.7,14737.0,4737.0,88.0,188.0,88.0,1880.0,880.0,18800.0,8800.0,"Earnings live updates: SpaceX stock slides despite Starlink-driven revenue beat, Paramount stock slips",Yahoo Finance,2026-08-03,0.0,"Dow Jones Futures: SpaceX, AMD, Arista Lead Earnings Movers After S&P 500 Jumps To High",Investor's Business Daily,2026-08-04,0.0,Even Big Profits Aren’t Enough to Keep Chip Investors Happy,The Wall Street Journal,2026-08-04,0.765,,,,,,,,,,
HON,Honeywell,MegaCap,energy-industrial,NASDAQ,249,+1.07%,+0.70%,+7.62%,+22.38%,+11%,78.851,0.918,9.57,4.64,2887268,15669068,78362468,113.0,3.02,buy,1.92,1.07,101.07,1.07,1010.7,10.7,10107.0,107.0,0.7,100.7,0.7,1007.0,7.0,10070.0,70.0,7.62,107.62,7.62,1076.2,76.2,10762.0,762.0,22.38,122.38,22.38,1223.8,223.8,12238.0,2238.0,11.0,111.0,11.0,1110.0,110.0,11100.0,1100.0,Basic Materials Roundup: Market Talk,The Wall Street Journal,2026-08-04,0.0,Why SYM Beats A Bond At Its Own Game,Trefis,2026-08-04,0.0,Honeywell Aerospace to Post Q2 Earnings: Here's What to Expect,Zacks,2026-08-03,0.0,,,,,,,,,,
GE,GE Aerospace,MegaCap,energy-industrial,NYSE,377,+2.02%,+3.77%,-0.37%,+17.94%,+32%,391.452,1.366,44.44,4.79,4138874,17572174,86763574,52.0,1.44,strong_buy,1.45,2.02,102.02,2.02,1020.2,20.2,10202.0,202.0,3.77,103.77,3.77,1037.7,37.7,10377.0,377.0,-0.37,99.63,-0.37,996.3,-3.7,9963.0,-37.0,17.94,117.94,17.94,1179.4,179.4,11794.0,1794.0,32.0,132.0,32.0,1320.0,320.0,13200.0,3200.0,Boeing's Finished Flight Test Counts Most For A Different Jet,Trefis,2026-08-04,0.0,1 Mid-Cap Stock to Target This Week and 2 We Find Risky,StockStory,2026-08-04,-0.202,Do Wall Street Analysts Like GE Vernova Stock?,Barchart,2026-08-04,0.361,,,,,,,,,,
RTX,RTX Corp,MegaCap,energy-industrial,NYSE,218,+0.47%,-0.30%,+8.22%,+17.26%,+38%,293.717,0.294,38.37,5.46,6379610,27086710,113432110,136.0,1.27,buy,1.87,0.47,100.47,0.47,1004.7,4.7,10047.0,47.0,-0.3,99.7,-0.3,997.0,-3.0,9970.0,-30.0,8.22,108.22,8.22,1082.2,82.2,10822.0,822.0,17.26,117.26,17.26,1172.6,172.6,11726.0,1726.0,38.0,138.0,38.0,1380.0,380.0,13800.0,3800.0,Lockheed Martin is Down 8% in 6 Months: Wall Street Pro Expects 30% Growth Within a Year,24/7 Wall St.,2026-08-04,0.382,Boeing's Finished Flight Test Counts Most For A Different Jet,Trefis,2026-08-04,0.0,"Lockheed, Northrop Team Up To Rebuild Weapon Stockpile",Investor's Business Daily,2026-08-04,-0.296,9,buy,0.7,"RTX gained +15.8% YTD and +12.22% in a month, with a 1.36% dividend yield and buy consensus; defense spending provides a macro tailwind.",+12.22% 1M momentum; +15.8% YTD; 1.36% dividend yield; buy consensus (1.87),,,,,
BA,Boeing,MegaCap,energy-industrial,NYSE,237,+1.50%,+7.04%,+1.12%,+4.12%,-4%,187.307,1.221,85.31,6.45,6467108,39474308,131433908,,0.02,buy,1.61,1.5,101.5,1.5,1015.0,15.0,10150.0,150.0,7.04,107.04,7.04,1070.4,70.4,10704.0,704.0,1.12,101.12,1.12,1011.2,11.2,10112.0,112.0,4.12,104.12,4.12,1041.2,41.2,10412.0,412.0,-4.0,96.0,-4.0,960.0,-40.0,9600.0,-400.0,Albany International Q2 Earnings Call Highlights,MarketBeat,2026-08-04,0.0,The $280 Million Reason Boeing Missed—and Why Wall Street Shrugged It Off,Insider Monkey,2026-08-04,0.0,Boeing's 737 MAX 7 Was Supposed to Be Flying in 2019. The FAA Certified It Monday.,Motley Fool,2026-08-04,0.0,,,,,,,,,,
AMD,Advanced Micro Devices,MegaCap,tech-semis,NASDAQ,519,+4.85%,+14.07%,-6.06%,+132.06%,+173%,845.597,2.489,172.86,32.89,37266340,157545840,619699340,,2.45,strong_buy,1.49,4.85,104.85,4.85,1048.5,48.5,10485.0,485.0,14.07,114.07,14.07,1140.7,140.7,11407.0,1407.0,-6.06,93.94,-6.06,939.4,-60.6,9394.0,-606.0,132.06,232.06,132.06,2320.6,1320.6,23206.0,13206.0,173.0,273.0,173.0,2730.0,1730.0,27300.0,17300.0,Tech stocks today: SpaceX and AMD post quarterly results; investors weren't impressed.,Yahoo Finance,2026-08-03,-0.372,"AMD beats on Q2 earnings estimates, but also reports massive capex spend",Yahoo Finance Video,2026-08-04,0.0,"SpaceX's first earnings, AMD Q2 results, JOLTS data: What to Watch",Yahoo Finance Video,2026-08-04,0.0,,,,,,,,,,
QCOM,Qualcomm,MegaCap,tech-semis,NASDAQ,163,+6.95%,-0.13%,-12.77%,-5.01%,+1%,170.803,1.663,18.59,21.64,15323813,86413213,296355113,249.0,3.83,hold,2.57,6.95,106.95,6.95,1069.5,69.5,10695.0,695.0,-0.13,99.87,-0.13,998.7,-1.3,9987.0,-13.0,-12.77,87.23,-12.77,872.3,-127.7,8723.0,-1277.0,-5.01,94.99,-5.01,949.9,-50.1,9499.0,-501.0,1.0,101.0,1.0,1010.0,10.0,10100.0,100.0,"Marvell, Sandisk, SK Hynix lead semiconductor stock rally as S&P 500 trades at record highs",Yahoo Finance,2026-08-04,0.0,"Marvell Technology Stock Is On Sale, But Is It A Bargain?",Trefis,2026-08-04,0.296,Should You Reconsider QCOM Stock Amid Downward Estimate Revisions?,Zacks,2026-08-04,0.0,,,,,,,,,,
AVGO,Broadcom,MegaCap,tech-semis,NASDAQ,418,+6.62%,+9.78%,+11.84%,+20.74%,+33%,1989.43,1.473,69.23,26.27,28050687,110770987,457148787,67.0,1.47,strong_buy,1.31,6.62,106.62,6.62,1066.2,66.2,10662.0,662.0,9.78,109.78,9.78,1097.8,97.8,10978.0,978.0,11.84,111.84,11.84,1118.4,118.4,11184.0,1184.0,20.74,120.74,20.74,1207.4,207.4,12074.0,2074.0,33.0,133.0,33.0,1330.0,330.0,13300.0,3300.0,"Marvell, Sandisk, SK Hynix lead semiconductor stock rally as S&P 500 trades at record highs",Yahoo Finance,2026-08-04,0.0,"Marvell Technology Stock Is On Sale, But Is It A Bargain?",Trefis,2026-08-04,0.296,"Intel, AMD Lead Powerful Chip Stocks Rally on AI Optimism",GuruFocus.com,2026-08-04,0.743,,,,,,,,,,
TSM,Taiwan Semiconductor,MegaCap,tech-semis,NYSE,417,+1.80%,+6.34%,-7.66%,+31.20%,+74%,2163.641,1.258,36.82,14.44,12339502,76146902,326700302,94.0,0.69,strong_buy,1.42,1.8,101.8,1.8,1018.0,18.0,10180.0,180.0,6.34,106.34,6.34,1063.4,63.4,10634.0,634.0,-7.66,92.34,-7.66,923.4,-76.6,9234.0,-766.0,31.2,131.2,31.2,1312.0,312.0,13120.0,3120.0,74.0,174.0,74.0,1740.0,740.0,17400.0,7400.0,Taiwan Semiconductor's AI Push Hits Surprising Milestone,GuruFocus.com,2026-08-04,0.273,MediaTek Wants 20% of Custom AI Chips. Alphabet (GOOGL) Could Win Before Broadcom (AVGO) Loses,Insider Monkey,2026-08-04,0.361,Secretive AI Lab Chasing ‘Superintelligence’ Announces Massive Investment From NVIDIA. Here’s Why it Matters.,24/7 Wall St.,2026-08-04,0.026,,,,,,,,,,
ASML,ASML Holding,MegaCap,tech-semis,NASDAQ,1712,+3.67%,+8.15%,-6.08%,+47.80%,+136%,657.537,1.365,58.71,2.01,1522531,9270631,43283631,56.0,0.33,strong_buy,1.39,3.67,103.67,3.67,1036.7,36.7,10367.0,367.0,8.15,108.15,8.15,1081.5,81.5,10815.0,815.0,-6.08,93.92,-6.08,939.2,-60.8,9392.0,-608.0,47.8,147.8,47.8,1478.0,478.0,14780.0,4780.0,136.0,236.0,136.0,2360.0,1360.0,23600.0,13600.0,Lam Research Plunges 16% in a Month: Should You Still Buy the Stock?,Zacks,2026-08-04,0.0,ASML (ENXTAM:ASML) Just Raised Its Interim Dividend 17% And Backed 2026 Guidance,Simply Wall St.,2026-08-04,0.026,BE Semiconductor Stock Rises 5% on Berenberg Upgrade,GuruFocus.com,2026-08-04,0.0,,,,,,,,,,
ARM,Arm Holdings,MegaCap,tech-semis,NASDAQ,281,+15.20%,+14.64%,-12.93%,+144.54%,+75%,299.638,3.909,286.29,10.39,9577670,45081070,141643670,,12.02,buy,1.9,15.2,115.2,15.2,1152.0,152.0,11520.0,1520.0,14.64,114.64,14.64,1146.4,146.4,11464.0,1464.0,-12.93,87.07,-12.93,870.7,-129.3,8707.0,-1293.0,144.54,244.54,144.54,2445.4,1445.4,24454.0,14454.0,75.0,175.0,75.0,1750.0,750.0,17500.0,7500.0,Why Arm Holdings Stock Lost 34% in July,Motley Fool,2026-08-04,-0.318,Arm Quietly Builds Its Next Big AI Advantage,GuruFocus.com,2026-08-03,0.25,ARM Stock: A $1 Billion AGI CPU Opportunity Could End Up Being Much Bigger Than Wall Street Expects,Barchart,2026-08-03,0.421,,,,,,,,,,
INTC,Intel,MegaCap,tech-semis,NASDAQ,101,+9.16%,+16.87%,-17.46%,+156.12%,+347%,508.738,2.241,,129.43,117064891,615455191,2548899591,,2.4,hold,2.56,9.16,109.16,9.16,1091.6,91.6,10916.0,916.0,16.87,116.87,16.87,1168.7,168.7,11687.0,1687.0,-17.46,82.54,-17.46,825.4,-174.6,8254.0,-1746.0,156.12,256.12,156.12,2561.2,1561.2,25612.0,15612.0,347.0,447.0,347.0,4470.0,3470.0,44700.0,34700.0,"Marvell, Sandisk, SK Hynix lead semiconductor stock rally as S&P 500 trades at record highs",Yahoo Finance,2026-08-04,0.0,"Marvell Technology Stock Is On Sale, But Is It A Bargain?",Trefis,2026-08-04,0.296,"Intel, AMD Lead Powerful Chip Stocks Rally on AI Optimism",GuruFocus.com,2026-08-04,0.743,,,,,,,,,,
2222.SR,Saudi Aramco,MegaCap,global-growth,TADAWUL,7.16,-0.66%,+2.28%,+3.07%,+15.51%,+10%,1732.695,0.009,17.47,11.38,18655451,56397882,188321568,500.0,,buy,2.11,-0.66,99.34,-0.66,993.4,-6.6,9934.0,-66.0,2.28,102.28,2.28,1022.8,22.8,10228.0,228.0,3.07,103.07,3.07,1030.7,30.7,10307.0,307.0,15.51,115.51,15.51,1155.1,155.1,11551.0,1551.0,10.0,110.0,10.0,1100.0,100.0,11000.0,1000.0,"U.S. Stocks Jump, Oil Drops After Bessent Says Iran Deal Could Be Close",The Wall Street Journal,2026-08-04,0.0,Big oil companies continue to post banner profits as fighting in Iran drives prices higher,Associated Press,2026-08-04,0.103,Oil companies are profiting from the US-Iran war. That’s a political headache for Trump,CNN Business,2026-08-04,-0.318,,,,,,,,,,
BABA,Alibaba Group,MegaCap,global-growth,NYSE,129,+0.92%,+11.98%,+31.74%,-16.42%,+4%,309.173,0.51,19.84,12.79,9574444,58196344,267769344,86.0,1.79,strong_buy,1.32,0.92,100.92,0.92,1009.2,9.2,10092.0,92.0,11.98,111.98,11.98,1119.8,119.8,11198.0,1198.0,31.74,131.74,31.74,1317.4,317.4,13174.0,3174.0,-16.42,83.58,-16.42,835.8,-164.2,8358.0,-1642.0,4.0,104.0,4.0,1040.0,40.0,10400.0,400.0,DeepSeek Matched Gemini 3.6 Flash at 3 Cents Per Benchmark Test. Alibaba (BABA) Is Turning Alphabet’s (GOOGL) China Problem Into a Price War,Insider Monkey,2026-08-04,-0.765,‘I’d Be Petrified’: Steve Eisman Says Cheap Chinese AI Models Could Wreck OpenAI and Anthropic’s Valuations,24/7 Wall St.,2026-08-04,-0.44,Intel (INTC) Faces New AI And Packaging Pressure From China And TSMC,Simply Wall St.,2026-08-04,-0.296,3,strong_buy,0.85,Shares jumped +24.76% in a month after unveiling Qwen3.8-Max AI model rivaling Anthropic; P/E 18.8 with strong_buy consensus and bullish retail sentiment.,+24.76% 1M momentum; +9.02% 1W; P/E 18.8 cheap; strong_buy consensus (1.32),,,,,
SAP,SAP SE,MegaCap,global-growth,NYSE,195,+3.43%,+9.11%,+21.81%,-16.05%,-36%,225.635,0.757,24.71,3.27,2685320,18870220,74831220,154.0,0.83,buy,1.56,3.43,103.43,3.43,1034.3,34.3,10343.0,343.0,9.11,109.11,9.11,1091.1,91.1,10911.0,911.0,21.81,121.81,21.81,1218.1,218.1,12181.0,2181.0,-16.05,83.95,-16.05,839.5,-160.5,8395.0,-1605.0,-36.0,64.0,-36.0,640.0,-360.0,6400.0,-3600.0,SAP (XTRA:SAP) Launches AI Agent Hub As AI Governance Reaches The Boardroom,Simply Wall St.,2026-08-04,0.052,European Equities Traded in the US as American Depositary Receipts Decline in Monday Trading,MT Newswires,2026-08-03,0.0,European Equities Traded in the US as American Depositary Receipts Track Sharply Higher in Thursday Trading,MT Newswires,2026-07-30,0.0,5,buy,0.8,"SAP rallied +15.38% in a month and +14.76% in a week, with a 1.6% dividend yield and buy consensus; enterprise software demand is robust.",+15.38% 1M momentum; +14.76% 1W; P/E 24.0 fair; 1.6% dividend yield,,,,,
SONY,Sony Group,MegaCap,global-growth,NYSE,22,-0.84%,-1.59%,+5.62%,-13.64%,-5%,131.25,0.759,18.94,6.6,5166011,37332911,117115511,68.0,0.25,strong_buy,1.5,-0.84,99.16,-0.84,991.6,-8.4,9916.0,-84.0,-1.59,98.41,-1.59,984.1,-15.9,9841.0,-159.0,5.62,105.62,5.62,1056.2,56.2,10562.0,562.0,-13.64,86.36,-13.64,863.6,-136.4,8636.0,-1364.0,-5.0,95.0,-5.0,950.0,-50.0,9500.0,-500.0,Why Sony Group (TSE:6758) Is Up 11.1% After Raising Full-Year Earnings Guidance – And What's Next,Simply Wall St.,2026-08-03,0.0,PlayStation’s digital pivot offers a crash course in CFO communication,CFO.com,2026-08-03,-0.402,Sony (TSE:6758) Stock Still Looks Cheap Despite Its 80% Five Year Run,Simply Wall St.,2026-08-03,0.0,7,strong_buy,0.75,"Sony climbed +15.09% in a month and +10.87% in a week, with a P/E of 20.4 and strong_buy consensus; cheap valuation supports upside.",+15.09% 1M momentum; +10.87% 1W; P/E 20.4 attractive; strong_buy consensus (1.50),,,,,
TM,Toyota Motor,MegaCap,global-growth,NYSE,189,+1.64%,+1.54%,+5.21%,-13.17%,+4%,223.997,0.335,10.09,0.52,539140,2722840,10251140,332.0,0.07,strong_buy,1.5,1.64,101.64,1.64,1016.4,16.4,10164.0,164.0,1.54,101.54,1.54,1015.4,15.4,10154.0,154.0,5.21,105.21,5.21,1052.1,52.1,10521.0,521.0,-13.17,86.83,-13.17,868.3,-131.7,8683.0,-1317.0,4.0,104.0,4.0,1040.0,40.0,10400.0,400.0,Why a stronger yen could mean trouble for Japanese automakers,Yahoo Finance Video,2026-08-04,-0.026,"Toyota boosts guidance, announces $6 billion share buyback as fiscal Q1 results shine",Yahoo Finance,2026-08-03,0.542,"Stocks to Watch: Palantir, SpaceX, HSBC",The Wall Street Journal,2026-08-04,0.0,,,,,,,,,,
NVO,Novo Nordisk,MegaCap,global-growth,NYSE,44,-6.11%,-13.11%,-10.11%,-12.38%,+0%,195.802,0.349,10.52,12.42,45688713,103654313,249494613,383.0,0.98,buy,2.43,-6.11,93.89,-6.11,938.9,-61.1,9389.0,-611.0,-13.11,86.89,-13.11,868.9,-131.1,8689.0,-1311.0,-10.11,89.89,-10.11,898.9,-101.1,8989.0,-1011.0,-12.38,87.62,-12.38,876.2,-123.8,8762.0,-1238.0,0.0,100.0,0.0,1000.0,0.0,10000.0,0.0,"Earnings live updates: SpaceX stock slides despite Starlink-driven revenue beat, Paramount stock slips",Yahoo Finance,2026-08-03,0.0,Novo Nordisk Stock Stumbles On A Key Miss As Its Battle With Eli Lilly Heats Up,Investor's Business Daily,2026-08-04,-0.494,NVO Stock Drops 6% Despite Raised Guidance As Investors Worry About Injectable GLP-1 Sales Future,Stocktwits,2026-08-04,-0.44,,,,,,,,,,
HSBC,HSBC Holdings,MegaCap,global-growth,NYSE,106,-1.61%,+2.26%,+7.39%,+36.27%,+72%,363.679,0.577,17.53,1.55,2126205,8190205,29792905,348.0,,buy,2.33,-1.61,98.39,-1.61,983.9,-16.1,9839.0,-161.0,2.26,102.26,2.26,1022.6,22.6,10226.0,226.0,7.39,107.39,7.39,1073.9,73.9,10739.0,739.0,36.27,136.27,36.27,1362.7,362.7,13627.0,3627.0,72.0,172.0,72.0,1720.0,720.0,17200.0,7200.0,"HSBC (LSE:HSBA) Delivers Strong Q2 Profit, Starts Buyback, And Sells Egypt Retail Unit",Simply Wall St.,2026-08-04,0.735,"Stocks to Watch: Palantir, SpaceX, HSBC",The Wall Street Journal,2026-08-04,0.0,Is Hancock Whitney's OFB Acquisition Set to Drive Long-Term Growth?,Zacks,2026-08-04,0.382,,,,,,,,,,
AAPL,Apple,Tech,mega-cap,NASDAQ,309.38,+1.92%,-9.03%,-1.05%,+14.37%,+52%,4515.147,1.086,35.52,56.63,67778746,406228446,1216174946,35.0,1.0,buy,2.07,1.92,101.92,1.92,1019.2,19.2,10192.0,192.0,-9.03,90.97,-9.03,909.7,-90.3,9097.0,-903.0,-1.05,98.95,-1.05,989.5,-10.5,9895.0,-105.0,14.37,114.37,14.37,1143.7,143.7,11437.0,1437.0,52.0,152.0,52.0,1520.0,520.0,15200.0,5200.0,"Google Should Be Forced To Shed Chrome, Advocacy Group Argues",MediaPost,2026-08-04,-0.681,OpenAI Calls Apple’s Trade-Secret Suit ‘Careless’ and ‘Oddly Personal’,The Wall Street Journal,2026-08-04,0.0,Apple Scores Major Win in One of Its Biggest Markets,GuruFocus.com,2026-08-04,0.624,,,,,,,,,,
MSFT,Microsoft,Tech,mega-cap,NASDAQ,492.81,+1.82%,+25.29%,+27.43%,+4.67%,-12%,3659.383,1.099,26.19,40.53,49565875,334543675,841251275,75.0,1.24,strong_buy,1.36,1.82,101.82,1.82,1018.2,18.2,10182.0,182.0,25.29,125.29,25.29,1252.9,252.9,12529.0,2529.0,27.43,127.43,27.43,1274.3,274.3,12743.0,2743.0,4.67,104.67,4.67,1046.7,46.7,10467.0,467.0,-12.0,88.0,-12.0,880.0,-120.0,8800.0,-1200.0,What Southern Copper (SCCO)'s Record Q2 Dividend and Earnings Amid Lower Output Means For Shareholders,Simply Wall St.,2026-08-04,-0.296,The Toughest Questions AMZN Faced On Its Latest Call,Trefis,2026-08-04,-0.077,The Unusual Cash Offer Sitting In IBM Stock,Trefis,2026-08-04,0.0,1,strong_buy,0.95,"Azure revenue surged 43% to $100B annual run rate, backlog hit $678B, and EPS of $4.74 beat estimates; stock surged +20.93% in 1M and +21.75% in 1W with strong_buy consensus (score 1.35) and positive news sentiment 0.219 [fool.com](https://www.fool.com/investing/2026/08/02/why-microsoft-stock-is-surging/).",Azure 43% growth; $678B backlog; EPS beat $4.74 vs $4.24 est; 1M momentum +20.93%,,,,,
GOOGL,Alphabet (Google),Tech,mega-cap,NASDAQ,377.65,+1.82%,+13.17%,+3.05%,+19.99%,+83%,4618.634,1.237,18.93,32.65,35493839,178331139,674476339,25.0,1.34,strong_buy,1.39,1.82,101.82,1.82,1018.2,18.2,10182.0,182.0,13.17,113.17,13.17,1131.7,131.7,11317.0,1317.0,3.05,103.05,3.05,1030.5,30.5,10305.0,305.0,19.99,119.99,19.99,1199.9,199.9,11999.0,1999.0,83.0,183.0,83.0,1830.0,830.0,18300.0,8300.0,Tech stocks today: SpaceX and AMD post quarterly results; investors weren't impressed.,Yahoo Finance,2026-08-03,-0.372,"SpaceX Second-Quarter Loss Narrows, Revenue Tops Views on Connectivity, AI Gains",MT Newswires,2026-08-04,0.527,Chatham Lodging Trust Q2 2026 Earnings Call Summary,Moby,2026-08-04,0.511,8,strong_buy,0.75,"YTD +13.15%, 1W +11.38%, 1D +6.10% with strong_buy consensus (score 1.39) and attractive P/E 17.86; news sentiment slightly negative but fundamentals solid.",P/E 17.86; 1W +11.38%; strong_buy consensus; YTD +13.15%,,,,,
AMZN,Amazon,Tech,mega-cap,NASDAQ,277.42,-0.78%,+20.17%,+13.62%,+22.48%,+27%,2992.339,1.454,22.3,49.46,69522809,436205109,1071383409,,1.09,strong_buy,1.35,-0.78,99.22,-0.78,992.2,-7.8,9922.0,-78.0,20.17,120.17,20.17,1201.7,201.7,12017.0,2017.0,13.62,113.62,13.62,1136.2,136.2,11362.0,1362.0,22.48,122.48,22.48,1224.8,224.8,12248.0,2248.0,27.0,127.0,27.0,1270.0,270.0,12700.0,2700.0,"Stock Market Today: Dow, S&P 500 Hit New Highs; SpaceX Jumps Ahead Of Q2 Report",Investor's Business Daily,2026-08-04,0.0,"Jeff Bezos Is Pushing Amazon's Prime Video Into an AI Showcase, a Sign of How the Company Plans to Justify Its AI Spending",Motley Fool,2026-08-04,0.0,The Toughest Questions AMZN Faced On Its Latest Call,Trefis,2026-08-04,-0.077,2,strong_buy,0.9,"AWS revenue grew 37% to $42.2B, beating 31% consensus, and contract backlog expanded to $496B; stock gained +12.36% 1M and +17% 1W with strong_buy consensus and P/E 21.83 [tradingpedia.com](https://www.tradingpedia.com/2026/08/03/amazon-boosts-ai-capex-as-aws-growth-accelerates/).",AWS 37% revenue growth; $496B backlog; 1W momentum +17%; P/E 21.83,,,,,
META,Meta Platforms,Tech,mega-cap,NASDAQ,587.94,-0.25%,-0.92%,-2.06%,-9.44%,-27%,1497.781,1.243,22.14,18.15,16729236,131571436,422865836,38.0,1.72,strong_buy,1.35,-0.25,99.75,-0.25,997.5,-2.5,9975.0,-25.0,-0.92,99.08,-0.92,990.8,-9.2,9908.0,-92.0,-2.06,97.94,-2.06,979.4,-20.6,9794.0,-206.0,-9.44,90.56,-9.44,905.6,-94.4,9056.0,-944.0,-27.0,73.0,-27.0,730.0,-270.0,7300.0,-2700.0,Tech stocks today: SpaceX and AMD post quarterly results; investors weren't impressed.,Yahoo Finance,2026-08-03,-0.372,Pinterest expects slower quarterly revenue growth as ad competition heats up,Reuters,2026-08-04,0.382,The Toughest Questions AMZN Faced On Its Latest Call,Trefis,2026-08-04,-0.077,,,,,,,,,,
NVDA,NVIDIA,Tech,semiconductors,NASDAQ,211.94,+2.48%,+7.58%,+8.38%,+12.36%,+13%,5133.398,2.215,32.51,153.24,130429698,675488798,2823215698,50.0,1.39,strong_buy,1.3,2.48,102.48,2.48,1024.8,24.8,10248.0,248.0,7.58,107.58,7.58,1075.8,75.8,10758.0,758.0,8.38,108.38,8.38,1083.8,83.8,10838.0,838.0,12.36,112.36,12.36,1123.6,123.6,11236.0,1236.0,13.0,113.0,13.0,1130.0,130.0,11300.0,1300.0,Tech stocks today: SpaceX and AMD post quarterly results; investors weren't impressed.,Yahoo Finance,2026-08-03,-0.372,"Marvell, Sandisk, SK Hynix lead semiconductor stock rally as S&P 500 trades at record highs",Yahoo Finance,2026-08-04,0.0,Why AMD is a Yahoo Finance AlphaSpace rockstar,Yahoo Finance,2026-08-04,0.0,,,,,,,,,,
AMD,Advanced Micro Devices,Tech,semiconductors,NASDAQ,518.58,+4.85%,+14.07%,-6.06%,+132.06%,+173%,845.597,2.489,172.86,32.89,37266340,157545840,619699340,,2.45,strong_buy,1.49,4.85,104.85,4.85,1048.5,48.5,10485.0,485.0,14.07,114.07,14.07,1140.7,140.7,11407.0,1407.0,-6.06,93.94,-6.06,939.4,-60.6,9394.0,-606.0,132.06,232.06,132.06,2320.6,1320.6,23206.0,13206.0,173.0,273.0,173.0,2730.0,1730.0,27300.0,17300.0,Tech stocks today: SpaceX and AMD post quarterly results; investors weren't impressed.,Yahoo Finance,2026-08-03,-0.372,"AMD beats on Q2 earnings estimates, but also reports massive capex spend",Yahoo Finance Video,2026-08-04,0.0,"SpaceX's first earnings, AMD Q2 results, JOLTS data: What to Watch",Yahoo Finance Video,2026-08-04,0.0,,,,,,,,,,
INTC,Intel,Tech,semiconductors,NASDAQ,100.86,+9.16%,+16.87%,-17.46%,+156.12%,+347%,508.737,2.241,,129.43,117064891,615455191,2548899591,,2.4,hold,2.56,9.16,109.16,9.16,1091.6,91.6,10916.0,916.0,16.87,116.87,16.87,1168.7,168.7,11687.0,1687.0,-17.46,82.54,-17.46,825.4,-174.6,8254.0,-1746.0,156.12,256.12,156.12,2561.2,1561.2,25612.0,15612.0,347.0,447.0,347.0,4470.0,3470.0,44700.0,34700.0,"Marvell, Sandisk, SK Hynix lead semiconductor stock rally as S&P 500 trades at record highs",Yahoo Finance,2026-08-04,0.0,"Marvell Technology Stock Is On Sale, But Is It A Bargain?",Trefis,2026-08-04,0.296,"Intel, AMD Lead Powerful Chip Stocks Rally on AI Optimism",GuruFocus.com,2026-08-04,0.743,,,,,,,,,,
TSM,Taiwan Semiconductor,Tech,semiconductors,NYSE,417.17,+1.80%,+6.34%,-7.66%,+31.20%,+74%,2163.641,1.258,36.82,14.44,12339502,76146902,326700302,94.0,0.69,strong_buy,1.42,1.8,101.8,1.8,1018.0,18.0,10180.0,180.0,6.34,106.34,6.34,1063.4,63.4,10634.0,634.0,-7.66,92.34,-7.66,923.4,-76.6,9234.0,-766.0,31.2,131.2,31.2,1312.0,312.0,13120.0,3120.0,74.0,174.0,74.0,1740.0,740.0,17400.0,7400.0,Taiwan Semiconductor's AI Push Hits Surprising Milestone,GuruFocus.com,2026-08-04,0.273,MediaTek Wants 20% of Custom AI Chips. Alphabet (GOOGL) Could Win Before Broadcom (AVGO) Loses,Insider Monkey,2026-08-04,0.361,Secretive AI Lab Chasing ‘Superintelligence’ Announces Massive Investment From NVIDIA. Here’s Why it Matters.,24/7 Wall St.,2026-08-04,0.026,,,,,,,,,,
AVGO,Broadcom,Tech,semiconductors,NASDAQ,418.16,+6.62%,+9.78%,+11.84%,+20.74%,+33%,1989.43,1.473,69.23,26.27,28050687,110770987,457148787,67.0,1.47,strong_buy,1.31,6.62,106.62,6.62,1066.2,66.2,10662.0,662.0,9.78,109.78,9.78,1097.8,97.8,10978.0,978.0,11.84,111.84,11.84,1118.4,118.4,11184.0,1184.0,20.74,120.74,20.74,1207.4,207.4,12074.0,2074.0,33.0,133.0,33.0,1330.0,330.0,13300.0,3300.0,"Marvell, Sandisk, SK Hynix lead semiconductor stock rally as S&P 500 trades at record highs",Yahoo Finance,2026-08-04,0.0,"Marvell Technology Stock Is On Sale, But Is It A Bargain?",Trefis,2026-08-04,0.296,"Intel, AMD Lead Powerful Chip Stocks Rally on AI Optimism",GuruFocus.com,2026-08-04,0.743,5,strong_buy,0.8,"YTD +12.40%, 1M +5.40%, 1W +1.93% with strong_buy consensus (score 1.31) and P/E 64.99 reflecting AI infrastructure demand; stable momentum.",strong_buy consensus 1.31; YTD +12.40%; 1M +5.40%; P/E 64.99,,,,,
QCOM,Qualcomm,Tech,semiconductors,NASDAQ,162.67,+6.95%,-0.13%,-12.77%,-5.01%,+1%,170.803,1.663,18.59,21.64,15323813,86413213,296355113,249.0,3.83,hold,2.57,6.95,106.95,6.95,1069.5,69.5,10695.0,695.0,-0.13,99.87,-0.13,998.7,-1.3,9987.0,-13.0,-12.77,87.23,-12.77,872.3,-127.7,8723.0,-1277.0,-5.01,94.99,-5.01,949.9,-50.1,9499.0,-501.0,1.0,101.0,1.0,1010.0,10.0,10100.0,100.0,"Marvell, Sandisk, SK Hynix lead semiconductor stock rally as S&P 500 trades at record highs",Yahoo Finance,2026-08-04,0.0,"Marvell Technology Stock Is On Sale, But Is It A Bargain?",Trefis,2026-08-04,0.296,Should You Reconsider QCOM Stock Amid Downward Estimate Revisions?,Zacks,2026-08-04,0.0,,,,,,,,,,
ARM,Arm Holdings,Tech,semiconductors,NASDAQ,280.56,+15.20%,+14.64%,-12.93%,+144.54%,+75%,299.638,3.909,286.29,10.39,9577670,45081070,141643670,,12.02,buy,1.9,15.2,115.2,15.2,1152.0,152.0,11520.0,1520.0,14.64,114.64,14.64,1146.4,146.4,11464.0,1464.0,-12.93,87.07,-12.93,870.7,-129.3,8707.0,-1293.0,144.54,244.54,144.54,2445.4,1445.4,24454.0,14454.0,75.0,175.0,75.0,1750.0,750.0,17500.0,7500.0,Why Arm Holdings Stock Lost 34% in July,Motley Fool,2026-08-04,-0.318,Arm Quietly Builds Its Next Big AI Advantage,GuruFocus.com,2026-08-03,0.25,ARM Stock: A $1 Billion AGI CPU Opportunity Could End Up Being Much Bigger Than Wall Street Expects,Barchart,2026-08-03,0.421,,,,,,,,,,
ASML,ASML Holding,Tech,semiconductors,NASDAQ,1711.89,+3.67%,+8.15%,-6.08%,+47.80%,+136%,657.537,1.365,58.71,2.01,1522531,9270631,43283631,56.0,0.33,strong_buy,1.39,3.67,103.67,3.67,1036.7,36.7,10367.0,367.0,8.15,108.15,8.15,1081.5,81.5,10815.0,815.0,-6.08,93.92,-6.08,939.2,-60.8,9392.0,-608.0,47.8,147.8,47.8,1478.0,478.0,14780.0,4780.0,136.0,236.0,136.0,2360.0,1360.0,23600.0,13600.0,Lam Research Plunges 16% in a Month: Should You Still Buy the Stock?,Zacks,2026-08-04,0.0,ASML (ENXTAM:ASML) Just Raised Its Interim Dividend 17% And Backed 2026 Guidance,Simply Wall St.,2026-08-04,0.026,BE Semiconductor Stock Rises 5% on Berenberg Upgrade,GuruFocus.com,2026-08-04,0.0,,,,,,,,,,
MU,Micron Technology,Tech,semiconductors,NASDAQ,892.67,+6.17%,+8.79%,-9.35%,+183.17%,+655%,1008.175,2.213,20.19,53.78,35997655,266064655,1010913355,6.0,3.21,strong_buy,1.41,6.17,106.17,6.17,1061.7,61.7,10617.0,617.0,8.79,108.79,8.79,1087.9,87.9,10879.0,879.0,-9.35,90.65,-9.35,906.5,-93.5,9065.0,-935.0,183.17,283.17,183.17,2831.7,1831.7,28317.0,18317.0,655.0,755.0,655.0,7550.0,6550.0,75500.0,65500.0,"Marvell, Sandisk, SK Hynix lead semiconductor stock rally as S&P 500 trades at record highs",Yahoo Finance,2026-08-04,0.0,"Micron pullback seen as buying opportunity amid solid end-demand, says BofA",Proactive,2026-08-04,0.527,Micron Stock Soars After New AI Storage Platform Debut,GuruFocus.com,2026-08-04,0.0,,,,,,,,,,
AMAT,Applied Materials,Tech,semiconductors,NASDAQ,546.62,+4.78%,+14.73%,-7.79%,+103.81%,+183%,433.994,1.618,51.47,9.86,7844590,43568190,182982290,42.0,2.11,strong_buy,1.46,4.78,104.78,4.78,1047.8,47.8,10478.0,478.0,14.73,114.73,14.73,1147.3,147.3,11473.0,1473.0,-7.79,92.21,-7.79,922.1,-77.9,9221.0,-779.0,103.81,203.81,103.81,2038.1,1038.1,20381.0,10381.0,183.0,283.0,183.0,2830.0,1830.0,28300.0,18300.0,Chatham Lodging Trust Q2 2026 Earnings Call Summary,Moby,2026-08-04,0.511,Lam Research Plunges 16% in a Month: Should You Still Buy the Stock?,Zacks,2026-08-04,0.0,Goldman Sachs Just Added Microsoft to Its Closely Watched ‘Conviction List.’ Broadcom and ServiceNow Were Removed.,24/7 Wall St.,2026-08-04,0.0,,,,,,,,,,
ORCL,Oracle,Tech,enterprise-software,NYSE,145.74,+2.17%,+21.49%,+1.73%,-24.81%,-49%,419.8,1.718,25.0,30.88,36501127,190056927,858717827,154.0,2.91,buy,1.55,2.17,102.17,2.17,1021.7,21.7,10217.0,217.0,21.49,121.49,21.49,1214.9,214.9,12149.0,2149.0,1.73,101.73,1.73,1017.3,17.3,10173.0,173.0,-24.81,75.19,-24.81,751.9,-248.1,7519.0,-2481.0,-49.0,51.0,-49.0,510.0,-490.0,5100.0,-4900.0,Tech stocks today: SpaceX and AMD post quarterly results; investors weren't impressed.,Yahoo Finance,2026-08-03,-0.372,Oracle Hits Troubling Level Not Seen Since 2008,GuruFocus.com,2026-08-04,-0.542,The Unusual Cash Offer Sitting In IBM Stock,Trefis,2026-08-04,0.0,,,,,,,,,,
CRM,Salesforce,Tech,enterprise-software,NYSE,190.99,+3.36%,+5.23%,+15.30%,-24.31%,-26%,156.42,1.152,21.9,15.06,8787984,61709384,277084484,96.0,6.56,buy,1.66,3.36,103.36,3.36,1033.6,33.6,10336.0,336.0,5.23,105.23,5.23,1052.3,52.3,10523.0,523.0,15.3,115.3,15.3,1153.0,153.0,11530.0,1530.0,-24.31,75.69,-24.31,756.9,-243.1,7569.0,-2431.0,-26.0,74.0,-26.0,740.0,-260.0,7400.0,-2600.0,Salesforce (CRM) Lands VA Deal as Its Undervalued Narrative Gets Fresh Support,Simply Wall St.,2026-08-04,0.612,"Salesforce, HubSpot, Okta, Workday, and Datadog Shares Skyrocket, What You Need To Know",StockStory,2026-08-04,0.296,"Oracle's AI Build-Out Is Squeezing Gross Margin, Not Its Valuation",Trefis,2026-08-04,-0.477,6,buy,0.7,"1M +12.74%, 1W +12.44% with buy consensus (score 1.66) and reasonable P/E 21.32; YTD -27.07% offers value entry.",1M +12.74%; 1W +12.44%; P/E 21.32; buy consensus,,,,,
ADBE,Adobe,Tech,enterprise-software,NASDAQ,257.49,+2.21%,+3.33%,+18.08%,-22.75%,-26%,102.352,1.397,14.74,6.47,3953283,30587383,121815283,,5.7,hold,2.73,2.21,102.21,2.21,1022.1,22.1,10221.0,221.0,3.33,103.33,3.33,1033.3,33.3,10333.0,333.0,18.08,118.08,18.08,1180.8,180.8,11808.0,1808.0,-22.75,77.25,-22.75,772.5,-227.5,7725.0,-2275.0,-26.0,74.0,-26.0,740.0,-260.0,7400.0,-2600.0,"Asana, Snowflake, Atlassian, Guidewire Software, and Adobe Stocks Trade Up, What You Need To Know",StockStory,2026-08-04,0.0,How Much Upside Can ADBE Stock's Growth Deliver?,Trefis,2026-08-04,0.382,"Adobe President Anil Chakravarthy Sells 1,498 Shares for Tax Withholding",Motley Fool,2026-08-04,0.296,,,,,,,,,,
NOW,ServiceNow,Tech,enterprise-software,NYSE,118.14,+3.04%,+6.80%,+9.46%,-19.88%,-39%,122.14,0.93,72.04,28.18,19191259,134440059,531986659,,5.4,strong_buy,1.47,3.04,103.04,3.04,1030.4,30.4,10304.0,304.0,6.8,106.8,6.8,1068.0,68.0,10680.0,680.0,9.46,109.46,9.46,1094.6,94.6,10946.0,946.0,-19.88,80.12,-19.88,801.2,-198.8,8012.0,-1988.0,-39.0,61.0,-39.0,610.0,-390.0,6100.0,-3900.0,Goldman Sachs Just Added Microsoft to Its Closely Watched ‘Conviction List.’ Broadcom and ServiceNow Were Removed.,24/7 Wall St.,2026-08-04,0.0,"nCino, Braze, ServiceNow, Health Catalyst, and Palo Alto Networks Shares Are Soaring, What You Need To Know",StockStory,2026-08-04,0.296,"ServiceNow Built a Billion-Dollar Cybersecurity Business, and It's Growing Faster Than the Competition",Motley Fool,2026-08-04,0.178,10,strong_buy,0.65,"1W +12.60%, 1D +2.34% with strong_buy consensus (score 1.47) and positive news sentiment 0.079; YTD -24.56% but strong weekly momentum.",1W +12.60%; strong_buy consensus 1.47; news sentiment 0.079; beta 0.959,,,,,
SNOW,Snowflake,Tech,enterprise-software,NYSE,316.77,+2.65%,+17.17%,+20.86%,+46.17%,+43%,109.792,1.315,,7.85,5020522,35627422,106749522,,6.42,strong_buy,1.49,2.65,102.65,2.65,1026.5,26.5,10265.0,265.0,17.17,117.17,17.17,1171.7,171.7,11717.0,1717.0,20.86,120.86,20.86,1208.6,208.6,12086.0,2086.0,46.17,146.17,46.17,1461.7,461.7,14617.0,4617.0,43.0,143.0,43.0,1430.0,430.0,14300.0,4300.0,Snowflake Trades at a Premium Valuation: Hold or Fold the Stock?,Zacks,2026-08-04,0.0,"Asana, Snowflake, Atlassian, Guidewire Software, and Adobe Stocks Trade Up, What You Need To Know",StockStory,2026-08-04,0.0,"After Palantir’s Blowout Earnings, Here’s Where The Stock Could Head Next",24/7 Wall St.,2026-08-04,0.0,3,strong_buy,0.8,"YTD +35.33%, 1M +12.29%, 1W +9.41% with strong_buy analyst consensus (score 1.49) and highest news sentiment in enterprise software at 0.254.",YTD +35.33%; 1M +12.29%; strong_buy consensus; news sentiment 0.254,,,,,
INTU,Intuit,Tech,enterprise-software,NASDAQ,323.6,+2.24%,+3.39%,+19.44%,-48.11%,-59%,88.516,0.959,19.73,5.38,3305226,21119426,92596326,151.0,6.63,buy,1.86,2.24,102.24,2.24,1022.4,22.4,10224.0,224.0,3.39,103.39,3.39,1033.9,33.9,10339.0,339.0,19.44,119.44,19.44,1194.4,194.4,11944.0,1944.0,-48.11,51.89,-48.11,518.9,-481.1,5189.0,-4811.0,-59.0,41.0,-59.0,410.0,-590.0,4100.0,-5900.0,"Intuit, BILL, Workiva, Elastic, and Autodesk Stocks Trade Up, What You Need To Know",StockStory,2026-08-04,0.0,Intuit cut to Hold at Truist on softening growth outlook; shares dip,Investing.com,2026-08-04,0.402,"Here Are Tuesday’s Top Wall Street Analyst Research Calls: Apple, CoreWeave, eBay, Exxon Mobil, Intuit, Nebius Group, Palantir Technologies, SK hynix, and More",24/7 Wall St.,2026-08-04,0.202,7,buy,0.7,"1M +18.87%, 1W +6.66% with buy consensus (score 1.8) and low P/E 19.27; YTD -49.32% suggests deep value with AI restructuring catalyst.",1M +18.87%; P/E 19.27; buy consensus; AI restructuring,,,,,
CRWD,CrowdStrike,Tech,cybersecurity,NASDAQ,211.22,+4.02%,+16.18%,+5.94%,+86.27%,+73%,215.077,1.234,,12.15,8214387,42515687,187305087,,2.74,buy,1.66,4.02,104.02,4.02,1040.2,40.2,10402.0,402.0,16.18,116.18,16.18,1161.8,161.8,11618.0,1618.0,5.94,105.94,5.94,1059.4,59.4,10594.0,594.0,86.27,186.27,86.27,1862.7,862.7,18627.0,8627.0,73.0,173.0,73.0,1730.0,730.0,17300.0,7300.0,CrowdStrike Stock: Is Wall Street Bullish or Bearish?,Barchart,2026-08-04,0.0,CrowdStrike (CRWD) Stock May Be Above Fair Value On AI Threat Report,Simply Wall St.,2026-08-04,0.077,"CrowdStrike (CRWD) Stock Trades Up, Here Is Why",StockStory,2026-08-04,0.0,,,,,,,,,,
PANW,Palo Alto Networks,Tech,cybersecurity,NASDAQ,366.34,+5.18%,+14.84%,+2.46%,+104.24%,+96%,298.568,0.893,318.56,8.1,8169509,33699909,147113909,,2.52,buy,1.6,5.18,105.18,5.18,1051.8,51.8,10518.0,518.0,14.84,114.84,14.84,1148.4,148.4,11484.0,1484.0,2.46,102.46,2.46,1024.6,24.6,10246.0,246.0,104.24,204.24,104.24,2042.4,1042.4,20424.0,10424.0,96.0,196.0,96.0,1960.0,960.0,19600.0,9600.0,Cybersecurity Stock Could Extend Rally Into August,Schaeffer's Investment Research,2026-08-04,0.178,"nCino, Braze, ServiceNow, Health Catalyst, and Palo Alto Networks Shares Are Soaring, What You Need To Know",StockStory,2026-08-04,0.296,Palo Alto Networks Surges 89% in 3 Months: Hold or Fold the Stock?,Zacks,2026-08-04,0.0,,,,,,,,,,
NET,Cloudflare,Tech,cybersecurity,NYSE,301.33,+6.47%,+14.10%,+21.72%,+53.72%,+34%,106.954,1.66,,4.0,4772274,18006774,68816774,,3.47,buy,1.88,6.47,106.47,6.47,1064.7,64.7,10647.0,647.0,14.1,114.1,14.1,1141.0,141.0,11410.0,1410.0,21.72,121.72,21.72,1217.2,217.2,12172.0,2172.0,53.72,153.72,53.72,1537.2,537.2,15372.0,5372.0,34.0,134.0,34.0,1340.0,340.0,13400.0,3400.0,"Cloudflare poised for second quarter revenue acceleration, says Jefferies",Proactive,2026-08-04,0.25,Cloudflare CEO slams Vail Resorts’ Hornbuckle pick amid $500M Park City bid,Investing.com,2026-08-03,0.0,Cloudflare (NET) Stock May Be Trading At A Premium After A 301% Run,Simply Wall St.,2026-08-03,0.0,4,buy,0.75,"YTD +42.32%, 1M +13.26%, 1W +6.42% with buy consensus and positive news sentiment 0.14; high beta 1.671 reflects growth profile.",YTD +42.32%; 1M +13.26%; buy consensus; news sentiment 0.14,,,,,
FTNT,Fortinet,Tech,cybersecurity,NASDAQ,168.29,+2.43%,+12.21%,+3.66%,+116.09%,+68%,123.477,1.058,59.68,6.42,6428056,41829456,121522056,,2.39,hold,2.68,2.43,102.43,2.43,1024.3,24.3,10243.0,243.0,12.21,112.21,12.21,1122.1,122.1,11221.0,1221.0,3.66,103.66,3.66,1036.6,36.6,10366.0,366.0,116.09,216.09,116.09,2160.9,1160.9,21609.0,11609.0,68.0,168.0,68.0,1680.0,680.0,16800.0,6800.0,Here is Why Growth Investors Should Buy Fortinet (FTNT) Now,Zacks,2026-08-04,0.382,Is Allegro MicroSystems (ALGM) Outperforming Other Computer and Technology Stocks This Year?,Zacks,2026-08-04,0.0,Fortinet (FTNT) Is Up 8.8% After Raising 2026 Revenue Guidance And Launching New AI-Focused Firewall - Has The Bull Case Changed?,Simply Wall St.,2026-08-04,0.0,,,,,,,,,,
NFLX,Netflix,Tech,consumer-platform,NASDAQ,73.57,+0.64%,+1.63%,-3.22%,-19.14%,-38%,306.341,1.514,23.14,44.16,42742380,210510780,1058076180,,2.41,buy,1.73,0.64,100.64,0.64,1006.4,6.4,10064.0,64.0,1.63,101.63,1.63,1016.3,16.3,10163.0,163.0,-3.22,96.78,-3.22,967.8,-32.2,9678.0,-322.0,-19.14,80.86,-19.14,808.6,-191.4,8086.0,-1914.0,-38.0,62.0,-38.0,620.0,-380.0,6200.0,-3800.0,The Toughest Questions AMZN Faced On Its Latest Call,Trefis,2026-08-04,-0.077,Amazon.com Stock Is Cheaper Than The Market On Earnings And Pricier On Cash,Trefis,2026-08-04,0.0,Is YouTube Going After Netflix? This Could Be the Biggest Sign Yet,Motley Fool,2026-08-04,0.0,,,,,,,,,,
SHOP,Shopify,Tech,consumer-platform,NYSE,123.3,+4.54%,-5.36%,+2.63%,-21.56%,-8%,160.0,2.59,120.88,10.54,20781169,60806069,192309669,,2.18,buy,1.71,4.54,104.54,4.54,1045.4,45.4,10454.0,454.0,-5.36,94.64,-5.36,946.4,-53.6,9464.0,-536.0,2.63,102.63,2.63,1026.3,26.3,10263.0,263.0,-21.56,78.44,-21.56,784.4,-215.6,7844.0,-2156.0,-8.0,92.0,-8.0,920.0,-80.0,9200.0,-800.0,Shopify (SHOP) Could Be 21% Undervalued Following Strong Q2 Growth Expectations,Simply Wall St.,2026-08-04,0.71,Why Shopify (SHOP) Shares Are Up Today,StockStory,2026-08-04,0.296,Shopify Q2 Earnings Preview: What To Expect From Upcoming Report,GuruFocus.com,2026-08-04,0.0,,,,,,,,,,
SPOT,Spotify,Tech,consumer-platform,NYSE,478.17,-2.28%,-6.53%,-1.00%,-16.84%,-23%,98.322,1.581,32.14,2.02,4560418,14724318,40733318,,4.15,buy,1.57,-2.28,97.72,-2.28,977.2,-22.8,9772.0,-228.0,-6.53,93.47,-6.53,934.7,-65.3,9347.0,-653.0,-1.0,99.0,-1.0,990.0,-10.0,9900.0,-100.0,-16.84,83.16,-16.84,831.6,-168.4,8316.0,-1684.0,-23.0,77.0,-23.0,770.0,-230.0,7700.0,-2300.0,Spotify stock sinks as streaming giant's monthly active users forecast misses estimates,Yahoo Finance,2026-08-04,0.202,Spotify Stock Falls After Music Streamer Misses Earnings Goal,Investor's Business Daily,2026-08-04,-0.226,Spotify Technology S.A. Q2 2026 Earnings Call Summary,Moby,2026-08-04,0.0,,,,,,,,,,
UBER,Uber,Tech,consumer-platform,NYSE,71.99,+0.38%,+1.77%,-0.59%,-13.12%,-21%,146.542,1.154,17.86,20.21,19166527,70349327,355347527,,2.64,strong_buy,1.49,0.38,100.38,0.38,1003.8,3.8,10038.0,38.0,1.77,101.77,1.77,1017.7,17.7,10177.0,177.0,-0.59,99.41,-0.59,994.1,-5.9,9941.0,-59.0,-13.12,86.88,-13.12,868.8,-131.2,8688.0,-1312.0,-21.0,79.0,-21.0,790.0,-210.0,7900.0,-2100.0,"Earnings live updates: SpaceX stock slides despite Starlink-driven revenue beat, Paramount stock slips",Yahoo Finance,2026-08-03,0.0,Ex-Uber boss Travis Kalanick lands air taxi 'vertiport' deal with Joby,Yahoo Finance,2026-08-04,0.0,Is Waymo's Latest Announcement Bad News for Uber?,Motley Fool,2026-08-04,-0.542,,,,,,,,,,
CSCO,Cisco Systems,Tech,hardware-infra,NASDAQ,121.74,+5.39%,+5.33%,+6.81%,+61.57%,+72%,479.83,1.002,40.58,25.62,22272845,107128745,454334845,145.0,1.64,buy,1.85,5.39,105.39,5.39,1053.9,53.9,10539.0,539.0,5.33,105.33,5.33,1053.3,53.3,10533.0,533.0,6.81,106.81,6.81,1068.1,68.1,10681.0,681.0,61.57,161.57,61.57,1615.7,615.7,16157.0,6157.0,72.0,172.0,72.0,1720.0,720.0,17200.0,7200.0,"Cisco Likely to Deliver Q4 Revenue, EPS Upside, UBS Says",MT Newswires,2026-08-04,0.0,Tesla Trades at 140 Times Forward Earnings. Here's What Has to Go Right to Justify This Valuation,Motley Fool,2026-08-04,0.0,3 Growth Stocks to Add to Your Roster,StockStory,2026-08-04,0.382,9,buy,0.65,"YTD +53.94%, 1W +1.59%, 1D +2.24% with buy consensus (score 1.88) and P/E 38.66; dividend yield 1.45% adds income.",YTD +53.94%; P/E 38.66; buy consensus; dividend yield 1.45%,,,,,
PLTR,Palantir Technologies,Tech,hardware-infra,NASDAQ,162.66,+12.63%,+31.68%,+22.73%,-3.10%,-29%,389.947,,180.73,40.86,172005673,333383173,930553473,,3.64,buy,1.88,12.63,112.63,12.63,1126.3,126.3,11263.0,1263.0,31.68,131.68,31.68,1316.8,316.8,13168.0,3168.0,22.73,122.73,22.73,1227.3,227.3,12273.0,2273.0,-3.1,96.9,-3.1,969.0,-31.0,9690.0,-310.0,-29.0,71.0,-29.0,710.0,-290.0,7100.0,-2900.0,"Earnings live updates: SpaceX stock slides despite Starlink-driven revenue beat, Paramount stock slips",Yahoo Finance,2026-08-03,0.0,'Several steps ahead': Why Palantir stock is surging,Yahoo Finance,2026-08-04,0.0,Why Palantir stock is ripping higher after earnings: AlphaSpace stat of the morning,Yahoo Finance,2026-08-04,0.0,,,,,,,,,,
