ticker,company_name,sector,category,exchange,price_usd,change_1d,change_1w,change_1m,change_ytd,return_1yr,market_cap_usd_b,beta,pe_ratio,avg_volume_m,vol_1d,vol_1w,vol_1m,div_yield_pct,short_pct,analyst,analyst_score,pct_1d,val_100_1d,profit_100_1d,val_1000_1d,profit_1000_1d,val_10000_1d,profit_10000_1d,pct_1w,val_100_1w,profit_100_1w,val_1000_1w,profit_1000_1w,val_10000_1w,profit_10000_1w,pct_1m,val_100_1m,profit_100_1m,val_1000_1m,profit_1000_1m,val_10000_1m,profit_10000_1m,pct_ytd,val_100_ytd,profit_100_ytd,val_1000_ytd,profit_1000_ytd,val_10000_ytd,profit_10000_ytd,pct_1y,val_100_1y,profit_100_1y,val_1000_1y,profit_1000_1y,val_10000_1y,profit_10000_1y,news1_title,news1_publisher,news1_date,news1_sentiment,news2_title,news2_publisher,news2_date,news2_sentiment,news3_title,news3_publisher,news3_date,news3_sentiment,signal_rank,signal,signal_confidence,signal_rationale,signal_drivers,portfolio_held,portfolio_quantity,portfolio_avg_price,portfolio_ppl,portfolio_total_value
SNDK,SanDisk Corporation,AI,memory,NASDAQ,1493.12,-6.28%,-16.44%,+16.81%,+442.48%,+3312%,218.62,,20.25,13.87,13575262,67495862,357865562,,7.36,buy,1.54,-6.28,93.72,-6.28,937.2,-62.8,9372.0,-628.0,-16.44,83.56,-16.44,835.6,-164.4,8356.0,-1644.0,16.81,116.81,16.81,1168.1,168.1,11681.0,1681.0,442.48,542.48,442.48,5424.8,4424.8,54248.0,44248.0,3312.0,3412.0,3312.0,34120.0,33120.0,341200.0,331200.0,"Stock market today: S&P 500, Nasdaq fall as chip stocks sink, US unveils new Iran sanctions",Yahoo Finance,2026-08-24,0.0,Stock Market Today: Dow Up As Trump Says This On Canada; Nvidia Shares Skid Despite AI Move (Live Coverage),Investor's Business Daily,2026-08-24,0.296,"Update: Nasdaq, S&P 500 Fall as New Sanctions Plan Targets Iran's Trading Partners",MT Newswires,2026-08-24,0.0,2,strong_buy,1.0,"Sandisk shows YTD +479.89%, P/E 21.64, and positive news sentiment 0.191. Web search highlights $93.9B in customer commitments, 80% gross margin target, and White House policy tailwind [marketwise.com](https://marketwise.com/investing/sandisk-micron-seagate-surge-apple-chinese-memory/).",massive YTD return; low P/E 21.64; long-term NBM contracts; policy tailwind,,,,,
WDC,Western Digital,AI,memory,NASDAQ,435.38,-5.30%,-18.77%,-12.56%,+132.13%,+480%,156.972,2.217,16.17,8.63,7190320,33319220,177975720,13.0,8.05,buy,1.54,-5.3,94.7,-5.3,947.0,-53.0,9470.0,-530.0,-18.77,81.23,-18.77,812.3,-187.7,8123.0,-1877.0,-12.56,87.44,-12.56,874.4,-125.6,8744.0,-1256.0,132.13,232.13,132.13,2321.3,1321.3,23213.0,13213.0,480.0,580.0,480.0,5800.0,4800.0,58000.0,48000.0,Wall Street is rotating out of 2026's biggest winners: Chart of the Day,Yahoo Finance,2026-08-24,0.477,"Update: Nasdaq, S&P 500 Fall as New Sanctions Plan Targets Iran's Trading Partners",MT Newswires,2026-08-24,0.0,"Micron, Seagate, Western Digital, Semtech, and Penguin Solutions Shares Are Falling, What You Need To Know",StockStory,2026-08-24,0.318,,,,,,,,,,
285A,Kioxia Holdings,AI,memory,TSE,320.16,-6.03%,-17.64%,-9.07%,+348.72%,+2171%,175.207,,50.41,43.17,32745000,218523000,1002004500,,,buy,1.56,-6.03,93.97,-6.03,939.7,-60.3,9397.0,-603.0,-17.64,82.36,-17.64,823.6,-176.4,8236.0,-1764.0,-9.07,90.93,-9.07,909.3,-90.7,9093.0,-907.0,348.72,448.72,348.72,4487.2,3487.2,44872.0,34872.0,2171.0,2271.0,2171.0,22710.0,21710.0,227100.0,217100.0,Why Micron Isn’t Buying Back Stock Like Memory-Chip Rivals—and Why It Could,Barrons.com,2026-08-20,0.361,Micron Gained Memory Market Share. The Stock Is Dropping Anyway.,Barrons.com,2026-08-19,0.586,Has Kioxia Holdings (TSE:285A) Run Too Far Ahead Of Its Fundamentals As Chip Stocks Sell Off?,Simply Wall St.,2026-08-19,0.0,,,,,,,,,,
MU,Micron Technology,AI,memory,NASDAQ,910.43,-5.53%,-10.01%,+1.14%,+188.81%,+730%,1028.233,2.213,20.56,48.35,28483999,139645699,812972799,5.0,2.65,strong_buy,1.36,-5.53,94.47,-5.53,944.7,-55.3,9447.0,-553.0,-10.01,89.99,-10.01,899.9,-100.1,8999.0,-1001.0,1.14,101.14,1.14,1011.4,11.4,10114.0,114.0,188.81,288.81,188.81,2888.1,1888.1,28881.0,18881.0,730.0,830.0,730.0,8300.0,7300.0,83000.0,73000.0,"Stock market today: S&P 500, Nasdaq fall as chip stocks sink, US unveils new Iran sanctions",Yahoo Finance,2026-08-24,0.0,"Semiconductor stocks drag S&P 500, Nasdaq lower: AlphaCheck",Yahoo Finance,2026-08-24,-0.477,Stock Market Today: Dow Up As Trump Says This On Canada; Nvidia Shares Skid Despite AI Move (Live Coverage),Investor's Business Daily,2026-08-24,0.296,1,strong_buy,0.85,"Micron has a strong_buy consensus, P/E 21.83, YTD +206.68%, and 1M momentum +0.76%. Web search confirms AI-driven demand, HBM4 ramp, and record Q3 revenue of $41.46B (+346% YoY) [cnbc.com](https://www.cnbc.com/2026/08/20/micron-ceo-ai-changed-memory-industry.html).",strong_buy analyst consensus; P/E 21.83 reasonable; AI memory demand catalyst; record revenue growth,,,,,
STX,Seagate Technology,AI,memory,NASDAQ,794.65,-6.60%,-20.12%,-2.73%,+177.04%,+418%,180.386,2.102,3056.35,4.81,3058256,19715556,108361356,35.0,4.06,strong_buy,1.44,-6.6,93.4,-6.6,934.0,-66.0,9340.0,-660.0,-20.12,79.88,-20.12,798.8,-201.2,7988.0,-2012.0,-2.73,97.27,-2.73,972.7,-27.3,9727.0,-273.0,177.04,277.04,177.04,2770.4,1770.4,27704.0,17704.0,418.0,518.0,418.0,5180.0,4180.0,51800.0,41800.0,"Micron, Seagate, Western Digital, Semtech, and Penguin Solutions Shares Are Falling, What You Need To Know",StockStory,2026-08-24,0.318,33 Stocks That Could Rally 33% or More,Kiplinger,2026-08-24,0.0,SNDK Jumps 25% in a Month: Is there More Room for the Stock to Rise?,Zacks,2026-08-24,0.0,,,,,,,,,,
MRVL,Marvell Technology,AI,memory,NASDAQ,229.29,-2.89%,-2.15%,+21.21%,+156.88%,+225%,205.797,2.246,78.52,41.49,18155989,142722389,500614889,10.0,4.79,strong_buy,1.43,-2.89,97.11,-2.89,971.1,-28.9,9711.0,-289.0,-2.15,97.85,-2.15,978.5,-21.5,9785.0,-215.0,21.21,121.21,21.21,1212.1,212.1,12121.0,2121.0,156.88,256.88,156.88,2568.8,1568.8,25688.0,15688.0,225.0,325.0,225.0,3250.0,2250.0,32500.0,22500.0,"Semiconductor stocks drag S&P 500, Nasdaq lower: AlphaCheck",Yahoo Finance,2026-08-24,-0.477,"Update: Nasdaq, S&P 500 Fall as New Sanctions Plan Targets Iran's Trading Partners",MT Newswires,2026-08-24,0.0,The Shock Record Understates How Far Applied Optoelectronics Stock Can Fall,Trefis,2026-08-24,-0.382,3,strong_buy,0.75,"Marvell has strong_buy consensus, YTD +165.56%, 1M momentum +12.35%, and 1W +6.77%. P/E 81.18 is elevated but justified by AI networking demand and data center growth.",strong_buy analyst rating; strong 1M momentum; AI networking exposure; high growth expectations,,,,,
P,Everpure,AI,memory,NYSE,100.44,-7.00%,-14.15%,+35.35%,+45.54%,+84%,33.387,1.414,152.18,3.32,3604397,15632497,66031397,,4.25,buy,1.65,-7.0,93.0,-7.0,930.0,-70.0,9300.0,-700.0,-14.15,85.85,-14.15,858.5,-141.5,8585.0,-1415.0,35.35,135.35,35.35,1353.5,353.5,13535.0,3535.0,45.54,145.54,45.54,1455.4,455.4,14554.0,4554.0,84.0,184.0,84.0,1840.0,840.0,18400.0,8400.0,"Dell, NetApp, HP Face Toughest Near-Term Earnings Setups, Morgan Stanley Says",MT Newswires,2026-08-24,-0.077,Everpure (P) Lands Supply Agreement With A Second Top Five Hyperscaler,Simply Wall St.,2026-08-23,0.612,"AI Chip Titan Nvidia Headlines Earnings Calendar; Salesforce, Intuit Also On Deck",Investor's Business Daily,2026-08-21,0.0,7,buy,0.6,"Everpure (P) has buy consensus, 1M momentum +45.55%, YTD +57.30%, and news sentiment 0.122. Recent supply agreement with a second top hyperscaler is a strong catalyst despite high P/E 164.47.",exceptional 1M momentum; hyperscaler supply agreement; positive news sentiment; buy analyst rating,,,,,
RR.,Rolls-Royce Holdings,AI,nuclear-ops,LSE,20.45,-0.13%,-4.07%,+5.98%,+25.34%,+44%,1.689,1.19,41.67,25.2,10546274,85839211,524284770,80.0,,buy,1.6,-0.13,99.87,-0.13,998.7,-1.3,9987.0,-13.0,-4.07,95.93,-4.07,959.3,-40.7,9593.0,-407.0,5.98,105.98,5.98,1059.8,59.8,10598.0,598.0,25.34,125.34,25.34,1253.4,253.4,12534.0,2534.0,44.0,144.0,44.0,1440.0,440.0,14400.0,4400.0,Florida real estate mogul says your home is ‘a terrible investment’ — and he’d put $100K somewhere else. Is he right?,Moneywise,2026-08-21,-0.477,U.K. ETFs in Spotlight as Andy Burnham Completes First Month as PM,Zacks,2026-08-20,0.0,Rolls-Royce Stock Hits First New High In 14 Years. Firm Announces Engine Project.,Investor's Business Daily,2026-08-17,0.0,10,buy,0.45,"Rolls-Royce (RR.) has buy consensus, YTD +25.51%, 1M momentum +9.45%, and P/E 41.73. Small-cap nuclear operator benefiting from AI power demand.",buy analyst rating; positive 1M momentum; nuclear AI power theme; reasonable P/E 41.73,,,,,
CEG,Constellation Energy,AI,nuclear-ops,NASDAQ,273.43,+0.08%,-1.56%,+1.43%,-25.01%,-12%,96.878,1.118,26.73,3.46,2342736,12740136,57588136,63.0,3.29,buy,1.55,0.08,100.08,0.08,1000.8,0.8,10008.0,8.0,-1.56,98.44,-1.56,984.4,-15.6,9844.0,-156.0,1.43,101.43,1.43,1014.3,14.3,10143.0,143.0,-25.01,74.99,-25.01,749.9,-250.1,7499.0,-2501.0,-12.0,88.0,-12.0,880.0,-120.0,8800.0,-1200.0,3 Nuclear Energy Stocks for the AI Power Era,24/7 Wall St.,2026-08-24,0.273,The AI Debt Boom Is Helping Push Everyone’s Cost of Capital Higher,24/7 Wall St.,2026-08-23,-0.077,2 Energy Stocks Riding the Data Center Power Crunch,Motley Fool,2026-08-23,0.273,,,,,,,,,,
VST,Vistra Corp,AI,nuclear-ops,NYSE,135.66,-1.52%,-7.15%,-13.64%,-17.67%,-28%,45.532,1.433,22.88,4.46,4721256,22169856,101885156,68.0,2.99,strong_buy,1.37,-1.52,98.48,-1.52,984.8,-15.2,9848.0,-152.0,-7.15,92.85,-7.15,928.5,-71.5,9285.0,-715.0,-13.64,86.36,-13.64,863.6,-136.4,8636.0,-1364.0,-17.67,82.33,-17.67,823.3,-176.7,8233.0,-1767.0,-28.0,72.0,-28.0,720.0,-280.0,7200.0,-2800.0,Peter Thiel’s $418 Million Bet On These 8 Companies Reveals AI’s Biggest Bottleneck,24/7 Wall St.,2026-08-24,0.0,Vistra Corp. Stock: Is Wall Street Bullish or Bearish?,Barchart,2026-08-24,0.0,Vistra Is the Quietest Big Winner of the AI Power Boom. Here's Why.,Motley Fool,2026-08-23,0.586,,,,,,,,,,
TLN,Talen Energy,AI,nuclear-ops,NASDAQ,305.54,-2.88%,-14.40%,-11.97%,-22.99%,-12%,14.64,1.673,,0.86,762949,6511549,19184849,,5.32,buy,1.62,-2.88,97.12,-2.88,971.2,-28.8,9712.0,-288.0,-14.4,85.6,-14.4,856.0,-144.0,8560.0,-1440.0,-11.97,88.03,-11.97,880.3,-119.7,8803.0,-1197.0,-22.99,77.01,-22.99,770.1,-229.9,7701.0,-2299.0,-12.0,88.0,-12.0,880.0,-120.0,8800.0,-1200.0,3 Nuclear Energy Stocks for the AI Power Era,24/7 Wall St.,2026-08-24,0.273,These 3 AI stocks are bought by both hedge funds and mutual funds,Investing.com,2026-08-22,0.0,Pennsylvania Sets New Data-Center Rules—and Some Energy Companies Can Actually Benefit,Barrons.com,2026-08-19,0.625,,,,,,,,,,
BEP,Brookfield Renewable,AI,nuclear-ops,NYSE,32.35,-1.97%,-6.07%,+0.68%,+18.49%,+31%,15.77,0.995,,0.91,442945,4108445,19070945,478.0,0.51,buy,2.31,-1.97,98.03,-1.97,980.3,-19.7,9803.0,-197.0,-6.07,93.93,-6.07,939.3,-60.7,9393.0,-607.0,0.68,100.68,0.68,1006.8,6.8,10068.0,68.0,18.49,118.49,18.49,1184.9,184.9,11849.0,1849.0,31.0,131.0,31.0,1310.0,310.0,13100.0,3100.0,Is Brookfield Renewable a Better Buy Now Than It Was 6 Months Ago?,Motley Fool,2026-08-23,0.44,Sector Update: Energy Stocks Mixed Late Afternoon,MT Newswires,2026-08-21,0.273,"Brookfield, La Caisse close $6.5bn Boralex acquisition",Power Technology,2026-08-17,0.0,,,,,,,,,,
BEPC,Brookfield Renewable Corp,AI,nuclear-ops,NYSE,32.88,-2.43%,-6.32%,+0.86%,-16.01%,-1%,6.103,1.166,,1.68,1014988,6865288,39669888,472.0,,hold,3.17,-2.43,97.57,-2.43,975.7,-24.3,9757.0,-243.0,-6.32,93.68,-6.32,936.8,-63.2,9368.0,-632.0,0.86,100.86,0.86,1008.6,8.6,10086.0,86.0,-16.01,83.99,-16.01,839.9,-160.1,8399.0,-1601.0,-1.0,99.0,-1.0,990.0,-10.0,9900.0,-100.0,Why I'm Not Chasing NuScale -- Here's What I'm Buying Instead,Motley Fool,2026-08-11,0.0,Why Cameco's Ugly Earnings Miss Might Be Good News in Disguise,Motley Fool,2026-08-08,-0.459,Brookfield Renewable Q2 Earnings Call Highlights,MarketBeat,2026-07-31,0.0,,,,,,,,,,
GEV,GE Vernova,AI,smr,NYSE,942.1,-1.59%,-12.69%,-5.47%,+38.89%,+59%,250.913,1.033,26.97,2.83,1855316,11105016,47924916,21.0,3.2,buy,1.54,-1.59,98.41,-1.59,984.1,-15.9,9841.0,-159.0,-12.69,87.31,-12.69,873.1,-126.9,8731.0,-1269.0,-5.47,94.53,-5.47,945.3,-54.7,9453.0,-547.0,38.89,138.89,38.89,1388.9,388.9,13889.0,3889.0,59.0,159.0,59.0,1590.0,590.0,15900.0,5900.0,Why Is GE Vernova (GEV) A Key Pick For Queensland's Supernode Battery Project?,Simply Wall St.,2026-08-24,0.0,GE Vernova Launches Medium-Voltage Power System for AI Data Centers,InvestorsHub,2026-08-24,0.0,GE Vernova to supply technology for stage three of Supernode BESS project,Power Technology,2026-08-24,0.0,,,,,,,,,,
BWXT,BWX Technologies,AI,smr,NYSE,149.52,-5.10%,-12.70%,-15.17%,-17.42%,-4%,13.7,0.76,38.74,0.98,1703139,5507739,20387739,68.0,3.99,buy,1.81,-5.1,94.9,-5.1,949.0,-51.0,9490.0,-510.0,-12.7,87.3,-12.7,873.0,-127.0,8730.0,-1270.0,-15.17,84.83,-15.17,848.3,-151.7,8483.0,-1517.0,-17.42,82.58,-17.42,825.8,-174.2,8258.0,-1742.0,-4.0,96.0,-4.0,960.0,-40.0,9600.0,-400.0,"Mercury Systems, BWX, Kratos, Parsons, and Huntington Ingalls Shares Plummet, What You Need To Know",StockStory,2026-08-20,0.296,BWX Technologies (BWXT) Stock May Be Fully Priced Despite Nuclear Growth Hopes,Simply Wall St.,2026-08-20,-0.545,"BWX Technologies (BWXT) Wins ANEEL Fuel Review Role, Is It Still 32% Below Fair Value?",Simply Wall St.,2026-08-20,0.813,,,,,,,,,,
SMR,NuScale Power,AI,smr,NYSE,9.05,-3.72%,-1.52%,+5.97%,-44.51%,-74%*,3.715,2.306,,32.78,46062699,181558799,664591399,,19.43,hold,2.56,-3.72,96.28,-3.72,962.8,-37.2,9628.0,-372.0,-1.52,98.48,-1.52,984.8,-15.2,9848.0,-152.0,5.97,105.97,5.97,1059.7,59.7,10597.0,597.0,-44.51,55.49,-44.51,554.9,-445.1,5549.0,-4451.0,-74.0,26.0,-74.0,260.0,-740.0,2600.0,-7400.0,"I Love NuScale Stock for 1 Reason, and It's Not What You Think",Motley Fool,2026-08-23,0.637,"NuScale Power (SMR) Shares Moved, So What Is Behind the Attention?",Simply Wall St.,2026-08-22,0.296,A Major Short Squeeze Could Be Brewing in Oklo Stock,Barchart,2026-08-21,0.0,,,,,,,,,,
OKLO,Oklo Inc,AI,smr,NYSE,39.69,-5.93%,-9.55%,-5.07%,-48.98%,-41%*,7.383,1.201,,10.78,7412511,35731011,192610011,,18.6,buy,2.04,-5.93,94.07,-5.93,940.7,-59.3,9407.0,-593.0,-9.55,90.45,-9.55,904.5,-95.5,9045.0,-955.0,-5.07,94.93,-5.07,949.3,-50.7,9493.0,-507.0,-48.98,51.02,-48.98,510.2,-489.8,5102.0,-4898.0,-41.0,59.0,-41.0,590.0,-410.0,5900.0,-4100.0,Is Oklo (OKLO) Undervalued After First Revenue And A Reactor Milestone?,Simply Wall St.,2026-08-24,0.0,OKLO vs. TLN: Which Nuclear Energy Stock Looks Better Now?,Zacks,2026-08-24,0.612,Prediction: Oklo Won't Book Its First Commercial Power Revenue Before 2028,Motley Fool,2026-08-23,0.0,,,,,,,,,,
NNE,NANO Nuclear Energy,AI,smr,NASDAQ,18.27,-3.59%,-6.74%,+8.81%,-33.83%,-39%*,0.981,5.409,,2.6,1324467,7884667,40901567,,35.5,buy,1.57,-3.59,96.41,-3.59,964.1,-35.9,9641.0,-359.0,-6.74,93.26,-6.74,932.6,-67.4,9326.0,-674.0,8.81,108.81,8.81,1088.1,88.1,10881.0,881.0,-33.83,66.17,-33.83,661.7,-338.3,6617.0,-3383.0,-39.0,61.0,-39.0,610.0,-390.0,6100.0,-3900.0,A Major Short Squeeze Could Be Brewing in Oklo Stock,Barchart,2026-08-21,0.0,OKLO Vs SMR Vs NNE: All Three Nuclear Stocks Got A Price Target Cut – But Here’s The One This Analyst Still Favors,Stocktwits,2026-08-21,0.238,NANO Nuclear Energy (NNE) Stock Looks Cheap As Shares Fell 34%,Simply Wall St.,2026-08-20,0.511,,,,,,,,,,
CCJ,Cameco Corporation,AI,uranium,NYSE,102.27,-0.46%,+3.74%,+14.46%,+3.76%,+37%,44.542,0.992,176.33,3.35,1951738,12511238,61490138,17.0,,buy,1.59,-0.46,99.54,-0.46,995.4,-4.6,9954.0,-46.0,3.74,103.74,3.74,1037.4,37.4,10374.0,374.0,14.46,114.46,14.46,1144.6,144.6,11446.0,1446.0,3.76,103.76,3.76,1037.6,37.6,10376.0,376.0,37.0,137.0,37.0,1370.0,370.0,13700.0,3700.0,Cameco vs. Denison: Which Uranium Stock Has an Edge Right Now?,Zacks,2026-08-24,0.0,Uranium ETFs Just Crashed 30 Percent While AI Power Demand Keeps Breaking Records,24/7 Wall St.,2026-08-18,-0.128,Standard Nuclear Stock Hit Its High Ahead Of The Numbers,Trefis,2026-08-17,0.0,6,buy,0.65,"Cameco has buy consensus, 1M momentum +13.43%, 1W +4.88%, and 1D +6.79%. P/E 176.74 is high but uranium prices are surging on AI power demand.",strong 1D momentum; positive news sentiment 0.102; uranium price catalyst; AI power demand,,,,,
UEC,Uranium Energy Corp,AI,uranium,NYSE,12.51,-1.96%,+12.00%,+26.24%,-4.58%,+23%,6.133,1.208,,9.55,9829094,46427194,165770094,,14.38,strong_buy,1.44,-1.96,98.04,-1.96,980.4,-19.6,9804.0,-196.0,12.0,112.0,12.0,1120.0,120.0,11200.0,1200.0,26.24,126.24,26.24,1262.4,262.4,12624.0,2624.0,-4.58,95.42,-4.58,954.2,-45.8,9542.0,-458.0,23.0,123.0,23.0,1230.0,230.0,12300.0,2300.0,2 Nuclear Stocks to Buy and What Each One Needs to Go Right,Motley Fool,2026-08-19,0.0,"Insider Sheds Over 55,000 Shares of North American Uranium Stock",Motley Fool,2026-08-11,0.296,"Prediction: $1,000 in Uranium Energy Corp Will Be Worth This Much in 5 Years",Motley Fool,2026-08-10,0.459,4,strong_buy,0.7,"Uranium Energy Corp has strong_buy consensus, 1M momentum +31.14%, 1W +13.83%, and highest news sentiment 0.451. Uranium demand for AI power is a key catalyst despite negative YTD.",strong_buy rating; exceptional 1M momentum; high news sentiment 0.451; AI power demand catalyst,,,,,
LEU,Centrus Energy,AI,uranium,NYSE,177.14,-4.89%,-3.79%,+0.66%,-34.99%,+1%,3.535,1.35,94.22,0.8,539393,2400293,12387293,,26.68,buy,1.78,-4.89,95.11,-4.89,951.1,-48.9,9511.0,-489.0,-3.79,96.21,-3.79,962.1,-37.9,9621.0,-379.0,0.66,100.66,0.66,1006.6,6.6,10066.0,66.0,-34.99,65.01,-34.99,650.1,-349.9,6501.0,-3499.0,1.0,101.0,1.0,1010.0,10.0,10100.0,100.0,Keep This Renewable Energy Stock Close Until November,Schaeffer's Investment Research,2026-08-24,0.273,3 Growth Stocks to Buy Before Wall Street Catches On,24/7 Wall St.,2026-08-24,0.382,"NuScale Power and Oklo Drop 5%, Centrus Energy Sinks 6%: What’s Behind the Nuclear Stock Selloff?",24/7 Wall St.,2026-08-20,0.0,,,,,,,,,,
VRT,Vertiv Holdings,AI,power-infra,NYSE,254.97,-2.79%,-12.81%,-11.35%,+45.26%,+110%,98.161,2.077,57.56,6.15,3968402,24186502,134662102,10.0,3.21,strong_buy,1.39,-2.79,97.21,-2.79,972.1,-27.9,9721.0,-279.0,-12.81,87.19,-12.81,871.9,-128.1,8719.0,-1281.0,-11.35,88.65,-11.35,886.5,-113.5,8865.0,-1135.0,45.26,145.26,45.26,1452.6,452.6,14526.0,4526.0,110.0,210.0,110.0,2100.0,1100.0,21000.0,11000.0,"Boeing and 9 More Stocks for Manufacturing’s Revival, From Our Roundtable Pros",Barrons.com,2026-08-24,0.0,SentinelOne to Report Q2 Earnings: What's in Store for the Stock?,Zacks,2026-08-24,0.0,Brokers Suggest Investing in Vertiv (VRT): Read This Before Placing a Bet,Zacks,2026-08-24,0.0,,,,,,,,,,
ETN,Eaton Corporation,AI,power-infra,NYSE,408.67,-2.85%,-10.26%,+2.77%,+25.90%,+21%,158.686,1.177,41.66,2.35,1549157,8852157,48703057,105.0,1.76,buy,1.56,-2.85,97.15,-2.85,971.5,-28.5,9715.0,-285.0,-10.26,89.74,-10.26,897.4,-102.6,8974.0,-1026.0,2.77,102.77,2.77,1027.7,27.7,10277.0,277.0,25.9,125.9,25.9,1259.0,259.0,12590.0,2590.0,21.0,121.0,21.0,1210.0,210.0,12100.0,2100.0,Eaton vs. Hubbell: Which Electrification Stock Has an Edge?,Zacks,2026-08-21,0.0,VWDRY or ETN: Which Is the Better Value Stock Right Now?,Zacks,2026-08-21,0.649,2 Stocks for What’s Next in AI,Barrons.com,2026-08-21,0.0,,,,,,,,,,
POWL,Powell Industries,AI,power-infra,NASDAQ,188.98,-4.80%,-13.56%,-13.76%,+61.03%,+130%,6.885,1.216,36.2,0.74,394663,2490063,14945463,18.0,11.1,buy,2.25,-4.8,95.2,-4.8,952.0,-48.0,9520.0,-480.0,-13.56,86.44,-13.56,864.4,-135.6,8644.0,-1356.0,-13.76,86.24,-13.76,862.4,-137.6,8624.0,-1376.0,61.03,161.03,61.03,1610.3,610.3,16103.0,6103.0,130.0,230.0,130.0,2300.0,1300.0,23000.0,13000.0,"Powell, Sterling, Vertiv, Nextpower, and Hubbell Shares Are Falling, What You Need To Know",StockStory,2026-08-18,0.153,3 High-Flying Stocks for Long-Term Investors,StockStory,2026-08-17,0.0,2 of Wall Street’s Favorite Stocks Worth Your Attention and 1 We Ignore,StockStory,2026-08-14,0.34,,,,,,,,,,
EQIX,Equinix,AI,dc-operators,NASDAQ,1055.2,+0.88%,-3.40%,+1.29%,+40.20%,+36%,104.118,0.972,67.86,0.61,573990,2414090,12861490,194.0,2.21,buy,1.53,0.88,100.88,0.88,1008.8,8.8,10088.0,88.0,-3.4,96.6,-3.4,966.0,-34.0,9660.0,-340.0,1.29,101.29,1.29,1012.9,12.9,10129.0,129.0,40.2,140.2,40.2,1402.0,402.0,14020.0,4020.0,36.0,136.0,36.0,1360.0,360.0,13600.0,3600.0,SGA Is Betting on Equinix (EQIX) as AI Demand Accelerates,Insider Monkey,2026-08-24,-0.128,3 Data Center Stocks Powering the AI Buildout,24/7 Wall St.,2026-08-23,0.0,"3 REITs to Beat Rising Interest Rates, According to a Real Estate Pro",Barrons.com,2026-08-20,0.459,,,,,,,,,,
DLR,Digital Realty,AI,dc-operators,NYSE,188.55,-1.09%,-4.73%,-3.68%,+23.27%,+15%,71.026,1.042,91.53,2.97,1680155,8500755,44361455,256.0,0.01,strong_buy,1.45,-1.09,98.91,-1.09,989.1,-10.9,9891.0,-109.0,-4.73,95.27,-4.73,952.7,-47.3,9527.0,-473.0,-3.68,96.32,-3.68,963.2,-36.8,9632.0,-368.0,23.27,123.27,23.27,1232.7,232.7,12327.0,2327.0,15.0,115.0,15.0,1150.0,150.0,11500.0,1500.0,The AI Debt Boom Is Helping Push Everyone’s Cost of Capital Higher,24/7 Wall St.,2026-08-23,-0.077,3 Data Center Stocks Powering the AI Buildout,24/7 Wall St.,2026-08-23,0.0,Digital Realty Trust (DLR) Crossed Above the 20-Day Moving Average: What That Means for Investors,Zacks,2026-08-21,0.511,,,,,,,,,,
AMT,American Tower,AI,dc-operators,NYSE,178.39,+1.43%,+3.58%,+6.99%,+4.06%,-17%,83.123,0.894,24.5,3.12,1530919,8485619,56087819,397.0,1.88,buy,1.52,1.43,101.43,1.43,1014.3,14.3,10143.0,143.0,3.58,103.58,3.58,1035.8,35.8,10358.0,358.0,6.99,106.99,6.99,1069.9,69.9,10699.0,699.0,4.06,104.06,4.06,1040.6,40.6,10406.0,406.0,-17.0,83.0,-17.0,830.0,-170.0,8300.0,-1700.0,The Bull Case For American Tower (AMT) Could Change Following Barclays’ Upgrade And CoreSite Momentum – Learn Why,Simply Wall St.,2026-08-21,0.0,"American Tower (AMT) Wins A Barclays Upgrade, Does The Valuation Still Look Cheap?",Simply Wall St.,2026-08-21,0.572,American Tower (AMT) Stock May Trade At A 40% Discount To Fair Value,Simply Wall St.,2026-08-21,0.572,,,,,,,,,,
GOOGL,Alphabet (Google),AI,hyperscalers,NASDAQ,348.06,+0.86%,+1.18%,+6.58%,+10.59%,+65%,4256.751,1.237,17.46,32.14,22065589,100422289,556022089,26.0,1.2,strong_buy,1.36,0.86,100.86,0.86,1008.6,8.6,10086.0,86.0,1.18,101.18,1.18,1011.8,11.8,10118.0,118.0,6.58,106.58,6.58,1065.8,65.8,10658.0,658.0,10.59,110.59,10.59,1105.9,105.9,11059.0,1059.0,65.0,165.0,65.0,1650.0,650.0,16500.0,6500.0,Tesla to launch Cybercabs in Austin starting Sept. 3,Yahoo Finance Video,2026-08-24,0.0,Coinbase Enters the Tokenized Stock Wars,Bankless,2026-08-24,-0.557,Coinbase Debuts Tokenized Stocks On Base Network,CryptoProwl,2026-08-24,0.0,,,,,,,,,,
MSFT,Microsoft,AI,hyperscalers,NASDAQ,487.31,+0.77%,+1.64%,+25.48%,+3.69%,-4%,3618.543,1.099,27.18,39.9,14443414,101002914,747486314,75.0,1.1,strong_buy,1.36,0.77,100.77,0.77,1007.7,7.7,10077.0,77.0,1.64,101.64,1.64,1016.4,16.4,10164.0,164.0,25.48,125.48,25.48,1254.8,254.8,12548.0,2548.0,3.69,103.69,3.69,1036.9,36.9,10369.0,369.0,-4.0,96.0,-4.0,960.0,-40.0,9600.0,-400.0,Nvidia's Q2 earnings to test resurgent AI trade,Yahoo Finance,2026-08-23,0.0,Microsoft Rises as $678 Billion Backlog Defies Tech Selloff,GuruFocus.com,2026-08-24,0.0,Nvidia Makes Aggressive Move Ahead of Earnings,GuruFocus.com,2026-08-24,-0.153,5,strong_buy,0.8,"Microsoft has strong_buy consensus, P/E 26.95, 1M momentum +24.03%, and YTD +2.83%. Solid hyperscaler with Azure AI growth and reasonable valuation.",strong_buy consensus; reasonable P/E 26.95; strong 1M momentum; Azure AI growth,,,,,
AMZN,Amazon,AI,hyperscalers,NASDAQ,262.07,+0.97%,+0.29%,+13.26%,+15.70%,+13%,2826.769,1.454,21.07,50.07,26834672,159795372,986288072,,1.0,strong_buy,1.32,0.97,100.97,0.97,1009.7,9.7,10097.0,97.0,0.29,100.29,0.29,1002.9,2.9,10029.0,29.0,13.26,113.26,13.26,1132.6,132.6,11326.0,1326.0,15.7,115.7,15.7,1157.0,157.0,11570.0,1570.0,13.0,113.0,13.0,1130.0,130.0,11300.0,1300.0,The luxury retail categories that consumers continue to spend the most on,Yahoo Finance Video,2026-08-24,0.0,Nvidia's Q2 earnings to test resurgent AI trade,Yahoo Finance,2026-08-23,0.0,Amazon Has Been Lagging the S&P 500 in 2026. This Is the Only Reason I'd Need to Buy the Stock in August Without Hesitation.,Motley Fool,2026-08-24,0.106,,,,,,,,,,
META,Meta Platforms,AI,hyperscalers,NASDAQ,559.02,+1.10%,-1.75%,-5.87%,-13.90%,-27%,1424.107,1.243,21.05,18.57,12186260,83788860,359202760,38.0,1.43,strong_buy,1.35,1.1,101.1,1.1,1011.0,11.0,10110.0,110.0,-1.75,98.25,-1.75,982.5,-17.5,9825.0,-175.0,-5.87,94.13,-5.87,941.3,-58.7,9413.0,-587.0,-13.9,86.1,-13.9,861.0,-139.0,8610.0,-1390.0,-27.0,73.0,-27.0,730.0,-270.0,7300.0,-2700.0,Tech stocks today: All eyes on Nvidia as Meta trial resumes,Yahoo Finance,2026-08-24,0.0,Nvidia's Q2 earnings to test resurgent AI trade,Yahoo Finance,2026-08-23,0.0,Coinbase Enters the Tokenized Stock Wars,Bankless,2026-08-24,-0.557,,,,,,,,,,
IREN,Iris Energy,AI,ai-compute,NASDAQ,39.81,-4.60%,-11.34%,+9.70%,-6.77%,+81%*,14.227,4.302,51.7,45.9,31136331,212844831,982465131,,28.39,buy,1.59,-4.6,95.4,-4.6,954.0,-46.0,9540.0,-460.0,-11.34,88.66,-11.34,886.6,-113.4,8866.0,-1134.0,9.7,109.7,9.7,1097.0,97.0,10970.0,970.0,-6.77,93.23,-6.77,932.3,-67.7,9323.0,-677.0,81.0,181.0,81.0,1810.0,810.0,18100.0,8100.0,IREN Clears Its Biggest AI Test With Microsoft,GuruFocus.com,2026-08-21,0.077,"Hut 8 Craters 11% Despite a $19.6B Beacon Point Backlog, TeraWulf Falls 5%, IREN Drops 3%: What’s Pressuring These AI Miner Stocks?",24/7 Wall St.,2026-08-21,-0.34,IREN Heads Into FY2026 Results: Can Growth Momentum Continue?,Zacks,2026-08-21,0.382,,,,,,,,,,
CORZ,Core Scientific,AI,ai-compute,NASDAQ,17.27,-4.00%,-14.21%,-16.73%,+8.01%,+30%*,5.549,5.592,,12.83,10211115,58186015,304380615,,22.21,none,,-4.0,96.0,-4.0,960.0,-40.0,9600.0,-400.0,-14.21,85.79,-14.21,857.9,-142.1,8579.0,-1421.0,-16.73,83.27,-16.73,832.7,-167.3,8327.0,-1673.0,8.01,108.01,8.01,1080.1,80.1,10801.0,801.0,30.0,130.0,30.0,1300.0,300.0,13000.0,3000.0,Tom Lee Ranks 17 Crypto Stocks: Is Your Bitcoin Bet Still Worthy?,BeInCrypto,2026-08-21,0.44,Cipher Digital Stock Is Valued On Revenue It Is Shutting Down,Trefis,2026-08-19,0.44,UMH Properties and 4 More Stocks See Action From Activist Investors,Barrons.com,2026-08-14,0.0,,,,,,,,,,
WULF,TeraWulf,AI,ai-compute,NASDAQ,15.48,-3.85%,-12.05%,-13.90%,+21.51%,+75%*,7.724,4.288,,33.27,26388533,188517433,714484233,,26.2,strong_buy,1.28,-3.85,96.15,-3.85,961.5,-38.5,9615.0,-385.0,-12.05,87.95,-12.05,879.5,-120.5,8795.0,-1205.0,-13.9,86.1,-13.9,861.0,-139.0,8610.0,-1390.0,21.51,121.51,21.51,1215.1,215.1,12151.0,2151.0,75.0,175.0,75.0,1750.0,750.0,17500.0,7500.0,Can APLD's Power Advantage Strengthen Its AI Edge Over WULF & CRWV?,Zacks,2026-08-24,0.511,"TeraWulf Wins Approval For 482 MW Kentucky Data Center Power Deal, Estimates $4.5B Investment",Stocktwits,2026-08-24,0.778,Applied Digital vs. TeraWulf: Which AI Data Center Stock Is the Better Buy?,Motley Fool,2026-08-23,0.44,,,,,,,,,,
HUT,Hut 8 Mining,AI,ai-compute,NASDAQ,79.56,-1.84%,-9.63%,-23.93%,+55.18%,+245%,9.806,6.108,,4.56,4691168,30827868,108525968,,10.99,strong_buy,1.33,-1.84,98.16,-1.84,981.6,-18.4,9816.0,-184.0,-9.63,90.37,-9.63,903.7,-96.3,9037.0,-963.0,-23.93,76.07,-23.93,760.7,-239.3,7607.0,-2393.0,55.18,155.18,55.18,1551.8,551.8,15518.0,5518.0,245.0,345.0,245.0,3450.0,2450.0,34500.0,24500.0,Hut 8 (HUT) Settlement News Puts Its Valuation Narrative Back In Focus,Simply Wall St.,2026-08-22,0.0,"Hut 8 (HUT) Gets Court Approved Notice For $2,350,000 Settlement",Simply Wall St.,2026-08-22,0.421,Weekly Wrap: Bitcoin Breaks Out,CryptoProwl,2026-08-21,0.0,,,,,,,,,,
SMCI,Super Micro Computer,AI,ai-compute,NASDAQ,35.17,-5.53%,-8.12%,+17.98%,+13.60%,-15%,22.751,1.967,10.79,59.47,39674593,215097393,1134762793,,18.45,hold,2.84,-5.53,94.47,-5.53,944.7,-55.3,9447.0,-553.0,-8.12,91.88,-8.12,918.8,-81.2,9188.0,-812.0,17.98,117.98,17.98,1179.8,179.8,11798.0,1798.0,13.6,113.6,13.6,1136.0,136.0,11360.0,1360.0,-15.0,85.0,-15.0,850.0,-150.0,8500.0,-1500.0,"Update: Nasdaq, S&P 500 Fall as New Sanctions Plan Targets Iran's Trading Partners",MT Newswires,2026-08-24,0.0,"Super Micro (SMCI) Stock Trades Down, Here Is Why",StockStory,2026-08-24,0.599,Super Micro Computer (SMCI)’s Guidance Just Crushed Estimates. Can it Outrun its Legal Troubles?,Insider Monkey,2026-08-24,-0.103,9,buy,0.5,"Super Micro has hold consensus but cheap P/E 11.42, YTD +20.28%, 1M momentum +21.86%, and high news sentiment 0.388. Value play in AI compute with potential turnaround.",low P/E 11.42; strong 1M momentum; high news sentiment 0.388; AI compute value,,,,,
DELL,Dell Technologies,AI,ai-compute,NYSE,433.19,-1.68%,-9.72%,+1.47%,+242.06%,+237%,279.902,1.401,884.06,8.55,4331364,24257364,120128864,57.0,4.36,buy,1.78,-1.68,98.32,-1.68,983.2,-16.8,9832.0,-168.0,-9.72,90.28,-9.72,902.8,-97.2,9028.0,-972.0,1.47,101.47,1.47,1014.7,14.7,10147.0,147.0,242.06,342.06,242.06,3420.6,2420.6,34206.0,24206.0,237.0,337.0,237.0,3370.0,2370.0,33700.0,23700.0,"Cisco Grows Into Its Multiple, And The Market Has To Do The Rest",Trefis,2026-08-24,0.0,Is Dell (DELL) Using Esports To Quietly Reposition Its AI Infrastructure Narrative?,Simply Wall St.,2026-08-24,0.0,Arista Networks Is Buying Further Ahead Than It Can See,Trefis,2026-08-24,0.0,,,,,,,,,,
COHR,Coherent Corp,AI,fibre-optical,NYSE,275.49,-4.74%,-21.56%,+1.54%,+41.76%,+220%,53.95,2.107,67.03,6.19,6817178,34863778,163435778,,5.42,buy,1.64,-4.74,95.26,-4.74,952.6,-47.4,9526.0,-474.0,-21.56,78.44,-21.56,784.4,-215.6,7844.0,-2156.0,1.54,101.54,1.54,1015.4,15.4,10154.0,154.0,41.76,141.76,41.76,1417.6,417.6,14176.0,4176.0,220.0,320.0,220.0,3200.0,2200.0,32000.0,22000.0,The Shock Record Understates How Far Applied Optoelectronics Stock Can Fall,Trefis,2026-08-24,-0.382,"Marvell, Micron, SpaceX, XPeng, Tesla, Moderna, and More Stocks That Explain Today’s Market",Barrons.com,2026-08-24,0.0,Coherent (COHR) & Lumentum Holdings (LITE): Two AI Optics Suppliers Just Beat Earnings. Why Did Investors Punish One of Them?,Insider Monkey,2026-08-24,-0.527,,,,,,,,,,
LITE,Lumentum Holdings,AI,fibre-optical,NASDAQ,830.17,-4.25%,-14.32%,+16.60%,+115.01%,+602%,74.466,1.513,,5.28,3708945,22051945,110422245,,12.16,buy,1.54,-4.25,95.75,-4.25,957.5,-42.5,9575.0,-425.0,-14.32,85.68,-14.32,856.8,-143.2,8568.0,-1432.0,16.6,116.6,16.6,1166.0,166.0,11660.0,1660.0,115.01,215.01,115.01,2150.1,1150.1,21501.0,11501.0,602.0,702.0,602.0,7020.0,6020.0,70200.0,60200.0,Lumentum Holdings (LITE) As AI Demand And Fresh Guidance Put Valuation In Focus,Simply Wall St.,2026-08-24,0.202,The Shock Record Understates How Far Applied Optoelectronics Stock Can Fall,Trefis,2026-08-24,-0.382,"Marvell, Micron, SpaceX, XPeng, Tesla, Moderna, and More Stocks That Explain Today’s Market",Barrons.com,2026-08-24,0.0,,,,,,,,,,
AAOI,Applied Optoelectronics,AI,fibre-optical,NASDAQ,107.63,-4.15%,-30.51%,+10.03%,+171.79%,+413%,9.102,3.787,,12.21,14780328,60440828,279154828,,12.81,buy,2.33,-4.15,95.85,-4.15,958.5,-41.5,9585.0,-415.0,-30.51,69.49,-30.51,694.9,-305.1,6949.0,-3051.0,10.03,110.03,10.03,1100.3,100.3,11003.0,1003.0,171.79,271.79,171.79,2717.9,1717.9,27179.0,17179.0,413.0,513.0,413.0,5130.0,4130.0,51300.0,41300.0,"Semiconductor stocks drag S&P 500, Nasdaq lower: AlphaCheck",Yahoo Finance,2026-08-24,-0.477,The Shock Record Understates How Far Applied Optoelectronics Stock Can Fall,Trefis,2026-08-24,-0.382,"Stock Market Midday, Aug. 24: Dow Edges Higher as Chip Weakness Pressures Nasdaq",Motley Fool,2026-08-24,-0.625,,,,,,,,,,
FN,Fabrinet,AI,fibre-optical,NYSE,421.14,-3.64%,-29.64%,-10.55%,-12.16%,+40%,15.091,1.222,32.25,1.02,1140984,8290584,21825284,,6.13,buy,1.78,-3.64,96.36,-3.64,963.6,-36.4,9636.0,-364.0,-29.64,70.36,-29.64,703.6,-296.4,7036.0,-2964.0,-10.55,89.45,-10.55,894.5,-105.5,8945.0,-1055.0,-12.16,87.84,-12.16,878.4,-121.6,8784.0,-1216.0,40.0,140.0,40.0,1400.0,400.0,14000.0,4000.0,Fabrinet Just Lost Billions in Market Value Due to Nvidia. Here’s Why the Reaction Is Overdone.,Barchart,2026-08-23,0.026,Why Navitas Semiconductor Stock Sank This Week,Motley Fool,2026-08-22,0.0,Why Fabrinet Shed Nearly A Quarter of Its Value This Week,Motley Fool,2026-08-21,0.34,,,,,,,,,,
MTSI,MACOM Technology,AI,dsp-semi,NASDAQ,257.43,-3.87%,-21.40%,-2.15%,+47.14%,+110%,19.661,1.71,81.72,1.68,1505754,7355054,32370254,,3.69,buy,1.69,-3.87,96.13,-3.87,961.3,-38.7,9613.0,-387.0,-21.4,78.6,-21.4,786.0,-214.0,7860.0,-2140.0,-2.15,97.85,-2.15,978.5,-21.5,9785.0,-215.0,47.14,147.14,47.14,1471.4,471.4,14714.0,4714.0,110.0,210.0,110.0,2100.0,1100.0,21000.0,11000.0,MACOM Technology Solutions Holdings (MTSI) Could Be 33% Undervalued After Earnings And Guidance,Simply Wall St.,2026-08-20,0.178,MACOM Technology Solutions (MTSI): Can Data Center and 5G Demand Drive More Upside?,Insider Monkey,2026-08-20,0.052,MACOM (MTSI) Stock Could Trade At A Premium On Strong Q3 Results,Simply Wall St.,2026-08-20,0.511,,,,,,,,,,
SMTC,Semtech,AI,dsp-semi,NASDAQ,120.91,-3.58%,-21.60%,-0.50%,+60.66%,+143%,11.262,2.345,,3.41,2560240,14034940,49736940,,9.13,strong_buy,1.33,-3.58,96.42,-3.58,964.2,-35.8,9642.0,-358.0,-21.6,78.4,-21.6,784.0,-216.0,7840.0,-2160.0,-0.5,99.5,-0.5,995.0,-5.0,9950.0,-50.0,60.66,160.66,60.66,1606.6,606.6,16066.0,6066.0,143.0,243.0,143.0,2430.0,1430.0,24300.0,14300.0,"Micron, Seagate, Western Digital, Semtech, and Penguin Solutions Shares Are Falling, What You Need To Know",StockStory,2026-08-24,0.318,Earnings To Watch: Semtech (SMTC) Reports Q2 Results Tomorrow,StockStory,2026-08-24,0.0,"Stocks making big moves this week: Bally's, Adobe, Novavax, Semtech, and STAAR Surgical",StockStory,2026-08-22,0.0,,,,,,,,,,
CRDO,Credo Technology,AI,dsp-semi,NASDAQ,222.61,-3.09%,-21.29%,+6.95%,+55.43%,+100%,41.512,3.233,88.69,7.73,4083727,22702227,104132027,,3.66,strong_buy,1.32,-3.09,96.91,-3.09,969.1,-30.9,9691.0,-309.0,-21.29,78.71,-21.29,787.1,-212.9,7871.0,-2129.0,6.95,106.95,6.95,1069.5,69.5,10695.0,695.0,55.43,155.43,55.43,1554.3,554.3,15543.0,5543.0,100.0,200.0,100.0,2000.0,1000.0,20000.0,10000.0,MaxLinear Stock Drops 23% in a Month: Should You Buy it on the Dip?,Zacks,2026-08-20,0.0,Credo vs. Astera Labs: Which AI Connectivity Stock Is the Better Buy?,Zacks,2026-08-20,0.44,Credo Is Up 71% This Year and Wall Street Just Raised Its Targets Again,24/7 Wall St.,2026-08-20,0.0,,,,,,,,,,
MXL,MaxLinear,AI,dsp-semi,NASDAQ,62.78,-5.88%,-25.93%,-3.21%,+239.17%,+301%,5.694,3.975,,3.89,1728208,11363608,59348108,,6.43,buy,1.82,-5.88,94.12,-5.88,941.2,-58.8,9412.0,-588.0,-25.93,74.07,-25.93,740.7,-259.3,7407.0,-2593.0,-3.21,96.79,-3.21,967.9,-32.1,9679.0,-321.0,239.17,339.17,239.17,3391.7,2391.7,33917.0,23917.0,301.0,401.0,301.0,4010.0,3010.0,40100.0,30100.0,Here's Why MaxLinear (MXL) Is a Great 'Buy the Bottom' Stock Now,Zacks,2026-08-24,0.625,MaxLinear Stock Drops 23% in a Month: Should You Buy it on the Dip?,Zacks,2026-08-20,0.0,MaxLinear (MXL) Stock Looks Pricey After Its 450% One Year Run,Simply Wall St.,2026-08-18,0.0,,,,,,,,,,
KEYS,Keysight Technologies,AI,test-equip,NYSE,310.66,-2.00%,-13.98%,-0.96%,+50.38%,+91%,52.905,1.21,41.98,1.52,909320,11422720,28889520,,2.14,buy,1.58,-2.0,98.0,-2.0,980.0,-20.0,9800.0,-200.0,-13.98,86.02,-13.98,860.2,-139.8,8602.0,-1398.0,-0.96,99.04,-0.96,990.4,-9.6,9904.0,-96.0,50.38,150.38,50.38,1503.8,503.8,15038.0,5038.0,91.0,191.0,91.0,1910.0,910.0,19100.0,9100.0,"3 Top-Ranked Stocks to Buy After Strong Earnings Beats: KEYS, BMA & ZIM",Zacks,2026-08-24,0.511,Why Keysight Technologies Stock Sank This Week,Motley Fool,2026-08-23,0.0,Keysight (KEYS) Raised Its Outlook. Is AI Testing Becoming a Durable Growth Engine?,Insider Monkey,2026-08-21,0.382,,,,,,,,,,
VIAV,Viavi Solutions,AI,test-equip,NASDAQ,36.95,-5.23%,-20.13%,-3.17%,+103.58%,+253%,9.118,1.234,,6.77,3183898,22656198,115066598,,6.56,strong_buy,1.38,-5.23,94.77,-5.23,947.7,-52.3,9477.0,-523.0,-20.13,79.87,-20.13,798.7,-201.3,7987.0,-2013.0,-3.17,96.83,-3.17,968.3,-31.7,9683.0,-317.0,103.58,203.58,103.58,2035.8,1035.8,20358.0,10358.0,253.0,353.0,253.0,3530.0,2530.0,35300.0,25300.0,"Viavi Sees AI Optics, CPO Testing Driving Path Toward $500M Quarterly Revenue",MarketBeat,2026-08-20,0.0,"Viavi Solutions Director Laura Black Sells 71,000 Shares for $3.3 Million",Motley Fool,2026-08-19,0.44,2 of Wall Street’s Favorite Stocks on Our Watchlist and 1 That Underwhelm,StockStory,2026-08-16,0.459,8,strong_buy,0.796,"Viavi Solutions has strong_buy consensus, YTD +114.33%, and news sentiment 0.251. P/E not available but benefits from AI optical testing demand.",strong_buy rating; high YTD return; AI optical testing catalyst; positive news sentiment,,,,,
AXTI,AXT Inc,AI,materials,NASDAQ,65.4,-5.90%,-31.85%,+36.59%,+290.21%,+2391%,4.288,1.933,2180.0,10.53,8998300,56620200,282027700,,16.05,none,,-5.9,94.1,-5.9,941.0,-59.0,9410.0,-590.0,-31.85,68.15,-31.85,681.5,-318.5,6815.0,-3185.0,36.59,136.59,36.59,1365.9,365.9,13659.0,3659.0,290.21,390.21,290.21,3902.1,2902.1,39021.0,29021.0,2391.0,2491.0,2391.0,24910.0,23910.0,249100.0,239100.0,AXTI vs. ASYS: Which AI Semiconductor Stock Is the Better Buy Now?,Zacks,2026-08-21,0.44,Wall Street Analysts Believe AXT (AXTI) Could Rally 25.27%: Here's is How to Trade,Zacks,2026-08-21,0.0,AXT's InP Demand Is Surging: Can It Become a Long-Term Growth Driver?,Zacks,2026-08-19,0.273,,,,,,,,,,
AMGN,Amgen,Biotech,large-cap,NASDAQ,443.84,+0.92%,+6.45%,+18.65%,+38.24%,+52%,239.954,0.413,27.6,2.71,2116272,12280272,57555772,229.0,2.46,buy,2.47,0.92,100.92,0.92,1009.2,9.2,10092.0,92.0,6.45,106.45,6.45,1064.5,64.5,10645.0,645.0,18.65,118.65,18.65,1186.5,186.5,11865.0,1865.0,38.24,138.24,38.24,1382.4,382.4,13824.0,3824.0,52.0,152.0,52.0,1520.0,520.0,15200.0,5200.0,Exelixis Owners Keep Getting A Bigger Slice Of A Company In Transition,Trefis,2026-08-24,0.0,"Amgen Touches 52-Week High: Buy, Sell or Hold the Stock?",Zacks,2026-08-24,0.0,"Beat the Market Like Zacks: Amgen, FirstCash, Delek in Focus",Zacks,2026-08-24,0.361,2,buy,0.85,"Q2 beat raised 2026 guidance; Argus raised PT to $460; P/E 27.32, +20.72% 1m, analyst buy, strong revenue growth. [seekingalpha.com](https://seekingalpha.com/news/4625503-amgen-raises-2026-eps-revenue-guidance-q2-beats-both-lines) [investors.com](https://www.investors.com/news/technology/amgen-stock-amgen-earnings-q2-2026/)",raised guidance; P/E 27.32; +20.72% 1m; analyst buy,,,,,
GILD,Gilead Sciences,Biotech,large-cap,NASDAQ,146.74,+0.14%,+5.63%,+12.43%,+22.16%,+28%,181.951,0.336,,7.72,5313552,30362852,139972652,224.0,1.97,buy,1.69,0.14,100.14,0.14,1001.4,1.4,10014.0,14.0,5.63,105.63,5.63,1056.3,56.3,10563.0,563.0,12.43,112.43,12.43,1124.3,124.3,11243.0,1243.0,22.16,122.16,22.16,1221.6,221.6,12216.0,2216.0,28.0,128.0,28.0,1280.0,280.0,12800.0,2800.0,GILD Stock Garners Retail Attention On Trodelvy EU Approval Ahead Of August 27 HIV FDA Verdict,Stocktwits,2026-08-24,0.572,Exelixis Owners Keep Getting A Bigger Slice Of A Company In Transition,Trefis,2026-08-24,0.0,"Gilead’s Core Business Is Accelerating, But Will Its $11 Billion Pipeline Bet Pay Off?",Insider Monkey,2026-08-24,-0.153,9,buy,0.75,"Analyst buy (an_score 1.69), +21.64% YTD, +12.11% 1m, news sentiment 0.163; accelerating core business.",analyst buy 1.69; +21.64% YTD; +12.11% 1m; news sentiment 0.163,,,,,
REGN,Regeneron Pharmaceuticals,Biotech,large-cap,NASDAQ,828.5,-1.15%,+2.92%,+24.33%,+7.14%,+46%,85.299,0.188,20.48,0.94,483113,3395713,16806113,45.0,3.48,buy,1.89,-1.15,98.85,-1.15,988.5,-11.5,9885.0,-115.0,2.92,102.92,2.92,1029.2,29.2,10292.0,292.0,24.33,124.33,24.33,1243.3,243.3,12433.0,2433.0,7.14,107.14,7.14,1071.4,71.4,10714.0,714.0,46.0,146.0,46.0,1460.0,460.0,14600.0,4600.0,Oil Shipper Hits New High; Three Stocks Also Near Pivots,Investor's Business Daily,2026-08-21,0.0,How Moderna’s Historic Short Squeeze Upended the AI Chip Trade,Barrons.com,2026-08-20,0.0,Regeneron Secures FDA Approval for Rare Genetic Disorder Drug,Zacks,2026-08-20,0.402,5,buy,0.75,"P/E 20.62, analyst buy, news sentiment 0.191, +28.23% 1m; strong momentum with reasonable valuation.",P/E 20.62; +28.23% 1m; analyst buy; news sentiment 0.191,,,,,
VRTX,Vertex Pharmaceuticals,Biotech,large-cap,NASDAQ,547.59,-0.08%,+6.21%,+14.32%,+21.11%,+41%,138.705,0.305,31.93,1.55,747421,5818921,27634421,,1.76,buy,1.68,-0.08,99.92,-0.08,999.2,-0.8,9992.0,-8.0,6.21,106.21,6.21,1062.1,62.1,10621.0,621.0,14.32,114.32,14.32,1143.2,143.2,11432.0,1432.0,21.11,121.11,21.11,1211.1,211.1,12111.0,2111.0,41.0,141.0,41.0,1410.0,410.0,14100.0,4100.0,Inflation Is Rising Again. History Says These 2 Stocks Are Among the Smartest Places to Hide,Motley Fool,2026-08-24,0.511,Vertex Pharmaceuticals' Rally Has a New Engine -- and Wall Street Thinks the Best Is Still Ahead,Motley Fool,2026-08-20,0.637,Are Wall Street Analysts Bullish on Vertex Stock?,Barchart,2026-08-20,0.0,4,buy,0.8,"P/E 31.96, analyst buy (an_score 1.68), news sentiment 0.215, +15.97% 1m; strong pipeline and large-cap stability.",P/E 31.96; analyst buy; news sentiment 0.215; +15.97% 1m,,,,,
BIIB,Biogen,Biotech,large-cap,NASDAQ,218.12,+0.62%,+4.29%,+8.98%,+22.66%,+59%,32.229,0.162,38.67,1.17,576331,3688031,19854431,,4.11,buy,1.83,0.62,100.62,0.62,1006.2,6.2,10062.0,62.0,4.29,104.29,4.29,1042.9,42.9,10429.0,429.0,8.98,108.98,8.98,1089.8,89.8,10898.0,898.0,22.66,122.66,22.66,1226.6,226.6,12266.0,2266.0,59.0,159.0,59.0,1590.0,590.0,15900.0,5900.0,Is Biogen (BIIB) Undervalued On Raised EPS Guidance And Key Phase 3 Readouts?,Simply Wall St.,2026-08-21,0.0,What Biogen (BIIB)'s Higher Earnings Guidance and Late-Stage Pipeline Progress Means For Shareholders,Simply Wall St.,2026-08-21,0.421,"Should You Buy, Sell or Hold Biogen Stock After a 9% Rise in a Month?",Zacks,2026-08-20,0.0,,,,,,,,,,
BMY,Bristol-Myers Squibb,Biotech,large-cap,NYSE,67.28,+0.31%,+4.10%,+7.54%,+28.58%,+42%,137.433,0.225,14.82,12.45,5220218,44854118,252652718,376.0,2.56,buy,2.46,0.31,100.31,0.31,1003.1,3.1,10031.0,31.0,4.1,104.1,4.1,1041.0,41.0,10410.0,410.0,7.54,107.54,7.54,1075.4,75.4,10754.0,754.0,28.58,128.58,28.58,1285.8,285.8,12858.0,2858.0,42.0,142.0,42.0,1420.0,420.0,14200.0,4200.0,Exelixis Owners Keep Getting A Bigger Slice Of A Company In Transition,Trefis,2026-08-24,0.0,"Pfizer Stock: Wall Street Sees a Rebound, Here’s Our Price Target",24/7 Wall St.,2026-08-24,0.0,Bristol-Myers Squibb (BMY) Bets $2.3 Billion on Texas While Eli Lilly (LLY) Wins in the UK,Insider Monkey,2026-08-21,0.572,8,buy,0.8,"P/E 14.76 attractive, analyst buy, +28.07% YTD, news sentiment 0.187; solid value with strong momentum.",P/E 14.76; +28.07% YTD; analyst buy; news sentiment 0.187,,,,,
AZN,AstraZeneca,Biotech,uk-listed,LSE,165.08,-1.06%,+4.76%,-4.41%,-10.89%,+2%,2.56,0.211,24.71,3.08,1762163,13583627,94226240,195.0,,buy,1.79,-1.06,98.94,-1.06,989.4,-10.6,9894.0,-106.0,4.76,104.76,4.76,1047.6,47.6,10476.0,476.0,-4.41,95.59,-4.41,955.9,-44.1,9559.0,-441.0,-10.89,89.11,-10.89,891.1,-108.9,8911.0,-1089.0,2.0,102.0,2.0,1020.0,20.0,10200.0,200.0,"Here Are Monday’s Top Wall Street Analyst Research Calls: AstraZeneca, Celestica, Chipotle Mexican Grill, Domino’s Pizza, Fortune Brands, Golar LNG, Jersey Mike’s Subs, Roku, and More",24/7 Wall St.,2026-08-24,0.202,"AstraZeneca’s Earnings Beat Shows Momentum, But Can its Pipeline Deliver $80 Billion in Revenue?",Insider Monkey,2026-08-23,0.0,"AstraZeneca Made a $1.5 Billion Lung Cancer Bet, but Can Zegfrovy Strengthen its Oncology Growth?",Insider Monkey,2026-08-23,0.565,,,,,,,,,,
GSK,GSK,Biotech,uk-listed,LSE,25.77,-1.46%,+2.11%,-1.50%,+3.25%,+30%,1.032,0.295,16.02,7.93,5274267,26673155,154291715,354.0,,hold,2.59,-1.46,98.54,-1.46,985.4,-14.6,9854.0,-146.0,2.11,102.11,2.11,1021.1,21.1,10211.0,211.0,-1.5,98.5,-1.5,985.0,-15.0,9850.0,-150.0,3.25,103.25,3.25,1032.5,32.5,10325.0,325.0,30.0,130.0,30.0,1300.0,300.0,13000.0,3000.0,GSK's sBLA for Jemperli Gets FDA Priority Tag in Rectal Cancer,Zacks,2026-08-24,-0.66,GSK shares kept at neutral by Citi as unproven phase III pipeline curbs long-term growth,Proactive,2026-08-20,0.586,Is Gilead's Expanding HIV Portfolio a Growth Catalyst?,Zacks,2026-08-18,0.382,,,,,,,,,,
CRSP,CRISPR Therapeutics,Biotech,gene-editing,NASDAQ,57.08,-4.49%,+5.15%,+22.14%,+6.15%,+10%,5.519,1.738,,1.69,1104193,11622293,32485893,,22.28,buy,2.05,-4.49,95.51,-4.49,955.1,-44.9,9551.0,-449.0,5.15,105.15,5.15,1051.5,51.5,10515.0,515.0,22.14,122.14,22.14,1221.4,221.4,12214.0,2214.0,6.15,106.15,6.15,1061.5,61.5,10615.0,615.0,10.0,110.0,10.0,1100.0,100.0,11000.0,1000.0,4 Gene-Editing Biotech Stocks Worth Watching for Long-Term Gains,Zacks,2026-08-24,0.511,CRISPR Therapeutics Stock Is Up Only 8% This Year. Is Cathie Wood's Bet on the Gene-Editing Stock Dead Money?,Motley Fool,2026-08-21,-0.649,"Crispr Therapeutics Posts ""Quiet"" Quarter as Casgevy Advances, SiRNA Data Readouts Near, RBC Says",MT Newswires,2026-08-04,0.0,,,,,,,,,,
BEAM,Beam Therapeutics,Biotech,gene-editing,NASDAQ,28.33,-5.91%,+4.54%,+13.00%,+4.38%,+81%,2.927,2.209,,2.18,1221806,10395606,35464306,,35.17,none,,-5.91,94.09,-5.91,940.9,-59.1,9409.0,-591.0,4.54,104.54,4.54,1045.4,45.4,10454.0,454.0,13.0,113.0,13.0,1130.0,130.0,11300.0,1300.0,4.38,104.38,4.38,1043.8,43.8,10438.0,438.0,81.0,181.0,81.0,1810.0,810.0,18100.0,8100.0,4 Gene-Editing Biotech Stocks Worth Watching for Long-Term Gains,Zacks,2026-08-24,0.511,"BEAM's Q2 Loss Wider Than Expected, Revenues Fall Y/Y, Pipeline in Focus",Zacks,2026-08-05,-0.318,"Beam Therapeutics Inc. (BEAM) Reports Q2 Loss, Lags Revenue Estimates",Zacks,2026-08-04,-0.586,,,,,,,,,,
NTLA,Intellia Therapeutics,Biotech,gene-editing,NASDAQ,12.56,-3.53%,+3.89%,+17.71%,+36.37%,+13%,1.76,1.794,,4.97,3013822,20356822,73857822,,39.57,buy,2.26,-3.53,96.47,-3.53,964.7,-35.3,9647.0,-353.0,3.89,103.89,3.89,1038.9,38.9,10389.0,389.0,17.71,117.71,17.71,1177.1,177.1,11771.0,1771.0,36.37,136.37,36.37,1363.7,363.7,13637.0,3637.0,13.0,113.0,13.0,1130.0,130.0,11300.0,1300.0,4 Gene-Editing Biotech Stocks Worth Watching for Long-Term Gains,Zacks,2026-08-24,0.511,Moderna’s Newfound War Chest Opens Door for 4 Strategic Acquisition Targets,24/7 Wall St.,2026-08-20,-0.599,Intellia (NTLA) Q2 2026 Earnings Call Transcript,Motley Fool,2026-08-13,0.0,,,,,,,,,,
EDIT,Editas Medicine,Biotech,gene-editing,NASDAQ,3.0,-3.23%,+5.63%,+11.94%,+46.34%,+14%*,0.461,2.063,,2.82,2050495,20295695,45504995,,15.3,buy,2.08,-3.23,96.77,-3.23,967.7,-32.3,9677.0,-323.0,5.63,105.63,5.63,1056.3,56.3,10563.0,563.0,11.94,111.94,11.94,1119.4,119.4,11194.0,1194.0,46.34,146.34,46.34,1463.4,463.4,14634.0,4634.0,14.0,114.0,14.0,1140.0,140.0,11400.0,1400.0,4 Gene-Editing Biotech Stocks Worth Watching for Long-Term Gains,Zacks,2026-08-24,0.511,Moderna’s Newfound War Chest Opens Door for 4 Strategic Acquisition Targets,24/7 Wall St.,2026-08-20,-0.599,Is Editas Medicine (EDIT) Outperforming Other Medical Stocks This Year?,Zacks,2026-08-10,0.0,,,,,,,,,,
ILMN,Illumina,Biotech,genomics,NASDAQ,223.22,+1.91%,+15.57%,+17.81%,+66.15%,+120%,33.706,1.464,41.72,1.99,2249470,10734670,44089070,,8.73,buy,2.45,1.91,101.91,1.91,1019.1,19.1,10191.0,191.0,15.57,115.57,15.57,1155.7,155.7,11557.0,1557.0,17.81,117.81,17.81,1178.1,178.1,11781.0,1781.0,66.15,166.15,66.15,1661.5,661.5,16615.0,6615.0,120.0,220.0,120.0,2200.0,1200.0,22000.0,12000.0,What Is Really Moving Tempus AI Stock Right Now?,Trefis,2026-08-24,0.0,1 Unpopular Stock That Deserves Some Love and 2 Facing Headwinds,StockStory,2026-08-17,0.637,BMRN vs. ILMN: Which Stock Is the Better Value Option?,Zacks,2026-08-12,0.649,7,buy,0.75,"YTD +63.30%, news sentiment 0.462, analyst buy, +14.95% 1m; strong genomics leader with positive sentiment.",YTD +63.30%; news sentiment 0.462; analyst buy; +14.95% 1m,,,,,
PACB,Pacific Biosciences,Biotech,genomics,NASDAQ,1.28,-5.19%,+5.79%,-5.88%,-30.43%,+2%*,0.398,2.318,,6.57,5429053,33018153,148130553,,18.12,buy,2.0,-5.19,94.81,-5.19,948.1,-51.9,9481.0,-519.0,5.79,105.79,5.79,1057.9,57.9,10579.0,579.0,-5.88,94.12,-5.88,941.2,-58.8,9412.0,-588.0,-30.43,69.57,-30.43,695.7,-304.3,6957.0,-3043.0,2.0,102.0,2.0,1020.0,20.0,10200.0,200.0,1 Healthcare Stock to Target This Week and 2 Facing Headwinds,StockStory,2026-08-24,0.0,"PacBio Cuts Outlook as SPRQ-Nx Transition Slows, Targets 2028 Cash-Flow Positivity",MarketBeat,2026-08-16,0.273,5 Must-Read Analyst Questions From PacBio’s Q2 Earnings Call,StockStory,2026-08-14,0.0,,,,,,,,,,
NTRA,Natera,Biotech,genomics,NASDAQ,327.72,-1.55%,+4.31%,+27.01%,+43.21%,+104%,47.238,1.514,,1.45,1213151,7090851,30473751,,3.12,strong_buy,1.5,-1.55,98.45,-1.55,984.5,-15.5,9845.0,-155.0,4.31,104.31,4.31,1043.1,43.1,10431.0,431.0,27.01,127.01,27.01,1270.1,270.1,12701.0,2701.0,43.21,143.21,43.21,1432.1,432.1,14321.0,4321.0,104.0,204.0,104.0,2040.0,1040.0,20400.0,10400.0,What Is Really Moving Tempus AI Stock Right Now?,Trefis,2026-08-24,0.0,Billionaire Stanley Druckenmiller Bought Amazon and Alphabet in Q2. But His Single Biggest Holding Is Neither of Them -- and It's Not Nvidia Either.,Motley Fool,2026-08-24,0.09,3 Large-Cap Stocks Worth Investigating,StockStory,2026-08-24,0.226,3,strong_buy,0.8,"Strong_buy consensus (an_score 1.5), +45.09% YTD, +25.66% 1m; billionaire Druckenmiller top buy; strong momentum in cancer diagnostics.",strong_buy consensus; +45.09% YTD; +25.66% 1m; Druckenmiller buy,,,,,
RXRX,Recursion Pharmaceuticals,Biotech,genomics,NASDAQ,3.25,-7.10%,+4.50%,+7.97%,-22.62%,-28%*,1.743,1.054,,21.07,14873944,105903444,340842944,,35.35,buy,2.43,-7.1,92.9,-7.1,929.0,-71.0,9290.0,-710.0,4.5,104.5,4.5,1045.0,45.0,10450.0,450.0,7.97,107.97,7.97,1079.7,79.7,10797.0,797.0,-22.62,77.38,-22.62,773.8,-226.2,7738.0,-2262.0,-28.0,72.0,-28.0,720.0,-280.0,7200.0,-2800.0,"The Zacks Analyst Blog Highlights Recursion Pharmaceuticals, Schrodinger, Relay Therapeutics and Absci",Zacks,2026-08-18,0.0,"Contineum, Disc Medicine, Recursion Advance Pipelines Ahead of Catalysts, Morgan Stanley Says",MT Newswires,2026-08-17,0.0,4 AI-Powered Drug Discovery Stocks to Watch as AI Reshapes Pharma,Zacks,2026-08-17,0.0,,,,,,,,,,
INCY,Incyte,Biotech,oncology,NASDAQ,127.98,+0.13%,+3.63%,+7.66%,+26.19%,+51%,25.942,0.769,16.3,1.9,735583,6090383,38474283,,8.62,buy,2.29,0.13,100.13,0.13,1001.3,1.3,10013.0,13.0,3.63,103.63,3.63,1036.3,36.3,10363.0,363.0,7.66,107.66,7.66,1076.6,76.6,10766.0,766.0,26.19,126.19,26.19,1261.9,261.9,12619.0,2619.0,51.0,151.0,51.0,1510.0,510.0,15100.0,5100.0,"Here Are Thursday’s Top Wall Street Analyst Research Calls: Alphabet, Analog Devices, Crown Castle, ebay, EPR Properties, Etsy, Merck & Co., Shopify, TJX Companies, and More",24/7 Wall St.,2026-08-20,0.202,7 Growth Stocks Holding Up in a Tough Market,Barrons.com,2026-08-20,0.273,Incyte Stock: Is Wall Street Bullish or Bearish?,Barchart,2026-08-18,0.0,10,buy,0.75,"P/E 16.28, news sentiment 0.361, analyst buy, +26.02% YTD; good value with positive sentiment and oncology focus.",P/E 16.28; news sentiment 0.361; analyst buy; +26.02% YTD,,,,,
EXEL,Exelixis,Biotech,oncology,NASDAQ,54.55,-0.58%,+4.26%,-2.26%,+25.17%,+43%,13.517,0.422,17.15,2.64,2154679,9848979,57234579,,15.86,buy,2.4,-0.58,99.42,-0.58,994.2,-5.8,9942.0,-58.0,4.26,104.26,4.26,1042.6,42.6,10426.0,426.0,-2.26,97.74,-2.26,977.4,-22.6,9774.0,-226.0,25.17,125.17,25.17,1251.7,251.7,12517.0,2517.0,43.0,143.0,43.0,1430.0,430.0,14300.0,4300.0,Exelixis Owners Keep Getting A Bigger Slice Of A Company In Transition,Trefis,2026-08-24,0.0,"Exelixis, Valaris, and 3 More Stocks See Action From Activist Investors",Barrons.com,2026-08-21,0.0,Exelixis (EXEL) Q2 2026 Earnings Call Transcript,Motley Fool,2026-08-13,0.0,,,,,,,,,,
ALNY,Alnylam Pharmaceuticals,Biotech,oncology,NASDAQ,236.01,-1.25%,+5.08%,-15.23%,-41.02%,-47%,31.58,0.279,41.12,1.71,2055148,9138348,49822048,,4.78,buy,1.68,-1.25,98.75,-1.25,987.5,-12.5,9875.0,-125.0,5.08,105.08,5.08,1050.8,50.8,10508.0,508.0,-15.23,84.77,-15.23,847.7,-152.3,8477.0,-1523.0,-41.02,58.98,-41.02,589.8,-410.2,5898.0,-4102.0,-47.0,53.0,-47.0,530.0,-470.0,5300.0,-4700.0,Is Alnylam (ALNY) Turning Expanded HELIOS-B and Zilebesiran Data Into Durable Cardiovascular Leadership?,Simply Wall St.,2026-08-24,0.0,Moderna Stock Had A Readout Waiting In Plain Sight,Trefis,2026-08-24,0.0,Moderna's Melanoma Result Landed On A Market Positioned The Other Way,Trefis,2026-08-20,0.0,,,,,,,,,,
RCUS,Arcus Biosciences,Biotech,oncology,NYSE,30.12,-0.73%,+1.89%,+8.19%,+29.33%,+199%*,3.836,0.811,,1.32,1094346,6408346,25635846,,16.82,strong_buy,1.46,-0.73,99.27,-0.73,992.7,-7.3,9927.0,-73.0,1.89,101.89,1.89,1018.9,18.9,10189.0,189.0,8.19,108.19,8.19,1081.9,81.9,10819.0,819.0,29.33,129.33,29.33,1293.3,293.3,12933.0,2933.0,199.0,299.0,199.0,2990.0,1990.0,29900.0,19900.0,Could Arcus Biosciences (RCUS) and Summit Therapeutics (SMMT)’s Cancer Drug Partnership Create a New Treatment Standard?,Insider Monkey,2026-08-14,-0.511,Arcus Biosciences (RCUS) Q2 2026 Earnings Call Transcript,Motley Fool,2026-08-13,0.0,"Arcus Biosciences' Casdatifan Therapy Could be Launched in 2028, Morgan Stanley Says",MT Newswires,2026-08-10,0.128,,,,,,,,,,
MRNA,Moderna,Biotech,mrna,NASDAQ,138.89,-4.74%,+115.47%,+149.67%,+350.06%,+473%,55.45,0.899,,12.88,31263083,421467583,511634483,,15.23,hold,2.83,-4.74,95.26,-4.74,952.6,-47.4,9526.0,-474.0,115.47,215.47,115.47,2154.7,1154.7,21547.0,11547.0,149.67,249.67,149.67,2496.7,1496.7,24967.0,14967.0,350.06,450.06,350.06,4500.6,3500.6,45006.0,35006.0,473.0,573.0,473.0,5730.0,4730.0,57300.0,47300.0,Nvidia earnings may come down to guidance and Jensen Huang's confidence,Yahoo Finance Video,2026-08-24,0.511,"Myriad Genetics and Moderna Shares Plummet, What You Need To Know",StockStory,2026-08-24,0.296,Moderna Stock Had A Readout Waiting In Plain Sight,Trefis,2026-08-24,0.0,1,strong_buy,1.0,Melanoma vaccine success with Merck drove +149.92% 1m surge and +370.29% YTD; catalyst transformative despite hold rating (an_score 2.83). [reuters.com](https://www.reuters.com/legal/litigation/merck-moderna-say-melanoma-skin-cancer-vaccine-meets-goals-large-trial-2026-08-19/),+149.92% 1m momentum; melanoma vaccine catalyst; YTD +370.29%,,,,,
BNTX,BioNTech,Biotech,mrna,NASDAQ,112.82,-3.33%,+23.17%,+23.86%,+16.68%,+11%,28.341,1.278,,1.15,1628693,17825293,33617693,,3.69,buy,1.6,-3.33,96.67,-3.33,966.7,-33.3,9667.0,-333.0,23.17,123.17,23.17,1231.7,231.7,12317.0,2317.0,23.86,123.86,23.86,1238.6,238.6,12386.0,2386.0,16.68,116.68,16.68,1166.8,166.8,11668.0,1668.0,11.0,111.0,11.0,1110.0,110.0,11100.0,1100.0,"Moderna Sinks 7% as Traders Book Profits on a 392% Year-to-Date Surge; BioNTech Drops 4%, Merck Slips",24/7 Wall St.,2026-08-24,0.44,European Equities Traded in the US as American Depositary Receipts Track Slightly Lower in Monday Trading,MT Newswires,2026-08-24,-0.228,BioNTech (BNTX) Is Up 25.2% After First-in-Class Pumitamig Plus B7H3 ADC Lung Data – What's Changed,Simply Wall St.,2026-08-23,0.0,6,buy,0.7,"First-in-class Pumitamig plus B7H3 ADC lung data catalyst; analyst buy (an_score 1.6), +26.94% 1m, +25.22% 1w.",lung cancer data catalyst; analyst buy 1.6; +26.94% 1m; +25.22% 1w,,,,,
NVAX,Novavax,Biotech,mrna,NASDAQ,8.86,-0.78%,+9.79%,+18.29%,+24.26%,+19%*,1.461,2.416,,4.31,5551847,35436247,86432147,,27.86,none,,-0.78,99.22,-0.78,992.2,-7.8,9922.0,-78.0,9.79,109.79,9.79,1097.9,97.9,10979.0,979.0,18.29,118.29,18.29,1182.9,182.9,11829.0,1829.0,24.26,124.26,24.26,1242.6,242.6,12426.0,2426.0,19.0,119.0,19.0,1190.0,190.0,11900.0,1900.0,"Stocks making big moves this week: Bally's, Adobe, Novavax, Semtech, and STAAR Surgical",StockStory,2026-08-22,0.0,NVAX Stock Alert: Biotechs Hit Post-Pandemic High on mRNA Cancer Breakthrough,Barchart,2026-08-21,-0.494,3 Unprofitable Stocks Walking a Fine Line,StockStory,2026-08-21,0.202,,,,,,,,,,
BMRN,BioMarin Pharmaceutical,Biotech,rare-disease,NASDAQ,65.07,-2.02%,-2.36%,+7.96%,+9.45%,+14%,12.595,0.227,175.86,2.09,2233372,9022272,48398972,,6.48,buy,1.74,-2.02,97.98,-2.02,979.8,-20.2,9798.0,-202.0,-2.36,97.64,-2.36,976.4,-23.6,9764.0,-236.0,7.96,107.96,7.96,1079.6,79.6,10796.0,796.0,9.45,109.45,9.45,1094.5,94.5,10945.0,945.0,14.0,114.0,14.0,1140.0,140.0,11400.0,1400.0,BioMarin Pharmaceutical (BMRN) Agrees $490 Million Deal For Oral Rare Bone Disease Program,Simply Wall St.,2026-08-21,0.202,Therapeutics Stocks Q2 Results: Benchmarking BioMarin Pharmaceutical (NASDAQ:BMRN),StockStory,2026-08-20,0.0,Why BioMarin Pharmaceutical (BMRN) Stock Is Up Today,StockStory,2026-08-19,0.0,,,,,,,,,,
SRPT,Sarepta Therapeutics,Biotech,rare-disease,NASDAQ,18.13,-4.58%,-0.28%,+14.10%,-14.92%,+4%,1.915,0.205,,3.32,1314843,12446343,61122643,,31.28,hold,2.67,-4.58,95.42,-4.58,954.2,-45.8,9542.0,-458.0,-0.28,99.72,-0.28,997.2,-2.8,9972.0,-28.0,14.1,114.1,14.1,1141.0,141.0,11410.0,1410.0,-14.92,85.08,-14.92,850.8,-149.2,8508.0,-1492.0,4.0,104.0,4.0,1040.0,40.0,10400.0,400.0,Moderna Stock Had A Readout Waiting In Plain Sight,Trefis,2026-08-24,0.0,KROS $20M Takeda Milestone Adds Cash but Revenue Visibility Stays Weak,Zacks,2026-08-24,-0.593,Should You Buy KROS Stock as Pipeline Promise Meets Revenue Risk?,Zacks,2026-08-24,0.052,,,,,,,,,,
COAG,Hemab Therapeutics,Biotech,rare-disease,NASDAQ,46.67,-5.07%,-12.91%,-7.38%,+37.26%,+45%,2.18,,,0.33,336363,1617663,7763163,,,none,,-5.07,94.93,-5.07,949.3,-50.7,9493.0,-507.0,-12.91,87.09,-12.91,870.9,-129.1,8709.0,-1291.0,-7.38,92.62,-7.38,926.2,-73.8,9262.0,-738.0,37.26,137.26,37.26,1372.6,372.6,13726.0,3726.0,45.0,145.0,45.0,1450.0,450.0,14500.0,4500.0,Sector Update: Healthcare Stocks Advance Late Afternoon,MT Newswires,2026-07-13,0.0,"Hemab Therapeutics Details Post-IPO Pipeline Push, Sutacimig Phase III Plans",MarketBeat,2026-06-09,0.0,Hemab Therapeutics IPO Debut Puts COAG And Pipeline Risks In Focus,Simply Wall St.,2026-05-03,-0.273,,,,,,,,,,
NVO,Novo Nordisk,Biotech,metabolic,NYSE,46.92,+0.23%,+4.55%,-4.33%,-5.97%,-17%,207.484,0.349,11.44,12.4,9583018,61746418,294242318,384.0,0.93,hold,2.57,0.23,100.23,0.23,1002.3,2.3,10023.0,23.0,4.55,104.55,4.55,1045.5,45.5,10455.0,455.0,-4.33,95.67,-4.33,956.7,-43.3,9567.0,-433.0,-5.97,94.03,-5.97,940.3,-59.7,9403.0,-597.0,-17.0,83.0,-17.0,830.0,-170.0,8300.0,-1700.0,Eli Lilly (LLY) Is Suing Six Companies Over an Unapproved Drug—Leaving Novo Nordisk (NVO) Clear in the GLP-1 Wars,Insider Monkey,2026-08-24,-0.67,Is the Weight-Loss Drug Market Really a Winner-Take-All Fight Between Novo Nordisk (NVO) and Eli Lilly (LLY)?,Insider Monkey,2026-08-24,-0.434,LXRX Stock Edges Higher On $10M Payout From Novo Nordisk — Retail Traders Highlight More Cash Milestones On The Horizon,Stocktwits,2026-08-24,0.34,,,,,,,,,,
LLY,Eli Lilly,Biotech,metabolic,NYSE,1246.93,-0.58%,+5.39%,+4.27%,+15.98%,+81%,1111.46,0.506,41.91,2.97,1661022,13830622,58755322,55.0,1.02,buy,1.7,-0.58,99.42,-0.58,994.2,-5.8,9942.0,-58.0,5.39,105.39,5.39,1053.9,53.9,10539.0,539.0,4.27,104.27,4.27,1042.7,42.7,10427.0,427.0,15.98,115.98,15.98,1159.8,159.8,11598.0,1598.0,81.0,181.0,81.0,1810.0,810.0,18100.0,8100.0,Sector Update: Healthcare Stocks Softer Late Afternoon,MT Newswires,2026-08-24,0.0,Eli Lilly Slips as Its $1.1 Trillion Valuation Cools,GuruFocus.com,2026-08-24,0.0,Eli Lilly (LLY) Is Suing Six Companies Over an Unapproved Drug—Leaving Novo Nordisk (NVO) Clear in the GLP-1 Wars,Insider Monkey,2026-08-24,-0.67,,,,,,,,,,
LEGN,Legend Biotech,Biotech,neuroscience,NASDAQ,20.94,-5.25%,+1.40%,+8.67%,-2.65%,-37%,4.073,0.387,,2.78,1575663,12050663,61020563,,22.31,buy,2.0,-5.25,94.75,-5.25,947.5,-52.5,9475.0,-525.0,1.4,101.4,1.4,1014.0,14.0,10140.0,140.0,8.67,108.67,8.67,1086.7,86.7,10867.0,867.0,-2.65,97.35,-2.65,973.5,-26.5,9735.0,-265.0,-37.0,63.0,-37.0,630.0,-370.0,6300.0,-3700.0,Sector Update: Healthcare Stocks Advance Late Afternoon,MT Newswires,2026-08-12,0.0,"Here Are Wednesday’s Top Wall Street Analyst Research Calls: The Gap, Genmab, Hilton Worldwide, Intuitive Surgical, Marriott International, Merck, Novo Nordisk, Okta, and More",24/7 Wall St.,2026-08-12,0.202,Legend Biotech (LEGN) Q2 2026 Earnings Call Transcript,Motley Fool,2026-08-12,0.0,,,,,,,,,,
IONS,Ionis Pharmaceuticals,Biotech,neuroscience,NASDAQ,62.04,+2.21%,+5.82%,+10.86%,-22.13%,+43%,10.309,0.4,,2.91,2134503,13312903,51282203,,17.11,buy,1.79,2.21,102.21,2.21,1022.1,22.1,10221.0,221.0,5.82,105.82,5.82,1058.2,58.2,10582.0,582.0,10.86,110.86,10.86,1108.6,108.6,11086.0,1086.0,-22.13,77.87,-22.13,778.7,-221.3,7787.0,-2213.0,43.0,143.0,43.0,1430.0,430.0,14300.0,4300.0,Ionis (IONS) Stock Looks Like A Bargain On Value But Full On Sales,Simply Wall St.,2026-08-16,0.431,"Ionis Pharmaceuticals (IONS) Has A $92 Fair Value Narrative, Is The Stock A Bargain?",Simply Wall St.,2026-08-15,0.67,Ionis Stock Has Plunged 30%. Is It Time to Buy the Beaten-Down Stock?,Motley Fool,2026-08-14,0.0,,,,,,,,,,
BTC,Bitcoin,Crypto,bitcoin,Crypto,78888.850157,+1.94%,+22.60%,+22.73%,-9.86%,-10%,1583.663,,,39433.52,29643785729,276034673342,728562507756,,,,,1.94,101.94,1.94,1019.4,19.4,10194.0,194.0,22.6,122.6,22.6,1226.0,226.0,12260.0,2260.0,22.73,122.73,22.73,1227.3,227.3,12273.0,2273.0,-9.86,90.14,-9.86,901.4,-98.6,9014.0,-986.0,-10.0,90.0,-10.0,900.0,-100.0,9000.0,-1000.0,Strategy raise $2B last week — but it didn't buy any bitcoin,Yahoo Finance Video,2026-08-24,0.0,Bitcoin or gold? Deciding on the summer's top safe-haven.,Yahoo Finance Video,2026-08-24,0.202,Investor safe havens should be uncorrelated & 'truly different': AlphaSpace analysis of gold,Yahoo Finance Video,2026-08-24,0.7,,,,,,,,,,
ETH,Ethereum,Crypto,layer1,Crypto,2473.035093,+0.99%,+29.81%,+32.24%,-16.64%,-17%,298.45,,,19090.28,16424823876,133631965654,285623458066,,,,,0.99,100.99,0.99,1009.9,9.9,10099.0,99.0,29.81,129.81,29.81,1298.1,298.1,12981.0,2981.0,32.24,132.24,32.24,1322.4,322.4,13224.0,3224.0,-16.64,83.36,-16.64,833.6,-166.4,8336.0,-1664.0,-17.0,83.0,-17.0,830.0,-170.0,8300.0,-1700.0,Strategy raise $2B last week — but it didn't buy any bitcoin,Yahoo Finance Video,2026-08-24,0.0,Bitcoin or gold? Deciding on the summer's top safe-haven.,Yahoo Finance Video,2026-08-24,0.202,"Bitcoin and ethereum prices today, Monday, August 24, 2026: Prices rising, as investors look for more Fed clues this week",Yahoo Personal Finance,2026-08-24,0.0,6,buy,0.8,"ETH gained 32.36% in a month and 29.27% in a week with a $296B market cap; ETF inflow week of $2.08B and breakout above $2,500 align with altcoin rally per inflowscan.com.",+32.36% 1M return; +29.27% 1W return; large cap stability; ETF inflows & breakout,,,,,
SOL,Solana,Crypto,layer1,Crypto,96.427433,+1.43%,+27.02%,+29.67%,-22.56%,-23%,56.244,,,4244.36,4417663500,29710540958,59674043897,,,,,1.43,101.43,1.43,1014.3,14.3,10143.0,143.0,27.02,127.02,27.02,1270.2,270.2,12702.0,2702.0,29.67,129.67,29.67,1296.7,296.7,12967.0,2967.0,-22.56,77.44,-22.56,774.4,-225.6,7744.0,-2256.0,-23.0,77.0,-23.0,770.0,-230.0,7700.0,-2300.0,Bitcoin or gold? Deciding on the summer's top safe-haven.,Yahoo Finance Video,2026-08-24,0.202,Solana sets an all-time record for weekly network activity,TheStreet,2026-08-24,0.0,Prediction: 1 Cryptocurrency That Will Be Worth More Than Bitcoin and Ethereum Combined,Motley Fool,2026-08-24,0.226,9,buy,0.7,SOL returned 27.76% in a month and 25.07% in a week with a $55B market cap; altcoin rally and institutional infrastructure (Securitize fund addition) support it.,+27.76% 1M return; +25.07% 1W return; $55B market cap; institutional adoption,,,,,
BNB,BNB,Crypto,layer1,Crypto,702.867452,+0.44%,+16.19%,+23.77%,-18.57%,-19%,93.596,,,1285.76,1071629098,9000306897,21684506623,,,,,0.44,100.44,0.44,1004.4,4.4,10044.0,44.0,16.19,116.19,16.19,1161.9,161.9,11619.0,1619.0,23.77,123.77,23.77,1237.7,237.7,12377.0,2377.0,-18.57,81.43,-18.57,814.3,-185.7,8143.0,-1857.0,-19.0,81.0,-19.0,810.0,-190.0,8100.0,-1900.0,"HYPE Is Surging – And These Three Trading Firms Are Sitting On $600M In BTC, ETH Shorts",Stocktwits,2026-08-24,0.0,500M SAND Minted in Sandbox Exploit as Korean Exchanges Freeze Transfers,CCN,2026-08-24,-0.052,BounceBit Retires Its Chain After Attacker Moves 286.5 Million Tokens,BeInCrypto,2026-08-22,-0.572,,,,,,,,,,
ADA,Cardano,Crypto,layer1,Crypto,0.21986,-2.43%,+26.32%,+33.64%,-33.91%,-34%,8.069,,,616.65,605256817,4316584408,11620552642,,,,,-2.43,97.57,-2.43,975.7,-24.3,9757.0,-243.0,26.32,126.32,26.32,1263.2,263.2,12632.0,2632.0,33.64,133.64,33.64,1336.4,336.4,13364.0,3364.0,-33.91,66.09,-33.91,660.9,-339.1,6609.0,-3391.0,-34.0,66.0,-34.0,660.0,-340.0,6600.0,-3400.0,Mark Zuckerberg AI Predicts Cardano Could Have the Strangest Comeback of 2026,99bitcoins,2026-08-23,0.0,"Down 32% or More in 2026, Are Any of These Top Cryptocurrencies Worth Buying Right Now?",Motley Fool,2026-08-23,0.402,Why Cardano Was on Fire Today,Motley Fool,2026-08-21,-0.34,7,buy,0.75,"ADA returned 35.58% in a month and 24.41% in a week, with positive news sentiment 0.021; AI prediction of a 2026 comeback adds narrative fuel.",+35.58% 1M return; +24.41% 1W return; positive news sentiment 0.021; comeback narrative,,,,,
AVAX,Avalanche,Crypto,layer1,Crypto,7.548598,-0.27%,+19.10%,+12.29%,-38.67%,-39%,3.259,,,321.0,263850230,2247020907,6074620978,,,,,-0.27,99.73,-0.27,997.3,-2.7,9973.0,-27.0,19.1,119.1,19.1,1191.0,191.0,11910.0,1910.0,12.29,112.29,12.29,1122.9,122.9,11229.0,1229.0,-38.67,61.33,-38.67,613.3,-386.7,6133.0,-3867.0,-39.0,61.0,-39.0,610.0,-390.0,6100.0,-3900.0,"Securitize Adds Neuberger High-Yield Credit Fund to Ethereum, Solana, Avalanche and Sui",CryptoProwl,2026-08-18,0.44,,,,,,,,,,,,,,,,,,
XRP,XRP,Crypto,payments,Crypto,1.475928,-1.60%,+47.25%,+34.44%,-19.76%,-20%,92.606,,,5286.43,5320758107,37004975477,58629835148,,,,,-1.6,98.4,-1.6,984.0,-16.0,9840.0,-160.0,47.25,147.25,47.25,1472.5,472.5,14725.0,4725.0,34.44,134.44,34.44,1344.4,344.4,13444.0,3444.0,-19.76,80.24,-19.76,802.4,-197.6,8024.0,-1976.0,-20.0,80.0,-20.0,800.0,-200.0,8000.0,-2000.0,Asia's most regulated markets just said yes to Shiba Inu,TheStreet,2026-08-24,0.402,Can XRP Be Used With FedNow Through Volante? Here’s What the Evidence Reveals,CCN,2026-08-24,0.0,XRP Price Prediction: 20% Gain Awaits if XRP Stays Above This Support Area,FX Empire,2026-08-24,0.78,1,strong_buy,0.9,"XRP surged 47.94% in a week, 36.25% in a month, with positive news sentiment 0.088; ETF inflows of $13M and a $16B market cap shift support momentum per decrypt.co and ts2.tech.",+47.94% 1W return; positive news sentiment 0.088; ETF inflows & market cap shift; top 10 best performer,,,,,
XLM,Stellar,Crypto,payments,Crypto,0.192534,-2.81%,+22.07%,+7.96%,-4.04%,-4%,6.661,,,285.95,279873662,2001616426,4248111304,,,,,-2.81,97.19,-2.81,971.9,-28.1,9719.0,-281.0,22.07,122.07,22.07,1220.7,220.7,12207.0,2207.0,7.96,107.96,7.96,1079.6,79.6,10796.0,796.0,-4.04,95.96,-4.04,959.6,-40.4,9596.0,-404.0,-4.0,96.0,-4.0,960.0,-40.0,9600.0,-400.0,,,,,,,,,,,,,,,,,,,,,,
TRX,TRON,Crypto,payments,Crypto,0.343594,-0.00%,+3.81%,+4.01%,+20.83%,+21%,32.613,,,464.93,374647956,3254491425,10937264696,,,,,-0.0,100.0,0.0,1000.0,0.0,10000.0,0.0,3.81,103.81,3.81,1038.1,38.1,10381.0,381.0,4.01,104.01,4.01,1040.1,40.1,10401.0,401.0,20.83,120.83,20.83,1208.3,208.3,12083.0,2083.0,21.0,121.0,21.0,1210.0,210.0,12100.0,2100.0,Crypto Card Purchases Set New $1 Billion Monthly Record,99bitcoins,2026-08-24,0.0,Tron Inc. Treasury Tops 711 Million TRX as Stock Jumps 7.49%,BeInCrypto,2026-08-24,0.625,,,,,,,,,,,,,,
SUI,Sui,Crypto,emerging,Crypto,0.804819,-3.60%,+18.98%,+13.11%,-42.62%,-43%,3.279,,,485.25,1126724809,3396752490,6667936362,,,,,-3.6,96.4,-3.6,964.0,-36.0,9640.0,-360.0,18.98,118.98,18.98,1189.8,189.8,11898.0,1898.0,13.11,113.11,13.11,1131.1,131.1,11311.0,1311.0,-42.62,57.38,-42.62,573.8,-426.2,5738.0,-4262.0,-43.0,57.0,-43.0,570.0,-430.0,5700.0,-4300.0,Phantom to Drop Sui in Second Chain Exit,Bankless,2026-08-24,-0.273,"Securitize Adds Neuberger High-Yield Credit Fund to Ethereum, Solana, Avalanche and Sui",CryptoProwl,2026-08-18,0.44,Sui Price Prediction: 15% Drop Likely Despite Partnership with Tether,FX Empire,2026-08-18,-0.273,,,,,,,,,,
HBAR,Hedera,Crypto,emerging,Crypto,0.079712,+0.86%,+21.28%,+12.91%,-24.93%,-25%,3.494,,,104.3,103734132,730082586,1562546826,,,,,0.86,100.86,0.86,1008.6,8.6,10086.0,86.0,21.28,121.28,21.28,1212.8,212.8,12128.0,2128.0,12.91,112.91,12.91,1129.1,129.1,11291.0,1291.0,-24.93,75.07,-24.93,750.7,-249.3,7507.0,-2493.0,-25.0,75.0,-25.0,750.0,-250.0,7500.0,-2500.0,,,,,,,,,,,,,,,,,,,,,,
ALGO,Algorand,Crypto,emerging,Crypto,0.091846,-1.51%,+17.09%,+9.22%,-16.64%,-17%,0.83,,,33.75,36213169,236230946,726775156,,,,,-1.51,98.49,-1.51,984.9,-15.1,9849.0,-151.0,17.09,117.09,17.09,1170.9,170.9,11709.0,1709.0,9.22,109.22,9.22,1092.2,92.2,10922.0,922.0,-16.64,83.36,-16.64,833.6,-166.4,8336.0,-1664.0,-17.0,83.0,-17.0,830.0,-170.0,8300.0,-1700.0,,,,,,,,,,,,,,,,,,,,,,
MINA,Mina,Crypto,emerging,Crypto,0.058955,+0.63%,+49.20%,+33.21%,-21.96%,-22%,0.076,,,6.84,5901867,47906578,107671232,,,,,0.63,100.63,0.63,1006.3,6.3,10063.0,63.0,49.2,149.2,49.2,1492.0,492.0,14920.0,4920.0,33.21,133.21,33.21,1332.1,332.1,13321.0,3321.0,-21.96,78.04,-21.96,780.4,-219.6,7804.0,-2196.0,-22.0,78.0,-22.0,780.0,-220.0,7800.0,-2200.0,,,,,,,,,,,,,5,buy,0.75,"MINA surged 49.82% in a week and 35.37% in a month with +8.73% in 24h, the strongest daily move among emerging assets; small cap at $0.076B provides explosive upside.",+49.82% 1W return; +35.37% 1M return; strong daily +8.73%; small cap momentum,,,,,
POL,Polygon (MATIC),Crypto,infra,Crypto,0.114316,+5.35%,+42.69%,+49.37%,+13.82%,+14%,1.223,,,100.93,75127717,706509179,1295750794,,,,,5.35,105.35,5.35,1053.5,53.5,10535.0,535.0,42.69,142.69,42.69,1426.9,426.9,14269.0,4269.0,49.37,149.37,49.37,1493.7,493.7,14937.0,4937.0,13.82,113.82,13.82,1138.2,138.2,11382.0,1382.0,14.0,114.0,14.0,1140.0,140.0,11400.0,1400.0,,,,,,,,,,,,,3,strong_buy,0.85,"POL returned +43.89% in a week and +41.12% in a month, leading the infra category with YTD +7.67%; momentum aligns with altcoin breakout across sector.",+43.89% 1W return; +41.12% 1M return; YTD positive 7.67%; infra category leader,,,,,
DOT,Polkadot,Crypto,infra,Crypto,0.903343,-2.08%,+18.54%,+10.89%,-49.53%,-50%,1.535,,,120.94,110137140,846588979,2452156536,,,,,-2.08,97.92,-2.08,979.2,-20.8,9792.0,-208.0,18.54,118.54,18.54,1185.4,185.4,11854.0,1854.0,10.89,110.89,10.89,1108.9,108.9,11089.0,1089.0,-49.53,50.47,-49.53,504.7,-495.3,5047.0,-4953.0,-50.0,50.0,-50.0,500.0,-500.0,5000.0,-5000.0,,,,,,,,,,,,,,,,,,,,,,
LINK,Chainlink,Crypto,infra,Crypto,11.570478,+0.60%,+21.65%,+38.12%,-5.11%,-5%,8.656,,,599.33,610142990,4195297338,8868828275,,,,,0.6,100.6,0.6,1006.0,6.0,10060.0,60.0,21.65,121.65,21.65,1216.5,216.5,12165.0,2165.0,38.12,138.12,38.12,1381.2,381.2,13812.0,3812.0,-5.11,94.89,-5.11,948.9,-51.1,9489.0,-511.0,-5.0,95.0,-5.0,950.0,-50.0,9500.0,-500.0,Wyoming Chooses Chainlink as Its Stablecoin Moves Away From LayerZero,CoinGape,2026-08-20,0.0,"Nethermind Drops LayerZero Verifier Role, Joins Chainlink",Bankless,2026-08-19,0.0,Mysterious trader buys millions ahead of Trump's 2:30 PM meeting,TheStreet,2026-08-19,0.0,4,buy,0.8,LINK broke above $12 with +39.05% 1M return and +22.39% weekly; spot ETF inflows of $4.46M and 1.78% of supply held by ETFs support breakout per coinpedia.org.,+39.05% 1M return; ETF inflows $4.46M; breakout above $12; institutional demand,,,,,
DOGE,Dogecoin,Crypto,meme,Crypto,0.089292,-3.73%,+27.08%,+23.27%,-23.87%,-24%,13.896,,,1063.74,2660548611,7446163570,16875531790,,,,,-3.73,96.27,-3.73,962.7,-37.3,9627.0,-373.0,27.08,127.08,27.08,1270.8,270.8,12708.0,2708.0,23.27,123.27,23.27,1232.7,232.7,12327.0,2327.0,-23.87,76.13,-23.87,761.3,-238.7,7613.0,-2387.0,-24.0,76.0,-24.0,760.0,-240.0,7600.0,-2400.0,Should You Buy Dogecoin While It's Below $0.10? The Answer Might Shock You.,Motley Fool,2026-08-24,-0.382,"Down 32% or More in 2026, Are Any of These Top Cryptocurrencies Worth Buying Right Now?",Motley Fool,2026-08-23,0.402,Bitcoin’s $77K Breakout Has Retail Buying The Rally – But Over $4.1B Crypto Bets Got Wiped Out In 2 Days,Stocktwits,2026-08-21,0.0,8,buy,0.7,DOGE gained 30.92% in a week and 32.64% in a month with high news sentiment 0.351; memecoin rotation and broad rally boosted it per CoinMarketCap.,+30.92% 1W return; +32.64% 1M return; high news sentiment 0.351; memecoin rotation,,,,,
PEPE,Pepe,Crypto,meme,Crypto,4e-06,-2.12%,+55.29%,+45.81%,-0.20%,-0%,1.666,,,471.95,506699461,3303671975,6155854239,,,,,-2.12,97.88,-2.12,978.8,-21.2,9788.0,-212.0,55.29,155.29,55.29,1552.9,552.9,15529.0,5529.0,45.81,145.81,45.81,1458.1,458.1,14581.0,4581.0,-0.2,99.8,-0.2,998.0,-2.0,9980.0,-20.0,-0.0,100.0,0.0,1000.0,0.0,10000.0,0.0,"Solana, Robinhood, BNB Clash for Meme Coin Season: Who is Winning the $3 Billion Rally?",BeInCrypto,2026-08-20,0.527,,,,,,,,,2,strong_buy,0.85,PEPE gained 53.98% in a week and 49.83% in a month with strong news sentiment 0.527; a broad crypto rally and memecoin rotation drove the move per CoinMarketCap.,+53.98% 1W return; high news sentiment 0.527; memecoin rotation leader; high-beta rally,,,,,
TAO,Bittensor,Crypto,ai,Crypto,241.166508,-1.23%,+22.69%,+26.43%,+10.29%,+10%,2.717,,,189.58,235360553,1327035593,3203374525,,,,,-1.23,98.77,-1.23,987.7,-12.3,9877.0,-123.0,22.69,122.69,22.69,1226.9,226.9,12269.0,2269.0,26.43,126.43,26.43,1264.3,264.3,12643.0,2643.0,10.29,110.29,10.29,1102.9,102.9,11029.0,1029.0,10.0,110.0,10.0,1100.0,100.0,11000.0,1000.0,,,,,,,,,,,,,,,,,,,,,,
FET,ASI Alliance,Crypto,ai,Crypto,0.173219,+4.63%,+40.11%,+11.16%,-12.83%,-13%,0.392,,,97.41,97499248,681891721,1709339840,,,,,4.63,104.63,4.63,1046.3,46.3,10463.0,463.0,40.11,140.11,40.11,1401.1,401.1,14011.0,4011.0,11.16,111.16,11.16,1111.6,111.6,11116.0,1116.0,-12.83,87.17,-12.83,871.7,-128.3,8717.0,-1283.0,-13.0,87.0,-13.0,870.0,-130.0,8700.0,-1300.0,,,,,,,,,,,,,,,,,,,,,,
RNDR,Render,Crypto,ai,Crypto,1.490502,-1.62%,+17.30%,+2.23%,+16.07%,+16%,0.773,,,44.61,56852257,312235900,801684283,,,,,-1.62,98.38,-1.62,983.8,-16.2,9838.0,-162.0,17.3,117.3,17.3,1173.0,173.0,11730.0,1730.0,2.23,102.23,2.23,1022.3,22.3,10223.0,223.0,16.07,116.07,16.07,1160.7,160.7,11607.0,1607.0,16.0,116.0,16.0,1160.0,160.0,11600.0,1600.0,,,,,,,,,,,,,,,,,,,,,,
OCEAN,Ocean Protocol,Crypto,ai,Crypto,0.137394,+2.93%,+39.17%,+30.22%,-8.76%,-9%,,,,0.52,68564,3642597,4428454,,,,,2.93,102.93,2.93,1029.3,29.3,10293.0,293.0,39.17,139.17,39.17,1391.7,391.7,13917.0,3917.0,30.22,130.22,30.22,1302.2,302.2,13022.0,3022.0,-8.76,91.24,-8.76,912.4,-87.6,9124.0,-876.0,-9.0,91.0,-9.0,910.0,-90.0,9100.0,-900.0,,,,,,,,,,,,,10,buy,0.65,"OCEAN surged 41.05% in a week and 26.83% in a month, with strong weekly momentum in the AI category despite no market cap data; benefits from altcoin rally.",+41.05% 1W return; +26.83% 1M return; AI category momentum; altcoin rally tailwind,,,,,
GRT,The Graph,Crypto,ai,Crypto,0.017834,+2.52%,+32.38%,+9.80%,-46.36%,-46%,0.195,,,21.85,24246833,152968793,413257115,,,,,2.52,102.52,2.52,1025.2,25.2,10252.0,252.0,32.38,132.38,32.38,1323.8,323.8,13238.0,3238.0,9.8,109.8,9.8,1098.0,98.0,10980.0,980.0,-46.36,53.64,-46.36,536.4,-463.6,5364.0,-4636.0,-46.0,54.0,-46.0,540.0,-460.0,5400.0,-4600.0,,,,,,,,,,,,,,,,,,,,,,
AGIX,SingularityNET,Crypto,ai,Crypto,0.075367,+5.19%,+42.30%,+14.56%,-12.11%,-12%,,,,0.02,14015,106123,230010,,,,,5.19,105.19,5.19,1051.9,51.9,10519.0,519.0,42.3,142.3,42.3,1423.0,423.0,14230.0,4230.0,14.56,114.56,14.56,1145.6,145.6,11456.0,1456.0,-12.11,87.89,-12.11,878.9,-121.1,8789.0,-1211.0,-12.0,88.0,-12.0,880.0,-120.0,8800.0,-1200.0,,,,,,,,,,,,,,,,,,,,,,
NMR,Numeraire,Crypto,ai,Crypto,9.12804,-2.63%,+13.47%,+2.60%,-4.47%,-4%,0.068,,,4.87,4924888,34113823,134175083,,,,,-2.63,97.37,-2.63,973.7,-26.3,9737.0,-263.0,13.47,113.47,13.47,1134.7,134.7,11347.0,1347.0,2.6,102.6,2.6,1026.0,26.0,10260.0,260.0,-4.47,95.53,-4.47,955.3,-44.7,9553.0,-447.0,-4.0,96.0,-4.0,960.0,-40.0,9600.0,-400.0,,,,,,,,,,,,,,,,,,,,,,
ALT,AltLayer,Crypto,ai,Crypto,0.006415,-3.31%,+7.62%,+5.05%,-43.97%,-44%,0.044,,,4.87,5579194,34098845,119059397,,,,,-3.31,96.69,-3.31,966.9,-33.1,9669.0,-331.0,7.62,107.62,7.62,1076.2,76.2,10762.0,762.0,5.05,105.05,5.05,1050.5,50.5,10505.0,505.0,-43.97,56.03,-43.97,560.3,-439.7,5603.0,-4397.0,-44.0,56.0,-44.0,560.0,-440.0,5600.0,-4400.0,,,,,,,,,,,,,,,,,,,,,,
AIOZ,AIOZ Network,Crypto,ai,Crypto,0.054568,-2.06%,+13.23%,+12.00%,-37.02%,-37%,0.07,,,3.46,3057168,24240478,96954995,,,,,-2.06,97.94,-2.06,979.4,-20.6,9794.0,-206.0,13.23,113.23,13.23,1132.3,132.3,11323.0,1323.0,12.0,112.0,12.0,1120.0,120.0,11200.0,1200.0,-37.02,62.98,-37.02,629.8,-370.2,6298.0,-3702.0,-37.0,63.0,-37.0,630.0,-370.0,6300.0,-3700.0,,,,,,,,,,,,,,,,,,,,,,
ARKM,Arkham,Crypto,ai,Crypto,0.113254,-2.27%,+27.40%,+7.18%,-35.81%,-36%,0.025,,,8.83,9844405,61841730,171878089,,,,,-2.27,97.73,-2.27,977.3,-22.7,9773.0,-227.0,27.4,127.4,27.4,1274.0,274.0,12740.0,2740.0,7.18,107.18,7.18,1071.8,71.8,10718.0,718.0,-35.81,64.19,-35.81,641.9,-358.1,6419.0,-3581.0,-36.0,64.0,-36.0,640.0,-360.0,6400.0,-3600.0,,,,,,,,,,,,,,,,,,,,,,
WLD,Worldcoin,Crypto,ai,Crypto,0.405002,-0.53%,+15.72%,+17.03%,-15.81%,-16%,1.465,,,227.43,188196584,1592040694,4182937212,,,,,-0.53,99.47,-0.53,994.7,-5.3,9947.0,-53.0,15.72,115.72,15.72,1157.2,157.2,11572.0,1572.0,17.03,117.03,17.03,1170.3,170.3,11703.0,1703.0,-15.81,84.19,-15.81,841.9,-158.1,8419.0,-1581.0,-16.0,84.0,-16.0,840.0,-160.0,8400.0,-1600.0,,,,,,,,,,,,,,,,,,,,,,
NEAR,NEAR Protocol,Crypto,ai,Crypto,1.946476,-2.34%,+20.00%,+8.63%,+28.70%,+29%,2.539,,,287.08,367012887,2009585805,4865982282,,,,,-2.34,97.66,-2.34,976.6,-23.4,9766.0,-234.0,20.0,120.0,20.0,1200.0,200.0,12000.0,2000.0,8.63,108.63,8.63,1086.3,86.3,10863.0,863.0,28.7,128.7,28.7,1287.0,287.0,12870.0,2870.0,29.0,129.0,29.0,1290.0,290.0,12900.0,2900.0,,,,,,,,,,,,,,,,,,,,,,
ICP,Internet Computer,Crypto,ai,Crypto,2.424233,-0.19%,+8.02%,+12.92%,-14.49%,-14%,1.348,,,59.99,70487406,419913272,1106159913,,,,,-0.19,99.81,-0.19,998.1,-1.9,9981.0,-19.0,8.02,108.02,8.02,1080.2,80.2,10802.0,802.0,12.92,112.92,12.92,1129.2,129.2,11292.0,1292.0,-14.49,85.51,-14.49,855.1,-144.9,8551.0,-1449.0,-14.0,86.0,-14.0,860.0,-140.0,8600.0,-1400.0,,,,,,,,,,,,,,,,,,,,,,
KAITO,Kaito,Crypto,ai,Crypto,0.340591,-3.16%,+1.81%,-65.44%,-32.72%,-33%,0.082,,,47.28,29865621,330971675,1635471912,,,,,-3.16,96.84,-3.16,968.4,-31.6,9684.0,-316.0,1.81,101.81,1.81,1018.1,18.1,10181.0,181.0,-65.44,34.56,-65.44,345.6,-654.4,3456.0,-6544.0,-32.72,67.28,-32.72,672.8,-327.2,6728.0,-3272.0,-33.0,67.0,-33.0,670.0,-330.0,6700.0,-3300.0,,,,,,,,,,,,,,,,,,,,,,
VIRTUAL,Virtuals Protocol,Crypto,ai,Crypto,0.785532,+7.22%,+36.30%,+35.09%,+21.53%,+22%,0.517,,,73.58,85930893,515035968,1352346010,,,,,7.22,107.22,7.22,1072.2,72.2,10722.0,722.0,36.3,136.3,36.3,1363.0,363.0,13630.0,3630.0,35.09,135.09,35.09,1350.9,350.9,13509.0,3509.0,21.53,121.53,21.53,1215.3,215.3,12153.0,2153.0,22.0,122.0,22.0,1220.0,220.0,12200.0,2200.0,,,,,,,,,,,,,,,,,,,,,,
LMT,Lockheed Martin,Defence,us-primes,NYSE,564.14,+0.02%,-4.99%,-2.73%,+14.84%,+26%,130.198,0.11,20.81,1.23,985967,5671367,23118367,245.0,1.41,hold,2.57,0.02,100.02,0.02,1000.2,0.2,10002.0,2.0,-4.99,95.01,-4.99,950.1,-49.9,9501.0,-499.0,-2.73,97.27,-2.73,972.7,-27.3,9727.0,-273.0,14.84,114.84,14.84,1148.4,148.4,11484.0,1484.0,26.0,126.0,26.0,1260.0,260.0,12600.0,2600.0,SpaceX Has Already Won More Than $8 Billion From Golden Dome. This Could Be Just the Beginning,24/7 Wall St.,2026-08-24,0.572,"Boeing and 9 More Stocks for Manufacturing’s Revival, From Our Roundtable Pros",Barrons.com,2026-08-24,0.0,LMT vs. NOC: Which Defense Stock Offers Better Growth Prospects?,Zacks,2026-08-24,0.802,,,,,,,,,,
RTX,RTX Corporation,Defence,us-primes,NYSE,209.22,-0.47%,-5.60%,-3.89%,+12.95%,+34%,281.978,0.294,36.77,5.18,3796301,25711101,105431701,139.0,1.34,buy,1.87,-0.47,99.53,-0.47,995.3,-4.7,9953.0,-47.0,-5.6,94.4,-5.6,944.0,-56.0,9440.0,-560.0,-3.89,96.11,-3.89,961.1,-38.9,9611.0,-389.0,12.95,112.95,12.95,1129.5,129.5,11295.0,1295.0,34.0,134.0,34.0,1340.0,340.0,13400.0,3400.0,"Which Aerospace and Defense Stock Has Dominated in 2026: GE Aerospace, Boeing, or RTX?",24/7 Wall St.,2026-08-24,0.128,Do Howmet's Strong Q2 Margins Signal Further Upside for the Stock?,Zacks,2026-08-24,0.511,2 Profitable Stocks Worth Investigating and 1 We Brush Off,StockStory,2026-08-24,0.586,,,,,,,,,,
NOC,Northrop Grumman,Defence,us-primes,NYSE,549.28,-0.45%,-3.67%,+0.31%,-5.50%,-6%,78.033,-0.108,17.46,0.95,428506,4026806,14507806,179.0,1.62,buy,2.09,-0.45,99.55,-0.45,995.5,-4.5,9955.0,-45.0,-3.67,96.33,-3.67,963.3,-36.7,9633.0,-367.0,0.31,100.31,0.31,1003.1,3.1,10031.0,31.0,-5.5,94.5,-5.5,945.0,-55.0,9450.0,-550.0,-6.0,94.0,-6.0,940.0,-60.0,9400.0,-600.0,LMT vs. NOC: Which Defense Stock Offers Better Growth Prospects?,Zacks,2026-08-24,0.802,Can NITE-STAR Expand Rocket Lab's Space Infrastructure Opportunity?,Zacks,2026-08-24,0.625,Can Strong Demand for the P-8 Poseidon Boost Boeing's Defense Growth?,Zacks,2026-08-24,0.823,,,,,,,,,,
GD,General Dynamics,Defence,us-primes,NYSE,383.77,-0.12%,-1.88%,-1.38%,+13.23%,+20%,103.832,0.328,23.39,1.17,824647,3997247,20437147,166.0,1.01,buy,2.12,-0.12,99.88,-0.12,998.8,-1.2,9988.0,-12.0,-1.88,98.12,-1.88,981.2,-18.8,9812.0,-188.0,-1.38,98.62,-1.38,986.2,-13.8,9862.0,-138.0,13.23,113.23,13.23,1132.3,132.3,11323.0,1323.0,20.0,120.0,20.0,1200.0,200.0,12000.0,2000.0,Boeing Is Delivering Airplanes Faster Than It Is Delivering Cash,Trefis,2026-08-21,0.0,General Dynamics Stock: Is Wall Street Bullish or Bearish?,Barchart,2026-08-21,0.273,Can HII Benefit From Growing Demand for Submarine Construction?,Zacks,2026-08-19,0.494,,,,,,,,,,
HII,Huntington Ingalls Industries,Defence,us-primes,NYSE,294.63,-1.19%,-7.45%,+2.21%,-15.13%,+10%,11.61,0.241,17.55,0.52,331096,2223496,11613296,185.0,3.32,buy,2.08,-1.19,98.81,-1.19,988.1,-11.9,9881.0,-119.0,-7.45,92.55,-7.45,925.5,-74.5,9255.0,-745.0,2.21,102.21,2.21,1022.1,22.1,10221.0,221.0,-15.13,84.87,-15.13,848.7,-151.3,8487.0,-1513.0,10.0,110.0,10.0,1100.0,100.0,11000.0,1000.0,3 Reasons to Avoid HII and 1 Stock to Buy Instead,StockStory,2026-08-24,-0.296,Huntington Ingalls Industries (HII) Stock Could Be A Bargain On Cash Flow And Earnings,Simply Wall St.,2026-08-21,0.202,Huntington Ingalls Industries (HII) Landed A $2.2 Billion Defense Task Order,Simply Wall St.,2026-08-20,0.128,,,,,,,,,,
LHX,L3Harris Technologies,Defence,us-primes,NYSE,262.83,-1.75%,-5.59%,-13.39%,-13.03%,-3%,48.942,0.746,26.55,1.47,1483429,8071329,36239029,187.0,2.38,buy,1.65,-1.75,98.25,-1.75,982.5,-17.5,9825.0,-175.0,-5.59,94.41,-5.59,944.1,-55.9,9441.0,-559.0,-13.39,86.61,-13.39,866.1,-133.9,8661.0,-1339.0,-13.03,86.97,-13.03,869.7,-130.3,8697.0,-1303.0,-3.0,97.0,-3.0,970.0,-30.0,9700.0,-300.0,Can NITE-STAR Expand Rocket Lab's Space Infrastructure Opportunity?,Zacks,2026-08-24,0.625,Are Wall Street Analysts Predicting L3Harris Technologies Stock Will Climb or Sink?,Barchart,2026-08-24,0.0,Rocket Lab Stock's Twelve-Month Gain Hides A Long Slide From Its High,Trefis,2026-08-21,0.402,,,,,,,,,,
BA,Boeing,Defence,us-primes,NYSE,210.46,-1.78%,-6.86%,-0.49%,-7.60%,-6%,166.22,1.221,75.71,5.96,6908019,31572019,127910319,,0.01,buy,1.54,-1.78,98.22,-1.78,982.2,-17.8,9822.0,-178.0,-6.86,93.14,-6.86,931.4,-68.6,9314.0,-686.0,-0.49,99.51,-0.49,995.1,-4.9,9951.0,-49.0,-7.6,92.4,-7.6,924.0,-76.0,9240.0,-760.0,-6.0,94.0,-6.0,940.0,-60.0,9400.0,-600.0,"Which Aerospace and Defense Stock Has Dominated in 2026: GE Aerospace, Boeing, or RTX?",24/7 Wall St.,2026-08-24,0.128,Express carrier partner ASL Aviation buys 747 freighters from lessor,FreightWaves,2026-08-24,0.0,"Boeing and 9 More Stocks for Manufacturing’s Revival, From Our Roundtable Pros",Barrons.com,2026-08-24,0.0,,,,,,,,,,
BA.L,BAE Systems,Defence,uk-european,LSE,28.59,-1.36%,-6.22%,+6.39%,+19.57%,+21%,0.837,-0.052,29.96,6.44,2931474,20612016,129178715,178.0,,buy,2.21,-1.36,98.64,-1.36,986.4,-13.6,9864.0,-136.0,-6.22,93.78,-6.22,937.8,-62.2,9378.0,-622.0,6.39,106.39,6.39,1063.9,63.9,10639.0,639.0,19.57,119.57,19.57,1195.7,195.7,11957.0,1957.0,21.0,121.0,21.0,1210.0,210.0,12100.0,2100.0,Can HII Benefit From Growing Demand for Submarine Construction?,Zacks,2026-08-19,0.494,BAE Systems (LSE:BA.) THREADS Progress Keeps Its Undervalued Narrative In Play,Simply Wall St.,2026-08-15,0.637,What Does BAE Systems (LSE:BA.) Fine Over China Tech Transfers Mean?,Simply Wall St.,2026-08-15,0.202,8,buy,0.65,"BA.L +11.4% in 1M, YTD +21.2%, P/E 30.4, positive sentiment 0.222, UK defence exposure.",1M +11.37%; YTD +21.22%; P/E 30.37; Positive sentiment 0.222,,,,,
RR.L,Rolls-Royce Holdings,Defence,uk-european,LSE,20.45,-0.13%,-4.07%,+5.98%,+25.34%,+44%,1.689,1.19,41.67,25.2,10546274,85839211,524284770,80.0,,buy,1.6,-0.13,99.87,-0.13,998.7,-1.3,9987.0,-13.0,-4.07,95.93,-4.07,959.3,-40.7,9593.0,-407.0,5.98,105.98,5.98,1059.8,59.8,10598.0,598.0,25.34,125.34,25.34,1253.4,253.4,12534.0,2534.0,44.0,144.0,44.0,1440.0,440.0,14400.0,4400.0,Florida real estate mogul says your home is ‘a terrible investment’ — and he’d put $100K somewhere else. Is he right?,Moneywise,2026-08-21,-0.477,U.K. ETFs in Spotlight as Andy Burnham Completes First Month as PM,Zacks,2026-08-20,0.0,Rolls-Royce Stock Hits First New High In 14 Years. Firm Announces Engine Project.,Investor's Business Daily,2026-08-17,0.0,9,buy,0.75,"RR.L +9.5% in 1M, YTD +25.5%, analyst buy consensus (score 1.6), P/E 41.7, positive sentiment 0.136.",YTD +25.51%; Analyst buy score 1.6; 1M +9.45%; Positive sentiment 0.136,,,,,
QQ.L,QinetiQ Group,Defence,uk-european,LSE,7.22,-1.85%,-4.85%,+8.21%,+19.29%,+12%,0.037,0.343,26.5,2.13,617413,9483747,50033318,204.0,,buy,1.75,-1.85,98.15,-1.85,981.5,-18.5,9815.0,-185.0,-4.85,95.15,-4.85,951.5,-48.5,9515.0,-485.0,8.21,108.21,8.21,1082.1,82.1,10821.0,821.0,19.29,119.29,19.29,1192.9,192.9,11929.0,1929.0,12.0,112.0,12.0,1120.0,120.0,11200.0,1200.0,3 UK Penny Stocks With Market Caps Over £300M To Consider,Simply Wall St.,2026-06-11,0.0,UK Growth Stocks With Insider Ownership Up To 20%,Simply Wall St.,2026-06-11,0.382,UK Stocks That May Be Trading Below Fair Value In June 2026,Simply Wall St.,2026-06-02,0.572,7,buy,0.7,"QQ.L +15.9% in 1M, YTD +21.5%, P/E 27 reasonable, positive news sentiment 0.296, small cap UK defence.",1M +15.85%; YTD +21.54%; P/E 27; Positive sentiment 0.296,,,,,
PLTR,Palantir Technologies,Defence,cyber-intel,NASDAQ,175.89,-2.23%,+1.94%,+33.73%,+4.78%,+14%,422.674,1.563,150.33,43.44,27597107,159816807,980335107,,3.17,buy,1.81,-2.23,97.77,-2.23,977.7,-22.3,9777.0,-223.0,1.94,101.94,1.94,1019.4,19.4,10194.0,194.0,33.73,133.73,33.73,1337.3,337.3,13373.0,3373.0,4.78,104.78,4.78,1047.8,47.8,10478.0,478.0,14.0,114.0,14.0,1140.0,140.0,11400.0,1400.0,How to Find the Market's Long-Term Winners,Zacks,2026-08-24,0.477,EXCLUSIVE: How AI's $220 Billion Bond Boom Competes With the Treasury,Benzinga Prediction Markets,2026-08-24,0.465,PLTR vs. PATH: Which AI-Driven Software Stock is the Better Buy?,Zacks,2026-08-24,0.44,1,strong_buy,0.85,"PLTR surged 44% in 1M after Q2 revenue of $1.94B beat estimates by 8%, commercial revenue +149% YoY, and AI sovereignty demand driving growth. P/E 154 is high but justified by accelerating revenue.",1M +44.45%; Q2 revenue beat $1.94B; AI sovereignty catalyst; Analyst buy score 1.81,,,,,
LDOS,Leidos Holdings,Defence,cyber-intel,NYSE,138.43,-2.15%,-2.69%,+20.43%,-24.09%,-22%,17.413,0.546,12.94,1.67,681691,5200491,32590891,122.0,4.74,buy,2.35,-2.15,97.85,-2.15,978.5,-21.5,9785.0,-215.0,-2.69,97.31,-2.69,973.1,-26.9,9731.0,-269.0,20.43,120.43,20.43,1204.3,204.3,12043.0,2043.0,-24.09,75.91,-24.09,759.1,-240.9,7591.0,-2409.0,-22.0,78.0,-22.0,780.0,-220.0,7800.0,-2200.0,3 Stocks Came Roaring Back—Now They’re Flashing Warning Signs,MarketBeat,2026-08-22,-0.34,"Leonardo DRS and Leidos Shares Are Falling, What You Need To Know",StockStory,2026-08-20,0.153,Are Wall Street Analysts Bullish on Leidos Holdings Stock?,Barchart,2026-08-19,0.0,3,buy,0.8,"LDOS +31.8% in 1M, Q2 revenue $4.56B up 7% YoY, raised FY2026 guidance, $5B contract awards, P/E 13.2 cheap.",1M +31.82%; Q2 revenue beat; Raised guidance; P/E 13.2,,,,,
CACI,CACI International,Defence,cyber-intel,NYSE,636.5,-1.89%,-1.98%,+28.36%,+18.44%,+34%,14.066,0.541,26.36,0.29,265137,1038937,6232437,,7.9,buy,1.56,-1.89,98.11,-1.89,981.1,-18.9,9811.0,-189.0,-1.98,98.02,-1.98,980.2,-19.8,9802.0,-198.0,28.36,128.36,28.36,1283.6,283.6,12836.0,2836.0,18.44,118.44,18.44,1184.4,184.4,11844.0,1844.0,34.0,134.0,34.0,1340.0,340.0,13400.0,3400.0,1 Unpopular Stock That Deserves Some Love and 2 That Underwhelm,StockStory,2026-08-16,0.637,CACI (CACI) Stock May Trade Below Fair Value While Earnings Look Rich,Simply Wall St.,2026-08-15,0.807,2 Surging  Stocks for Long-Term Investors and 1 That Underwhelm,StockStory,2026-08-14,0.0,2,strong_buy,0.9,"CACI +38.5% in 1M, Q2 revenue $2.71B beat estimates, EPS $8.91 vs $7.23 beat, FY2027 guidance above expectations, $10B contract awards, backlog $32B.",1M +38.50%; Q2 EPS beat 23%; FY2027 guidance above estimates; Backlog $32B,,,,,
SAIC,Science Applications International,Defence,cyber-intel,NYSE,126.85,-0.65%,+2.02%,+7.06%,+26.64%,+8%,5.363,0.286,14.27,0.53,353831,1862131,8088131,116.0,6.3,hold,2.82,-0.65,99.35,-0.65,993.5,-6.5,9935.0,-65.0,2.02,102.02,2.02,1020.2,20.2,10202.0,202.0,7.06,107.06,7.06,1070.6,70.6,10706.0,706.0,26.64,126.64,26.64,1266.4,266.4,12664.0,2664.0,8.0,108.0,8.0,1080.0,80.0,10800.0,800.0,ACN or SAIC: Which IT Services Stock Should You Buy Currently?,Zacks,2026-08-24,0.0,Is Science Applications International (SAIC) Stock Undervalued Right Now?,Zacks,2026-08-24,0.0,1 Momentum  Stock to Consider Right Now and 2 We Question,StockStory,2026-08-17,0.0,10,buy,0.6,"SAIC +10.4% in 1M, YTD +27.8%, P/E 14.4 cheap, positive sentiment 0.236, but analyst hold.",YTD +27.82%; 1M +10.43%; P/E 14.4; Positive sentiment 0.236,,,,,
BAH,Booz Allen Hamilton,Defence,cyber-intel,NYSE,75.22,-2.88%,+0.33%,+5.79%,-9.36%,-30%,9.047,0.354,11.81,2.28,1666034,8014434,41783834,306.0,7.86,hold,2.86,-2.88,97.12,-2.88,971.2,-28.8,9712.0,-288.0,0.33,100.33,0.33,1003.3,3.3,10033.0,33.0,5.79,105.79,5.79,1057.9,57.9,10579.0,579.0,-9.36,90.64,-9.36,906.4,-93.6,9064.0,-936.0,-30.0,70.0,-30.0,700.0,-300.0,7000.0,-3000.0,3 Ways to Invest in Cybersecurity Through ETFs,MarketBeat,2026-08-20,0.0,Is Booz Allen Hamilton Holding (BAH) Still A Bargain After A 26% Slide?,Simply Wall St.,2026-08-20,0.202,"Booz Allen Hamilton Holding (BAH), Why Is The Story Getting More Attention Now?",Simply Wall St.,2026-08-19,0.0,,,,,,,,,,
AVAV,AeroVironment,Defence,drones,NASDAQ,148.2,-7.95%,-18.18%,-3.92%,-42.15%,-34%,7.531,1.412,,1.67,1198039,5774339,24769439,,11.32,buy,1.6,-7.95,92.05,-7.95,920.5,-79.5,9205.0,-795.0,-18.18,81.82,-18.18,818.2,-181.8,8182.0,-1818.0,-3.92,96.08,-3.92,960.8,-39.2,9608.0,-392.0,-42.15,57.85,-42.15,578.5,-421.5,5785.0,-4215.0,-34.0,66.0,-34.0,660.0,-340.0,6600.0,-3400.0,"nLIGHT, AAON, AeroVironment, Kratos, and ChargePoint Shares Are Falling, What You Need To Know",StockStory,2026-08-24,0.153,"Drone Stocks Slide as Risk Appetite Fades: Unusual Machines Tumbles 9%, Red Cat Falls 7%, Ondas Declines 5%",24/7 Wall St.,2026-08-24,-0.273,"Trump’s New Drone Tariffs Give AeroVironment, Kratos and Red Cat a Policy Tailwind",Insider Monkey,2026-08-21,0.0,,,,,,,,,,
KTOS,Kratos Defense,Defence,drones,NASDAQ,53.07,-7.54%,-16.15%,+7.32%,-33.07%,-15%,9.952,1.106,312.18,4.74,3304762,16629962,82882962,,5.84,strong_buy,1.43,-7.54,92.46,-7.54,924.6,-75.4,9246.0,-754.0,-16.15,83.85,-16.15,838.5,-161.5,8385.0,-1615.0,7.32,107.32,7.32,1073.2,73.2,10732.0,732.0,-33.07,66.93,-33.07,669.3,-330.7,6693.0,-3307.0,-15.0,85.0,-15.0,850.0,-150.0,8500.0,-1500.0,"nLIGHT, AAON, AeroVironment, Kratos, and ChargePoint Shares Are Falling, What You Need To Know",StockStory,2026-08-24,0.153,General Electric (GE) Could Be 14% Overvalued On Air Force Contract Win And Capital Returns,Simply Wall St.,2026-08-22,0.586,"Trump’s New Drone Tariffs Give AeroVironment, Kratos and Red Cat a Policy Tailwind",Insider Monkey,2026-08-21,0.0,6,strong_buy,0.7,"KTOS +19.4% in 1M, strong_buy analyst consensus, positive sentiment 0.252, but P/E 336 high and YTD -27.9%.",1M +19.38%; Strong_buy analyst; Positive sentiment 0.252; Drone tariff tailwind,,,,,
RCAT,Red Cat Holdings,Defence,drones,NASDAQ,8.93,-8.13%,-14.46%,+14.63%,-2.51%,-4%,1.363,1.349,,12.58,7147059,37678159,200674459,,23.21,strong_buy,1.17,-8.13,91.87,-8.13,918.7,-81.3,9187.0,-813.0,-14.46,85.54,-14.46,855.4,-144.6,8554.0,-1446.0,14.63,114.63,14.63,1146.3,146.3,11463.0,1463.0,-2.51,97.49,-2.51,974.9,-25.1,9749.0,-251.0,-4.0,96.0,-4.0,960.0,-40.0,9600.0,-400.0,"Drone Stocks Slide as Risk Appetite Fades: Unusual Machines Tumbles 9%, Red Cat Falls 7%, Ondas Declines 5%",24/7 Wall St.,2026-08-24,-0.273,Red Cat (RCAT) Stock Could Be Above Fair Value As Tariff News Lifts Sentiment,Simply Wall St.,2026-08-23,0.572,Is Red Cat Holdings (RCAT) Quietly Recasting Its Identity From Drone Maker To Full Autonomy Platform?,Simply Wall St.,2026-08-23,0.0,5,strong_buy,0.65,"RCAT +22.9% in 1M, strong_buy analyst consensus (score 1.17), positive news sentiment 0.328, but high short interest 23.2% and no P/E.",1M +22.86%; Strong_buy analyst; Positive sentiment 0.328; Drone tariff tailwind,,,,,
TXT,Textron,Defence,drones,NYSE,82.13,-1.84%,-6.30%,-14.56%,-5.61%,+3%,14.282,0.908,15.47,1.59,1197032,6591232,37378832,10.0,4.55,buy,2.19,-1.84,98.16,-1.84,981.6,-18.4,9816.0,-184.0,-6.3,93.7,-6.3,937.0,-63.0,9370.0,-630.0,-14.56,85.44,-14.56,854.4,-145.6,8544.0,-1456.0,-5.61,94.39,-5.61,943.9,-56.1,9439.0,-561.0,3.0,103.0,3.0,1030.0,30.0,10300.0,300.0,"Boston Whaler parent Brunswick bets on AI self-docking boats, Textron defense deal to power growth",Yahoo Finance,2026-08-21,0.477,Are Wall Street Analysts Bullish on Textron Stock?,Barchart,2026-08-20,0.0,This boating company wants to make docking less stressful with autonomous tech,Yahoo Finance Video,2026-08-19,-0.46,,,,,,,,,,
SPCX,SpaceX,Defence,space,NASDAQ,135.0,-1.27%,-7.68%,+18.94%,-16.12%,-15%,1778.515,,,119.4,58274651,417444351,2432744751,,3.3,buy,1.69,-1.27,98.73,-1.27,987.3,-12.7,9873.0,-127.0,-7.68,92.32,-7.68,923.2,-76.8,9232.0,-768.0,18.94,118.94,18.94,1189.4,189.4,11894.0,1894.0,-16.12,83.88,-16.12,838.8,-161.2,8388.0,-1612.0,-15.0,85.0,-15.0,850.0,-150.0,8500.0,-1500.0,"Semiconductor stocks drag S&P 500, Nasdaq lower: AlphaCheck",Yahoo Finance,2026-08-24,-0.477,How to Find the Market's Long-Term Winners,Zacks,2026-08-24,0.477,Elon Musk Says SpaceX Needs More Power Than New York City in a Heatwave. These 2 Nuclear Stocks Should Benefit.,Motley Fool,2026-08-24,0.459,,,,,,,,,,
RKLB,Rocket Lab USA,Defence,space,NASDAQ,68.28,-6.47%,-16.81%,+2.00%,-10.15%,+54%,43.659,2.629,,23.59,13655455,74673555,387135055,,7.71,buy,1.61,-6.47,93.53,-6.47,935.3,-64.7,9353.0,-647.0,-16.81,83.19,-16.81,831.9,-168.1,8319.0,-1681.0,2.0,102.0,2.0,1020.0,20.0,10200.0,200.0,-10.15,89.85,-10.15,898.5,-101.5,8985.0,-1015.0,54.0,154.0,54.0,1540.0,540.0,15400.0,5400.0,Can NITE-STAR Expand Rocket Lab's Space Infrastructure Opportunity?,Zacks,2026-08-24,0.625,"SpaceX Falls 3% Despite Trump’s 1,000-Launch Order, AST SpaceMobile Drops 3%, Rocket Lab Slips",24/7 Wall St.,2026-08-24,0.0,3 Nasdaq 100 Stocks to Keep an Eye On,StockStory,2026-08-24,0.0,,,,,,,,,,
PL,Planet Labs,Defence,space,NYSE,21.57,-3.49%,-11.53%,+2.71%,+5.68%,+216%,7.688,2.123,,11.32,4047763,22105663,113956663,,9.66,none,,-3.49,96.51,-3.49,965.1,-34.9,9651.0,-349.0,-11.53,88.47,-11.53,884.7,-115.3,8847.0,-1153.0,2.71,102.71,2.71,1027.1,27.1,10271.0,271.0,5.68,105.68,5.68,1056.8,56.8,10568.0,568.0,216.0,316.0,216.0,3160.0,2160.0,31600.0,21600.0,Rocket Lab Stock's Twelve-Month Gain Hides A Long Slide From Its High,Trefis,2026-08-21,0.402,Bet on These Space ETFs as Ukraine Dominates Russia in Orbital War,Zacks,2026-08-21,-0.572,Is Planet Labs PBC (PL) Undervalued Following Its Rwanda Earth Observation Deal?,Simply Wall St.,2026-08-20,0.0,,,,,,,,,,
ASTS,AST SpaceMobile,Defence,space,NASDAQ,62.35,-9.28%,-12.36%,+6.97%,-25.30%,+37%,24.265,2.745,,19.31,10487939,46792939,243110739,,19.09,hold,2.69,-9.28,90.72,-9.28,907.2,-92.8,9072.0,-928.0,-12.36,87.64,-12.36,876.4,-123.6,8764.0,-1236.0,6.97,106.97,6.97,1069.7,69.7,10697.0,697.0,-25.3,74.7,-25.3,747.0,-253.0,7470.0,-2530.0,37.0,137.0,37.0,1370.0,370.0,13700.0,3700.0,"SpaceX Falls 3% Despite Trump’s 1,000-Launch Order, AST SpaceMobile Drops 3%, Rocket Lab Slips",24/7 Wall St.,2026-08-24,0.0,Rocket Lab and AST SpaceMobile Are Priced for the Big Bang. One Space Stock Already Delivered.,Barchart,2026-08-21,0.0,AST SpaceMobile vs. Boeing: Which High Flying Stock Is a Better Buy in 2026?,Motley Fool,2026-08-21,0.44,,,,,,,,,,
TDG,TransDigm Group,Defence,weapons,NYSE,1199.08,-0.12%,-3.13%,-6.78%,-11.74%,-14%,67.069,0.906,36.32,0.4,426580,1905680,9400780,,2.33,buy,1.95,-0.12,99.88,-0.12,998.8,-1.2,9988.0,-12.0,-3.13,96.87,-3.13,968.7,-31.3,9687.0,-313.0,-6.78,93.22,-6.78,932.2,-67.8,9322.0,-678.0,-11.74,88.26,-11.74,882.6,-117.4,8826.0,-1174.0,-14.0,86.0,-14.0,860.0,-140.0,8600.0,-1400.0,2 Profitable Stocks Worth Investigating and 1 We Brush Off,StockStory,2026-08-24,0.586,HEICO to Report Q3 Earnings: What's in the Cards for the Stock?,Zacks,2026-08-21,0.0,2 Large-Cap Stocks with Promising Prospects and 1 Facing Headwinds,StockStory,2026-08-21,0.599,,,,,,,,,,
HEI,HEICO Corporation,Defence,weapons,NYSE,352.67,-0.67%,-5.01%,-1.25%,+7.17%,+16%,49.282,1.053,62.86,0.51,487088,2137588,8765488,7.0,1.38,buy,1.86,-0.67,99.33,-0.67,993.3,-6.7,9933.0,-67.0,-5.01,94.99,-5.01,949.9,-50.1,9499.0,-501.0,-1.25,98.75,-1.25,987.5,-12.5,9875.0,-125.0,7.17,107.17,7.17,1071.7,71.7,10717.0,717.0,16.0,116.0,16.0,1160.0,160.0,11600.0,1600.0,HEICO (HEI) Q2 Earnings: What To Expect,StockStory,2026-08-24,0.0,HEICO to Report Q3 Earnings: What's in the Cards for the Stock?,Zacks,2026-08-21,0.0,Make Your TDG Shares Pay You 9.8% A Year While You Hold Them,Trefis,2026-08-20,0.202,,,,,,,,,,
AXON,Axon Enterprise,Defence,weapons,NASDAQ,597.59,-5.03%,-1.11%,+13.72%,+6.06%,-18%,48.547,1.397,250.04,1.05,638217,3551317,19933017,,5.2,buy,1.71,-5.03,94.97,-5.03,949.7,-50.3,9497.0,-503.0,-1.11,98.89,-1.11,988.9,-11.1,9889.0,-111.0,13.72,113.72,13.72,1137.2,137.2,11372.0,1372.0,6.06,106.06,6.06,1060.6,60.6,10606.0,606.0,-18.0,82.0,-18.0,820.0,-180.0,8200.0,-1800.0,AppLovin Keeps Tanking: 160% Returns Lie Ahead According To One Wall Street Bank,24/7 Wall St.,2026-08-24,0.0,"The Zacks Analyst Blog Highlights AppLovin's, Unity and  The Trade Desk",Zacks,2026-08-24,0.0,3 Market-Beating Stocks on Our Watchlist,StockStory,2026-08-24,0.0,4,buy,0.7,"AXON +27.7% in 1M, YTD +11.4%, analyst buy consensus, positive news sentiment 0.243, but P/E 263 is elevated.",1M +27.72%; Analyst buy; Positive sentiment 0.243; YTD +11.41%,,,,,
OLN,Olin Corporation,Defence,weapons,NYSE,17.57,-5.54%,-7.57%,-19.70%,-17.24%,-20%,2.002,1.203,,3.12,3480700,13223900,68191000,435.0,12.54,hold,3.0,-5.54,94.46,-5.54,944.6,-55.4,9446.0,-554.0,-7.57,92.43,-7.57,924.3,-75.7,9243.0,-757.0,-19.7,80.3,-19.7,803.0,-197.0,8030.0,-1970.0,-17.24,82.76,-17.24,827.6,-172.4,8276.0,-1724.0,-20.0,80.0,-20.0,800.0,-200.0,8000.0,-2000.0,"AVNT Q2 Earnings Top Estimates on Organic Growth, Guidance Up",Zacks,2026-08-13,0.527,"TROX Q2 Earnings Miss Estimates on Higher Costs, Sales Beat",Zacks,2026-08-12,-0.153,KOP Q2 Earnings and Revenues Top Estimates on PC Unit Strength,Zacks,2026-08-11,0.612,,,,,,,,,,
MRCY,Mercury Systems,Defence,weapons,NASDAQ,89.59,-1.82%,-20.97%,-13.69%,+17.84%,+34%,5.379,0.998,,0.76,1291585,7302885,15792485,,9.57,buy,2.0,-1.82,98.18,-1.82,981.8,-18.2,9818.0,-182.0,-20.97,79.03,-20.97,790.3,-209.7,7903.0,-2097.0,-13.69,86.31,-13.69,863.1,-136.9,8631.0,-1369.0,17.84,117.84,17.84,1178.4,178.4,11784.0,1784.0,34.0,134.0,34.0,1340.0,340.0,13400.0,3400.0,Mercury Systems (MRCY) Booked $660 Million. Why Did its Shares Fall More than 10% After Hours?,Insider Monkey,2026-08-22,0.296,"Mercury Systems, BWX, Kratos, Parsons, and Huntington Ingalls Shares Plummet, What You Need To Know",StockStory,2026-08-20,0.296,Verra Mobility (VRRM): How a Lost Customer Contract Changed the Investment Case,Insider Monkey,2026-08-20,-0.318,,,,,,,,,,
DRS,Leonardo DRS,Defence,weapons,NYSE,39.01,-4.27%,-13.98%,-19.32%,+12.84%,-1%,10.412,0.179,32.78,0.99,760445,3517145,16865045,88.0,1.12,none,,-4.27,95.73,-4.27,957.3,-42.7,9573.0,-427.0,-13.98,86.02,-13.98,860.2,-139.8,8602.0,-1398.0,-19.32,80.68,-19.32,806.8,-193.2,8068.0,-1932.0,12.84,112.84,12.84,1128.4,128.4,11284.0,1284.0,-1.0,99.0,-1.0,990.0,-10.0,9900.0,-100.0,"Leonardo DRS and Leidos Shares Are Falling, What You Need To Know",StockStory,2026-08-20,0.153,"Is Leonardo DRS, Inc. (DRS) Stock Outpacing Its Aerospace Peers This Year?",Zacks,2026-08-20,0.0,Rocket Lab Stock Slides 33% in Three Months: Exit Now or Stay Put?,Zacks,2026-08-11,0.0,,,,,,,,,,
XOM,ExxonMobil,Energy,oil-majors,NYSE,164.05,-0.70%,+1.60%,+6.68%,+36.44%,+48%,674.559,0.173,21.09,15.85,10341598,71046898,295966498,250.0,1.15,buy,2.32,-0.7,99.3,-0.7,993.0,-7.0,9930.0,-70.0,1.6,101.6,1.6,1016.0,16.0,10160.0,160.0,6.68,106.68,6.68,1066.8,66.8,10668.0,668.0,36.44,136.44,36.44,1364.4,364.4,13644.0,3644.0,48.0,148.0,48.0,1480.0,480.0,14800.0,4800.0,Sector Update: Energy Stocks Decline Monday,MT Newswires,2026-08-24,0.273,"How to Build $3,100 a Month in Dividend Income Starting From Zero",24/7 Wall St.,2026-08-24,0.0,Exxon Drops as Oil Retreats From $94,GuruFocus.com,2026-08-24,0.0,4,buy,0.88,"XOM: +37.3% YTD, P/E 21.2, Q2 adj. EPS $3.52, record Permian production, Jefferies PT raised to $200",YTD +37.3%; Record Permian output; Jefferies PT $200; Cash flow $23.6B,,,,,
CVX,Chevron,Energy,oil-majors,NYSE,203.09,-1.07%,+1.07%,+7.82%,+33.91%,+30%,398.383,0.488,19.55,8.7,5559861,37511061,167793361,347.0,1.04,buy,1.72,-1.07,98.93,-1.07,989.3,-10.7,9893.0,-107.0,1.07,101.07,1.07,1010.7,10.7,10107.0,107.0,7.82,107.82,7.82,1078.2,78.2,10782.0,782.0,33.91,133.91,33.91,1339.1,339.1,13391.0,3391.0,30.0,130.0,30.0,1300.0,300.0,13000.0,3000.0,Warren Buffett's Favorite 'Forever' Stock Hits A Buy Point After Big Rally,Investor's Business Daily,2026-08-24,0.459,Sector Update: Energy Stocks Decline Monday,MT Newswires,2026-08-24,0.273,"3 Dividend Stocks to Buy and Hold for the Next Decade, Starting With Chevron",Motley Fool,2026-08-24,0.0,5,strong_buy,0.87,"CVX: +35.3% YTD, P/E 19.8, dividend yield 3.47%, refining profit surged to $4.9B in Q2 vs $737M last year",YTD +35.3%; Dividend yield 3.47%; Refining profit surge; Analyst score 1.72,,,,,
SHEL,Shell,Energy,oil-majors,NYSE,93.0,-0.05%,+1.51%,+8.62%,+26.66%,+26%,256.583,-0.218,10.29,6.45,5658574,23363709,127159093,335.0,1.77,buy,2.25,-0.05,99.95,-0.05,999.5,-0.5,9995.0,-5.0,1.51,101.51,1.51,1015.1,15.1,10151.0,151.0,8.62,108.62,8.62,1086.2,86.2,10862.0,862.0,26.66,126.66,26.66,1266.6,266.6,12666.0,2666.0,26.0,126.0,26.0,1260.0,260.0,12600.0,2600.0,Sector Update: Energy Stocks Decline Monday,MT Newswires,2026-08-24,0.273,Shell seeking buyers for U.S. chemicals business at up to $8 billion,Quartz,2026-08-24,0.0,Sector Update: Energy Stocks Decline Monday Afternoon,MT Newswires,2026-08-24,0.273,8,buy,0.8,"SHEL: +27.1% YTD, P/E 10.3, cheap valuation, dividend yield 3.35%, stable amid geopolitical tensions",YTD +27.1%; P/E 10.3; Dividend yield 3.35%; Low beta -0.218,,,,,
BP,BP p.l.c.,Energy,oil-majors,NYSE,43.74,-2.24%,+2.08%,+4.65%,+26.61%,+28%,112.645,-0.212,20.93,9.25,7543396,46247096,177240496,451.0,0.41,buy,2.37,-2.24,97.76,-2.24,977.6,-22.4,9776.0,-224.0,2.08,102.08,2.08,1020.8,20.8,10208.0,208.0,4.65,104.65,4.65,1046.5,46.5,10465.0,465.0,26.61,126.61,26.61,1266.1,266.1,12661.0,2661.0,28.0,128.0,28.0,1280.0,280.0,12800.0,2800.0,What Does BP (LSE:BP.) Mean For Europe Fuel Supply And Venezuela Trading?,Simply Wall St.,2026-08-21,0.0,BP (LSE:BP.) Stock Looks Fairly Valued With Strong Returns But Rich Earnings,Simply Wall St.,2026-08-21,0.84,"BP (LSE:BP.) Climbed, So What Is Behind The Fresh Attention?",Simply Wall St.,2026-08-21,0.318,,,,,,,,,,
TTE,TotalEnergies,Energy,oil-majors,NYSE,89.35,-0.72%,+0.81%,+6.17%,+35.79%,+43%,198.104,0.062,11.18,1.58,1796135,7146935,26610435,472.0,0.2,none,,-0.72,99.28,-0.72,992.8,-7.2,9928.0,-72.0,0.81,100.81,0.81,1008.1,8.1,10081.0,81.0,6.17,106.17,6.17,1061.7,61.7,10617.0,617.0,35.79,135.79,35.79,1357.9,357.9,13579.0,3579.0,43.0,143.0,43.0,1430.0,430.0,14300.0,4300.0,Sector Update: Energy Stocks Decline Monday Afternoon,MT Newswires,2026-08-24,0.273,ADNOC Awards McDermott $1 Billion-Plus Contract for Major Offshore Gas Project,Oilprice.com,2026-08-24,0.459,"Shipping Oil Through Hormuz Costs $20 Million, Total CEO Says",Bloomberg,2026-08-24,0.0,,,,,,,,,,
EQNR,Equinor,Energy,oil-majors,NYSE,42.37,-1.37%,+1.32%,+11.18%,+78.39%,+72%,100.599,-0.73,11.48,3.58,2279619,11272419,60107719,364.0,2.95,hold,3.33,-1.37,98.63,-1.37,986.3,-13.7,9863.0,-137.0,1.32,101.32,1.32,1013.2,13.2,10132.0,132.0,11.18,111.18,11.18,1111.8,111.8,11118.0,1118.0,78.39,178.39,78.39,1783.9,783.9,17839.0,7839.0,72.0,172.0,72.0,1720.0,720.0,17200.0,7200.0,Equinor and Aker BP Make New North Sea Gas Discovery,Oilprice.com,2026-08-24,0.0,Sector Update: Energy Stocks Decline Premarket Monday,MT Newswires,2026-08-24,0.273,Three-Year ORLEN Deal Enhances EQNR's Crude Sales & European Reach,Zacks,2026-08-24,-0.557,,,,,,,,,,
COP,ConocoPhillips,Energy,ep-refining,NYSE,133.35,-1.08%,+4.54%,+16.14%,+40.94%,+37%,160.198,0.123,17.62,7.22,6125422,37365222,147804222,249.0,1.54,buy,1.64,-1.08,98.92,-1.08,989.2,-10.8,9892.0,-108.0,4.54,104.54,4.54,1045.4,45.4,10454.0,454.0,16.14,116.14,16.14,1161.4,161.4,11614.0,1614.0,40.94,140.94,40.94,1409.4,409.4,14094.0,4094.0,37.0,137.0,37.0,1370.0,370.0,13700.0,3700.0,"Which Oil and Gas Stock Has Dominated in 2026: ConocoPhillips, EOG Resources, or Occidental Petroleum?",24/7 Wall St.,2026-08-24,0.0,Does ConocoPhillips' (COP) New CFO Signal a Subtle Shift in Its LNG and Willow Priorities?,Simply Wall St.,2026-08-22,0.0,ConocoPhillips (COP) Stock Looks Like A Bargain On Its 184% Run,Simply Wall St.,2026-08-21,0.511,2,strong_buy,0.93,"COP: +42.6% YTD, P/E 17.8, Q2 adj. EPS $3.24, doubled share repurchases to $2B, LNG offtake expanded to 12 MTPA",YTD +42.6%; Doubled buybacks; LNG expansion; Analyst score 1.64,,,,,
OXY,Occidental Petroleum,Energy,ep-refining,NYSE,60.11,-1.83%,+1.81%,+9.43%,+43.17%,+32%,60.088,0.16,17.73,9.38,6911668,38162068,174122668,183.0,0.01,buy,2.33,-1.83,98.17,-1.83,981.7,-18.3,9817.0,-183.0,1.81,101.81,1.81,1018.1,18.1,10181.0,181.0,9.43,109.43,9.43,1094.3,94.3,10943.0,943.0,43.17,143.17,43.17,1431.7,431.7,14317.0,4317.0,32.0,132.0,32.0,1320.0,320.0,13200.0,3200.0,"Which Oil and Gas Stock Has Dominated in 2026: ConocoPhillips, EOG Resources, or Occidental Petroleum?",24/7 Wall St.,2026-08-24,0.0,Berkshire Hathaway (BRK.A) Holds Firm As A Top Portfolio Stake Lifts Its Dividend,Simply Wall St.,2026-08-22,0.202,What ExxonMobil Told You Before The Oil Shock Arrived,Trefis,2026-08-21,-0.382,,,,,,,,,,
EOG,EOG Resources,Energy,ep-refining,NYSE,150.21,-2.04%,+2.78%,+7.06%,+43.52%,+26%,80.006,0.278,11.68,3.44,2168831,12346931,59644431,267.0,3.46,buy,2.23,-2.04,97.96,-2.04,979.6,-20.4,9796.0,-204.0,2.78,102.78,2.78,1027.8,27.8,10278.0,278.0,7.06,107.06,7.06,1070.6,70.6,10706.0,706.0,43.52,143.52,43.52,1435.2,435.2,14352.0,4352.0,26.0,126.0,26.0,1260.0,260.0,12600.0,2600.0,"Which Oil and Gas Stock Has Dominated in 2026: ConocoPhillips, EOG Resources, or Occidental Petroleum?",24/7 Wall St.,2026-08-24,0.0,EOG Stock Is Up 14.8% in 3 Months: Can Its Strong Rally Keep Going?,Zacks,2026-08-24,0.511,EOG Resources (EOG) Stock Still Looks A Bargain On Earnings Yet Fully Priced On Returns,Simply Wall St.,2026-08-22,0.202,6,buy,0.84,"EOG: +46.2% YTD, P/E 11.9, cheap valuation, positive news sentiment 0.351, analyst buy",YTD +46.2%; P/E 11.9; Positive sentiment; Low valuation,,,,,
MPC,Marathon Petroleum,Energy,ep-refining,NYSE,362.52,-0.14%,+1.49%,+16.38%,+122.07%,+110%,105.833,0.508,12.56,2.37,2123729,11684929,50496529,111.0,2.81,buy,2.26,-0.14,99.86,-0.14,998.6,-1.4,9986.0,-14.0,1.49,101.49,1.49,1014.9,14.9,10149.0,149.0,16.38,116.38,16.38,1163.8,163.8,11638.0,1638.0,122.07,222.07,122.07,2220.7,1220.7,22207.0,12207.0,110.0,210.0,110.0,2100.0,1100.0,21000.0,11000.0,PSX Gains 17.5% in a Month: Can Refining Strength Keep the Run Going?,Zacks,2026-08-24,0.681,Marathon Petroleum (MPC) is a Great Momentum Stock: Should You Buy?,Zacks,2026-08-24,0.625,Is DK a Buy Now as Cash Flow Improves Despite Refining Cycle Risks?,Zacks,2026-08-24,0.559,1,strong_buy,0.95,"MPC: +121% YTD, P/E 12.5, Q2 EPS $17.73 vs $3.96 YoY, strong refining margins (R&M adj. EBITDA $24.84/bbl vs $6.79)",YTD +121%; P/E 12.5; Refining margin boom; Strong earnings beat,,,,,
VLO,Valero Energy,Energy,ep-refining,NYSE,346.0,-1.14%,-0.34%,+13.91%,+112.40%,+137%,99.622,0.554,14.43,2.89,1988392,10228992,53217292,138.0,3.67,buy,2.35,-1.14,98.86,-1.14,988.6,-11.4,9886.0,-114.0,-0.34,99.66,-0.34,996.6,-3.4,9966.0,-34.0,13.91,113.91,13.91,1139.1,139.1,11391.0,1391.0,112.4,212.4,112.4,2124.0,1124.0,21240.0,11240.0,137.0,237.0,137.0,2370.0,1370.0,23700.0,13700.0,PSX Gains 17.5% in a Month: Can Refining Strength Keep the Run Going?,Zacks,2026-08-24,0.681,Will Tight Product Inventories Boost PARR's Refining Outlook?,Zacks,2026-08-24,0.402,Is DK a Buy Now as Cash Flow Improves Despite Refining Cycle Risks?,Zacks,2026-08-24,0.559,3,strong_buy,0.9,"VLO: +114% YTD, P/E 14.6, robust refining margins and strong 1M momentum (+12.6%), analyst buy consensus",YTD +114%; P/E 14.6; Refining strength; 1M +12.6%,,,,,
SLB,SLB (Schlumberger),Energy,oilfield-services,NYSE,54.0,+0.78%,+0.26%,+4.79%,+35.83%,+51%,80.143,0.749,26.34,13.63,14020584,41902084,217386284,219.0,4.32,buy,1.6,0.78,100.78,0.78,1007.8,7.8,10078.0,78.0,0.26,100.26,0.26,1002.6,2.6,10026.0,26.0,4.79,104.79,4.79,1047.9,47.9,10479.0,479.0,35.83,135.83,35.83,1358.3,358.3,13583.0,3583.0,51.0,151.0,51.0,1510.0,510.0,15100.0,5100.0,Is RPC Stock Attractive as Margin Gains Meet Soft Industry Activity?,Zacks,2026-08-21,0.649,Sector Update: Energy Stocks Rise Pre-Bell Tuesday,MT Newswires,2026-08-18,0.273,SLB (SLB) Stock May Trade At A Discount On Cash Flow But Fairly On Earnings,Simply Wall St.,2026-08-14,0.0,7,buy,0.82,"SLB: +35.5% YTD, P/E 26.3, 1M momentum +13%, strong analyst consensus (score 1.6) and positive news sentiment 0.323",YTD +35.5%; 1M +13%; Analyst score 1.6; Oil services demand,,,,,
HAL,Halliburton,Energy,oilfield-services,NYSE,34.63,-1.90%,-0.29%,+7.78%,+18.06%,+58%,28.93,0.753,18.13,11.86,14648238,54547138,218396138,192.0,5.76,buy,1.75,-1.9,98.1,-1.9,981.0,-19.0,9810.0,-190.0,-0.29,99.71,-0.29,997.1,-2.9,9971.0,-29.0,7.78,107.78,7.78,1077.8,77.8,10778.0,778.0,18.06,118.06,18.06,1180.6,180.6,11806.0,1806.0,58.0,158.0,58.0,1580.0,580.0,15800.0,5800.0,Halliburton Expands Presence in Brazil With New Petrobras CCS Deal,Zacks,2026-08-24,0.103,How Strong Quarterly Results And New Tech Partnerships At Halliburton (HAL) Have Changed Its Investment Story,Simply Wall St.,2026-08-23,0.511,Halliburton (HAL) Brings Three Startups Into Its Labs Push Beyond Oilfield Services,Simply Wall St.,2026-08-22,0.0,9,buy,0.78,"HAL: +20.5% YTD, P/E 18.5, 1M +7%, positive news sentiment 0.289, analyst buy with score 1.75",YTD +20.5%; P/E 18.5; Positive sentiment; New tech partnerships,,,,,
BKR,Baker Hughes,Energy,oilfield-services,NASDAQ,61.99,-1.41%,-4.49%,+2.68%,+32.92%,+40%,61.531,0.959,19.93,8.51,5046677,28151677,161787377,148.0,2.83,buy,1.71,-1.41,98.59,-1.41,985.9,-14.1,9859.0,-141.0,-4.49,95.51,-4.49,955.1,-44.9,9551.0,-449.0,2.68,102.68,2.68,1026.8,26.8,10268.0,268.0,32.92,132.92,32.92,1329.2,329.2,13292.0,3292.0,40.0,140.0,40.0,1400.0,400.0,14000.0,4000.0,US rig count down five as prices climb,"Odessa American, Texas",2026-08-22,-0.128,US Oil Drillers See Pullback as Oil Prices Rise,Oilprice.com,2026-08-21,0.0,2 Energy Stocks to Own for Decades and 1 We Find Risky,StockStory,2026-08-20,0.077,10,buy,0.75,"BKR: +33.7% YTD, P/E 20.1, 1M +10.6%, analyst consensus buy (score 1.71), but recent 1W pullback -3.83%",YTD +33.7%; 1M +10.6%; Analyst score 1.71; Pullback opportunity,,,,,
NEE,NextEra Energy,Energy,utilities,NYSE,84.1,+0.08%,-2.46%,-5.32%,+5.39%,+11%,175.399,0.653,18.9,11.47,7669417,60681517,232294717,298.0,,buy,2.0,0.08,100.08,0.08,1000.8,0.8,10008.0,8.0,-2.46,97.54,-2.46,975.4,-24.6,9754.0,-246.0,-5.32,94.68,-5.32,946.8,-53.2,9468.0,-532.0,5.39,105.39,5.39,1053.9,53.9,10539.0,539.0,11.0,111.0,11.0,1110.0,110.0,11100.0,1100.0,"PG&E Stock Runs On A Legislative Calendar, Not The Market's",Trefis,2026-08-21,0.0,Can Customer Growth Support Alliant Energy's Long-Term Growth?,Zacks,2026-08-21,0.784,NextEra Energy (NEE) Could Be 10% Undervalued After Merger Scrutiny Intensifies,Simply Wall St.,2026-08-21,0.273,,,,,,,,,,
SSE.L,SSE plc,Energy,utilities,LSE,32.34,-0.63%,-1.21%,-2.11%,+6.30%,+33%,0.39,0.576,22.58,3.42,1226327,11672406,54106761,288.0,,none,,-0.63,99.37,-0.63,993.7,-6.3,9937.0,-63.0,-1.21,98.79,-1.21,987.9,-12.1,9879.0,-121.0,-2.11,97.89,-2.11,978.9,-21.1,9789.0,-211.0,6.3,106.3,6.3,1063.0,63.0,10630.0,630.0,33.0,133.0,33.0,1330.0,330.0,13300.0,3300.0,UK PM Burnham uses policy blitz to buy time for tougher decisions,Investing.com,2026-08-01,0.178,SSE (LSE:SSE) Stock Fair Value Edges Lower After Mixed Analyst Target Changes,Simply Wall St.,2026-06-24,0.361,"UK, Japan to deepen ties with £18 billion investment agreement",Investing.com,2026-06-14,0.494,,,,,,,,,,
ENPH,Enphase Energy,Energy,clean-energy,NASDAQ,37.18,-3.87%,-3.80%,-2.18%,+10.16%,+1%,4.9,1.651,36.81,5.88,3828904,17906004,96269704,,20.98,buy,2.47,-3.87,96.13,-3.87,961.3,-38.7,9613.0,-387.0,-3.8,96.2,-3.8,962.0,-38.0,9620.0,-380.0,-2.18,97.82,-2.18,978.2,-21.8,9782.0,-218.0,10.16,110.16,10.16,1101.6,101.6,11016.0,1016.0,1.0,101.0,1.0,1010.0,10.0,10100.0,100.0,1 Industrials Stock with Exciting Potential and 2 We Find Risky,StockStory,2026-08-21,0.34,"Zacks Industry Outlook Highlights First Solar, Enphase Energy and T1 Energy",Zacks,2026-08-19,0.494,Enphase Energy Opens U.S. Pre-Orders for First Commercial Battery System,InvestorsHub,2026-08-18,0.273,,,,,,,,,,
FSLR,First Solar,Energy,clean-energy,NASDAQ,208.31,-3.20%,-4.38%,+1.20%,-24.07%,+7%,22.388,1.746,12.84,2.42,1498231,8180131,54906631,,12.45,buy,1.97,-3.2,96.8,-3.2,968.0,-32.0,9680.0,-320.0,-4.38,95.62,-4.38,956.2,-43.8,9562.0,-438.0,1.2,101.2,1.2,1012.0,12.0,10120.0,120.0,-24.07,75.93,-24.07,759.3,-240.7,7593.0,-2407.0,7.0,107.0,7.0,1070.0,70.0,10700.0,700.0,Sustainable Development ETF (SDG) Touches New 52-Week High,Zacks,2026-08-21,0.0,One company stands to gain as bankruptcy wave hits solar sector,TheStreet,2026-08-20,0.527,"Zacks Industry Outlook Highlights First Solar, Enphase Energy and T1 Energy",Zacks,2026-08-19,0.494,,,,,,,,,,
BEPC,Brookfield Renewable Corp,Energy,clean-energy,NYSE,32.88,-2.43%,-6.32%,+0.86%,-16.01%,-1%,6.103,1.166,,1.68,1033019,6883319,39687919,472.0,,hold,3.17,-2.43,97.57,-2.43,975.7,-24.3,9757.0,-243.0,-6.32,93.68,-6.32,936.8,-63.2,9368.0,-632.0,0.86,100.86,0.86,1008.6,8.6,10086.0,86.0,-16.01,83.99,-16.01,839.9,-160.1,8399.0,-1601.0,-1.0,99.0,-1.0,990.0,-10.0,9900.0,-100.0,Why I'm Not Chasing NuScale -- Here's What I'm Buying Instead,Motley Fool,2026-08-11,0.0,Why Cameco's Ugly Earnings Miss Might Be Good News in Disguise,Motley Fool,2026-08-08,-0.459,Brookfield Renewable Q2 Earnings Call Highlights,MarketBeat,2026-07-31,0.0,,,,,,,,,,
DNNGY,Ørsted,Energy,clean-energy,NASDAQ,7.0,+1.60%,-1.55%,-5.66%,+5.03%,-26%,27.743,0.629,,0.11,6763,526663,1966063,,,strong_buy,1.0,1.6,101.6,1.6,1016.0,16.0,10160.0,160.0,-1.55,98.45,-1.55,984.5,-15.5,9845.0,-155.0,-5.66,94.34,-5.66,943.4,-56.6,9434.0,-566.0,5.03,105.03,5.03,1050.3,50.3,10503.0,503.0,-26.0,74.0,-26.0,740.0,-260.0,7400.0,-2600.0,Ørsted plans 2GW Dadu 2 offshore wind project in Taiwan,Energy Monitor,2026-08-20,0.0,Arenko’s software to operate Europe’s first battery co-located with offshore wind,Energy Global,2026-08-18,0.0,Orsted AS (DNNGY) (Q2 2026) Earnings Call Highlights: Strong H1 EBITDA and Strategic Progress ...,GuruFocus.com,2026-08-17,0.727,,,,,,,,,,
AAPL,Apple,MegaCap,big-tech,NASDAQ,310,+0.21%,+1.55%,-7.81%,+14.82%,+36%,4529.158,1.086,35.59,56.65,34379521,226036921,1094661821,35.0,0.97,buy,2.18,0.21,100.21,0.21,1002.1,2.1,10021.0,21.0,1.55,101.55,1.55,1015.5,15.5,10155.0,155.0,-7.81,92.19,-7.81,921.9,-78.1,9219.0,-781.0,14.82,114.82,14.82,1148.2,148.2,11482.0,1482.0,36.0,136.0,36.0,1360.0,360.0,13600.0,3600.0,"Semiconductor stocks drag S&P 500, Nasdaq lower: AlphaCheck",Yahoo Finance,2026-08-24,-0.477,How to Find the Market's Long-Term Winners,Zacks,2026-08-24,0.477,Coinbase Enters the Tokenized Stock Wars,Bankless,2026-08-24,-0.557,,,,,,,,,,
MSFT,Microsoft,MegaCap,big-tech,NASDAQ,487,+0.77%,+1.64%,+25.48%,+3.69%,-4%,3618.543,1.099,27.18,39.9,16752429,103311929,749795329,75.0,1.1,strong_buy,1.36,0.77,100.77,0.77,1007.7,7.7,10077.0,77.0,1.64,101.64,1.64,1016.4,16.4,10164.0,164.0,25.48,125.48,25.48,1254.8,254.8,12548.0,2548.0,3.69,103.69,3.69,1036.9,36.9,10369.0,369.0,-4.0,96.0,-4.0,960.0,-40.0,9600.0,-400.0,Nvidia's Q2 earnings to test resurgent AI trade,Yahoo Finance,2026-08-23,0.0,Microsoft Rises as $678 Billion Backlog Defies Tech Selloff,GuruFocus.com,2026-08-24,0.0,Nvidia Makes Aggressive Move Ahead of Earnings,GuruFocus.com,2026-08-24,-0.153,1,strong_buy,0.9,"Momentum surged +24% in 1M, P/E 26.95, strong_buy consensus, Azure growth beat guidance and Morningstar top pick at $600 fair value.",+24% 1M momentum; P/E 26.95; strong_buy; Azure growth beat,,,,,
NVDA,NVIDIA,MegaCap,big-tech,NASDAQ,208,-3.20%,-7.35%,+6.09%,+10.53%,+19%,5049.594,2.215,31.93,140.18,133148851,524076951,2464450751,47.0,1.26,strong_buy,1.29,-3.2,96.8,-3.2,968.0,-32.0,9680.0,-320.0,-7.35,92.65,-7.35,926.5,-73.5,9265.0,-735.0,6.09,106.09,6.09,1060.9,60.9,10609.0,609.0,10.53,110.53,10.53,1105.3,105.3,11053.0,1053.0,19.0,119.0,19.0,1190.0,190.0,11900.0,1900.0,Tesla to launch Cybercabs in Austin starting Sept. 3,Yahoo Finance Video,2026-08-24,0.0,Tech stocks today: All eyes on Nvidia as Meta trial resumes,Yahoo Finance,2026-08-24,0.0,"Nvidia, software giants' earnings: What to watch the week of August 24th",Yahoo Finance Video,2026-08-24,0.0,,,,,,,,,,
GOOGL,Alphabet,MegaCap,big-tech,NASDAQ,348,+0.86%,+1.18%,+6.58%,+10.59%,+65%,4256.751,1.237,17.46,32.14,26277018,104633718,560233518,26.0,1.2,strong_buy,1.36,0.86,100.86,0.86,1008.6,8.6,10086.0,86.0,1.18,101.18,1.18,1011.8,11.8,10118.0,118.0,6.58,106.58,6.58,1065.8,65.8,10658.0,658.0,10.59,110.59,10.59,1105.9,105.9,11059.0,1059.0,65.0,165.0,65.0,1650.0,650.0,16500.0,6500.0,Tesla to launch Cybercabs in Austin starting Sept. 3,Yahoo Finance Video,2026-08-24,0.0,Coinbase Enters the Tokenized Stock Wars,Bankless,2026-08-24,-0.557,Coinbase Debuts Tokenized Stocks On Base Network,CryptoProwl,2026-08-24,0.0,,,,,,,,,,
META,Meta Platforms,MegaCap,big-tech,NASDAQ,559,+1.10%,-1.75%,-5.87%,-13.90%,-27%,1424.107,1.243,21.05,18.57,12867564,84470164,359884064,38.0,1.43,strong_buy,1.35,1.1,101.1,1.1,1011.0,11.0,10110.0,110.0,-1.75,98.25,-1.75,982.5,-17.5,9825.0,-175.0,-5.87,94.13,-5.87,941.3,-58.7,9413.0,-587.0,-13.9,86.1,-13.9,861.0,-139.0,8610.0,-1390.0,-27.0,73.0,-27.0,730.0,-270.0,7300.0,-2700.0,Tech stocks today: All eyes on Nvidia as Meta trial resumes,Yahoo Finance,2026-08-24,0.0,Nvidia's Q2 earnings to test resurgent AI trade,Yahoo Finance,2026-08-23,0.0,Coinbase Enters the Tokenized Stock Wars,Bankless,2026-08-24,-0.557,,,,,,,,,,
AMZN,Amazon,MegaCap,big-tech,NASDAQ,262,+0.97%,+0.29%,+13.26%,+15.70%,+13%,2826.769,1.454,21.07,50.07,26834672,159795372,986288072,,1.0,strong_buy,1.32,0.97,100.97,0.97,1009.7,9.7,10097.0,97.0,0.29,100.29,0.29,1002.9,2.9,10029.0,29.0,13.26,113.26,13.26,1132.6,132.6,11326.0,1326.0,15.7,115.7,15.7,1157.0,157.0,11570.0,1570.0,13.0,113.0,13.0,1130.0,130.0,11300.0,1300.0,The luxury retail categories that consumers continue to spend the most on,Yahoo Finance Video,2026-08-24,0.0,Nvidia's Q2 earnings to test resurgent AI trade,Yahoo Finance,2026-08-23,0.0,Amazon Has Been Lagging the S&P 500 in 2026. This Is the Only Reason I'd Need to Buy the Stock in August Without Hesitation.,Motley Fool,2026-08-24,0.106,,,,,,,,,,
TSLA,Tesla,MegaCap,big-tech,NASDAQ,349,-4.12%,+2.84%,+12.85%,-20.34%,+5%,1378.195,1.827,320.14,42.06,38021032,192497132,739509932,,1.94,buy,2.35,-4.12,95.88,-4.12,958.8,-41.2,9588.0,-412.0,2.84,102.84,2.84,1028.4,28.4,10284.0,284.0,12.85,112.85,12.85,1128.5,128.5,11285.0,1285.0,-20.34,79.66,-20.34,796.6,-203.4,7966.0,-2034.0,5.0,105.0,5.0,1050.0,50.0,10500.0,500.0,Tesla to launch Cybercabs in Austin starting Sept. 3,Yahoo Finance Video,2026-08-24,0.0,Tesla Cybercab to launch Sept. 3 as robotaxi bet ramps up,Yahoo Finance,2026-08-24,0.0,How to Find the Market's Long-Term Winners,Zacks,2026-08-24,0.477,,,,,,,,,,
NFLX,Netflix,MegaCap,big-tech,NASDAQ,80,+0.44%,+5.25%,+13.65%,-12.07%,-35%,333.157,1.514,25.16,42.94,20767266,139118366,693227166,,2.23,buy,1.76,0.44,100.44,0.44,1004.4,4.4,10044.0,44.0,5.25,105.25,5.25,1052.5,52.5,10525.0,525.0,13.65,113.65,13.65,1136.5,136.5,11365.0,1365.0,-12.07,87.93,-12.07,879.3,-120.7,8793.0,-1207.0,-35.0,65.0,-35.0,650.0,-350.0,6500.0,-3500.0,Netflix May Be Ready to Do Something It Long Resisted,GuruFocus.com,2026-08-24,0.361,YouTube Could Spark a Creator Bidding War That Hurts Netflix Stock,Barrons.com,2026-08-24,-0.727,Is Netflix (NFLX) Trading At A Discount Despite Strong Cash Flow?,Simply Wall St.,2026-08-24,-0.402,6,buy,0.7,"Strong +16% 1M, P/E 25.03, buy consensus, positive news sentiment 0.224, attractive valuation.",+16% 1M momentum; P/E 25.03; buy; news_s 0.224,,,,,
JPM,JPMorgan Chase,MegaCap,financials,NYSE,356,+1.25%,-1.27%,+0.05%,+11.05%,+19%,947.351,0.977,15.27,8.83,4236267,31330667,128508867,171.0,1.07,buy,2.12,1.25,101.25,1.25,1012.5,12.5,10125.0,125.0,-1.27,98.73,-1.27,987.3,-12.7,9873.0,-127.0,0.05,100.05,0.05,1000.5,0.5,10005.0,5.0,11.05,111.05,11.05,1110.5,110.5,11105.0,1105.0,19.0,119.0,19.0,1190.0,190.0,11900.0,1900.0,What Could JPMorgan Chase (JPM) Lawsuits Mean For Future M And A Deals?,Simply Wall St.,2026-08-24,-0.153,JPMorgan Jumps as Banks Power the Dow Higher,GuruFocus.com,2026-08-24,0.0,"EverQuote (EVER) Shares Skyrocket, What You Need To Know",StockStory,2026-08-24,0.296,,,,,,,,,,
BAC,Bank of America,MegaCap,financials,NYSE,62,+0.87%,-2.44%,+0.32%,+12.61%,+25%,435.858,1.168,14.39,34.37,26723346,147912946,583424146,207.0,,buy,1.54,0.87,100.87,0.87,1008.7,8.7,10087.0,87.0,-2.44,97.56,-2.44,975.6,-24.4,9756.0,-244.0,0.32,100.32,0.32,1003.2,3.2,10032.0,32.0,12.61,112.61,12.61,1126.1,126.1,11261.0,1261.0,25.0,125.0,25.0,1250.0,250.0,12500.0,2500.0,BofA finds AI is creating a credit divide that could reach consumers,TheStreet,2026-08-24,0.599,"Jersey Mike's Subs Has Visible Same-Store Sales Drivers for Continued Share Gains, BofA Says",MT Newswires,2026-08-24,0.557,JPMorgan's Card Credit Trends Improve: Are Losses Past Their Peak?,Zacks,2026-08-24,0.421,,,,,,,,,,
BRK-B,Berkshire Hathaway B,MegaCap,financials,NYSE,504,+1.62%,+1.22%,+1.44%,+1.50%,+2%,1079.603,0.607,12.68,4.79,3183944,18040644,90590344,,0.96,buy,2.0,1.62,101.62,1.62,1016.2,16.2,10162.0,162.0,1.22,101.22,1.22,1012.2,12.2,10122.0,122.0,1.44,101.44,1.44,1014.4,14.4,10144.0,144.0,1.5,101.5,1.5,1015.0,15.0,10150.0,150.0,2.0,102.0,2.0,1020.0,20.0,10200.0,200.0,Warren Buffett's Favorite 'Forever' Stock Hits A Buy Point After Big Rally,Investor's Business Daily,2026-08-24,0.459,Berkshire Hathaway (BRK-B)’s Cash Pile Just Shrank for the First Time in Years. Is Greg Abel Finally Spending?,Insider Monkey,2026-08-24,0.0,Warren Buffett Called Airlines the “Worst Sort of Business.” His Successor Just Built a $5.4 Billion Position Anyway.,24/7 Wall St.,2026-08-24,0.226,,,,,,,,,,
V,Visa,MegaCap,financials,NYSE,382,+3.01%,+6.57%,+5.68%,+11.03%,+6%,713.978,0.759,32.52,8.14,8469839,33975139,155976939,72.0,1.22,strong_buy,1.38,3.01,103.01,3.01,1030.1,30.1,10301.0,301.0,6.57,106.57,6.57,1065.7,65.7,10657.0,657.0,5.68,105.68,5.68,1056.8,56.8,10568.0,568.0,11.03,111.03,11.03,1110.3,110.3,11103.0,1103.0,6.0,106.0,6.0,1060.0,60.0,10600.0,600.0,Stablecoin card spending triples to $1 billion,Yahoo Finance Video,2026-08-24,0.0,Stock Market Today: Dow Up As Trump Says This On Canada; Nvidia Shares Skid Despite AI Move (Live Coverage),Investor's Business Daily,2026-08-24,0.296,Why Hims & Hers Health (HIMS) Stock Is Nosediving,StockStory,2026-08-24,0.0,,,,,,,,,,
MA,Mastercard,MegaCap,financials,NYSE,600,+3.41%,+6.69%,+8.73%,+7.04%,-2%,525.483,0.735,33.01,3.52,3121031,14894831,64652131,60.0,1.03,strong_buy,1.38,3.41,103.41,3.41,1034.1,34.1,10341.0,341.0,6.69,106.69,6.69,1066.9,66.9,10669.0,669.0,8.73,108.73,8.73,1087.3,87.3,10873.0,873.0,7.04,107.04,7.04,1070.4,70.4,10704.0,704.0,-2.0,98.0,-2.0,980.0,-20.0,9800.0,-200.0,Stablecoin card spending triples to $1 billion,Yahoo Finance Video,2026-08-24,0.0,Mastercard Jumps 2.7% as Investors Abandon Semiconductor Risk,GuruFocus.com,2026-08-24,-0.612,"Which Credit Card Stock Has Dominated in 2026: Visa, Mastercard, or American Express?",24/7 Wall St.,2026-08-24,0.382,,,,,,,,,,
GS,Goldman Sachs,MegaCap,financials,NYSE,1036,-0.28%,-1.43%,-1.14%,+14.43%,+41%,301.735,1.288,16.0,2.15,1986510,11140110,41950210,192.0,2.14,hold,2.6,-0.28,99.72,-0.28,997.2,-2.8,9972.0,-28.0,-1.43,98.57,-1.43,985.7,-14.3,9857.0,-143.0,-1.14,98.86,-1.14,988.6,-11.4,9886.0,-114.0,14.43,114.43,14.43,1144.3,144.3,11443.0,1443.0,41.0,141.0,41.0,1410.0,410.0,14100.0,4100.0,Goldman Sachs partner Chris Churchman warns AI risks banker skills,Quartz,2026-08-24,-0.361,"Goldman, Wells Say Treasury Buybacks Unlikely to Cut Long Rates",Bloomberg,2026-08-24,0.178,"America’s energy sector will need 500,000 more workers by 2030 thanks to AI—but unless more workers retrain, humanoid robots will have to step in",Fortune,2026-08-24,0.612,,,,,,,,,,
BLK,BlackRock,MegaCap,financials,NYSE,1173,+1.39%,+2.22%,+10.40%,+9.28%,+2%,190.521,1.425,28.09,0.76,494061,2516761,12623261,198.0,1.43,buy,1.53,1.39,101.39,1.39,1013.9,13.9,10139.0,139.0,2.22,102.22,2.22,1022.2,22.2,10222.0,222.0,10.4,110.4,10.4,1104.0,104.0,11040.0,1040.0,9.28,109.28,9.28,1092.8,92.8,10928.0,928.0,2.0,102.0,2.0,1020.0,20.0,10200.0,200.0,Sector Update: Financial Stocks Advance Late Afternoon,MT Newswires,2026-08-24,0.0,Update: Market Chatter: BlackRock Sounding Out Buyers for TCP Private Credit Assets,MT Newswires,2026-08-24,0.511,"Delaying Retirement Just 6 Months Can Yield an Extra $50,000. Here’s How.",Kiplinger,2026-08-24,0.0,9,buy,0.6,"Decent +9.5% 1M, P/E 27.7, 1.98% dividend yield, buy consensus, asset manager benefiting from AI infrastructure.",+9.5% 1M momentum; P/E 27.7; buy; 1.98% div yield,,,,,
LLY,Eli Lilly,MegaCap,healthcare,NYSE,1247,-0.58%,+5.39%,+4.27%,+15.98%,+81%,1111.46,0.506,41.91,2.97,1661745,13831345,58756045,55.0,1.02,buy,1.7,-0.58,99.42,-0.58,994.2,-5.8,9942.0,-58.0,5.39,105.39,5.39,1053.9,53.9,10539.0,539.0,4.27,104.27,4.27,1042.7,42.7,10427.0,427.0,15.98,115.98,15.98,1159.8,159.8,11598.0,1598.0,81.0,181.0,81.0,1810.0,810.0,18100.0,8100.0,Sector Update: Healthcare Stocks Softer Late Afternoon,MT Newswires,2026-08-24,0.0,Eli Lilly Slips as Its $1.1 Trillion Valuation Cools,GuruFocus.com,2026-08-24,0.0,Eli Lilly (LLY) Is Suing Six Companies Over an Unapproved Drug—Leaving Novo Nordisk (NVO) Clear in the GLP-1 Wars,Insider Monkey,2026-08-24,-0.67,,,,,,,,,,
UNH,UnitedHealth Group,MegaCap,healthcare,NYSE,399,+2.19%,+0.79%,-4.52%,+20.14%,+28%,357.925,0.632,25.61,5.85,4680109,22930509,91813009,238.0,1.88,buy,1.56,2.19,102.19,2.19,1021.9,21.9,10219.0,219.0,0.79,100.79,0.79,1007.9,7.9,10079.0,79.0,-4.52,95.48,-4.52,954.8,-45.2,9548.0,-452.0,20.14,120.14,20.14,1201.4,201.4,12014.0,2014.0,28.0,128.0,28.0,1280.0,280.0,12800.0,2800.0,UnitedHealth Stock's Biggest Risk Sits In The Commercial Book,Trefis,2026-08-24,-0.273,"5 HMO Stocks to Watch Amid Steady Premium Flow, Increased Digitization",Zacks,2026-08-24,0.273,What Does UnitedHealth Group (UNH) IRS Tax Scrutiny Mean For Investors?,Simply Wall St.,2026-08-22,0.0,,,,,,,,,,
JNJ,Johnson & Johnson,MegaCap,healthcare,NYSE,273,+0.75%,+4.07%,+2.67%,+33.14%,+51%,657.999,0.231,31.68,8.02,5411856,33630556,145235456,198.0,1.17,buy,1.91,0.75,100.75,0.75,1007.5,7.5,10075.0,75.0,4.07,104.07,4.07,1040.7,40.7,10407.0,407.0,2.67,102.67,2.67,1026.7,26.7,10267.0,267.0,33.14,133.14,33.14,1331.4,331.4,13314.0,3314.0,51.0,151.0,51.0,1510.0,510.0,15100.0,5100.0,"How to Build $3,100 a Month in Dividend Income Starting From Zero",24/7 Wall St.,2026-08-24,0.0,Johnson & Johnson Rises 1.3% as Investors Seek Stability,GuruFocus.com,2026-08-24,0.0,Will LQDA's Differentiated PAH Approach Drive Growth?,Zacks,2026-08-24,0.382,,,,,,,,,,
ABBV,AbbVie,MegaCap,healthcare,NYSE,265,-0.62%,+5.67%,+2.96%,+18.08%,+28%,467.438,0.28,74.51,6.69,3873934,24784434,112319334,261.0,1.42,buy,1.68,-0.62,99.38,-0.62,993.8,-6.2,9938.0,-62.0,5.67,105.67,5.67,1056.7,56.7,10567.0,567.0,2.96,102.96,2.96,1029.6,29.6,10296.0,296.0,18.08,118.08,18.08,1180.8,180.8,11808.0,1808.0,28.0,128.0,28.0,1280.0,280.0,12800.0,2800.0,Is SYRE a Buy Now as Clinical Catalysts Clash With Valuation Risk?,Zacks,2026-08-24,-0.273,Can Spyre's SPY772 HS Study Broaden Its Growth Story Beyond Core IBD?,Zacks,2026-08-24,0.382,J&J's Strong Pipeline Momentum Offers Multiple Growth Catalysts Ahead,Zacks,2026-08-24,0.71,,,,,,,,,,
MRK,Merck,MegaCap,healthcare,NYSE,151,-1.84%,+10.80%,+15.22%,+43.60%,+79%,371.704,0.211,120.53,10.8,14977716,90204316,225393916,223.0,1.15,buy,1.75,-1.84,98.16,-1.84,981.6,-18.4,9816.0,-184.0,10.8,110.8,10.8,1108.0,108.0,11080.0,1080.0,15.22,115.22,15.22,1152.2,152.2,11522.0,1522.0,43.6,143.6,43.6,1436.0,436.0,14360.0,4360.0,79.0,179.0,79.0,1790.0,790.0,17900.0,7900.0,"Myriad Genetics and Moderna Shares Plummet, What You Need To Know",StockStory,2026-08-24,0.296,GILD Stock Garners Retail Attention On Trodelvy EU Approval Ahead Of August 27 HIV FDA Verdict,Stocktwits,2026-08-24,0.572,Moderna Stock Had A Readout Waiting In Plain Sight,Trefis,2026-08-24,0.0,3,buy,0.7,"Strong +20% 1M and +45% YTD, P/E 122 high but momentum intact, buy consensus, hit 52-week highs.",+20% 1M momentum; +45% YTD; buy; 52-week high,,,,,
TMO,Thermo Fisher Scientific,MegaCap,healthcare,NYSE,629,+0.04%,+7.38%,+12.37%,+6.33%,+28%,232.475,0.847,33.88,2.21,1727016,10261916,39635616,30.0,1.35,buy,1.54,0.04,100.04,0.04,1000.4,0.4,10004.0,4.0,7.38,107.38,7.38,1073.8,73.8,10738.0,738.0,12.37,112.37,12.37,1123.7,123.7,11237.0,1237.0,6.33,106.33,6.33,1063.3,63.3,10633.0,633.0,28.0,128.0,28.0,1280.0,280.0,12800.0,2800.0,Medtronic vs. Thermo Fisher: Which Healthcare Turnaround Offers More Upside?,Insider Monkey,2026-08-23,0.0,"Abbott vs. Thermo Fisher: Which is the Better Investment, Diversification or Recovery?",Insider Monkey,2026-08-23,0.44,Johnson & Johnson vs. Thermo Fisher: Which Healthcare Growth Story Is More Durable?,Insider Monkey,2026-08-23,0.382,5,buy,0.7,"Impressive +20% 1M, P/E 33.9, buy consensus, news sentiment 0.308, healthcare turnaround theme.",+20% 1M momentum; P/E 33.9; buy; news_s 0.308,,,,,
ABT,Abbott Laboratories,MegaCap,healthcare,NYSE,117,+0.10%,+5.71%,+11.66%,-4.31%,-12%,203.217,0.581,37.76,11.97,5916525,38721025,175732725,216.0,1.46,buy,1.59,0.1,100.1,0.1,1001.0,1.0,10010.0,10.0,5.71,105.71,5.71,1057.1,57.1,10571.0,571.0,11.66,111.66,11.66,1116.6,116.6,11166.0,1166.0,-4.31,95.69,-4.31,956.9,-43.1,9569.0,-431.0,-12.0,88.0,-12.0,880.0,-120.0,8800.0,-1200.0,NVST or ABT: Which Is the Better Value Stock Right Now?,Zacks,2026-08-24,0.649,Billionaire Ken Griffin Just Loaded Up on AbbVie and Abbott. Here's Whether Investors Should Follow His Lead.,Motley Fool,2026-08-24,0.0,Here's What Is Shaping Abbott's Diagnostics Growth,Zacks,2026-08-24,0.382,7,buy,0.7,"Robust +16% 1M, P/E 37.75, 2.16% dividend yield, buy consensus, highest news sentiment 0.309 in healthcare.",+16% 1M momentum; 2.16% div yield; buy; news_s 0.309,,,,,
PG,Procter & Gamble,MegaCap,consumer,NYSE,147,+1.19%,+2.43%,+0.00%,+5.69%,-7%,341.373,0.377,22.11,9.28,6983878,59257778,202166878,301.0,1.17,buy,2.2,1.19,101.19,1.19,1011.9,11.9,10119.0,119.0,2.43,102.43,2.43,1024.3,24.3,10243.0,243.0,0.0,100.0,0.0,1000.0,0.0,10000.0,0.0,5.69,105.69,5.69,1056.9,56.9,10569.0,569.0,-7.0,93.0,-7.0,930.0,-70.0,9300.0,-700.0,"How to Build $3,100 a Month in Dividend Income Starting From Zero",24/7 Wall St.,2026-08-24,0.0,Coca-Cola Just Won a Key Consumer Battle,GuruFocus.com,2026-08-24,0.273,Estee Lauder Stock Jumped On A Bigger Margin Promise,Trefis,2026-08-24,0.318,,,,,,,,,,
KO,Coca-Cola,MegaCap,consumer,NYSE,92,+1.02%,+5.76%,+9.42%,+34.87%,+32%,395.791,0.342,27.62,17.75,14746920,73728220,337388120,233.0,1.05,buy,1.75,1.02,101.02,1.02,1010.2,10.2,10102.0,102.0,5.76,105.76,5.76,1057.6,57.6,10576.0,576.0,9.42,109.42,9.42,1094.2,94.2,10942.0,942.0,34.87,134.87,34.87,1348.7,348.7,13487.0,3487.0,32.0,132.0,32.0,1320.0,320.0,13200.0,3200.0,Why Olipop's founder hasn't sold out to Pepsi or Coca-Cola,Yahoo Finance,2026-08-24,0.0,How Olipop is beating big soda at its own game: Fmr CEO,Yahoo Finance Video,2026-08-24,-0.459,Warren Buffett's Favorite 'Forever' Stock Hits A Buy Point After Big Rally,Investor's Business Daily,2026-08-24,0.459,4,buy,0.8,"Solid +11% 1M, +34% YTD, P/E 27.36, 2.33% dividend yield, buy consensus, positive news sentiment 0.355.",+11% 1M momentum; +34% YTD; 2.33% div yield; news_s 0.355,,,,,
PEP,PepsiCo,MegaCap,consumer,NASDAQ,145,+0.85%,+4.65%,+3.49%,+3.70%,-3%,197.619,0.361,18.96,8.64,5976417,31132917,144185617,413.0,2.4,hold,2.67,0.85,100.85,0.85,1008.5,8.5,10085.0,85.0,4.65,104.65,4.65,1046.5,46.5,10465.0,465.0,3.49,103.49,3.49,1034.9,34.9,10349.0,349.0,3.7,103.7,3.7,1037.0,37.0,10370.0,370.0,-3.0,97.0,-3.0,970.0,-30.0,9700.0,-300.0,Why Olipop's founder hasn't sold out to Pepsi or Coca-Cola,Yahoo Finance,2026-08-24,0.0,How Olipop is beating big soda at its own game: Fmr CEO,Yahoo Finance Video,2026-08-24,-0.459,"How to Build $3,100 a Month in Dividend Income Starting From Zero",24/7 Wall St.,2026-08-24,0.0,,,,,,,,,,
MCD,McDonald's,MegaCap,consumer,NYSE,273,+0.62%,+2.64%,+0.69%,-9.01%,-14%,192.861,0.419,22.16,4.6,4111699,19854799,95268099,275.0,1.93,buy,2.06,0.62,100.62,0.62,1006.2,6.2,10062.0,62.0,2.64,102.64,2.64,1026.4,26.4,10264.0,264.0,0.69,100.69,0.69,1006.9,6.9,10069.0,69.0,-9.01,90.99,-9.01,909.9,-90.1,9099.0,-901.0,-14.0,86.0,-14.0,860.0,-140.0,8600.0,-1400.0,"Starbucks Stock Gains 27% YTD: Should You Buy, Sell or Hold?",Zacks,2026-08-24,0.34,Wendy’s names Tariq Hassan chief marketing and customer growth officer,Nation's Restaurant News,2026-08-24,0.382,"Domino's Stock Slips 15% in 6 Months: Should You Buy, Hold or Sell?",Zacks,2026-08-24,0.0,,,,,,,,,,
NKE,Nike,MegaCap,consumer,NYSE,41,+0.00%,+4.25%,-3.30%,-34.60%,-49%,60.453,1.118,19.4,24.29,18808641,111390841,499936441,402.0,6.01,hold,2.51,0.0,100.0,0.0,1000.0,0.0,10000.0,0.0,4.25,104.25,4.25,1042.5,42.5,10425.0,425.0,-3.3,96.7,-3.3,967.0,-33.0,9670.0,-330.0,-34.6,65.4,-34.6,654.0,-346.0,6540.0,-3460.0,-49.0,51.0,-49.0,510.0,-490.0,5100.0,-4900.0,NIKE Running Gains Momentum: Can It Offset Lifestyle Weakness?,Zacks,2026-08-24,-0.103,3 Consumer Stocks That Fall Short,StockStory,2026-08-24,0.0,"Target, Starbucks and Nike are writing the 2026 turnaround playbook. Here are the key lessons",Fortune,2026-08-24,0.0,,,,,,,,,,
WMT,Walmart,MegaCap,consumer,NYSE,106,+2.72%,-6.63%,-4.47%,-4.96%,+8%,847.456,0.605,38.58,24.63,33532022,216503722,560115422,95.0,1.62,buy,1.58,2.72,102.72,2.72,1027.2,27.2,10272.0,272.0,-6.63,93.37,-6.63,933.7,-66.3,9337.0,-663.0,-4.47,95.53,-4.47,955.3,-44.7,9553.0,-447.0,-4.96,95.04,-4.96,950.4,-49.6,9504.0,-496.0,8.0,108.0,8.0,1080.0,80.0,10800.0,800.0,Walmart will finally accept Apple Pay. But here's what customers should know.,Yahoo Personal Finance,2026-08-24,0.153,Stock Market Today: Dow Up As Trump Says This On Canada; Nvidia Shares Skid Despite AI Move (Live Coverage),Investor's Business Daily,2026-08-24,0.296,Walmart Rebounds After Its $100 Billion Wipeout,GuruFocus.com,2026-08-24,0.0,,,,,,,,,,
COST,Costco,MegaCap,consumer,NASDAQ,971,+2.51%,+1.88%,+0.00%,+14.18%,+1%,430.795,0.86,48.81,2.35,2202352,10559152,39528852,62.0,1.73,none,,2.51,102.51,2.51,1025.1,25.1,10251.0,251.0,1.88,101.88,1.88,1018.8,18.8,10188.0,188.0,0.0,100.0,0.0,1000.0,0.0,10000.0,0.0,14.18,114.18,14.18,1141.8,141.8,11418.0,1418.0,1.0,101.0,1.0,1010.0,10.0,10100.0,100.0,Coca-Cola Just Won a Key Consumer Battle,GuruFocus.com,2026-08-24,0.273,Costco fights customer’s tariff suit as refunds flow in,CFO Dive,2026-08-24,-0.402,Will Costco's AI Search Growth Become a Meaningful Sales Catalyst?,Zacks,2026-08-24,0.599,,,,,,,,,,
XOM,ExxonMobil,MegaCap,energy-industrial,NYSE,164,-0.70%,+1.60%,+6.68%,+36.44%,+48%,674.559,0.173,21.09,15.85,10341598,71046898,295966498,250.0,1.15,buy,2.32,-0.7,99.3,-0.7,993.0,-7.0,9930.0,-70.0,1.6,101.6,1.6,1016.0,16.0,10160.0,160.0,6.68,106.68,6.68,1066.8,66.8,10668.0,668.0,36.44,136.44,36.44,1364.4,364.4,13644.0,3644.0,48.0,148.0,48.0,1480.0,480.0,14800.0,4800.0,Sector Update: Energy Stocks Decline Monday,MT Newswires,2026-08-24,0.273,"How to Build $3,100 a Month in Dividend Income Starting From Zero",24/7 Wall St.,2026-08-24,0.0,Exxon Drops as Oil Retreats From $94,GuruFocus.com,2026-08-24,0.0,,,,,,,,,,
CVX,Chevron,MegaCap,energy-industrial,NYSE,203,-1.07%,+1.07%,+7.82%,+33.91%,+30%,398.382,0.488,19.55,8.7,5559861,37511061,167793361,347.0,1.04,buy,1.72,-1.07,98.93,-1.07,989.3,-10.7,9893.0,-107.0,1.07,101.07,1.07,1010.7,10.7,10107.0,107.0,7.82,107.82,7.82,1078.2,78.2,10782.0,782.0,33.91,133.91,33.91,1339.1,339.1,13391.0,3391.0,30.0,130.0,30.0,1300.0,300.0,13000.0,3000.0,Warren Buffett's Favorite 'Forever' Stock Hits A Buy Point After Big Rally,Investor's Business Daily,2026-08-24,0.459,Sector Update: Energy Stocks Decline Monday,MT Newswires,2026-08-24,0.273,"3 Dividend Stocks to Buy and Hold for the Next Decade, Starting With Chevron",Motley Fool,2026-08-24,0.0,,,,,,,,,,
CAT,Caterpillar,MegaCap,energy-industrial,NYSE,811,-1.96%,-8.01%,-7.13%,+36.36%,+92%,372.806,1.605,34.99,3.29,2522990,14755590,65639490,79.0,1.66,buy,2.14,-1.96,98.04,-1.96,980.4,-19.6,9804.0,-196.0,-8.01,91.99,-8.01,919.9,-80.1,9199.0,-801.0,-7.13,92.87,-7.13,928.7,-71.3,9287.0,-713.0,36.36,136.36,36.36,1363.6,363.6,13636.0,3636.0,92.0,192.0,92.0,1920.0,920.0,19200.0,9200.0,Stock Market Today: Dow Up As Trump Says This On Canada; Nvidia Shares Skid Despite AI Move (Live Coverage),Investor's Business Daily,2026-08-24,0.296,UAW and Deere are set to clash amid AI sales boom,Axios,2026-08-24,0.0,Nvidia's Longest Losing Streak Since 2022 Is Dragging on the Nasdaq,Barrons.com,2026-08-24,-0.382,,,,,,,,,,
HON,Honeywell,MegaCap,energy-industrial,NASDAQ,215,-0.80%,-6.40%,-12.34%,+5.96%,-1%,68.069,0.918,8.25,4.42,2469192,13190292,65238992,130.0,2.66,buy,1.92,-0.8,99.2,-0.8,992.0,-8.0,9920.0,-80.0,-6.4,93.6,-6.4,936.0,-64.0,9360.0,-640.0,-12.34,87.66,-12.34,876.6,-123.4,8766.0,-1234.0,5.96,105.96,5.96,1059.6,59.6,10596.0,596.0,-1.0,99.0,-1.0,990.0,-10.0,9900.0,-100.0,The veteran Fortune 500 CEO who turned an 80-year-old AC company into an AI darling,Fortune,2026-08-22,0.586,GE Aerospace Stock Is Priced For A Margin Repair That Has Not Happened Yet,Trefis,2026-08-20,0.0,Make Your TDG Shares Pay You 9.8% A Year While You Hold Them,Trefis,2026-08-20,0.202,,,,,,,,,,
GE,GE Aerospace,MegaCap,energy-industrial,NYSE,342,-2.04%,-7.47%,-5.47%,+6.86%,+31%,354.68,1.366,40.36,4.43,2661087,22114587,75215987,54.0,1.37,strong_buy,1.45,-2.04,97.96,-2.04,979.6,-20.4,9796.0,-204.0,-7.47,92.53,-7.47,925.3,-74.7,9253.0,-747.0,-5.47,94.53,-5.47,945.3,-54.7,9453.0,-547.0,6.86,106.86,6.86,1068.6,68.6,10686.0,686.0,31.0,131.0,31.0,1310.0,310.0,13100.0,3100.0,"Which Aerospace and Defense Stock Has Dominated in 2026: GE Aerospace, Boeing, or RTX?",24/7 Wall St.,2026-08-24,0.128,Do Howmet's Strong Q2 Margins Signal Further Upside for the Stock?,Zacks,2026-08-24,0.511,General Electric (GE) Could Be 14% Overvalued On Air Force Contract Win And Capital Returns,Simply Wall St.,2026-08-22,0.586,,,,,,,,,,
RTX,RTX Corp,MegaCap,energy-industrial,NYSE,209,-0.47%,-5.60%,-3.89%,+12.95%,+34%,281.978,0.294,36.77,5.18,3837174,25751974,105472574,139.0,1.34,buy,1.87,-0.47,99.53,-0.47,995.3,-4.7,9953.0,-47.0,-5.6,94.4,-5.6,944.0,-56.0,9440.0,-560.0,-3.89,96.11,-3.89,961.1,-38.9,9611.0,-389.0,12.95,112.95,12.95,1129.5,129.5,11295.0,1295.0,34.0,134.0,34.0,1340.0,340.0,13400.0,3400.0,"Which Aerospace and Defense Stock Has Dominated in 2026: GE Aerospace, Boeing, or RTX?",24/7 Wall St.,2026-08-24,0.128,Do Howmet's Strong Q2 Margins Signal Further Upside for the Stock?,Zacks,2026-08-24,0.511,2 Profitable Stocks Worth Investigating and 1 We Brush Off,StockStory,2026-08-24,0.586,,,,,,,,,,
BA,Boeing,MegaCap,energy-industrial,NYSE,210,-1.78%,-6.86%,-0.49%,-7.60%,-6%,166.22,1.221,75.71,5.96,7055202,31719202,128057502,,0.01,buy,1.54,-1.78,98.22,-1.78,982.2,-17.8,9822.0,-178.0,-6.86,93.14,-6.86,931.4,-68.6,9314.0,-686.0,-0.49,99.51,-0.49,995.1,-4.9,9951.0,-49.0,-7.6,92.4,-7.6,924.0,-76.0,9240.0,-760.0,-6.0,94.0,-6.0,940.0,-60.0,9400.0,-600.0,"Which Aerospace and Defense Stock Has Dominated in 2026: GE Aerospace, Boeing, or RTX?",24/7 Wall St.,2026-08-24,0.128,Express carrier partner ASL Aviation buys 747 freighters from lessor,FreightWaves,2026-08-24,0.0,"Boeing and 9 More Stocks for Manufacturing’s Revival, From Our Roundtable Pros",Barrons.com,2026-08-24,0.0,,,,,,,,,,
AMD,Advanced Micro Devices,MegaCap,tech-semis,NASDAQ,457,-3.30%,-9.73%,-7.72%,+104.39%,+190%,745.625,2.489,116.22,28.74,14244025,86663425,545162425,,2.32,strong_buy,1.47,-3.3,96.7,-3.3,967.0,-33.0,9670.0,-330.0,-9.73,90.27,-9.73,902.7,-97.3,9027.0,-973.0,-7.72,92.28,-7.72,922.8,-77.2,9228.0,-772.0,104.39,204.39,104.39,2043.9,1043.9,20439.0,10439.0,190.0,290.0,190.0,2900.0,1900.0,29000.0,19000.0,How investors should approach Nvidia’s earnings,Yahoo Finance Video,2026-08-24,0.0,"Micron, Seagate, Western Digital, Semtech, and Penguin Solutions Shares Are Falling, What You Need To Know",StockStory,2026-08-24,0.318,AMD Sinks 2.9% Before Nvidia's Critical Earnings Test,GuruFocus.com,2026-08-24,-0.318,,,,,,,,,,
QCOM,Qualcomm,MegaCap,tech-semis,NASDAQ,159,-1.44%,-2.25%,-6.77%,-7.42%,+3%,166.494,1.663,18.14,16.55,10497446,46693746,235261446,229.0,3.69,hold,2.57,-1.44,98.56,-1.44,985.6,-14.4,9856.0,-144.0,-2.25,97.75,-2.25,977.5,-22.5,9775.0,-225.0,-6.77,93.23,-6.77,932.3,-67.7,9323.0,-677.0,-7.42,92.58,-7.42,925.8,-74.2,9258.0,-742.0,3.0,103.0,3.0,1030.0,30.0,10300.0,300.0,NVIDIA Stock Can Fall By A Third Or Rise By Half And Still Be Normal,Trefis,2026-08-24,0.0,The AI Opportunity Qualcomm Investors May Be Underestimating,24/7 Wall St.,2026-08-24,0.421,Nvidia’s Trillion-Dollar Chip Market Has Friends and Foes Closing In,Bloomberg,2026-08-24,0.026,,,,,,,,,,
AVGO,Broadcom,MegaCap,tech-semis,NASDAQ,359,-2.77%,-8.58%,-6.38%,+3.58%,+25%,1706.83,1.473,59.69,26.33,18211513,114911213,416845113,71.0,1.31,strong_buy,1.33,-2.77,97.23,-2.77,972.3,-27.7,9723.0,-277.0,-8.58,91.42,-8.58,914.2,-85.8,9142.0,-858.0,-6.38,93.62,-6.38,936.2,-63.8,9362.0,-638.0,3.58,103.58,3.58,1035.8,35.8,10358.0,358.0,25.0,125.0,25.0,1250.0,250.0,12500.0,2500.0,Steve Cohen makes dramatic switch between 2 top AI giants,TheStreet,2026-08-24,0.202,"S&P 500, Nasdaq end down on tech stocks, investors weigh Iran moves",Reuters,2026-08-24,0.0,TSMC Slides 2.3% as AI-Chip Confidence Suddenly Cracks,GuruFocus.com,2026-08-24,0.511,,,,,,,,,,
TSM,Taiwan Semiconductor,MegaCap,tech-semis,NYSE,410,-2.25%,-4.84%,+2.76%,+28.98%,+78%,2127.077,1.258,30.58,13.61,10623060,52462560,253998560,104.0,0.69,strong_buy,1.42,-2.25,97.75,-2.25,977.5,-22.5,9775.0,-225.0,-4.84,95.16,-4.84,951.6,-48.4,9516.0,-484.0,2.76,102.76,2.76,1027.6,27.6,10276.0,276.0,28.98,128.98,28.98,1289.8,289.8,12898.0,2898.0,78.0,178.0,78.0,1780.0,780.0,17800.0,7800.0,"Micron, Seagate, Western Digital, Semtech, and Penguin Solutions Shares Are Falling, What You Need To Know",StockStory,2026-08-24,0.318,TSMC Slides 2.3% as AI-Chip Confidence Suddenly Cracks,GuruFocus.com,2026-08-24,0.511,Xiaomi Takes Another Page From Apple,GuruFocus.com,2026-08-24,0.0,,,,,,,,,,
ASML,ASML Holding,MegaCap,tech-semis,NASDAQ,1740,-1.32%,-7.59%,+5.26%,+50.24%,+134%,668.384,1.365,58.73,1.88,1074046,5844746,32241346,51.0,0.28,strong_buy,1.41,-1.32,98.68,-1.32,986.8,-13.2,9868.0,-132.0,-7.59,92.41,-7.59,924.1,-75.9,9241.0,-759.0,5.26,105.26,5.26,1052.6,52.6,10526.0,526.0,50.24,150.24,50.24,1502.4,502.4,15024.0,5024.0,134.0,234.0,134.0,2340.0,1340.0,23400.0,13400.0,Where Canon Can Actually Disrupt ASML,24/7 Wall St.,2026-08-24,0.0,European Indexes Turn Positive as Tech Stocks Steady,The Wall Street Journal,2026-08-24,0.557,TSMC vs. ASML: Which Semi Monopoly Has the Wider Moat?,24/7 Wall St.,2026-08-22,0.0,,,,,,,,,,
ARM,Arm Holdings,MegaCap,tech-semis,NASDAQ,239,-1.83%,-12.03%,-10.34%,+108.12%,+77%,255.017,3.909,246.16,8.26,3303902,20504302,109787502,,11.61,buy,1.95,-1.83,98.17,-1.83,981.7,-18.3,9817.0,-183.0,-12.03,87.97,-12.03,879.7,-120.3,8797.0,-1203.0,-10.34,89.66,-10.34,896.6,-103.4,8966.0,-1034.0,108.12,208.12,108.12,2081.2,1081.2,20812.0,10812.0,77.0,177.0,77.0,1770.0,770.0,17700.0,7700.0,"Arm Holdings (ARM) Delivers Strong Growth, but Has the Valuation Run Too Far?",Insider Monkey,2026-08-24,0.45,Arm Holdings (ARM) Shifts Strategy to Sell Own Data Center Chips,Insider Monkey,2026-08-24,0.0,Arm (ARM) Stock Looks Above Fair Value Even After AI Progress,Simply Wall St.,2026-08-22,0.758,,,,,,,,,,
INTC,Intel,MegaCap,tech-semis,NASDAQ,87,-2.89%,-15.68%,-4.81%,+121.58%,+267%,461.266,2.241,,119.69,95304898,504389798,2383471898,,2.48,hold,2.52,-2.89,97.11,-2.89,971.1,-28.9,9711.0,-289.0,-15.68,84.32,-15.68,843.2,-156.8,8432.0,-1568.0,-4.81,95.19,-4.81,951.9,-48.1,9519.0,-481.0,121.58,221.58,121.58,2215.8,1215.8,22158.0,12158.0,267.0,367.0,267.0,3670.0,2670.0,36700.0,26700.0,"Micron, Seagate, Western Digital, Semtech, and Penguin Solutions Shares Are Falling, What You Need To Know",StockStory,2026-08-24,0.318,Intel (INTC) Joins City Scale Open 5G And NextG Testing Push,Simply Wall St.,2026-08-24,0.0,Nancy Pelosi Disclosure Reveals Two Fresh AI Stock Bets,GuruFocus.com,2026-08-24,0.318,,,,,,,,,,
2222.SR,Saudi Aramco,MegaCap,global-growth,TADAWUL,7.08,+0.68%,+1.52%,+1.21%,+15.61%,+11%,1712.539,0.009,15.73,9.73,8015248,43218948,181455891,514.0,,buy,2.11,0.68,100.68,0.68,1006.8,6.8,10068.0,68.0,1.52,101.52,1.52,1015.2,15.2,10152.0,152.0,1.21,101.21,1.21,1012.1,12.1,10121.0,121.0,15.61,115.61,15.61,1156.1,156.1,11561.0,1561.0,11.0,111.0,11.0,1110.0,110.0,11100.0,1100.0,Flotek Industries Targets $20B Market as Data Analytics Drives Record Growth,MarketBeat,2026-08-21,0.382,Anthropic IPO May Top SpaceX Record: Will It Raise $100 Billion?,BeInCrypto,2026-08-20,0.202,SpaceX Is Back Trading Near Its Opening-Day Price. History Says Shares Will Be Worth This Much in 1 Year.,Motley Fool,2026-08-19,0.477,,,,,,,,,,
BABA,Alibaba Group,MegaCap,global-growth,NYSE,118,-0.45%,-5.00%,+3.02%,-23.23%,-4%,283.958,0.51,26.8,12.32,23889884,108849584,258567284,88.0,1.78,strong_buy,1.32,-0.45,99.55,-0.45,995.5,-4.5,9955.0,-45.0,-5.0,95.0,-5.0,950.0,-50.0,9500.0,-500.0,3.02,103.02,3.02,1030.2,30.2,10302.0,302.0,-23.23,76.77,-23.23,767.7,-232.3,7677.0,-2323.0,-4.0,96.0,-4.0,960.0,-40.0,9600.0,-400.0,"Alibaba's new shares, US-Canada trade war weighs on steel: AlphaSpace",Yahoo Finance Video,2026-08-24,-0.402,"Semiconductor stocks drag S&P 500, Nasdaq lower: AlphaCheck",Yahoo Finance,2026-08-24,-0.477,Alibaba Stock Wavers As AI Push Drives $10 Billion Share Sale,Investor's Business Daily,2026-08-24,0.296,,,,,,,,,,
SAP,SAP SE,MegaCap,global-growth,NYSE,219,+0.07%,+5.21%,+27.86%,-6.10%,-19%,252.378,0.757,28.0,2.99,2117590,10636290,62034390,134.0,0.74,buy,1.56,0.07,100.07,0.07,1000.7,0.7,10007.0,7.0,5.21,105.21,5.21,1052.1,52.1,10521.0,521.0,27.86,127.86,27.86,1278.6,278.6,12786.0,2786.0,-6.1,93.9,-6.1,939.0,-61.0,9390.0,-610.0,-19.0,81.0,-19.0,810.0,-190.0,8100.0,-1900.0,"Salesforce Set to Report Q2 Earnings: Buy, Sell or Hold the Stock?",Zacks,2026-08-24,0.0,How SAP SE (SAP) Is Monetizing AI Through Joule and Data Cloud,Insider Monkey,2026-08-24,0.0,Rillet Raised $100M to Put AI Agents Inside the General Ledger – Not Around It,Forkast News,2026-08-22,0.0,2,buy,0.8,"Explosive +47% 1M, P/E 28, buy consensus, Q2 earnings beat with cloud backlog +26% despite AI spending concerns.",+47% 1M momentum; P/E 28; Q2 earnings beat; cloud backlog +26%,,,,,
SONY,Sony Group,MegaCap,global-growth,NYSE,24,+0.92%,+2.36%,+8.84%,-6.26%,-15%,142.013,0.759,20.56,5.39,3191360,18184660,115570760,66.0,0.17,none,,0.92,100.92,0.92,1009.2,9.2,10092.0,92.0,2.36,102.36,2.36,1023.6,23.6,10236.0,236.0,8.84,108.84,8.84,1088.4,88.4,10884.0,884.0,-6.26,93.74,-6.26,937.4,-62.6,9374.0,-626.0,-15.0,85.0,-15.0,850.0,-150.0,8500.0,-1500.0,Can Xbox's Upcoming Gaming Roster Lift MSFT's Gaming Revenues?,Zacks,2026-08-24,0.0,"Top Analyst Reports for Dell, Marvell & Verizon Communications",Zacks,2026-08-21,0.202,Can Sony (SONY) Climb 26.38% to Reach the Level Wall Street Analysts Expect?,Zacks,2026-08-21,0.026,10,buy,0.5,"Up +14% 1M, P/E 20.27, low short interest 0.17%, positive news sentiment 0.202, no analyst rating but momentum strong.",+14% 1M momentum; P/E 20.27; short % 0.17; news_s 0.202,,,,,
TM,Toyota Motor,MegaCap,global-growth,NYSE,194,-1.12%,+2.45%,+6.40%,-11.04%,-1%,229.491,0.335,8.73,0.49,329234,1725734,8365434,318.0,0.07,none,,-1.12,98.88,-1.12,988.8,-11.2,9888.0,-112.0,2.45,102.45,2.45,1024.5,24.5,10245.0,245.0,6.4,106.4,6.4,1064.0,64.0,10640.0,640.0,-11.04,88.96,-11.04,889.6,-110.4,8896.0,-1104.0,-1.0,99.0,-1.0,990.0,-10.0,9900.0,-100.0,Archion reports strong maiden Q1 results,Just Auto,2026-08-24,0.511,Ferrari Stock Is Pulling Away From the Pack. Why It Could Rally 15%.,Barrons.com,2026-08-21,0.0,"Hyundai considers Georgia Metaplant expansion to 800,000 units",Quartz,2026-08-21,0.0,8,buy,0.6,"Up +10% 1M, P/E 8.89, 3.18% dividend yield, low short interest 0.07%, value play with strong momentum.",+10% 1M momentum; P/E 8.89; 3.18% div yield; low short %,,,,,
NVO,Novo Nordisk,MegaCap,global-growth,NYSE,47,+0.23%,+4.55%,-4.33%,-5.97%,-17%,207.484,0.349,11.44,12.4,9649942,61813342,294309242,384.0,0.93,hold,2.57,0.23,100.23,0.23,1002.3,2.3,10023.0,23.0,4.55,104.55,4.55,1045.5,45.5,10455.0,455.0,-4.33,95.67,-4.33,956.7,-43.3,9567.0,-433.0,-5.97,94.03,-5.97,940.3,-59.7,9403.0,-597.0,-17.0,83.0,-17.0,830.0,-170.0,8300.0,-1700.0,Eli Lilly (LLY) Is Suing Six Companies Over an Unapproved Drug—Leaving Novo Nordisk (NVO) Clear in the GLP-1 Wars,Insider Monkey,2026-08-24,-0.67,Is the Weight-Loss Drug Market Really a Winner-Take-All Fight Between Novo Nordisk (NVO) and Eli Lilly (LLY)?,Insider Monkey,2026-08-24,-0.434,LXRX Stock Edges Higher On $10M Payout From Novo Nordisk — Retail Traders Highlight More Cash Milestones On The Horizon,Stocktwits,2026-08-24,0.34,,,,,,,,,,
HSBC,HSBC Holdings,MegaCap,global-growth,NYSE,104,-0.18%,+0.28%,+0.60%,+34.41%,+60%,356.801,0.577,14.87,1.44,1354239,5109039,25750039,360.0,,none,,-0.18,99.82,-0.18,998.2,-1.8,9982.0,-18.0,0.28,100.28,0.28,1002.8,2.8,10028.0,28.0,0.6,100.6,0.6,1006.0,6.0,10060.0,60.0,34.41,134.41,34.41,1344.1,344.1,13441.0,3441.0,60.0,160.0,60.0,1600.0,600.0,16000.0,6000.0,US Long Bonds Risk Deeper Selloff Without Clear Warsh Guidance,Bloomberg,2026-08-23,-0.508,"VIG, VYM, and VYMI: Which Vanguard Dividend ETF Is Right for You?",MarketBeat,2026-08-23,0.0,Alibaba Seeks $10 Billion From Share Sale for AI Expansion,Bloomberg,2026-08-23,0.296,,,,,,,,,,
AAPL,Apple,Tech,mega-cap,NASDAQ,310.34,+0.21%,+1.55%,-7.81%,+14.82%,+36%,4529.157,1.086,35.59,56.65,27767727,219425127,1088050027,35.0,0.97,buy,2.18,0.21,100.21,0.21,1002.1,2.1,10021.0,21.0,1.55,101.55,1.55,1015.5,15.5,10155.0,155.0,-7.81,92.19,-7.81,921.9,-78.1,9219.0,-781.0,14.82,114.82,14.82,1148.2,148.2,11482.0,1482.0,36.0,136.0,36.0,1360.0,360.0,13600.0,3600.0,"Semiconductor stocks drag S&P 500, Nasdaq lower: AlphaCheck",Yahoo Finance,2026-08-24,-0.477,How to Find the Market's Long-Term Winners,Zacks,2026-08-24,0.477,Coinbase Enters the Tokenized Stock Wars,Bankless,2026-08-24,-0.557,,,,,,,,,,
MSFT,Microsoft,Tech,mega-cap,NASDAQ,487.31,+0.77%,+1.64%,+25.48%,+3.69%,-4%,3618.543,1.099,27.18,39.9,14443414,101002914,747486314,75.0,1.1,strong_buy,1.36,0.77,100.77,0.77,1007.7,7.7,10077.0,77.0,1.64,101.64,1.64,1016.4,16.4,10164.0,164.0,25.48,125.48,25.48,1254.8,254.8,12548.0,2548.0,3.69,103.69,3.69,1036.9,36.9,10369.0,369.0,-4.0,96.0,-4.0,960.0,-40.0,9600.0,-400.0,Nvidia's Q2 earnings to test resurgent AI trade,Yahoo Finance,2026-08-23,0.0,Microsoft Rises as $678 Billion Backlog Defies Tech Selloff,GuruFocus.com,2026-08-24,0.0,Nvidia Makes Aggressive Move Ahead of Earnings,GuruFocus.com,2026-08-24,-0.153,1,strong_buy,0.95,"Azure crossed $100B in annual revenue growing 43% in Q4, commercial RPO surged 84% to $678B, and Goldman Sachs added MSFT to its Conviction List with a $640 target, supporting a strong buy with P/E 27 and positive news sentiment 0.128.",+24% 1M momentum; Azure $100B revenue milestone; Goldman Conviction List addition; $678B commercial backlog,,,,,
GOOGL,Alphabet (Google),Tech,mega-cap,NASDAQ,348.06,+0.86%,+1.18%,+6.58%,+10.59%,+65%,4256.751,1.237,17.46,32.14,22065589,100422289,556022089,26.0,1.2,strong_buy,1.36,0.86,100.86,0.86,1008.6,8.6,10086.0,86.0,1.18,101.18,1.18,1011.8,11.8,10118.0,118.0,6.58,106.58,6.58,1065.8,65.8,10658.0,658.0,10.59,110.59,10.59,1105.9,105.9,11059.0,1059.0,65.0,165.0,65.0,1650.0,650.0,16500.0,6500.0,Tesla to launch Cybercabs in Austin starting Sept. 3,Yahoo Finance Video,2026-08-24,0.0,Coinbase Enters the Tokenized Stock Wars,Bankless,2026-08-24,-0.557,Coinbase Debuts Tokenized Stocks On Base Network,CryptoProwl,2026-08-24,0.0,,,,,,,,,,
AMZN,Amazon,Tech,mega-cap,NASDAQ,262.07,+0.97%,+0.29%,+13.26%,+15.70%,+13%,2826.769,1.454,21.07,50.07,26834672,159795372,986288072,,1.0,strong_buy,1.32,0.97,100.97,0.97,1009.7,9.7,10097.0,97.0,0.29,100.29,0.29,1002.9,2.9,10029.0,29.0,13.26,113.26,13.26,1132.6,132.6,11326.0,1326.0,15.7,115.7,15.7,1157.0,157.0,11570.0,1570.0,13.0,113.0,13.0,1130.0,130.0,11300.0,1300.0,The luxury retail categories that consumers continue to spend the most on,Yahoo Finance Video,2026-08-24,0.0,Nvidia's Q2 earnings to test resurgent AI trade,Yahoo Finance,2026-08-23,0.0,Amazon Has Been Lagging the S&P 500 in 2026. This Is the Only Reason I'd Need to Buy the Stock in August Without Hesitation.,Motley Fool,2026-08-24,0.106,,,,,,,,,,
META,Meta Platforms,Tech,mega-cap,NASDAQ,559.02,+1.10%,-1.75%,-5.87%,-13.90%,-27%,1424.107,1.243,21.05,18.57,12186260,83788860,359202760,38.0,1.43,strong_buy,1.35,1.1,101.1,1.1,1011.0,11.0,10110.0,110.0,-1.75,98.25,-1.75,982.5,-17.5,9825.0,-175.0,-5.87,94.13,-5.87,941.3,-58.7,9413.0,-587.0,-13.9,86.1,-13.9,861.0,-139.0,8610.0,-1390.0,-27.0,73.0,-27.0,730.0,-270.0,7300.0,-2700.0,Tech stocks today: All eyes on Nvidia as Meta trial resumes,Yahoo Finance,2026-08-24,0.0,Nvidia's Q2 earnings to test resurgent AI trade,Yahoo Finance,2026-08-23,0.0,Coinbase Enters the Tokenized Stock Wars,Bankless,2026-08-24,-0.557,,,,,,,,,,
NVDA,NVIDIA,Tech,semiconductors,NASDAQ,208.48,-3.20%,-7.35%,+6.09%,+10.53%,+19%,5049.593,2.215,31.93,140.18,133148851,524076951,2464450751,47.0,1.26,strong_buy,1.29,-3.2,96.8,-3.2,968.0,-32.0,9680.0,-320.0,-7.35,92.65,-7.35,926.5,-73.5,9265.0,-735.0,6.09,106.09,6.09,1060.9,60.9,10609.0,609.0,10.53,110.53,10.53,1105.3,105.3,11053.0,1053.0,19.0,119.0,19.0,1190.0,190.0,11900.0,1900.0,Tesla to launch Cybercabs in Austin starting Sept. 3,Yahoo Finance Video,2026-08-24,0.0,Tech stocks today: All eyes on Nvidia as Meta trial resumes,Yahoo Finance,2026-08-24,0.0,"Nvidia, software giants' earnings: What to watch the week of August 24th",Yahoo Finance Video,2026-08-24,0.0,,,,,,,,,,
AMD,Advanced Micro Devices,Tech,semiconductors,NASDAQ,456.74,-3.30%,-9.73%,-7.72%,+104.39%,+190%,745.624,2.489,116.22,28.74,14244025,86663425,545162425,,2.32,strong_buy,1.47,-3.3,96.7,-3.3,967.0,-33.0,9670.0,-330.0,-9.73,90.27,-9.73,902.7,-97.3,9027.0,-973.0,-7.72,92.28,-7.72,922.8,-77.2,9228.0,-772.0,104.39,204.39,104.39,2043.9,1043.9,20439.0,10439.0,190.0,290.0,190.0,2900.0,1900.0,29000.0,19000.0,How investors should approach Nvidia’s earnings,Yahoo Finance Video,2026-08-24,0.0,"Micron, Seagate, Western Digital, Semtech, and Penguin Solutions Shares Are Falling, What You Need To Know",StockStory,2026-08-24,0.318,AMD Sinks 2.9% Before Nvidia's Critical Earnings Test,GuruFocus.com,2026-08-24,-0.318,,,,,,,,,,
INTC,Intel,Tech,semiconductors,NASDAQ,87.26,-2.89%,-15.68%,-4.81%,+121.58%,+267%,461.265,2.241,,119.69,95304898,504389798,2383471898,,2.48,hold,2.52,-2.89,97.11,-2.89,971.1,-28.9,9711.0,-289.0,-15.68,84.32,-15.68,843.2,-156.8,8432.0,-1568.0,-4.81,95.19,-4.81,951.9,-48.1,9519.0,-481.0,121.58,221.58,121.58,2215.8,1215.8,22158.0,12158.0,267.0,367.0,267.0,3670.0,2670.0,36700.0,26700.0,"Micron, Seagate, Western Digital, Semtech, and Penguin Solutions Shares Are Falling, What You Need To Know",StockStory,2026-08-24,0.318,Intel (INTC) Joins City Scale Open 5G And NextG Testing Push,Simply Wall St.,2026-08-24,0.0,Nancy Pelosi Disclosure Reveals Two Fresh AI Stock Bets,GuruFocus.com,2026-08-24,0.318,,,,,,,,,,
TSM,Taiwan Semiconductor,Tech,semiconductors,NYSE,410.12,-2.25%,-4.84%,+2.76%,+28.98%,+78%,2127.077,1.258,30.58,13.61,10432971,52272471,253808471,104.0,0.69,strong_buy,1.42,-2.25,97.75,-2.25,977.5,-22.5,9775.0,-225.0,-4.84,95.16,-4.84,951.6,-48.4,9516.0,-484.0,2.76,102.76,2.76,1027.6,27.6,10276.0,276.0,28.98,128.98,28.98,1289.8,289.8,12898.0,2898.0,78.0,178.0,78.0,1780.0,780.0,17800.0,7800.0,"Micron, Seagate, Western Digital, Semtech, and Penguin Solutions Shares Are Falling, What You Need To Know",StockStory,2026-08-24,0.318,TSMC Slides 2.3% as AI-Chip Confidence Suddenly Cracks,GuruFocus.com,2026-08-24,0.511,Xiaomi Takes Another Page From Apple,GuruFocus.com,2026-08-24,0.0,,,,,,,,,,
AVGO,Broadcom,Tech,semiconductors,NASDAQ,358.76,-2.77%,-8.58%,-6.38%,+3.58%,+25%,1706.829,1.473,59.69,26.33,18211513,114911213,416845113,71.0,1.31,strong_buy,1.33,-2.77,97.23,-2.77,972.3,-27.7,9723.0,-277.0,-8.58,91.42,-8.58,914.2,-85.8,9142.0,-858.0,-6.38,93.62,-6.38,936.2,-63.8,9362.0,-638.0,3.58,103.58,3.58,1035.8,35.8,10358.0,358.0,25.0,125.0,25.0,1250.0,250.0,12500.0,2500.0,Steve Cohen makes dramatic switch between 2 top AI giants,TheStreet,2026-08-24,0.202,"S&P 500, Nasdaq end down on tech stocks, investors weigh Iran moves",Reuters,2026-08-24,0.0,TSMC Slides 2.3% as AI-Chip Confidence Suddenly Cracks,GuruFocus.com,2026-08-24,0.511,,,,,,,,,,
QCOM,Qualcomm,Tech,semiconductors,NASDAQ,158.53,-1.44%,-2.25%,-6.77%,-7.42%,+3%,166.494,1.663,18.14,16.55,8771927,44968227,233535927,229.0,3.69,hold,2.57,-1.44,98.56,-1.44,985.6,-14.4,9856.0,-144.0,-2.25,97.75,-2.25,977.5,-22.5,9775.0,-225.0,-6.77,93.23,-6.77,932.3,-67.7,9323.0,-677.0,-7.42,92.58,-7.42,925.8,-74.2,9258.0,-742.0,3.0,103.0,3.0,1030.0,30.0,10300.0,300.0,NVIDIA Stock Can Fall By A Third Or Rise By Half And Still Be Normal,Trefis,2026-08-24,0.0,The AI Opportunity Qualcomm Investors May Be Underestimating,24/7 Wall St.,2026-08-24,0.421,Nvidia’s Trillion-Dollar Chip Market Has Friends and Foes Closing In,Bloomberg,2026-08-24,0.026,,,,,,,,,,
ARM,Arm Holdings,Tech,semiconductors,NASDAQ,238.78,-1.83%,-12.03%,-10.34%,+108.12%,+77%,255.016,3.909,246.16,8.26,3204477,20404877,109688077,,11.61,buy,1.95,-1.83,98.17,-1.83,981.7,-18.3,9817.0,-183.0,-12.03,87.97,-12.03,879.7,-120.3,8797.0,-1203.0,-10.34,89.66,-10.34,896.6,-103.4,8966.0,-1034.0,108.12,208.12,108.12,2081.2,1081.2,20812.0,10812.0,77.0,177.0,77.0,1770.0,770.0,17700.0,7700.0,"Arm Holdings (ARM) Delivers Strong Growth, but Has the Valuation Run Too Far?",Insider Monkey,2026-08-24,0.45,Arm Holdings (ARM) Shifts Strategy to Sell Own Data Center Chips,Insider Monkey,2026-08-24,0.0,Arm (ARM) Stock Looks Above Fair Value Even After AI Progress,Simply Wall St.,2026-08-22,0.758,,,,,,,,,,
ASML,ASML Holding,Tech,semiconductors,NASDAQ,1740.13,-1.32%,-7.59%,+5.26%,+50.24%,+134%,668.383,1.365,58.73,1.88,999911,5770611,32167211,51.0,0.28,strong_buy,1.41,-1.32,98.68,-1.32,986.8,-13.2,9868.0,-132.0,-7.59,92.41,-7.59,924.1,-75.9,9241.0,-759.0,5.26,105.26,5.26,1052.6,52.6,10526.0,526.0,50.24,150.24,50.24,1502.4,502.4,15024.0,5024.0,134.0,234.0,134.0,2340.0,1340.0,23400.0,13400.0,Where Canon Can Actually Disrupt ASML,24/7 Wall St.,2026-08-24,0.0,European Indexes Turn Positive as Tech Stocks Steady,The Wall Street Journal,2026-08-24,0.557,TSMC vs. ASML: Which Semi Monopoly Has the Wider Moat?,24/7 Wall St.,2026-08-22,0.0,,,,,,,,,,
MU,Micron Technology,Tech,semiconductors,NASDAQ,910.43,-5.53%,-10.01%,+1.14%,+188.81%,+730%,1028.233,2.213,20.56,48.35,28483999,139645699,812972799,5.0,2.65,strong_buy,1.36,-5.53,94.47,-5.53,944.7,-55.3,9447.0,-553.0,-10.01,89.99,-10.01,899.9,-100.1,8999.0,-1001.0,1.14,101.14,1.14,1011.4,11.4,10114.0,114.0,188.81,288.81,188.81,2888.1,1888.1,28881.0,18881.0,730.0,830.0,730.0,8300.0,7300.0,83000.0,73000.0,"Stock market today: S&P 500, Nasdaq fall as chip stocks sink, US unveils new Iran sanctions",Yahoo Finance,2026-08-24,0.0,"Semiconductor stocks drag S&P 500, Nasdaq lower: AlphaCheck",Yahoo Finance,2026-08-24,-0.477,Stock Market Today: Dow Up As Trump Says This On Canada; Nvidia Shares Skid Despite AI Move (Live Coverage),Investor's Business Daily,2026-08-24,0.296,,,,,,,,,,
AMAT,Applied Materials,Tech,semiconductors,NASDAQ,484.19,-1.59%,-9.45%,-6.23%,+80.73%,+204%,384.427,1.618,41.85,9.63,8388496,35702896,168595096,43.0,1.8,strong_buy,1.46,-1.59,98.41,-1.59,984.1,-15.9,9841.0,-159.0,-9.45,90.55,-9.45,905.5,-94.5,9055.0,-945.0,-6.23,93.77,-6.23,937.7,-62.3,9377.0,-623.0,80.73,180.73,80.73,1807.3,807.3,18073.0,8073.0,204.0,304.0,204.0,3040.0,2040.0,30400.0,20400.0,Applied Materials (AMAT) Is Positioned to Capture More of the AI Chip Manufacturing Boom,Insider Monkey,2026-08-24,0.0,This Company Just Paid Out $6.8 Billion. Its AI Bill Was 4x That,24/7 Wall St.,2026-08-23,0.0,MarketBeat Week in Review – 08/17 - 08/21,MarketBeat,2026-08-22,0.0,,,,,,,,,,
ORCL,Oracle,Tech,enterprise-software,NYSE,142.45,-2.96%,-2.86%,+18.81%,-26.51%,-38%,410.323,1.718,24.43,32.58,13533184,93990584,595222984,137.0,2.92,buy,1.59,-2.96,97.04,-2.96,970.4,-29.6,9704.0,-296.0,-2.86,97.14,-2.86,971.4,-28.6,9714.0,-286.0,18.81,118.81,18.81,1188.1,188.1,11881.0,1881.0,-26.51,73.49,-26.51,734.9,-265.1,7349.0,-2651.0,-38.0,62.0,-38.0,620.0,-380.0,6200.0,-3800.0,Nvidia earnings may come down to guidance and Jensen Huang's confidence,Yahoo Finance Video,2026-08-24,0.511,Steve Cohen makes dramatic switch between 2 top AI giants,TheStreet,2026-08-24,0.202,Nvidia Makes Aggressive Move Ahead of Earnings,GuruFocus.com,2026-08-24,-0.153,10,buy,0.5,"Healthy +16.4% 1M momentum, P/E 25 with a 1.37% dividend yield, positive news sentiment 0.114, and buy consensus at 1.59, though -38% 1-year return remains a risk.",+16.4% 1M momentum; Dividend yield (1.37%); Buy consensus (1.59); Positive news sentiment (0.114),,,,,
CRM,Salesforce,Tech,enterprise-software,NYSE,209.06,-0.05%,+9.47%,+20.43%,-17.15%,-16%,171.22,1.152,24.2,14.96,8385065,61476665,264305865,84.0,4.15,buy,1.72,-0.05,99.95,-0.05,999.5,-0.5,9995.0,-5.0,9.47,109.47,9.47,1094.7,94.7,10947.0,947.0,20.43,120.43,20.43,1204.3,204.3,12043.0,2043.0,-17.15,82.85,-17.15,828.5,-171.5,8285.0,-1715.0,-16.0,84.0,-16.0,840.0,-160.0,8400.0,-1600.0,"Nvidia, software giants' earnings: What to watch the week of August 24th",Yahoo Finance Video,2026-08-24,0.0,"Update: Nasdaq, S&P 500 Fall as New Sanctions Plan Targets Iran's Trading Partners",MT Newswires,2026-08-24,0.0,Nvidia-Backed Hugging Face Could Fetch $13 Billion in a Sale,GuruFocus.com,2026-08-24,0.421,6,buy,0.7,"Strong +28.3% 1M recovery, P/E 24.2 is reasonable, positive 1W momentum +6.6%, and buy consensus at 1.72 despite slightly negative news sentiment.",+28.3% 1M momentum; Reasonable P/E (24.2); +6.6% 1W momentum; Buy consensus (1.72),,,,,
ADBE,Adobe,Tech,enterprise-software,NASDAQ,276.27,+0.40%,+8.75%,+16.20%,-17.11%,-24%,109.817,1.397,15.8,6.4,3290408,20580808,103665008,,5.45,hold,2.73,0.4,100.4,0.4,1004.0,4.0,10040.0,40.0,8.75,108.75,8.75,1087.5,87.5,10875.0,875.0,16.2,116.2,16.2,1162.0,162.0,11620.0,1620.0,-17.11,82.89,-17.11,828.9,-171.1,8289.0,-1711.0,-24.0,76.0,-24.0,760.0,-240.0,7600.0,-2400.0,"Adobe Rises 16% in a Month: Should You Buy, Sell or Hold the Stock?",Zacks,2026-08-24,0.0,Adobe (ADBE) Stock May Be Below Fair Value After Record Revenue,Simply Wall St.,2026-08-24,0.572,2 Nasdaq 100 Stocks to Research Further and 1 Facing Challenges,StockStory,2026-08-24,0.077,7,buy,0.65,"Cheap P/E 15.8 with +26% 1M momentum, +4.3% 1W gain, and a compelling value narrative despite hold consensus at 2.73 which could shift on earnings.",+26% 1M momentum; Low P/E (15.8); Value opportunity; +4.3% 1W momentum,,,,,
NOW,ServiceNow,Tech,enterprise-software,NYSE,128.05,+0.20%,+8.79%,+21.31%,-13.16%,-27%,132.385,0.93,79.53,25.5,7698534,76952134,438090234,,3.56,strong_buy,1.43,0.2,100.2,0.2,1002.0,2.0,10020.0,20.0,8.79,108.79,8.79,1087.9,87.9,10879.0,879.0,21.31,121.31,21.31,1213.1,213.1,12131.0,2131.0,-13.16,86.84,-13.16,868.4,-131.6,8684.0,-1316.0,-27.0,73.0,-27.0,730.0,-270.0,7300.0,-2700.0,Can NOW's Tech Mahindra Deal Boost Its AI Edge Over CRM & MSFT?,Zacks,2026-08-24,0.402,ServiceNow (NOW) Expands Multiyear AI Partnership For Enterprise Deployments,Simply Wall St.,2026-08-24,0.103,"Salesforce Set to Report Q2 Earnings: Buy, Sell or Hold the Stock?",Zacks,2026-08-24,0.0,3,strong_buy,0.85,"Massive +34.6% 1M momentum, strong_buy consensus with an_score 1.43, highest news sentiment in the universe at 0.363, and P/E 79.8 reflecting high-growth expectations.",+34.6% 1M momentum; strong_buy consensus (1.43); Highest news sentiment (0.363); P/E 79.8 growth premium,,,,,
SNOW,Snowflake,Tech,enterprise-software,NYSE,322.78,-3.26%,-2.22%,+18.27%,+48.95%,+71%,111.876,1.315,,7.12,3634495,18123295,102827895,,5.6,buy,1.51,-3.26,96.74,-3.26,967.4,-32.6,9674.0,-326.0,-2.22,97.78,-2.22,977.8,-22.2,9778.0,-222.0,18.27,118.27,18.27,1182.7,182.7,11827.0,1827.0,48.95,148.95,48.95,1489.5,489.5,14895.0,4895.0,71.0,171.0,71.0,1710.0,710.0,17100.0,7100.0,Snowflake (SNOW) AI Push Puts Its Pricey Narrative Back In Focus,Simply Wall St.,2026-08-24,0.0,Snowflake Stock Is Priced For Growth That Arrives At A Lower Gross Margin,Trefis,2026-08-24,-0.402,Brad Gerstner and Cathie Wood Like Snowflake (SNOW) and Robinhood (HOOD),Insider Monkey,2026-08-24,0.361,4,buy,0.8,"AI growth story intact with +24.3% 1M momentum, +71% 1-year return, positive news sentiment 0.273, and buy consensus at an_score 1.51 despite no P/E due to negative earnings.",+24.3% 1M momentum; +71% 1-year return; Positive news sentiment (0.273); Buy consensus (1.51),,,,,
INTU,Intuit,Tech,enterprise-software,NASDAQ,369.92,+0.66%,+10.23%,+21.72%,-40.68%,-44%,101.187,0.959,22.56,4.99,2877283,17527183,77515983,131.0,5.09,buy,1.86,0.66,100.66,0.66,1006.6,6.6,10066.0,66.0,10.23,110.23,10.23,1102.3,102.3,11023.0,1023.0,21.72,121.72,21.72,1217.2,217.2,12172.0,2172.0,-40.68,59.32,-40.68,593.2,-406.8,5932.0,-4068.0,-44.0,56.0,-44.0,560.0,-440.0,5600.0,-4400.0,"Nvidia, software giants' earnings: What to watch the week of August 24th",Yahoo Finance Video,2026-08-24,0.0,"Update: Nasdaq, S&P 500 Fall as New Sanctions Plan Targets Iran's Trading Partners",MT Newswires,2026-08-24,0.0,Update: Equities Mixed Intraday as US Discloses Anti-Iran Global Sanctions Plan,MT Newswires,2026-08-24,0.0,5,buy,0.75,"Sharp +29% 1M recovery after -44% 1-year decline, attractive P/E 22.4, buy consensus at 1.86, and upcoming earnings catalyst with dividend yield 1.31%.",+29% 1M momentum; Low P/E (22.4); Dividend yield (1.31%); Upcoming earnings catalyst,,,,,
CRWD,CrowdStrike,Tech,cybersecurity,NASDAQ,190.68,-0.53%,-10.86%,+5.87%,+68.16%,+83%,194.162,1.234,,10.67,6576938,41294938,159550538,,2.55,buy,1.7,-0.53,99.47,-0.53,994.7,-5.3,9947.0,-53.0,-10.86,89.14,-10.86,891.4,-108.6,8914.0,-1086.0,5.87,105.87,5.87,1058.7,58.7,10587.0,587.0,68.16,168.16,68.16,1681.6,681.6,16816.0,6816.0,83.0,183.0,83.0,1830.0,830.0,18300.0,8300.0,"Nvidia, software giants' earnings: What to watch the week of August 24th",Yahoo Finance Video,2026-08-24,0.0,How to Find the Market's Long-Term Winners,Zacks,2026-08-24,0.477,"Update: Nasdaq, S&P 500 Fall as New Sanctions Plan Targets Iran's Trading Partners",MT Newswires,2026-08-24,0.0,,,,,,,,,,
PANW,Palo Alto Networks,Tech,cybersecurity,NASDAQ,350.9,-2.09%,-6.62%,+10.58%,+95.63%,+94%,285.984,0.893,305.13,7.32,4549426,24653826,117600526,,2.59,buy,1.64,-2.09,97.91,-2.09,979.1,-20.9,9791.0,-209.0,-6.62,93.38,-6.62,933.8,-66.2,9338.0,-662.0,10.58,110.58,10.58,1105.8,105.8,11058.0,1058.0,95.63,195.63,95.63,1956.3,956.3,19563.0,9563.0,94.0,194.0,94.0,1940.0,940.0,19400.0,9400.0,"Cisco Grows Into Its Multiple, And The Market Has To Do The Rest",Trefis,2026-08-24,0.0,Palo Alto Networks Could Be Worth Over $433 - 21% More  - as Analysts Hike Their Revenue Forecasts,Barchart,2026-08-24,0.226,CrowdStrike May Have A Big Surprise In Store For Investors On August 26th,24/7 Wall St.,2026-08-24,0.273,,,,,,,,,,
NET,Cloudflare,Tech,cybersecurity,NYSE,280.35,-4.89%,-8.68%,+5.55%,+43.02%,+50%,99.827,1.66,,3.75,2509375,13931975,84855775,,2.88,buy,1.88,-4.89,95.11,-4.89,951.1,-48.9,9511.0,-489.0,-8.68,91.32,-8.68,913.2,-86.8,9132.0,-868.0,5.55,105.55,5.55,1055.5,55.5,10555.0,555.0,43.02,143.02,43.02,1430.2,430.2,14302.0,4302.0,50.0,150.0,50.0,1500.0,500.0,15000.0,5000.0,"Nebius Group Falls 4% as $5B Convertible Settles, Datadog Drops 3%, Cloudflare Slips",24/7 Wall St.,2026-08-24,0.0,2 Software Stocks Worth Your Attention and 1 That Underwhelm,StockStory,2026-08-21,0.226,"MongoDB, Cloudflare, Okta, Zscaler, and Upstart Stocks Trade Down, What You Need To Know",StockStory,2026-08-20,0.0,,,,,,,,,,
FTNT,Fortinet,Tech,cybersecurity,NASDAQ,151.99,-1.09%,-2.48%,-0.26%,+95.16%,+98%,111.517,1.058,53.9,5.86,3122669,20201969,111946769,,2.37,none,,-1.09,98.91,-1.09,989.1,-10.9,9891.0,-109.0,-2.48,97.52,-2.48,975.2,-24.8,9752.0,-248.0,-0.26,99.74,-0.26,997.4,-2.6,9974.0,-26.0,95.16,195.16,95.16,1951.6,951.6,19516.0,9516.0,98.0,198.0,98.0,1980.0,980.0,19800.0,9800.0,"Cisco Grows Into Its Multiple, And The Market Has To Do The Rest",Trefis,2026-08-24,0.0,"AI Is Now Attacking at Machine Speed, and This CEO Says That Changes the Case for Cybersecurity Stocks",24/7 Wall St.,2026-08-21,-0.459,"CrowdStrike Stock Is Down, But The Business Is Looking Up. What Gives?",Trefis,2026-08-20,0.0,,,,,,,,,,
NFLX,Netflix,Tech,consumer-platform,NASDAQ,80.01,+0.44%,+5.25%,+13.65%,-12.07%,-35%,333.157,1.514,25.16,42.94,20767266,139118366,693227166,,2.23,buy,1.76,0.44,100.44,0.44,1004.4,4.4,10044.0,44.0,5.25,105.25,5.25,1052.5,52.5,10525.0,525.0,13.65,113.65,13.65,1136.5,136.5,11365.0,1365.0,-12.07,87.93,-12.07,879.3,-120.7,8793.0,-1207.0,-35.0,65.0,-35.0,650.0,-350.0,6500.0,-3500.0,Netflix May Be Ready to Do Something It Long Resisted,GuruFocus.com,2026-08-24,0.361,YouTube Could Spark a Creator Bidding War That Hurts Netflix Stock,Barrons.com,2026-08-24,-0.727,Is Netflix (NFLX) Trading At A Discount Despite Strong Cash Flow?,Simply Wall St.,2026-08-24,-0.402,9,buy,0.55,"Solid +16% 1M recovery, P/E 25 is reasonable, positive news sentiment 0.224 with Ackman investment interest, though -35% 1-year decline lingers.",+16% 1M momentum; Reasonable P/E (25); Positive news sentiment (0.224); Ackman investment catalyst,,,,,
SHOP,Shopify,Tech,consumer-platform,NYSE,149.8,+0.53%,+0.77%,+18.06%,-4.71%,+6%,192.74,2.59,101.22,9.37,5435526,29604626,231478926,,1.67,buy,1.7,0.53,100.53,0.53,1005.3,5.3,10053.0,53.0,0.77,100.77,0.77,1007.7,7.7,10077.0,77.0,18.06,118.06,18.06,1180.6,180.6,11806.0,1806.0,-4.71,95.29,-4.71,952.9,-47.1,9529.0,-471.0,6.0,106.0,6.0,1060.0,60.0,10600.0,600.0,"Shopify (SHOP) Draws Fresh Growth Focus, Is The Valuation Already Pricey?",Simply Wall St.,2026-08-24,0.599,2 Nasdaq 100 Stocks to Research Further and 1 Facing Challenges,StockStory,2026-08-24,0.077,"The Zacks Analyst Blog Highlights AppLovin's, Unity and  The Trade Desk",Zacks,2026-08-24,0.0,8,buy,0.6,"Powerful +26% 1M momentum, highest news sentiment among consumer stocks at 0.319, buy consensus at 1.70, but high P/E 101 and elevated beta 2.6 warrant caution.",+26% 1M momentum; High news sentiment (0.319); Buy consensus (1.70); Elevated beta (2.6),,,,,
SPOT,Spotify,Tech,consumer-platform,NYSE,537.84,+0.79%,+9.21%,+8.72%,-6.46%,-23%,110.59,1.581,28.96,1.9,1340036,10037336,44367236,,4.09,buy,1.56,0.79,100.79,0.79,1007.9,7.9,10079.0,79.0,9.21,109.21,9.21,1092.1,92.1,10921.0,921.0,8.72,108.72,8.72,1087.2,87.2,10872.0,872.0,-6.46,93.54,-6.46,935.4,-64.6,9354.0,-646.0,-23.0,77.0,-23.0,770.0,-230.0,7700.0,-2300.0,Could Netflix Stock Double From Here? The Numbers Are Getting Interesting.,24/7 Wall St.,2026-08-21,0.402,"Top Stock Reports for Salesforce, Seagate Technology & AT&T",Zacks,2026-08-20,0.202,SPOT Gains 12.5% in a Month as Growth Strength Meets Valuation Risk,Zacks,2026-08-20,0.727,,,,,,,,,,
UBER,Uber,Tech,consumer-platform,NYSE,79.29,+0.56%,+5.73%,+16.30%,-4.31%,-17%,161.955,1.154,17.39,20.67,11235963,76476463,415796463,,2.41,buy,1.52,0.56,100.56,0.56,1005.6,5.6,10056.0,56.0,5.73,105.73,5.73,1057.3,57.3,10573.0,573.0,16.3,116.3,16.3,1163.0,163.0,11630.0,1630.0,-4.31,95.69,-4.31,956.9,-43.1,9569.0,-431.0,-17.0,83.0,-17.0,830.0,-170.0,8300.0,-1700.0,Tesla Cybercab to launch Sept. 3 as robotaxi bet ramps up,Yahoo Finance,2026-08-24,0.0,Uber's Robotaxi Push Gains Pace in Dubai: Baidu's Vehicles Debut,Zacks,2026-08-24,0.34,Dutch regulator fines Uber €824.99m over automated driver dismissals,Just Auto,2026-08-24,0.0,,,,,,,,,,
CSCO,Cisco Systems,Tech,hardware-infra,NASDAQ,110.23,-0.87%,-2.36%,-3.79%,+46.29%,+65%,434.464,1.002,33.1,23.97,11279464,80390864,471816464,151.0,1.68,buy,1.85,-0.87,99.13,-0.87,991.3,-8.7,9913.0,-87.0,-2.36,97.64,-2.36,976.4,-23.6,9764.0,-236.0,-3.79,96.21,-3.79,962.1,-37.9,9621.0,-379.0,46.29,146.29,46.29,1462.9,462.9,14629.0,4629.0,65.0,165.0,65.0,1650.0,650.0,16500.0,6500.0,"Cisco Grows Into Its Multiple, And The Market Has To Do The Rest",Trefis,2026-08-24,0.0,Arista Networks Is Buying Further Ahead Than It Can See,Trefis,2026-08-24,0.0,Cisco Systems (CSCO) & Arista Networks (ANET): Cisco Just Beat Every Estimate. Why Did the Stock Still Drop 8%?,Insider Monkey,2026-08-24,-0.273,,,,,,,,,,
PLTR,Palantir Technologies,Tech,hardware-infra,NASDAQ,175.89,-2.23%,+1.94%,+33.73%,+4.78%,+14%,422.674,1.563,150.33,43.44,27597107,159816807,980335107,,3.17,buy,1.81,-2.23,97.77,-2.23,977.7,-22.3,9777.0,-223.0,1.94,101.94,1.94,1019.4,19.4,10194.0,194.0,33.73,133.73,33.73,1337.3,337.3,13373.0,3373.0,4.78,104.78,4.78,1047.8,47.8,10478.0,478.0,14.0,114.0,14.0,1140.0,140.0,11400.0,1400.0,How to Find the Market's Long-Term Winners,Zacks,2026-08-24,0.477,EXCLUSIVE: How AI's $220 Billion Bond Boom Competes With the Treasury,Benzinga Prediction Markets,2026-08-24,0.465,PLTR vs. PATH: Which AI-Driven Software Stock is the Better Buy?,Zacks,2026-08-24,0.44,2,strong_buy,0.9,"Q2 revenue surged 93% YoY to $1.94B beating estimates, US commercial revenue jumped 149%, and FY2026 guidance raised to $8.15B+, driving +44% 1M momentum with positive news sentiment 0.149.",+44% 1M momentum; Q2 revenue beat (+93% YoY); US commercial revenue +149%; Raised FY2026 guidance,,,,,
