ticker,company_name,sector,category,exchange,price_usd,change_1d,change_1w,change_1m,change_ytd,return_1yr,market_cap_usd_b,beta,pe_ratio,avg_volume_m,vol_1d,vol_1w,vol_1m,div_yield_pct,short_pct,analyst,analyst_score,pct_1d,val_100_1d,profit_100_1d,val_1000_1d,profit_1000_1d,val_10000_1d,profit_10000_1d,pct_1w,val_100_1w,profit_100_1w,val_1000_1w,profit_1000_1w,val_10000_1w,profit_10000_1w,pct_1m,val_100_1m,profit_100_1m,val_1000_1m,profit_1000_1m,val_10000_1m,profit_10000_1m,pct_ytd,val_100_ytd,profit_100_ytd,val_1000_ytd,profit_1000_ytd,val_10000_ytd,profit_10000_ytd,pct_1y,val_100_1y,profit_100_1y,val_1000_1y,profit_1000_1y,val_10000_1y,profit_10000_1y,news1_title,news1_publisher,news1_date,news1_sentiment,news2_title,news2_publisher,news2_date,news2_sentiment,news3_title,news3_publisher,news3_date,news3_sentiment,signal_rank,signal,signal_confidence,signal_rationale,signal_drivers,portfolio_held,portfolio_quantity,portfolio_avg_price,portfolio_ppl,portfolio_total_value
SNDK,SanDisk Corporation,AI,memory,NASDAQ,1816.57,-4.33%,+19.51%,+21.66%,+559.99%,+1790%,265.98,,24.62,13.85,7672720,57311420,238397420,,6.43,buy,1.52,-4.33,95.67,-4.33,956.7,-43.3,9567.0,-433.0,19.51,119.51,19.51,1195.1,195.1,11951.0,1951.0,21.66,121.66,21.66,1216.6,216.6,12166.0,2166.0,559.99,659.99,559.99,6599.9,5599.9,65999.0,55999.0,1790.0,1890.0,1790.0,18900.0,17900.0,189000.0,179000.0,"Stock Market Today: Small Caps, Gold Miners Spanked Amid Sell-Off; Meta Makes A Bullish Move",Investor's Business Daily,2026-09-23,0.0,Chip Stocks Drop After Six-Day Climb For SOX Index,Investor's Business Daily,2026-09-23,-0.273,Is SanDisk Stock Amplifying A Risk You Already Own?,Trefis,2026-09-23,-0.273,1,strong_buy,1.0,"Up 585.6% YTD with 26.38% 1M momentum, P/E of 24, and a new Rosenblatt Buy initiation with $2,400 PT citing AI-driven NAND demand shift from commodity to critical infrastructure [cnbc.com].","+585.6% YTD; +26.38% 1M; P/E 23.9; Rosenblatt Buy initiation $2,400 PT",,,,,
WDC,Western Digital,AI,memory,NASDAQ,473.69,+1.94%,+13.60%,+8.83%,+152.63%,+324%,170.784,2.182,17.61,7.85,5011141,41728941,140903541,13.0,6.19,none,,1.94,101.94,1.94,1019.4,19.4,10194.0,194.0,13.6,113.6,13.6,1136.0,136.0,11360.0,1360.0,8.83,108.83,8.83,1088.3,88.3,10883.0,883.0,152.63,252.63,152.63,2526.3,1526.3,25263.0,15263.0,324.0,424.0,324.0,4240.0,3240.0,42400.0,32400.0,"Own ON Semiconductor For AI Power, Or Own Micron's Contracts?",Trefis,2026-09-23,0.0,Micron (MU) vs Western Digital (WDC): Which is a Better Stock to Buy,Insider Monkey,2026-09-23,0.44,Is SanDisk Stock Amplifying A Risk You Already Own?,Trefis,2026-09-23,-0.273,,,,,,,,,,
285A,Kioxia Holdings,AI,memory,TSE,344.81,+9.80%,+1.00%,-4.51%,+380.79%,+1002%,183.615,,54.05,40.79,34475500,144432300,788051600,,,buy,1.56,9.8,109.8,9.8,1098.0,98.0,10980.0,980.0,1.0,101.0,1.0,1010.0,10.0,10100.0,100.0,-4.51,95.49,-4.51,954.9,-45.1,9549.0,-451.0,380.79,480.79,380.79,4807.9,3807.9,48079.0,38079.0,1002.0,1102.0,1002.0,11020.0,10020.0,110200.0,100200.0,3 Japanese Quality Stocks With ROE Over 25%,Simply Wall St.,2026-09-23,0.0,"Watch Out SKHY, MU, SNDK: Japan’s Kioxia Reportedly Eyes $10B US Listing To Ride AI Memory Boom",Stocktwits,2026-09-15,0.0,"European Stocks Mixed, Chip Stocks Slide",The Wall Street Journal,2026-09-14,0.0,,,,,,,,,,
MU,Micron Technology,AI,memory,NASDAQ,1071.88,-2.35%,+15.69%,+17.73%,+240.02%,+578%,1210.574,2.222,24.21,38.19,21405071,136664271,553665171,5.0,2.64,strong_buy,1.35,-2.35,97.65,-2.35,976.5,-23.5,9765.0,-235.0,15.69,115.69,15.69,1156.9,156.9,11569.0,1569.0,17.73,117.73,17.73,1177.3,177.3,11773.0,1773.0,240.02,340.02,240.02,3400.2,2400.2,34002.0,24002.0,578.0,678.0,578.0,6780.0,5780.0,67800.0,57800.0,"AI magic sends markets higher, plus one-on-one with IBM vice chair",Yahoo Finance Video,2026-09-23,0.0,Earnings Outlook Remains Upbeat: A Closer Look,Zacks,2026-09-23,0.0,"Top Research Reports for Micron, Costco & Interactive Brokers",Zacks,2026-09-23,0.202,4,strong_buy,0.677,"Up 247.7% YTD, +20.4% 1M, P/E 23.6, strong_buy consensus, and positive read-through from Rosenblatt's bullish SNDK initiation and AI memory demand surge [247wallst.com].",+247.7% YTD; +20.4% 1M; strong_buy consensus; P/E 23.6,,,,,
STX,Seagate Technology,AI,memory,NASDAQ,923.86,+0.41%,+19.70%,+16.26%,+222.09%,+311%,210.079,2.087,66.51,4.69,3216535,23075035,76704535,32.0,4.27,none,,0.41,100.41,0.41,1004.1,4.1,10041.0,41.0,19.7,119.7,19.7,1197.0,197.0,11970.0,1970.0,16.26,116.26,16.26,1162.6,162.6,11626.0,1626.0,222.09,322.09,222.09,3220.9,2220.9,32209.0,22209.0,311.0,411.0,311.0,4110.0,3110.0,41100.0,31100.0,Is SanDisk Stock Amplifying A Risk You Already Own?,Trefis,2026-09-23,-0.273,The Clock Is Ticking on These 4 Dividend Stocks and Deadlines Are Just Days Away,24/7 Wall St.,2026-09-23,0.0,Billionaire Chase Coleman’s Top 2 New AI Stock Picks,Insider Monkey,2026-09-23,0.202,,,,,,,,,,
MRVL,Marvell Technology,AI,memory,NASDAQ,260.9,-0.95%,+13.58%,+13.79%,+192.30%,+228%,234.472,2.253,86.39,24.81,13589340,99587640,474165440,9.0,5.09,strong_buy,1.0,-0.95,99.05,-0.95,990.5,-9.5,9905.0,-95.0,13.58,113.58,13.58,1135.8,135.8,11358.0,1358.0,13.79,113.79,13.79,1137.9,137.9,11379.0,1379.0,192.3,292.3,192.3,2923.0,1923.0,29230.0,19230.0,228.0,328.0,228.0,3280.0,2280.0,32800.0,22800.0,Marvell and 2 More Stocks to Play the AI Data-Center Boom,Barrons.com,2026-09-23,0.395,Wall Street Picks 3 Chip Stock Winners for the AI Boom,GuruFocus.com,2026-09-23,0.477,"AMD Is Up 187% This Year: Take Profits, or Buy More?",24/7 Wall St.,2026-09-23,-0.296,,,,,,,,,,
P,Everpure,AI,memory,NYSE,109.65,-0.42%,+13.08%,+9.17%,+58.89%,+31%,36.539,1.434,150.21,4.16,3737368,90553868,141934068,,3.22,buy,1.55,-0.42,99.58,-0.42,995.8,-4.2,9958.0,-42.0,13.08,113.08,13.08,1130.8,130.8,11308.0,1308.0,9.17,109.17,9.17,1091.7,91.7,10917.0,917.0,58.89,158.89,58.89,1588.9,588.9,15889.0,5889.0,31.0,131.0,31.0,1310.0,310.0,13100.0,3100.0,Everpure (P) Dropped From Key Small Cap Indices As Fund Exposure Shifts,Simply Wall St.,2026-09-20,0.0,Why Everpure (P) Stock Is Up Today,StockStory,2026-09-17,0.0,3 Reasons P Has Explosive Upside Potential,StockStory,2026-09-17,0.0,,,,,,,,,,
RR.,Rolls-Royce Holdings,AI,nuclear-ops,LSE,19.91,+1.44%,+4.35%,+0.20%,+25.59%,+26%,1.639,1.188,41.76,19.76,8680269,97877176,343074184,81.0,,buy,1.6,1.44,101.44,1.44,1014.4,14.4,10144.0,144.0,4.35,104.35,4.35,1043.5,43.5,10435.0,435.0,0.2,100.2,0.2,1002.0,2.0,10020.0,20.0,25.59,125.59,25.59,1255.9,255.9,12559.0,2559.0,26.0,126.0,26.0,1260.0,260.0,12600.0,2600.0,Nuclear Energy Stocks Rally as Demand for Reliable Clean Power Grows,Zacks,2026-09-23,0.511,Rolls Royce Holdings And 2 Top Nuclear Energy Stocks,Simply Wall St.,2026-09-23,0.44,European Indexes Higher as Oil Falls Back,The Wall Street Journal,2026-09-17,0.0,,,,,,,,,,
CEG,Constellation Energy,AI,nuclear-ops,NASDAQ,263.88,-0.17%,+1.54%,-3.49%,-27.63%,-22%,93.495,1.117,25.82,2.98,2910969,19007669,60387869,65.0,3.65,buy,1.55,-0.17,99.83,-0.17,998.3,-1.7,9983.0,-17.0,1.54,101.54,1.54,1015.4,15.4,10154.0,154.0,-3.49,96.51,-3.49,965.1,-34.9,9651.0,-349.0,-27.63,72.37,-27.63,723.7,-276.3,7237.0,-2763.0,-22.0,78.0,-22.0,780.0,-220.0,7800.0,-2200.0,Top 3 Nuclear Power Stocks To Watch In September 2026,Simply Wall St.,2026-09-23,0.202,GE Vernova is The AI Energy Bottleneck Player I Won’t Stop Buying,24/7 Wall St.,2026-09-22,-0.026,Can Constellation Energy Reduce EFOF and Improve Fleet Performance?,Zacks,2026-09-22,0.612,,,,,,,,,,
VST,Vistra Corp,AI,nuclear-ops,NYSE,137.97,-2.39%,-1.56%,+1.87%,-16.13%,-31%,46.308,1.414,23.27,4.38,4263095,22761995,96869695,66.0,3.72,strong_buy,1.35,-2.39,97.61,-2.39,976.1,-23.9,9761.0,-239.0,-1.56,98.44,-1.56,984.4,-15.6,9844.0,-156.0,1.87,101.87,1.87,1018.7,18.7,10187.0,187.0,-16.13,83.87,-16.13,838.7,-161.3,8387.0,-1613.0,-31.0,69.0,-31.0,690.0,-310.0,6900.0,-3100.0,Vistra Corp. (VST) Sees a More Significant Dip Than Broader Market: Some Facts to Know,Zacks,2026-09-23,0.272,New Era Energy & Digital Is Up by More Than 60% This Month. Here's What's Fueling the Rally.,Motley Fool,2026-09-23,0.273,Can Constellation Energy Reduce EFOF and Improve Fleet Performance?,Zacks,2026-09-22,0.612,,,,,,,,,,
TLN,Talen Energy,AI,nuclear-ops,NASDAQ,300.34,+0.55%,+6.45%,-1.70%,-24.30%,-29%,14.391,1.63,,0.82,924412,4390712,16100712,,5.69,buy,1.59,0.55,100.55,0.55,1005.5,5.5,10055.0,55.0,6.45,106.45,6.45,1064.5,64.5,10645.0,645.0,-1.7,98.3,-1.7,983.0,-17.0,9830.0,-170.0,-24.3,75.7,-24.3,757.0,-243.0,7570.0,-2430.0,-29.0,71.0,-29.0,710.0,-290.0,7100.0,-2900.0,TLN Drops 33.3% in 3 Months as Risks Test Its Cash Flow Story,Zacks,2026-09-21,-0.273,Talen Raises 2026 Guidance as Cornerstone Boosts Cash Flow,Zacks,2026-09-21,0.318,Is TLN Worth Buying as Cash Flow Improves Despite High Debt?,Zacks,2026-09-21,0.701,,,,,,,,,,
BEP,Brookfield Renewable,AI,nuclear-ops,NYSE,29.08,-2.51%,+0.94%,-8.98%,+7.84%,+17%,14.147,0.978,,0.95,833952,5967852,20555852,527.0,0.61,buy,2.31,-2.51,97.49,-2.51,974.9,-25.1,9749.0,-251.0,0.94,100.94,0.94,1009.4,9.4,10094.0,94.0,-8.98,91.02,-8.98,910.2,-89.8,9102.0,-898.0,7.84,107.84,7.84,1078.4,78.4,10784.0,784.0,17.0,117.0,17.0,1170.0,170.0,11700.0,1700.0,3 Reasons to Buy Brookfield Renewable Before September Ends,Motley Fool,2026-09-23,0.0,"Westinghouse Electric Is Taking Nuclear Back to the Stock Market. At 63, Where He Buys the IPO Decides How Much of His Social Security Turns Taxable.",24/7 Wall St.,2026-09-22,0.34,Westinghouse Could IPO at a $50 Billion Valuation. Cameco's Stake Alone Would Be Worth $24.5 Billion.,Motley Fool,2026-09-21,-0.026,,,,,,,,,,
BEPC,Brookfield Renewable Corp,AI,nuclear-ops,NYSE,29.22,-2.99%,+0.59%,-10.04%,-24.44%,-13%,5.424,1.158,,1.72,1263554,8291454,34959054,523.0,,none,,-2.99,97.01,-2.99,970.1,-29.9,9701.0,-299.0,0.59,100.59,0.59,1005.9,5.9,10059.0,59.0,-10.04,89.96,-10.04,899.6,-100.4,8996.0,-1004.0,-24.44,75.56,-24.44,755.6,-244.4,7556.0,-2444.0,-13.0,87.0,-13.0,870.0,-130.0,8700.0,-1300.0,3 Reasons to Buy Brookfield Renewable Before September Ends,Motley Fool,2026-09-23,0.0,Westinghouse Could IPO at a $50 Billion Valuation. Cameco's Stake Alone Would Be Worth $24.5 Billion.,Motley Fool,2026-09-21,-0.026,Ranking the Safest Dividend Stocks in the Energy Sector Right Now,Motley Fool,2026-09-18,0.586,,,,,,,,,,
GEV,GE Vernova,AI,smr,NYSE,951.82,+0.00%,+7.82%,+1.03%,+40.33%,+51%,253.501,0.967,27.29,2.51,1674790,15174990,47540590,21.0,3.29,buy,1.54,0.0,100.0,0.0,1000.0,0.0,10000.0,0.0,7.82,107.82,7.82,1078.2,78.2,10782.0,782.0,1.03,101.03,1.03,1010.3,10.3,10103.0,103.0,40.33,140.33,40.33,1403.3,403.3,14033.0,4033.0,51.0,151.0,51.0,1510.0,510.0,15100.0,5100.0,Morgan Stanley Sees a 33-GW AI Power Shortfall. These 2 Stocks Could Help Fill It,Insider Monkey,2026-09-23,0.402,GE Vernova Stock Is Down 20% From Its High. Here's Why I'd Buy The Dip Today.,Motley Fool,2026-09-23,0.0,GE Vernova CEO on Energy Demand and Economic Stability,WSJ,2026-09-23,0.153,,,,,,,,,,
BWXT,BWX Technologies,AI,smr,NYSE,141.81,-2.18%,-3.33%,-5.16%,-21.68%,-17%,12.992,0.743,36.74,1.02,765849,6433749,24480349,73.0,4.1,buy,1.61,-2.18,97.82,-2.18,978.2,-21.8,9782.0,-218.0,-3.33,96.67,-3.33,966.7,-33.3,9667.0,-333.0,-5.16,94.84,-5.16,948.4,-51.6,9484.0,-516.0,-21.68,78.32,-21.68,783.2,-216.8,7832.0,-2168.0,-17.0,83.0,-17.0,830.0,-170.0,8300.0,-1700.0,Nuclear Energy Stocks Rally as Demand for Reliable Clean Power Grows,Zacks,2026-09-23,0.511,Oklo vs. NuScale vs. BWX Technologies: Ranking the 3 Popular Nuclear Stocks From Worst to First,Motley Fool,2026-09-23,-0.318,BWX Technologies (BWXT) Wins $4 Million Y-12 Design Contract. Could Construction Follow?,Insider Monkey,2026-09-22,0.572,,,,,,,,,,
SMR,NuScale Power,AI,smr,NYSE,8.68,-2.91%,+4.58%,-4.09%,-46.78%,-78%*,3.562,2.309,,33.01,38473995,220690895,872578695,,17.6,hold,2.67,-2.91,97.09,-2.91,970.9,-29.1,9709.0,-291.0,4.58,104.58,4.58,1045.8,45.8,10458.0,458.0,-4.09,95.91,-4.09,959.1,-40.9,9591.0,-409.0,-46.78,53.22,-46.78,532.2,-467.8,5322.0,-4678.0,-78.0,22.0,-78.0,220.0,-780.0,2200.0,-7800.0,Is X-Energy Building a New Model for Industrial Nuclear Power?,Zacks,2026-09-23,0.0,Oklo vs. NuScale vs. BWX Technologies: Ranking the 3 Popular Nuclear Stocks From Worst to First,Motley Fool,2026-09-23,-0.318,NuScale's E2 Centers Turn SMR Learning Into Hands-On Training,Zacks,2026-09-22,0.0,,,,,,,,,,
OKLO,Oklo Inc,AI,smr,NYSE,38.82,-4.43%,+8.98%,-2.19%,-50.10%,-69%*,7.221,1.195,,9.9,7256316,58214816,237342116,,19.64,none,,-4.43,95.57,-4.43,955.7,-44.3,9557.0,-443.0,8.98,108.98,8.98,1089.8,89.8,10898.0,898.0,-2.19,97.81,-2.19,978.1,-21.9,9781.0,-219.0,-50.1,49.9,-50.1,499.0,-501.0,4990.0,-5010.0,-69.0,31.0,-69.0,310.0,-690.0,3100.0,-6900.0,Is X-Energy Building a New Model for Industrial Nuclear Power?,Zacks,2026-09-23,0.0,Oklo vs. NuScale vs. BWX Technologies: Ranking the 3 Popular Nuclear Stocks From Worst to First,Motley Fool,2026-09-23,-0.318,Top 3 Nuclear Power Stocks To Watch In September 2026,Simply Wall St.,2026-09-23,0.202,,,,,,,,,,
NNE,NANO Nuclear Energy,AI,smr,NASDAQ,17.01,-2.13%,+7.79%,-6.90%,-38.39%,-59%*,0.914,5.399,,2.08,1592930,13937030,39307430,,34.78,buy,1.62,-2.13,97.87,-2.13,978.7,-21.3,9787.0,-213.0,7.79,107.79,7.79,1077.9,77.9,10779.0,779.0,-6.9,93.1,-6.9,931.0,-69.0,9310.0,-690.0,-38.39,61.61,-38.39,616.1,-383.9,6161.0,-3839.0,-59.0,41.0,-59.0,410.0,-590.0,4100.0,-5900.0,2 ‘Strong Buy’ Nuclear Power Stocks Offering Compelling Value,TipRanks,2026-09-23,0.511,"Westinghouse Electric Is Taking Nuclear Back to the Stock Market. At 63, Where He Buys the IPO Decides How Much of His Social Security Turns Taxable.",24/7 Wall St.,2026-09-22,0.34,Why Nano Nuclear Energy Stock Is Powering Higher Today,Motley Fool,2026-09-21,0.273,,,,,,,,,,
CCJ,Cameco Corporation,AI,uranium,NYSE,90.8,-3.76%,-0.45%,-11.22%,-7.87%,+14%,39.546,1.012,156.55,3.21,2434924,18224724,61090624,18.0,,buy,1.57,-3.76,96.24,-3.76,962.4,-37.6,9624.0,-376.0,-0.45,99.55,-0.45,995.5,-4.5,9955.0,-45.0,-11.22,88.78,-11.22,887.8,-112.2,8878.0,-1122.0,-7.87,92.13,-7.87,921.3,-78.7,9213.0,-787.0,14.0,114.0,14.0,1140.0,140.0,11400.0,1400.0,2 ‘Strong Buy’ Nuclear Power Stocks Offering Compelling Value,TipRanks,2026-09-23,0.511,Cameco vs. MP Materials: Does Uranium or Rare Earths Make a Better Stock Buy in 2026?,Motley Fool,2026-09-23,0.44,Cameco And 2 Canadian Nuclear Stocks To Watch,Simply Wall St.,2026-09-23,0.0,,,,,,,,,,
UEC,Uranium Energy Corp,AI,uranium,NYSE,9.95,-3.68%,-1.29%,-20.46%,-24.10%,-24%,4.924,1.236,,8.32,6060669,46628969,193707669,,14.73,none,,-3.68,96.32,-3.68,963.2,-36.8,9632.0,-368.0,-1.29,98.71,-1.29,987.1,-12.9,9871.0,-129.0,-20.46,79.54,-20.46,795.4,-204.6,7954.0,-2046.0,-24.1,75.9,-24.1,759.0,-241.0,7590.0,-2410.0,-24.0,76.0,-24.0,760.0,-240.0,7600.0,-2400.0,Nuclear Energy Stocks Rally as Demand for Reliable Clean Power Grows,Zacks,2026-09-23,0.511,Why Did Uranium Energy (UEC) Move Today?,Simply Wall St.,2026-09-23,0.273,"Oklo Climbs 5% as Nuclear Names Bounce Back From Last Week’s Selloff; NuScale Power Gains 4%, Uranium Energy Rises 3%",24/7 Wall St.,2026-09-21,0.542,,,,,,,,,,
LEU,Centrus Energy,AI,uranium,NYSE,151.31,-4.05%,+6.47%,-14.58%,-44.47%,-43%,3.095,1.334,80.06,0.75,525105,4764305,16554105,,28.54,buy,1.84,-4.05,95.95,-4.05,959.5,-40.5,9595.0,-405.0,6.47,106.47,6.47,1064.7,64.7,10647.0,647.0,-14.58,85.42,-14.58,854.2,-145.8,8542.0,-1458.0,-44.47,55.53,-44.47,555.3,-444.7,5553.0,-4447.0,-43.0,57.0,-43.0,570.0,-430.0,5700.0,-4300.0,Nuclear Energy Stocks Rally as Demand for Reliable Clean Power Grows,Zacks,2026-09-23,0.511,Q2 Earnings Outperformers: Centrus Energy (NYSE:LEU) And The Rest Of The Mixed or Offshore Upstream E&P Stocks,StockStory,2026-09-23,0.273,1 Small-Cap Stock with Exciting Potential and 2 We Find Risky,StockStory,2026-09-21,0.34,,,,,,,,,,
VRT,Vertiv Holdings,AI,power-infra,NYSE,248.78,-2.00%,+6.04%,-2.40%,+41.76%,+79%,95.777,2.075,55.78,5.82,3545593,26731993,111950293,10.0,3.58,strong_buy,1.39,-2.0,98.0,-2.0,980.0,-20.0,9800.0,-200.0,6.04,106.04,6.04,1060.4,60.4,10604.0,604.0,-2.4,97.6,-2.4,976.0,-24.0,9760.0,-240.0,41.76,141.76,41.76,1417.6,417.6,14176.0,4176.0,79.0,179.0,79.0,1790.0,790.0,17900.0,7900.0,Why Does Vertiv Cost The Most In A Group It Does Not Out-Grow?,Trefis,2026-09-23,0.0,Tesla Is Supplying the Trucks. Nvidia Is Supplying the Compute. This $4 Stock Sits in the Middle,Insider Monkey,2026-09-23,0.0,3 AI Stocks With Revenue Growth Up To 50%,Simply Wall St.,2026-09-23,0.382,,,,,,,,,,
ETN,Eaton Corporation,AI,power-infra,NYSE,438.76,-0.84%,+11.81%,+7.36%,+35.17%,+19%,170.415,1.168,44.68,2.21,1786948,13006848,43373048,99.0,1.86,buy,1.52,-0.84,99.16,-0.84,991.6,-8.4,9916.0,-84.0,11.81,111.81,11.81,1118.1,118.1,11181.0,1181.0,7.36,107.36,7.36,1073.6,73.6,10736.0,736.0,35.17,135.17,35.17,1351.7,351.7,13517.0,3517.0,19.0,119.0,19.0,1190.0,190.0,11900.0,1900.0,Why Does Vertiv Cost The Most In A Group It Does Not Out-Grow?,Trefis,2026-09-23,0.0,VWDRY or ETN: Which Is the Better Value Stock Right Now?,Zacks,2026-09-23,0.649,Eaton (ETN) Stock Moves 1.82%: What You Should Know,Zacks,2026-09-22,0.0,,,,,,,,,,
POWL,Powell Industries,AI,power-infra,NASDAQ,192.62,-1.03%,+12.40%,+1.93%,+64.13%,+96%,7.017,1.185,36.9,0.72,340379,2768279,11545179,19.0,9.2,buy,2.25,-1.03,98.97,-1.03,989.7,-10.3,9897.0,-103.0,12.4,112.4,12.4,1124.0,124.0,11240.0,1240.0,1.93,101.93,1.93,1019.3,19.3,10193.0,193.0,64.13,164.13,64.13,1641.3,641.3,16413.0,6413.0,96.0,196.0,96.0,1960.0,960.0,19600.0,9600.0,"Powell Industries, Inc. (POWL) Is a Trending Stock: Facts to Know Before Betting on It",Zacks,2026-09-22,0.0,2 Industrials Stocks to Consider Right Now and 1 That Underwhelm,StockStory,2026-09-21,0.0,"Powell (POWL): Buy, Sell, or Hold Post Q2 Earnings?",StockStory,2026-09-17,0.0,,,,,,,,,,
EQIX,Equinix,AI,dc-operators,NASDAQ,1037.66,-1.89%,+3.05%,-1.66%,+37.87%,+34%,102.388,0.973,66.64,0.58,378095,2430095,10977295,195.0,1.91,strong_buy,1.5,-1.89,98.11,-1.89,981.1,-18.9,9811.0,-189.0,3.05,103.05,3.05,1030.5,30.5,10305.0,305.0,-1.66,98.34,-1.66,983.4,-16.6,9834.0,-166.0,37.87,137.87,37.87,1378.7,378.7,13787.0,3787.0,34.0,134.0,34.0,1340.0,340.0,13400.0,3400.0,Equinix (EQIX) Positions to Benefit from Exponential Data Growth and Early-Stage Enterprise AI,Insider Monkey,2026-09-22,0.681,"Ciena upgraded, Flutter downgraded: Wall Street's top analyst calls",The Fly,2026-09-21,0.202,"Equinix Sees AI Driving Data Center Demand, Interconnection Growth",MarketBeat,2026-09-19,0.273,,,,,,,,,,
DLR,Digital Realty,AI,dc-operators,NYSE,181.45,-2.26%,+1.22%,-3.11%,+19.44%,+8%,68.528,1.037,88.95,2.81,1571016,12137116,44672616,263.0,,strong_buy,1.44,-2.26,97.74,-2.26,977.4,-22.6,9774.0,-226.0,1.22,101.22,1.22,1012.2,12.2,10122.0,122.0,-3.11,96.89,-3.11,968.9,-31.1,9689.0,-311.0,19.44,119.44,19.44,1194.4,194.4,11944.0,1944.0,8.0,108.0,8.0,1080.0,80.0,10800.0,800.0,Digital Realty Expands Subsea Connectivity With New LA Cable Station,Zacks,2026-09-23,0.103,"Ciena upgraded, Flutter downgraded: Wall Street's top analyst calls",The Fly,2026-09-21,0.202,"3 Buy-Rated REITs Collecting Rent From Warehouses, Data Centers and Shopping Centers",24/7 Wall St.,2026-09-20,0.0,,,,,,,,,,
AMT,American Tower,AI,dc-operators,NYSE,170.78,-2.55%,-3.90%,-4.27%,-0.38%,-9%,79.577,0.895,23.49,2.85,2377896,14615496,48204196,409.0,1.47,buy,1.52,-2.55,97.45,-2.55,974.5,-25.5,9745.0,-255.0,-3.9,96.1,-3.9,961.0,-39.0,9610.0,-390.0,-4.27,95.73,-4.27,957.3,-42.7,9573.0,-427.0,-0.38,99.62,-0.38,996.2,-3.8,9962.0,-38.0,-9.0,91.0,-9.0,910.0,-90.0,9100.0,-900.0,Why Is American Tower (AMT) Adding A New Board Voice On Talent And Governance?,Simply Wall St.,2026-09-22,0.421,American Tower (AMT) Stock Could Be 41% Undervalued On Cash Flow,Simply Wall St.,2026-09-22,0.0,American Tower (AMT) Upgraded to Buy: What Does It Mean for the Stock?,Zacks,2026-09-21,0.0,,,,,,,,,,
GOOGL,Alphabet (Google),AI,hyperscalers,NASDAQ,337.83,-4.00%,-1.47%,-2.88%,+7.41%,+42%,4131.639,1.225,16.93,29.3,35324218,162438418,583016218,25.0,1.32,strong_buy,1.38,-4.0,96.0,-4.0,960.0,-40.0,9600.0,-400.0,-1.47,98.53,-1.47,985.3,-14.7,9853.0,-147.0,-2.88,97.12,-2.88,971.2,-28.8,9712.0,-288.0,7.41,107.41,7.41,1074.1,74.1,10741.0,741.0,42.0,142.0,42.0,1420.0,420.0,14200.0,4200.0,This is Humanity's Last Decision,Yahoo Finance Video,2026-09-23,0.0,Netflix has a big YouTube problem — and it's only getting worse,Yahoo Finance Video,2026-09-23,-0.7,The future of AI growth rests on Big Tech's cash flow tripling to $2 trillion: Chart of the Day,Yahoo Finance,2026-09-23,0.382,,,,,,,,,,
MSFT,Microsoft,AI,hyperscalers,NASDAQ,500.59,+0.01%,+2.10%,+2.73%,+6.52%,-2%,3717.154,1.108,28.08,33.51,19296597,126373197,467475597,79.0,1.0,strong_buy,1.33,0.01,100.01,0.01,1000.1,0.1,10001.0,1.0,2.1,102.1,2.1,1021.0,21.0,10210.0,210.0,2.73,102.73,2.73,1027.3,27.3,10273.0,273.0,6.52,106.52,6.52,1065.2,65.2,10652.0,652.0,-2.0,98.0,-2.0,980.0,-20.0,9800.0,-200.0,"Nasdaq climbs higher, McDonald's investor day updates",Yahoo Finance Video,2026-09-23,0.0,Does Texas Instruments' (TXN) Richer Dividend Signal Enduring Strength in Its Cash-Heavy Business Model?,Simply Wall St.,2026-09-23,0.765,Okta Sees AI Agent Identity Market Outgrowing Traditional IAM at Oktane 2026,MarketBeat,2026-09-23,0.0,,,,,,,,,,
AMZN,Amazon,AI,hyperscalers,NASDAQ,249.27,-2.42%,+1.35%,-4.88%,+10.05%,+16%,2688.704,1.443,20.07,45.46,43691413,211366913,750214513,,0.94,strong_buy,1.32,-2.42,97.58,-2.42,975.8,-24.2,9758.0,-242.0,1.35,101.35,1.35,1013.5,13.5,10135.0,135.0,-4.88,95.12,-4.88,951.2,-48.8,9512.0,-488.0,10.05,110.05,10.05,1100.5,100.5,11005.0,1005.0,16.0,116.0,16.0,1160.0,160.0,11600.0,1600.0,"Meta's Muse is an impressively capable AI agent, despite some hiccups",Yahoo Finance,2026-09-23,0.681,"Beloved travel brand closing after 22 years, final sale swamped",TheStreet,2026-09-23,0.511,Why UPS Slashed Its Amazon Business by 50%,WSJ,2026-09-23,-0.052,,,,,,,,,,
META,Meta Platforms,AI,hyperscalers,NASDAQ,744.1,+0.42%,+10.60%,+33.21%,+14.70%,-3%,1895.599,1.243,28.06,19.08,30241497,150608497,466805197,29.0,1.31,strong_buy,1.34,0.42,100.42,0.42,1004.2,4.2,10042.0,42.0,10.6,110.6,10.6,1106.0,106.0,11060.0,1060.0,33.21,133.21,33.21,1332.1,332.1,13321.0,3321.0,14.7,114.7,14.7,1147.0,147.0,11470.0,1470.0,-3.0,97.0,-3.0,970.0,-30.0,9700.0,-300.0,How Meta's Muse was a total game changer for the AI narrative,Yahoo Finance Video,2026-09-23,0.0,Meta's Muse raises bigger question: Can consumers trust AI with our money?,Yahoo Finance Video,2026-09-23,0.511,"AI magic sends markets higher, plus one-on-one with IBM vice chair",Yahoo Finance Video,2026-09-23,0.0,7,strong_buy,0.65,"Gained 13.5% YTD but surged 31.9% in 1M with 10% 1W momentum, strong_buy consensus, P/E 27.8, and strong news sentiment 0.18 supported by Muse AI/Shopify partnership.",+31.9% 1M; +10.0% 1W; strong_buy consensus; P/E 27.8,,,,,
IREN,Iris Energy,AI,ai-compute,NASDAQ,47.05,-2.81%,+10.39%,+18.19%,+10.19%,+3%*,18.541,4.285,,43.68,32093751,198897451,882853851,,24.46,buy,1.53,-2.81,97.19,-2.81,971.9,-28.1,9719.0,-281.0,10.39,110.39,10.39,1103.9,103.9,11039.0,1039.0,18.19,118.19,18.19,1181.9,181.9,11819.0,1819.0,10.19,110.19,10.19,1101.9,101.9,11019.0,1019.0,3.0,103.0,3.0,1030.0,30.0,10300.0,300.0,Nvidia Is Backing This AI IPO Candidate. It Lost $1 Billion in Just 6 Months,Insider Monkey,2026-09-23,-0.296,"Rothschild Redburn starts IREN at Neutral with $40 target, forecasts $13.3 billion revenue by fiscal 2029",Blockspace,2026-09-23,0.0,IREN Has Microsoft and $14 Billion of Funding. Execution Is the Real Test,Insider Monkey,2026-09-23,0.0,9,buy,0.5,"Up 13.7% YTD but with accelerating 21.9% 1M and 16.8% 1W momentum, buy rating, and positive news sentiment 0.18, though high beta 4.3 and short interest 24.5% add risk.",+21.9% 1M; +16.8% 1W; buy rating; news sentiment 0.18,,,,,
CORZ,Core Scientific,AI,ai-compute,NASDAQ,18.1,-3.37%,+12.84%,+4.81%,+13.20%,+10%*,5.816,5.485,,12.28,9100427,62918027,236602627,,22.79,strong_buy,1.35,-3.37,96.63,-3.37,966.3,-33.7,9663.0,-337.0,12.84,112.84,12.84,1128.4,128.4,11284.0,1284.0,4.81,104.81,4.81,1048.1,48.1,10481.0,481.0,13.2,113.2,13.2,1132.0,132.0,11320.0,1320.0,10.0,110.0,10.0,1100.0,100.0,11000.0,1000.0,"Tech, Media & Telecom Roundup: Market Talk",The Wall Street Journal,2026-09-23,0.0,UBS turns bullish on five AI data center stocks,Proactive,2026-09-23,0.0,Should You Sell Your APLD Stock Now?,Trefis,2026-09-23,0.0,,,,,,,,,,
WULF,TeraWulf,AI,ai-compute,NASDAQ,16.35,-5.65%,+6.24%,+5.62%,+28.34%,+52%*,8.159,4.248,,33.26,30680442,146407242,619690142,,28.82,strong_buy,1.32,-5.65,94.35,-5.65,943.5,-56.5,9435.0,-565.0,6.24,106.24,6.24,1062.4,62.4,10624.0,624.0,5.62,105.62,5.62,1056.2,56.2,10562.0,562.0,28.34,128.34,28.34,1283.4,283.4,12834.0,2834.0,52.0,152.0,52.0,1520.0,520.0,15200.0,5200.0,"Tech, Media & Telecom Roundup: Market Talk",The Wall Street Journal,2026-09-23,0.0,UBS turns bullish on five AI data center stocks,Proactive,2026-09-23,0.0,"CIFR, WULF, HUT, CORZ Stocks Get 'Buy' Ratings With UBS Betting On Bitcoin Miners’ AI Pivot",Stocktwits,2026-09-23,0.0,,,,,,,,,,
HUT,Hut 8 Mining,AI,ai-compute,NASDAQ,102.46,-4.11%,+17.65%,+28.78%,+99.84%,+182%,12.629,5.976,,4.79,3192800,25732200,97646900,,13.19,strong_buy,1.4,-4.11,95.89,-4.11,958.9,-41.1,9589.0,-411.0,17.65,117.65,17.65,1176.5,176.5,11765.0,1765.0,28.78,128.78,28.78,1287.8,287.8,12878.0,2878.0,99.84,199.84,99.84,1998.4,998.4,19984.0,9984.0,182.0,282.0,182.0,2820.0,1820.0,28200.0,18200.0,"Tech, Media & Telecom Roundup: Market Talk",The Wall Street Journal,2026-09-23,0.0,UBS turns bullish on five AI data center stocks,Proactive,2026-09-23,0.0,Should You Sell Your APLD Stock Now?,Trefis,2026-09-23,0.0,6,strong_buy,0.644,"Strong momentum with +107.9% YTD, +34.0% 1M, +22.4% 1W, strong_buy analyst consensus, and positive news sentiment 0.19 as it reframes its AI/data center strategy.",+107.9% YTD; +34.0% 1M; +22.4% 1W; strong_buy consensus,,,,,
SMCI,Super Micro Computer,AI,ai-compute,NASDAQ,41.44,-0.17%,+12.46%,+17.83%,+33.85%,-10%,27.224,1.996,12.71,47.01,40772804,229837404,838374404,,18.48,hold,2.84,-0.17,99.83,-0.17,998.3,-1.7,9983.0,-17.0,12.46,112.46,12.46,1124.6,124.6,11246.0,1246.0,17.83,117.83,17.83,1178.3,178.3,11783.0,1783.0,33.85,133.85,33.85,1338.5,338.5,13385.0,3385.0,-10.0,90.0,-10.0,900.0,-100.0,9000.0,-1000.0,Nebius Group Heads 3 Top Insider Growth Stocks,Simply Wall St.,2026-09-23,0.527,SMCI vs. AVT: Which AI Infrastructure Stock is a Better Buy?,Zacks,2026-09-23,0.44,Super Micro Starts Shipping Nvidia Vera Rubin NVL72 Racks — Why It Matters,Stocktwits,2026-09-23,0.612,10,buy,0.4,"Up 34.2% YTD with +18.1% 1M and +16.6% 1W momentum, P/E 12.7, positive sentiment 0.25, but a hold analyst consensus (score 2.84) caps conviction.",+34.2% YTD; +18.1% 1M; P/E 12.7; sentiment 0.25,,,,,
DELL,Dell Technologies,AI,ai-compute,NYSE,549.83,-0.81%,-2.39%,+26.93%,+334.16%,+316%,349.589,1.409,32.0,7.83,8218969,46826969,226366969,46.0,4.88,buy,1.83,-0.81,99.19,-0.81,991.9,-8.1,9919.0,-81.0,-2.39,97.61,-2.39,976.1,-23.9,9761.0,-239.0,26.93,126.93,26.93,1269.3,269.3,12693.0,2693.0,334.16,434.16,334.16,4341.6,3341.6,43416.0,33416.0,316.0,416.0,316.0,4160.0,3160.0,41600.0,31600.0,How Qualcomm is targeting agentic AI with its 2 new smartphone chips,Yahoo Finance Video,2026-09-23,0.0,"Is the ""AI"" Chip Stock Momentum Rally Over?",Zacks,2026-09-23,0.0,Why Wall Street Is Aggressively Upgrading These 5 Stocks Right Now,Investor's Business Daily,2026-09-23,-0.318,8,strong_buy,0.911,"Spectacular +333.4% YTD with +26.7% 1M rally, P/E 31.9, even as a -4.86% 1D pullback and slightly negative sentiment present a potential entry point given massive AI server demand.",+333.4% YTD; +26.7% 1M; P/E 31.9; AI server demand,,,,,
COHR,Coherent Corp,AI,fibre-optical,NYSE,300.6,-3.67%,+3.68%,+9.11%,+54.69%,+191%,58.867,2.104,72.78,6.17,5688969,37469969,137239069,,6.44,buy,1.61,-3.67,96.33,-3.67,963.3,-36.7,9633.0,-367.0,3.68,103.68,3.68,1036.8,36.8,10368.0,368.0,9.11,109.11,9.11,1091.1,91.1,10911.0,911.0,54.69,154.69,54.69,1546.9,546.9,15469.0,5469.0,191.0,291.0,191.0,2910.0,1910.0,29100.0,19100.0,This Little-Known AI Chip Stock Doubled. Its New Chips Now Double Optical Speed,Insider Monkey,2026-09-23,0.0,Lumentum Jumped Nearly 10% While Corning Barely Moved. Is the AI Optics Trade Splitting Apart?,Insider Monkey,2026-09-23,0.0,"Sandisk, Lennar, Viking Therapeutics, Shopify, GameStop, and More Stocks That Explain Today’s Market",Barrons.com,2026-09-22,0.0,,,,,,,,,,
LITE,Lumentum Holdings,AI,fibre-optical,NASDAQ,937.0,-1.36%,+1.91%,+12.87%,+142.68%,+519%,84.049,1.541,,4.72,3265565,26475365,95985465,,8.66,strong_buy,1.5,-1.36,98.64,-1.36,986.4,-13.6,9864.0,-136.0,1.91,101.91,1.91,1019.1,19.1,10191.0,191.0,12.87,112.87,12.87,1128.7,128.7,11287.0,1287.0,142.68,242.68,142.68,2426.8,1426.8,24268.0,14268.0,519.0,619.0,519.0,6190.0,5190.0,61900.0,51900.0,3 AI Stocks With Revenue Growth Up To 50%,Simply Wall St.,2026-09-23,0.382,FN Rides on Surging Data Center Demand: Can It Outpace AAOI & LITE?,Zacks,2026-09-23,-0.128,Four AI Stars Rev Up As Analysts Raise Profit Targets; Micron Clears Early Buy Point,Investor's Business Daily,2026-09-23,0.494,,,,,,,,,,
AAOI,Applied Optoelectronics,AI,fibre-optical,NASDAQ,101.06,-5.57%,+4.47%,-6.10%,+155.20%,+301%,8.581,3.783,,9.84,6535409,39916709,153855209,,14.75,none,,-5.57,94.43,-5.57,944.3,-55.7,9443.0,-557.0,4.47,104.47,4.47,1044.7,44.7,10447.0,447.0,-6.1,93.9,-6.1,939.0,-61.0,9390.0,-610.0,155.2,255.2,155.2,2552.0,1552.0,25520.0,15520.0,301.0,401.0,301.0,4010.0,3010.0,40100.0,30100.0,AAOI vs. Fabrinet: Which AI Data Center Stock Is the Better Buy?,Zacks,2026-09-23,0.44,FN Rides on Surging Data Center Demand: Can It Outpace AAOI & LITE?,Zacks,2026-09-23,-0.128,Lumentum to Demonstrate DWDM ELSFP at ECOC 2026: What's Ahead?,Zacks,2026-09-22,0.0,,,,,,,,,,
FN,Fabrinet,AI,fibre-optical,NYSE,400.85,-0.71%,+6.92%,-4.82%,-16.39%,+10%,14.364,1.208,30.74,0.98,566686,4308186,17315986,,5.61,buy,1.78,-0.71,99.29,-0.71,992.9,-7.1,9929.0,-71.0,6.92,106.92,6.92,1069.2,69.2,10692.0,692.0,-4.82,95.18,-4.82,951.8,-48.2,9518.0,-482.0,-16.39,83.61,-16.39,836.1,-163.9,8361.0,-1639.0,10.0,110.0,10.0,1100.0,100.0,11000.0,1000.0,AAOI vs. Fabrinet: Which AI Data Center Stock Is the Better Buy?,Zacks,2026-09-23,0.44,FN Rides on Surging Data Center Demand: Can It Outpace AAOI & LITE?,Zacks,2026-09-23,-0.128,Supply Constraints Weighed on Fabrinet (FN),Insider Monkey,2026-09-23,0.0,,,,,,,,,,
MTSI,MACOM Technology,AI,dsp-semi,NASDAQ,275.84,-1.89%,+14.92%,+7.15%,+57.66%,+121%,21.066,1.708,88.13,1.54,1113625,8138925,27948725,,4.35,buy,1.56,-1.89,98.11,-1.89,981.1,-18.9,9811.0,-189.0,14.92,114.92,14.92,1149.2,149.2,11492.0,1492.0,7.15,107.15,7.15,1071.5,71.5,10715.0,715.0,57.66,157.66,57.66,1576.6,576.6,15766.0,5766.0,121.0,221.0,121.0,2210.0,1210.0,22100.0,12100.0,This Little-Known AI Chip Stock Doubled. Its New Chips Now Double Optical Speed,Insider Monkey,2026-09-23,0.0,Does M/A-Com (MTSI) Have the Potential to Rally 41.35% as Wall Street Analysts Expect?,Zacks,2026-09-21,0.0,2 Profitable Stocks to Target This Week and 1 We Ignore,StockStory,2026-09-21,0.103,,,,,,,,,,
SMTC,Semtech,AI,dsp-semi,NASDAQ,169.33,-3.61%,+12.21%,+40.05%,+124.99%,+191%,15.802,2.353,114.41,3.24,3802444,24074944,81652944,,9.42,strong_buy,1.19,-3.61,96.39,-3.61,963.9,-36.1,9639.0,-361.0,12.21,112.21,12.21,1122.1,122.1,11221.0,1221.0,40.05,140.05,40.05,1400.5,400.5,14005.0,4005.0,124.99,224.99,124.99,2249.9,1249.9,22499.0,12499.0,191.0,291.0,191.0,2910.0,1910.0,29100.0,19100.0,Marvell and 2 More Stocks to Play the AI Data-Center Boom,Barrons.com,2026-09-23,0.395,Wall Street Picks 3 Chip Stock Winners for the AI Boom,GuruFocus.com,2026-09-23,0.477,Marvell's AI Infrastructure Bet Gets a Fresh Wall Street Vote,GuruFocus.com,2026-09-23,0.318,3,strong_buy,0.785,"Exceptional +131.6% YTD with +44.2% 1M momentum, a strong_buy analyst consensus (score 1.2), and 15.5% 1W gain, reflecting robust momentum in AI DSP semiconductors.",+131.6% YTD; +44.2% 1M; analyst strong_buy; score 1.2,,,,,
CRDO,Credo Technology,AI,dsp-semi,NASDAQ,193.87,+0.61%,+20.05%,-12.91%,+35.37%,+29%,36.438,3.228,68.51,7.32,7787693,49382193,191058793,,3.98,strong_buy,1.32,0.61,100.61,0.61,1006.1,6.1,10061.0,61.0,20.05,120.05,20.05,1200.5,200.5,12005.0,2005.0,-12.91,87.09,-12.91,870.9,-129.1,8709.0,-1291.0,35.37,135.37,35.37,1353.7,353.7,13537.0,3537.0,29.0,129.0,29.0,1290.0,290.0,12900.0,2900.0,One Under-the-Radar Stock With 100% Upside Potential,24/7 Wall St.,2026-09-22,0.0,Credo Technology (CRDO) Just Cleared a Key PCIe 6.0 Milestone. What Comes Next?,Insider Monkey,2026-09-22,0.103,3 AI Infrastructure Stocks Investors Should Watch As Data Center Spending Builds,Simply Wall St.,2026-09-22,0.0,,,,,,,,,,
MXL,MaxLinear,AI,dsp-semi,NASDAQ,84.32,-3.19%,+25.63%,+34.31%,+355.54%,+444%,7.648,3.945,,3.29,2065195,16492295,51904795,,6.93,buy,1.82,-3.19,96.81,-3.19,968.1,-31.9,9681.0,-319.0,25.63,125.63,25.63,1256.3,256.3,12563.0,2563.0,34.31,134.31,34.31,1343.1,343.1,13431.0,3431.0,355.54,455.54,355.54,4555.4,3555.4,45554.0,35554.0,444.0,544.0,444.0,5440.0,4440.0,54400.0,44400.0,MXL vs. VICR: Which Has the Better AI Infrastructure Opportunity?,Zacks,2026-08-28,0.691,Why Is NXP (NXPI) Down 7.4% Since Last Earnings Report?,Zacks,2026-08-27,0.0,MXL's AI Optical Growth Accelerates: Can It Challenge AVGO & MRVL?,Zacks,2026-08-26,0.44,2,strong_buy,1.0,"Explosive +372.3% YTD, +39.3% 1M, and +30.3% 1W momentum with a positive news sentiment of 0.35, positioning it as a key AI infrastructure play in DSP semi space.",+372.3% YTD; +39.3% 1M; +30.3% 1W; news sentiment 0.35,,,,,
KEYS,Keysight Technologies,AI,test-equip,NYSE,353.36,+1.74%,+12.76%,+13.74%,+71.04%,+99%,60.157,1.208,47.75,1.36,1421800,6786300,23987100,,1.95,buy,1.58,1.74,101.74,1.74,1017.4,17.4,10174.0,174.0,12.76,112.76,12.76,1127.6,127.6,11276.0,1276.0,13.74,113.74,13.74,1137.4,137.4,11374.0,1374.0,71.04,171.04,71.04,1710.4,710.4,17104.0,7104.0,99.0,199.0,99.0,1990.0,990.0,19900.0,9900.0,ATEYY Up 111.7% in a Year: Should Investors Bet on the Stock Now?,Zacks,2026-09-23,0.0,Cadence's New RTL Generation Agent Could Reshape AI-Driven Chip Design,Zacks,2026-09-23,0.0,What Happens To Synopsys Stock If AI Learns To Design Chips Without It?,Trefis,2026-09-22,0.0,,,,,,,,,,
VIAV,Viavi Solutions,AI,test-equip,NASDAQ,36.43,+1.05%,+5.69%,-1.41%,+100.72%,+196%,8.989,1.226,,5.38,6828992,31920692,99969192,,5.42,strong_buy,1.38,1.05,101.05,1.05,1010.5,10.5,10105.0,105.0,5.69,105.69,5.69,1056.9,56.9,10569.0,569.0,-1.41,98.59,-1.41,985.9,-14.1,9859.0,-141.0,100.72,200.72,100.72,2007.2,1007.2,20072.0,10072.0,196.0,296.0,196.0,2960.0,1960.0,29600.0,19600.0,Can Verizon's 6G Acceleration Initiatives and AI Trials Drive Growth?,Zacks,2026-09-15,0.382,"Viavi Solutions EVP Paul McNab Sells 11,032 Shares for $429,917",Motley Fool,2026-09-13,0.44,3 Profitable Stocks with Warning Signs,StockStory,2026-09-10,0.128,,,,,,,,,,
AXTI,AXT Inc,AI,materials,NASDAQ,72.98,-7.14%,+13.50%,+11.59%,+335.44%,+1511%,4.786,1.92,2432.67,10.23,5301830,50130630,187335530,,14.64,buy,1.6,-7.14,92.86,-7.14,928.6,-71.4,9286.0,-714.0,13.5,113.5,13.5,1135.0,135.0,11350.0,1350.0,11.59,111.59,11.59,1115.9,115.9,11159.0,1159.0,335.44,435.44,335.44,4354.4,3354.4,43544.0,33544.0,1511.0,1611.0,1511.0,16110.0,15110.0,161100.0,151100.0,AeroVironment And 2 Top Automation Stocks To Watch,Simply Wall St.,2026-09-23,0.202,AXT Inc. (AXTI) Climbs 16% on S&P 600 Addition,Insider Monkey,2026-09-21,0.0,Bear of the Day: Qualcomm (QCOM),Zacks,2026-09-21,0.0,5,strong_buy,0.995,"Soared 364.1% YTD with eye-popping +34.8% 1W momentum and a +18.9% 1M gain, driving by S&P 600 addition and AI materials demand, despite high P/E of 2593.",+364.1% YTD; +34.8% 1W; S&P 600 addition; AI materials demand,,,,,
AMGN,Amgen,Biotech,large-cap,NASDAQ,406.09,-0.90%,+8.10%,-8.51%,+26.48%,+47%,219.546,0.426,25.25,2.67,2809317,19858117,61460017,246.0,2.4,hold,2.59,-0.9,99.1,-0.9,991.0,-9.0,9910.0,-90.0,8.1,108.1,8.1,1081.0,81.0,10810.0,810.0,-8.51,91.49,-8.51,914.9,-85.1,9149.0,-851.0,26.48,126.48,26.48,1264.8,264.8,12648.0,2648.0,47.0,147.0,47.0,1470.0,470.0,14700.0,4700.0,Amgen price target raised by Jefferies to $410 after positive Sjögren's data,Proactive,2026-09-23,0.557,AMGN's Dazodalibep Meets Goal in Systemic Sjogren's Disease Study,Zacks,2026-09-23,0.0,Novo Nordisk Stock Slides After Unveiling Long Term Pipeline Growth Targets,TIKR,2026-09-23,0.382,,,,,,,,,,
GILD,Gilead Sciences,Biotech,large-cap,NASDAQ,151.37,-0.49%,+3.47%,+3.74%,+26.72%,+34%,187.693,0.35,,6.66,5803574,40814974,123249974,215.0,1.86,buy,1.75,-0.49,99.51,-0.49,995.1,-4.9,9951.0,-49.0,3.47,103.47,3.47,1034.7,34.7,10347.0,347.0,3.74,103.74,3.74,1037.4,37.4,10374.0,374.0,26.72,126.72,26.72,1267.2,267.2,12672.0,2672.0,34.0,134.0,34.0,1340.0,340.0,13400.0,3400.0,Gilead Sciences (GILD) Stock Moves 1.40%: What You Should Know,Zacks,2026-09-22,0.0,1 Cash-Producing Stock on Our Buy List and 2 We Find Risky,StockStory,2026-09-22,-0.202,BMY vs GILD: Which Biotech Stock Looks More Attractive Now?,Zacks,2026-09-21,0.493,,,,,,,,,,
REGN,Regeneron Pharmaceuticals,Biotech,large-cap,NASDAQ,801.82,-0.40%,+3.58%,-3.22%,+3.69%,+39%,82.552,0.193,19.83,0.76,721063,4983763,14664863,47.0,2.62,buy,1.89,-0.4,99.6,-0.4,996.0,-4.0,9960.0,-40.0,3.58,103.58,3.58,1035.8,35.8,10358.0,358.0,-3.22,96.78,-3.22,967.8,-32.2,9678.0,-322.0,3.69,103.69,3.69,1036.9,36.9,10369.0,369.0,39.0,139.0,39.0,1390.0,390.0,13900.0,3900.0,"Regeneron Highlights EYLEA HD Momentum, Dupixent Growth and Pipeline Catalysts",MarketBeat,2026-09-23,0.382,Is Regeneron Stock a Bargain Below $800?,Motley Fool,2026-09-22,0.202,"Sanofi Reviews Pipeline, Broadens Deal Hunt as It Rebuilds Research Engine",MarketBeat,2026-09-22,0.0,,,,,,,,,,
VRTX,Vertex Pharmaceuticals,Biotech,large-cap,NASDAQ,516.34,+0.06%,+0.33%,-5.71%,+14.20%,+37%,130.872,0.32,29.85,1.41,1213419,6090619,20901219,,2.08,buy,1.66,0.06,100.06,0.06,1000.6,0.6,10006.0,6.0,0.33,100.33,0.33,1003.3,3.3,10033.0,33.0,-5.71,94.29,-5.71,942.9,-57.1,9429.0,-571.0,14.2,114.2,14.2,1142.0,142.0,11420.0,1420.0,37.0,137.0,37.0,1370.0,370.0,13700.0,3700.0,Vertex Posts Positive Phase II Data on Kidney Disease Drug,Zacks,2026-09-23,0.557,Maze Therapeutics Shares Rise 2.9% After CIBC Initiates Coverage,InvestorsHub,2026-09-23,0.296,CRISPR Therapeutics Traded Sideways and Down for 12 Months: One Wall Street Pro Expects 85% Gains Soon,24/7 Wall St.,2026-09-23,0.34,,,,,,,,,,
BIIB,Biogen,Biotech,large-cap,NASDAQ,227.53,+1.92%,+5.26%,+4.31%,+27.96%,+64%,33.618,0.171,39.3,1.09,1494257,6500657,17918557,,4.32,buy,1.89,1.92,101.92,1.92,1019.2,19.2,10192.0,192.0,5.26,105.26,5.26,1052.6,52.6,10526.0,526.0,4.31,104.31,4.31,1043.1,43.1,10431.0,431.0,27.96,127.96,27.96,1279.6,279.6,12796.0,2796.0,64.0,164.0,64.0,1640.0,640.0,16400.0,6400.0,How Investors May Respond To Biogen (BIIB) Advancing At-Home LEQEMBI Pen And Kidney Disease Data,Simply Wall St.,2026-09-23,0.0,Novo Nordisk Stock Slides After Unveiling Long Term Pipeline Growth Targets,TIKR,2026-09-23,0.382,"Biogen (BIIB) Posts New Kidney Trial Data, Is It Still 5% Undervalued?",Simply Wall St.,2026-09-23,0.0,,,,,,,,,,
BMY,Bristol-Myers Squibb,Biotech,large-cap,NYSE,61.15,-1.85%,-4.05%,-9.11%,+16.87%,+41%,124.912,0.227,13.47,11.12,14450832,79798532,197275732,405.0,2.16,buy,2.46,-1.85,98.15,-1.85,981.5,-18.5,9815.0,-185.0,-4.05,95.95,-4.05,959.5,-40.5,9595.0,-405.0,-9.11,90.89,-9.11,908.9,-91.1,9089.0,-911.0,16.87,116.87,16.87,1168.7,168.7,11687.0,1687.0,41.0,141.0,41.0,1410.0,410.0,14100.0,4100.0,What Is AbbVie No Longer Telling You?,Trefis,2026-09-23,-0.296,What Is The Best Case For Pfizer Stock?,Trefis,2026-09-23,0.637,How to Maximize Your Retirement Portfolio with These Top-Ranked Dividend Stocks,Zacks,2026-09-23,0.0,,,,,,,,,,
AZN,AstraZeneca,Biotech,uk-listed,LSE,164.6,-1.94%,+2.42%,+2.64%,-8.53%,+13%,2.553,0.205,24.91,3.41,1676920,19774197,70164299,189.0,,strong_buy,,-1.94,98.06,-1.94,980.6,-19.4,9806.0,-194.0,2.42,102.42,2.42,1024.2,24.2,10242.0,242.0,2.64,102.64,2.64,1026.4,26.4,10264.0,264.0,-8.53,91.47,-8.53,914.7,-85.3,9147.0,-853.0,13.0,113.0,13.0,1130.0,130.0,11300.0,1300.0,Ionis Delivers Positive Late-Stage Results for Two Partnered Drugs,Zacks,2026-09-23,0.557,AstraZeneca's Trixeo Secures Approval for Asthma in the EU,Zacks,2026-09-23,0.66,European big pharma unites amid ‘ringing alarm bells’ of continent’s dominance,Clinical Trials Arena,2026-09-23,-0.153,6,buy,0.7,"+4.6% 1M, analyst consensus buy (score 1.72); EU support for two key drugs reinforces regulatory momentum, despite YTD dip of -6.75%.",EU regulatory support; Buy consensus 1.72; 1M +4.6% recovery; P/E 25.4 reasonable,,,,,
GSK,GSK,Biotech,uk-listed,LSE,24.98,-1.05%,+1.10%,-0.24%,+3.00%,+28%,1.0,0.29,15.98,7.2,6309063,43869950,123189170,357.0,,hold,2.52,-1.05,98.95,-1.05,989.5,-10.5,9895.0,-105.0,1.1,101.1,1.1,1011.0,11.0,10110.0,110.0,-0.24,99.76,-0.24,997.6,-2.4,9976.0,-24.0,3.0,103.0,3.0,1030.0,30.0,10300.0,300.0,28.0,128.0,28.0,1280.0,280.0,12800.0,2800.0,GSK Bets on Long-Acting Biologics and AI to Reshape Respiratory Care,MarketBeat,2026-09-23,0.494,GSK Targets £40B Sales as Oncology Push and £1.9B Savings Plan Take Shape,MarketBeat,2026-09-23,0.0,GSK (LSE:GSK) Stock Looks Reasonable As Its 58% Run Continues,Simply Wall St.,2026-09-17,0.0,,,,,,,,,,
CRSP,CRISPR Therapeutics,Biotech,gene-editing,NASDAQ,55.76,-5.76%,+7.58%,-2.30%,+3.70%,-3%,5.391,1.76,,1.65,2360541,13216441,32984541,,22.23,buy,2.05,-5.76,94.24,-5.76,942.4,-57.6,9424.0,-576.0,7.58,107.58,7.58,1075.8,75.8,10758.0,758.0,-2.3,97.7,-2.3,977.0,-23.0,9770.0,-230.0,3.7,103.7,3.7,1037.0,37.0,10370.0,370.0,-3.0,97.0,-3.0,970.0,-30.0,9700.0,-300.0,"CRSP, NTLA, BEAM, PRME, EDIT Shares Slip — Did Claude Just Spook Gene-Editing Stocks?",Stocktwits,2026-09-23,0.296,Billionaire Ken Fisher Was Buying These 2 Cathie Wood Stocks,Insider Monkey,2026-09-23,0.0,CRISPR Therapeutics Traded Sideways and Down for 12 Months: One Wall Street Pro Expects 85% Gains Soon,24/7 Wall St.,2026-09-23,0.34,,,,,,,,,,
BEAM,Beam Therapeutics,Biotech,gene-editing,NASDAQ,24.37,-6.16%,+4.95%,-13.98%,-10.21%,+10%,2.517,2.226,,2.1,1894805,10124805,39711405,,38.62,strong_buy,1.33,-6.16,93.84,-6.16,938.4,-61.6,9384.0,-616.0,4.95,104.95,4.95,1049.5,49.5,10495.0,495.0,-13.98,86.02,-13.98,860.2,-139.8,8602.0,-1398.0,-10.21,89.79,-10.21,897.9,-102.1,8979.0,-1021.0,10.0,110.0,10.0,1100.0,100.0,11000.0,1000.0,CRISPR Therapeutics Traded Sideways and Down for 12 Months: One Wall Street Pro Expects 85% Gains Soon,24/7 Wall St.,2026-09-23,0.34,Cathie Wood Goes Bargain Hunting: 3 Stocks She Just Bought,Motley Fool,2026-09-22,0.202,"Beyond Meta, Cathie Wood’s ARKG Loads Up On These 4 Biotech Names",Stocktwits,2026-09-22,0.0,,,,,,,,,,
NTLA,Intellia Therapeutics,Biotech,gene-editing,NASDAQ,12.33,-3.29%,+8.54%,-1.83%,+33.88%,-29%,1.728,1.819,,3.99,5029698,27720998,79926598,,39.49,buy,2.26,-3.29,96.71,-3.29,967.1,-32.9,9671.0,-329.0,8.54,108.54,8.54,1085.4,85.4,10854.0,854.0,-1.83,98.17,-1.83,981.7,-18.3,9817.0,-183.0,33.88,133.88,33.88,1338.8,338.8,13388.0,3388.0,-29.0,71.0,-29.0,710.0,-290.0,7100.0,-2900.0,"CRSP, NTLA, BEAM, PRME, EDIT Shares Slip — Did Claude Just Spook Gene-Editing Stocks?",Stocktwits,2026-09-23,0.296,CRISPR Therapeutics Traded Sideways and Down for 12 Months: One Wall Street Pro Expects 85% Gains Soon,24/7 Wall St.,2026-09-23,0.34,Intellia Therapeutics (NTLA) Stock Gets FDA Priority Review For Lonvo Z Gene Editing Therapy,Simply Wall St.,2026-09-22,0.0,,,,,,,,,,
EDIT,Editas Medicine,Biotech,gene-editing,NASDAQ,2.69,-8.49%,+2.28%,-10.33%,+31.22%,-13%*,0.413,2.087,,2.59,5157710,30681910,67188110,,19.72,none,,-8.49,91.51,-8.49,915.1,-84.9,9151.0,-849.0,2.28,102.28,2.28,1022.8,22.8,10228.0,228.0,-10.33,89.67,-10.33,896.7,-103.3,8967.0,-1033.0,31.22,131.22,31.22,1312.2,312.2,13122.0,3122.0,-13.0,87.0,-13.0,870.0,-130.0,8700.0,-1300.0,"CRSP, NTLA, BEAM, PRME, EDIT Shares Slip — Did Claude Just Spook Gene-Editing Stocks?",Stocktwits,2026-09-23,0.296,"Microsoft upgraded, HubSpot initiated: Wall Street's top analyst calls",The Fly,2026-09-23,0.202,CRISPR Therapeutics Traded Sideways and Down for 12 Months: One Wall Street Pro Expects 85% Gains Soon,24/7 Wall St.,2026-09-23,0.34,,,,,,,,,,
ILMN,Illumina,Biotech,genomics,NASDAQ,255.38,+3.23%,+14.89%,+14.41%,+90.09%,+162%,38.562,1.467,46.1,2.52,2297195,45121095,75924295,,10.54,buy,2.38,3.23,103.23,3.23,1032.3,32.3,10323.0,323.0,14.89,114.89,14.89,1148.9,148.9,11489.0,1489.0,14.41,114.41,14.41,1144.1,144.1,11441.0,1441.0,90.09,190.09,90.09,1900.9,900.9,19009.0,9009.0,162.0,262.0,162.0,2620.0,1620.0,26200.0,16200.0,Analysts Think 6 S&P 500 Stocks Are Grossly Overvalued,Investor's Business Daily,2026-09-23,-0.226,3 Healthcare Stocks with Warning Signs,StockStory,2026-09-23,-0.34,Illumina Stock Is Up 133% This Year. Here’s Where It Could Go Further.,TIKR,2026-09-20,0.0,3,buy,0.75,"+84% YTD, +10.9% 1M; added to S&P 500 Equal Weight Index, shifting to larger fund mandates. Clinical genomics volumes and consumables mix support recurring revenue growth.",+84% YTD; S&P 500 EW Index addition; Strong 1M +10.9%; P/E 45 justified by growth,,,,,
PACB,Pacific Biosciences,Biotech,genomics,NASDAQ,1.41,-2.75%,+5.22%,+10.16%,-23.37%,+18%*,0.438,2.31,,6.63,5255774,27889874,122091974,,18.34,buy,2.12,-2.75,97.25,-2.75,972.5,-27.5,9725.0,-275.0,5.22,105.22,5.22,1052.2,52.2,10522.0,522.0,10.16,110.16,10.16,1101.6,101.6,11016.0,1016.0,-23.37,76.63,-23.37,766.3,-233.7,7663.0,-2337.0,18.0,118.0,18.0,1180.0,180.0,11800.0,1800.0,2 Small-Cap Stocks for Long-Term Investors and 1 Facing Headwinds,StockStory,2026-09-21,0.0,"Pacific Biosciences Targets Clinical Growth, $40M Savings With HiFi Sequencing Push",MarketBeat,2026-09-20,0.382,Why Pacific Biosciences of California (PACB) Outpaced the Stock Market Today,Zacks,2026-09-17,0.0,8,buy,0.45,"+14.8% 1M, +9.7% 1W; small-cap genomics play with beta 2.31, high risk/reward. Recent momentum driven by long-term investor narrative despite negative YTD.",+14.8% 1M momentum; High beta 2.31 risk/reward; Small-cap genomics; Buy consensus 2.12,,,,,
NTRA,Natera,Biotech,genomics,NASDAQ,390.79,+0.17%,+11.41%,+19.25%,+70.77%,+138%,56.331,1.534,,1.42,1681226,11372426,28650226,,3.94,strong_buy,1.46,0.17,100.17,0.17,1001.7,1.7,10017.0,17.0,11.41,111.41,11.41,1114.1,114.1,11141.0,1141.0,19.25,119.25,19.25,1192.5,192.5,11925.0,1925.0,70.77,170.77,70.77,1707.7,707.7,17077.0,7077.0,138.0,238.0,138.0,2380.0,1380.0,23800.0,13800.0,"Stocks making big moves yesterday: AutoZone, Natera, Shopify, Twilio, and Lennar",StockStory,2026-09-23,0.0,Natera's Signatera Wins Japan PMDA Approval as Bladder Cancer CDx,Zacks,2026-09-23,0.34,Why Is Natera (NTRA) Stock Soaring Today,StockStory,2026-09-22,0.0,2,strong_buy,0.8,"+70.8% YTD, +19.3% 1M, analyst consensus strong_buy (score 1.46); strong momentum in oncology liquid biopsy testing with low short interest at 3.94%.",+71% YTD; Strong_buy consensus; Low short interest 3.9%; High momentum 1M +19%,,,,,
RXRX,Recursion Pharmaceuticals,Biotech,genomics,NASDAQ,3.7,-9.09%,+15.99%,+13.85%,-11.90%,-17%*,1.984,1.071,,19.96,23569811,174335711,418904411,,35.03,buy,2.43,-9.09,90.91,-9.09,909.1,-90.9,9091.0,-909.0,15.99,115.99,15.99,1159.9,159.9,11599.0,1599.0,13.85,113.85,13.85,1138.5,138.5,11385.0,1385.0,-11.9,88.1,-11.9,881.0,-119.0,8810.0,-1190.0,-17.0,83.0,-17.0,830.0,-170.0,8300.0,-1700.0,Enveda secures $311M to bring more nature-derived AI drugs into clinical trials,TechCrunch,2026-09-23,0.318,Recursion Pharmaceuticals (RXRX) Stock Moves 2.02%: What You Should Know,Zacks,2026-09-22,0.0,"Tempus AI (TEM) Has a $75 Goldman Sachs Target, But Its Data Business Faces a Bigger Test",Insider Monkey,2026-09-22,0.0,7,buy,0.55,"+25% 1W, +24.6% 1M; AI-driven drug discovery platform with high short interest 35% suggests potential squeeze risk, but fundamentals are exploratory.",+25% 1W momentum; Short interest 35% squeeze risk; AI platform thesis; Positive sentiment 0.18,,,,,
INCY,Incyte,Biotech,oncology,NASDAQ,124.64,-2.08%,+2.38%,-2.61%,+22.89%,+51%,25.264,0.77,15.88,1.66,1525822,9311122,29420722,,7.88,buy,2.29,-2.08,97.92,-2.08,979.2,-20.8,9792.0,-208.0,2.38,102.38,2.38,1023.8,23.8,10238.0,238.0,-2.61,97.39,-2.61,973.9,-26.1,9739.0,-261.0,22.89,122.89,22.89,1228.9,228.9,12289.0,2289.0,51.0,151.0,51.0,1510.0,510.0,15100.0,5100.0,"6 ‘Moonshot’ Biotech Stocks That Offer Big Risks, Bigger Rewards",Barrons.com,2026-09-23,0.25,How Is Incyte’s Stock Performance Compared to Other Biotech Stocks?,Barchart,2026-09-23,0.0,Dow Jones Tech Titan Amazon Eyes Buy Point Amid Battle With Key Support Level,Investor's Business Daily,2026-09-22,0.202,,,,,,,,,,
EXEL,Exelixis,Biotech,oncology,NASDAQ,56.73,-2.44%,-0.30%,+4.00%,+30.17%,+49%,14.057,0.422,17.84,2.49,1431532,12442332,45650532,,15.81,buy,2.37,-2.44,97.56,-2.44,975.6,-24.4,9756.0,-244.0,-0.3,99.7,-0.3,997.0,-3.0,9970.0,-30.0,4.0,104.0,4.0,1040.0,40.0,10400.0,400.0,30.17,130.17,30.17,1301.7,301.7,13017.0,3017.0,49.0,149.0,49.0,1490.0,490.0,14900.0,4900.0,Alpha Teknova (TKNO) Moves 7.1% Higher: Will This Strength Last?,Zacks,2026-09-22,0.579,Exelixis (EXEL) Gets FDA Review Extension For Zanzalintinib განაცხად tometastatic Colorectal Cancer,Simply Wall St.,2026-09-21,-0.66,"Exelixis Eyes Oncology Deals, Readies Zanzalintinib Launch as Cabozantinib Tops $3B",MarketBeat,2026-09-17,0.511,5,buy,0.7,"+33.4% YTD, +6.6% 1M; P/E 18.3, low beta 0.42, positive news sentiment 0.30 — strong setup in oncology with manageable risk.",+33% YTD; P/E 18.3 attractive; Positive sentiment 0.30; Low volatility beta 0.42,,,,,
ALNY,Alnylam Pharmaceuticals,Biotech,oncology,NASDAQ,246.51,-2.22%,+3.46%,+4.45%,-38.40%,-45%,32.985,0.3,42.95,1.84,1467114,7235014,34616414,,6.31,buy,1.69,-2.22,97.78,-2.22,977.8,-22.2,9778.0,-222.0,3.46,103.46,3.46,1034.6,34.6,10346.0,346.0,4.45,104.45,4.45,1044.5,44.5,10445.0,445.0,-38.4,61.6,-38.4,616.0,-384.0,6160.0,-3840.0,-45.0,55.0,-45.0,550.0,-450.0,5500.0,-4500.0,Was Moderna Stock's Cancer Vaccine Run Visible In Advance?,Trefis,2026-09-22,-0.66,"Alnylam Highlights AMVUTTRA Momentum, Resets 2026 TTR Revenue Outlook",MarketBeat,2026-09-20,0.0,Alnylam’s Zilebesiran Targets Twice-Yearly Blood Pressure Control in ZENITH Trial,MarketBeat,2026-09-20,-0.296,4,buy,0.8,TTR franchise revenue >$1B in Q2; AMVUTTRA cardiomyopathy launch strong with 50%+ physician market share; generic tafamidis delayed to 2031. Pipeline catalysts include HD Phase I data in Oct 2026 [thelincolnianonline.com](https://www.thelincolnianonline.com/2026/09/23/alnylam-highlights-amvuttra-momentum-resets-2026-ttr-revenue-outlook.html).,$1B+ TTR franchise Q2; Generic tafamidis delay 2031; HD pipeline catalyst Oct 2026; Buy consensus score 1.69,,,,,
RCUS,Arcus Biosciences,Biotech,oncology,NYSE,26.39,-1.79%,+8.51%,-12.38%,+13.31%,+115%*,3.319,0.812,,1.38,1561368,9876168,33201468,,16.76,strong_buy,1.43,-1.79,98.21,-1.79,982.1,-17.9,9821.0,-179.0,8.51,108.51,8.51,1085.1,85.1,10851.0,851.0,-12.38,87.62,-12.38,876.2,-123.8,8762.0,-1238.0,13.31,113.31,13.31,1133.1,133.1,11331.0,1331.0,115.0,215.0,115.0,2150.0,1150.0,21500.0,11500.0,Could Arcus Biosciences (RCUS) and Summit Therapeutics (SMMT)’s Cancer Drug Partnership Create a New Treatment Standard?,Insider Monkey,2026-08-14,-0.511,Arcus Biosciences (RCUS) Q2 2026 Earnings Call Transcript,Motley Fool,2026-08-13,0.0,"Arcus Biosciences' Casdatifan Therapy Could be Launched in 2028, Morgan Stanley Says",MT Newswires,2026-08-10,0.128,,,,,,,,,,
MRNA,Moderna,Biotech,mrna,NASDAQ,182.11,-0.12%,+25.06%,+31.12%,+490.12%,+605%,72.705,1.106,,16.68,17662820,102119620,415430020,,11.98,hold,2.74,-0.12,99.88,-0.12,998.8,-1.2,9988.0,-12.0,25.06,125.06,25.06,1250.6,250.6,12506.0,2506.0,31.12,131.12,31.12,1311.2,311.2,13112.0,3112.0,490.12,590.12,490.12,5901.2,4901.2,59012.0,49012.0,605.0,705.0,605.0,7050.0,6050.0,70500.0,60500.0,Moderna Stock Hits a New High as CEO Says It’s More Than Covid Vaccines,Barrons.com,2026-09-23,0.0,These 2 Stocks Are Bucking The Broader Market Selloff To Hit New Multi-Year Highs — Here’s What’s Driving The Enthusiasm,Stocktwits,2026-09-23,0.44,Moderna Eyes Cancer Vaccine Filing as It Expands Beyond COVID,MarketBeat,2026-09-23,-0.612,1,strong_buy,1.0,"+491% YTD, +31% 1M; Phase 3 INTerpath-001 melanoma data won ESMO Presidential Symposium slot Oct 24, with the stock surging 9% on the announcement alone [247wallst.com](https://247wallst.com/investing/2026/09/21/moderna-surges-9-as-phase-3-melanoma-data-wins-presidential-symposium-slot-merck-and-biontech-edge-higher/).",+491% YTD; +31% 1M momentum; ESMO Presidential Symposium catalyst; Short interest 12%,,,,,
BNTX,BioNTech,Biotech,mrna,NASDAQ,98.46,-3.46%,+1.83%,-12.73%,+1.83%,+1%,24.734,1.293,,1.16,997050,4108650,23472950,,3.45,buy,1.7,-3.46,96.54,-3.46,965.4,-34.6,9654.0,-346.0,1.83,101.83,1.83,1018.3,18.3,10183.0,183.0,-12.73,87.27,-12.73,872.7,-127.3,8727.0,-1273.0,1.83,101.83,1.83,1018.3,18.3,10183.0,183.0,1.0,101.0,1.0,1010.0,10.0,10100.0,100.0,Moderna Stock Hits a New High as CEO Says It’s More Than Covid Vaccines,Barrons.com,2026-09-23,0.0,European Equities Traded in the US as American Depositary Receipts Decline in Tuesday Trading,MT Newswires,2026-09-22,0.0,Moderna Adds Another 5% and Is Up 500% in 2026. Can MRNA Stock Continue the Melt-Up?,24/7 Wall St.,2026-09-22,0.0,,,,,,,,,,
NVAX,Novavax,Biotech,mrna,NASDAQ,10.55,-4.09%,+14.30%,+19.07%,+47.97%,+25%*,1.74,2.45,,4.51,5764394,34760194,120243194,,29.77,buy,2.33,-4.09,95.91,-4.09,959.1,-40.9,9591.0,-409.0,14.3,114.3,14.3,1143.0,143.0,11430.0,1430.0,19.07,119.07,19.07,1190.7,190.7,11907.0,1907.0,47.97,147.97,47.97,1479.7,479.7,14797.0,4797.0,25.0,125.0,25.0,1250.0,250.0,12500.0,2500.0,3 Volatile Stocks with Questionable Fundamentals,StockStory,2026-09-21,-0.296,Novavax (NVAX) Beats Stock Market Upswing: What Investors Need to Know,Zacks,2026-09-18,0.0,Novavax (NVAX) Soars 7.0%: Is Further Upside Left in the Stock?,Zacks,2026-09-18,0.0,9,buy,0.4,"+51.9% YTD, +22.2% 1M; high short interest 29.8% adds volatility, but recent momentum is strong. Fundamental concerns remain with negative sentiment.",+52% YTD; +22% 1M momentum; Short interest 29.8%; High risk/reward profile,,,,,
BMRN,BioMarin Pharmaceutical,Biotech,rare-disease,NASDAQ,62.21,-1.83%,-3.48%,-4.40%,+4.64%,+18%,12.043,0.238,168.14,1.97,2105162,12070962,40706462,,5.12,buy,1.74,-1.83,98.17,-1.83,981.7,-18.3,9817.0,-183.0,-3.48,96.52,-3.48,965.2,-34.8,9652.0,-348.0,-4.4,95.6,-4.4,956.0,-44.0,9560.0,-440.0,4.64,104.64,4.64,1046.4,46.4,10464.0,464.0,18.0,118.0,18.0,1180.0,180.0,11800.0,1800.0,What Is Drawing Fresh Attention To BioMarin Pharmaceutical (BMRN)?,Simply Wall St.,2026-09-19,0.318,Did VOXZOGO’s Hypochondroplasia Win and New R&D Hire Just Reframe BioMarin’s (BMRN) Investment Narrative?,Simply Wall St.,2026-09-19,0.586,BioMarin Targets Amicus Synergies as VOXZOGO Nears $1B Milestone,MarketBeat,2026-09-18,0.0,,,,,,,,,,
SRPT,Sarepta Therapeutics,Biotech,rare-disease,NASDAQ,18.95,-10.10%,-8.54%,+4.52%,-11.07%,+14%,2.002,0.261,,3.39,3755879,16902079,68878979,,27.94,hold,2.74,-10.1,89.9,-10.1,899.0,-101.0,8990.0,-1010.0,-8.54,91.46,-8.54,914.6,-85.4,9146.0,-854.0,4.52,104.52,4.52,1045.2,45.2,10452.0,452.0,-11.07,88.93,-11.07,889.3,-110.7,8893.0,-1107.0,14.0,114.0,14.0,1140.0,140.0,11400.0,1400.0,Was Moderna Stock's Cancer Vaccine Run Visible In Advance?,Trefis,2026-09-22,-0.66,"Sarepta Sees ELEVIDYS Demand Stabilizing as FSHD, DM1 Readouts Near",MarketBeat,2026-09-15,-0.128,Novartis Stock Tanks Following Third Major Pipeline Setback,Barrons.com,2026-09-08,0.0,10,buy,0.3,"+14.8% 1M, but YTD -2.4%, high short interest 27.9%, negative sentiment -0.19, and analyst hold rating (score 2.74). Risk of Duchenne pipeline setbacks limits upside.",Short interest 27.9%; Negative sentiment -0.19; Hold consensus; YTD -2.4% negative,,,,,
COAG,Hemab Therapeutics,Biotech,rare-disease,NASDAQ,36.73,-3.97%,-8.43%,-21.30%,+8.03%,+12%,1.716,,,0.43,417069,6149569,12102869,,,none,,-3.97,96.03,-3.97,960.3,-39.7,9603.0,-397.0,-8.43,91.57,-8.43,915.7,-84.3,9157.0,-843.0,-21.3,78.7,-21.3,787.0,-213.0,7870.0,-2130.0,8.03,108.03,8.03,1080.3,80.3,10803.0,803.0,12.0,112.0,12.0,1120.0,120.0,11200.0,1200.0,Sector Update: Healthcare Stocks Advance Late Afternoon,MT Newswires,2026-07-13,0.0,"Hemab Therapeutics Details Post-IPO Pipeline Push, Sutacimig Phase III Plans",MarketBeat,2026-06-09,0.0,Hemab Therapeutics IPO Debut Puts COAG And Pipeline Risks In Focus,Simply Wall St.,2026-05-03,-0.273,,,,,,,,,,
NVO,Novo Nordisk,Biotech,metabolic,NYSE,38.17,-3.22%,-8.49%,-18.65%,-23.51%,-33%,168.589,0.344,9.57,12.15,18213389,115323589,280335989,456.0,1.0,hold,2.71,-3.22,96.78,-3.22,967.8,-32.2,9678.0,-322.0,-8.49,91.51,-8.49,915.1,-84.9,9151.0,-849.0,-18.65,81.35,-18.65,813.5,-186.5,8135.0,-1865.0,-23.51,76.49,-23.51,764.9,-235.1,7649.0,-2351.0,-33.0,67.0,-33.0,670.0,-330.0,6700.0,-3300.0,Novo Nordisk (NVO) Falls More Steeply Than Broader Market: What Investors Need to Know,Zacks,2026-09-23,0.0,Novo Nordisk CEO opens the door to major move for U.S. investors,TheStreet,2026-09-23,0.0,"NVO Stock On Track For Worst Week In Over 6 Months After Strategy Day — Direct US Listing Talks, Drug Approval Fail To Halt Slip",Stocktwits,2026-09-23,-0.67,,,,,,,,,,
LLY,Eli Lilly,Biotech,metabolic,NYSE,1150.99,-1.64%,+1.31%,-7.69%,+7.05%,+58%,1026.385,0.502,38.57,2.68,2152646,12543646,49614746,59.0,0.89,buy,1.63,-1.64,98.36,-1.64,983.6,-16.4,9836.0,-164.0,1.31,101.31,1.31,1013.1,13.1,10131.0,131.0,-7.69,92.31,-7.69,923.1,-76.9,9231.0,-769.0,7.05,107.05,7.05,1070.5,70.5,10705.0,705.0,58.0,158.0,58.0,1580.0,580.0,15800.0,5800.0,Could Retatrutide Be Worth $10 Billion to Eli Lilly?,Motley Fool,2026-09-23,0.226,Lilly Slips as $6.5 Billion Plant Backs Oral GLP-1 Scale,GuruFocus.com,2026-09-23,-0.052,What Is AbbVie No Longer Telling You?,Trefis,2026-09-23,-0.296,,,,,,,,,,
LEGN,Legend Biotech,Biotech,neuroscience,NASDAQ,18.45,-0.32%,+4.41%,-11.89%,-14.23%,-43%,3.589,0.402,,2.31,2408392,13655792,43246292,,20.03,buy,2.07,-0.32,99.68,-0.32,996.8,-3.2,9968.0,-32.0,4.41,104.41,4.41,1044.1,44.1,10441.0,441.0,-11.89,88.11,-11.89,881.1,-118.9,8811.0,-1189.0,-14.23,85.77,-14.23,857.7,-142.3,8577.0,-1423.0,-43.0,57.0,-43.0,570.0,-430.0,5700.0,-4300.0,LEGN’s New CEO From Novartis Paves Way For Buyout Speculation,Stocktwits,2026-09-15,0.0,Legend Names Novartis Executive as CEO,The Wall Street Journal,2026-09-15,0.0,Legend Naming Novartis Executive as CEO,The Wall Street Journal,2026-09-15,0.0,,,,,,,,,,
IONS,Ionis Pharmaceuticals,Biotech,neuroscience,NASDAQ,43.93,-3.98%,-7.03%,-29.19%,-44.86%,-28%,7.301,0.419,,3.61,3523227,27448927,80698427,,16.67,buy,1.83,-3.98,96.02,-3.98,960.2,-39.8,9602.0,-398.0,-7.03,92.97,-7.03,929.7,-70.3,9297.0,-703.0,-29.19,70.81,-29.19,708.1,-291.9,7081.0,-2919.0,-44.86,55.14,-44.86,551.4,-448.6,5514.0,-4486.0,-28.0,72.0,-28.0,720.0,-280.0,7200.0,-2800.0,"The Biggest Losers In Biotech — And It Had Nothing To Do With 'Compelling,' 'Best-In-Disease' Data",Investor's Business Daily,2026-09-23,-0.361,"Roche, Ionis RNA drug scores in kidney disease study",BioPharma Dive,2026-09-23,0.0,Ionis Delivers Positive Late-Stage Results for Two Partnered Drugs,Zacks,2026-09-23,0.557,,,,,,,,,,
BTC,Bitcoin,Crypto,bitcoin,Crypto,84462.587299,-1.98%,+11.64%,+7.38%,-3.49%,-3%,1696.726,,,35963.11,43496653160,251741769987,942537191057,,,,,-1.98,98.02,-1.98,980.2,-19.8,9802.0,-198.0,11.64,111.64,11.64,1116.4,116.4,11164.0,1164.0,7.38,107.38,7.38,1073.8,73.8,10738.0,738.0,-3.49,96.51,-3.49,965.1,-34.9,9651.0,-349.0,-3.0,97.0,-3.0,970.0,-30.0,9700.0,-300.0,"The end of an era for BitMEX, the OG perpetual swap exchange",Yahoo Finance Video,2026-09-23,0.0,Bitcoin ETFs surge past $2.3 billion in four days,Yahoo Finance Video,2026-09-23,0.0,BitMEX Has Shut Down: Where Do Its Traders Go Now?,24/7 Wall St.,2026-09-23,0.0,1,strong_buy,0.9,"Bitcoin leads with +11.70% 1M, +13.93% 1W, positive news sentiment 0.262, and analyst declaring 'crypto winter is over' as BTC tops $86K.","+13.93% 1W momentum; market cap $1,736B; positive news sentiment 0.262; anchor asset stability",,,,,
ETH,Ethereum,Crypto,layer1,Crypto,2688.229435,-2.40%,+12.42%,+8.70%,-9.39%,-9%,328.161,,,16827.13,16456702906,117789928636,428863552935,,,,,-2.4,97.6,-2.4,976.0,-24.0,9760.0,-240.0,12.42,112.42,12.42,1124.2,124.2,11242.0,1242.0,8.7,108.7,8.7,1087.0,87.0,10870.0,870.0,-9.39,90.61,-9.39,906.1,-93.9,9061.0,-939.0,-9.0,91.0,-9.0,910.0,-90.0,9100.0,-900.0,Prediction markets face questions over reported volume and fraud schemes,Yahoo Finance Video,2026-09-23,-0.586,Why the CFTC issued a warning to the prediction market industry,Yahoo Finance Video,2026-09-23,-0.34,"Bitcoin and ethereum prices today, Wednesday, September 23, 2026: Crypto prices open near 8-month highs. Is the crypto winter over?",Yahoo Personal Finance,2026-09-23,0.0,,,,,,,,,,
SOL,Solana,Crypto,layer1,Crypto,115.030938,-2.93%,+18.06%,+18.08%,-7.62%,-8%,67.59,,,4304.24,6829734089,30129645724,115409745340,,,,,-2.93,97.07,-2.93,970.7,-29.3,9707.0,-293.0,18.06,118.06,18.06,1180.6,180.6,11806.0,1806.0,18.08,118.08,18.08,1180.8,180.8,11808.0,1808.0,-7.62,92.38,-7.62,923.8,-76.2,9238.0,-762.0,-8.0,92.0,-8.0,920.0,-80.0,9200.0,-800.0,SoFi and Mastercard's new stablecoin partnership is a big deal. Here's why.,Yahoo Finance Video,2026-09-23,0.0,Bitcoin ETFs rakes in the dough,Yahoo Finance Video,2026-09-23,0.0,Bitcoin Cash Rallies 30% Following CME Futures Announcement,24/7 Wall St.,2026-09-23,0.0,8,buy,0.8,"SOL has +25.98% 1M, +22.29% 1W, market cap $69.75B, positive news sentiment 0.091, and strong ecosystem activity.",+25.98% 1M; +22.29% 1W; large cap $69.75B; positive sentiment 0.091,,,,,
BNB,BNB,Crypto,layer1,Crypto,767.437403,-2.54%,+6.83%,+9.40%,-11.09%,-11%,102.192,,,1223.82,1321030868,8566757200,31317516033,,,,,-2.54,97.46,-2.54,974.6,-25.4,9746.0,-254.0,6.83,106.83,6.83,1068.3,68.3,10683.0,683.0,9.4,109.4,9.4,1094.0,94.0,10940.0,940.0,-11.09,88.91,-11.09,889.1,-110.9,8891.0,-1109.0,-11.0,89.0,-11.0,890.0,-110.0,8900.0,-1100.0,Zhibao Technology Signs Non-Binding LOI to Acquire On-Chain Trading Platform MeVX,InvestorsHub,2026-09-23,0.0,Ondo opens new path for institutions to bring shares onchain,TheStreet,2026-09-21,0.296,Why Is BNB Up Today? It’s Back Above $100 Billion and Up 12% This Month,24/7 Wall St.,2026-09-21,0.0,,,,,,,,,,
ADA,Cardano,Crypto,layer1,Crypto,0.238581,-5.83%,+23.80%,+8.47%,-28.28%,-28%,8.772,,,610.43,933731241,4272985445,13910456842,,,,,-5.83,94.17,-5.83,941.7,-58.3,9417.0,-583.0,23.8,123.8,23.8,1238.0,238.0,12380.0,2380.0,8.47,108.47,8.47,1084.7,84.7,10847.0,847.0,-28.28,71.72,-28.28,717.2,-282.8,7172.0,-2828.0,-28.0,72.0,-28.0,720.0,-280.0,7200.0,-2800.0,Bitcoin Cash Rallies 30% Following CME Futures Announcement,24/7 Wall St.,2026-09-23,0.0,XRP vs. Cardano: Which Is the Smarter Buy After Cardano’s 30% Surge?,24/7 Wall St.,2026-09-23,0.459,AI Predicts ADA Price as Cardano Outgrows the Rest of the Market,Coinspeaker,2026-09-23,0.0,10,buy,0.65,"ADA gained +17.45% 1M, +32.37% 1W, with news of AI agent payments via x402, market cap $9.49B, and a 4-month high.",+32.37% 1W; AI agent payments news; market cap $9.49B; 4-month high,,,,,
AVAX,Avalanche,Crypto,layer1,Crypto,10.313419,-8.39%,+40.44%,+37.18%,-16.21%,-16%,4.569,,,753.9,665873342,5277321565,10515117938,,,,,-8.39,91.61,-8.39,916.1,-83.9,9161.0,-839.0,40.44,140.44,40.44,1404.4,404.4,14044.0,4044.0,37.18,137.18,37.18,1371.8,371.8,13718.0,3718.0,-16.21,83.79,-16.21,837.9,-162.1,8379.0,-1621.0,-16.0,84.0,-16.0,840.0,-160.0,8400.0,-1600.0,Will XRP or Avalanche Keep Their Gains in October?,24/7 Wall St.,2026-09-23,0.34,Bitcoin Cash Rallies 30% Following CME Futures Announcement,24/7 Wall St.,2026-09-23,0.0,Kevin O'Leary Is Certain Ethereum Won't Be the 'Standard' Across Industry Sectors — The 'Shark' Says These Coins Could Gain Interest,Benzinga,2026-09-22,0.818,5,buy,0.8,"AVAX shows +49.66% 1M, +53.21% 1W, positive news sentiment 0.104, and a market cap of $4.96B, benefiting from broad altcoin rally.",+49.66% 1M; +53.21% 1W; positive news sentiment 0.104; mid-cap liquidity,,,,,
XRP,XRP,Crypto,payments,Crypto,1.500861,-4.63%,+16.72%,+1.66%,-18.40%,-18%,94.373,,,3998.22,5968132786,27987549532,91569389517,,,,,-4.63,95.37,-4.63,953.7,-46.3,9537.0,-463.0,16.72,116.72,16.72,1167.2,167.2,11672.0,1672.0,1.66,101.66,1.66,1016.6,16.6,10166.0,166.0,-18.4,81.6,-18.4,816.0,-184.0,8160.0,-1840.0,-18.0,82.0,-18.0,820.0,-180.0,8200.0,-1800.0,$20 Million in XRP Stolen From Thousands of Hardware Wallets,BeInCrypto,2026-09-23,-0.494,Will XRP or Avalanche Keep Their Gains in October?,24/7 Wall St.,2026-09-23,0.34,Ripple vs Chainlink: Which Bet on Swift Pays Off?,24/7 Wall St.,2026-09-23,0.202,,,,,,,,,,
XLM,Stellar,Crypto,payments,Crypto,0.202169,-6.68%,+12.60%,+4.63%,+0.77%,+1%,7.063,,,289.2,404205465,2024375270,6003154605,,,,,-6.68,93.32,-6.68,933.2,-66.8,9332.0,-668.0,12.6,112.6,12.6,1126.0,126.0,11260.0,1260.0,4.63,104.63,4.63,1046.3,46.3,10463.0,463.0,0.77,100.77,0.77,1007.7,7.7,10077.0,77.0,1.0,101.0,1.0,1010.0,10.0,10100.0,100.0,Bitcoin Cash Rallies 30% Following CME Futures Announcement,24/7 Wall St.,2026-09-23,0.0,XRP Is Down 14% in 2026 While Stellar Is Up 8%. Which Is the Better Buy Now?,24/7 Wall St.,2026-09-23,0.44,,,,,,,,,,,,,,
TRX,TRON,Crypto,payments,Crypto,0.341369,-0.09%,+1.88%,-0.86%,+20.05%,+20%,32.418,,,439.0,606545619,3072975708,12409074359,,,,,-0.09,99.91,-0.09,999.1,-0.9,9991.0,-9.0,1.88,101.88,1.88,1018.8,18.8,10188.0,188.0,-0.86,99.14,-0.86,991.4,-8.6,9914.0,-86.0,20.05,120.05,20.05,1200.5,200.5,12005.0,2005.0,20.0,120.0,20.0,1200.0,200.0,12000.0,2000.0,Moscow Exchange Launches XRP Futures in Rubles. What’s Behind the Timing?,24/7 Wall St.,2026-09-23,0.0,"USDT Dominates, Sun Gives Prize, TRX Lands in Moscow: TRON News Roundup",Cryptonews,2026-09-23,0.542,USDT on TRON Becomes Most Used Onchain Payment Option on CoinsBee as Stablecoin Spending Grows,BeInCrypto,2026-09-21,0.0,,,,,,,,,,
SUI,Sui,Crypto,emerging,Crypto,0.961017,-5.87%,+37.21%,+20.34%,-31.48%,-31%,3.937,,,987.52,1191546468,6912605741,18466432633,,,,,-5.87,94.13,-5.87,941.3,-58.7,9413.0,-587.0,37.21,137.21,37.21,1372.1,372.1,13721.0,3721.0,20.34,120.34,20.34,1203.4,203.4,12034.0,2034.0,-31.48,68.52,-31.48,685.2,-314.8,6852.0,-3148.0,-31.0,69.0,-31.0,690.0,-310.0,6900.0,-3100.0,"DOGE, SUI, SOL, XRP Rally Faster Than Bitcoin As BTC Hits 8-Month High",Stocktwits,2026-09-22,0.0,,,,,,,,,,,,,,,,,,
HBAR,Hedera,Crypto,emerging,Crypto,0.090441,-8.80%,+24.47%,+13.61%,-14.83%,-15%,3.964,,,152.92,275707950,1070437142,2593020090,,,,,-8.8,91.2,-8.8,912.0,-88.0,9120.0,-880.0,24.47,124.47,24.47,1244.7,244.7,12447.0,2447.0,13.61,113.61,13.61,1136.1,136.1,11361.0,1361.0,-14.83,85.17,-14.83,851.7,-148.3,8517.0,-1483.0,-15.0,85.0,-15.0,850.0,-150.0,8500.0,-1500.0,,,,,,,,,,,,,,,,,,,,,,
ALGO,Algorand,Crypto,emerging,Crypto,0.104333,-6.93%,+19.13%,+14.05%,-5.31%,-5%,0.945,,,59.38,57435405,415675080,1225483310,,,,,-6.93,93.07,-6.93,930.7,-69.3,9307.0,-693.0,19.13,119.13,19.13,1191.3,191.3,11913.0,1913.0,14.05,114.05,14.05,1140.5,140.5,11405.0,1405.0,-5.31,94.69,-5.31,946.9,-53.1,9469.0,-531.0,-5.0,95.0,-5.0,950.0,-50.0,9500.0,-500.0,,,,,,,,,,,,,,,,,,,,,,
MINA,Mina,Crypto,emerging,Crypto,0.145401,-5.80%,+70.60%,+148.48%,+92.46%,+92%,0.187,,,23.69,55078795,165817483,495158749,,,,,-5.8,94.2,-5.8,942.0,-58.0,9420.0,-580.0,70.6,170.6,70.6,1706.0,706.0,17060.0,7060.0,148.48,248.48,148.48,2484.8,1484.8,24848.0,14848.0,92.46,192.46,92.46,1924.6,924.6,19246.0,9246.0,92.0,192.0,92.0,1920.0,920.0,19200.0,9200.0,,,,,,,,,,,,,3,strong_buy,0.7,"MINA surged +149% 1M, +79.64% 1W, +10.68% 1D, with a 26% daily spike to $0.1554 and active market participation of $4.58M volume.",+149% 1M momentum; +79.64% 1W; 26% daily surge; high volume $4.58M,,,,,
POL,Polygon (MATIC),Crypto,infra,Crypto,0.100523,-7.89%,+6.83%,-11.24%,+0.08%,+0%,1.067,,,113.48,84180708,794330845,2588879247,,,,,-7.89,92.11,-7.89,921.1,-78.9,9211.0,-789.0,6.83,106.83,6.83,1068.3,68.3,10683.0,683.0,-11.24,88.76,-11.24,887.6,-112.4,8876.0,-1124.0,0.08,100.08,0.08,1000.8,0.8,10008.0,8.0,0.0,100.0,0.0,1000.0,0.0,10000.0,0.0,,,,,,,,,,,,,,,,,,,,,,
DOT,Polkadot,Crypto,infra,Crypto,1.097195,-9.62%,+9.96%,+22.66%,-38.70%,-39%,1.87,,,221.27,188235176,1548855911,5203907089,,,,,-9.62,90.38,-9.62,903.8,-96.2,9038.0,-962.0,9.96,109.96,9.96,1099.6,99.6,10996.0,996.0,22.66,122.66,22.66,1226.6,226.6,12266.0,2266.0,-38.7,61.3,-38.7,613.0,-387.0,6130.0,-3870.0,-39.0,61.0,-39.0,610.0,-390.0,6100.0,-3900.0,,,,,,,,,,,,,,,,,,,,,,
LINK,Chainlink,Crypto,infra,Crypto,12.35368,-5.08%,+13.53%,+6.48%,+1.31%,+1%,9.242,,,523.35,599609977,3663482915,23862906974,,,,,-5.08,94.92,-5.08,949.2,-50.8,9492.0,-508.0,13.53,113.53,13.53,1135.3,135.3,11353.0,1353.0,6.48,106.48,6.48,1064.8,64.8,10648.0,648.0,1.31,101.31,1.31,1013.1,13.1,10131.0,131.0,1.0,101.0,1.0,1010.0,10.0,10100.0,100.0,Ethereum vs. Chainlink: Which Will Benefit More From Tokenization?,24/7 Wall St.,2026-09-23,0.459,Bitcoin Cash Rallies 30% Following CME Futures Announcement,24/7 Wall St.,2026-09-23,0.0,Ripple vs Chainlink: Which Bet on Swift Pays Off?,24/7 Wall St.,2026-09-23,0.202,,,,,,,,,,
DOGE,Dogecoin,Crypto,meme,Crypto,0.092611,-7.78%,+15.86%,+3.41%,-21.04%,-21%,15.906,,,1129.88,2794843885,7909165720,25111235191,,,,,-7.78,92.22,-7.78,922.2,-77.8,9222.0,-778.0,15.86,115.86,15.86,1158.6,158.6,11586.0,1586.0,3.41,103.41,3.41,1034.1,34.1,10341.0,341.0,-21.04,78.96,-21.04,789.6,-210.4,7896.0,-2104.0,-21.0,79.0,-21.0,790.0,-210.0,7900.0,-2100.0,Shiba Inu investors eye highest-ever Q3 return,TheStreet,2026-09-23,0.0,Where Will Cardano (ADA) Be in 3 Years?,Motley Fool,2026-09-23,0.0,3 Meme Coins to Watch in the Fourth Week of September 2026,BeInCrypto,2026-09-22,0.0,,,,,,,,,,
PEPE,Pepe,Crypto,meme,Crypto,4e-06,-12.71%,+29.21%,+7.85%,+7.33%,+7%,1.791,,,512.2,930003034,3585395890,9361123955,,,,,-12.71,87.29,-12.71,872.9,-127.1,8729.0,-1271.0,29.21,129.21,29.21,1292.1,292.1,12921.0,2921.0,7.85,107.85,7.85,1078.5,78.5,10785.0,785.0,7.33,107.33,7.33,1073.3,73.3,10733.0,733.0,7.0,107.0,7.0,1070.0,70.0,10700.0,700.0,3 Meme Coins to Watch in the Fourth Week of September 2026,BeInCrypto,2026-09-22,0.0,"Pepe surges 22%, leading Bitcoin, Dogecoin, XRP",TheStreet,2026-09-22,0.0,,,,,,,,,,,,,,
TAO,Bittensor,Crypto,ai,Crypto,286.65352,-8.32%,+31.40%,+19.41%,+31.09%,+31%,3.31,,,334.17,521295957,2339214333,6582498187,,,,,-8.32,91.68,-8.32,916.8,-83.2,9168.0,-832.0,31.4,131.4,31.4,1314.0,314.0,13140.0,3140.0,19.41,119.41,19.41,1194.1,194.1,11941.0,1941.0,31.09,131.09,31.09,1310.9,310.9,13109.0,3109.0,31.0,131.0,31.0,1310.0,310.0,13100.0,3100.0,,,,,,,,,,,,,6,buy,0.75,"TAO has +44% YTD, +33.85% 1M, +45.29% 1W, with a market cap of $3.63B, riding the AI narrative and strong weekly momentum.",+44% YTD; +45.29% 1W; AI narrative; market cap $3.63B,,,,,
FET,ASI Alliance,Crypto,ai,Crypto,0.194707,-6.83%,+26.50%,+12.94%,-2.01%,-2%,0.45,,,122.67,148319147,858696111,2658162097,,,,,-6.83,93.17,-6.83,931.7,-68.3,9317.0,-683.0,26.5,126.5,26.5,1265.0,265.0,12650.0,2650.0,12.94,112.94,12.94,1129.4,129.4,11294.0,1294.0,-2.01,97.99,-2.01,979.9,-20.1,9799.0,-201.0,-2.0,98.0,-2.0,980.0,-20.0,9800.0,-200.0,"Fetch.ai and NuNet Exploited for $2 Million by Same Attacker, NTX Hits All-Time Low",BeInCrypto,2026-09-20,-0.832,,,,,,,,,,,,,,,,,,
RNDR,Render,Crypto,ai,Crypto,1.734928,-5.49%,+30.28%,+17.24%,+35.11%,+35%,0.9,,,79.85,88525277,558971841,1532752688,,,,,-5.49,94.51,-5.49,945.1,-54.9,9451.0,-549.0,30.28,130.28,30.28,1302.8,302.8,13028.0,3028.0,17.24,117.24,17.24,1172.4,172.4,11724.0,1724.0,35.11,135.11,35.11,1351.1,351.1,13511.0,3511.0,35.0,135.0,35.0,1350.0,350.0,13500.0,3500.0,,,,,,,,,,,,,7,buy,0.7,"RNDR gained +45% YTD, +26.37% 1M, +42.89% 1W, with a market cap of $0.97B, benefiting from AI and rendering demand.",+45% YTD; +42.89% 1W; AI/rendering sector; market cap $0.97B,,,,,
OCEAN,Ocean Protocol,Crypto,ai,Crypto,0.168537,-0.02%,+6.34%,+22.38%,+11.92%,+12%,,,,0.11,88131,759402,3305147,,,,,-0.02,99.98,-0.02,999.8,-0.2,9998.0,-2.0,6.34,106.34,6.34,1063.4,63.4,10634.0,634.0,22.38,122.38,22.38,1223.8,223.8,12238.0,2238.0,11.92,111.92,11.92,1119.2,119.2,11192.0,1192.0,12.0,112.0,12.0,1120.0,120.0,11200.0,1200.0,,,,,,,,,,,,,,,,,,,,,,
GRT,The Graph,Crypto,ai,Crypto,0.024884,-2.26%,+41.23%,+41.20%,-25.15%,-25%,0.272,,,16.77,22739232,117399006,567066092,,,,,-2.26,97.74,-2.26,977.4,-22.6,9774.0,-226.0,41.23,141.23,41.23,1412.3,412.3,14123.0,4123.0,41.2,141.2,41.2,1412.0,412.0,14120.0,4120.0,-25.15,74.85,-25.15,748.5,-251.5,7485.0,-2515.0,-25.0,75.0,-25.0,750.0,-250.0,7500.0,-2500.0,,,,,,,,,,,,,4,strong_buy,0.75,"GRT gained +52.86% 1M, +53.38% 1W, +14.32% 1D, trading above all key moving averages with strong technical momentum and overbought signals.",+52.86% 1M momentum; +14.32% 1D; above MA-20/50/200; overbought but strong trend,,,,,
AGIX,SingularityNET,Crypto,ai,Crypto,0.079483,-5.28%,+18.44%,+5.51%,-7.31%,-7%,,,,0.83,1969,5815909,6052269,,,,,-5.28,94.72,-5.28,947.2,-52.8,9472.0,-528.0,18.44,118.44,18.44,1184.4,184.4,11844.0,1844.0,5.51,105.51,5.51,1055.1,55.1,10551.0,551.0,-7.31,92.69,-7.31,926.9,-73.1,9269.0,-731.0,-7.0,93.0,-7.0,930.0,-70.0,9300.0,-700.0,,,,,,,,,,,,,,,,,,,,,,
NMR,Numeraire,Crypto,ai,Crypto,9.284374,-4.89%,+5.89%,+2.34%,-2.83%,-3%,0.071,,,4.19,6371639,29357808,157611234,,,,,-4.89,95.11,-4.89,951.1,-48.9,9511.0,-489.0,5.89,105.89,5.89,1058.9,58.9,10589.0,589.0,2.34,102.34,2.34,1023.4,23.4,10234.0,234.0,-2.83,97.17,-2.83,971.7,-28.3,9717.0,-283.0,-3.0,97.0,-3.0,970.0,-30.0,9700.0,-300.0,,,,,,,,,,,,,,,,,,,,,,
ALT,AltLayer,Crypto,ai,Crypto,0.00738,-4.60%,+17.85%,+15.40%,-35.54%,-36%,0.053,,,4.31,4245707,30154931,167352642,,,,,-4.6,95.4,-4.6,954.0,-46.0,9540.0,-460.0,17.85,117.85,17.85,1178.5,178.5,11785.0,1785.0,15.4,115.4,15.4,1154.0,154.0,11540.0,1540.0,-35.54,64.46,-35.54,644.6,-355.4,6446.0,-3554.0,-36.0,64.0,-36.0,640.0,-360.0,6400.0,-3600.0,,,,,,,,,,,,,,,,,,,,,,
AIOZ,AIOZ Network,Crypto,ai,Crypto,0.116232,-8.59%,+77.66%,+114.35%,+34.15%,+34%,0.149,,,15.86,26487507,111016200,225328769,,,,,-8.59,91.41,-8.59,914.1,-85.9,9141.0,-859.0,77.66,177.66,77.66,1776.6,776.6,17766.0,7766.0,114.35,214.35,114.35,2143.5,1143.5,21435.0,11435.0,34.15,134.15,34.15,1341.5,341.5,13415.0,3415.0,34.0,134.0,34.0,1340.0,340.0,13400.0,3400.0,,,,,,,,,,,,,9,buy,0.55,"AIOZ surged +126% 1M, +87% 1W, but -12.29% 1D; small cap $0.16B with extreme momentum but high volatility.",+126% 1M momentum; +87% 1W; small cap $0.16B; high volatility risk,,,,,
ARKM,Arkham,Crypto,ai,Crypto,0.121343,-7.51%,+26.77%,+8.38%,-31.23%,-31%,0.027,,,10.37,15059978,72612267,243487668,,,,,-7.51,92.49,-7.51,924.9,-75.1,9249.0,-751.0,26.77,126.77,26.77,1267.7,267.7,12677.0,2677.0,8.38,108.38,8.38,1083.8,83.8,10838.0,838.0,-31.23,68.77,-31.23,687.7,-312.3,6877.0,-3123.0,-31.0,69.0,-31.0,690.0,-310.0,6900.0,-3100.0,,,,,,,,,,,,,,,,,,,,,,
WLD,Worldcoin,Crypto,ai,Crypto,0.406636,-12.33%,+11.66%,+1.84%,-15.47%,-15%,1.484,,,242.69,272681872,1698843338,5792775831,,,,,-12.33,87.67,-12.33,876.7,-123.3,8767.0,-1233.0,11.66,111.66,11.66,1116.6,116.6,11166.0,1166.0,1.84,101.84,1.84,1018.4,18.4,10184.0,184.0,-15.47,84.53,-15.47,845.3,-154.7,8453.0,-1547.0,-15.0,85.0,-15.0,850.0,-150.0,8500.0,-1500.0,Sam Altman's Worldcoin just launched a global stablecoin app: What to know,Yahoo Finance Video,2026-09-18,0.128,,,,,,,,,,,,,,,,,,
NEAR,NEAR Protocol,Crypto,ai,Crypto,4.328382,-1.61%,+68.41%,+122.92%,+186.19%,+186%,5.658,,,1435.06,1749071781,10045389271,17892186097,,,,,-1.61,98.39,-1.61,983.9,-16.1,9839.0,-161.0,68.41,168.41,68.41,1684.1,684.1,16841.0,6841.0,122.92,222.92,122.92,2229.2,1229.2,22292.0,12292.0,186.19,286.19,186.19,2861.9,1861.9,28619.0,18619.0,186.0,286.0,186.0,2860.0,1860.0,28600.0,18600.0,ZEC and NEAR Are Eating the Blue Chips' Bid,Bankless,2026-09-23,0.0,Bitwise NEAR ETP Passes $100M: Institutional Demand or Price Rally?,BeInCrypto,2026-09-22,-0.128,Why Is Zcash Rallying Today? Privacy Coins Are Up 90% in a Month and Monero Just Added 13%,24/7 Wall St.,2026-09-21,0.0,2,strong_buy,0.85,"NEAR has +197% YTD, +126% 1M, +92% 1W, with Ondo partnership adding 20 tokenized US stocks and Bitwise ETP surpassing $100M.",+197% YTD; +126% 1M momentum; Ondo tokenized stocks partnership; institutional ETP >$100M,,,,,
ICP,Internet Computer,Crypto,ai,Crypto,2.908824,-2.64%,+15.26%,+19.17%,+2.60%,+3%,1.62,,,60.93,75010736,426503256,1641641874,,,,,-2.64,97.36,-2.64,973.6,-26.4,9736.0,-264.0,15.26,115.26,15.26,1152.6,152.6,11526.0,1526.0,19.17,119.17,19.17,1191.7,191.7,11917.0,1917.0,2.6,102.6,2.6,1026.0,26.0,10260.0,260.0,3.0,103.0,3.0,1030.0,30.0,10300.0,300.0,,,,,,,,,,,,,,,,,,,,,,
KAITO,Kaito,Crypto,ai,Crypto,0.326225,-9.92%,+13.09%,-3.51%,-35.55%,-36%,0.079,,,19.69,28820584,137830349,517911843,,,,,-9.92,90.08,-9.92,900.8,-99.2,9008.0,-992.0,13.09,113.09,13.09,1130.9,130.9,11309.0,1309.0,-3.51,96.49,-3.51,964.9,-35.1,9649.0,-351.0,-35.55,64.45,-35.55,644.5,-355.5,6445.0,-3555.0,-36.0,64.0,-36.0,640.0,-360.0,6400.0,-3600.0,,,,,,,,,,,,,,,,,,,,,,
VIRTUAL,Virtuals Protocol,Crypto,ai,Crypto,0.696573,-7.60%,+18.15%,-11.55%,+7.77%,+8%,0.459,,,65.04,100656158,455250037,1950565202,,,,,-7.6,92.4,-7.6,924.0,-76.0,9240.0,-760.0,18.15,118.15,18.15,1181.5,181.5,11815.0,1815.0,-11.55,88.45,-11.55,884.5,-115.5,8845.0,-1155.0,7.77,107.77,7.77,1077.7,77.7,10777.0,777.0,8.0,108.0,8.0,1080.0,80.0,10800.0,800.0,,,,,,,,,,,,,,,,,,,,,,
LMT,Lockheed Martin,Defence,us-primes,NYSE,524.68,+0.21%,-1.65%,-6.42%,+7.47%,+7%,121.091,0.104,19.35,1.19,1129064,7207064,24064964,264.0,1.39,buy,2.43,0.21,100.21,0.21,1002.1,2.1,10021.0,21.0,-1.65,98.35,-1.65,983.5,-16.5,9835.0,-165.0,-6.42,93.58,-6.42,935.8,-64.2,9358.0,-642.0,7.47,107.47,7.47,1074.7,74.7,10747.0,747.0,7.0,107.0,7.0,1070.0,70.0,10700.0,700.0,"Ducommun (DCO) After The PAC 3 Contract Win, Does The Undervalued Case Still Hold",Simply Wall St.,2026-09-23,0.586,Can APN-241 Processor Demand Support Northrop Grumman's Growth?,Zacks,2026-09-23,0.586,Can Stryker Vehicle Demand Support General Dynamics' Growth?,Zacks,2026-09-23,0.71,,,,,,,,,,
RTX,RTX Corporation,Defence,us-primes,NYSE,192.19,+0.55%,-1.69%,-8.14%,+3.75%,+18%,259.025,0.287,33.9,4.57,4217466,24012566,82524966,153.0,0.92,buy,1.87,0.55,100.55,0.55,1005.5,5.5,10055.0,55.0,-1.69,98.31,-1.69,983.1,-16.9,9831.0,-169.0,-8.14,91.86,-8.14,918.6,-81.4,9186.0,-814.0,3.75,103.75,3.75,1037.5,37.5,10375.0,375.0,18.0,118.0,18.0,1180.0,180.0,11800.0,1800.0,Can APN-241 Processor Demand Support Northrop Grumman's Growth?,Zacks,2026-09-23,0.586,Can Stryker Vehicle Demand Support General Dynamics' Growth?,Zacks,2026-09-23,0.71,Is Lockheed Martin Entering a New Growth Cycle Through Missile Defense?,Zacks,2026-09-23,0.477,,,,,,,,,,
NOC,Northrop Grumman,Defence,us-primes,NYSE,514.42,+0.97%,-3.17%,-5.92%,-11.09%,-13%,73.08,-0.11,16.35,0.86,851732,4824932,16484132,194.0,1.68,buy,2.0,0.97,100.97,0.97,1009.7,9.7,10097.0,97.0,-3.17,96.83,-3.17,968.3,-31.7,9683.0,-317.0,-5.92,94.08,-5.92,940.8,-59.2,9408.0,-592.0,-11.09,88.91,-11.09,889.1,-110.9,8891.0,-1109.0,-13.0,87.0,-13.0,870.0,-130.0,8700.0,-1300.0,Can APN-241 Processor Demand Support Northrop Grumman's Growth?,Zacks,2026-09-23,0.586,Is Lockheed Martin Entering a New Growth Cycle Through Missile Defense?,Zacks,2026-09-23,0.477,What Could Surprise RKLB Stock Investors On The Upside?,Trefis,2026-09-23,0.273,,,,,,,,,,
GD,General Dynamics,Defence,us-primes,NYSE,343.33,+0.04%,-4.26%,-10.54%,+1.30%,+6%,92.89,0.321,20.92,1.1,1084126,6859826,23726826,185.0,1.14,buy,2.08,0.04,100.04,0.04,1000.4,0.4,10004.0,4.0,-4.26,95.74,-4.26,957.4,-42.6,9574.0,-426.0,-10.54,89.46,-10.54,894.6,-105.4,8946.0,-1054.0,1.3,101.3,1.3,1013.0,13.0,10130.0,130.0,6.0,106.0,6.0,1060.0,60.0,10600.0,600.0,Can Stryker Vehicle Demand Support General Dynamics' Growth?,Zacks,2026-09-23,0.71,GD vs. GE: Which Stock Is the Better Value Option?,Zacks,2026-09-22,0.649,Should Boeing Stock Investors Worry About Its Money-Losing Jet Business?,Trefis,2026-09-22,-0.44,,,,,,,,,,
HII,Huntington Ingalls Industries,Defence,us-primes,NYSE,269.8,-0.42%,-3.46%,-8.00%,-21.92%,-2%,10.631,0.225,16.06,0.48,473768,3242868,9149168,204.0,3.31,none,,-0.42,99.58,-0.42,995.8,-4.2,9958.0,-42.0,-3.46,96.54,-3.46,965.4,-34.6,9654.0,-346.0,-8.0,92.0,-8.0,920.0,-80.0,9200.0,-800.0,-21.92,78.08,-21.92,780.8,-219.2,7808.0,-2192.0,-2.0,98.0,-2.0,980.0,-20.0,9800.0,-200.0,Defense Contractors Stocks Q2 Earnings: Huntington Ingalls (NYSE:HII) Best of the Bunch,StockStory,2026-09-18,0.691,Huntington Ingalls Industries (HII) Stock Could Be 44% Undervalued After AI Vessel Expansion,Simply Wall St.,2026-09-18,0.0,"Huntington Ingalls Industries (HII) Expands Unmanned Systems Plant, Is The Stock A Bargain?",Simply Wall St.,2026-09-18,0.296,,,,,,,,,,
LHX,L3Harris Technologies,Defence,us-primes,NYSE,239.21,-0.39%,-4.19%,-8.55%,-20.46%,-16%,44.545,0.506,24.14,1.59,1329631,8825131,34929431,208.0,2.44,buy,1.79,-0.39,99.61,-0.39,996.1,-3.9,9961.0,-39.0,-4.19,95.81,-4.19,958.1,-41.9,9581.0,-419.0,-8.55,91.45,-8.55,914.5,-85.5,9145.0,-855.0,-20.46,79.54,-20.46,795.4,-204.6,7954.0,-2046.0,-16.0,84.0,-16.0,840.0,-160.0,8400.0,-1600.0,What Could Surprise RKLB Stock Investors On The Upside?,Trefis,2026-09-23,0.273,US Running Low on the 2 Weapons It Would Need Most,24/7 Wall St.,2026-09-23,-0.612,Can Rocket Lab's Optical Systems Boost Its Growth Opportunities?,Zacks,2026-09-21,0.784,,,,,,,,,,
BA,Boeing,Defence,us-primes,NYSE,199.93,+0.94%,-1.01%,-5.00%,-12.22%,-8%,158.019,1.213,71.66,5.81,9994448,45808248,136036248,,0.01,strong_buy,1.48,0.94,100.94,0.94,1009.4,9.4,10094.0,94.0,-1.01,98.99,-1.01,989.9,-10.1,9899.0,-101.0,-5.0,95.0,-5.0,950.0,-50.0,9500.0,-500.0,-12.22,87.78,-12.22,877.8,-122.2,8778.0,-1222.0,-8.0,92.0,-8.0,920.0,-80.0,9200.0,-800.0,"NASA’s $946 Million SpaceX Award Extends Crew Dragon Through 2030, But Redundancy Remains Uncertain",Insider Monkey,2026-09-23,-0.077,"How the Trump-Xi Meeting Could Move Nvidia, Boeing and Your 401(k)",24/7 Wall St.,2026-09-23,0.0,Boeing’s Demand Is Strong. Can Production Finally Catch Up?,Insider Monkey,2026-09-23,0.421,,,,,,,,,,
BA.L,BAE Systems,Defence,uk-european,LSE,26.79,+1.23%,-0.30%,-3.53%,+15.35%,+0%,0.784,-0.057,28.9,6.27,4953101,43827974,137146241,190.0,,buy,2.25,1.23,101.23,1.23,1012.3,12.3,10123.0,123.0,-0.3,99.7,-0.3,997.0,-3.0,9970.0,-30.0,-3.53,96.47,-3.53,964.7,-35.3,9647.0,-353.0,15.35,115.35,15.35,1153.5,153.5,11535.0,1535.0,0.0,100.0,0.0,1000.0,0.0,10000.0,0.0,3 British Undervalued Stocks For September 2026,Simply Wall St.,2026-09-22,0.0,Will This Major Industry Showcase Boost Quantum Computing Stocks?,Investor's Business Daily,2026-09-22,0.452,3 Defense Stocks Investors Are Watching As Middle East Risk Puts Aerospace In Focus,Simply Wall St.,2026-09-21,-0.153,,,,,,,,,,
RR.L,Rolls-Royce Holdings,Defence,uk-european,LSE,19.91,+1.44%,+4.35%,+0.20%,+25.59%,+26%,1.639,1.188,41.76,19.76,8680269,97877176,343074184,81.0,,buy,1.6,1.44,101.44,1.44,1014.4,14.4,10144.0,144.0,4.35,104.35,4.35,1043.5,43.5,10435.0,435.0,0.2,100.2,0.2,1002.0,2.0,10020.0,20.0,25.59,125.59,25.59,1255.9,255.9,12559.0,2559.0,26.0,126.0,26.0,1260.0,260.0,12600.0,2600.0,Nuclear Energy Stocks Rally as Demand for Reliable Clean Power Grows,Zacks,2026-09-23,0.511,Rolls Royce Holdings And 2 Top Nuclear Energy Stocks,Simply Wall St.,2026-09-23,0.44,European Indexes Higher as Oil Falls Back,The Wall Street Journal,2026-09-17,0.0,4,strong_buy,0.7,"YTD +23.80%, 1W +4.34%, analyst buy, nuclear energy and defence exposure.",YTD +23.80%; 1W +4.34% momentum; Analyst buy; Nuclear energy,,,,,
QQ.L,QinetiQ Group,Defence,uk-european,LSE,6.6,+1.88%,+0.12%,-6.00%,+12.13%,-7%,0.033,0.342,24.91,1.83,1984378,9912358,29159414,225.0,,buy,1.75,1.88,101.88,1.88,1018.8,18.8,10188.0,188.0,0.12,100.12,0.12,1001.2,1.2,10012.0,12.0,-6.0,94.0,-6.0,940.0,-60.0,9400.0,-600.0,12.13,112.13,12.13,1121.3,121.3,11213.0,1213.0,-7.0,93.0,-7.0,930.0,-70.0,9300.0,-700.0,Gelion battery cells pass independent drone testing at QinetiQ,Proactive,2026-08-26,0.0,3 UK Penny Stocks With Market Caps Over £300M To Consider,Simply Wall St.,2026-06-11,0.0,UK Growth Stocks With Insider Ownership Up To 20%,Simply Wall St.,2026-06-11,0.382,,,,,,,,,,
PLTR,Palantir Technologies,Defence,cyber-intel,NASDAQ,191.79,+3.60%,+10.01%,+9.04%,+14.26%,+3%,460.882,1.621,163.92,38.44,34908712,141985912,614888912,,3.03,buy,1.81,3.6,103.6,3.6,1036.0,36.0,10360.0,360.0,10.01,110.01,10.01,1100.1,100.1,11001.0,1001.0,9.04,109.04,9.04,1090.4,90.4,10904.0,904.0,14.26,114.26,14.26,1142.6,142.6,11426.0,1426.0,3.0,103.0,3.0,1030.0,30.0,10300.0,300.0,"Dow Jones Futures: Stocks Fall As Treasury Yields Soar; Palantir, Palo Alto Flash Buy Signals",Investor's Business Daily,2026-09-23,0.202,Palantir's CEO just sent a message Silicon Valley won't ignore,TheStreet,2026-09-23,0.276,3 Large Cap Stocks Investors Are Watching As Policy Shifts Reshape Demand,Simply Wall St.,2026-09-23,-0.128,3,strong_buy,0.7,"1W +7.20%, YTD +10.20%, analyst buy, AI sovereignty strategy gaining traction.",1W +7.20% momentum; YTD +10.20%; Analyst buy; AI sovereignty,,,,,
LDOS,Leidos Holdings,Defence,cyber-intel,NYSE,124.69,+1.54%,-3.52%,-9.63%,-31.41%,-34%,15.647,0.572,11.63,1.48,1540813,8660513,26825513,139.0,3.31,buy,2.35,1.54,101.54,1.54,1015.4,15.4,10154.0,154.0,-3.52,96.48,-3.52,964.8,-35.2,9648.0,-352.0,-9.63,90.37,-9.63,903.7,-96.3,9037.0,-963.0,-31.41,68.59,-31.41,685.9,-314.1,6859.0,-3141.0,-34.0,66.0,-34.0,660.0,-340.0,6600.0,-3400.0,US Running Low on the 2 Weapons It Would Need Most,24/7 Wall St.,2026-09-23,-0.612,2 Industrials Stocks to Consider Right Now and 1 That Underwhelm,StockStory,2026-09-21,0.0,Leidos (LDOS) Stock Falls Amid Market Uptick: What Investors Need to Know,Zacks,2026-09-18,0.0,,,,,,,,,,
CACI,CACI International,Defence,cyber-intel,NYSE,616.68,+0.56%,-3.10%,-3.11%,+14.75%,+23%,13.628,0.571,25.52,0.28,151524,1365624,5605824,,5.44,buy,1.56,0.56,100.56,0.56,1005.6,5.6,10056.0,56.0,-3.1,96.9,-3.1,969.0,-31.0,9690.0,-310.0,-3.11,96.89,-3.11,968.9,-31.1,9689.0,-311.0,14.75,114.75,14.75,1147.5,147.5,11475.0,1475.0,23.0,123.0,23.0,1230.0,230.0,12300.0,2300.0,Zacks Industry Outlook Highlights CACI International and PDF Solutions,Zacks,2026-09-22,0.178,1 Mid-Cap Stock to Consider Right Now and 2 Facing Challenges,StockStory,2026-09-22,0.077,2 Stocks to Watch From the Challenging Computer-Services Industry,Zacks,2026-09-21,0.153,7,buy,0.65,"YTD +14.11%, P/E 25.36, analyst buy, positive news sentiment 0.252.",YTD +14.11%; P/E 25.36; Analyst buy; News sentiment 0.252,,,,,
SAIC,Science Applications International,Defence,cyber-intel,NYSE,132.96,+1.50%,-0.58%,+4.82%,+32.74%,+30%,5.571,0.297,15.48,0.48,418580,2411080,11201180,114.0,6.46,hold,2.82,1.5,101.5,1.5,1015.0,15.0,10150.0,150.0,-0.58,99.42,-0.58,994.2,-5.8,9942.0,-58.0,4.82,104.82,4.82,1048.2,48.2,10482.0,482.0,32.74,132.74,32.74,1327.4,327.4,13274.0,3274.0,30.0,130.0,30.0,1300.0,300.0,13000.0,3000.0,3 Small-Cap Stocks We Think Twice About,StockStory,2026-09-23,0.0,Government & Technical Consulting Stocks Q2 Earnings: SAIC (NASDAQ:SAIC) Best of the Bunch,StockStory,2026-09-09,0.637,"Defense, Solar, and Refining Stocks Split as the Iran Conflict Raises Energy Risk",MarketBeat,2026-09-09,-0.202,8,buy,0.5,"YTD +29.47%, P/E 15.55, but hold rating limits upside conviction.",YTD +29.47%; P/E 15.55; Hold rating,,,,,
BAH,Booz Allen Hamilton,Defence,cyber-intel,NYSE,75.65,-0.83%,-5.51%,+0.57%,-8.84%,-23%,9.1,0.365,11.88,2.07,1492889,7422289,33220589,309.0,6.99,hold,2.87,-0.83,99.17,-0.83,991.7,-8.3,9917.0,-83.0,-5.51,94.49,-5.51,944.9,-55.1,9449.0,-551.0,0.57,100.57,0.57,1005.7,5.7,10057.0,57.0,-8.84,91.16,-8.84,911.6,-88.4,9116.0,-884.0,-23.0,77.0,-23.0,770.0,-230.0,7700.0,-2300.0,"Booz Allen Hamilton Holding (BAH) Pulls Back, Is It Still 11% Below Fair Value?",Simply Wall St.,2026-09-23,0.572,Booz Allen Hamilton (BAH) Stock Moves -1.42%: What You Should Know,Zacks,2026-09-22,0.0,Is It Too Late To Make Money On Accenture Stock After Its Rebound?,Trefis,2026-09-22,0.0,,,,,,,,,,
AVAV,AeroVironment,Defence,drones,NASDAQ,155.94,-0.41%,-0.67%,+5.22%,-39.13%,-48%,7.926,1.406,,1.95,1179545,7939345,47208545,,11.21,buy,1.6,-0.41,99.59,-0.41,995.9,-4.1,9959.0,-41.0,-0.67,99.33,-0.67,993.3,-6.7,9933.0,-67.0,5.22,105.22,5.22,1052.2,52.2,10522.0,522.0,-39.13,60.87,-39.13,608.7,-391.3,6087.0,-3913.0,-48.0,52.0,-48.0,520.0,-480.0,5200.0,-4800.0,AeroVironment And 2 Top Automation Stocks To Watch,Simply Wall St.,2026-09-23,0.202,AeroVironment Stock And 2 Other Top Defense Stocks,Simply Wall St.,2026-09-23,0.318,3 Defense Stocks Investors Are Watching As Middle East Risk Puts Aerospace In Focus,Simply Wall St.,2026-09-21,-0.153,,,,,,,,,,
KTOS,Kratos Defense,Defence,drones,NASDAQ,46.16,-2.18%,-3.00%,-13.02%,-41.78%,-42%,8.666,1.113,271.53,4.31,3029595,21915295,76701395,,5.95,strong_buy,1.38,-2.18,97.82,-2.18,978.2,-21.8,9782.0,-218.0,-3.0,97.0,-3.0,970.0,-30.0,9700.0,-300.0,-13.02,86.98,-13.02,869.8,-130.2,8698.0,-1302.0,-41.78,58.22,-41.78,582.2,-417.8,5822.0,-4178.0,-42.0,58.0,-42.0,580.0,-420.0,5800.0,-4200.0,3 Drone Defense Stocks With Revenue Growth Up To 44%,Simply Wall St.,2026-09-23,0.477,AeroVironment Stock And 2 Other Top Defense Stocks,Simply Wall St.,2026-09-23,0.318,2 Profitable Stocks on Our Buy List and 1 We Avoid,StockStory,2026-09-18,0.178,,,,,,,,,,
RCAT,Red Cat Holdings,Defence,drones,NASDAQ,6.59,-5.59%,-7.12%,-26.20%,-28.06%,-33%,1.006,1.355,,9.06,11729092,70707292,181270992,,23.07,strong_buy,1.38,-5.59,94.41,-5.59,944.1,-55.9,9441.0,-559.0,-7.12,92.88,-7.12,928.8,-71.2,9288.0,-712.0,-26.2,73.8,-26.2,738.0,-262.0,7380.0,-2620.0,-28.06,71.94,-28.06,719.4,-280.6,7194.0,-2806.0,-33.0,67.0,-33.0,670.0,-330.0,6700.0,-3300.0,3 Drone Defense Stocks With Revenue Growth Up To 44%,Simply Wall St.,2026-09-23,0.477,Red Cat CEO Just Sold $1.6 Million of Stock. Wall Street Sees 144% Rally Ahead.,Barchart,2026-09-21,0.0,"Red Cat Touts Ukraine-Tested Drones, Expands Into Autonomous Boats",MarketBeat,2026-09-21,0.077,,,,,,,,,,
TXT,Textron,Defence,drones,NYSE,76.81,-0.17%,-4.84%,-6.45%,-11.70%,-6%,13.211,0.898,14.47,1.68,2219958,10512658,38157958,10.0,5.1,buy,2.19,-0.17,99.83,-0.17,998.3,-1.7,9983.0,-17.0,-4.84,95.16,-4.84,951.6,-48.4,9516.0,-484.0,-6.45,93.55,-6.45,935.5,-64.5,9355.0,-645.0,-11.7,88.3,-11.7,883.0,-117.0,8830.0,-1170.0,-6.0,94.0,-6.0,940.0,-60.0,9400.0,-600.0,Is Textron Underperforming the Nasdaq?,Barchart,2026-09-23,0.0,Howmet vs. Textron: Which Aerospace & Defense Stock Should You Bet On?,Zacks,2026-09-22,0.128,ACHR vs. TXT: Which Future Aviation Stock Is the Better Buy?,Zacks,2026-09-22,0.44,,,,,,,,,,
SPCX,SpaceX,Defence,space,NASDAQ,148.36,-3.79%,-1.67%,+9.90%,-7.82%,-4%,1955.649,,,93.94,60046138,621184338,1897205338,,2.76,buy,1.67,-3.79,96.21,-3.79,962.1,-37.9,9621.0,-379.0,-1.67,98.33,-1.67,983.3,-16.7,9833.0,-167.0,9.9,109.9,9.9,1099.0,99.0,10990.0,990.0,-7.82,92.18,-7.82,921.8,-78.2,9218.0,-782.0,-4.0,96.0,-4.0,960.0,-40.0,9600.0,-400.0,How Meta's Muse is driving a magic moment for the stock market,Yahoo Finance Video,2026-09-23,0.0,"NASA’s $946 Million SpaceX Award Extends Crew Dragon Through 2030, But Redundancy Remains Uncertain",Insider Monkey,2026-09-23,-0.077,Could SpaceX Stock Make You a Millionaire by 2036?,Motley Fool,2026-09-23,0.0,2,strong_buy,0.75,"1M +14.61%, news sentiment 0.337, analyst buy, upcoming Starship orbital flight catalyst.",1M +14.61% momentum; News sentiment 0.337; Analyst buy; Starship flight,,,,,
RKLB,Rocket Lab USA,Defence,space,NASDAQ,70.31,-2.33%,+10.38%,+2.97%,-7.47%,+48%,44.957,2.612,,20.1,19110310,121452410,410276410,,7.63,buy,1.6,-2.33,97.67,-2.33,976.7,-23.3,9767.0,-233.0,10.38,110.38,10.38,1103.8,103.8,11038.0,1038.0,2.97,102.97,2.97,1029.7,29.7,10297.0,297.0,-7.47,92.53,-7.47,925.3,-74.7,9253.0,-747.0,48.0,148.0,48.0,1480.0,480.0,14800.0,4800.0,"Rocket Lab Readies For Mission, Cathie Wood Buys $25 Million In Shares",Investor's Business Daily,2026-09-23,0.296,Rocket Lab (RKLB) Neutron Could Fill A Medium Lift Launch Gap,Simply Wall St.,2026-09-23,0.0,SpaceX Drops 4% Amid Share Supply and Valuation Concerns; AST SpaceMobile Falls 6%,24/7 Wall St.,2026-09-23,0.296,1,strong_buy,0.85,"1W +13.27%, record backlog $2.36B, Cantor Fitzgerald reiterates Overweight $122 target, Iridium acquisition catalyst.",1W +13.27% momentum; Backlog $2.36B; Cantor Fitzgerald $122 PT; Iridium deal,,,,,
PL,Planet Labs,Defence,space,NYSE,16.38,-3.42%,+2.25%,-24.06%,-19.75%,+42%,5.96,2.108,,9.42,7511062,48045362,245446862,,9.67,buy,1.82,-3.42,96.58,-3.42,965.8,-34.2,9658.0,-342.0,2.25,102.25,2.25,1022.5,22.5,10225.0,225.0,-24.06,75.94,-24.06,759.4,-240.6,7594.0,-2406.0,-19.75,80.25,-19.75,802.5,-197.5,8025.0,-1975.0,42.0,142.0,42.0,1420.0,420.0,14200.0,4200.0,Planet Labs Scales European Manufacturing With Berlin Facility,Zacks,2026-09-23,0.0,What Could Surprise RKLB Stock Investors On The Upside?,Trefis,2026-09-23,0.273,Can Planet Labs Turn Backlog Visibility Into Sustained Momentum?,Zacks,2026-09-23,0.0,,,,,,,,,,
ASTS,AST SpaceMobile,Defence,space,NASDAQ,59.98,-5.83%,+1.20%,-3.80%,-28.14%,+17%,23.342,2.726,,13.4,8428910,60338510,216430010,,21.46,hold,2.57,-5.83,94.17,-5.83,941.7,-58.3,9417.0,-583.0,1.2,101.2,1.2,1012.0,12.0,10120.0,120.0,-3.8,96.2,-3.8,962.0,-38.0,9620.0,-380.0,-28.14,71.86,-28.14,718.6,-281.4,7186.0,-2814.0,17.0,117.0,17.0,1170.0,170.0,11700.0,1700.0,SpaceX Drops 4% Amid Share Supply and Valuation Concerns; AST SpaceMobile Falls 6%,24/7 Wall St.,2026-09-23,0.296,"SPCX, RKLB, LUNR, ASTS In Focus — Space Economy Investment Surges To $23B In Year Ending June, A Near 140% Jump",Stocktwits,2026-09-23,0.0,"AST SpaceMobile, Inc. (ASTS) Stock Moves 2.91%: What You Should Know",Zacks,2026-09-22,0.0,5,buy,0.6,"1W +8.37%, short interest 21.46% potential squeeze, space mobile direct-to-cell catalyst.",1W +8.37% momentum; Short interest 21.46%; Space mobile catalyst,,,,,
TDG,TransDigm Group,Defence,weapons,NYSE,1105.28,-0.40%,+1.87%,-7.82%,-18.64%,-14%,61.096,0.893,33.56,0.41,286559,2614459,8190359,,2.17,buy,2.09,-0.4,99.6,-0.4,996.0,-4.0,9960.0,-40.0,1.87,101.87,1.87,1018.7,18.7,10187.0,187.0,-7.82,92.18,-7.82,921.8,-78.2,9218.0,-782.0,-18.64,81.36,-18.64,813.6,-186.4,8136.0,-1864.0,-14.0,86.0,-14.0,860.0,-140.0,8600.0,-1400.0,Can Astronics Turn Strong Aerospace Demand Into Higher Profitability?,Zacks,2026-09-21,0.599,Can Rising Defense Demand Strengthen TransDigm's Growth Outlook?,Zacks,2026-09-18,0.599,Is Astronics Building a Broader Aerospace Growth Platform?,Zacks,2026-09-17,0.382,10,buy,0.55,"1W +2.53%, news sentiment 0.264, analyst buy, aerospace aftermarket strength.",1W +2.53% momentum; News sentiment 0.264; Analyst buy,,,,,
HEI,HEICO Corporation,Defence,weapons,NYSE,310.57,+0.91%,+4.62%,-11.94%,-5.62%,-3%,43.405,1.038,51.0,0.47,577276,2478176,11380776,8.0,1.39,buy,1.96,0.91,100.91,0.91,1009.1,9.1,10091.0,91.0,4.62,104.62,4.62,1046.2,46.2,10462.0,462.0,-11.94,88.06,-11.94,880.6,-119.4,8806.0,-1194.0,-5.62,94.38,-5.62,943.8,-56.2,9438.0,-562.0,-3.0,97.0,-3.0,970.0,-30.0,9700.0,-300.0,The Bull Case For HEICO (HEI) Could Change Following Analyst Upgrades Amid Strong Fundamentals Learn Why,Simply Wall St.,2026-09-22,0.511,Aerospace Stocks Q2 Teardown: HEICO (NYSE:HEI) Vs The Rest,StockStory,2026-09-22,0.0,Astronics vs. HEICO: Which Aerospace Stock Is a Better Buy Today?,Zacks,2026-09-22,0.44,9,buy,0.55,"1W +3.68%, news sentiment 0.35, analyst buy, recent analyst upgrades.",1W +3.68% bounce; News sentiment 0.35; Analyst buy,,,,,
AXON,Axon Enterprise,Defence,weapons,NASDAQ,450.61,-2.04%,+1.93%,-24.60%,-20.03%,-34%,36.606,1.399,188.54,0.99,770307,6542007,20711107,,5.28,buy,1.67,-2.04,97.96,-2.04,979.6,-20.4,9796.0,-204.0,1.93,101.93,1.93,1019.3,19.3,10193.0,193.0,-24.6,75.4,-24.6,754.0,-246.0,7540.0,-2460.0,-20.03,79.97,-20.03,799.7,-200.3,7997.0,-2003.0,-34.0,66.0,-34.0,660.0,-340.0,6600.0,-3400.0,Axon Enterprise (AXON) Suffers a Larger Drop Than the General Market: Key Insights,Zacks,2026-09-23,-0.637,3 Reasons AXON Has Explosive Upside Potential,StockStory,2026-09-23,0.0,Axon Stock Just Fell 22% in a Month. Here’s the Number That Explains Why,TIKR,2026-09-22,0.077,,,,,,,,,,
OLN,Olin Corporation,Defence,weapons,NYSE,16.77,-0.30%,-2.16%,-3.45%,-20.09%,-28%,1.911,1.193,,3.1,1793015,14035315,58215515,476.0,11.76,hold,2.87,-0.3,99.7,-0.3,997.0,-3.0,9970.0,-30.0,-2.16,97.84,-2.16,978.4,-21.6,9784.0,-216.0,-3.45,96.55,-3.45,965.5,-34.5,9655.0,-345.0,-20.09,79.91,-20.09,799.1,-200.9,7991.0,-2009.0,-28.0,72.0,-28.0,720.0,-280.0,7200.0,-2800.0,"Olin (OLN) Faces A Tougher Run, Is The 24% Undervaluation Case Convincing?",Simply Wall St.,2026-09-18,0.527,Here's Why You Should Hold HUN Stock in Your Portfolio Now,Zacks,2026-09-17,0.0,"Olin, Huntsman Merger of Equals Clears U.S. Antitrust Hurdle",Zacks,2026-09-14,0.077,,,,,,,,,,
MRCY,Mercury Systems,Defence,weapons,NASDAQ,82.72,-1.38%,-4.93%,-7.67%,+8.80%,+13%,5.035,0.98,,0.75,436200,3830600,15605800,,10.09,buy,1.91,-1.38,98.62,-1.38,986.2,-13.8,9862.0,-138.0,-4.93,95.07,-4.93,950.7,-49.3,9507.0,-493.0,-7.67,92.33,-7.67,923.3,-76.7,9233.0,-767.0,8.8,108.8,8.8,1088.0,88.0,10880.0,880.0,13.0,113.0,13.0,1130.0,130.0,11300.0,1300.0,Unpacking Q2 Earnings: Mercury Systems (NASDAQ:MRCY) In The Context Of Other Defense Contractors Stocks,StockStory,2026-09-18,0.128,Mercury Systems (MRCY) Down 13.8% Since Last Earnings Report: Can It Rebound?,Zacks,2026-09-17,0.0,1 Cash-Producing Stock for Long-Term Investors and 2 We Question,StockStory,2026-09-11,0.0,,,,,,,,,,
DRS,Leonardo DRS,Defence,weapons,NYSE,37.41,+0.29%,+1.44%,-4.10%,+8.21%,-13%,9.985,0.138,31.44,1.01,707313,7387813,21395713,97.0,1.17,strong_buy,1.45,0.29,100.29,0.29,1002.9,2.9,10029.0,29.0,1.44,101.44,1.44,1014.4,14.4,10144.0,144.0,-4.1,95.9,-4.1,959.0,-41.0,9590.0,-410.0,8.21,108.21,8.21,1082.1,82.1,10821.0,821.0,-13.0,87.0,-13.0,870.0,-130.0,8700.0,-1300.0,How New Naval and Tactical Contracts Will Impact Leonardo DRS (DRS) Investors,Simply Wall St.,2026-09-23,0.0,Leonardo DRS (DRS) Wins Korean Warship Contract. Can More Orders Follow?,Insider Monkey,2026-09-23,0.459,1 Cash-Heavy Stock to Target This Week and 2 We Turn Down,StockStory,2026-09-22,0.0,6,strong_buy,0.7,"Strong buy analyst consensus, YTD +7.46%, new naval and tactical contracts.",Strong buy analyst; YTD +7.46%; New defence contracts,,,,,
XOM,ExxonMobil,Energy,oil-majors,NYSE,161.23,+1.45%,-4.78%,-1.72%,+34.09%,+39%,662.963,0.175,20.72,14.84,12564657,90372057,310193757,260.0,1.08,buy,2.32,1.45,101.45,1.45,1014.5,14.5,10145.0,145.0,-4.78,95.22,-4.78,952.2,-47.8,9522.0,-478.0,-1.72,98.28,-1.72,982.8,-17.2,9828.0,-172.0,34.09,134.09,34.09,1340.9,340.9,13409.0,3409.0,39.0,139.0,39.0,1390.0,390.0,13900.0,3900.0,Lincoln Property to repurpose north Houston eyesore Greenspoint Mall into industrial park,The Real Deal,2026-09-23,0.0,"If Hormuz Stays Shut, How High Can Exxon Go?",24/7 Wall St.,2026-09-23,0.0,How ExxonMobil's Balance Sheet Helps Navigate Oil Volatility,Zacks,2026-09-23,0.382,7,buy,0.68,"YTD +32.00%, P/E 20.37, dividend yield 2.60%, and record oil output with lower spending. Low beta 0.175 and short interest 1.08% indicate stability, though P/E is higher than peers.",YTD +32.00%; Record output; Beta 0.175; Short interest 1.08%,,,,,
CVX,Chevron,Energy,oil-majors,NYSE,205.51,+1.36%,-5.63%,+1.19%,+35.50%,+27%,403.129,0.491,19.91,8.88,8247575,79442675,205298275,352.0,1.05,buy,1.72,1.36,101.36,1.36,1013.6,13.6,10136.0,136.0,-5.63,94.37,-5.63,943.7,-56.3,9437.0,-563.0,1.19,101.19,1.19,1011.9,11.9,10119.0,119.0,35.5,135.5,35.5,1355.0,355.0,13550.0,3550.0,27.0,127.0,27.0,1270.0,270.0,12700.0,2700.0,How Chevron’s CFO Leads Through Volatility: ‘You Plan for It’,WSJ,2026-09-23,0.0,How ExxonMobil's Balance Sheet Helps Navigate Oil Volatility,Zacks,2026-09-23,0.382,Can ExxonMobil Keep Rewarding Shareholders While Investing for Growth?,Zacks,2026-09-23,0.718,2,strong_buy,0.82,"YTD +33.46%, dividend yield 3.5%, and analyst score 1.72 with positive news sentiment of 0.141. Favored as a geopolitical hedge per [allmind.ai](https://allmind.ai/news/4df3afc1bbbeb9d3dc65ea547ce1d646d2302cca9f0bad580f5eeb65446ef9d0) with upstream exposure and lower regulatory risk than refiners.",YTD +33.46%; Dividend 3.5%; Analyst score 1.72; Geopolitical hedge,,,,,
SHEL,Shell,Energy,oil-majors,NYSE,95.41,+1.39%,-0.30%,+2.59%,+29.94%,+30%,272.288,-0.22,10.48,6.32,5253204,24508565,141082317,333.0,1.54,buy,2.19,1.39,101.39,1.39,1013.9,13.9,10139.0,139.0,-0.3,99.7,-0.3,997.0,-3.0,9970.0,-30.0,2.59,102.59,2.59,1025.9,25.9,10259.0,259.0,29.94,129.94,29.94,1299.4,299.4,12994.0,2994.0,30.0,130.0,30.0,1300.0,300.0,13000.0,3000.0,Shell Completes $840 Million Gulf Oil Asset Sale,Oilprice.com,2026-09-23,0.361,Why Is Shell (LSE:SHEL) Expanding In Canada During The Oil And Gas Deal Boom?,Simply Wall St.,2026-09-23,0.0,European Equities Traded in the US as American Depositary Receipts Fall in Wednesday Trading,MT Newswires,2026-09-23,0.0,3,buy,0.78,"YTD +27.92%, P/E 10.32, dividend yield 3.35%, and news sentiment 0.308. LNG Canada expansion talks with Abu Dhabi XRG per [gurufocus.com](https://www.gurufocus.com/news/9092154/shel-looks-125-overvalued-on-gf-value-as-dividend-sustainability-remains-strong) provide a strong catalyst, though GF Value suggests modest overvaluation.",P/E 10.32; Dividend 3.35%; LNG Canada catalyst; News sentiment 0.308,,,,,
BP,BP p.l.c.,Energy,oil-majors,NYSE,44.49,+2.18%,-1.96%,+1.71%,+28.78%,+22%,114.579,-0.22,21.29,9.34,8702078,52897678,218491578,468.0,0.29,buy,2.37,2.18,102.18,2.18,1021.8,21.8,10218.0,218.0,-1.96,98.04,-1.96,980.4,-19.6,9804.0,-196.0,1.71,101.71,1.71,1017.1,17.1,10171.0,171.0,28.78,128.78,28.78,1287.8,287.8,12878.0,2878.0,22.0,122.0,22.0,1220.0,220.0,12200.0,2200.0,"11 Dividend Stocks for a Rocky Market, From Investment Pros",Barrons.com,2026-09-23,0.0,Shell Completes $840 Million Gulf Oil Asset Sale,Oilprice.com,2026-09-23,0.361,European Equities Traded in the US as American Depositary Receipts Fall in Wednesday Trading,MT Newswires,2026-09-23,0.0,,,,,,,,,,
TTE,TotalEnergies,Energy,oil-majors,NYSE,91.67,+2.40%,+0.91%,+2.60%,+39.31%,+44%,202.503,0.06,11.47,1.59,2113606,7398306,35335206,472.0,0.22,buy,1.67,2.4,102.4,2.4,1024.0,24.0,10240.0,240.0,0.91,100.91,0.91,1009.1,9.1,10091.0,91.0,2.6,102.6,2.6,1026.0,26.0,10260.0,260.0,39.31,139.31,39.31,1393.1,393.1,13931.0,3931.0,44.0,144.0,44.0,1440.0,440.0,14400.0,4400.0,Sector Update: Energy Stocks Rise Late Afternoon,MT Newswires,2026-09-23,0.273,Sector Update: Energy Stocks Rise Wednesday Afternoon,MT Newswires,2026-09-23,0.273,"TotalEnergies, AMNI take FID on Nigeria’s Ima gas field",Offshore Technology,2026-09-23,0.0,1,strong_buy,0.85,"YTD +36.55%, P/E 11.25, dividend yield 4.71%, and analyst score 1.67 (best in universe) make it the most attractive integrated major. Low short interest of 0.22% and strong fundamentals support upside despite neutral news sentiment.",P/E 11.25; Dividend yield 4.71%; Analyst score 1.67; Short interest 0.22%,,,,,
EQNR,Equinor,Energy,oil-majors,NYSE,42.9,+3.99%,-6.23%,+1.25%,+80.63%,+63%,101.696,-0.727,11.63,3.34,3906614,17223714,65840314,373.0,2.48,hold,3.0,3.99,103.99,3.99,1039.9,39.9,10399.0,399.0,-6.23,93.77,-6.23,937.7,-62.3,9377.0,-623.0,1.25,101.25,1.25,1012.5,12.5,10125.0,125.0,80.63,180.63,80.63,1806.3,806.3,18063.0,8063.0,63.0,163.0,63.0,1630.0,630.0,16300.0,6300.0,European Equities Traded in the US as American Depositary Receipts Fall in Wednesday Trading,MT Newswires,2026-09-23,0.0,Do New SLB (SLB) Digital Wins Clarify Its Long‑Term Competitive Edge in Energy Services?,Simply Wall St.,2026-09-23,0.758,Equinor Expands LNG Reach in Asia With PTT Trading Supply Agreement,Zacks,2026-09-21,0.572,4,buy,0.72,"YTD +76.04%, P/E 11.52, dividend yield 3.67%, and news sentiment 0.275. Strong YTD performance and LNG supply agreement with PTT expand Asian reach, but analyst consensus hold (score 3.0) tempers conviction.",YTD +76.04%; P/E 11.52; Dividend 3.67%; LNG Asia expansion,,,,,
COP,ConocoPhillips,Energy,ep-refining,NYSE,128.09,+2.16%,-9.30%,-3.94%,+35.38%,+31%,153.879,0.134,16.97,6.91,5059338,46099938,142178438,268.0,1.4,buy,1.74,2.16,102.16,2.16,1021.6,21.6,10216.0,216.0,-9.3,90.7,-9.3,907.0,-93.0,9070.0,-930.0,-3.94,96.06,-3.94,960.6,-39.4,9606.0,-394.0,35.38,135.38,35.38,1353.8,353.8,13538.0,3538.0,31.0,131.0,31.0,1310.0,310.0,13100.0,3100.0,Is EOG Resources Stock A Buy For Its Shrinking Share Count?,Trefis,2026-09-23,0.296,Can ExxonMobil Keep Rewarding Shareholders While Investing for Growth?,Zacks,2026-09-23,0.718,ConocoPhillips (COP) Stock Moves -1.77%: What You Should Know,Zacks,2026-09-22,0.0,8,buy,0.65,"YTD +32.40%, P/E 16.57, dividend yield 2.63%, and analyst buy with score 1.74. Strong YTD performance but 1W -11.29% reflects broader oil price weakness; still attractive long-term E&P exposure.",YTD +32.40%; P/E 16.57; Analyst score 1.74; Dividend 2.63%,,,,,
OXY,Occidental Petroleum,Energy,ep-refining,NYSE,57.36,+1.70%,-9.70%,-4.14%,+37.24%,+20%,57.339,0.164,16.92,8.64,7901408,51348808,167762808,199.0,0.01,buy,2.31,1.7,101.7,1.7,1017.0,17.0,10170.0,170.0,-9.7,90.3,-9.7,903.0,-97.0,9030.0,-970.0,-4.14,95.86,-4.14,958.6,-41.4,9586.0,-414.0,37.24,137.24,37.24,1372.4,372.4,13724.0,3724.0,20.0,120.0,20.0,1200.0,200.0,12000.0,2000.0,Is EOG Resources Stock A Buy For Its Shrinking Share Count?,Trefis,2026-09-23,0.296,5 of Warren Buffett’s Largest Berkshire Hathaway Stocks Are Raising Their Dividends Every Year,24/7 Wall St.,2026-09-23,0.0,Occidental Now Trades Below Wall Street’s Raised Targets. Here’s Where the Stock Could Go,TIKR,2026-09-21,0.0,9,buy,0.6,"YTD +34.73%, P/E 16.91, short interest 0.01%, and news sentiment 0.305. Trades below raised analyst targets per headline, offering potential upside, though 1W -11.35% shows near-term volatility.",YTD +34.73%; Short interest 0.01%; News sentiment 0.305; Below analyst targets,,,,,
EOG,EOG Resources,Energy,ep-refining,NYSE,141.84,+1.66%,-7.74%,-5.57%,+35.52%,+20%,74.399,0.272,11.04,3.19,2547757,20908457,69458757,292.0,3.15,buy,2.34,1.66,101.66,1.66,1016.6,16.6,10166.0,166.0,-7.74,92.26,-7.74,922.6,-77.4,9226.0,-774.0,-5.57,94.43,-5.57,944.3,-55.7,9443.0,-557.0,35.52,135.52,35.52,1355.2,355.2,13552.0,3552.0,20.0,120.0,20.0,1200.0,200.0,12000.0,2000.0,Is EOG Resources Stock A Buy For Its Shrinking Share Count?,Trefis,2026-09-23,0.296,How ExxonMobil's Balance Sheet Helps Navigate Oil Volatility,Zacks,2026-09-23,0.382,"Energy Stock CEO Waves Goodbye to Nearly 12,000 Shares Valued at $1.8 Million",Motley Fool,2026-09-22,0.735,,,,,,,,,,
MPC,Marathon Petroleum,Energy,ep-refining,NYSE,388.38,-0.19%,-5.47%,+7.13%,+137.91%,+102%,109.067,0.527,13.47,2.56,4183766,24047366,63050566,103.0,3.14,buy,2.32,-0.19,99.81,-0.19,998.1,-1.9,9981.0,-19.0,-5.47,94.53,-5.47,945.3,-54.7,9453.0,-547.0,7.13,107.13,7.13,1071.3,71.3,10713.0,713.0,137.91,237.91,137.91,2379.1,1379.1,23791.0,13791.0,102.0,202.0,102.0,2020.0,1020.0,20200.0,10200.0,Bloom Energy vs. Marathon Petroleum: Which Popular Energy Stock Is the Better Buy?,Zacks,2026-09-23,0.836,Why Wall Street Is Aggressively Upgrading These 5 Stocks Right Now,Investor's Business Daily,2026-09-23,-0.318,"White House calls report of 90-day diesel exports ban ""fake news""",Investing.com,2026-09-23,-0.772,,,,,,,,,,
VLO,Valero Energy,Energy,ep-refining,NYSE,375.84,-0.37%,-5.34%,+8.62%,+130.72%,+121%,108.214,0.568,16.33,3.04,7080520,27053120,71881620,127.0,3.99,buy,2.4,-0.37,99.63,-0.37,996.3,-3.7,9963.0,-37.0,-5.34,94.66,-5.34,946.6,-53.4,9466.0,-534.0,8.62,108.62,8.62,1086.2,86.2,10862.0,862.0,130.72,230.72,130.72,2307.2,1307.2,23072.0,13072.0,121.0,221.0,121.0,2210.0,1210.0,22100.0,12100.0,Steve Weiss Dumped an Energy Stock That Tripled the S&P 500 Over a Decade,24/7 Wall St.,2026-09-23,-0.153,The Great U.S. Existing Home Mortgage Lock-in,Zacks,2026-09-23,0.625,Why Wall Street Is Aggressively Upgrading These 5 Stocks Right Now,Investor's Business Daily,2026-09-23,-0.318,,,,,,,,,,
SLB,SLB (Schlumberger),Energy,oilfield-services,NYSE,51.87,-0.75%,-4.30%,-3.45%,+31.15%,+51%,76.983,0.774,25.3,13.05,7645788,77749788,306716988,226.0,4.25,buy,1.6,-0.75,99.25,-0.75,992.5,-7.5,9925.0,-75.0,-4.3,95.7,-4.3,957.0,-43.0,9570.0,-430.0,-3.45,96.55,-3.45,965.5,-34.5,9655.0,-345.0,31.15,131.15,31.15,1311.5,311.5,13115.0,3115.0,51.0,151.0,51.0,1510.0,510.0,15100.0,5100.0,Do New SLB (SLB) Digital Wins Clarify Its Long‑Term Competitive Edge in Energy Services?,Simply Wall St.,2026-09-23,0.758,SLB (SLB) Could Be 16% Undervalued After Brazil Seismic Survey Launch,Simply Wall St.,2026-09-22,0.0,SLB (SLB) Started A Major 3D Seismic Survey Off Brazil,Simply Wall St.,2026-09-22,0.0,6,buy,0.7,"YTD +31.78%, analyst score 1.60 (most bullish in universe), and news sentiment 0.222. Brazil seismic survey launch suggests 16% undervaluation per headline, but P/E 25.42 is elevated relative to peers.",Analyst score 1.60; News sentiment 0.222; Undervaluation catalyst; YTD +31.78%,,,,,
HAL,Halliburton,Energy,oilfield-services,NYSE,33.01,+0.12%,-7.46%,-4.24%,+13.06%,+34%,27.501,0.769,17.28,11.49,6224601,61362701,240450701,207.0,5.57,buy,1.75,0.12,100.12,0.12,1001.2,1.2,10012.0,12.0,-7.46,92.54,-7.46,925.4,-74.6,9254.0,-746.0,-4.24,95.76,-4.24,957.6,-42.4,9576.0,-424.0,13.06,113.06,13.06,1130.6,130.6,11306.0,1306.0,34.0,134.0,34.0,1340.0,340.0,13400.0,3400.0,"Halliburton on track to meet street expectations in Q3, UBS says",Proactive,2026-09-23,0.0,3 Value Stocks We Think Twice About,StockStory,2026-09-23,0.34,Halliburton (HAL) Stock Moves -1.62%: What You Should Know,Zacks,2026-09-22,0.0,,,,,,,,,,
BKR,Baker Hughes,Energy,oilfield-services,NASDAQ,58.03,+1.40%,+2.31%,-6.39%,+24.44%,+15%,57.604,0.961,18.66,8.62,8651005,56613705,171351505,161.0,3.08,buy,1.71,1.4,101.4,1.4,1014.0,14.0,10140.0,140.0,2.31,102.31,2.31,1023.1,23.1,10231.0,231.0,-6.39,93.61,-6.39,936.1,-63.9,9361.0,-639.0,24.44,124.44,24.44,1244.4,244.4,12444.0,2444.0,15.0,115.0,15.0,1150.0,150.0,11500.0,1500.0,"NeoVolta, Inc. (NEOV) Reports Q4 Loss, Lags Revenue Estimates",Zacks,2026-09-23,-0.586,Baker Hughes (BKR) Raises 2026 Guidance. But Investors Aren’t Impressed,Insider Monkey,2026-09-20,0.631,US rig count up four as prices tick up,"Odessa American, Texas",2026-09-19,-0.128,,,,,,,,,,
NEE,NextEra Energy,Energy,utilities,NYSE,77.02,-2.90%,-5.00%,-7.73%,-2.75%,+7%,160.662,0.644,17.31,11.0,12615955,62271855,228839755,315.0,,buy,2.0,-2.9,97.1,-2.9,971.0,-29.0,9710.0,-290.0,-5.0,95.0,-5.0,950.0,-50.0,9500.0,-500.0,-7.73,92.27,-7.73,922.7,-77.3,9227.0,-773.0,-2.75,97.25,-2.75,972.5,-27.5,9725.0,-275.0,7.0,107.0,7.0,1070.0,70.0,10700.0,700.0,"NextEra Energy, Inc. (NEE) is Attracting Investor Attention: Here is What You Should Know",Zacks,2026-09-23,0.637,Bloom Energy vs. NextEra Energy: Which Renewable Energy Stock Is a Better Buy in 2026?,Motley Fool,2026-09-22,0.802,How Low Can PG&E Stock Go When The Risk Is Its Own?,Trefis,2026-09-22,-0.494,,,,,,,,,,
SSE.L,SSE plc,Energy,utilities,LSE,32.71,+0.04%,+2.87%,+4.18%,+10.73%,+43%,0.395,0.579,23.52,2.83,2797430,15350542,50635582,278.0,,buy,1.94,0.04,100.04,0.04,1000.4,0.4,10004.0,4.0,2.87,102.87,2.87,1028.7,28.7,10287.0,287.0,4.18,104.18,4.18,1041.8,41.8,10418.0,418.0,10.73,110.73,10.73,1107.3,107.3,11073.0,1073.0,43.0,143.0,43.0,1430.0,430.0,14300.0,4300.0,3 UK Dividend Stocks With Defensive Cash Flows Worth A Closer Look,Simply Wall St.,2026-09-22,0.25,UK PM Burnham uses policy blitz to buy time for tougher decisions,Investing.com,2026-08-01,0.178,SSE (LSE:SSE) Stock Fair Value Edges Lower After Mixed Analyst Target Changes,Simply Wall St.,2026-06-24,0.361,5,buy,0.75,"1M +4.13%, 1W +5.83%, dividend yield 2.77%, and analyst buy with score 1.94. Defensive UK utility with positive short-term momentum and stable cash flows, benefiting from power demand growth.",1M +4.13%; 1W +5.83%; Dividend 2.77%; Analyst score 1.94,,,,,
ENPH,Enphase Energy,Energy,clean-energy,NASDAQ,33.07,-4.12%,-7.00%,-11.05%,-2.01%,-9%,4.37,1.643,32.74,4.75,5499585,25365085,96526985,,21.29,buy,2.4,-4.12,95.88,-4.12,958.8,-41.2,9588.0,-412.0,-7.0,93.0,-7.0,930.0,-70.0,9300.0,-700.0,-11.05,88.95,-11.05,889.5,-110.5,8895.0,-1105.0,-2.01,97.99,-2.01,979.9,-20.1,9799.0,-201.0,-9.0,91.0,-9.0,910.0,-90.0,9100.0,-900.0,Enphase Energy (ENPH) Registers a Bigger Fall Than the Market: Important Facts to Note,Zacks,2026-09-23,0.44,"Enphase Energy, Inc. (ENPH) is Attracting Investor Attention: Here is What You Should Know",Zacks,2026-09-21,0.637,Bloom Energy’s “Time-to-Power” Moat,Motley Fool,2026-09-20,0.0,,,,,,,,,,
FSLR,First Solar,Energy,clean-energy,NASDAQ,191.97,-4.21%,-5.13%,-7.84%,-30.02%,-8%,20.631,1.733,11.84,2.14,2102391,12448991,42973191,,11.47,buy,1.92,-4.21,95.79,-4.21,957.9,-42.1,9579.0,-421.0,-5.13,94.87,-5.13,948.7,-51.3,9487.0,-513.0,-7.84,92.16,-7.84,921.6,-78.4,9216.0,-784.0,-30.02,69.98,-30.02,699.8,-300.2,6998.0,-3002.0,-8.0,92.0,-8.0,920.0,-80.0,9200.0,-800.0,Why First Solar (FSLR) Dipped More Than Broader Market Today,Zacks,2026-09-23,0.0,First Solar (FSLR) Stock Still Looks Below Fair Value Following Its 115% Run,Simply Wall St.,2026-09-19,0.572,Is First Solar Stock Underperforming the Nasdaq?,Barchart,2026-09-18,0.0,,,,,,,,,,
BEPC,Brookfield Renewable Corp,Energy,clean-energy,NYSE,29.22,-2.99%,+0.59%,-10.04%,-24.44%,-13%,5.424,1.158,,1.72,1263554,8291454,34959054,523.0,,none,,-2.99,97.01,-2.99,970.1,-29.9,9701.0,-299.0,0.59,100.59,0.59,1005.9,5.9,10059.0,59.0,-10.04,89.96,-10.04,899.6,-100.4,8996.0,-1004.0,-24.44,75.56,-24.44,755.6,-244.4,7556.0,-2444.0,-13.0,87.0,-13.0,870.0,-130.0,8700.0,-1300.0,3 Reasons to Buy Brookfield Renewable Before September Ends,Motley Fool,2026-09-23,0.0,Westinghouse Could IPO at a $50 Billion Valuation. Cameco's Stake Alone Would Be Worth $24.5 Billion.,Motley Fool,2026-09-21,-0.026,Ranking the Safest Dividend Stocks in the Energy Sector Right Now,Motley Fool,2026-09-18,0.586,,,,,,,,,,
DNNGY,Ørsted,Energy,clean-energy,NASDAQ,6.95,-3.47%,+4.20%,-0.86%,+4.28%,-46%,27.545,0.624,,0.11,14401,592701,2649301,,,strong_buy,1.0,-3.47,96.53,-3.47,965.3,-34.7,9653.0,-347.0,4.2,104.2,4.2,1042.0,42.0,10420.0,420.0,-0.86,99.14,-0.86,991.4,-8.6,9914.0,-86.0,4.28,104.28,4.28,1042.8,42.8,10428.0,428.0,-46.0,54.0,-46.0,540.0,-460.0,5400.0,-4600.0,Ørsted receives final opinion regarding taxation of UK offshore wind farms,Energy Global,2026-09-11,0.0,Orsted Gets Commission Backing in U.K. Tax Case,The Wall Street Journal,2026-09-11,0.026,Ørsted Gets Favorable Tax Opinion on Two UK Offshore Wind Farms,Oilprice.com,2026-09-11,0.477,10,buy,0.5,"1W +7.95%, 1D +2.42%, and YTD +8.03% with positive news sentiment 0.27. High short-term momentum and UK offshore wind tax resolution catalyst, but no PE and negative 1Y return of -45% add significant risk.",1W +7.95%; 1D +2.42%; UK wind tax catalyst; YTD +8.03%,,,,,
AAPL,Apple,MegaCap,big-tech,NASDAQ,337,-0.84%,+1.39%,+8.60%,+24.70%,+35%,4918.53,1.085,38.6,53.11,31482942,230482342,929982242,32.0,0.96,buy,2.2,-0.84,99.16,-0.84,991.6,-8.4,9916.0,-84.0,1.39,101.39,1.39,1013.9,13.9,10139.0,139.0,8.6,108.6,8.6,1086.0,86.0,10860.0,860.0,24.7,124.7,24.7,1247.0,247.0,12470.0,2470.0,35.0,135.0,35.0,1350.0,350.0,13500.0,3500.0,How Qualcomm is targeting agentic AI with its 2 new smartphone chips,Yahoo Finance Video,2026-09-23,0.0,"AI magic sends markets higher, plus one-on-one with IBM vice chair",Yahoo Finance Video,2026-09-23,0.0,"The AI panic, tech concentration, and Nvidia windfalls",Yahoo Finance Video,2026-09-23,-0.511,8,buy,0.7,"Closed at a record $338.98 on iPhone Duo and Siri AI launches; up 26% YTD with a market cap approaching $5T, and Gene Munster sees a catalyst-driven rip higher per [theapplepost.com](https://www.theapplepost.com/2026/09/23/72606/apple-shares-close-at-record-high-following-iphone-duo-and-siri-ai-launches/).",+26% YTD; Record close $338.98; iPhone Duo catalyst; Siri AI rollout,,,,,
MSFT,Microsoft,MegaCap,big-tech,NASDAQ,501,+0.01%,+2.10%,+2.73%,+6.52%,-2%,3717.154,1.108,28.08,33.51,19296597,126373197,467475597,79.0,1.0,strong_buy,1.33,0.01,100.01,0.01,1000.1,0.1,10001.0,1.0,2.1,102.1,2.1,1021.0,21.0,10210.0,210.0,2.73,102.73,2.73,1027.3,27.3,10273.0,273.0,6.52,106.52,6.52,1065.2,65.2,10652.0,652.0,-2.0,98.0,-2.0,980.0,-20.0,9800.0,-200.0,"Nasdaq climbs higher, McDonald's investor day updates",Yahoo Finance Video,2026-09-23,0.0,Does Texas Instruments' (TXN) Richer Dividend Signal Enduring Strength in Its Cash-Heavy Business Model?,Simply Wall St.,2026-09-23,0.765,Okta Sees AI Agent Identity Market Outgrowing Traditional IAM at Oktane 2026,MarketBeat,2026-09-23,0.0,,,,,,,,,,
NVDA,NVIDIA,MegaCap,big-tech,NASDAQ,226,-1.33%,+5.43%,+8.29%,+19.69%,+29%,5445.39,2.217,28.47,128.18,86851377,576882877,2887542677,44.0,1.29,strong_buy,1.3,-1.33,98.67,-1.33,986.7,-13.3,9867.0,-133.0,5.43,105.43,5.43,1054.3,54.3,10543.0,543.0,8.29,108.29,8.29,1082.9,82.9,10829.0,829.0,19.69,119.69,19.69,1196.9,196.9,11969.0,1969.0,29.0,129.0,29.0,1290.0,290.0,12900.0,2900.0,How Qualcomm is targeting agentic AI with its 2 new smartphone chips,Yahoo Finance Video,2026-09-23,0.0,"Nasdaq climbs higher, McDonald's investor day updates",Yahoo Finance Video,2026-09-23,0.0,"The AI panic, tech concentration, and Nvidia windfalls",Yahoo Finance Video,2026-09-23,-0.511,7,strong_buy,0.72,"Up 21% YTD with 10% monthly momentum and a P/E of 28.9, the cheapest among AI leaders; analyst consensus is strong_buy with a score of 1.3, and GPU demand remains robust despite CPU rotation.",+21% YTD; +10% 1M momentum; P/E 28.9 attractive; Strong_buy consensus,,,,,
GOOGL,Alphabet,MegaCap,big-tech,NASDAQ,338,-4.00%,-1.47%,-2.88%,+7.41%,+42%,4131.639,1.225,16.93,29.3,35324218,162438418,583016218,25.0,1.32,strong_buy,1.38,-4.0,96.0,-4.0,960.0,-40.0,9600.0,-400.0,-1.47,98.53,-1.47,985.3,-14.7,9853.0,-147.0,-2.88,97.12,-2.88,971.2,-28.8,9712.0,-288.0,7.41,107.41,7.41,1074.1,74.1,10741.0,741.0,42.0,142.0,42.0,1420.0,420.0,14200.0,4200.0,This is Humanity's Last Decision,Yahoo Finance Video,2026-09-23,0.0,Netflix has a big YouTube problem — and it's only getting worse,Yahoo Finance Video,2026-09-23,-0.7,The future of AI growth rests on Big Tech's cash flow tripling to $2 trillion: Chart of the Day,Yahoo Finance,2026-09-23,0.382,,,,,,,,,,
META,Meta Platforms,MegaCap,big-tech,NASDAQ,744,+0.42%,+10.60%,+33.21%,+14.70%,-3%,1895.599,1.243,28.06,19.08,30241497,150608497,466805197,29.0,1.31,strong_buy,1.34,0.42,100.42,0.42,1004.2,4.2,10042.0,42.0,10.6,110.6,10.6,1106.0,106.0,11060.0,1060.0,33.21,133.21,33.21,1332.1,332.1,13321.0,3321.0,14.7,114.7,14.7,1147.0,147.0,11470.0,1470.0,-3.0,97.0,-3.0,970.0,-30.0,9700.0,-300.0,How Meta's Muse was a total game changer for the AI narrative,Yahoo Finance Video,2026-09-23,0.0,Meta's Muse raises bigger question: Can consumers trust AI with our money?,Yahoo Finance Video,2026-09-23,0.511,"AI magic sends markets higher, plus one-on-one with IBM vice chair",Yahoo Finance Video,2026-09-23,0.0,4,strong_buy,0.78,"Surged 32% in the past month after Muse AI hit 2.5M downloads and topped the App Store; Wells Fargo raised PT to $796, and the stock still trades at a reasonable P/E of 27.8 per [foreignpolicyjournal.com](https://www.foreignpolicyjournal.com/2026/09/23/analyst-gene-munster-says-tesla-nasdaq-tsla-spacex-spcx-and-apple-nasdaq-aapl-are-poised-to-follow-metas-ai-driven-surge/).",+32% 1M momentum; Muse AI 2.5M downloads; Wells Fargo PT $796; P/E 27.8 attractive,,,,,
AMZN,Amazon,MegaCap,big-tech,NASDAQ,249,-2.42%,+1.35%,-4.88%,+10.05%,+16%,2688.704,1.443,20.07,45.46,43691413,211366913,750214513,,0.94,strong_buy,1.32,-2.42,97.58,-2.42,975.8,-24.2,9758.0,-242.0,1.35,101.35,1.35,1013.5,13.5,10135.0,135.0,-4.88,95.12,-4.88,951.2,-48.8,9512.0,-488.0,10.05,110.05,10.05,1100.5,100.5,11005.0,1005.0,16.0,116.0,16.0,1160.0,160.0,11600.0,1600.0,"Meta's Muse is an impressively capable AI agent, despite some hiccups",Yahoo Finance,2026-09-23,0.681,"Beloved travel brand closing after 22 years, final sale swamped",TheStreet,2026-09-23,0.511,Why UPS Slashed Its Amazon Business by 50%,WSJ,2026-09-23,-0.052,,,,,,,,,,
TSLA,Tesla,MegaCap,big-tech,NASDAQ,380,+0.26%,+6.16%,+8.93%,-13.23%,-14%,1501.302,1.845,345.56,39.28,32914670,188590570,848212070,,2.1,buy,2.35,0.26,100.26,0.26,1002.6,2.6,10026.0,26.0,6.16,106.16,6.16,1061.6,61.6,10616.0,616.0,8.93,108.93,8.93,1089.3,89.3,10893.0,893.0,-13.23,86.77,-13.23,867.7,-132.3,8677.0,-1323.0,-14.0,86.0,-14.0,860.0,-140.0,8600.0,-1400.0,Could SpaceX Stock Make You a Millionaire by 2036?,Motley Fool,2026-09-23,0.0,"Tesla wins lead role in 2,500-truck electric Class 8 order",FreightWaves,2026-09-23,0.572,Shiba Inu investors eye highest-ever Q3 return,TheStreet,2026-09-23,0.0,9,buy,0.65,"Down 14% YTD but up 9% in the past month; FSD v15 and Cybercab catalyst expected to drive a recovery per Munster, with robotaxi costs targeted at $0.30/mile per [foreignpolicyjournal.com](https://www.foreignpolicyjournal.com/2026/09/23/analyst-gene-munster-says-tesla-nasdaq-tsla-spacex-spcx-and-apple-nasdaq-aapl-are-poised-to-follow-metas-ai-driven-surge/).",+9% 1M momentum; FSD v15 catalyst; Cybercab $0.30/mile cost; Recovery potential,,,,,
NFLX,Netflix,MegaCap,big-tech,NASDAQ,71,-1.26%,-6.61%,-10.81%,-21.57%,-40%,297.139,1.526,22.44,39.0,32606518,246508118,697658018,,2.21,buy,1.84,-1.26,98.74,-1.26,987.4,-12.6,9874.0,-126.0,-6.61,93.39,-6.61,933.9,-66.1,9339.0,-661.0,-10.81,89.19,-10.81,891.9,-108.1,8919.0,-1081.0,-21.57,78.43,-21.57,784.3,-215.7,7843.0,-2157.0,-40.0,60.0,-40.0,600.0,-400.0,6000.0,-4000.0,Netflix has a big YouTube problem — and it's only getting worse,Yahoo Finance Video,2026-09-23,-0.7,Is Netflix (NFLX) Worth More Than Its Cash Flow Suggests?,Simply Wall St.,2026-09-23,0.226,"S&P 500, Dow, Nasdaq Drop As Yields Spike Amid Calls For More Rate Hikes — AMZN, GOOGL, NFLX, SPCX, RKLB In Focus",Stocktwits,2026-09-23,-0.273,,,,,,,,,,
JPM,JPMorgan Chase,MegaCap,financials,NYSE,338,-0.90%,-3.26%,-5.29%,+5.17%,+8%,897.218,0.975,14.47,7.91,7050878,49743678,155456178,194.0,1.0,buy,2.08,-0.9,99.1,-0.9,991.0,-9.0,9910.0,-90.0,-3.26,96.74,-3.26,967.4,-32.6,9674.0,-326.0,-5.29,94.71,-5.29,947.1,-52.9,9471.0,-529.0,5.17,105.17,5.17,1051.7,51.7,10517.0,517.0,8.0,108.0,8.0,1080.0,80.0,10800.0,800.0,Why investors should learn to harness volatility,Yahoo Finance Video,2026-09-23,0.0,Jamie Dimon Says AI Spending Could Hit $1 Trillion in 2027 But JPMorgan CEO Warns it Could Add 'Little Bit' to Inflation: 'That’s Like 1% Increase to GDP...',Benzinga,2026-09-23,0.681,JPMorgan's India Expansion Plan: What It Means and Why It Matters,Zacks,2026-09-23,0.026,,,,,,,,,,
BAC,Bank of America,MegaCap,financials,NYSE,56,-0.64%,-3.28%,-9.70%,+1.69%,+9%,391.594,1.164,12.93,33.18,36201887,203784787,801852187,228.0,,strong_buy,1.5,-0.64,99.36,-0.64,993.6,-6.4,9936.0,-64.0,-3.28,96.72,-3.28,967.2,-32.8,9672.0,-328.0,-9.7,90.3,-9.7,903.0,-97.0,9030.0,-970.0,1.69,101.69,1.69,1016.9,16.9,10169.0,169.0,9.0,109.0,9.0,1090.0,90.0,10900.0,900.0,Darden sales momentum strengthens despite casual-dining slowdown,Proactive,2026-09-23,0.459,Merck pipeline seen driving potential re-rating as clinical catalysts approach,Proactive,2026-09-23,0.0,A Hawkish Fed Is Bad News for Borrowers. It’s Good News for This Bank.,24/7 Wall St.,2026-09-23,-0.153,,,,,,,,,,
BRK-B,Berkshire Hathaway B,MegaCap,financials,NYSE,507,+0.71%,-1.86%,+0.57%,+2.08%,+1%,1085.704,0.603,12.75,4.47,5358076,33910576,97559476,,0.96,buy,2.0,0.71,100.71,0.71,1007.1,7.1,10071.0,71.0,-1.86,98.14,-1.86,981.4,-18.6,9814.0,-186.0,0.57,100.57,0.57,1005.7,5.7,10057.0,57.0,2.08,102.08,2.08,1020.8,20.8,10208.0,208.0,1.0,101.0,1.0,1010.0,10.0,10100.0,100.0,Homebuilders Warn Affordability Headwinds Are Hitting the Housing Market. Berkshire Is Doubling Down on the Sector,Investopedia,2026-09-23,-0.103,Berkshire Hathaway Now Owns Over 10% of This Beaten-Down Homebuilder,24/7 Wall St.,2026-09-23,0.0,Charlie Munger Once Called Greg Abel a 'Tremendous Learning Machine' Just as Good as Warren Buffett: Here's the Quality That Left Him Impressed,Benzinga,2026-09-23,0.718,,,,,,,,,,
V,Visa,MegaCap,financials,NYSE,362,-0.28%,-3.75%,-5.46%,+4.97%,+7%,678.701,0.761,30.72,7.4,5124711,43728411,130973711,74.0,1.19,strong_buy,1.45,-0.28,99.72,-0.28,997.2,-2.8,9972.0,-28.0,-3.75,96.25,-3.75,962.5,-37.5,9625.0,-375.0,-5.46,94.54,-5.46,945.4,-54.6,9454.0,-546.0,4.97,104.97,4.97,1049.7,49.7,10497.0,497.0,7.0,107.0,7.0,1070.0,70.0,10700.0,700.0,Is Visa (V) Trading At A Discount As Stablecoin Scale Grows?,Simply Wall St.,2026-09-23,0.0,PYPL Showered Owners With Cash. The Stock Still Lagged The Market,Trefis,2026-09-23,-0.296,Paid an ATM fee? You could be owed part of a $167.5M settlement,USA TODAY,2026-09-23,0.0,,,,,,,,,,
MA,Mastercard,MegaCap,financials,NYSE,560,+0.56%,-2.33%,-6.66%,-0.08%,-2%,490.495,0.735,30.8,3.09,2876588,15344688,55886788,63.0,0.87,strong_buy,1.43,0.56,100.56,0.56,1005.6,5.6,10056.0,56.0,-2.33,97.67,-2.33,976.7,-23.3,9767.0,-233.0,-6.66,93.34,-6.66,933.4,-66.6,9334.0,-666.0,-0.08,99.92,-0.08,999.2,-0.8,9992.0,-8.0,-2.0,98.0,-2.0,980.0,-20.0,9800.0,-200.0,SoFi and Mastercard's new stablecoin partnership is a big deal. Here's why.,Yahoo Finance Video,2026-09-23,0.0,Bitcoin ETFs rakes in the dough,Yahoo Finance Video,2026-09-23,0.0,PYPL Showered Owners With Cash. The Stock Still Lagged The Market,Trefis,2026-09-23,-0.296,,,,,,,,,,
GS,Goldman Sachs,MegaCap,financials,NYSE,936,-1.52%,-4.13%,-9.20%,+3.91%,+20%,272.641,1.283,14.46,2.02,2089762,14765862,42553762,211.0,2.41,hold,2.6,-1.52,98.48,-1.52,984.8,-15.2,9848.0,-152.0,-4.13,95.87,-4.13,958.7,-41.3,9587.0,-413.0,-9.2,90.8,-9.2,908.0,-92.0,9080.0,-920.0,3.91,103.91,3.91,1039.1,39.1,10391.0,391.0,20.0,120.0,20.0,1200.0,200.0,12000.0,2000.0,Goldman Sachs' interest rate prediction hinges on oil prices,Yahoo Finance,2026-09-23,0.459,"Is the ""AI"" Chip Stock Momentum Rally Over?",Zacks,2026-09-23,0.0,"11 Dividend Stocks for a Rocky Market, From Investment Pros",Barrons.com,2026-09-23,0.0,,,,,,,,,,
BLK,BlackRock,MegaCap,financials,NYSE,1061,-0.54%,+0.21%,-9.06%,-0.62%,-5%,172.369,1.429,25.43,0.7,460691,3279591,12329291,215.0,1.26,strong_buy,1.47,-0.54,99.46,-0.54,994.6,-5.4,9946.0,-54.0,0.21,100.21,0.21,1002.1,2.1,10021.0,21.0,-9.06,90.94,-9.06,909.4,-90.6,9094.0,-906.0,-0.62,99.38,-0.62,993.8,-6.2,9938.0,-62.0,-5.0,95.0,-5.0,950.0,-50.0,9500.0,-500.0,2 Active ETFs Built on Values-Based Screens,etf.com,2026-09-23,0.402,ETF League Tables: First Trust Outflows Total $3.6B,etf.com,2026-09-23,0.511,Sector Update: Financial Stocks Softer Late Afternoon,MT Newswires,2026-09-23,0.0,,,,,,,,,,
LLY,Eli Lilly,MegaCap,healthcare,NYSE,1151,-1.64%,+1.31%,-7.69%,+7.05%,+58%,1026.385,0.502,38.57,2.68,2152646,12543646,49614746,59.0,0.89,buy,1.63,-1.64,98.36,-1.64,983.6,-16.4,9836.0,-164.0,1.31,101.31,1.31,1013.1,13.1,10131.0,131.0,-7.69,92.31,-7.69,923.1,-76.9,9231.0,-769.0,7.05,107.05,7.05,1070.5,70.5,10705.0,705.0,58.0,158.0,58.0,1580.0,580.0,15800.0,5800.0,Could Retatrutide Be Worth $10 Billion to Eli Lilly?,Motley Fool,2026-09-23,0.226,Lilly Slips as $6.5 Billion Plant Backs Oral GLP-1 Scale,GuruFocus.com,2026-09-23,-0.052,What Is AbbVie No Longer Telling You?,Trefis,2026-09-23,-0.296,,,,,,,,,,
UNH,UnitedHealth Group,MegaCap,healthcare,NYSE,371,-0.54%,-1.23%,-6.32%,+12.55%,+6%,333.268,0.622,23.88,5.15,3858910,27426110,103697810,249.0,1.9,buy,1.58,-0.54,99.46,-0.54,994.6,-5.4,9946.0,-54.0,-1.23,98.77,-1.23,987.7,-12.3,9877.0,-123.0,-6.32,93.68,-6.32,936.8,-63.2,9368.0,-632.0,12.55,112.55,12.55,1125.5,125.5,11255.0,1255.0,6.0,106.0,6.0,1060.0,60.0,10600.0,600.0,Liberty HealthShare’s Dorsey Morrow Makes the Financial Case for Healthsharing on Becker’s Healthcare Podcast,Exec Edge,2026-09-23,0.527,"Is the ""AI"" Chip Stock Momentum Rally Over?",Zacks,2026-09-23,0.0,Did UnitedHealth Name The Fix Before Its Stock Ran?,Trefis,2026-09-23,0.0,,,,,,,,,,
JNJ,Johnson & Johnson,MegaCap,healthcare,NYSE,269,+0.09%,+0.74%,-0.93%,+31.90%,+52%,648.672,0.235,31.26,7.32,6367168,38736968,135114968,199.0,1.0,buy,1.91,0.09,100.09,0.09,1000.9,0.9,10009.0,9.0,0.74,100.74,0.74,1007.4,7.4,10074.0,74.0,-0.93,99.07,-0.93,990.7,-9.3,9907.0,-93.0,31.9,131.9,31.9,1319.0,319.0,13190.0,3190.0,52.0,152.0,52.0,1520.0,520.0,15200.0,5200.0,What Is AbbVie No Longer Telling You?,Trefis,2026-09-23,-0.296,What Is The Best Case For Pfizer Stock?,Trefis,2026-09-23,0.637,4 Elite Dividend Stocks Yielding Up to 6.14% With Diversified Pipelines That Protect Your Payout,24/7 Wall St.,2026-09-23,0.382,,,,,,,,,,
ABBV,AbbVie,MegaCap,healthcare,NYSE,265,-0.01%,+0.78%,+0.21%,+18.33%,+21%,468.427,0.281,74.67,6.11,3445541,21682341,88314841,261.0,1.23,buy,1.7,-0.01,99.99,-0.01,999.9,-0.1,9999.0,-1.0,0.78,100.78,0.78,1007.8,7.8,10078.0,78.0,0.21,100.21,0.21,1002.1,2.1,10021.0,21.0,18.33,118.33,18.33,1183.3,183.3,11833.0,1833.0,21.0,121.0,21.0,1210.0,210.0,12100.0,2100.0,Nvidia Backed This AI Drug Startup. AbbVie Just Became a Partner Before Its IPO,Insider Monkey,2026-09-23,0.026,What Is AbbVie No Longer Telling You?,Trefis,2026-09-23,-0.296,What Is The Best Case For Pfizer Stock?,Trefis,2026-09-23,0.637,,,,,,,,,,
MRK,Merck,MegaCap,healthcare,NYSE,148,-1.90%,+2.98%,-1.13%,+41.98%,+89%,365.339,0.226,118.46,10.17,9630737,67070637,213835437,225.0,1.23,buy,1.75,-1.9,98.1,-1.9,981.0,-19.0,9810.0,-190.0,2.98,102.98,2.98,1029.8,29.8,10298.0,298.0,-1.13,98.87,-1.13,988.7,-11.3,9887.0,-113.0,41.98,141.98,41.98,1419.8,419.8,14198.0,4198.0,89.0,189.0,89.0,1890.0,890.0,18900.0,8900.0,Merck (MRK) Declines More Than Market: Some Information for Investors,Zacks,2026-09-23,0.0,Moderna Stock Hits a New High as CEO Says It’s More Than Covid Vaccines,Barrons.com,2026-09-23,0.0,Nvidia Backed This AI Drug Startup. AbbVie Just Became a Partner Before Its IPO,Insider Monkey,2026-09-23,0.026,,,,,,,,,,
TMO,Thermo Fisher Scientific,MegaCap,healthcare,NYSE,665,+1.26%,+3.73%,+5.90%,+12.59%,+41%,245.993,0.854,35.83,2.11,2315339,16278239,43616139,29.0,1.54,buy,1.52,1.26,101.26,1.26,1012.6,12.6,10126.0,126.0,3.73,103.73,3.73,1037.3,37.3,10373.0,373.0,5.9,105.9,5.9,1059.0,59.0,10590.0,590.0,12.59,112.59,12.59,1125.9,125.9,11259.0,1259.0,41.0,141.0,41.0,1410.0,410.0,14100.0,4100.0,G2’s CFO says SaaS expos may become obsolete,CFO.com,2026-09-22,-0.296,3 Reasons to Sell TMO and 1 Stock to Buy Instead,StockStory,2026-09-21,0.0,"Beat the Market Like Zacks: PBF, Palantir, Adobe in Focus",Zacks,2026-09-21,0.361,10,buy,0.6,Up 11% YTD with 4.8% monthly momentum and a P/E of 35.4; strong buy analyst consensus and positive news sentiment of 0.068 support continued upside in life sciences tools.,+11% YTD; +4.8% 1M momentum; P/E 35.4; Positive news sentiment,,,,,
ABT,Abbott Laboratories,MegaCap,healthcare,NYSE,103,-0.19%,+1.43%,-11.30%,-15.12%,-23%,179.077,0.586,33.49,10.17,12183758,57930058,182229658,243.0,1.43,buy,1.52,-0.19,99.81,-0.19,998.1,-1.9,9981.0,-19.0,1.43,101.43,1.43,1014.3,14.3,10143.0,143.0,-11.3,88.7,-11.3,887.0,-113.0,8870.0,-1130.0,-15.12,84.88,-15.12,848.8,-151.2,8488.0,-1512.0,-23.0,77.0,-23.0,770.0,-230.0,7700.0,-2300.0,Is Abbott’s Digital Health Push and Formula Settlement Altering The Investment Case For Abbott (ABT)?,Simply Wall St.,2026-09-23,0.0,Here's Why You Should Hold Stryker Stock in Your Portfolio for Now,Zacks,2026-09-23,0.0,What Makes Abbott Laboratories (ABT) an Attractive Opportunity?,Insider Monkey,2026-09-23,0.691,,,,,,,,,,
PG,Procter & Gamble,MegaCap,consumer,NYSE,147,-0.61%,+0.49%,+0.54%,+6.26%,-3%,342.339,0.377,22.23,8.94,6566772,39020772,174424372,294.0,1.21,buy,2.2,-0.61,99.39,-0.61,993.9,-6.1,9939.0,-61.0,0.49,100.49,0.49,1004.9,4.9,10049.0,49.0,0.54,100.54,0.54,1005.4,5.4,10054.0,54.0,6.26,106.26,6.26,1062.6,62.6,10626.0,626.0,-3.0,97.0,-3.0,970.0,-30.0,9700.0,-300.0,"When Everything’s Priced at a Premium, Where Do Tech Brands Find New Buyers?",The Wall Street Journal,2026-09-23,0.0,Will P&G’s (PG) New Science-Led Head & Shoulders and Oral-B iO Push Change Its Narrative?,Simply Wall St.,2026-09-23,0.0,Procter & Gamble (PG) Stock Moves 1.45%: What You Should Know,Zacks,2026-09-22,0.0,,,,,,,,,,
KO,Coca-Cola,MegaCap,consumer,NYSE,88,-0.59%,-0.70%,-3.67%,+29.92%,+33%,379.012,0.342,26.45,16.75,12965935,92752935,329077835,239.0,0.92,buy,1.75,-0.59,99.41,-0.59,994.1,-5.9,9941.0,-59.0,-0.7,99.3,-0.7,993.0,-7.0,9930.0,-70.0,-3.67,96.33,-3.67,963.3,-36.7,9633.0,-367.0,29.92,129.92,29.92,1299.2,299.2,12992.0,2992.0,33.0,133.0,33.0,1330.0,330.0,13300.0,3300.0,Will GLP-1s hurt food stocks?  Assessing the changing consumer.,Yahoo Finance Video,2026-09-23,-0.527,What Is The One Risk Every Celsius Investor Should Know?,Trefis,2026-09-23,-0.273,Coca-Cola Stock: The IRS Case Nobody Is Talking About Could Move Shares,TIKR,2026-09-23,0.296,,,,,,,,,,
PEP,PepsiCo,MegaCap,consumer,NASDAQ,130,-0.86%,-3.93%,-9.05%,-5.69%,-8%,177.826,0.361,17.04,8.4,8171262,61156762,185838762,451.0,1.74,hold,2.62,-0.86,99.14,-0.86,991.4,-8.6,9914.0,-86.0,-3.93,96.07,-3.93,960.7,-39.3,9607.0,-393.0,-9.05,90.95,-9.05,909.5,-90.5,9095.0,-905.0,-5.69,94.31,-5.69,943.1,-56.9,9431.0,-569.0,-8.0,92.0,-8.0,920.0,-80.0,9200.0,-800.0,Will GLP-1s hurt food stocks?  Assessing the changing consumer.,Yahoo Finance Video,2026-09-23,-0.527,What Is The One Risk Every Celsius Investor Should Know?,Trefis,2026-09-23,-0.273,"Tesla wins lead role in 2,500-truck electric Class 8 order",FreightWaves,2026-09-23,0.572,,,,,,,,,,
MCD,McDonald's,MegaCap,consumer,NYSE,238,-5.12%,-4.12%,-11.93%,-19.87%,-18%,168.645,0.414,19.34,4.73,16508084,42378784,119747284,308.0,1.94,buy,2.09,-5.12,94.88,-5.12,948.8,-51.2,9488.0,-512.0,-4.12,95.88,-4.12,958.8,-41.2,9588.0,-412.0,-11.93,88.07,-11.93,880.7,-119.3,8807.0,-1193.0,-19.87,80.13,-19.87,801.3,-198.7,8013.0,-1987.0,-18.0,82.0,-18.0,820.0,-180.0,8200.0,-1800.0,McDonald's exec says GLP-1 boom is 'an opportunity',Yahoo Finance,2026-09-23,0.421,"Nasdaq climbs higher, McDonald's investor day updates",Yahoo Finance Video,2026-09-23,0.0,McDonald's 'NEXT' strategy is reexamining value 'across the menu': CFO,Yahoo Finance Video,2026-09-23,0.34,,,,,,,,,,
NKE,Nike,MegaCap,consumer,NYSE,36,-0.41%,+0.75%,-10.60%,-41.53%,-49%,53.48,1.11,17.17,27.37,40103087,211263587,705966487,454.0,7.92,hold,2.74,-0.41,99.59,-0.41,995.9,-4.1,9959.0,-41.0,0.75,100.75,0.75,1007.5,7.5,10075.0,75.0,-10.6,89.4,-10.6,894.0,-106.0,8940.0,-1060.0,-41.53,58.47,-41.53,584.7,-415.3,5847.0,-4153.0,-49.0,51.0,-49.0,510.0,-490.0,5100.0,-4900.0,Why Did On Holding Stock Jump If Its Near-Term Guidance Did Not Change?,Trefis,2026-09-23,0.0,Why Are Sportswear Stocks in a Rut?,The Wall Street Journal,2026-09-23,0.0,"Here is What to Know Beyond Why NIKE, Inc. (NKE) is a Trending Stock",Zacks,2026-09-23,0.0,,,,,,,,,,
WMT,Walmart,MegaCap,consumer,NYSE,111,+0.44%,+2.82%,+3.79%,-1.35%,+7%,879.606,0.595,40.05,24.24,20177395,128070895,526606995,90.0,1.93,buy,1.53,0.44,100.44,0.44,1004.4,4.4,10044.0,44.0,2.82,102.82,2.82,1028.2,28.2,10282.0,282.0,3.79,103.79,3.79,1037.9,37.9,10379.0,379.0,-1.35,98.65,-1.35,986.5,-13.5,9865.0,-135.0,7.0,107.0,7.0,1070.0,70.0,10700.0,700.0,Here are the stocks taking a hit amid the Muse hype,Yahoo Finance Video,2026-09-23,0.0,What Are Amazon Stock Bears Missing?,Trefis,2026-09-23,-0.128,Walmart has big plans for holiday bargain hunters,TheStreet,2026-09-23,0.542,,,,,,,,,,
COST,Costco,MegaCap,consumer,NASDAQ,905,+0.53%,+0.37%,-6.87%,+6.34%,-5%,401.215,0.855,45.51,2.19,2278732,13030732,43980232,65.0,1.71,buy,1.95,0.53,100.53,0.53,1005.3,5.3,10053.0,53.0,0.37,100.37,0.37,1003.7,3.7,10037.0,37.0,-6.87,93.13,-6.87,931.3,-68.7,9313.0,-687.0,6.34,106.34,6.34,1063.4,63.4,10634.0,634.0,-5.0,95.0,-5.0,950.0,-50.0,9500.0,-500.0,"Top Research Reports for Micron, Costco & Interactive Brokers",Zacks,2026-09-23,0.202,Costco's Membership Fee Boost Is About to Run Out,Motley Fool,2026-09-23,0.402,Costco makes rare mistake with new delivery service,TheStreet,2026-09-23,-0.34,,,,,,,,,,
XOM,ExxonMobil,MegaCap,energy-industrial,NYSE,161,+1.45%,-4.78%,-1.72%,+34.09%,+39%,662.964,0.175,20.72,14.84,12564657,90372057,310193757,260.0,1.08,buy,2.32,1.45,101.45,1.45,1014.5,14.5,10145.0,145.0,-4.78,95.22,-4.78,952.2,-47.8,9522.0,-478.0,-1.72,98.28,-1.72,982.8,-17.2,9828.0,-172.0,34.09,134.09,34.09,1340.9,340.9,13409.0,3409.0,39.0,139.0,39.0,1390.0,390.0,13900.0,3900.0,Lincoln Property to repurpose north Houston eyesore Greenspoint Mall into industrial park,The Real Deal,2026-09-23,0.0,"If Hormuz Stays Shut, How High Can Exxon Go?",24/7 Wall St.,2026-09-23,0.0,How ExxonMobil's Balance Sheet Helps Navigate Oil Volatility,Zacks,2026-09-23,0.382,,,,,,,,,,
CVX,Chevron,MegaCap,energy-industrial,NYSE,206,+1.36%,-5.63%,+1.19%,+35.50%,+27%,403.129,0.491,19.91,8.88,8247575,79442675,205298275,352.0,1.05,buy,1.72,1.36,101.36,1.36,1013.6,13.6,10136.0,136.0,-5.63,94.37,-5.63,943.7,-56.3,9437.0,-563.0,1.19,101.19,1.19,1011.9,11.9,10119.0,119.0,35.5,135.5,35.5,1355.0,355.0,13550.0,3550.0,27.0,127.0,27.0,1270.0,270.0,12700.0,2700.0,How Chevron’s CFO Leads Through Volatility: ‘You Plan for It’,WSJ,2026-09-23,0.0,How ExxonMobil's Balance Sheet Helps Navigate Oil Volatility,Zacks,2026-09-23,0.382,Can ExxonMobil Keep Rewarding Shareholders While Investing for Growth?,Zacks,2026-09-23,0.718,,,,,,,,,,
CAT,Caterpillar,MegaCap,energy-industrial,NYSE,812,+0.30%,+3.63%,+0.12%,+36.53%,+72%,373.265,1.594,35.02,3.0,2711623,14440623,49798723,81.0,1.83,buy,2.14,0.3,100.3,0.3,1003.0,3.0,10030.0,30.0,3.63,103.63,3.63,1036.3,36.3,10363.0,363.0,0.12,100.12,0.12,1001.2,1.2,10012.0,12.0,36.53,136.53,36.53,1365.3,365.3,13653.0,3653.0,72.0,172.0,72.0,1720.0,720.0,17200.0,7200.0,Caterpillar vs. Komatsu: Which Heavy Equipment Stock is the Better Buy?,Zacks,2026-09-23,0.44,XRX Stock Rises 11.5% in 3 Months: Here's What You Should Know,Zacks,2026-09-23,0.0,Apogee Expands Performance Surfaces Segment With Groglass Buyout,Zacks,2026-09-22,0.103,,,,,,,,,,
HON,Honeywell,MegaCap,energy-industrial,NASDAQ,213,+0.36%,+4.49%,-1.02%,+4.87%,+3%,67.372,0.901,8.17,3.79,2471397,21376897,65559597,132.0,2.03,buy,1.96,0.36,100.36,0.36,1003.6,3.6,10036.0,36.0,4.49,104.49,4.49,1044.9,44.9,10449.0,449.0,-1.02,98.98,-1.02,989.8,-10.2,9898.0,-102.0,4.87,104.87,4.87,1048.7,48.7,10487.0,487.0,3.0,103.0,3.0,1030.0,30.0,10300.0,300.0,Honeywell (HON) Lands Marine Corps Security Upgrade And Major Tech Awards,Simply Wall St.,2026-09-23,0.689,Honeywell International Inc. (HON) Stock Moves 2.60%: What You Should Know,Zacks,2026-09-22,0.0,Stock Market Today: Dow Skids But Apple Eyes A Buy Point; Filing Says Trump Makes These Trades,Investor's Business Daily,2026-09-22,0.0,,,,,,,,,,
GE,GE Aerospace,MegaCap,energy-industrial,NYSE,320,+0.09%,+4.15%,-6.45%,-0.03%,+6%,331.812,1.35,37.67,4.14,4352332,28438432,86754732,59.0,1.54,buy,1.55,0.09,100.09,0.09,1000.9,0.9,10009.0,9.0,4.15,104.15,4.15,1041.5,41.5,10415.0,415.0,-6.45,93.55,-6.45,935.5,-64.5,9355.0,-645.0,-0.03,99.97,-0.03,999.7,-0.3,9997.0,-3.0,6.0,106.0,6.0,1060.0,60.0,10600.0,600.0,GE HealthCare (GEHC) is Down 28% and Wall Street is Starting to Buy. Is the Selloff Finally Over?,Insider Monkey,2026-09-23,0.0,"The Zacks Analyst Blog Highlights NVIDIA, Berkshire Hathaway and GE Aerospace",Zacks,2026-09-23,0.0,General Electric (GE) Stock Looks Fairly Valued on Cash Flow,Simply Wall St.,2026-09-23,0.44,,,,,,,,,,
RTX,RTX Corp,MegaCap,energy-industrial,NYSE,192,+0.55%,-1.69%,-8.14%,+3.75%,+18%,259.026,0.287,33.9,4.57,4217466,24012566,82524966,153.0,0.92,buy,1.87,0.55,100.55,0.55,1005.5,5.5,10055.0,55.0,-1.69,98.31,-1.69,983.1,-16.9,9831.0,-169.0,-8.14,91.86,-8.14,918.6,-81.4,9186.0,-814.0,3.75,103.75,3.75,1037.5,37.5,10375.0,375.0,18.0,118.0,18.0,1180.0,180.0,11800.0,1800.0,Can APN-241 Processor Demand Support Northrop Grumman's Growth?,Zacks,2026-09-23,0.586,Can Stryker Vehicle Demand Support General Dynamics' Growth?,Zacks,2026-09-23,0.71,Is Lockheed Martin Entering a New Growth Cycle Through Missile Defense?,Zacks,2026-09-23,0.477,,,,,,,,,,
BA,Boeing,MegaCap,energy-industrial,NYSE,200,+0.94%,-1.01%,-5.00%,-12.22%,-8%,158.019,1.213,71.66,5.81,9994448,45808248,136036248,,0.01,strong_buy,1.48,0.94,100.94,0.94,1009.4,9.4,10094.0,94.0,-1.01,98.99,-1.01,989.9,-10.1,9899.0,-101.0,-5.0,95.0,-5.0,950.0,-50.0,9500.0,-500.0,-12.22,87.78,-12.22,877.8,-122.2,8778.0,-1222.0,-8.0,92.0,-8.0,920.0,-80.0,9200.0,-800.0,"NASA’s $946 Million SpaceX Award Extends Crew Dragon Through 2030, But Redundancy Remains Uncertain",Insider Monkey,2026-09-23,-0.077,"How the Trump-Xi Meeting Could Move Nvidia, Boeing and Your 401(k)",24/7 Wall St.,2026-09-23,0.0,Boeing’s Demand Is Strong. Can Production Finally Catch Up?,Insider Monkey,2026-09-23,0.421,,,,,,,,,,
AMD,Advanced Micro Devices,MegaCap,tech-semis,NASDAQ,615,-1.42%,+19.92%,+34.56%,+175.03%,+288%,1003.335,2.476,156.39,25.21,16270327,149379427,455920627,,2.57,strong_buy,1.49,-1.42,98.58,-1.42,985.8,-14.2,9858.0,-142.0,19.92,119.92,19.92,1199.2,199.2,11992.0,1992.0,34.56,134.56,34.56,1345.6,345.6,13456.0,3456.0,175.03,275.03,175.03,2750.3,1750.3,27503.0,17503.0,288.0,388.0,288.0,3880.0,2880.0,38800.0,28800.0,How Qualcomm is targeting agentic AI with its 2 new smartphone chips,Yahoo Finance Video,2026-09-23,0.0,Nasdaq rally hasn't stopped these tech stocks from flashing warning signs,Yahoo Finance,2026-09-23,-0.186,"The AI panic, tech concentration, and Nvidia windfalls",Yahoo Finance Video,2026-09-23,-0.511,3,strong_buy,1.0,"Up 179% YTD with a 37% monthly gain, crossing $1T market cap as the fourth US chipmaker to do so; Muse-driven CPU demand and 1:1 CPU-to-GPU ratio thesis support further upside per [gate.com](https://www.gate.com/blog/us-chip-stocks-surge-intc-qcom-ai-computing-rally-spreads).",+179% YTD; +37% 1M momentum; $1T market cap milestone; CPU demand from AI agents,,,,,
QCOM,Qualcomm,MegaCap,tech-semis,NASDAQ,197,-0.50%,+6.71%,+25.10%,+15.81%,+14%,210.664,1.679,22.57,14.15,9685834,106462534,311811134,186.0,3.53,hold,2.57,-0.5,99.5,-0.5,995.0,-5.0,9950.0,-50.0,6.71,106.71,6.71,1067.1,67.1,10671.0,671.0,25.1,125.1,25.1,1251.0,251.0,12510.0,2510.0,15.81,115.81,15.81,1158.1,158.1,11581.0,1581.0,14.0,114.0,14.0,1140.0,140.0,11400.0,1400.0,How Qualcomm is transforming the car into a 'digital computer on wheels': CEO explains,Yahoo Finance Video,2026-09-23,0.0,Qualcomm Takes AI To The Edge With New Mobile Chips,Investor's Business Daily,2026-09-23,0.0,"Marvell Stock Ran, But Did It Tell You When?",Trefis,2026-09-23,0.0,5,buy,0.75,"Up 26% in the past month after announcing a $60B AI infrastructure partnership with Amazon; stock surged 9.3% in a single day, and the deal includes warrants at $161.26 per [gate.com](https://www.gate.com/blog/us-chip-stocks-surge-intc-qcom-ai-computing-rally-spreads).",+26% 1M momentum; $60B Amazon AI partnership; 9.3% single-day surge; Warrant floor at $161,,,,,
AVGO,Broadcom,MegaCap,tech-semis,NASDAQ,355,-3.02%,+4.75%,-0.87%,+2.68%,+7%,1694.591,1.457,45.34,23.21,22438949,137930749,587146149,71.0,1.08,strong_buy,1.26,-3.02,96.98,-3.02,969.8,-30.2,9698.0,-302.0,4.75,104.75,4.75,1047.5,47.5,10475.0,475.0,-0.87,99.13,-0.87,991.3,-8.7,9913.0,-87.0,2.68,102.68,2.68,1026.8,26.8,10268.0,268.0,7.0,107.0,7.0,1070.0,70.0,10700.0,700.0,Nvidia Stock Falls. It Has a Google AI Chip Conundrum.,Barrons.com,2026-09-23,0.0,"Marvell Stock Ran, But Did It Tell You When?",Trefis,2026-09-23,0.0,Broadcom Just Made a Move That Further Solidifies My Decision to Buy on Repeat,24/7 Wall St.,2026-09-23,0.0,,,,,,,,,,
TSM,Taiwan Semiconductor,MegaCap,tech-semis,NYSE,447,-1.07%,+6.91%,+9.18%,+40.82%,+61%,2316.124,1.247,33.28,12.31,10161299,56713199,218404399,90.0,0.62,strong_buy,1.38,-1.07,98.93,-1.07,989.3,-10.7,9893.0,-107.0,6.91,106.91,6.91,1069.1,69.1,10691.0,691.0,9.18,109.18,9.18,1091.8,91.8,10918.0,918.0,40.82,140.82,40.82,1408.2,408.2,14082.0,4082.0,61.0,161.0,61.0,1610.0,610.0,16100.0,6100.0,Nasdaq rally hasn't stopped these tech stocks from flashing warning signs,Yahoo Finance,2026-09-23,-0.186,Arm vs. Taiwan Semiconductor Manufacturing: Which Chip Stock Is a Better Buy in 2026?,Motley Fool,2026-09-23,0.44,Not Intel. Not Nvidia. This Chip Giant Holds an Unbreakable Moat in Next-Gen Data Centers.,Motley Fool,2026-09-23,0.0,6,strong_buy,0.73,"Up 43% YTD with 10.5% monthly momentum, controlling 72.5% of the foundry market; benefits from broad AI chip demand across all major customers and trades at a reasonable P/E of 33.1.",+43% YTD; +10.5% 1M momentum; 72.5% foundry market share; P/E 33.1 reasonable,,,,,
ASML,ASML Holding,MegaCap,tech-semis,NASDAQ,1745,-0.13%,+9.62%,+0.26%,+50.63%,+85%,670.105,1.363,59.77,1.62,1249115,7815415,26721115,52.0,0.4,strong_buy,1.4,-0.13,99.87,-0.13,998.7,-1.3,9987.0,-13.0,9.62,109.62,9.62,1096.2,96.2,10962.0,962.0,0.26,100.26,0.26,1002.6,2.6,10026.0,26.0,50.63,150.63,50.63,1506.3,506.3,15063.0,5063.0,85.0,185.0,85.0,1850.0,850.0,18500.0,8500.0,"European Indexes Led Higher by Banks, Tech",The Wall Street Journal,2026-09-23,0.0,ASML vs. Intel: Which AI Chip Stock Is a Better Buy in 2026?,Motley Fool,2026-09-22,0.44,Market Chatter: ASML Executive Warns Europe Will Fall Behind in Chip Development Due to Lack of Investment,MT Newswires,2026-09-22,-0.402,,,,,,,,,,
ARM,Arm Holdings,MegaCap,tech-semis,NASDAQ,333,+0.03%,+36.31%,+39.27%,+189.86%,+131%,355.174,3.89,342.85,5.43,6946312,40442812,105155012,,11.52,buy,1.93,0.03,100.03,0.03,1000.3,0.3,10003.0,3.0,36.31,136.31,36.31,1363.1,363.1,13631.0,3631.0,39.27,139.27,39.27,1392.7,392.7,13927.0,3927.0,189.86,289.86,189.86,2898.6,1898.6,28986.0,18986.0,131.0,231.0,131.0,2310.0,1310.0,23100.0,13100.0,Arm vs. Taiwan Semiconductor Manufacturing: Which Chip Stock Is a Better Buy in 2026?,Motley Fool,2026-09-23,0.44,SoftBank Is Raising $11 Billion for OpenAI. Its Arm Stake Backs a $25 Billion Loan Facility,Insider Monkey,2026-09-23,-0.052,Arm Falls as Agentic AI Multiplies Server-Core Demand,GuruFocus.com,2026-09-23,-0.128,2,strong_buy,0.82,Soared 190% YTD and 38% in the past week as the CPU architecture IP provider benefits from agentic AI inference demand; short interest at 11.5% adds squeeze potential per [stockscreener.finance](https://stockscreener.finance/en/news/why-intel-arm-and-other-ai-chip-stocks-soared-today/).,+190% YTD; +38% 1W momentum; Agentic AI CPU tailwind; High short interest squeeze risk,,,,,
INTC,Intel,MegaCap,tech-semis,NASDAQ,123,-1.32%,+21.33%,+40.50%,+211.33%,+297%,648.076,2.231,,109.35,84944757,709685257,2251632357,,2.88,buy,2.47,-1.32,98.68,-1.32,986.8,-13.2,9868.0,-132.0,21.33,121.33,21.33,1213.3,213.3,12133.0,2133.0,40.5,140.5,40.5,1405.0,405.0,14050.0,4050.0,211.33,311.33,211.33,3113.3,2113.3,31133.0,21133.0,297.0,397.0,297.0,3970.0,2970.0,39700.0,29700.0,How Qualcomm is targeting agentic AI with its 2 new smartphone chips,Yahoo Finance Video,2026-09-23,0.0,"VYM’s Index Buys on Forecast Yield, So It Held Intel and Walgreens Right Into Their Dividend Cuts",24/7 Wall St.,2026-09-23,-0.296,Prediction: Intel Names a Major Outside Customer for Its Next Factory Process Before 2027,Motley Fool,2026-09-23,0.0,1,strong_buy,0.85,"Up 214% YTD and 42% in the last month, driven by a 12% single-day surge on Muse-driven CPU demand; analyst price target raised to $145 per [foreignpolicyjournal.com](https://www.foreignpolicyjournal.com/2026/09/23/analyst-gene-munster-says-tesla-nasdaq-tsla-spacex-spcx-and-apple-nasdaq-aapl-are-poised-to-follow-metas-ai-driven-surge/).",+214% YTD; +42% 1M momentum; Muse AI CPU demand catalyst; Analyst PT raised to $145,,,,,
2222.SR,Saudi Aramco,MegaCap,global-growth,TADAWUL,6.83,-0.23%,+0.47%,-2.88%,+11.52%,+2%,1651.799,0.006,15.17,7.99,9028405,39417669,174906207,529.0,,buy,2.11,-0.23,99.77,-0.23,997.7,-2.3,9977.0,-23.0,0.47,100.47,0.47,1004.7,4.7,10047.0,47.0,-2.88,97.12,-2.88,971.2,-28.8,9712.0,-288.0,11.52,111.52,11.52,1115.2,115.2,11152.0,1152.0,2.0,102.0,2.0,1020.0,20.0,10200.0,200.0,Oil Futures Pick Up After Losing Streak,The Wall Street Journal,2026-09-23,-0.382,EnerVenue Signs Order with Chinese Oil Producer,Bloomberg,2026-09-23,0.0,Saudi Arabia East-West Pipeline restarts after drone attacks,Quartz,2026-09-22,-0.44,,,,,,,,,,
BABA,Alibaba Group,MegaCap,global-growth,NYSE,111,-5.16%,+3.29%,-6.47%,-28.20%,-34%,275.407,0.5,25.01,11.98,12103664,58406864,227552064,90.0,1.73,strong_buy,1.32,-5.16,94.84,-5.16,948.4,-51.6,9484.0,-516.0,3.29,103.29,3.29,1032.9,32.9,10329.0,329.0,-6.47,93.53,-6.47,935.3,-64.7,9353.0,-647.0,-28.2,71.8,-28.2,718.0,-282.0,7180.0,-2820.0,-34.0,66.0,-34.0,660.0,-340.0,6600.0,-3400.0,What Does Alibaba (BABA) Facing A Securities Fraud Probe Mean Now?,Simply Wall St.,2026-09-23,-0.382,Citi Doubles Down on Alibaba Stock as AI Ambitions Accelerate,GuruFocus.com,2026-09-23,0.0,Citi Revamps Alibaba Stock Forecast,GuruFocus.com,2026-09-23,0.0,,,,,,,,,,
SAP,SAP SE,MegaCap,global-growth,NYSE,211,+0.06%,-2.34%,-3.68%,-9.56%,-22%,243.099,0.775,27.46,2.68,1553034,7692634,44758234,139.0,0.44,buy,1.62,0.06,100.06,0.06,1000.6,0.6,10006.0,6.0,-2.34,97.66,-2.34,976.6,-23.4,9766.0,-234.0,-3.68,96.32,-3.68,963.2,-36.8,9632.0,-368.0,-9.56,90.44,-9.56,904.4,-95.6,9044.0,-956.0,-22.0,78.0,-22.0,780.0,-220.0,7800.0,-2200.0,European Equities Traded in the US as American Depositary Receipts Fall in Wednesday Trading,MT Newswires,2026-09-23,0.0,Can Guidewire Software Maintain Its Robust ARR Growth Momentum?,Zacks,2026-09-22,0.612,‘The end of the keyboard is near’: Christian Klein predicts voice translation will be the next workplace advantage,Fortune,2026-09-16,0.25,,,,,,,,,,
SONY,Sony Group,MegaCap,global-growth,NYSE,23,-1.32%,-3.01%,-4.37%,-10.36%,-20%,135.612,0.763,19.5,4.66,2202616,15119416,79128616,68.0,0.19,none,,-1.32,98.68,-1.32,986.8,-13.2,9868.0,-132.0,-3.01,96.99,-3.01,969.9,-30.1,9699.0,-301.0,-4.37,95.63,-4.37,956.3,-43.7,9563.0,-437.0,-10.36,89.64,-10.36,896.4,-103.6,8964.0,-1036.0,-20.0,80.0,-20.0,800.0,-200.0,8000.0,-2000.0,Why Sony Group Corporation (SONY) Remains a Key Gabelli Holding,Insider Monkey,2026-09-23,0.0,Sony (SONY) Stock Drops Despite Market Gains: Important Facts to Note,Zacks,2026-09-18,-0.388,"Sony Group (TSE:6758) Moved, What Is Behind The Attention Now?",Simply Wall St.,2026-09-15,0.0,,,,,,,,,,
TM,Toyota Motor,MegaCap,global-growth,NYSE,190,-0.70%,-2.61%,-1.78%,-12.63%,-3%,225.421,0.337,8.51,0.4,266702,1461402,6968602,326.0,0.08,strong_buy,1.5,-0.7,99.3,-0.7,993.0,-7.0,9930.0,-70.0,-2.61,97.39,-2.61,973.9,-26.1,9739.0,-261.0,-1.78,98.22,-1.78,982.2,-17.8,9822.0,-178.0,-12.63,87.37,-12.63,873.7,-126.3,8737.0,-1263.0,-3.0,97.0,-3.0,970.0,-30.0,9700.0,-300.0,Boston Dynamics launches robot training centre at Hyundai’s US Metaplant,Just Auto,2026-09-23,0.273,Sector Update: Energy Stocks Fall Monday Afternoon,MT Newswires,2026-09-21,0.273,4 Dividend-Friendly Auto Stocks to Weather the Industry Challenges,Zacks,2026-09-21,0.077,,,,,,,,,,
NVO,Novo Nordisk,MegaCap,global-growth,NYSE,38,-3.22%,-8.49%,-18.65%,-23.51%,-33%,168.589,0.344,9.57,12.15,18213389,115323589,280335989,456.0,1.0,hold,2.71,-3.22,96.78,-3.22,967.8,-32.2,9678.0,-322.0,-8.49,91.51,-8.49,915.1,-84.9,9151.0,-849.0,-18.65,81.35,-18.65,813.5,-186.5,8135.0,-1865.0,-23.51,76.49,-23.51,764.9,-235.1,7649.0,-2351.0,-33.0,67.0,-33.0,670.0,-330.0,6700.0,-3300.0,Novo Nordisk (NVO) Falls More Steeply Than Broader Market: What Investors Need to Know,Zacks,2026-09-23,0.0,Novo Nordisk CEO opens the door to major move for U.S. investors,TheStreet,2026-09-23,0.0,"NVO Stock On Track For Worst Week In Over 6 Months After Strategy Day — Direct US Listing Talks, Drug Approval Fail To Halt Slip",Stocktwits,2026-09-23,-0.67,,,,,,,,,,
HSBC,HSBC Holdings,MegaCap,global-growth,NYSE,100,-1.32%,-1.93%,-3.69%,+29.45%,+45%,343.072,0.571,14.32,1.27,1462114,7267414,27398814,369.0,,none,,-1.32,98.68,-1.32,986.8,-13.2,9868.0,-132.0,-1.93,98.07,-1.93,980.7,-19.3,9807.0,-193.0,-3.69,96.31,-3.69,963.1,-36.9,9631.0,-369.0,29.45,129.45,29.45,1294.5,294.5,12945.0,2945.0,45.0,145.0,45.0,1450.0,450.0,14500.0,4500.0,HSBC targets younger workers with entry-level hiring drive,PA Media: Money,2026-09-23,0.0,JPMorgan's India Expansion Plan: What It Means and Why It Matters,Zacks,2026-09-23,0.026,Can JEF Scale Private Credit While Managing Point Bonita Headwinds?,Zacks,2026-09-23,0.382,,,,,,,,,,
AAPL,Apple,Tech,mega-cap,NASDAQ,337.02,-0.84%,+1.39%,+8.60%,+24.70%,+35%,4918.53,1.085,38.6,53.11,31482942,230482342,929982242,32.0,0.96,buy,2.2,-0.84,99.16,-0.84,991.6,-8.4,9916.0,-84.0,1.39,101.39,1.39,1013.9,13.9,10139.0,139.0,8.6,108.6,8.6,1086.0,86.0,10860.0,860.0,24.7,124.7,24.7,1247.0,247.0,12470.0,2470.0,35.0,135.0,35.0,1350.0,350.0,13500.0,3500.0,How Qualcomm is targeting agentic AI with its 2 new smartphone chips,Yahoo Finance Video,2026-09-23,0.0,"AI magic sends markets higher, plus one-on-one with IBM vice chair",Yahoo Finance Video,2026-09-23,0.0,"The AI panic, tech concentration, and Nvidia windfalls",Yahoo Finance Video,2026-09-23,-0.511,,,,,,,,,,
MSFT,Microsoft,Tech,mega-cap,NASDAQ,500.59,+0.01%,+2.10%,+2.73%,+6.52%,-2%,3717.154,1.108,28.08,33.51,19296597,126373197,467475597,79.0,1.0,strong_buy,1.33,0.01,100.01,0.01,1000.1,0.1,10001.0,1.0,2.1,102.1,2.1,1021.0,21.0,10210.0,210.0,2.73,102.73,2.73,1027.3,27.3,10273.0,273.0,6.52,106.52,6.52,1065.2,65.2,10652.0,652.0,-2.0,98.0,-2.0,980.0,-20.0,9800.0,-200.0,"Nasdaq climbs higher, McDonald's investor day updates",Yahoo Finance Video,2026-09-23,0.0,Does Texas Instruments' (TXN) Richer Dividend Signal Enduring Strength in Its Cash-Heavy Business Model?,Simply Wall St.,2026-09-23,0.765,Okta Sees AI Agent Identity Market Outgrowing Traditional IAM at Oktane 2026,MarketBeat,2026-09-23,0.0,,,,,,,,,,
GOOGL,Alphabet (Google),Tech,mega-cap,NASDAQ,337.83,-4.00%,-1.47%,-2.88%,+7.41%,+42%,4131.639,1.225,16.93,29.3,35324218,162438418,583016218,25.0,1.32,strong_buy,1.38,-4.0,96.0,-4.0,960.0,-40.0,9600.0,-400.0,-1.47,98.53,-1.47,985.3,-14.7,9853.0,-147.0,-2.88,97.12,-2.88,971.2,-28.8,9712.0,-288.0,7.41,107.41,7.41,1074.1,74.1,10741.0,741.0,42.0,142.0,42.0,1420.0,420.0,14200.0,4200.0,This is Humanity's Last Decision,Yahoo Finance Video,2026-09-23,0.0,Netflix has a big YouTube problem — and it's only getting worse,Yahoo Finance Video,2026-09-23,-0.7,The future of AI growth rests on Big Tech's cash flow tripling to $2 trillion: Chart of the Day,Yahoo Finance,2026-09-23,0.382,,,,,,,,,,
AMZN,Amazon,Tech,mega-cap,NASDAQ,249.27,-2.42%,+1.35%,-4.88%,+10.05%,+16%,2688.704,1.443,20.07,45.46,43691413,211366913,750214513,,0.94,strong_buy,1.32,-2.42,97.58,-2.42,975.8,-24.2,9758.0,-242.0,1.35,101.35,1.35,1013.5,13.5,10135.0,135.0,-4.88,95.12,-4.88,951.2,-48.8,9512.0,-488.0,10.05,110.05,10.05,1100.5,100.5,11005.0,1005.0,16.0,116.0,16.0,1160.0,160.0,11600.0,1600.0,"Meta's Muse is an impressively capable AI agent, despite some hiccups",Yahoo Finance,2026-09-23,0.681,"Beloved travel brand closing after 22 years, final sale swamped",TheStreet,2026-09-23,0.511,Why UPS Slashed Its Amazon Business by 50%,WSJ,2026-09-23,-0.052,,,,,,,,,,
META,Meta Platforms,Tech,mega-cap,NASDAQ,744.1,+0.42%,+10.60%,+33.21%,+14.70%,-3%,1895.6,1.243,28.06,19.08,30241497,150608497,466805197,29.0,1.31,strong_buy,1.34,0.42,100.42,0.42,1004.2,4.2,10042.0,42.0,10.6,110.6,10.6,1106.0,106.0,11060.0,1060.0,33.21,133.21,33.21,1332.1,332.1,13321.0,3321.0,14.7,114.7,14.7,1147.0,147.0,11470.0,1470.0,-3.0,97.0,-3.0,970.0,-30.0,9700.0,-300.0,How Meta's Muse was a total game changer for the AI narrative,Yahoo Finance Video,2026-09-23,0.0,Meta's Muse raises bigger question: Can consumers trust AI with our money?,Yahoo Finance Video,2026-09-23,0.511,"AI magic sends markets higher, plus one-on-one with IBM vice chair",Yahoo Finance Video,2026-09-23,0.0,1,strong_buy,0.95,"Meta is the epicentre of the AI-agent revolution — Muse topped the App Store, driving a 31.87% 1-month surge and a strong_buy consensus with a stellar 1.34 analyst score.","+31.87% 1M momentum; strong_buy consensus, 1.34 an_score; Muse #1 App Store, news_s 0.182; AI monetization catalyst",,,,,
NVDA,NVIDIA,Tech,semiconductors,NASDAQ,225.51,-1.33%,+5.43%,+8.29%,+19.69%,+29%,5445.39,2.217,28.47,128.18,86851377,576882877,2887542677,44.0,1.29,strong_buy,1.3,-1.33,98.67,-1.33,986.7,-13.3,9867.0,-133.0,5.43,105.43,5.43,1054.3,54.3,10543.0,543.0,8.29,108.29,8.29,1082.9,82.9,10829.0,829.0,19.69,119.69,19.69,1196.9,196.9,11969.0,1969.0,29.0,129.0,29.0,1290.0,290.0,12900.0,2900.0,How Qualcomm is targeting agentic AI with its 2 new smartphone chips,Yahoo Finance Video,2026-09-23,0.0,"Nasdaq climbs higher, McDonald's investor day updates",Yahoo Finance Video,2026-09-23,0.0,"The AI panic, tech concentration, and Nvidia windfalls",Yahoo Finance Video,2026-09-23,-0.511,,,,,,,,,,
AMD,Advanced Micro Devices,Tech,semiconductors,NASDAQ,614.61,-1.42%,+19.92%,+34.56%,+175.03%,+288%,1003.336,2.476,156.39,25.21,16270327,149379427,455920627,,2.57,strong_buy,1.49,-1.42,98.58,-1.42,985.8,-14.2,9858.0,-142.0,19.92,119.92,19.92,1199.2,199.2,11992.0,1992.0,34.56,134.56,34.56,1345.6,345.6,13456.0,3456.0,175.03,275.03,175.03,2750.3,1750.3,27503.0,17503.0,288.0,388.0,288.0,3880.0,2880.0,38800.0,28800.0,How Qualcomm is targeting agentic AI with its 2 new smartphone chips,Yahoo Finance Video,2026-09-23,0.0,Nasdaq rally hasn't stopped these tech stocks from flashing warning signs,Yahoo Finance,2026-09-23,-0.186,"The AI panic, tech concentration, and Nvidia windfalls",Yahoo Finance Video,2026-09-23,-0.511,4,strong_buy,1.0,"AMD crossed $1T market cap for the first time, with +179.13% YTD and +36.57% 1-month gains; strong_buy consensus and strong news sentiment (0.356) driven by its server CPU growth thesis.","+179.13% YTD, +36.57% 1M; crossed $1T market cap; strong_buy consensus, 1.49 an_score; news_s 0.356, AI agent CPU demand",,,,,
INTC,Intel,Tech,semiconductors,NASDAQ,122.6,-1.32%,+21.33%,+40.50%,+211.33%,+297%,648.077,2.231,,109.35,84944757,709685257,2251632357,,2.88,buy,2.47,-1.32,98.68,-1.32,986.8,-13.2,9868.0,-132.0,21.33,121.33,21.33,1213.3,213.3,12133.0,2133.0,40.5,140.5,40.5,1405.0,405.0,14050.0,4050.0,211.33,311.33,211.33,3113.3,2113.3,31133.0,21133.0,297.0,397.0,297.0,3970.0,2970.0,39700.0,29700.0,How Qualcomm is targeting agentic AI with its 2 new smartphone chips,Yahoo Finance Video,2026-09-23,0.0,"VYM’s Index Buys on Forecast Yield, So It Held Intel and Walgreens Right Into Their Dividend Cuts",24/7 Wall St.,2026-09-23,-0.296,Prediction: Intel Names a Major Outside Customer for Its Next Factory Process Before 2027,Motley Fool,2026-09-23,0.0,2,strong_buy,0.88,"Intel soared +41.94% in the past month and +27.51% in the past week on Muse-driven CPU demand; CEO Tan said Intel meets only 50% of customer demand, flagging a supply-constrained catalyst.","+41.94% 1M, +27.51% 1W momentum; CEO: only 50% demand satisfied; buy consensus, 2.47 an_score; news_s 0.236, CPU shortage catalyst",,,,,
TSM,Taiwan Semiconductor,Tech,semiconductors,NYSE,446.57,-1.07%,+6.91%,+9.18%,+40.82%,+61%,2316.124,1.247,33.28,12.31,10161299,56713199,218404399,90.0,0.62,strong_buy,1.38,-1.07,98.93,-1.07,989.3,-10.7,9893.0,-107.0,6.91,106.91,6.91,1069.1,69.1,10691.0,691.0,9.18,109.18,9.18,1091.8,91.8,10918.0,918.0,40.82,140.82,40.82,1408.2,408.2,14082.0,4082.0,61.0,161.0,61.0,1610.0,610.0,16100.0,6100.0,Nasdaq rally hasn't stopped these tech stocks from flashing warning signs,Yahoo Finance,2026-09-23,-0.186,Arm vs. Taiwan Semiconductor Manufacturing: Which Chip Stock Is a Better Buy in 2026?,Motley Fool,2026-09-23,0.44,Not Intel. Not Nvidia. This Chip Giant Holds an Unbreakable Moat in Next-Gen Data Centers.,Motley Fool,2026-09-23,0.0,,,,,,,,,,
AVGO,Broadcom,Tech,semiconductors,NASDAQ,354.99,-3.02%,+4.75%,-0.87%,+2.68%,+7%,1694.59,1.457,45.34,23.21,22438949,137930749,587146149,71.0,1.08,strong_buy,1.26,-3.02,96.98,-3.02,969.8,-30.2,9698.0,-302.0,4.75,104.75,4.75,1047.5,47.5,10475.0,475.0,-0.87,99.13,-0.87,991.3,-8.7,9913.0,-87.0,2.68,102.68,2.68,1026.8,26.8,10268.0,268.0,7.0,107.0,7.0,1070.0,70.0,10700.0,700.0,Nvidia Stock Falls. It Has a Google AI Chip Conundrum.,Barrons.com,2026-09-23,0.0,"Marvell Stock Ran, But Did It Tell You When?",Trefis,2026-09-23,0.0,Broadcom Just Made a Move That Further Solidifies My Decision to Buy on Repeat,24/7 Wall St.,2026-09-23,0.0,,,,,,,,,,
QCOM,Qualcomm,Tech,semiconductors,NASDAQ,197.24,-0.50%,+6.71%,+25.10%,+15.81%,+14%,210.664,1.679,22.57,14.15,9685834,106462534,311811134,186.0,3.53,hold,2.57,-0.5,99.5,-0.5,995.0,-5.0,9950.0,-50.0,6.71,106.71,6.71,1067.1,67.1,10671.0,671.0,25.1,125.1,25.1,1251.0,251.0,12510.0,2510.0,15.81,115.81,15.81,1158.1,158.1,11581.0,1581.0,14.0,114.0,14.0,1140.0,140.0,11400.0,1400.0,How Qualcomm is transforming the car into a 'digital computer on wheels': CEO explains,Yahoo Finance Video,2026-09-23,0.0,Qualcomm Takes AI To The Edge With New Mobile Chips,Investor's Business Daily,2026-09-23,0.0,"Marvell Stock Ran, But Did It Tell You When?",Trefis,2026-09-23,0.0,6,buy,0.76,Qualcomm gained +25.75% in one month as it pushes into data-centre CPUs; cheap P/E of 22.23 and a 189bp dividend yield offer a compelling risk/reward entry despite a hold consensus.,"+25.75% 1M, +16.41% YTD; low P/E 22.23, div 189bp; data-centre CPU push catalyst; Muse-driven CPU demand",,,,,
ARM,Arm Holdings,Tech,semiconductors,NASDAQ,332.56,+0.03%,+36.31%,+39.27%,+189.86%,+131%,355.173,3.89,342.85,5.43,6946312,40442812,105155012,,11.52,buy,1.93,0.03,100.03,0.03,1000.3,0.3,10003.0,3.0,36.31,136.31,36.31,1363.1,363.1,13631.0,3631.0,39.27,139.27,39.27,1392.7,392.7,13927.0,3927.0,189.86,289.86,189.86,2898.6,1898.6,28986.0,18986.0,131.0,231.0,131.0,2310.0,1310.0,23100.0,13100.0,Arm vs. Taiwan Semiconductor Manufacturing: Which Chip Stock Is a Better Buy in 2026?,Motley Fool,2026-09-23,0.44,SoftBank Is Raising $11 Billion for OpenAI. Its Arm Stake Backs a $25 Billion Loan Facility,Insider Monkey,2026-09-23,-0.052,Arm Falls as Agentic AI Multiplies Server-Core Demand,GuruFocus.com,2026-09-23,-0.128,3,strong_buy,0.85,"ARM surged +39.54% in one month and +37.78% in one week, riding the CPU-demand wave from Muse; forecasts a server CPU market of $120B by 2030, with a buy consensus and positive news_s of 0.33.","+39.54% 1M, +37.78% 1W; server CPU TAM $120B by 2030; buy consensus, 1.93 an_score; news_s 0.33, Muse catalyst",,,,,
ASML,ASML Holding,Tech,semiconductors,NASDAQ,1744.61,-0.13%,+9.62%,+0.26%,+50.63%,+85%,670.105,1.363,59.77,1.62,1249115,7815415,26721115,52.0,0.4,strong_buy,1.4,-0.13,99.87,-0.13,998.7,-1.3,9987.0,-13.0,9.62,109.62,9.62,1096.2,96.2,10962.0,962.0,0.26,100.26,0.26,1002.6,2.6,10026.0,26.0,50.63,150.63,50.63,1506.3,506.3,15063.0,5063.0,85.0,185.0,85.0,1850.0,850.0,18500.0,8500.0,"European Indexes Led Higher by Banks, Tech",The Wall Street Journal,2026-09-23,0.0,ASML vs. Intel: Which AI Chip Stock Is a Better Buy in 2026?,Motley Fool,2026-09-22,0.44,Market Chatter: ASML Executive Warns Europe Will Fall Behind in Chip Development Due to Lack of Investment,MT Newswires,2026-09-22,-0.402,,,,,,,,,,
MU,Micron Technology,Tech,semiconductors,NASDAQ,1071.88,-2.35%,+15.69%,+17.73%,+240.02%,+578%,1210.574,2.222,24.21,38.19,21405071,136664271,553665171,5.0,2.64,strong_buy,1.35,-2.35,97.65,-2.35,976.5,-23.5,9765.0,-235.0,15.69,115.69,15.69,1156.9,156.9,11569.0,1569.0,17.73,117.73,17.73,1177.3,177.3,11773.0,1773.0,240.02,340.02,240.02,3400.2,2400.2,34002.0,24002.0,578.0,678.0,578.0,6780.0,5780.0,67800.0,57800.0,"AI magic sends markets higher, plus one-on-one with IBM vice chair",Yahoo Finance Video,2026-09-23,0.0,Earnings Outlook Remains Upbeat: A Closer Look,Zacks,2026-09-23,0.0,"Top Research Reports for Micron, Costco & Interactive Brokers",Zacks,2026-09-23,0.202,5,strong_buy,0.8,"Micron continues its impressive run with +247.72% YTD and +4.97% in a single day, driven by AI memory demand; strong_buy consensus (1.35) and a reasonable P/E of 23.58.","+247.72% YTD, +20.40% 1M; P/E 23.58 reasonable; strong_buy consensus, 1.35 an_score; memory shortage catalyst",,,,,
AMAT,Applied Materials,Tech,semiconductors,NASDAQ,474.38,+0.33%,+14.20%,-2.03%,+77.06%,+135%,376.467,1.597,40.97,8.54,4582892,41113892,144000592,45.0,1.97,strong_buy,1.46,0.33,100.33,0.33,1003.3,3.3,10033.0,33.0,14.2,114.2,14.2,1142.0,142.0,11420.0,1420.0,-2.03,97.97,-2.03,979.7,-20.3,9797.0,-203.0,77.06,177.06,77.06,1770.6,770.6,17706.0,7706.0,135.0,235.0,135.0,2350.0,1350.0,23500.0,13500.0,How Far Can Applied Materials Stock Move On You In A Year?,Trefis,2026-09-23,0.0,3 Top Chip Equipment Stocks to Buy as AI Demand Fuels BofA Optimism,Zacks,2026-09-23,0.586,Wall Street Bulls Look Optimistic About Applied Materials (AMAT): Should You Buy?,Zacks,2026-09-23,0.318,,,,,,,,,,
ORCL,Oracle,Tech,enterprise-software,NYSE,144.56,-3.04%,+0.98%,+1.48%,-25.42%,-52%,437.112,1.732,22.62,33.22,22280238,143025838,662542738,134.0,2.6,buy,1.6,-3.04,96.96,-3.04,969.6,-30.4,9696.0,-304.0,0.98,100.98,0.98,1009.8,9.8,10098.0,98.0,1.48,101.48,1.48,1014.8,14.8,10148.0,148.0,-25.42,74.58,-25.42,745.8,-254.2,7458.0,-2542.0,-52.0,48.0,-52.0,480.0,-520.0,4800.0,-5200.0,"Nasdaq climbs higher, McDonald's investor day updates",Yahoo Finance Video,2026-09-23,0.0,"Oracle layoffs top 2,500 workers as AI spending surges",TheStreet,2026-09-23,0.202,Paramount Courts Elon Musk for Investment as Stock Nears Multi-Year Lows,BeInCrypto,2026-09-23,-0.202,,,,,,,,,,
CRM,Salesforce,Tech,enterprise-software,NYSE,237.58,+2.00%,-6.90%,+13.84%,-5.68%,-5%,195.528,1.202,22.04,14.03,11560689,70140089,348126589,75.0,4.1,buy,1.73,2.0,102.0,2.0,1020.0,20.0,10200.0,200.0,-6.9,93.1,-6.9,931.0,-69.0,9310.0,-690.0,13.84,113.84,13.84,1138.4,138.4,11384.0,1384.0,-5.68,94.32,-5.68,943.2,-56.8,9432.0,-568.0,-5.0,95.0,-5.0,950.0,-50.0,9500.0,-500.0,Wells Fargo Raises Salesforce’s Price Target. Can $1.5 Billion Agentforce ARR Drive Growth?,Insider Monkey,2026-09-23,0.557,"Trump Downplayed AI Safety Concerns, but His Investment Portfolio Bought Cybersecurity Stocks",Barrons.com,2026-09-23,0.226,"Enterprise Software Stocks Rally as Tech Tape Slides: Atlassian Corporation, Monday.com and Salesforce Climb 3%, ServiceNow Nudges Higher",24/7 Wall St.,2026-09-23,0.0,10,buy,0.65,"Salesforce rebounded +11.78% in the past month despite a YTD dip; a buy consensus (1.73) and reasonable P/E of 21.64 support entry, while a new major product launch targets AI market share.","+11.78% 1M rebound; buy consensus, 1.73 an_score; P/E 21.64 reasonable; new product launch catalyst",,,,,
ADBE,Adobe,Tech,enterprise-software,NASDAQ,240.69,+0.71%,-3.92%,-12.88%,-27.79%,-33%,95.674,1.417,13.43,5.5,3852338,31706138,121830638,,4.89,hold,2.77,0.71,100.71,0.71,1007.1,7.1,10071.0,71.0,-3.92,96.08,-3.92,960.8,-39.2,9608.0,-392.0,-12.88,87.12,-12.88,871.2,-128.8,8712.0,-1288.0,-27.79,72.21,-27.79,722.1,-277.9,7221.0,-2779.0,-33.0,67.0,-33.0,670.0,-330.0,6700.0,-3300.0,Dynatrace beats Adobe by 44 spots in power ranking,TheStreet,2026-09-23,0.0,Why I Love Meta’s New AI Agent Muse. Sort Of.,Barrons.com,2026-09-23,0.637,How Big A Swing Are You Carrying In Adobe Stock?,Trefis,2026-09-23,0.0,,,,,,,,,,
NOW,ServiceNow,Tech,enterprise-software,NYSE,140.78,+2.86%,+0.69%,+9.94%,-4.52%,-27%,145.547,0.972,88.54,19.77,10770338,63352338,335022238,,2.94,strong_buy,1.43,2.86,102.86,2.86,1028.6,28.6,10286.0,286.0,0.69,100.69,0.69,1006.9,6.9,10069.0,69.0,9.94,109.94,9.94,1099.4,99.4,10994.0,994.0,-4.52,95.48,-4.52,954.8,-45.2,9548.0,-452.0,-27.0,73.0,-27.0,730.0,-270.0,7300.0,-2700.0,Wells Fargo Raises Salesforce’s Price Target. Can $1.5 Billion Agentforce ARR Drive Growth?,Insider Monkey,2026-09-23,0.557,"Enterprise Software Stocks Rally as Tech Tape Slides: Atlassian Corporation, Monday.com and Salesforce Climb 3%, ServiceNow Nudges Higher",24/7 Wall St.,2026-09-23,0.0,Wall Street Analysts Think ServiceNow (NOW) Is a Good Investment: Is It?,Zacks,2026-09-23,0.44,,,,,,,,,,
SNOW,Snowflake,Tech,enterprise-software,NYSE,334.81,-0.65%,+3.66%,+3.73%,+54.50%,+51%,118.121,1.328,,5.36,4033810,20083210,115085610,,5.25,strong_buy,1.5,-0.65,99.35,-0.65,993.5,-6.5,9935.0,-65.0,3.66,103.66,3.66,1036.6,36.6,10366.0,366.0,3.73,103.73,3.73,1037.3,37.3,10373.0,373.0,54.5,154.5,54.5,1545.0,545.0,15450.0,5450.0,51.0,151.0,51.0,1510.0,510.0,15100.0,5100.0,Snowflake (SNOW) Moves to Buy: Rationale Behind the Upgrade,Zacks,2026-09-23,0.0,Is Snowflake Buying Its Growth With Its Margin?,Trefis,2026-09-23,0.382,What Is Really Driving Palantir's Growth?,Trefis,2026-09-23,0.434,,,,,,,,,,
INTU,Intuit,Tech,enterprise-software,NASDAQ,286.8,-1.95%,-12.90%,-22.47%,-54.01%,-58%,76.643,0.976,17.42,4.2,3396804,20655804,85875704,189.0,3.42,buy,2.06,-1.95,98.05,-1.95,980.5,-19.5,9805.0,-195.0,-12.9,87.1,-12.9,871.0,-129.0,8710.0,-1290.0,-22.47,77.53,-22.47,775.3,-224.7,7753.0,-2247.0,-54.01,45.99,-54.01,459.9,-540.1,4599.0,-5401.0,-58.0,42.0,-58.0,420.0,-580.0,4200.0,-5800.0,"Agentic Commerce Could Hurt Booking, Intuit While Helping Meta, Microsoft, Joseph Carlson Says",Benzinga Prediction Markets,2026-09-23,-0.296,"Intuit Crashed Over Agentic AI Fears in 2026: One Wall Street Analyst Says Nope, Near 50% Gains on the Way",24/7 Wall St.,2026-09-23,-0.591,Trump's Latest Stock Disclosure Reveals a Surprising Trading Pattern,GuruFocus.com,2026-09-23,0.273,,,,,,,,,,
CRWD,CrowdStrike,Tech,cybersecurity,NASDAQ,262.49,+5.26%,+8.25%,+37.66%,+131.48%,+110%,268.773,1.255,8749.67,10.14,13188006,70119606,272508906,,2.41,buy,1.7,5.26,105.26,5.26,1052.6,52.6,10526.0,526.0,8.25,108.25,8.25,1082.5,82.5,10825.0,825.0,37.66,137.66,37.66,1376.6,376.6,13766.0,3766.0,131.48,231.48,131.48,2314.8,1314.8,23148.0,13148.0,110.0,210.0,110.0,2100.0,1100.0,21000.0,11000.0,Why CrowdStrike (CRWD) Stock Is Up Today,StockStory,2026-09-23,0.0,"Trump Downplayed AI Safety Concerns, but His Investment Portfolio Bought Cybersecurity Stocks",Barrons.com,2026-09-23,0.226,"Stock Market Midday, Sept. 23: Stocks Slip as Treasury Yields Hit 19-Year High",Motley Fool,2026-09-23,0.202,7,buy,0.74,"CrowdStrike posted +120.52% YTD and +31.14% 1-month returns, backed by a buy consensus and positive news_s of 0.178; extreme P/E (5001) flags overvaluation but AI-era cybersecurity demand keeps momentum strong.","+120.52% YTD, +31.14% 1M; buy consensus, 1.70 an_score; news_s 0.178; AI cybersecurity demand catalyst",,,,,
PANW,Palo Alto Networks,Tech,cybersecurity,NASDAQ,393.3,+4.93%,+4.85%,+12.08%,+119.27%,+87%,321.719,0.908,959.27,6.68,6198749,36914949,147064149,,2.65,buy,1.69,4.93,104.93,4.93,1049.3,49.3,10493.0,493.0,4.85,104.85,4.85,1048.5,48.5,10485.0,485.0,12.08,112.08,12.08,1120.8,120.8,11208.0,1208.0,119.27,219.27,119.27,2192.7,1192.7,21927.0,11927.0,87.0,187.0,87.0,1870.0,870.0,18700.0,8700.0,"Dow Jones Futures: Stocks Fall As Treasury Yields Soar; Palantir, Palo Alto Flash Buy Signals",Investor's Business Daily,2026-09-23,0.202,"Update: US Equity Indexes Retreat as Blockbuster Private Sector Growth Lifts Treasury Yields, Fed Rate-Increase Bets",MT Newswires,2026-09-23,0.844,US Equity Markets End Lower as Strong PMI Data Lifts October Rate-Increase Odds,MT Newswires,2026-09-23,0.273,,,,,,,,,,
NET,Cloudflare,Tech,cybersecurity,NYSE,352.33,-0.36%,+7.67%,+25.68%,+79.74%,+62%,125.457,1.664,,3.45,2879827,16691027,66296127,,2.39,buy,1.97,-0.36,99.64,-0.36,996.4,-3.6,9964.0,-36.0,7.67,107.67,7.67,1076.7,76.7,10767.0,767.0,25.68,125.68,25.68,1256.8,256.8,12568.0,2568.0,79.74,179.74,79.74,1797.4,797.4,17974.0,7974.0,62.0,162.0,62.0,1620.0,620.0,16200.0,6200.0,Fastly Just Ripped 138% This Year but It’s Now Falling. Is It Time to Sell?,24/7 Wall St.,2026-09-23,-0.226,"Zacks Investment Ideas feature highlights: Astera Labs, SpaceX, Cloudflare, NVIDIA and Meta Platforms",Zacks,2026-09-23,0.0,What Happens To Cloudflare Stock If Its Growth Cools?,Trefis,2026-09-22,0.382,8,buy,0.72,"Cloudflare gained +80.08% YTD and +25.91% in the past month, with a strong news_s of 0.355; the buy consensus (1.97) reflects confidence in its AI-driven edge compute growth.","+80.08% YTD, +25.91% 1M; news_s 0.355 positive; buy consensus, 1.97 an_score; AI edge compute catalyst",,,,,
FTNT,Fortinet,Tech,cybersecurity,NASDAQ,178.74,+2.66%,+3.70%,+17.60%,+129.51%,+108%,131.143,1.059,63.38,5.05,3408347,28700547,96593047,,2.23,hold,2.77,2.66,102.66,2.66,1026.6,26.6,10266.0,266.0,3.7,103.7,3.7,1037.0,37.0,10370.0,370.0,17.6,117.6,17.6,1176.0,176.0,11760.0,1760.0,129.51,229.51,129.51,2295.1,1295.1,22951.0,12951.0,108.0,208.0,108.0,2080.0,1080.0,20800.0,10800.0,Cisco Stock Looks Expensive Until You Price The Year It Already Guided,Trefis,2026-09-23,0.0,Is Fortinet (FTNT) Stock Outpacing Its Computer and Technology Peers This Year?,Zacks,2026-09-23,0.0,What Happens To Synopsys Stock If AI Learns To Design Chips Without It?,Trefis,2026-09-22,0.0,9,buy,0.738,"Fortinet has surged +123.75% YTD and +14.65% in the past month driven by AI security demand; a hold consensus (2.77) and low beta (1.059) temper risk, but momentum and news_s (0.149) remain supportive.","+123.75% YTD, +14.65% 1M; beta 1.059 low volatility; news_s 0.149; AI cybersecurity demand",,,,,
NFLX,Netflix,Tech,consumer-platform,NASDAQ,71.36,-1.26%,-6.61%,-10.81%,-21.57%,-40%,297.138,1.526,22.44,39.0,32606518,246508118,697658018,,2.21,buy,1.84,-1.26,98.74,-1.26,987.4,-12.6,9874.0,-126.0,-6.61,93.39,-6.61,933.9,-66.1,9339.0,-661.0,-10.81,89.19,-10.81,891.9,-108.1,8919.0,-1081.0,-21.57,78.43,-21.57,784.3,-215.7,7843.0,-2157.0,-40.0,60.0,-40.0,600.0,-400.0,6000.0,-4000.0,Netflix has a big YouTube problem — and it's only getting worse,Yahoo Finance Video,2026-09-23,-0.7,Is Netflix (NFLX) Worth More Than Its Cash Flow Suggests?,Simply Wall St.,2026-09-23,0.226,"S&P 500, Dow, Nasdaq Drop As Yields Spike Amid Calls For More Rate Hikes — AMZN, GOOGL, NFLX, SPCX, RKLB In Focus",Stocktwits,2026-09-23,-0.273,,,,,,,,,,
SHOP,Shopify,Tech,consumer-platform,NYSE,142.34,-3.56%,+9.53%,-4.98%,-9.45%,-1%,184.708,2.616,90.09,9.55,20854829,81092629,216692129,,1.53,buy,1.69,-3.56,96.44,-3.56,964.4,-35.6,9644.0,-356.0,9.53,109.53,9.53,1095.3,95.3,10953.0,953.0,-4.98,95.02,-4.98,950.2,-49.8,9502.0,-498.0,-9.45,90.55,-9.45,905.5,-94.5,9055.0,-945.0,-1.0,99.0,-1.0,990.0,-10.0,9900.0,-100.0,Shopify (SHOP) Sees a More Significant Dip Than Broader Market: Some Facts to Know,Zacks,2026-09-23,0.272,‘Consumer Inertia’ Is in Meta Muse’s Crosshairs. These Stocks Are Getting Hammered.,Barrons.com,2026-09-23,0.0,VC firm Bessemer now has another $5.75B to invest in (what else?) AI,TechCrunch,2026-09-23,0.0,,,,,,,,,,
SPOT,Spotify,Tech,consumer-platform,NYSE,510.4,+1.67%,-8.57%,-5.10%,-11.23%,-29%,104.93,1.586,27.97,1.73,1821365,7912365,30709265,,3.88,buy,1.55,1.67,101.67,1.67,1016.7,16.7,10167.0,167.0,-8.57,91.43,-8.57,914.3,-85.7,9143.0,-857.0,-5.1,94.9,-5.1,949.0,-51.0,9490.0,-510.0,-11.23,88.77,-11.23,887.7,-112.3,8877.0,-1123.0,-29.0,71.0,-29.0,710.0,-290.0,7100.0,-2900.0,Spotify Stock Breaches Key Trendline After Recent Slide,Schaeffer's Investment Research,2026-09-23,0.0,Spotify (SPOT) Stock Moves -3.26%: What You Should Know,Zacks,2026-09-22,0.0,Gross-Margin Expansion is a Key Driver of SPOT's Profitability,Zacks,2026-09-22,0.273,,,,,,,,,,
UBER,Uber,Tech,consumer-platform,NYSE,69.42,-0.87%,-2.18%,-12.45%,-16.22%,-29%,141.794,1.159,15.22,19.36,17676945,101514545,399987545,,2.29,buy,1.57,-0.87,99.13,-0.87,991.3,-8.7,9913.0,-87.0,-2.18,97.82,-2.18,978.2,-21.8,9782.0,-218.0,-12.45,87.55,-12.45,875.5,-124.5,8755.0,-1245.0,-16.22,83.78,-16.22,837.8,-162.2,8378.0,-1622.0,-29.0,71.0,-29.0,710.0,-290.0,7100.0,-2900.0,Here is Why Uber (UBER) is a Good Investment at Today’s Price,Insider Monkey,2026-09-23,0.589,Doordash Just Dropped 16% in a Month. Is It Time to Sell or Load Up?,24/7 Wall St.,2026-09-23,0.0,"Aurora’s Driverless Ambition Meets Wall Street Shrug — AUR Stock Falls As Company Outlines 30,000-Truck 2030 Goal",Stocktwits,2026-09-23,0.0,,,,,,,,,,
CSCO,Cisco Systems,Tech,hardware-infra,NASDAQ,106.43,+0.04%,-1.22%,-3.45%,+41.25%,+58%,419.609,0.992,31.96,20.9,17596027,129505027,358739727,158.0,1.41,buy,1.82,0.04,100.04,0.04,1000.4,0.4,10004.0,4.0,-1.22,98.78,-1.22,987.8,-12.2,9878.0,-122.0,-3.45,96.55,-3.45,965.5,-34.5,9655.0,-345.0,41.25,141.25,41.25,1412.5,412.5,14125.0,4125.0,58.0,158.0,58.0,1580.0,580.0,15800.0,5800.0,"Cisco Slips 0.3% as 1,000 Switches Build an AI-Ready Campus",GuruFocus.com,2026-09-23,0.0,Cisco Stock Looks Expensive Until You Price The Year It Already Guided,Trefis,2026-09-23,0.0,Piper Sandler cuts Cisco price target to $125 on growth peak fears,Quartz,2026-09-23,-0.34,,,,,,,,,,
PLTR,Palantir Technologies,Tech,hardware-infra,NASDAQ,191.79,+3.60%,+10.01%,+9.04%,+14.26%,+3%,460.882,1.621,163.92,38.44,34908712,141985912,614888912,,3.03,buy,1.81,3.6,103.6,3.6,1036.0,36.0,10360.0,360.0,10.01,110.01,10.01,1100.1,100.1,11001.0,1001.0,9.04,109.04,9.04,1090.4,90.4,10904.0,904.0,14.26,114.26,14.26,1142.6,142.6,11426.0,1426.0,3.0,103.0,3.0,1030.0,30.0,10300.0,300.0,"Dow Jones Futures: Stocks Fall As Treasury Yields Soar; Palantir, Palo Alto Flash Buy Signals",Investor's Business Daily,2026-09-23,0.202,Palantir's CEO just sent a message Silicon Valley won't ignore,TheStreet,2026-09-23,0.276,3 Large Cap Stocks Investors Are Watching As Policy Shifts Reshape Demand,Simply Wall St.,2026-09-23,-0.128,,,,,,,,,,
