ticker,company_name,sector,category,exchange,price_usd,change_1d,change_1w,change_1m,change_ytd,return_1yr,market_cap_usd_b,beta,pe_ratio,avg_volume_m,vol_1d,vol_1w,vol_1m,div_yield_pct,short_pct,analyst,analyst_score,pct_1d,val_100_1d,profit_100_1d,val_1000_1d,profit_1000_1d,val_10000_1d,profit_10000_1d,pct_1w,val_100_1w,profit_100_1w,val_1000_1w,profit_1000_1w,val_10000_1w,profit_10000_1w,pct_1m,val_100_1m,profit_100_1m,val_1000_1m,profit_1000_1m,val_10000_1m,profit_10000_1m,pct_ytd,val_100_ytd,profit_100_ytd,val_1000_ytd,profit_1000_ytd,val_10000_ytd,profit_10000_ytd,pct_1y,val_100_1y,profit_100_1y,val_1000_1y,profit_1000_1y,val_10000_1y,profit_10000_1y,news1_title,news1_publisher,news1_date,news1_sentiment,news2_title,news2_publisher,news2_date,news2_sentiment,news3_title,news3_publisher,news3_date,news3_sentiment,signal_rank,signal,signal_confidence,signal_rationale,signal_drivers,portfolio_held,portfolio_quantity,portfolio_avg_price,portfolio_ppl,portfolio_total_value
SNDK,SanDisk Corporation,AI,memory,NASDAQ,1609.46,-4.90%,-9.97%,-8.77%,+484.75%,+1205%,232.611,,21.82,12.89,9218054,39608654,192011754,,6.1,buy,1.52,-4.9,95.1,-4.9,951.0,-49.0,9510.0,-490.0,-9.97,90.03,-9.97,900.3,-99.7,9003.0,-997.0,-8.77,91.23,-8.77,912.3,-87.7,9123.0,-877.0,484.75,584.75,484.75,5847.5,4847.5,58475.0,48475.0,1205.0,1305.0,1205.0,13050.0,12050.0,130500.0,120500.0,,,,,,,,,,,,,,,,,,,,,,
WDC,Western Digital,AI,memory,NASDAQ,393.31,-2.99%,-14.97%,+0.00%,+109.76%,+239%,147.225,2.169,14.61,7.65,9341468,66712968,184732068,15.0,5.38,buy,1.54,-2.99,97.01,-2.99,970.1,-29.9,9701.0,-299.0,-14.97,85.03,-14.97,850.3,-149.7,8503.0,-1497.0,0.0,100.0,0.0,1000.0,0.0,10000.0,0.0,109.76,209.76,109.76,2097.6,1097.6,20976.0,10976.0,239.0,339.0,239.0,3390.0,2390.0,33900.0,23900.0,,,,,,,,,,,,,,,,,,,,,,
285A,Kioxia Holdings,AI,memory,TSE,108.4,-4.73%,-11.24%,-9.84%,+352.78%,+763%,173.167,,16.97,108.97,6025800,151977200,1225874300,,,buy,1.56,-4.73,95.27,-4.73,952.7,-47.3,9527.0,-473.0,-11.24,88.76,-11.24,887.6,-112.4,8876.0,-1124.0,-9.84,90.16,-9.84,901.6,-98.4,9016.0,-984.0,352.78,452.78,352.78,4527.8,3527.8,45278.0,35278.0,763.0,863.0,763.0,8630.0,7630.0,86300.0,76300.0,,,,,,,,,,,,,,,,,,,,,,
MU,Micron Technology,AI,memory,NASDAQ,1035.84,-4.79%,-5.61%,+0.79%,+228.59%,+466%,1169.87,2.226,13.94,32.84,29425906,127665806,565876806,6.0,2.45,strong_buy,1.37,-4.79,95.21,-4.79,952.1,-47.9,9521.0,-479.0,-5.61,94.39,-5.61,943.9,-56.1,9439.0,-561.0,0.79,100.79,0.79,1007.9,7.9,10079.0,79.0,228.59,328.59,228.59,3285.9,2285.9,32859.0,22859.0,466.0,566.0,466.0,5660.0,4660.0,56600.0,46600.0,,,,,,,,,,,,,,,,,,,,,,
STX,Seagate Technology,AI,memory,NASDAQ,774.83,-4.05%,-18.06%,-12.47%,+170.35%,+264%,176.19,2.081,55.74,4.63,5061875,35922975,100508975,37.0,4.59,strong_buy,1.44,-4.05,95.95,-4.05,959.5,-40.5,9595.0,-405.0,-18.06,81.94,-18.06,819.4,-180.6,8194.0,-1806.0,-12.47,87.53,-12.47,875.3,-124.7,8753.0,-1247.0,170.35,270.35,170.35,2703.5,1703.5,27035.0,17035.0,264.0,364.0,264.0,3640.0,2640.0,36400.0,26400.0,,,,,,,,,,,,,,,,,,,,,,
MRVL,Marvell Technology,AI,memory,NASDAQ,274.66,-3.52%,+2.45%,+16.87%,+207.71%,+214%,246.839,2.26,90.35,22.28,29003830,132912930,429044630,8.0,4.18,strong_buy,1.37,-3.52,96.48,-3.52,964.8,-35.2,9648.0,-352.0,2.45,102.45,2.45,1024.5,24.5,10245.0,245.0,16.87,116.87,16.87,1168.7,168.7,11687.0,1687.0,207.71,307.71,207.71,3077.1,2077.1,30771.0,20771.0,214.0,314.0,214.0,3140.0,2140.0,31400.0,21400.0,,,,,,,,,,,,,1,strong_buy,0.95,"MRVL +221.55% YTD, +27.33% 1M; TD Cowen upgraded to Buy with $350 PT after Investor Day raised FY28 revenue to $20B and FY31 target to $70-90B, signaling massive AI connectivity and custom chip growth (CNBC).",YTD +221.55%; strong_buy consensus; 1M +27.33%; analyst upgrades post-investor day,,,,,
P,Everpure,AI,memory,NYSE,150.57,-2.11%,+12.26%,+55.13%,+118.19%,+63%,50.174,1.396,206.26,4.54,5733762,24227562,168105362,,2.88,buy,1.55,-2.11,97.89,-2.11,978.9,-21.1,9789.0,-211.0,12.26,112.26,12.26,1122.6,122.6,11226.0,1226.0,55.13,155.13,55.13,1551.3,551.3,15513.0,5513.0,118.19,218.19,118.19,2181.9,1181.9,21819.0,11819.0,63.0,163.0,63.0,1630.0,630.0,16300.0,6300.0,,,,,,,,,,,,,8,buy,0.7,"P +113.30% YTD, +45.54% 1M; buy consensus with memory and AI compute exposure – high P/E 201.64 but momentum extremely strong.",1M +45.54%; YTD +113.30%; buy consensus; memory/data center play,,,,,
RR.,Rolls-Royce Holdings,AI,nuclear-ops,LSE,18.09,-2.66%,-7.12%,-7.70%,+14.21%,+22%,1.488,1.272,37.97,18.24,3,52073520,362908718,85.0,,buy,1.6,-2.66,97.34,-2.66,973.4,-26.6,9734.0,-266.0,-7.12,92.88,-7.12,928.8,-71.2,9288.0,-712.0,-7.7,92.3,-7.7,923.0,-77.0,9230.0,-770.0,14.21,114.21,14.21,1142.1,142.1,11421.0,1421.0,22.0,122.0,22.0,1220.0,220.0,12200.0,2200.0,,,,,,,,,,,,,,,,,,,,,,
CEG,Constellation Energy,AI,nuclear-ops,NASDAQ,285.07,-4.85%,+10.10%,-3.01%,-21.82%,-22%,101.002,1.129,27.87,3.03,6362344,34425844,85244344,57.0,3.7,buy,1.55,-4.85,95.15,-4.85,951.5,-48.5,9515.0,-485.0,10.1,110.1,10.1,1101.0,101.0,11010.0,1010.0,-3.01,96.99,-3.01,969.9,-30.1,9699.0,-301.0,-21.82,78.18,-21.82,781.8,-218.2,7818.0,-2182.0,-22.0,78.0,-22.0,780.0,-220.0,7800.0,-2200.0,,,,,,,,,,,,,,,,,,,,,,
VST,Vistra Corp,AI,nuclear-ops,NYSE,156.14,-6.31%,+11.73%,+3.50%,-5.08%,-21%,52.405,1.384,26.33,5.09,11278074,64940474,144800974,55.0,3.35,strong_buy,1.33,-6.31,93.69,-6.31,936.9,-63.1,9369.0,-631.0,11.73,111.73,11.73,1117.3,117.3,11173.0,1173.0,3.5,103.5,3.5,1035.0,35.0,10350.0,350.0,-5.08,94.92,-5.08,949.2,-50.8,9492.0,-508.0,-21.0,79.0,-21.0,790.0,-210.0,7900.0,-2100.0,,,,,,,,,,,,,,,,,,,,,,
TLN,Talen Energy,AI,nuclear-ops,NASDAQ,359.22,-5.05%,+11.18%,+12.37%,-9.45%,-15%,16.991,1.617,,0.86,1440425,8020225,22830325,,6.33,buy,1.59,-5.05,94.95,-5.05,949.5,-50.5,9495.0,-505.0,11.18,111.18,11.18,1111.8,111.8,11118.0,1118.0,12.37,112.37,12.37,1123.7,123.7,11237.0,1237.0,-9.45,90.55,-9.45,905.5,-94.5,9055.0,-945.0,-15.0,85.0,-15.0,850.0,-150.0,8500.0,-1500.0,,,,,,,,,,,,,,,,,,,,,,
BEP,Brookfield Renewable,AI,nuclear-ops,NYSE,29.29,-0.48%,+3.06%,-6.12%,+8.62%,+8%,14.249,0.98,,1.02,918313,5807113,25843813,533.0,0.46,buy,2.31,-0.48,99.52,-0.48,995.2,-4.8,9952.0,-48.0,3.06,103.06,3.06,1030.6,30.6,10306.0,306.0,-6.12,93.88,-6.12,938.8,-61.2,9388.0,-612.0,8.62,108.62,8.62,1086.2,86.2,10862.0,862.0,8.0,108.0,8.0,1080.0,80.0,10800.0,800.0,,,,,,,,,,,,,,,,,,,,,,
BEPC,Brookfield Renewable Corp,AI,nuclear-ops,NYSE,29.38,-0.44%,+3.12%,-7.00%,-24.03%,-23%,5.454,1.148,,1.82,1801389,10323889,42428189,531.0,,hold,2.86,-0.44,99.56,-0.44,995.6,-4.4,9956.0,-44.0,3.12,103.12,3.12,1031.2,31.2,10312.0,312.0,-7.0,93.0,-7.0,930.0,-70.0,9300.0,-700.0,-24.03,75.97,-24.03,759.7,-240.3,7597.0,-2403.0,-23.0,77.0,-23.0,770.0,-230.0,7700.0,-2300.0,,,,,,,,,,,,,,,,,,,,,,
GEV,GE Vernova,AI,smr,NYSE,999.35,-0.06%,+1.21%,+5.08%,+47.33%,+57%,266.161,0.967,28.65,2.33,2324165,10689565,48375565,20.0,3.29,buy,1.54,-0.06,99.94,-0.06,999.4,-0.6,9994.0,-6.0,1.21,101.21,1.21,1012.1,12.1,10121.0,121.0,5.08,105.08,5.08,1050.8,50.8,10508.0,508.0,47.33,147.33,47.33,1473.3,473.3,14733.0,4733.0,57.0,157.0,57.0,1570.0,570.0,15700.0,5700.0,,,,,,,,,,,,,,,,,,,,,,
BWXT,BWX Technologies,AI,smr,NYSE,142.22,+0.48%,+3.97%,-9.25%,-21.46%,-28%,13.03,0.738,36.84,1.09,1622454,8136454,28071654,75.0,4.42,buy,1.61,0.48,100.48,0.48,1004.8,4.8,10048.0,48.0,3.97,103.97,3.97,1039.7,39.7,10397.0,397.0,-9.25,90.75,-9.25,907.5,-92.5,9075.0,-925.0,-21.46,78.54,-21.46,785.4,-214.6,7854.0,-2146.0,-28.0,72.0,-28.0,720.0,-280.0,7200.0,-2800.0,,,,,,,,,,,,,,,,,,,,,,
SMR,NuScale Power,AI,smr,NYSE,7.32,-4.69%,-6.03%,-32.28%,-55.12%,-81%*,3.004,2.371,,33.79,43143109,170254409,829189009,,20.64,none,,-4.69,95.31,-4.69,953.1,-46.9,9531.0,-469.0,-6.03,93.97,-6.03,939.7,-60.3,9397.0,-603.0,-32.28,67.72,-32.28,677.2,-322.8,6772.0,-3228.0,-55.12,44.88,-55.12,448.8,-551.2,4488.0,-5512.0,-81.0,19.0,-81.0,190.0,-810.0,1900.0,-8100.0,,,,,,,,,,,,,,,,,,,,,,
OKLO,Oklo Inc,AI,smr,NYSE,34.57,-6.04%,-4.34%,-18.79%,-55.57%,-73%*,6.431,1.215,,9.63,16238368,61585868,232654668,,20.52,buy,2.12,-6.04,93.96,-6.04,939.6,-60.4,9396.0,-604.0,-4.34,95.66,-4.34,956.6,-43.4,9566.0,-434.0,-18.79,81.21,-18.79,812.1,-187.9,8121.0,-1879.0,-55.57,44.43,-55.57,444.3,-555.7,4443.0,-5557.0,-73.0,27.0,-73.0,270.0,-730.0,2700.0,-7300.0,,,,,,,,,,,,,,,,,,,,,,
NNE,NANO Nuclear Energy,AI,smr,NASDAQ,15.26,-4.68%,-2.99%,-16.02%,-44.73%,-66%*,0.819,5.478,,1.92,2535276,11164176,44565076,,34.89,buy,1.62,-4.68,95.32,-4.68,953.2,-46.8,9532.0,-468.0,-2.99,97.01,-2.99,970.1,-29.9,9701.0,-299.0,-16.02,83.98,-16.02,839.8,-160.2,8398.0,-1602.0,-44.73,55.27,-44.73,552.7,-447.3,5527.0,-4473.0,-66.0,34.0,-66.0,340.0,-660.0,3400.0,-6600.0,,,,,,,,,,,,,,,,,,,,,,
CCJ,Cameco Corporation,AI,uranium,NYSE,87.12,-2.55%,+1.67%,-13.24%,-11.61%,+3%,37.944,1.141,147.66,3.25,3374773,19159273,70365873,20.0,,buy,1.57,-2.55,97.45,-2.55,974.5,-25.5,9745.0,-255.0,1.67,101.67,1.67,1016.7,16.7,10167.0,167.0,-13.24,86.76,-13.24,867.6,-132.4,8676.0,-1324.0,-11.61,88.39,-11.61,883.9,-116.1,8839.0,-1161.0,3.0,103.0,3.0,1030.0,30.0,10300.0,300.0,,,,,,,,,,,,,,,,,,,,,,
UEC,Uranium Energy Corp,AI,uranium,NYSE,9.14,-4.19%,-2.35%,-21.21%,-30.28%,-30%,4.529,1.387,,8.75,10888578,55489978,222938278,,14.57,buy,1.73,-4.19,95.81,-4.19,958.1,-41.9,9581.0,-419.0,-2.35,97.65,-2.35,976.5,-23.5,9765.0,-235.0,-21.21,78.79,-21.21,787.9,-212.1,7879.0,-2121.0,-30.28,69.72,-30.28,697.2,-302.8,6972.0,-3028.0,-30.0,70.0,-30.0,700.0,-300.0,7000.0,-3000.0,,,,,,,,,,,,,,,,,,,,,,
LEU,Centrus Energy,AI,uranium,NYSE,142.09,-3.43%,+2.14%,-21.71%,-47.86%,-60%,2.906,1.536,66.4,0.73,903777,4297477,17263177,,27.66,buy,1.89,-3.43,96.57,-3.43,965.7,-34.3,9657.0,-343.0,2.14,102.14,2.14,1021.4,21.4,10214.0,214.0,-21.71,78.29,-21.71,782.9,-217.1,7829.0,-2171.0,-47.86,52.14,-47.86,521.4,-478.6,5214.0,-4786.0,-60.0,40.0,-60.0,400.0,-600.0,4000.0,-6000.0,,,,,,,,,,,,,,,,,,,,,,
VRT,Vertiv Holdings,AI,power-infra,NYSE,243.73,-1.08%,-0.97%,-7.27%,+38.89%,+46%,93.834,2.048,55.14,5.2,5855911,23282711,118251111,10.0,3.68,strong_buy,1.37,-1.08,98.92,-1.08,989.2,-10.8,9892.0,-108.0,-0.97,99.03,-0.97,990.3,-9.7,9903.0,-97.0,-7.27,92.73,-7.27,927.3,-72.7,9273.0,-727.0,38.89,138.89,38.89,1388.9,388.9,13889.0,3889.0,46.0,146.0,46.0,1460.0,460.0,14600.0,4600.0,,,,,,,,,,,,,,,,,,,,,,
ETN,Eaton Corporation,AI,power-infra,NYSE,424.51,-1.58%,-2.92%,+2.24%,+30.78%,+14%,164.879,1.128,43.19,2.08,2535086,9378286,45645386,102.0,2.0,buy,1.57,-1.58,98.42,-1.58,984.2,-15.8,9842.0,-158.0,-2.92,97.08,-2.92,970.8,-29.2,9708.0,-292.0,2.24,102.24,2.24,1022.4,22.4,10224.0,224.0,30.78,130.78,30.78,1307.8,307.8,13078.0,3078.0,14.0,114.0,14.0,1140.0,140.0,11400.0,1400.0,,,,,,,,,,,,,,,,,,,,,,
POWL,Powell Industries,AI,power-infra,NASDAQ,189.27,-4.28%,-0.70%,+5.00%,+61.28%,+92%,6.895,1.173,36.26,0.63,728725,2965225,11641525,18.0,9.75,buy,2.25,-4.28,95.72,-4.28,957.2,-42.8,9572.0,-428.0,-0.7,99.3,-0.7,993.0,-7.0,9930.0,-70.0,5.0,105.0,5.0,1050.0,50.0,10500.0,500.0,61.28,161.28,61.28,1612.8,612.8,16128.0,6128.0,92.0,192.0,92.0,1920.0,920.0,19200.0,9200.0,,,,,,,,,,,,,,,,,,,,,,
EQIX,Equinix,AI,dc-operators,NASDAQ,1011.16,-2.00%,-0.12%,-3.06%,+34.35%,+28%,99.772,0.97,65.07,0.54,480425,2017825,11014925,200.0,1.97,strong_buy,1.5,-2.0,98.0,-2.0,980.0,-20.0,9800.0,-200.0,-0.12,99.88,-0.12,998.8,-1.2,9988.0,-12.0,-3.06,96.94,-3.06,969.4,-30.6,9694.0,-306.0,34.35,134.35,34.35,1343.5,343.5,13435.0,3435.0,28.0,128.0,28.0,1280.0,280.0,12800.0,2800.0,,,,,,,,,,,,,,,,,,,,,,
DLR,Digital Realty,AI,dc-operators,NYSE,176.07,-2.44%,-0.24%,-6.24%,+15.90%,+3%,66.495,1.011,85.47,2.28,2563950,9389550,41664650,270.0,2.54,strong_buy,1.44,-2.44,97.56,-2.44,975.6,-24.4,9756.0,-244.0,-0.24,99.76,-0.24,997.6,-2.4,9976.0,-24.0,-6.24,93.76,-6.24,937.6,-62.4,9376.0,-624.0,15.9,115.9,15.9,1159.0,159.0,11590.0,1590.0,3.0,103.0,3.0,1030.0,30.0,10300.0,300.0,,,,,,,,,,,,,,,,,,,,,,
AMT,American Tower,AI,dc-operators,NYSE,166.73,+0.33%,+3.52%,-3.93%,-1.69%,-10%,77.69,0.885,22.93,2.6,4421250,14489550,61302150,431.0,1.5,buy,1.52,0.33,100.33,0.33,1003.3,3.3,10033.0,33.0,3.52,103.52,3.52,1035.2,35.2,10352.0,352.0,-3.93,96.07,-3.93,960.7,-39.3,9607.0,-393.0,-1.69,98.31,-1.69,983.1,-16.9,9831.0,-169.0,-10.0,90.0,-10.0,900.0,-100.0,9000.0,-1000.0,,,,,,,,,,,,,,,,,,,,,,
GOOGL,Alphabet (Google),AI,hyperscalers,NASDAQ,348.29,-0.63%,+2.97%,+5.33%,+10.73%,+45%,4259.564,1.211,17.48,27.0,23392850,112422750,589979750,25.0,1.49,strong_buy,1.37,-0.63,99.37,-0.63,993.7,-6.3,9937.0,-63.0,2.97,102.97,2.97,1029.7,29.7,10297.0,297.0,5.33,105.33,5.33,1053.3,53.3,10533.0,533.0,10.73,110.73,10.73,1107.3,107.3,11073.0,1073.0,45.0,145.0,45.0,1450.0,450.0,14500.0,4500.0,,,,,,,,,,,,,,,,,,,,,,
MSFT,Microsoft,AI,hyperscalers,NASDAQ,522.61,-1.35%,+1.91%,+6.30%,+11.20%,+1%,3880.665,1.099,29.11,27.86,19593392,101918192,472210692,74.0,0.91,strong_buy,1.29,-1.35,98.65,-1.35,986.5,-13.5,9865.0,-135.0,1.91,101.91,1.91,1019.1,19.1,10191.0,191.0,6.3,106.3,6.3,1063.0,63.0,10630.0,630.0,11.2,111.2,11.2,1112.0,112.0,11120.0,1120.0,1.0,101.0,1.0,1010.0,10.0,10100.0,100.0,,,,,,,,,,,,,,,,,,,,,,
AMZN,Amazon,AI,hyperscalers,NASDAQ,254.06,-2.25%,+2.35%,+0.66%,+12.17%,+14%,2740.371,1.456,20.44,39.18,37077426,180131326,790185226,,0.83,strong_buy,1.33,-2.25,97.75,-2.25,977.5,-22.5,9775.0,-225.0,2.35,102.35,2.35,1023.5,23.5,10235.0,235.0,0.66,100.66,0.66,1006.6,6.6,10066.0,66.0,12.17,112.17,12.17,1121.7,121.7,11217.0,1217.0,14.0,114.0,14.0,1140.0,140.0,11400.0,1400.0,,,,,,,,,,,,,,,,,,,,,,
META,Meta Platforms,AI,hyperscalers,NASDAQ,720.89,-0.06%,-0.69%,+10.37%,+11.12%,-2%,1836.472,1.185,27.16,19.23,15887049,69861149,495338649,29.0,1.41,strong_buy,1.41,-0.06,99.94,-0.06,999.4,-0.6,9994.0,-6.0,-0.69,99.31,-0.69,993.1,-6.9,9931.0,-69.0,10.37,110.37,10.37,1103.7,103.7,11037.0,1037.0,11.12,111.12,11.12,1111.2,111.2,11112.0,1112.0,-2.0,98.0,-2.0,980.0,-20.0,9800.0,-200.0,,,,,,,,,,,,,6,strong_buy,0.85,"META +13.89% YTD, +20.54% 1M, strong_buy an_score 1.41, P/E 27.96 – hyperscaler AI spend beneficiary with strong momentum and low valuation relative to growth.",1M +20.54%; strong_buy consensus; P/E 27.96 reasonable; hyperscaler AI spend,,,,,
IREN,Iris Energy,AI,ai-compute,NASDAQ,35.71,-7.70%,-12.15%,-21.29%,-16.37%,-39%*,14.071,4.271,,42.51,54492460,218180460,804799160,,21.71,buy,1.6,-7.7,92.3,-7.7,923.0,-77.0,9230.0,-770.0,-12.15,87.85,-12.15,878.5,-121.5,8785.0,-1215.0,-21.29,78.71,-21.29,787.1,-212.9,7871.0,-2129.0,-16.37,83.63,-16.37,836.3,-163.7,8363.0,-1637.0,-39.0,61.0,-39.0,610.0,-390.0,6100.0,-3900.0,,,,,,,,,,,,,,,,,,,,,,
CORZ,Core Scientific,AI,ai-compute,NASDAQ,15.36,-3.64%,-6.06%,-15.09%,-3.94%,-12%*,4.935,5.481,,11.8,15630800,59274600,251642700,,22.21,strong_buy,1.32,-3.64,96.36,-3.64,963.6,-36.4,9636.0,-364.0,-6.06,93.94,-6.06,939.4,-60.6,9394.0,-606.0,-15.09,84.91,-15.09,849.1,-150.9,8491.0,-1509.0,-3.94,96.06,-3.94,960.6,-39.4,9606.0,-394.0,-12.0,88.0,-12.0,880.0,-120.0,8800.0,-1200.0,,,,,,,,,,,,,,,,,,,,,,
WULF,TeraWulf,AI,ai-compute,NASDAQ,13.65,-5.21%,-8.45%,-20.32%,+7.14%,+6%*,6.811,4.251,,31.1,45841998,164241098,632733998,,28.55,strong_buy,1.29,-5.21,94.79,-5.21,947.9,-52.1,9479.0,-521.0,-8.45,91.55,-8.45,915.5,-84.5,9155.0,-845.0,-20.32,79.68,-20.32,796.8,-203.2,7968.0,-2032.0,7.14,107.14,7.14,1071.4,71.4,10714.0,714.0,6.0,106.0,6.0,1060.0,60.0,10600.0,600.0,,,,,,,,,,,,,,,,,,,,,,
HUT,Hut 8 Mining,AI,ai-compute,NASDAQ,79.59,-10.87%,-7.84%,-17.02%,+55.24%,+93%,9.81,5.916,,4.7,10272678,34089278,108966178,,14.79,strong_buy,1.35,-10.87,89.13,-10.87,891.3,-108.7,8913.0,-1087.0,-7.84,92.16,-7.84,921.6,-78.4,9216.0,-784.0,-17.02,82.98,-17.02,829.8,-170.2,8298.0,-1702.0,55.24,155.24,55.24,1552.4,552.4,15524.0,5524.0,93.0,193.0,93.0,1930.0,930.0,19300.0,9300.0,,,,,,,,,,,,,,,,,,,,,,
SMCI,Super Micro Computer,AI,ai-compute,NASDAQ,42.77,-4.83%,+2.03%,+9.86%,+38.15%,-22%,28.098,2.009,13.12,44.36,38581805,173546405,803380805,,16.14,hold,2.94,-4.83,95.17,-4.83,951.7,-48.3,9517.0,-483.0,2.03,102.03,2.03,1020.3,20.3,10203.0,203.0,9.86,109.86,9.86,1098.6,98.6,10986.0,986.0,38.15,138.15,38.15,1381.5,381.5,13815.0,3815.0,-22.0,78.0,-22.0,780.0,-220.0,7800.0,-2200.0,,,,,,,,,,,,,,,,,,,,,,
DELL,Dell Technologies,AI,ai-compute,NYSE,574.55,-1.13%,+6.06%,+7.34%,+353.68%,+271%,365.306,1.442,33.4,7.51,5130701,24226501,171749501,44.0,4.68,buy,1.86,-1.13,98.87,-1.13,988.7,-11.3,9887.0,-113.0,6.06,106.06,6.06,1060.6,60.6,10606.0,606.0,7.34,107.34,7.34,1073.4,73.4,10734.0,734.0,353.68,453.68,353.68,4536.8,3536.8,45368.0,35368.0,271.0,371.0,271.0,3710.0,2710.0,37100.0,27100.0,,,,,,,,,,,,,,,,,,,,,,
COHR,Coherent Corp,AI,fibre-optical,NYSE,302.35,-9.60%,-5.28%,-0.37%,+55.59%,+173%,59.21,2.113,73.39,6.36,9229523,35288223,151570023,,6.09,buy,1.58,-9.6,90.4,-9.6,904.0,-96.0,9040.0,-960.0,-5.28,94.72,-5.28,947.2,-52.8,9472.0,-528.0,-0.37,99.63,-0.37,996.3,-3.7,9963.0,-37.0,55.59,155.59,55.59,1555.9,555.9,15559.0,5559.0,173.0,273.0,173.0,2730.0,1730.0,27300.0,17300.0,,,,,,,,,,,,,,,,,,,,,,
LITE,Lumentum Holdings,AI,fibre-optical,NASDAQ,1048.6,-5.62%,+0.27%,+6.03%,+171.58%,+595%,94.985,1.536,,4.66,4855776,20230876,102472976,,7.86,strong_buy,1.5,-5.62,94.38,-5.62,943.8,-56.2,9438.0,-562.0,0.27,100.27,0.27,1002.7,2.7,10027.0,27.0,6.03,106.03,6.03,1060.3,60.3,10603.0,603.0,171.58,271.58,171.58,2715.8,1715.8,27158.0,17158.0,595.0,695.0,595.0,6950.0,5950.0,69500.0,59500.0,,,,,,,,,,,,,,,,,,,,,,
AAOI,Applied Optoelectronics,AI,fibre-optical,NASDAQ,105.9,-13.58%,-1.32%,-1.88%,+167.42%,+279%,8.992,3.843,,9.46,19139622,62850722,183416622,,15.02,none,,-13.58,86.42,-13.58,864.2,-135.8,8642.0,-1358.0,-1.32,98.68,-1.32,986.8,-13.2,9868.0,-132.0,-1.88,98.12,-1.88,981.2,-18.8,9812.0,-188.0,167.42,267.42,167.42,2674.2,1674.2,26742.0,16742.0,279.0,379.0,279.0,3790.0,2790.0,37900.0,27900.0,,,,,,,,,,,,,,,,,,,,,,
FN,Fabrinet,AI,fibre-optical,NYSE,487.33,-2.24%,+7.95%,+16.51%,+1.65%,+30%,17.464,1.223,37.34,0.87,1199886,4919086,17879786,,5.69,none,,-2.24,97.76,-2.24,977.6,-22.4,9776.0,-224.0,7.95,107.95,7.95,1079.5,79.5,10795.0,795.0,16.51,116.51,16.51,1165.1,165.1,11651.0,1651.0,1.65,101.65,1.65,1016.5,16.5,10165.0,165.0,30.0,130.0,30.0,1300.0,300.0,13000.0,3000.0,,,,,,,,,,,,,7,buy,0.75,"FN +2.03% YTD, but +17.50% 1M and +15.34% 1W with buy consensus; P/E 37.48 reasonable for fibre-optical AI connectivity play – recent momentum surge.",1M +17.50%; 1W +15.34%; P/E 37.48 attractive; fibre-optical growth catalyst,,,,,
MTSI,MACOM Technology,AI,dsp-semi,NASDAQ,322.21,-4.08%,+6.82%,+12.61%,+84.16%,+153%,24.608,1.764,102.61,1.36,1594575,7192975,30530575,,4.35,buy,1.56,-4.08,95.92,-4.08,959.2,-40.8,9592.0,-408.0,6.82,106.82,6.82,1068.2,68.2,10682.0,682.0,12.61,112.61,12.61,1126.1,126.1,11261.0,1261.0,84.16,184.16,84.16,1841.6,841.6,18416.0,8416.0,153.0,253.0,153.0,2530.0,1530.0,25300.0,15300.0,,,,,,,,,,,,,5,buy,0.8,"MTSI +100.43% YTD, +27.61% 1M; buy consensus with strong DSP/semi tailwinds; P/E 111.68 reflects premium but justified by 1W +23.36% acceleration.",1M +27.61%; 1W +23.36%; YTD +100.43%; DSP/semi growth,,,,,
SMTC,Semtech,AI,dsp-semi,NASDAQ,187.49,-3.25%,+0.48%,+14.37%,+149.12%,+177%,17.498,2.415,124.17,2.92,4235937,14844037,72413637,,8.53,strong_buy,1.19,-3.25,96.75,-3.25,967.5,-32.5,9675.0,-325.0,0.48,100.48,0.48,1004.8,4.8,10048.0,48.0,14.37,114.37,14.37,1143.7,143.7,11437.0,1437.0,149.12,249.12,149.12,2491.2,1491.2,24912.0,14912.0,177.0,277.0,177.0,2770.0,1770.0,27700.0,17700.0,,,,,,,,,,,,,2,strong_buy,0.88,"SMTC +162.02% YTD, +21.26% 1M, best an_score 1.19 (strong_buy), P/E 130.6 – high growth justified by DSP/semi demand in AI infrastructure.",strong_buy consensus; 1M +21.26%; YTD +162.02%; lowest an_score 1.19,,,,,
CRDO,Credo Technology,AI,dsp-semi,NASDAQ,211.86,-3.70%,+0.80%,+26.17%,+47.93%,+46%,39.819,3.249,75.13,6.9,9451558,42395358,186935958,,5.14,strong_buy,1.35,-3.7,96.3,-3.7,963.0,-37.0,9630.0,-370.0,0.8,100.8,0.8,1008.0,8.0,10080.0,80.0,26.17,126.17,26.17,1261.7,261.7,12617.0,2617.0,47.93,147.93,47.93,1479.3,479.3,14793.0,4793.0,46.0,146.0,46.0,1460.0,460.0,14600.0,4600.0,,,,,,,,,,,,,3,strong_buy,0.9,"CRDO +54.19% YTD, +31.64% 1M; revenue +115% YoY, trades at 31x forward earnings vs. peers over 60x – steep discount and strong buy consensus (24/7 Wall St.).",1M +31.64%; strong_buy consensus; revenue +115% YoY; forward P/E discount to peers,,,,,
MXL,MaxLinear,AI,dsp-semi,NASDAQ,93.7,-12.72%,+1.72%,+31.03%,+406.21%,+573%,8.498,3.94,,3.06,4008439,16790539,69209939,,7.46,buy,1.82,-12.72,87.28,-12.72,872.8,-127.2,8728.0,-1272.0,1.72,101.72,1.72,1017.2,17.2,10172.0,172.0,31.03,131.03,31.03,1310.3,310.3,13103.0,3103.0,406.21,506.21,406.21,5062.1,4062.1,50621.0,40621.0,573.0,673.0,573.0,6730.0,5730.0,67300.0,57300.0,,,,,,,,,,,,,9,strong_buy,1.0,"MXL +490.49% YTD, +64.36% 1M; no P/E yet but buy consensus at an_score 1.82 – extreme momentum in DSP/semi needs to be traded carefully.",YTD +490.49%; 1M +64.36%; buy consensus; DSP/semi momentum,,,,,
KEYS,Keysight Technologies,AI,test-equip,NYSE,374.67,-1.77%,+0.21%,+13.19%,+81.36%,+123%,63.785,1.177,50.7,1.23,1437497,6062497,24287697,,1.59,buy,1.58,-1.77,98.23,-1.77,982.3,-17.7,9823.0,-177.0,0.21,100.21,0.21,1002.1,2.1,10021.0,21.0,13.19,113.19,13.19,1131.9,131.9,11319.0,1319.0,81.36,181.36,81.36,1813.6,813.6,18136.0,8136.0,123.0,223.0,123.0,2230.0,1230.0,22300.0,12300.0,,,,,,,,,,,,,,,,,,,,,,
VIAV,Viavi Solutions,AI,test-equip,NASDAQ,44.09,-2.67%,-1.54%,+12.53%,+142.92%,+265%,10.842,1.213,,5.02,4281289,27166489,127144789,,6.33,strong_buy,1.38,-2.67,97.33,-2.67,973.3,-26.7,9733.0,-267.0,-1.54,98.46,-1.54,984.6,-15.4,9846.0,-154.0,12.53,112.53,12.53,1125.3,125.3,11253.0,1253.0,142.92,242.92,142.92,2429.2,1429.2,24292.0,14292.0,265.0,365.0,265.0,3650.0,2650.0,36500.0,26500.0,,,,,,,,,,,,,4,strong_buy,0.854,"VIAV +165.23% YTD, +24.23% 1M, strong_buy an_score 1.38, test-equip plays critical role in validating AI optics – no P/E yet but momentum extremely strong.",YTD +165.23%; strong_buy consensus; 1M +24.23%; test-equip AI enabler,,,,,
AXTI,AXT Inc,AI,materials,NASDAQ,71.66,-10.19%,-12.41%,+3.99%,+327.57%,+1426%,4.698,1.86,1791.5,9.79,10071213,34846913,181890213,,14.03,none,,-10.19,89.81,-10.19,898.1,-101.9,8981.0,-1019.0,-12.41,87.59,-12.41,875.9,-124.1,8759.0,-1241.0,3.99,103.99,3.99,1039.9,39.9,10399.0,399.0,327.57,427.57,327.57,4275.7,3275.7,42757.0,32757.0,1426.0,1526.0,1426.0,15260.0,14260.0,152600.0,142600.0,,,,,,,,,,,,,10,strong_buy,0.923,"AXTI +401.55% YTD, +20.85% 1M; no analyst rating but extreme price action in materials – P/E 2101.5 risky but short-term momentum is compelling.",YTD +401.55%; 1M +20.85%; materials AI enabler; extreme momentum,,,,,
AMGN,Amgen,Biotech,large-cap,NASDAQ,407.44,-1.37%,+0.04%,+4.13%,+26.90%,+40%,220.275,0.407,25.31,2.73,2365324,13252424,67815924,244.0,2.6,hold,2.65,-1.37,98.63,-1.37,986.3,-13.7,9863.0,-137.0,0.04,100.04,0.04,1000.4,0.4,10004.0,4.0,4.13,104.13,4.13,1041.3,41.3,10413.0,413.0,26.9,126.9,26.9,1269.0,269.0,12690.0,2690.0,40.0,140.0,40.0,1400.0,400.0,14000.0,4000.0,,,,,,,,,,,,,3,buy,0.75,"YTD +25.39%, P/E 25.01, dividend yield 2.5%, positive Sjogren's phase 3 data and raised FY2026 guidance [ad-hoc-news.de](https://www.ad-hoc-news.de/boerse/news/corporate-news/amgen-announces-sjogren-s-trial-results-amgen-stock-gains-1-59-percent/70256106).",YTD +25%; positive clinical catalyst; raised guidance; low beta 0.41,,,,,
GILD,Gilead Sciences,Biotech,large-cap,NASDAQ,147.1,+0.17%,-0.27%,+1.56%,+23.15%,+26%,182.397,0.332,,6.01,4469821,24471421,125564821,223.0,1.48,buy,1.68,0.17,100.17,0.17,1001.7,1.7,10017.0,17.0,-0.27,99.73,-0.27,997.3,-2.7,9973.0,-27.0,1.56,101.56,1.56,1015.6,15.6,10156.0,156.0,23.15,123.15,23.15,1231.5,231.5,12315.0,2315.0,26.0,126.0,26.0,1260.0,260.0,12600.0,2600.0,,,,,,,,,,,,,7,buy,0.65,"YTD +20.74%, analyst buy with score 1.70, low short 1.48%, large-cap stability.",YTD +20.7%; analyst buy; low short interest; large-cap,,,,,
REGN,Regeneron Pharmaceuticals,Biotech,large-cap,NASDAQ,739.57,-0.34%,+0.65%,-8.43%,-4.36%,+30%,76.142,0.153,18.29,0.74,500239,3050339,16422339,51.0,2.6,buy,1.85,-0.34,99.66,-0.34,996.6,-3.4,9966.0,-34.0,0.65,100.65,0.65,1006.5,6.5,10065.0,65.0,-8.43,91.57,-8.43,915.7,-84.3,9157.0,-843.0,-4.36,95.64,-4.36,956.4,-43.6,9564.0,-436.0,30.0,130.0,30.0,1300.0,300.0,13000.0,3000.0,,,,,,,,,,,,,,,,,,,,,,
VRTX,Vertex Pharmaceuticals,Biotech,large-cap,NASDAQ,503.25,-0.47%,-0.69%,-3.43%,+11.31%,+22%,127.554,0.281,29.31,1.16,1487944,4924044,22261844,,2.1,buy,1.62,-0.47,99.53,-0.47,995.3,-4.7,9953.0,-47.0,-0.69,99.31,-0.69,993.1,-6.9,9931.0,-69.0,-3.43,96.57,-3.43,965.7,-34.3,9657.0,-343.0,11.31,111.31,11.31,1113.1,113.1,11131.0,1131.0,22.0,122.0,22.0,1220.0,220.0,12200.0,2200.0,,,,,,,,,,,,,8,buy,0.6,"YTD +11.10%, P/E 29.26, analyst buy with score 1.62, low short 2.1%.",YTD +11.1%; analyst buy; low short; P/E 29,,,,,
BIIB,Biogen,Biotech,large-cap,NASDAQ,218.43,-1.67%,-1.97%,+3.65%,+22.84%,+48%,32.274,0.092,38.8,1.07,1339040,5376440,24876240,,4.39,buy,1.89,-1.67,98.33,-1.67,983.3,-16.7,9833.0,-167.0,-1.97,98.03,-1.97,980.3,-19.7,9803.0,-197.0,3.65,103.65,3.65,1036.5,36.5,10365.0,365.0,22.84,122.84,22.84,1228.4,228.4,12284.0,2284.0,48.0,148.0,48.0,1480.0,480.0,14800.0,4800.0,,,,,,,,,,,,,4,buy,0.7,"YTD +25.35%, 1M +4.89%, analyst buy with score 1.89, low short 4.39%, P/E 39.59.",YTD +25%; 1M momentum +4.9%; analyst buy; low short interest,,,,,
BMY,Bristol-Myers Squibb,Biotech,large-cap,NYSE,59.58,-0.20%,-2.05%,-6.54%,+15.05%,+34%,121.704,0.184,13.12,11.22,12988035,63136035,278647635,422.0,2.06,buy,2.5,-0.2,99.8,-0.2,998.0,-2.0,9980.0,-20.0,-2.05,97.95,-2.05,979.5,-20.5,9795.0,-205.0,-6.54,93.46,-6.54,934.6,-65.4,9346.0,-654.0,15.05,115.05,15.05,1150.5,150.5,11505.0,1505.0,34.0,134.0,34.0,1340.0,340.0,13400.0,3400.0,,,,,,,,,,,,,10,buy,0.55,"YTD +15.07%, P/E 13.13, dividend yield 4.23%, low short 2.06%, value play.",YTD +15%; low P/E 13; high dividend 4.23%; low short,,,,,
AZN,AstraZeneca,Biotech,uk-listed,LSE,157.39,-2.25%,-1.16%,+0.13%,-12.49%,-6%,2.441,0.212,23.83,3.43,3708,7192727,66956213,196.0,,buy,1.72,-2.25,97.75,-2.25,977.5,-22.5,9775.0,-225.0,-1.16,98.84,-1.16,988.4,-11.6,9884.0,-116.0,0.13,100.13,0.13,1001.3,1.3,10013.0,13.0,-12.49,87.51,-12.49,875.1,-124.9,8751.0,-1249.0,-6.0,94.0,-6.0,940.0,-60.0,9400.0,-600.0,,,,,,,,,,,,,,,,,,,,,,
GSK,GSK,Biotech,uk-listed,LSE,22.97,-3.07%,-3.31%,-3.40%,-5.22%,+9%,0.92,0.28,14.71,6.61,5160000,24762931,142774363,380.0,,hold,2.52,-3.07,96.93,-3.07,969.3,-30.7,9693.0,-307.0,-3.31,96.69,-3.31,966.9,-33.1,9669.0,-331.0,-3.4,96.6,-3.4,966.0,-34.0,9660.0,-340.0,-5.22,94.78,-5.22,947.8,-52.2,9478.0,-522.0,9.0,109.0,9.0,1090.0,90.0,10900.0,900.0,,,,,,,,,,,,,,,,,,,,,,
CRSP,CRISPR Therapeutics,Biotech,gene-editing,NASDAQ,50.44,-3.65%,-9.02%,-5.63%,-6.19%,-30%,4.877,1.759,,1.59,2861747,9993347,38995647,,22.58,buy,2.05,-3.65,96.35,-3.65,963.5,-36.5,9635.0,-365.0,-9.02,90.98,-9.02,909.8,-90.2,9098.0,-902.0,-5.63,94.37,-5.63,943.7,-56.3,9437.0,-563.0,-6.19,93.81,-6.19,938.1,-61.9,9381.0,-619.0,-30.0,70.0,-30.0,700.0,-300.0,7000.0,-3000.0,,,,,,,,,,,,,,,,,,,,,,
BEAM,Beam Therapeutics,Biotech,gene-editing,NASDAQ,24.6,-0.69%,+0.86%,-2.28%,-9.36%,-11%,2.541,2.201,,1.92,2424375,10780175,42612475,,38.75,strong_buy,1.33,-0.69,99.31,-0.69,993.1,-6.9,9931.0,-69.0,0.86,100.86,0.86,1008.6,8.6,10086.0,86.0,-2.28,97.72,-2.28,977.2,-22.8,9772.0,-228.0,-9.36,90.64,-9.36,906.4,-93.6,9064.0,-936.0,-11.0,89.0,-11.0,890.0,-110.0,8900.0,-1100.0,,,,,,,,,,,,,,,,,,,,,,
NTLA,Intellia Therapeutics,Biotech,gene-editing,NASDAQ,12.6,+7.60%,+3.96%,+3.19%,+36.81%,-54%,1.766,1.801,,4.16,13953888,39665788,118312488,,41.97,buy,2.35,7.6,107.6,7.6,1076.0,76.0,10760.0,760.0,3.96,103.96,3.96,1039.6,39.6,10396.0,396.0,3.19,103.19,3.19,1031.9,31.9,10319.0,319.0,36.81,136.81,36.81,1368.1,368.1,13681.0,3681.0,-54.0,46.0,-54.0,460.0,-540.0,4600.0,-5400.0,,,,,,,,,,,,,,,,,,,,,,
EDIT,Editas Medicine,Biotech,gene-editing,NASDAQ,2.84,+3.27%,+12.70%,+2.53%,+38.54%,-33%*,0.437,2.0,,2.47,5870458,16277458,73242658,,19.54,none,,3.27,103.27,3.27,1032.7,32.7,10327.0,327.0,12.7,112.7,12.7,1127.0,127.0,11270.0,1270.0,2.53,102.53,2.53,1025.3,25.3,10253.0,253.0,38.54,138.54,38.54,1385.4,385.4,13854.0,3854.0,-33.0,67.0,-33.0,670.0,-330.0,6700.0,-3300.0,,,,,,,,,,,,,,,,,,,,,,
ILMN,Illumina,Biotech,genomics,NASDAQ,264.57,-1.19%,-0.43%,+29.06%,+96.93%,+178%,39.95,1.416,49.36,2.66,3169503,17557203,94551003,,11.47,buy,2.43,-1.19,98.81,-1.19,988.1,-11.9,9881.0,-119.0,-0.43,99.57,-0.43,995.7,-4.3,9957.0,-43.0,29.06,129.06,29.06,1290.6,290.6,12906.0,2906.0,96.93,196.93,96.93,1969.3,969.3,19693.0,9693.0,178.0,278.0,178.0,2780.0,1780.0,27800.0,17800.0,,,,,,,,,,,,,6,buy,0.65,"YTD +103.60%, 1M +29.60%, analyst buy, but P/E 51.03 and short 11.47% indicate valuation risk; pullback may offer entry [kalkine.com](https://kalkine.com/news/healthcare/illumina-nasdaqilmn-stock-why-shares-pulled-back-after-a-52-week-high).",YTD +103%; 1M momentum +29.6%; analyst buy; technical pullback,,,,,
PACB,Pacific Biosciences,Biotech,genomics,NASDAQ,2.3,-15.44%,-8.37%,+78.29%,+25.00%,+78%*,0.715,2.194,,10.1,24115304,143847704,379900104,,18.08,buy,2.12,-15.44,84.56,-15.44,845.6,-154.4,8456.0,-1544.0,-8.37,91.63,-8.37,916.3,-83.7,9163.0,-837.0,78.29,178.29,78.29,1782.9,782.9,17829.0,7829.0,25.0,125.0,25.0,1250.0,250.0,12500.0,2500.0,78.0,178.0,78.0,1780.0,780.0,17800.0,7800.0,,,,,,,,,,,,,9,buy,0.55,"1M +104.55%, 1W +47.54%, YTD +46.74%, analyst buy, but loss-making and high short 18.08%; AI partnership catalyst [stocktwits.com](https://stocktwits.com/news-articles/markets/equity/pac-bio-deepens-ai-drug-discovery-push-with-tycho-bio-deal-pacb-stock-takes-a-breather-after-103-rally/cZDteWARBld).",1M +104%; AI partnership catalyst; analyst buy; high momentum,,,,,
NTRA,Natera,Biotech,genomics,NASDAQ,390.79,-1.21%,-4.33%,+18.31%,+70.77%,+129%,56.33,1.499,,1.44,2443170,11936070,41249470,,3.43,strong_buy,1.39,-1.21,98.79,-1.21,987.9,-12.1,9879.0,-121.0,-4.33,95.67,-4.33,956.7,-43.3,9567.0,-433.0,18.31,118.31,18.31,1183.1,183.1,11831.0,1831.0,70.77,170.77,70.77,1707.7,707.7,17077.0,7077.0,129.0,229.0,129.0,2290.0,1290.0,22900.0,12900.0,,,,,,,,,,,,,1,strong_buy,0.85,"YTD +75.08%, 1M +23.60%, analyst strong_buy with score 1.39, low short interest 3.43%.",YTD +75%; strong_buy consensus; low short interest; 1M momentum +23.6%,,,,,
RXRX,Recursion Pharmaceuticals,Biotech,genomics,NASDAQ,3.95,-7.49%,-2.95%,+22.86%,-5.95%,-28%*,2.118,1.032,,20.56,30789535,228744735,594541335,,34.95,none,,-7.49,92.51,-7.49,925.1,-74.9,9251.0,-749.0,-2.95,97.05,-2.95,970.5,-29.5,9705.0,-295.0,22.86,122.86,22.86,1228.6,228.6,12286.0,2286.0,-5.95,94.05,-5.95,940.5,-59.5,9405.0,-595.0,-28.0,72.0,-28.0,720.0,-280.0,7200.0,-2800.0,,,,,,,,,,,,,,,,,,,,,,
INCY,Incyte,Biotech,oncology,NASDAQ,112.75,-0.61%,-3.75%,-10.52%,+11.17%,+34%,22.855,0.739,14.36,1.62,1927029,9780129,37700429,,8.39,buy,2.25,-0.61,99.39,-0.61,993.9,-6.1,9939.0,-61.0,-3.75,96.25,-3.75,962.5,-37.5,9625.0,-375.0,-10.52,89.48,-10.52,894.8,-105.2,8948.0,-1052.0,11.17,111.17,11.17,1111.7,111.7,11117.0,1117.0,34.0,134.0,34.0,1340.0,340.0,13400.0,3400.0,,,,,,,,,,,,,,,,,,,,,,
EXEL,Exelixis,Biotech,oncology,NASDAQ,59.02,+0.99%,+1.86%,+1.18%,+35.43%,+52%,14.624,0.466,18.62,2.34,2684957,11641457,48012257,,14.56,buy,2.33,0.99,100.99,0.99,1009.9,9.9,10099.0,99.0,1.86,101.86,1.86,1018.6,18.6,10186.0,186.0,1.18,101.18,1.18,1011.8,11.8,10118.0,118.0,35.43,135.43,35.43,1354.3,354.3,13543.0,3543.0,52.0,152.0,52.0,1520.0,520.0,15200.0,5200.0,,,,,,,,,,,,,5,buy,0.7,"YTD +33.85%, P/E 18.58, analyst buy with score 2.33, reasonable valuation in oncology.",YTD +33.85%; P/E 18.6; analyst buy; oncology focus,,,,,
ALNY,Alnylam Pharmaceuticals,Biotech,oncology,NASDAQ,224.53,+0.05%,-2.88%,-12.97%,-43.89%,-51%,30.044,0.269,37.86,1.84,1770699,7133899,29931799,,7.16,buy,1.69,0.05,100.05,0.05,1000.5,0.5,10005.0,5.0,-2.88,97.12,-2.88,971.2,-28.8,9712.0,-288.0,-12.97,87.03,-12.97,870.3,-129.7,8703.0,-1297.0,-43.89,56.11,-43.89,561.1,-438.9,5611.0,-4389.0,-51.0,49.0,-51.0,490.0,-510.0,4900.0,-5100.0,,,,,,,,,,,,,,,,,,,,,,
RCUS,Arcus Biosciences,Biotech,oncology,NYSE,23.83,-2.81%,-5.55%,-16.36%,+2.32%,+62%*,2.998,0.938,,1.32,1864694,6723594,39111794,,17.71,strong_buy,1.31,-2.81,97.19,-2.81,971.9,-28.1,9719.0,-281.0,-5.55,94.45,-5.55,944.5,-55.5,9445.0,-555.0,-16.36,83.64,-16.36,836.4,-163.6,8364.0,-1636.0,2.32,102.32,2.32,1023.2,23.2,10232.0,232.0,62.0,162.0,62.0,1620.0,620.0,16200.0,6200.0,,,,,,,,,,,,,,,,,,,,,,
MRNA,Moderna,Biotech,mrna,NASDAQ,197.0,+0.26%,+4.27%,+45.27%,+538.37%,+614%,78.649,1.095,,17.44,37373437,100411237,356013437,,10.06,hold,2.83,0.26,100.26,0.26,1002.6,2.6,10026.0,26.0,4.27,104.27,4.27,1042.7,42.7,10427.0,427.0,45.27,145.27,45.27,1452.7,452.7,14527.0,4527.0,538.37,638.37,538.37,6383.7,5383.7,63837.0,53837.0,614.0,714.0,614.0,7140.0,6140.0,71400.0,61400.0,,,,,,,,,,,,,,,,,,,,,,
BNTX,BioNTech,Biotech,mrna,NASDAQ,92.06,-3.35%,-4.95%,-6.19%,-4.79%,-9%,23.126,1.252,,1.15,1204987,5064587,19341087,,3.48,buy,1.7,-3.35,96.65,-3.35,966.5,-33.5,9665.0,-335.0,-4.95,95.05,-4.95,950.5,-49.5,9505.0,-495.0,-6.19,93.81,-6.19,938.1,-61.9,9381.0,-619.0,-4.79,95.21,-4.79,952.1,-47.9,9521.0,-479.0,-9.0,91.0,-9.0,910.0,-90.0,9100.0,-900.0,,,,,,,,,,,,,,,,,,,,,,
NVAX,Novavax,Biotech,mrna,NASDAQ,11.01,-1.87%,+3.87%,+11.78%,+54.42%,+31%*,1.816,2.435,,5.16,6198505,66717605,156693105,,30.43,buy,2.33,-1.87,98.13,-1.87,981.3,-18.7,9813.0,-187.0,3.87,103.87,3.87,1038.7,38.7,10387.0,387.0,11.78,111.78,11.78,1117.8,117.8,11178.0,1178.0,54.42,154.42,54.42,1544.2,544.2,15442.0,5442.0,31.0,131.0,31.0,1310.0,310.0,13100.0,3100.0,,,,,,,,,,,,,,,,,,,,,,
BMRN,BioMarin Pharmaceutical,Biotech,rare-disease,NASDAQ,54.89,-0.56%,-6.07%,-14.78%,-7.67%,+3%,10.625,0.215,148.35,2.01,3098646,13496346,47973646,,5.22,buy,1.74,-0.56,99.44,-0.56,994.4,-5.6,9944.0,-56.0,-6.07,93.93,-6.07,939.3,-60.7,9393.0,-607.0,-14.78,85.22,-14.78,852.2,-147.8,8522.0,-1478.0,-7.67,92.33,-7.67,923.3,-76.7,9233.0,-767.0,3.0,103.0,3.0,1030.0,30.0,10300.0,300.0,,,,,,,,,,,,,,,,,,,,,,
SRPT,Sarepta Therapeutics,Biotech,rare-disease,NASDAQ,18.21,+4.06%,+3.64%,-17.30%,-14.55%,-24%,1.923,0.375,,2.98,3503536,13814536,59112036,,28.86,hold,2.75,4.06,104.06,4.06,1040.6,40.6,10406.0,406.0,3.64,103.64,3.64,1036.4,36.4,10364.0,364.0,-17.3,82.7,-17.3,827.0,-173.0,8270.0,-1730.0,-14.55,85.45,-14.55,854.5,-145.5,8545.0,-1455.0,-24.0,76.0,-24.0,760.0,-240.0,7600.0,-2400.0,,,,,,,,,,,,,,,,,,,,,,
COAG,Hemab Therapeutics,Biotech,rare-disease,NASDAQ,30.89,+7.63%,-0.55%,-30.58%,-9.15%,-16%,1.443,,,0.45,616397,2078997,13537397,,,none,,7.63,107.63,7.63,1076.3,76.3,10763.0,763.0,-0.55,99.45,-0.55,994.5,-5.5,9945.0,-55.0,-30.58,69.42,-30.58,694.2,-305.8,6942.0,-3058.0,-9.15,90.85,-9.15,908.5,-91.5,9085.0,-915.0,-16.0,84.0,-16.0,840.0,-160.0,8400.0,-1600.0,,,,,,,,,,,,,,,,,,,,,,
NVO,Novo Nordisk,Biotech,metabolic,NYSE,38.18,-0.29%,+2.09%,-14.32%,-23.49%,-35%,168.54,0.384,9.33,12.54,11432838,67756338,322001838,470.0,0.83,hold,2.71,-0.29,99.71,-0.29,997.1,-2.9,9971.0,-29.0,2.09,102.09,2.09,1020.9,20.9,10209.0,209.0,-14.32,85.68,-14.32,856.8,-143.2,8568.0,-1432.0,-23.49,76.51,-23.49,765.1,-234.9,7651.0,-2349.0,-35.0,65.0,-35.0,650.0,-350.0,6500.0,-3500.0,,,,,,,,,,,,,,,,,,,,,,
LLY,Eli Lilly,Biotech,metabolic,NYSE,1169.6,-1.71%,+1.72%,+4.04%,+8.78%,+39%,1042.98,0.453,39.26,2.47,3077986,11541386,49982586,58.0,0.84,buy,1.63,-1.71,98.29,-1.71,982.9,-17.1,9829.0,-171.0,1.72,101.72,1.72,1017.2,17.2,10172.0,172.0,4.04,104.04,4.04,1040.4,40.4,10404.0,404.0,8.78,108.78,8.78,1087.8,87.8,10878.0,878.0,39.0,139.0,39.0,1390.0,390.0,13900.0,3900.0,,,,,,,,,,,,,2,buy,0.8,"YTD +7.66%, P/E 38.38, analyst buy with score 1.63, low short 0.84%, mega-cap metabolic leader.",YTD +7.66%; analyst buy; low short interest; mega-cap stability,,,,,
LEGN,Legend Biotech,Biotech,neuroscience,NASDAQ,18.71,-2.14%,-3.16%,-6.03%,-13.02%,-41%,3.638,0.573,,2.36,2150059,9357459,51581459,,17.8,buy,2.15,-2.14,97.86,-2.14,978.6,-21.4,9786.0,-214.0,-3.16,96.84,-3.16,968.4,-31.6,9684.0,-316.0,-6.03,93.97,-6.03,939.7,-60.3,9397.0,-603.0,-13.02,86.98,-13.02,869.8,-130.2,8698.0,-1302.0,-41.0,59.0,-41.0,590.0,-410.0,5900.0,-4100.0,,,,,,,,,,,,,,,,,,,,,,
IONS,Ionis Pharmaceuticals,Biotech,neuroscience,NASDAQ,43.3,-1.95%,-1.59%,-22.71%,-45.65%,-37%,7.196,0.382,,3.78,3349188,13667988,91355388,,16.65,buy,1.79,-1.95,98.05,-1.95,980.5,-19.5,9805.0,-195.0,-1.59,98.41,-1.59,984.1,-15.9,9841.0,-159.0,-22.71,77.29,-22.71,772.9,-227.1,7729.0,-2271.0,-45.65,54.35,-45.65,543.5,-456.5,5435.0,-4565.0,-37.0,63.0,-37.0,630.0,-370.0,6300.0,-3700.0,,,,,,,,,,,,,,,,,,,,,,
BTC,Bitcoin,Crypto,bitcoin,Crypto,81785.243012,-1.73%,-3.47%,+4.05%,-6.55%,-7%,1643.509,,,31161.74,42759290796,218132195582,970351086654,,,,,-1.73,98.27,-1.73,982.7,-17.3,9827.0,-173.0,-3.47,96.53,-3.47,965.3,-34.7,9653.0,-347.0,4.05,104.05,4.05,1040.5,40.5,10405.0,405.0,-6.55,93.45,-6.55,934.5,-65.5,9345.0,-655.0,-7.0,93.0,-7.0,930.0,-70.0,9300.0,-700.0,,,,,,,,,,,,,,,,,,,,,,
ETH,Ethereum,Crypto,layer1,Crypto,2479.080985,-3.62%,-8.27%,-0.39%,-16.44%,-16%,302.736,,,13176.77,19211446963,92237365187,437841722347,,,,,-3.62,96.38,-3.62,963.8,-36.2,9638.0,-362.0,-8.27,91.73,-8.27,917.3,-82.7,9173.0,-827.0,-0.39,99.61,-0.39,996.1,-3.9,9961.0,-39.0,-16.44,83.56,-16.44,835.6,-164.4,8356.0,-1644.0,-16.0,84.0,-16.0,840.0,-160.0,8400.0,-1600.0,,,,,,,,,,,,,,,,,,,,,,
SOL,Solana,Crypto,layer1,Crypto,108.990841,-6.27%,-8.14%,+5.21%,-12.47%,-12%,64.163,,,2830.41,3065622955,19812850916,110342635948,,,,,-6.27,93.73,-6.27,937.3,-62.7,9373.0,-627.0,-8.14,91.86,-8.14,918.6,-81.4,9186.0,-814.0,5.21,105.21,5.21,1052.1,52.1,10521.0,521.0,-12.47,87.53,-12.47,875.3,-124.7,8753.0,-1247.0,-12.0,88.0,-12.0,880.0,-120.0,8800.0,-1200.0,,,,,,,,,,,,,,,,,,,,,,
BNB,BNB,Crypto,layer1,Crypto,735.714878,-4.83%,-4.63%,-2.55%,-14.76%,-15%,97.967,,,854.0,1225672467,5978006447,29612488179,,,,,-4.83,95.17,-4.83,951.7,-48.3,9517.0,-483.0,-4.63,95.37,-4.63,953.7,-46.3,9537.0,-463.0,-2.55,97.45,-2.55,974.5,-25.5,9745.0,-255.0,-14.76,85.24,-14.76,852.4,-147.6,8524.0,-1476.0,-15.0,85.0,-15.0,850.0,-150.0,8500.0,-1500.0,,,,,,,,,,,,,,,,,,,,,,
ADA,Cardano,Crypto,layer1,Crypto,0.232376,-9.17%,-5.48%,+5.53%,-30.15%,-30%,8.551,,,657.66,761891936,4603631167,16832173158,,,,,-9.17,90.83,-9.17,908.3,-91.7,9083.0,-917.0,-5.48,94.52,-5.48,945.2,-54.8,9452.0,-548.0,5.53,105.53,5.53,1055.3,55.3,10553.0,553.0,-30.15,69.85,-30.15,698.5,-301.5,6985.0,-3015.0,-30.0,70.0,-30.0,700.0,-300.0,7000.0,-3000.0,,,,,,,,,,,,,,,,,,,,,,
AVAX,Avalanche,Crypto,layer1,Crypto,10.037863,-9.26%,-8.55%,+25.62%,-18.45%,-18%,4.45,,,465.19,552233763,3256319139,16048610145,,,,,-9.26,90.74,-9.26,907.4,-92.6,9074.0,-926.0,-8.55,91.45,-8.55,914.5,-85.5,9145.0,-855.0,25.62,125.62,25.62,1256.2,256.2,12562.0,2562.0,-18.45,81.55,-18.45,815.5,-184.5,8155.0,-1845.0,-18.0,82.0,-18.0,820.0,-180.0,8200.0,-1800.0,,,,,,,,,,,,,5,buy,0.7,AVAX has impressive 1-month momentum (+42%) and a reasonable $5B market cap despite a -9% YTD; it is a well-known L1 with potential for a breakout.,+42% 1M; $5B market cap; L1 leader,,,,,
XRP,XRP,Crypto,payments,Crypto,1.384145,-2.61%,-7.40%,-2.54%,-24.75%,-25%,87.33,,,2199.12,3362198516,15393846532,97775598946,,,,,-2.61,97.39,-2.61,973.9,-26.1,9739.0,-261.0,-7.4,92.6,-7.4,926.0,-74.0,9260.0,-740.0,-2.54,97.46,-2.54,974.6,-25.4,9746.0,-254.0,-24.75,75.25,-24.75,752.5,-247.5,7525.0,-2475.0,-25.0,75.0,-25.0,750.0,-250.0,7500.0,-2500.0,,,,,,,,,,,,,,,,,,,,,,
XLM,Stellar,Crypto,payments,Crypto,0.192316,-4.11%,-12.16%,+2.29%,-4.14%,-4%,6.74,,,177.47,237440133,1242255771,8281315584,,,,,-4.11,95.89,-4.11,958.9,-41.1,9589.0,-411.0,-12.16,87.84,-12.16,878.4,-121.6,8784.0,-1216.0,2.29,102.29,2.29,1022.9,22.9,10229.0,229.0,-4.14,95.86,-4.14,958.6,-41.4,9586.0,-414.0,-4.0,96.0,-4.0,960.0,-40.0,9600.0,-400.0,,,,,,,,,,,,,,,,,,,,,,
TRX,TRON,Crypto,payments,Crypto,0.332544,-0.94%,-0.50%,-1.94%,+16.95%,+17%,31.588,,,314.33,389110399,2200319758,11555592161,,,,,-0.94,99.06,-0.94,990.6,-9.4,9906.0,-94.0,-0.5,99.5,-0.5,995.0,-5.0,9950.0,-50.0,-1.94,98.06,-1.94,980.6,-19.4,9806.0,-194.0,16.95,116.95,16.95,1169.5,169.5,11695.0,1695.0,17.0,117.0,17.0,1170.0,170.0,11700.0,1700.0,,,,,,,,,,,,,,,,,,,,,,
SUI,Sui,Crypto,emerging,Crypto,1.042497,-8.18%,-11.59%,+27.51%,-25.67%,-26%,4.293,,,725.83,969581383,5080802731,25298335336,,,,,-8.18,91.82,-8.18,918.2,-81.8,9182.0,-818.0,-11.59,88.41,-11.59,884.1,-115.9,8841.0,-1159.0,27.51,127.51,27.51,1275.1,275.1,12751.0,2751.0,-25.67,74.33,-25.67,743.3,-256.7,7433.0,-2567.0,-26.0,74.0,-26.0,740.0,-260.0,7400.0,-2600.0,,,,,,,,,,,,,6,buy,0.65,"SUI has rallied +42% in the past month and has a $4.7B market cap; the recent 4-5% drop appears driven by market rotation and short positioning rather than a protocol issue, creating a potential entry [coinmarketcap.com](https://coinmarketcap.com/top-stories/6ac5b6c4ab37453c382f7ef4/).",+42% 1M; Short-term dip entry; No protocol issue,,,,,
HBAR,Hedera,Crypto,emerging,Crypto,0.090559,-2.53%,-11.65%,+14.81%,-14.72%,-15%,3.984,,,120.51,175881917,843554021,5496905279,,,,,-2.53,97.47,-2.53,974.7,-25.3,9747.0,-253.0,-11.65,88.35,-11.65,883.5,-116.5,8835.0,-1165.0,14.81,114.81,14.81,1148.1,148.1,11481.0,1481.0,-14.72,85.28,-14.72,852.8,-147.2,8528.0,-1472.0,-15.0,85.0,-15.0,850.0,-150.0,8500.0,-1500.0,,,,,,,,,,,,,,,,,,,,,,
ALGO,Algorand,Crypto,emerging,Crypto,0.117467,-1.49%,-4.36%,+15.01%,+6.61%,+7%,1.065,,,92.67,169926557,648661249,2346228952,,,,,-1.49,98.51,-1.49,985.1,-14.9,9851.0,-149.0,-4.36,95.64,-4.36,956.4,-43.6,9564.0,-436.0,15.01,115.01,15.01,1150.1,150.1,11501.0,1501.0,6.61,106.61,6.61,1066.1,66.1,10661.0,661.0,7.0,107.0,7.0,1070.0,70.0,10700.0,700.0,,,,,,,,,,,,,10,buy,0.55,"ALGO is up +8% YTD and +26% in the past month, with a $1.1B market cap; it has an established L1 presence but faces short-term volatility.",+26% 1M; $1.1B market cap; Established L1,,,,,
MINA,Mina,Crypto,emerging,Crypto,0.077427,-15.21%,-49.09%,-5.20%,+2.49%,+2%,0.1,,,37.08,62980621,259567595,755040822,,,,,-15.21,84.79,-15.21,847.9,-152.1,8479.0,-1521.0,-49.09,50.91,-49.09,509.1,-490.9,5091.0,-4909.0,-5.2,94.8,-5.2,948.0,-52.0,9480.0,-520.0,2.49,102.49,2.49,1024.9,24.9,10249.0,249.0,2.0,102.0,2.0,1020.0,20.0,10200.0,200.0,,,,,,,,,,,,,8,buy,0.6,"MINA has exceptional YTD (+35%) and 1-month (+33%) returns, though a sharp 1-week decline (-29%) suggests high volatility; it remains an emerging L1 with potential.",+35% YTD; +33% 1M; High volatility entry,,,,,
POL,Polygon (MATIC),Crypto,infra,Crypto,0.098477,-4.25%,-8.48%,+3.06%,-1.95%,-2%,1.047,,,74.88,95009538,524153197,2866335587,,,,,-4.25,95.75,-4.25,957.5,-42.5,9575.0,-425.0,-8.48,91.52,-8.48,915.2,-84.8,9152.0,-848.0,3.06,103.06,3.06,1030.6,30.6,10306.0,306.0,-1.95,98.05,-1.95,980.5,-19.5,9805.0,-195.0,-2.0,98.0,-2.0,980.0,-20.0,9800.0,-200.0,,,,,,,,,,,,,,,,,,,,,,
DOT,Polkadot,Crypto,infra,Crypto,1.125008,+0.14%,-4.63%,-7.83%,-37.14%,-37%,1.92,,,173.6,252645552,1215173929,5826430564,,,,,0.14,100.14,0.14,1001.4,1.4,10014.0,14.0,-4.63,95.37,-4.63,953.7,-46.3,9537.0,-463.0,-7.83,92.17,-7.83,921.7,-78.3,9217.0,-783.0,-37.14,62.86,-37.14,628.6,-371.4,6286.0,-3714.0,-37.0,63.0,-37.0,630.0,-370.0,6300.0,-3700.0,,,,,,,,,,,,,,,,,,,,,,
LINK,Chainlink,Crypto,infra,Crypto,12.686195,-4.67%,-11.19%,+1.56%,+4.04%,+4%,9.491,,,358.05,475898575,2506316109,22499074121,,,,,-4.67,95.33,-4.67,953.3,-46.7,9533.0,-467.0,-11.19,88.81,-11.19,888.1,-111.9,8881.0,-1119.0,1.56,101.56,1.56,1015.6,15.6,10156.0,156.0,4.04,104.04,4.04,1040.4,40.4,10404.0,404.0,4.0,104.0,4.0,1040.0,40.0,10400.0,400.0,,,,,,,,,,,,,,,,,,,,,,
DOGE,Dogecoin,Crypto,meme,Crypto,0.084091,-5.76%,-10.81%,-7.12%,-28.30%,-28%,13.139,,,770.05,1122175742,5390380908,28988192342,,,,,-5.76,94.24,-5.76,942.4,-57.6,9424.0,-576.0,-10.81,89.19,-10.81,891.9,-108.1,8919.0,-1081.0,-7.12,92.88,-7.12,928.8,-71.2,9288.0,-712.0,-28.3,71.7,-28.3,717.0,-283.0,7170.0,-2830.0,-28.0,72.0,-28.0,720.0,-280.0,7200.0,-2800.0,,,,,,,,,,,,,,,,,,,,,,
PEPE,Pepe,Crypto,meme,Crypto,4e-06,-6.12%,-13.39%,+3.74%,-4.83%,-5%,1.588,,,245.03,307578910,1715187861,9855999692,,,,,-6.12,93.88,-6.12,938.8,-61.2,9388.0,-612.0,-13.39,86.61,-13.39,866.1,-133.9,8661.0,-1339.0,3.74,103.74,3.74,1037.4,37.4,10374.0,374.0,-4.83,95.17,-4.83,951.7,-48.3,9517.0,-483.0,-5.0,95.0,-5.0,950.0,-50.0,9500.0,-500.0,,,,,,,,,,,,,,,,,,,,,,
TAO,Bittensor,Crypto,ai,Crypto,269.905867,-7.11%,-11.16%,+4.25%,+23.43%,+23%,3.13,,,217.06,312574454,1519390124,7928094672,,,,,-7.11,92.89,-7.11,928.9,-71.1,9289.0,-711.0,-11.16,88.84,-11.16,888.4,-111.6,8884.0,-1116.0,4.25,104.25,4.25,1042.5,42.5,10425.0,425.0,23.43,123.43,23.43,1234.3,234.3,12343.0,2343.0,23.0,123.0,23.0,1230.0,230.0,12300.0,2300.0,,,,,,,,,,,,,,,,,,,,,,
FET,ASI Alliance,Crypto,ai,Crypto,0.217002,-6.84%,-6.66%,+20.32%,+9.21%,+9%,0.508,,,172.88,184198275,1210163844,3951020674,,,,,-6.84,93.16,-6.84,931.6,-68.4,9316.0,-684.0,-6.66,93.34,-6.66,933.4,-66.6,9334.0,-666.0,20.32,120.32,20.32,1203.2,203.2,12032.0,2032.0,9.21,109.21,9.21,1092.1,92.1,10921.0,921.0,9.0,109.0,9.0,1090.0,90.0,10900.0,900.0,,,,,,,,,,,,,7,buy,0.65,"FET shows strong momentum with +16% YTD, +33% 1-month, and +5.4% 1-week, with a small $542M market cap in the AI subsector.",+33% 1M; +5.4% 1W; AI narrative,,,,,
RNDR,Render,Crypto,ai,Crypto,1.82697,-9.86%,-4.51%,+21.00%,+42.27%,+42%,0.948,,,78.42,84878982,548909945,2122880511,,,,,-9.86,90.14,-9.86,901.4,-98.6,9014.0,-986.0,-4.51,95.49,-4.51,954.9,-45.1,9549.0,-451.0,21.0,121.0,21.0,1210.0,210.0,12100.0,2100.0,42.27,142.27,42.27,1422.7,422.7,14227.0,4227.0,42.0,142.0,42.0,1420.0,420.0,14200.0,4200.0,,,,,,,,,,,,,3,buy,0.7,"RNDR delivers strong fundamentals with +63% YTD, +36% 1-month, and +9% 1-week, while showing positive daily momentum (+2.2%) and a market cap of $1.09B.",+63% YTD; +36% 1M; +9% 1W; Positive 1D momentum,,,,,
OCEAN,Ocean Protocol,Crypto,ai,Crypto,0.143514,-2.23%,-5.79%,-4.88%,-4.69%,-5%,,,,0.27,163053,1858000,4764695,,,,,-2.23,97.77,-2.23,977.7,-22.3,9777.0,-223.0,-5.79,94.21,-5.79,942.1,-57.9,9421.0,-579.0,-4.88,95.12,-4.88,951.2,-48.8,9512.0,-488.0,-4.69,95.31,-4.69,953.1,-46.9,9531.0,-469.0,-5.0,95.0,-5.0,950.0,-50.0,9500.0,-500.0,,,,,,,,,,,,,,,,,,,,,,
GRT,The Graph,Crypto,ai,Crypto,0.025882,-6.28%,-8.46%,+33.59%,-22.15%,-22%,0.283,,,15.41,18285164,107893224,632629793,,,,,-6.28,93.72,-6.28,937.2,-62.8,9372.0,-628.0,-8.46,91.54,-8.46,915.4,-84.6,9154.0,-846.0,33.59,133.59,33.59,1335.9,335.9,13359.0,3359.0,-22.15,77.85,-22.15,778.5,-221.5,7785.0,-2215.0,-22.0,78.0,-22.0,780.0,-220.0,7800.0,-2200.0,,,,,,,,,,,,,9,buy,0.6,"GRT has strong 1-month momentum (+46%) despite a -17% YTD, and a small $304M market cap in the AI/data indexing space, offering a recovery play.",+46% 1M; AI infrastructure; Small cap recovery,,,,,
AGIX,SingularityNET,Crypto,ai,Crypto,0.085243,-6.67%,-1.43%,+8.99%,-0.59%,-1%,,,,0.0,1969,13780,5912680,,,,,-6.67,93.33,-6.67,933.3,-66.7,9333.0,-667.0,-1.43,98.57,-1.43,985.7,-14.3,9857.0,-143.0,8.99,108.99,8.99,1089.9,89.9,10899.0,899.0,-0.59,99.41,-0.59,994.1,-5.9,9941.0,-59.0,-1.0,99.0,-1.0,990.0,-10.0,9900.0,-100.0,,,,,,,,,,,,,,,,,,,,,,
NMR,Numeraire,Crypto,ai,Crypto,13.735061,-10.11%,+21.11%,+45.30%,+43.75%,+44%,0.105,,,51.28,42277723,358936442,729052212,,,,,-10.11,89.89,-10.11,898.9,-101.1,8989.0,-1011.0,21.11,121.11,21.11,1211.1,211.1,12111.0,2111.0,45.3,145.3,45.3,1453.0,453.0,14530.0,4530.0,43.75,143.75,43.75,1437.5,437.5,14375.0,4375.0,44.0,144.0,44.0,1440.0,440.0,14400.0,4400.0,,,,,,,,,,,,,2,strong_buy,0.75,"NMR shows explosive momentum with +75% YTD, +79% 1-month, and +43% 1-week despite a small market cap of $128M, signaling high-beta AI catalyst.",+75% YTD; +79% 1M; High beta small-cap AI,,,,,
ALT,AltLayer,Crypto,ai,Crypto,0.007229,-2.75%,-5.81%,+9.33%,-36.87%,-37%,0.053,,,3.97,4747170,27816511,165435970,,,,,-2.75,97.25,-2.75,972.5,-27.5,9725.0,-275.0,-5.81,94.19,-5.81,941.9,-58.1,9419.0,-581.0,9.33,109.33,9.33,1093.3,93.3,10933.0,933.0,-36.87,63.13,-36.87,631.3,-368.7,6313.0,-3687.0,-37.0,63.0,-37.0,630.0,-370.0,6300.0,-3700.0,,,,,,,,,,,,,,,,,,,,,,
AIOZ,AIOZ Network,Crypto,ai,Crypto,0.108858,-4.60%,-2.07%,+42.19%,+25.64%,+26%,0.14,,,7.48,9363383,52328619,279580825,,,,,-4.6,95.4,-4.6,954.0,-46.0,9540.0,-460.0,-2.07,97.93,-2.07,979.3,-20.7,9793.0,-207.0,42.19,142.19,42.19,1421.9,421.9,14219.0,4219.0,25.64,125.64,25.64,1256.4,256.4,12564.0,2564.0,26.0,126.0,26.0,1260.0,260.0,12600.0,2600.0,,,,,,,,,,,,,4,buy,0.7,"AIOZ has strong momentum with +27% YTD, +74% 1-month, and near-flat 1-week (-0.3%) combined with a tiny $141M market cap, offering high upside in the AI subsector.",+27% YTD; +74% 1M; Small cap AI growth,,,,,
ARKM,Arkham,Crypto,ai,Crypto,0.122045,-4.96%,-8.07%,+11.91%,-30.83%,-31%,0.027,,,7.22,8304500,50528550,263121646,,,,,-4.96,95.04,-4.96,950.4,-49.6,9504.0,-496.0,-8.07,91.93,-8.07,919.3,-80.7,9193.0,-807.0,11.91,111.91,11.91,1119.1,119.1,11191.0,1191.0,-30.83,69.17,-30.83,691.7,-308.3,6917.0,-3083.0,-31.0,69.0,-31.0,690.0,-310.0,6900.0,-3100.0,,,,,,,,,,,,,,,,,,,,,,
WLD,Worldcoin,Crypto,ai,Crypto,0.485011,-7.92%,-4.31%,+7.09%,+0.83%,+1%,1.844,,,325.13,298698192,2275925263,9621232050,,,,,-7.92,92.08,-7.92,920.8,-79.2,9208.0,-792.0,-4.31,95.69,-4.31,956.9,-43.1,9569.0,-431.0,7.09,107.09,7.09,1070.9,70.9,10709.0,709.0,0.83,100.83,0.83,1008.3,8.3,10083.0,83.0,1.0,101.0,1.0,1010.0,10.0,10100.0,100.0,,,,,,,,,,,,,,,,,,,,,,
NEAR,NEAR Protocol,Crypto,ai,Crypto,4.454136,-16.18%,-7.60%,+89.96%,+194.51%,+195%,5.828,,,875.83,1533924500,6130794914,32707741827,,,,,-16.18,83.82,-16.18,838.2,-161.8,8382.0,-1618.0,-7.6,92.4,-7.6,924.0,-76.0,9240.0,-760.0,89.96,189.96,89.96,1899.6,899.6,18996.0,8996.0,194.51,294.51,194.51,2945.1,1945.1,29451.0,19451.0,195.0,295.0,195.0,2950.0,1950.0,29500.0,19500.0,,,,,,,,,,,,,1,strong_buy,0.85,"NEAR has exceptional momentum with +242% YTD, +114% 1-month, and a spot ETF (NRR) launched on NYSE Arca attracting ~$60M AUM in its first week; co-founder Polosukhin announced expanding fiat and tokenized stock features, reinforcing the bullish narrative [coinmarketcap.com](https://coinmarketcap.com/top-stories/6ac5b6c4ab37453c382f7ef4/), [theblock.co](https://www.theblock.co/news/ecosystems/2026-10-07-nears-polosukhin-sees-shrinking-need-for-centralized-exchanges-as-onchain-tools-expand-417912).",+242% YTD; +114% 1M; Spot ETF inflows $60M AUM; Expanding fiat/tokenized stocks,,,,,
ICP,Internet Computer,Crypto,ai,Crypto,2.92225,-9.38%,-11.26%,-0.28%,+3.08%,+3%,1.629,,,75.64,78896284,529455982,2170538976,,,,,-9.38,90.62,-9.38,906.2,-93.8,9062.0,-938.0,-11.26,88.74,-11.26,887.4,-112.6,8874.0,-1126.0,-0.28,99.72,-0.28,997.2,-2.8,9972.0,-28.0,3.08,103.08,3.08,1030.8,30.8,10308.0,308.0,3.0,103.0,3.0,1030.0,30.0,10300.0,300.0,,,,,,,,,,,,,,,,,,,,,,
KAITO,Kaito,Crypto,ai,Crypto,0.306442,-5.09%,-12.66%,-7.31%,-39.46%,-39%,0.074,,,16.27,17249700,113878672,539846905,,,,,-5.09,94.91,-5.09,949.1,-50.9,9491.0,-509.0,-12.66,87.34,-12.66,873.4,-126.6,8734.0,-1266.0,-7.31,92.69,-7.31,926.9,-73.1,9269.0,-731.0,-39.46,60.54,-39.46,605.4,-394.6,6054.0,-3946.0,-39.0,61.0,-39.0,610.0,-390.0,6100.0,-3900.0,,,,,,,,,,,,,,,,,,,,,,
VIRTUAL,Virtuals Protocol,Crypto,ai,Crypto,0.706652,-8.91%,-9.94%,-1.92%,+9.33%,+9%,0.466,,,87.6,93235431,613167082,2343801215,,,,,-8.91,91.09,-8.91,910.9,-89.1,9109.0,-891.0,-9.94,90.06,-9.94,900.6,-99.4,9006.0,-994.0,-1.92,98.08,-1.92,980.8,-19.2,9808.0,-192.0,9.33,109.33,9.33,1093.3,93.3,10933.0,933.0,9.0,109.0,9.0,1090.0,90.0,10900.0,900.0,,,,,,,,,,,,,,,,,,,,,,
LMT,Lockheed Martin,Defence,us-primes,NYSE,507.89,+1.74%,+0.47%,-3.16%,+4.03%,-2%,117.216,0.095,18.72,1.13,1101121,5101221,25857121,276.0,1.25,buy,2.36,1.74,101.74,1.74,1017.4,17.4,10174.0,174.0,0.47,100.47,0.47,1004.7,4.7,10047.0,47.0,-3.16,96.84,-3.16,968.4,-31.6,9684.0,-316.0,4.03,104.03,4.03,1040.3,40.3,10403.0,403.0,-2.0,98.0,-2.0,980.0,-20.0,9800.0,-200.0,,,,,,,,,,,,,,,,,,,,,,
RTX,RTX Corporation,Defence,us-primes,NYSE,184.32,+2.29%,-0.37%,-6.70%,-0.50%,+11%,248.418,0.308,32.45,4.4,4380368,20043968,88598168,162.0,1.01,buy,1.83,2.29,102.29,2.29,1022.9,22.9,10229.0,229.0,-0.37,99.63,-0.37,996.3,-3.7,9963.0,-37.0,-6.7,93.3,-6.7,933.0,-67.0,9330.0,-670.0,-0.5,99.5,-0.5,995.0,-5.0,9950.0,-50.0,11.0,111.0,11.0,1110.0,110.0,11100.0,1100.0,,,,,,,,,,,,,,,,,,,,,,
NOC,Northrop Grumman,Defence,us-primes,NYSE,484.48,+1.87%,+0.51%,-6.03%,-16.27%,-25%,68.827,-0.112,15.4,0.85,1081989,6692689,21238789,209.0,1.58,buy,2.0,1.87,101.87,1.87,1018.7,18.7,10187.0,187.0,0.51,100.51,0.51,1005.1,5.1,10051.0,51.0,-6.03,93.97,-6.03,939.7,-60.3,9397.0,-603.0,-16.27,83.73,-16.27,837.3,-162.7,8373.0,-1627.0,-25.0,75.0,-25.0,750.0,-250.0,7500.0,-2500.0,,,,,,,,,,,,,,,,,,,,,,
GD,General Dynamics,Defence,us-primes,NYSE,329.9,+1.02%,-0.85%,-6.46%,-2.66%,-5%,89.257,0.329,20.13,1.13,1496273,6929773,29284573,195.0,1.11,buy,2.08,1.02,101.02,1.02,1010.2,10.2,10102.0,102.0,-0.85,99.15,-0.85,991.5,-8.5,9915.0,-85.0,-6.46,93.54,-6.46,935.4,-64.6,9354.0,-646.0,-2.66,97.34,-2.66,973.4,-26.6,9734.0,-266.0,-5.0,95.0,-5.0,950.0,-50.0,9500.0,-500.0,,,,,,,,,,,,,,,,,,,,,,
HII,Huntington Ingalls Industries,Defence,us-primes,NYSE,265.02,+1.67%,-3.39%,-5.64%,-23.30%,-9%,10.443,0.21,15.79,0.5,440462,2836962,11977962,212.0,3.45,buy,2.08,1.67,101.67,1.67,1016.7,16.7,10167.0,167.0,-3.39,96.61,-3.39,966.1,-33.9,9661.0,-339.0,-5.64,94.36,-5.64,943.6,-56.4,9436.0,-564.0,-23.3,76.7,-23.3,767.0,-233.0,7670.0,-2330.0,-9.0,91.0,-9.0,910.0,-90.0,9100.0,-900.0,,,,,,,,,,,,,,,,,,,,,,
LHX,L3Harris Technologies,Defence,us-primes,NYSE,236.92,+1.41%,-0.62%,-5.39%,-21.23%,-22%,44.118,0.505,23.88,1.56,1202852,6123052,35010752,214.0,2.75,buy,1.85,1.41,101.41,1.41,1014.1,14.1,10141.0,141.0,-0.62,99.38,-0.62,993.8,-6.2,9938.0,-62.0,-5.39,94.61,-5.39,946.1,-53.9,9461.0,-539.0,-21.23,78.77,-21.23,787.7,-212.3,7877.0,-2123.0,-22.0,78.0,-22.0,780.0,-220.0,7800.0,-2200.0,,,,,,,,,,,,,,,,,,,,,,
BA,Boeing,Defence,us-primes,NYSE,187.75,-0.32%,-2.36%,-9.04%,-17.57%,-13%,148.392,1.257,67.05,6.53,11334070,44565570,192122870,,1.8,strong_buy,1.5,-0.32,99.68,-0.32,996.8,-3.2,9968.0,-32.0,-2.36,97.64,-2.36,976.4,-23.6,9764.0,-236.0,-9.04,90.96,-9.04,909.6,-90.4,9096.0,-904.0,-17.57,82.43,-17.57,824.3,-175.7,8243.0,-1757.0,-13.0,87.0,-13.0,870.0,-130.0,8700.0,-1300.0,,,,,,,,,,,,,,,,,,,,,,
BA.L,BAE Systems,Defence,uk-european,LSE,24.31,+0.58%,-5.48%,-5.51%,+4.71%,-9%,0.711,-0.044,26.24,5.69,115000,17015685,123603674,199.0,,buy,2.25,0.58,100.58,0.58,1005.8,5.8,10058.0,58.0,-5.48,94.52,-5.48,945.2,-54.8,9452.0,-548.0,-5.51,94.49,-5.51,944.9,-55.1,9449.0,-551.0,4.71,104.71,4.71,1047.1,47.1,10471.0,471.0,-9.0,91.0,-9.0,910.0,-90.0,9100.0,-900.0,,,,,,,,,,,,,,,,,,,,,,
RR.L,Rolls-Royce Holdings,Defence,uk-european,LSE,18.09,-2.66%,-7.12%,-7.70%,+14.21%,+22%,1.488,1.272,37.97,18.24,3,52073520,362908718,85.0,,buy,1.6,-2.66,97.34,-2.66,973.4,-26.6,9734.0,-266.0,-7.12,92.88,-7.12,928.8,-71.2,9288.0,-712.0,-7.7,92.3,-7.7,923.0,-77.0,9230.0,-770.0,14.21,114.21,14.21,1142.1,142.1,11421.0,1421.0,22.0,122.0,22.0,1220.0,220.0,12200.0,2200.0,,,,,,,,,,,,,5,buy,0.7,"YTD +20.16%, 1-year +28%, analyst buy (score 1.6), P/E 39.95, but recent 1M -3.53% and 1W -2.90% show pullback; strong underlying defence and engine services demand supports long-term growth.",YTD +20.16%; 1-year +28%; Analyst buy (score 1.6); Defence engine demand,,,,,
QQ.L,QinetiQ Group,Defence,uk-european,LSE,6.01,+0.27%,-5.61%,-4.90%,+2.18%,-11%,0.03,0.334,22.7,1.73,175246,6284331,34939624,243.0,,buy,1.75,0.27,100.27,0.27,1002.7,2.7,10027.0,27.0,-5.61,94.39,-5.61,943.9,-56.1,9439.0,-561.0,-4.9,95.1,-4.9,951.0,-49.0,9510.0,-490.0,2.18,102.18,2.18,1021.8,21.8,10218.0,218.0,-11.0,89.0,-11.0,890.0,-110.0,8900.0,-1100.0,,,,,,,,,,,,,,,,,,,,,,
PLTR,Palantir Technologies,Defence,cyber-intel,NASDAQ,198.78,+2.40%,+4.60%,+17.25%,+18.42%,+5%,477.68,1.602,171.36,33.32,41744992,110767492,500958192,,2.8,buy,1.84,2.4,102.4,2.4,1024.0,24.0,10240.0,240.0,4.6,104.6,4.6,1046.0,46.0,10460.0,460.0,17.25,117.25,17.25,1172.5,172.5,11725.0,1725.0,18.42,118.42,18.42,1184.2,184.2,11842.0,1842.0,5.0,105.0,5.0,1050.0,50.0,10500.0,500.0,,,,,,,,,,,,,1,strong_buy,0.85,"YTD +14.42%, 1M +12.78%, P/E 165.58, analyst buy (score 1.84), and a new sovereign AI partnership with Armada positions Palantir for sustained defence and commercial AI revenue growth [simplywall.st](https://simplywall.st/stocks/us/software/nasdaq-pltr/palantir-technologies/news/sovereign-ai-deal-might-change-the-case-for-investing-in-pal).",YTD +14.42%; 1M +12.78% momentum; Sovereign AI catalyst; Analyst buy consensus,,,,,
LDOS,Leidos Holdings,Defence,cyber-intel,NYSE,119.22,+4.99%,-2.25%,-6.66%,-34.42%,-41%,14.961,0.59,11.13,1.38,1673169,7050169,28893369,151.0,4.78,buy,2.35,4.99,104.99,4.99,1049.9,49.9,10499.0,499.0,-2.25,97.75,-2.25,977.5,-22.5,9775.0,-225.0,-6.66,93.34,-6.66,933.4,-66.6,9334.0,-666.0,-34.42,65.58,-34.42,655.8,-344.2,6558.0,-3442.0,-41.0,59.0,-41.0,590.0,-410.0,5900.0,-4100.0,,,,,,,,,,,,,,,,,,,,,,
CACI,CACI International,Defence,cyber-intel,NYSE,599.4,+3.02%,-4.41%,-1.23%,+11.53%,+14%,13.247,0.591,24.81,0.28,246801,1408601,5944701,,5.61,buy,1.62,3.02,103.02,3.02,1030.2,30.2,10302.0,302.0,-4.41,95.59,-4.41,955.9,-44.1,9559.0,-441.0,-1.23,98.77,-1.23,987.7,-12.3,9877.0,-123.0,11.53,111.53,11.53,1115.3,115.3,11153.0,1153.0,14.0,114.0,14.0,1140.0,140.0,11400.0,1400.0,,,,,,,,,,,,,,,,,,,,,,
SAIC,Science Applications International,Defence,cyber-intel,NYSE,129.71,+6.25%,+2.70%,+2.78%,+29.49%,+24%,5.434,0.309,15.14,0.44,564838,2136438,9489238,121.0,6.09,hold,2.82,6.25,106.25,6.25,1062.5,62.5,10625.0,625.0,2.7,102.7,2.7,1027.0,27.0,10270.0,270.0,2.78,102.78,2.78,1027.8,27.8,10278.0,278.0,29.49,129.49,29.49,1294.9,294.9,12949.0,2949.0,24.0,124.0,24.0,1240.0,240.0,12400.0,2400.0,,,,,,,,,,,,,6,buy,0.65,"YTD +24.38%, P/E 14.54, low beta 0.309, but analyst hold (score 2.82) and recent 1M -2.32% suggest caution; attractive valuation and strong YTD performance provide a defensive entry.",YTD +24.38%; P/E 14.54; Low beta 0.309; Defensive valuation,,,,,
BAH,Booz Allen Hamilton,Defence,cyber-intel,NYSE,72.87,+6.09%,+3.41%,+0.93%,-12.19%,-31%,8.766,0.368,11.46,1.91,2165247,10650947,40209547,344.0,6.83,hold,2.87,6.09,106.09,6.09,1060.9,60.9,10609.0,609.0,3.41,103.41,3.41,1034.1,34.1,10341.0,341.0,0.93,100.93,0.93,1009.3,9.3,10093.0,93.0,-12.19,87.81,-12.19,878.1,-121.9,8781.0,-1219.0,-31.0,69.0,-31.0,690.0,-310.0,6900.0,-3100.0,,,,,,,,,,,,,,,,,,,,,,
AVAV,AeroVironment,Defence,drones,NASDAQ,137.6,-0.91%,-1.93%,-2.27%,-46.29%,-65%,6.993,1.364,,1.63,1235575,7579475,48523175,,11.76,buy,1.67,-0.91,99.09,-0.91,990.9,-9.1,9909.0,-91.0,-1.93,98.07,-1.93,980.7,-19.3,9807.0,-193.0,-2.27,97.73,-2.27,977.3,-22.7,9773.0,-227.0,-46.29,53.71,-46.29,537.1,-462.9,5371.0,-4629.0,-65.0,35.0,-65.0,350.0,-650.0,3500.0,-6500.0,,,,,,,,,,,,,10,buy,0.35,"Analyst buy (score 1.6), but YTD -43.97%, 1-year -65%, high short interest 11.76%, and no P/E; a potential contrarian bet on drone demand recovery, but near-term risks are elevated.",Analyst buy (score 1.6); YTD -43.97%; High short interest 11.76%; Drone demand recovery,,,,,
KTOS,Kratos Defense,Defence,drones,NASDAQ,41.93,-0.02%,-2.08%,-10.29%,-47.12%,-57%,7.871,1.107,246.65,3.89,5360950,26855650,99872750,,6.16,strong_buy,1.36,-0.02,99.98,-0.02,999.8,-0.2,9998.0,-2.0,-2.08,97.92,-2.08,979.2,-20.8,9792.0,-208.0,-10.29,89.71,-10.29,897.1,-102.9,8971.0,-1029.0,-47.12,52.88,-47.12,528.8,-471.2,5288.0,-4712.0,-57.0,43.0,-57.0,430.0,-570.0,4300.0,-5700.0,,,,,,,,,,,,,,,,,,,,,,
RCAT,Red Cat Holdings,Defence,drones,NASDAQ,5.91,-3.90%,-6.64%,-27.31%,-35.48%,-58%,0.903,1.515,,8.24,6421071,30429871,189068171,,26.67,none,,-3.9,96.1,-3.9,961.0,-39.0,9610.0,-390.0,-6.64,93.36,-6.64,933.6,-66.4,9336.0,-664.0,-27.31,72.69,-27.31,726.9,-273.1,7269.0,-2731.0,-35.48,64.52,-35.48,645.2,-354.8,6452.0,-3548.0,-58.0,42.0,-58.0,420.0,-580.0,4200.0,-5800.0,,,,,,,,,,,,,,,,,,,,,,
TXT,Textron,Defence,drones,NYSE,73.22,+0.26%,-5.12%,-8.33%,-15.83%,-14%,12.593,0.908,13.79,1.72,2056260,10021360,43625660,11.0,4.95,buy,2.19,0.26,100.26,0.26,1002.6,2.6,10026.0,26.0,-5.12,94.88,-5.12,948.8,-51.2,9488.0,-512.0,-8.33,91.67,-8.33,916.7,-83.3,9167.0,-833.0,-15.83,84.17,-15.83,841.7,-158.3,8417.0,-1583.0,-14.0,86.0,-14.0,860.0,-140.0,8600.0,-1400.0,,,,,,,,,,,,,,,,,,,,,,
SPCX,SpaceX,Defence,space,NASDAQ,160.57,-4.19%,+8.44%,+8.82%,-0.24%,+4%,2116.598,,,92.59,68508567,508481967,2137702067,,2.43,buy,1.78,-4.19,95.81,-4.19,958.1,-41.9,9581.0,-419.0,8.44,108.44,8.44,1084.4,84.4,10844.0,844.0,8.82,108.82,8.82,1088.2,88.2,10882.0,882.0,-0.24,99.76,-0.24,997.6,-2.4,9976.0,-24.0,4.0,104.0,4.0,1040.0,40.0,10400.0,400.0,,,,,,,,,,,,,3,strong_buy,0.75,"1W +15.20%, 1M +12.02%, analyst score 1.69 (buy), strong buy consensus with 26/32 analysts recommending buy, and Starship Flight 14 success supports growth narrative despite macro headwinds [tipranks.com](https://www.tipranks.com/news/why-space-stocks-spacex-and-rocket-lab-are-falling-today-october-7-and-what-wall-street-expects-next).",1W +15.20%; 1M +12.02%; Starship progress; Strong buy consensus,,,,,
RKLB,Rocket Lab USA,Defence,space,NASDAQ,68.4,-4.89%,-2.92%,+8.45%,-9.99%,+8%,43.736,2.938,,19.22,22892581,116369581,476041981,,7.31,buy,1.57,-4.89,95.11,-4.89,951.1,-48.9,9511.0,-489.0,-2.92,97.08,-2.92,970.8,-29.2,9708.0,-292.0,8.45,108.45,8.45,1084.5,84.5,10845.0,845.0,-9.99,90.01,-9.99,900.1,-99.9,9001.0,-999.0,8.0,108.0,8.0,1080.0,80.0,10800.0,800.0,,,,,,,,,,,,,2,strong_buy,0.8,"1M +13.95%, 1W +7.69%, analyst score 1.57 (buy), backlog exceeds 100 missions, and a potential NASA bulk-launch order could drive long-term revenue, despite CFO insider selling [tipranks.com](https://www.tipranks.com/news/why-space-stocks-spacex-and-rocket-lab-are-falling-today-october-7-and-what-wall-street-expects-next) [americanbankingnews.com](https://www.americanbankingnews.com/2026/10/07/rocket-lab-nasdaqrklb-stock-price-down-1-2-on-insider-selling.html).",1M +13.95%; Backlog >100 missions; NASA bulk-order catalyst; Analyst buy (score 1.57),,,,,
PL,Planet Labs,Defence,space,NYSE,17.19,-2.94%,+6.51%,-0.17%,-15.78%,+13%,6.255,2.17,,8.89,19125340,67029040,243117340,,9.68,none,,-2.94,97.06,-2.94,970.6,-29.4,9706.0,-294.0,6.51,106.51,6.51,1065.1,65.1,10651.0,651.0,-0.17,99.83,-0.17,998.3,-1.7,9983.0,-17.0,-15.78,84.22,-15.78,842.2,-157.8,8422.0,-1578.0,13.0,113.0,13.0,1130.0,130.0,11300.0,1300.0,,,,,,,,,,,,,4,buy,0.6,"1W +13.37%, 1D +5.08%, but YTD -9.02% and no analyst coverage; high beta 2.17 and short interest 9.68% add risk, yet strong short-term momentum suggests speculative upside.",1W +13.37%; 1D +5.08%; High beta 2.17; Speculative momentum,,,,,
ASTS,AST SpaceMobile,Defence,space,NASDAQ,56.93,-6.13%,-0.19%,-8.80%,-31.80%,-30%,22.156,2.706,,12.11,18427922,70021222,238555222,,21.84,hold,2.69,-6.13,93.87,-6.13,938.7,-61.3,9387.0,-613.0,-0.19,99.81,-0.19,998.1,-1.9,9981.0,-19.0,-8.8,91.2,-8.8,912.0,-88.0,9120.0,-880.0,-31.8,68.2,-31.8,682.0,-318.0,6820.0,-3180.0,-30.0,70.0,-30.0,700.0,-300.0,7000.0,-3000.0,,,,,,,,,,,,,,,,,,,,,,
TDG,TransDigm Group,Defence,weapons,NYSE,1089.3,-0.63%,-0.72%,-3.23%,-19.82%,-14%,60.212,0.935,33.04,0.39,424095,1707295,8918195,,2.58,buy,2.09,-0.63,99.37,-0.63,993.7,-6.3,9937.0,-63.0,-0.72,99.28,-0.72,992.8,-7.2,9928.0,-72.0,-3.23,96.77,-3.23,967.7,-32.3,9677.0,-323.0,-19.82,80.18,-19.82,801.8,-198.2,8018.0,-1982.0,-14.0,86.0,-14.0,860.0,-140.0,8600.0,-1400.0,,,,,,,,,,,,,9,buy,0.45,"Analyst buy (score 2.09), P/E 33.46, but YTD -18.79% and 1M -3.65% reflect weak momentum; large-cap aerospace supplier with low short interest 2.58% may appeal to value-oriented investors.",Analyst buy (score 2.09); P/E 33.46; Low short interest 2.58%; Negative YTD -18.79%,,,,,
HEI,HEICO Corporation,Defence,weapons,NYSE,295.91,+0.04%,-3.42%,-5.25%,-10.08%,-6%,41.356,1.088,49.32,0.47,503890,2358390,10552690,8.0,6.55,buy,1.96,0.04,100.04,0.04,1000.4,0.4,10004.0,4.0,-3.42,96.58,-3.42,965.8,-34.2,9658.0,-342.0,-5.25,94.75,-5.25,947.5,-52.5,9475.0,-525.0,-10.08,89.92,-10.08,899.2,-100.8,8992.0,-1008.0,-6.0,94.0,-6.0,940.0,-60.0,9400.0,-600.0,,,,,,,,,,,,,,,,,,,,,,
AXON,Axon Enterprise,Defence,weapons,NASDAQ,417.31,+2.79%,-1.16%,-14.83%,-25.94%,-45%,33.901,1.439,173.16,0.93,1564210,5843710,24863510,,5.32,buy,1.67,2.79,102.79,2.79,1027.9,27.9,10279.0,279.0,-1.16,98.84,-1.16,988.4,-11.6,9884.0,-116.0,-14.83,85.17,-14.83,851.7,-148.3,8517.0,-1483.0,-25.94,74.06,-25.94,740.6,-259.4,7406.0,-2594.0,-45.0,55.0,-45.0,550.0,-450.0,5500.0,-4500.0,,,,,,,,,,,,,,,,,,,,,,
OLN,Olin Corporation,Defence,weapons,NYSE,15.61,-1.95%,-2.19%,-10.60%,-25.62%,-36%,1.779,1.226,,3.28,5779620,39845320,86258020,503.0,13.14,hold,2.87,-1.95,98.05,-1.95,980.5,-19.5,9805.0,-195.0,-2.19,97.81,-2.19,978.1,-21.9,9781.0,-219.0,-10.6,89.4,-10.6,894.0,-106.0,8940.0,-1060.0,-25.62,74.38,-25.62,743.8,-256.2,7438.0,-2562.0,-36.0,64.0,-36.0,640.0,-360.0,6400.0,-3600.0,,,,,,,,,,,,,,,,,,,,,,
MRCY,Mercury Systems,Defence,weapons,NASDAQ,78.52,-1.54%,-6.60%,-2.77%,+3.28%,-1%,4.779,0.977,,0.69,395293,2463593,13916393,,9.57,none,,-1.54,98.46,-1.54,984.6,-15.4,9846.0,-154.0,-6.6,93.4,-6.6,934.0,-66.0,9340.0,-660.0,-2.77,97.23,-2.77,972.3,-27.7,9723.0,-277.0,3.28,103.28,3.28,1032.8,32.8,10328.0,328.0,-1.0,99.0,-1.0,990.0,-10.0,9900.0,-100.0,,,,,,,,,,,,,8,buy,0.5,"YTD +8.90%, but no P/E (negative earnings), high short interest 9.57%, and no analyst coverage; recent 1M -0.79% and 1W +0.19% show stagnation, making it a high-risk turnaround play.",YTD +8.90%; High short interest 9.57%; No P/E; Stagnant momentum,,,,,
DRS,Leonardo DRS,Defence,weapons,NYSE,35.87,+0.25%,-2.42%,-0.53%,+3.75%,-19%,9.573,0.16,30.14,0.88,1086936,4680636,21554036,101.0,1.28,none,,0.25,100.25,0.25,1002.5,2.5,10025.0,25.0,-2.42,97.58,-2.42,975.8,-24.2,9758.0,-242.0,-0.53,99.47,-0.53,994.7,-5.3,9947.0,-53.0,3.75,103.75,3.75,1037.5,37.5,10375.0,375.0,-19.0,81.0,-19.0,810.0,-190.0,8100.0,-1900.0,,,,,,,,,,,,,7,buy,0.55,"YTD +6.39%, low beta 0.16, short interest 1.28%, P/E 30.65, but no analyst coverage and low momentum (1M -0.43%); stable defence electronics exposure offers downside protection.",YTD +6.39%; Low beta 0.16; Low short interest 1.28%; Defence electronics,,,,,
XOM,ExxonMobil,Energy,oil-majors,NYSE,168.5,+2.71%,+2.86%,+2.60%,+40.14%,+45%,692.857,0.209,21.69,13.98,13285006,55849106,298042806,251.0,1.08,buy,2.4,2.71,102.71,2.71,1027.1,27.1,10271.0,271.0,2.86,102.86,2.86,1028.6,28.6,10286.0,286.0,2.6,102.6,2.6,1026.0,26.0,10260.0,260.0,40.14,140.14,40.14,1401.4,401.4,14014.0,4014.0,45.0,145.0,45.0,1450.0,450.0,14500.0,4500.0,,,,,,,,,,,,,4,strong_buy,0.8,"XOM has +36.8% YTD, P/E 21.17, dividend yield 2.5%, and Morgan Stanley sees potential to break record high, supported by strong fundamentals and low beta 0.209.",+36.8% YTD; Morgan Stanley record high view; dividend yield 2.5%; low beta 0.209,,,,,
CVX,Chevron,Energy,oil-majors,NYSE,211.55,+3.04%,+2.15%,-1.06%,+39.49%,+35%,414.977,0.523,20.36,8.25,7605613,31922413,208577613,347.0,1.06,buy,1.72,3.04,103.04,3.04,1030.4,30.4,10304.0,304.0,2.15,102.15,2.15,1021.5,21.5,10215.0,215.0,-1.06,98.94,-1.06,989.4,-10.6,9894.0,-106.0,39.49,139.49,39.49,1394.9,394.9,13949.0,3949.0,35.0,135.0,35.0,1350.0,350.0,13500.0,3500.0,,,,,,,,,,,,,5,buy,0.75,"CVX has +36.87% YTD, P/E 19.98, highest dividend yield 3.43% among majors, and best analyst score 1.72, though 1M momentum is slightly negative.",+36.87% YTD; dividend yield 3.43%; analyst score 1.72; P/E 19.98,,,,,
SHEL,Shell,Energy,oil-majors,NYSE,100.2,+3.46%,+4.80%,+4.81%,+36.46%,+32%,285.257,-0.192,11.06,6.37,9097469,36231066,143865326,323.0,1.24,buy,2.19,3.46,103.46,3.46,1034.6,34.6,10346.0,346.0,4.8,104.8,4.8,1048.0,48.0,10480.0,480.0,4.81,104.81,4.81,1048.1,48.1,10481.0,481.0,36.46,136.46,36.46,1364.6,364.6,13646.0,3646.0,32.0,132.0,32.0,1320.0,320.0,13200.0,3200.0,,,,,,,,,,,,,3,strong_buy,0.85,"SHEL has record refining margin of $42/bbl in Q3 (vs $24 Q2), P/E 10.77, dividend yield 3.2%, and +32% YTD with strong momentum and positive news from Middle East conflict.",record $42/bbl refining margin; P/E 10.77; dividend yield 3.2%; +32% YTD,,,,,
BP,BP p.l.c.,Energy,oil-majors,NYSE,46.36,+4.16%,+4.18%,+1.49%,+34.19%,+30%,119.404,-0.196,22.61,8.72,9557394,45394194,209402194,453.0,0.28,buy,2.16,4.16,104.16,4.16,1041.6,41.6,10416.0,416.0,4.18,104.18,4.18,1041.8,41.8,10418.0,418.0,1.49,101.49,1.49,1014.9,14.9,10149.0,149.0,34.19,134.19,34.19,1341.9,341.9,13419.0,3419.0,30.0,130.0,30.0,1300.0,300.0,13000.0,3000.0,,,,,,,,,,,,,6,buy,0.7,"BP has +30.29% YTD, P/E 21.96, dividend yield 4.48%, low short interest 0.28%, and positive 1W momentum +3.42%.",dividend yield 4.48%; low short interest 0.28%; +30.29% YTD; +3.42% 1W,,,,,
TTE,TotalEnergies,Energy,oil-majors,NYSE,86.02,+2.13%,+1.79%,-5.03%,+32.26%,+44%,189.886,0.092,10.77,1.67,3311339,14399139,40260439,481.0,0.22,buy,2.2,2.13,102.13,2.13,1021.3,21.3,10213.0,213.0,1.79,101.79,1.79,1017.9,17.9,10179.0,179.0,-5.03,94.97,-5.03,949.7,-50.3,9497.0,-503.0,32.26,132.26,32.26,1322.6,322.6,13226.0,3226.0,44.0,144.0,44.0,1440.0,440.0,14400.0,4400.0,,,,,,,,,,,,,,,,,,,,,,
EQNR,Equinor,Energy,oil-majors,NYSE,42.93,+3.17%,+1.80%,-5.09%,+80.75%,+73%,101.707,-0.661,11.73,3.48,4991782,20932082,88220382,375.0,2.39,hold,3.0,3.17,103.17,3.17,1031.7,31.7,10317.0,317.0,1.8,101.8,1.8,1018.0,18.0,10180.0,180.0,-5.09,94.91,-5.09,949.1,-50.9,9491.0,-509.0,80.75,180.75,80.75,1807.5,807.5,18075.0,8075.0,73.0,173.0,73.0,1730.0,730.0,17300.0,7300.0,,,,,,,,,,,,,8,buy,0.6,"EQNR has +81.09% YTD, P/E 11.56, dividend yield 3.63%, and strong 1W momentum +4.04%, but analyst hold and high short interest 2.39% temper confidence.",+81.09% YTD; P/E 11.56; dividend yield 3.63%; +4.04% 1W,,,,,
COP,ConocoPhillips,Energy,ep-refining,NYSE,134.19,+3.35%,+5.61%,-1.71%,+41.83%,+41%,161.208,0.244,17.77,6.59,6058403,27641403,149331503,259.0,1.34,buy,1.79,3.35,103.35,3.35,1033.5,33.5,10335.0,335.0,5.61,105.61,5.61,1056.1,56.1,10561.0,561.0,-1.71,98.29,-1.71,982.9,-17.1,9829.0,-171.0,41.83,141.83,41.83,1418.3,418.3,14183.0,4183.0,41.0,141.0,41.0,1410.0,410.0,14100.0,4100.0,,,,,,,,,,,,,,,,,,,,,,
OXY,Occidental Petroleum,Energy,ep-refining,NYSE,60.28,+3.81%,+4.22%,-1.21%,+44.23%,+31%,60.258,0.245,17.12,8.43,11718920,43475420,210989920,192.0,2.96,buy,2.23,3.81,103.81,3.81,1038.1,38.1,10381.0,381.0,4.22,104.22,4.22,1042.2,42.2,10422.0,422.0,-1.21,98.79,-1.21,987.9,-12.1,9879.0,-121.0,44.23,144.23,44.23,1442.3,442.3,14423.0,4423.0,31.0,131.0,31.0,1310.0,310.0,13100.0,3100.0,,,,,,,,,,,,,9,buy,0.65,"OXY has +39.57% YTD, P/E 16.57, dividend yield 1.92%, and strong 1W momentum +6.17%, though 1M is negative and short interest is 2.96%.",+39.57% YTD; +6.17% 1W; P/E 16.57; analyst buy,,,,,
EOG,EOG Resources,Energy,ep-refining,NYSE,148.51,+2.98%,+5.10%,+1.02%,+41.90%,+29%,77.898,0.371,11.56,3.04,2930386,14020886,72069086,283.0,3.3,buy,2.34,2.98,102.98,2.98,1029.8,29.8,10298.0,298.0,5.1,105.1,5.1,1051.0,51.0,10510.0,510.0,1.02,101.02,1.02,1010.2,10.2,10102.0,102.0,41.9,141.9,41.9,1419.0,419.0,14190.0,4190.0,29.0,129.0,29.0,1290.0,290.0,12900.0,2900.0,,,,,,,,,,,,,7,buy,0.7,"EOG has +37.85% YTD, P/E 11.23, dividend yield 2.83%, and strong 1W momentum +3.31% with analyst buy consensus.",+37.85% YTD; P/E 11.23; dividend yield 2.83%; +3.31% 1W,,,,,
MPC,Marathon Petroleum,Energy,ep-refining,NYSE,463.34,+4.77%,+10.28%,+16.00%,+183.83%,+136%,130.117,0.541,16.04,2.52,2749647,10534447,64991347,90.0,3.19,buy,2.37,4.77,104.77,4.77,1047.7,47.7,10477.0,477.0,10.28,110.28,10.28,1102.8,102.8,11028.0,1028.0,16.0,116.0,16.0,1160.0,160.0,11600.0,1600.0,183.83,283.83,183.83,2838.3,1838.3,28383.0,18383.0,136.0,236.0,136.0,2360.0,1360.0,23600.0,13600.0,,,,,,,,,,,,,2,buy,0.852,"MPC leads with +165% YTD, +10.29% 1W, P/E 15.01, and tight refining capacity supporting earnings, but high short interest of 3.19% signals caution.",+165% YTD; +10.29% 1W; P/E 15.01; tight refining capacity,,,,,
VLO,Valero Energy,Energy,ep-refining,NYSE,443.8,+4.65%,+8.65%,+14.10%,+172.44%,+162%,127.782,0.592,18.5,3.01,2570225,11450925,82782525,113.0,3.91,buy,2.45,4.65,104.65,4.65,1046.5,46.5,10465.0,465.0,8.65,108.65,8.65,1086.5,86.5,10865.0,865.0,14.1,114.1,14.1,1141.0,141.0,11410.0,1410.0,172.44,272.44,172.44,2724.4,1724.4,27244.0,17244.0,162.0,262.0,162.0,2620.0,1620.0,26200.0,16200.0,,,,,,,,,,,,,1,buy,0.813,"VLO has +157% YTD, P/E 17.48, and strong refining margins driven by Middle East conflict, with 48.2% 3-month return and analyst buy consensus, though some see 16% overvaluation at $419.",+157% YTD; record refining margins; 48.2% 3-month return; analyst buy,,,,,
SLB,SLB (Schlumberger),Energy,oilfield-services,NYSE,48.98,+2.13%,+0.66%,-14.15%,+23.84%,+45%,72.693,0.839,23.66,12.64,16228451,63773851,307686851,246.0,4.67,buy,1.6,2.13,102.13,2.13,1021.3,21.3,10213.0,213.0,0.66,100.66,0.66,1006.6,6.6,10066.0,66.0,-14.15,85.85,-14.15,858.5,-141.5,8585.0,-1415.0,23.84,123.84,23.84,1238.4,238.4,12384.0,2384.0,45.0,145.0,45.0,1450.0,450.0,14500.0,4500.0,,,,,,,,,,,,,,,,,,,,,,
HAL,Halliburton,Energy,oilfield-services,NYSE,32.57,+2.58%,+2.16%,-12.28%,+11.55%,+36%,27.135,0.839,17.14,11.0,11258156,46437656,228137656,214.0,5.67,buy,1.75,2.58,102.58,2.58,1025.8,25.8,10258.0,258.0,2.16,102.16,2.16,1021.6,21.6,10216.0,216.0,-12.28,87.72,-12.28,877.2,-122.8,8772.0,-1228.0,11.55,111.55,11.55,1115.5,115.5,11155.0,1155.0,36.0,136.0,36.0,1360.0,360.0,13600.0,3600.0,,,,,,,,,,,,,,,,,,,,,,
BKR,Baker Hughes,Energy,oilfield-services,NASDAQ,56.3,+1.61%,+1.22%,-11.53%,+20.73%,+16%,55.888,1.035,18.1,7.8,5804083,26705483,180201983,166.0,2.83,buy,1.68,1.61,101.61,1.61,1016.1,16.1,10161.0,161.0,1.22,101.22,1.22,1012.2,12.2,10122.0,122.0,-11.53,88.47,-11.53,884.7,-115.3,8847.0,-1153.0,20.73,120.73,20.73,1207.3,207.3,12073.0,2073.0,16.0,116.0,16.0,1160.0,160.0,11600.0,1600.0,,,,,,,,,,,,,,,,,,,,,,
NEE,NextEra Energy,Energy,utilities,NYSE,77.37,+0.35%,+1.34%,-6.39%,-2.31%,-8%,161.392,0.639,17.39,11.27,11780955,66706855,284847555,323.0,2.71,buy,1.9,0.35,100.35,0.35,1003.5,3.5,10035.0,35.0,1.34,101.34,1.34,1013.4,13.4,10134.0,134.0,-6.39,93.61,-6.39,936.1,-63.9,9361.0,-639.0,-2.31,97.69,-2.31,976.9,-23.1,9769.0,-231.0,-8.0,92.0,-8.0,920.0,-80.0,9200.0,-800.0,,,,,,,,,,,,,,,,,,,,,,
SSE.L,SSE plc,Energy,utilities,LSE,32.24,-0.89%,-1.46%,+1.80%,+9.25%,+35%,0.392,0.56,23.21,2.65,108502,9431671,57215592,279.0,,buy,1.94,-0.89,99.11,-0.89,991.1,-8.9,9911.0,-89.0,-1.46,98.54,-1.46,985.4,-14.6,9854.0,-146.0,1.8,101.8,1.8,1018.0,18.0,10180.0,180.0,9.25,109.25,9.25,1092.5,92.5,10925.0,925.0,35.0,135.0,35.0,1350.0,350.0,13500.0,3500.0,,,,,,,,,,,,,10,buy,0.5,"SSE.L has +10.82% YTD, P/E 23.54, dividend yield 2.78%, and positive 1M momentum +2.91% with analyst buy, offering stable utility exposure.",+10.82% YTD; dividend yield 2.78%; +2.91% 1M; analyst buy,,,,,
ENPH,Enphase Energy,Energy,clean-energy,NASDAQ,32.91,-1.76%,+0.27%,-10.38%,-2.49%,-9%,4.349,1.633,32.91,4.4,5068595,20958995,103403095,,21.74,buy,2.31,-1.76,98.24,-1.76,982.4,-17.6,9824.0,-176.0,0.27,100.27,0.27,1002.7,2.7,10027.0,27.0,-10.38,89.62,-10.38,896.2,-103.8,8962.0,-1038.0,-2.49,97.51,-2.49,975.1,-24.9,9751.0,-249.0,-9.0,91.0,-9.0,910.0,-90.0,9100.0,-900.0,,,,,,,,,,,,,,,,,,,,,,
FSLR,First Solar,Energy,clean-energy,NASDAQ,178.85,-0.71%,+3.92%,-11.94%,-34.81%,-23%,19.222,1.794,11.03,2.26,2067793,9347993,53033393,,12.8,buy,1.86,-0.71,99.29,-0.71,992.9,-7.1,9929.0,-71.0,3.92,103.92,3.92,1039.2,39.2,10392.0,392.0,-11.94,88.06,-11.94,880.6,-119.4,8806.0,-1194.0,-34.81,65.19,-34.81,651.9,-348.1,6519.0,-3481.0,-23.0,77.0,-23.0,770.0,-230.0,7700.0,-2300.0,,,,,,,,,,,,,,,,,,,,,,
BEPC,Brookfield Renewable Corp,Energy,clean-energy,NYSE,29.38,-0.44%,+3.12%,-7.00%,-24.03%,-23%,5.454,1.148,,1.82,1801389,10323889,42428189,531.0,,hold,2.86,-0.44,99.56,-0.44,995.6,-4.4,9956.0,-44.0,3.12,103.12,3.12,1031.2,31.2,10312.0,312.0,-7.0,93.0,-7.0,930.0,-70.0,9300.0,-700.0,-24.03,75.97,-24.03,759.7,-240.3,7597.0,-2403.0,-23.0,77.0,-23.0,770.0,-230.0,7700.0,-2300.0,,,,,,,,,,,,,,,,,,,,,,
DNNGY,Ørsted,Energy,clean-energy,NASDAQ,6.45,-0.62%,-4.16%,-8.77%,-3.23%,-73%,25.563,0.576,,0.12,12418,621218,3277418,,,strong_buy,1.0,-0.62,99.38,-0.62,993.8,-6.2,9938.0,-62.0,-4.16,95.84,-4.16,958.4,-41.6,9584.0,-416.0,-8.77,91.23,-8.77,912.3,-87.7,9123.0,-877.0,-3.23,96.77,-3.23,967.7,-32.3,9677.0,-323.0,-73.0,27.0,-73.0,270.0,-730.0,2700.0,-7300.0,,,,,,,,,,,,,,,,,,,,,,
AAPL,Apple,MegaCap,big-tech,NASDAQ,340,+1.11%,+3.06%,+7.95%,+25.95%,+33%,4968.151,1.069,39.04,45.41,34459898,166736298,903090898,32.0,0.88,buy,2.2,1.11,101.11,1.11,1011.1,11.1,10111.0,111.0,3.06,103.06,3.06,1030.6,30.6,10306.0,306.0,7.95,107.95,7.95,1079.5,79.5,10795.0,795.0,25.95,125.95,25.95,1259.5,259.5,12595.0,2595.0,33.0,133.0,33.0,1330.0,330.0,13300.0,3300.0,,,,,,,,,,,,,8,buy,0.7,"YTD +23.44%, 1M +5.51%, P/E 38.26, buy consensus, with steady mega-cap performance and low short interest (0.88%); lacks immediate catalyst but remains a core AI/consumer device beneficiary.",+23.44% YTD; Low short interest 0.88%; Stable mega-cap anchor; P/E 38.26 above sector,,,,,
MSFT,Microsoft,MegaCap,big-tech,NASDAQ,523,-1.35%,+1.91%,+6.30%,+11.20%,+1%,3880.664,1.099,29.11,27.86,19593392,101918192,472210692,74.0,0.91,strong_buy,1.29,-1.35,98.65,-1.35,986.5,-13.5,9865.0,-135.0,1.91,101.91,1.91,1019.1,19.1,10191.0,191.0,6.3,106.3,6.3,1063.0,63.0,10630.0,630.0,11.2,111.2,11.2,1112.0,112.0,11120.0,1120.0,1.0,101.0,1.0,1010.0,10.0,10100.0,100.0,,,,,,,,,,,,,4,strong_buy,0.86,"YTD +12.63%, 1M +7.16%, P/E 29.49, strong_buy consensus with best-in-class analyst score (1.29), benefiting from cloud AI and custom chip investments across hyperscalers.",P/E 29.49 below mega-cap peers; strong_buy rating (1.29 an_score); +7.16% 1-month gain; Azure/AI infrastructure tailwind,,,,,
NVDA,NVIDIA,MegaCap,big-tech,NASDAQ,230,-2.94%,-0.16%,+3.16%,+22.33%,+23%,5565.4,2.216,29.14,121.53,117720595,563534195,2369367495,42.0,1.27,strong_buy,1.3,-2.94,97.06,-2.94,970.6,-29.4,9706.0,-294.0,-0.16,99.84,-0.16,998.4,-1.6,9984.0,-16.0,3.16,103.16,3.16,1031.6,31.6,10316.0,316.0,22.33,122.33,22.33,1223.3,223.3,12233.0,2233.0,23.0,123.0,23.0,1230.0,230.0,12300.0,2300.0,,,,,,,,,,,,,2,strong_buy,0.9,"YTD +26.98%, P/E 30.25, strong_buy consensus, with SpaceX's $40B Nvidia chip deal and additional GPU demand from agents like Muse estimated to generate $7B–$19B in hardware revenue [tipranks.com](https://www.tipranks.com/news/nvidia-and-amd-stocks-what-drove-the-rally-and-which-stock-has-more-upside).",+26.98% YTD; P/E 30.25 attractive; strong_buy rating; Agent-driven GPU demand catalyst,,,,,
GOOGL,Alphabet,MegaCap,big-tech,NASDAQ,348,-0.63%,+2.97%,+5.33%,+10.73%,+45%,4259.564,1.211,17.48,27.0,23392850,112422750,589979750,25.0,1.49,strong_buy,1.37,-0.63,99.37,-0.63,993.7,-6.3,9937.0,-63.0,2.97,102.97,2.97,1029.7,29.7,10297.0,297.0,5.33,105.33,5.33,1053.3,53.3,10533.0,533.0,10.73,110.73,10.73,1107.3,107.3,11073.0,1073.0,45.0,145.0,45.0,1450.0,450.0,14500.0,4500.0,,,,,,,,,,,,,,,,,,,,,,
META,Meta Platforms,MegaCap,big-tech,NASDAQ,721,-0.06%,-0.69%,+10.37%,+11.12%,-2%,1836.472,1.185,27.16,19.23,15887049,69861149,495338649,29.0,1.41,strong_buy,1.41,-0.06,99.94,-0.06,999.4,-0.6,9994.0,-6.0,-0.69,99.31,-0.69,993.1,-6.9,9931.0,-69.0,10.37,110.37,10.37,1103.7,103.7,11037.0,1037.0,11.12,111.12,11.12,1111.2,111.2,11112.0,1112.0,-2.0,98.0,-2.0,980.0,-20.0,9800.0,-200.0,,,,,,,,,,,,,3,strong_buy,0.88,"1M +20.54%, YTD +13.89%, P/E 27.96, strong_buy consensus, with the Muse AI agent topping the App Store and driving $7B–$19B in potential Nvidia revenue, highlighting Meta's AI monetization [tipranks.com](https://www.tipranks.com/news/amd-nvidia-or-meta-which-ai-stock-is-citis-top-pick-no-1-analyst-weighs-in).",+20.54% 1-month momentum; P/E 27.96 reasonable; Muse AI agent catalyst; strong_buy analyst rating,,,,,
AMZN,Amazon,MegaCap,big-tech,NASDAQ,254,-2.25%,+2.35%,+0.66%,+12.17%,+14%,2740.371,1.456,20.44,39.18,37077426,180131326,790185226,,0.83,strong_buy,1.33,-2.25,97.75,-2.25,977.5,-22.5,9775.0,-225.0,2.35,102.35,2.35,1023.5,23.5,10235.0,235.0,0.66,100.66,0.66,1006.6,6.6,10066.0,66.0,12.17,112.17,12.17,1121.7,121.7,11217.0,1217.0,14.0,114.0,14.0,1140.0,140.0,11400.0,1400.0,,,,,,,,,,,,,,,,,,,,,,
TSLA,Tesla,MegaCap,big-tech,NASDAQ,375,-0.74%,+5.90%,+1.95%,-14.40%,-13%,1481.08,1.916,347.22,37.67,28215427,179108227,770090527,,1.95,buy,2.36,-0.74,99.26,-0.74,992.6,-7.4,9926.0,-74.0,5.9,105.9,5.9,1059.0,59.0,10590.0,590.0,1.95,101.95,1.95,1019.5,19.5,10195.0,195.0,-14.4,85.6,-14.4,856.0,-144.0,8560.0,-1440.0,-13.0,87.0,-13.0,870.0,-130.0,8700.0,-1300.0,,,,,,,,,,,,,,,,,,,,,,
NFLX,Netflix,MegaCap,big-tech,NASDAQ,72,+2.68%,+5.48%,-5.87%,-21.34%,-43%,298.013,1.613,22.51,36.99,45805108,186746008,790215708,,2.28,buy,1.8,2.68,102.68,2.68,1026.8,26.8,10268.0,268.0,5.48,105.48,5.48,1054.8,54.8,10548.0,548.0,-5.87,94.13,-5.87,941.3,-58.7,9413.0,-587.0,-21.34,78.66,-21.34,786.6,-213.4,7866.0,-2134.0,-43.0,57.0,-43.0,570.0,-430.0,5700.0,-4300.0,,,,,,,,,,,,,,,,,,,,,,
JPM,JPMorgan Chase,MegaCap,financials,NYSE,331,+0.52%,-0.03%,-6.10%,+3.79%,+8%,880.976,1.015,14.2,7.42,7721661,33015761,183980361,200.0,0.91,buy,2.12,0.52,100.52,0.52,1005.2,5.2,10052.0,52.0,-0.03,99.97,-0.03,999.7,-0.3,9997.0,-3.0,-6.1,93.9,-6.1,939.0,-61.0,9390.0,-610.0,3.79,103.79,3.79,1037.9,37.9,10379.0,379.0,8.0,108.0,8.0,1080.0,80.0,10800.0,800.0,,,,,,,,,,,,,,,,,,,,,,
BAC,Bank of America,MegaCap,financials,NYSE,54,+0.10%,-0.22%,-14.46%,-2.65%,+7%,374.881,1.214,12.38,33.38,59752470,186120070,874959570,239.0,1.19,buy,1.56,0.1,100.1,0.1,1001.0,1.0,10010.0,10.0,-0.22,99.78,-0.22,997.8,-2.2,9978.0,-22.0,-14.46,85.54,-14.46,855.4,-144.6,8554.0,-1446.0,-2.65,97.35,-2.65,973.5,-26.5,9735.0,-265.0,7.0,107.0,7.0,1070.0,70.0,10700.0,700.0,,,,,,,,,,,,,,,,,,,,,,
BRK-B,Berkshire Hathaway B,MegaCap,financials,NYSE,511,+0.91%,+2.11%,+0.85%,+2.86%,+2%,1094.01,0.595,12.85,4.3,4579400,19083800,100659700,,1.0,buy,2.0,0.91,100.91,0.91,1009.1,9.1,10091.0,91.0,2.11,102.11,2.11,1021.1,21.1,10211.0,211.0,0.85,100.85,0.85,1008.5,8.5,10085.0,85.0,2.86,102.86,2.86,1028.6,28.6,10286.0,286.0,2.0,102.0,2.0,1020.0,20.0,10200.0,200.0,,,,,,,,,,,,,,,,,,,,,,
V,Visa,MegaCap,financials,NYSE,375,+0.81%,+4.24%,+2.10%,+8.91%,+7%,704.196,0.771,31.92,6.52,6405857,22921457,131938057,72.0,1.09,strong_buy,1.45,0.81,100.81,0.81,1008.1,8.1,10081.0,81.0,4.24,104.24,4.24,1042.4,42.4,10424.0,424.0,2.1,102.1,2.1,1021.0,21.0,10210.0,210.0,8.91,108.91,8.91,1089.1,89.1,10891.0,891.0,7.0,107.0,7.0,1070.0,70.0,10700.0,700.0,,,,,,,,,,,,,,,,,,,,,,
MA,Mastercard,MegaCap,financials,NYSE,575,+0.75%,+4.50%,+1.28%,+2.57%,+1%,503.495,0.76,31.61,2.83,3390859,12398259,60534659,61.0,0.83,strong_buy,1.43,0.75,100.75,0.75,1007.5,7.5,10075.0,75.0,4.5,104.5,4.5,1045.0,45.0,10450.0,450.0,1.28,101.28,1.28,1012.8,12.8,10128.0,128.0,2.57,102.57,2.57,1025.7,25.7,10257.0,257.0,1.0,101.0,1.0,1010.0,10.0,10100.0,100.0,,,,,,,,,,,,,,,,,,,,,,
GS,Goldman Sachs,MegaCap,financials,NYSE,883,-0.52%,-1.57%,-14.21%,-2.06%,+14%,256.985,1.284,13.63,2.01,1748426,9690626,48229526,225.0,2.39,hold,2.54,-0.52,99.48,-0.52,994.8,-5.2,9948.0,-52.0,-1.57,98.43,-1.57,984.3,-15.7,9843.0,-157.0,-14.21,85.79,-14.21,857.9,-142.1,8579.0,-1421.0,-2.06,97.94,-2.06,979.4,-20.6,9794.0,-206.0,14.0,114.0,14.0,1140.0,140.0,11400.0,1400.0,,,,,,,,,,,,,,,,,,,,,,
BLK,BlackRock,MegaCap,financials,NYSE,1065,-0.40%,+0.09%,+0.00%,-0.20%,-8%,173.094,1.421,25.5,0.63,435463,2536463,11519563,214.0,1.34,strong_buy,1.44,-0.4,99.6,-0.4,996.0,-4.0,9960.0,-40.0,0.09,100.09,0.09,1000.9,0.9,10009.0,9.0,0.0,100.0,0.0,1000.0,0.0,10000.0,0.0,-0.2,99.8,-0.2,998.0,-2.0,9980.0,-20.0,-8.0,92.0,-8.0,920.0,-80.0,9200.0,-800.0,,,,,,,,,,,,,,,,,,,,,,
LLY,Eli Lilly,MegaCap,healthcare,NYSE,1170,-1.71%,+1.72%,+4.04%,+8.78%,+39%,1042.981,0.453,39.26,2.47,3077986,11541386,49982586,58.0,0.84,buy,1.63,-1.71,98.29,-1.71,982.9,-17.1,9829.0,-171.0,1.72,101.72,1.72,1017.2,17.2,10172.0,172.0,4.04,104.04,4.04,1040.4,40.4,10404.0,404.0,8.78,108.78,8.78,1087.8,87.8,10878.0,878.0,39.0,139.0,39.0,1390.0,390.0,13900.0,3900.0,,,,,,,,,,,,,,,,,,,,,,
UNH,UnitedHealth Group,MegaCap,healthcare,NYSE,371,-1.25%,+1.57%,-5.04%,+12.45%,+2%,332.963,0.615,23.86,4.91,7273749,27070049,112829649,247.0,1.64,buy,1.58,-1.25,98.75,-1.25,987.5,-12.5,9875.0,-125.0,1.57,101.57,1.57,1015.7,15.7,10157.0,157.0,-5.04,94.96,-5.04,949.6,-50.4,9496.0,-504.0,12.45,112.45,12.45,1124.5,124.5,11245.0,1245.0,2.0,102.0,2.0,1020.0,20.0,10200.0,200.0,,,,,,,,,,,,,,,,,,,,,,
JNJ,Johnson & Johnson,MegaCap,healthcare,NYSE,256,-0.51%,-0.84%,-3.97%,+25.68%,+35%,618.091,0.206,29.72,7.02,6050983,38081383,146386583,207.0,0.98,buy,1.91,-0.51,99.49,-0.51,994.9,-5.1,9949.0,-51.0,-0.84,99.16,-0.84,991.6,-8.4,9916.0,-84.0,-3.97,96.03,-3.97,960.3,-39.7,9603.0,-397.0,25.68,125.68,25.68,1256.8,256.8,12568.0,2568.0,35.0,135.0,35.0,1350.0,350.0,13500.0,3500.0,,,,,,,,,,,,,,,,,,,,,,
ABBV,AbbVie,MegaCap,healthcare,NYSE,272,+0.39%,+4.81%,+8.57%,+21.61%,+18%,481.398,0.228,76.95,4.84,4301279,28282379,97652579,255.0,1.23,buy,1.7,0.39,100.39,0.39,1003.9,3.9,10039.0,39.0,4.81,104.81,4.81,1048.1,48.1,10481.0,481.0,8.57,108.57,8.57,1085.7,85.7,10857.0,857.0,21.61,121.61,21.61,1216.1,216.1,12161.0,2161.0,18.0,118.0,18.0,1180.0,180.0,11800.0,1800.0,,,,,,,,,,,,,7,buy,0.72,"YTD +19.05%, 1M +7.20%, P/E 75.34 but supported by high dividend yield (259bps) and low beta (0.228); analyst consensus buy, with resilient pharma earnings and GLP-1 pipeline optionality.",+19.05% YTD; +7.20% 1-month momentum; High dividend yield 2.59%; Low beta defensive profile,,,,,
MRK,Merck,MegaCap,healthcare,NYSE,142,-0.29%,-0.99%,-2.92%,+36.51%,+63%,351.276,0.222,113.0,9.77,8270579,41832079,213199279,238.0,1.4,buy,1.78,-0.29,99.71,-0.29,997.1,-2.9,9971.0,-29.0,-0.99,99.01,-0.99,990.1,-9.9,9901.0,-99.0,-2.92,97.08,-2.92,970.8,-29.2,9708.0,-292.0,36.51,136.51,36.51,1365.1,365.1,13651.0,3651.0,63.0,163.0,63.0,1630.0,630.0,16300.0,6300.0,,,,,,,,,,,,,,,,,,,,,,
TMO,Thermo Fisher Scientific,MegaCap,healthcare,NYSE,652,-1.52%,-0.08%,+7.73%,+10.34%,+24%,241.068,0.877,35.09,2.07,2579776,10945376,51597076,28.0,1.36,strong_buy,1.48,-1.52,98.48,-1.52,984.8,-15.2,9848.0,-152.0,-0.08,99.92,-0.08,999.2,-0.8,9992.0,-8.0,7.73,107.73,7.73,1077.3,77.3,10773.0,773.0,10.34,110.34,10.34,1103.4,103.4,11034.0,1034.0,24.0,124.0,24.0,1240.0,240.0,12400.0,2400.0,,,,,,,,,,,,,10,buy,0.6,"YTD +11.12%, 1M +8.97%, P/E 36.42, analyst buy, with momentum from life sciences tools demand; recent 1W pullback (-3.39%) offers entry while fundamentals remain solid.",+8.97% 1-month momentum; Buy analyst consensus; P/E 36.42 moderate; Life sciences secular growth,,,,,
ABT,Abbott Laboratories,MegaCap,healthcare,NYSE,98,-0.24%,+1.86%,-6.41%,-19.22%,-26%,170.425,0.583,31.77,9.56,11941754,52604854,202125854,255.0,1.29,strong_buy,1.46,-0.24,99.76,-0.24,997.6,-2.4,9976.0,-24.0,1.86,101.86,1.86,1018.6,18.6,10186.0,186.0,-6.41,93.59,-6.41,935.9,-64.1,9359.0,-641.0,-19.22,80.78,-19.22,807.8,-192.2,8078.0,-1922.0,-26.0,74.0,-26.0,740.0,-260.0,7400.0,-2600.0,,,,,,,,,,,,,,,,,,,,,,
PG,Procter & Gamble,MegaCap,consumer,NYSE,151,+1.87%,+4.61%,+5.57%,+8.57%,-2%,349.771,0.377,22.75,8.51,10055825,45349925,184889725,295.0,1.04,buy,2.12,1.87,101.87,1.87,1018.7,18.7,10187.0,187.0,4.61,104.61,4.61,1046.1,46.1,10461.0,461.0,5.57,105.57,5.57,1055.7,55.7,10557.0,557.0,8.57,108.57,8.57,1085.7,85.7,10857.0,857.0,-2.0,98.0,-2.0,980.0,-20.0,9800.0,-200.0,,,,,,,,,,,,,,,,,,,,,,
KO,Coca-Cola,MegaCap,consumer,NYSE,88,+2.18%,+1.94%,+0.85%,+29.45%,+29%,377.635,0.318,26.36,15.85,14894568,85479268,345160068,247.0,0.95,buy,1.75,2.18,102.18,2.18,1021.8,21.8,10218.0,218.0,1.94,101.94,1.94,1019.4,19.4,10194.0,194.0,0.85,100.85,0.85,1008.5,8.5,10085.0,85.0,29.45,129.45,29.45,1294.5,294.5,12945.0,2945.0,29.0,129.0,29.0,1290.0,290.0,12900.0,2900.0,,,,,,,,,,,,,,,,,,,,,,
PEP,PepsiCo,MegaCap,consumer,NASDAQ,128,+3.73%,+2.18%,-6.11%,-7.02%,-14%,175.312,0.364,16.82,8.23,23968864,62245464,224288564,478.0,2.11,hold,2.75,3.73,103.73,3.73,1037.3,37.3,10373.0,373.0,2.18,102.18,2.18,1021.8,21.8,10218.0,218.0,-6.11,93.89,-6.11,938.9,-61.1,9389.0,-611.0,-7.02,92.98,-7.02,929.8,-70.2,9298.0,-702.0,-14.0,86.0,-14.0,860.0,-140.0,8600.0,-1400.0,,,,,,,,,,,,,,,,,,,,,,
MCD,McDonald's,MegaCap,consumer,NYSE,237,+2.61%,+2.19%,-6.54%,-20.35%,-21%,167.64,0.447,19.24,4.99,11320306,33642306,141112606,334.0,1.92,buy,2.06,2.61,102.61,2.61,1026.1,26.1,10261.0,261.0,2.19,102.19,2.19,1021.9,21.9,10219.0,219.0,-6.54,93.46,-6.54,934.6,-65.4,9346.0,-654.0,-20.35,79.65,-20.35,796.5,-203.5,7965.0,-2035.0,-21.0,79.0,-21.0,790.0,-210.0,7900.0,-2100.0,,,,,,,,,,,,,,,,,,,,,,
NKE,Nike,MegaCap,consumer,NYSE,35,+1.28%,-1.17%,-6.99%,-43.65%,-50%,51.6,1.099,16.7,30.97,43506062,343570462,1028788962,477.0,8.98,hold,2.81,1.28,101.28,1.28,1012.8,12.8,10128.0,128.0,-1.17,98.83,-1.17,988.3,-11.7,9883.0,-117.0,-6.99,93.01,-6.99,930.1,-69.9,9301.0,-699.0,-43.65,56.35,-43.65,563.5,-436.5,5635.0,-4365.0,-50.0,50.0,-50.0,500.0,-500.0,5000.0,-5000.0,,,,,,,,,,,,,,,,,,,,,,
WMT,Walmart,MegaCap,consumer,NYSE,111,+2.22%,+6.04%,+4.47%,-1.33%,+6%,879.845,0.578,40.06,23.63,23616578,104274878,484479878,92.0,1.83,buy,1.53,2.22,102.22,2.22,1022.2,22.2,10222.0,222.0,6.04,106.04,6.04,1060.4,60.4,10604.0,604.0,4.47,104.47,4.47,1044.7,44.7,10447.0,447.0,-1.33,98.67,-1.33,986.7,-13.3,9867.0,-133.0,6.0,106.0,6.0,1060.0,60.0,10600.0,600.0,,,,,,,,,,,,,,,,,,,,,,
COST,Costco,MegaCap,consumer,NASDAQ,948,+0.60%,+3.60%,+5.02%,+11.42%,+0%,420.051,0.87,45.66,2.11,2087565,9735065,51446365,62.0,1.66,buy,1.95,0.6,100.6,0.6,1006.0,6.0,10060.0,60.0,3.6,103.6,3.6,1036.0,36.0,10360.0,360.0,5.02,105.02,5.02,1050.2,50.2,10502.0,502.0,11.42,111.42,11.42,1114.2,114.2,11142.0,1142.0,0.0,100.0,0.0,1000.0,0.0,10000.0,0.0,,,,,,,,,,,,,,,,,,,,,,
XOM,ExxonMobil,MegaCap,energy-industrial,NYSE,168,+2.71%,+2.86%,+2.60%,+40.14%,+45%,692.857,0.209,21.69,13.98,13285006,55849106,298042806,251.0,1.08,buy,2.4,2.71,102.71,2.71,1027.1,27.1,10271.0,271.0,2.86,102.86,2.86,1028.6,28.6,10286.0,286.0,2.6,102.6,2.6,1026.0,26.0,10260.0,260.0,40.14,140.14,40.14,1401.4,401.4,14014.0,4014.0,45.0,145.0,45.0,1450.0,450.0,14500.0,4500.0,,,,,,,,,,,,,,,,,,,,,,
CVX,Chevron,MegaCap,energy-industrial,NYSE,212,+3.04%,+2.15%,-1.06%,+39.49%,+35%,414.977,0.523,20.36,8.25,7605613,31922413,208577613,347.0,1.06,buy,1.72,3.04,103.04,3.04,1030.4,30.4,10304.0,304.0,2.15,102.15,2.15,1021.5,21.5,10215.0,215.0,-1.06,98.94,-1.06,989.4,-10.6,9894.0,-106.0,39.49,139.49,39.49,1394.9,394.9,13949.0,3949.0,35.0,135.0,35.0,1350.0,350.0,13500.0,3500.0,,,,,,,,,,,,,,,,,,,,,,
CAT,Caterpillar,MegaCap,energy-industrial,NYSE,796,-2.38%,-3.65%,-2.38%,+33.86%,+63%,365.984,1.58,34.27,2.65,2738374,12733274,52316374,80.0,2.03,buy,2.07,-2.38,97.62,-2.38,976.2,-23.8,9762.0,-238.0,-3.65,96.35,-3.65,963.5,-36.5,9635.0,-365.0,-2.38,97.62,-2.38,976.2,-23.8,9762.0,-238.0,33.86,133.86,33.86,1338.6,338.6,13386.0,3386.0,63.0,163.0,63.0,1630.0,630.0,16300.0,6300.0,,,,,,,,,,,,,,,,,,,,,,
HON,Honeywell,MegaCap,energy-industrial,NASDAQ,207,-0.73%,-3.37%,+0.81%,+1.93%,+3%,65.48,0.888,7.63,3.03,2047782,10827082,63419482,135.0,2.34,buy,2.0,-0.73,99.27,-0.73,992.7,-7.3,9927.0,-73.0,-3.37,96.63,-3.37,966.3,-33.7,9663.0,-337.0,0.81,100.81,0.81,1008.1,8.1,10081.0,81.0,1.93,101.93,1.93,1019.3,19.3,10193.0,193.0,3.0,103.0,3.0,1030.0,30.0,10300.0,300.0,,,,,,,,,,,,,,,,,,,,,,
GE,GE Aerospace,MegaCap,energy-industrial,NYSE,306,+0.66%,-2.02%,-5.94%,-4.31%,+1%,317.1,1.374,36.04,3.94,6320106,23323906,102138406,62.0,1.52,buy,1.55,0.66,100.66,0.66,1006.6,6.6,10066.0,66.0,-2.02,97.98,-2.02,979.8,-20.2,9798.0,-202.0,-5.94,94.06,-5.94,940.6,-59.4,9406.0,-594.0,-4.31,95.69,-4.31,956.9,-43.1,9569.0,-431.0,1.0,101.0,1.0,1010.0,10.0,10100.0,100.0,,,,,,,,,,,,,,,,,,,,,,
RTX,RTX Corp,MegaCap,energy-industrial,NYSE,184,+2.29%,-0.37%,-6.70%,-0.50%,+11%,248.419,0.308,32.45,4.4,4380368,20043968,88598168,162.0,1.01,buy,1.83,2.29,102.29,2.29,1022.9,22.9,10229.0,229.0,-0.37,99.63,-0.37,996.3,-3.7,9963.0,-37.0,-6.7,93.3,-6.7,933.0,-67.0,9330.0,-670.0,-0.5,99.5,-0.5,995.0,-5.0,9950.0,-50.0,11.0,111.0,11.0,1110.0,110.0,11100.0,1100.0,,,,,,,,,,,,,,,,,,,,,,
BA,Boeing,MegaCap,energy-industrial,NYSE,188,-0.32%,-2.36%,-9.04%,-17.57%,-13%,148.392,1.257,67.05,6.53,11334070,44565570,192122870,,1.8,strong_buy,1.5,-0.32,99.68,-0.32,996.8,-3.2,9968.0,-32.0,-2.36,97.64,-2.36,976.4,-23.6,9764.0,-236.0,-9.04,90.96,-9.04,909.6,-90.4,9096.0,-904.0,-17.57,82.43,-17.57,824.3,-175.7,8243.0,-1757.0,-13.0,87.0,-13.0,870.0,-130.0,8700.0,-1300.0,,,,,,,,,,,,,,,,,,,,,,
AMD,Advanced Micro Devices,MegaCap,tech-semis,NASDAQ,621,-3.90%,+0.80%,+19.11%,+177.75%,+177%,1013.245,2.454,158.34,23.27,23369562,99759362,486125162,,2.46,strong_buy,1.49,-3.9,96.1,-3.9,961.0,-39.0,9610.0,-390.0,0.8,100.8,0.8,1008.0,8.0,10080.0,80.0,19.11,119.11,19.11,1191.1,191.1,11911.0,1911.0,177.75,277.75,177.75,2777.5,1777.5,27775.0,17775.0,177.0,277.0,177.0,2770.0,1770.0,27700.0,17700.0,,,,,,,,,,,,,1,strong_buy,0.985,"YTD +190.61%, 1M +28.41%, P/E 165.67, strong_buy consensus, with AI agent demand from Meta Muse driving CPU sales and a 39% price target raise to $800 by top analyst Atif Malik at Citi [cnbc.com](https://www.cnbc.com/2026/10/06/meta-muse-gives-amd-a-boost-as-ai-momentum-shifts-to-personal-agents-.html).",+190.61% YTD momentum; +28.41% 1-month gain; strong_buy analyst rating; AI agent capex tailwind,,,,,
QCOM,Qualcomm,MegaCap,tech-semis,NASDAQ,176,-0.63%,-3.34%,-0.22%,+3.34%,+7%,187.95,1.651,20.37,12.29,9535042,48097942,305856642,208.0,4.01,hold,2.57,-0.63,99.37,-0.63,993.7,-6.3,9937.0,-63.0,-3.34,96.66,-3.34,966.6,-33.4,9666.0,-334.0,-0.22,99.78,-0.22,997.8,-2.2,9978.0,-22.0,3.34,103.34,3.34,1033.4,33.4,10334.0,334.0,7.0,107.0,7.0,1070.0,70.0,10700.0,700.0,,,,,,,,,,,,,,,,,,,,,,
AVGO,Broadcom,MegaCap,tech-semis,NASDAQ,360,-4.35%,+4.80%,-0.98%,+4.17%,+9%,1719.175,1.476,45.99,22.36,26743628,121745228,534539328,69.0,1.11,strong_buy,1.26,-4.35,95.65,-4.35,956.5,-43.5,9565.0,-435.0,4.8,104.8,4.8,1048.0,48.0,10480.0,480.0,-0.98,99.02,-0.98,990.2,-9.8,9902.0,-98.0,4.17,104.17,4.17,1041.7,41.7,10417.0,417.0,9.0,109.0,9.0,1090.0,90.0,10900.0,900.0,,,,,,,,,,,,,,,,,,,,,,
TSM,Taiwan Semiconductor,MegaCap,tech-semis,NYSE,458,-3.38%,-0.26%,+5.48%,+44.42%,+57%,2375.353,1.239,33.28,11.31,13244224,49742424,217690124,80.0,0.57,strong_buy,1.38,-3.38,96.62,-3.38,966.2,-33.8,9662.0,-338.0,-0.26,99.74,-0.26,997.4,-2.6,9974.0,-26.0,5.48,105.48,5.48,1054.8,54.8,10548.0,548.0,44.42,144.42,44.42,1444.2,444.2,14442.0,4442.0,57.0,157.0,57.0,1570.0,570.0,15700.0,5700.0,,,,,,,,,,,,,5,strong_buy,0.84,"YTD +52.09%, P/E 35.05, strong_buy consensus, with low short interest (0.57%) and a dominant position in advanced nodes; Terafab risk appears limited as Musk clarified TSMC's role is subleasing only [invezz.com](https://invezz.com/news/2026/10/07/intel-gains-before-opening-bell-how-musks-comments-became-a-catalyst/).",+52.09% YTD; P/E 35.05 reasonable; strong_buy rating; Low short interest 0.57%,,,,,
ASML,ASML Holding,MegaCap,tech-semis,NASDAQ,1770,-1.95%,-2.14%,+2.33%,+52.80%,+84%,679.776,1.302,57.44,1.48,1929399,7533099,30809899,50.0,0.38,strong_buy,1.43,-1.95,98.05,-1.95,980.5,-19.5,9805.0,-195.0,-2.14,97.86,-2.14,978.6,-21.4,9786.0,-214.0,2.33,102.33,2.33,1023.3,23.3,10233.0,233.0,52.8,152.8,52.8,1528.0,528.0,15280.0,5280.0,84.0,184.0,84.0,1840.0,840.0,18400.0,8400.0,,,,,,,,,,,,,,,,,,,,,,
ARM,Arm Holdings,MegaCap,tech-semis,NASDAQ,275,-6.48%,-5.83%,+4.19%,+139.95%,+72%,294.009,3.789,283.8,5.21,6148400,21771400,125701500,,10.69,buy,1.93,-6.48,93.52,-6.48,935.2,-64.8,9352.0,-648.0,-5.83,94.17,-5.83,941.7,-58.3,9417.0,-583.0,4.19,104.19,4.19,1041.9,41.9,10419.0,419.0,139.95,239.95,139.95,2399.5,1399.5,23995.0,13995.0,72.0,172.0,72.0,1720.0,720.0,17200.0,7200.0,,,,,,,,,,,,,6,buy,0.846,"YTD +163.71%, 1M +15.69%, but P/E 311.92 and high short interest (10.69%); analyst rating buy, driven by custom CPU designs for AI agents and Meta as debut Arm CPU customer [cnbc.com](https://www.cnbc.com/2026/10/06/meta-muse-gives-amd-a-boost-as-ai-momentum-shifts-to-personal-agents-.html).",+163.71% YTD momentum; +15.69% 1-month gain; Agent CPU market growth; High valuation risk,,,,,
INTC,Intel,MegaCap,tech-semis,NASDAQ,107,-5.34%,-10.77%,+0.79%,+171.91%,+199%,566.036,2.23,,106.75,118475837,480009837,2389206437,,3.01,buy,2.47,-5.34,94.66,-5.34,946.6,-53.4,9466.0,-534.0,-10.77,89.23,-10.77,892.3,-107.7,8923.0,-1077.0,0.79,100.79,0.79,1007.9,7.9,10079.0,79.0,171.91,271.91,171.91,2719.1,1719.1,27191.0,17191.0,199.0,299.0,199.0,2990.0,1990.0,29900.0,19900.0,,,,,,,,,,,,,9,buy,0.96,"YTD +185.68%, 1M +7.69%, analyst rating buy, with Terafab catalyst reaffirmed by Musk and Intel CEO, removing TSMC takeover fears; but P/E is negative and short interest elevated at 3.01% [invezz.com](https://invezz.com/news/2026/10/07/intel-gains-before-opening-bell-how-musks-comments-became-a-catalyst/).",+185.68% YTD rally; Terafab partnership clarity; High short interest 3.01%; No trailing earnings,,,,,
2222.SR,Saudi Aramco,MegaCap,global-growth,TADAWUL,6.86,-0.16%,+1.82%,-1.23%,+11.95%,+4%,1659.415,0.016,15.23,8.11,13625254,49441948,188783749,525.0,,buy,2.11,-0.16,99.84,-0.16,998.4,-1.6,9984.0,-16.0,1.82,101.82,1.82,1018.2,18.2,10182.0,182.0,-1.23,98.77,-1.23,987.7,-12.3,9877.0,-123.0,11.95,111.95,11.95,1119.5,119.5,11195.0,1195.0,4.0,104.0,4.0,1040.0,40.0,10400.0,400.0,,,,,,,,,,,,,,,,,,,,,,
BABA,Alibaba Group,MegaCap,global-growth,NYSE,106,-1.40%,-1.63%,-3.38%,-31.51%,-38%,262.955,0.463,25.59,10.46,11078636,43595436,184553936,98.0,1.68,strong_buy,1.32,-1.4,98.6,-1.4,986.0,-14.0,9860.0,-140.0,-1.63,98.37,-1.63,983.7,-16.3,9837.0,-163.0,-3.38,96.62,-3.38,966.2,-33.8,9662.0,-338.0,-31.51,68.49,-31.51,684.9,-315.1,6849.0,-3151.0,-38.0,62.0,-38.0,620.0,-380.0,6200.0,-3800.0,,,,,,,,,,,,,,,,,,,,,,
SAP,SAP SE,MegaCap,global-growth,NYSE,212,+1.08%,+0.76%,+1.56%,-8.79%,-24%,245.153,0.758,27.27,2.58,2252662,8649162,39982362,139.0,0.44,buy,1.62,1.08,101.08,1.08,1010.8,10.8,10108.0,108.0,0.76,100.76,0.76,1007.6,7.6,10076.0,76.0,1.56,101.56,1.56,1015.6,15.6,10156.0,156.0,-8.79,91.21,-8.79,912.1,-87.9,9121.0,-879.0,-24.0,76.0,-24.0,760.0,-240.0,7600.0,-2400.0,,,,,,,,,,,,,,,,,,,,,,
SONY,Sony Group,MegaCap,global-growth,NYSE,24,+1.83%,+1.96%,+2.18%,-7.46%,-21%,139.831,0.814,19.79,4.37,5364503,21927003,77238403,67.0,0.21,buy,1.75,1.83,101.83,1.83,1018.3,18.3,10183.0,183.0,1.96,101.96,1.96,1019.6,19.6,10196.0,196.0,2.18,102.18,2.18,1021.8,21.8,10218.0,218.0,-7.46,92.54,-7.46,925.4,-74.6,9254.0,-746.0,-21.0,79.0,-21.0,790.0,-210.0,7900.0,-2100.0,,,,,,,,,,,,,,,,,,,,,,
TM,Toyota Motor,MegaCap,global-growth,NYSE,186,+1.69%,+1.45%,-2.60%,-14.63%,-5%,220.258,0.375,8.17,0.36,291250,1498250,6578750,343.0,0.09,none,,1.69,101.69,1.69,1016.9,16.9,10169.0,169.0,1.45,101.45,1.45,1014.5,14.5,10145.0,145.0,-2.6,97.4,-2.6,974.0,-26.0,9740.0,-260.0,-14.63,85.37,-14.63,853.7,-146.3,8537.0,-1463.0,-5.0,95.0,-5.0,950.0,-50.0,9500.0,-500.0,,,,,,,,,,,,,,,,,,,,,,
NVO,Novo Nordisk,MegaCap,global-growth,NYSE,38,-0.29%,+2.09%,-14.32%,-23.49%,-35%,168.54,0.384,9.33,12.54,11432838,67756338,322001838,470.0,0.83,hold,2.71,-0.29,99.71,-0.29,997.1,-2.9,9971.0,-29.0,2.09,102.09,2.09,1020.9,20.9,10209.0,209.0,-14.32,85.68,-14.32,856.8,-143.2,8568.0,-1432.0,-23.49,76.51,-23.49,765.1,-234.9,7651.0,-2349.0,-35.0,65.0,-35.0,650.0,-350.0,6500.0,-3500.0,,,,,,,,,,,,,,,,,,,,,,
HSBC,HSBC Holdings,MegaCap,global-growth,NYSE,93,-1.36%,-3.35%,-11.89%,+19.59%,+39%,316.72,0.58,13.23,1.37,3546658,11036058,38039558,400.0,,hold,2.67,-1.36,98.64,-1.36,986.4,-13.6,9864.0,-136.0,-3.35,96.65,-3.35,966.5,-33.5,9665.0,-335.0,-11.89,88.11,-11.89,881.1,-118.9,8811.0,-1189.0,19.59,119.59,19.59,1195.9,195.9,11959.0,1959.0,39.0,139.0,39.0,1390.0,390.0,13900.0,3900.0,,,,,,,,,,,,,,,,,,,,,,
AAPL,Apple,Tech,mega-cap,NASDAQ,340.42,+1.11%,+3.06%,+7.95%,+25.95%,+33%,4968.151,1.069,39.04,45.41,34459898,166736298,903090898,32.0,0.88,buy,2.2,1.11,101.11,1.11,1011.1,11.1,10111.0,111.0,3.06,103.06,3.06,1030.6,30.6,10306.0,306.0,7.95,107.95,7.95,1079.5,79.5,10795.0,795.0,25.95,125.95,25.95,1259.5,259.5,12595.0,2595.0,33.0,133.0,33.0,1330.0,330.0,13300.0,3300.0,,,,,,,,,,,,,,,,,,,,,,
MSFT,Microsoft,Tech,mega-cap,NASDAQ,522.61,-1.35%,+1.91%,+6.30%,+11.20%,+1%,3880.665,1.099,29.11,27.86,19593392,101918192,472210692,74.0,0.91,strong_buy,1.29,-1.35,98.65,-1.35,986.5,-13.5,9865.0,-135.0,1.91,101.91,1.91,1019.1,19.1,10191.0,191.0,6.3,106.3,6.3,1063.0,63.0,10630.0,630.0,11.2,111.2,11.2,1112.0,112.0,11120.0,1120.0,1.0,101.0,1.0,1010.0,10.0,10100.0,100.0,,,,,,,,,,,,,,,,,,,,,,
GOOGL,Alphabet (Google),Tech,mega-cap,NASDAQ,348.29,-0.63%,+2.97%,+5.33%,+10.73%,+45%,4259.564,1.211,17.48,27.0,23392850,112422750,589979750,25.0,1.49,strong_buy,1.37,-0.63,99.37,-0.63,993.7,-6.3,9937.0,-63.0,2.97,102.97,2.97,1029.7,29.7,10297.0,297.0,5.33,105.33,5.33,1053.3,53.3,10533.0,533.0,10.73,110.73,10.73,1107.3,107.3,11073.0,1073.0,45.0,145.0,45.0,1450.0,450.0,14500.0,4500.0,,,,,,,,,,,,,,,,,,,,,,
AMZN,Amazon,Tech,mega-cap,NASDAQ,254.06,-2.25%,+2.35%,+0.66%,+12.17%,+14%,2740.371,1.456,20.44,39.18,37077426,180131326,790185226,,0.83,strong_buy,1.33,-2.25,97.75,-2.25,977.5,-22.5,9775.0,-225.0,2.35,102.35,2.35,1023.5,23.5,10235.0,235.0,0.66,100.66,0.66,1006.6,6.6,10066.0,66.0,12.17,112.17,12.17,1121.7,121.7,11217.0,1217.0,14.0,114.0,14.0,1140.0,140.0,11400.0,1400.0,,,,,,,,,,,,,,,,,,,,,,
META,Meta Platforms,Tech,mega-cap,NASDAQ,720.89,-0.06%,-0.69%,+10.37%,+11.12%,-2%,1836.471,1.185,27.16,19.23,15887049,69861149,495338649,29.0,1.41,strong_buy,1.41,-0.06,99.94,-0.06,999.4,-0.6,9994.0,-6.0,-0.69,99.31,-0.69,993.1,-6.9,9931.0,-69.0,10.37,110.37,10.37,1103.7,103.7,11037.0,1037.0,11.12,111.12,11.12,1111.2,111.2,11112.0,1112.0,-2.0,98.0,-2.0,980.0,-20.0,9800.0,-200.0,,,,,,,,,,,,,8,strong_buy,0.8,"YTD +13.89%, 1M +20.54%, strong_buy 1.41; Muse AI agent driving infrastructure spend [tipranks.com](https://www.tipranks.com/news/amd-nvidia-or-meta-which-ai-stock-is-citis-top-pick-no-1-analyst-weighs-in).",1M +20.54%; Strong_buy 1.41; P/E 27.96; Muse catalyst,,,,,
NVDA,NVIDIA,Tech,semiconductors,NASDAQ,230.48,-2.94%,-0.16%,+3.16%,+22.33%,+23%,5565.4,2.216,29.14,121.53,117720595,563534195,2369367495,42.0,1.27,strong_buy,1.3,-2.94,97.06,-2.94,970.6,-29.4,9706.0,-294.0,-0.16,99.84,-0.16,998.4,-1.6,9984.0,-16.0,3.16,103.16,3.16,1031.6,31.6,10316.0,316.0,22.33,122.33,22.33,1223.3,223.3,12233.0,2233.0,23.0,123.0,23.0,1230.0,230.0,12300.0,2300.0,,,,,,,,,,,,,4,strong_buy,0.85,"YTD +26.98%, P/E 30.25, strong_buy 1.3; SpaceX plans to buy chips, BNP PT $345 [tipranks.com](https://www.tipranks.com/news/nvidia-and-amd-stocks-what-drove-the-rally-and-which-stock-has-more-upside).",P/E 30.25; Strong_buy 1.3; SpaceX demand; BNP PT $345,,,,,
AMD,Advanced Micro Devices,Tech,semiconductors,NASDAQ,620.68,-3.90%,+0.80%,+19.11%,+177.75%,+177%,1013.244,2.454,158.34,23.27,23369562,99759362,486125162,,2.46,strong_buy,1.49,-3.9,96.1,-3.9,961.0,-39.0,9610.0,-390.0,0.8,100.8,0.8,1008.0,8.0,10080.0,80.0,19.11,119.11,19.11,1191.1,191.1,11911.0,1911.0,177.75,277.75,177.75,2777.5,1777.5,27775.0,17775.0,177.0,277.0,177.0,2770.0,1770.0,27700.0,17700.0,,,,,,,,,,,,,1,strong_buy,0.985,"YTD +190.61%, 1M +28.41%, strong_buy 1.49; Citi raised PT to $800 and Mizuho to $705 on agentic AI demand [tipranks.com](https://www.tipranks.com/news/amd-nvidia-or-meta-which-ai-stock-is-citis-top-pick-no-1-analyst-weighs-in).",YTD +190.61%; 1M +28.41%; Citi PT $800; Agentic AI tailwind,,,,,
INTC,Intel,Tech,semiconductors,NASDAQ,107.08,-5.34%,-10.77%,+0.79%,+171.91%,+199%,566.036,2.23,,106.75,118475837,480009837,2389206437,,3.01,buy,2.47,-5.34,94.66,-5.34,946.6,-53.4,9466.0,-534.0,-10.77,89.23,-10.77,892.3,-107.7,8923.0,-1077.0,0.79,100.79,0.79,1007.9,7.9,10079.0,79.0,171.91,271.91,171.91,2719.1,1719.1,27191.0,17191.0,199.0,299.0,199.0,2990.0,1990.0,29900.0,19900.0,,,,,,,,,,,,,,,,,,,,,,
TSM,Taiwan Semiconductor,Tech,semiconductors,NYSE,457.99,-3.38%,-0.26%,+5.48%,+44.42%,+57%,2375.353,1.239,33.28,11.31,13244224,49742424,217690124,80.0,0.57,strong_buy,1.38,-3.38,96.62,-3.38,966.2,-33.8,9662.0,-338.0,-0.26,99.74,-0.26,997.4,-2.6,9974.0,-26.0,5.48,105.48,5.48,1054.8,54.8,10548.0,548.0,44.42,144.42,44.42,1444.2,444.2,14442.0,4442.0,57.0,157.0,57.0,1570.0,570.0,15700.0,5700.0,,,,,,,,,,,,,5,strong_buy,0.8,"YTD +52.09%, 1M +10.16%, strong_buy 1.38; solid fundamentals with P/E 35.05.",YTD +52.09%; 1M +10.16%; Strong_buy 1.38; P/E 35.05,,,,,
AVGO,Broadcom,Tech,semiconductors,NASDAQ,360.14,-4.35%,+4.80%,-0.98%,+4.17%,+9%,1719.175,1.476,45.99,22.36,26743628,121745228,534539328,69.0,1.11,strong_buy,1.26,-4.35,95.65,-4.35,956.5,-43.5,9565.0,-435.0,4.8,104.8,4.8,1048.0,48.0,10480.0,480.0,-0.98,99.02,-0.98,990.2,-9.8,9902.0,-98.0,4.17,104.17,4.17,1041.7,41.7,10417.0,417.0,9.0,109.0,9.0,1090.0,90.0,10900.0,900.0,,,,,,,,,,,,,,,,,,,,,,
QCOM,Qualcomm,Tech,semiconductors,NASDAQ,176.01,-0.63%,-3.34%,-0.22%,+3.34%,+7%,187.951,1.651,20.37,12.29,9535042,48097942,305856642,208.0,4.01,hold,2.57,-0.63,99.37,-0.63,993.7,-6.3,9937.0,-63.0,-3.34,96.66,-3.34,966.6,-33.4,9666.0,-334.0,-0.22,99.78,-0.22,997.8,-2.2,9978.0,-22.0,3.34,103.34,3.34,1033.4,33.4,10334.0,334.0,7.0,107.0,7.0,1070.0,70.0,10700.0,700.0,,,,,,,,,,,,,,,,,,,,,,
ARM,Arm Holdings,Tech,semiconductors,NASDAQ,275.29,-6.48%,-5.83%,+4.19%,+139.95%,+72%,294.009,3.789,283.8,5.21,6148400,21771400,125701500,,10.69,buy,1.93,-6.48,93.52,-6.48,935.2,-64.8,9352.0,-648.0,-5.83,94.17,-5.83,941.7,-58.3,9417.0,-583.0,4.19,104.19,4.19,1041.9,41.9,10419.0,419.0,139.95,239.95,139.95,2399.5,1399.5,23995.0,13995.0,72.0,172.0,72.0,1720.0,720.0,17200.0,7200.0,,,,,,,,,,,,,,,,,,,,,,
ASML,ASML Holding,Tech,semiconductors,NASDAQ,1769.79,-1.95%,-2.14%,+2.33%,+52.80%,+84%,679.777,1.302,57.44,1.48,1929399,7533099,30809899,50.0,0.38,strong_buy,1.43,-1.95,98.05,-1.95,980.5,-19.5,9805.0,-195.0,-2.14,97.86,-2.14,978.6,-21.4,9786.0,-214.0,2.33,102.33,2.33,1023.3,23.3,10233.0,233.0,52.8,152.8,52.8,1528.0,528.0,15280.0,5280.0,84.0,184.0,84.0,1840.0,840.0,18400.0,8400.0,,,,,,,,,,,,,9,strong_buy,0.75,"YTD +58.36%, P/E 59.53, strong_buy 1.4; lithography leader with steady growth.",YTD +58.36%; Strong_buy 1.4; P/E 59.53,,,,,
MU,Micron Technology,Tech,semiconductors,NASDAQ,1035.84,-4.79%,-5.61%,+0.79%,+228.59%,+466%,1169.87,2.226,13.94,32.84,29425906,127665806,565876806,6.0,2.45,strong_buy,1.37,-4.79,95.21,-4.79,952.1,-47.9,9521.0,-479.0,-5.61,94.39,-5.61,943.9,-56.1,9439.0,-561.0,0.79,100.79,0.79,1007.9,7.9,10079.0,79.0,228.59,328.59,228.59,3285.9,2285.9,32859.0,22859.0,466.0,566.0,466.0,5660.0,4660.0,56600.0,46600.0,,,,,,,,,,,,,6,strong_buy,0.75,"YTD +231.67%, P/E 14.31, strong_buy 1.37; attractive valuation despite recent pullback.",YTD +231.67%; P/E 14.31; Strong_buy 1.37; Memory demand,,,,,
AMAT,Applied Materials,Tech,semiconductors,NASDAQ,509.57,-2.13%,-3.73%,+8.69%,+90.20%,+136%,404.394,1.591,43.97,7.05,6678944,26049844,134411944,41.0,1.78,strong_buy,1.45,-2.13,97.87,-2.13,978.7,-21.3,9787.0,-213.0,-3.73,96.27,-3.73,962.7,-37.3,9627.0,-373.0,8.69,108.69,8.69,1086.9,86.9,10869.0,869.0,90.2,190.2,90.2,1902.0,902.0,19020.0,9020.0,136.0,236.0,136.0,2360.0,1360.0,23600.0,13600.0,,,,,,,,,,,,,7,strong_buy,0.8,"YTD +97.92%, 1M +12.16%, strong_buy 1.45; robust semi-cap equipment momentum.",YTD +97.92%; 1M +12.16%; Strong_buy 1.45,,,,,
ORCL,Oracle,Tech,enterprise-software,NYSE,135.69,-5.73%,-1.72%,-16.05%,-30.00%,-52%,411.344,1.77,21.27,31.63,42005435,131265335,757350835,139.0,2.73,buy,1.58,-5.73,94.27,-5.73,942.7,-57.3,9427.0,-573.0,-1.72,98.28,-1.72,982.8,-17.2,9828.0,-172.0,-16.05,83.95,-16.05,839.5,-160.5,8395.0,-1605.0,-30.0,70.0,-30.0,700.0,-300.0,7000.0,-3000.0,-52.0,48.0,-52.0,480.0,-520.0,4800.0,-5200.0,,,,,,,,,,,,,,,,,,,,,,
CRM,Salesforce,Tech,enterprise-software,NYSE,227.8,+1.19%,-3.76%,-6.54%,-9.56%,-8%,187.48,1.256,20.84,13.39,6155822,32907122,238709422,78.0,4.54,buy,1.75,1.19,101.19,1.19,1011.9,11.9,10119.0,119.0,-3.76,96.24,-3.76,962.4,-37.6,9624.0,-376.0,-6.54,93.46,-6.54,934.6,-65.4,9346.0,-654.0,-9.56,90.44,-9.56,904.4,-95.6,9044.0,-956.0,-8.0,92.0,-8.0,920.0,-80.0,9200.0,-800.0,,,,,,,,,,,,,,,,,,,,,,
ADBE,Adobe,Tech,enterprise-software,NASDAQ,241.05,+3.56%,-0.10%,-5.42%,-27.68%,-33%,93.816,1.415,13.46,5.05,5793532,21409132,118936132,,5.3,hold,2.77,3.56,103.56,3.56,1035.6,35.6,10356.0,356.0,-0.1,99.9,-0.1,999.0,-1.0,9990.0,-10.0,-5.42,94.58,-5.42,945.8,-54.2,9458.0,-542.0,-27.68,72.32,-27.68,723.2,-276.8,7232.0,-2768.0,-33.0,67.0,-33.0,670.0,-330.0,6700.0,-3300.0,,,,,,,,,,,,,,,,,,,,,,
NOW,ServiceNow,Tech,enterprise-software,NYSE,139.75,+1.28%,+1.44%,+6.59%,-5.22%,-25%,144.482,0.99,87.34,17.76,11801699,46004999,246356699,,2.79,strong_buy,1.43,1.28,101.28,1.28,1012.8,12.8,10128.0,128.0,1.44,101.44,1.44,1014.4,14.4,10144.0,144.0,6.59,106.59,6.59,1065.9,65.9,10659.0,659.0,-5.22,94.78,-5.22,947.8,-52.2,9478.0,-522.0,-25.0,75.0,-25.0,750.0,-250.0,7500.0,-2500.0,,,,,,,,,,,,,,,,,,,,,,
SNOW,Snowflake,Tech,enterprise-software,NYSE,343.4,+2.86%,+0.41%,+3.60%,+58.46%,+33%,121.151,1.351,,4.75,3986549,16580149,87986049,,5.45,strong_buy,1.48,2.86,102.86,2.86,1028.6,28.6,10286.0,286.0,0.41,100.41,0.41,1004.1,4.1,10041.0,41.0,3.6,103.6,3.6,1036.0,36.0,10360.0,360.0,58.46,158.46,58.46,1584.6,584.6,15846.0,5846.0,33.0,133.0,33.0,1330.0,330.0,13300.0,3300.0,,,,,,,,,,,,,,,,,,,,,,
INTU,Intuit,Tech,enterprise-software,NASDAQ,303.88,+2.23%,+7.46%,-3.20%,-51.27%,-54%,81.207,1.009,18.46,3.89,5165806,17870406,81130106,186.0,3.02,buy,2.06,2.23,102.23,2.23,1022.3,22.3,10223.0,223.0,7.46,107.46,7.46,1074.6,74.6,10746.0,746.0,-3.2,96.8,-3.2,968.0,-32.0,9680.0,-320.0,-51.27,48.73,-51.27,487.3,-512.7,4873.0,-5127.0,-54.0,46.0,-54.0,460.0,-540.0,4600.0,-5400.0,,,,,,,,,,,,,,,,,,,,,,
CRWD,CrowdStrike,Tech,cybersecurity,NASDAQ,263.01,-0.92%,-1.16%,+26.57%,+131.94%,+109%,269.305,1.197,5260.2,9.56,9381560,36797860,226250660,,2.77,buy,1.72,-0.92,99.08,-0.92,990.8,-9.2,9908.0,-92.0,-1.16,98.84,-1.16,988.4,-11.6,9884.0,-116.0,26.57,126.57,26.57,1265.7,265.7,12657.0,2657.0,131.94,231.94,131.94,2319.4,1319.4,23194.0,13194.0,109.0,209.0,109.0,2090.0,1090.0,20900.0,10900.0,,,,,,,,,,,,,2,buy,0.85,"YTD +145.92%, 1M +32.78%, buy 1.72; Fal.Con Europe sold out with registrations up 60% [stocktwits.com](https://stocktwits.com/news-articles/markets/equity/why-nvda-amd-crwd-stocks-surged-to-52-week-highs-today/cZDHyMrRBlM).",YTD +145.92%; 1M +32.78%; 7-day streak; Fal.Con sold out,,,,,
PANW,Palo Alto Networks,Tech,cybersecurity,NASDAQ,398.5,-1.74%,+0.57%,+18.92%,+122.17%,+88%,325.973,0.933,996.25,6.14,4396131,23080231,131806431,,2.69,buy,1.71,-1.74,98.26,-1.74,982.6,-17.4,9826.0,-174.0,0.57,100.57,0.57,1005.7,5.7,10057.0,57.0,18.92,118.92,18.92,1189.2,189.2,11892.0,1892.0,122.17,222.17,122.17,2221.7,1221.7,22217.0,12217.0,88.0,188.0,88.0,1880.0,880.0,18800.0,8800.0,,,,,,,,,,,,,3,buy,0.8,"YTD +134.10%, 1M +24.61%, record close; TD Cowen raised PT to $440 [financefeeds.com](https://financefeeds.com/palo-alto-networks-panw-stock-419-91-up-3-23/).",YTD +134.10%; 1M +24.61%; Record high; PT $440,,,,,
NET,Cloudflare,Tech,cybersecurity,NYSE,341.89,-0.31%,-2.60%,+8.82%,+74.42%,+55%,121.74,1.645,,3.33,2439274,13360274,68549174,,2.71,buy,1.97,-0.31,99.69,-0.31,996.9,-3.1,9969.0,-31.0,-2.6,97.4,-2.6,974.0,-26.0,9740.0,-260.0,8.82,108.82,8.82,1088.2,88.2,10882.0,882.0,74.42,174.42,74.42,1744.2,744.2,17442.0,7442.0,55.0,155.0,55.0,1550.0,550.0,15500.0,5500.0,,,,,,,,,,,,,10,buy,0.7,"YTD +81.11%, 1M +24.87%, buy 1.97; edge cloud growth despite no P/E.",YTD +81.11%; 1M +24.87%; Buy 1.97,,,,,
FTNT,Fortinet,Tech,cybersecurity,NASDAQ,189.1,-0.10%,+5.81%,+20.28%,+142.81%,+120%,138.745,1.037,66.82,4.61,2956908,17530008,87007808,,2.26,hold,2.8,-0.1,99.9,-0.1,999.0,-1.0,9990.0,-10.0,5.81,105.81,5.81,1058.1,58.1,10581.0,581.0,20.28,120.28,20.28,1202.8,202.8,12028.0,2028.0,142.81,242.81,142.81,2428.1,1428.1,24281.0,14281.0,120.0,220.0,120.0,2200.0,1200.0,22000.0,12000.0,,,,,,,,,,,,,,,,,,,,,,
NFLX,Netflix,Tech,consumer-platform,NASDAQ,71.57,+2.68%,+5.48%,-5.87%,-21.34%,-43%,298.014,1.613,22.51,36.99,45805108,186746008,790215708,,2.28,buy,1.8,2.68,102.68,2.68,1026.8,26.8,10268.0,268.0,5.48,105.48,5.48,1054.8,54.8,10548.0,548.0,-5.87,94.13,-5.87,941.3,-58.7,9413.0,-587.0,-21.34,78.66,-21.34,786.6,-213.4,7866.0,-2134.0,-43.0,57.0,-43.0,570.0,-430.0,5700.0,-4300.0,,,,,,,,,,,,,,,,,,,,,,
SHOP,Shopify,Tech,consumer-platform,NYSE,164.56,-0.89%,+10.38%,+29.79%,+4.68%,+1%,213.542,2.625,111.19,9.45,7146651,38079051,220897351,,1.36,buy,1.69,-0.89,99.11,-0.89,991.1,-8.9,9911.0,-89.0,10.38,110.38,10.38,1103.8,103.8,11038.0,1038.0,29.79,129.79,29.79,1297.9,297.9,12979.0,2979.0,4.68,104.68,4.68,1046.8,46.8,10468.0,468.0,1.0,101.0,1.0,1010.0,10.0,10100.0,100.0,,,,,,,,,,,,,,,,,,,,,,
SPOT,Spotify,Tech,consumer-platform,NYSE,526.42,+2.63%,+7.13%,+0.65%,-8.45%,-24%,108.223,1.614,30.25,1.67,1655796,7923596,32221596,,2.86,buy,1.56,2.63,102.63,2.63,1026.3,26.3,10263.0,263.0,7.13,107.13,7.13,1071.3,71.3,10713.0,713.0,0.65,100.65,0.65,1006.5,6.5,10065.0,65.0,-8.45,91.55,-8.45,915.5,-84.5,9155.0,-845.0,-24.0,76.0,-24.0,760.0,-240.0,7600.0,-2400.0,,,,,,,,,,,,,,,,,,,,,,
UBER,Uber,Tech,consumer-platform,NYSE,70.24,+2.62%,+3.48%,-1.18%,-15.23%,-29%,143.469,1.265,15.4,17.95,14430657,74083957,401294957,,2.32,buy,1.58,2.62,102.62,2.62,1026.2,26.2,10262.0,262.0,3.48,103.48,3.48,1034.8,34.8,10348.0,348.0,-1.18,98.82,-1.18,988.2,-11.8,9882.0,-118.0,-15.23,84.77,-15.23,847.7,-152.3,8477.0,-1523.0,-29.0,71.0,-29.0,710.0,-290.0,7100.0,-2900.0,,,,,,,,,,,,,,,,,,,,,,
CSCO,Cisco Systems,Tech,hardware-infra,NASDAQ,114.89,-2.13%,+6.05%,+5.40%,+53.07%,+68%,452.964,0.979,34.5,19.57,12951578,87283878,410228778,143.0,1.46,buy,1.86,-2.13,97.87,-2.13,978.7,-21.3,9787.0,-213.0,6.05,106.05,6.05,1060.5,60.5,10605.0,605.0,5.4,105.4,5.4,1054.0,54.0,10540.0,540.0,53.07,153.07,53.07,1530.7,530.7,15307.0,5307.0,68.0,168.0,68.0,1680.0,680.0,16800.0,6800.0,,,,,,,,,,,,,,,,,,,,,,
PLTR,Palantir Technologies,Tech,hardware-infra,NASDAQ,198.78,+2.40%,+4.60%,+17.25%,+18.42%,+5%,477.68,1.602,171.36,33.32,41744992,110767492,500958192,,2.8,buy,1.84,2.4,102.4,2.4,1024.0,24.0,10240.0,240.0,4.6,104.6,4.6,1046.0,46.0,10460.0,460.0,17.25,117.25,17.25,1172.5,172.5,11725.0,1725.0,18.42,118.42,18.42,1184.2,184.2,11842.0,1842.0,5.0,105.0,5.0,1050.0,50.0,10500.0,500.0,,,,,,,,,,,,,,,,,,,,,,
