ticker,company_name,sector,category,exchange,price_usd,change_1d,change_1w,change_1m,change_ytd,return_1yr,market_cap_usd_b,beta,pe_ratio,avg_volume_m,vol_1d,vol_1w,vol_1m,div_yield_pct,short_pct,analyst,analyst_score,pct_1d,val_100_1d,profit_100_1d,val_1000_1d,profit_1000_1d,val_10000_1d,profit_10000_1d,pct_1w,val_100_1w,profit_100_1w,val_1000_1w,profit_1000_1w,val_10000_1w,profit_10000_1w,pct_1m,val_100_1m,profit_100_1m,val_1000_1m,profit_1000_1m,val_10000_1m,profit_10000_1m,pct_ytd,val_100_ytd,profit_100_ytd,val_1000_ytd,profit_1000_ytd,val_10000_ytd,profit_10000_ytd,pct_1y,val_100_1y,profit_100_1y,val_1000_1y,profit_1000_1y,val_10000_1y,profit_10000_1y,news1_title,news1_publisher,news1_date,news1_sentiment,news2_title,news2_publisher,news2_date,news2_sentiment,news3_title,news3_publisher,news3_date,news3_sentiment,signal_rank,signal,signal_confidence,signal_rationale,signal_drivers,portfolio_held,portfolio_quantity,portfolio_avg_price,portfolio_ppl,portfolio_total_value
SNDK,SanDisk Corporation,AI,memory,NASDAQ,1641.11,+4.54%,+35.38%,+1.62%,+496.25%,+3331%,239.602,,22.23,13.55,20040804,74473604,391961004,,7.36,strong_buy,1.48,4.54,104.54,4.54,1045.4,45.4,10454.0,454.0,35.38,135.38,35.38,1353.8,353.8,13538.0,3538.0,1.62,101.62,1.62,1016.2,16.2,10162.0,162.0,496.25,596.25,496.25,5962.5,4962.5,59625.0,49625.0,3331.0,3431.0,3331.0,34310.0,33310.0,343100.0,333100.0,Sandisk stock surges as Wall Street cheers flash memory maker's bullish outlook,Yahoo Finance,2026-08-14,0.477,Stocks subdued as earnings season begins to wind down: AlphaCheck,Yahoo Finance,2026-08-14,0.0,"Dow Jones Futures: Market Ready To Run? Sandisk Skyrockets, But Must Do This; Walmart, Target Due",Investor's Business Daily,2026-08-14,0.19,4,strong_buy,1.0,"Strong buy, YTD +455.19%, PE 18.22, 1d +12.28%. Web search: Sandisk's new flash memory and Argus upgrade to Buy with $1,600 target.",strong_buy; YTD +455%; PE 18.22; Argus upgrade,,,,,
WDC,Western Digital,AI,memory,NASDAQ,508.8,+2.93%,+17.15%,-0.98%,+171.27%,+549%,175.374,2.217,20.96,8.49,9844298,37647598,194233198,13.0,8.05,buy,1.58,2.93,102.93,2.93,1029.3,29.3,10293.0,293.0,17.15,117.15,17.15,1171.5,171.5,11715.0,1715.0,-0.98,99.02,-0.98,990.2,-9.8,9902.0,-98.0,171.27,271.27,171.27,2712.7,1712.7,27127.0,17127.0,549.0,649.0,549.0,6490.0,5490.0,64900.0,54900.0,Sandisk stock surges as Wall Street cheers flash memory maker's bullish outlook,Yahoo Finance,2026-08-14,0.477,"Marvell Technology, MACOM, Micron, Western Digital, and Semtech Shares Skyrocket, What You Need To Know",StockStory,2026-08-14,0.296,"SanDisk Has Delivered A Return The Index Cannot, And The Swings That Come With It",Trefis,2026-08-14,0.0,,,,,,,,,,
285A,Kioxia Holdings,AI,memory,TSE,337.34,+3.01%,+10.26%,-22.23%,+373.48%,+1923%,184.609,,53.2,41.93,45148800,214357500,1052793600,,,buy,1.56,3.01,103.01,3.01,1030.1,30.1,10301.0,301.0,10.26,110.26,10.26,1102.6,102.6,11026.0,1026.0,-22.23,77.77,-22.23,777.7,-222.3,7777.0,-2223.0,373.48,473.48,373.48,4734.8,3734.8,47348.0,37348.0,1923.0,2023.0,1923.0,20230.0,19230.0,202300.0,192300.0,Micron Stock Keeps Rallying. Watch Out for This New Memory-Chip Rival.,Barrons.com,2026-08-13,0.0,European Indexes Mostly Higher; London’s FTSE 100 Hit by Antofagasta Guidance Cut,The Wall Street Journal,2026-08-13,-0.273,Sandisk's Pullback Looks Like a Buying Opportunity,Barchart,2026-08-10,0.649,,,,,,,,,,
MU,Micron Technology,AI,memory,NASDAQ,971.66,+0.64%,+10.72%,+7.45%,+208.23%,+686%,1097.386,2.213,21.95,50.36,27609119,158375619,1004130319,6.0,2.65,strong_buy,1.41,0.64,100.64,0.64,1006.4,6.4,10064.0,64.0,10.72,110.72,10.72,1107.2,107.2,11072.0,1072.0,7.45,107.45,7.45,1074.5,74.5,10745.0,745.0,208.23,308.23,208.23,3082.3,2082.3,30823.0,20823.0,686.0,786.0,686.0,7860.0,6860.0,78600.0,68600.0,Wall Street's riskiest trades are suddenly back on top: Chart of the Day,Yahoo Finance,2026-08-14,-0.178,The next AI winners may look nothing like Nvidia or Micron: One Big Investment Idea,Yahoo Finance,2026-08-14,0.248,"Marvell Technology, MACOM, Micron, Western Digital, and Semtech Shares Skyrocket, What You Need To Know",StockStory,2026-08-14,0.296,2,strong_buy,0.8,"Strong buy, PE 20.62, YTD +201.30%, 1w +7.76%. Sandisk's bullish outlook (Motley Fool) supports memory sector tailwinds.",strong_buy; PE 20.62; YTD +201%; 1w +7.76%,,,,,
STX,Seagate Technology,AI,memory,NASDAQ,973.44,+4.45%,+19.77%,+17.52%,+239.37%,+497%,220.97,2.102,69.98,4.71,5231374,21805474,128243774,34.0,4.06,strong_buy,1.44,4.45,104.45,4.45,1044.5,44.5,10445.0,445.0,19.77,119.77,19.77,1197.7,197.7,11977.0,1977.0,17.52,117.52,17.52,1175.2,175.2,11752.0,1752.0,239.37,339.37,239.37,3393.7,2393.7,33937.0,23937.0,497.0,597.0,497.0,5970.0,4970.0,59700.0,49700.0,"Dow Jones Futures: Market Ready To Run? Sandisk Skyrockets, But Must Do This; Walmart, Target Due",Investor's Business Daily,2026-08-14,0.19,"Entegris, Penguin Solutions, Seagate, Applied Materials, and KLA Corporation Shares Are Soaring, What You Need To Know",StockStory,2026-08-14,0.44,The AI Stock Everyone Knows - But Few See Becoming a Future Winner,Zacks,2026-08-14,0.735,3,strong_buy,0.75,"Strong buy, YTD +221.22%, PE 63.28, 1w +8.02%. Memory demand from AI infrastructure remains robust.",strong_buy; YTD +221%; PE 63.28; 1w +8.02%,,,,,
MRVL,Marvell Technology,AI,memory,NASDAQ,222.02,-1.10%,+1.51%,+7.64%,+148.74%,+192%,199.273,2.246,76.3,41.25,13645347,94412847,527624947,11.0,4.79,strong_buy,1.42,-1.1,98.9,-1.1,989.0,-11.0,9890.0,-110.0,1.51,101.51,1.51,1015.1,15.1,10151.0,151.0,7.64,107.64,7.64,1076.4,76.4,10764.0,764.0,148.74,248.74,148.74,2487.4,1487.4,24874.0,14874.0,192.0,292.0,192.0,2920.0,1920.0,29200.0,19200.0,"Marvell Technology, MACOM, Micron, Western Digital, and Semtech Shares Skyrocket, What You Need To Know",StockStory,2026-08-14,0.296,What Separates AVGO From Its Peers Right Now,Trefis,2026-08-14,0.0,"Marvell's Year Was Made In Interconnect, Not Yet In Custom Silicon",Trefis,2026-08-14,0.0,,,,,,,,,,
P,Everpure,AI,memory,NYSE,118.16,+0.22%,+31.22%,+67.01%,+71.22%,+100%,39.277,1.414,179.03,3.31,3083127,22199127,64154527,,4.25,buy,1.75,0.22,100.22,0.22,1002.2,2.2,10022.0,22.0,31.22,131.22,31.22,1312.2,312.2,13122.0,3122.0,67.01,167.01,67.01,1670.1,670.1,16701.0,6701.0,71.22,171.22,71.22,1712.2,712.2,17122.0,7122.0,100.0,200.0,100.0,2000.0,1000.0,20000.0,10000.0,Morgan Stanley Turns More Bullish on IT Hardware as ‘Chipflation’ Drives Faster Spending,InvestorsHub,2026-08-14,0.0,"Aether Holdings, Inc. (ATHR) Reports Q3 Loss, Lags Revenue Estimates",Zacks,2026-08-13,-0.586,"Stocks making big moves yesterday: Everpure, Palo Alto Networks, Ridgepost Capital, Nabors Industries, and Hewlett Packard Enterprise",StockStory,2026-08-13,0.0,,,,,,,,,,
RR.,Rolls-Royce Holdings,AI,nuclear-ops,LSE,20.86,+0.81%,+0.72%,+9.90%,+28.75%,+42%,1.722,1.19,42.81,26.26,17087733,100804386,566492329,78.0,,buy,1.6,0.81,100.81,0.81,1008.1,8.1,10081.0,81.0,0.72,100.72,0.72,1007.2,7.2,10072.0,72.0,9.9,109.9,9.9,1099.0,99.0,10990.0,990.0,28.75,128.75,28.75,1287.5,287.5,12875.0,2875.0,42.0,142.0,42.0,1420.0,420.0,14200.0,4200.0,Is Rolls-Royce Holdings (LSE:RR.) Fully Priced After Profit Upgrades?,Simply Wall St.,2026-08-08,0.488,"Is Rolls-Royce Holdings (LSE:RR.) Fully Valued After Buybacks, Half Year Results And A Dividend Increase?",Simply Wall St.,2026-08-08,0.67,Rolls Royce Holdings (LSE:RR.) Stock Fair Value Rises After Analysts Lift Targets,Simply Wall St.,2026-08-07,0.572,,,,,,,,,,
CEG,Constellation Energy,AI,nuclear-ops,NASDAQ,282.5,+1.03%,+4.67%,+9.45%,-22.64%,-14%,100.092,1.118,27.61,3.56,1951974,11795974,63156074,61.0,3.29,buy,1.52,1.03,101.03,1.03,1010.3,10.3,10103.0,103.0,4.67,104.67,4.67,1046.7,46.7,10467.0,467.0,9.45,109.45,9.45,1094.5,94.5,10945.0,945.0,-22.64,77.36,-22.64,773.6,-226.4,7736.0,-2264.0,-14.0,86.0,-14.0,860.0,-140.0,8600.0,-1400.0,Constellation Energy (CEG) Q2 2026 Earnings Call Transcript,Motley Fool,2026-08-13,0.273,This Week In Energy Transition - Europe's Largest Battery Powers Up In Scotland,Simply Wall St.,2026-08-13,0.273,Red-Hot Power Stocks Are Losing Steam,The Wall Street Journal,2026-08-12,-0.382,,,,,,,,,,
VST,Vistra Corp,AI,nuclear-ops,NYSE,148.13,+0.84%,+5.36%,-7.55%,-10.10%,-26%,49.718,1.433,24.98,4.7,2593273,16078873,107287673,63.0,2.99,strong_buy,1.35,0.84,100.84,0.84,1008.4,8.4,10084.0,84.0,5.36,105.36,5.36,1053.6,53.6,10536.0,536.0,-7.55,92.45,-7.55,924.5,-75.5,9245.0,-755.0,-10.1,89.9,-10.1,899.0,-101.0,8990.0,-1010.0,-26.0,74.0,-26.0,740.0,-260.0,7400.0,-2600.0,Vistra (VST) Q2 2026 Earnings Call Transcript,Motley Fool,2026-08-14,0.0,"Terrestrial Energy’s Lifetime Revenue Up 29%, Advancing in Texas A&M, DOE Fuel Program – Quarterly Update Report",Exec Edge,2026-08-13,0.0,Can GE Vernova's Strong Q2 Results Fuel Further Earnings Growth?,Zacks,2026-08-13,0.71,,,,,,,,,,
TLN,Talen Energy,AI,nuclear-ops,NASDAQ,362.74,+0.34%,+7.22%,-9.34%,-8.57%,-5%,17.381,1.673,,0.83,483531,3455331,16130131,,5.32,buy,1.62,0.34,100.34,0.34,1003.4,3.4,10034.0,34.0,7.22,107.22,7.22,1072.2,72.2,10722.0,722.0,-9.34,90.66,-9.34,906.6,-93.4,9066.0,-934.0,-8.57,91.43,-8.57,914.3,-85.7,9143.0,-857.0,-5.0,95.0,-5.0,950.0,-50.0,9500.0,-500.0,"Terrestrial Energy’s Lifetime Revenue Up 29%, Advancing in Texas A&M, DOE Fuel Program – Quarterly Update Report",Exec Edge,2026-08-13,0.0,"The Zacks Analyst Blog Highlights Bloom Energy, Talen Energy and Plug Power",Zacks,2026-08-13,0.494,Talen Energy (TLN) Stock May Already Be Priced Rich On Raised 2026 Guidance,Simply Wall St.,2026-08-12,0.691,,,,,,,,,,
BEP,Brookfield Renewable,AI,nuclear-ops,NYSE,34.75,-1.33%,+4.67%,+6.86%,+27.28%,+43%,16.94,0.995,,0.93,722041,4863141,25071741,456.0,0.51,buy,2.38,-1.33,98.67,-1.33,986.7,-13.3,9867.0,-133.0,4.67,104.67,4.67,1046.7,46.7,10467.0,467.0,6.86,106.86,6.86,1068.6,68.6,10686.0,686.0,27.28,127.28,27.28,1272.8,272.8,12728.0,2728.0,43.0,143.0,43.0,1430.0,430.0,14300.0,4300.0,The AI-adjacent portfolio: Six Canadian stocks that could benefit from the AI buildout,Financial Post,2026-08-07,0.459,Cameco Gains 7% Despite Q2 Earnings Miss: How to Play the Stock?,Zacks,2026-08-06,0.642,New Strong Sell Stocks for August 4th,Zacks,2026-08-04,0.511,,,,,,,,,,
BEPC,Brookfield Renewable Corp,AI,nuclear-ops,NYSE,35.5,-1.26%,+5.22%,+1.60%,-9.31%,+7%,6.589,1.166,,1.64,1385624,9767424,47554424,448.0,,hold,3.17,-1.26,98.74,-1.26,987.4,-12.6,9874.0,-126.0,5.22,105.22,5.22,1052.2,52.2,10522.0,522.0,1.6,101.6,1.6,1016.0,16.0,10160.0,160.0,-9.31,90.69,-9.31,906.9,-93.1,9069.0,-931.0,7.0,107.0,7.0,1070.0,70.0,10700.0,700.0,Why I'm Not Chasing NuScale -- Here's What I'm Buying Instead,Motley Fool,2026-08-11,0.0,Why Cameco's Ugly Earnings Miss Might Be Good News in Disguise,Motley Fool,2026-08-08,-0.459,Brookfield Renewable Q2 Earnings Call Highlights,MarketBeat,2026-07-31,0.0,,,,,,,,,,
GEV,GE Vernova,AI,smr,NYSE,1063.25,+1.23%,+7.36%,+0.76%,+56.75%,+69%,283.179,1.033,30.52,2.84,1045861,7472261,60123461,19.0,3.2,buy,1.58,1.23,101.23,1.23,1012.3,12.3,10123.0,123.0,7.36,107.36,7.36,1073.6,73.6,10736.0,736.0,0.76,100.76,0.76,1007.6,7.6,10076.0,76.0,56.75,156.75,56.75,1567.5,567.5,15675.0,5675.0,69.0,169.0,69.0,1690.0,690.0,16900.0,6900.0,Bloom Energy Stock Has Exploded. Here’s What Could Drive It Even Higher.,24/7 Wall St.,2026-08-14,0.273,Should Investors Take Profits in GE Vernova After Its Big Run?,Motley Fool,2026-08-14,0.44,Why GE Vernova (GEV) Is Emerging as an AI Power Winner,Insider Monkey,2026-08-14,0.586,,,,,,,,,,
BWXT,BWX Technologies,AI,smr,NYSE,173.22,+1.60%,+1.95%,-2.09%,-4.49%,-2%,15.871,0.76,44.76,0.96,461462,3183162,20259462,61.0,3.99,buy,1.81,1.6,101.6,1.6,1016.0,16.0,10160.0,160.0,1.95,101.95,1.95,1019.5,19.5,10195.0,195.0,-2.09,97.91,-2.09,979.1,-20.9,9791.0,-209.0,-4.49,95.51,-4.49,955.1,-44.9,9551.0,-449.0,-2.0,98.0,-2.0,980.0,-20.0,9800.0,-200.0,Can BWX Technologies' Nuclear Medicine Expansion Boost Growth?,Zacks,2026-08-13,0.649,BWX’s Q2 Earnings Call: Our Top 5 Analyst Questions,StockStory,2026-08-12,0.202,BWXT (BWXT) Q2 2026 Earnings Call Transcript,Motley Fool,2026-08-11,0.0,,,,,,,,,,
SMR,NuScale Power,AI,smr,NYSE,9.39,-4.86%,-4.38%,+12.32%,-42.43%,-72%*,3.853,2.306,,32.36,33163549,144979749,706894849,,19.43,hold,2.56,-4.86,95.14,-4.86,951.4,-48.6,9514.0,-486.0,-4.38,95.62,-4.38,956.2,-43.8,9562.0,-438.0,12.32,112.32,12.32,1123.2,123.2,11232.0,1232.0,-42.43,57.57,-42.43,575.7,-424.3,5757.0,-4243.0,-72.0,28.0,-72.0,280.0,-720.0,2800.0,-7200.0,The AI build-out has a problem that $1 trillion in cash can't fix,Yahoo Finance,2026-08-14,-0.402,Can OKLO's Groves Milestone Validate Its Nuclear Strategy?,Zacks,2026-08-14,0.361,The Last U.S. Nuclear Boom Applied to Build 26 Reactors and Finished 2. NuScale Carries a $4 Billion Market Value on $10.7 Million of Sales.,Motley Fool,2026-08-14,0.34,,,,,,,,,,
OKLO,Oklo Inc,AI,smr,NYSE,44.38,-5.40%,-8.34%,-2.87%,-42.96%,-35%*,8.256,1.201,,11.29,6626784,49859184,222464784,,18.6,buy,2.04,-5.4,94.6,-5.4,946.0,-54.0,9460.0,-540.0,-8.34,91.66,-8.34,916.6,-83.4,9166.0,-834.0,-2.87,97.13,-2.87,971.3,-28.7,9713.0,-287.0,-42.96,57.04,-42.96,570.4,-429.6,5704.0,-4296.0,-35.0,65.0,-35.0,650.0,-350.0,6500.0,-3500.0,The AI build-out has a problem that $1 trillion in cash can't fix,Yahoo Finance,2026-08-14,-0.402,Bloom Energy vs. Oklo: Which AI-Power Stock Is the Smarter Buy Now?,Motley Fool,2026-08-14,0.625,Can OKLO's Groves Milestone Validate Its Nuclear Strategy?,Zacks,2026-08-14,0.361,,,,,,,,,,
NNE,NANO Nuclear Energy,AI,smr,NASDAQ,19.66,-4.68%,+4.30%,+10.02%,-28.79%,-43%*,1.056,5.409,,2.66,1811411,10941411,49047311,,35.5,none,,-4.68,95.32,-4.68,953.2,-46.8,9532.0,-468.0,4.3,104.3,4.3,1043.0,43.0,10430.0,430.0,10.02,110.02,10.02,1100.2,100.2,11002.0,1002.0,-28.79,71.21,-28.79,712.1,-287.9,7121.0,-2879.0,-43.0,57.0,-43.0,570.0,-430.0,5700.0,-4300.0,Nano Nuclear Energy Inc (NNE) (Q3 2026) Earnings Call Highlights: Strategic Progress and ...,GuruFocus.com,2026-08-13,0.599,Nano Nuclear Energy Q3 Earnings Call Highlights,MarketBeat,2026-08-13,0.273,"Nano Nuclear Energy Inc. (NNE) Reports Q3 Loss, Misses Revenue Estimates",Zacks,2026-08-12,-0.273,,,,,,,,,,
CCJ,Cameco Corporation,AI,uranium,NYSE,97.74,-1.55%,+0.36%,+7.43%,-0.83%,+29%,42.569,0.992,165.66,3.39,1658396,10540496,81179796,18.0,,buy,1.62,-1.55,98.45,-1.55,984.5,-15.5,9845.0,-155.0,0.36,100.36,0.36,1003.6,3.6,10036.0,36.0,7.43,107.43,7.43,1074.3,74.3,10743.0,743.0,-0.83,99.17,-0.83,991.7,-8.3,9917.0,-83.0,29.0,129.0,29.0,1290.0,290.0,12900.0,2900.0,"Should You Buy, Hold or Sell UUUU Stock Post Q2 Earnings?",Zacks,2026-08-12,0.0,Cameco vs. Uranium Energy: Which Uranium Stock Wins the Nuclear Restart?,Motley Fool,2026-08-10,0.7,Cameco (TSX:CCO) Stock May Be 13% Overvalued Following UBS Upgrade,Simply Wall St.,2026-08-10,0.0,,,,,,,,,,
UEC,Uranium Energy Corp,AI,uranium,NYSE,11.21,+0.27%,-0.44%,+10.88%,-14.49%,+4%,5.495,1.208,,9.79,4892814,27695614,182685114,,14.38,strong_buy,1.44,0.27,100.27,0.27,1002.7,2.7,10027.0,27.0,-0.44,99.56,-0.44,995.6,-4.4,9956.0,-44.0,10.88,110.88,10.88,1108.8,108.8,11088.0,1088.0,-14.49,85.51,-14.49,855.1,-144.9,8551.0,-1449.0,4.0,104.0,4.0,1040.0,40.0,10400.0,400.0,"Insider Sheds Over 55,000 Shares of North American Uranium Stock",Motley Fool,2026-08-11,0.296,"Prediction: $1,000 in Uranium Energy Corp Will Be Worth This Much in 5 Years",Motley Fool,2026-08-10,0.459,Uranium Energy vs. Oklo: Which Nuclear Fuel Play Wins in 2026?,Motley Fool,2026-08-10,0.802,,,,,,,,,,
LEU,Centrus Energy,AI,uranium,NYSE,190.15,-1.25%,-0.64%,+21.47%,-30.22%,+5%,3.794,1.35,100.08,0.84,369380,2280280,15574480,,26.68,buy,1.71,-1.25,98.75,-1.25,987.5,-12.5,9875.0,-125.0,-0.64,99.36,-0.64,993.6,-6.4,9936.0,-64.0,21.47,121.47,21.47,1214.7,214.7,12147.0,2147.0,-30.22,69.78,-30.22,697.8,-302.2,6978.0,-3022.0,5.0,105.0,5.0,1050.0,50.0,10500.0,500.0,Is OKLO Stock Worth Buying Amid Rising Execution Risks?,Zacks,2026-08-14,-0.052,Centrus Energy’s Q2 Earnings Call: Our Top 5 Analyst Questions,StockStory,2026-08-14,0.202,X-Energy Q2 Earnings Call Highlights,MarketBeat,2026-08-13,0.0,,,,,,,,,,
VRT,Vertiv Holdings,AI,power-infra,NYSE,293.84,+1.92%,+7.87%,-3.52%,+67.40%,+116%,113.124,2.077,66.48,6.33,2683556,16384356,138083656,9.0,3.21,strong_buy,1.39,1.92,101.92,1.92,1019.2,19.2,10192.0,192.0,7.87,107.87,7.87,1078.7,78.7,10787.0,787.0,-3.52,96.48,-3.52,964.8,-35.2,9648.0,-352.0,67.4,167.4,67.4,1674.0,674.0,16740.0,6740.0,116.0,216.0,116.0,2160.0,1160.0,21600.0,11600.0,Bloom Energy Stock Has Exploded. Here’s What Could Drive It Even Higher.,24/7 Wall St.,2026-08-14,0.273,G vs. VRT: Which Stock Should Value Investors Buy Now?,Zacks,2026-08-14,0.34,Reddit is Up 11% Premarket After S&P 500 Addition. Here’s How Other New S&P 500 Stocks Performed.,24/7 Wall St.,2026-08-14,0.0,,,,,,,,,,
ETN,Eaton Corporation,AI,power-infra,NYSE,451.51,-0.48%,+0.63%,+9.63%,+39.10%,+29%,175.321,1.177,45.89,2.44,1123053,7586053,54500353,96.0,1.76,buy,1.59,-0.48,99.52,-0.48,995.2,-4.8,9952.0,-48.0,0.63,100.63,0.63,1006.3,6.3,10063.0,63.0,9.63,109.63,9.63,1096.3,96.3,10963.0,963.0,39.1,139.1,39.1,1391.0,391.0,13910.0,3910.0,29.0,129.0,29.0,1290.0,290.0,12900.0,2900.0,Better AI Infrastructure Stock: Vertiv vs. Eaton,Motley Fool,2026-08-12,0.44,AI Needs More Than GPUs. These 3 Stocks Are Building Everything Around Them,24/7 Wall St.,2026-08-10,0.0,Who Really Benefits as Sovereign AI Infrastructure Spending Explodes?,24/7 Wall St.,2026-08-10,0.439,,,,,,,,,,
POWL,Powell Industries,AI,power-infra,NASDAQ,213.48,+4.65%,+0.91%,-13.57%,+81.82%,+140%,7.777,1.216,40.9,0.76,421492,2173892,17839192,17.0,11.1,buy,2.25,4.65,104.65,4.65,1046.5,46.5,10465.0,465.0,0.91,100.91,0.91,1009.1,9.1,10091.0,91.0,-13.57,86.43,-13.57,864.3,-135.7,8643.0,-1357.0,81.82,181.82,81.82,1818.2,818.2,18182.0,8182.0,140.0,240.0,140.0,2400.0,1400.0,24000.0,14000.0,2 of Wall Street’s Favorite Stocks Worth Your Attention and 1 We Ignore,StockStory,2026-08-14,0.34,This $10 Billion ETF Owns the Companies Wiring America’s $68 Billion Data Center Boom,24/7 Wall St.,2026-08-14,0.0,5 Insightful Analyst Questions From Powell’s Q2 Earnings Call,StockStory,2026-08-11,0.0,,,,,,,,,,
EQIX,Equinix,AI,dc-operators,NASDAQ,1102.1,+2.62%,+5.70%,+7.77%,+45.74%,+37%,108.746,0.972,70.78,0.61,451190,2833490,13815290,193.0,2.21,buy,1.53,2.62,102.62,2.62,1026.2,26.2,10262.0,262.0,5.7,105.7,5.7,1057.0,57.0,10570.0,570.0,7.77,107.77,7.77,1077.7,77.7,10777.0,777.0,45.74,145.74,45.74,1457.4,457.4,14574.0,4574.0,37.0,137.0,37.0,1370.0,370.0,13700.0,3700.0,Equinix Plans Through 2029 as Power Constraints Shape Data Center Growth,MarketBeat,2026-08-13,0.382,Equinix (EQIX) Could Be 16% Undervalued On Fresh Debt Raise,Simply Wall St.,2026-08-12,-0.052,"Cipher Digital Delivered Early, But Its Growth Waits On Texas",Trefis,2026-08-10,0.527,,,,,,,,,,
DLR,Digital Realty,AI,dc-operators,NYSE,200.15,+0.55%,+3.28%,+13.68%,+30.85%,+18%,75.397,1.042,253.35,2.97,1759621,8866321,62831121,248.0,0.01,buy,1.52,0.55,100.55,0.55,1005.5,5.5,10055.0,55.0,3.28,103.28,3.28,1032.8,32.8,10328.0,328.0,13.68,113.68,13.68,1136.8,136.8,11368.0,1368.0,30.85,130.85,30.85,1308.5,308.5,13085.0,3085.0,18.0,118.0,18.0,1180.0,180.0,11800.0,1800.0,Is DLR Worth Buying as Growth Accelerates but Valuation Stays Rich?,Zacks,2026-08-12,0.799,DLR Jumps 9.9% in the Past Month as Leasing Momentum Accelerates,Zacks,2026-08-12,0.0,"APLD Surges 101% in a Year: Should You Buy, Sell or Hold the Stock?",Zacks,2026-08-12,0.0,8,buy,0.7,"Buy, 1m +14.14%, YTD +29.17%, news sentiment 0.317. Data center operator benefiting from AI buildout.",buy; 1m +14.14%; YTD +29%; news_s 0.317,,,,,
AMT,American Tower,AI,dc-operators,NYSE,175.58,+0.75%,+1.76%,+4.12%,+2.42%,-15%,81.814,0.894,28.32,3.26,1227265,7766765,66590265,410.0,1.88,buy,1.56,0.75,100.75,0.75,1007.5,7.5,10075.0,75.0,1.76,101.76,1.76,1017.6,17.6,10176.0,176.0,4.12,104.12,4.12,1041.2,41.2,10412.0,412.0,2.42,102.42,2.42,1024.2,24.2,10242.0,242.0,-15.0,85.0,-15.0,850.0,-150.0,8500.0,-1500.0,Lamar Acquires AdSource Outdoor Assets Through UPREIT Transaction,Zacks,2026-08-14,0.178,Do Options Traders Know Something About American Tower Stock We Don't?,Zacks,2026-08-13,0.0,"American Tower SVP Sells 5,000 Shares for $894,450",Motley Fool,2026-08-11,0.296,,,,,,,,,,
GOOGL,Alphabet (Google),AI,hyperscalers,NASDAQ,345.9,-0.10%,-2.37%,-6.75%,+9.90%,+70%,4230.335,1.237,17.36,32.93,16891717,107843017,724460817,26.0,1.2,strong_buy,1.39,-0.1,99.9,-0.1,999.0,-1.0,9990.0,-10.0,-2.37,97.63,-2.37,976.3,-23.7,9763.0,-237.0,-6.75,93.25,-6.75,932.5,-67.5,9325.0,-675.0,9.9,109.9,9.9,1099.0,99.0,10990.0,990.0,70.0,170.0,70.0,1700.0,700.0,17000.0,7000.0,Reddit is joining the S&P 500 next week. Here's what you need to know.,Yahoo Finance Video,2026-08-14,0.0,Gemini & Zocdoc launch AI doctor booking,Yahoo Finance Video,2026-08-13,0.0,Alphabet's $900 Million SpaceX Bet Grew to $94 Billion,GuruFocus.com,2026-08-14,0.0,,,,,,,,,,
MSFT,Microsoft,AI,hyperscalers,NASDAQ,495.4,-0.09%,-0.92%,+25.22%,+5.22%,-4%,3678.615,1.099,27.61,40.96,14356176,120652576,859533176,74.0,1.1,strong_buy,1.36,-0.09,99.91,-0.09,999.1,-0.9,9991.0,-9.0,-0.92,99.08,-0.92,990.8,-9.2,9908.0,-92.0,25.22,125.22,25.22,1252.2,252.2,12522.0,2522.0,5.22,105.22,5.22,1052.2,52.2,10522.0,522.0,-4.0,96.0,-4.0,960.0,-40.0,9600.0,-400.0,Wall Street's riskiest trades are suddenly back on top: Chart of the Day,Yahoo Finance,2026-08-14,-0.178,Nvidia earnings preview: What’s next for Nvidia stock,Yahoo Finance Video,2026-08-14,0.0,The Best House On The Block Costs The Most: PLTR,Trefis,2026-08-14,0.318,1,strong_buy,0.85,"Strong buy consensus, PE 27.39, 1-month momentum +29.08%, positive news sentiment 0.158. Web search highlights Sandisk's AI-driven memory demand, benefiting hyperscalers like MSFT.",strong_buy consensus; PE 27.39; 1m +29.08%; news_s 0.158,,,,,
AMZN,Amazon,AI,hyperscalers,NASDAQ,262.65,-0.98%,-4.31%,+3.02%,+15.96%,+15%,2833.026,1.454,21.13,50.23,25946149,155685049,1092181349,,1.0,strong_buy,1.32,-0.98,99.02,-0.98,990.2,-9.8,9902.0,-98.0,-4.31,95.69,-4.31,956.9,-43.1,9569.0,-431.0,3.02,103.02,3.02,1030.2,30.2,10302.0,302.0,15.96,115.96,15.96,1159.6,159.6,11596.0,1596.0,15.0,115.0,15.0,1150.0,150.0,11500.0,1500.0,Amazon.com vs. Comcast: Which Stock Is a Better Buy in 2026?,Motley Fool,2026-08-14,0.44,The Best House On The Block Costs The Most: PLTR,Trefis,2026-08-14,0.318,"Tiger Global Management cuts stakes in Big Tech, buys into SpaceX",Reuters,2026-08-14,-0.296,,,,,,,,,,
META,Meta Platforms,AI,hyperscalers,NASDAQ,589.85,-0.70%,-0.38%,-13.42%,-9.15%,-24%,1502.646,1.243,22.22,18.21,8412405,63877705,372313605,36.0,1.43,strong_buy,1.35,-0.7,99.3,-0.7,993.0,-7.0,9930.0,-70.0,-0.38,99.62,-0.38,996.2,-3.8,9962.0,-38.0,-13.42,86.58,-13.42,865.8,-134.2,8658.0,-1342.0,-9.15,90.85,-9.15,908.5,-91.5,9085.0,-915.0,-24.0,76.0,-24.0,760.0,-240.0,7600.0,-2400.0,"Tiger Global Management cuts stakes in Big Tech, buys into SpaceX",Reuters,2026-08-14,-0.296,Meta Stock Edges Higher as Australia Enforcement Risk Intensifies,GuruFocus.com,2026-08-14,-0.273,Reddit Is Still Down 24% This Year. What Will It Take to Get RDDT Stock Back Up to $200?,24/7 Wall St.,2026-08-14,0.0,,,,,,,,,,
IREN,Iris Energy,AI,ai-compute,NASDAQ,44.06,-2.57%,+6.86%,+15.10%,+3.19%,+127%*,15.746,4.302,57.22,45.83,37242921,249365721,1112078021,,28.39,buy,1.62,-2.57,97.43,-2.57,974.3,-25.7,9743.0,-257.0,6.86,106.86,6.86,1068.6,68.6,10686.0,686.0,15.1,115.1,15.1,1151.0,151.0,11510.0,1510.0,3.19,103.19,3.19,1031.9,31.9,10319.0,319.0,127.0,227.0,127.0,2270.0,1270.0,22700.0,12700.0,What Does Microsoft (MSFT) Gaining 50MW Of AI Cloud Capacity Mean?,Simply Wall St.,2026-08-14,0.421,Why Iren Stock Topped the Market on Thursday,Motley Fool,2026-08-13,0.0,IREN Stock Jumps as Microsoft and Nvidia Back Its AI Cloud Push,GuruFocus.com,2026-08-13,0.0,7,buy,0.7,"Buy, 1m +15.99%, 1w +18.01%, PE 56.66. Web search: IREN rallies as Microsoft signs off on Horizon 1, a key catalyst.",buy; 1m +16%; 1w +18%; Microsoft catalyst,,,,,
CORZ,Core Scientific,AI,ai-compute,NASDAQ,20.18,+1.66%,-3.95%,-11.18%,+26.20%,+40%*,6.484,5.592,,12.77,10130749,60655849,305275049,,22.21,strong_buy,1.29,1.66,101.66,1.66,1016.6,16.6,10166.0,166.0,-3.95,96.05,-3.95,960.5,-39.5,9605.0,-395.0,-11.18,88.82,-11.18,888.2,-111.8,8882.0,-1118.0,26.2,126.2,26.2,1262.0,262.0,12620.0,2620.0,40.0,140.0,40.0,1400.0,400.0,14000.0,4000.0,"Core Scientific closes $444 million deal for Polaris, targets 1.5 GW Muskogee campus",Blockspace,2026-08-14,0.0,"IREN Rallies 6% as Microsoft Signs Off on Horizon 1, NVIDIA Grants Exemplar Cloud Status",24/7 Wall St.,2026-08-13,0.226,Advanced Micro Devices vs. AppLovin: Which Technology Stock Is a Better Buy in 2026?,Motley Fool,2026-08-12,0.599,,,,,,,,,,
WULF,TeraWulf,AI,ai-compute,NASDAQ,17.38,+5.47%,+1.76%,-10.27%,+36.42%,+82%*,8.672,4.288,,32.01,30519709,156123509,753021809,,26.2,strong_buy,1.28,5.47,105.47,5.47,1054.7,54.7,10547.0,547.0,1.76,101.76,1.76,1017.6,17.6,10176.0,176.0,-10.27,89.73,-10.27,897.3,-102.7,8973.0,-1027.0,36.42,136.42,36.42,1364.2,364.2,13642.0,3642.0,82.0,182.0,82.0,1820.0,820.0,18200.0,8200.0,"TeraWulf (WULF) Shares Dropped, So What Is Driving Attention Now?",Simply Wall St.,2026-08-14,0.296,TeraWulf (WULF) Stock Looks Stretched With Cash Flow And Sales In Focus,Simply Wall St.,2026-08-13,0.0,"IREN Rallies 6% as Microsoft Signs Off on Horizon 1, NVIDIA Grants Exemplar Cloud Status",24/7 Wall St.,2026-08-13,0.226,,,,,,,,,,
HUT,Hut 8 Mining,AI,ai-compute,NASDAQ,85.44,+1.98%,-3.56%,-17.07%,+66.65%,+256%,10.531,6.108,,4.42,5377804,22576704,110966004,,10.99,strong_buy,1.35,1.98,101.98,1.98,1019.8,19.8,10198.0,198.0,-3.56,96.44,-3.56,964.4,-35.6,9644.0,-356.0,-17.07,82.93,-17.07,829.3,-170.7,8293.0,-1707.0,66.65,166.65,66.65,1666.5,666.5,16665.0,6665.0,256.0,356.0,256.0,3560.0,2560.0,35600.0,25600.0,Hut 8 says Beacon Point may be among 23 Texas projects cleared for review: Needham,Blockspace,2026-08-14,0.103,Earnings For Bitcoin Miners Hit 10-Year Low,CryptoProwl,2026-08-12,-0.273,Most Power Sought for US Data Centers Will Never Materialize,Bloomberg,2026-08-12,0.0,,,,,,,,,,
SMCI,Super Micro Computer,AI,ai-compute,NASDAQ,39.84,+1.14%,+27.98%,+48.16%,+28.68%,-14%,25.771,1.967,20.97,57.69,61388358,501741358,1333014558,,18.45,hold,2.84,1.14,101.14,1.14,1011.4,11.4,10114.0,114.0,27.98,127.98,27.98,1279.8,279.8,12798.0,2798.0,48.16,148.16,48.16,1481.6,481.6,14816.0,4816.0,28.68,128.68,28.68,1286.8,286.8,12868.0,2868.0,-14.0,86.0,-14.0,860.0,-140.0,8600.0,-1400.0,Earnings live updates: Applied Materials stock falls after solid earnings fail to impress,Yahoo Finance,2026-08-10,-0.0,"Marvell Technology, MACOM, Micron, Western Digital, and Semtech Shares Skyrocket, What You Need To Know",StockStory,2026-08-14,0.296,"Entegris, Penguin Solutions, Seagate, Applied Materials, and KLA Corporation Shares Are Soaring, What You Need To Know",StockStory,2026-08-14,0.44,10,buy,0.6,"Hold rating but strong momentum: 1m +41.63%, 1w +33.29%, PE 19.78. Low PE relative to AI compute peers.",1m +41.63%; 1w +33.29%; PE 19.78; momentum,,,,,
DELL,Dell Technologies,AI,ai-compute,NYSE,490.81,-1.25%,+8.16%,+19.13%,+287.56%,+258%,317.133,1.401,39.08,8.71,3574867,27665467,143810667,52.0,4.36,buy,1.78,-1.25,98.75,-1.25,987.5,-12.5,9875.0,-125.0,8.16,108.16,8.16,1081.6,81.6,10816.0,816.0,19.13,119.13,19.13,1191.3,191.3,11913.0,1913.0,287.56,387.56,287.56,3875.6,2875.6,38756.0,28756.0,258.0,358.0,258.0,3580.0,2580.0,35800.0,25800.0,Dell Stock Rises as Wells Fargo Lifts Target to $545,GuruFocus.com,2026-08-14,0.25,"Cisco Beat On Every Line, Then Fell On What AI Costs To Ship",Trefis,2026-08-14,0.0,Earnings Prove AI Hardware Demand Is Strong. That’s Good News for Dell Stock.,Barrons.com,2026-08-14,0.691,5,strong_buy,0.955,"Buy, YTD +290.48%, PE 38.6, 1w +12.99%. AI server demand driving strong growth and momentum.",buy; YTD +290%; PE 38.6; 1w +12.99%,,,,,
COHR,Coherent Corp,AI,fibre-optical,NYSE,325.83,-1.27%,-14.06%,+8.83%,+67.67%,+250%,63.745,2.107,79.08,5.97,8080175,49958175,152919275,,5.42,buy,1.67,-1.27,98.73,-1.27,987.3,-12.7,9873.0,-127.0,-14.06,85.94,-14.06,859.4,-140.6,8594.0,-1406.0,8.83,108.83,8.83,1088.3,88.3,10883.0,883.0,67.67,167.67,67.67,1676.7,676.7,16767.0,6767.0,250.0,350.0,250.0,3500.0,2500.0,35000.0,25000.0,Why Is Coherent (COHR) Stock Rocketing Higher Today,StockStory,2026-08-14,0.0,"Corning, Lumentum And Applied Optoelectronics Shares Popping To End The Week",24/7 Wall St.,2026-08-14,0.296,AAOI Rides on Datacenter & CATV Growth: Can It Beat LITE and COHR?,Zacks,2026-08-14,0.382,,,,,,,,,,
LITE,Lumentum Holdings,AI,fibre-optical,NASDAQ,926.14,+4.13%,+4.04%,+23.16%,+139.86%,+660%,82.056,1.513,,5.41,4224373,32785673,116632173,,12.16,buy,1.54,4.13,104.13,4.13,1041.3,41.3,10413.0,413.0,4.04,104.04,4.04,1040.4,40.4,10404.0,404.0,23.16,123.16,23.16,1231.6,231.6,12316.0,2316.0,139.86,239.86,139.86,2398.6,1398.6,23986.0,13986.0,660.0,760.0,660.0,7600.0,6600.0,76000.0,66000.0,Why Is Coherent (COHR) Stock Rocketing Higher Today,StockStory,2026-08-14,0.0,"Corning, Lumentum And Applied Optoelectronics Shares Popping To End The Week",24/7 Wall St.,2026-08-14,0.296,"Blaize Holdings, Lightwave Logic, nLight Diverge in Big Price Swings Today",24/7 Wall St.,2026-08-14,0.0,,,,,,,,,,
AAOI,Applied Optoelectronics,AI,fibre-optical,NASDAQ,150.28,+13.45%,+10.80%,+37.76%,+279.49%,+482%,12.709,3.787,,11.94,18618908,70228708,272495808,,12.81,buy,2.33,13.45,113.45,13.45,1134.5,134.5,11345.0,1345.0,10.8,110.8,10.8,1108.0,108.0,11080.0,1080.0,37.76,137.76,37.76,1377.6,377.6,13776.0,3776.0,279.49,379.49,279.49,3794.9,2794.9,37949.0,27949.0,482.0,582.0,482.0,5820.0,4820.0,58200.0,48200.0,Applied Optoelectronics (AAOI) Stock May Be Undervalued Despite Fresh AI Demand News,Simply Wall St.,2026-08-14,-0.151,The Optical Shift: Why AAOI is Built for the AI Boom,Zacks,2026-08-14,0.0,"Corning, Lumentum And Applied Optoelectronics Shares Popping To End The Week",24/7 Wall St.,2026-08-14,0.296,,,,,,,,,,
FN,Fabrinet,AI,fibre-optical,NYSE,570.22,-0.49%,+1.39%,+17.17%,+18.94%,+72%,20.43,1.222,49.11,0.95,518849,3065049,17726049,,6.13,none,,-0.49,99.51,-0.49,995.1,-4.9,9951.0,-49.0,1.39,101.39,1.39,1013.9,13.9,10139.0,139.0,17.17,117.17,17.17,1171.7,171.7,11717.0,1717.0,18.94,118.94,18.94,1189.4,189.4,11894.0,1894.0,72.0,172.0,72.0,1720.0,720.0,17200.0,7200.0,FN Gears Up to Report Q4 Earnings: What's in Store for the Stock?,Zacks,2026-08-14,0.0,"Fabrinet's COO Sells Nearly 7,000 Shares for $3.6 Million. Here's What That Means for Investors.",Motley Fool,2026-08-14,0.296,Why Fabrinet (FN) Shares Climbed After Its Latest Update,Simply Wall St.,2026-08-13,0.296,9,buy,0.65,"No analyst but news sentiment 0.364, 1m +17.34%, 1w +4.14%, PE 49.0. Strong recent momentum and positive news flow.",news_s 0.364; 1m +17.34%; PE 49.0; 1w +4.14%,,,,,
MTSI,MACOM Technology,AI,dsp-semi,NASDAQ,316.44,+2.41%,+4.91%,+7.99%,+80.86%,+149%,24.167,1.71,101.1,1.7,784519,6607619,33232719,,3.69,buy,1.6,2.41,102.41,2.41,1024.1,24.1,10241.0,241.0,4.91,104.91,4.91,1049.1,49.1,10491.0,491.0,7.99,107.99,7.99,1079.9,79.9,10799.0,799.0,80.86,180.86,80.86,1808.6,808.6,18086.0,8086.0,149.0,249.0,149.0,2490.0,1490.0,24900.0,14900.0,"Marvell Technology, MACOM, Micron, Western Digital, and Semtech Shares Skyrocket, What You Need To Know",StockStory,2026-08-14,0.296,MACOM (MTSI) Q3 2026 Earnings Call Transcript,Motley Fool,2026-08-13,0.0,How Much Upside is Left in M/A-Com (MTSI)? Wall Street Analysts Think 28%,Zacks,2026-08-13,0.0,,,,,,,,,,
SMTC,Semtech,AI,dsp-semi,NASDAQ,140.35,+4.90%,+0.67%,+3.79%,+86.49%,+168%,13.074,2.345,,3.46,1831595,8665195,48620895,,9.13,none,,4.9,104.9,4.9,1049.0,49.0,10490.0,490.0,0.67,100.67,0.67,1006.7,6.7,10067.0,67.0,3.79,103.79,3.79,1037.9,37.9,10379.0,379.0,86.49,186.49,86.49,1864.9,864.9,18649.0,8649.0,168.0,268.0,168.0,2680.0,1680.0,26800.0,16800.0,"Marvell Technology, MACOM, Micron, Western Digital, and Semtech Shares Skyrocket, What You Need To Know",StockStory,2026-08-14,0.296,GF Securities Revisits AI Stock Rebound,GuruFocus.com,2026-08-12,0.296,Monolithic Power (MPWR) Tops Q2 Earnings and Revenue Estimates,Zacks,2026-07-30,0.511,,,,,,,,,,
CRDO,Credo Technology,AI,dsp-semi,NASDAQ,259.9,-3.56%,+4.01%,+14.62%,+81.47%,+128%,48.466,3.233,103.96,8.01,3322934,19664934,121886634,,3.66,none,,-3.56,96.44,-3.56,964.4,-35.6,9644.0,-356.0,4.01,104.01,4.01,1040.1,40.1,10401.0,401.0,14.62,114.62,14.62,1146.2,146.2,11462.0,1462.0,81.47,181.47,81.47,1814.7,814.7,18147.0,8147.0,128.0,228.0,128.0,2280.0,1280.0,22800.0,12800.0,"Credo Stock On The Mend After Tech Sell-Off, But Needs More Work To Break Out",Investor's Business Daily,2026-08-14,0.0,Applied Materials (AMAT) Beats Q3 Earnings and Revenue Estimates,Zacks,2026-08-13,0.0,"Stock Market Today: Nasdaq 100 Leads Upside; Cerebras Smashed On Earnings, Yet Up For Week (Live Coverage)",Investor's Business Daily,2026-08-13,0.0,,,,,,,,,,
MXL,MaxLinear,AI,dsp-semi,NASDAQ,84.84,+9.27%,+13.15%,-4.50%,+358.35%,+401%,7.694,3.975,,4.06,3176797,10978197,87400997,,6.43,none,,9.27,109.27,9.27,1092.7,92.7,10927.0,927.0,13.15,113.15,13.15,1131.5,131.5,11315.0,1315.0,-4.5,95.5,-4.5,955.0,-45.0,9550.0,-450.0,358.35,458.35,358.35,4583.5,3583.5,45835.0,35835.0,401.0,501.0,401.0,5010.0,4010.0,50100.0,40100.0,Does MaxLinear (MXL) Have the Potential to Rally 31.25% as Wall Street Analysts Expect?,Zacks,2026-08-14,0.0,"The Zacks Analyst Blog Highlights MaxLinear, Marvell Technology and Broadcom",Zacks,2026-07-28,0.0,MaxLinear Rides on AI Infrastructure Momentum: More Upside Ahead?,Zacks,2026-07-27,0.0,,,,,,,,,,
KEYS,Keysight Technologies,AI,test-equip,NYSE,357.82,+0.79%,+6.19%,+10.88%,+73.20%,+117%,61.15,1.21,57.81,1.55,660351,4102351,24715651,,2.14,buy,1.75,0.79,100.79,0.79,1007.9,7.9,10079.0,79.0,6.19,106.19,6.19,1061.9,61.9,10619.0,619.0,10.88,110.88,10.88,1108.8,108.8,11088.0,1088.0,73.2,173.2,73.2,1732.0,732.0,17320.0,7320.0,117.0,217.0,117.0,2170.0,1170.0,21700.0,11700.0,Keysight Technologies (KEYS) Could Be 8% Undervalued Following OCP APAC Summit,Simply Wall St.,2026-08-14,0.0,Keysight (KEYS) Stock Looks Fully Valued Following Its 136% Run,Simply Wall St.,2026-08-14,0.493,Keysight to Report Q3 Earnings: Can Healthy Revenues Drive Growth?,Zacks,2026-08-13,0.649,,,,,,,,,,
VIAV,Viavi Solutions,AI,test-equip,NASDAQ,43.54,+0.58%,+11.24%,+8.52%,+139.89%,+299%,10.741,1.234,,6.96,3148215,20994215,120190815,,6.56,strong_buy,1.38,0.58,100.58,0.58,1005.8,5.8,10058.0,58.0,11.24,111.24,11.24,1112.4,112.4,11124.0,1124.0,8.52,108.52,8.52,1085.2,85.2,10852.0,852.0,139.89,239.89,139.89,2398.9,1398.9,23989.0,13989.0,299.0,399.0,299.0,3990.0,2990.0,39900.0,29900.0,Why Viavi Solutions (VIAV) Stock Is Up Today,StockStory,2026-08-14,0.178,Does Viavi Solutions (VIAV) Have the Potential to Rally 38.8% as Wall Street Analysts Expect?,Zacks,2026-08-14,0.178,Viavi Solutions Gains From AI Infrastructure Demand as Margins Expand,Zacks,2026-08-13,0.599,6,strong_buy,0.953,"Strong buy, YTD +136.86%, news sentiment 0.542, 1w +5.91%. AI infrastructure demand expanding margins.",strong_buy; YTD +137%; news_s 0.542; 1w +5.91%,,,,,
AXTI,AXT Inc,AI,materials,NASDAQ,81.64,+4.69%,-7.83%,+52.83%,+387.11%,+3678%,5.341,1.933,2721.33,10.29,9262030,54148730,265458130,,16.05,buy,1.6,4.69,104.69,4.69,1046.9,46.9,10469.0,469.0,-7.83,92.17,-7.83,921.7,-78.3,9217.0,-783.0,52.83,152.83,52.83,1528.3,528.3,15283.0,5283.0,387.11,487.11,387.11,4871.1,3871.1,48711.0,38711.0,3678.0,3778.0,3678.0,37780.0,36780.0,377800.0,367800.0,"AXT, T1 Energy and Babcock & Wilcox Soaring Higher On Friday",24/7 Wall St.,2026-08-14,0.273,Lumentum and AXT Ripped Higher. Investors Looking for Broad Optics Exposure Should Consider This Brand-New ETF,24/7 Wall St.,2026-08-13,0.0,Earnings Estimates Moving Higher for AXT (AXTI): Time to Buy?,Zacks,2026-08-12,0.0,,,,,,,,,,
AMGN,Amgen,Biotech,large-cap,NASDAQ,415.21,-0.63%,+1.04%,+15.88%,+28.57%,+41%,224.093,0.413,25.81,2.72,1612870,10445670,60803870,242.0,2.46,buy,2.47,-0.63,99.37,-0.63,993.7,-6.3,9937.0,-63.0,1.04,101.04,1.04,1010.4,10.4,10104.0,104.0,15.88,115.88,15.88,1158.8,158.8,11588.0,1588.0,28.57,128.57,28.57,1285.7,285.7,12857.0,2857.0,41.0,141.0,41.0,1410.0,410.0,14100.0,4100.0,BofA biotech scorecard: Two buys and odd one out,TheStreet,2026-08-14,-0.318,Amgen (AMGN) Stock Looks Undervalued With A 37% Fair Value Gap,Simply Wall St.,2026-08-14,0.572,Amgen (AMGN) Opens New Science And Innovation Center In Hyderabad,Simply Wall St.,2026-08-14,0.382,1,strong_buy,0.9,"AMGN beat Q2 estimates ($6.29 vs $5.60 EPS) and raised 2026 guidance; YTD +29.38%, P/E 25.84, news sentiment 0.204, with strong growth drivers (Repatha +37%, Imdelltra +115%) and MariTide Phase 3 underway [finance.yahoo.com](https://finance.yahoo.com/healthcare/articles/amgn-q2-earnings-call-centers-140000556.html).",Q2 earnings beat & raised guidance; YTD +29.38% momentum; P/E 25.84 reasonable; Positive news sentiment 0.204,,,,,
GILD,Gilead Sciences,Biotech,large-cap,NASDAQ,138.36,+0.26%,+3.87%,+5.06%,+15.18%,+17%,171.56,0.336,,7.73,3296047,26203847,153917047,241.0,1.97,buy,1.69,0.26,100.26,0.26,1002.6,2.6,10026.0,26.0,3.87,103.87,3.87,1038.7,38.7,10387.0,387.0,5.06,105.06,5.06,1050.6,50.6,10506.0,506.0,15.18,115.18,15.18,1151.8,151.8,11518.0,1518.0,17.0,117.0,17.0,1170.0,170.0,11700.0,1700.0,Gilead wins appeals court ruling against overseas drug imports,Quartz,2026-08-14,0.572,BofA biotech scorecard: Two buys and odd one out,TheStreet,2026-08-14,-0.318,"Could Merck & Co., Inc. (MRK) and Gilead Sciences, Inc. (GILD)’s Partnership Create the Next Big Pharma Growth Engine",Insider Monkey,2026-08-13,0.572,7,buy,0.7,"GILD shows solid YTD +15.00% and 1M +6.23% momentum, low beta 0.336, analyst buy consensus (score 1.69), and positive news sentiment 0.135, with a 2.41% dividend yield.",YTD +15.00%; Low beta 0.336; Analyst buy (1.69); Dividend yield 2.41%,,,,,
REGN,Regeneron Pharmaceuticals,Biotech,large-cap,NASDAQ,803.48,-0.41%,+2.44%,+20.92%,+3.78%,+39%,82.722,0.188,19.9,1.01,375823,3813423,18617323,47.0,3.48,buy,1.81,-0.41,99.59,-0.41,995.9,-4.1,9959.0,-41.0,2.44,102.44,2.44,1024.4,24.4,10244.0,244.0,20.92,120.92,20.92,1209.2,209.2,12092.0,2092.0,3.78,103.78,3.78,1037.8,37.8,10378.0,378.0,39.0,139.0,39.0,1390.0,390.0,13900.0,3900.0,BMS builds big in Texas; Regeneron backs would-be rival,Pharma Voice,2026-08-14,-0.052,Infinimmune raises $75m with big pharma backing for atopic dermatitis drugs,Pharmaceutical Technology,2026-08-12,0.026,"REGN Soars 21.9% in a Month: Buy, Sell or Hold the Stock?",Zacks,2026-08-11,0.0,3,buy,0.8,"REGN has strong 1M momentum (+22.84%) with a reasonable P/E of 19.76, analyst buy rating (score 1.81), and low beta 0.188, offering a balanced risk/reward profile.",1M +22.84% momentum; P/E 19.76 attractive; Analyst buy consensus; Low beta 0.188,,,,,
VRTX,Vertex Pharmaceuticals,Biotech,large-cap,NASDAQ,505.75,-1.89%,+1.95%,+6.01%,+11.86%,+31%,128.107,0.305,29.49,1.57,1094735,6752835,30857435,,1.76,buy,1.62,-1.89,98.11,-1.89,981.1,-18.9,9811.0,-189.0,1.95,101.95,1.95,1019.5,19.5,10195.0,195.0,6.01,106.01,6.01,1060.1,60.1,10601.0,601.0,11.86,111.86,11.86,1118.6,118.6,11186.0,1186.0,31.0,131.0,31.0,1310.0,310.0,13100.0,3100.0,Vertex Pharmaceuticals Just Hit an All-Time High. Here's Why the Biotech Stock Could Soar Even More,Motley Fool,2026-08-14,0.0,Vertex Pharmaceuticals (VRTX) Could Be 8% Undervalued Following Raised 2026 Guidance,Simply Wall St.,2026-08-14,0.0,BofA biotech scorecard: Two buys and odd one out,TheStreet,2026-08-14,-0.318,9,buy,0.65,"VRTX has YTD +14.22% and 1W +6.70% momentum, a solid P/E of 30.58, and strong analyst buy rating (score 1.62), though news sentiment is slightly negative at -0.091.",YTD +14.22%; P/E 30.58; Analyst buy (1.62); 1W +6.70%,,,,,
BIIB,Biogen,Biotech,large-cap,NASDAQ,209.83,-1.27%,+0.91%,+6.38%,+18.00%,+52%,31.003,0.162,37.34,1.21,513349,3805649,24684749,,4.11,buy,1.86,-1.27,98.73,-1.27,987.3,-12.7,9873.0,-127.0,0.91,100.91,0.91,1009.1,9.1,10091.0,91.0,6.38,106.38,6.38,1063.8,63.8,10638.0,638.0,18.0,118.0,18.0,1180.0,180.0,11800.0,1800.0,52.0,152.0,52.0,1520.0,520.0,15200.0,5200.0,"Wolfe Research upgrades Biogen, AbbVie on pipeline strength and valuation",Investing.com,2026-08-13,0.494,Biogen (BIIB) Q2 2026 Earnings Call Transcript,Motley Fool,2026-08-08,0.0,Biogen Stock: How To Find & Own America's Greatest Opportunities,Investor's Business Daily,2026-08-05,0.778,6,buy,0.75,"BIIB has YTD +18.46% and 1M +9.74% momentum, positive news sentiment 0.254, and a recent Wolfe Research upgrade on pipeline strength, with analyst buy rating (score 1.86).",YTD +18.46%; 1M +9.74%; News sentiment 0.254; Wolfe upgrade,,,,,
BMY,Bristol-Myers Squibb,Biotech,large-cap,NYSE,63.83,-1.42%,-1.38%,+8.70%,+21.99%,+33%,130.386,0.225,14.06,12.45,5295831,42451531,277608031,396.0,2.56,buy,2.46,-1.42,98.58,-1.42,985.8,-14.2,9858.0,-142.0,-1.38,98.62,-1.38,986.2,-13.8,9862.0,-138.0,8.7,108.7,8.7,1087.0,87.0,10870.0,870.0,21.99,121.99,21.99,1219.9,219.9,12199.0,2199.0,33.0,133.0,33.0,1330.0,330.0,13300.0,3300.0,AbbVie vs. Bristol-Myers Squibb: Which Healthcare Stock Is a Better Buy in 2026?,Motley Fool,2026-08-14,0.44,Can BMY's First CELMoD Approval Support Its Growth Strategy?,Zacks,2026-08-14,0.813,"Bristol Myers Squibb (BMY) Wins FDA Approval, Is The Stock Fully Priced?",Simply Wall St.,2026-08-14,0.778,8,buy,0.65,"BMY has YTD +23.56% and 1M +13.52% momentum, a low P/E of 14.02, and a high dividend yield of 3.96%, but negative news sentiment -0.203 and merger uncertainty weigh on confidence.",YTD +23.56%; P/E 14.02 value; Dividend yield 3.96%; Merger catalyst,,,,,
AZN,AstraZeneca,Biotech,uk-listed,LSE,155.1,-2.12%,-3.67%,-7.31%,-15.67%,+1%,2.405,0.211,23.15,2.91,3963823,15276190,97469414,204.0,,buy,1.83,-2.12,97.88,-2.12,978.8,-21.2,9788.0,-212.0,-3.67,96.33,-3.67,963.3,-36.7,9633.0,-367.0,-7.31,92.69,-7.31,926.9,-73.1,9269.0,-731.0,-15.67,84.33,-15.67,843.3,-156.7,8433.0,-1567.0,1.0,101.0,1.0,1010.0,10.0,10100.0,100.0,"Bristol Myers Squibb (BMY) Wins FDA Approval, Is The Stock Fully Priced?",Simply Wall St.,2026-08-14,0.778,Is the Reported $400 Billion AstraZeneca-Bristol Myers Squibb Megamerger a Slam Dunk -- or a Disaster Waiting to Happen?,Motley Fool,2026-08-14,-0.772,Royalty Pharma plc (RPRX) vs. AstraZeneca PLC (AZN): Which Biopharma Model Offers the Better Growth Story?,Insider Monkey,2026-08-13,0.67,,,,,,,,,,
GSK,GSK,Biotech,uk-listed,LSE,24.6,-2.10%,-7.29%,-5.35%,-0.74%,+30%,0.985,0.295,15.4,7.82,14891091,35437275,197101603,364.0,,hold,2.59,-2.1,97.9,-2.1,979.0,-21.0,9790.0,-210.0,-7.29,92.71,-7.29,927.1,-72.9,9271.0,-729.0,-5.35,94.65,-5.35,946.5,-53.5,9465.0,-535.0,-0.74,99.26,-0.74,992.6,-7.4,9926.0,-74.0,30.0,130.0,30.0,1300.0,300.0,13000.0,3000.0,Could GSK plc (GSK)’s Pipeline Acceleration Unlock a New Growth Era?,Insider Monkey,2026-08-13,0.382,Wave Life Sciences: A $1 Billion RNA-Medicine Bargain Ripe for Pharma Takeover,24/7 Wall St.,2026-08-13,0.202,Trump Plans to Sign Order on Splitting Up Combined Measles Shot,Bloomberg,2026-08-10,0.0,,,,,,,,,,
CRSP,CRISPR Therapeutics,Biotech,gene-editing,NASDAQ,53.55,-0.83%,+0.06%,+4.24%,-0.41%,-10%,5.178,1.738,,1.66,799364,4704264,33481164,,22.28,buy,2.0,-0.83,99.17,-0.83,991.7,-8.3,9917.0,-83.0,0.06,100.06,0.06,1000.6,0.6,10006.0,6.0,4.24,104.24,4.24,1042.4,42.4,10424.0,424.0,-0.41,99.59,-0.41,995.9,-4.1,9959.0,-41.0,-10.0,90.0,-10.0,900.0,-100.0,9000.0,-1000.0,"Crispr Therapeutics Posts ""Quiet"" Quarter as Casgevy Advances, SiRNA Data Readouts Near, RBC Says",MT Newswires,2026-08-04,0.0,"VRTX's Q2 Earnings Lag Estimates, Revenues Top, 2026 Sales View Raised",Zacks,2026-08-04,-0.153,CRISPR Therapeutics' Q2 Earnings & Revenues Surpass Estimates,Zacks,2026-08-04,0.0,10,buy,0.55,"CRSP has 1M +7.00% and 1W +4.55% momentum, analyst buy rating (score 2.0), and high short interest of 22.28% which could fuel a squeeze, but lacks earnings and has low news sentiment 0.019.",1M +7.00%; Short interest 22.28%; Analyst buy; Gene-editing catalyst,,,,,
BEAM,Beam Therapeutics,Biotech,gene-editing,NASDAQ,26.75,-0.52%,-2.66%,-13.26%,-1.44%,+49%,2.762,2.209,,2.17,1222628,7381628,42029128,,35.17,strong_buy,1.33,-0.52,99.48,-0.52,994.8,-5.2,9948.0,-52.0,-2.66,97.34,-2.66,973.4,-26.6,9734.0,-266.0,-13.26,86.74,-13.26,867.4,-132.6,8674.0,-1326.0,-1.44,98.56,-1.44,985.6,-14.4,9856.0,-144.0,49.0,149.0,49.0,1490.0,490.0,14900.0,4900.0,"BEAM's Q2 Loss Wider Than Expected, Revenues Fall Y/Y, Pipeline in Focus",Zacks,2026-08-05,-0.318,"Beam Therapeutics Inc. (BEAM) Reports Q2 Loss, Lags Revenue Estimates",Zacks,2026-08-04,-0.586,"Myriad Genetics (MYGN) Reports Q2 Loss, Misses Revenue Estimates",Zacks,2026-07-30,-0.494,,,,,,,,,,
NTLA,Intellia Therapeutics,Biotech,gene-editing,NASDAQ,11.91,+0.25%,-0.25%,-8.67%,+29.32%,+8%,1.669,1.794,,5.3,2313791,12903291,83391791,,39.57,buy,2.26,0.25,100.25,0.25,1002.5,2.5,10025.0,25.0,-0.25,99.75,-0.25,997.5,-2.5,9975.0,-25.0,-8.67,91.33,-8.67,913.3,-86.7,9133.0,-867.0,29.32,129.32,29.32,1293.2,293.2,12932.0,2932.0,8.0,108.0,8.0,1080.0,80.0,10800.0,800.0,Intellia (NTLA) Q2 2026 Earnings Call Transcript,Motley Fool,2026-08-13,0.0,These Are the Stocks Wall Street Is Betting Against the Most,GuruFocus.com,2026-08-12,0.0,"NTLA Q2 Earnings In Line, Top Line Misses on Lower Regeneron Revenues",Zacks,2026-08-07,-0.318,,,,,,,,,,
EDIT,Editas Medicine,Biotech,gene-editing,NASDAQ,2.82,-1.05%,-2.76%,-7.24%,+37.56%,-7%*,0.433,2.063,,2.58,1465696,7525696,32450996,,15.3,buy,2.17,-1.05,98.95,-1.05,989.5,-10.5,9895.0,-105.0,-2.76,97.24,-2.76,972.4,-27.6,9724.0,-276.0,-7.24,92.76,-7.24,927.6,-72.4,9276.0,-724.0,37.56,137.56,37.56,1375.6,375.6,13756.0,3756.0,-7.0,93.0,-7.0,930.0,-70.0,9300.0,-700.0,Is Editas Medicine (EDIT) Outperforming Other Medical Stocks This Year?,Zacks,2026-08-10,0.0,"EDIT Q2 Earnings Beat Estimates, Revenues Rise, Pipeline in Focus",Zacks,2026-08-06,0.0,"Editas Medicine (EDIT) Reports Q2 Loss, Beats Revenue Estimates",Zacks,2026-08-05,-0.318,,,,,,,,,,
ILMN,Illumina,Biotech,genomics,NASDAQ,190.89,-1.09%,+1.56%,+2.00%,+42.08%,+92%,28.824,1.464,35.61,1.96,991924,5865524,43466824,,8.73,buy,2.45,-1.09,98.91,-1.09,989.1,-10.9,9891.0,-109.0,1.56,101.56,1.56,1015.6,15.6,10156.0,156.0,2.0,102.0,2.0,1020.0,20.0,10200.0,200.0,42.08,142.08,42.08,1420.8,420.8,14208.0,4208.0,92.0,192.0,92.0,1920.0,920.0,19200.0,9200.0,BMRN vs. ILMN: Which Stock Is the Better Value Option?,Zacks,2026-08-12,0.649,"The Zacks Analyst Blog Highlights Illumina, Qnity Electronics and nVent Electric",Zacks,2026-08-11,0.0,What Makes Illumina (ILMN) a New Strong Buy Stock,Zacks,2026-08-07,0.511,,,,,,,,,,
PACB,Pacific Biosciences,Biotech,genomics,NASDAQ,1.15,-0.86%,-3.36%,-24.84%,-37.50%,-12%*,0.357,2.318,,6.52,3907574,37508974,164861274,,18.12,buy,2.0,-0.86,99.14,-0.86,991.4,-8.6,9914.0,-86.0,-3.36,96.64,-3.36,966.4,-33.6,9664.0,-336.0,-24.84,75.16,-24.84,751.6,-248.4,7516.0,-2484.0,-37.5,62.5,-37.5,625.0,-375.0,6250.0,-3750.0,-12.0,88.0,-12.0,880.0,-120.0,8800.0,-1200.0,5 Must-Read Analyst Questions From PacBio’s Q2 Earnings Call,StockStory,2026-08-14,0.0,"PacBio Q2 Earnings Meet Estimates, Revenues Miss, 2026 Sales View Cut",Zacks,2026-08-06,-0.402,Pacific Biosciences of California Q2 Earnings Call Highlights,MarketBeat,2026-08-06,0.0,,,,,,,,,,
NTRA,Natera,Biotech,genomics,NASDAQ,309.93,-0.37%,+16.79%,+11.74%,+35.44%,+91%,44.674,1.514,,1.47,1263092,9906492,27911792,,3.12,strong_buy,1.5,-0.37,99.63,-0.37,996.3,-3.7,9963.0,-37.0,16.79,116.79,16.79,1167.9,167.9,11679.0,1679.0,11.74,111.74,11.74,1117.4,117.4,11174.0,1174.0,35.44,135.44,35.44,1354.4,354.4,13544.0,3544.0,91.0,191.0,91.0,1910.0,910.0,19100.0,9100.0,Natera (NTRA) Q2 2026 Earnings Call Transcript,Motley Fool,2026-08-14,0.0,Tempus AI's FDA Win Could Unlock Major Reimbursement Growth Ahead,Zacks,2026-08-13,0.77,Is Tempus AI Worth Buying as Growth Improves but Valuation Stays High?,Zacks,2026-08-12,0.485,2,strong_buy,0.85,"NTRA shows exceptional momentum with YTD +35.81% and 1W +17.11%, backed by strong_buy analyst consensus (score 1.5) and high news sentiment 0.387, reflecting strong Q2 execution in genomics.",YTD +35.81%; 1W +17.11% surge; Strong_buy consensus; News sentiment 0.387,,,,,
RXRX,Recursion Pharmaceuticals,Biotech,genomics,NASDAQ,3.16,-4.24%,-1.86%,-4.53%,-24.76%,-43%*,1.695,1.054,,20.76,10387902,56436102,389365402,,35.35,buy,2.43,-4.24,95.76,-4.24,957.6,-42.4,9576.0,-424.0,-1.86,98.14,-1.86,981.4,-18.6,9814.0,-186.0,-4.53,95.47,-4.53,954.7,-45.3,9547.0,-453.0,-24.76,75.24,-24.76,752.4,-247.6,7524.0,-2476.0,-43.0,57.0,-43.0,570.0,-430.0,5700.0,-4300.0,These Are the Stocks Wall Street Is Betting Against the Most,GuruFocus.com,2026-08-12,0.0,Recursion (RXRX) Q2 2026 Earnings Call Transcript,Motley Fool,2026-08-12,0.0,The Biggest IPO of the Year Is Targeted in the Next 60 Days. Why One Unexpected Industry Could Rally Before Then (Hint: It’s Not Tech),24/7 Wall St.,2026-08-11,0.0,,,,,,,,,,
INCY,Incyte,Biotech,oncology,NASDAQ,120.16,+1.40%,-0.33%,+4.41%,+18.48%,+39%,24.356,0.769,15.33,1.87,701472,5018472,41746572,,8.62,buy,2.33,1.4,101.4,1.4,1014.0,14.0,10140.0,140.0,-0.33,99.67,-0.33,996.7,-3.3,9967.0,-33.0,4.41,104.41,4.41,1044.1,44.1,10441.0,441.0,18.48,118.48,18.48,1184.8,184.8,11848.0,1848.0,39.0,139.0,39.0,1390.0,390.0,13900.0,3900.0,"Incyte Corporation (INCY) has the Bigger Revenue Base, but Could Halozyme Therapeutics, Inc. (HALO) have the Better Economics?",Insider Monkey,2026-08-14,0.593,Incyte Sales Growth Drives Share Price Gains,FX Empire,2026-08-12,0.735,"Mirum's Q2 Earnings Lag Estimates, Revenues Beat, 2026 View Raised",Zacks,2026-08-06,-0.34,,,,,,,,,,
EXEL,Exelixis,Biotech,oncology,NASDAQ,51.24,+2.69%,-5.23%,-7.76%,+17.58%,+32%,12.697,0.422,16.11,2.65,1795328,12071128,60304028,,15.86,buy,2.37,2.69,102.69,2.69,1026.9,26.9,10269.0,269.0,-5.23,94.77,-5.23,947.7,-52.3,9477.0,-523.0,-7.76,92.24,-7.76,922.4,-77.6,9224.0,-776.0,17.58,117.58,17.58,1175.8,175.8,11758.0,1758.0,32.0,132.0,32.0,1320.0,320.0,13200.0,3200.0,Exelixis (EXEL) Q2 2026 Earnings Call Transcript,Motley Fool,2026-08-13,0.0,Exelixis (EXEL) Is Down 6.7% After Cutting 2026 Revenue Outlook Amid Oncology Investment Pivot,Simply Wall St.,2026-08-07,-0.128,Why This Top-Ranked IBD 50 Stock Just Tumbled On Its Earnings,Investor's Business Daily,2026-08-06,0.0,,,,,,,,,,
ALNY,Alnylam Pharmaceuticals,Biotech,oncology,NASDAQ,228.65,+0.65%,+4.31%,-18.09%,-42.86%,-49%,30.596,0.279,39.77,1.63,1507930,7421530,48964230,,4.78,buy,1.7,0.65,100.65,0.65,1006.5,6.5,10065.0,65.0,4.31,104.31,4.31,1043.1,43.1,10431.0,431.0,-18.09,81.91,-18.09,819.1,-180.9,8191.0,-1809.0,-42.86,57.14,-42.86,571.4,-428.6,5714.0,-4286.0,-49.0,51.0,-49.0,510.0,-490.0,5100.0,-4900.0,Raymond James Is Betting Big on These 2 ‘Strong Buy’ Stocks,TipRanks,2026-08-11,0.0,Drugs that missed the mark in pharma’s last earnings round,Pharma Voice,2026-08-11,-0.296,Implied Volatility Surging for Alnylam Pharmaceuticals Stock Options,Zacks,2026-08-06,0.0,,,,,,,,,,
RCUS,Arcus Biosciences,Biotech,oncology,NYSE,29.48,+2.15%,+4.06%,+5.21%,+26.58%,+178%*,3.754,0.811,,1.25,991914,4894914,24625314,,16.82,strong_buy,1.46,2.15,102.15,2.15,1021.5,21.5,10215.0,215.0,4.06,104.06,4.06,1040.6,40.6,10406.0,406.0,5.21,105.21,5.21,1052.1,52.1,10521.0,521.0,26.58,126.58,26.58,1265.8,265.8,12658.0,2658.0,178.0,278.0,178.0,2780.0,1780.0,27800.0,17800.0,Could Arcus Biosciences (RCUS) and Summit Therapeutics (SMMT)’s Cancer Drug Partnership Create a New Treatment Standard?,Insider Monkey,2026-08-14,-0.511,Arcus Biosciences (RCUS) Q2 2026 Earnings Call Transcript,Motley Fool,2026-08-13,0.0,"Arcus Biosciences' Casdatifan Therapy Could be Launched in 2028, Morgan Stanley Says",MT Newswires,2026-08-10,0.128,,,,,,,,,,
MRNA,Moderna,Biotech,mrna,NASDAQ,63.32,-0.52%,+7.01%,-7.26%,+105.18%,+127%,25.279,0.899,,6.96,4622719,32145219,121911119,,15.23,hold,2.91,-0.52,99.48,-0.52,994.8,-5.2,9948.0,-52.0,7.01,107.01,7.01,1070.1,70.1,10701.0,701.0,-7.26,92.74,-7.26,927.4,-72.6,9274.0,-726.0,105.18,205.18,105.18,2051.8,1051.8,20518.0,10518.0,127.0,227.0,127.0,2270.0,1270.0,22700.0,12700.0,3 Unprofitable Stocks We Keep Off Our Radar,StockStory,2026-08-14,0.0,"Could Arbutus Biopharma Corporation (ABUS) Turn its Moderna, Inc. (MRNA) Settlement Into a Lasting Biotech Advantage?",Insider Monkey,2026-08-11,0.25,FDA approval of mFLUSIVA highlights Moderna’s position in mRNA market,Clinical Trials Arena,2026-08-10,0.477,,,,,,,,,,
BNTX,BioNTech,Biotech,mrna,NASDAQ,93.09,+0.31%,+2.08%,+1.20%,-3.72%,-19%,23.385,1.278,,0.96,601762,4225762,20475462,,3.69,buy,1.55,0.31,100.31,0.31,1003.1,3.1,10031.0,31.0,2.08,102.08,2.08,1020.8,20.8,10208.0,208.0,1.2,101.2,1.2,1012.0,12.0,10120.0,120.0,-3.72,96.28,-3.72,962.8,-37.2,9628.0,-372.0,-19.0,81.0,-19.0,810.0,-190.0,8100.0,-1900.0,Pfizer Inc. (PFE) vs. BioNTech SE (BNTX): Which Pharma Giant Is Better Positioned for the Post-COVID Era?,Insider Monkey,2026-08-11,0.44,BioNTech (BNTX) Brings In New CEO As Europe Clears Updated COVID 19 Shot,Simply Wall St.,2026-08-07,0.077,European Equities Traded in the US as American Depositary Receipts Track Higher in Thursday Trading,MT Newswires,2026-08-06,0.0,,,,,,,,,,
NVAX,Novavax,Biotech,mrna,NASDAQ,8.05,-1.02%,+1.26%,-4.51%,+12.90%,-15%*,1.328,2.416,,4.16,2217409,14098409,69976709,,27.86,buy,2.33,-1.02,98.98,-1.02,989.8,-10.2,9898.0,-102.0,1.26,101.26,1.26,1012.6,12.6,10126.0,126.0,-4.51,95.49,-4.51,954.9,-45.1,9549.0,-451.0,12.9,112.9,12.9,1129.0,129.0,11290.0,1290.0,-15.0,85.0,-15.0,850.0,-150.0,8500.0,-1500.0,Valneva Q2 Earnings Call Highlights,MarketBeat,2026-08-13,0.0,Novavax (NVAX) Is Up 8.6% After Beating Q2 Estimates And Expanding Big-Pharma Partnerships - What's Changed,Simply Wall St.,2026-08-08,-0.459,"NVAX Q2 Earnings & Sales Beat Estimates, '26 Sales Outlook Raised",Zacks,2026-08-07,0.0,,,,,,,,,,
BMRN,BioMarin Pharmaceutical,Biotech,rare-disease,NASDAQ,67.36,-1.88%,+5.56%,+14.27%,+13.31%,+19%,13.039,0.227,182.05,2.21,1389860,15550360,49600760,,6.48,buy,1.72,-1.88,98.12,-1.88,981.2,-18.8,9812.0,-188.0,5.56,105.56,5.56,1055.6,55.6,10556.0,556.0,14.27,114.27,14.27,1142.7,142.7,11427.0,1427.0,13.31,113.31,13.31,1133.1,133.1,11331.0,1331.0,19.0,119.0,19.0,1190.0,190.0,11900.0,1900.0,Is BioMarin Pharmaceutical (BMRN) Outperforming Other Medical Stocks This Year?,Zacks,2026-08-14,0.0,"Zacks.com featured highlights include BioMarin Pharmaceutical, Invesco, Centene Corporation, Hewlett Packard Enterprise and Gibraltar Industries",Zacks,2026-08-14,0.0,5 Undervalued Price-to-Book Stocks Worth Buying in August,Zacks,2026-08-13,0.226,4,buy,0.75,"BMRN has strong 1M (+16.87%) and 1W (+11.50%) momentum, positive news sentiment 0.267, and analyst buy rating (score 1.72), though P/E of 190.36 reflects high growth expectations in rare disease.",1M +16.87%; 1W +11.50%; News sentiment 0.267; Analyst buy,,,,,
SRPT,Sarepta Therapeutics,Biotech,rare-disease,NASDAQ,18.1,-1.36%,+7.87%,+2.78%,-15.06%,-16%,1.912,0.205,,3.36,1524058,12110958,71954058,,31.28,hold,2.67,-1.36,98.64,-1.36,986.4,-13.6,9864.0,-136.0,7.87,107.87,7.87,1078.7,78.7,10787.0,787.0,2.78,102.78,2.78,1027.8,27.8,10278.0,278.0,-15.06,84.94,-15.06,849.4,-150.6,8494.0,-1506.0,-16.0,84.0,-16.0,840.0,-160.0,8400.0,-1600.0,Sarepta (SRPT) Q2 2026 Earnings Call Transcript,Motley Fool,2026-08-13,0.0,"Sarepta's Q2 Earnings & Sales Beat Estimates, '26 Outlook Updated",Zacks,2026-08-06,0.0,"Sarepta Faces Competitive Pressures Despite Pipeline Updates, RBC Says",MT Newswires,2026-08-06,-0.153,,,,,,,,,,
COAG,Hemab Therapeutics,Biotech,rare-disease,NASDAQ,54.94,-0.11%,+5.33%,+26.82%,+61.59%,+59%,2.566,,,0.32,100198,1264498,9207198,,,none,,-0.11,99.89,-0.11,998.9,-1.1,9989.0,-11.0,5.33,105.33,5.33,1053.3,53.3,10533.0,533.0,26.82,126.82,26.82,1268.2,268.2,12682.0,2682.0,61.59,161.59,61.59,1615.9,615.9,16159.0,6159.0,59.0,159.0,59.0,1590.0,590.0,15900.0,5900.0,Biotech IPO Gains Crush AI Listings With Standout 55% Return,Bloomberg,2026-07-21,0.202,Sector Update: Healthcare Stocks Advance Late Afternoon,MT Newswires,2026-07-13,0.0,"Hemab Therapeutics Details Post-IPO Pipeline Push, Sutacimig Phase III Plans",MarketBeat,2026-06-09,0.0,5,strong_buy,0.7,"COAG leads with YTD +58.68% and 1M +24.57% momentum, strong_buy analyst consensus (score 1.0), and a recent IPO gain of 55%, though lacks earnings and has negative news sentiment -0.018.",YTD +58.68%; 1M +24.57%; Strong_buy consensus (1.0); IPO momentum,,,,,
NVO,Novo Nordisk,Biotech,metabolic,NYSE,45.89,-1.54%,-2.90%,-9.24%,-9.19%,-11%,201.052,0.349,11.3,12.35,10157059,47927659,287174259,387.0,0.93,buy,2.43,-1.54,98.46,-1.54,984.6,-15.4,9846.0,-154.0,-2.9,97.1,-2.9,971.0,-29.0,9710.0,-290.0,-9.24,90.76,-9.24,907.6,-92.4,9076.0,-924.0,-9.19,90.81,-9.19,908.1,-91.9,9081.0,-919.0,-11.0,89.0,-11.0,890.0,-110.0,8900.0,-1100.0,Novo Nordisk Stock Slips as Pill Strategy Reframes Obesity Race,GuruFocus.com,2026-08-13,0.0,WST Q2 Beat and Raised 2026 Outlook Reinforce the HVP Growth Story,Zacks,2026-08-13,0.382,Should Investors Buy WST as HVP Growth Meets a Premium Valuation?,Zacks,2026-08-13,0.382,,,,,,,,,,
LLY,Eli Lilly,Biotech,metabolic,NYSE,1180.16,-2.50%,-0.47%,+2.03%,+9.61%,+72%,1051.944,0.506,39.68,3.0,1766502,10760502,60895702,57.0,1.02,buy,1.71,-2.5,97.5,-2.5,975.0,-25.0,9750.0,-250.0,-0.47,99.53,-0.47,995.3,-4.7,9953.0,-47.0,2.03,102.03,2.03,1020.3,20.3,10203.0,203.0,9.61,109.61,9.61,1096.1,96.1,10961.0,961.0,72.0,172.0,72.0,1720.0,720.0,17200.0,7200.0,Vanguard Quietly Changed the Index Behind Your VUG ETF. Here’s What Happens to Your Portfolio,24/7 Wall St.,2026-08-14,0.0,Eli Lilly (LLY) Steps Up Legal Fight Over Illegal Retatrutide Sales,Simply Wall St.,2026-08-14,-0.691,"Nektar Q2 Earnings Beat Estimates, Revenues Lag, Pipeline in Focus",Zacks,2026-08-14,-0.34,,,,,,,,,,
LEGN,Legend Biotech,Biotech,neuroscience,NASDAQ,20.37,-0.39%,-1.83%,-11.59%,-5.30%,-46%,3.947,0.387,,2.72,1468773,13604573,66313473,,22.31,buy,2.0,-0.39,99.61,-0.39,996.1,-3.9,9961.0,-39.0,-1.83,98.17,-1.83,981.7,-18.3,9817.0,-183.0,-11.59,88.41,-11.59,884.1,-115.9,8841.0,-1159.0,-5.3,94.7,-5.3,947.0,-53.0,9470.0,-530.0,-46.0,54.0,-46.0,540.0,-460.0,5400.0,-4600.0,Sector Update: Healthcare Stocks Advance Late Afternoon,MT Newswires,2026-08-12,0.0,"Here Are Wednesday’s Top Wall Street Analyst Research Calls: The Gap, Genmab, Hilton Worldwide, Intuitive Surgical, Marriott International, Merck, Novo Nordisk, Okta, and More",24/7 Wall St.,2026-08-12,0.202,Legend Biotech (LEGN) Q2 2026 Earnings Call Transcript,Motley Fool,2026-08-12,0.0,,,,,,,,,,
IONS,Ionis Pharmaceuticals,Biotech,neuroscience,NASDAQ,57.24,+2.43%,+1.20%,+4.59%,-28.15%,+28%,9.512,0.4,,2.87,1310615,9337415,66783815,,17.11,buy,1.74,2.43,102.43,2.43,1024.3,24.3,10243.0,243.0,1.2,101.2,1.2,1012.0,12.0,10120.0,120.0,4.59,104.59,4.59,1045.9,45.9,10459.0,459.0,-28.15,71.85,-28.15,718.5,-281.5,7185.0,-2815.0,28.0,128.0,28.0,1280.0,280.0,12800.0,2800.0,Ionis Stock Has Plunged 30%. Is It Time to Buy the Beaten-Down Stock?,Motley Fool,2026-08-14,0.0,Ionis (IONS) Q2 2026 Earnings Call Transcript,Motley Fool,2026-08-08,0.0,Ionis Pharmaceuticals Director Hayden Buys $1.1 Million Shares. What Does This Mean for Investors?,Motley Fool,2026-08-03,0.296,,,,,,,,,,
BTC,Bitcoin,Crypto,bitcoin,Crypto,62841.607578,-0.76%,-3.22%,-3.23%,-28.20%,-28%,1261.244,,,18327.42,22071166502,128291925325,687252855257,,,,,-0.76,99.24,-0.76,992.4,-7.6,9924.0,-76.0,-3.22,96.78,-3.22,967.8,-32.2,9678.0,-322.0,-3.23,96.77,-3.23,967.7,-32.3,9677.0,-323.0,-28.2,71.8,-28.2,718.0,-282.0,7180.0,-2820.0,-28.0,72.0,-28.0,720.0,-280.0,7200.0,-2800.0,SEC delays crypto ruling due to ‘unforeseen’ scheduling issues,Yahoo Finance Video,2026-08-14,0.0,Stocks subdued as earnings season begins to wind down: AlphaCheck,Yahoo Finance,2026-08-14,0.0,"Bitcoin and ethereum prices today, Friday, August 14, 2026: Crypto prices backing off further",Yahoo Personal Finance,2026-08-14,0.026,5,buy,0.7,"Bitcoin reclaimed $64K after CPI eased to 3.4%, with $865M in ETF inflows over 5 days and whales adding 20K BTC; on-chain cost basis at $62-65K creates resistance but ETF demand supports the floor.",$865M ETF inflows; CPI relief catalyst; whale accumulation 20K BTC; key $62-65K support zone,,,,,
ETH,Ethereum,Crypto,layer1,Crypto,1878.086759,-0.30%,-1.87%,-2.33%,-36.70%,-37%,226.651,,,6212.32,6676533766,43486267738,244300020304,,,,,-0.3,99.7,-0.3,997.0,-3.0,9970.0,-30.0,-1.87,98.13,-1.87,981.3,-18.7,9813.0,-187.0,-2.33,97.67,-2.33,976.7,-23.3,9767.0,-233.0,-36.7,63.3,-36.7,633.0,-367.0,6330.0,-3670.0,-37.0,63.0,-37.0,630.0,-370.0,6300.0,-3700.0,"Strategy, Metaplanet face MSCI exclusion Risk: What it means for crypto",Yahoo Finance Video,2026-08-14,-0.511,"Bitcoin and ethereum prices today, Friday, August 14, 2026: Crypto prices backing off further",Yahoo Personal Finance,2026-08-14,0.026,Israel’s Largest Bank Partners With Galaxy Digital To Offer Crypto Trading,CryptoProwl,2026-08-14,0.0,6,buy,0.68,"Fidelity added staking rewards to its ETH ETF, positive news sentiment at 0.159, and ETH call options show upside bias; down only 0.46% in the past month, showing relative stability.",Fidelity staking ETF catalyst; positive news sentiment 0.159; options upside bias; stable 1M performance,,,,,
SOL,Solana,Crypto,layer1,Crypto,75.090079,-1.38%,+1.78%,-2.95%,-39.69%,-40%,43.748,,,1350.88,1222417237,9456186054,44336225751,,,,,-1.38,98.62,-1.38,986.2,-13.8,9862.0,-138.0,1.78,101.78,1.78,1017.8,17.8,10178.0,178.0,-2.95,97.05,-2.95,970.5,-29.5,9705.0,-295.0,-39.69,60.31,-39.69,603.1,-396.9,6031.0,-3969.0,-40.0,60.0,-40.0,600.0,-400.0,6000.0,-4000.0,Israel’s Largest Bank Partners With Galaxy Digital To Offer Crypto Trading,CryptoProwl,2026-08-14,0.0,Solana Has Plans to Become 'The Netflix of Finance.' What Does That Mean for the Price of SOL?,Motley Fool,2026-08-14,0.0,Israel’s Largest Bank Will Give Bitcoin Trading Another Try,decrypt,2026-08-14,0.0,,,,,,,,,,
BNB,BNB,Crypto,layer1,Crypto,605.868602,-0.67%,+2.24%,+4.38%,-29.81%,-30%,80.68,,,589.76,506456662,4128310116,16750550628,,,,,-0.67,99.33,-0.67,993.3,-6.7,9933.0,-67.0,2.24,102.24,2.24,1022.4,22.4,10224.0,224.0,4.38,104.38,4.38,1043.8,43.8,10438.0,438.0,-29.81,70.19,-29.81,701.9,-298.1,7019.0,-2981.0,-30.0,70.0,-30.0,700.0,-300.0,7000.0,-3000.0,"Why is Ethereum Price Stuck Below $2,000?",BeInCrypto,2026-08-12,-0.25,"BNB Price Jumps on Potential Binance, X Partnership Tease: Is $700 Next?",FX Empire,2026-08-12,-0.318,Bitcoin Rally Fades—Where Does Price Go Next?,decrypt,2026-08-10,0.0,2,strong_buy,0.82,"Up 4.70% in the past month and 3.49% in the past week, with Grayscale making BNB its largest Smart Contract Fund holding at 30.6% weight, boosting its institutional profile.",+4.70% 1M momentum; Grayscale top fund holding; 30.6% portfolio weight; institutional validation,,,,,
ADA,Cardano,Crypto,layer1,Crypto,0.179195,-1.45%,-11.45%,+8.86%,-46.13%,-46%,6.551,,,247.78,198464183,1734474110,9559202289,,,,,-1.45,98.55,-1.45,985.5,-14.5,9855.0,-145.0,-11.45,88.55,-11.45,885.5,-114.5,8855.0,-1145.0,8.86,108.86,8.86,1088.6,88.6,10886.0,886.0,-46.13,53.87,-46.13,538.7,-461.3,5387.0,-4613.0,-46.0,54.0,-46.0,540.0,-460.0,5400.0,-4600.0,"Grayscale Drops Plans For Cardano, Polkadot and Hedera ETFs",CryptoProwl,2026-08-10,0.0,"5 Cryptocurrencies With the Weakest 2026 Price Outlook (Hint: Not Bitcoin, ETH or XRP)",CCN,2026-08-10,-0.511,Cardano ‘Bull Trap’ Risks Triggering 50% ADA Price Correction,FX Empire,2026-08-10,-0.273,7,buy,0.6,Up 10.75% in the past month despite a -10.12% weekly pullback and negative news sentiment from Grayscale dropping ETF plans; short-term momentum remains strong.,+10.75% 1M momentum; oversold bounce potential; high beta altcoin; short-term strength,,,,,
AVAX,Avalanche,Crypto,layer1,Crypto,6.421209,+0.23%,-0.33%,-4.16%,-47.83%,-48%,2.772,,,143.71,161564453,1005941573,4889235703,,,,,0.23,100.23,0.23,1002.3,2.3,10023.0,23.0,-0.33,99.67,-0.33,996.7,-3.3,9967.0,-33.0,-4.16,95.84,-4.16,958.4,-41.6,9584.0,-416.0,-47.83,52.17,-47.83,521.7,-478.3,5217.0,-4783.0,-48.0,52.0,-48.0,520.0,-480.0,5200.0,-4800.0,AVAX One Technology Ltd (AVX) (Q2 2026) Earnings Call Highlights: Avalanche Treasury Strategy ...,GuruFocus.com,2026-08-14,0.202,"5 Cryptocurrencies With the Weakest 2026 Price Outlook (Hint: Not Bitcoin, ETH or XRP)",CCN,2026-08-10,-0.511,,,,,,,,,,,,,,
XRP,XRP,Crypto,payments,Crypto,0.997597,-1.14%,-2.62%,-10.27%,-45.76%,-46%,62.526,,,1002.37,833646703,7016590184,29957892956,,,,,-1.14,98.86,-1.14,988.6,-11.4,9886.0,-114.0,-2.62,97.38,-2.62,973.8,-26.2,9738.0,-262.0,-10.27,89.73,-10.27,897.3,-102.7,8973.0,-1027.0,-45.76,54.24,-45.76,542.4,-457.6,5424.0,-4576.0,-46.0,54.0,-46.0,540.0,-460.0,5400.0,-4600.0,Ripple Is Valued at $50 Billion While XRP Trades at $1: Is XRP Undervalued?,24/7 Wall St.,2026-08-14,0.44,XRP Price to $11 or $398? Bulls Eye Bullish Signals That Could ‘Pump’ Price,CCN,2026-08-14,0.0,XRP Price Falls Below $1 Again Despite Record Network Adoption,BeInCrypto,2026-08-14,0.0,,,,,,,,,,
XLM,Stellar,Crypto,payments,Crypto,0.1589,-0.42%,-1.84%,-15.29%,-20.80%,-21%,5.483,,,87.03,85040760,609192041,3531816268,,,,,-0.42,99.58,-0.42,995.8,-4.2,9958.0,-42.0,-1.84,98.16,-1.84,981.6,-18.4,9816.0,-184.0,-15.29,84.71,-15.29,847.1,-152.9,8471.0,-1529.0,-20.8,79.2,-20.8,792.0,-208.0,7920.0,-2080.0,-21.0,79.0,-21.0,790.0,-210.0,7900.0,-2100.0,,,,,,,,,,,,,,,,,,,,,,
TRX,TRON,Crypto,payments,Crypto,0.332551,-0.44%,+1.68%,+2.36%,+16.95%,+17%,31.56,,,327.82,342715091,2294706973,10296291132,,,,,-0.44,99.56,-0.44,995.6,-4.4,9956.0,-44.0,1.68,101.68,1.68,1016.8,16.8,10168.0,168.0,2.36,102.36,2.36,1023.6,23.6,10236.0,236.0,16.95,116.95,16.95,1169.5,169.5,11695.0,1695.0,17.0,117.0,17.0,1170.0,170.0,11700.0,1700.0,"TRON Moved $2.1 Trillion in USDT Last Quarter, Yet TRX Didn’t Budge",BeInCrypto,2026-08-11,0.0,Solana's stablecoin supply has grown 11x in three years,TheStreet,2026-08-10,0.0,Hackers Drain $8 Million From Crypto Exchange Across Two Blockchains,decrypt,2026-08-10,0.0,4,buy,0.72,"Up 17.34% YTD and 2.12% in the past month, the only asset with positive YTD returns in the universe, and positive 24h CVD per CoinDesk, though news sentiment is slightly negative.",+17.34% YTD; positive 24h CVD; only positive YTD asset; steady 1M momentum,,,,,
SUI,Sui,Crypto,emerging,Crypto,0.678223,-1.10%,+1.03%,-9.77%,-51.64%,-52%,2.763,,,151.4,124856203,1059823210,3874004069,,,,,-1.1,98.9,-1.1,989.0,-11.0,9890.0,-110.0,1.03,101.03,1.03,1010.3,10.3,10103.0,103.0,-9.77,90.23,-9.77,902.3,-97.7,9023.0,-977.0,-51.64,48.36,-51.64,483.6,-516.4,4836.0,-5164.0,-52.0,48.0,-52.0,480.0,-520.0,4800.0,-5200.0,,,,,,,,,,,,,,,,,,,,,,
HBAR,Hedera,Crypto,emerging,Crypto,0.065247,-0.47%,-3.77%,-3.24%,-38.56%,-39%,2.857,,,34.85,35856839,243937907,1273612647,,,,,-0.47,99.53,-0.47,995.3,-4.7,9953.0,-47.0,-3.77,96.23,-3.77,962.3,-37.7,9623.0,-377.0,-3.24,96.76,-3.24,967.6,-32.4,9676.0,-324.0,-38.56,61.44,-38.56,614.4,-385.6,6144.0,-3856.0,-39.0,61.0,-39.0,610.0,-390.0,6100.0,-3900.0,"Grayscale Drops Plans For Cardano, Polkadot and Hedera ETFs",CryptoProwl,2026-08-10,0.0,"Breaking: Grayscale Withdraws Cardano, Hedera and Polkadot ETF Filings",CoinGape,2026-08-10,0.0,,,,,,,,,,,,,,
ALGO,Algorand,Crypto,emerging,Crypto,0.079214,+0.79%,-10.46%,-6.06%,-28.11%,-28%,0.715,,,21.33,18417472,149301369,641367842,,,,,0.79,100.79,0.79,1007.9,7.9,10079.0,79.0,-10.46,89.54,-10.46,895.4,-104.6,8954.0,-1046.0,-6.06,93.94,-6.06,939.4,-60.6,9394.0,-606.0,-28.11,71.89,-28.11,718.9,-281.1,7189.0,-2811.0,-28.0,72.0,-28.0,720.0,-280.0,7200.0,-2800.0,,,,,,,,,,,,,,,,,,,,,,
MINA,Mina,Crypto,emerging,Crypto,0.038825,-2.23%,-5.01%,-12.18%,-48.61%,-49%,0.05,,,2.25,3760043,15755621,89903262,,,,,-2.23,97.77,-2.23,977.7,-22.3,9777.0,-223.0,-5.01,94.99,-5.01,949.9,-50.1,9499.0,-501.0,-12.18,87.82,-12.18,878.2,-121.8,8782.0,-1218.0,-48.61,51.39,-48.61,513.9,-486.1,5139.0,-4861.0,-49.0,51.0,-49.0,510.0,-490.0,5100.0,-4900.0,,,,,,,,,,,,,,,,,,,,,,
POL,Polygon (MATIC),Crypto,infra,Crypto,0.074397,+2.03%,-0.83%,-10.23%,-25.93%,-26%,0.796,,,26.81,28771123,187688111,825962035,,,,,2.03,102.03,2.03,1020.3,20.3,10203.0,203.0,-0.83,99.17,-0.83,991.7,-8.3,9917.0,-83.0,-10.23,89.77,-10.23,897.7,-102.3,8977.0,-1023.0,-25.93,74.07,-25.93,740.7,-259.3,7407.0,-2593.0,-26.0,74.0,-26.0,740.0,-260.0,7400.0,-2600.0,,,,,,,,,,,,,,,,,,,,,,
DOT,Polkadot,Crypto,infra,Crypto,0.756799,-1.87%,-7.15%,-10.50%,-57.72%,-58%,1.285,,,58.71,46447454,410999235,2335419765,,,,,-1.87,98.13,-1.87,981.3,-18.7,9813.0,-187.0,-7.15,92.85,-7.15,928.5,-71.5,9285.0,-715.0,-10.5,89.5,-10.5,895.0,-105.0,8950.0,-1050.0,-57.72,42.28,-57.72,422.8,-577.2,4228.0,-5772.0,-58.0,42.0,-58.0,420.0,-580.0,4200.0,-5800.0,"Grayscale Drops Plans For Cardano, Polkadot and Hedera ETFs",CryptoProwl,2026-08-10,0.0,"5 Cryptocurrencies With the Weakest 2026 Price Outlook (Hint: Not Bitcoin, ETH or XRP)",CCN,2026-08-10,-0.511,"Breaking: Grayscale Withdraws Cardano, Hedera and Polkadot ETF Filings",CoinGape,2026-08-10,0.0,,,,,,,,,,
LINK,Chainlink,Crypto,infra,Crypto,8.955266,+1.46%,+9.25%,+5.21%,-26.56%,-27%,6.699,,,198.93,243356738,1392544767,5571781383,,,,,1.46,101.46,1.46,1014.6,14.6,10146.0,146.0,9.25,109.25,9.25,1092.5,92.5,10925.0,925.0,5.21,105.21,5.21,1052.1,52.1,10521.0,521.0,-26.56,73.44,-26.56,734.4,-265.6,7344.0,-2656.0,-27.0,73.0,-27.0,730.0,-270.0,7300.0,-2700.0,Whales Rush to Buy Chainlink After Standard Chartered’s 2030 Price Forecast,BeInCrypto,2026-08-12,0.0,"Standard Chartered predicts 2,300% upside for LINK",TheStreet,2026-08-10,0.0,Standard Chartered Sees $4T Tokenization Driving Chainlink to $200 by 2030,decrypt,2026-08-10,0.0,1,strong_buy,0.85,"Up 7.07% in the past week and 4.60% in the past month, with positive news sentiment and institutional demand for oracle infrastructure rising alongside the tokenized RWA narrative; the only token with positive 24h CVD per CoinDesk.",+7.07% 1W momentum; positive 24h CVD; institutional oracle demand; RWA narrative tailwind,,,,,
DOGE,Dogecoin,Crypto,meme,Crypto,0.06973,-0.59%,+0.04%,-5.79%,-40.55%,-41%,11.938,,,374.53,437957154,2621692607,13606394512,,,,,-0.59,99.41,-0.59,994.1,-5.9,9941.0,-59.0,0.04,100.04,0.04,1000.4,0.4,10004.0,4.0,-5.79,94.21,-5.79,942.1,-57.9,9421.0,-579.0,-40.55,59.45,-40.55,594.5,-405.5,5945.0,-4055.0,-41.0,59.0,-41.0,590.0,-410.0,5900.0,-4100.0,XRP Broke a Level It Hadn’t Touched in Over a Year — And Whales Bought It,BeInCrypto,2026-08-13,-0.421,XRP Holders Can Now Trade Options Using Flare’s FXRP as Collateral,decrypt,2026-08-13,0.0,Billionaire buys rare art with Dogecoin,TheStreet,2026-08-12,0.0,,,,,,,,,,
PEPE,Pepe,Crypto,meme,Crypto,3e-06,-0.96%,-6.57%,-5.38%,-34.45%,-34%,1.094,,,98.73,97912291,691130465,4115397848,,,,,-0.96,99.04,-0.96,990.4,-9.6,9904.0,-96.0,-6.57,93.43,-6.57,934.3,-65.7,9343.0,-657.0,-5.38,94.62,-5.38,946.2,-53.8,9462.0,-538.0,-34.45,65.55,-34.45,655.5,-344.5,6555.0,-3445.0,-34.0,66.0,-34.0,660.0,-340.0,6600.0,-3400.0,,,,,,,,,,,,,,,,,,,,,,
TAO,Bittensor,Crypto,ai,Crypto,198.103491,-2.15%,+2.10%,-0.21%,-9.41%,-9%,2.225,,,86.92,75766991,608422786,2640256606,,,,,-2.15,97.85,-2.15,978.5,-21.5,9785.0,-215.0,2.1,102.1,2.1,1021.0,21.0,10210.0,210.0,-0.21,99.79,-0.21,997.9,-2.1,9979.0,-21.0,-9.41,90.59,-9.41,905.9,-94.1,9059.0,-941.0,-9.0,91.0,-9.0,910.0,-90.0,9100.0,-900.0,,,,,,,,,,,,,3,buy,0.75,"Up 4.16% in the past week and 0.98% in the past month, with a relatively mild -9% 1-year drawdown compared to peers, and AI narrative gaining traction via Grayscale's AI adoption report.",+4.16% 1W momentum; resilient -9% 1Y return; AI narrative catalyst; Grayscale AI mention,,,,,
FET,ASI Alliance,Crypto,ai,Crypto,0.132952,-1.08%,-1.57%,-17.87%,-33.09%,-33%,0.297,,,37.86,30863462,264994732,1225439472,,,,,-1.08,98.92,-1.08,989.2,-10.8,9892.0,-108.0,-1.57,98.43,-1.57,984.3,-15.7,9843.0,-157.0,-17.87,82.13,-17.87,821.3,-178.7,8213.0,-1787.0,-33.09,66.91,-33.09,669.1,-330.9,6691.0,-3309.0,-33.0,67.0,-33.0,670.0,-330.0,6700.0,-3300.0,,,,,,,,,,,,,,,,,,,,,,
RNDR,Render,Crypto,ai,Crypto,1.251866,-0.58%,-4.95%,-18.31%,-2.51%,-3%,0.649,,,23.57,20118330,164959368,644500786,,,,,-0.58,99.42,-0.58,994.2,-5.8,9942.0,-58.0,-4.95,95.05,-4.95,950.5,-49.5,9505.0,-495.0,-18.31,81.69,-18.31,816.9,-183.1,8169.0,-1831.0,-2.51,97.49,-2.51,974.9,-25.1,9749.0,-251.0,-3.0,97.0,-3.0,970.0,-30.0,9700.0,-300.0,,,,,,,,,,,,,,,,,,,,,,
OCEAN,Ocean Protocol,Crypto,ai,Crypto,0.0,+0.82%,+5.90%,+413.98%,-100.00%,-100%,,,,0.02,23503,149291,741489,,,,,0.82,100.82,0.82,1008.2,8.2,10082.0,82.0,5.9,105.9,5.9,1059.0,59.0,10590.0,590.0,413.98,513.98,413.98,5139.8,4139.8,51398.0,41398.0,-100.0,0.0,-100.0,0.0,-1000.0,0.0,-10000.0,-100.0,0.0,-100.0,0.0,-1000.0,0.0,-10000.0,,,,,,,,,,,,,10,buy,0.45,"Up an extraordinary 402.19% in the past month and 3.30% in the past week, though price is near zero and 1-year return is -100%; extreme momentum but high risk of manipulation.",+402.19% 1M momentum; extreme short-term rally; high risk/reward; speculative play,,,,,
GRT,The Graph,Crypto,ai,Crypto,0.013467,-0.17%,-6.69%,-24.03%,-59.49%,-59%,0.147,,,11.95,14070584,83656413,329194303,,,,,-0.17,99.83,-0.17,998.3,-1.7,9983.0,-17.0,-6.69,93.31,-6.69,933.1,-66.9,9331.0,-669.0,-24.03,75.97,-24.03,759.7,-240.3,7597.0,-2403.0,-59.49,40.51,-59.49,405.1,-594.9,4051.0,-5949.0,-59.0,41.0,-59.0,410.0,-590.0,4100.0,-5900.0,,,,,,,,,,,,,,,,,,,,,,
AGIX,SingularityNET,Crypto,ai,Crypto,0.058015,-0.74%,-3.85%,-17.09%,-32.34%,-32%,,,,0.0,2140,23894,276546,,,,,-0.74,99.26,-0.74,992.6,-7.4,9926.0,-74.0,-3.85,96.15,-3.85,961.5,-38.5,9615.0,-385.0,-17.09,82.91,-17.09,829.1,-170.9,8291.0,-1709.0,-32.34,67.66,-32.34,676.6,-323.4,6766.0,-3234.0,-32.0,68.0,-32.0,680.0,-320.0,6800.0,-3200.0,,,,,,,,,,,,,,,,,,,,,,
NMR,Numeraire,Crypto,ai,Crypto,8.060513,-2.15%,-5.17%,-20.77%,-15.64%,-16%,0.06,,,4.55,4512688,31859508,127826572,,,,,-2.15,97.85,-2.15,978.5,-21.5,9785.0,-215.0,-5.17,94.83,-5.17,948.3,-51.7,9483.0,-517.0,-20.77,79.23,-20.77,792.3,-207.7,7923.0,-2077.0,-15.64,84.36,-15.64,843.6,-156.4,8436.0,-1564.0,-16.0,84.0,-16.0,840.0,-160.0,8400.0,-1600.0,,,,,,,,,,,,,,,,,,,,,,
ALT,AltLayer,Crypto,ai,Crypto,0.005847,-0.03%,+0.61%,-10.54%,-48.94%,-49%,0.04,,,5.36,3496484,37536737,101988184,,,,,-0.03,99.97,-0.03,999.7,-0.3,9997.0,-3.0,0.61,100.61,0.61,1006.1,6.1,10061.0,61.0,-10.54,89.46,-10.54,894.6,-105.4,8946.0,-1054.0,-48.94,51.06,-48.94,510.6,-489.4,5106.0,-4894.0,-49.0,51.0,-49.0,510.0,-490.0,5100.0,-4900.0,,,,,,,,,,,,,,,,,,,,,,
AIOZ,AIOZ Network,Crypto,ai,Crypto,0.048222,-2.35%,+3.55%,-5.10%,-44.34%,-44%,0.061,,,4.03,3099930,28210380,97150515,,,,,-2.35,97.65,-2.35,976.5,-23.5,9765.0,-235.0,3.55,103.55,3.55,1035.5,35.5,10355.0,355.0,-5.1,94.9,-5.1,949.0,-51.0,9490.0,-510.0,-44.34,55.66,-44.34,556.6,-443.4,5566.0,-4434.0,-44.0,56.0,-44.0,560.0,-440.0,5600.0,-4400.0,6 New Upbit Listings Fuel 30% Moves for Select Altcoins,BeInCrypto,2026-08-10,0.0,,,,,,,,,9,buy,0.5,"Up 5.23% in the past week with neutral news sentiment, benefiting from Upbit listing momentum that fueled 30% moves for select altcoins; small market cap offers high beta potential.",+5.23% 1W momentum; Upbit listing catalyst; small cap high beta; neutral sentiment,,,,,
ARKM,Arkham,Crypto,ai,Crypto,0.091562,-1.37%,-3.50%,-18.63%,-48.11%,-48%,0.021,,,5.27,4259808,36924083,150259265,,,,,-1.37,98.63,-1.37,986.3,-13.7,9863.0,-137.0,-3.5,96.5,-3.5,965.0,-35.0,9650.0,-350.0,-18.63,81.37,-18.63,813.7,-186.3,8137.0,-1863.0,-48.11,51.89,-48.11,518.9,-481.1,5189.0,-4811.0,-48.0,52.0,-48.0,520.0,-480.0,5200.0,-4800.0,,,,,,,,,,,,,,,,,,,,,,
WLD,Worldcoin,Crypto,ai,Crypto,0.34296,+0.97%,+12.81%,-17.25%,-28.70%,-29%,1.233,,,113.33,119017678,793338807,3460087775,,,,,0.97,100.97,0.97,1009.7,9.7,10097.0,97.0,12.81,112.81,12.81,1128.1,128.1,11281.0,1281.0,-17.25,82.75,-17.25,827.5,-172.5,8275.0,-1725.0,-28.7,71.3,-28.7,713.0,-287.0,7130.0,-2870.0,-29.0,71.0,-29.0,710.0,-290.0,7100.0,-2900.0,Grayscale Says AI Adoption Creates Demand These 4 Networks Could Fill,BeInCrypto,2026-08-12,0.153,Worldcoin’s Technicals Reveals 10%–34% WLD Price Plunge Setups,FX Empire,2026-08-10,0.0,,,,,,,,,,,,,,
NEAR,NEAR Protocol,Crypto,ai,Crypto,1.62776,-0.00%,+2.00%,-20.77%,+7.63%,+8%,2.122,,,128.91,100157557,902366557,4151288830,,,,,-0.0,100.0,0.0,1000.0,0.0,10000.0,0.0,2.0,102.0,2.0,1020.0,20.0,10200.0,200.0,-20.77,79.23,-20.77,792.3,-207.7,7923.0,-2077.0,7.63,107.63,7.63,1076.3,76.3,10763.0,763.0,8.0,108.0,8.0,1080.0,80.0,10800.0,800.0,,,,,,,,,,,,,,,,,,,,,,
ICP,Internet Computer,Crypto,ai,Crypto,2.225726,+2.43%,+6.46%,+1.29%,-21.49%,-21%,1.237,,,38.6,22994520,270178809,886576173,,,,,2.43,102.43,2.43,1024.3,24.3,10243.0,243.0,6.46,106.46,6.46,1064.6,64.6,10646.0,646.0,1.29,101.29,1.29,1012.9,12.9,10129.0,129.0,-21.49,78.51,-21.49,785.1,-214.9,7851.0,-2149.0,-21.0,79.0,-21.0,790.0,-210.0,7900.0,-2100.0,,,,,,,,,,,,,8,buy,0.55,"Up 4.74% in the past week with a -23% 1-year return, showing relative resilience among AI tokens; no negative news catalysts and AI narrative remains supportive.",+4.74% 1W momentum; AI narrative tailwind; resilient vs AI peers; no negative catalysts,,,,,
KAITO,Kaito,Crypto,ai,Crypto,0.391916,-8.66%,-53.09%,-48.56%,-22.58%,-23%,0.095,,,51.82,56890399,362745551,1649904879,,,,,-8.66,91.34,-8.66,913.4,-86.6,9134.0,-866.0,-53.09,46.91,-53.09,469.1,-530.9,4691.0,-5309.0,-48.56,51.44,-48.56,514.4,-485.6,5144.0,-4856.0,-22.58,77.42,-22.58,774.2,-225.8,7742.0,-2258.0,-23.0,77.0,-23.0,770.0,-230.0,7700.0,-2300.0,,,,,,,,,,,,,,,,,,,,,,
VIRTUAL,Virtuals Protocol,Crypto,ai,Crypto,0.559693,-2.43%,+0.20%,-10.39%,-13.41%,-13%,0.368,,,44.38,47341172,310641262,1379773992,,,,,-2.43,97.57,-2.43,975.7,-24.3,9757.0,-243.0,0.2,100.2,0.2,1002.0,2.0,10020.0,20.0,-10.39,89.61,-10.39,896.1,-103.9,8961.0,-1039.0,-13.41,86.59,-13.41,865.9,-134.1,8659.0,-1341.0,-13.0,87.0,-13.0,870.0,-130.0,8700.0,-1300.0,,,,,,,,,,,,,,,,,,,,,,
LMT,Lockheed Martin,Defence,us-primes,NYSE,608.68,+1.61%,+3.53%,+18.31%,+23.90%,+37%,140.478,0.11,22.42,1.25,593573,4539373,27617773,227.0,1.41,hold,2.57,1.61,101.61,1.61,1016.1,16.1,10161.0,161.0,3.53,103.53,3.53,1035.3,35.3,10353.0,353.0,18.31,118.31,18.31,1183.1,183.1,11831.0,1831.0,23.9,123.9,23.9,1239.0,239.0,12390.0,2390.0,37.0,137.0,37.0,1370.0,370.0,13700.0,3700.0,Boeing Signs Seven-Year Frameworks to Expand SM-3 Output,GuruFocus.com,2026-08-14,0.318,"Unusual Machines Soars 22%, Red Cat Climbs 8%, Ondas Gains 4% on Trump’s 100% Drone Tariff",24/7 Wall St.,2026-08-14,0.34,"Rocket Lab, Amazon Win Space Force Contracts. SpaceX Closes Cursor Deal.",Investor's Business Daily,2026-08-14,0.67,,,,,,,,,,
RTX,RTX Corporation,Defence,us-primes,NYSE,222.97,+1.14%,-0.03%,+13.82%,+19.97%,+43%,300.51,0.294,39.19,5.23,2856031,16229631,115137531,131.0,1.34,buy,1.87,1.14,101.14,1.14,1011.4,11.4,10114.0,114.0,-0.03,99.97,-0.03,999.7,-0.3,9997.0,-3.0,13.82,113.82,13.82,1138.2,138.2,11382.0,1382.0,19.97,119.97,19.97,1199.7,199.7,11997.0,1997.0,43.0,143.0,43.0,1430.0,430.0,14300.0,4300.0,Boeing Signs Seven-Year Frameworks to Expand SM-3 Output,GuruFocus.com,2026-08-14,0.318,"Unusual Machines Soars 22%, Red Cat Climbs 8%, Ondas Gains 4% on Trump’s 100% Drone Tariff",24/7 Wall St.,2026-08-14,0.34,Is RTX Strengthening Its Position in the Global Missile Market?,Zacks,2026-08-14,0.494,,,,,,,,,,
NOC,Northrop Grumman,Defence,us-primes,NYSE,585.87,+1.50%,+2.50%,+11.55%,+0.80%,-2%,83.231,-0.108,18.63,0.96,342970,2452470,18981170,163.0,1.62,buy,1.96,1.5,101.5,1.5,1015.0,15.0,10150.0,150.0,2.5,102.5,2.5,1025.0,25.0,10250.0,250.0,11.55,111.55,11.55,1115.5,115.5,11155.0,1155.0,0.8,100.8,0.8,1008.0,8.0,10080.0,80.0,-2.0,98.0,-2.0,980.0,-20.0,9800.0,-200.0,"Rocket Lab, Amazon Win Space Force Contracts. SpaceX Closes Cursor Deal.",Investor's Business Daily,2026-08-14,0.67,Can Kratos Defense's $15B Opportunity Pipeline Sustain Growth Momentum?,Zacks,2026-08-14,0.66,Is RTX Strengthening Its Position in the Global Missile Market?,Zacks,2026-08-14,0.494,,,,,,,,,,
GD,General Dynamics,Defence,us-primes,NYSE,395.78,+0.65%,+0.95%,+8.25%,+16.77%,+25%,107.081,0.328,24.15,1.18,320405,3046305,24630405,161.0,1.01,buy,2.12,0.65,100.65,0.65,1006.5,6.5,10065.0,65.0,0.95,100.95,0.95,1009.5,9.5,10095.0,95.0,8.25,108.25,8.25,1082.5,82.5,10825.0,825.0,16.77,116.77,16.77,1167.7,167.7,11677.0,1677.0,25.0,125.0,25.0,1250.0,250.0,12500.0,2500.0,3 Industrials Stocks That Concern Us,StockStory,2026-08-14,0.0,"Unusual Machines Soars 22%, Red Cat Climbs 8%, Ondas Gains 4% on Trump’s 100% Drone Tariff",24/7 Wall St.,2026-08-14,0.34,"SpaceX, Defense Contractors Progress On Orbital Interceptors, Pass Golden Dome Test",Investor's Business Daily,2026-08-13,0.511,,,,,,,,,,
HII,Huntington Ingalls Industries,Defence,us-primes,NYSE,327.71,+0.53%,+1.00%,+17.97%,-5.60%,+22%,12.913,0.241,19.53,0.51,337410,1859410,12831510,169.0,3.32,buy,2.08,0.53,100.53,0.53,1005.3,5.3,10053.0,53.0,1.0,101.0,1.0,1010.0,10.0,10100.0,100.0,17.97,117.97,17.97,1179.7,179.7,11797.0,1797.0,-5.6,94.4,-5.6,944.0,-56.0,9440.0,-560.0,22.0,122.0,22.0,1220.0,220.0,12200.0,2200.0,USS George Washington heads to Middle East after record 265-day Lincoln deployment,Investing.com,2026-08-13,0.0,ACHR Stock Gains 49.2% in a Month: Is There More Upside Ahead?,Zacks,2026-08-12,0.34,Can Huntington Ingalls (HII) Overcome Margin Pressure and Contract Challenges?,Insider Monkey,2026-08-05,-0.226,,,,,,,,,,
LHX,L3Harris Technologies,Defence,us-primes,NYSE,291.82,+0.28%,+1.80%,+1.74%,-3.43%,+7%,54.341,0.746,29.51,1.42,626262,5761662,35312562,172.0,2.38,buy,1.65,0.28,100.28,0.28,1002.8,2.8,10028.0,28.0,1.8,101.8,1.8,1018.0,18.0,10180.0,180.0,1.74,101.74,1.74,1017.4,17.4,10174.0,174.0,-3.43,96.57,-3.43,965.7,-34.3,9657.0,-343.0,7.0,107.0,7.0,1070.0,70.0,10700.0,700.0,The Strategy Holds Firm on L3Harris Technologies (LHX),Insider Monkey,2026-08-13,0.0,Rocket Lab Stock Sold Off While Its Operating Margin Kept Climbing,Trefis,2026-08-12,0.0,Can L3Harris' Platform-Agnostic Model Expand Growth Opportunities?,Zacks,2026-08-12,0.758,,,,,,,,,,
BA,Boeing,Defence,us-primes,NYSE,231.67,+0.56%,-1.17%,+6.21%,+1.71%,-2%,182.971,1.221,83.04,6.08,2008996,14803196,133559896,,0.01,buy,1.54,0.56,100.56,0.56,1005.6,5.6,10056.0,56.0,-1.17,98.83,-1.17,988.3,-11.7,9883.0,-117.0,6.21,106.21,6.21,1062.1,62.1,10621.0,621.0,1.71,101.71,1.71,1017.1,17.1,10171.0,171.0,-2.0,98.0,-2.0,980.0,-20.0,9800.0,-200.0,Boeing Signs Seven-Year Frameworks to Expand SM-3 Output,GuruFocus.com,2026-08-14,0.318,JLL Considers Boeing’s Old HQ for Chicago Headquarters Move,CRE Daily,2026-08-14,0.0,"Boeing, RTX Agree To Interceptor Deal With Pentagon; Stocks Rise",Investor's Business Daily,2026-08-14,0.361,,,,,,,,,,
BA.L,BAE Systems,Defence,uk-european,LSE,30.56,+0.85%,+1.71%,+21.86%,+28.75%,+27%,0.896,-0.052,32.26,6.38,8715483,25454735,142755579,167.0,,buy,2.17,0.85,100.85,0.85,1008.5,8.5,10085.0,85.0,1.71,101.71,1.71,1017.1,17.1,10171.0,171.0,21.86,121.86,21.86,1218.6,218.6,12186.0,2186.0,28.75,128.75,28.75,1287.5,287.5,12875.0,2875.0,27.0,127.0,27.0,1270.0,270.0,12700.0,2700.0,US fines British defence giant $36m after ‘passing technology to China’,The Telegraph,2026-08-14,0.103,The Morning Risk Report: BAE Systems Fined $36 Million for Illegal Exports,The Wall Street Journal,2026-08-14,-0.691,Big Tech Drives Up Credit Risk for Safe Firms With No AI Links,Bloomberg,2026-08-13,0.296,10,buy,0.45,"BAE Systems (BA.L) has a YTD return of +27.49%, a 1-month return of +21.00%, and a buy analyst consensus. P/E is 31.94, but news sentiment is slightly negative at -0.001.",27.49% YTD; 21.00% 1M return; buy consensus; UK defence prime,,,,,
RR.L,Rolls-Royce Holdings,Defence,uk-european,LSE,20.86,+0.81%,+0.72%,+9.90%,+28.75%,+42%,1.722,1.19,42.81,26.26,17087733,100804386,566492329,78.0,,buy,1.6,0.81,100.81,0.81,1008.1,8.1,10081.0,81.0,0.72,100.72,0.72,1007.2,7.2,10072.0,72.0,9.9,109.9,9.9,1099.0,99.0,10990.0,990.0,28.75,128.75,28.75,1287.5,287.5,12875.0,2875.0,42.0,142.0,42.0,1420.0,420.0,14200.0,4200.0,Is Rolls-Royce Holdings (LSE:RR.) Fully Priced After Profit Upgrades?,Simply Wall St.,2026-08-08,0.488,"Is Rolls-Royce Holdings (LSE:RR.) Fully Valued After Buybacks, Half Year Results And A Dividend Increase?",Simply Wall St.,2026-08-08,0.67,Rolls Royce Holdings (LSE:RR.) Stock Fair Value Rises After Analysts Lift Targets,Simply Wall St.,2026-08-07,0.572,4,buy,0.75,"Rolls-Royce has a YTD return of +27.41%, 1-month return of +7.75%, and a very positive news sentiment of 0.416. Analyst consensus is buy with an average score of 1.60, and P/E is 42.36.",27.41% YTD; 7.75% 1M return; news sentiment 0.416; buy consensus,,,,,
QQ.L,QinetiQ Group,Defence,uk-european,LSE,7.62,+0.54%,+1.72%,+24.69%,+26.72%,+17%,0.039,0.343,28.15,2.13,1047782,10022907,48934216,195.0,,buy,1.75,0.54,100.54,0.54,1005.4,5.4,10054.0,54.0,1.72,101.72,1.72,1017.2,17.2,10172.0,172.0,24.69,124.69,24.69,1246.9,246.9,12469.0,2469.0,26.72,126.72,26.72,1267.2,267.2,12672.0,2672.0,17.0,117.0,17.0,1170.0,170.0,11700.0,1700.0,3 UK Penny Stocks With Market Caps Over £300M To Consider,Simply Wall St.,2026-06-11,0.0,UK Growth Stocks With Insider Ownership Up To 20%,Simply Wall St.,2026-06-11,0.382,UK Stocks That May Be Trading Below Fair Value In June 2026,Simply Wall St.,2026-06-02,0.572,,,,,,,,,,
PLTR,Palantir Technologies,Defence,cyber-intel,NASDAQ,174.04,-2.36%,+1.18%,+30.11%,+3.68%,+1%,418.228,1.563,150.03,43.39,23890555,196187255,1025899355,,3.17,buy,1.81,-2.36,97.64,-2.36,976.4,-23.6,9764.0,-236.0,1.18,101.18,1.18,1011.8,11.8,10118.0,118.0,30.11,130.11,30.11,1301.1,301.1,13011.0,3011.0,3.68,103.68,3.68,1036.8,36.8,10368.0,368.0,1.0,101.0,1.0,1010.0,10.0,10100.0,100.0,Wall Street's riskiest trades are suddenly back on top: Chart of the Day,Yahoo Finance,2026-08-14,-0.178,The Best House On The Block Costs The Most: PLTR,Trefis,2026-08-14,0.318,Palantir's $442 Billion Valuation Faces a Test,GuruFocus.com,2026-08-14,0.0,2,buy,0.85,"Palantir surged 33.87% in the last month, with a 14.81% weekly gain, driven by a Q2 earnings beat (EPS $0.41 vs $0.35 expected) and revenue up 93% YoY to $1.94B, raising full-year guidance. P/E is high at 146.73 but momentum is strong.",33.87% 1M return; Q2 revenue beat $1.94B; raised FY guidance; US commercial revenue +149%,,,,,
LDOS,Leidos Holdings,Defence,cyber-intel,NYSE,143.83,+1.65%,+4.55%,+32.92%,-21.13%,-20%,18.092,0.546,13.43,1.66,1153037,8295037,37641237,123.0,4.74,buy,2.35,1.65,101.65,1.65,1016.5,16.5,10165.0,165.0,4.55,104.55,4.55,1045.5,45.5,10455.0,455.0,32.92,132.92,32.92,1329.2,329.2,13292.0,3292.0,-21.13,78.87,-21.13,788.7,-211.3,7887.0,-2113.0,-20.0,80.0,-20.0,800.0,-200.0,8000.0,-2000.0,2 Mid-Cap Stocks to Keep an Eye On and 1 We Turn Down,StockStory,2026-08-14,0.0,The 5 Most Interesting Analyst Questions From Leidos’s Q2 Earnings Call,StockStory,2026-08-13,0.458,CoreWeave (CRWV) Enters Defense AI While Opening Three Indonesia Data Centers,Simply Wall St.,2026-08-13,0.128,3,buy,0.8,"Leidos gained 33.83% in the last month, P/E is low at 13.11, and news sentiment is 0.189. Web search confirms Q2 revenue up 7% to $4.56B, bookings of $5B, and raised FY2026 guidance, with a free cash flow conversion of 185%.",33.83% 1M return; P/E 13.11; Q2 revenue $4.56B; raised FY guidance,,,,,
CACI,CACI International,Defence,cyber-intel,NYSE,670.54,+0.08%,+4.05%,+42.11%,+24.77%,+37%,14.819,0.541,27.72,0.29,226883,1585883,7087783,,7.9,buy,1.56,0.08,100.08,0.08,1000.8,0.8,10008.0,8.0,4.05,104.05,4.05,1040.5,40.5,10405.0,405.0,42.11,142.11,42.11,1421.1,421.1,14211.0,4211.0,24.77,124.77,24.77,1247.7,247.7,12477.0,2477.0,37.0,137.0,37.0,1370.0,370.0,13700.0,3700.0,2 Surging  Stocks for Long-Term Investors and 1 That Underwhelm,StockStory,2026-08-14,0.0,The Top 5 Analyst Questions From CACI’s Q2 Earnings Call,StockStory,2026-08-14,0.202,CACI (CACI) Q4 2026 Earnings Call Transcript,Motley Fool,2026-08-13,0.0,1,strong_buy,0.9,"CACI delivered a 42.99% 1-month return, YTD +24.67%, with P/E of 28.17 and positive news sentiment of 0.253. Web search shows FY2026 revenue up 10.9% to $9.6B, backlog up 28.6%, and new contracts like SkyValor drone defense at the Southern Border.",42.99% 1M return; 24.67% YTD; P/E 28.17; backlog growth 28.6%,,,,,
SAIC,Science Applications International,Defence,cyber-intel,NYSE,126.68,+0.02%,+1.93%,+9.89%,+26.47%,+8%,5.356,0.286,14.25,0.54,251511,1757311,9063611,117.0,6.3,none,,0.02,100.02,0.02,1000.2,0.2,10002.0,2.0,1.93,101.93,1.93,1019.3,19.3,10193.0,193.0,9.89,109.89,9.89,1098.9,98.9,10989.0,989.0,26.47,126.47,26.47,1264.7,264.7,12647.0,2647.0,8.0,108.0,8.0,1080.0,80.0,10800.0,800.0,Webtoon Entertainment (WBTN) Q2 Earnings Surpass Estimates,Zacks,2026-08-10,0.421,"Science Applications International Corporation (SAIC) Hit a 52 Week High, Can the Run Continue?",Zacks,2026-08-07,0.0,Is Science Applications International (SAIC) a Great Value Stock Right Now?,Zacks,2026-08-06,0.758,5,buy,0.7,"SAIC shows a YTD return of +26.45%, a 1-month return of +11.18%, and a low P/E of 14.23. News sentiment is positive at 0.261, and the company has a strong backlog in the cyber-intel space.",26.45% YTD; 11.18% 1M return; P/E 14.23; news sentiment 0.261,,,,,
BAH,Booz Allen Hamilton,Defence,cyber-intel,NYSE,77.46,-1.15%,+1.85%,+21.14%,-7.36%,-28%,9.317,0.354,12.16,2.31,880177,9553377,52393277,301.0,7.86,hold,2.86,-1.15,98.85,-1.15,988.5,-11.5,9885.0,-115.0,1.85,101.85,1.85,1018.5,18.5,10185.0,185.0,21.14,121.14,21.14,1211.4,211.4,12114.0,2114.0,-7.36,92.64,-7.36,926.4,-73.6,9264.0,-736.0,-28.0,72.0,-28.0,720.0,-280.0,7200.0,-2800.0,"SpaceX, Defense Contractors Progress On Orbital Interceptors, Pass Golden Dome Test",Investor's Business Daily,2026-08-13,0.511,The Gap Between ACN Stock And Its Own Numbers,Trefis,2026-08-13,0.0,Accenture Stock Trades At A Discount While The Company Buys Its Growth,Trefis,2026-08-12,0.382,,,,,,,,,,
AVAV,AeroVironment,Defence,drones,NASDAQ,192.81,+0.14%,+3.26%,+36.53%,-24.74%,-23%,9.758,1.412,,1.64,1524027,5912827,30167427,,11.32,buy,1.6,0.14,100.14,0.14,1001.4,1.4,10014.0,14.0,3.26,103.26,3.26,1032.6,32.6,10326.0,326.0,36.53,136.53,36.53,1365.3,365.3,13653.0,3653.0,-24.74,75.26,-24.74,752.6,-247.4,7526.0,-2474.0,-23.0,77.0,-23.0,770.0,-230.0,7700.0,-2300.0,More Trump Tariffs Are Coming—and They Could Look Different,Barrons.com,2026-08-14,0.0,"Unusual Machines Soars 22%, Red Cat Climbs 8%, Ondas Gains 4% on Trump’s 100% Drone Tariff",24/7 Wall St.,2026-08-14,0.34,"Unusual Machines, AeroVironment, and Ondas Rise as Trump Levies Tariffs on Drone Imports",Barrons.com,2026-08-14,0.0,,,,,,,,,,
KTOS,Kratos Defense,Defence,drones,NASDAQ,64.58,+2.67%,+6.27%,+29.99%,-18.55%,-8%,12.111,1.106,379.88,4.7,5396561,18976961,92245961,,5.84,strong_buy,1.43,2.67,102.67,2.67,1026.7,26.7,10267.0,267.0,6.27,106.27,6.27,1062.7,62.7,10627.0,627.0,29.99,129.99,29.99,1299.9,299.9,12999.0,2999.0,-18.55,81.45,-18.55,814.5,-185.5,8145.0,-1855.0,-8.0,92.0,-8.0,920.0,-80.0,9200.0,-800.0,"Unusual Machines Soars 22%, Red Cat Climbs 8%, Ondas Gains 4% on Trump’s 100% Drone Tariff",24/7 Wall St.,2026-08-14,0.34,Kratos (KTOS) Is Up 9.4% After Raising 2026 Outlook And Securing New Missile Defense Work,Simply Wall St.,2026-08-14,0.421,"Unusual Machines, AeroVironment, and Ondas Rise as Trump Levies Tariffs on Drone Imports",Barrons.com,2026-08-14,0.0,9,strong_buy,0.5,"Kratos has a strong_buy analyst consensus (score 1.43) and a 1-month return of +24.68%. P/E is very high at 369.35, but YTD is -20.81%, showing recent momentum driven by drone tariffs news.",24.68% 1M return; strong_buy consensus; drone sector catalyst; news on tariffs,,,,,
RCAT,Red Cat Holdings,Defence,drones,NASDAQ,11.13,+5.60%,+20.85%,+35.07%,+21.51%,+22%,1.7,1.349,,12.48,18206629,66480429,216390329,,23.21,strong_buy,1.17,5.6,105.6,5.6,1056.0,56.0,10560.0,560.0,20.85,120.85,20.85,1208.5,208.5,12085.0,2085.0,35.07,135.07,35.07,1350.7,350.7,13507.0,3507.0,21.51,121.51,21.51,1215.1,215.1,12151.0,2151.0,22.0,122.0,22.0,1220.0,220.0,12200.0,2200.0,"Unusual Machines Soars 22%, Red Cat Climbs 8%, Ondas Gains 4% on Trump’s 100% Drone Tariff",24/7 Wall St.,2026-08-14,0.34,"Unusual Machines, AeroVironment, and Ondas Rise as Trump Levies Tariffs on Drone Imports",Barrons.com,2026-08-14,0.0,Drone stocks soar after Trump announces tariffs,Axios,2026-08-14,0.0,,,,,,,,,,
TXT,Textron,Defence,drones,NYSE,89.0,+0.33%,-0.48%,+0.28%,+2.28%,+12%,15.477,0.908,16.76,1.57,781487,6173887,40349387,9.0,4.55,buy,2.24,0.33,100.33,0.33,1003.3,3.3,10033.0,33.0,-0.48,99.52,-0.48,995.2,-4.8,9952.0,-48.0,0.28,100.28,0.28,1002.8,2.8,10028.0,28.0,2.28,102.28,2.28,1022.8,22.8,10228.0,228.0,12.0,112.0,12.0,1120.0,120.0,11200.0,1200.0,Is Howmet Aerospace Stock a Buy After Q2 Earnings Beat & Raised Outlook?,Zacks,2026-08-11,0.0,Embraer's Second-Quarter Earnings and Revenues Surpass Estimates,Zacks,2026-08-10,0.0,"Honeywell Aerospace Q2 Earnings Miss Estimates, Sales Increase Y/Y",Zacks,2026-08-06,0.178,,,,,,,,,,
SPCX,SpaceX,Defence,space,NASDAQ,140.0,-1.41%,+5.18%,+3.50%,-13.02%,-12%,1844.387,,,122.74,94658090,661011590,2458847790,,3.3,buy,1.69,-1.41,98.59,-1.41,985.9,-14.1,9859.0,-141.0,5.18,105.18,5.18,1051.8,51.8,10518.0,518.0,3.5,103.5,3.5,1035.0,35.0,10350.0,350.0,-13.02,86.98,-13.02,869.8,-130.2,8698.0,-1302.0,-12.0,88.0,-12.0,880.0,-120.0,8800.0,-1200.0,Wall Street's riskiest trades are suddenly back on top: Chart of the Day,Yahoo Finance,2026-08-14,-0.178,"Elon Musk Reveals $900 Billion SpaceX Stake, Massive Voting Power",Investor's Business Daily,2026-08-14,0.0,Tesla Reportedly Will Demo Flying Roadster,Investor's Business Daily,2026-08-14,0.0,,,,,,,,,,
RKLB,Rocket Lab USA,Defence,space,NASDAQ,80.25,-0.50%,-3.11%,+5.31%,+5.61%,+81%,51.312,2.629,,24.88,13788544,112135144,455292044,,7.71,buy,1.61,-0.5,99.5,-0.5,995.0,-5.0,9950.0,-50.0,-3.11,96.89,-3.11,968.9,-31.1,9689.0,-311.0,5.31,105.31,5.31,1053.1,53.1,10531.0,531.0,5.61,105.61,5.61,1056.1,56.1,10561.0,561.0,81.0,181.0,81.0,1810.0,810.0,18100.0,8100.0,"Rocket Lab, Amazon Win Space Force Contracts. SpaceX Closes Cursor Deal.",Investor's Business Daily,2026-08-14,0.67,Rocket Lab (RKLB) Set a Revenue Record. Is Neutron Slipping Into 2027?,Insider Monkey,2026-08-14,0.0,Can HASTE Help Rocket Lab Tap Into the Growing Hypersonic Market?,Zacks,2026-08-14,0.527,,,,,,,,,,
PL,Planet Labs,Defence,space,NYSE,24.69,-0.48%,+3.18%,-0.84%,+20.97%,+265%,8.8,2.123,,11.76,3688059,22826359,159875459,,9.66,buy,2.0,-0.48,99.52,-0.48,995.2,-4.8,9952.0,-48.0,3.18,103.18,3.18,1031.8,31.8,10318.0,318.0,-0.84,99.16,-0.84,991.6,-8.4,9916.0,-84.0,20.97,120.97,20.97,1209.7,209.7,12097.0,2097.0,265.0,365.0,265.0,3650.0,2650.0,36500.0,26500.0,SpaceX Is Down 3.5% Thursday. Why Are Space Stocks Like AST SpaceMobile Under Pressure?,24/7 Wall St.,2026-08-13,0.077,Is Planet Labs The Cheapest Stock In The Space Economy?,Motley Fool,2026-08-13,0.0,Rocket Lab Stock Sold Off While Its Operating Margin Kept Climbing,Trefis,2026-08-12,0.0,,,,,,,,,,
ASTS,AST SpaceMobile,Defence,space,NASDAQ,70.98,-0.87%,-1.33%,+7.04%,-14.96%,+49%,27.623,2.745,,20.77,7182672,56558272,356533272,,19.09,hold,2.69,-0.87,99.13,-0.87,991.3,-8.7,9913.0,-87.0,-1.33,98.67,-1.33,986.7,-13.3,9867.0,-133.0,7.04,107.04,7.04,1070.4,70.4,10704.0,704.0,-14.96,85.04,-14.96,850.4,-149.6,8504.0,-1496.0,49.0,149.0,49.0,1490.0,490.0,14900.0,4900.0,AST SpaceMobile (ASTS) Has a $1.3B Backlog. Can it Build Fast Enough?,Insider Monkey,2026-08-14,0.0,SpaceX Stock Drops as Musk’s Rockets Face a Fresh Rival,Barrons.com,2026-08-14,0.318,AST SpaceMobile vs. IBM: Which Tech Stock is the Better Buy Now?,Zacks,2026-08-14,0.44,,,,,,,,,,
TDG,TransDigm Group,Defence,weapons,NYSE,1256.9,+0.33%,+2.58%,+2.01%,-7.48%,-10%,70.302,0.906,38.05,0.41,381262,1983162,9881062,,2.33,buy,1.95,0.33,100.33,0.33,1003.3,3.3,10033.0,33.0,2.58,102.58,2.58,1025.8,25.8,10258.0,258.0,2.01,102.01,2.01,1020.1,20.1,10201.0,201.0,-7.48,92.52,-7.48,925.2,-74.8,9252.0,-748.0,-10.0,90.0,-10.0,900.0,-100.0,9000.0,-1000.0,5 Must-Read Analyst Questions From TransDigm’s Q2 Earnings Call,StockStory,2026-08-13,0.0,"TransDigm’s (TDG) Earnings Soared, So Why Did The Stock Sink?",Insider Monkey,2026-08-11,0.0,TransDigm (TDG) Q3 2026 Earnings Call Transcript,Motley Fool,2026-08-11,0.0,,,,,,,,,,
HEI,HEICO Corporation,Defence,weapons,NYSE,374.67,+0.84%,+1.93%,+6.56%,+13.86%,+21%,52.356,1.053,66.79,0.55,325829,1889229,9635229,7.0,1.38,none,,0.84,100.84,0.84,1008.4,8.4,10084.0,84.0,1.93,101.93,1.93,1019.3,19.3,10193.0,193.0,6.56,106.56,6.56,1065.6,65.6,10656.0,656.0,13.86,113.86,13.86,1138.6,138.6,11386.0,1386.0,21.0,121.0,21.0,1210.0,210.0,12100.0,2100.0,Are Aerospace Stocks Lagging  Leonardo S.P.A. - Unsponsored ADR (FINMY) This Year?,Zacks,2026-08-14,-0.273,3 Reasons Why Growth Investors Shouldn't Overlook Heico (HEI),Zacks,2026-08-13,0.382,"Intuitive Machines, Inc. (LUNR) Reports Q2 Loss, Misses Revenue Estimates",Zacks,2026-08-13,-0.494,,,,,,,,,,
AXON,Axon Enterprise,Defence,weapons,NASDAQ,612.83,-0.30%,+7.32%,+13.25%,+8.76%,-18%,49.784,1.397,255.35,1.09,433889,5087689,21100089,,5.2,buy,1.71,-0.3,99.7,-0.3,997.0,-3.0,9970.0,-30.0,7.32,107.32,7.32,1073.2,73.2,10732.0,732.0,13.25,113.25,13.25,1132.5,132.5,11325.0,1325.0,8.76,108.76,8.76,1087.6,87.6,10876.0,876.0,-18.0,82.0,-18.0,820.0,-180.0,8200.0,-1800.0,Axon Enterprise (AXON) Is Up 17.8% After Raising 2026 Revenue Outlook On Connected Devices Momentum,Simply Wall St.,2026-08-14,0.0,The 5 Most Interesting Analyst Questions From Axon’s Q2 Earnings Call,StockStory,2026-08-14,0.458,"Stock Market Today, Aug. 13: Cellebrite Shares Plummet 29% After Missing Earnings, Cutting 2026 Revenue Guidance",Motley Fool,2026-08-13,-0.128,8,buy,0.55,"Axon has a 1-week return of +17.83%, a 1-month return of +12.49%, and a buy analyst consensus with a score of 1.71. P/E is high at 250.24, but news sentiment is positive at 0.114.",17.83% 1W return; 12.49% 1M return; buy consensus; news sentiment 0.114,,,,,
OLN,Olin Corporation,Defence,weapons,NYSE,19.1,-0.26%,+2.74%,-12.63%,-10.03%,-11%,2.178,1.203,,3.06,1901457,11100657,73006657,420.0,12.54,hold,3.0,-0.26,99.74,-0.26,997.4,-2.6,9974.0,-26.0,2.74,102.74,2.74,1027.4,27.4,10274.0,274.0,-12.63,87.37,-12.63,873.7,-126.3,8737.0,-1263.0,-10.03,89.97,-10.03,899.7,-100.3,8997.0,-1003.0,-11.0,89.0,-11.0,890.0,-110.0,8900.0,-1100.0,"AVNT Q2 Earnings Top Estimates on Organic Growth, Guidance Up",Zacks,2026-08-13,0.527,"TROX Q2 Earnings Miss Estimates on Higher Costs, Sales Beat",Zacks,2026-08-12,-0.153,KOP Q2 Earnings and Revenues Top Estimates on PC Unit Strength,Zacks,2026-08-11,0.612,,,,,,,,,,
MRCY,Mercury Systems,Defence,weapons,NASDAQ,111.12,-0.74%,+2.28%,+7.91%,+46.15%,+65%,6.673,0.998,,0.68,309727,1929127,13151627,,9.57,buy,2.0,-0.74,99.26,-0.74,992.6,-7.4,9926.0,-74.0,2.28,102.28,2.28,1022.8,22.8,10228.0,228.0,7.91,107.91,7.91,1079.1,79.1,10791.0,791.0,46.15,146.15,46.15,1461.5,461.5,14615.0,4615.0,65.0,165.0,65.0,1650.0,650.0,16500.0,6500.0,"VirTra, Inc. (VTSI) Reports Q2 Loss, Tops Revenue Estimates",Zacks,2026-08-13,0.25,Stay Ahead of the Game With Mercury Systems (MRCY) Q4 Earnings: Wall Street's Insights on Key Metrics,Zacks,2026-08-13,0.0,Mercury Systems: Piper Sandler bullish on ruggedized compute growth,Investing.com,2026-08-12,0.382,7,buy,0.6,"Mercury Systems has a YTD return of +44.40%, a 1-month return of +9.44%, and a buy analyst consensus. P/E is null, but the company focuses on defence electronics with strong momentum.",44.40% YTD; 9.44% 1M return; buy consensus; defence electronics,,,,,
DRS,Leonardo DRS,Defence,weapons,NYSE,45.53,+1.81%,+1.83%,+4.11%,+31.70%,+7%,12.151,0.179,38.26,1.0,407631,3035231,19825431,80.0,1.12,strong_buy,1.5,1.81,101.81,1.81,1018.1,18.1,10181.0,181.0,1.83,101.83,1.83,1018.3,18.3,10183.0,183.0,4.11,104.11,4.11,1041.1,41.1,10411.0,411.0,31.7,131.7,31.7,1317.0,317.0,13170.0,3170.0,7.0,107.0,7.0,1070.0,70.0,10700.0,700.0,Rocket Lab Stock Slides 33% in Three Months: Exit Now or Stay Put?,Zacks,2026-08-11,0.0,1 High-Flying Stock with Promising Prospects and 2 We Ignore,StockStory,2026-08-10,0.34,Leonardo DRS (DRS) Q2 2026 Earnings Call Transcript,Motley Fool,2026-08-04,0.0,6,strong_buy,0.65,"Leonardo DRS has a YTD return of +29.35%, a strong_buy analyst consensus with a score of 1.50, and a P/E of 37.9. Despite a slight 1-month decline, the company is well-positioned with defence programmes.",29.35% YTD; strong_buy consensus; P/E 37.9; defence contractor,,,,,
XOM,ExxonMobil,Energy,oil-majors,NYSE,160.1,+0.86%,+4.61%,+10.79%,+32.30%,+49%,658.318,0.173,20.6,16.39,10205562,67473962,325027262,258.0,1.15,buy,2.4,0.86,100.86,0.86,1008.6,8.6,10086.0,86.0,4.61,104.61,4.61,1046.1,46.1,10461.0,461.0,10.79,110.79,10.79,1107.9,107.9,11079.0,1079.0,32.3,132.3,32.3,1323.0,323.0,13230.0,3230.0,49.0,149.0,49.0,1490.0,490.0,14900.0,4900.0,Exxon Stock Rises While Iran Threat Lifts Oil,GuruFocus.com,2026-08-14,-0.527,2 Reasons XOM is Risky and 1 Stock to Buy Instead,StockStory,2026-08-14,-0.202,Reading Between The Lines Of XOM's Latest Call,Trefis,2026-08-13,0.0,6,buy,0.7,"YTD +31%, P/E 20.6, dividend 2.58%, Q2 earnings $14.5B, record Permian production, strong cash flow.",YTD +31%; Q2 earnings $14.5B; record Permian; dividend $1.03/q,,,,,
CVX,Chevron,Energy,oil-majors,NYSE,200.0,+1.10%,+7.20%,+10.13%,+30.73%,+26%,392.321,0.488,19.23,8.95,7891576,40883776,177539376,360.0,1.04,buy,1.72,1.1,101.1,1.1,1011.0,11.0,10110.0,110.0,7.2,107.2,7.2,1072.0,72.0,10720.0,720.0,10.13,110.13,10.13,1101.3,101.3,11013.0,1013.0,30.73,130.73,30.73,1307.3,307.3,13073.0,3073.0,26.0,126.0,26.0,1260.0,260.0,12600.0,2600.0,"PSX, MPC Reportedly Weighed A Giant Merger — What Sank The $180B Deal Between Phillips 66 And Marathon Petroleum",Stocktwits,2026-08-14,0.0,"Golar LNG Q2 Earnings & Revenues Top Estimates, Improve Y/Y",Zacks,2026-08-14,0.572,“I Think You Have a Winner” Cramer Excited About Hess Midstream’s 7% Dividend Yield,24/7 Wall St.,2026-08-14,0.34,4,buy,0.8,"YTD +29%, P/E 18.9, dividend 3.62%, analyst score 1.72 (very bullish), Q2 beat estimates with record US production.",YTD +29%; analyst score 1.72; Q2 earnings beat; record production,,,,,
SHEL,Shell,Energy,oil-majors,NYSE,90.47,+0.60%,+3.12%,+7.82%,+23.21%,+25%,249.877,-0.218,10.01,6.64,4665680,20923694,151817610,348.0,1.77,buy,2.25,0.6,100.6,0.6,1006.0,6.0,10060.0,60.0,3.12,103.12,3.12,1031.2,31.2,10312.0,312.0,7.82,107.82,7.82,1078.2,78.2,10782.0,782.0,23.21,123.21,23.21,1232.1,232.1,12321.0,2321.0,25.0,125.0,25.0,1250.0,250.0,12500.0,2500.0,Sector Update: Energy Stocks Rise Friday,MT Newswires,2026-08-14,0.273,Sector Update: Energy Stocks Rise Friday Afternoon,MT Newswires,2026-08-14,0.273,European Equities Traded in the US as American Depositary Receipts Track Lower in Friday Trading,MT Newswires,2026-08-14,-0.296,10,buy,0.55,"YTD +22.5%, P/E 9.96, dividend 3.47%, analyst buy, low valuation.",YTD +22.5%; P/E 9.96; div 3.47%,,,,,
BP,BP p.l.c.,Energy,oil-majors,NYSE,42.53,-0.83%,+2.16%,+2.90%,+21.61%,+25%,109.529,-0.212,20.35,9.0,6335186,31610686,170099086,471.0,0.41,buy,2.37,-0.83,99.17,-0.83,991.7,-8.3,9917.0,-83.0,2.16,102.16,2.16,1021.6,21.6,10216.0,216.0,2.9,102.9,2.9,1029.0,29.0,10290.0,290.0,21.61,121.61,21.61,1216.1,216.1,12161.0,2161.0,25.0,125.0,25.0,1250.0,250.0,12500.0,2500.0,European Equities Traded in the US as American Depositary Receipts Track Lower in Friday Trading,MT Newswires,2026-08-14,-0.296,Sector Update: Energy Stocks Edge Higher Pre-Bell Friday,MT Newswires,2026-08-14,0.273,BP turns to Venezuela as it rejects Burnham’s Britain,The Telegraph,2026-08-14,-0.494,,,,,,,,,,
TTE,TotalEnergies,Energy,oil-majors,NYSE,88.33,+1.66%,+2.91%,+9.95%,+34.24%,+40%,195.842,0.062,11.06,1.55,957038,5028638,36635138,487.0,0.2,none,,1.66,101.66,1.66,1016.6,16.6,10166.0,166.0,2.91,102.91,2.91,1029.1,29.1,10291.0,291.0,9.95,109.95,9.95,1099.5,99.5,10995.0,995.0,34.24,134.24,34.24,1342.4,342.4,13424.0,3424.0,40.0,140.0,40.0,1400.0,400.0,14000.0,4000.0,Trump administration to pay €1.06 billion to cancel RWE offshore wind leases,Euronews,2026-08-12,-0.34,America's $4 Billion Wind Retreat Is a Bet on Permanently Cheap Gas,Oilprice.com,2026-08-10,0.202,Energy Sector Rotation and Falling Oil Prices Pressure TotalEnergies SE (TTE),Insider Monkey,2026-08-10,-0.178,9,buy,0.6,"YTD +32.3%, P/E 10.9, dividend yield 4.83%, low valuation.",YTD +32.3%; P/E 10.9; div 4.83%,,,,,
EQNR,Equinor,Energy,oil-majors,NYSE,40.77,+0.57%,+4.75%,+13.66%,+70.01%,+65%,96.824,-0.73,11.05,3.77,2054908,10960208,82733908,381.0,2.95,none,,0.57,100.57,0.57,1005.7,5.7,10057.0,57.0,4.75,104.75,4.75,1047.5,47.5,10475.0,475.0,13.66,113.66,13.66,1136.6,136.6,11366.0,1366.0,70.01,170.01,70.01,1700.1,700.1,17001.0,7001.0,65.0,165.0,65.0,1650.0,650.0,16500.0,6500.0,European Equities Traded in the US as American Depositary Receipts Track Lower in Friday Trading,MT Newswires,2026-08-14,-0.296,SLB (SLB) Stock May Trade At A Discount On Cash Flow But Fairly On Earnings,Simply Wall St.,2026-08-14,0.0,European Equities Traded in the US Rise in Thursday Trading,MT Newswires,2026-08-13,0.0,3,strong_buy,0.8,"YTD +69%, 1M +12%, P/E 11.1, dividend yield 3.81%, positive news sentiment 0.262.",YTD +69%; P/E 11.1; div 3.81%; news sentiment 0.262,,,,,
COP,ConocoPhillips,Energy,ep-refining,NYSE,126.78,+1.83%,+7.80%,+13.74%,+33.11%,+31%,152.305,0.123,16.77,7.08,5624281,32125781,148109581,264.0,1.54,buy,1.64,1.83,101.83,1.83,1018.3,18.3,10183.0,183.0,7.8,107.8,7.8,1078.0,78.0,10780.0,780.0,13.74,113.74,13.74,1137.4,137.4,11374.0,1374.0,33.11,133.11,33.11,1331.1,331.1,13311.0,3311.0,31.0,131.0,31.0,1310.0,310.0,13100.0,3100.0,ConocoPhillips (COP): Wall Street Sees More Upside Despite Leadership Shakeup,Insider Monkey,2026-08-14,0.114,Reading Between The Lines Of XOM's Latest Call,Trefis,2026-08-13,0.0,How Much Track Is Left For XOM Stock?,Trefis,2026-08-13,0.0,5,buy,0.75,"YTD +30.7%, 1M +11.3%, P/E 16.8, analyst score 1.64 (most bullish), news sentiment 0.208.",YTD +30.7%; 1M +11.3%; analyst score 1.64,,,,,
OXY,Occidental Petroleum,Energy,ep-refining,NYSE,58.36,+1.04%,+4.38%,+8.54%,+39.00%,+29%,58.339,0.16,17.22,9.88,5529179,38880779,191605679,191.0,0.01,buy,2.33,1.04,101.04,1.04,1010.4,10.4,10104.0,104.0,4.38,104.38,4.38,1043.8,43.8,10438.0,438.0,8.54,108.54,8.54,1085.4,85.4,10854.0,854.0,39.0,139.0,39.0,1390.0,390.0,13900.0,3900.0,29.0,129.0,29.0,1290.0,290.0,12900.0,2900.0,Here is Why Analysts are Bullish on Occidental Petroleum (OXY),Insider Monkey,2026-08-14,0.0,5 Insightful Analyst Questions From Occidental Petroleum’s Q2 Earnings Call,StockStory,2026-08-14,0.0,Reading Between The Lines Of XOM's Latest Call,Trefis,2026-08-13,0.0,,,,,,,,,,
EOG,EOG Resources,Energy,ep-refining,NYSE,142.61,+0.68%,+5.84%,+4.51%,+36.26%,+19%,75.958,0.278,11.1,3.5,1393462,12908762,68702562,285.0,3.46,buy,2.23,0.68,100.68,0.68,1006.8,6.8,10068.0,68.0,5.84,105.84,5.84,1058.4,58.4,10584.0,584.0,4.51,104.51,4.51,1045.1,45.1,10451.0,451.0,36.26,136.26,36.26,1362.6,362.6,13626.0,3626.0,19.0,119.0,19.0,1190.0,190.0,11900.0,1900.0,SM Energy Slides 11.2% in One Week: Could the Dip Be an Opportunity?,Zacks,2026-08-12,0.599,EOG Resources (EOG) Q2 2026 Earnings Call Transcript,Motley Fool,2026-08-11,0.0,EOG Resources Q2 Earnings Call Highlights,MarketBeat,2026-08-08,0.0,,,,,,,,,,
MPC,Marathon Petroleum,Energy,ep-refining,NYSE,355.42,-0.30%,+19.19%,+18.80%,+117.13%,+120%,103.76,0.508,12.33,2.34,2128215,14580315,52642415,115.0,2.81,buy,2.21,-0.3,99.7,-0.3,997.0,-3.0,9970.0,-30.0,19.19,119.19,19.19,1191.9,191.9,11919.0,1919.0,18.8,118.8,18.8,1188.0,188.0,11880.0,1880.0,117.13,217.13,117.13,2171.3,1171.3,21713.0,11713.0,120.0,220.0,120.0,2200.0,1200.0,22000.0,12000.0,Sector Update: Energy Stocks Rise Friday,MT Newswires,2026-08-14,0.273,Record Profits For Refiners. These 5 Oil Stocks Are Worthy Bets.,Investor's Business Daily,2026-08-14,0.7,Sector Update: Energy Stocks Rise Friday Afternoon,MT Newswires,2026-08-14,0.273,1,strong_buy,0.9,"YTD +117.7%, 1M +17.5%, P/E 12.1, analyst buy, refining margins boosted by Iran war disruptions.",YTD +117.7%; 1M +17.5%; P/E 12.1; refining catalyst,,,,,
VLO,Valero Energy,Energy,ep-refining,NYSE,341.67,-0.53%,+14.54%,+17.20%,+109.74%,+151%,98.376,0.554,14.25,3.0,1614745,12203345,63846045,145.0,3.67,buy,2.3,-0.53,99.47,-0.53,994.7,-5.3,9947.0,-53.0,14.54,114.54,14.54,1145.4,145.4,11454.0,1454.0,17.2,117.2,17.2,1172.0,172.0,11720.0,1720.0,109.74,209.74,109.74,2097.4,1097.4,20974.0,10974.0,151.0,251.0,151.0,2510.0,1510.0,25100.0,15100.0,Record Profits For Refiners. These 5 Oil Stocks Are Worthy Bets.,Investor's Business Daily,2026-08-14,0.7,JPMorgan Chase: How To Limit Risk On A Stock That's Doing Well,Investor's Business Daily,2026-08-14,0.0,Marathon Surges 51% After Q2 Results: Is the Stock Still a Buy?,Zacks,2026-08-14,0.0,2,strong_buy,0.85,"YTD +110.5%, 1M +14.2%, P/E 13.8, analyst buy, strong refining momentum.",YTD +110.5%; 1M +14.2%; P/E 13.8,,,,,
SLB,SLB (Schlumberger),Energy,oilfield-services,NYSE,53.77,+3.01%,+6.41%,+13.08%,+35.25%,+58%,79.802,0.749,26.23,14.09,7321533,42381133,279559633,224.0,4.32,buy,1.6,3.01,103.01,3.01,1030.1,30.1,10301.0,301.0,6.41,106.41,6.41,1064.1,64.1,10641.0,641.0,13.08,113.08,13.08,1130.8,130.8,11308.0,1308.0,35.25,135.25,35.25,1352.5,352.5,13525.0,3525.0,58.0,158.0,58.0,1580.0,580.0,15800.0,5800.0,SLB (SLB) Stock May Trade At A Discount On Cash Flow But Fairly On Earnings,Simply Wall St.,2026-08-14,0.0,SLB (SLB) Is Considered a Good Investment by Brokers: Is That True?,Zacks,2026-08-13,0.691,3 Cash-Producing Stocks with Open Questions,StockStory,2026-08-10,0.0,8,buy,0.65,"YTD +31%, 1M +9.5%, analyst score 1.6 (most bullish), news sentiment 0.334.",YTD +31%; analyst score 1.6; news sentiment 0.334,,,,,
HAL,Halliburton,Energy,oilfield-services,NYSE,34.42,+4.49%,+7.93%,-2.35%,+17.34%,+55%,28.754,0.753,18.02,11.97,10181151,42949651,277820951,204.0,5.76,buy,1.75,4.49,104.49,4.49,1044.9,44.9,10449.0,449.0,7.93,107.93,7.93,1079.3,79.3,10793.0,793.0,-2.35,97.65,-2.35,976.5,-23.5,9765.0,-235.0,17.34,117.34,17.34,1173.4,173.4,11734.0,1734.0,55.0,155.0,55.0,1550.0,550.0,15500.0,5500.0,"CRC Q2 Earnings Miss on Takeaway Constraints, Revenues Beat",Zacks,2026-08-14,-0.153,LNG Q2 Earnings Beat Estimates on Higher Volumes and Margins,Zacks,2026-08-13,0.0,Centuri hires Halliburton alum for CFO,CFO Dive,2026-08-13,0.0,,,,,,,,,,
BKR,Baker Hughes,Energy,oilfield-services,NASDAQ,64.82,+2.08%,+5.31%,+13.64%,+39.00%,+48%,64.345,0.959,20.84,8.71,6690288,32832388,202223688,145.0,2.83,buy,1.71,2.08,102.08,2.08,1020.8,20.8,10208.0,208.0,5.31,105.31,5.31,1053.1,53.1,10531.0,531.0,13.64,113.64,13.64,1136.4,136.4,11364.0,1364.0,39.0,139.0,39.0,1390.0,390.0,13900.0,3900.0,48.0,148.0,48.0,1480.0,480.0,14800.0,4800.0,US Oil Drillers Add Even More Rigs As Oil Prices Stay Higher,Oilprice.com,2026-08-14,0.0,5 LNG Megaprojects Poised to Power the Next Gas Boom,Oilprice.com,2026-08-12,0.25,Baker Hughes wins KOC contract for Ahmadi Innovation Valley project,Offshore Technology,2026-08-12,0.743,7,buy,0.7,"YTD +36%, 1M +10.2%, P/E 20.7, analyst score 1.71, highest news sentiment 0.441.",YTD +36%; news sentiment 0.441; analyst score 1.71,,,,,
NEE,NextEra Energy,Energy,utilities,NYSE,86.19,+0.22%,+1.82%,-3.27%,+8.01%,+14%,179.759,0.653,19.37,12.22,7236659,40297459,235859059,291.0,,buy,1.95,0.22,100.22,0.22,1002.2,2.2,10022.0,22.0,1.82,101.82,1.82,1018.2,18.2,10182.0,182.0,-3.27,96.73,-3.27,967.3,-32.7,9673.0,-327.0,8.01,108.01,8.01,1080.1,80.1,10801.0,801.0,14.0,114.0,14.0,1140.0,140.0,11400.0,1400.0,Utility ETFs to Buy as Rapid AI Buildout Sparks Energy Crisis,Zacks,2026-08-14,-0.459,Sector Update: Energy Stocks Edge Lower Late Afternoon,MT Newswires,2026-08-13,-0.026,3 of the Best Dividend Stocks to Buy for Under $100 Right Now,Motley Fool,2026-08-11,0.637,,,,,,,,,,
SSE.L,SSE plc,Energy,utilities,LSE,32.76,-0.45%,+1.26%,-2.32%,+8.49%,+36%,0.395,0.576,22.83,3.79,1423717,10846980,70934592,283.0,,buy,2.0,-0.45,99.55,-0.45,995.5,-4.5,9955.0,-45.0,1.26,101.26,1.26,1012.6,12.6,10126.0,126.0,-2.32,97.68,-2.32,976.8,-23.2,9768.0,-232.0,8.49,108.49,8.49,1084.9,84.9,10849.0,849.0,36.0,136.0,36.0,1360.0,360.0,13600.0,3600.0,UK PM Burnham uses policy blitz to buy time for tougher decisions,Investing.com,2026-08-01,0.178,SSE (LSE:SSE) Stock Fair Value Edges Lower After Mixed Analyst Target Changes,Simply Wall St.,2026-06-24,0.361,"UK, Japan to deepen ties with £18 billion investment agreement",Investing.com,2026-06-14,0.494,,,,,,,,,,
ENPH,Enphase Energy,Energy,clean-energy,NASDAQ,40.48,-0.68%,-3.32%,-8.10%,+19.94%,+17%,5.336,1.651,40.08,6.86,2690228,13897328,103884328,,20.98,buy,2.48,-0.68,99.32,-0.68,993.2,-6.8,9932.0,-68.0,-3.32,96.68,-3.32,966.8,-33.2,9668.0,-332.0,-8.1,91.9,-8.1,919.0,-81.0,9190.0,-810.0,19.94,119.94,19.94,1199.4,199.4,11994.0,1994.0,17.0,117.0,17.0,1170.0,170.0,11700.0,1700.0,"Redwire, Enphase, Core & Main, Republic Services, and Owens Corning Stocks Trade Up, What You Need To Know",StockStory,2026-08-11,0.0,Enphase Energy (ENPH) Stock Looks Fully Priced With Cash Flow And Earnings In Sync,Simply Wall St.,2026-08-08,0.273,Enphase Energy (ENPH) Is Up 6.1% After Expanding U.S. AI-Focused Power Electronics Manufacturing - What's Changed,Simply Wall St.,2026-08-07,0.273,,,,,,,,,,
FSLR,First Solar,Energy,clean-energy,NASDAQ,225.56,+0.57%,-9.79%,+0.78%,-17.78%,+12%,24.241,1.746,23.02,2.49,2241760,11924660,59018560,,12.45,buy,2.0,0.57,100.57,0.57,1005.7,5.7,10057.0,57.0,-9.79,90.21,-9.79,902.1,-97.9,9021.0,-979.0,0.78,100.78,0.78,1007.8,7.8,10078.0,78.0,-17.78,82.22,-17.78,822.2,-177.8,8222.0,-1778.0,12.0,112.0,12.0,1120.0,120.0,11200.0,1200.0,Solar Is Now Half of All New Power on the Grid and This ETF Still Trades Like Nobody Noticed,24/7 Wall St.,2026-08-14,0.361,"Solar Power Hits Big Milestone, Trumping Wind For First Time",Investor's Business Daily,2026-08-14,0.0,Boeing Analysts Turn Most Bullish Since 2022 on ‘Momentum Shift’,Bloomberg,2026-08-14,0.0,,,,,,,,,,
BEPC,Brookfield Renewable Corp,Energy,clean-energy,NYSE,35.5,-1.26%,+5.22%,+1.60%,-9.31%,+7%,6.589,1.166,,1.64,1385624,9767424,47554424,448.0,,hold,3.17,-1.26,98.74,-1.26,987.4,-12.6,9874.0,-126.0,5.22,105.22,5.22,1052.2,52.2,10522.0,522.0,1.6,101.6,1.6,1016.0,16.0,10160.0,160.0,-9.31,90.69,-9.31,906.9,-93.1,9069.0,-931.0,7.0,107.0,7.0,1070.0,70.0,10700.0,700.0,Why I'm Not Chasing NuScale -- Here's What I'm Buying Instead,Motley Fool,2026-08-11,0.0,Why Cameco's Ugly Earnings Miss Might Be Good News in Disguise,Motley Fool,2026-08-08,-0.459,Brookfield Renewable Q2 Earnings Call Highlights,MarketBeat,2026-07-31,0.0,,,,,,,,,,
DNNGY,Ørsted,Energy,clean-energy,NASDAQ,7.1,-2.20%,+1.14%,-5.96%,+6.53%,-33%,28.138,,,0.11,16351,283951,1732351,,,none,,-2.2,97.8,-2.2,978.0,-22.0,9780.0,-220.0,1.14,101.14,1.14,1011.4,11.4,10114.0,114.0,-5.96,94.04,-5.96,940.4,-59.6,9404.0,-596.0,6.53,106.53,6.53,1065.3,65.3,10653.0,653.0,-33.0,67.0,-33.0,670.0,-330.0,6700.0,-3300.0,Ørsted Q2 2026 net profit drops 79% to $106m,Power Technology,2026-08-13,0.44,Orsted Says All Projects on Schedule After Impairments Hit Profit,The Wall Street Journal,2026-08-13,0.44,Haizea delivers monopiles for Ørsted’s 2.9GW Hornsea 3 wind farm,Power Technology,2026-08-07,0.0,,,,,,,,,,
AAPL,Apple,MegaCap,big-tech,NASDAQ,306,+0.38%,-2.28%,-6.51%,+13.19%,+32%,4464.797,1.086,35.04,56.62,26072932,190369232,1237527432,36.0,0.97,buy,2.13,0.38,100.38,0.38,1003.8,3.8,10038.0,38.0,-2.28,97.72,-2.28,977.2,-22.8,9772.0,-228.0,-6.51,93.49,-6.51,934.9,-65.1,9349.0,-651.0,13.19,113.19,13.19,1131.9,131.9,11319.0,1319.0,32.0,132.0,32.0,1320.0,320.0,13200.0,3200.0,Apple Stock Stalls as Jefferies Cuts Target to $263.66,GuruFocus.com,2026-08-14,-0.296,KeyBanc Has Message For Apple Stock Investors,GuruFocus.com,2026-08-14,0.0,Maryland Court Strikes Down Digital Ad Tax,MediaPost,2026-08-14,-0.361,,,,,,,,,,
MSFT,Microsoft,MegaCap,big-tech,NASDAQ,495,-0.09%,-0.92%,+25.22%,+5.22%,-4%,3678.615,1.099,27.61,40.96,14356176,120652576,859533176,74.0,1.1,strong_buy,1.36,-0.09,99.91,-0.09,999.1,-0.9,9991.0,-9.0,-0.92,99.08,-0.92,990.8,-9.2,9908.0,-92.0,25.22,125.22,25.22,1252.2,252.2,12522.0,2522.0,5.22,105.22,5.22,1052.2,52.2,10522.0,522.0,-4.0,96.0,-4.0,960.0,-40.0,9600.0,-400.0,Wall Street's riskiest trades are suddenly back on top: Chart of the Day,Yahoo Finance,2026-08-14,-0.178,Nvidia earnings preview: What’s next for Nvidia stock,Yahoo Finance Video,2026-08-14,0.0,The Best House On The Block Costs The Most: PLTR,Trefis,2026-08-14,0.318,1,strong_buy,0.9,"Azure revenue grew 43% to cross $100B annual run rate, with $678B in remaining performance obligations (+84% YoY), driving a 29% one-month surge; consensus analyst price target of $604 implies ~20% upside from $497.",Azure 43% growth; $678B RPO backlog; +29% 1M momentum; Strong Buy consensus,,,,,
NVDA,NVIDIA,MegaCap,big-tech,NASDAQ,225,-0.12%,+0.54%,+5.96%,+19.37%,+25%,5453.6,2.215,34.48,147.67,75161211,499931711,2798615411,45.0,1.26,strong_buy,1.3,-0.12,99.88,-0.12,998.8,-1.2,9988.0,-12.0,0.54,100.54,0.54,1005.4,5.4,10054.0,54.0,5.96,105.96,5.96,1059.6,59.6,10596.0,596.0,19.37,119.37,19.37,1193.7,193.7,11937.0,1937.0,25.0,125.0,25.0,1250.0,250.0,12500.0,2500.0,Wall Street's riskiest trades are suddenly back on top: Chart of the Day,Yahoo Finance,2026-08-14,-0.178,The next AI winners may look nothing like Nvidia or Micron: One Big Investment Idea,Yahoo Finance,2026-08-14,0.248,"Dow Jones Futures: Market Ready To Run? Sandisk Skyrockets, But Must Do This; Walmart, Target Due",Investor's Business Daily,2026-08-14,0.19,,,,,,,,,,
GOOGL,Alphabet,MegaCap,big-tech,NASDAQ,346,-0.10%,-2.37%,-6.75%,+9.90%,+70%,4230.334,1.237,17.36,32.93,16891717,107843017,724460817,26.0,1.2,strong_buy,1.39,-0.1,99.9,-0.1,999.0,-1.0,9990.0,-10.0,-2.37,97.63,-2.37,976.3,-23.7,9763.0,-237.0,-6.75,93.25,-6.75,932.5,-67.5,9325.0,-675.0,9.9,109.9,9.9,1099.0,99.0,10990.0,990.0,70.0,170.0,70.0,1700.0,700.0,17000.0,7000.0,Reddit is joining the S&P 500 next week. Here's what you need to know.,Yahoo Finance Video,2026-08-14,0.0,Gemini & Zocdoc launch AI doctor booking,Yahoo Finance Video,2026-08-13,0.0,Alphabet's $900 Million SpaceX Bet Grew to $94 Billion,GuruFocus.com,2026-08-14,0.0,,,,,,,,,,
META,Meta Platforms,MegaCap,big-tech,NASDAQ,590,-0.70%,-0.38%,-13.42%,-9.15%,-24%,1502.647,1.243,22.22,18.21,8412405,63877705,372313605,36.0,1.43,strong_buy,1.35,-0.7,99.3,-0.7,993.0,-7.0,9930.0,-70.0,-0.38,99.62,-0.38,996.2,-3.8,9962.0,-38.0,-13.42,86.58,-13.42,865.8,-134.2,8658.0,-1342.0,-9.15,90.85,-9.15,908.5,-91.5,9085.0,-915.0,-24.0,76.0,-24.0,760.0,-240.0,7600.0,-2400.0,"Tiger Global Management cuts stakes in Big Tech, buys into SpaceX",Reuters,2026-08-14,-0.296,Meta Stock Edges Higher as Australia Enforcement Risk Intensifies,GuruFocus.com,2026-08-14,-0.273,Reddit Is Still Down 24% This Year. What Will It Take to Get RDDT Stock Back Up to $200?,24/7 Wall St.,2026-08-14,0.0,,,,,,,,,,
AMZN,Amazon,MegaCap,big-tech,NASDAQ,263,-0.98%,-4.31%,+3.02%,+15.96%,+15%,2833.025,1.454,21.13,50.23,25946149,155685049,1092181349,,1.0,strong_buy,1.32,-0.98,99.02,-0.98,990.2,-9.8,9902.0,-98.0,-4.31,95.69,-4.31,956.9,-43.1,9569.0,-431.0,3.02,103.02,3.02,1030.2,30.2,10302.0,302.0,15.96,115.96,15.96,1159.6,159.6,11596.0,1596.0,15.0,115.0,15.0,1150.0,150.0,11500.0,1500.0,Amazon.com vs. Comcast: Which Stock Is a Better Buy in 2026?,Motley Fool,2026-08-14,0.44,The Best House On The Block Costs The Most: PLTR,Trefis,2026-08-14,0.318,"Tiger Global Management cuts stakes in Big Tech, buys into SpaceX",Reuters,2026-08-14,-0.296,,,,,,,,,,
TSLA,Tesla,MegaCap,big-tech,NASDAQ,342,+0.22%,+4.17%,-13.23%,-21.87%,+3%,1351.812,1.827,314.01,43.02,44776096,156532296,888177496,,1.94,buy,2.36,0.22,100.22,0.22,1002.2,2.2,10022.0,22.0,4.17,104.17,4.17,1041.7,41.7,10417.0,417.0,-13.23,86.77,-13.23,867.7,-132.3,8677.0,-1323.0,-21.87,78.13,-21.87,781.3,-218.7,7813.0,-2187.0,3.0,103.0,3.0,1030.0,30.0,10300.0,300.0,Wall Street's riskiest trades are suddenly back on top: Chart of the Day,Yahoo Finance,2026-08-14,-0.178,Tesla owners in California have until Sept. 25 to claim this settlement money,Yahoo Personal Finance,2026-08-14,0.0,Tesla Reportedly Will Demo Flying Roadster,Investor's Business Daily,2026-08-14,0.0,,,,,,,,,,
NFLX,Netflix,MegaCap,big-tech,NASDAQ,78,-0.59%,+5.42%,+6.08%,-14.10%,-37%,325.454,1.514,24.58,42.98,25783972,142810372,1019582272,,2.23,buy,1.73,-0.59,99.41,-0.59,994.1,-5.9,9941.0,-59.0,5.42,105.42,5.42,1054.2,54.2,10542.0,542.0,6.08,106.08,6.08,1060.8,60.8,10608.0,608.0,-14.1,85.9,-14.1,859.0,-141.0,8590.0,-1410.0,-37.0,63.0,-37.0,630.0,-370.0,6300.0,-3700.0,Netflix Rethinks Gaming After Major Setbacks,GuruFocus.com,2026-08-14,0.0,Netflix Stock Slips After 5% Jump After Bill Ackman Returns With New Bet,GuruFocus.com,2026-08-14,0.0,What's Going On With Netflix Stock Friday,GuruFocus.com,2026-08-14,0.0,,,,,,,,,,
JPM,JPMorgan Chase,MegaCap,financials,NYSE,363,-0.08%,+1.49%,+4.59%,+13.06%,+25%,964.496,0.977,15.54,8.99,5057019,24430519,164539919,164.0,1.07,buy,2.12,-0.08,99.92,-0.08,999.2,-0.8,9992.0,-8.0,1.49,101.49,1.49,1014.9,14.9,10149.0,149.0,4.59,104.59,4.59,1045.9,45.9,10459.0,459.0,13.06,113.06,13.06,1130.6,130.6,11306.0,1306.0,25.0,125.0,25.0,1250.0,250.0,12500.0,2500.0,The AI build-out has a problem that $1 trillion in cash can't fix,Yahoo Finance,2026-08-14,-0.402,Sector Update: Financial Stocks Edge Lower Late Afternoon,MT Newswires,2026-08-14,-0.296,JPMorgan Spots Something Unusual in Hot Stocks,GuruFocus.com,2026-08-14,0.0,,,,,,,,,,
BAC,Bank of America,MegaCap,financials,NYSE,64,+0.56%,+2.09%,+4.71%,+16.52%,+37%,450.962,1.168,14.89,35.27,16994052,117980952,701212252,198.0,,buy,1.54,0.56,100.56,0.56,1005.6,5.6,10056.0,56.0,2.09,102.09,2.09,1020.9,20.9,10209.0,209.0,4.71,104.71,4.71,1047.1,47.1,10471.0,471.0,16.52,116.52,16.52,1165.2,165.2,11652.0,1652.0,37.0,137.0,37.0,1370.0,370.0,13700.0,3700.0,The AI build-out has a problem that $1 trillion in cash can't fix,Yahoo Finance,2026-08-14,-0.402,"Broadcom Sinks 6% as BofA Flags $370B in AI Debt, AMD Climbs 4% on Baird’s $1,250 Call",24/7 Wall St.,2026-08-14,-0.361,BofA biotech scorecard: Two buys and odd one out,TheStreet,2026-08-14,-0.318,,,,,,,,,,
BRK-B,Berkshire Hathaway B,MegaCap,financials,NYSE,504,-0.66%,-3.41%,+3.21%,+1.45%,+6%,1078.982,0.607,12.68,4.86,3954833,24080733,100561033,,0.96,buy,2.0,-0.66,99.34,-0.66,993.4,-6.6,9934.0,-66.0,-3.41,96.59,-3.41,965.9,-34.1,9659.0,-341.0,3.21,103.21,3.21,1032.1,32.1,10321.0,321.0,1.45,101.45,1.45,1014.5,14.5,10145.0,145.0,6.0,106.0,6.0,1060.0,60.0,10600.0,600.0,Seth Klarman Just Quietly Bought a Piece of Bill Ackman’s Firm,24/7 Wall St.,2026-08-14,0.0,This ETF Copies Buffett’s Portfolio and Pays You Monthly. Why Buffett Would Never.,24/7 Wall St.,2026-08-14,0.0,3 Obvious Reasons Warren Buffett's Berkshire Hathaway Owns Nearly 152 Million Shares in This Winning Financial Stock,Motley Fool,2026-08-14,0.681,,,,,,,,,,
V,Visa,MegaCap,financials,NYSE,364,-0.23%,+0.64%,+2.73%,+5.73%,+6%,679.885,0.759,30.94,8.12,3788841,27718741,154396341,75.0,1.22,strong_buy,1.38,-0.23,99.77,-0.23,997.7,-2.3,9977.0,-23.0,0.64,100.64,0.64,1006.4,6.4,10064.0,64.0,2.73,102.73,2.73,1027.3,27.3,10273.0,273.0,5.73,105.73,5.73,1057.3,57.3,10573.0,573.0,6.0,106.0,6.0,1060.0,60.0,10600.0,600.0,Solana is about to cut transaction finality by nearly 99%,TheStreet,2026-08-14,-0.273,PayPal Stock Surged On A Profit Shift Management Had Already Spelled Out,Trefis,2026-08-14,0.44,Bill Ackman Moves Stocks. These 5 Prove It.,Barrons.com,2026-08-14,0.0,,,,,,,,,,
MA,Mastercard,MegaCap,financials,NYSE,569,+0.45%,+1.13%,+6.37%,+1.59%,-3%,498.704,0.735,30.89,3.55,2473106,12660006,68458306,61.0,1.03,strong_buy,1.37,0.45,100.45,0.45,1004.5,4.5,10045.0,45.0,1.13,101.13,1.13,1011.3,11.3,10113.0,113.0,6.37,106.37,6.37,1063.7,63.7,10637.0,637.0,1.59,101.59,1.59,1015.9,15.9,10159.0,159.0,-3.0,97.0,-3.0,970.0,-30.0,9700.0,-300.0,Mastercard Is Making a Big Push Into Stablecoins. Here's Why That Matters For Crypto Investors.,Motley Fool,2026-08-14,0.026,PayPal Stock Surged On A Profit Shift Management Had Already Spelled Out,Trefis,2026-08-14,0.44,Bill Ackman Moves Stocks. These 5 Prove It.,Barrons.com,2026-08-14,0.0,,,,,,,,,,
GS,Goldman Sachs,MegaCap,financials,NYSE,1039,-0.27%,-0.02%,-9.78%,+14.78%,+43%,302.649,1.288,16.05,2.15,1588474,8396374,44993874,193.0,2.14,hold,2.6,-0.27,99.73,-0.27,997.3,-2.7,9973.0,-27.0,-0.02,99.98,-0.02,999.8,-0.2,9998.0,-2.0,-9.78,90.22,-9.78,902.2,-97.8,9022.0,-978.0,14.78,114.78,14.78,1147.8,147.8,11478.0,1478.0,43.0,143.0,43.0,1430.0,430.0,14300.0,4300.0,Sector Update: Financial Stocks Edge Lower Late Afternoon,MT Newswires,2026-08-14,-0.296,NVIDIA Stock Holds Flat as $500 Billion AI Plan Takes Shape,GuruFocus.com,2026-08-14,0.0,Goldman Sachs Bets $2.25B on ‘Boomer Candy’ ETFs. Are They a Buy?,Barrons.com,2026-08-14,0.0,,,,,,,,,,
BLK,BlackRock,MegaCap,financials,NYSE,1174,-0.18%,+3.29%,+7.35%,+9.39%,+4%,190.703,1.425,28.11,0.77,331743,2183643,16573443,197.0,1.43,buy,1.53,-0.18,99.82,-0.18,998.2,-1.8,9982.0,-18.0,3.29,103.29,3.29,1032.9,32.9,10329.0,329.0,7.35,107.35,7.35,1073.5,73.5,10735.0,735.0,9.39,109.39,9.39,1093.9,93.9,10939.0,939.0,4.0,104.0,4.0,1040.0,40.0,10400.0,400.0,Nvidia CEO Jensen Huang Sells Wall Street on Compute as a Commodity,Coinage Coop,2026-08-14,0.0,NVIDIA Stock Holds Flat as $500 Billion AI Plan Takes Shape,GuruFocus.com,2026-08-14,0.0,Meta's $27 Billion AI Risk Hides Off Balance Sheet,GuruFocus.com,2026-08-14,-0.421,5,buy,0.75,"Shares surged 15% in one month and YTD +10%, with a P/E of 27.9x and a 1.97% dividend yield, benefiting from AUM growth and digital asset initiatives.",+15% 1M momentum; YTD +10%; P/E 27.9x; Dividend yield 1.97%,,,,,
LLY,Eli Lilly,MegaCap,healthcare,NYSE,1180,-2.50%,-0.47%,+2.03%,+9.61%,+72%,1051.944,0.506,39.68,3.0,2115056,11109056,61244256,57.0,1.02,buy,1.71,-2.5,97.5,-2.5,975.0,-25.0,9750.0,-250.0,-0.47,99.53,-0.47,995.3,-4.7,9953.0,-47.0,2.03,102.03,2.03,1020.3,20.3,10203.0,203.0,9.61,109.61,9.61,1096.1,96.1,10961.0,961.0,72.0,172.0,72.0,1720.0,720.0,17200.0,7200.0,Vanguard Quietly Changed the Index Behind Your VUG ETF. Here’s What Happens to Your Portfolio,24/7 Wall St.,2026-08-14,0.0,Eli Lilly (LLY) Steps Up Legal Fight Over Illegal Retatrutide Sales,Simply Wall St.,2026-08-14,-0.691,"Nektar Q2 Earnings Beat Estimates, Revenues Lag, Pipeline in Focus",Zacks,2026-08-14,-0.34,,,,,,,,,,
UNH,UnitedHealth Group,MegaCap,healthcare,NYSE,402,+0.56%,-1.31%,-4.01%,+21.04%,+31%,360.591,0.632,25.82,6.08,3473868,17542368,118857368,229.0,1.88,buy,1.59,0.56,100.56,0.56,1005.6,5.6,10056.0,56.0,-1.31,98.69,-1.31,986.9,-13.1,9869.0,-131.0,-4.01,95.99,-4.01,959.9,-40.1,9599.0,-401.0,21.04,121.04,21.04,1210.4,210.4,12104.0,2104.0,31.0,131.0,31.0,1310.0,310.0,13100.0,3100.0,Sector Update: Healthcare Stocks Decline Late Afternoon,MT Newswires,2026-08-14,0.0,Luigi Mangione Pleads Guilty to Federal Charges in Killing of Insurance Executive,The Wall Street Journal,2026-08-14,-0.852,Luigi Mangione Pleads Guilty in US Case Over CEO Killing,Bloomberg,2026-08-14,-0.802,,,,,,,,,,
JNJ,Johnson & Johnson,MegaCap,healthcare,NYSE,260,-0.76%,+0.43%,+5.40%,+26.95%,+48%,627.417,0.231,30.2,8.21,3928350,28341350,176255350,205.0,1.17,buy,1.91,-0.76,99.24,-0.76,992.4,-7.6,9924.0,-76.0,0.43,100.43,0.43,1004.3,4.3,10043.0,43.0,5.4,105.4,5.4,1054.0,54.0,10540.0,540.0,26.95,126.95,26.95,1269.5,269.5,12695.0,2695.0,48.0,148.0,48.0,1480.0,480.0,14800.0,4800.0,Johnson & Johnson (JNJ) Stock Looks Cheap On Cash Flow But Rich On Earnings,Simply Wall St.,2026-08-14,0.71,Can ABBV's Neuroscience Drugs Drive Growth in the Second Half of 2026?,Zacks,2026-08-14,0.382,Why Is Johnson & Johnson (JNJ) Up 4.8% Since Last Earnings Report?,Zacks,2026-08-14,0.0,,,,,,,,,,
ABBV,AbbVie,MegaCap,healthcare,NYSE,249,-0.71%,+2.29%,+2.19%,+11.36%,+21%,440.825,0.28,70.47,6.73,3987418,21278518,120933018,276.0,1.42,buy,1.74,-0.71,99.29,-0.71,992.9,-7.1,9929.0,-71.0,2.29,102.29,2.29,1022.9,22.9,10229.0,229.0,2.19,102.19,2.19,1021.9,21.9,10219.0,219.0,11.36,111.36,11.36,1113.6,113.6,11136.0,1136.0,21.0,121.0,21.0,1210.0,210.0,12100.0,2100.0,AbbVie vs. Bristol-Myers Squibb: Which Healthcare Stock Is a Better Buy in 2026?,Motley Fool,2026-08-14,0.44,Can ABBV's Neuroscience Drugs Drive Growth in the Second Half of 2026?,Zacks,2026-08-14,0.382,Should You Buy ANIP as Low Valuation Meets Cortrophin Execution Risk?,Zacks,2026-08-14,-0.494,,,,,,,,,,
MRK,Merck,MegaCap,healthcare,NYSE,136,+0.07%,+5.65%,+9.89%,+29.48%,+61%,335.141,0.211,108.67,10.25,4560728,36252828,197521228,256.0,1.15,buy,1.79,0.07,100.07,0.07,1000.7,0.7,10007.0,7.0,5.65,105.65,5.65,1056.5,56.5,10565.0,565.0,9.89,109.89,9.89,1098.9,98.9,10989.0,989.0,29.48,129.48,29.48,1294.8,294.8,12948.0,2948.0,61.0,161.0,61.0,1610.0,610.0,16100.0,6100.0,Can BMY's First CELMoD Approval Support Its Growth Strategy?,Zacks,2026-08-14,0.813,"Could Merck & Co., Inc. (MRK) and Gilead Sciences, Inc. (GILD)’s Partnership Create the Next Big Pharma Growth Engine",Insider Monkey,2026-08-13,0.572,Merck (MRK) Stock Fair Value Edges Higher After Analysts Back Pipeline Progress,Simply Wall St.,2026-08-13,0.758,3,buy,0.8,"Stock up 12% in one month and 61% over one year, with YTD +29% and a very positive news sentiment of 0.44, driven by pipeline optimism and potential Gilead partnership.",+12% 1M momentum; +61% 1Y return; News sentiment 0.44; Low beta 0.21,,,,,
TMO,Thermo Fisher Scientific,MegaCap,healthcare,NYSE,588,-1.29%,-0.96%,+9.90%,-0.51%,+22%,217.519,0.847,31.65,2.26,1057632,7556232,50162132,31.0,1.35,buy,1.54,-1.29,98.71,-1.29,987.1,-12.9,9871.0,-129.0,-0.96,99.04,-0.96,990.4,-9.6,9904.0,-96.0,9.9,109.9,9.9,1099.0,99.0,10990.0,990.0,-0.51,99.49,-0.51,994.9,-5.1,9949.0,-51.0,22.0,122.0,22.0,1220.0,220.0,12200.0,2200.0,Thermo Fisher closes $1.1B sale of microbiology unit to PE firm,MedTech Dive,2026-08-13,0.0,Stronger Q2 Results And New Supply Deal Might Change The Case For Investing In LivaNova (LIVN),Simply Wall St.,2026-08-12,0.382,LivaNova (LIVN) Could Be 5% Undervalued Following Raised 2026 Guidance,Simply Wall St.,2026-08-12,0.0,10,buy,0.6,"Stock gained 12% in one month and 22% over one year, with a P/E of 32.5x and a $1.1B microbiology unit sale closing, streamlining focus on core life sciences.",+12% 1M momentum; +22% 1Y return; P/E 32.5x; Divestiture catalyst,,,,,
ABT,Abbott Laboratories,MegaCap,healthcare,NYSE,111,+1.04%,+3.19%,+24.62%,-8.75%,-16%,193.777,0.581,36.0,12.18,5574732,30059432,251264732,227.0,1.46,buy,1.67,1.04,101.04,1.04,1010.4,10.4,10104.0,104.0,3.19,103.19,3.19,1031.9,31.9,10319.0,319.0,24.62,124.62,24.62,1246.2,246.2,12462.0,2462.0,-8.75,91.25,-8.75,912.5,-87.5,9125.0,-875.0,-16.0,84.0,-16.0,840.0,-160.0,8400.0,-1600.0,Is EW Stock Worth Buying as Growth Clashes With a Premium Valuation?,Zacks,2026-08-14,0.542,Strong Buy Case for Abbott Laboratories (ABT),Insider Monkey,2026-08-14,0.511,How Much More Can Boston Scientific Stock Move After Losing Half Its Value?,Trefis,2026-08-13,-0.052,6,buy,0.75,"Stock rebounded 26% in one month from a YTD decline of -9%, with a P/E of 35.9x and positive news sentiment of 0.11, signaling a potential turnaround in medical devices.",+26% 1M momentum; P/E 35.9x; Turnaround signal; News sentiment 0.11,,,,,
PG,Procter & Gamble,MegaCap,consumer,NYSE,145,+0.10%,-0.85%,-1.64%,+4.22%,-7%,336.599,0.377,21.84,8.85,7248954,37258454,185930754,302.0,1.17,buy,2.2,0.1,100.1,0.1,1001.0,1.0,10010.0,10.0,-0.85,99.15,-0.85,991.5,-8.5,9915.0,-85.0,-1.64,98.36,-1.64,983.6,-16.4,9836.0,-164.0,4.22,104.22,4.22,1042.2,42.2,10422.0,422.0,-7.0,93.0,-7.0,930.0,-70.0,9300.0,-700.0,5 Dividend Kings to Buy and Hold Forever in August,24/7 Wall St.,2026-08-14,0.0,Jim Cramer Said Kimberly-Clark Corporation (NYSE:KMB) + Kenvue Could Take On P&G – But Is He Right?,Insider Monkey,2026-08-14,0.0,"How a 64-Year-Old Turned an $880,000 401(k) Rollover Into a $5,200 Monthly Paycheck Without Buying an Annuity",24/7 Wall St.,2026-08-13,0.0,,,,,,,,,,
KO,Coca-Cola,MegaCap,consumer,NYSE,88,+0.28%,+0.76%,+6.38%,+28.59%,+25%,377.377,0.342,26.34,17.87,5877252,58398552,382844952,244.0,1.05,buy,1.75,0.28,100.28,0.28,1002.8,2.8,10028.0,28.0,0.76,100.76,0.76,1007.6,7.6,10076.0,76.0,6.38,106.38,6.38,1063.8,63.8,10638.0,638.0,28.59,128.59,28.59,1285.9,285.9,12859.0,2859.0,25.0,125.0,25.0,1250.0,250.0,12500.0,2500.0,AB InBev's Volumes Return to Growth: Is a Bigger Recovery Brewing?,Zacks,2026-08-14,0.382,5 Dividend Kings to Buy and Hold Forever in August,24/7 Wall St.,2026-08-14,0.0,Coca-Cola’s Raised Guidance And Margin Gains Might Change The Case For Investing In Coca-Cola (KO),Simply Wall St.,2026-08-13,0.34,,,,,,,,,,
PEP,PepsiCo,MegaCap,consumer,NASDAQ,141,-0.11%,+1.27%,+3.98%,+0.92%,-7%,192.319,0.361,18.43,8.81,3856100,27283200,169319700,427.0,2.4,none,,-0.11,99.89,-0.11,998.9,-1.1,9989.0,-11.0,1.27,101.27,1.27,1012.7,12.7,10127.0,127.0,3.98,103.98,3.98,1039.8,39.8,10398.0,398.0,0.92,100.92,0.92,1009.2,9.2,10092.0,92.0,-7.0,93.0,-7.0,930.0,-70.0,9300.0,-700.0,54 Straight Years: Why PepsiCo Remains a Dividend Investor’s Anchor,24/7 Wall St.,2026-08-13,0.226,The Debates That Matter For KO Stock,Trefis,2026-08-12,0.026,Is Investing in Coca-Cola Stock Near an All-Time High a Better Buy Than PepsiCo Under $140 Per Share?,Motley Fool,2026-08-12,0.625,,,,,,,,,,
MCD,McDonald's,MegaCap,consumer,NYSE,273,+0.07%,-0.60%,+2.97%,-8.92%,-12%,193.066,0.419,22.16,4.61,2731743,18879443,105709243,270.0,1.93,buy,2.06,0.07,100.07,0.07,1000.7,0.7,10007.0,7.0,-0.6,99.4,-0.6,994.0,-6.0,9940.0,-60.0,2.97,102.97,2.97,1029.7,29.7,10297.0,297.0,-8.92,91.08,-8.92,910.8,-89.2,9108.0,-892.0,-12.0,88.0,-12.0,880.0,-120.0,8800.0,-1200.0,Why Taco Bell's former CEO just dissed McDonald's,Yahoo Finance,2026-08-14,0.0,7 Best Stocks to Gift Your Grandchildren,Kiplinger,2026-08-14,0.796,Are Innovative Beverages Enough to Turn McDonald's Around?,Motley Fool,2026-08-14,0.44,,,,,,,,,,
NKE,Nike,MegaCap,consumer,NYSE,41,-1.26%,-2.33%,-4.77%,-34.63%,-46%,60.423,1.118,19.4,23.54,19415796,119020396,458926996,405.0,6.01,hold,2.51,-1.26,98.74,-1.26,987.4,-12.6,9874.0,-126.0,-2.33,97.67,-2.33,976.7,-23.3,9767.0,-233.0,-4.77,95.23,-4.77,952.3,-47.7,9523.0,-477.0,-34.63,65.37,-34.63,653.7,-346.3,6537.0,-3463.0,-46.0,54.0,-46.0,540.0,-460.0,5400.0,-4600.0,Target Overtakes Nike in Market Value,GuruFocus.com,2026-08-14,0.34,7 Best Stocks to Gift Your Grandchildren,Kiplinger,2026-08-14,0.796,Crocs Raises 2026 Outlook as DTC Growth Helps Offset Tariff Pressure,Zacks,2026-08-14,0.459,,,,,,,,,,
WMT,Walmart,MegaCap,consumer,NYSE,115,-0.37%,+3.06%,+2.43%,+2.63%,+16%,917.328,0.605,40.59,23.92,14083566,89110266,494452866,86.0,1.62,buy,1.58,-0.37,99.63,-0.37,996.3,-3.7,9963.0,-37.0,3.06,103.06,3.06,1030.6,30.6,10306.0,306.0,2.43,102.43,2.43,1024.3,24.3,10243.0,243.0,2.63,102.63,2.63,1026.3,26.3,10263.0,263.0,16.0,116.0,16.0,1160.0,160.0,11600.0,1600.0,"Dow Jones Futures: Market Ready To Run? Sandisk Skyrockets, But Must Do This; Walmart, Target Due",Investor's Business Daily,2026-08-14,0.19,S&P 500 Ekes Out Weekly Gain Amid Growing Probability of Fed Pause Extension,MT Newswires,2026-08-14,0.625,Q2 Earnings Season Enters Final Stretch: Walmart Headlines Upcoming Retail Earnings,Zacks,2026-08-14,0.0,,,,,,,,,,
COST,Costco,MegaCap,consumer,NASDAQ,961,+0.15%,+1.40%,+5.03%,+12.97%,-1%,426.227,0.86,48.27,2.39,1025194,6942494,43729094,62.0,1.73,buy,2.0,0.15,100.15,0.15,1001.5,1.5,10015.0,15.0,1.4,101.4,1.4,1014.0,14.0,10140.0,140.0,5.03,105.03,5.03,1050.3,50.3,10503.0,503.0,12.97,112.97,12.97,1129.7,129.7,11297.0,1297.0,-1.0,99.0,-1.0,990.0,-10.0,9900.0,-100.0,Is Costco Stock Worth Buying Now or Still Too Pricey to Touch?,Zacks,2026-08-14,0.226,Jim Cramer Discussed Costco Wholesale Corporation (NASDAQ:COST) & Forecast Bumps,Insider Monkey,2026-08-14,0.0,Costco makes a pricing promise members need to know,TheStreet,2026-08-14,0.318,,,,,,,,,,
XOM,ExxonMobil,MegaCap,energy-industrial,NYSE,160,+0.86%,+4.61%,+10.79%,+32.30%,+49%,658.317,0.173,20.6,16.39,10205562,67473962,325027262,258.0,1.15,buy,2.4,0.86,100.86,0.86,1008.6,8.6,10086.0,86.0,4.61,104.61,4.61,1046.1,46.1,10461.0,461.0,10.79,110.79,10.79,1107.9,107.9,11079.0,1079.0,32.3,132.3,32.3,1323.0,323.0,13230.0,3230.0,49.0,149.0,49.0,1490.0,490.0,14900.0,4900.0,Exxon Stock Rises While Iran Threat Lifts Oil,GuruFocus.com,2026-08-14,-0.527,2 Reasons XOM is Risky and 1 Stock to Buy Instead,StockStory,2026-08-14,-0.202,Reading Between The Lines Of XOM's Latest Call,Trefis,2026-08-13,0.0,7,buy,0.7,"Stock up 9% in one month and 49% over one year, with YTD +31%, a P/E of 20.6x, and a 2.58% dividend yield, supported by strong energy prices and cash flow.",+9% 1M momentum; +49% 1Y return; P/E 20.6x; Dividend yield 2.58%,,,,,
CVX,Chevron,MegaCap,energy-industrial,NYSE,200,+1.10%,+7.20%,+10.13%,+30.73%,+26%,392.321,0.488,19.23,8.95,7891576,40883776,177539376,360.0,1.04,buy,1.72,1.1,101.1,1.1,1011.0,11.0,10110.0,110.0,7.2,107.2,7.2,1072.0,72.0,10720.0,720.0,10.13,110.13,10.13,1101.3,101.3,11013.0,1013.0,30.73,130.73,30.73,1307.3,307.3,13073.0,3073.0,26.0,126.0,26.0,1260.0,260.0,12600.0,2600.0,"PSX, MPC Reportedly Weighed A Giant Merger — What Sank The $180B Deal Between Phillips 66 And Marathon Petroleum",Stocktwits,2026-08-14,0.0,"Golar LNG Q2 Earnings & Revenues Top Estimates, Improve Y/Y",Zacks,2026-08-14,0.572,“I Think You Have a Winner” Cramer Excited About Hess Midstream’s 7% Dividend Yield,24/7 Wall St.,2026-08-14,0.34,8,buy,0.7,"Stock gained 9% in one month and 26% over one year, with YTD +29%, a P/E of 18.9x, and a 3.62% dividend yield, appearing undervalued relative to peers.",+9% 1M momentum; +29% YTD; P/E 18.9x; Dividend yield 3.62%,,,,,
CAT,Caterpillar,MegaCap,energy-industrial,NYSE,857,+0.03%,+1.71%,-6.14%,+44.02%,+110%,393.744,1.605,36.84,3.27,1547014,11293714,70688514,76.0,1.66,buy,2.14,0.03,100.03,0.03,1000.3,0.3,10003.0,3.0,1.71,101.71,1.71,1017.1,17.1,10171.0,171.0,-6.14,93.86,-6.14,938.6,-61.4,9386.0,-614.0,44.02,144.02,44.02,1440.2,440.2,14402.0,4402.0,110.0,210.0,110.0,2100.0,1100.0,21000.0,11000.0,"Soros Capital Loads Up On MU, AMAT, AMD And TSM In Massive Semiconductor Pivot",Stocktwits,2026-08-14,0.0,"Stratasys Q2 Earnings Beat, Revenues Miss on Weak System Sales",Zacks,2026-08-14,-0.542,Michael Burry Ramped Up His Bets Against Micron and the QQQ ETF. Is the ‘Big Short’ Investor Asking for Trouble?,24/7 Wall St.,2026-08-14,-0.402,,,,,,,,,,
HON,Honeywell,MegaCap,energy-industrial,NASDAQ,234,-0.02%,-4.98%,+4.99%,+15.08%,+9%,74.151,0.918,8.99,4.61,1828813,15133613,77623613,119.0,2.66,buy,1.92,-0.02,99.98,-0.02,999.8,-0.2,9998.0,-2.0,-4.98,95.02,-4.98,950.2,-49.8,9502.0,-498.0,4.99,104.99,4.99,1049.9,49.9,10499.0,499.0,15.08,115.08,15.08,1150.8,150.8,11508.0,1508.0,9.0,109.0,9.0,1090.0,90.0,10900.0,900.0,Income Investors Have Small Window To Collect These Dividend Payments,24/7 Wall St.,2026-08-14,0.0,"Honeywell Sees Strong Orders, Targets 15% EPS Growth in 2027",MarketBeat,2026-08-14,0.71,Can GE Stock Compound Its Way Higher?,Trefis,2026-08-13,0.0,,,,,,,,,,
GE,GE Aerospace,MegaCap,energy-industrial,NYSE,368,+2.16%,-0.46%,+2.23%,+15.16%,+35%,382.217,1.366,43.44,4.46,2278867,12576167,83616567,51.0,1.37,none,,2.16,102.16,2.16,1021.6,21.6,10216.0,216.0,-0.46,99.54,-0.46,995.4,-4.6,9954.0,-46.0,2.23,102.23,2.23,1022.3,22.3,10223.0,223.0,15.16,115.16,15.16,1151.6,151.6,11516.0,1516.0,35.0,135.0,35.0,1350.0,350.0,13500.0,3500.0,1 Surging  Stock to Own for Decades and 2 We Avoid,StockStory,2026-08-14,-0.296,Should Investors Take Profits in GE Vernova After Its Big Run?,Motley Fool,2026-08-14,0.44,Is GE Aerospace (GE) One of the Best Aerospace Stocks to Own?,Insider Monkey,2026-08-14,0.637,,,,,,,,,,
RTX,RTX Corp,MegaCap,energy-industrial,NYSE,223,+1.14%,-0.03%,+13.82%,+19.97%,+43%,300.51,0.294,39.19,5.23,2857706,16231306,115139206,131.0,1.34,buy,1.87,1.14,101.14,1.14,1011.4,11.4,10114.0,114.0,-0.03,99.97,-0.03,999.7,-0.3,9997.0,-3.0,13.82,113.82,13.82,1138.2,138.2,11382.0,1382.0,19.97,119.97,19.97,1199.7,199.7,11997.0,1997.0,43.0,143.0,43.0,1430.0,430.0,14300.0,4300.0,Boeing Signs Seven-Year Frameworks to Expand SM-3 Output,GuruFocus.com,2026-08-14,0.318,Is RTX Strengthening Its Position in the Global Missile Market?,Zacks,2026-08-14,0.494,"Boeing, RTX Agree To Interceptor Deal With Pentagon; Stocks Rise",Investor's Business Daily,2026-08-14,0.361,4,buy,0.8,"Stock gained 14% in one month and 43% over one year, with YTD +19%, supported by a fresh missile defense contract and strong aerospace/defense demand.",+14% 1M momentum; +43% 1Y return; Defense contract catalyst; Low beta 0.29,,,,,
BA,Boeing,MegaCap,energy-industrial,NYSE,232,+0.56%,-1.17%,+6.21%,+1.71%,-2%,182.971,1.221,83.04,6.08,2645113,15439313,134196013,,0.01,buy,1.54,0.56,100.56,0.56,1005.6,5.6,10056.0,56.0,-1.17,98.83,-1.17,988.3,-11.7,9883.0,-117.0,6.21,106.21,6.21,1062.1,62.1,10621.0,621.0,1.71,101.71,1.71,1017.1,17.1,10171.0,171.0,-2.0,98.0,-2.0,980.0,-20.0,9800.0,-200.0,Boeing Signs Seven-Year Frameworks to Expand SM-3 Output,GuruFocus.com,2026-08-14,0.318,JLL Considers Boeing’s Old HQ for Chicago Headquarters Move,CRE Daily,2026-08-14,0.0,"Boeing, RTX Agree To Interceptor Deal With Pentagon; Stocks Rise",Investor's Business Daily,2026-08-14,0.361,,,,,,,,,,
AMD,Advanced Micro Devices,MegaCap,tech-semis,NASDAQ,514,+5.66%,+6.42%,-2.79%,+130.18%,+172%,839.729,2.489,131.56,29.97,24928819,100031119,656454019,,2.32,strong_buy,1.49,5.66,105.66,5.66,1056.6,56.6,10566.0,566.0,6.42,106.42,6.42,1064.2,64.2,10642.0,642.0,-2.79,97.21,-2.79,972.1,-27.9,9721.0,-279.0,130.18,230.18,130.18,2301.8,1301.8,23018.0,13018.0,172.0,272.0,172.0,2720.0,1720.0,27200.0,17200.0,Why Cloudflare and these 3 AI sub-sectors are 'the place to be' for tech investors,Yahoo Finance Video,2026-08-14,0.0,QCOM: A Cash Gusher At A Marked-Down Price,Trefis,2026-08-14,0.0,"Kulicke and Soffa, AMD, Intel, and Nvidia Shares Are Soaring, What You Need To Know",StockStory,2026-08-14,0.296,,,,,,,,,,
QCOM,Qualcomm,MegaCap,tech-semis,NASDAQ,166,-0.08%,-1.23%,-6.85%,-3.18%,+4%,174.079,1.663,18.95,18.05,5231534,36266534,272203334,226.0,3.69,hold,2.51,-0.08,99.92,-0.08,999.2,-0.8,9992.0,-8.0,-1.23,98.77,-1.23,987.7,-12.3,9877.0,-123.0,-6.85,93.15,-6.85,931.5,-68.5,9315.0,-685.0,-3.18,96.82,-3.18,968.2,-31.8,9682.0,-318.0,4.0,104.0,4.0,1040.0,40.0,10400.0,400.0,QCOM: A Cash Gusher At A Marked-Down Price,Trefis,2026-08-14,0.0,What Separates AVGO From Its Peers Right Now,Trefis,2026-08-14,0.0,"Broadcom Sinks 6% as BofA Flags $370B in AI Debt, AMD Climbs 4% on Baird’s $1,250 Call",24/7 Wall St.,2026-08-14,-0.361,,,,,,,,,,
AVGO,Broadcom,MegaCap,tech-semis,NASDAQ,393,-6.10%,-8.13%,-0.33%,+13.47%,+36%,1869.681,1.473,65.28,25.66,29203339,84979839,424760439,62.0,1.31,strong_buy,1.31,-6.1,93.9,-6.1,939.0,-61.0,9390.0,-610.0,-8.13,91.87,-8.13,918.7,-81.3,9187.0,-813.0,-0.33,99.67,-0.33,996.7,-3.3,9967.0,-33.0,13.47,113.47,13.47,1134.7,134.7,11347.0,1347.0,36.0,136.0,36.0,1360.0,360.0,13600.0,3600.0,Wall Street's riskiest trades are suddenly back on top: Chart of the Day,Yahoo Finance,2026-08-14,-0.178,QCOM: A Cash Gusher At A Marked-Down Price,Trefis,2026-08-14,0.0,"S&P 500 ends lower as investors weigh data, Middle East tensions",Reuters,2026-08-14,-0.599,,,,,,,,,,
TSM,Taiwan Semiconductor,MegaCap,tech-semis,NYSE,426,-1.40%,+1.50%,+1.64%,+34.09%,+80%,2211.253,1.258,32.15,13.72,6289097,45496997,317608197,101.0,0.69,strong_buy,1.42,-1.4,98.6,-1.4,986.0,-14.0,9860.0,-140.0,1.5,101.5,1.5,1015.0,15.0,10150.0,150.0,1.64,101.64,1.64,1016.4,16.4,10164.0,164.0,34.09,134.09,34.09,1340.9,340.9,13409.0,3409.0,80.0,180.0,80.0,1800.0,800.0,18000.0,8000.0,"Soros Capital Loads Up On MU, AMAT, AMD And TSM In Massive Semiconductor Pivot",Stocktwits,2026-08-14,0.0,"Broadcom Sinks 6% as BofA Flags $370B in AI Debt, AMD Climbs 4% on Baird’s $1,250 Call",24/7 Wall St.,2026-08-14,-0.361,SEC filing shows Softbank initiates stake in Capital One; sells 71.5% of its Taiwan Semi holdings,Reuters,2026-08-14,0.0,,,,,,,,,,
ASML,ASML Holding,MegaCap,tech-semis,NASDAQ,1844,-0.88%,+5.92%,+1.72%,+59.22%,+149%,708.311,1.365,62.77,1.92,864471,6077871,40775971,50.0,0.28,strong_buy,1.41,-0.88,99.12,-0.88,991.2,-8.8,9912.0,-88.0,5.92,105.92,5.92,1059.2,59.2,10592.0,592.0,1.72,101.72,1.72,1017.2,17.2,10172.0,172.0,59.22,159.22,59.22,1592.2,592.2,15922.0,5922.0,149.0,249.0,149.0,2490.0,1490.0,24900.0,14900.0,"Stock Market Week Ahead: Walmart, Target Lead Retail Earnings; Nvidia Among Stocks In Buy Areas",Investor's Business Daily,2026-08-14,0.0,Applied Materials slips as investors seek faster growth after stellar run,Reuters,2026-08-14,0.382,Analyst Sees Trouble Brewing for Hot Chip Stocks,GuruFocus.com,2026-08-13,-0.402,,,,,,,,,,
ARM,Arm Holdings,MegaCap,tech-semis,NASDAQ,279,-0.73%,-1.11%,+0.88%,+143.56%,+101%,298.442,3.909,285.14,9.24,2086030,16613030,128888830,,11.61,buy,1.88,-0.73,99.27,-0.73,992.7,-7.3,9927.0,-73.0,-1.11,98.89,-1.11,988.9,-11.1,9889.0,-111.0,0.88,100.88,0.88,1008.8,8.8,10088.0,88.0,143.56,243.56,143.56,2435.6,1435.6,24356.0,14356.0,101.0,201.0,101.0,2010.0,1010.0,20100.0,10100.0,The Bull Market Is Almost Back for Chip Stocks,Investopedia,2026-08-13,0.0,Why Arm Holdings Stock Popped Today,Motley Fool,2026-08-13,0.0,"Great Company, Full Price: What Arm’s Numbers Say About the Next 1 Year",24/7 Wall St.,2026-08-13,0.625,,,,,,,,,,
INTC,Intel,MegaCap,tech-semis,NASDAQ,102,-2.83%,+0.84%,-0.48%,+160.28%,+326%,541.826,2.241,,122.73,94307788,638809088,2740074888,,2.48,hold,2.6,-2.83,97.17,-2.83,971.7,-28.3,9717.0,-283.0,0.84,100.84,0.84,1008.4,8.4,10084.0,84.0,-0.48,99.52,-0.48,995.2,-4.8,9952.0,-48.0,160.28,260.28,160.28,2602.8,1602.8,26028.0,16028.0,326.0,426.0,326.0,4260.0,3260.0,42600.0,32600.0,Why one analyst says investors should be cautious on the memory stock rally,Yahoo Finance Video,2026-08-14,-0.103,QCOM: A Cash Gusher At A Marked-Down Price,Trefis,2026-08-14,0.0,"S&P 500 ends lower as investors weigh data, Middle East tensions",Reuters,2026-08-14,-0.599,,,,,,,,,,
2222.SR,Saudi Aramco,MegaCap,global-growth,TADAWUL,7.05,-0.30%,-0.08%,-0.08%,+13.71%,+10%,1706.187,0.009,15.67,10.56,7482066,36121621,200169307,510.0,,buy,2.11,-0.3,99.7,-0.3,997.0,-3.0,9970.0,-30.0,-0.08,99.92,-0.08,999.2,-0.8,9992.0,-8.0,-0.08,99.92,-0.08,999.2,-0.8,9992.0,-8.0,13.71,113.71,13.71,1137.1,137.1,11371.0,1371.0,10.0,110.0,10.0,1100.0,100.0,11000.0,1000.0,"The Week in Numbers: major oil loss, the future of ice cream",Reuters Videos,2026-08-14,-0.377,How far can global oil supplies stretch if the Iran war won't end?,Reuters Videos,2026-08-14,-0.599,TSX Closer: The Index Closes at Fresh Record High as Technology Stocks Rally,MT Newswires,2026-08-13,0.318,,,,,,,,,,
BABA,Alibaba Group,MegaCap,global-growth,NYSE,124,+1.12%,-3.58%,+5.20%,-19.77%,+1%,296.757,0.51,18.99,11.82,7513926,44562526,227902326,84.0,1.78,strong_buy,1.32,1.12,101.12,1.12,1011.2,11.2,10112.0,112.0,-3.58,96.42,-3.58,964.2,-35.8,9642.0,-358.0,5.2,105.2,5.2,1052.0,52.0,10520.0,520.0,-19.77,80.23,-19.77,802.3,-197.7,8023.0,-1977.0,1.0,101.0,1.0,1010.0,10.0,10100.0,100.0,"Dow Jones Futures: Market Ready To Run? Sandisk Skyrockets, But Must Do This; Walmart, Target Due",Investor's Business Daily,2026-08-14,0.19,Apple Makes Crucial Move in China AI Race,GuruFocus.com,2026-08-14,0.0,Apple Builds Custom AI Model for China With Alibaba,GuruFocus.com,2026-08-14,0.0,,,,,,,,,,
SAP,SAP SE,MegaCap,global-growth,NYSE,208,-0.16%,+0.88%,+33.39%,-10.69%,-25%,240.04,0.757,27.01,3.09,2292938,12043238,77859838,143.0,0.74,buy,1.56,-0.16,99.84,-0.16,998.4,-1.6,9984.0,-16.0,0.88,100.88,0.88,1008.8,8.8,10088.0,88.0,33.39,133.39,33.39,1333.9,333.9,13339.0,3339.0,-10.69,89.31,-10.69,893.1,-106.9,8931.0,-1069.0,-25.0,75.0,-25.0,750.0,-250.0,7500.0,-2500.0,"PetMed Express, Inc. Q1 2027 Earnings Call Summary",Moby,2026-08-14,0.0,European Equities Traded in the US as American Depositary Receipts Edge Lower in Wednesday Trading,MT Newswires,2026-08-12,-0.296,Salesforce Declines 17% Over the Past Year: How to Play CRM Stock?,Zacks,2026-08-10,0.34,2,strong_buy,0.85,"Current cloud backlog surged 26% at constant currencies to €22.9B, cloud revenue up 24% at constant currencies, and the stock rallied 35% in one month on accelerating enterprise AI adoption.",Cloud backlog +26% cc; Cloud revenue +24% cc; +35% 1M momentum; Enterprise AI tailwind,,,,,
SONY,Sony Group,MegaCap,global-growth,NYSE,24,+2.89%,+3.54%,+17.29%,-6.14%,-18%,142.189,0.759,20.76,5.7,5808497,22539297,123717497,67.0,0.17,strong_buy,1.5,2.89,102.89,2.89,1028.9,28.9,10289.0,289.0,3.54,103.54,3.54,1035.4,35.4,10354.0,354.0,17.29,117.29,17.29,1172.9,172.9,11729.0,1729.0,-6.14,93.86,-6.14,938.6,-61.4,9386.0,-614.0,-18.0,82.0,-18.0,820.0,-180.0,8200.0,-1800.0,Disney Expands Gaming Business: Can it Become a Major Growth Catalyst?,Zacks,2026-08-14,0.509,TSMC Stock Rises 2.2% as $4.69 Billion Sony Venture Launches,GuruFocus.com,2026-08-12,0.0,TSMC & Sony Establish JV in Japan to Develop Smartphone Image Sensors,Zacks,2026-08-12,0.0,9,strong_buy,0.65,"Stock rose 14% in one month, with a P/E of 20.0x and a strong buy analyst consensus, benefiting from a $4.69B TSMC venture and entertainment/content momentum.",+14% 1M momentum; P/E 20.0x; Strong Buy consensus; TSMC venture catalyst,,,,,
TM,Toyota Motor,MegaCap,global-growth,NYSE,191,+1.25%,+0.54%,+8.02%,-12.28%,-3%,226.294,0.335,8.66,0.5,189557,1486357,9394657,332.0,0.07,strong_buy,1.5,1.25,101.25,1.25,1012.5,12.5,10125.0,125.0,0.54,100.54,0.54,1005.4,5.4,10054.0,54.0,8.02,108.02,8.02,1080.2,80.2,10802.0,802.0,-12.28,87.72,-12.28,877.2,-122.8,8772.0,-1228.0,-3.0,97.0,-3.0,970.0,-30.0,9700.0,-300.0,Divgi TorqTransfer Systems Ltd (BOM:543812) (Q1 2027) Earnings Call Highlights: Navigating ...,GuruFocus.com,2026-08-14,0.0,"Toyota’s (TM) Profit Soared 76%. So Why Recall Over 500,000 Cars?",Insider Monkey,2026-08-12,0.44,"Toyota Stock Defies 508,354-Vehicle Recall as Shares Rise",GuruFocus.com,2026-08-11,0.296,,,,,,,,,,
NVO,Novo Nordisk,MegaCap,global-growth,NYSE,46,-1.54%,-2.90%,-9.24%,-9.19%,-11%,201.051,0.349,11.3,12.35,10826056,48596656,287843256,387.0,0.93,buy,2.43,-1.54,98.46,-1.54,984.6,-15.4,9846.0,-154.0,-2.9,97.1,-2.9,971.0,-29.0,9710.0,-290.0,-9.24,90.76,-9.24,907.6,-92.4,9076.0,-924.0,-9.19,90.81,-9.19,908.1,-91.9,9081.0,-919.0,-11.0,89.0,-11.0,890.0,-110.0,8900.0,-1100.0,Novo Nordisk Stock Slips as Pill Strategy Reframes Obesity Race,GuruFocus.com,2026-08-13,0.0,WST Q2 Beat and Raised 2026 Outlook Reinforce the HVP Growth Story,Zacks,2026-08-13,0.382,Should Investors Buy WST as HVP Growth Meets a Premium Valuation?,Zacks,2026-08-13,0.382,,,,,,,,,,
HSBC,HSBC Holdings,MegaCap,global-growth,NYSE,104,-0.01%,+0.06%,+3.31%,+33.38%,+63%,356.696,0.577,14.83,1.5,553517,3929317,30762717,360.0,,hold,2.67,-0.01,99.99,-0.01,999.9,-0.1,9999.0,-1.0,0.06,100.06,0.06,1000.6,0.6,10006.0,6.0,3.31,103.31,3.31,1033.1,33.1,10331.0,331.0,33.38,133.38,33.38,1333.8,333.8,13338.0,3338.0,63.0,163.0,63.0,1630.0,630.0,16300.0,6300.0,Cisco rating cut at HSBC as analyst sees a lack of catalysts,Investing.com,2026-08-14,-0.527,Businesses Are Spending Big on Quantum,The Wall Street Journal,2026-08-14,0.0,Why Cognex (CGNX) Shares Are Sliding Today,StockStory,2026-08-12,0.296,,,,,,,,,,
AAPL,Apple,Tech,mega-cap,NASDAQ,305.93,+0.38%,-2.28%,-6.51%,+13.19%,+32%,4464.797,1.086,35.04,56.62,26072932,190369232,1237527432,36.0,0.97,buy,2.13,0.38,100.38,0.38,1003.8,3.8,10038.0,38.0,-2.28,97.72,-2.28,977.2,-22.8,9772.0,-228.0,-6.51,93.49,-6.51,934.9,-65.1,9349.0,-651.0,13.19,113.19,13.19,1131.9,131.9,11319.0,1319.0,32.0,132.0,32.0,1320.0,320.0,13200.0,3200.0,Apple Stock Stalls as Jefferies Cuts Target to $263.66,GuruFocus.com,2026-08-14,-0.296,KeyBanc Has Message For Apple Stock Investors,GuruFocus.com,2026-08-14,0.0,Maryland Court Strikes Down Digital Ad Tax,MediaPost,2026-08-14,-0.361,,,,,,,,,,
MSFT,Microsoft,Tech,mega-cap,NASDAQ,495.4,-0.09%,-0.92%,+25.22%,+5.22%,-4%,3678.615,1.099,27.61,40.96,14356176,120652576,859533176,74.0,1.1,strong_buy,1.36,-0.09,99.91,-0.09,999.1,-0.9,9991.0,-9.0,-0.92,99.08,-0.92,990.8,-9.2,9908.0,-92.0,25.22,125.22,25.22,1252.2,252.2,12522.0,2522.0,5.22,105.22,5.22,1052.2,52.2,10522.0,522.0,-4.0,96.0,-4.0,960.0,-40.0,9600.0,-400.0,Wall Street's riskiest trades are suddenly back on top: Chart of the Day,Yahoo Finance,2026-08-14,-0.178,Nvidia earnings preview: What’s next for Nvidia stock,Yahoo Finance Video,2026-08-14,0.0,The Best House On The Block Costs The Most: PLTR,Trefis,2026-08-14,0.318,4,strong_buy,0.85,"Stock gained 29.08% in the past month, with a strong_buy analyst consensus (score 1.36), low P/E of 27.39, and positive news sentiment 0.158; analyst sees another 30% upside.",+29.08% 1M momentum; strong_buy consensus; P/E 27.39; positive news sentiment 0.158,,,,,
GOOGL,Alphabet (Google),Tech,mega-cap,NASDAQ,345.9,-0.10%,-2.37%,-6.75%,+9.90%,+70%,4230.335,1.237,17.36,32.93,16891717,107843017,724460817,26.0,1.2,strong_buy,1.39,-0.1,99.9,-0.1,999.0,-1.0,9990.0,-10.0,-2.37,97.63,-2.37,976.3,-23.7,9763.0,-237.0,-6.75,93.25,-6.75,932.5,-67.5,9325.0,-675.0,9.9,109.9,9.9,1099.0,99.0,10990.0,990.0,70.0,170.0,70.0,1700.0,700.0,17000.0,7000.0,Reddit is joining the S&P 500 next week. Here's what you need to know.,Yahoo Finance Video,2026-08-14,0.0,Gemini & Zocdoc launch AI doctor booking,Yahoo Finance Video,2026-08-13,0.0,Alphabet's $900 Million SpaceX Bet Grew to $94 Billion,GuruFocus.com,2026-08-14,0.0,,,,,,,,,,
AMZN,Amazon,Tech,mega-cap,NASDAQ,262.65,-0.98%,-4.31%,+3.02%,+15.96%,+15%,2833.026,1.454,21.13,50.23,25946149,155685049,1092181349,,1.0,strong_buy,1.32,-0.98,99.02,-0.98,990.2,-9.8,9902.0,-98.0,-4.31,95.69,-4.31,956.9,-43.1,9569.0,-431.0,3.02,103.02,3.02,1030.2,30.2,10302.0,302.0,15.96,115.96,15.96,1159.6,159.6,11596.0,1596.0,15.0,115.0,15.0,1150.0,150.0,11500.0,1500.0,Amazon.com vs. Comcast: Which Stock Is a Better Buy in 2026?,Motley Fool,2026-08-14,0.44,The Best House On The Block Costs The Most: PLTR,Trefis,2026-08-14,0.318,"Tiger Global Management cuts stakes in Big Tech, buys into SpaceX",Reuters,2026-08-14,-0.296,,,,,,,,,,
META,Meta Platforms,Tech,mega-cap,NASDAQ,589.85,-0.70%,-0.38%,-13.42%,-9.15%,-24%,1502.646,1.243,22.22,18.21,8412405,63877705,372313605,36.0,1.43,strong_buy,1.35,-0.7,99.3,-0.7,993.0,-7.0,9930.0,-70.0,-0.38,99.62,-0.38,996.2,-3.8,9962.0,-38.0,-13.42,86.58,-13.42,865.8,-134.2,8658.0,-1342.0,-9.15,90.85,-9.15,908.5,-91.5,9085.0,-915.0,-24.0,76.0,-24.0,760.0,-240.0,7600.0,-2400.0,"Tiger Global Management cuts stakes in Big Tech, buys into SpaceX",Reuters,2026-08-14,-0.296,Meta Stock Edges Higher as Australia Enforcement Risk Intensifies,GuruFocus.com,2026-08-14,-0.273,Reddit Is Still Down 24% This Year. What Will It Take to Get RDDT Stock Back Up to $200?,24/7 Wall St.,2026-08-14,0.0,,,,,,,,,,
NVDA,NVIDIA,Tech,semiconductors,NASDAQ,225.16,-0.12%,+0.54%,+5.96%,+19.37%,+25%,5453.601,2.215,34.48,147.67,75161211,499931711,2798615411,45.0,1.26,strong_buy,1.3,-0.12,99.88,-0.12,998.8,-1.2,9988.0,-12.0,0.54,100.54,0.54,1005.4,5.4,10054.0,54.0,5.96,105.96,5.96,1059.6,59.6,10596.0,596.0,19.37,119.37,19.37,1193.7,193.7,11937.0,1937.0,25.0,125.0,25.0,1250.0,250.0,12500.0,2500.0,Wall Street's riskiest trades are suddenly back on top: Chart of the Day,Yahoo Finance,2026-08-14,-0.178,The next AI winners may look nothing like Nvidia or Micron: One Big Investment Idea,Yahoo Finance,2026-08-14,0.248,"Dow Jones Futures: Market Ready To Run? Sandisk Skyrockets, But Must Do This; Walmart, Target Due",Investor's Business Daily,2026-08-14,0.19,,,,,,,,,,
AMD,Advanced Micro Devices,Tech,semiconductors,NASDAQ,514.39,+5.66%,+6.42%,-2.79%,+130.18%,+172%,839.729,2.489,131.56,29.97,24928819,100031119,656454019,,2.32,strong_buy,1.49,5.66,105.66,5.66,1056.6,56.6,10566.0,566.0,6.42,106.42,6.42,1064.2,64.2,10642.0,642.0,-2.79,97.21,-2.79,972.1,-27.9,9721.0,-279.0,130.18,230.18,130.18,2301.8,1301.8,23018.0,13018.0,172.0,272.0,172.0,2720.0,1720.0,27200.0,17200.0,Why Cloudflare and these 3 AI sub-sectors are 'the place to be' for tech investors,Yahoo Finance Video,2026-08-14,0.0,QCOM: A Cash Gusher At A Marked-Down Price,Trefis,2026-08-14,0.0,"Kulicke and Soffa, AMD, Intel, and Nvidia Shares Are Soaring, What You Need To Know",StockStory,2026-08-14,0.296,,,,,,,,,,
INTC,Intel,Tech,semiconductors,NASDAQ,102.5,-2.83%,+0.84%,-0.48%,+160.28%,+326%,541.826,2.241,,122.73,94307788,638809088,2740074888,,2.48,hold,2.6,-2.83,97.17,-2.83,971.7,-28.3,9717.0,-283.0,0.84,100.84,0.84,1008.4,8.4,10084.0,84.0,-0.48,99.52,-0.48,995.2,-4.8,9952.0,-48.0,160.28,260.28,160.28,2602.8,1602.8,26028.0,16028.0,326.0,426.0,326.0,4260.0,3260.0,42600.0,32600.0,Why one analyst says investors should be cautious on the memory stock rally,Yahoo Finance Video,2026-08-14,-0.103,QCOM: A Cash Gusher At A Marked-Down Price,Trefis,2026-08-14,0.0,"S&P 500 ends lower as investors weigh data, Middle East tensions",Reuters,2026-08-14,-0.599,,,,,,,,,,
TSM,Taiwan Semiconductor,Tech,semiconductors,NYSE,426.35,-1.40%,+1.50%,+1.64%,+34.09%,+80%,2211.253,1.258,32.15,13.72,6244577,45452477,317563677,101.0,0.69,strong_buy,1.42,-1.4,98.6,-1.4,986.0,-14.0,9860.0,-140.0,1.5,101.5,1.5,1015.0,15.0,10150.0,150.0,1.64,101.64,1.64,1016.4,16.4,10164.0,164.0,34.09,134.09,34.09,1340.9,340.9,13409.0,3409.0,80.0,180.0,80.0,1800.0,800.0,18000.0,8000.0,"Soros Capital Loads Up On MU, AMAT, AMD And TSM In Massive Semiconductor Pivot",Stocktwits,2026-08-14,0.0,"Broadcom Sinks 6% as BofA Flags $370B in AI Debt, AMD Climbs 4% on Baird’s $1,250 Call",24/7 Wall St.,2026-08-14,-0.361,SEC filing shows Softbank initiates stake in Capital One; sells 71.5% of its Taiwan Semi holdings,Reuters,2026-08-14,0.0,,,,,,,,,,
AVGO,Broadcom,Tech,semiconductors,NASDAQ,392.99,-6.10%,-8.13%,-0.33%,+13.47%,+36%,1869.681,1.473,65.28,25.66,29203339,84979839,424760439,62.0,1.31,strong_buy,1.31,-6.1,93.9,-6.1,939.0,-61.0,9390.0,-610.0,-8.13,91.87,-8.13,918.7,-81.3,9187.0,-813.0,-0.33,99.67,-0.33,996.7,-3.3,9967.0,-33.0,13.47,113.47,13.47,1134.7,134.7,11347.0,1347.0,36.0,136.0,36.0,1360.0,360.0,13600.0,3600.0,Wall Street's riskiest trades are suddenly back on top: Chart of the Day,Yahoo Finance,2026-08-14,-0.178,QCOM: A Cash Gusher At A Marked-Down Price,Trefis,2026-08-14,0.0,"S&P 500 ends lower as investors weigh data, Middle East tensions",Reuters,2026-08-14,-0.599,,,,,,,,,,
QCOM,Qualcomm,Tech,semiconductors,NASDAQ,165.79,-0.08%,-1.23%,-6.85%,-3.18%,+4%,174.08,1.663,18.95,18.05,5231534,36266534,272203334,226.0,3.69,hold,2.51,-0.08,99.92,-0.08,999.2,-0.8,9992.0,-8.0,-1.23,98.77,-1.23,987.7,-12.3,9877.0,-123.0,-6.85,93.15,-6.85,931.5,-68.5,9315.0,-685.0,-3.18,96.82,-3.18,968.2,-31.8,9682.0,-318.0,4.0,104.0,4.0,1040.0,40.0,10400.0,400.0,QCOM: A Cash Gusher At A Marked-Down Price,Trefis,2026-08-14,0.0,What Separates AVGO From Its Peers Right Now,Trefis,2026-08-14,0.0,"Broadcom Sinks 6% as BofA Flags $370B in AI Debt, AMD Climbs 4% on Baird’s $1,250 Call",24/7 Wall St.,2026-08-14,-0.361,,,,,,,,,,
ARM,Arm Holdings,Tech,semiconductors,NASDAQ,279.44,-0.73%,-1.11%,+0.88%,+143.56%,+101%,298.442,3.909,285.14,9.24,2049511,16576511,128852311,,11.61,buy,1.88,-0.73,99.27,-0.73,992.7,-7.3,9927.0,-73.0,-1.11,98.89,-1.11,988.9,-11.1,9889.0,-111.0,0.88,100.88,0.88,1008.8,8.8,10088.0,88.0,143.56,243.56,143.56,2435.6,1435.6,24356.0,14356.0,101.0,201.0,101.0,2010.0,1010.0,20100.0,10100.0,The Bull Market Is Almost Back for Chip Stocks,Investopedia,2026-08-13,0.0,Why Arm Holdings Stock Popped Today,Motley Fool,2026-08-13,0.0,"Great Company, Full Price: What Arm’s Numbers Say About the Next 1 Year",24/7 Wall St.,2026-08-13,0.625,,,,,,,,,,
ASML,ASML Holding,Tech,semiconductors,NASDAQ,1844.08,-0.88%,+5.92%,+1.72%,+59.22%,+149%,708.312,1.365,62.77,1.92,853157,6066557,40764657,50.0,0.28,strong_buy,1.41,-0.88,99.12,-0.88,991.2,-8.8,9912.0,-88.0,5.92,105.92,5.92,1059.2,59.2,10592.0,592.0,1.72,101.72,1.72,1017.2,17.2,10172.0,172.0,59.22,159.22,59.22,1592.2,592.2,15922.0,5922.0,149.0,249.0,149.0,2490.0,1490.0,24900.0,14900.0,"Stock Market Week Ahead: Walmart, Target Lead Retail Earnings; Nvidia Among Stocks In Buy Areas",Investor's Business Daily,2026-08-14,0.0,Applied Materials slips as investors seek faster growth after stellar run,Reuters,2026-08-14,0.382,Analyst Sees Trouble Brewing for Hot Chip Stocks,GuruFocus.com,2026-08-13,-0.402,,,,,,,,,,
MU,Micron Technology,Tech,semiconductors,NASDAQ,971.66,+0.64%,+10.72%,+7.45%,+208.23%,+686%,1097.386,2.213,21.95,50.36,27609119,158375619,1004130319,6.0,2.65,strong_buy,1.41,0.64,100.64,0.64,1006.4,6.4,10064.0,64.0,10.72,110.72,10.72,1107.2,107.2,11072.0,1072.0,7.45,107.45,7.45,1074.5,74.5,10745.0,745.0,208.23,308.23,208.23,3082.3,2082.3,30823.0,20823.0,686.0,786.0,686.0,7860.0,6860.0,78600.0,68600.0,Wall Street's riskiest trades are suddenly back on top: Chart of the Day,Yahoo Finance,2026-08-14,-0.178,The next AI winners may look nothing like Nvidia or Micron: One Big Investment Idea,Yahoo Finance,2026-08-14,0.248,"Marvell Technology, MACOM, Micron, Western Digital, and Semtech Shares Skyrocket, What You Need To Know",StockStory,2026-08-14,0.296,,,,,,,,,,
AMAT,Applied Materials,Tech,semiconductors,NASDAQ,507.18,-0.10%,-5.93%,-12.47%,+89.10%,+230%,402.68,1.618,43.72,9.58,12513552,46965052,180676952,40.0,1.8,strong_buy,1.46,-0.1,99.9,-0.1,999.0,-1.0,9990.0,-10.0,-5.93,94.07,-5.93,940.7,-59.3,9407.0,-593.0,-12.47,87.53,-12.47,875.3,-124.7,8753.0,-1247.0,89.1,189.1,89.1,1891.0,891.0,18910.0,8910.0,230.0,330.0,230.0,3300.0,2300.0,33000.0,23000.0,Earnings live updates: Applied Materials stock falls after solid earnings fail to impress,Yahoo Finance,2026-08-10,-0.0,Update: S&P Logs Third Consecutive Weekly Gain Despite Pullback From Record High,MT Newswires,2026-08-14,0.527,"S&P 500 ends lower as investors weigh data, Middle East tensions",Reuters,2026-08-14,-0.599,,,,,,,,,,
ORCL,Oracle,Tech,enterprise-software,NYSE,150.52,-3.73%,+2.38%,+13.61%,-22.35%,-37%,433.568,1.718,25.82,32.06,19710868,142037068,784532468,130.0,2.92,buy,1.55,-3.73,96.27,-3.73,962.7,-37.3,9627.0,-373.0,2.38,102.38,2.38,1023.8,23.8,10238.0,238.0,13.61,113.61,13.61,1136.1,136.1,11361.0,1361.0,-22.35,77.65,-22.35,776.5,-223.5,7765.0,-2235.0,-37.0,63.0,-37.0,630.0,-370.0,6300.0,-3700.0,Oracle Stock Drops While $40 Billion Funding Need Looms,GuruFocus.com,2026-08-14,-0.153,"Oracle junk bond fears, debt surge sound alarms for investors",TheStreet,2026-08-14,-0.751,Intuit's Options Price A Floor Below Anything The Stock Has Touched In A Year,Trefis,2026-08-14,0.0,5,buy,0.75,"Stock rebounded 22.10% in the past month and 8.89% in the past week, with a P/E of 26.3 and strong_buy analyst consensus; cloud infrastructure grew 93% in Q4 FY2026 despite debt concerns [barchart.com](https://www.barchart.com/story/news/3718939/the-curious-case-of-oracle-stock-the-better-the-business-gets-the-more-investors-worry).",+22.10% 1M momentum; 93% cloud infrastructure growth; strong_buy consensus; positive news sentiment 0.2,,,,,
CRM,Salesforce,Tech,enterprise-software,NYSE,196.21,-2.33%,+1.80%,+17.49%,-22.24%,-17%,160.696,1.152,22.71,15.01,6445621,55170421,283935221,91.0,4.15,buy,1.67,-2.33,97.67,-2.33,976.7,-23.3,9767.0,-233.0,1.8,101.8,1.8,1018.0,18.0,10180.0,180.0,17.49,117.49,17.49,1174.9,174.9,11749.0,1749.0,-22.24,77.76,-22.24,777.6,-222.4,7776.0,-2224.0,-17.0,83.0,-17.0,830.0,-170.0,8300.0,-1700.0,Salesforce Stock Drops 2.8% as JPMorgan AI Bounce Vanishes,GuruFocus.com,2026-08-14,0.0,JPMorgan Turns Bullish on Salesforce as the Stock Runs Three Straight Weeks,24/7 Wall St.,2026-08-14,0.226,Workday (WDAY) Surges 17.8%: Is This an Indication of Further Gains?,Zacks,2026-08-14,0.34,8,buy,0.7,"Stock gained 20.18% in the past month and 4.14% in the past day, with a P/E of 22.42 and JPMorgan turning bullish on H2 core business acceleration; analyst consensus is buy.",+20.18% 1M momentum; P/E 22.42; JPMorgan bullish upgrade; buy consensus,,,,,
ADBE,Adobe,Tech,enterprise-software,NASDAQ,264.02,-1.81%,-0.45%,+17.57%,-20.79%,-24%,104.948,1.397,15.11,6.51,2721328,20842428,120515428,,5.45,hold,2.73,-1.81,98.19,-1.81,981.9,-18.1,9819.0,-181.0,-0.45,99.55,-0.45,995.5,-4.5,9955.0,-45.0,17.57,117.57,17.57,1175.7,175.7,11757.0,1757.0,-20.79,79.21,-20.79,792.1,-207.9,7921.0,-2079.0,-24.0,76.0,-24.0,760.0,-240.0,7600.0,-2400.0,Adobe Stock Eyes Rebound. Is This a Golden AI Opportunity?,24/7 Wall St.,2026-08-14,0.421,Forget Nvidia: Michael Burry and Bill Ackman Are Buying These Two Beaten Down Stocks — Should You?,Insider Monkey,2026-08-13,-0.572,This Week In E-Commerce - Vmake Labs Transforms Social Video Creation for Businesses,Simply Wall St.,2026-08-13,0.273,6,buy,0.7,"Stock gained 22.52% in the past month and 4.68% in the past day, with a low P/E of 14.79, though analyst consensus is hold (score 2.73) due to AI disruption fears [tikr.com](https://www.tikr.com/blog/adobe-stock-is-down-20-since-january-is-it-a-discount-or-a-value-trap).",+22.52% 1M momentum; P/E 14.79; deep value from -18.84% YTD; positive news sentiment 0.148,,,,,
NOW,ServiceNow,Tech,enterprise-software,NYSE,124.0,-2.48%,-0.70%,+18.40%,-15.90%,-27%,128.199,0.93,77.5,27.39,13267078,79723678,551409978,,3.56,strong_buy,1.47,-2.48,97.52,-2.48,975.2,-24.8,9752.0,-248.0,-0.7,99.3,-0.7,993.0,-7.0,9930.0,-70.0,18.4,118.4,18.4,1184.0,184.0,11840.0,1840.0,-15.9,84.1,-15.9,841.0,-159.0,8410.0,-1590.0,-27.0,73.0,-27.0,730.0,-270.0,7300.0,-2700.0,JPMorgan Turns Bullish on Salesforce as the Stock Runs Three Straight Weeks,24/7 Wall St.,2026-08-14,0.226,ServiceNow CFO: Trillions are being spent on AI initiatives. Are companies asking these 3 key questions?,Fortune,2026-08-14,0.0,UiPath Stock Carries A Market Multiple On Earnings And A Premium On Sales,Trefis,2026-08-13,0.0,7,strong_buy,0.75,"Stock surged 21.36% in the past month and 8.44% in the past week, with a strong_buy analyst consensus (score 1.47) and low beta of 0.93, indicating strong momentum with lower risk.",+21.36% 1M momentum; strong_buy consensus; low beta 0.93; positive news sentiment 0.075,,,,,
SNOW,Snowflake,Tech,enterprise-software,NYSE,328.92,-2.93%,-0.48%,+20.98%,+51.78%,+69%,114.004,1.315,,7.56,2250323,17889523,110451323,,5.6,buy,1.51,-2.93,97.07,-2.93,970.7,-29.3,9707.0,-293.0,-0.48,99.52,-0.48,995.2,-4.8,9952.0,-48.0,20.98,120.98,20.98,1209.8,209.8,12098.0,2098.0,51.78,151.78,51.78,1517.8,517.8,15178.0,5178.0,69.0,169.0,69.0,1690.0,690.0,16900.0,6900.0,"Major Software Providers Poised for Quarterly Beats Amid 'Bullish' Reseller Feedback, RBC Says",MT Newswires,2026-08-14,0.31,The Best House On The Block Costs The Most: PLTR,Trefis,2026-08-14,0.318,Snowflake (SNOW) Brings Options Data To Its Private Marketplace For Quant Users,Simply Wall St.,2026-08-14,0.0,9,buy,0.7,"Stock gained 22.27% in the past month and 6.09% in the past week, with a buy analyst consensus (score 1.51) and positive news sentiment 0.102, driven by strong cloud data platform demand.",+22.27% 1M momentum; buy consensus; positive news sentiment 0.102; +55.68% YTD,,,,,
INTU,Intuit,Tech,enterprise-software,NASDAQ,345.66,-2.89%,+6.28%,+23.58%,-44.57%,-50%,94.551,0.959,21.12,5.47,3197379,15945979,85208979,143.0,5.09,buy,1.86,-2.89,97.11,-2.89,971.1,-28.9,9711.0,-289.0,6.28,106.28,6.28,1062.8,62.8,10628.0,628.0,23.58,123.58,23.58,1235.8,235.8,12358.0,2358.0,-44.57,55.43,-44.57,554.3,-445.7,5543.0,-4457.0,-50.0,50.0,-50.0,500.0,-500.0,5000.0,-5000.0,Cybersecurity Stock Sets Sights On Buy Point With Bolstered Outlook,Investor's Business Daily,2026-08-14,0.0,Intuit's Options Price A Floor Below Anything The Stock Has Touched In A Year,Trefis,2026-08-14,0.0,"Smith Micro Software, Inc. (SMSI) Reports Q2 Loss, Lags Revenue Estimates",Zacks,2026-08-13,-0.586,3,buy,0.8,"Stock surged 26.86% in the past month and 11.30% in the past week, with a low P/E of 20.4 and a 143bp dividend yield, signaling a deep-value rebound opportunity.",+26.86% 1M momentum; P/E 20.4; low beta 0.959; deep value from -42.55% YTD,,,,,
CRWD,CrowdStrike,Tech,cybersecurity,NASDAQ,216.95,-3.83%,+1.18%,+4.92%,+91.32%,+111%,220.911,1.234,,11.37,6654453,33918153,179591653,,2.55,buy,1.67,-3.83,96.17,-3.83,961.7,-38.3,9617.0,-383.0,1.18,101.18,1.18,1011.8,11.8,10118.0,118.0,4.92,104.92,4.92,1049.2,49.2,10492.0,492.0,91.32,191.32,91.32,1913.2,913.2,19132.0,9132.0,111.0,211.0,111.0,2110.0,1110.0,21100.0,11100.0,Top Analyst Names Snowflake and CrowdStrike Among Top AI Software Picks,GuruFocus.com,2026-08-14,0.382,"Major Software Providers Poised for Quarterly Beats Amid 'Bullish' Reseller Feedback, RBC Says",MT Newswires,2026-08-14,0.31,"Renaissance Nearly Triples Nvidia Stake, Slashes Micron",GuruFocus.com,2026-08-14,-0.202,,,,,,,,,,
PANW,Palo Alto Networks,Tech,cybersecurity,NASDAQ,384.27,-2.96%,+5.61%,+8.54%,+114.23%,+124%,313.18,0.893,334.15,7.7,4216192,26169392,137826992,,2.59,buy,1.6,-2.96,97.04,-2.96,970.4,-29.6,9704.0,-296.0,5.61,105.61,5.61,1056.1,56.1,10561.0,561.0,8.54,108.54,8.54,1085.4,85.4,10854.0,854.0,114.23,214.23,114.23,2142.3,1142.3,21423.0,11423.0,124.0,224.0,124.0,2240.0,1240.0,22400.0,12400.0,"Major Software Providers Poised for Quarterly Beats Amid 'Bullish' Reseller Feedback, RBC Says",MT Newswires,2026-08-14,0.31,"Cisco Beat On Every Line, Then Fell On What AI Costs To Ship",Trefis,2026-08-14,0.0,What Could Palo Alto Networks (PANW) Gain From Its New Policy Control Integration?,Simply Wall St.,2026-08-14,0.527,,,,,,,,,,
NET,Cloudflare,Tech,cybersecurity,NYSE,315.78,-4.53%,+5.17%,+15.65%,+61.10%,+65%,112.442,1.66,,3.76,2810627,25074827,89544627,,2.88,buy,1.88,-4.53,95.47,-4.53,954.7,-45.3,9547.0,-453.0,5.17,105.17,5.17,1051.7,51.7,10517.0,517.0,15.65,115.65,15.65,1156.5,156.5,11565.0,1565.0,61.1,161.1,61.1,1611.0,611.0,16110.0,6110.0,65.0,165.0,65.0,1650.0,650.0,16500.0,6500.0,"Why Did PANW, NET, HPQ Stocks Jump To 52-Week Highs Today?",Stocktwits,2026-08-14,0.0,"x402 Settlement Volume Plunges 93% YTD, but Cloudflare Could Revive AI Agent Payments",CCN,2026-08-13,0.477,This Bullish Trade Cuts The Price Tag On Access To Highflying Cloudflare Stock,Investor's Business Daily,2026-08-12,-0.296,10,buy,0.65,"Stock surged 17.42% in the past month and 16.31% in the past week, hitting 52-week highs with a buy analyst consensus (score 1.88) and positive news sentiment 0.192.",+16.31% 1W momentum; 52-week high; buy consensus; positive news sentiment 0.192,,,,,
FTNT,Fortinet,Tech,cybersecurity,NASDAQ,160.01,-3.55%,+0.23%,-2.74%,+105.46%,+109%,117.401,1.058,56.54,6.03,2792696,20788096,124029496,,2.37,hold,2.68,-3.55,96.45,-3.55,964.5,-35.5,9645.0,-355.0,0.23,100.23,0.23,1002.3,2.3,10023.0,23.0,-2.74,97.26,-2.74,972.6,-27.4,9726.0,-274.0,105.46,205.46,105.46,2054.6,1054.6,20546.0,10546.0,109.0,209.0,109.0,2090.0,1090.0,20900.0,10900.0,"Cisco Beat On Every Line, Then Fell On What AI Costs To Ship",Trefis,2026-08-14,0.0,AI Sales Push Fortinet Shares to New Heights,FX Empire,2026-08-14,0.296,The Number Cisco Stopped Leading With Explains What You Now Own,Trefis,2026-08-13,-0.153,,,,,,,,,,
NFLX,Netflix,Tech,consumer-platform,NASDAQ,78.16,-0.59%,+5.42%,+6.08%,-14.10%,-37%,325.453,1.514,24.58,42.98,25783972,142810372,1019582272,,2.23,buy,1.73,-0.59,99.41,-0.59,994.1,-5.9,9941.0,-59.0,5.42,105.42,5.42,1054.2,54.2,10542.0,542.0,6.08,106.08,6.08,1060.8,60.8,10608.0,608.0,-14.1,85.9,-14.1,859.0,-141.0,8590.0,-1410.0,-37.0,63.0,-37.0,630.0,-370.0,6300.0,-3700.0,Netflix Rethinks Gaming After Major Setbacks,GuruFocus.com,2026-08-14,0.0,Netflix Stock Slips After 5% Jump After Bill Ackman Returns With New Bet,GuruFocus.com,2026-08-14,0.0,What's Going On With Netflix Stock Friday,GuruFocus.com,2026-08-14,0.0,,,,,,,,,,
SHOP,Shopify,Tech,consumer-platform,NYSE,154.32,-2.43%,+1.81%,+24.90%,-1.83%,+12%,198.555,2.59,104.98,9.79,5408036,38505436,257146636,,1.67,buy,1.69,-2.43,97.57,-2.43,975.7,-24.3,9757.0,-243.0,1.81,101.81,1.81,1018.1,18.1,10181.0,181.0,24.9,124.9,24.9,1249.0,249.0,12490.0,2490.0,-1.83,98.17,-1.83,981.7,-18.3,9817.0,-183.0,12.0,112.0,12.0,1120.0,120.0,11200.0,1200.0,Joshua Kushner's Thrive Capital discloses $215 million Amazon stake,Reuters,2026-08-14,0.178,PayPal Stock Surged On A Profit Shift Management Had Already Spelled Out,Trefis,2026-08-14,0.44,Joshua Kushner’s Thrive Capital Invests $215 Million in Amazon,Bloomberg,2026-08-14,0.178,2,strong_buy,0.85,"Q2 revenue jumped 34% to $3.58B, beating estimates, and Q3 guidance raised to low-30% growth; stock surged 16.9% post-earnings as agentic commerce fears eased [morningstar.com](https://www.morningstar.com/stocks/shopify-bounces-earnings-calm-ai-loser-trade-concerns).",+26.14% 1M momentum; 34% revenue growth; raised Q3 guidance; analyst buy consensus,,,,,
SPOT,Spotify,Tech,consumer-platform,NYSE,512.82,+2.95%,+7.95%,+5.65%,-10.81%,-32%,105.446,1.581,27.89,2.03,1077434,7733134,43012634,,4.09,buy,1.57,2.95,102.95,2.95,1029.5,29.5,10295.0,295.0,7.95,107.95,7.95,1079.5,79.5,10795.0,795.0,5.65,105.65,5.65,1056.5,56.5,10565.0,565.0,-10.81,89.19,-10.81,891.9,-108.1,8919.0,-1081.0,-32.0,68.0,-32.0,680.0,-320.0,6800.0,-3200.0,Spotify (SPOT) Stock Looks Discounted On Cash Flow Yet Fair On Earnings,Simply Wall St.,2026-08-12,0.361,"Spotify Just Legalized Fan Remixes, So What Does It Mean For SPOT?",Insider Monkey,2026-08-11,0.318,Spotify (SPOT) Q2 2026 Earnings Call Transcript,Motley Fool,2026-08-11,0.0,,,,,,,,,,
UBER,Uber,Tech,consumer-platform,NYSE,75.95,+0.29%,+1.24%,+4.51%,-8.34%,-18%,155.133,1.154,16.66,20.73,8885509,87292309,463356609,,2.41,buy,1.52,0.29,100.29,0.29,1002.9,2.9,10029.0,29.0,1.24,101.24,1.24,1012.4,12.4,10124.0,124.0,4.51,104.51,4.51,1045.1,45.1,10451.0,451.0,-8.34,91.66,-8.34,916.6,-83.4,9166.0,-834.0,-18.0,82.0,-18.0,820.0,-180.0,8200.0,-1800.0,Uber Stock Looks Cheap. Here’s Why.,Barrons.com,2026-08-14,0.0,AT&T’s CMO tied ‘brand love’ to the numbers CEOs care about. Customers are 3 times less likely to leave and much cheaper to acquire,Fortune,2026-08-14,0.505,"Uber and Pony.ai Plan 2,000 Robotaxis Across Europe",GuruFocus.com,2026-08-14,0.0,,,,,,,,,,
CSCO,Cisco Systems,Tech,hardware-infra,NASDAQ,111.68,-1.47%,-8.03%,-0.08%,+48.22%,+71%,440.18,1.002,33.64,24.7,29278347,164571447,526892447,148.0,1.68,buy,1.85,-1.47,98.53,-1.47,985.3,-14.7,9853.0,-147.0,-8.03,91.97,-8.03,919.7,-80.3,9197.0,-803.0,-0.08,99.92,-0.08,999.2,-0.8,9992.0,-8.0,48.22,148.22,48.22,1482.2,482.2,14822.0,4822.0,71.0,171.0,71.0,1710.0,710.0,17100.0,7100.0,"US Equity Indexes Mixed This Week After Soft Inflation Prints, Slumping Retail Sales Set to Restrain Fed Policy Hawks",MT Newswires,2026-08-14,0.0,Cisco Stock Drops Again as AI Hardware Squeezes Margins,GuruFocus.com,2026-08-14,0.0,"Cisco Beat On Every Line, Then Fell On What AI Costs To Ship",Trefis,2026-08-14,0.0,,,,,,,,,,
PLTR,Palantir Technologies,Tech,hardware-infra,NASDAQ,174.04,-2.36%,+1.18%,+30.11%,+3.68%,+1%,418.228,1.563,150.03,43.39,23890555,196187255,1025899355,,3.17,buy,1.81,-2.36,97.64,-2.36,976.4,-23.6,9764.0,-236.0,1.18,101.18,1.18,1011.8,11.8,10118.0,118.0,30.11,130.11,30.11,1301.1,301.1,13011.0,3011.0,3.68,103.68,3.68,1036.8,36.8,10368.0,368.0,1.0,101.0,1.0,1010.0,10.0,10100.0,100.0,Wall Street's riskiest trades are suddenly back on top: Chart of the Day,Yahoo Finance,2026-08-14,-0.178,The Best House On The Block Costs The Most: PLTR,Trefis,2026-08-14,0.318,Palantir's $442 Billion Valuation Faces a Test,GuruFocus.com,2026-08-14,0.0,1,strong_buy,0.9,"Q2 revenue surged 93% to $1.94B, commercial revenue jumped 149% to $764M, and full-year guidance raised to $8.15B-$8.16B; stock rose 29% on earnings with strong AI sovereignty demand [cnbc.com](https://www.cnbc.com/2026/08/04/palantir-2q-earnings-ai-sovereign-tools.html).",+33.87% 1M momentum; 149% commercial revenue growth; raised FY guidance; positive news sentiment 0.143,,,,,
