ticker,company_name,sector,category,exchange,price_usd,change_1d,change_1w,change_1m,change_ytd,return_1yr,market_cap_usd_b,beta,pe_ratio,avg_volume_m,vol_1d,vol_1w,vol_1m,div_yield_pct,short_pct,analyst,analyst_score,pct_1d,val_100_1d,profit_100_1d,val_1000_1d,profit_1000_1d,val_10000_1d,profit_10000_1d,pct_1w,val_100_1w,profit_100_1w,val_1000_1w,profit_1000_1w,val_10000_1w,profit_10000_1w,pct_1m,val_100_1m,profit_100_1m,val_1000_1m,profit_1000_1m,val_10000_1m,profit_10000_1m,pct_ytd,val_100_ytd,profit_100_ytd,val_1000_ytd,profit_1000_ytd,val_10000_ytd,profit_10000_ytd,pct_1y,val_100_1y,profit_100_1y,val_1000_1y,profit_1000_1y,val_10000_1y,profit_10000_1y,news1_title,news1_publisher,news1_date,news1_sentiment,news2_title,news2_publisher,news2_date,news2_sentiment,news3_title,news3_publisher,news3_date,news3_sentiment,signal_rank,signal,signal_confidence,signal_rationale,signal_drivers,portfolio_held,portfolio_quantity,portfolio_avg_price,portfolio_ppl,portfolio_total_value
SNDK,SanDisk Corporation,AI,memory,NASDAQ,1581.82,-3.15%,-8.03%,-6.54%,+474.71%,+1277%,228.617,,21.45,12.83,5558695,37114795,188134495,,6.1,buy,1.52,-3.15,96.85,-3.15,968.5,-31.5,9685.0,-315.0,-8.03,91.97,-8.03,919.7,-80.3,9197.0,-803.0,-6.54,93.46,-6.54,934.6,-65.4,9346.0,-654.0,474.71,574.71,474.71,5747.1,4747.1,57471.0,47471.0,1277.0,1377.0,1277.0,13770.0,12770.0,137700.0,127700.0,,,,,,,,,,,,,,,,,,,,,,
WDC,Western Digital,AI,memory,NASDAQ,397.28,+1.01%,-4.34%,-13.81%,+111.88%,+241%,148.711,2.169,14.76,7.69,7021810,49011610,187772110,15.0,5.38,buy,1.54,1.01,101.01,1.01,1010.1,10.1,10101.0,101.0,-4.34,95.66,-4.34,956.6,-43.4,9566.0,-434.0,-13.81,86.19,-13.81,861.9,-138.1,8619.0,-1381.0,111.88,211.88,111.88,2118.8,1118.8,21188.0,11188.0,241.0,341.0,241.0,3410.0,2410.0,34100.0,24100.0,,,,,,,,,,,,,,,,,,,,,,
285A,Kioxia Holdings,AI,memory,TSE,110.57,-2.64%,-9.30%,-7.87%,+362.69%,+772%,176.633,,21.0,107.64,35115300,181066700,1254963800,,,buy,1.56,-2.64,97.36,-2.64,973.6,-26.4,9736.0,-264.0,-9.3,90.7,-9.3,907.0,-93.0,9070.0,-930.0,-7.87,92.13,-7.87,921.3,-78.7,9213.0,-787.0,362.69,462.69,362.69,4626.9,3626.9,46269.0,36269.0,772.0,872.0,772.0,8720.0,7720.0,87200.0,77200.0,,,,,,,,,,,,,,,,,,,,,,
MU,Micron Technology,AI,memory,NASDAQ,1029.0,-0.66%,-4.27%,+5.28%,+226.42%,+470%,1162.145,2.226,13.84,32.67,19765706,120578806,562315306,6.0,2.45,strong_buy,1.37,-0.66,99.34,-0.66,993.4,-6.6,9934.0,-66.0,-4.27,95.73,-4.27,957.3,-42.7,9573.0,-427.0,5.28,105.28,5.28,1052.8,52.8,10528.0,528.0,226.42,326.42,226.42,3264.2,2264.2,32642.0,22642.0,470.0,570.0,470.0,5700.0,4700.0,57000.0,47000.0,,,,,,,,,,,,,,,,,,,,,,
STX,Seagate Technology,AI,memory,NASDAQ,783.0,+1.06%,-7.77%,-9.13%,+173.20%,+261%,178.049,2.081,56.33,4.63,3919769,26269169,100914569,38.0,4.59,strong_buy,1.44,1.06,101.06,1.06,1010.6,10.6,10106.0,106.0,-7.77,92.23,-7.77,922.3,-77.7,9223.0,-777.0,-9.13,90.87,-9.13,908.7,-91.3,9087.0,-913.0,173.2,273.2,173.2,2732.0,1732.0,27320.0,17320.0,261.0,361.0,261.0,3610.0,2610.0,36100.0,26100.0,,,,,,,,,,,,,,,,,,,,,,
MRVL,Marvell Technology,AI,memory,NASDAQ,275.28,+0.23%,+1.10%,+21.29%,+208.41%,+221%,247.396,2.26,90.55,22.4,15024644,132227944,423787244,9.0,4.18,strong_buy,1.37,0.23,100.23,0.23,1002.3,2.3,10023.0,23.0,1.1,101.1,1.1,1011.0,11.0,10110.0,110.0,21.29,121.29,21.29,1212.9,212.9,12129.0,2129.0,208.41,308.41,208.41,3084.1,2084.1,30841.0,20841.0,221.0,321.0,221.0,3210.0,2210.0,32100.0,22100.0,,,,,,,,,,,,,1,strong_buy,0.95,"MRVL +221.55% YTD, +27.33% 1M; TD Cowen upgraded to Buy with $350 PT after Investor Day raised FY28 revenue to $20B and FY31 target to $70-90B, signaling massive AI connectivity and custom chip growth (CNBC).",YTD +221.55%; strong_buy consensus; 1M +27.33%; analyst upgrades post-investor day,,,,,
P,Everpure,AI,memory,NYSE,154.49,+2.58%,+10.24%,+64.18%,+123.87%,+68%,51.481,1.396,211.63,4.59,4008526,23367326,169561226,,2.88,buy,1.55,2.58,102.58,2.58,1025.8,25.8,10258.0,258.0,10.24,110.24,10.24,1102.4,102.4,11024.0,1024.0,64.18,164.18,64.18,1641.8,641.8,16418.0,6418.0,123.87,223.87,123.87,2238.7,1238.7,22387.0,12387.0,68.0,168.0,68.0,1680.0,680.0,16800.0,6800.0,,,,,,,,,,,,,8,buy,0.7,"P +113.30% YTD, +45.54% 1M; buy consensus with memory and AI compute exposure – high P/E 201.64 but momentum extremely strong.",1M +45.54%; YTD +113.30%; buy consensus; memory/data center play,,,,,
RR.,Rolls-Royce Holdings,AI,nuclear-ops,LSE,18.33,+1.33%,-6.23%,-4.19%,+15.73%,+20%,1.507,1.272,38.48,18.41,62761440,124265538,437681379,88.0,,buy,1.6,1.33,101.33,1.33,1013.3,13.3,10133.0,133.0,-6.23,93.77,-6.23,937.7,-62.3,9377.0,-623.0,-4.19,95.81,-4.19,958.1,-41.9,9581.0,-419.0,15.73,115.73,15.73,1157.3,157.3,11573.0,1573.0,20.0,120.0,20.0,1200.0,200.0,12000.0,2000.0,,,,,,,,,,,,,,,,,,,,,,
CEG,Constellation Energy,AI,nuclear-ops,NASDAQ,298.07,+4.56%,+15.76%,+4.23%,-18.25%,-23%,105.608,1.129,29.14,3.09,3785046,34681646,86926246,60.0,3.7,buy,1.55,4.56,104.56,4.56,1045.6,45.6,10456.0,456.0,15.76,115.76,15.76,1157.6,157.6,11576.0,1576.0,4.23,104.23,4.23,1042.3,42.3,10423.0,423.0,-18.25,81.75,-18.25,817.5,-182.5,8175.0,-1825.0,-23.0,77.0,-23.0,770.0,-230.0,7700.0,-2300.0,,,,,,,,,,,,,,,,,,,,,,
VST,Vistra Corp,AI,nuclear-ops,NYSE,161.48,+3.31%,+15.33%,+9.99%,-1.84%,-21%,54.199,1.384,27.23,5.22,7038981,59344881,147994881,59.0,3.35,strong_buy,1.33,3.31,103.31,3.31,1033.1,33.1,10331.0,331.0,15.33,115.33,15.33,1153.3,153.3,11533.0,1533.0,9.99,109.99,9.99,1099.9,99.9,10999.0,999.0,-1.84,98.16,-1.84,981.6,-18.4,9816.0,-184.0,-21.0,79.0,-21.0,790.0,-210.0,7900.0,-2100.0,,,,,,,,,,,,,,,,,,,,,,
TLN,Talen Energy,AI,nuclear-ops,NASDAQ,378.57,+5.39%,+18.02%,+21.52%,-4.58%,-13%,17.906,1.617,,0.87,1249666,8158066,23193266,,6.33,buy,1.59,5.39,105.39,5.39,1053.9,53.9,10539.0,539.0,18.02,118.02,18.02,1180.2,180.2,11802.0,1802.0,21.52,121.52,21.52,1215.2,215.2,12152.0,2152.0,-4.58,95.42,-4.58,954.2,-45.8,9542.0,-458.0,-13.0,87.0,-13.0,870.0,-130.0,8700.0,-1300.0,,,,,,,,,,,,,,,,,,,,,,
BEP,Brookfield Renewable,AI,nuclear-ops,NYSE,29.53,+0.82%,+4.16%,-3.21%,+9.51%,+11%,14.366,0.98,,1.02,554283,5406583,24937183,535.0,0.46,buy,2.31,0.82,100.82,0.82,1008.2,8.2,10082.0,82.0,4.16,104.16,4.16,1041.6,41.6,10416.0,416.0,-3.21,96.79,-3.21,967.9,-32.1,9679.0,-321.0,9.51,109.51,9.51,1095.1,95.1,10951.0,951.0,11.0,111.0,11.0,1110.0,110.0,11100.0,1100.0,,,,,,,,,,,,,,,,,,,,,,
BEPC,Brookfield Renewable Corp,AI,nuclear-ops,NYSE,29.63,+0.85%,+3.89%,-3.95%,-23.38%,-22%,5.501,1.148,,1.83,1420518,9510018,41809818,534.0,,hold,2.86,0.85,100.85,0.85,1008.5,8.5,10085.0,85.0,3.89,103.89,3.89,1038.9,38.9,10389.0,389.0,-3.95,96.05,-3.95,960.5,-39.5,9605.0,-395.0,-23.38,76.62,-23.38,766.2,-233.8,7662.0,-2338.0,-22.0,78.0,-22.0,780.0,-220.0,7800.0,-2200.0,,,,,,,,,,,,,,,,,,,,,,
GEV,GE Vernova,AI,smr,NYSE,1004.73,+0.59%,+1.62%,+8.75%,+48.13%,+65%,267.593,0.967,28.81,2.33,1113125,9669625,48037325,20.0,3.29,buy,1.54,0.59,100.59,0.59,1005.9,5.9,10059.0,59.0,1.62,101.62,1.62,1016.2,16.2,10162.0,162.0,8.75,108.75,8.75,1087.5,87.5,10875.0,875.0,48.13,148.13,48.13,1481.3,481.3,14813.0,4813.0,65.0,165.0,65.0,1650.0,650.0,16500.0,6500.0,,,,,,,,,,,,,,,,,,,,,,
BWXT,BWX Technologies,AI,smr,NYSE,143.83,+1.13%,+6.65%,-5.68%,-20.57%,-25%,13.178,0.738,37.26,1.1,786505,7279605,28230305,75.0,4.42,buy,1.61,1.13,101.13,1.13,1011.3,11.3,10113.0,113.0,6.65,106.65,6.65,1066.5,66.5,10665.0,665.0,-5.68,94.32,-5.68,943.2,-56.8,9432.0,-568.0,-20.57,79.43,-20.57,794.3,-205.7,7943.0,-2057.0,-25.0,75.0,-25.0,750.0,-250.0,7500.0,-2500.0,,,,,,,,,,,,,,,,,,,,,,
SMR,NuScale Power,AI,smr,NYSE,7.2,-1.64%,-7.10%,-29.48%,-55.86%,-81%*,2.955,2.371,,34.14,31716717,176210717,838385117,,20.64,none,,-1.64,98.36,-1.64,983.6,-16.4,9836.0,-164.0,-7.1,92.9,-7.1,929.0,-71.0,9290.0,-710.0,-29.48,70.52,-29.48,705.2,-294.8,7052.0,-2948.0,-55.86,44.14,-55.86,441.4,-558.6,4414.0,-5586.0,-81.0,19.0,-81.0,190.0,-810.0,1900.0,-8100.0,,,,,,,,,,,,,,,,,,,,,,
OKLO,Oklo Inc,AI,smr,NYSE,34.7,+0.21%,-3.26%,-12.99%,-55.40%,-77%*,6.455,1.215,,9.78,7427445,59612545,232491545,,20.52,buy,2.12,0.21,100.21,0.21,1002.1,2.1,10021.0,21.0,-3.26,96.74,-3.26,967.4,-32.6,9674.0,-326.0,-12.99,87.01,-12.99,870.1,-129.9,8701.0,-1299.0,-55.4,44.6,-55.4,446.0,-554.0,4460.0,-5540.0,-77.0,23.0,-77.0,230.0,-770.0,2300.0,-7700.0,,,,,,,,,,,,,,,,,,,,,,
NNE,NANO Nuclear Energy,AI,smr,NASDAQ,15.34,+0.52%,-1.79%,-11.64%,-44.44%,-67%*,0.823,5.478,,1.94,1580508,11039308,44644508,,34.89,buy,1.62,0.52,100.52,0.52,1005.2,5.2,10052.0,52.0,-1.79,98.21,-1.79,982.1,-17.9,9821.0,-179.0,-11.64,88.36,-11.64,883.6,-116.4,8836.0,-1164.0,-44.44,55.56,-44.44,555.6,-444.4,5556.0,-4444.0,-67.0,33.0,-67.0,330.0,-670.0,3300.0,-6700.0,,,,,,,,,,,,,,,,,,,,,,
CCJ,Cameco Corporation,AI,uranium,NYSE,88.06,+1.08%,+3.38%,-9.61%,-10.65%,+1%,38.354,1.141,149.25,3.27,1943096,18268096,70659096,20.0,,buy,1.57,1.08,101.08,1.08,1010.8,10.8,10108.0,108.0,3.38,103.38,3.38,1033.8,33.8,10338.0,338.0,-9.61,90.39,-9.61,903.9,-96.1,9039.0,-961.0,-10.65,89.35,-10.65,893.5,-106.5,8935.0,-1065.0,1.0,101.0,1.0,1010.0,10.0,10100.0,100.0,,,,,,,,,,,,,,,,,,,,,,
UEC,Uranium Energy Corp,AI,uranium,NYSE,9.19,+0.55%,-1.18%,-16.61%,-29.90%,-38%,4.555,1.387,,8.83,6438489,53145489,222849189,,14.57,buy,1.73,0.55,100.55,0.55,1005.5,5.5,10055.0,55.0,-1.18,98.82,-1.18,988.2,-11.8,9882.0,-118.0,-16.61,83.39,-16.61,833.9,-166.1,8339.0,-1661.0,-29.9,70.1,-29.9,701.0,-299.0,7010.0,-2990.0,-38.0,62.0,-38.0,620.0,-380.0,6200.0,-3800.0,,,,,,,,,,,,,,,,,,,,,,
LEU,Centrus Energy,AI,uranium,NYSE,142.44,+0.25%,+2.28%,-14.13%,-47.73%,-61%,2.914,1.536,66.56,0.73,572122,4378922,17322422,,27.66,buy,1.84,0.25,100.25,0.25,1002.5,2.5,10025.0,25.0,2.28,102.28,2.28,1022.8,22.8,10228.0,228.0,-14.13,85.87,-14.13,858.7,-141.3,8587.0,-1413.0,-47.73,52.27,-47.73,522.7,-477.3,5227.0,-4773.0,-61.0,39.0,-61.0,390.0,-610.0,3900.0,-6100.0,,,,,,,,,,,,,,,,,,,,,,
VRT,Vertiv Holdings,AI,power-infra,NYSE,242.78,-0.41%,-3.73%,-2.13%,+38.35%,+44%,93.467,2.048,54.93,5.23,3419680,23375080,111889580,10.0,3.68,strong_buy,1.37,-0.41,99.59,-0.41,995.9,-4.1,9959.0,-41.0,-3.73,96.27,-3.73,962.7,-37.3,9627.0,-373.0,-2.13,97.87,-2.13,978.7,-21.3,9787.0,-213.0,38.35,138.35,38.35,1383.5,383.5,13835.0,3835.0,44.0,144.0,44.0,1440.0,440.0,14400.0,4400.0,,,,,,,,,,,,,,,,,,,,,,
ETN,Eaton Corporation,AI,power-infra,NYSE,429.65,+1.21%,-1.48%,+5.01%,+32.37%,+15%,166.876,1.128,43.71,2.09,1632666,8917466,45503066,104.0,2.0,buy,1.57,1.21,101.21,1.21,1012.1,12.1,10121.0,121.0,-1.48,98.52,-1.48,985.2,-14.8,9852.0,-148.0,5.01,105.01,5.01,1050.1,50.1,10501.0,501.0,32.37,132.37,32.37,1323.7,323.7,13237.0,3237.0,15.0,115.0,15.0,1150.0,150.0,11500.0,1500.0,,,,,,,,,,,,,,,,,,,,,,
POWL,Powell Industries,AI,power-infra,NASDAQ,191.93,+1.41%,-2.13%,+8.50%,+63.54%,+89%,6.992,1.173,36.77,0.64,443582,2861782,11584882,19.0,9.75,buy,2.25,1.41,101.41,1.41,1014.1,14.1,10141.0,141.0,-2.13,97.87,-2.13,978.7,-21.3,9787.0,-213.0,8.5,108.5,8.5,1085.0,85.0,10850.0,850.0,63.54,163.54,63.54,1635.4,635.4,16354.0,6354.0,89.0,189.0,89.0,1890.0,890.0,18900.0,8900.0,,,,,,,,,,,,,,,,,,,,,,
EQIX,Equinix,AI,dc-operators,NASDAQ,1026.06,+1.47%,+0.03%,+0.22%,+36.33%,+26%,101.243,0.97,66.03,0.54,318078,2182978,10964778,204.0,1.97,strong_buy,1.5,1.47,101.47,1.47,1014.7,14.7,10147.0,147.0,0.03,100.03,0.03,1000.3,0.3,10003.0,3.0,0.22,100.22,0.22,1002.2,2.2,10022.0,22.0,36.33,136.33,36.33,1363.3,363.3,13633.0,3633.0,26.0,126.0,26.0,1260.0,260.0,12600.0,2600.0,,,,,,,,,,,,,,,,,,,,,,
DLR,Digital Realty,AI,dc-operators,NYSE,178.76,+1.53%,+0.12%,-2.90%,+17.67%,+4%,67.511,1.011,86.78,2.27,1288179,8988379,41452779,277.0,2.54,strong_buy,1.44,1.53,101.53,1.53,1015.3,15.3,10153.0,153.0,0.12,100.12,0.12,1001.2,1.2,10012.0,12.0,-2.9,97.1,-2.9,971.0,-29.0,9710.0,-290.0,17.67,117.67,17.67,1176.7,176.7,11767.0,1767.0,4.0,104.0,4.0,1040.0,40.0,10400.0,400.0,,,,,,,,,,,,,,,,,,,,,,
AMT,American Tower,AI,dc-operators,NYSE,182.24,+9.30%,+12.36%,+6.49%,+7.45%,-11%,84.917,0.885,25.07,2.62,8468306,20066406,67738806,429.0,1.5,buy,1.52,9.3,109.3,9.3,1093.0,93.0,10930.0,930.0,12.36,112.36,12.36,1123.6,123.6,11236.0,1236.0,6.49,106.49,6.49,1064.9,64.9,10649.0,649.0,7.45,107.45,7.45,1074.5,74.5,10745.0,745.0,-11.0,89.0,-11.0,890.0,-110.0,8900.0,-1100.0,,,,,,,,,,,,,,,,,,,,,,
GOOGL,Alphabet (Google),AI,hyperscalers,NASDAQ,351.66,+0.97%,+2.38%,+5.73%,+11.80%,+47%,4300.779,1.211,17.64,26.98,17231359,106000259,574177759,25.0,1.49,strong_buy,1.37,0.97,100.97,0.97,1009.7,9.7,10097.0,97.0,2.38,102.38,2.38,1023.8,23.8,10238.0,238.0,5.73,105.73,5.73,1057.3,57.3,10573.0,573.0,11.8,111.8,11.8,1118.0,118.0,11180.0,1180.0,47.0,147.0,47.0,1470.0,470.0,14700.0,4700.0,,,,,,,,,,,,,,,,,,,,,,
MSFT,Microsoft,AI,hyperscalers,NASDAQ,535.07,+2.38%,+3.39%,+8.66%,+13.85%,+2%,3973.187,1.099,29.81,27.69,17890995,102622195,477847395,75.0,0.91,strong_buy,1.29,2.38,102.38,2.38,1023.8,23.8,10238.0,238.0,3.39,103.39,3.39,1033.9,33.9,10339.0,339.0,8.66,108.66,8.66,1086.6,86.6,10866.0,866.0,13.85,113.85,13.85,1138.5,138.5,11385.0,1385.0,2.0,102.0,2.0,1020.0,20.0,10200.0,200.0,,,,,,,,,,,,,,,,,,,,,,
AMZN,Amazon,AI,hyperscalers,NASDAQ,262.43,+3.29%,+4.34%,+4.18%,+15.86%,+17%,2830.652,1.456,21.11,39.19,33510286,181780686,792212486,,0.83,strong_buy,1.33,3.29,103.29,3.29,1032.9,32.9,10329.0,329.0,4.34,104.34,4.34,1043.4,43.4,10434.0,434.0,4.18,104.18,4.18,1041.8,41.8,10418.0,418.0,15.86,115.86,15.86,1158.6,158.6,11586.0,1586.0,17.0,117.0,17.0,1170.0,170.0,11700.0,1700.0,,,,,,,,,,,,,,,,,,,,,,
META,Meta Platforms,AI,hyperscalers,NASDAQ,718.67,-0.31%,-1.29%,+11.62%,+10.78%,+2%,1830.816,1.185,27.08,19.06,12586094,69637194,472178094,29.0,1.41,strong_buy,1.41,-0.31,99.69,-0.31,996.9,-3.1,9969.0,-31.0,-1.29,98.71,-1.29,987.1,-12.9,9871.0,-129.0,11.62,111.62,11.62,1116.2,116.2,11162.0,1162.0,10.78,110.78,10.78,1107.8,107.8,11078.0,1078.0,2.0,102.0,2.0,1020.0,20.0,10200.0,200.0,,,,,,,,,,,,,6,strong_buy,0.85,"META +13.89% YTD, +20.54% 1M, strong_buy an_score 1.41, P/E 27.96 – hyperscaler AI spend beneficiary with strong momentum and low valuation relative to growth.",1M +20.54%; strong_buy consensus; P/E 27.96 reasonable; hyperscaler AI spend,,,,,
IREN,Iris Energy,AI,ai-compute,NASDAQ,35.19,-1.46%,-15.73%,-19.36%,-17.59%,-40%*,13.867,4.271,,42.78,37655795,215285695,813800995,,21.71,buy,1.6,-1.46,98.54,-1.46,985.4,-14.6,9854.0,-146.0,-15.73,84.27,-15.73,842.7,-157.3,8427.0,-1573.0,-19.36,80.64,-19.36,806.4,-193.6,8064.0,-1936.0,-17.59,82.41,-17.59,824.1,-175.9,8241.0,-1759.0,-40.0,60.0,-40.0,600.0,-400.0,6000.0,-4000.0,,,,,,,,,,,,,,,,,,,,,,
CORZ,Core Scientific,AI,ai-compute,NASDAQ,15.41,+0.33%,-6.32%,-11.28%,-3.63%,-17%*,4.952,5.481,,11.91,6922948,56073848,248576048,,22.21,strong_buy,1.32,0.33,100.33,0.33,1003.3,3.3,10033.0,33.0,-6.32,93.68,-6.32,936.8,-63.2,9368.0,-632.0,-11.28,88.72,-11.28,887.2,-112.8,8872.0,-1128.0,-3.63,96.37,-3.63,963.7,-36.3,9637.0,-363.0,-17.0,83.0,-17.0,830.0,-170.0,8300.0,-1700.0,,,,,,,,,,,,,,,,,,,,,,
WULF,TeraWulf,AI,ai-compute,NASDAQ,13.77,+0.88%,-11.10%,-14.68%,+8.08%,+1%*,6.871,4.251,,31.02,14870610,151227310,625035410,,28.55,strong_buy,1.29,0.88,100.88,0.88,1008.8,8.8,10088.0,88.0,-11.1,88.9,-11.1,889.0,-111.0,8890.0,-1110.0,-14.68,85.32,-14.68,853.2,-146.8,8532.0,-1468.0,8.08,108.08,8.08,1080.8,80.8,10808.0,808.0,1.0,101.0,1.0,1010.0,10.0,10100.0,100.0,,,,,,,,,,,,,,,,,,,,,,
HUT,Hut 8 Mining,AI,ai-compute,NASDAQ,84.27,+5.88%,-5.98%,-6.99%,+64.37%,+83%,10.387,5.916,,4.81,6362047,35871647,112508047,,14.79,strong_buy,1.35,5.88,105.88,5.88,1058.8,58.8,10588.0,588.0,-5.98,94.02,-5.98,940.2,-59.8,9402.0,-598.0,-6.99,93.01,-6.99,930.1,-69.9,9301.0,-699.0,64.37,164.37,64.37,1643.7,643.7,16437.0,6437.0,83.0,183.0,83.0,1830.0,830.0,18300.0,8300.0,,,,,,,,,,,,,,,,,,,,,,
SMCI,Super Micro Computer,AI,ai-compute,NASDAQ,41.85,-2.14%,-4.20%,+11.97%,+35.19%,-19%,27.497,2.009,12.84,44.44,27216188,156520388,799655188,,16.14,hold,2.94,-2.14,97.86,-2.14,978.6,-21.4,9786.0,-214.0,-4.2,95.8,-4.2,958.0,-42.0,9580.0,-420.0,11.97,111.97,11.97,1119.7,119.7,11197.0,1197.0,35.19,135.19,35.19,1351.9,351.9,13519.0,3519.0,-19.0,81.0,-19.0,810.0,-190.0,8100.0,-1900.0,,,,,,,,,,,,,,,,,,,,,,
DELL,Dell Technologies,AI,ai-compute,NYSE,586.06,+1.96%,+4.18%,+15.68%,+362.77%,+282%,372.625,1.442,34.07,7.47,5273949,24036349,169785649,44.0,4.68,buy,1.86,1.96,101.96,1.96,1019.6,19.6,10196.0,196.0,4.18,104.18,4.18,1041.8,41.8,10418.0,418.0,15.68,115.68,15.68,1156.8,156.8,11568.0,1568.0,362.77,462.77,362.77,4627.7,3627.7,46277.0,36277.0,282.0,382.0,282.0,3820.0,2820.0,38200.0,28200.0,,,,,,,,,,,,,,,,,,,,,,
COHR,Coherent Corp,AI,fibre-optical,NYSE,312.62,+2.40%,-7.25%,+6.63%,+60.87%,+172%,61.222,2.113,73.38,6.44,8092549,34769549,154682049,,6.09,buy,1.58,2.4,102.4,2.4,1024.0,24.0,10240.0,240.0,-7.25,92.75,-7.25,927.5,-72.5,9275.0,-725.0,6.63,106.63,6.63,1066.3,66.3,10663.0,663.0,60.87,160.87,60.87,1608.7,608.7,16087.0,6087.0,172.0,272.0,172.0,2720.0,1720.0,27200.0,17200.0,,,,,,,,,,,,,,,,,,,,,,
LITE,Lumentum Holdings,AI,fibre-optical,NASDAQ,1103.35,+5.22%,+1.65%,+17.92%,+185.76%,+601%,99.944,1.536,,4.65,5235815,20752815,103191015,,7.86,strong_buy,1.5,5.22,105.22,5.22,1052.2,52.2,10522.0,522.0,1.65,101.65,1.65,1016.5,16.5,10165.0,165.0,17.92,117.92,17.92,1179.2,179.2,11792.0,1792.0,185.76,285.76,185.76,2857.6,1857.6,28576.0,18576.0,601.0,701.0,601.0,7010.0,6010.0,70100.0,60100.0,,,,,,,,,,,,,,,,,,,,,,
AAOI,Applied Optoelectronics,AI,fibre-optical,NASDAQ,109.64,+3.53%,-5.15%,+6.15%,+176.87%,+290%,9.309,3.843,,9.62,14448250,66512550,192167150,,15.02,none,,3.53,103.53,3.53,1035.3,35.3,10353.0,353.0,-5.15,94.85,-5.15,948.5,-51.5,9485.0,-515.0,6.15,106.15,6.15,1061.5,61.5,10615.0,615.0,176.87,276.87,176.87,2768.7,1768.7,27687.0,17687.0,290.0,390.0,290.0,3900.0,2900.0,39000.0,29000.0,,,,,,,,,,,,,,,,,,,,,,
FN,Fabrinet,AI,fibre-optical,NYSE,486.28,-0.35%,+4.87%,+20.38%,+1.43%,+35%,17.425,1.223,37.26,0.87,689978,4950078,18032278,,5.69,none,,-0.35,99.65,-0.35,996.5,-3.5,9965.0,-35.0,4.87,104.87,4.87,1048.7,48.7,10487.0,487.0,20.38,120.38,20.38,1203.8,203.8,12038.0,2038.0,1.43,101.43,1.43,1014.3,14.3,10143.0,143.0,35.0,135.0,35.0,1350.0,350.0,13500.0,3500.0,,,,,,,,,,,,,7,buy,0.75,"FN +2.03% YTD, but +17.50% 1M and +15.34% 1W with buy consensus; P/E 37.48 reasonable for fibre-optical AI connectivity play – recent momentum surge.",1M +17.50%; 1W +15.34%; P/E 37.48 attractive; fibre-optical growth catalyst,,,,,
MTSI,MACOM Technology,AI,dsp-semi,NASDAQ,330.06,+2.44%,+2.63%,+21.15%,+88.65%,+164%,25.206,1.764,105.11,1.36,1219452,7103552,29871052,,4.35,buy,1.56,2.44,102.44,2.44,1024.4,24.4,10244.0,244.0,2.63,102.63,2.63,1026.3,26.3,10263.0,263.0,21.15,121.15,21.15,1211.5,211.5,12115.0,2115.0,88.65,188.65,88.65,1886.5,886.5,18865.0,8865.0,164.0,264.0,164.0,2640.0,1640.0,26400.0,16400.0,,,,,,,,,,,,,5,buy,0.8,"MTSI +100.43% YTD, +27.61% 1M; buy consensus with strong DSP/semi tailwinds; P/E 111.68 reflects premium but justified by 1W +23.36% acceleration.",1M +27.61%; 1W +23.36%; YTD +100.43%; DSP/semi growth,,,,,
SMTC,Semtech,AI,dsp-semi,NASDAQ,187.3,-0.10%,-3.89%,+17.70%,+148.87%,+187%,17.48,2.415,124.04,2.94,2508859,12444359,71478559,,8.53,strong_buy,1.19,-0.1,99.9,-0.1,999.0,-1.0,9990.0,-10.0,-3.89,96.11,-3.89,961.1,-38.9,9611.0,-389.0,17.7,117.7,17.7,1177.0,177.0,11770.0,1770.0,148.87,248.87,148.87,2488.7,1488.7,24887.0,14887.0,187.0,287.0,187.0,2870.0,1870.0,28700.0,18700.0,,,,,,,,,,,,,2,strong_buy,0.88,"SMTC +162.02% YTD, +21.26% 1M, best an_score 1.19 (strong_buy), P/E 130.6 – high growth justified by DSP/semi demand in AI infrastructure.",strong_buy consensus; 1M +21.26%; YTD +162.02%; lowest an_score 1.19,,,,,
CRDO,Credo Technology,AI,dsp-semi,NASDAQ,216.55,+2.21%,-0.96%,+35.08%,+51.20%,+53%,40.701,3.249,76.79,6.94,6294335,38133935,186368335,,5.14,strong_buy,1.35,2.21,102.21,2.21,1022.1,22.1,10221.0,221.0,-0.96,99.04,-0.96,990.4,-9.6,9904.0,-96.0,35.08,135.08,35.08,1350.8,350.8,13508.0,3508.0,51.2,151.2,51.2,1512.0,512.0,15120.0,5120.0,53.0,153.0,53.0,1530.0,530.0,15300.0,5300.0,,,,,,,,,,,,,3,strong_buy,0.9,"CRDO +54.19% YTD, +31.64% 1M; revenue +115% YoY, trades at 31x forward earnings vs. peers over 60x – steep discount and strong buy consensus (24/7 Wall St.).",1M +31.64%; strong_buy consensus; revenue +115% YoY; forward P/E discount to peers,,,,,
MXL,MaxLinear,AI,dsp-semi,NASDAQ,96.16,+2.63%,-9.22%,+38.68%,+419.50%,+554%,8.721,3.94,,3.08,2888364,14900364,68940864,,7.46,buy,1.82,2.63,102.63,2.63,1026.3,26.3,10263.0,263.0,-9.22,90.78,-9.22,907.8,-92.2,9078.0,-922.0,38.68,138.68,38.68,1386.8,386.8,13868.0,3868.0,419.5,519.5,419.5,5195.0,4195.0,51950.0,41950.0,554.0,654.0,554.0,6540.0,5540.0,65400.0,55400.0,,,,,,,,,,,,,9,strong_buy,1.0,"MXL +490.49% YTD, +64.36% 1M; no P/E yet but buy consensus at an_score 1.82 – extreme momentum in DSP/semi needs to be traded carefully.",YTD +490.49%; 1M +64.36%; buy consensus; DSP/semi momentum,,,,,
KEYS,Keysight Technologies,AI,test-equip,NYSE,382.75,+2.16%,-0.49%,+17.53%,+85.27%,+135%,65.161,1.177,51.79,1.24,899509,6262209,24993609,,1.59,buy,1.58,2.16,102.16,2.16,1021.6,21.6,10216.0,216.0,-0.49,99.51,-0.49,995.1,-4.9,9951.0,-49.0,17.53,117.53,17.53,1175.3,175.3,11753.0,1753.0,85.27,185.27,85.27,1852.7,852.7,18527.0,8527.0,135.0,235.0,135.0,2350.0,1350.0,23500.0,13500.0,,,,,,,,,,,,,,,,,,,,,,
VIAV,Viavi Solutions,AI,test-equip,NASDAQ,45.46,+3.11%,-3.48%,+21.55%,+150.47%,+259%,11.179,1.213,,5.03,2779068,19884668,124801668,,6.33,strong_buy,1.38,3.11,103.11,3.11,1031.1,31.1,10311.0,311.0,-3.48,96.52,-3.48,965.2,-34.8,9652.0,-348.0,21.55,121.55,21.55,1215.5,215.5,12155.0,2155.0,150.47,250.47,150.47,2504.7,1504.7,25047.0,15047.0,259.0,359.0,259.0,3590.0,2590.0,35900.0,25900.0,,,,,,,,,,,,,4,strong_buy,0.854,"VIAV +165.23% YTD, +24.23% 1M, strong_buy an_score 1.38, test-equip plays critical role in validating AI optics – no P/E yet but momentum extremely strong.",YTD +165.23%; strong_buy consensus; 1M +24.23%; test-equip AI enabler,,,,,
AXTI,AXT Inc,AI,materials,NASDAQ,68.46,-4.47%,-20.27%,+5.81%,+308.47%,+1678%,4.489,1.86,1711.5,9.83,8728062,36285962,182100162,,14.03,none,,-4.47,95.53,-4.47,955.3,-44.7,9553.0,-447.0,-20.27,79.73,-20.27,797.3,-202.7,7973.0,-2027.0,5.81,105.81,5.81,1058.1,58.1,10581.0,581.0,308.47,408.47,308.47,4084.7,3084.7,40847.0,30847.0,1678.0,1778.0,1678.0,17780.0,16780.0,177800.0,167800.0,,,,,,,,,,,,,10,strong_buy,0.923,"AXTI +401.55% YTD, +20.85% 1M; no analyst rating but extreme price action in materials – P/E 2101.5 risky but short-term momentum is compelling.",YTD +401.55%; 1M +20.85%; materials AI enabler; extreme momentum,,,,,
AMGN,Amgen,Biotech,large-cap,NASDAQ,414.87,+1.82%,+2.94%,+8.47%,+29.21%,+40%,224.292,0.407,25.77,2.74,2009199,11764199,66916499,247.0,2.6,hold,2.65,1.82,101.82,1.82,1018.2,18.2,10182.0,182.0,2.94,102.94,2.94,1029.4,29.4,10294.0,294.0,8.47,108.47,8.47,1084.7,84.7,10847.0,847.0,29.21,129.21,29.21,1292.1,292.1,12921.0,2921.0,40.0,140.0,40.0,1400.0,400.0,14000.0,4000.0,,,,,,,,,,,,,3,buy,0.75,"YTD +25.39%, P/E 25.01, dividend yield 2.5%, positive Sjogren's phase 3 data and raised FY2026 guidance [ad-hoc-news.de](https://www.ad-hoc-news.de/boerse/news/corporate-news/amgen-announces-sjogren-s-trial-results-amgen-stock-gains-1-59-percent/70256106).",YTD +25%; positive clinical catalyst; raised guidance; low beta 0.41,,,,,
GILD,Gilead Sciences,Biotech,large-cap,NASDAQ,151.17,+2.77%,+4.44%,+4.98%,+26.55%,+26%,187.444,0.332,,5.99,5333423,24780623,126335423,223.0,1.48,buy,1.68,2.77,102.77,2.77,1027.7,27.7,10277.0,277.0,4.44,104.44,4.44,1044.4,44.4,10444.0,444.0,4.98,104.98,4.98,1049.8,49.8,10498.0,498.0,26.55,126.55,26.55,1265.5,265.5,12655.0,2655.0,26.0,126.0,26.0,1260.0,260.0,12600.0,2600.0,,,,,,,,,,,,,7,buy,0.65,"YTD +20.74%, analyst buy with score 1.70, low short 1.48%, large-cap stability.",YTD +20.7%; analyst buy; low short interest; large-cap,,,,,
REGN,Regeneron Pharmaceuticals,Biotech,large-cap,NASDAQ,746.54,+0.94%,+1.54%,-5.89%,-3.46%,+31%,76.861,0.153,18.46,0.74,466002,2902502,16267002,51.0,2.6,buy,1.85,0.94,100.94,0.94,1009.4,9.4,10094.0,94.0,1.54,101.54,1.54,1015.4,15.4,10154.0,154.0,-5.89,94.11,-5.89,941.1,-58.9,9411.0,-589.0,-3.46,96.54,-3.46,965.4,-34.6,9654.0,-346.0,31.0,131.0,31.0,1310.0,310.0,13100.0,3100.0,,,,,,,,,,,,,,,,,,,,,,
VRTX,Vertex Pharmaceuticals,Biotech,large-cap,NASDAQ,510.08,+1.36%,+1.06%,-0.87%,+12.82%,+23%,129.285,0.281,29.71,1.15,1469287,5453787,22772887,,2.1,buy,1.62,1.36,101.36,1.36,1013.6,13.6,10136.0,136.0,1.06,101.06,1.06,1010.6,10.6,10106.0,106.0,-0.87,99.13,-0.87,991.3,-8.7,9913.0,-87.0,12.82,112.82,12.82,1128.2,128.2,11282.0,1282.0,23.0,123.0,23.0,1230.0,230.0,12300.0,2300.0,,,,,,,,,,,,,8,buy,0.6,"YTD +11.10%, P/E 29.26, analyst buy with score 1.62, low short 2.1%.",YTD +11.1%; analyst buy; low short; P/E 29,,,,,
BIIB,Biogen,Biotech,large-cap,NASDAQ,225.71,+3.33%,+2.65%,+4.77%,+26.93%,+49%,33.35,0.092,40.09,1.06,814919,5411419,24996519,,4.39,buy,1.89,3.33,103.33,3.33,1033.3,33.3,10333.0,333.0,2.65,102.65,2.65,1026.5,26.5,10265.0,265.0,4.77,104.77,4.77,1047.7,47.7,10477.0,477.0,26.93,126.93,26.93,1269.3,269.3,12693.0,2693.0,49.0,149.0,49.0,1490.0,490.0,14900.0,4900.0,,,,,,,,,,,,,4,buy,0.7,"YTD +25.35%, 1M +4.89%, analyst buy with score 1.89, low short 4.39%, P/E 39.59.",YTD +25%; 1M momentum +4.9%; analyst buy; low short interest,,,,,
BMY,Bristol-Myers Squibb,Biotech,large-cap,NYSE,59.12,-0.77%,-3.32%,-6.30%,+14.16%,+36%,120.765,0.184,13.02,11.3,9252193,62537293,281408993,423.0,2.06,buy,2.5,-0.77,99.23,-0.77,992.3,-7.7,9923.0,-77.0,-3.32,96.68,-3.32,966.8,-33.2,9668.0,-332.0,-6.3,93.7,-6.3,937.0,-63.0,9370.0,-630.0,14.16,114.16,14.16,1141.6,141.6,11416.0,1416.0,36.0,136.0,36.0,1360.0,360.0,13600.0,3600.0,,,,,,,,,,,,,10,buy,0.55,"YTD +15.07%, P/E 13.13, dividend yield 4.23%, low short 2.06%, value play.",YTD +15%; low P/E 13; high dividend 4.23%; low short,,,,,
AZN,AstraZeneca,Biotech,uk-listed,LSE,158.77,+0.89%,+1.08%,+2.99%,-11.71%,-5%,2.463,0.212,24.04,3.37,4450306,12257022,71377231,201.0,,buy,1.72,0.89,100.89,0.89,1008.9,8.9,10089.0,89.0,1.08,101.08,1.08,1010.8,10.8,10108.0,108.0,2.99,102.99,2.99,1029.9,29.9,10299.0,299.0,-11.71,88.29,-11.71,882.9,-117.1,8829.0,-1171.0,-5.0,95.0,-5.0,950.0,-50.0,9500.0,-500.0,,,,,,,,,,,,,,,,,,,,,,
GSK,GSK,Biotech,uk-listed,LSE,23.16,+0.55%,-1.66%,-2.97%,-4.43%,+7%,0.928,0.28,14.83,6.78,6854112,37157714,155449207,392.0,,hold,2.52,0.55,100.55,0.55,1005.5,5.5,10055.0,55.0,-1.66,98.34,-1.66,983.4,-16.6,9834.0,-166.0,-2.97,97.03,-2.97,970.3,-29.7,9703.0,-297.0,-4.43,95.57,-4.43,955.7,-44.3,9557.0,-443.0,7.0,107.0,7.0,1070.0,70.0,10700.0,700.0,,,,,,,,,,,,,,,,,,,,,,
CRSP,CRISPR Therapeutics,Biotech,gene-editing,NASDAQ,53.39,+5.85%,-3.68%,+2.16%,-0.71%,-31%,5.162,1.759,,1.62,1465256,10331956,39279156,,22.58,buy,2.05,5.85,105.85,5.85,1058.5,58.5,10585.0,585.0,-3.68,96.32,-3.68,963.2,-36.8,9632.0,-368.0,2.16,102.16,2.16,1021.6,21.6,10216.0,216.0,-0.71,99.29,-0.71,992.9,-7.1,9929.0,-71.0,-31.0,69.0,-31.0,690.0,-310.0,6900.0,-3100.0,,,,,,,,,,,,,,,,,,,,,,
BEAM,Beam Therapeutics,Biotech,gene-editing,NASDAQ,25.7,+4.47%,+4.90%,+5.46%,-5.31%,-7%,2.655,2.201,,1.91,1798758,11082958,41569958,,38.75,strong_buy,1.33,4.47,104.47,4.47,1044.7,44.7,10447.0,447.0,4.9,104.9,4.9,1049.0,49.0,10490.0,490.0,5.46,105.46,5.46,1054.6,54.6,10546.0,546.0,-5.31,94.69,-5.31,946.9,-53.1,9469.0,-531.0,-7.0,93.0,-7.0,930.0,-70.0,9300.0,-700.0,,,,,,,,,,,,,,,,,,,,,,
NTLA,Intellia Therapeutics,Biotech,gene-editing,NASDAQ,13.07,+3.73%,+6.61%,+9.56%,+41.91%,-49%,1.831,1.801,,4.26,8137939,43322139,121538439,,41.97,buy,2.35,3.73,103.73,3.73,1037.3,37.3,10373.0,373.0,6.61,106.61,6.61,1066.1,66.1,10661.0,661.0,9.56,109.56,9.56,1095.6,95.6,10956.0,956.0,41.91,141.91,41.91,1419.1,419.1,14191.0,4191.0,-49.0,51.0,-49.0,510.0,-490.0,5100.0,-4900.0,,,,,,,,,,,,,,,,,,,,,,
EDIT,Editas Medicine,Biotech,gene-editing,NASDAQ,2.9,+2.11%,+10.69%,+9.43%,+41.46%,-24%*,0.446,2.0,,2.51,3087035,17398235,73563235,,19.54,buy,1.77,2.11,102.11,2.11,1021.1,21.1,10211.0,211.0,10.69,110.69,10.69,1106.9,106.9,11069.0,1069.0,9.43,109.43,9.43,1094.3,94.3,10943.0,943.0,41.46,141.46,41.46,1414.6,414.6,14146.0,4146.0,-24.0,76.0,-24.0,760.0,-240.0,7600.0,-2400.0,,,,,,,,,,,,,,,,,,,,,,
ILMN,Illumina,Biotech,genomics,NASDAQ,278.17,+5.14%,+1.88%,+38.21%,+107.05%,+182%,42.003,1.416,51.9,2.69,1893926,16615526,94737726,,11.47,buy,2.43,5.14,105.14,5.14,1051.4,51.4,10514.0,514.0,1.88,101.88,1.88,1018.8,18.8,10188.0,188.0,38.21,138.21,38.21,1382.1,382.1,13821.0,3821.0,107.05,207.05,107.05,2070.5,1070.5,20705.0,10705.0,182.0,282.0,182.0,2820.0,1820.0,28200.0,18200.0,,,,,,,,,,,,,6,buy,0.65,"YTD +103.60%, 1M +29.60%, analyst buy, but P/E 51.03 and short 11.47% indicate valuation risk; pullback may offer entry [kalkine.com](https://kalkine.com/news/healthcare/illumina-nasdaqilmn-stock-why-shares-pulled-back-after-a-52-week-high).",YTD +103%; 1M momentum +29.6%; analyst buy; technical pullback,,,,,
PACB,Pacific Biosciences,Biotech,genomics,NASDAQ,2.33,+1.30%,-8.27%,+83.46%,+26.63%,+62%*,0.724,2.194,,10.39,12784658,130646458,388555158,,18.08,buy,2.12,1.3,101.3,1.3,1013.0,13.0,10130.0,130.0,-8.27,91.73,-8.27,917.3,-82.7,9173.0,-827.0,83.46,183.46,83.46,1834.6,834.6,18346.0,8346.0,26.63,126.63,26.63,1266.3,266.3,12663.0,2663.0,62.0,162.0,62.0,1620.0,620.0,16200.0,6200.0,,,,,,,,,,,,,9,buy,0.55,"1M +104.55%, 1W +47.54%, YTD +46.74%, analyst buy, but loss-making and high short 18.08%; AI partnership catalyst [stocktwits.com](https://stocktwits.com/news-articles/markets/equity/pac-bio-deepens-ai-drug-discovery-push-with-tycho-bio-deal-pacb-stock-takes-a-breather-after-103-rally/cZDteWARBld).",1M +104%; AI partnership catalyst; analyst buy; high momentum,,,,,
NTRA,Natera,Biotech,genomics,NASDAQ,400.71,+2.54%,-2.35%,+22.86%,+75.10%,+131%,57.76,1.499,,1.45,1011243,10790843,41553543,,3.43,strong_buy,1.39,2.54,102.54,2.54,1025.4,25.4,10254.0,254.0,-2.35,97.65,-2.35,976.5,-23.5,9765.0,-235.0,22.86,122.86,22.86,1228.6,228.6,12286.0,2286.0,75.1,175.1,75.1,1751.0,751.0,17510.0,7510.0,131.0,231.0,131.0,2310.0,1310.0,23100.0,13100.0,,,,,,,,,,,,,1,strong_buy,0.85,"YTD +75.08%, 1M +23.60%, analyst strong_buy with score 1.39, low short interest 3.43%.",YTD +75%; strong_buy consensus; low short interest; 1M momentum +23.6%,,,,,
RXRX,Recursion Pharmaceuticals,Biotech,genomics,NASDAQ,4.36,+10.38%,+5.83%,+37.97%,+3.81%,-26%*,2.338,1.032,,20.7,35308952,245322552,615760252,,34.95,none,,10.38,110.38,10.38,1103.8,103.8,11038.0,1038.0,5.83,105.83,5.83,1058.3,58.3,10583.0,583.0,37.97,137.97,37.97,1379.7,379.7,13797.0,3797.0,3.81,103.81,3.81,1038.1,38.1,10381.0,381.0,-26.0,74.0,-26.0,740.0,-260.0,7400.0,-2600.0,,,,,,,,,,,,,,,,,,,,,,
INCY,Incyte,Biotech,oncology,NASDAQ,112.79,+0.39%,-2.18%,-8.51%,+11.21%,+35%,22.863,0.739,14.37,1.63,1122122,8732122,37521322,,8.39,buy,2.25,0.39,100.39,0.39,1003.9,3.9,10039.0,39.0,-2.18,97.82,-2.18,978.2,-21.8,9782.0,-218.0,-8.51,91.49,-8.51,914.9,-85.1,9149.0,-851.0,11.21,111.21,11.21,1112.1,112.1,11121.0,1121.0,35.0,135.0,35.0,1350.0,350.0,13500.0,3500.0,,,,,,,,,,,,,,,,,,,,,,
EXEL,Exelixis,Biotech,oncology,NASDAQ,59.86,+1.42%,+2.52%,+4.23%,+37.36%,+55%,14.832,0.466,18.88,2.34,2665498,12337698,48907598,,14.56,buy,2.33,1.42,101.42,1.42,1014.2,14.2,10142.0,142.0,2.52,102.52,2.52,1025.2,25.2,10252.0,252.0,4.23,104.23,4.23,1042.3,42.3,10423.0,423.0,37.36,137.36,37.36,1373.6,373.6,13736.0,3736.0,55.0,155.0,55.0,1550.0,550.0,15500.0,5500.0,,,,,,,,,,,,,5,buy,0.7,"YTD +33.85%, P/E 18.58, analyst buy with score 2.33, reasonable valuation in oncology.",YTD +33.85%; P/E 18.6; analyst buy; oncology focus,,,,,
ALNY,Alnylam Pharmaceuticals,Biotech,oncology,NASDAQ,232.68,+3.63%,+5.90%,-5.99%,-41.85%,-51%,31.135,0.269,37.83,1.78,859922,6333122,29366422,,7.16,buy,1.69,3.63,103.63,3.63,1036.3,36.3,10363.0,363.0,5.9,105.9,5.9,1059.0,59.0,10590.0,590.0,-5.99,94.01,-5.99,940.1,-59.9,9401.0,-599.0,-41.85,58.15,-41.85,581.5,-418.5,5815.0,-4185.0,-51.0,49.0,-51.0,490.0,-510.0,4900.0,-5100.0,,,,,,,,,,,,,,,,,,,,,,
RCUS,Arcus Biosciences,Biotech,oncology,NYSE,24.41,+1.75%,-0.12%,-6.65%,+4.81%,+63%*,3.07,0.938,,1.34,795186,6476886,38078686,,17.71,strong_buy,1.31,1.75,101.75,1.75,1017.5,17.5,10175.0,175.0,-0.12,99.88,-0.12,998.8,-1.2,9988.0,-12.0,-6.65,93.35,-6.65,933.5,-66.5,9335.0,-665.0,4.81,104.81,4.81,1048.1,48.1,10481.0,481.0,63.0,163.0,63.0,1630.0,630.0,16300.0,6300.0,,,,,,,,,,,,,,,,,,,,,,
MRNA,Moderna,Biotech,mrna,NASDAQ,225.0,+14.21%,+18.41%,+64.69%,+629.10%,+634%,89.828,1.095,,17.95,28817183,118965483,376206683,,10.06,hold,2.83,14.21,114.21,14.21,1142.1,142.1,11421.0,1421.0,18.41,118.41,18.41,1184.1,184.1,11841.0,1841.0,64.69,164.69,64.69,1646.9,646.9,16469.0,6469.0,629.1,729.1,629.1,7291.0,6291.0,72910.0,62910.0,634.0,734.0,634.0,7340.0,6340.0,73400.0,63400.0,,,,,,,,,,,,,,,,,,,,,,
BNTX,BioNTech,Biotech,mrna,NASDAQ,96.96,+5.32%,+0.06%,+0.58%,+0.28%,-10%,24.357,1.252,,1.16,1288850,5658150,19923750,,3.48,buy,1.71,5.32,105.32,5.32,1053.2,53.2,10532.0,532.0,0.06,100.06,0.06,1000.6,0.6,10006.0,6.0,0.58,100.58,0.58,1005.8,5.8,10058.0,58.0,0.28,100.28,0.28,1002.8,2.8,10028.0,28.0,-10.0,90.0,-10.0,900.0,-100.0,9000.0,-1000.0,,,,,,,,,,,,,,,,,,,,,,
NVAX,Novavax,Biotech,mrna,NASDAQ,12.75,+15.80%,+21.89%,+37.10%,+78.82%,+32%*,2.103,2.435,,5.21,18978090,81682490,171243490,,30.43,buy,2.33,15.8,115.8,15.8,1158.0,158.0,11580.0,1580.0,21.89,121.89,21.89,1218.9,218.9,12189.0,2189.0,37.1,137.1,37.1,1371.0,371.0,13710.0,3710.0,78.82,178.82,78.82,1788.2,788.2,17882.0,7882.0,32.0,132.0,32.0,1320.0,320.0,13200.0,3200.0,,,,,,,,,,,,,,,,,,,,,,
BMRN,BioMarin Pharmaceutical,Biotech,rare-disease,NASDAQ,54.8,-0.17%,-4.17%,-16.36%,-7.83%,+5%,10.606,0.215,148.09,2.04,2146354,13450654,48170654,,5.22,buy,1.74,-0.17,99.83,-0.17,998.3,-1.7,9983.0,-17.0,-4.17,95.83,-4.17,958.3,-41.7,9583.0,-417.0,-16.36,83.64,-16.36,836.4,-163.6,8364.0,-1636.0,-7.83,92.17,-7.83,921.7,-78.3,9217.0,-783.0,5.0,105.0,5.0,1050.0,50.0,10500.0,500.0,,,,,,,,,,,,,,,,,,,,,,
SRPT,Sarepta Therapeutics,Biotech,rare-disease,NASDAQ,17.85,-1.98%,+2.00%,-13.01%,-16.24%,-18%,1.886,0.375,,2.99,3014127,14290527,57972927,,28.86,hold,2.75,-1.98,98.02,-1.98,980.2,-19.8,9802.0,-198.0,2.0,102.0,2.0,1020.0,20.0,10200.0,200.0,-13.01,86.99,-13.01,869.9,-130.1,8699.0,-1301.0,-16.24,83.76,-16.24,837.6,-162.4,8376.0,-1624.0,-18.0,82.0,-18.0,820.0,-180.0,8200.0,-1800.0,,,,,,,,,,,,,,,,,,,,,,
COAG,Hemab Therapeutics,Biotech,rare-disease,NASDAQ,31.62,+2.36%,+1.64%,-20.71%,-7.00%,-9%,1.477,,,0.46,619069,2343969,13727169,,,none,,2.36,102.36,2.36,1023.6,23.6,10236.0,236.0,1.64,101.64,1.64,1016.4,16.4,10164.0,164.0,-20.71,79.29,-20.71,792.9,-207.1,7929.0,-2071.0,-7.0,93.0,-7.0,930.0,-70.0,9300.0,-700.0,-9.0,91.0,-9.0,910.0,-90.0,9100.0,-900.0,,,,,,,,,,,,,,,,,,,,,,
NVO,Novo Nordisk,Biotech,metabolic,NYSE,38.64,+1.31%,+3.54%,-12.20%,-22.56%,-33%,170.571,0.384,9.45,12.64,9381643,67252243,322930943,471.0,0.83,hold,2.71,1.31,101.31,1.31,1013.1,13.1,10131.0,131.0,3.54,103.54,3.54,1035.4,35.4,10354.0,354.0,-12.2,87.8,-12.2,878.0,-122.0,8780.0,-1220.0,-22.56,77.44,-22.56,774.4,-225.6,7744.0,-2256.0,-33.0,67.0,-33.0,670.0,-330.0,6700.0,-3300.0,,,,,,,,,,,,,,,,,,,,,,
LLY,Eli Lilly,Biotech,metabolic,NYSE,1179.27,+1.21%,+3.19%,+5.01%,+9.68%,+40%,1051.604,0.453,39.26,2.49,1384899,10886499,49334999,59.0,0.84,buy,1.63,1.21,101.21,1.21,1012.1,12.1,10121.0,121.0,3.19,103.19,3.19,1031.9,31.9,10319.0,319.0,5.01,105.01,5.01,1050.1,50.1,10501.0,501.0,9.68,109.68,9.68,1096.8,96.8,10968.0,968.0,40.0,140.0,40.0,1400.0,400.0,14000.0,4000.0,,,,,,,,,,,,,2,buy,0.8,"YTD +7.66%, P/E 38.38, analyst buy with score 1.63, low short 0.84%, mega-cap metabolic leader.",YTD +7.66%; analyst buy; low short interest; mega-cap stability,,,,,
LEGN,Legend Biotech,Biotech,neuroscience,NASDAQ,18.62,-0.48%,+0.27%,-2.97%,-13.44%,-41%,3.622,0.573,,2.37,1387403,8215303,51606803,,17.8,buy,2.15,-0.48,99.52,-0.48,995.2,-4.8,9952.0,-48.0,0.27,100.27,0.27,1002.7,2.7,10027.0,27.0,-2.97,97.03,-2.97,970.3,-29.7,9703.0,-297.0,-13.44,86.56,-13.44,865.6,-134.4,8656.0,-1344.0,-41.0,59.0,-41.0,590.0,-410.0,5900.0,-4100.0,,,,,,,,,,,,,,,,,,,,,,
IONS,Ionis Pharmaceuticals,Biotech,neuroscience,NASDAQ,45.28,+4.57%,+4.00%,-18.63%,-43.17%,-38%,7.524,0.382,,3.51,4862012,16218012,93180412,,16.65,buy,1.79,4.57,104.57,4.57,1045.7,45.7,10457.0,457.0,4.0,104.0,4.0,1040.0,40.0,10400.0,400.0,-18.63,81.37,-18.63,813.7,-186.3,8137.0,-1863.0,-43.17,56.83,-43.17,568.3,-431.7,5683.0,-4317.0,-38.0,62.0,-38.0,620.0,-380.0,6200.0,-3800.0,,,,,,,,,,,,,,,,,,,,,,
BTC,Bitcoin,Crypto,bitcoin,Crypto,82534.363182,+0.96%,-2.30%,+5.36%,-5.70%,-6%,1658.601,,,28433.06,26322309482,199031423188,961735116278,,,,,0.96,100.96,0.96,1009.6,9.6,10096.0,96.0,-2.3,97.7,-2.3,977.0,-23.0,9770.0,-230.0,5.36,105.36,5.36,1053.6,53.6,10536.0,536.0,-5.7,94.3,-5.7,943.0,-57.0,9430.0,-570.0,-6.0,94.0,-6.0,940.0,-60.0,9400.0,-600.0,,,,,,,,,,,,,,,,,,,,,,
ETH,Ethereum,Crypto,layer1,Crypto,2485.123597,+0.35%,-6.83%,+0.63%,-16.23%,-16%,303.481,,,11789.62,9237247812,82527355906,433750108649,,,,,0.35,100.35,0.35,1003.5,3.5,10035.0,35.0,-6.83,93.17,-6.83,931.7,-68.3,9317.0,-683.0,0.63,100.63,0.63,1006.3,6.3,10063.0,63.0,-16.23,83.77,-16.23,837.7,-162.3,8377.0,-1623.0,-16.0,84.0,-16.0,840.0,-160.0,8400.0,-1600.0,,,,,,,,,,,,,,,,,,,,,,
SOL,Solana,Crypto,layer1,Crypto,108.937826,-0.40%,-8.12%,+7.34%,-12.51%,-13%,64.139,,,2798.06,2837921218,19586403333,111890934685,,,,,-0.4,99.6,-0.4,996.0,-4.0,9960.0,-40.0,-8.12,91.88,-8.12,918.8,-81.2,9188.0,-812.0,7.34,107.34,7.34,1073.4,73.4,10734.0,734.0,-12.51,87.49,-12.51,874.9,-125.1,8749.0,-1251.0,-13.0,87.0,-13.0,870.0,-130.0,8700.0,-1300.0,,,,,,,,,,,,,,,,,,,,,,
BNB,BNB,Crypto,layer1,Crypto,741.512287,+0.77%,-3.49%,+2.53%,-14.09%,-14%,98.739,,,822.37,711566592,5756617417,29215969321,,,,,0.77,100.77,0.77,1007.7,7.7,10077.0,77.0,-3.49,96.51,-3.49,965.1,-34.9,9651.0,-349.0,2.53,102.53,2.53,1025.3,25.3,10253.0,253.0,-14.09,85.91,-14.09,859.1,-140.9,8591.0,-1409.0,-14.0,86.0,-14.0,860.0,-140.0,8600.0,-1400.0,,,,,,,,,,,,,,,,,,,,,,
ADA,Cardano,Crypto,layer1,Crypto,0.243117,+4.61%,-0.54%,+14.53%,-26.92%,-27%,8.946,,,619.91,410692982,4339377469,16776624215,,,,,4.61,104.61,4.61,1046.1,46.1,10461.0,461.0,-0.54,99.46,-0.54,994.6,-5.4,9946.0,-54.0,14.53,114.53,14.53,1145.3,145.3,11453.0,1453.0,-26.92,73.08,-26.92,730.8,-269.2,7308.0,-2692.0,-27.0,73.0,-27.0,730.0,-270.0,7300.0,-2700.0,,,,,,,,,,,,,,,,,,,,,,
AVAX,Avalanche,Crypto,layer1,Crypto,10.326729,+2.70%,-4.21%,+32.50%,-16.10%,-16%,4.578,,,431.15,302890266,3018076289,16102853918,,,,,2.7,102.7,2.7,1027.0,27.0,10270.0,270.0,-4.21,95.79,-4.21,957.9,-42.1,9579.0,-421.0,32.5,132.5,32.5,1325.0,325.0,13250.0,3250.0,-16.1,83.9,-16.1,839.0,-161.0,8390.0,-1610.0,-16.0,84.0,-16.0,840.0,-160.0,8400.0,-1600.0,,,,,,,,,,,,,5,buy,0.7,AVAX has impressive 1-month momentum (+42%) and a reasonable $5B market cap despite a -9% YTD; it is a well-known L1 with potential for a breakout.,+42% 1M; $5B market cap; L1 leader,,,,,
XRP,XRP,Crypto,payments,Crypto,1.395557,+0.84%,-5.92%,+0.06%,-24.13%,-24%,88.101,,,1908.55,1743786938,13359877911,97035302191,,,,,0.84,100.84,0.84,1008.4,8.4,10084.0,84.0,-5.92,94.08,-5.92,940.8,-59.2,9408.0,-592.0,0.06,100.06,0.06,1000.6,0.6,10006.0,6.0,-24.13,75.87,-24.13,758.7,-241.3,7587.0,-2413.0,-24.0,76.0,-24.0,760.0,-240.0,7600.0,-2400.0,,,,,,,,,,,,,,,,,,,,,,
XLM,Stellar,Crypto,payments,Crypto,0.194571,+1.08%,-9.52%,+7.52%,-3.02%,-3%,6.821,,,162.81,119081592,1139700044,8228481469,,,,,1.08,101.08,1.08,1010.8,10.8,10108.0,108.0,-9.52,90.48,-9.52,904.8,-95.2,9048.0,-952.0,7.52,107.52,7.52,1075.2,75.2,10752.0,752.0,-3.02,96.98,-3.02,969.8,-30.2,9698.0,-302.0,-3.0,97.0,-3.0,970.0,-30.0,9700.0,-300.0,,,,,,,,,,,,,,,,,,,,,,
TRX,TRON,Crypto,payments,Crypto,0.331651,-0.26%,-0.84%,-2.17%,+16.63%,+17%,31.503,,,312.03,328352901,2184199412,11559976765,,,,,-0.26,99.74,-0.26,997.4,-2.6,9974.0,-26.0,-0.84,99.16,-0.84,991.6,-8.4,9916.0,-84.0,-2.17,97.83,-2.17,978.3,-21.7,9783.0,-217.0,16.63,116.63,16.63,1166.3,166.3,11663.0,1663.0,17.0,117.0,17.0,1170.0,170.0,11700.0,1700.0,,,,,,,,,,,,,,,,,,,,,,
SUI,Sui,Crypto,emerging,Crypto,1.0672,+2.27%,-7.74%,+38.34%,-23.91%,-24%,4.395,,,673.68,478492319,4715790611,25197584438,,,,,2.27,102.27,2.27,1022.7,22.7,10227.0,227.0,-7.74,92.26,-7.74,922.6,-77.4,9226.0,-774.0,38.34,138.34,38.34,1383.4,383.4,13834.0,3834.0,-23.91,76.09,-23.91,760.9,-239.1,7609.0,-2391.0,-24.0,76.0,-24.0,760.0,-240.0,7600.0,-2400.0,,,,,,,,,,,,,6,buy,0.65,"SUI has rallied +42% in the past month and has a $4.7B market cap; the recent 4-5% drop appears driven by market rotation and short positioning rather than a protocol issue, creating a potential entry [coinmarketcap.com](https://coinmarketcap.com/top-stories/6ac5b6c4ab37453c382f7ef4/).",+42% 1M; Short-term dip entry; No protocol issue,,,,,
HBAR,Hedera,Crypto,emerging,Crypto,0.092316,+2.22%,-9.94%,+20.46%,-13.06%,-13%,4.062,,,111.11,105376539,777760451,5534630162,,,,,2.22,102.22,2.22,1022.2,22.2,10222.0,222.0,-9.94,90.06,-9.94,900.6,-99.4,9006.0,-994.0,20.46,120.46,20.46,1204.6,204.6,12046.0,2046.0,-13.06,86.94,-13.06,869.4,-130.6,8694.0,-1306.0,-13.0,87.0,-13.0,870.0,-130.0,8700.0,-1300.0,,,,,,,,,,,,,,,,,,,,,,
ALGO,Algorand,Crypto,emerging,Crypto,0.114532,-2.69%,-9.90%,+15.90%,+3.95%,+4%,1.039,,,89.43,74751909,626022572,2378250017,,,,,-2.69,97.31,-2.69,973.1,-26.9,9731.0,-269.0,-9.9,90.1,-9.9,901.0,-99.0,9010.0,-990.0,15.9,115.9,15.9,1159.0,159.0,11590.0,1590.0,3.95,103.95,3.95,1039.5,39.5,10395.0,395.0,4.0,104.0,4.0,1040.0,40.0,10400.0,400.0,,,,,,,,,,,,,10,buy,0.55,"ALGO is up +8% YTD and +26% in the past month, with a $1.1B market cap; it has an established L1 presence but faces short-term volatility.",+26% 1M; $1.1B market cap; Established L1,,,,,
MINA,Mina,Crypto,emerging,Crypto,0.079072,+3.58%,-51.56%,-15.73%,+4.67%,+5%,0.102,,,38.28,37302858,267970043,754136094,,,,,3.58,103.58,3.58,1035.8,35.8,10358.0,358.0,-51.56,48.44,-51.56,484.4,-515.6,4844.0,-5156.0,-15.73,84.27,-15.73,842.7,-157.3,8427.0,-1573.0,4.67,104.67,4.67,1046.7,46.7,10467.0,467.0,5.0,105.0,5.0,1050.0,50.0,10500.0,500.0,,,,,,,,,,,,,8,buy,0.6,"MINA has exceptional YTD (+35%) and 1-month (+33%) returns, though a sharp 1-week decline (-29%) suggests high volatility; it remains an emerging L1 with potential.",+35% YTD; +33% 1M; High volatility entry,,,,,
POL,Polygon (MATIC),Crypto,infra,Crypto,0.100817,+2.24%,-5.77%,+2.90%,+0.38%,+0%,1.072,,,79.0,120864828,552995471,2888961548,,,,,2.24,102.24,2.24,1022.4,22.4,10224.0,224.0,-5.77,94.23,-5.77,942.3,-57.7,9423.0,-577.0,2.9,102.9,2.9,1029.0,29.0,10290.0,290.0,0.38,100.38,0.38,1003.8,3.8,10038.0,38.0,0.0,100.0,0.0,1000.0,0.0,10000.0,0.0,,,,,,,,,,,,,,,,,,,,,,
DOT,Polkadot,Crypto,infra,Crypto,1.232808,+11.58%,+6.66%,+9.78%,-31.12%,-31%,2.104,,,186.44,261901491,1305098246,5814645308,,,,,11.58,111.58,11.58,1115.8,115.8,11158.0,1158.0,6.66,106.66,6.66,1066.6,66.6,10666.0,666.0,9.78,109.78,9.78,1097.8,97.8,10978.0,978.0,-31.12,68.88,-31.12,688.8,-311.2,6888.0,-3112.0,-31.0,69.0,-31.0,690.0,-310.0,6900.0,-3100.0,,,,,,,,,,,,,,,,,,,,,,
LINK,Chainlink,Crypto,infra,Crypto,12.788132,+0.33%,-7.31%,+8.37%,+4.88%,+5%,9.567,,,309.05,245051809,2163369574,15835308743,,,,,0.33,100.33,0.33,1003.3,3.3,10033.0,33.0,-7.31,92.69,-7.31,926.9,-73.1,9269.0,-731.0,8.37,108.37,8.37,1083.7,83.7,10837.0,837.0,4.88,104.88,4.88,1048.8,48.8,10488.0,488.0,5.0,105.0,5.0,1050.0,50.0,10500.0,500.0,,,,,,,,,,,,,,,,,,,,,,
DOGE,Dogecoin,Crypto,meme,Crypto,0.085319,+1.36%,-8.14%,-0.94%,-27.26%,-27%,13.332,,,848.55,1233116871,5939819944,29324911069,,,,,1.36,101.36,1.36,1013.6,13.6,10136.0,136.0,-8.14,91.86,-8.14,918.6,-81.4,9186.0,-814.0,-0.94,99.06,-0.94,990.6,-9.4,9906.0,-94.0,-27.26,72.74,-27.26,727.4,-272.6,7274.0,-2726.0,-27.0,73.0,-27.0,730.0,-270.0,7300.0,-2700.0,,,,,,,,,,,,,,,,,,,,,,
PEPE,Pepe,Crypto,meme,Crypto,4e-06,+3.41%,-6.76%,+14.02%,-1.72%,-2%,1.64,,,205.65,169380117,1439544495,9773391012,,,,,3.41,103.41,3.41,1034.1,34.1,10341.0,341.0,-6.76,93.24,-6.76,932.4,-67.6,9324.0,-676.0,14.02,114.02,14.02,1140.2,140.2,11402.0,1402.0,-1.72,98.28,-1.72,982.8,-17.2,9828.0,-172.0,-2.0,98.0,-2.0,980.0,-20.0,9800.0,-200.0,,,,,,,,,,,,,,,,,,,,,,
TAO,Bittensor,Crypto,ai,Crypto,274.653084,+2.11%,-5.87%,+8.25%,+25.60%,+26%,3.186,,,193.32,138860572,1353258499,7802428248,,,,,2.11,102.11,2.11,1021.1,21.1,10211.0,211.0,-5.87,94.13,-5.87,941.3,-58.7,9413.0,-587.0,8.25,108.25,8.25,1082.5,82.5,10825.0,825.0,25.6,125.6,25.6,1256.0,256.0,12560.0,2560.0,26.0,126.0,26.0,1260.0,260.0,12600.0,2600.0,,,,,,,,,,,,,,,,,,,,,,
FET,ASI Alliance,Crypto,ai,Crypto,0.216147,-0.78%,-1.33%,+27.03%,+8.78%,+9%,0.509,,,165.85,106970698,1160950235,3974866822,,,,,-0.78,99.22,-0.78,992.2,-7.8,9922.0,-78.0,-1.33,98.67,-1.33,986.7,-13.3,9867.0,-133.0,27.03,127.03,27.03,1270.3,270.3,12703.0,2703.0,8.78,108.78,8.78,1087.8,87.8,10878.0,878.0,9.0,109.0,9.0,1090.0,90.0,10900.0,900.0,,,,,,,,,,,,,7,buy,0.65,"FET shows strong momentum with +16% YTD, +33% 1-month, and +5.4% 1-week, with a small $542M market cap in the AI subsector.",+33% 1M; +5.4% 1W; AI narrative,,,,,
RNDR,Render,Crypto,ai,Crypto,1.899297,+3.51%,-4.43%,+30.35%,+47.91%,+48%,0.985,,,77.51,63129901,542567821,2132804585,,,,,3.51,103.51,3.51,1035.1,35.1,10351.0,351.0,-4.43,95.57,-4.43,955.7,-44.3,9557.0,-443.0,30.35,130.35,30.35,1303.5,303.5,13035.0,3035.0,47.91,147.91,47.91,1479.1,479.1,14791.0,4791.0,48.0,148.0,48.0,1480.0,480.0,14800.0,4800.0,,,,,,,,,,,,,3,buy,0.7,"RNDR delivers strong fundamentals with +63% YTD, +36% 1-month, and +9% 1-week, while showing positive daily momentum (+2.2%) and a market cap of $1.09B.",+63% YTD; +36% 1M; +9% 1W; Positive 1D momentum,,,,,
OCEAN,Ocean Protocol,Crypto,ai,Crypto,0.144223,+0.47%,-5.48%,-2.99%,-4.22%,-4%,,,,0.21,52430,1457598,4708707,,,,,0.47,100.47,0.47,1004.7,4.7,10047.0,47.0,-5.48,94.52,-5.48,945.2,-54.8,9452.0,-548.0,-2.99,97.01,-2.99,970.1,-29.9,9701.0,-299.0,-4.22,95.78,-4.22,957.8,-42.2,9578.0,-422.0,-4.0,96.0,-4.0,960.0,-40.0,9600.0,-400.0,,,,,,,,,,,,,,,,,,,,,,
GRT,The Graph,Crypto,ai,Crypto,0.027247,+4.70%,-4.73%,+45.62%,-18.04%,-18%,0.298,,,15.08,11929964,105529072,628808995,,,,,4.7,104.7,4.7,1047.0,47.0,10470.0,470.0,-4.73,95.27,-4.73,952.7,-47.3,9527.0,-473.0,45.62,145.62,45.62,1456.2,456.2,14562.0,4562.0,-18.04,81.96,-18.04,819.6,-180.4,8196.0,-1804.0,-18.0,82.0,-18.0,820.0,-180.0,8200.0,-1800.0,,,,,,,,,,,,,9,buy,0.6,"GRT has strong 1-month momentum (+46%) despite a -17% YTD, and a small $304M market cap in the AI/data indexing space, offering a recovery play.",+46% 1M; AI infrastructure; Small cap recovery,,,,,
AGIX,SingularityNET,Crypto,ai,Crypto,0.59325,+595.96%,+577.36%,+698.66%,+591.86%,+592%,,,,0.0,1969,13780,5912680,,,,,595.96,695.96,595.96,6959.6,5959.6,69596.0,59596.0,577.36,677.36,577.36,6773.6,5773.6,67736.0,57736.0,698.66,798.66,698.66,7986.6,6986.6,79866.0,69866.0,591.86,691.86,591.86,6918.6,5918.6,69186.0,59186.0,592.0,692.0,592.0,6920.0,5920.0,69200.0,59200.0,,,,,,,,,,,,,,,,,,,,,,
NMR,Numeraire,Crypto,ai,Crypto,13.448458,-2.69%,+13.45%,+47.57%,+40.75%,+41%,0.103,,,50.29,26716716,352061154,750634659,,,,,-2.69,97.31,-2.69,973.1,-26.9,9731.0,-269.0,13.45,113.45,13.45,1134.5,134.5,11345.0,1345.0,47.57,147.57,47.57,1475.7,475.7,14757.0,4757.0,40.75,140.75,40.75,1407.5,407.5,14075.0,4075.0,41.0,141.0,41.0,1410.0,410.0,14100.0,4100.0,,,,,,,,,,,,,2,strong_buy,0.75,"NMR shows explosive momentum with +75% YTD, +79% 1-month, and +43% 1-week despite a small market cap of $128M, signaling high-beta AI catalyst.",+75% YTD; +79% 1M; High beta small-cap AI,,,,,
ALT,AltLayer,Crypto,ai,Crypto,0.007979,+9.69%,+1.57%,+25.26%,-30.32%,-30%,0.059,,,4.11,6505266,28804221,167264470,,,,,9.69,109.69,9.69,1096.9,96.9,10969.0,969.0,1.57,101.57,1.57,1015.7,15.7,10157.0,157.0,25.26,125.26,25.26,1252.6,252.6,12526.0,2526.0,-30.32,69.68,-30.32,696.8,-303.2,6968.0,-3032.0,-30.0,70.0,-30.0,700.0,-300.0,7000.0,-3000.0,,,,,,,,,,,,,,,,,,,,,,
AIOZ,AIOZ Network,Crypto,ai,Crypto,0.117085,+7.85%,+6.47%,+62.63%,+35.13%,+35%,0.15,,,7.06,5147547,49448170,271374125,,,,,7.85,107.85,7.85,1078.5,78.5,10785.0,785.0,6.47,106.47,6.47,1064.7,64.7,10647.0,647.0,62.63,162.63,62.63,1626.3,626.3,16263.0,6263.0,35.13,135.13,35.13,1351.3,351.3,13513.0,3513.0,35.0,135.0,35.0,1350.0,350.0,13500.0,3500.0,,,,,,,,,,,,,4,buy,0.7,"AIOZ has strong momentum with +27% YTD, +74% 1-month, and near-flat 1-week (-0.3%) combined with a tiny $141M market cap, offering high upside in the AI subsector.",+27% YTD; +74% 1M; Small cap AI growth,,,,,
ARKM,Arkham,Crypto,ai,Crypto,0.129077,+5.22%,-1.74%,+25.31%,-26.85%,-27%,0.029,,,6.81,7035466,47679916,262824848,,,,,5.22,105.22,5.22,1052.2,52.2,10522.0,522.0,-1.74,98.26,-1.74,982.6,-17.4,9826.0,-174.0,25.31,125.31,25.31,1253.1,253.1,12531.0,2531.0,-26.85,73.15,-26.85,731.5,-268.5,7315.0,-2685.0,-27.0,73.0,-27.0,730.0,-270.0,7300.0,-2700.0,,,,,,,,,,,,,,,,,,,,,,
WLD,Worldcoin,Crypto,ai,Crypto,0.504903,+4.48%,-10.10%,+21.70%,+4.96%,+5%,1.921,,,268.92,168516136,1882450139,9561699313,,,,,4.48,104.48,4.48,1044.8,44.8,10448.0,448.0,-10.1,89.9,-10.1,899.0,-101.0,8990.0,-1010.0,21.7,121.7,21.7,1217.0,217.0,12170.0,2170.0,4.96,104.96,4.96,1049.6,49.6,10496.0,496.0,5.0,105.0,5.0,1050.0,50.0,10500.0,500.0,,,,,,,,,,,,,,,,,,,,,,
NEAR,NEAR Protocol,Crypto,ai,Crypto,4.89553,+8.96%,+4.31%,+97.91%,+223.69%,+224%,6.406,,,869.39,903101165,6085761183,32896154710,,,,,8.96,108.96,8.96,1089.6,89.6,10896.0,896.0,4.31,104.31,4.31,1043.1,43.1,10431.0,431.0,97.91,197.91,97.91,1979.1,979.1,19791.0,9791.0,223.69,323.69,223.69,3236.9,2236.9,32369.0,22369.0,224.0,324.0,224.0,3240.0,2240.0,32400.0,22400.0,,,,,,,,,,,,,1,strong_buy,0.85,"NEAR has exceptional momentum with +242% YTD, +114% 1-month, and a spot ETF (NRR) launched on NYSE Arca attracting ~$60M AUM in its first week; co-founder Polosukhin announced expanding fiat and tokenized stock features, reinforcing the bullish narrative [coinmarketcap.com](https://coinmarketcap.com/top-stories/6ac5b6c4ab37453c382f7ef4/), [theblock.co](https://www.theblock.co/news/ecosystems/2026-10-07-nears-polosukhin-sees-shrinking-need-for-centralized-exchanges-as-onchain-tools-expand-417912).",+242% YTD; +114% 1M; Spot ETF inflows $60M AUM; Expanding fiat/tokenized stocks,,,,,
ICP,Internet Computer,Crypto,ai,Crypto,3.047595,+4.34%,-7.92%,+9.73%,+7.50%,+8%,1.699,,,75.31,67194714,527136666,2179714026,,,,,4.34,104.34,4.34,1043.4,43.4,10434.0,434.0,-7.92,92.08,-7.92,920.8,-79.2,9208.0,-792.0,9.73,109.73,9.73,1097.3,97.3,10973.0,973.0,7.5,107.5,7.5,1075.0,75.0,10750.0,750.0,8.0,108.0,8.0,1080.0,80.0,10800.0,800.0,,,,,,,,,,,,,,,,,,,,,,
KAITO,Kaito,Crypto,ai,Crypto,0.313194,+2.11%,-6.17%,+1.02%,-38.13%,-38%,0.076,,,15.0,10869776,104999052,533216341,,,,,2.11,102.11,2.11,1021.1,21.1,10211.0,211.0,-6.17,93.83,-6.17,938.3,-61.7,9383.0,-617.0,1.02,101.02,1.02,1010.2,10.2,10102.0,102.0,-38.13,61.87,-38.13,618.7,-381.3,6187.0,-3813.0,-38.0,62.0,-38.0,620.0,-380.0,6200.0,-3800.0,,,,,,,,,,,,,,,,,,,,,,
VIRTUAL,Virtuals Protocol,Crypto,ai,Crypto,0.727467,+2.62%,-4.45%,+10.74%,+12.55%,+13%,0.479,,,82.98,58608148,580874327,2326191613,,,,,2.62,102.62,2.62,1026.2,26.2,10262.0,262.0,-4.45,95.55,-4.45,955.5,-44.5,9555.0,-445.0,10.74,110.74,10.74,1107.4,107.4,11074.0,1074.0,12.55,112.55,12.55,1125.5,125.5,11255.0,1255.0,13.0,113.0,13.0,1130.0,130.0,11300.0,1300.0,,,,,,,,,,,,,,,,,,,,,,
LMT,Lockheed Martin,Defence,us-primes,NYSE,509.59,+0.56%,+0.83%,-3.87%,+4.38%,+1%,117.609,0.095,18.78,1.14,801350,4849350,25121750,272.0,1.25,buy,2.39,0.56,100.56,0.56,1005.6,5.6,10056.0,56.0,0.83,100.83,0.83,1008.3,8.3,10083.0,83.0,-3.87,96.13,-3.87,961.3,-38.7,9613.0,-387.0,4.38,104.38,4.38,1043.8,43.8,10438.0,438.0,1.0,101.0,1.0,1010.0,10.0,10100.0,100.0,,,,,,,,,,,,,,,,,,,,,,
RTX,RTX Corporation,Defence,us-primes,NYSE,185.97,+0.37%,+0.70%,-6.13%,+0.39%,+17%,250.643,0.308,32.74,4.41,3344904,19586404,88633904,158.0,1.01,buy,1.83,0.37,100.37,0.37,1003.7,3.7,10037.0,37.0,0.7,100.7,0.7,1007.0,7.0,10070.0,70.0,-6.13,93.87,-6.13,938.7,-61.3,9387.0,-613.0,0.39,100.39,0.39,1003.9,3.9,10039.0,39.0,17.0,117.0,17.0,1170.0,170.0,11700.0,1700.0,,,,,,,,,,,,,,,,,,,,,,
NOC,Northrop Grumman,Defence,us-primes,NYSE,480.72,-0.78%,+0.57%,-7.37%,-16.92%,-22%,68.292,-0.112,15.28,0.85,612884,4627684,21158484,204.0,1.58,buy,2.08,-0.78,99.22,-0.78,992.2,-7.8,9922.0,-78.0,0.57,100.57,0.57,1005.7,5.7,10057.0,57.0,-7.37,92.63,-7.37,926.3,-73.7,9263.0,-737.0,-16.92,83.08,-16.92,830.8,-169.2,8308.0,-1692.0,-22.0,78.0,-22.0,780.0,-220.0,7800.0,-2200.0,,,,,,,,,,,,,,,,,,,,,,
GD,General Dynamics,Defence,us-primes,NYSE,331.27,+0.90%,+0.36%,-6.49%,-2.26%,-1%,89.628,0.329,20.21,1.14,1123193,6648693,29511993,193.0,1.11,buy,2.08,0.9,100.9,0.9,1009.0,9.0,10090.0,90.0,0.36,100.36,0.36,1003.6,3.6,10036.0,36.0,-6.49,93.51,-6.49,935.1,-64.9,9351.0,-649.0,-2.26,97.74,-2.26,977.4,-22.6,9774.0,-226.0,-1.0,99.0,-1.0,990.0,-10.0,9900.0,-100.0,,,,,,,,,,,,,,,,,,,,,,
HII,Huntington Ingalls Industries,Defence,us-primes,NYSE,264.8,-0.08%,-1.39%,-5.99%,-23.37%,-6%,10.434,0.21,15.78,0.5,393705,2584405,12024405,208.0,3.45,buy,2.08,-0.08,99.92,-0.08,999.2,-0.8,9992.0,-8.0,-1.39,98.61,-1.39,986.1,-13.9,9861.0,-139.0,-5.99,94.01,-5.99,940.1,-59.9,9401.0,-599.0,-23.37,76.63,-23.37,766.3,-233.7,7663.0,-2337.0,-6.0,94.0,-6.0,940.0,-60.0,9400.0,-600.0,,,,,,,,,,,,,,,,,,,,,,
LHX,L3Harris Technologies,Defence,us-primes,NYSE,236.97,+0.02%,+0.16%,-4.59%,-21.21%,-19%,44.127,0.505,23.89,1.56,973766,5568166,34733366,211.0,2.75,buy,1.85,0.02,100.02,0.02,1000.2,0.2,10002.0,2.0,0.16,100.16,0.16,1001.6,1.6,10016.0,16.0,-4.59,95.41,-4.59,954.1,-45.9,9541.0,-459.0,-21.21,78.79,-21.21,787.9,-212.1,7879.0,-2121.0,-19.0,81.0,-19.0,810.0,-190.0,8100.0,-1900.0,,,,,,,,,,,,,,,,,,,,,,
BA,Boeing,Defence,us-primes,NYSE,190.37,+1.22%,-1.65%,-7.05%,-16.42%,-11%,150.463,1.257,67.03,6.65,5081545,37024645,192850245,,1.8,buy,1.52,1.22,101.22,1.22,1012.2,12.2,10122.0,122.0,-1.65,98.35,-1.65,983.5,-16.5,9835.0,-165.0,-7.05,92.95,-7.05,929.5,-70.5,9295.0,-705.0,-16.42,83.58,-16.42,835.8,-164.2,8358.0,-1642.0,-11.0,89.0,-11.0,890.0,-110.0,8900.0,-1100.0,,,,,,,,,,,,,,,,,,,,,,
BA.L,BAE Systems,Defence,uk-european,LSE,24.61,+1.28%,-3.18%,-2.03%,+6.05%,-7%,0.72,-0.044,26.57,5.67,2230500,19709886,125741627,198.0,,buy,2.25,1.28,101.28,1.28,1012.8,12.8,10128.0,128.0,-3.18,96.82,-3.18,968.2,-31.8,9682.0,-318.0,-2.03,97.97,-2.03,979.7,-20.3,9797.0,-203.0,6.05,106.05,6.05,1060.5,60.5,10605.0,605.0,-7.0,93.0,-7.0,930.0,-70.0,9300.0,-700.0,,,,,,,,,,,,,,,,,,,,,,
RR.L,Rolls-Royce Holdings,Defence,uk-european,LSE,18.33,+1.33%,-6.23%,-4.19%,+15.73%,+20%,1.507,1.272,38.48,18.41,62761440,124265538,437681379,88.0,,buy,1.6,1.33,101.33,1.33,1013.3,13.3,10133.0,133.0,-6.23,93.77,-6.23,937.7,-62.3,9377.0,-623.0,-4.19,95.81,-4.19,958.1,-41.9,9581.0,-419.0,15.73,115.73,15.73,1157.3,157.3,11573.0,1573.0,20.0,120.0,20.0,1200.0,200.0,12000.0,2000.0,,,,,,,,,,,,,5,buy,0.7,"YTD +20.16%, 1-year +28%, analyst buy (score 1.6), P/E 39.95, but recent 1M -3.53% and 1W -2.90% show pullback; strong underlying defence and engine services demand supports long-term growth.",YTD +20.16%; 1-year +28%; Analyst buy (score 1.6); Defence engine demand,,,,,
QQ.L,QinetiQ Group,Defence,uk-european,LSE,6.05,+0.66%,-3.99%,-2.31%,+2.86%,-9%,0.03,0.334,22.85,1.72,740290,6628232,36030706,242.0,,buy,1.75,0.66,100.66,0.66,1006.6,6.6,10066.0,66.0,-3.99,96.01,-3.99,960.1,-39.9,9601.0,-399.0,-2.31,97.69,-2.31,976.9,-23.1,9769.0,-231.0,2.86,102.86,2.86,1028.6,28.6,10286.0,286.0,-9.0,91.0,-9.0,910.0,-90.0,9100.0,-900.0,,,,,,,,,,,,,,,,,,,,,,
PLTR,Palantir Technologies,Defence,cyber-intel,NASDAQ,209.05,+5.17%,+10.75%,+26.04%,+24.54%,+13%,502.359,1.602,180.22,33.43,37389859,130345659,518111659,,2.8,buy,1.81,5.17,105.17,5.17,1051.7,51.7,10517.0,517.0,10.75,110.75,10.75,1107.5,107.5,11075.0,1075.0,26.04,126.04,26.04,1260.4,260.4,12604.0,2604.0,24.54,124.54,24.54,1245.4,245.4,12454.0,2454.0,13.0,113.0,13.0,1130.0,130.0,11300.0,1300.0,,,,,,,,,,,,,1,strong_buy,0.85,"YTD +14.42%, 1M +12.78%, P/E 165.58, analyst buy (score 1.84), and a new sovereign AI partnership with Armada positions Palantir for sustained defence and commercial AI revenue growth [simplywall.st](https://simplywall.st/stocks/us/software/nasdaq-pltr/palantir-technologies/news/sovereign-ai-deal-might-change-the-case-for-investing-in-pal).",YTD +14.42%; 1M +12.78% momentum; Sovereign AI catalyst; Analyst buy consensus,,,,,
LDOS,Leidos Holdings,Defence,cyber-intel,NYSE,121.68,+2.06%,+3.35%,-5.77%,-33.06%,-37%,15.27,0.59,11.36,1.38,952077,7110077,28661477,144.0,4.78,buy,2.41,2.06,102.06,2.06,1020.6,20.6,10206.0,206.0,3.35,103.35,3.35,1033.5,33.5,10335.0,335.0,-5.77,94.23,-5.77,942.3,-57.7,9423.0,-577.0,-33.06,66.94,-33.06,669.4,-330.6,6694.0,-3306.0,-37.0,63.0,-37.0,630.0,-370.0,6300.0,-3700.0,,,,,,,,,,,,,,,,,,,,,,
CACI,CACI International,Defence,cyber-intel,NYSE,610.65,+1.88%,-0.71%,-2.14%,+13.63%,+17%,13.495,0.591,25.28,0.28,251193,1395493,5923793,,5.61,buy,1.62,1.88,101.88,1.88,1018.8,18.8,10188.0,188.0,-0.71,99.29,-0.71,992.9,-7.1,9929.0,-71.0,-2.14,97.86,-2.14,978.6,-21.4,9786.0,-214.0,13.63,113.63,13.63,1136.3,136.3,11363.0,1363.0,17.0,117.0,17.0,1170.0,170.0,11700.0,1700.0,,,,,,,,,,,,,,,,,,,,,,
SAIC,Science Applications International,Defence,cyber-intel,NYSE,134.66,+3.82%,+7.50%,+4.58%,+34.43%,+34%,5.641,0.309,15.71,0.45,656220,2374220,9766220,114.0,6.09,hold,2.82,3.82,103.82,3.82,1038.2,38.2,10382.0,382.0,7.5,107.5,7.5,1075.0,75.0,10750.0,750.0,4.58,104.58,4.58,1045.8,45.8,10458.0,458.0,34.43,134.43,34.43,1344.3,344.3,13443.0,3443.0,34.0,134.0,34.0,1340.0,340.0,13400.0,3400.0,,,,,,,,,,,,,6,buy,0.65,"YTD +24.38%, P/E 14.54, low beta 0.309, but analyst hold (score 2.82) and recent 1M -2.32% suggest caution; attractive valuation and strong YTD performance provide a defensive entry.",YTD +24.38%; P/E 14.54; Low beta 0.309; Defensive valuation,,,,,
BAH,Booz Allen Hamilton,Defence,cyber-intel,NYSE,73.94,+1.47%,+9.78%,-2.30%,-10.90%,-25%,8.894,0.368,11.63,1.9,1185890,9088490,39876490,324.0,6.83,hold,2.73,1.47,101.47,1.47,1014.7,14.7,10147.0,147.0,9.78,109.78,9.78,1097.8,97.8,10978.0,978.0,-2.3,97.7,-2.3,977.0,-23.0,9770.0,-230.0,-10.9,89.1,-10.9,891.0,-109.0,8910.0,-1090.0,-25.0,75.0,-25.0,750.0,-250.0,7500.0,-2500.0,,,,,,,,,,,,,,,,,,,,,,
AVAV,AeroVironment,Defence,drones,NASDAQ,137.11,-0.36%,-2.63%,-6.77%,-46.48%,-65%,6.969,1.364,,1.61,1249884,7557784,44762384,,11.76,buy,1.73,-0.36,99.64,-0.36,996.4,-3.6,9964.0,-36.0,-2.63,97.37,-2.63,973.7,-26.3,9737.0,-263.0,-6.77,93.23,-6.77,932.3,-67.7,9323.0,-677.0,-46.48,53.52,-46.48,535.2,-464.8,5352.0,-4648.0,-65.0,35.0,-65.0,350.0,-650.0,3500.0,-6500.0,,,,,,,,,,,,,10,buy,0.35,"Analyst buy (score 1.6), but YTD -43.97%, 1-year -65%, high short interest 11.76%, and no P/E; a potential contrarian bet on drone demand recovery, but near-term risks are elevated.",Analyst buy (score 1.6); YTD -43.97%; High short interest 11.76%; Drone demand recovery,,,,,
KTOS,Kratos Defense,Defence,drones,NASDAQ,42.36,+1.03%,-1.65%,-9.83%,-46.58%,-56%,7.952,1.107,249.18,3.93,4182628,26612928,99478328,,6.16,strong_buy,1.35,1.03,101.03,1.03,1010.3,10.3,10103.0,103.0,-1.65,98.35,-1.65,983.5,-16.5,9835.0,-165.0,-9.83,90.17,-9.83,901.7,-98.3,9017.0,-983.0,-46.58,53.42,-46.58,534.2,-465.8,5342.0,-4658.0,-56.0,44.0,-56.0,440.0,-560.0,4400.0,-5600.0,,,,,,,,,,,,,,,,,,,,,,
RCAT,Red Cat Holdings,Defence,drones,NASDAQ,5.77,-2.37%,-9.84%,-28.59%,-37.01%,-55%,0.881,1.515,,8.25,5267682,29650682,188672282,,26.67,none,,-2.37,97.63,-2.37,976.3,-23.7,9763.0,-237.0,-9.84,90.16,-9.84,901.6,-98.4,9016.0,-984.0,-28.59,71.41,-28.59,714.1,-285.9,7141.0,-2859.0,-37.01,62.99,-37.01,629.9,-370.1,6299.0,-3701.0,-55.0,45.0,-55.0,450.0,-550.0,4500.0,-5500.0,,,,,,,,,,,,,,,,,,,,,,
TXT,Textron,Defence,drones,NYSE,74.16,+1.28%,-4.01%,-6.34%,-14.75%,-10%,12.754,0.908,13.97,1.74,1488480,9221980,41987780,11.0,4.95,buy,2.19,1.28,101.28,1.28,1012.8,12.8,10128.0,128.0,-4.01,95.99,-4.01,959.9,-40.1,9599.0,-401.0,-6.34,93.66,-6.34,936.6,-63.4,9366.0,-634.0,-14.75,85.25,-14.75,852.5,-147.5,8525.0,-1475.0,-10.0,90.0,-10.0,900.0,-100.0,9000.0,-1000.0,,,,,,,,,,,,,,,,,,,,,,
SPCX,SpaceX,Defence,space,NASDAQ,162.57,+1.25%,+2.27%,+9.71%,+1.01%,+0%,2142.963,,,92.96,92493813,484505913,2112991613,,2.43,buy,1.79,1.25,101.25,1.25,1012.5,12.5,10125.0,125.0,2.27,102.27,2.27,1022.7,22.7,10227.0,227.0,9.71,109.71,9.71,1097.1,97.1,10971.0,971.0,1.01,101.01,1.01,1010.1,10.1,10101.0,101.0,0.0,100.0,0.0,1000.0,0.0,10000.0,0.0,,,,,,,,,,,,,3,strong_buy,0.75,"1W +15.20%, 1M +12.02%, analyst score 1.69 (buy), strong buy consensus with 26/32 analysts recommending buy, and Starship Flight 14 success supports growth narrative despite macro headwinds [tipranks.com](https://www.tipranks.com/news/why-space-stocks-spacex-and-rocket-lab-are-falling-today-october-7-and-what-wall-street-expects-next).",1W +15.20%; 1M +12.02%; Starship progress; Strong buy consensus,,,,,
RKLB,Rocket Lab USA,Defence,space,NASDAQ,68.21,-0.28%,-7.72%,+10.09%,-10.24%,+6%,43.614,2.938,,19.3,14852656,104553856,464586756,,7.31,buy,1.59,-0.28,99.72,-0.28,997.2,-2.8,9972.0,-28.0,-7.72,92.28,-7.72,922.8,-77.2,9228.0,-772.0,10.09,110.09,10.09,1100.9,100.9,11009.0,1009.0,-10.24,89.76,-10.24,897.6,-102.4,8976.0,-1024.0,6.0,106.0,6.0,1060.0,60.0,10600.0,600.0,,,,,,,,,,,,,2,strong_buy,0.8,"1M +13.95%, 1W +7.69%, analyst score 1.57 (buy), backlog exceeds 100 missions, and a potential NASA bulk-launch order could drive long-term revenue, despite CFO insider selling [tipranks.com](https://www.tipranks.com/news/why-space-stocks-spacex-and-rocket-lab-are-falling-today-october-7-and-what-wall-street-expects-next) [americanbankingnews.com](https://www.americanbankingnews.com/2026/10/07/rocket-lab-nasdaqrklb-stock-price-down-1-2-on-insider-selling.html).",1M +13.95%; Backlog >100 missions; NASA bulk-order catalyst; Analyst buy (score 1.57),,,,,
PL,Planet Labs,Defence,space,NYSE,17.18,+0.12%,-1.83%,+2.94%,-15.83%,+17%,6.251,2.17,,9.08,7794477,59844277,237621377,,9.68,buy,1.92,0.12,100.12,0.12,1001.2,1.2,10012.0,12.0,-1.83,98.17,-1.83,981.7,-18.3,9817.0,-183.0,2.94,102.94,2.94,1029.4,29.4,10294.0,294.0,-15.83,84.17,-15.83,841.7,-158.3,8417.0,-1583.0,17.0,117.0,17.0,1170.0,170.0,11700.0,1700.0,,,,,,,,,,,,,4,buy,0.6,"1W +13.37%, 1D +5.08%, but YTD -9.02% and no analyst coverage; high beta 2.17 and short interest 9.68% add risk, yet strong short-term momentum suggests speculative upside.",1W +13.37%; 1D +5.08%; High beta 2.17; Speculative momentum,,,,,
ASTS,AST SpaceMobile,Defence,space,NASDAQ,50.97,-10.48%,-12.81%,-14.93%,-38.94%,-31%,19.834,2.706,,12.24,54011382,109716282,285021282,,21.84,hold,2.69,-10.48,89.52,-10.48,895.2,-104.8,8952.0,-1048.0,-12.81,87.19,-12.81,871.9,-128.1,8719.0,-1281.0,-14.93,85.07,-14.93,850.7,-149.3,8507.0,-1493.0,-38.94,61.06,-38.94,610.6,-389.4,6106.0,-3894.0,-31.0,69.0,-31.0,690.0,-310.0,6900.0,-3100.0,,,,,,,,,,,,,,,,,,,,,,
TDG,TransDigm Group,Defence,weapons,NYSE,1107.99,+1.72%,+1.62%,-1.68%,-18.44%,-15%,61.246,0.935,33.61,0.4,278670,1707570,8890270,,2.58,buy,2.09,1.72,101.72,1.72,1017.2,17.2,10172.0,172.0,1.62,101.62,1.62,1016.2,16.2,10162.0,162.0,-1.68,98.32,-1.68,983.2,-16.8,9832.0,-168.0,-18.44,81.56,-18.44,815.6,-184.4,8156.0,-1844.0,-15.0,85.0,-15.0,850.0,-150.0,8500.0,-1500.0,,,,,,,,,,,,,9,buy,0.45,"Analyst buy (score 2.09), P/E 33.46, but YTD -18.79% and 1M -3.65% reflect weak momentum; large-cap aerospace supplier with low short interest 2.58% may appeal to value-oriented investors.",Analyst buy (score 2.09); P/E 33.46; Low short interest 2.58%; Negative YTD -18.79%,,,,,
HEI,HEICO Corporation,Defence,weapons,NYSE,298.28,+0.80%,-1.38%,-4.55%,-9.36%,-4%,41.687,1.088,49.71,0.47,286750,2159450,10411150,8.0,6.55,buy,1.96,0.8,100.8,0.8,1008.0,8.0,10080.0,80.0,-1.38,98.62,-1.38,986.2,-13.8,9862.0,-138.0,-4.55,95.45,-4.55,954.5,-45.5,9545.0,-455.0,-9.36,90.64,-9.36,906.4,-93.6,9064.0,-936.0,-4.0,96.0,-4.0,960.0,-40.0,9600.0,-400.0,,,,,,,,,,,,,,,,,,,,,,
AXON,Axon Enterprise,Defence,weapons,NASDAQ,422.89,+1.34%,+2.31%,-11.69%,-24.95%,-41%,34.354,1.439,175.47,0.94,723295,5749095,24853995,,5.32,buy,1.67,1.34,101.34,1.34,1013.4,13.4,10134.0,134.0,2.31,102.31,2.31,1023.1,23.1,10231.0,231.0,-11.69,88.31,-11.69,883.1,-116.9,8831.0,-1169.0,-24.95,75.05,-24.95,750.5,-249.5,7505.0,-2495.0,-41.0,59.0,-41.0,590.0,-410.0,5900.0,-4100.0,,,,,,,,,,,,,,,,,,,,,,
OLN,Olin Corporation,Defence,weapons,NYSE,14.89,-6.41%,-6.35%,-13.98%,-29.05%,-30%,1.698,1.226,,3.33,4277093,40200993,87916793,512.0,13.14,hold,2.87,-6.41,93.59,-6.41,935.9,-64.1,9359.0,-641.0,-6.35,93.65,-6.35,936.5,-63.5,9365.0,-635.0,-13.98,86.02,-13.98,860.2,-139.8,8602.0,-1398.0,-29.05,70.95,-29.05,709.5,-290.5,7095.0,-2905.0,-30.0,70.0,-30.0,700.0,-300.0,7000.0,-3000.0,,,,,,,,,,,,,,,,,,,,,,
MRCY,Mercury Systems,Defence,weapons,NASDAQ,79.49,+1.24%,-6.34%,-1.17%,+4.55%,+7%,4.838,0.977,,0.7,294169,2208369,13422169,,9.57,buy,1.91,1.24,101.24,1.24,1012.4,12.4,10124.0,124.0,-6.34,93.66,-6.34,936.6,-63.4,9366.0,-634.0,-1.17,98.83,-1.17,988.3,-11.7,9883.0,-117.0,4.55,104.55,4.55,1045.5,45.5,10455.0,455.0,7.0,107.0,7.0,1070.0,70.0,10700.0,700.0,,,,,,,,,,,,,8,buy,0.5,"YTD +8.90%, but no P/E (negative earnings), high short interest 9.57%, and no analyst coverage; recent 1M -0.79% and 1W +0.19% show stagnation, making it a high-risk turnaround play.",YTD +8.90%; High short interest 9.57%; No P/E; Stagnant momentum,,,,,
DRS,Leonardo DRS,Defence,weapons,NYSE,36.24,+1.03%,-1.52%,-0.19%,+4.82%,-17%,9.672,0.16,30.45,0.89,1188609,5251709,22171109,100.0,1.28,none,,1.03,101.03,1.03,1010.3,10.3,10103.0,103.0,-1.52,98.48,-1.52,984.8,-15.2,9848.0,-152.0,-0.19,99.81,-0.19,998.1,-1.9,9981.0,-19.0,4.82,104.82,4.82,1048.2,48.2,10482.0,482.0,-17.0,83.0,-17.0,830.0,-170.0,8300.0,-1700.0,,,,,,,,,,,,,7,buy,0.55,"YTD +6.39%, low beta 0.16, short interest 1.28%, P/E 30.65, but no analyst coverage and low momentum (1M -0.43%); stable defence electronics exposure offers downside protection.",YTD +6.39%; Low beta 0.16; Low short interest 1.28%; Defence electronics,,,,,
XOM,ExxonMobil,Energy,oil-majors,NYSE,168.94,+0.21%,+3.01%,+2.25%,+40.50%,+52%,694.667,0.209,21.74,13.96,8078799,52643999,293000699,245.0,1.08,buy,2.4,0.21,100.21,0.21,1002.1,2.1,10021.0,21.0,3.01,103.01,3.01,1030.1,30.1,10301.0,301.0,2.25,102.25,2.25,1022.5,22.5,10225.0,225.0,40.5,140.5,40.5,1405.0,405.0,14050.0,4050.0,52.0,152.0,52.0,1520.0,520.0,15200.0,5200.0,,,,,,,,,,,,,4,strong_buy,0.8,"XOM has +36.8% YTD, P/E 21.17, dividend yield 2.5%, and Morgan Stanley sees potential to break record high, supported by strong fundamentals and low beta 0.209.",+36.8% YTD; Morgan Stanley record high view; dividend yield 2.5%; low beta 0.209,,,,,
CVX,Chevron,Energy,oil-majors,NYSE,211.98,+0.10%,+2.56%,-0.37%,+39.77%,+42%,415.82,0.523,20.4,8.27,6030702,31298402,206238802,337.0,1.06,buy,1.72,0.1,100.1,0.1,1001.0,1.0,10010.0,10.0,2.56,102.56,2.56,1025.6,25.6,10256.0,256.0,-0.37,99.63,-0.37,996.3,-3.7,9963.0,-37.0,39.77,139.77,39.77,1397.7,397.7,13977.0,3977.0,42.0,142.0,42.0,1420.0,420.0,14200.0,4200.0,,,,,,,,,,,,,5,buy,0.75,"CVX has +36.87% YTD, P/E 19.98, highest dividend yield 3.43% among majors, and best analyst score 1.72, though 1M momentum is slightly negative.",+36.87% YTD; dividend yield 3.43%; analyst score 1.72; P/E 19.98,,,,,
SHEL,Shell,Energy,oil-majors,NYSE,100.18,-0.02%,+4.10%,+4.40%,+36.44%,+40%,285.133,-0.192,11.06,6.45,8483599,37598799,143967057,312.0,1.24,buy,2.19,-0.02,99.98,-0.02,999.8,-0.2,9998.0,-2.0,4.1,104.1,4.1,1041.0,41.0,10410.0,410.0,4.4,104.4,4.4,1044.0,44.0,10440.0,440.0,36.44,136.44,36.44,1364.4,364.4,13644.0,3644.0,40.0,140.0,40.0,1400.0,400.0,14000.0,4000.0,,,,,,,,,,,,,3,strong_buy,0.85,"SHEL has record refining margin of $42/bbl in Q3 (vs $24 Q2), P/E 10.77, dividend yield 3.2%, and +32% YTD with strong momentum and positive news from Middle East conflict.",record $42/bbl refining margin; P/E 10.77; dividend yield 3.2%; +32% YTD,,,,,
BP,BP p.l.c.,Energy,oil-majors,NYSE,46.25,-0.24%,+3.26%,+0.37%,+33.88%,+38%,119.121,-0.196,22.56,8.78,8422406,46263306,205892806,435.0,0.28,buy,2.16,-0.24,99.76,-0.24,997.6,-2.4,9976.0,-24.0,3.26,103.26,3.26,1032.6,32.6,10326.0,326.0,0.37,100.37,0.37,1003.7,3.7,10037.0,37.0,33.88,133.88,33.88,1338.8,338.8,13388.0,3388.0,38.0,138.0,38.0,1380.0,380.0,13800.0,3800.0,,,,,,,,,,,,,6,buy,0.7,"BP has +30.29% YTD, P/E 21.96, dividend yield 4.48%, low short interest 0.28%, and positive 1W momentum +3.42%.",dividend yield 4.48%; low short interest 0.28%; +30.29% YTD; +3.42% 1W,,,,,
TTE,TotalEnergies,Energy,oil-majors,NYSE,86.11,+0.10%,+2.03%,-4.50%,+32.40%,+50%,190.086,0.092,10.78,1.71,4110565,16029265,43273665,469.0,0.22,buy,2.2,0.1,100.1,0.1,1001.0,1.0,10010.0,10.0,2.03,102.03,2.03,1020.3,20.3,10203.0,203.0,-4.5,95.5,-4.5,955.0,-45.0,9550.0,-450.0,32.4,132.4,32.4,1324.0,324.0,13240.0,3240.0,50.0,150.0,50.0,1500.0,500.0,15000.0,5000.0,,,,,,,,,,,,,,,,,,,,,,
EQNR,Equinor,Energy,oil-majors,NYSE,43.01,+0.19%,+1.06%,-4.66%,+81.09%,+85%,101.896,-0.661,11.75,3.51,5966433,23964333,89553733,363.0,2.39,hold,3.0,0.19,100.19,0.19,1001.9,1.9,10019.0,19.0,1.06,101.06,1.06,1010.6,10.6,10106.0,106.0,-4.66,95.34,-4.66,953.4,-46.6,9534.0,-466.0,81.09,181.09,81.09,1810.9,810.9,18109.0,8109.0,85.0,185.0,85.0,1850.0,850.0,18500.0,8500.0,,,,,,,,,,,,,8,buy,0.6,"EQNR has +81.09% YTD, P/E 11.56, dividend yield 3.63%, and strong 1W momentum +4.04%, but analyst hold and high short interest 2.39% temper confidence.",+81.09% YTD; P/E 11.56; dividend yield 3.63%; +4.04% 1W,,,,,
COP,ConocoPhillips,Energy,ep-refining,NYSE,134.1,-0.52%,+5.80%,-2.15%,+41.73%,+53%,161.1,0.244,17.76,6.58,3834399,26246099,147631699,250.0,1.34,buy,1.79,-0.52,99.48,-0.52,994.8,-5.2,9948.0,-52.0,5.8,105.8,5.8,1058.0,58.0,10580.0,580.0,-2.15,97.85,-2.15,978.5,-21.5,9785.0,-215.0,41.73,141.73,41.73,1417.3,417.3,14173.0,4173.0,53.0,153.0,53.0,1530.0,530.0,15300.0,5300.0,,,,,,,,,,,,,,,,,,,,,,
OXY,Occidental Petroleum,Energy,ep-refining,NYSE,60.11,-0.28%,+3.50%,-1.72%,+43.82%,+43%,60.088,0.245,17.08,8.49,6681275,41368075,208812575,186.0,2.96,buy,2.23,-0.28,99.72,-0.28,997.2,-2.8,9972.0,-28.0,3.5,103.5,3.5,1035.0,35.0,10350.0,350.0,-1.72,98.28,-1.72,982.8,-17.2,9828.0,-172.0,43.82,143.82,43.82,1438.2,438.2,14382.0,4382.0,43.0,143.0,43.0,1430.0,430.0,14300.0,4300.0,,,,,,,,,,,,,9,buy,0.65,"OXY has +39.57% YTD, P/E 16.57, dividend yield 1.92%, and strong 1W momentum +6.17%, though 1M is negative and short interest is 2.96%.",+39.57% YTD; +6.17% 1W; P/E 16.57; analyst buy,,,,,
EOG,EOG Resources,Energy,ep-refining,NYSE,148.16,-0.24%,+4.80%,+0.47%,+41.56%,+37%,77.714,0.371,11.53,3.03,2266732,12689432,71835332,275.0,3.3,buy,2.34,-0.24,99.76,-0.24,997.6,-2.4,9976.0,-24.0,4.8,104.8,4.8,1048.0,48.0,10480.0,480.0,0.47,100.47,0.47,1004.7,4.7,10047.0,47.0,41.56,141.56,41.56,1415.6,415.6,14156.0,4156.0,37.0,137.0,37.0,1370.0,370.0,13700.0,3700.0,,,,,,,,,,,,,7,buy,0.7,"EOG has +37.85% YTD, P/E 11.23, dividend yield 2.83%, and strong 1W momentum +3.31% with analyst buy consensus.",+37.85% YTD; P/E 11.23; dividend yield 2.83%; +3.31% 1W,,,,,
MPC,Marathon Petroleum,Energy,ep-refining,NYSE,455.03,-1.79%,+7.74%,+15.95%,+178.74%,+156%,127.784,0.541,15.76,2.54,1965400,10333400,64984200,86.0,3.19,buy,2.37,-1.79,98.21,-1.79,982.1,-17.9,9821.0,-179.0,7.74,107.74,7.74,1077.4,77.4,10774.0,774.0,15.95,115.95,15.95,1159.5,159.5,11595.0,1595.0,178.74,278.74,178.74,2787.4,1787.4,27874.0,17874.0,156.0,256.0,156.0,2560.0,1560.0,25600.0,15600.0,,,,,,,,,,,,,2,buy,0.852,"MPC leads with +165% YTD, +10.29% 1W, P/E 15.01, and tight refining capacity supporting earnings, but high short interest of 3.19% signals caution.",+165% YTD; +10.29% 1W; P/E 15.01; tight refining capacity,,,,,
VLO,Valero Energy,Energy,ep-refining,NYSE,433.75,-2.31%,+6.76%,+12.54%,+166.27%,+181%,124.889,0.592,18.08,3.01,3337871,12204571,82915671,108.0,3.91,buy,2.45,-2.31,97.69,-2.31,976.9,-23.1,9769.0,-231.0,6.76,106.76,6.76,1067.6,67.6,10676.0,676.0,12.54,112.54,12.54,1125.4,125.4,11254.0,1254.0,166.27,266.27,166.27,2662.7,1662.7,26627.0,16627.0,181.0,281.0,181.0,2810.0,1810.0,28100.0,18100.0,,,,,,,,,,,,,1,buy,0.813,"VLO has +157% YTD, P/E 17.48, and strong refining margins driven by Middle East conflict, with 48.2% 3-month return and analyst buy consensus, though some see 16% overvaluation at $419.",+157% YTD; record refining margins; 48.2% 3-month return; analyst buy,,,,,
SLB,SLB (Schlumberger),Energy,oilfield-services,NYSE,48.95,-0.06%,+0.43%,-12.60%,+23.77%,+54%,72.648,0.839,23.65,12.72,7578625,58744525,297046725,241.0,4.67,buy,1.6,-0.06,99.94,-0.06,999.4,-0.6,9994.0,-6.0,0.43,100.43,0.43,1004.3,4.3,10043.0,43.0,-12.6,87.4,-12.6,874.0,-126.0,8740.0,-1260.0,23.77,123.77,23.77,1237.7,237.7,12377.0,2377.0,54.0,154.0,54.0,1540.0,540.0,15400.0,5400.0,,,,,,,,,,,,,,,,,,,,,,
HAL,Halliburton,Energy,oilfield-services,NYSE,32.55,-0.06%,+2.20%,-9.76%,+11.48%,+48%,27.119,0.839,17.13,11.07,5138171,43473371,223897771,209.0,5.67,buy,1.75,-0.06,99.94,-0.06,999.4,-0.6,9994.0,-6.0,2.2,102.2,2.2,1022.0,22.0,10220.0,220.0,-9.76,90.24,-9.76,902.4,-97.6,9024.0,-976.0,11.48,111.48,11.48,1114.8,114.8,11148.0,1148.0,48.0,148.0,48.0,1480.0,480.0,14800.0,4800.0,,,,,,,,,,,,,,,,,,,,,,
BKR,Baker Hughes,Energy,oilfield-services,NASDAQ,56.7,+0.71%,+1.25%,-4.55%,+21.58%,+25%,56.284,1.035,18.23,7.77,2790025,25288725,176080025,163.0,2.83,buy,1.68,0.71,100.71,0.71,1007.1,7.1,10071.0,71.0,1.25,101.25,1.25,1012.5,12.5,10125.0,125.0,-4.55,95.45,-4.55,954.5,-45.5,9545.0,-455.0,21.58,121.58,21.58,1215.8,215.8,12158.0,2158.0,25.0,125.0,25.0,1250.0,250.0,12500.0,2500.0,,,,,,,,,,,,,,,,,,,,,,
NEE,NextEra Energy,Energy,utilities,NYSE,77.38,+0.01%,+0.72%,-6.14%,-2.30%,-7%,161.414,0.639,17.39,11.3,6613469,55134669,282505369,322.0,2.71,buy,1.9,0.01,100.01,0.01,1000.1,0.1,10001.0,1.0,0.72,100.72,0.72,1007.2,7.2,10072.0,72.0,-6.14,93.86,-6.14,938.6,-61.4,9386.0,-614.0,-2.3,97.7,-2.3,977.0,-23.0,9770.0,-230.0,-7.0,93.0,-7.0,930.0,-70.0,9300.0,-700.0,,,,,,,,,,,,,,,,,,,,,,
SSE.L,SSE plc,Energy,utilities,LSE,32.47,+0.70%,+0.29%,+2.89%,+10.02%,+35%,0.394,0.56,23.37,2.66,1014449,10923872,59197020,282.0,,buy,1.94,0.7,100.7,0.7,1007.0,7.0,10070.0,70.0,0.29,100.29,0.29,1002.9,2.9,10029.0,29.0,2.89,102.89,2.89,1028.9,28.9,10289.0,289.0,10.02,110.02,10.02,1100.2,100.2,11002.0,1002.0,35.0,135.0,35.0,1350.0,350.0,13500.0,3500.0,,,,,,,,,,,,,10,buy,0.5,"SSE.L has +10.82% YTD, P/E 23.54, dividend yield 2.78%, and positive 1M momentum +2.91% with analyst buy, offering stable utility exposure.",+10.82% YTD; dividend yield 2.78%; +2.91% 1M; analyst buy,,,,,
ENPH,Enphase Energy,Energy,clean-energy,NASDAQ,32.81,-0.30%,-1.97%,-10.99%,-2.79%,-4%,4.335,1.633,32.81,4.4,3583545,19895345,101773545,,21.74,buy,2.31,-0.3,99.7,-0.3,997.0,-3.0,9970.0,-30.0,-1.97,98.03,-1.97,980.3,-19.7,9803.0,-197.0,-10.99,89.01,-10.99,890.1,-109.9,8901.0,-1099.0,-2.79,97.21,-2.79,972.1,-27.9,9721.0,-279.0,-4.0,96.0,-4.0,960.0,-40.0,9600.0,-400.0,,,,,,,,,,,,,,,,,,,,,,
FSLR,First Solar,Energy,clean-energy,NASDAQ,177.82,-0.58%,+1.84%,-14.17%,-35.18%,-21%,19.11,1.794,10.96,2.27,1287834,8733934,50858534,,12.8,buy,1.86,-0.58,99.42,-0.58,994.2,-5.8,9942.0,-58.0,1.84,101.84,1.84,1018.4,18.4,10184.0,184.0,-14.17,85.83,-14.17,858.3,-141.7,8583.0,-1417.0,-35.18,64.82,-35.18,648.2,-351.8,6482.0,-3518.0,-21.0,79.0,-21.0,790.0,-210.0,7900.0,-2100.0,,,,,,,,,,,,,,,,,,,,,,
BEPC,Brookfield Renewable Corp,Energy,clean-energy,NYSE,29.63,+0.85%,+3.89%,-3.95%,-23.38%,-22%,5.501,1.148,,1.83,1420518,9510018,41809818,534.0,,hold,2.86,0.85,100.85,0.85,1008.5,8.5,10085.0,85.0,3.89,103.89,3.89,1038.9,38.9,10389.0,389.0,-3.95,96.05,-3.95,960.5,-39.5,9605.0,-395.0,-23.38,76.62,-23.38,766.2,-233.8,7662.0,-2338.0,-22.0,78.0,-22.0,780.0,-220.0,7800.0,-2200.0,,,,,,,,,,,,,,,,,,,,,,
DNNGY,Ørsted,Energy,clean-energy,NASDAQ,6.57,+1.86%,-5.47%,-6.01%,-1.43%,-74%,26.039,0.576,,0.12,2027,593427,3229327,,,strong_buy,1.0,1.86,101.86,1.86,1018.6,18.6,10186.0,186.0,-5.47,94.53,-5.47,945.3,-54.7,9453.0,-547.0,-6.01,93.99,-6.01,939.9,-60.1,9399.0,-601.0,-1.43,98.57,-1.43,985.7,-14.3,9857.0,-143.0,-74.0,26.0,-74.0,260.0,-740.0,2600.0,-7400.0,,,,,,,,,,,,,,,,,,,,,,
AAPL,Apple,MegaCap,big-tech,NASDAQ,337,-1.11%,+0.88%,+3.08%,+24.55%,+39%,4912.985,1.069,38.61,45.21,37821157,172151357,876144557,32.0,0.88,buy,2.2,-1.11,98.89,-1.11,988.9,-11.1,9889.0,-111.0,0.88,100.88,0.88,1008.8,8.8,10088.0,88.0,3.08,103.08,3.08,1030.8,30.8,10308.0,308.0,24.55,124.55,24.55,1245.5,245.5,12455.0,2455.0,39.0,139.0,39.0,1390.0,390.0,13900.0,3900.0,,,,,,,,,,,,,8,buy,0.7,"YTD +23.44%, 1M +5.51%, P/E 38.26, buy consensus, with steady mega-cap performance and low short interest (0.88%); lacks immediate catalyst but remains a core AI/consumer device beneficiary.",+23.44% YTD; Low short interest 0.88%; Stable mega-cap anchor; P/E 38.26 above sector,,,,,
MSFT,Microsoft,MegaCap,big-tech,NASDAQ,535,+2.38%,+3.39%,+8.66%,+13.85%,+2%,3973.187,1.099,29.81,27.69,17890995,102622195,477847395,75.0,0.91,strong_buy,1.29,2.38,102.38,2.38,1023.8,23.8,10238.0,238.0,3.39,103.39,3.39,1033.9,33.9,10339.0,339.0,8.66,108.66,8.66,1086.6,86.6,10866.0,866.0,13.85,113.85,13.85,1138.5,138.5,11385.0,1385.0,2.0,102.0,2.0,1020.0,20.0,10200.0,200.0,,,,,,,,,,,,,4,strong_buy,0.86,"YTD +12.63%, 1M +7.16%, P/E 29.49, strong_buy consensus with best-in-class analyst score (1.29), benefiting from cloud AI and custom chip investments across hyperscalers.",P/E 29.49 below mega-cap peers; strong_buy rating (1.29 an_score); +7.16% 1-month gain; Azure/AI infrastructure tailwind,,,,,
NVDA,NVIDIA,MegaCap,big-tech,NASDAQ,229,-0.52%,-2.00%,+5.00%,+21.69%,+26%,5536.424,2.216,28.99,121.32,84307452,513650652,2371696252,43.0,1.27,strong_buy,1.3,-0.52,99.48,-0.52,994.8,-5.2,9948.0,-52.0,-2.0,98.0,-2.0,980.0,-20.0,9800.0,-200.0,5.0,105.0,5.0,1050.0,50.0,10500.0,500.0,21.69,121.69,21.69,1216.9,216.9,12169.0,2169.0,26.0,126.0,26.0,1260.0,260.0,12600.0,2600.0,,,,,,,,,,,,,2,strong_buy,0.9,"YTD +26.98%, P/E 30.25, strong_buy consensus, with SpaceX's $40B Nvidia chip deal and additional GPU demand from agents like Muse estimated to generate $7B–$19B in hardware revenue [tipranks.com](https://www.tipranks.com/news/nvidia-and-amd-stocks-what-drove-the-rally-and-which-stock-has-more-upside).",+26.98% YTD; P/E 30.25 attractive; strong_buy rating; Agent-driven GPU demand catalyst,,,,,
GOOGL,Alphabet,MegaCap,big-tech,NASDAQ,352,+0.97%,+2.38%,+5.73%,+11.80%,+47%,4300.779,1.211,17.64,26.98,17231359,106000259,574177759,25.0,1.49,strong_buy,1.37,0.97,100.97,0.97,1009.7,9.7,10097.0,97.0,2.38,102.38,2.38,1023.8,23.8,10238.0,238.0,5.73,105.73,5.73,1057.3,57.3,10573.0,573.0,11.8,111.8,11.8,1118.0,118.0,11180.0,1180.0,47.0,147.0,47.0,1470.0,470.0,14700.0,4700.0,,,,,,,,,,,,,,,,,,,,,,
META,Meta Platforms,MegaCap,big-tech,NASDAQ,719,-0.31%,-1.29%,+11.62%,+10.78%,+2%,1830.816,1.185,27.08,19.06,12586094,69637194,472178094,29.0,1.41,strong_buy,1.41,-0.31,99.69,-0.31,996.9,-3.1,9969.0,-31.0,-1.29,98.71,-1.29,987.1,-12.9,9871.0,-129.0,11.62,111.62,11.62,1116.2,116.2,11162.0,1162.0,10.78,110.78,10.78,1107.8,107.8,11078.0,1078.0,2.0,102.0,2.0,1020.0,20.0,10200.0,200.0,,,,,,,,,,,,,3,strong_buy,0.88,"1M +20.54%, YTD +13.89%, P/E 27.96, strong_buy consensus, with the Muse AI agent topping the App Store and driving $7B–$19B in potential Nvidia revenue, highlighting Meta's AI monetization [tipranks.com](https://www.tipranks.com/news/amd-nvidia-or-meta-which-ai-stock-is-citis-top-pick-no-1-analyst-weighs-in).",+20.54% 1-month momentum; P/E 27.96 reasonable; Muse AI agent catalyst; strong_buy analyst rating,,,,,
AMZN,Amazon,MegaCap,big-tech,NASDAQ,262,+3.29%,+4.34%,+4.18%,+15.86%,+17%,2830.652,1.456,21.11,39.19,33510286,181780686,792212486,,0.83,strong_buy,1.33,3.29,103.29,3.29,1032.9,32.9,10329.0,329.0,4.34,104.34,4.34,1043.4,43.4,10434.0,434.0,4.18,104.18,4.18,1041.8,41.8,10418.0,418.0,15.86,115.86,15.86,1158.6,158.6,11586.0,1586.0,17.0,117.0,17.0,1170.0,170.0,11700.0,1700.0,,,,,,,,,,,,,,,,,,,,,,
TSLA,Tesla,MegaCap,big-tech,NASDAQ,383,+2.05%,+3.27%,+5.26%,-12.64%,-9%,1511.492,1.916,354.35,37.53,38834397,162791997,776540097,,1.95,buy,2.36,2.05,102.05,2.05,1020.5,20.5,10205.0,205.0,3.27,103.27,3.27,1032.7,32.7,10327.0,327.0,5.26,105.26,5.26,1052.6,52.6,10526.0,526.0,-12.64,87.36,-12.64,873.6,-126.4,8736.0,-1264.0,-9.0,91.0,-9.0,910.0,-90.0,9100.0,-900.0,,,,,,,,,,,,,,,,,,,,,,
NFLX,Netflix,MegaCap,big-tech,NASDAQ,70,-1.77%,+4.83%,-7.51%,-22.74%,-41%,292.725,1.613,22.11,37.14,29022504,177421604,796783804,,2.28,buy,1.8,-1.77,98.23,-1.77,982.3,-17.7,9823.0,-177.0,4.83,104.83,4.83,1048.3,48.3,10483.0,483.0,-7.51,92.49,-7.51,924.9,-75.1,9249.0,-751.0,-22.74,77.26,-22.74,772.6,-227.4,7726.0,-2274.0,-41.0,59.0,-41.0,590.0,-410.0,5900.0,-4100.0,,,,,,,,,,,,,,,,,,,,,,
JPM,JPMorgan Chase,MegaCap,financials,NYSE,333,+0.37%,+0.68%,-5.35%,+4.28%,+10%,885.149,1.015,14.2,7.3,4930606,31627306,182931906,199.0,0.91,buy,2.12,0.37,100.37,0.37,1003.7,3.7,10037.0,37.0,0.68,100.68,0.68,1006.8,6.8,10068.0,68.0,-5.35,94.65,-5.35,946.5,-53.5,9465.0,-535.0,4.28,104.28,4.28,1042.8,42.8,10428.0,428.0,10.0,110.0,10.0,1100.0,100.0,11000.0,1000.0,,,,,,,,,,,,,,,,,,,,,,
BAC,Bank of America,MegaCap,financials,NYSE,54,+1.31%,+1.06%,-13.17%,-1.36%,+10%,379.846,1.214,12.55,33.86,28715342,179803042,867716742,239.0,1.19,buy,1.56,1.31,101.31,1.31,1013.1,13.1,10131.0,131.0,1.06,101.06,1.06,1010.6,10.6,10106.0,106.0,-13.17,86.83,-13.17,868.3,-131.7,8683.0,-1317.0,-1.36,98.64,-1.36,986.4,-13.6,9864.0,-136.0,10.0,110.0,10.0,1100.0,100.0,11000.0,1000.0,,,,,,,,,,,,,,,,,,,,,,
BRK-B,Berkshire Hathaway B,MegaCap,financials,NYSE,516,+0.71%,+2.58%,+1.70%,+3.78%,+4%,1103.793,0.595,12.97,4.32,4300868,19294468,101700468,,1.0,buy,2.0,0.71,100.71,0.71,1007.1,7.1,10071.0,71.0,2.58,102.58,2.58,1025.8,25.8,10258.0,258.0,1.7,101.7,1.7,1017.0,17.0,10170.0,170.0,3.78,103.78,3.78,1037.8,37.8,10378.0,378.0,4.0,104.0,4.0,1040.0,40.0,10400.0,400.0,,,,,,,,,,,,,,,,,,,,,,
V,Visa,MegaCap,financials,NYSE,385,+2.76%,+6.87%,+4.97%,+11.92%,+9%,723.627,0.771,32.8,6.52,5826430,24739530,133285530,71.0,1.09,strong_buy,1.45,2.76,102.76,2.76,1027.6,27.6,10276.0,276.0,6.87,106.87,6.87,1068.7,68.7,10687.0,687.0,4.97,104.97,4.97,1049.7,49.7,10497.0,497.0,11.92,111.92,11.92,1119.2,119.2,11192.0,1192.0,9.0,109.0,9.0,1090.0,90.0,10900.0,900.0,,,,,,,,,,,,,,,,,,,,,,
MA,Mastercard,MegaCap,financials,NYSE,589,+2.46%,+6.68%,+4.20%,+5.13%,+3%,516.092,0.76,32.41,2.84,2423360,12368660,61133460,61.0,0.83,strong_buy,1.43,2.46,102.46,2.46,1024.6,24.6,10246.0,246.0,6.68,106.68,6.68,1066.8,66.8,10668.0,668.0,4.2,104.2,4.2,1042.0,42.0,10420.0,420.0,5.13,105.13,5.13,1051.3,51.3,10513.0,513.0,3.0,103.0,3.0,1030.0,30.0,10300.0,300.0,,,,,,,,,,,,,,,,,,,,,,
GS,Goldman Sachs,MegaCap,financials,NYSE,895,+1.42%,-0.80%,-12.20%,-0.65%,+15%,260.692,1.284,13.83,2.02,1857084,9946284,48430084,227.0,2.39,hold,2.54,1.42,101.42,1.42,1014.2,14.2,10142.0,142.0,-0.8,99.2,-0.8,992.0,-8.0,9920.0,-80.0,-12.2,87.8,-12.2,878.0,-122.0,8780.0,-1220.0,-0.65,99.35,-0.65,993.5,-6.5,9935.0,-65.0,15.0,115.0,15.0,1150.0,150.0,11500.0,1500.0,,,,,,,,,,,,,,,,,,,,,,
BLK,BlackRock,MegaCap,financials,NYSE,1082,+1.60%,+2.15%,+1.88%,+1.39%,-6%,175.863,1.421,25.5,0.62,376723,2349323,11429823,215.0,1.34,strong_buy,1.44,1.6,101.6,1.6,1016.0,16.0,10160.0,160.0,2.15,102.15,2.15,1021.5,21.5,10215.0,215.0,1.88,101.88,1.88,1018.8,18.8,10188.0,188.0,1.39,101.39,1.39,1013.9,13.9,10139.0,139.0,-6.0,94.0,-6.0,940.0,-60.0,9400.0,-600.0,,,,,,,,,,,,,,,,,,,,,,
LLY,Eli Lilly,MegaCap,healthcare,NYSE,1179,+1.21%,+3.19%,+5.01%,+9.68%,+40%,1051.604,0.453,39.26,2.49,1384899,10886499,49334999,59.0,0.84,buy,1.63,1.21,101.21,1.21,1012.1,12.1,10121.0,121.0,3.19,103.19,3.19,1031.9,31.9,10319.0,319.0,5.01,105.01,5.01,1050.1,50.1,10501.0,501.0,9.68,109.68,9.68,1096.8,96.8,10968.0,968.0,40.0,140.0,40.0,1400.0,400.0,14000.0,4000.0,,,,,,,,,,,,,,,,,,,,,,
UNH,UnitedHealth Group,MegaCap,healthcare,NYSE,379,+2.87%,+1.99%,-1.71%,+14.98%,+5%,340.458,0.615,23.86,4.94,7443022,31227122,112558422,250.0,1.64,buy,1.58,2.87,102.87,2.87,1028.7,28.7,10287.0,287.0,1.99,101.99,1.99,1019.9,19.9,10199.0,199.0,-1.71,98.29,-1.71,982.9,-17.1,9829.0,-171.0,14.98,114.98,14.98,1149.8,149.8,11498.0,1498.0,5.0,105.0,5.0,1050.0,50.0,10500.0,500.0,,,,,,,,,,,,,,,,,,,,,,
JNJ,Johnson & Johnson,MegaCap,healthcare,NYSE,261,+1.93%,+2.11%,-1.84%,+28.11%,+34%,630.044,0.206,29.71,7.01,5460176,32722976,145843976,209.0,0.98,buy,1.91,1.93,101.93,1.93,1019.3,19.3,10193.0,193.0,2.11,102.11,2.11,1021.1,21.1,10211.0,211.0,-1.84,98.16,-1.84,981.6,-18.4,9816.0,-184.0,28.11,128.11,28.11,1281.1,281.1,12811.0,2811.0,34.0,134.0,34.0,1340.0,340.0,13400.0,3400.0,,,,,,,,,,,,,,,,,,,,,,
ABBV,AbbVie,MegaCap,healthcare,NYSE,276,+1.49%,+5.19%,+8.42%,+23.42%,+18%,488.555,0.228,78.1,4.84,4263014,27875014,99240214,254.0,1.23,buy,1.7,1.49,101.49,1.49,1014.9,14.9,10149.0,149.0,5.19,105.19,5.19,1051.9,51.9,10519.0,519.0,8.42,108.42,8.42,1084.2,84.2,10842.0,842.0,23.42,123.42,23.42,1234.2,234.2,12342.0,2342.0,18.0,118.0,18.0,1180.0,180.0,11800.0,1800.0,,,,,,,,,,,,,7,buy,0.72,"YTD +19.05%, 1M +7.20%, P/E 75.34 but supported by high dividend yield (259bps) and low beta (0.228); analyst consensus buy, with resilient pharma earnings and GLP-1 pipeline optionality.",+19.05% YTD; +7.20% 1-month momentum; High dividend yield 2.59%; Low beta defensive profile,,,,,
MRK,Merck,MegaCap,healthcare,NYSE,146,+2.27%,+0.90%,+1.21%,+39.60%,+66%,359.22,0.222,115.56,9.79,7995154,40303554,212782654,239.0,1.4,buy,1.78,2.27,102.27,2.27,1022.7,22.7,10227.0,227.0,0.9,100.9,0.9,1009.0,9.0,10090.0,90.0,1.21,101.21,1.21,1012.1,12.1,10121.0,121.0,39.6,139.6,39.6,1396.0,396.0,13960.0,3960.0,66.0,166.0,66.0,1660.0,660.0,16600.0,6600.0,,,,,,,,,,,,,,,,,,,,,,
TMO,Thermo Fisher Scientific,MegaCap,healthcare,NYSE,658,+0.93%,+0.49%,+9.18%,+11.36%,+24%,243.301,0.877,35.42,2.09,1575194,10858594,51215594,29.0,1.36,strong_buy,1.48,0.93,100.93,0.93,1009.3,9.3,10093.0,93.0,0.49,100.49,0.49,1004.9,4.9,10049.0,49.0,9.18,109.18,9.18,1091.8,91.8,10918.0,918.0,11.36,111.36,11.36,1113.6,113.6,11136.0,1136.0,24.0,124.0,24.0,1240.0,240.0,12400.0,2400.0,,,,,,,,,,,,,10,buy,0.6,"YTD +11.12%, 1M +8.97%, P/E 36.42, analyst buy, with momentum from life sciences tools demand; recent 1W pullback (-3.39%) offers entry while fundamentals remain solid.",+8.97% 1-month momentum; Buy analyst consensus; P/E 36.42 moderate; Life sciences secular growth,,,,,
ABT,Abbott Laboratories,MegaCap,healthcare,NYSE,100,+1.12%,+2.15%,-3.64%,-18.31%,-26%,172.346,0.583,31.82,9.64,6961418,52824218,204583918,256.0,1.29,strong_buy,1.46,1.12,101.12,1.12,1011.2,11.2,10112.0,112.0,2.15,102.15,2.15,1021.5,21.5,10215.0,215.0,-3.64,96.36,-3.64,963.6,-36.4,9636.0,-364.0,-18.31,81.69,-18.31,816.9,-183.1,8169.0,-1831.0,-26.0,74.0,-26.0,740.0,-260.0,7400.0,-2600.0,,,,,,,,,,,,,,,,,,,,,,
PG,Procter & Gamble,MegaCap,consumer,NYSE,151,+0.65%,+4.36%,+5.78%,+9.03%,+1%,351.258,0.377,22.84,8.58,6145400,47238200,183756800,289.0,1.04,buy,2.12,0.65,100.65,0.65,1006.5,6.5,10065.0,65.0,4.36,104.36,4.36,1043.6,43.6,10436.0,436.0,5.78,105.78,5.78,1057.8,57.8,10578.0,578.0,9.03,109.03,9.03,1090.3,90.3,10903.0,903.0,1.0,101.0,1.0,1010.0,10.0,10100.0,100.0,,,,,,,,,,,,,,,,,,,,,,
KO,Coca-Cola,MegaCap,consumer,NYSE,88,+0.33%,+2.80%,+0.85%,+29.86%,+31%,378.839,0.318,26.44,15.85,10350234,76531034,344163834,242.0,0.95,buy,1.75,0.33,100.33,0.33,1003.3,3.3,10033.0,33.0,2.8,102.8,2.8,1028.0,28.0,10280.0,280.0,0.85,100.85,0.85,1008.5,8.5,10085.0,85.0,29.86,129.86,29.86,1298.6,298.6,12986.0,2986.0,31.0,131.0,31.0,1310.0,310.0,13100.0,3100.0,,,,,,,,,,,,,,,,,,,,,,
PEP,PepsiCo,MegaCap,consumer,NASDAQ,126,-1.85%,+0.06%,-7.82%,-8.74%,-14%,171.665,,16.51,8.31,9853204,66039304,226802104,461.0,2.11,hold,2.75,-1.85,98.15,-1.85,981.5,-18.5,9815.0,-185.0,0.06,100.06,0.06,1000.6,0.6,10006.0,6.0,-7.82,92.18,-7.82,921.8,-78.2,9218.0,-782.0,-8.74,91.26,-8.74,912.6,-87.4,9126.0,-874.0,-14.0,86.0,-14.0,860.0,-140.0,8600.0,-1400.0,,,,,,,,,,,,,,,,,,,,,,
MCD,McDonald's,MegaCap,consumer,NYSE,235,-0.70%,+1.44%,-7.04%,-20.91%,-20%,166.459,0.447,19.25,5.11,5946968,33200068,142662268,326.0,1.92,buy,2.06,-0.7,99.3,-0.7,993.0,-7.0,9930.0,-70.0,1.44,101.44,1.44,1014.4,14.4,10144.0,144.0,-7.04,92.96,-7.04,929.6,-70.4,9296.0,-704.0,-20.91,79.09,-20.91,790.9,-209.1,7909.0,-2091.0,-20.0,80.0,-20.0,800.0,-200.0,8000.0,-2000.0,,,,,,,,,,,,,,,,,,,,,,
NKE,Nike,MegaCap,consumer,NYSE,35,-0.17%,+2.48%,-5.22%,-43.70%,-47%,51.555,1.099,16.69,31.35,27321941,228471741,1015318441,472.0,8.98,hold,2.81,-0.17,99.83,-0.17,998.3,-1.7,9983.0,-17.0,2.48,102.48,2.48,1024.8,24.8,10248.0,248.0,-5.22,94.78,-5.22,947.8,-52.2,9478.0,-522.0,-43.7,56.3,-43.7,563.0,-437.0,5630.0,-4370.0,-47.0,53.0,-47.0,530.0,-470.0,5300.0,-4700.0,,,,,,,,,,,,,,,,,,,,,,
WMT,Walmart,MegaCap,consumer,NYSE,111,+0.71%,+6.80%,+5.32%,-0.62%,+9%,886.132,0.578,40.34,23.68,11823713,92974213,480993913,90.0,1.83,buy,1.53,0.71,100.71,0.71,1007.1,7.1,10071.0,71.0,6.8,106.8,6.8,1068.0,68.0,10680.0,680.0,5.32,105.32,5.32,1053.2,53.2,10532.0,532.0,-0.62,99.38,-0.62,993.8,-6.2,9938.0,-62.0,9.0,109.0,9.0,1090.0,90.0,10900.0,900.0,,,,,,,,,,,,,,,,,,,,,,
COST,Costco,MegaCap,consumer,NASDAQ,947,-0.11%,+2.85%,+4.94%,+11.30%,+2%,419.608,0.87,45.61,2.08,1493334,9388534,51058334,62.0,1.66,buy,1.95,-0.11,99.89,-0.11,998.9,-1.1,9989.0,-11.0,2.85,102.85,2.85,1028.5,28.5,10285.0,285.0,4.94,104.94,4.94,1049.4,49.4,10494.0,494.0,11.3,111.3,11.3,1113.0,113.0,11130.0,1130.0,2.0,102.0,2.0,1020.0,20.0,10200.0,200.0,,,,,,,,,,,,,,,,,,,,,,
XOM,ExxonMobil,MegaCap,energy-industrial,NYSE,169,+0.21%,+3.01%,+2.25%,+40.50%,+52%,694.666,0.209,21.74,13.96,8078799,52643999,293000699,245.0,1.08,buy,2.4,0.21,100.21,0.21,1002.1,2.1,10021.0,21.0,3.01,103.01,3.01,1030.1,30.1,10301.0,301.0,2.25,102.25,2.25,1022.5,22.5,10225.0,225.0,40.5,140.5,40.5,1405.0,405.0,14050.0,4050.0,52.0,152.0,52.0,1520.0,520.0,15200.0,5200.0,,,,,,,,,,,,,,,,,,,,,,
CVX,Chevron,MegaCap,energy-industrial,NYSE,212,+0.10%,+2.56%,-0.37%,+39.77%,+42%,415.821,0.523,20.4,8.27,6030702,31298402,206238802,337.0,1.06,buy,1.72,0.1,100.1,0.1,1001.0,1.0,10010.0,10.0,2.56,102.56,2.56,1025.6,25.6,10256.0,256.0,-0.37,99.63,-0.37,996.3,-3.7,9963.0,-37.0,39.77,139.77,39.77,1397.7,397.7,13977.0,3977.0,42.0,142.0,42.0,1420.0,420.0,14200.0,4200.0,,,,,,,,,,,,,,,,,,,,,,
CAT,Caterpillar,MegaCap,energy-industrial,NYSE,800,+0.43%,-5.32%,-0.56%,+34.58%,+62%,367.956,1.58,34.46,2.64,1528071,11926871,51966371,82.0,2.03,buy,2.07,0.43,100.43,0.43,1004.3,4.3,10043.0,43.0,-5.32,94.68,-5.32,946.8,-53.2,9468.0,-532.0,-0.56,99.44,-0.56,994.4,-5.6,9944.0,-56.0,34.58,134.58,34.58,1345.8,345.8,13458.0,3458.0,62.0,162.0,62.0,1620.0,620.0,16200.0,6200.0,,,,,,,,,,,,,,,,,,,,,,
HON,Honeywell,MegaCap,energy-industrial,NASDAQ,208,+0.55%,-2.93%,+2.75%,+2.49%,+4%,65.838,0.888,7.67,3.01,1563149,10663549,62929149,136.0,2.34,buy,2.0,0.55,100.55,0.55,1005.5,5.5,10055.0,55.0,-2.93,97.07,-2.93,970.7,-29.3,9707.0,-293.0,2.75,102.75,2.75,1027.5,27.5,10275.0,275.0,2.49,102.49,2.49,1024.9,24.9,10249.0,249.0,4.0,104.0,4.0,1040.0,40.0,10400.0,400.0,,,,,,,,,,,,,,,,,,,,,,
GE,GE Aerospace,MegaCap,energy-industrial,NYSE,308,+0.64%,-0.29%,-4.78%,-3.51%,+5%,319.777,1.374,36.34,4.0,2947220,22175220,100132820,62.0,1.52,buy,1.55,0.64,100.64,0.64,1006.4,6.4,10064.0,64.0,-0.29,99.71,-0.29,997.1,-2.9,9971.0,-29.0,-4.78,95.22,-4.78,952.2,-47.8,9522.0,-478.0,-3.51,96.49,-3.51,964.9,-35.1,9649.0,-351.0,5.0,105.0,5.0,1050.0,50.0,10500.0,500.0,,,,,,,,,,,,,,,,,,,,,,
RTX,RTX Corp,MegaCap,energy-industrial,NYSE,186,+0.37%,+0.70%,-6.13%,+0.39%,+17%,250.643,0.308,32.74,4.41,3344904,19586404,88633904,158.0,1.01,buy,1.83,0.37,100.37,0.37,1003.7,3.7,10037.0,37.0,0.7,100.7,0.7,1007.0,7.0,10070.0,70.0,-6.13,93.87,-6.13,938.7,-61.3,9387.0,-613.0,0.39,100.39,0.39,1003.9,3.9,10039.0,39.0,17.0,117.0,17.0,1170.0,170.0,11700.0,1700.0,,,,,,,,,,,,,,,,,,,,,,
BA,Boeing,MegaCap,energy-industrial,NYSE,190,+1.22%,-1.65%,-7.05%,-16.42%,-11%,150.463,1.257,67.03,6.65,5081545,37024645,192850245,,1.8,buy,1.52,1.22,101.22,1.22,1012.2,12.2,10122.0,122.0,-1.65,98.35,-1.65,983.5,-16.5,9835.0,-165.0,-7.05,92.95,-7.05,929.5,-70.5,9295.0,-705.0,-16.42,83.58,-16.42,835.8,-164.2,8358.0,-1642.0,-11.0,89.0,-11.0,890.0,-110.0,8900.0,-1100.0,,,,,,,,,,,,,,,,,,,,,,
AMD,Advanced Micro Devices,MegaCap,tech-semis,NASDAQ,608,-2.03%,-4.07%,+20.75%,+172.12%,+189%,992.708,2.454,155.13,23.21,13664055,93676755,477755455,,2.46,strong_buy,1.49,-2.03,97.97,-2.03,979.7,-20.3,9797.0,-203.0,-4.07,95.93,-4.07,959.3,-40.7,9593.0,-407.0,20.75,120.75,20.75,1207.5,207.5,12075.0,2075.0,172.12,272.12,172.12,2721.2,1721.2,27212.0,17212.0,189.0,289.0,189.0,2890.0,1890.0,28900.0,18900.0,,,,,,,,,,,,,1,strong_buy,0.985,"YTD +190.61%, 1M +28.41%, P/E 165.67, strong_buy consensus, with AI agent demand from Meta Muse driving CPU sales and a 39% price target raise to $800 by top analyst Atif Malik at Citi [cnbc.com](https://www.cnbc.com/2026/10/06/meta-muse-gives-amd-a-boost-as-ai-momentum-shifts-to-personal-agents-.html).",+190.61% YTD momentum; +28.41% 1-month gain; strong_buy analyst rating; AI agent capex tailwind,,,,,
QCOM,Qualcomm,MegaCap,tech-semis,NASDAQ,176,-0.29%,-5.07%,-0.78%,+3.04%,+15%,187.406,1.651,20.31,12.23,7555158,45561958,298640958,209.0,4.01,hold,2.57,-0.29,99.71,-0.29,997.1,-2.9,9971.0,-29.0,-5.07,94.93,-5.07,949.3,-50.7,9493.0,-507.0,-0.78,99.22,-0.78,992.2,-7.8,9922.0,-78.0,3.04,103.04,3.04,1030.4,30.4,10304.0,304.0,15.0,115.0,15.0,1150.0,150.0,11500.0,1500.0,,,,,,,,,,,,,,,,,,,,,,
AVGO,Broadcom,MegaCap,tech-semis,NASDAQ,362,+0.39%,+1.80%,+0.38%,+4.58%,+11%,1725.858,1.476,46.17,22.35,16467294,113974494,525489994,72.0,1.11,strong_buy,1.26,0.39,100.39,0.39,1003.9,3.9,10039.0,39.0,1.8,101.8,1.8,1018.0,18.0,10180.0,180.0,0.38,100.38,0.38,1003.8,3.8,10038.0,38.0,4.58,104.58,4.58,1045.8,45.8,10458.0,458.0,11.0,111.0,11.0,1110.0,110.0,11100.0,1100.0,,,,,,,,,,,,,,,,,,,,,,
TSM,Taiwan Semiconductor,MegaCap,tech-semis,NYSE,453,-1.28%,-4.12%,+6.19%,+42.95%,+63%,2351.08,1.239,33.28,11.34,9207499,49196599,219575799,82.0,0.57,strong_buy,1.38,-1.28,98.72,-1.28,987.2,-12.8,9872.0,-128.0,-4.12,95.88,-4.12,958.8,-41.2,9588.0,-412.0,6.19,106.19,6.19,1061.9,61.9,10619.0,619.0,42.95,142.95,42.95,1429.5,429.5,14295.0,4295.0,63.0,163.0,63.0,1630.0,630.0,16300.0,6300.0,,,,,,,,,,,,,5,strong_buy,0.84,"YTD +52.09%, P/E 35.05, strong_buy consensus, with low short interest (0.57%) and a dominant position in advanced nodes; Terafab risk appears limited as Musk clarified TSMC's role is subleasing only [invezz.com](https://invezz.com/news/2026/10/07/intel-gains-before-opening-bell-how-musks-comments-became-a-catalyst/).",+52.09% YTD; P/E 35.05 reasonable; strong_buy rating; Low short interest 0.57%,,,,,
ASML,ASML Holding,MegaCap,tech-semis,NASDAQ,1780,+0.60%,-4.66%,+5.51%,+53.71%,+89%,683.829,1.302,57.78,1.49,1203224,7392924,30954124,51.0,0.38,strong_buy,1.43,0.6,100.6,0.6,1006.0,6.0,10060.0,60.0,-4.66,95.34,-4.66,953.4,-46.6,9534.0,-466.0,5.51,105.51,5.51,1055.1,55.1,10551.0,551.0,53.71,153.71,53.71,1537.1,537.1,15371.0,5371.0,89.0,189.0,89.0,1890.0,890.0,18900.0,8900.0,,,,,,,,,,,,,,,,,,,,,,
ARM,Arm Holdings,MegaCap,tech-semis,NASDAQ,266,-3.27%,-13.40%,+4.76%,+132.09%,+78%,284.387,3.789,274.52,5.19,4248039,20166039,126678339,,10.69,buy,1.91,-3.27,96.73,-3.27,967.3,-32.7,9673.0,-327.0,-13.4,86.6,-13.4,866.0,-134.0,8660.0,-1340.0,4.76,104.76,4.76,1047.6,47.6,10476.0,476.0,132.09,232.09,132.09,2320.9,1320.9,23209.0,13209.0,78.0,178.0,78.0,1780.0,780.0,17800.0,7800.0,,,,,,,,,,,,,6,buy,0.846,"YTD +163.71%, 1M +15.69%, but P/E 311.92 and high short interest (10.69%); analyst rating buy, driven by custom CPU designs for AI agents and Meta as debut Arm CPU customer [cnbc.com](https://www.cnbc.com/2026/10/06/meta-muse-gives-amd-a-boost-as-ai-momentum-shifts-to-personal-agents-.html).",+163.71% YTD momentum; +15.69% 1-month gain; Agent CPU market growth; High valuation risk,,,,,
INTC,Intel,MegaCap,tech-semis,NASDAQ,105,-2.22%,-12.26%,+4.37%,+165.87%,+194%,553.455,2.23,,107.07,74577145,460906345,2368613045,,3.01,buy,2.47,-2.22,97.78,-2.22,977.8,-22.2,9778.0,-222.0,-12.26,87.74,-12.26,877.4,-122.6,8774.0,-1226.0,4.37,104.37,4.37,1043.7,43.7,10437.0,437.0,165.87,265.87,165.87,2658.7,1658.7,26587.0,16587.0,194.0,294.0,194.0,2940.0,1940.0,29400.0,19400.0,,,,,,,,,,,,,9,buy,0.96,"YTD +185.68%, 1M +7.69%, analyst rating buy, with Terafab catalyst reaffirmed by Musk and Intel CEO, removing TSMC takeover fears; but P/E is negative and short interest elevated at 3.01% [invezz.com](https://invezz.com/news/2026/10/07/intel-gains-before-opening-bell-how-musks-comments-became-a-catalyst/).",+185.68% YTD rally; Terafab partnership clarity; High short interest 3.01%; No trailing earnings,,,,,
2222.SR,Saudi Aramco,MegaCap,global-growth,TADAWUL,6.85,-0.16%,+1.82%,-1.23%,+11.95%,+5%,1658.241,0.016,15.23,8.09,16824618,52641312,191983113,527.0,,buy,2.11,-0.16,99.84,-0.16,998.4,-1.6,9984.0,-16.0,1.82,101.82,1.82,1018.2,18.2,10182.0,182.0,-1.23,98.77,-1.23,987.7,-12.3,9877.0,-123.0,11.95,111.95,11.95,1119.5,119.5,11195.0,1195.0,5.0,105.0,5.0,1050.0,50.0,10500.0,500.0,,,,,,,,,,,,,,,,,,,,,,
BABA,Alibaba Group,MegaCap,global-growth,NYSE,111,+5.36%,+5.21%,+2.59%,-27.83%,-34%,277.06,0.463,26.97,10.42,12312876,48536876,188267676,99.0,1.68,strong_buy,1.32,5.36,105.36,5.36,1053.6,53.6,10536.0,536.0,5.21,105.21,5.21,1052.1,52.1,10521.0,521.0,2.59,102.59,2.59,1025.9,25.9,10259.0,259.0,-27.83,72.17,-27.83,721.7,-278.3,7217.0,-2783.0,-34.0,66.0,-34.0,660.0,-340.0,6600.0,-3400.0,,,,,,,,,,,,,,,,,,,,,,
SAP,SAP SE,MegaCap,global-growth,NYSE,215,+1.12%,+2.98%,+4.29%,-7.77%,-20%,247.9,0.758,27.57,2.58,2235891,9473991,39733191,138.0,0.44,buy,1.62,1.12,101.12,1.12,1011.2,11.2,10112.0,112.0,2.98,102.98,2.98,1029.8,29.8,10298.0,298.0,4.29,104.29,4.29,1042.9,42.9,10429.0,429.0,-7.77,92.23,-7.77,922.3,-77.7,9223.0,-777.0,-20.0,80.0,-20.0,800.0,-200.0,8000.0,-2000.0,,,,,,,,,,,,,,,,,,,,,,
SONY,Sony Group,MegaCap,global-growth,NYSE,24,+0.71%,+1.26%,+2.55%,-6.80%,-15%,140.823,0.814,19.93,4.39,3195104,20947904,76485104,66.0,0.21,buy,1.75,0.71,100.71,0.71,1007.1,7.1,10071.0,71.0,1.26,101.26,1.26,1012.6,12.6,10126.0,126.0,2.55,102.55,2.55,1025.5,25.5,10255.0,255.0,-6.8,93.2,-6.8,932.0,-68.0,9320.0,-680.0,-15.0,85.0,-15.0,850.0,-150.0,8500.0,-1500.0,,,,,,,,,,,,,,,,,,,,,,
TM,Toyota Motor,MegaCap,global-growth,NYSE,185,-0.38%,+2.10%,-3.73%,-14.95%,+0%,219.429,0.375,8.14,0.36,351936,1552836,6600136,337.0,0.09,none,,-0.38,99.62,-0.38,996.2,-3.8,9962.0,-38.0,2.1,102.1,2.1,1021.0,21.0,10210.0,210.0,-3.73,96.27,-3.73,962.7,-37.3,9627.0,-373.0,-14.95,85.05,-14.95,850.5,-149.5,8505.0,-1495.0,0.0,100.0,0.0,1000.0,0.0,10000.0,0.0,,,,,,,,,,,,,,,,,,,,,,
NVO,Novo Nordisk,MegaCap,global-growth,NYSE,39,+1.31%,+3.54%,-12.20%,-22.56%,-33%,170.571,0.384,9.45,12.64,9381643,67252243,322930943,471.0,0.83,hold,2.71,1.31,101.31,1.31,1013.1,13.1,10131.0,131.0,3.54,103.54,3.54,1035.4,35.4,10354.0,354.0,-12.2,87.8,-12.2,878.0,-122.0,8780.0,-1220.0,-22.56,77.44,-22.56,774.4,-225.6,7744.0,-2256.0,-33.0,67.0,-33.0,670.0,-330.0,6700.0,-3300.0,,,,,,,,,,,,,,,,,,,,,,
HSBC,HSBC Holdings,MegaCap,global-growth,NYSE,93,+0.40%,-3.29%,-10.34%,+20.06%,+40%,317.985,0.58,13.28,1.41,2016291,11046891,38797091,405.0,,hold,2.67,0.4,100.4,0.4,1004.0,4.0,10040.0,40.0,-3.29,96.71,-3.29,967.1,-32.9,9671.0,-329.0,-10.34,89.66,-10.34,896.6,-103.4,8966.0,-1034.0,20.06,120.06,20.06,1200.6,200.6,12006.0,2006.0,40.0,140.0,40.0,1400.0,400.0,14000.0,4000.0,,,,,,,,,,,,,,,,,,,,,,
AAPL,Apple,Tech,mega-cap,NASDAQ,336.64,-1.11%,+0.88%,+3.08%,+24.55%,+39%,4912.984,1.069,38.61,45.21,37821157,172151357,876144557,32.0,0.88,buy,2.2,-1.11,98.89,-1.11,988.9,-11.1,9889.0,-111.0,0.88,100.88,0.88,1008.8,8.8,10088.0,88.0,3.08,103.08,3.08,1030.8,30.8,10308.0,308.0,24.55,124.55,24.55,1245.5,245.5,12455.0,2455.0,39.0,139.0,39.0,1390.0,390.0,13900.0,3900.0,,,,,,,,,,,,,,,,,,,,,,
MSFT,Microsoft,Tech,mega-cap,NASDAQ,535.07,+2.38%,+3.39%,+8.66%,+13.85%,+2%,3973.187,1.099,29.81,27.69,17890995,102622195,477847395,75.0,0.91,strong_buy,1.29,2.38,102.38,2.38,1023.8,23.8,10238.0,238.0,3.39,103.39,3.39,1033.9,33.9,10339.0,339.0,8.66,108.66,8.66,1086.6,86.6,10866.0,866.0,13.85,113.85,13.85,1138.5,138.5,11385.0,1385.0,2.0,102.0,2.0,1020.0,20.0,10200.0,200.0,,,,,,,,,,,,,,,,,,,,,,
GOOGL,Alphabet (Google),Tech,mega-cap,NASDAQ,351.66,+0.97%,+2.38%,+5.73%,+11.80%,+47%,4300.779,1.211,17.64,26.98,17231359,106000259,574177759,25.0,1.49,strong_buy,1.37,0.97,100.97,0.97,1009.7,9.7,10097.0,97.0,2.38,102.38,2.38,1023.8,23.8,10238.0,238.0,5.73,105.73,5.73,1057.3,57.3,10573.0,573.0,11.8,111.8,11.8,1118.0,118.0,11180.0,1180.0,47.0,147.0,47.0,1470.0,470.0,14700.0,4700.0,,,,,,,,,,,,,,,,,,,,,,
AMZN,Amazon,Tech,mega-cap,NASDAQ,262.43,+3.29%,+4.34%,+4.18%,+15.86%,+17%,2830.652,1.456,21.11,39.19,33510286,181780686,792212486,,0.83,strong_buy,1.33,3.29,103.29,3.29,1032.9,32.9,10329.0,329.0,4.34,104.34,4.34,1043.4,43.4,10434.0,434.0,4.18,104.18,4.18,1041.8,41.8,10418.0,418.0,15.86,115.86,15.86,1158.6,158.6,11586.0,1586.0,17.0,117.0,17.0,1170.0,170.0,11700.0,1700.0,,,,,,,,,,,,,,,,,,,,,,
META,Meta Platforms,Tech,mega-cap,NASDAQ,718.67,-0.31%,-1.29%,+11.62%,+10.78%,+2%,1830.816,1.185,27.08,19.06,12586094,69637194,472178094,29.0,1.41,strong_buy,1.41,-0.31,99.69,-0.31,996.9,-3.1,9969.0,-31.0,-1.29,98.71,-1.29,987.1,-12.9,9871.0,-129.0,11.62,111.62,11.62,1116.2,116.2,11162.0,1162.0,10.78,110.78,10.78,1107.8,107.8,11078.0,1078.0,2.0,102.0,2.0,1020.0,20.0,10200.0,200.0,,,,,,,,,,,,,8,strong_buy,0.8,"YTD +13.89%, 1M +20.54%, strong_buy 1.41; Muse AI agent driving infrastructure spend [tipranks.com](https://www.tipranks.com/news/amd-nvidia-or-meta-which-ai-stock-is-citis-top-pick-no-1-analyst-weighs-in).",1M +20.54%; Strong_buy 1.41; P/E 27.96; Muse catalyst,,,,,
NVDA,NVIDIA,Tech,semiconductors,NASDAQ,229.28,-0.52%,-2.00%,+5.00%,+21.69%,+26%,5536.424,2.216,28.99,121.32,84307452,513650652,2371696252,43.0,1.27,strong_buy,1.3,-0.52,99.48,-0.52,994.8,-5.2,9948.0,-52.0,-2.0,98.0,-2.0,980.0,-20.0,9800.0,-200.0,5.0,105.0,5.0,1050.0,50.0,10500.0,500.0,21.69,121.69,21.69,1216.9,216.9,12169.0,2169.0,26.0,126.0,26.0,1260.0,260.0,12600.0,2600.0,,,,,,,,,,,,,4,strong_buy,0.85,"YTD +26.98%, P/E 30.25, strong_buy 1.3; SpaceX plans to buy chips, BNP PT $345 [tipranks.com](https://www.tipranks.com/news/nvidia-and-amd-stocks-what-drove-the-rally-and-which-stock-has-more-upside).",P/E 30.25; Strong_buy 1.3; SpaceX demand; BNP PT $345,,,,,
AMD,Advanced Micro Devices,Tech,semiconductors,NASDAQ,608.1,-2.03%,-4.07%,+20.75%,+172.12%,+189%,992.709,2.454,155.13,23.21,13664055,93676755,477755455,,2.46,strong_buy,1.49,-2.03,97.97,-2.03,979.7,-20.3,9797.0,-203.0,-4.07,95.93,-4.07,959.3,-40.7,9593.0,-407.0,20.75,120.75,20.75,1207.5,207.5,12075.0,2075.0,172.12,272.12,172.12,2721.2,1721.2,27212.0,17212.0,189.0,289.0,189.0,2890.0,1890.0,28900.0,18900.0,,,,,,,,,,,,,1,strong_buy,0.985,"YTD +190.61%, 1M +28.41%, strong_buy 1.49; Citi raised PT to $800 and Mizuho to $705 on agentic AI demand [tipranks.com](https://www.tipranks.com/news/amd-nvidia-or-meta-which-ai-stock-is-citis-top-pick-no-1-analyst-weighs-in).",YTD +190.61%; 1M +28.41%; Citi PT $800; Agentic AI tailwind,,,,,
INTC,Intel,Tech,semiconductors,NASDAQ,104.7,-2.22%,-12.26%,+4.37%,+165.87%,+194%,553.455,2.23,,107.07,74577145,460906345,2368613045,,3.01,buy,2.47,-2.22,97.78,-2.22,977.8,-22.2,9778.0,-222.0,-12.26,87.74,-12.26,877.4,-122.6,8774.0,-1226.0,4.37,104.37,4.37,1043.7,43.7,10437.0,437.0,165.87,265.87,165.87,2658.7,1658.7,26587.0,16587.0,194.0,294.0,194.0,2940.0,1940.0,29400.0,19400.0,,,,,,,,,,,,,,,,,,,,,,
TSM,Taiwan Semiconductor,Tech,semiconductors,NYSE,453.31,-1.28%,-4.12%,+6.19%,+42.95%,+63%,2351.08,1.239,33.28,11.34,9207499,49196599,219575799,82.0,0.57,strong_buy,1.38,-1.28,98.72,-1.28,987.2,-12.8,9872.0,-128.0,-4.12,95.88,-4.12,958.8,-41.2,9588.0,-412.0,6.19,106.19,6.19,1061.9,61.9,10619.0,619.0,42.95,142.95,42.95,1429.5,429.5,14295.0,4295.0,63.0,163.0,63.0,1630.0,630.0,16300.0,6300.0,,,,,,,,,,,,,5,strong_buy,0.8,"YTD +52.09%, 1M +10.16%, strong_buy 1.38; solid fundamentals with P/E 35.05.",YTD +52.09%; 1M +10.16%; Strong_buy 1.38; P/E 35.05,,,,,
AVGO,Broadcom,Tech,semiconductors,NASDAQ,361.54,+0.39%,+1.80%,+0.38%,+4.58%,+11%,1725.859,1.476,46.17,22.35,16467294,113974494,525489994,72.0,1.11,strong_buy,1.26,0.39,100.39,0.39,1003.9,3.9,10039.0,39.0,1.8,101.8,1.8,1018.0,18.0,10180.0,180.0,0.38,100.38,0.38,1003.8,3.8,10038.0,38.0,4.58,104.58,4.58,1045.8,45.8,10458.0,458.0,11.0,111.0,11.0,1110.0,110.0,11100.0,1100.0,,,,,,,,,,,,,,,,,,,,,,
QCOM,Qualcomm,Tech,semiconductors,NASDAQ,175.5,-0.29%,-5.07%,-0.78%,+3.04%,+15%,187.406,1.651,20.31,12.23,7555158,45561958,298640958,209.0,4.01,hold,2.57,-0.29,99.71,-0.29,997.1,-2.9,9971.0,-29.0,-5.07,94.93,-5.07,949.3,-50.7,9493.0,-507.0,-0.78,99.22,-0.78,992.2,-7.8,9922.0,-78.0,3.04,103.04,3.04,1030.4,30.4,10304.0,304.0,15.0,115.0,15.0,1150.0,150.0,11500.0,1500.0,,,,,,,,,,,,,,,,,,,,,,
ARM,Arm Holdings,Tech,semiconductors,NASDAQ,266.28,-3.27%,-13.40%,+4.76%,+132.09%,+78%,284.386,3.789,274.52,5.19,4248039,20166039,126678339,,10.69,buy,1.91,-3.27,96.73,-3.27,967.3,-32.7,9673.0,-327.0,-13.4,86.6,-13.4,866.0,-134.0,8660.0,-1340.0,4.76,104.76,4.76,1047.6,47.6,10476.0,476.0,132.09,232.09,132.09,2320.9,1320.9,23209.0,13209.0,78.0,178.0,78.0,1780.0,780.0,17800.0,7800.0,,,,,,,,,,,,,,,,,,,,,,
ASML,ASML Holding,Tech,semiconductors,NASDAQ,1780.34,+0.60%,-4.66%,+5.51%,+53.71%,+89%,683.829,1.302,57.78,1.49,1203224,7392924,30954124,51.0,0.38,strong_buy,1.43,0.6,100.6,0.6,1006.0,6.0,10060.0,60.0,-4.66,95.34,-4.66,953.4,-46.6,9534.0,-466.0,5.51,105.51,5.51,1055.1,55.1,10551.0,551.0,53.71,153.71,53.71,1537.1,537.1,15371.0,5371.0,89.0,189.0,89.0,1890.0,890.0,18900.0,8900.0,,,,,,,,,,,,,9,strong_buy,0.75,"YTD +58.36%, P/E 59.53, strong_buy 1.4; lithography leader with steady growth.",YTD +58.36%; Strong_buy 1.4; P/E 59.53,,,,,
MU,Micron Technology,Tech,semiconductors,NASDAQ,1029.0,-0.66%,-4.27%,+5.28%,+226.42%,+470%,1162.145,2.226,13.84,32.67,19765706,120578806,562315306,6.0,2.45,strong_buy,1.37,-0.66,99.34,-0.66,993.4,-6.6,9934.0,-66.0,-4.27,95.73,-4.27,957.3,-42.7,9573.0,-427.0,5.28,105.28,5.28,1052.8,52.8,10528.0,528.0,226.42,326.42,226.42,3264.2,2264.2,32642.0,22642.0,470.0,570.0,470.0,5700.0,4700.0,57000.0,47000.0,,,,,,,,,,,,,6,strong_buy,0.75,"YTD +231.67%, P/E 14.31, strong_buy 1.37; attractive valuation despite recent pullback.",YTD +231.67%; P/E 14.31; Strong_buy 1.37; Memory demand,,,,,
AMAT,Applied Materials,Tech,semiconductors,NASDAQ,507.03,-0.50%,-6.11%,+11.68%,+89.25%,+143%,402.378,1.591,43.75,6.93,3335378,23398978,133899078,42.0,1.78,strong_buy,1.45,-0.5,99.5,-0.5,995.0,-5.0,9950.0,-50.0,-6.11,93.89,-6.11,938.9,-61.1,9389.0,-611.0,11.68,111.68,11.68,1116.8,116.8,11168.0,1168.0,89.25,189.25,89.25,1892.5,892.5,18925.0,8925.0,143.0,243.0,143.0,2430.0,1430.0,24300.0,14300.0,,,,,,,,,,,,,7,strong_buy,0.8,"YTD +97.92%, 1M +12.16%, strong_buy 1.45; robust semi-cap equipment momentum.",YTD +97.92%; 1M +12.16%; Strong_buy 1.45,,,,,
ORCL,Oracle,Tech,enterprise-software,NYSE,141.4,+3.96%,-0.63%,-7.55%,-27.05%,-54%,428.654,1.77,22.16,31.74,25467677,121730877,755761077,147.0,2.73,buy,1.58,3.96,103.96,3.96,1039.6,39.6,10396.0,396.0,-0.63,99.37,-0.63,993.7,-6.3,9937.0,-63.0,-7.55,92.45,-7.55,924.5,-75.5,9245.0,-755.0,-27.05,72.95,-27.05,729.5,-270.5,7295.0,-2705.0,-54.0,46.0,-54.0,460.0,-540.0,4600.0,-5400.0,,,,,,,,,,,,,,,,,,,,,,
CRM,Salesforce,Tech,enterprise-software,NYSE,229.13,+0.70%,-2.37%,-5.54%,-9.04%,-6%,188.575,1.256,20.96,13.27,4678244,29711644,231562044,77.0,4.54,buy,1.75,0.7,100.7,0.7,1007.0,7.0,10070.0,70.0,-2.37,97.63,-2.37,976.3,-23.7,9763.0,-237.0,-5.54,94.46,-5.54,944.6,-55.4,9446.0,-554.0,-9.04,90.96,-9.04,909.6,-90.4,9096.0,-904.0,-6.0,94.0,-6.0,940.0,-60.0,9400.0,-600.0,,,,,,,,,,,,,,,,,,,,,,
ADBE,Adobe,Tech,enterprise-software,NASDAQ,242.27,+0.51%,+1.93%,-2.64%,-27.31%,-29%,94.291,1.415,13.53,5.06,3881488,22186188,118660788,,5.3,hold,2.77,0.51,100.51,0.51,1005.1,5.1,10051.0,51.0,1.93,101.93,1.93,1019.3,19.3,10193.0,193.0,-2.64,97.36,-2.64,973.6,-26.4,9736.0,-264.0,-27.31,72.69,-27.31,726.9,-273.1,7269.0,-2731.0,-29.0,71.0,-29.0,710.0,-290.0,7100.0,-2900.0,,,,,,,,,,,,,,,,,,,,,,
NOW,ServiceNow,Tech,enterprise-software,NYSE,140.86,+0.87%,+4.82%,+7.39%,-4.47%,-21%,145.63,0.99,88.04,17.72,6272232,43450132,241986932,,2.79,strong_buy,1.43,0.87,100.87,0.87,1008.7,8.7,10087.0,87.0,4.82,104.82,4.82,1048.2,48.2,10482.0,482.0,7.39,107.39,7.39,1073.9,73.9,10739.0,739.0,-4.47,95.53,-4.47,955.3,-44.7,9553.0,-447.0,-21.0,79.0,-21.0,790.0,-210.0,7900.0,-2100.0,,,,,,,,,,,,,,,,,,,,,,
SNOW,Snowflake,Tech,enterprise-software,NYSE,368.89,+7.42%,+8.17%,+11.88%,+70.22%,+42%,130.145,1.351,,4.75,8022555,21301855,91690555,,5.45,strong_buy,1.48,7.42,107.42,7.42,1074.2,74.2,10742.0,742.0,8.17,108.17,8.17,1081.7,81.7,10817.0,817.0,11.88,111.88,11.88,1118.8,118.8,11188.0,1188.0,70.22,170.22,70.22,1702.2,702.2,17022.0,7022.0,42.0,142.0,42.0,1420.0,420.0,14200.0,4200.0,,,,,,,,,,,,,,,,,,,,,,
INTU,Intuit,Tech,enterprise-software,NASDAQ,302.75,-0.75%,+8.21%,-2.75%,-51.23%,-53%,80.906,1.009,18.39,3.92,2601733,18194333,81776433,182.0,3.02,buy,2.06,-0.75,99.25,-0.75,992.5,-7.5,9925.0,-75.0,8.21,108.21,8.21,1082.1,82.1,10821.0,821.0,-2.75,97.25,-2.75,972.5,-27.5,9725.0,-275.0,-51.23,48.77,-51.23,487.7,-512.3,4877.0,-5123.0,-53.0,47.0,-53.0,470.0,-530.0,4700.0,-5300.0,,,,,,,,,,,,,,,,,,,,,,
CRWD,CrowdStrike,Tech,cybersecurity,NASDAQ,275.04,+4.57%,+1.85%,+31.69%,+142.55%,+113%,281.623,1.197,4584.0,9.61,7041009,37994309,227418209,,2.77,buy,1.72,4.57,104.57,4.57,1045.7,45.7,10457.0,457.0,1.85,101.85,1.85,1018.5,18.5,10185.0,185.0,31.69,131.69,31.69,1316.9,316.9,13169.0,3169.0,142.55,242.55,142.55,2425.5,1425.5,24255.0,14255.0,113.0,213.0,113.0,2130.0,1130.0,21300.0,11300.0,,,,,,,,,,,,,2,buy,0.85,"YTD +145.92%, 1M +32.78%, buy 1.72; Fal.Con Europe sold out with registrations up 60% [stocktwits.com](https://stocktwits.com/news-articles/markets/equity/why-nvda-amd-crwd-stocks-surged-to-52-week-highs-today/cZDHyMrRBlM).",YTD +145.92%; 1M +32.78%; 7-day streak; Fal.Con sold out,,,,,
PANW,Palo Alto Networks,Tech,cybersecurity,NASDAQ,418.78,+5.09%,+3.85%,+23.72%,+133.47%,+91%,342.562,0.933,1046.95,6.08,3832323,22030323,131251623,,2.69,buy,1.71,5.09,105.09,5.09,1050.9,50.9,10509.0,509.0,3.85,103.85,3.85,1038.5,38.5,10385.0,385.0,23.72,123.72,23.72,1237.2,237.2,12372.0,2372.0,133.47,233.47,133.47,2334.7,1334.7,23347.0,13347.0,91.0,191.0,91.0,1910.0,910.0,19100.0,9100.0,,,,,,,,,,,,,3,buy,0.8,"YTD +134.10%, 1M +24.61%, record close; TD Cowen raised PT to $440 [financefeeds.com](https://financefeeds.com/palo-alto-networks-panw-stock-419-91-up-3-23/).",YTD +134.10%; 1M +24.61%; Record high; PT $440,,,,,
NET,Cloudflare,Tech,cybersecurity,NYSE,360.93,+5.57%,+3.40%,+15.99%,+84.13%,+60%,128.52,1.645,,3.32,2621605,13147705,66394405,,2.71,buy,1.97,5.57,105.57,5.57,1055.7,55.7,10557.0,557.0,3.4,103.4,3.4,1034.0,34.0,10340.0,340.0,15.99,115.99,15.99,1159.9,159.9,11599.0,1599.0,84.13,184.13,84.13,1841.3,841.3,18413.0,8413.0,60.0,160.0,60.0,1600.0,600.0,16000.0,6000.0,,,,,,,,,,,,,10,buy,0.7,"YTD +81.11%, 1M +24.87%, buy 1.97; edge cloud growth despite no P/E.",YTD +81.11%; 1M +24.87%; Buy 1.97,,,,,
FTNT,Fortinet,Tech,cybersecurity,NASDAQ,194.75,+2.99%,+7.63%,+22.60%,+150.06%,+128%,142.891,1.037,68.82,4.6,2068351,17685251,87753251,,2.26,hold,2.8,2.99,102.99,2.99,1029.9,29.9,10299.0,299.0,7.63,107.63,7.63,1076.3,76.3,10763.0,763.0,22.6,122.6,22.6,1226.0,226.0,12260.0,2260.0,150.06,250.06,150.06,2500.6,1500.6,25006.0,15006.0,128.0,228.0,128.0,2280.0,1280.0,22800.0,12800.0,,,,,,,,,,,,,,,,,,,,,,
NFLX,Netflix,Tech,consumer-platform,NASDAQ,70.3,-1.77%,+4.83%,-7.51%,-22.74%,-41%,292.724,1.613,22.11,37.14,29022504,177421604,796783804,,2.28,buy,1.8,-1.77,98.23,-1.77,982.3,-17.7,9823.0,-177.0,4.83,104.83,4.83,1048.3,48.3,10483.0,483.0,-7.51,92.49,-7.51,924.9,-75.1,9249.0,-751.0,-22.74,77.26,-22.74,772.6,-227.4,7726.0,-2274.0,-41.0,59.0,-41.0,590.0,-410.0,5900.0,-4100.0,,,,,,,,,,,,,,,,,,,,,,
SHOP,Shopify,Tech,consumer-platform,NYSE,170.85,+2.83%,+12.85%,+34.95%,+8.68%,+9%,221.705,2.625,115.44,9.46,6727472,39149972,213368672,,1.36,buy,1.69,2.83,102.83,2.83,1028.3,28.3,10283.0,283.0,12.85,112.85,12.85,1128.5,128.5,11285.0,1285.0,34.95,134.95,34.95,1349.5,349.5,13495.0,3495.0,8.68,108.68,8.68,1086.8,86.8,10868.0,868.0,9.0,109.0,9.0,1090.0,90.0,10900.0,900.0,,,,,,,,,,,,,,,,,,,,,,
SPOT,Spotify,Tech,consumer-platform,NYSE,529.14,+0.52%,+11.89%,+1.42%,-7.98%,-23%,108.783,1.614,30.41,1.67,1320449,7344149,32087749,,2.86,buy,1.6,0.52,100.52,0.52,1005.2,5.2,10052.0,52.0,11.89,111.89,11.89,1118.9,118.9,11189.0,1189.0,1.42,101.42,1.42,1014.2,14.2,10142.0,142.0,-7.98,92.02,-7.98,920.2,-79.8,9202.0,-798.0,-23.0,77.0,-23.0,770.0,-230.0,7700.0,-2300.0,,,,,,,,,,,,,,,,,,,,,,
UBER,Uber,Tech,consumer-platform,NYSE,71.51,+2.00%,+4.99%,-1.45%,-13.70%,-25%,146.063,1.265,15.68,18.03,16530388,75139588,396097188,,2.32,buy,1.58,2.0,102.0,2.0,1020.0,20.0,10200.0,200.0,4.99,104.99,4.99,1049.9,49.9,10499.0,499.0,-1.45,98.55,-1.45,985.5,-14.5,9855.0,-145.0,-13.7,86.3,-13.7,863.0,-137.0,8630.0,-1370.0,-25.0,75.0,-25.0,750.0,-250.0,7500.0,-2500.0,,,,,,,,,,,,,,,,,,,,,,
CSCO,Cisco Systems,Tech,hardware-infra,NASDAQ,118.39,+3.05%,+5.52%,+10.62%,+57.73%,+69%,466.762,0.979,35.55,19.44,11343626,81159426,410765126,146.0,1.46,buy,1.86,3.05,103.05,3.05,1030.5,30.5,10305.0,305.0,5.52,105.52,5.52,1055.2,55.2,10552.0,552.0,10.62,110.62,10.62,1106.2,106.2,11062.0,1062.0,57.73,157.73,57.73,1577.3,577.3,15773.0,5773.0,69.0,169.0,69.0,1690.0,690.0,16900.0,6900.0,,,,,,,,,,,,,,,,,,,,,,
PLTR,Palantir Technologies,Tech,hardware-infra,NASDAQ,209.05,+5.17%,+10.75%,+26.04%,+24.54%,+13%,502.359,1.602,180.22,33.43,37389859,130345659,518111659,,2.8,buy,1.81,5.17,105.17,5.17,1051.7,51.7,10517.0,517.0,10.75,110.75,10.75,1107.5,107.5,11075.0,1075.0,26.04,126.04,26.04,1260.4,260.4,12604.0,2604.0,24.54,124.54,24.54,1245.4,245.4,12454.0,2454.0,13.0,113.0,13.0,1130.0,130.0,11300.0,1300.0,,,,,,,,,,,,,,,,,,,,,,
