ticker,company_name,sector,category,exchange,price_usd,change_1d,change_1w,change_1m,change_ytd,return_1yr,market_cap_usd_b,beta,pe_ratio,avg_volume_m,vol_1d,vol_1w,vol_1m,div_yield_pct,short_pct,analyst,analyst_score,pct_1d,val_100_1d,profit_100_1d,val_1000_1d,profit_1000_1d,val_10000_1d,profit_10000_1d,pct_1w,val_100_1w,profit_100_1w,val_1000_1w,profit_1000_1w,val_10000_1w,profit_10000_1w,pct_1m,val_100_1m,profit_100_1m,val_1000_1m,profit_1000_1m,val_10000_1m,profit_10000_1m,pct_ytd,val_100_ytd,profit_100_ytd,val_1000_ytd,profit_1000_ytd,val_10000_ytd,profit_10000_ytd,pct_1y,val_100_1y,profit_100_1y,val_1000_1y,profit_1000_1y,val_10000_1y,profit_10000_1y,news1_title,news1_publisher,news1_date,news1_sentiment,news2_title,news2_publisher,news2_date,news2_sentiment,news3_title,news3_publisher,news3_date,news3_sentiment,signal_rank,signal,signal_confidence,signal_rationale,signal_drivers,portfolio_held,portfolio_quantity,portfolio_avg_price,portfolio_ppl,portfolio_total_value
SNDK,SanDisk Corporation,AI,memory,NASDAQ,1015.89,-9.20%,-36.48%,-55.32%,+269.09%,+2426%,150.443,,34.71,13.57,23282588,98023388,315201088,,8.28,buy,1.61,-9.2,90.8,-9.2,908.0,-92.0,9080.0,-920.0,-36.48,63.52,-36.48,635.2,-364.8,6352.0,-3648.0,-55.32,44.68,-55.32,446.8,-553.2,4468.0,-5532.0,269.09,369.09,269.09,3690.9,2690.9,36909.0,26909.0,2426.0,2526.0,2426.0,25260.0,24260.0,252600.0,242600.0,"Nvidia, Micron, AMD sink after SK Hynix results fail to impress, AI trade unwinds",Yahoo Finance,2026-07-29,-0.153,Semiconductor stocks are going up in smoke. But the S&P 500 is holding strong.,Yahoo Finance,2026-07-29,0.665,"Sandisk Stock Has Surged More Than 2,000% in a Year. History Suggests This Is Where the Stock Could Be in 2028",Motley Fool,2026-07-29,0.0,,,,,,,,,,
WDC,Western Digital,AI,memory,NASDAQ,462.04,-3.24%,-17.00%,-27.66%,+146.34%,+549%,159.257,2.166,27.62,8.48,9148268,36342068,155218668,13.0,7.61,strong_buy,1.5,-3.24,96.76,-3.24,967.6,-32.4,9676.0,-324.0,-17.0,83.0,-17.0,830.0,-170.0,8300.0,-1700.0,-27.66,72.34,-27.66,723.4,-276.6,7234.0,-2766.0,146.34,246.34,146.34,2463.4,1463.4,24634.0,14634.0,549.0,649.0,549.0,6490.0,5490.0,64900.0,54900.0,Seagate Stock Shakes Off AI Rally Fears With Big Earnings Beat,Investor's Business Daily,2026-07-29,-0.421,"Vertiv, SoFi, GE HealthCare, Micron, SK Hynix, Garmin, and More Stocks That Explain Today’s Market",Barrons.com,2026-07-29,0.0,"Sandisk Sinks 54% in July. The S&P 500’s Biggest Loser Is Still Up 2,000%.",Barrons.com,2026-07-29,-0.527,,,,,,,,,,
285A,Kioxia Holdings,AI,memory,TSE,234.98,-13.85%,-40.28%,-56.61%,+238.15%,+1717%,128.588,,37.95,38.76,86230700,263622200,1017965700,,,buy,1.62,-13.85,86.15,-13.85,861.5,-138.5,8615.0,-1385.0,-40.28,59.72,-40.28,597.2,-402.8,5972.0,-4028.0,-56.61,43.39,-56.61,433.9,-566.1,4339.0,-5661.0,238.15,338.15,238.15,3381.5,2381.5,33815.0,23815.0,1717.0,1817.0,1717.0,18170.0,17170.0,181700.0,171700.0,Asian Markets Seeing Rotation Away From Tech,The Wall Street Journal,2026-07-29,0.0,"Chip stocks down: Micron, Sandisk, Intel shares get hammered as AI uncertainty infects global markets",FastCompany,2026-07-28,-0.052,Asian chip stocks slide as China competition fears rattle AI trade,Reuters,2026-07-28,-0.421,,,,,,,,,,
MU,Micron Technology,AI,memory,NASDAQ,739.0,-11.04%,-22.98%,-35.97%,+134.43%,+615%,834.622,2.142,16.71,52.69,67355489,256985389,967001789,6.0,3.21,strong_buy,1.42,-11.04,88.96,-11.04,889.6,-110.4,8896.0,-1104.0,-22.98,77.02,-22.98,770.2,-229.8,7702.0,-2298.0,-35.97,64.03,-35.97,640.3,-359.7,6403.0,-3597.0,134.43,234.43,134.43,2344.3,1344.3,23443.0,13443.0,615.0,715.0,615.0,7150.0,6150.0,71500.0,61500.0,"Nvidia, Micron, AMD sink after SK Hynix results fail to impress, AI trade unwinds",Yahoo Finance,2026-07-29,-0.153,Semiconductor stocks are going up in smoke. But the S&P 500 is holding strong.,Yahoo Finance,2026-07-29,0.665,"SK Hynix’s Profits Explode 550%, but Its $31 Billion Spending Plan Sends Investors Running",24/7 Wall St.,2026-07-29,0.238,,,,,,,,,,
STX,Seagate Technology,AI,memory,NASDAQ,764.43,-4.04%,-15.82%,-20.78%,+166.51%,+407%,171.408,2.067,72.53,4.63,9219184,32583284,109888984,36.0,3.72,strong_buy,1.44,-4.04,95.96,-4.04,959.6,-40.4,9596.0,-404.0,-15.82,84.18,-15.82,841.8,-158.2,8418.0,-1582.0,-20.78,79.22,-20.78,792.2,-207.8,7922.0,-2078.0,166.51,266.51,166.51,2665.1,1665.1,26651.0,16651.0,407.0,507.0,407.0,5070.0,4070.0,50700.0,40700.0,Citi Sets Stunning Seagate Stock Target After Earnings,GuruFocus.com,2026-07-29,0.382,Seagate Stock Shakes Off AI Rally Fears With Big Earnings Beat,Investor's Business Daily,2026-07-29,-0.421,"Vertiv, SoFi, GE HealthCare, Micron, SK Hynix, Garmin, and More Stocks That Explain Today’s Market",Barrons.com,2026-07-29,0.0,,,,,,,,,,
MRVL,Marvell Technology,AI,memory,NASDAQ,163.4,-7.68%,-22.56%,-45.13%,+83.06%,+113%,146.659,2.197,56.15,41.51,24229911,111253111,546604011,13.0,4.34,strong_buy,1.42,-7.68,92.32,-7.68,923.2,-76.8,9232.0,-768.0,-22.56,77.44,-22.56,774.4,-225.6,7744.0,-2256.0,-45.13,54.87,-45.13,548.7,-451.3,5487.0,-4513.0,83.06,183.06,83.06,1830.6,830.6,18306.0,8306.0,113.0,213.0,113.0,2130.0,1130.0,21300.0,11300.0,Marvell Is Making a Bigger Bet on India,GuruFocus.com,2026-07-29,0.0,What Could Push NVDA Stock Higher From Here?,Trefis,2026-07-29,0.0,"Here is What to Know Beyond Why Marvell Technology, Inc. (MRVL) is a Trending Stock",Zacks,2026-07-29,0.0,,,,,,,,,,
P,Everpure,AI,memory,NYSE,69.25,-2.81%,-7.15%,-12.11%,+0.35%,+23%,23.019,1.447,104.92,3.32,3743640,11044940,51293040,,4.43,buy,1.9,-2.81,97.19,-2.81,971.9,-28.1,9719.0,-281.0,-7.15,92.85,-7.15,928.5,-71.5,9285.0,-715.0,-12.11,87.89,-12.11,878.9,-121.1,8789.0,-1211.0,0.35,100.35,0.35,1003.5,3.5,10035.0,35.0,23.0,123.0,23.0,1230.0,230.0,12300.0,2300.0,Everpure (P) And The AI Infrastructure Narrative As Valuation Questions Grow,Simply Wall St.,2026-07-24,0.0,Does Everpure (P) Signal A Shift From Pure Growth Story To Earnings Quality-Driven Narrative?,Simply Wall St.,2026-07-24,0.382,3 Reasons Growth Investors Will Love Everpure (P),Zacks,2026-07-23,0.778,10,buy,0.5,"P has positive 1M momentum of +0.93%, a buy rating, and the highest news sentiment in the universe at 0.362, but a very high P/E of 112.29 and high short interest of 4.43%.",highest news sentiment 0.362; buy analyst consensus; +0.93% 1-month momentum; P/E 112.29,,,,,
RR.,Rolls-Royce Holdings,AI,nuclear-ops,LSE,18.45,-2.78%,-0.86%,-2.49%,+15.29%,+44%,1.525,1.203,20.0,26.99,29914275,167083387,460017353,67.0,,buy,1.6,-2.78,97.22,-2.78,972.2,-27.8,9722.0,-278.0,-0.86,99.14,-0.86,991.4,-8.6,9914.0,-86.0,-2.49,97.51,-2.49,975.1,-24.9,9751.0,-249.0,15.29,115.29,15.29,1152.9,152.9,11529.0,1529.0,44.0,144.0,44.0,1440.0,440.0,14400.0,4400.0,"Luxury brands, automakers signal consumer weakness from China",Yahoo Finance Video,2026-07-29,-0.421,AI Stocks’ Loss Is London’s Gain,The Wall Street Journal,2026-07-29,0.273,Quantinuum (QNT) Joins Rolls Royce And Partners To Tackle Gas Turbine Quantum Simulations,Simply Wall St.,2026-07-28,0.0,7,buy,0.6,"RR. shows positive momentum (+3.41% 1W, +0.41% 1D, +18.58% YTD), a low P/E of 20.57, a high dividend yield of 0.67%, and a buy rating, with recent news on quantum computing partnerships.",+3.41% 1-week momentum; P/E 20.57; dividend yield 0.67%; quantum computing catalyst,,,,,
CEG,Constellation Energy,AI,nuclear-ops,NASDAQ,257.95,-1.16%,-6.17%,+3.86%,-29.37%,-25%,92.114,1.121,22.41,3.68,2706437,13998737,67907437,63.0,3.33,buy,1.52,-1.16,98.84,-1.16,988.4,-11.6,9884.0,-116.0,-6.17,93.83,-6.17,938.3,-61.7,9383.0,-617.0,3.86,103.86,3.86,1038.6,38.6,10386.0,386.0,-29.37,70.63,-29.37,706.3,-293.7,7063.0,-2937.0,-25.0,75.0,-25.0,750.0,-250.0,7500.0,-2500.0,China Shock Just Came for Your Portfolio,The Wall Street Journal,2026-07-29,-0.382,Can CEG's Capital Allocation Strategy Enhance Shareholder Value?,Zacks,2026-07-28,0.34,Energy Transition Update - SunPower Advances Amid Solar Industry Challenges,Simply Wall St.,2026-07-28,0.34,6,buy,0.65,"CEG has a buy rating with an_score 1.52, a low P/E of 23.47, a high dividend yield of 0.63%, and positive news sentiment of 0.218, with stable 1M momentum of +0.19%.",P/E 23.47; dividend yield 0.63%; positive news sentiment 0.218; buy analyst consensus,,,,,
VST,Vistra Corp,AI,nuclear-ops,NYSE,142.81,-4.05%,-14.35%,-9.97%,-13.33%,-28%,48.153,1.409,23.88,4.76,4440230,19867430,85319930,62.0,4.32,strong_buy,1.35,-4.05,95.95,-4.05,959.5,-40.5,9595.0,-405.0,-14.35,85.65,-14.35,856.5,-143.5,8565.0,-1435.0,-9.97,90.03,-9.97,900.3,-99.7,9003.0,-997.0,-13.33,86.67,-13.33,866.7,-133.3,8667.0,-1333.0,-28.0,72.0,-28.0,720.0,-280.0,7200.0,-2800.0,Edison International to Release Q2 Earnings: What's in Store?,Zacks,2026-07-29,0.0,Vistra Corp. (VST) Stock Declines While Market Improves: Some Information for Investors,Zacks,2026-07-28,0.421,Can CEG's Capital Allocation Strategy Enhance Shareholder Value?,Zacks,2026-07-28,0.34,,,,,,,,,,
TLN,Talen Energy,AI,nuclear-ops,NASDAQ,316.19,-4.82%,-16.22%,-17.71%,-20.30%,-13%,15.113,1.619,,0.82,932388,3686988,15169988,,5.9,buy,1.59,-4.82,95.18,-4.82,951.8,-48.2,9518.0,-482.0,-16.22,83.78,-16.22,837.8,-162.2,8378.0,-1622.0,-17.71,82.29,-17.71,822.9,-177.1,8229.0,-1771.0,-20.3,79.7,-20.3,797.0,-203.0,7970.0,-2030.0,-13.0,87.0,-13.0,870.0,-130.0,8700.0,-1300.0,Talen Energy Corporation (TLN) Reports Next Week: Wall Street Expects Earnings Growth,Zacks,2026-07-29,0.572,3 Alternative Energy Stocks Riding the Next Wave of Clean Energy Growth,Zacks,2026-07-29,0.818,Why Talen Energy Corporation (TLN) is Poised to Beat Earnings Estimates Again,Zacks,2026-07-27,0.477,,,,,,,,,,
BEP,Brookfield Renewable,AI,nuclear-ops,NYSE,31.65,-2.97%,-1.71%,-8.87%,+15.92%,+18%,15.43,0.996,,0.93,710520,6266720,20424220,490.0,0.4,buy,2.38,-2.97,97.03,-2.97,970.3,-29.7,9703.0,-297.0,-1.71,98.29,-1.71,982.9,-17.1,9829.0,-171.0,-8.87,91.13,-8.87,911.3,-88.7,9113.0,-887.0,15.92,115.92,15.92,1159.2,159.2,11592.0,1592.0,18.0,118.0,18.0,1180.0,180.0,11800.0,1800.0,3 Energy Stocks Yielding Over 4.5% to Cash in on the AI Power Boom,Motley Fool,2026-07-25,0.273,NextEra Energy vs Brookfield Renewable: The Better Dividend Stock,24/7 Wall St.,2026-07-25,0.612,These 2 Top High-Yield Dividend Stocks Are Simplifying. Here's What That Means for Dividend Investors.,Motley Fool,2026-07-22,0.202,,,,,,,,,,
BEPC,Brookfield Renewable Corp,AI,nuclear-ops,NYSE,32.12,-0.25%,-1.92%,-13.47%,-17.95%,-11%,5.858,1.159,,1.62,1567254,11702254,34175254,481.0,,hold,2.83,-0.25,99.75,-0.25,997.5,-2.5,9975.0,-25.0,-1.92,98.08,-1.92,980.8,-19.2,9808.0,-192.0,-13.47,86.53,-13.47,865.3,-134.7,8653.0,-1347.0,-17.95,82.05,-17.95,820.5,-179.5,8205.0,-1795.0,-11.0,89.0,-11.0,890.0,-110.0,8900.0,-1100.0,NextEra Energy vs Brookfield Renewable: The Better Dividend Stock,24/7 Wall St.,2026-07-25,0.612,These 2 Top High-Yield Dividend Stocks Are Simplifying. Here's What That Means for Dividend Investors.,Motley Fool,2026-07-22,0.202,Brookfield Renewable to Simplify Corporate Structure,MT Newswires,2026-07-22,0.0,,,,,,,,,,
GEV,GE Vernova,AI,smr,NYSE,900.28,-4.83%,-8.60%,-23.37%,+32.73%,+44%,239.774,0.935,25.79,2.86,3415229,16942129,62555929,21.0,3.8,buy,1.58,-4.83,95.17,-4.83,951.7,-48.3,9517.0,-483.0,-8.6,91.4,-8.6,914.0,-86.0,9140.0,-860.0,-23.37,76.63,-23.37,766.3,-233.7,7663.0,-2337.0,32.73,132.73,32.73,1327.3,327.3,13273.0,3273.0,44.0,144.0,44.0,1440.0,440.0,14400.0,4400.0,Vertiv stock sinks on earnings miss: A look at key AI infrastructure players,Yahoo Finance Video,2026-07-29,-0.153,GE (NYSE:GE) Is Finding A New Role Powering The AI Data Center Boom,Simply Wall St.,2026-07-29,0.0,Vertiv Earnings Beat Estimates. Why the Stock Is Falling.,Barrons.com,2026-07-29,-0.153,,,,,,,,,,
BWXT,BWX Technologies,AI,smr,NYSE,157.44,-8.47%,-10.12%,-19.12%,-13.19%,+11%,14.423,0.737,41.98,0.99,1164967,3988167,17894967,61.0,4.13,buy,1.81,-8.47,91.53,-8.47,915.3,-84.7,9153.0,-847.0,-10.12,89.88,-10.12,898.8,-101.2,8988.0,-1012.0,-19.12,80.88,-19.12,808.8,-191.2,8088.0,-1912.0,-13.19,86.81,-13.19,868.1,-131.9,8681.0,-1319.0,11.0,111.0,11.0,1110.0,110.0,11100.0,1100.0,US-Saudi Sign Landmark Atomic Deal: A Game Changer for Nuclear ETFs?,Zacks,2026-07-29,0.077,BWX Technologies vs. Archer Aviation: What Do the Revenue Trends of These Aerospace and Defense Companies Tell Investors?,Motley Fool,2026-07-27,0.128,"Rivian upgraded, Check Point downgrade: Wall Street's top analyst calls",The Fly,2026-07-27,0.202,,,,,,,,,,
SMR,NuScale Power,AI,smr,NYSE,7.59,-8.00%,-12.56%,-24.33%,-53.46%,-84%*,2.626,2.252,,32.72,31242304,153659804,593328204,,23.15,hold,2.56,-8.0,92.0,-8.0,920.0,-80.0,9200.0,-800.0,-12.56,87.44,-12.56,874.4,-125.6,8744.0,-1256.0,-24.33,75.67,-24.33,756.7,-243.3,7567.0,-2433.0,-53.46,46.54,-53.46,465.4,-534.6,4654.0,-5346.0,-84.0,16.0,-84.0,160.0,-840.0,1600.0,-8400.0,1 Reason to Buy NuScale Power Stock This August,Motley Fool,2026-07-28,0.0,Bold Prediction: NuScale Power Is About to Break Out,Motley Fool,2026-07-27,0.382,Prediction: Buying NuScale Power Today Could Set You Up for Life,Motley Fool,2026-07-26,0.0,,,,,,,,,,
OKLO,Oklo Inc,AI,smr,NYSE,36.84,-7.76%,-17.21%,-29.60%,-52.65%,-48%*,6.41,1.159,,11.9,7126166,42377766,180884166,,18.39,buy,2.04,-7.76,92.24,-7.76,922.4,-77.6,9224.0,-776.0,-17.21,82.79,-17.21,827.9,-172.1,8279.0,-1721.0,-29.6,70.4,-29.6,704.0,-296.0,7040.0,-2960.0,-52.65,47.35,-52.65,473.5,-526.5,4735.0,-5265.0,-48.0,52.0,-48.0,520.0,-480.0,5200.0,-4800.0,Oklo Is Down Over 75% From Its High. It's Still Not the Best Nuclear Stock to Buy.,Motley Fool,2026-07-29,-0.522,US-Saudi Sign Landmark Atomic Deal: A Game Changer for Nuclear ETFs?,Zacks,2026-07-29,0.077,Oklo (OKLO) Wins DOE Startup Approval For Its Groves Test Reactor,Simply Wall St.,2026-07-29,0.778,,,,,,,,,,
NNE,NANO Nuclear Energy,AI,smr,NASDAQ,14.88,-7.29%,-14.09%,-29.61%,-46.11%,-55%*,0.799,5.27,,2.77,2204099,10258399,45451799,,33.42,buy,1.57,-7.29,92.71,-7.29,927.1,-72.9,9271.0,-729.0,-14.09,85.91,-14.09,859.1,-140.9,8591.0,-1409.0,-29.61,70.39,-29.61,703.9,-296.1,7039.0,-2961.0,-46.11,53.89,-46.11,538.9,-461.1,5389.0,-4611.0,-55.0,45.0,-55.0,450.0,-550.0,4500.0,-5500.0,NANO Nuclear Energy shares gain after securing U.S. Air Force contract,InvestorsHub,2026-07-27,0.84,Nuclear Stocks Rally Off Lows On Milestone U.S. Deal And AI Program,Investor's Business Daily,2026-07-22,-0.202,Why This $16 Energy Stock Could Be Worth $250 by 2040,Motley Fool,2026-07-22,0.459,,,,,,,,,,
CCJ,Cameco Corporation,AI,uranium,NYSE,84.57,-2.79%,-6.42%,-16.97%,-14.19%,+12%,36.833,1.0,79.78,3.43,2940569,16392369,79405969,20.0,,buy,1.68,-2.79,97.21,-2.79,972.1,-27.9,9721.0,-279.0,-6.42,93.58,-6.42,935.8,-64.2,9358.0,-642.0,-16.97,83.03,-16.97,830.3,-169.7,8303.0,-1697.0,-14.19,85.81,-14.19,858.1,-141.9,8581.0,-1419.0,12.0,112.0,12.0,1120.0,120.0,11200.0,1200.0,Centrus Energy to Report Q2 Earnings: What's in Store for the Stock?,Zacks,2026-07-29,0.273,US-Saudi Sign Landmark Atomic Deal: A Game Changer for Nuclear ETFs?,Zacks,2026-07-29,0.077,The Next AI Trade: Fireside Chat with Noble Plains Uranium CEO Drew Zimmerman,IPO-Edge.com,2026-07-29,0.459,,,,,,,,,,
UEC,Uranium Energy Corp,AI,uranium,NYSE,9.04,-4.44%,-7.09%,-15.20%,-31.05%,+9%,4.432,1.186,,9.96,9280885,38309585,159371585,,14.14,strong_buy,1.44,-4.44,95.56,-4.44,955.6,-44.4,9556.0,-444.0,-7.09,92.91,-7.09,929.1,-70.9,9291.0,-709.0,-15.2,84.8,-15.2,848.0,-152.0,8480.0,-1520.0,-31.05,68.95,-31.05,689.5,-310.5,6895.0,-3105.0,9.0,109.0,9.0,1090.0,90.0,10900.0,900.0,The Next AI Trade: Fireside Chat with Noble Plains Uranium CEO Drew Zimmerman,IPO-Edge.com,2026-07-29,0.459,Should Cameco Stock be in Your Portfolio Before Q2 Earnings?,Zacks,2026-07-28,0.0,"OKLO, XE, SMR, NNE, UEC Stocks Tumble On Thursday: AI Made Nuclear Stocks Market Darlings – Now Investors Want Proof",Stocktwits,2026-07-17,0.542,,,,,,,,,,
LEU,Centrus Energy,AI,uranium,NYSE,159.69,-4.73%,-8.37%,-4.87%,-41.40%,-25%,3.141,1.359,58.07,0.88,646514,3421014,17461714,,26.55,buy,1.71,-4.73,95.27,-4.73,952.7,-47.3,9527.0,-473.0,-8.37,91.63,-8.37,916.3,-83.7,9163.0,-837.0,-4.87,95.13,-4.87,951.3,-48.7,9513.0,-487.0,-41.4,58.6,-41.4,586.0,-414.0,5860.0,-4140.0,-25.0,75.0,-25.0,750.0,-250.0,7500.0,-2500.0,Centrus Energy to Report Q2 Earnings: What's in Store for the Stock?,Zacks,2026-07-29,0.273,Earnings Preview: Centrus Energy Corp. (LEU) Q2 Earnings Expected to Decline,Zacks,2026-07-29,0.273,US-Saudi Sign Landmark Atomic Deal: A Game Changer for Nuclear ETFs?,Zacks,2026-07-29,0.077,9,buy,0.5,"LEU has positive 1M momentum of +5.87% and a buy rating, but a high P/E of 64.02 and very high short interest of 26.55% indicate risk.",+5.87% 1-month momentum; buy analyst consensus; high short interest 26.55%; P/E 64.02,,,,,
VRT,Vertiv Holdings,AI,power-infra,NYSE,223.04,-17.39%,-25.94%,-33.39%,+27.07%,+87%,85.672,2.029,55.9,5.9,21107703,40786203,116906203,9.0,2.92,strong_buy,1.39,-17.39,82.61,-17.39,826.1,-173.9,8261.0,-1739.0,-25.94,74.06,-25.94,740.6,-259.4,7406.0,-2594.0,-33.39,66.61,-33.39,666.1,-333.9,6661.0,-3339.0,27.07,127.07,27.07,1270.7,270.7,12707.0,2707.0,87.0,187.0,87.0,1870.0,870.0,18700.0,8700.0,Vertiv stock sinks on earnings miss: A look at key AI infrastructure players,Yahoo Finance Video,2026-07-29,-0.153,"Vertiv, SoFi, GE HealthCare, Micron, SK Hynix, Garmin, and More Stocks That Explain Today’s Market",Barrons.com,2026-07-29,0.0,Vertiv Earnings Beat Estimates. Why the Stock Is Falling.,Barrons.com,2026-07-29,-0.153,,,,,,,,,,
ETN,Eaton Corporation,AI,power-infra,NYSE,361.88,-6.73%,-11.07%,-15.08%,+11.21%,-1%,140.518,1.181,35.34,2.56,4507905,13002505,46222105,114.0,2.06,buy,1.63,-6.73,93.27,-6.73,932.7,-67.3,9327.0,-673.0,-11.07,88.93,-11.07,889.3,-110.7,8893.0,-1107.0,-15.08,84.92,-15.08,849.2,-150.8,8492.0,-1508.0,11.21,111.21,11.21,1112.1,112.1,11121.0,1121.0,-1.0,99.0,-1.0,990.0,-10.0,9900.0,-100.0,Should You Add Eaton Stock to Your Portfolio Ahead of Q2 Earnings?,Zacks,2026-07-29,0.0,AI’s Picks and Shovels Are Getting Clobbered,The Wall Street Journal,2026-07-29,0.0,Eaton vs. Emerson: Which Electrification Stock Is the Better Buy?,Zacks,2026-07-28,0.44,,,,,,,,,,
POWL,Powell Industries,AI,power-infra,NASDAQ,186.39,-8.09%,-22.56%,-34.91%,+58.75%,+161%,6.79,1.135,36.4,0.76,1284270,4189370,16533870,18.0,9.73,buy,2.25,-8.09,91.91,-8.09,919.1,-80.9,9191.0,-809.0,-22.56,77.44,-22.56,774.4,-225.6,7744.0,-2256.0,-34.91,65.09,-34.91,650.9,-349.1,6509.0,-3491.0,58.75,158.75,58.75,1587.5,587.5,15875.0,5875.0,161.0,261.0,161.0,2610.0,1610.0,26100.0,16100.0,Powell Industries Gears Up to Report Q3 Earnings: What's in the Cards?,Zacks,2026-07-29,0.0,Powell Industries (POWL) Stock Drops Despite Market Gains: Important Facts to Note,Zacks,2026-07-28,-0.388,Powell Industries (POWL) Registers a Bigger Fall Than the Market: Important Facts to Note,Zacks,2026-07-22,0.202,,,,,,,,,,
EQIX,Equinix,AI,dc-operators,NASDAQ,1008.02,-3.57%,-2.01%,-3.30%,+33.30%,+30%,99.415,0.971,69.57,0.58,735442,3037942,12039042,190.0,2.18,buy,1.56,-3.57,96.43,-3.57,964.3,-35.7,9643.0,-357.0,-2.01,97.99,-2.01,979.9,-20.1,9799.0,-201.0,-3.3,96.7,-3.3,967.0,-33.0,9670.0,-330.0,33.3,133.3,33.3,1333.0,333.0,13330.0,3330.0,30.0,130.0,30.0,1300.0,300.0,13000.0,3000.0,Will Equinix's (EQIX) New AI-Focused Product Chief and Global Markets EVP Reshape Its Narrative?,Simply Wall St.,2026-07-28,0.0,Equinix (EQIX) Appoints Chris Audie And Bruce Owen To Key Leadership Roles,Simply Wall St.,2026-07-28,0.0,Equinix Stock Has A Message For Management,Trefis,2026-07-27,0.0,,,,,,,,,,
DLR,Digital Realty,AI,dc-operators,NYSE,188.18,-3.30%,+5.48%,+4.79%,+23.02%,+9%,70.806,1.053,91.8,2.95,1874363,21731563,84998863,253.0,0.01,buy,1.58,-3.3,96.7,-3.3,967.0,-33.0,9670.0,-330.0,5.48,105.48,5.48,1054.8,54.8,10548.0,548.0,4.79,104.79,4.79,1047.9,47.9,10479.0,479.0,23.02,123.02,23.02,1230.2,230.2,12302.0,2302.0,9.0,109.0,9.0,1090.0,90.0,10900.0,900.0,W.P. Carey's Q2 AFFO Beats Estimates on Investment Activity,Zacks,2026-07-29,0.0,"BXP Q2 FFO & Revenues Beat Estimates on Occupancy Gains, '26 View Up",Zacks,2026-07-29,0.34,"American Tower Q2 AFFO Meets Estimates, Revenues Beat, '26 View Up",Zacks,2026-07-28,0.0,1,buy,0.8,"DLR shows strong momentum with +1.36% 1M, +7.74% 1W, and +26.29% YTD, supported by a low 0.01% short interest, positive news sentiment of 0.263, and a buy analyst consensus.",+7.74% 1-week momentum; low short interest 0.01%; positive news sentiment 0.263; strong YTD return 26.29%,,,,,
AMT,American Tower,AI,dc-operators,NYSE,179.26,+4.43%,+7.95%,+9.59%,+4.56%,-18%,83.516,,28.87,3.22,5365599,20245299,69705899,407.0,1.89,buy,1.56,4.43,104.43,4.43,1044.3,44.3,10443.0,443.0,7.95,107.95,7.95,1079.5,79.5,10795.0,795.0,9.59,109.59,9.59,1095.9,95.9,10959.0,959.0,4.56,104.56,4.56,1045.6,45.6,10456.0,456.0,-18.0,82.0,-18.0,820.0,-180.0,8200.0,-1800.0,American Tower or Crown Castle? Wall Street’s Clear Pick Between Beaten-Down Tower REITs,24/7 Wall St.,2026-07-29,0.382,How Record CoreSite Leasing And Strong Q2 Results At American Tower (AMT) Have Changed Its Investment Story,Simply Wall St.,2026-07-29,0.511,American Tower Corp (AMT) Q2 2026 Earnings Call Highlights: Strong Global Leasing Demand and ...,GuruFocus.com,2026-07-28,0.421,2,buy,0.75,"AMT has positive short-term momentum (+1.68% 1M, +4.96% 1W, +2.15% 1D), a reasonable P/E of 26.88, a high dividend yield of 4.19%, and a buy rating with recent earnings highlighting strong global leasing demand.",+4.96% 1-week momentum; P/E 26.88; dividend yield 4.19%; positive earnings catalyst,,,,,
GOOGL,Alphabet (Google),AI,hyperscalers,NASDAQ,336.71,+0.24%,-1.57%,-5.78%,+6.98%,+70%,4117.941,1.247,16.9,33.05,26972279,186182079,611065879,26.0,1.34,strong_buy,1.39,0.24,100.24,0.24,1002.4,2.4,10024.0,24.0,-1.57,98.43,-1.57,984.3,-15.7,9843.0,-157.0,-5.78,94.22,-5.78,942.2,-57.8,9422.0,-578.0,6.98,106.98,6.98,1069.8,69.8,10698.0,698.0,70.0,170.0,70.0,1700.0,700.0,17000.0,7000.0,Meta's revenue forecast is 'barely passable': D.A. Davidson analyst,Yahoo Finance Video,2026-07-29,0.0,"Meta misses on Q2 earnings, stock tumbles",Yahoo Finance,2026-07-28,-0.226,"Apple to report Q3 earnings following price hikes on Macs, iPads",Yahoo Finance,2026-07-29,0.0,,,,,,,,,,
MSFT,Microsoft,AI,hyperscalers,NASDAQ,390.54,-1.25%,+0.05%,+4.70%,-17.06%,-23%,2901.101,1.13,23.25,39.09,42418496,160653396,684266496,94.0,1.24,strong_buy,1.34,-1.25,98.75,-1.25,987.5,-12.5,9875.0,-125.0,0.05,100.05,0.05,1000.5,0.5,10005.0,5.0,4.7,104.7,4.7,1047.0,47.0,10470.0,470.0,-17.06,82.94,-17.06,829.4,-170.6,8294.0,-1706.0,-23.0,77.0,-23.0,770.0,-230.0,7700.0,-2300.0,"Earnings live: Qualcomm stock slides, Arm Holdings little changed after results exceed expectations",Yahoo Finance,2026-07-27,0.0,"S&P 8,500 melt-up? Why money is leaving big tech",Yahoo Finance Video,2026-07-29,0.0,Markets brace for Fed decision and Big Tech earnings,Yahoo Finance Video,2026-07-28,0.0,3,strong_buy,0.7,"MSFT has strong_buy consensus with an_score 1.34, +6.72% 1M momentum, a reasonable P/E of 23.15, and a large market cap of $2.92T, though news sentiment is slightly negative at -0.24.",strong_buy consensus; +6.72% 1-month momentum; P/E 23.15; low short interest 1.24%,,,,,
AMZN,Amazon,AI,hyperscalers,NASDAQ,226.65,-2.32%,-7.43%,-4.90%,+0.07%,+0%,2438.098,1.461,27.11,48.23,39985089,201988889,843467989,,1.09,strong_buy,1.34,-2.32,97.68,-2.32,976.8,-23.2,9768.0,-232.0,-7.43,92.57,-7.43,925.7,-74.3,9257.0,-743.0,-4.9,95.1,-4.9,951.0,-49.0,9510.0,-490.0,0.07,100.07,0.07,1000.7,0.7,10007.0,7.0,0.0,100.0,0.0,1000.0,0.0,10000.0,0.0,"Earnings live: Qualcomm stock slides, Arm Holdings little changed after results exceed expectations",Yahoo Finance,2026-07-27,0.0,"S&P 8,500 melt-up? Why money is leaving big tech",Yahoo Finance Video,2026-07-29,0.0,Arm forecasts quarterly revenue above estimates on AI-driven chip demand,Reuters,2026-07-29,-0.128,5,strong_buy,0.7,"AMZN has a strong_buy consensus with an_score 1.34, a reasonable P/E of 27.71, and positive news sentiment of 0.118, despite a slight 1M decline of -3.86%.",strong_buy consensus; P/E 27.71; positive news sentiment 0.118; low short interest 1.09%,,,,,
META,Meta Platforms,AI,hyperscalers,NASDAQ,585.61,-1.97%,-6.63%,+3.96%,-9.80%,-15%,1486.526,1.246,21.32,18.18,19895887,70098787,396543587,35.0,1.72,strong_buy,1.35,-1.97,98.03,-1.97,980.3,-19.7,9803.0,-197.0,-6.63,93.37,-6.63,933.7,-66.3,9337.0,-663.0,3.96,103.96,3.96,1039.6,39.6,10396.0,396.0,-9.8,90.2,-9.8,902.0,-98.0,9020.0,-980.0,-15.0,85.0,-15.0,850.0,-150.0,8500.0,-1500.0,"Earnings live: Qualcomm stock slides, Arm Holdings little changed after results exceed expectations",Yahoo Finance,2026-07-27,0.0,Meta stock falls on Q2 earnings miss: What's next for capex?,Yahoo Finance Video,2026-07-29,-0.153,"S&P 8,500 melt-up? Why money is leaving big tech",Yahoo Finance Video,2026-07-29,0.0,4,strong_buy,0.7,"META has a strong_buy rating with an_score 1.35, +5.48% 1M momentum, a low P/E of 21.6, and a market cap of $1.5T, with neutral news sentiment of 0.05.",strong_buy consensus; +5.48% 1-month momentum; P/E 21.6; low short interest 1.72%,,,,,
IREN,Iris Energy,AI,ai-compute,NASDAQ,29.31,-13.92%,-29.00%,-35.91%,-31.36%,+110%*,10.475,4.279,38.06,48.1,69575723,228497323,941184223,,27.09,buy,1.62,-13.92,86.08,-13.92,860.8,-139.2,8608.0,-1392.0,-29.0,71.0,-29.0,710.0,-290.0,7100.0,-2900.0,-35.91,64.09,-35.91,640.9,-359.1,6409.0,-3591.0,-31.36,68.64,-31.36,686.4,-313.6,6864.0,-3136.0,110.0,210.0,110.0,2100.0,1100.0,21000.0,11000.0,"IREN, TeraWulf, and Applied Digital Are All Down 30% in a Month. Is More Pain Coming for Data Center Stocks?",24/7 Wall St.,2026-07-29,-0.556,TeraWulf and Cipher Digital Drop Even As Wall Street Hikes Targets Above $30: Best Setup for 2026?,24/7 Wall St.,2026-07-27,0.477,Coreweave is $71 After Falling 43% in a Year: One Analyst Thinks It Can Rocket to $250,24/7 Wall St.,2026-07-27,-0.153,,,,,,,,,,
CORZ,Core Scientific,AI,ai-compute,NASDAQ,18.12,-12.88%,-23.29%,-29.19%,+13.32%,+59%*,5.791,5.495,,13.3,35231011,88273411,259789211,,22.56,strong_buy,1.41,-12.88,87.12,-12.88,871.2,-128.8,8712.0,-1288.0,-23.29,76.71,-23.29,767.1,-232.9,7671.0,-2329.0,-29.19,70.81,-29.19,708.1,-291.9,7081.0,-2919.0,13.32,113.32,13.32,1133.2,133.2,11332.0,1332.0,59.0,159.0,59.0,1590.0,590.0,15900.0,5900.0,The CLARITY Act divides finance giants ahead of congressional recess,Yahoo Finance Video,2026-07-29,0.532,AMD's Core Scientific deal is bigger than the headline number,TheStreet,2026-07-29,0.077,AMD Stock Drops 5.7% as AI Rout Overwhelms 2.5-Gigawatt Deal,GuruFocus.com,2026-07-29,-0.202,,,,,,,,,,
WULF,TeraWulf,AI,ai-compute,NASDAQ,15.09,-12.17%,-22.58%,-38.91%,+18.45%,+241%*,7.478,4.261,,31.4,46050152,162159952,785154252,,24.8,strong_buy,1.28,-12.17,87.83,-12.17,878.3,-121.7,8783.0,-1217.0,-22.58,77.42,-22.58,774.2,-225.8,7742.0,-2258.0,-38.91,61.09,-38.91,610.9,-389.1,6109.0,-3891.0,18.45,118.45,18.45,1184.5,184.5,11845.0,1845.0,241.0,341.0,241.0,3410.0,2410.0,34100.0,24100.0,"IREN, TeraWulf, and Applied Digital Are All Down 30% in a Month. Is More Pain Coming for Data Center Stocks?",24/7 Wall St.,2026-07-29,-0.556,Earnings Preview: TeraWulf Inc. (WULF) Q2 Earnings Expected to Decline,Zacks,2026-07-29,0.0,TeraWulf and Cipher Digital Drop Even As Wall Street Hikes Targets Above $30: Best Setup for 2026?,24/7 Wall St.,2026-07-27,0.477,,,,,,,,,,
HUT,Hut 8 Mining,AI,ai-compute,NASDAQ,88.18,-11.15%,-19.73%,-23.62%,+71.99%,+410%,9.928,6.071,,4.63,7130466,25607566,91444066,,11.58,strong_buy,1.35,-11.15,88.85,-11.15,888.5,-111.5,8885.0,-1115.0,-19.73,80.27,-19.73,802.7,-197.3,8027.0,-1973.0,-23.62,76.38,-23.62,763.8,-236.2,7638.0,-2362.0,71.99,171.99,71.99,1719.9,719.9,17199.0,7199.0,410.0,510.0,410.0,5100.0,4100.0,51000.0,41000.0,"Chime Financial, Inc. (CHYM) May Report Negative Earnings: Know the Trend Ahead of Next Week's Release",Zacks,2026-07-29,-0.572,Nvidia (NVDA) Pours $5 Billion Into Safe AI And Expands Data Center Reach,Simply Wall St.,2026-07-29,0.527,"Bitcoin Miner Ionic Climbs 25% On Nasdaq Debut, Joining Hut 8’s AI Shift",BeInCrypto,2026-07-29,0.0,,,,,,,,,,
SMCI,Super Micro Computer,AI,ai-compute,NASDAQ,25.7,-9.95%,-15.90%,-12.38%,-16.99%,-53%,16.625,1.936,13.53,54.91,39299285,248151885,943172385,,19.61,hold,2.84,-9.95,90.05,-9.95,900.5,-99.5,9005.0,-995.0,-15.9,84.1,-15.9,841.0,-159.0,8410.0,-1590.0,-12.38,87.62,-12.38,876.2,-123.8,8762.0,-1238.0,-16.99,83.01,-16.99,830.1,-169.9,8301.0,-1699.0,-53.0,47.0,-53.0,470.0,-530.0,4700.0,-5300.0,Super Micro Computer (SMCI) Stock Sinks As Market Gains: Here's Why,Zacks,2026-07-28,0.743,Super Micro Computer Booked More Than $60 Billion of Orders Last Quarter. The Entire Company Is Worth $19 Billion.,Motley Fool,2026-07-28,0.7,Nvidia Gets Drawn Into Supermicro Chip Smuggling Scandal. Should Investors Be Worried?,24/7 Wall St.,2026-07-28,-0.802,8,buy,0.55,"SMCI has strong 1W momentum of +11.57%, a low P/E of 15.72, and positive news sentiment of 0.302, but carries a hold analyst rating (an_score 2.84) and high short interest of 19.61%.",+11.57% 1-week momentum; P/E 15.72; positive news sentiment 0.302; low market cap $18.4B,,,,,
DELL,Dell Technologies,AI,ai-compute,NYSE,369.64,-5.69%,-16.33%,-14.19%,+191.88%,+194%,238.84,1.376,29.45,8.86,6272536,30404236,142875136,64.0,4.33,buy,1.78,-5.69,94.31,-5.69,943.1,-56.9,9431.0,-569.0,-16.33,83.67,-16.33,836.7,-163.3,8367.0,-1633.0,-14.19,85.81,-14.19,858.1,-141.9,8581.0,-1419.0,191.88,291.88,191.88,2918.8,1918.8,29188.0,19188.0,194.0,294.0,194.0,2940.0,1940.0,29400.0,19400.0,Apple's Q3 Earnings: Strong iPhone 17 Shipment to Aid Top-Line Growth,Zacks,2026-07-29,0.71,Dell Technologies (DELL) Joins Open Source AI Cybersecurity Alliance,Simply Wall St.,2026-07-29,0.0,Here's Why Dell Technologies (DELL) Could be Great Choice for a Bottom Fisher,Zacks,2026-07-29,0.625,,,,,,,,,,
COHR,Coherent Corp,AI,fibre-optical,NYSE,222.05,-9.79%,-28.87%,-43.71%,+14.26%,+127%,43.442,2.037,106.24,5.78,6854742,26486642,96320842,,5.21,buy,1.64,-9.79,90.21,-9.79,902.1,-97.9,9021.0,-979.0,-28.87,71.13,-28.87,711.3,-288.7,7113.0,-2887.0,-43.71,56.29,-43.71,562.9,-437.1,5629.0,-4371.0,14.26,114.26,14.26,1142.6,142.6,11426.0,1426.0,127.0,227.0,127.0,2270.0,1270.0,22700.0,12700.0,Corning (GLW) Crashed 20% Despite 32% Optical Growth. Should Coherent (COHR) Investors Worry?,Insider Monkey,2026-07-29,-0.623,Why Corning Stock Had Its Worst Day in Four Months After Earnings,Barrons.com,2026-07-28,-0.625,AI Infrastructure Demand is Reshaping Coherent's Growth Story,Zacks,2026-07-28,0.273,,,,,,,,,,
LITE,Lumentum Holdings,AI,fibre-optical,NASDAQ,602.35,-8.73%,-27.40%,-29.80%,+56.00%,+493%,46.862,1.482,106.23,5.54,6144439,23729539,89677339,,12.5,buy,1.52,-8.73,91.27,-8.73,912.7,-87.3,9127.0,-873.0,-27.4,72.6,-27.4,726.0,-274.0,7260.0,-2740.0,-29.8,70.2,-29.8,702.0,-298.0,7020.0,-2980.0,56.0,156.0,56.0,1560.0,560.0,15600.0,5600.0,493.0,593.0,493.0,5930.0,4930.0,59300.0,49300.0,Why Corning Stock Had Its Worst Day in Four Months After Earnings,Barrons.com,2026-07-28,-0.625,"Coherent Sinks 11%, Applied Optoelectronics Falls 10%, Lumentum Drops 9% as Traders Question AI Spending Spree",24/7 Wall St.,2026-07-28,0.0,A New AI Shortage Is Coming. One CEO Just Predicted it Will Be “Bigger Than Memory.”,24/7 Wall St.,2026-07-28,-0.25,,,,,,,,,,
AAOI,Applied Optoelectronics,AI,fibre-optical,NASDAQ,76.52,-14.22%,-30.76%,-48.35%,+93.23%,+282%,6.14,3.687,,11.78,11867749,42762649,182381349,,12.86,buy,2.33,-14.22,85.78,-14.22,857.8,-142.2,8578.0,-1422.0,-30.76,69.24,-30.76,692.4,-307.6,6924.0,-3076.0,-48.35,51.65,-48.35,516.5,-483.5,5165.0,-4835.0,93.23,193.23,93.23,1932.3,932.3,19323.0,9323.0,282.0,382.0,282.0,3820.0,2820.0,38200.0,28200.0,Applied Optoelectronics (AAOI) Stock May Be 26% Undervalued On Cash Flow,Simply Wall St.,2026-07-29,0.0,"Applied Optoelectronics (AAOI) Faces A Valuation Split, Is The Pullback A Buying Opportunity?",Simply Wall St.,2026-07-29,0.421,"Coherent Sinks 11%, Applied Optoelectronics Falls 10%, Lumentum Drops 9% as Traders Question AI Spending Spree",24/7 Wall St.,2026-07-28,0.0,,,,,,,,,,
FN,Fabrinet,AI,fibre-optical,NYSE,414.5,-7.48%,-19.31%,-26.26%,-13.54%,+40%,14.851,1.198,35.58,0.99,811136,3901736,16437236,,7.38,buy,1.78,-7.48,92.52,-7.48,925.2,-74.8,9252.0,-748.0,-19.31,80.69,-19.31,806.9,-193.1,8069.0,-1931.0,-26.26,73.74,-26.26,737.4,-262.6,7374.0,-2626.0,-13.54,86.46,-13.54,864.6,-135.4,8646.0,-1354.0,40.0,140.0,40.0,1400.0,400.0,14000.0,4000.0,Does Owning Celestica Really Diversify Your Portfolio?,Trefis,2026-07-28,0.0,AI Infrastructure Demand is Reshaping Coherent's Growth Story,Zacks,2026-07-28,0.273,"NVT Likely to Beat Q2 Earnings Estimates: Buy, Sell or Hold the Stock?",Zacks,2026-07-28,0.0,,,,,,,,,,
MTSI,MACOM Technology,AI,dsp-semi,NASDAQ,228.71,-8.92%,-19.08%,-39.87%,+30.72%,+78%,17.449,1.655,97.74,1.68,2359558,7218358,33840858,,3.01,buy,1.64,-8.92,91.08,-8.92,910.8,-89.2,9108.0,-892.0,-19.08,80.92,-19.08,809.2,-190.8,8092.0,-1908.0,-39.87,60.13,-39.87,601.3,-398.7,6013.0,-3987.0,30.72,130.72,30.72,1307.2,307.2,13072.0,3072.0,78.0,178.0,78.0,1780.0,780.0,17800.0,7800.0,"Lattice Semiconductor, Allegro MicroSystems, Monolithic Power Systems, Marvell Technology, and MACOM Shares Are Falling, What You Need To Know",StockStory,2026-07-24,0.153,MACOM Technology Solutions (MTSI) Rose on Strong Results and Data Center Demand,Insider Monkey,2026-07-24,0.542,1 Mid-Cap Stock for Long-Term Investors and 2 Facing Challenges,StockStory,2026-07-16,0.077,,,,,,,,,,
SMTC,Semtech,AI,dsp-semi,NASDAQ,103.55,-7.31%,-24.38%,-36.02%,+37.59%,+107%,9.646,2.31,,3.59,2144203,10652203,54560003,,8.14,strong_buy,1.36,-7.31,92.69,-7.31,926.9,-73.1,9269.0,-731.0,-24.38,75.62,-24.38,756.2,-243.8,7562.0,-2438.0,-36.02,63.98,-36.02,639.8,-360.2,6398.0,-3602.0,37.59,137.59,37.59,1375.9,375.9,13759.0,3759.0,107.0,207.0,107.0,2070.0,1070.0,20700.0,10700.0,Is Semtech (SMTC) Undervalued As AI Data Center Growth Fuels Its Story?,Simply Wall St.,2026-07-26,0.382,Is Semtech (SMTC) Still Cheap Or Is Too Much Priced In?,Simply Wall St.,2026-07-26,0.0,"Amtech, Semtech, Nova, Power Integrations, and FormFactor Shares Are Falling, What You Need To Know",StockStory,2026-07-24,0.153,,,,,,,,,,
CRDO,Credo Technology,AI,dsp-semi,NASDAQ,177.45,-9.44%,-22.26%,-34.75%,+23.90%,+66%,33.09,3.202,70.42,8.15,6811328,28957028,132769828,,3.62,strong_buy,1.32,-9.44,90.56,-9.44,905.6,-94.4,9056.0,-944.0,-22.26,77.74,-22.26,777.4,-222.6,7774.0,-2226.0,-34.75,65.25,-34.75,652.5,-347.5,6525.0,-3475.0,23.9,123.9,23.9,1239.0,239.0,12390.0,2390.0,66.0,166.0,66.0,1660.0,660.0,16600.0,6600.0,"The Zacks Analyst Blog Highlights Credo Technology, Broadcom, Marvell Technology and Astera Labs",Zacks,2026-07-24,0.0,Should Credo’s Projected US$600 Million AI Optics Ramp Reshape CRDO’s Core Investment Thesis?,Simply Wall St.,2026-07-23,0.0,Credo or Marvell: Who Leads the AI Connectivity Race?,24/7 Wall St.,2026-07-23,0.0,,,,,,,,,,
MXL,MaxLinear,AI,dsp-semi,NASDAQ,57.25,-4.01%,-34.04%,-55.28%,+209.29%,+247%,5.193,3.926,,4.7,2981284,32616584,91069784,,5.97,buy,1.82,-4.01,95.99,-4.01,959.9,-40.1,9599.0,-401.0,-34.04,65.96,-34.04,659.6,-340.4,6596.0,-3404.0,-55.28,44.72,-55.28,447.2,-552.8,4472.0,-5528.0,209.29,309.29,209.29,3092.9,2092.9,30929.0,20929.0,247.0,347.0,247.0,3470.0,2470.0,34700.0,24700.0,"The Zacks Analyst Blog Highlights MaxLinear, Marvell Technology and Broadcom",Zacks,2026-07-28,0.0,MaxLinear Rides on AI Infrastructure Momentum: More Upside Ahead?,Zacks,2026-07-27,0.0,MaxLinear (MXL) Returns To Profit As AI Data Center Demand Lifts Earnings,Simply Wall St.,2026-07-25,0.34,,,,,,,,,,
KEYS,Keysight Technologies,AI,test-equip,NYSE,296.72,-1.43%,-9.41%,-15.24%,+43.63%,+82%,50.708,1.214,47.94,1.59,1014271,5951271,27672171,,2.09,buy,1.62,-1.43,98.57,-1.43,985.7,-14.3,9857.0,-143.0,-9.41,90.59,-9.41,905.9,-94.1,9059.0,-941.0,-15.24,84.76,-15.24,847.6,-152.4,8476.0,-1524.0,43.63,143.63,43.63,1436.3,436.3,14363.0,4363.0,82.0,182.0,82.0,1820.0,820.0,18200.0,8200.0,"Keysight (KEYS) Could Find a Support Soon, Here's Why You Should Buy the Stock Now",Zacks,2026-07-29,0.402,Keysight Technologies (KEYS) Could Be 20% Below Fair Value As ESA Win Lands,Simply Wall St.,2026-07-29,0.818,"SANM Q3 Earnings Beat Estimates on AI Demand, Strong Execution",Zacks,2026-07-28,0.421,,,,,,,,,,
VIAV,Viavi Solutions,AI,test-equip,NASDAQ,32.23,-8.15%,-23.72%,-32.50%,+77.58%,+245%,7.95,1.191,,7.25,9674299,25036199,102245799,,6.78,none,,-8.15,91.85,-8.15,918.5,-81.5,9185.0,-815.0,-23.72,76.28,-23.72,762.8,-237.2,7628.0,-2372.0,-32.5,67.5,-32.5,675.0,-325.0,6750.0,-3250.0,77.58,177.58,77.58,1775.8,775.8,17758.0,7758.0,245.0,345.0,245.0,3450.0,2450.0,34500.0,24500.0,Why Is Viavi Solutions (VIAV) Stock Soaring Today,StockStory,2026-07-21,0.178,Viavi Solutions (NASDAQ:VIAV): Strongest Q1 Results from the Inspection Instruments Group,StockStory,2026-07-20,0.557,Viavi Solutions (VIAV) Rolls Out the Industry’s First AI Network Validation Tool,Insider Monkey,2026-07-16,0.178,,,,,,,,,,
AXTI,AXT Inc,AI,materials,NASDAQ,36.97,-14.66%,-30.22%,-48.71%,+120.58%,+1917%,2.419,1.867,,9.48,7836644,32357044,165105944,,17.59,buy,1.8,-14.66,85.34,-14.66,853.4,-146.6,8534.0,-1466.0,-30.22,69.78,-30.22,697.8,-302.2,6978.0,-3022.0,-48.71,51.29,-48.71,512.9,-487.1,5129.0,-4871.0,120.58,220.58,120.58,2205.8,1205.8,22058.0,12058.0,1917.0,2017.0,1917.0,20170.0,19170.0,201700.0,191700.0,A New AI Shortage Is Coming. One CEO Just Predicted it Will Be “Bigger Than Memory.”,24/7 Wall St.,2026-07-28,-0.25,"Should You Buy, Sell or Hold AXTI Stock Ahead of Q2 Earnings?",Zacks,2026-07-27,0.0,AXT (AXTI) Earnings Expected to Grow: Should You Buy?,Zacks,2026-07-23,0.0,,,,,,,,,,
AMGN,Amgen,Biotech,large-cap,NASDAQ,387.64,-1.84%,+5.90%,+7.05%,+20.03%,+30%,209.213,0.403,26.94,2.74,2833105,14574005,48829305,256.0,2.38,buy,2.44,-1.84,98.16,-1.84,981.6,-18.4,9816.0,-184.0,5.9,105.9,5.9,1059.0,59.0,10590.0,590.0,7.05,107.05,7.05,1070.5,70.5,10705.0,705.0,20.03,120.03,20.03,1200.3,200.3,12003.0,2003.0,30.0,130.0,30.0,1300.0,300.0,13000.0,3000.0,Why Biogen Stock Is Resisting a Market Downturn After Earnings,Barrons.com,2026-07-29,0.0,Earnings Preview: EyePoint (EYPT) Q2 Earnings Expected to Decline,Zacks,2026-07-29,0.0,"Watch Out, Eli Lilly and Novo Nordisk: Amgen's Monthly Weight Loss Drug Has 6 Phase 3 Trials Running -- and It's Coming for Your Patients",Motley Fool,2026-07-29,-0.318,5,buy,0.7,"Strong YTD performance (+21.72%) and 1-month momentum (+9.03%), with a P/E of 26.17 and low beta of 0.40, reflecting stable large-cap growth.",+21.72% YTD; +9.03% 1-month; low beta 0.40; analyst buy rating,,,,,
GILD,Gilead Sciences,Biotech,large-cap,NASDAQ,132.73,-1.40%,+1.83%,+5.06%,+10.49%,+17%,164.794,0.343,18.06,7.57,6510475,30238675,139444975,244.0,2.04,buy,1.69,-1.4,98.6,-1.4,986.0,-14.0,9860.0,-140.0,1.83,101.83,1.83,1018.3,18.3,10183.0,183.0,5.06,105.06,5.06,1050.6,50.6,10506.0,506.0,10.49,110.49,10.49,1104.9,104.9,11049.0,1049.0,17.0,117.0,17.0,1170.0,170.0,11700.0,1700.0,Gilead to Report Q2 Earnings: How Should You Play the Stock Now?,Zacks,2026-07-29,0.34,"Analysts Estimate Cytek Biosciences, Inc. (CTKB) to Report a Decline in Earnings: What to Look Out for",Zacks,2026-07-29,0.0,BMS and Gilead rule in the CAR-T space. Off-the-shelf developers aren’t trying to change that.,Pharma Voice,2026-07-29,0.0,6,buy,0.7,"Attractive P/E of 17.77 with a dividend yield of 2.51%, combined with YTD gain of +11.82% and 1-month momentum of +6.32%, supported by a strong analyst score of 1.69.",P/E 17.77; dividend yield 2.51%; analyst score 1.69; +11.82% YTD,,,,,
REGN,Regeneron Pharmaceuticals,Biotech,large-cap,NASDAQ,695.42,-0.04%,+6.79%,+11.53%,-10.18%,+25%,72.907,0.236,16.98,1.0,1006562,4395362,16136962,54.0,3.53,buy,1.81,-0.04,99.96,-0.04,999.6,-0.4,9996.0,-4.0,6.79,106.79,6.79,1067.9,67.9,10679.0,679.0,11.53,111.53,11.53,1115.3,115.3,11153.0,1153.0,-10.18,89.82,-10.18,898.2,-101.8,8982.0,-1018.0,25.0,125.0,25.0,1250.0,250.0,12500.0,2500.0,Regeneron (REGN) To Report Earnings Tomorrow: Here Is What To Expect,StockStory,2026-07-29,0.0,3 Biotech Stocks With Massive Upside to Buy Before August Starts,24/7 Wall St.,2026-07-29,0.0,"Tech Earnings, Fed Meeting: What to Watch the Rest of the Week",The Wall Street Journal,2026-07-29,0.0,3,buy,0.75,"Strong 1-month momentum (+10%) and positive news sentiment (0.161) ahead of Q2 earnings, with a low P/E of 16.29 and a buy rating from analysts.",+10% 1-month return; P/E 16.29; positive news sentiment 0.161; analyst buy rating,,,,,
VRTX,Vertex Pharmaceuticals,Biotech,large-cap,NASDAQ,483.33,-1.63%,+2.28%,-2.70%,+6.90%,+5%,122.671,0.292,28.65,1.55,1209262,7100262,31646962,,2.22,buy,1.68,-1.63,98.37,-1.63,983.7,-16.3,9837.0,-163.0,2.28,102.28,2.28,1022.8,22.8,10228.0,228.0,-2.7,97.3,-2.7,973.0,-27.0,9730.0,-270.0,6.9,106.9,6.9,1069.0,69.0,10690.0,690.0,5.0,105.0,5.0,1050.0,50.0,10500.0,500.0,"Vertex Pharmaceuticals (VRTX) Expands Its Pipeline Reach, Is The Stock Fully Valued?",Simply Wall St.,2026-07-29,0.571,Vertex Pharmaceuticals (VRTX) Stock Looks Like A Bargain At This Price,Simply Wall St.,2026-07-29,0.511,Vertex (VRTX) Q2 Earnings Preview: What You Should Know Beyond the Headline Estimates,Zacks,2026-07-29,0.0,,,,,,,,,,
BIIB,Biogen,Biotech,large-cap,NASDAQ,209.23,+1.29%,+5.81%,-3.16%,+17.66%,+62%,30.89,0.158,22.52,1.24,2335240,6558140,30766540,,4.53,buy,1.89,1.29,101.29,1.29,1012.9,12.9,10129.0,129.0,5.81,105.81,5.81,1058.1,58.1,10581.0,581.0,-3.16,96.84,-3.16,968.4,-31.6,9684.0,-316.0,17.66,117.66,17.66,1176.6,176.6,11766.0,1766.0,62.0,162.0,62.0,1620.0,620.0,16200.0,6200.0,Biogen Inc (BIIB) Q2 2026 Earnings Call Highlights: Strong Growth in Core Pharmaceuticals and ...,GuruFocus.com,2026-07-29,0.71,Biogen Inc. Q2 2026 Earnings Call Summary,Moby,2026-07-29,0.0,"Drugmakers Climb On Q2 Reports, Even As One Misses Profit Views",Investor's Business Daily,2026-07-29,0.25,,,,,,,,,,
BMY,Bristol-Myers Squibb,Biotech,large-cap,NYSE,63.1,-1.00%,+3.85%,+10.75%,+20.60%,+38%,128.854,0.235,17.68,12.01,7820723,52972923,217504823,403.0,2.2,buy,2.5,-1.0,99.0,-1.0,990.0,-10.0,9900.0,-100.0,3.85,103.85,3.85,1038.5,38.5,10385.0,385.0,10.75,110.75,10.75,1107.5,107.5,11075.0,1075.0,20.6,120.6,20.6,1206.0,206.0,12060.0,2060.0,38.0,138.0,38.0,1380.0,380.0,13800.0,3800.0,The Real Price of AbbVie Stock Is Cheaper Than You Think,Trefis,2026-07-29,0.0,Bristol Myers Squibb (BMY) Stock May Be 48% Below Fair Value On Fresh AI Drug Discovery News,Simply Wall St.,2026-07-29,0.718,Pfizer Stock Ahead of Q2 Earnings: To Buy or Not to Buy?,Zacks,2026-07-29,0.0,4,buy,0.75,"Solid YTD gain of +21.55% and 1-month momentum of +9.83%, supported by a P/E of 17.52, a high dividend yield of 4.03%, and positive news sentiment of 0.176.",+21.55% YTD; P/E 17.52; dividend yield 4.03%; positive news sentiment 0.176,,,,,
AZN,AstraZeneca,Biotech,uk-listed,LSE,175.55,+1.50%,+3.40%,-8.14%,-3.36%,+13%,2.723,0.225,26.16,2.32,5161750,16440580,61112074,185.0,,buy,1.87,1.5,101.5,1.5,1015.0,15.0,10150.0,150.0,3.4,103.4,3.4,1034.0,34.0,10340.0,340.0,-8.14,91.86,-8.14,918.6,-81.4,9186.0,-814.0,-3.36,96.64,-3.36,966.4,-33.6,9664.0,-336.0,13.0,113.0,13.0,1130.0,130.0,11300.0,1300.0,"Earnings roundup: Biogen’s ‘resiliency,’ AstraZeneca’s growth pitch and GSK’s oncology push",BioPharma Dive,2026-07-29,0.382,AstraZeneca (LSE:AZN) Stock In Focus After Sone Ve Win And Mixed Ultomiris Data,Simply Wall St.,2026-07-29,0.586,Does AstraZeneca (LSE:AZN) Have More Value Than The Market Prices In?,Simply Wall St.,2026-07-29,0.401,,,,,,,,,,
GSK,GSK,Biotech,uk-listed,LSE,26.83,-1.08%,+5.05%,+1.39%,+9.60%,+39%,1.075,0.3,17.01,8.28,8561057,54135086,211942516,347.0,,hold,2.64,-1.08,98.92,-1.08,989.2,-10.8,9892.0,-108.0,5.05,105.05,5.05,1050.5,50.5,10505.0,505.0,1.39,101.39,1.39,1013.9,13.9,10139.0,139.0,9.6,109.6,9.6,1096.0,96.0,10960.0,960.0,39.0,139.0,39.0,1390.0,390.0,13900.0,3900.0,Moderna Q2 Earnings Loom: Buy or Sell the Stock Ahead of Results?,Zacks,2026-07-29,-0.226,"GSK Beats Q2 Earnings & Revenue Estimates, Announces Cost-Saving Plan",Zacks,2026-07-29,0.0,Gilead to Report Q2 Earnings: How Should You Play the Stock Now?,Zacks,2026-07-29,0.34,,,,,,,,,,
CRSP,CRISPR Therapeutics,Biotech,gene-editing,NASDAQ,47.64,+0.13%,+0.85%,-12.65%,-11.40%,-18%,4.691,1.702,,1.72,1887883,8400783,36111283,,22.97,buy,1.96,0.13,100.13,0.13,1001.3,1.3,10013.0,13.0,0.85,100.85,0.85,1008.5,8.5,10085.0,85.0,-12.65,87.35,-12.65,873.5,-126.5,8735.0,-1265.0,-11.4,88.6,-11.4,886.0,-114.0,8860.0,-1140.0,-18.0,82.0,-18.0,820.0,-180.0,8200.0,-1800.0,3 Mid-Cap Growth Stocks With Monstrous Long-Term Upside,Motley Fool,2026-07-28,0.382,Earnings Preview: Ultragenyx (RARE) Q2 Earnings Expected to Decline,Zacks,2026-07-28,0.0,CRISPR Therapeutics AG (CRSP) is Attracting Investor Attention: Here is What You Should Know,Zacks,2026-07-28,0.477,,,,,,,,,,
BEAM,Beam Therapeutics,Biotech,gene-editing,NASDAQ,26.02,-1.81%,-2.33%,-24.18%,-4.13%,+30%,2.677,2.182,,2.28,1564404,10446904,50763204,,34.96,strong_buy,1.33,-1.81,98.19,-1.81,981.9,-18.1,9819.0,-181.0,-2.33,97.67,-2.33,976.7,-23.3,9767.0,-233.0,-24.18,75.82,-24.18,758.2,-241.8,7582.0,-2418.0,-4.13,95.87,-4.13,958.7,-41.3,9587.0,-413.0,30.0,130.0,30.0,1300.0,300.0,13000.0,3000.0,Scribe’s Genetic Editing Aims to Prevent Heart Attacks,Barrons.com,2026-07-27,0.34,Cathie Wood Is Buying This Up-and-Coming Biotech Stock. Should You Follow Her Lead?,Motley Fool,2026-07-20,0.0,Bank of America Securities Maintains Buy Rating for Beam Therapeutics (BEAM),Insider Monkey,2026-07-15,0.296,,,,,,,,,,
NTLA,Intellia Therapeutics,Biotech,gene-editing,NASDAQ,10.8,-0.92%,-2.96%,-36.17%,+17.26%,-12%,1.509,1.77,,5.92,3482738,18455538,90337338,,41.3,buy,2.3,-0.92,99.08,-0.92,990.8,-9.2,9908.0,-92.0,-2.96,97.04,-2.96,970.4,-29.6,9704.0,-296.0,-36.17,63.83,-36.17,638.3,-361.7,6383.0,-3617.0,17.26,117.26,17.26,1172.6,172.6,11726.0,1726.0,-12.0,88.0,-12.0,880.0,-120.0,8800.0,-1200.0,3 Promising Genomics Stocks to Add to Your Portfolio in 2026,Zacks,2026-07-20,0.402,Intellia Therapeutics (NTLA) Could Be 37% Undervalued After Phase 3 Lonvo Z Success,Simply Wall St.,2026-07-09,0.572,"NTLA Surges 38% in a Month: Should You Buy, Sell or Hold the Stock?",Zacks,2026-07-09,0.0,,,,,,,,,,
EDIT,Editas Medicine,Biotech,gene-editing,NASDAQ,2.6,+0.39%,-6.47%,-19.75%,+26.83%,+4%*,0.4,2.1,,2.51,1521336,6876336,43448436,,14.49,none,,0.39,100.39,0.39,1003.9,3.9,10039.0,39.0,-6.47,93.53,-6.47,935.3,-64.7,9353.0,-647.0,-19.75,80.25,-19.75,802.5,-197.5,8025.0,-1975.0,26.83,126.83,26.83,1268.3,268.3,12683.0,2683.0,4.0,104.0,4.0,1040.0,40.0,10400.0,400.0,Why Is Editas (EDIT) Down 12.4% Since Last Earnings Report?,Zacks,2026-06-04,0.0,CRISPR Therapeutics vs. Editas Medicine: Which Gene Editing Stock Is a Better Buy in 2026?,Motley Fool,2026-05-31,0.44,"Some Analysts Just Cut Their Editas Medicine, Inc. (NASDAQ:EDIT) Estimates",Simply Wall St.,2026-05-11,-0.273,,,,,,,,,,
ILMN,Illumina,Biotech,genomics,NASDAQ,194.82,+0.95%,+2.07%,+10.80%,+45.01%,+81%,29.476,1.469,35.42,1.89,1689343,8062543,36825243,,9.46,buy,2.35,0.95,100.95,0.95,1009.5,9.5,10095.0,95.0,2.07,102.07,2.07,1020.7,20.7,10207.0,207.0,10.8,110.8,10.8,1108.0,108.0,11080.0,1080.0,45.01,145.01,45.01,1450.1,450.1,14501.0,4501.0,81.0,181.0,81.0,1810.0,810.0,18100.0,8100.0,Illumina Earnings: What To Look For From ILMN,StockStory,2026-07-29,0.0,Insights Into Illumina (ILMN) Q2: Wall Street Projections for Key Metrics,Zacks,2026-07-29,0.0,Standard BioTools Sells Mass Cytometry Business Amid Pending Merger With Treeline Biosciences,MT Newswires,2026-07-28,0.0,7,buy,0.65,"Exceptional 1-year return of +78% and YTD of +43.64%, with strong 1-month momentum (+6.56%), though P/E of 34.46 is elevated and short interest is high at 9.46%.",+78% 1-year return; +43.64% YTD; +6.56% 1-month; high short interest 9.46%,,,,,
PACB,Pacific Biosciences,Biotech,genomics,NASDAQ,1.4,+2.19%,+1.45%,-16.67%,-23.91%,-7%*,0.434,2.289,,6.28,7317773,36914773,127814473,,17.11,buy,2.0,2.19,102.19,2.19,1021.9,21.9,10219.0,219.0,1.45,101.45,1.45,1014.5,14.5,10145.0,145.0,-16.67,83.33,-16.67,833.3,-166.7,8333.0,-1667.0,-23.91,76.09,-23.91,760.9,-239.1,7609.0,-2391.0,-7.0,93.0,-7.0,930.0,-70.0,9300.0,-700.0,Pacific Biosciences of California (PACB) Laps the Stock Market: Here's Why,Zacks,2026-07-28,0.0,Here's Why Pacific Biosciences of California (PACB) Fell More Than Broader Market,Zacks,2026-07-20,0.0,1 Small-Cap Stock Worth Investigating and 2 That Underwhelm,StockStory,2026-07-17,0.226,,,,,,,,,,
NTRA,Natera,Biotech,genomics,NASDAQ,253.82,-1.26%,-3.94%,-6.49%,+10.92%,+79%,36.351,1.505,,1.52,924626,4224826,24125426,,3.57,strong_buy,1.5,-1.26,98.74,-1.26,987.4,-12.6,9874.0,-126.0,-3.94,96.06,-3.94,960.6,-39.4,9606.0,-394.0,-6.49,93.51,-6.49,935.1,-64.9,9351.0,-649.0,10.92,110.92,10.92,1109.2,109.2,11092.0,1092.0,79.0,179.0,79.0,1790.0,790.0,17900.0,7900.0,1 Unpopular Stock That Deserves Some Love and 2 We Question,StockStory,2026-07-27,0.637,3 Reasons We’re Fans of Natera (NTRA),StockStory,2026-07-24,0.0,3 Market-Beating Stocks Worth Your Attention,StockStory,2026-07-22,0.226,,,,,,,,,,
RXRX,Recursion Pharmaceuticals,Biotech,genomics,NASDAQ,2.97,-2.62%,-0.34%,-19.07%,-29.29%,-48%*,1.576,0.995,,20.81,17793886,99278886,503528586,,36.1,none,,-2.62,97.38,-2.62,973.8,-26.2,9738.0,-262.0,-0.34,99.66,-0.34,996.6,-3.4,9966.0,-34.0,-19.07,80.93,-19.07,809.3,-190.7,8093.0,-1907.0,-29.29,70.71,-29.29,707.1,-292.9,7071.0,-2929.0,-48.0,52.0,-48.0,520.0,-480.0,5200.0,-4800.0,Recursion Pharmaceuticals (RXRX) Exceeds Market Returns: Some Facts to Consider,Zacks,2026-07-27,0.0,Recursion Pharmaceuticals (RXRX) Falls More Steeply Than Broader Market: What Investors Need to Know,Zacks,2026-07-20,0.0,Why Recursion Pharmaceuticals (RXRX) Outpaced the Stock Market Today,Zacks,2026-07-14,0.0,,,,,,,,,,
INCY,Incyte,Biotech,oncology,NASDAQ,127.1,-2.13%,+9.77%,+12.12%,+25.32%,+68%,25.393,0.758,17.95,1.8,2830534,13643334,39743134,,9.06,buy,2.31,-2.13,97.87,-2.13,978.7,-21.3,9787.0,-213.0,9.77,109.77,9.77,1097.7,97.7,10977.0,977.0,12.12,112.12,12.12,1121.2,121.2,11212.0,1212.0,25.32,125.32,25.32,1253.2,253.2,12532.0,2532.0,68.0,168.0,68.0,1680.0,680.0,16800.0,6800.0,Incyte Shares Retreat After Best Day In A Year Despite Opzelura EU Nod,Stocktwits,2026-07-29,0.802,Incyte Corp (INCY) Q2 2026 Earnings Call Highlights: Robust Revenue Growth and Strategic ...,GuruFocus.com,2026-07-28,0.612,"INCY Q2 Earnings & Revenues Beat on Higher Sales, '26 View Raised",Zacks,2026-07-28,0.0,1,strong_buy,0.85,"Strong momentum (+68% 1Y, +28% YTD, +13% 1M, +10% 1W) driven by robust Q2 revenue growth, P/E of 16.81 is attractive for oncology, and positive news sentiment of 0.179 supports continued upside.",+68% 1-year return; P/E 16.81; positive news sentiment 0.179; Q2 earnings beat,,,,,
EXEL,Exelixis,Biotech,oncology,NASDAQ,55.33,-2.26%,+0.64%,+1.69%,+26.96%,+53%,13.907,0.424,18.32,2.68,1861921,10165721,47949121,,16.72,buy,2.26,-2.26,97.74,-2.26,977.4,-22.6,9774.0,-226.0,0.64,100.64,0.64,1006.4,6.4,10064.0,64.0,1.69,101.69,1.69,1016.9,16.9,10169.0,169.0,26.96,126.96,26.96,1269.6,269.6,12696.0,2696.0,53.0,153.0,53.0,1530.0,530.0,15300.0,5300.0,Expand Energy Q2 Earnings Call Highlights,MarketBeat,2026-07-29,0.527,These 3 Healthcare Stocks Have Crushed the Market This Year. Here's Why There's More Upside Ahead,Motley Fool,2026-07-24,-0.421,EXEL vs. ILMN: Which Stock Is the Better Value Option?,Zacks,2026-07-24,0.649,2,buy,0.8,"Exceptional 1-year return of +53% and YTD +30%, with a reasonable P/E of 18.47 and low beta of 0.42, indicating steady growth with manageable risk.",+53% 1-year return; P/E 18.47; low beta 0.42; strong YTD momentum,,,,,
ALNY,Alnylam Pharmaceuticals,Biotech,oncology,NASDAQ,286.62,-1.50%,+7.35%,-4.79%,-28.38%,-15%,38.268,0.269,72.02,1.29,1291333,6429933,32499633,,5.77,buy,1.78,-1.5,98.5,-1.5,985.0,-15.0,9850.0,-150.0,7.35,107.35,7.35,1073.5,73.5,10735.0,735.0,-4.79,95.21,-4.79,952.1,-47.9,9521.0,-479.0,-28.38,71.62,-28.38,716.2,-283.8,7162.0,-2838.0,-15.0,85.0,-15.0,850.0,-150.0,8500.0,-1500.0,Alnylam (ALNY) Is Up 6.3% After Showcasing New Alzheimer’s RNAi Data And $1B-Plus Quarterly Revenue,Simply Wall St.,2026-07-29,0.0,Unlocking Q2 Potential of Alnylam (ALNY): Exploring Wall Street Estimates for Key Metrics,Zacks,2026-07-28,0.0,Why Alnylam’s Best Quarter Ever Didn’t Come With a Richer Valuation,Insider Monkey,2026-07-28,0.823,,,,,,,,,,
RCUS,Arcus Biosciences,Biotech,oncology,NYSE,26.45,-2.22%,-11.75%,-14.21%,+13.57%,+187%*,3.327,0.799,,1.24,728256,6025456,22424956,,16.43,strong_buy,1.46,-2.22,97.78,-2.22,977.8,-22.2,9778.0,-222.0,-11.75,88.25,-11.75,882.5,-117.5,8825.0,-1175.0,-14.21,85.79,-14.21,857.9,-142.1,8579.0,-1421.0,13.57,113.57,13.57,1135.7,135.7,11357.0,1357.0,187.0,287.0,187.0,2870.0,1870.0,28700.0,18700.0,"SMMT's Q2 Loss Wider Than Expected, Ivonescimab Development in Focus",Zacks,2026-07-24,-0.318,Summit Therapeutics Inc (SMMT) Q2 2026 Earnings Call Highlights: Strong Cash Position and ...,GuruFocus.com,2026-07-24,0.511,SMMT Shares Updated Ivonescimab Survival Data From NSCLC Study,Zacks,2026-07-23,0.296,,,,,,,,,,
MRNA,Moderna,Biotech,mrna,NASDAQ,54.49,-2.50%,-6.16%,-22.19%,+76.57%,+74%,21.621,0.942,,7.78,4256644,23971844,146312444,,16.15,hold,2.91,-2.5,97.5,-2.5,975.0,-25.0,9750.0,-250.0,-6.16,93.84,-6.16,938.4,-61.6,9384.0,-616.0,-22.19,77.81,-22.19,778.1,-221.9,7781.0,-2219.0,76.57,176.57,76.57,1765.7,765.7,17657.0,7657.0,74.0,174.0,74.0,1740.0,740.0,17400.0,7400.0,Moderna Q2 Earnings Loom: Buy or Sell the Stock Ahead of Results?,Zacks,2026-07-29,-0.226,Moderna (MRNA) Stock May Be Overvalued After Cancer Trial Start,Simply Wall St.,2026-07-29,-0.66,"Moderna Stock Has Doubled in 2026, But Wall Street Still Isn’t Convinced",Insider Monkey,2026-07-29,0.55,,,,,,,,,,
BNTX,BioNTech,Biotech,mrna,NASDAQ,92.95,+0.54%,+1.22%,-0.11%,-3.87%,-16%,23.505,1.324,,0.92,728228,3519428,15802728,,3.32,buy,1.55,0.54,100.54,0.54,1005.4,5.4,10054.0,54.0,1.22,101.22,1.22,1012.2,12.2,10122.0,122.0,-0.11,99.89,-0.11,998.9,-1.1,9989.0,-11.0,-3.87,96.13,-3.87,961.3,-38.7,9613.0,-387.0,-16.0,84.0,-16.0,840.0,-160.0,8400.0,-1600.0,2 Major Reasons to Buy Moderna Stock Before July 31,24/7 Wall St.,2026-07-28,0.0,European Equities Traded in the US as American Depositary Receipts Rise in Friday Trading,MT Newswires,2026-07-24,0.0,Is BioNTech (BNTX) Undervalued As It Exits German Manufacturing Sites?,Simply Wall St.,2026-07-10,0.0,,,,,,,,,,
NVAX,Novavax,Biotech,mrna,NASDAQ,7.34,-0.27%,-7.21%,-22.08%,+2.95%,+8%*,1.207,2.427,,4.85,2323727,14074027,69616827,,26.82,buy,2.33,-0.27,99.73,-0.27,997.3,-2.7,9973.0,-27.0,-7.21,92.79,-7.21,927.9,-72.1,9279.0,-721.0,-22.08,77.92,-22.08,779.2,-220.8,7792.0,-2208.0,2.95,102.95,2.95,1029.5,29.5,10295.0,295.0,8.0,108.0,8.0,1080.0,80.0,10800.0,800.0,Novavax (NVAX) Stock Falls Amid Market Uptick: What Investors Need to Know,Zacks,2026-07-28,0.0,"Novavax, Inc. (NVAX) is Attracting Investor Attention: Here is What You Should Know",Zacks,2026-07-22,0.477,1 of Wall Street’s Favorite Stocks to Keep an Eye On and 2 That Underwhelm,StockStory,2026-07-21,0.459,,,,,,,,,,
BMRN,BioMarin Pharmaceutical,Biotech,rare-disease,NASDAQ,61.37,-1.44%,+5.09%,+7.25%,+3.23%,+6%,11.862,0.239,44.15,2.09,1786427,9796627,32938327,,7.43,buy,1.72,-1.44,98.56,-1.44,985.6,-14.4,9856.0,-144.0,5.09,105.09,5.09,1050.9,50.9,10509.0,509.0,7.25,107.25,7.25,1072.5,72.5,10725.0,725.0,3.23,103.23,3.23,1032.3,32.3,10323.0,323.0,6.0,106.0,6.0,1060.0,60.0,10600.0,600.0,Acadia Pharmaceuticals (ACAD) Expected to Beat Earnings Estimates: Should You Buy?,Zacks,2026-07-28,0.0,BioMarin and n-Lorem partner on early research for ReNU syndrome therapy,Pharmaceutical Technology,2026-07-28,0.0,Analysts Estimate BioMarin Pharmaceutical (BMRN) to Report a Decline in Earnings: What to Look Out for,Zacks,2026-07-27,0.0,8,buy,0.6,"Positive 1-month momentum (+7.63%) and 1-week gain (+4.83%), with a buy rating from analysts and a beta of 0.24, though P/E of 43.41 is high.",+7.63% 1-month; analyst buy rating; low beta 0.24; P/E 43.41,,,,,
SRPT,Sarepta Therapeutics,Biotech,rare-disease,NASDAQ,15.53,+0.29%,-1.80%,-13.55%,-27.10%,-8%,1.64,0.202,44.39,3.37,2815147,14665747,67129247,,32.35,hold,2.74,0.29,100.29,0.29,1002.9,2.9,10029.0,29.0,-1.8,98.2,-1.8,982.0,-18.0,9820.0,-180.0,-13.55,86.45,-13.55,864.5,-135.5,8645.0,-1355.0,-27.1,72.9,-27.1,729.0,-271.0,7290.0,-2710.0,-8.0,92.0,-8.0,920.0,-80.0,9200.0,-800.0,Earnings Preview: Sarepta Therapeutics (SRPT) Q2 Earnings Expected to Decline,Zacks,2026-07-29,0.0,Leadership changes afoot at two CGT biotechs,Pharmaceutical Technology,2026-07-28,0.0,"Morgan Stanley Views Sarepta CEO Transition As A ‘Positive’ – So, Why Is It Cautious On SRPT Stock In The Near Term?",Stocktwits,2026-07-27,-0.103,,,,,,,,,,
COAG,Hemab Therapeutics,Biotech,rare-disease,NASDAQ,44.75,-5.31%,-9.10%,+21.84%,+31.62%,+39%,2.09,,,0.36,517589,2650489,8004389,,,strong_buy,1.0,-5.31,94.69,-5.31,946.9,-53.1,9469.0,-531.0,-9.1,90.9,-9.1,909.0,-91.0,9090.0,-910.0,21.84,121.84,21.84,1218.4,218.4,12184.0,2184.0,31.62,131.62,31.62,1316.2,316.2,13162.0,3162.0,39.0,139.0,39.0,1390.0,390.0,13900.0,3900.0,Biotech IPO Gains Crush AI Listings With Standout 55% Return,Bloomberg,2026-07-21,0.202,Sector Update: Healthcare Stocks Advance Late Afternoon,MT Newswires,2026-07-13,0.0,"Hemab Therapeutics Details Post-IPO Pipeline Push, Sutacimig Phase III Plans",MarketBeat,2026-06-09,0.0,10,strong_buy,0.55,"Exceptional YTD return of +39% and strong analyst consensus (strong_buy, score 1.0), but high volatility with a -6.21% 1-day drop and lack of fundamental data (no P/E, no beta) increases risk.",+39% YTD; strong_buy analyst rating; no P/E data; high 1-day volatility,,,,,
NVO,Novo Nordisk,Biotech,metabolic,NYSE,51.58,+1.38%,+7.03%,+7.59%,+2.06%,+2%,228.082,0.36,12.34,12.81,8132247,43434247,185869347,354.0,0.98,buy,2.43,1.38,101.38,1.38,1013.8,13.8,10138.0,138.0,7.03,107.03,7.03,1070.3,70.3,10703.0,703.0,7.59,107.59,7.59,1075.9,75.9,10759.0,759.0,2.06,102.06,2.06,1020.6,20.6,10206.0,206.0,2.0,102.0,2.0,1020.0,20.0,10200.0,200.0,3 Beaten-Down Stocks With GLP-1 Exposure to Buy and Hold,Motley Fool,2026-07-29,0.0,Hims & Hers Stock Plunges After FTC Sues Over Alleged Privacy Violations,Barrons.com,2026-07-29,-0.527,How Will Ozempic and Wegovy Sales Aid NVO's Upcoming Q2 Results?,Zacks,2026-07-29,0.0,9,buy,0.6,"Low P/E of 11.91 and dividend yield of 3.63%, with recent 1-month momentum of +5.42% and low short interest of 0.98%, though news sentiment is slightly negative at -0.10.",P/E 11.91; dividend yield 3.63%; low short interest 0.98%; +5.42% 1-month,,,,,
LLY,Eli Lilly,Biotech,metabolic,NYSE,1210.02,-0.91%,+4.04%,+0.88%,+12.38%,+61%,1079.025,0.506,42.91,3.13,2166236,10027636,50865636,57.0,1.15,buy,1.71,-0.91,99.09,-0.91,990.9,-9.1,9909.0,-91.0,4.04,104.04,4.04,1040.4,40.4,10404.0,404.0,0.88,100.88,0.88,1008.8,8.8,10088.0,88.0,12.38,112.38,12.38,1123.8,123.8,11238.0,1238.0,61.0,161.0,61.0,1610.0,610.0,16100.0,6100.0,"Meet the Stock That's Obliterating Eli Lilly, Johnson & Johnson, and AbbVie Right Now",Motley Fool,2026-07-29,0.0,Hims & Hers Stock Plunges After FTC Sues Over Alleged Privacy Violations,Barrons.com,2026-07-29,-0.527,The Real Price of AbbVie Stock Is Cheaper Than You Think,Trefis,2026-07-29,0.0,,,,,,,,,,
LEGN,Legend Biotech,Biotech,neuroscience,NASDAQ,18.85,-1.36%,-19.89%,-34.73%,-12.37%,-53%,3.646,0.341,,2.79,2450720,19145820,50890420,,17.34,buy,1.87,-1.36,98.64,-1.36,986.4,-13.6,9864.0,-136.0,-19.89,80.11,-19.89,801.1,-198.9,8011.0,-1989.0,-34.73,65.27,-34.73,652.7,-347.3,6527.0,-3473.0,-12.37,87.63,-12.37,876.3,-123.7,8763.0,-1237.0,-53.0,47.0,-53.0,470.0,-530.0,4700.0,-5300.0,Legend Biotech (LEGN) Stock May Be Cheap After CEO Resignation,Simply Wall St.,2026-07-29,-0.296,Legend Biotech (LEGN) CEO Exit Tests Management Stability Around Its CAR-T Multiple Myeloma Strategy,Simply Wall St.,2026-07-29,0.0,Legend Biotech (LEGN) Replaces CEO Ying Huang With Interim Chief Alan Bash,Simply Wall St.,2026-07-29,0.0,,,,,,,,,,
IONS,Ionis Pharmaceuticals,Biotech,neuroscience,NASDAQ,54.04,-3.47%,+0.06%,-31.85%,-32.17%,+28%,8.931,0.365,,2.74,3107039,15425339,93943039,,16.09,buy,1.68,-3.47,96.53,-3.47,965.3,-34.7,9653.0,-347.0,0.06,100.06,0.06,1000.6,0.6,10006.0,6.0,-31.85,68.15,-31.85,681.5,-318.5,6815.0,-3185.0,-32.17,67.83,-32.17,678.3,-321.7,6783.0,-3217.0,28.0,128.0,28.0,1280.0,280.0,12800.0,2800.0,Ionis Pharmaceuticals Inc (IONS) Q2 2026 Earnings Call Highlights: Robust Revenue Growth and ...,GuruFocus.com,2026-07-29,0.612,Why Biogen Stock Is Resisting a Market Downturn After Earnings,Barrons.com,2026-07-29,0.0,Ionis Pharmaceuticals Q2 Earnings Call Highlights,MarketBeat,2026-07-29,0.0,,,,,,,,,,
BTC,Bitcoin,Crypto,bitcoin,Crypto,63431.791242,-0.63%,-3.70%,+5.33%,-27.52%,-28%,1272.628,,,22643.49,24148471575,158504428663,786410352230,,,,,-0.63,99.37,-0.63,993.7,-6.3,9937.0,-63.0,-3.7,96.3,-3.7,963.0,-37.0,9630.0,-370.0,5.33,105.33,5.33,1053.3,53.3,10533.0,533.0,-27.52,72.48,-27.52,724.8,-275.2,7248.0,-2752.0,-28.0,72.0,-28.0,720.0,-280.0,7200.0,-2800.0,"Morgan Stanley offering new ethereum, solana ETFs",Yahoo Finance Video,2026-07-29,0.0,Markets react to Fed's July interest rate decision,TheStreet,2026-07-29,0.459,"Robinhood, Arm, Carvana: Stocks moving on earnings in after-hours",Yahoo Finance Video,2026-07-29,0.0,7,buy,0.8,"+7% 1M, largest cap $1.29T, positive sentiment 0.093, safe haven.",+7% 1M; largest cap $1.29T; news sentiment 0.093,,,,,
ETH,Ethereum,Crypto,layer1,Crypto,1885.202127,-1.73%,-2.18%,+16.83%,-36.46%,-36%,227.511,,,8653.22,10140108111,60572512887,295960196499,,,,,-1.73,98.27,-1.73,982.7,-17.3,9827.0,-173.0,-2.18,97.82,-2.18,978.2,-21.8,9782.0,-218.0,16.83,116.83,16.83,1168.3,168.3,11683.0,1683.0,-36.46,63.54,-36.46,635.4,-364.6,6354.0,-3646.0,-36.0,64.0,-36.0,640.0,-360.0,6400.0,-3600.0,"Morgan Stanley offering new ethereum, solana ETFs",Yahoo Finance Video,2026-07-29,0.0,"$430 million in Ethereum just moved, here's why market is paying attention",TheStreet,2026-07-29,0.0,"Top Cryptocurrencies Mixed; Bitcoin Holds Above $63,000",MT Newswires,2026-07-29,0.202,2,strong_buy,0.75,Strong +21.17% 1M rebound with $231B market cap and positive news sentiment 0.098.,+21.17% 1M; large cap $231B; news sentiment 0.098,,,,,
SOL,Solana,Crypto,layer1,Crypto,72.733893,-1.76%,-6.42%,-3.52%,-41.59%,-42%,42.156,,,1472.4,1787192245,10306789396,58829095917,,,,,-1.76,98.24,-1.76,982.4,-17.6,9824.0,-176.0,-6.42,93.58,-6.42,935.8,-64.2,9358.0,-642.0,-3.52,96.48,-3.52,964.8,-35.2,9648.0,-352.0,-41.59,58.41,-41.59,584.1,-415.9,5841.0,-4159.0,-42.0,58.0,-42.0,580.0,-420.0,5800.0,-4200.0,"Morgan Stanley offering new ethereum, solana ETFs",Yahoo Finance Video,2026-07-29,0.0,The CLARITY Act divides finance giants ahead of congressional recess,Yahoo Finance Video,2026-07-29,0.532,"Top Cryptocurrencies Mixed; Bitcoin Holds Above $63,000",MT Newswires,2026-07-29,0.202,,,,,,,,,,
BNB,BNB,Crypto,layer1,Crypto,566.452714,-0.75%,-0.76%,+1.28%,-34.37%,-34%,75.432,,,471.9,527396029,3303270666,17093129940,,,,,-0.75,99.25,-0.75,992.5,-7.5,9925.0,-75.0,-0.76,99.24,-0.76,992.4,-7.6,9924.0,-76.0,1.28,101.28,1.28,1012.8,12.8,10128.0,128.0,-34.37,65.63,-34.37,656.3,-343.7,6563.0,-3437.0,-34.0,66.0,-34.0,660.0,-340.0,6600.0,-3400.0,"Top Cryptocurrencies Mixed; Bitcoin Holds Above $63,000",MT Newswires,2026-07-29,0.202,Why Does XRP Fall Faster Than Every Other Major Coin?,BeInCrypto,2026-07-29,0.0,1inch's Shared Liquidity Layer Aqua Goes Live,decrypt,2026-07-28,0.34,8,buy,0.65,"+2.93% 1M, positive sentiment 0.179, $75.9B cap.",+2.93% 1M; sentiment 0.179; large cap $75.9B,,,,,
ADA,Cardano,Crypto,layer1,Crypto,0.161769,+1.25%,-7.11%,+10.10%,-51.37%,-51%,5.905,,,221.46,315875846,1550246942,9486399594,,,,,1.25,101.25,1.25,1012.5,12.5,10125.0,125.0,-7.11,92.89,-7.11,928.9,-71.1,9289.0,-711.0,10.1,110.1,10.1,1101.0,101.0,11010.0,1010.0,-51.37,48.63,-51.37,486.3,-513.7,4863.0,-5137.0,-51.0,49.0,-51.0,490.0,-510.0,4900.0,-5100.0,"Top Cryptocurrencies Mixed; Bitcoin Holds Above $63,000",MT Newswires,2026-07-29,0.202,A Surprise Rate Hike? Cardano (ADA) and Bittensor (TAO) Climb Before the Fed Speaks,BeInCrypto,2026-07-29,0.273,Cardano Could Fall 40%–50% as ADA Price Forms Two Bearish Patterns,FX Empire,2026-07-29,0.0,5,buy,0.6,"+12.83% 1M and +5.21% 1D, but -51% YTD; $6B cap, sentiment 0.037.",+12.83% 1M; +5.21% 1D; market cap $6B,,,,,
AVAX,Avalanche,Crypto,layer1,Crypto,6.349954,-3.88%,-4.30%,-4.93%,-48.41%,-48%,2.742,,,164.85,150719865,1153949794,4972016464,,,,,-3.88,96.12,-3.88,961.2,-38.8,9612.0,-388.0,-4.3,95.7,-4.3,957.0,-43.0,9570.0,-430.0,-4.93,95.07,-4.93,950.7,-49.3,9507.0,-493.0,-48.41,51.59,-48.41,515.9,-484.1,5159.0,-4841.0,-48.0,52.0,-48.0,520.0,-480.0,5200.0,-4800.0,Ethereum and solana are getting busier — and cheaper. What's going on?,Yahoo Finance Video,2026-07-28,0.0,Aptos climbs to the top 4 blockchains in transaction count,TheStreet,2026-07-24,0.202,,,,,,,,,,,,,,
XRP,XRP,Crypto,payments,Crypto,1.068813,+0.50%,-6.11%,+0.73%,-41.89%,-42%,66.836,,,928.07,1189606977,6496493263,35136567823,,,,,0.5,100.5,0.5,1005.0,5.0,10050.0,50.0,-6.11,93.89,-6.11,938.9,-61.1,9389.0,-611.0,0.73,100.73,0.73,1007.3,7.3,10073.0,73.0,-41.89,58.11,-41.89,581.1,-418.9,5811.0,-4189.0,-42.0,58.0,-42.0,580.0,-420.0,5800.0,-4200.0,Markets react to Fed's July interest rate decision,TheStreet,2026-07-29,0.459,"Top Cryptocurrencies Mixed; Bitcoin Holds Above $63,000",MT Newswires,2026-07-29,0.202,Crypto analyst unveils one factor that could send XRP to $100 trillion,TheStreet,2026-07-29,0.0,6,buy,0.7,"High news sentiment 0.35, +3.4% 1M, large $68B market cap.",news sentiment 0.35; large cap $68B; +3.4% 1M,,,,,
XLM,Stellar,Crypto,payments,Crypto,0.170115,-1.94%,-9.21%,-3.15%,-15.21%,-15%,5.822,,,125.61,126648574,879300183,7088094978,,,,,-1.94,98.06,-1.94,980.6,-19.4,9806.0,-194.0,-9.21,90.79,-9.21,907.9,-92.1,9079.0,-921.0,-3.15,96.85,-3.15,968.5,-31.5,9685.0,-315.0,-15.21,84.79,-15.21,847.9,-152.1,8479.0,-1521.0,-15.0,85.0,-15.0,850.0,-150.0,8500.0,-1500.0,,,,,,,,,,,,,,,,,,,,,,
TRX,TRON,Crypto,payments,Crypto,0.325621,+0.47%,-0.90%,+1.38%,+14.51%,+15%,30.897,,,336.83,371596535,2357796161,11371383863,,,,,0.47,100.47,0.47,1004.7,4.7,10047.0,47.0,-0.9,99.1,-0.9,991.0,-9.0,9910.0,-90.0,1.38,101.38,1.38,1013.8,13.8,10138.0,138.0,14.51,114.51,14.51,1145.1,145.1,11451.0,1451.0,15.0,115.0,15.0,1150.0,150.0,11500.0,1500.0,TRON (TRX) New Accounts Jump 42.87% to One-Month High,BeInCrypto,2026-07-29,0.0,Tron TRX Ends 16% Slide With Two Bullish Signals,BeInCrypto,2026-07-26,0.0,Crypto Payments Firm Triple-A Hit by $9.7 Million Wallet Drain,BeInCrypto,2026-07-25,0.0,10,buy,0.7,"+14% YTD and +14.41% YTD, large cap $30.9B, steady momentum.",+14% YTD; large cap $30.9B; positive annual return,,,,,
SUI,Sui,Crypto,emerging,Crypto,0.681524,-1.57%,-10.74%,-3.08%,-51.41%,-51%,2.762,,,159.72,177617982,1118064309,3300287116,,,,,-1.57,98.43,-1.57,984.3,-15.7,9843.0,-157.0,-10.74,89.26,-10.74,892.6,-107.4,8926.0,-1074.0,-3.08,96.92,-3.08,969.2,-30.8,9692.0,-308.0,-51.41,48.59,-51.41,485.9,-514.1,4859.0,-5141.0,-51.0,49.0,-51.0,490.0,-510.0,4900.0,-5100.0,3 Token Unlocks to Watch in This Week,BeInCrypto,2026-07-27,0.0,Aptos climbs to the top 4 blockchains in transaction count,TheStreet,2026-07-24,0.202,Abu Dhabi's Mubadala Capital brings tokenized private fund to Solana,TheStreet,2026-07-23,0.0,,,,,,,,,,
HBAR,Hedera,Crypto,emerging,Crypto,0.06722,-1.42%,-6.67%,-6.18%,-36.70%,-37%,2.944,,,49.96,47436833,349706470,1694901472,,,,,-1.42,98.58,-1.42,985.8,-14.2,9858.0,-142.0,-6.67,93.33,-6.67,933.3,-66.7,9333.0,-667.0,-6.18,93.82,-6.18,938.2,-61.8,9382.0,-618.0,-36.7,63.3,-36.7,633.0,-367.0,6330.0,-3670.0,-37.0,63.0,-37.0,630.0,-370.0,6300.0,-3700.0,XRP vs XLM vs HBAR: Which Payment Crypto Are Institutions Actually Using?,24/7 Wall St.,2026-07-27,0.0,,,,,,,,,,,,,,,,,,
ALGO,Algorand,Crypto,emerging,Crypto,0.076412,-3.97%,-9.06%,-11.04%,-30.65%,-31%,0.685,,,20.27,24542117,141923255,652869295,,,,,-3.97,96.03,-3.97,960.3,-39.7,9603.0,-397.0,-9.06,90.94,-9.06,909.4,-90.6,9094.0,-906.0,-11.04,88.96,-11.04,889.6,-110.4,8896.0,-1104.0,-30.65,69.35,-30.65,693.5,-306.5,6935.0,-3065.0,-31.0,69.0,-31.0,690.0,-310.0,6900.0,-3100.0,,,,,,,,,,,,,,,,,,,,,,
MINA,Mina,Crypto,emerging,Crypto,0.041262,-4.35%,-10.57%,+6.68%,-45.38%,-45%,0.053,,,3.56,3391865,24946454,148993338,,,,,-4.35,95.65,-4.35,956.5,-43.5,9565.0,-435.0,-10.57,89.43,-10.57,894.3,-105.7,8943.0,-1057.0,6.68,106.68,6.68,1066.8,66.8,10668.0,668.0,-45.38,54.62,-45.38,546.2,-453.8,5462.0,-4538.0,-45.0,55.0,-45.0,550.0,-450.0,5500.0,-4500.0,,,,,,,,,,,,,9,buy,0.4,"+9.94% 1M, but tiny $0.055B cap, high risk.",+9.94% 1M; tiny cap $0.055B; high beta,,,,,
POL,Polygon (MATIC),Crypto,infra,Crypto,0.071085,-1.98%,-10.33%,+0.05%,-29.23%,-29%,0.76,,,27.02,29239618,189149016,990142541,,,,,-1.98,98.02,-1.98,980.2,-19.8,9802.0,-198.0,-10.33,89.67,-10.33,896.7,-103.3,8967.0,-1033.0,0.05,100.05,0.05,1000.5,0.5,10005.0,5.0,-29.23,70.77,-29.23,707.7,-292.3,7077.0,-2923.0,-29.0,71.0,-29.0,710.0,-290.0,7100.0,-2900.0,,,,,,,,,,,,,,,,,,,,,,
DOT,Polkadot,Crypto,infra,Crypto,0.757104,-1.04%,-9.93%,-8.28%,-57.70%,-58%,1.284,,,73.32,101016593,513235356,2520981818,,,,,-1.04,98.96,-1.04,989.6,-10.4,9896.0,-104.0,-9.93,90.07,-9.93,900.7,-99.3,9007.0,-993.0,-8.28,91.72,-8.28,917.2,-82.8,9172.0,-828.0,-57.7,42.3,-57.7,423.0,-577.0,4230.0,-5770.0,-58.0,42.0,-58.0,420.0,-580.0,4200.0,-5800.0,,,,,,,,,,,,,,,,,,,,,,
LINK,Chainlink,Crypto,infra,Crypto,8.202797,-1.98%,-4.91%,+10.36%,-32.73%,-33%,6.137,,,171.16,196915499,1198151382,5422204232,,,,,-1.98,98.02,-1.98,980.2,-19.8,9802.0,-198.0,-4.91,95.09,-4.91,950.9,-49.1,9509.0,-491.0,10.36,110.36,10.36,1103.6,103.6,11036.0,1036.0,-32.73,67.27,-32.73,672.7,-327.3,6727.0,-3273.0,-33.0,67.0,-33.0,670.0,-330.0,6700.0,-3300.0,Ethereum Institutional Closes Ecosystem Funding Round With +100 Backers,Bankless,2026-07-29,0.0,WEMIX and Garden Hacks Add to Record 2026 Crypto Breaches,BeInCrypto,2026-07-27,0.0,,,,,3,buy,0.7,"+14.79% 1M, high news sentiment 0.371, and $6.3B market cap.",+14.79% 1M; news sentiment 0.371; market cap $6.3B,,,,,
DOGE,Dogecoin,Crypto,meme,Crypto,0.06947,-1.76%,-4.36%,-5.82%,-40.77%,-41%,10.787,,,560.6,506349113,3924216811,16092953410,,,,,-1.76,98.24,-1.76,982.4,-17.6,9824.0,-176.0,-4.36,95.64,-4.36,956.4,-43.6,9564.0,-436.0,-5.82,94.18,-5.82,941.8,-58.2,9418.0,-582.0,-40.77,59.23,-40.77,592.3,-407.7,5923.0,-4077.0,-41.0,59.0,-41.0,590.0,-410.0,5900.0,-4100.0,"Top Cryptocurrencies Mixed; Bitcoin Holds Above $63,000",MT Newswires,2026-07-29,0.202,"Dogecoin, Shiba Inu Wins 'Good for Every Legitimate Meme Project,' Says Analyst: 'Ecosystem Has a Better Chance of Winning'",Benzinga,2026-07-29,0.931,"Bitcoin, Ethereum, XRP, Dogecoin Gain Ahead of Fed Rate Cut Decision: Analyst Asks Investors to 'Mark Your Calendar' for Next BTC Bottom",Benzinga,2026-07-29,0.318,,,,,,,,,,
PEPE,Pepe,Crypto,meme,Crypto,3e-06,-4.30%,-6.72%,+13.04%,-33.55%,-34%,1.109,,,164.93,146089613,1154527271,4702030592,,,,,-4.3,95.7,-4.3,957.0,-43.0,9570.0,-430.0,-6.72,93.28,-6.72,932.8,-67.2,9328.0,-672.0,13.04,113.04,13.04,1130.4,130.4,11304.0,1304.0,-33.55,66.45,-33.55,664.5,-335.5,6645.0,-3355.0,-34.0,66.0,-34.0,660.0,-340.0,6600.0,-3400.0,Trader Turns $50K Into Nearly $1M on Robinhood Chain's Top Memecoin: Arkham,CCN,2026-07-28,0.202,,,,,,,,,4,buy,0.65,"+16.80% 1M momentum, meme coin with $1.15B cap and news sentiment 0.202.",+16.80% 1M; meme coin momentum; sentiment 0.202,,,,,
TAO,Bittensor,Crypto,ai,Crypto,188.214876,-2.74%,-4.43%,-9.30%,-13.93%,-14%,2.104,,,78.06,115961024,546436397,3557737577,,,,,-2.74,97.26,-2.74,972.6,-27.4,9726.0,-274.0,-4.43,95.57,-4.43,955.7,-44.3,9557.0,-443.0,-9.3,90.7,-9.3,907.0,-93.0,9070.0,-930.0,-13.93,86.07,-13.93,860.7,-139.3,8607.0,-1393.0,-14.0,86.0,-14.0,860.0,-140.0,8600.0,-1400.0,,,,,,,,,,,,,,,,,,,,,,
FET,ASI Alliance,Crypto,ai,Crypto,0.135496,-2.43%,-12.56%,-23.10%,-31.81%,-32%,0.304,,,41.88,72239040,293140306,1312174239,,,,,-2.43,97.57,-2.43,975.7,-24.3,9757.0,-243.0,-12.56,87.44,-12.56,874.4,-125.6,8744.0,-1256.0,-23.1,76.9,-23.1,769.0,-231.0,7690.0,-2310.0,-31.81,68.19,-31.81,681.9,-318.1,6819.0,-3181.0,-32.0,68.0,-32.0,680.0,-320.0,6800.0,-3200.0,,,,,,,,,,,,,,,,,,,,,,
RNDR,Render,Crypto,ai,Crypto,1.379064,-2.92%,-9.18%,-11.64%,+7.39%,+7%,0.715,,,21.43,24620898,149987279,800065798,,,,,-2.92,97.08,-2.92,970.8,-29.2,9708.0,-292.0,-9.18,90.82,-9.18,908.2,-91.8,9082.0,-918.0,-11.64,88.36,-11.64,883.6,-116.4,8836.0,-1164.0,7.39,107.39,7.39,1073.9,73.9,10739.0,739.0,7.0,107.0,7.0,1070.0,70.0,10700.0,700.0,,,,,,,,,,,,,,,,,,,,,,
OCEAN,Ocean Protocol,Crypto,ai,Crypto,0.0,-7.96%,-7.96%,-7.96%,-100.00%,-100%,,,,0.03,45291,218525,1311282,,,,,-7.96,92.04,-7.96,920.4,-79.6,9204.0,-796.0,-7.96,92.04,-7.96,920.4,-79.6,9204.0,-796.0,-7.96,92.04,-7.96,920.4,-79.6,9204.0,-796.0,-100.0,0.0,-100.0,0.0,-1000.0,0.0,-10000.0,-100.0,0.0,-100.0,0.0,-1000.0,0.0,-10000.0,,,,,,,,,,,,,,,,,,,,,,
GRT,The Graph,Crypto,ai,Crypto,0.014732,-2.51%,-10.56%,-18.17%,-55.69%,-56%,0.161,,,9.83,12446876,68797733,366943992,,,,,-2.51,97.49,-2.51,974.9,-25.1,9749.0,-251.0,-10.56,89.44,-10.56,894.4,-105.6,8944.0,-1056.0,-18.17,81.83,-18.17,818.3,-181.7,8183.0,-1817.0,-55.69,44.31,-55.69,443.1,-556.9,4431.0,-5569.0,-56.0,44.0,-56.0,440.0,-560.0,4400.0,-5600.0,,,,,,,,,,,,,,,,,,,,,,
AGIX,SingularityNET,Crypto,ai,Crypto,0.059549,-4.80%,-12.58%,-23.18%,-30.55%,-31%,,,,0.02,4035,166495,285742,,,,,-4.8,95.2,-4.8,952.0,-48.0,9520.0,-480.0,-12.58,87.42,-12.58,874.2,-125.8,8742.0,-1258.0,-23.18,76.82,-23.18,768.2,-231.8,7682.0,-2318.0,-30.55,69.45,-30.55,694.5,-305.5,6945.0,-3055.0,-31.0,69.0,-31.0,690.0,-310.0,6900.0,-3100.0,,,,,,,,,,,,,,,,,,,,,,
NMR,Numeraire,Crypto,ai,Crypto,8.096406,-4.52%,-13.69%,-3.25%,-15.26%,-15%,0.061,,,4.23,4686985,29609886,136320712,,,,,-4.52,95.48,-4.52,954.8,-45.2,9548.0,-452.0,-13.69,86.31,-13.69,863.1,-136.9,8631.0,-1369.0,-3.25,96.75,-3.25,967.5,-32.5,9675.0,-325.0,-15.26,84.74,-15.26,847.4,-152.6,8474.0,-1526.0,-15.0,85.0,-15.0,850.0,-150.0,8500.0,-1500.0,,,,,,,,,,,,,,,,,,,,,,
ALT,AltLayer,Crypto,ai,Crypto,0.005618,-4.09%,-11.59%,-2.32%,-50.93%,-51%,0.039,,,2.05,2421738,14378297,111660683,,,,,-4.09,95.91,-4.09,959.1,-40.9,9591.0,-409.0,-11.59,88.41,-11.59,884.1,-115.9,8841.0,-1159.0,-2.32,97.68,-2.32,976.8,-23.2,9768.0,-232.0,-50.93,49.07,-50.93,490.7,-509.3,4907.0,-5093.0,-51.0,49.0,-51.0,490.0,-510.0,4900.0,-5100.0,,,,,,,,,,,,,,,,,,,,,,
AIOZ,AIOZ Network,Crypto,ai,Crypto,0.047749,-2.59%,-4.36%,-10.74%,-44.89%,-45%,0.061,,,3.33,4035150,23340538,112689381,,,,,-2.59,97.41,-2.59,974.1,-25.9,9741.0,-259.0,-4.36,95.64,-4.36,956.4,-43.6,9564.0,-436.0,-10.74,89.26,-10.74,892.6,-107.4,8926.0,-1074.0,-44.89,55.11,-44.89,551.1,-448.9,5511.0,-4489.0,-45.0,55.0,-45.0,550.0,-450.0,5500.0,-4500.0,,,,,,,,,,,,,,,,,,,,,,
ARKM,Arkham,Crypto,ai,Crypto,0.093132,-7.09%,-16.39%,-19.19%,-47.22%,-47%,0.021,,,4.65,5264588,32528048,170835426,,,,,-7.09,92.91,-7.09,929.1,-70.9,9291.0,-709.0,-16.39,83.61,-16.39,836.1,-163.9,8361.0,-1639.0,-19.19,80.81,-19.19,808.1,-191.9,8081.0,-1919.0,-47.22,52.78,-47.22,527.8,-472.2,5278.0,-4722.0,-47.0,53.0,-47.0,530.0,-470.0,5300.0,-4700.0,,,,,,,,,,,,,,,,,,,,,,
WLD,Worldcoin,Crypto,ai,Crypto,0.301798,-5.73%,-22.30%,-29.02%,-37.26%,-37%,1.076,,,125.31,119468818,877181270,4592089036,,,,,-5.73,94.27,-5.73,942.7,-57.3,9427.0,-573.0,-22.3,77.7,-22.3,777.0,-223.0,7770.0,-2230.0,-29.02,70.98,-29.02,709.8,-290.2,7098.0,-2902.0,-37.26,62.74,-37.26,627.4,-372.6,6274.0,-3726.0,-37.0,63.0,-37.0,630.0,-370.0,6300.0,-3700.0,Worldcoin Crashes 10% After the Project Sells 217 Million Tokens for Funding,BeInCrypto,2026-07-25,0.0,,,,,,,,,,,,,,,,,,
NEAR,NEAR Protocol,Crypto,ai,Crypto,1.587697,-3.84%,-15.07%,-15.18%,+4.98%,+5%,2.067,,,123.35,148593294,863440517,5199093670,,,,,-3.84,96.16,-3.84,961.6,-38.4,9616.0,-384.0,-15.07,84.93,-15.07,849.3,-150.7,8493.0,-1507.0,-15.18,84.82,-15.18,848.2,-151.8,8482.0,-1518.0,4.98,104.98,4.98,1049.8,49.8,10498.0,498.0,5.0,105.0,5.0,1050.0,50.0,10500.0,500.0,,,,,,,,,,,,,,,,,,,,,,
ICP,Internet Computer,Crypto,ai,Crypto,2.03392,-4.27%,-7.73%,-7.72%,-28.26%,-28%,1.129,,,27.15,27449943,190062312,1003322060,,,,,-4.27,95.73,-4.27,957.3,-42.7,9573.0,-427.0,-7.73,92.27,-7.73,922.7,-77.3,9227.0,-773.0,-7.72,92.28,-7.72,922.8,-77.2,9228.0,-772.0,-28.26,71.74,-28.26,717.4,-282.6,7174.0,-2826.0,-28.0,72.0,-28.0,720.0,-280.0,7200.0,-2800.0,,,,,,,,,,,,,,,,,,,,,,
KAITO,Kaito,Crypto,ai,Crypto,1.30887,+11.67%,+32.71%,+121.68%,+158.57%,+159%,0.316,,,67.6,80974868,473203079,1231947184,,,,,11.67,111.67,11.67,1116.7,116.7,11167.0,1167.0,32.71,132.71,32.71,1327.1,327.1,13271.0,3271.0,121.68,221.68,121.68,2216.8,1216.8,22168.0,12168.0,158.57,258.57,158.57,2585.7,1585.7,25857.0,15857.0,159.0,259.0,159.0,2590.0,1590.0,25900.0,15900.0,,,,,,,,,,,,,1,strong_buy,0.6,"Massive +143% YTD and +110% 1M momentum, though small cap of $0.3B suggests high risk.",+143% YTD; +110% 1M; small cap $0.3B,,,,,
VIRTUAL,Virtuals Protocol,Crypto,ai,Crypto,0.549093,-3.88%,-12.87%,+0.37%,-15.05%,-15%,0.361,,,46.2,42270531,323406471,1577829968,,,,,-3.88,96.12,-3.88,961.2,-38.8,9612.0,-388.0,-12.87,87.13,-12.87,871.3,-128.7,8713.0,-1287.0,0.37,100.37,0.37,1003.7,3.7,10037.0,37.0,-15.05,84.95,-15.05,849.5,-150.5,8495.0,-1505.0,-15.0,85.0,-15.0,850.0,-150.0,8500.0,-1500.0,,,,,,,,,,,,,,,,,,,,,,
LMT,Lockheed Martin,Defence,us-primes,NYSE,569.2,-2.03%,+10.66%,+11.73%,+15.87%,+39%,131.366,0.113,20.97,1.29,1595192,8969192,24885592,237.0,1.62,hold,2.52,-2.03,97.97,-2.03,979.7,-20.3,9797.0,-203.0,10.66,110.66,10.66,1106.6,106.6,11066.0,1066.0,11.73,111.73,11.73,1117.3,117.3,11173.0,1173.0,15.87,115.87,15.87,1158.7,158.7,11587.0,1587.0,39.0,139.0,39.0,1390.0,390.0,13900.0,3900.0,Here’s What Rising Defense Spending Means for Northrop Grumman (NOC),Insider Monkey,2026-07-29,0.128,General Dynamics Raises Earnings Outlook Following Second-Quarter Beat,MT Newswires,2026-07-29,0.273,General Dynamics Stock Bucks Defense Sector Slump Following Earnings Beat,Barrons.com,2026-07-29,0.382,2,buy,0.8,"Lockheed Martin shows +18% YTD and +16% 1M momentum, P/E 21.36, high dividend yield 2.38%, and positive news sentiment 0.282 despite hold analyst rating.",+18% YTD; P/E 21.36; high dividend yield 2.38%; positive news sentiment 0.282,,,,,
RTX,RTX Corporation,Defence,us-primes,NYSE,215.25,-1.55%,+10.45%,+13.45%,+15.82%,+38%,290.105,0.298,37.9,5.44,8211453,40056053,107584353,134.0,1.27,buy,1.87,-1.55,98.45,-1.55,984.5,-15.5,9845.0,-155.0,10.45,110.45,10.45,1104.5,104.5,11045.0,1045.0,13.45,113.45,13.45,1134.5,134.5,11345.0,1345.0,15.82,115.82,15.82,1158.2,158.2,11582.0,1582.0,38.0,138.0,38.0,1380.0,380.0,13800.0,3800.0,General Dynamics Raises Earnings Outlook Following Second-Quarter Beat,MT Newswires,2026-07-29,0.273,EMBJ or RTX: Which Is the Better Value Stock Right Now?,Zacks,2026-07-29,0.649,"General Dynamics' Q2 Earnings Surpass Estimates, Revenues Improve Y/Y",Zacks,2026-07-29,0.612,4,buy,0.75,"RTX has buy consensus, +17.6% YTD and +16.7% 1M momentum, P/E 38.48, and positive news sentiment 0.071.",+17.6% YTD; buy consensus; strong 1M momentum +16.7%; positive news sentiment,,,,,
NOC,Northrop Grumman,Defence,us-primes,NYSE,535.05,-2.74%,+1.86%,+5.05%,-7.95%,-4%,76.011,-0.102,17.0,0.97,759953,4122553,21114753,172.0,1.64,buy,1.96,-2.74,97.26,-2.74,972.6,-27.4,9726.0,-274.0,1.86,101.86,1.86,1018.6,18.6,10186.0,186.0,5.05,105.05,5.05,1050.5,50.5,10505.0,505.0,-7.95,92.05,-7.95,920.5,-79.5,9205.0,-795.0,-4.0,96.0,-4.0,960.0,-40.0,9600.0,-400.0,Here’s What Rising Defense Spending Means for Northrop Grumman (NOC),Insider Monkey,2026-07-29,0.128,General Dynamics Raises Earnings Outlook Following Second-Quarter Beat,MT Newswires,2026-07-29,0.273,"General Dynamics' Q2 Earnings Surpass Estimates, Revenues Improve Y/Y",Zacks,2026-07-29,0.612,,,,,,,,,,
GD,General Dynamics,Defence,us-primes,NYSE,380.96,-3.80%,+2.09%,+8.02%,+12.40%,+26%,103.023,0.338,23.99,1.25,1618269,7699269,24453069,163.0,1.2,buy,2.12,-3.8,96.2,-3.8,962.0,-38.0,9620.0,-380.0,2.09,102.09,2.09,1020.9,20.9,10209.0,209.0,8.02,108.02,8.02,1080.2,80.2,10802.0,802.0,12.4,112.4,12.4,1124.0,124.0,11240.0,1240.0,26.0,126.0,26.0,1260.0,260.0,12600.0,2600.0,General Dynamics Corp (GD) Q2 2026 Earnings Call Highlights: Record Backlog and Strong Cash ...,GuruFocus.com,2026-07-29,0.66,General Dynamics Raises Earnings Outlook Following Second-Quarter Beat,MT Newswires,2026-07-29,0.273,"General Dynamics' Q2 Earnings Surpass Estimates, Revenues Improve Y/Y",Zacks,2026-07-29,0.612,3,buy,0.8,"General Dynamics has buy consensus, +16% YTD, +13.5% 1M, P/E 24.51, and positive news sentiment 0.169.",+16% YTD; buy consensus; P/E 24.51; positive news sentiment,,,,,
HII,Huntington Ingalls Industries,Defence,us-primes,NYSE,280.4,-6.53%,+1.13%,+0.18%,-19.23%,+16%,11.048,0.248,18.23,0.53,673613,3091813,9626613,184.0,2.97,buy,2.25,-6.53,93.47,-6.53,934.7,-65.3,9347.0,-653.0,1.13,101.13,1.13,1011.3,11.3,10113.0,113.0,0.18,100.18,0.18,1001.8,1.8,10018.0,18.0,-19.23,80.77,-19.23,807.7,-192.3,8077.0,-1923.0,16.0,116.0,16.0,1160.0,160.0,11600.0,1600.0,Huntington Ingalls to Post Q2 Earnings: What's in the Cards?,Zacks,2026-07-29,0.0,Huntington Ingalls (HII) To Report Earnings Tomorrow: Here Is What To Expect,StockStory,2026-07-29,0.0,Elon Musk’s Tunneling Firm Is Worth More Than About 100 S&P Companies,Barrons.com,2026-07-27,0.226,,,,,,,,,,
LHX,L3Harris Technologies,Defence,us-primes,NYSE,297.53,-2.82%,+4.34%,+2.39%,-1.54%,+11%,55.429,0.746,32.27,1.37,1266562,7138162,26835162,164.0,1.9,buy,1.6,-2.82,97.18,-2.82,971.8,-28.2,9718.0,-282.0,4.34,104.34,4.34,1043.4,43.4,10434.0,434.0,2.39,102.39,2.39,1023.9,23.9,10239.0,239.0,-1.54,98.46,-1.54,984.6,-15.4,9846.0,-154.0,11.0,111.0,11.0,1110.0,110.0,11100.0,1100.0,"L3Harris Raises Guidance on Higher Profit, Revenue",The Wall Street Journal,2026-07-29,0.44,Can These 3 Aerospace & Defense Stocks Hit Q2 Earnings Targets?,Zacks,2026-07-28,0.128,"Boeing (BA) Reports Q2 Loss, Beats Revenue Estimates",Zacks,2026-07-28,-0.318,,,,,,,,,,
BA,Boeing,Defence,us-primes,NYSE,214.01,-3.26%,+2.57%,-1.14%,-6.04%,-2%,169.023,1.205,84.59,6.3,8879293,34598493,118108993,,0.02,buy,1.68,-3.26,96.74,-3.26,967.4,-32.6,9674.0,-326.0,2.57,102.57,2.57,1025.7,25.7,10257.0,257.0,-1.14,98.86,-1.14,988.6,-11.4,9886.0,-114.0,-6.04,93.96,-6.04,939.6,-60.4,9396.0,-604.0,-2.0,98.0,-2.0,980.0,-20.0,9800.0,-200.0,Aercap Q2 Earnings Call Highlights,MarketBeat,2026-07-29,0.0,Fast Money Host Warns Hyperscaler CapEx Binge Is ‘Issuing Near Junk’ as Data Center Buildout Shows Cracks,24/7 Wall St.,2026-07-29,-0.103,Is Southwest Airlines Stock Attractive After Its Earnings Rebound?,Zacks,2026-07-29,0.44,,,,,,,,,,
BA.L,BAE Systems,Defence,uk-european,LSE,27.0,-0.44%,+4.99%,+11.73%,+15.18%,+13%,0.791,-0.066,29.71,6.55,4387431,37980015,140804851,179.0,,buy,2.17,-0.44,99.56,-0.44,995.6,-4.4,9956.0,-44.0,4.99,104.99,4.99,1049.9,49.9,10499.0,499.0,11.73,111.73,11.73,1117.3,117.3,11173.0,1173.0,15.18,115.18,15.18,1151.8,151.8,11518.0,1518.0,13.0,113.0,13.0,1130.0,130.0,11300.0,1300.0,"BAE Systems (LSE:BA.) Wins Brazil Naval Gun Order, Is The Stock Still Cheap?",Simply Wall St.,2026-07-23,0.318,Europe Announced the Rearmament. America’s Defense Fund Cashed the Checks,24/7 Wall St.,2026-07-22,0.128,Is BAE Systems (LSE:BA.) Still Cheap After New Defence Wins?,Simply Wall St.,2026-07-22,0.625,5,buy,0.75,"BAE Systems has buy consensus, +15.5% YTD, +12% 1M, P/E 29.78, and strong news sentiment 0.299.",+15.5% YTD; buy consensus; news sentiment 0.299; UK defence exposure,,,,,
RR.L,Rolls-Royce Holdings,Defence,uk-european,LSE,18.45,-2.78%,-0.86%,-2.49%,+15.29%,+44%,1.525,1.203,20.0,26.99,29914275,167083387,460017353,67.0,,buy,1.6,-2.78,97.22,-2.78,972.2,-27.8,9722.0,-278.0,-0.86,99.14,-0.86,991.4,-8.6,9914.0,-86.0,-2.49,97.51,-2.49,975.1,-24.9,9751.0,-249.0,15.29,115.29,15.29,1152.9,152.9,11529.0,1529.0,44.0,144.0,44.0,1440.0,440.0,14400.0,4400.0,"Luxury brands, automakers signal consumer weakness from China",Yahoo Finance Video,2026-07-29,-0.421,AI Stocks’ Loss Is London’s Gain,The Wall Street Journal,2026-07-29,0.273,Quantinuum (QNT) Joins Rolls Royce And Partners To Tackle Gas Turbine Quantum Simulations,Simply Wall St.,2026-07-28,0.0,,,,,,,,,,
QQ.L,QinetiQ Group,Defence,uk-european,LSE,6.73,+0.40%,+4.96%,+22.11%,+13.32%,+1%,0.035,0.325,25.18,2.2,3058981,14307362,48170236,219.0,,buy,1.75,0.4,100.4,0.4,1004.0,4.0,10040.0,40.0,4.96,104.96,4.96,1049.6,49.6,10496.0,496.0,22.11,122.11,22.11,1221.1,221.1,12211.0,2211.0,13.32,113.32,13.32,1133.2,133.2,11332.0,1332.0,1.0,101.0,1.0,1010.0,10.0,10100.0,100.0,3 UK Penny Stocks With Market Caps Over £300M To Consider,Simply Wall St.,2026-06-11,0.0,UK Growth Stocks With Insider Ownership Up To 20%,Simply Wall St.,2026-06-11,0.382,UK Stocks That May Be Trading Below Fair Value In June 2026,Simply Wall St.,2026-06-02,0.572,9,buy,0.6,"QinetiQ has buy consensus, +12.9% YTD, +21.6% 1M momentum, P/E 25.07, and positive news sentiment 0.296.",+21.6% 1M; +12.9% YTD; buy consensus; positive news sentiment 0.296,,,,,
PLTR,Palantir Technologies,Defence,cyber-intel,NASDAQ,123.0,-0.89%,-1.26%,+5.43%,-26.72%,-22%,294.869,1.562,138.2,41.71,25685217,156925617,780127517,,3.64,buy,1.88,-0.89,99.11,-0.89,991.1,-8.9,9911.0,-89.0,-1.26,98.74,-1.26,987.4,-12.6,9874.0,-126.0,5.43,105.43,5.43,1054.3,54.3,10543.0,543.0,-26.72,73.28,-26.72,732.8,-267.2,7328.0,-2672.0,-22.0,78.0,-22.0,780.0,-220.0,7800.0,-2200.0,The Playbook for Palantir Ahead of Q3 Earnings,24/7 Wall St.,2026-07-29,0.0,PLTR vs. ACN: Which Leading Tech Stock Should You Consider?,Zacks,2026-07-29,0.0,Decoding PLTR Stock's Premium Valuation,Trefis,2026-07-29,0.0,,,,,,,,,,
LDOS,Leidos Holdings,Defence,cyber-intel,NYSE,114.37,-3.40%,+6.63%,+11.07%,-37.29%,-27%,14.386,0.547,10.47,1.63,1421066,6721566,31079666,145.0,5.84,buy,2.35,-3.4,96.6,-3.4,966.0,-34.0,9660.0,-340.0,6.63,106.63,6.63,1066.3,66.3,10663.0,663.0,11.07,111.07,11.07,1110.7,110.7,11107.0,1107.0,-37.29,62.71,-37.29,627.1,-372.9,6271.0,-3729.0,-27.0,73.0,-27.0,730.0,-270.0,7300.0,-2700.0,Amdocs (DOX) Earnings Expected to Grow: Should You Buy?,Zacks,2026-07-29,0.0,Leidos (LDOS) Expected to Beat Earnings Estimates: Should You Buy?,Zacks,2026-07-28,0.0,Leidos (LDOS) Beats Stock Market Upswing: What Investors Need to Know,Zacks,2026-07-27,0.0,7,buy,0.65,"Leidos has buy consensus, +17.8% 1M momentum, P/E 10.51, and positive news sentiment 0.078, despite -35% YTD.",+17.8% 1M; P/E 10.51; buy consensus; positive news sentiment,,,,,
CACI,CACI International,Defence,cyber-intel,NYSE,487.79,-4.94%,+4.36%,+5.30%,-9.23%,+9%,10.776,0.541,20.13,0.3,168723,1477723,5768223,,7.41,buy,1.56,-4.94,95.06,-4.94,950.6,-49.4,9506.0,-494.0,4.36,104.36,4.36,1043.6,43.6,10436.0,436.0,5.3,105.3,5.3,1053.0,53.0,10530.0,530.0,-9.23,90.77,-9.23,907.7,-92.3,9077.0,-923.0,9.0,109.0,9.0,1090.0,90.0,10900.0,900.0,"Booz Allen Soared On A Beat, Not A Boom",Trefis,2026-07-27,0.0,3 Small-Cap Stocks That Fall Short,StockStory,2026-07-24,0.0,Cass Information Systems (CASS) Q2 Earnings and Revenues Miss Estimates,Zacks,2026-07-23,-0.153,8,buy,0.7,"CACI has buy consensus with strong analyst score 1.56, +11.6% 1M, P/E 20.49, and positive news sentiment 0.123.",analyst score 1.56; +11.6% 1M; P/E 20.49; positive news sentiment,,,,,
SAIC,Science Applications International,Defence,cyber-intel,NYSE,117.01,-3.77%,+0.91%,+6.32%,+16.81%,+8%,4.947,0.283,13.16,0.56,403115,2238815,9491715,122.0,7.86,none,,-3.77,96.23,-3.77,962.3,-37.7,9623.0,-377.0,0.91,100.91,0.91,1009.1,9.1,10091.0,91.0,6.32,106.32,6.32,1063.2,63.2,10632.0,632.0,16.81,116.81,16.81,1168.1,168.1,11681.0,1681.0,8.0,108.0,8.0,1080.0,80.0,10800.0,800.0,"Booz Allen Soared On A Beat, Not A Boom",Trefis,2026-07-27,0.0,Should Value Investors Buy Science Applications International (SAIC) Stock?,Zacks,2026-07-21,0.34,IT Keeps Buying What The Market Keeps Selling,Trefis,2026-07-10,0.0,6,buy,0.7,"SAIC has buy consensus, +21.4% YTD, P/E 13.33, low beta 0.283, and positive news sentiment 0.083.",+21.4% YTD; P/E 13.33; low beta 0.283; positive news sentiment,,,,,
BAH,Booz Allen Hamilton,Defence,cyber-intel,NYSE,70.17,-4.31%,+6.11%,+15.66%,-16.08%,-32%,8.441,0.361,11.02,2.25,2388401,17671301,52443001,322.0,8.59,hold,2.86,-4.31,95.69,-4.31,956.9,-43.1,9569.0,-431.0,6.11,106.11,6.11,1061.1,61.1,10611.0,611.0,15.66,115.66,15.66,1156.6,156.6,11566.0,1566.0,-16.08,83.92,-16.08,839.2,-160.8,8392.0,-1608.0,-32.0,68.0,-32.0,680.0,-320.0,6800.0,-3200.0,"BAH Stock Falls 1.2% Since Q1 Earnings Beat, Revenues Match Estimates",Zacks,2026-07-28,0.0,"Company News for July 27, 2026",Zacks,2026-07-27,0.0,"Booz Allen Soared On A Beat, Not A Boom",Trefis,2026-07-27,0.0,,,,,,,,,,
AVAV,AeroVironment,Defence,drones,NASDAQ,142.12,-8.66%,-5.47%,-13.90%,-44.53%,-42%,7.192,1.395,,1.65,1271997,6055797,43709497,,10.06,buy,1.6,-8.66,91.34,-8.66,913.4,-86.6,9134.0,-866.0,-5.47,94.53,-5.47,945.3,-54.7,9453.0,-547.0,-13.9,86.1,-13.9,861.0,-139.0,8610.0,-1390.0,-44.53,55.47,-44.53,554.7,-445.3,5547.0,-4453.0,-42.0,58.0,-42.0,580.0,-420.0,5800.0,-4200.0,AeroVironment (AVAV) Surpasses Market Returns: Some Facts Worth Knowing,Zacks,2026-07-28,0.226,Is AeroVironment (AVAV) Cheap After Its Army Contract And Legal Headlines?,Simply Wall St.,2026-07-28,0.128,AeroVironment (AVAV) Stock Looks Reasonable On Cash Flow But Rich On Sales,Simply Wall St.,2026-07-28,0.71,10,buy,0.55,"AeroVironment has buy consensus, +12.5% 1M, positive news sentiment 0.213, and drone exposure, despite -39% YTD and high short interest 10%.",+12.5% 1M; buy consensus; positive news sentiment 0.213; drone sector focus,,,,,
KTOS,Kratos Defense,Defence,drones,NASDAQ,43.88,-8.79%,-8.37%,-11.99%,-44.66%,-16%,8.228,1.07,258.12,4.81,3931048,16823548,84467548,,6.36,strong_buy,1.48,-8.79,91.21,-8.79,912.1,-87.9,9121.0,-879.0,-8.37,91.63,-8.37,916.3,-83.7,9163.0,-837.0,-11.99,88.01,-11.99,880.1,-119.9,8801.0,-1199.0,-44.66,55.34,-44.66,553.4,-446.6,5534.0,-4466.0,-16.0,84.0,-16.0,840.0,-160.0,8400.0,-1600.0,ARK Buys Millions In Falling Space Names. SpaceX Preps Classified Mission.,Investor's Business Daily,2026-07-29,-0.153,Kratos (KTOS) Earnings Expected to Grow: What to Know Ahead of Next Week's Release,Zacks,2026-07-28,0.0,"If You Like SpaceX, You’re Going to Love This SpaceX Supplier",Barrons.com,2026-07-23,0.772,,,,,,,,,,
RCAT,Red Cat Holdings,Defence,drones,NASDAQ,6.77,-9.37%,-13.54%,-36.43%,-26.09%,-9%,1.031,1.296,,12.78,7534967,34486167,183696867,,23.58,strong_buy,1.17,-9.37,90.63,-9.37,906.3,-93.7,9063.0,-937.0,-13.54,86.46,-13.54,864.6,-135.4,8646.0,-1354.0,-36.43,63.57,-36.43,635.7,-364.3,6357.0,-3643.0,-26.09,73.91,-26.09,739.1,-260.9,7391.0,-2609.0,-9.0,91.0,-9.0,910.0,-90.0,9100.0,-900.0,"ONDS, RCAT, AVAV, UMAC Stocks Slide Overnight: Pentagon’s Drone Push Is Reportedly Facing Major Production Gap",Stocktwits,2026-07-28,0.0,Red Cat (RCAT) Stock Still Looks Above Fair Value Following A 7x Run,Simply Wall St.,2026-07-24,0.572,Will Executive Firing and Lawsuit Over Controls Change Red Cat Holdings' (RCAT) Leadership Narrative?,Simply Wall St.,2026-07-24,-0.511,,,,,,,,,,
TXT,Textron,Defence,drones,NYSE,85.65,-4.83%,-6.61%,-6.63%,-1.57%,+15%,14.894,0.905,16.35,1.55,2514370,13329770,34510070,8.0,4.33,buy,2.29,-4.83,95.17,-4.83,951.7,-48.3,9517.0,-483.0,-6.61,93.39,-6.61,933.9,-66.1,9339.0,-661.0,-6.63,93.37,-6.63,933.7,-66.3,9337.0,-663.0,-1.57,98.43,-1.57,984.3,-15.7,9843.0,-157.0,15.0,115.0,15.0,1150.0,150.0,11500.0,1500.0,"General Dynamics' Q2 Earnings Surpass Estimates, Revenues Improve Y/Y",Zacks,2026-07-29,0.612,Textron Inc (TXT) Q2 2026 Earnings Call Highlights: Revenue Growth Amid Supply Chain Challenges,GuruFocus.com,2026-07-28,0.44,Textron Inc. Q2 2026 Earnings Call Summary,Moby,2026-07-28,0.0,,,,,,,,,,
SPCX,SpaceX,Defence,space,NASDAQ,112.55,-3.47%,-2.35%,-34.13%,-30.07%,-28%,1482.755,,,116.84,52607375,330894975,1558783375,,2.67,buy,1.65,-3.47,96.53,-3.47,965.3,-34.7,9653.0,-347.0,-2.35,97.65,-2.35,976.5,-23.5,9765.0,-235.0,-34.13,65.87,-34.13,658.7,-341.3,6587.0,-3413.0,-30.07,69.93,-30.07,699.3,-300.7,6993.0,-3007.0,-28.0,72.0,-28.0,720.0,-280.0,7200.0,-2800.0,SpaceX stock sags again to a new low as Q2 earnings approach,Yahoo Finance,2026-07-29,-0.273,The CLARITY Act divides finance giants ahead of congressional recess,Yahoo Finance Video,2026-07-29,0.532,An economist dared Elon Musk to give away his $1t fortune in the next decade – Musk says he’s planning something similar,Moneywise,2026-07-29,0.0,,,,,,,,,,
RKLB,Rocket Lab USA,Defence,space,NASDAQ,58.6,-8.01%,-15.99%,-42.35%,-22.88%,+38%,36.615,2.553,,26.67,18697311,86006511,423614211,,7.97,buy,1.53,-8.01,91.99,-8.01,919.9,-80.1,9199.0,-801.0,-15.99,84.01,-15.99,840.1,-159.9,8401.0,-1599.0,-42.35,57.65,-42.35,576.5,-423.5,5765.0,-4235.0,-22.88,77.12,-22.88,771.2,-228.8,7712.0,-2288.0,38.0,138.0,38.0,1380.0,380.0,13800.0,3800.0,ARK Buys Millions In Falling Space Names. SpaceX Preps Classified Mission.,Investor's Business Daily,2026-07-29,-0.153,"Rocket Lab, SpaceX fall despite historic FAA deregulation",TheStreet,2026-07-29,0.0,"RKLB Stock Eyes Worst Month Ever, But Cathie Wood Keeps Buying — ARK Adds Rocket Lab, Cuts Exposure To $8B Takeover Target",Stocktwits,2026-07-29,-0.654,,,,,,,,,,
PL,Planet Labs,Defence,space,NYSE,19.47,-3.61%,-13.85%,-41.23%,-4.61%,+225%,6.94,2.067,,12.54,5230484,39756684,182567984,,11.0,buy,2.0,-3.61,96.39,-3.61,963.9,-36.1,9639.0,-361.0,-13.85,86.15,-13.85,861.5,-138.5,8615.0,-1385.0,-41.23,58.77,-41.23,587.7,-412.3,5877.0,-4123.0,-4.61,95.39,-4.61,953.9,-46.1,9539.0,-461.0,225.0,325.0,225.0,3250.0,2250.0,32500.0,22500.0,3 Space Stocks Down More Than 50% From Their Highs,Motley Fool,2026-07-28,0.0,Planet Labs PBC (PL) Could Be 48% Undervalued Following Its Recent Pullback,Simply Wall St.,2026-07-28,0.0,"Marvell Technology vs. Planet Labs: Which Growth Stock Is a Better Buy in 2026, the Artificial Intelligence Company or the Rising Star of the Space-Based Economy?",Motley Fool,2026-07-27,0.823,,,,,,,,,,
ASTS,AST SpaceMobile,Defence,space,NASDAQ,53.03,-6.35%,-14.40%,-40.32%,-36.47%,+4%,20.582,2.677,,22.38,12112879,56614279,337698179,,19.93,hold,2.77,-6.35,93.65,-6.35,936.5,-63.5,9365.0,-635.0,-14.4,85.6,-14.4,856.0,-144.0,8560.0,-1440.0,-40.32,59.68,-40.32,596.8,-403.2,5968.0,-4032.0,-36.47,63.53,-36.47,635.3,-364.7,6353.0,-3647.0,4.0,104.0,4.0,1040.0,40.0,10400.0,400.0,AST SpaceMobile vs. QuantumScape: Which Stock Is a Better Buy in 2026?,Motley Fool,2026-07-29,0.44,"Rocket Lab, SpaceX fall despite historic FAA deregulation",TheStreet,2026-07-29,0.0,"ASTS Stock’s Valuation Is ‘Now In A Grey Area,’ Says Analyst After Significant Decline Since January – Retail Says Stock’s ‘Way Undervalued’",Stocktwits,2026-07-29,0.25,,,,,,,,,,
TDG,TransDigm Group,Defence,weapons,NYSE,1264.6,-3.80%,+5.85%,-5.06%,-6.92%,-19%,70.734,0.884,39.46,0.39,230612,1384812,6969912,,2.55,buy,1.91,-3.8,96.2,-3.8,962.0,-38.0,9620.0,-380.0,5.85,105.85,5.85,1058.5,58.5,10585.0,585.0,-5.06,94.94,-5.06,949.4,-50.6,9494.0,-506.0,-6.92,93.08,-6.92,930.8,-69.2,9308.0,-692.0,-19.0,81.0,-19.0,810.0,-190.0,8100.0,-1900.0,Axon Enterprise (AXON) Expected to Beat Earnings Estimates: Should You Buy?,Zacks,2026-07-29,0.0,"Stocks making big moves yesterday: Zoom, TransDigm, Elastic, Rocket Lab, and Tyson Foods",StockStory,2026-07-29,0.0,TransDigm Group (TDG) Appoints Irina Krasik To Its Board As Deal Expertise Arrives,Simply Wall St.,2026-07-28,0.0,,,,,,,,,,
HEI,HEICO Corporation,Defence,weapons,NYSE,355.23,-2.26%,+5.96%,-0.23%,+7.95%,+12%,49.638,1.03,63.43,0.64,433142,2275642,9184442,7.0,1.54,buy,1.86,-2.26,97.74,-2.26,977.4,-22.6,9774.0,-226.0,5.96,105.96,5.96,1059.6,59.6,10596.0,596.0,-0.23,99.77,-0.23,997.7,-2.3,9977.0,-23.0,7.95,107.95,7.95,1079.5,79.5,10795.0,795.0,12.0,112.0,12.0,1120.0,120.0,11200.0,1200.0,Are Aerospace Stocks Lagging  GE Aerospace (GE) This Year?,Zacks,2026-07-29,-0.273,"Is Heico (HEI) a Solid Growth Stock? 3 Reasons to Think ""Yes""",Zacks,2026-07-27,0.71,Airbus Wins Order to Supply Six A350-1000 Aircraft to Riyadh Air,Zacks,2026-07-21,0.572,,,,,,,,,,
AXON,Axon Enterprise,Defence,weapons,NASDAQ,531.2,-3.03%,+8.08%,-5.25%,-5.72%,-27%,42.816,1.378,215.93,1.13,899390,3947490,19721890,,5.47,buy,1.71,-3.03,96.97,-3.03,969.7,-30.3,9697.0,-303.0,8.08,108.08,8.08,1080.8,80.8,10808.0,808.0,-5.25,94.75,-5.25,947.5,-52.5,9475.0,-525.0,-5.72,94.28,-5.72,942.8,-57.2,9428.0,-572.0,-27.0,73.0,-27.0,730.0,-270.0,7300.0,-2700.0,Axon Enterprise (AXON) Expected to Beat Earnings Estimates: Should You Buy?,Zacks,2026-07-29,0.0,3 S&P 500 Stocks with Exciting Potential,StockStory,2026-07-27,0.494,Meet The 2 S&P 500 CEOs Paid Less Than $500 A Year,Investor's Business Daily,2026-07-27,0.0,,,,,,,,,,
OLN,Olin Corporation,Defence,weapons,NYSE,22.19,+3.84%,-8.46%,+11.96%,+4.52%,+11%,2.529,1.206,,2.81,2276464,13789764,64273064,366.0,14.54,hold,2.86,3.84,103.84,3.84,1038.4,38.4,10384.0,384.0,-8.46,91.54,-8.46,915.4,-84.6,9154.0,-846.0,11.96,111.96,11.96,1119.6,119.6,11196.0,1196.0,4.52,104.52,4.52,1045.2,45.2,10452.0,452.0,11.0,111.0,11.0,1110.0,110.0,11100.0,1100.0,Olin (OLN) Reports Next Week: Wall Street Expects Earnings Growth,Zacks,2026-07-23,0.382,Plug Power (PLUG): 10 Most Buzzing Stocks to Buy Right Now,Insider Monkey,2026-07-02,0.0,"Goldman downgraded, Block upgraded: Wall Street's top analyst calls",The Fly,2026-06-30,-0.273,,,,,,,,,,
MRCY,Mercury Systems,Defence,weapons,NASDAQ,90.17,-7.04%,-8.85%,-26.29%,+18.60%,+88%,5.415,0.932,,0.71,682046,2863246,13492546,,9.28,buy,2.0,-7.04,92.96,-7.04,929.6,-70.4,9296.0,-704.0,-8.85,91.15,-8.85,911.5,-88.5,9115.0,-885.0,-26.29,73.71,-26.29,737.1,-262.9,7371.0,-2629.0,18.6,118.6,18.6,1186.0,186.0,11860.0,1860.0,88.0,188.0,88.0,1880.0,880.0,18800.0,8800.0,Why Mercury Systems (MRCY) Could Beat Earnings Estimates Again,Zacks,2026-07-22,0.0,Mercury Systems (MRCY) Stock Looks Stretched Despite Its 161% Three Year Run,Simply Wall St.,2026-07-21,0.0,3 Cash-Producing Stocks with Warning Signs,StockStory,2026-07-20,-0.34,,,,,,,,,,
DRS,Leonardo DRS,Defence,weapons,NYSE,46.54,-6.45%,+1.37%,+9.07%,+34.35%,+14%,12.416,0.19,43.5,1.01,1184767,4360967,23116767,74.0,1.08,strong_buy,1.5,-6.45,93.55,-6.45,935.5,-64.5,9355.0,-645.0,1.37,101.37,1.37,1013.7,13.7,10137.0,137.0,9.07,109.07,9.07,1090.7,90.7,10907.0,907.0,34.35,134.35,34.35,1343.5,343.5,13435.0,3435.0,14.0,114.0,14.0,1140.0,140.0,11400.0,1400.0,What To Expect From Leonardo DRS’s (DRS) Q2 Earnings,StockStory,2026-07-29,0.0,1 Profitable Stock on Our Buy List and 2 We Find Risky,StockStory,2026-07-27,0.273,3 Stocks Under $50 That Fall Short,StockStory,2026-07-17,0.0,1,strong_buy,0.85,"Leonardo DRS has strong_buy consensus, +42% YTD and +20% 1M momentum, P/E 45, low beta 0.19, and positive news sentiment 0.091.",+42% YTD; strong_buy consensus; low beta 0.19; positive news sentiment,,,,,
XOM,ExxonMobil,Energy,oil-majors,NYSE,156.75,+1.07%,+1.49%,+14.65%,+29.53%,+37%,649.721,0.162,26.39,16.9,10871460,69041560,314598060,266.0,1.15,buy,2.32,1.07,101.07,1.07,1010.7,10.7,10107.0,107.0,1.49,101.49,1.49,1014.9,14.9,10149.0,149.0,14.65,114.65,14.65,1146.5,146.5,11465.0,1465.0,29.53,129.53,29.53,1295.3,295.3,12953.0,2953.0,37.0,137.0,37.0,1370.0,370.0,13700.0,3700.0,"Earnings live: Qualcomm stock slides, Arm Holdings little changed after results exceed expectations",Yahoo Finance,2026-07-27,0.0,Canadian oil heads to Japan for the first time in over a year as Iran war tightens Middle East supplies,Reuters,2026-07-29,-0.599,Oil Prices Spike After Iran Launches Surprise Attack on U.S. Forces,Barrons.com,2026-07-29,-0.25,5,buy,0.75,"Exxon Mobil has a solid YTD return of +26.46% and 1-month gain of +12.48%, with a low beta of 0.162 and a buy rating ahead of its July 31 earnings report.",YTD +26.46%; 1M +12.48%; beta 0.162; earnings catalyst,,,,,
CVX,Chevron,Energy,oil-majors,NYSE,191.86,+1.37%,-0.58%,+15.75%,+25.41%,+22%,382.108,0.488,33.43,9.22,8093524,37719924,173401824,375.0,1.03,buy,1.72,1.37,101.37,1.37,1013.7,13.7,10137.0,137.0,-0.58,99.42,-0.58,994.2,-5.8,9942.0,-58.0,15.75,115.75,15.75,1157.5,157.5,11575.0,1575.0,25.41,125.41,25.41,1254.1,254.1,12541.0,2541.0,22.0,122.0,22.0,1220.0,220.0,12200.0,2200.0,"Earnings live: Qualcomm stock slides, Arm Holdings little changed after results exceed expectations",Yahoo Finance,2026-07-27,0.0,Dow Leader Rides Surging Oil Prices And Trump's Venezuela Spoils,Investor's Business Daily,2026-07-29,0.0,Exxon Mobil (XOM): President Trump’s Top Energy Stock Pick?,Insider Monkey,2026-07-29,0.44,6,buy,0.75,"Chevron combines a YTD return of +22.61% with a strong analyst score of 1.72 and a 3.75% dividend yield, supported by positive news sentiment of 0.119.",analyst score 1.72; dividend yield 3.75%; YTD +22.61%; news sentiment 0.119,,,,,
SHEL,Shell,Energy,oil-majors,NYSE,88.34,+1.54%,+0.65%,+13.93%,+19.27%,+20%,244.419,-0.235,13.76,6.95,7988822,38386409,137281155,362.0,1.82,buy,2.19,1.54,101.54,1.54,1015.4,15.4,10154.0,154.0,0.65,100.65,0.65,1006.5,6.5,10065.0,65.0,13.93,113.93,13.93,1139.3,139.3,11393.0,1393.0,19.27,119.27,19.27,1192.7,192.7,11927.0,1927.0,20.0,120.0,20.0,1200.0,200.0,12000.0,2000.0,Sector Update: Energy Stocks Gain Late Afternoon,MT Newswires,2026-07-29,0.67,"TotalEnergies (TTE) Posts A War-Driven Earnings Surge, But The Real Test Is What Happens To LNG Once It Fades",Insider Monkey,2026-07-29,0.0,FTSE 100 sets new record ahead of US rate call,PA Media: Money,2026-07-29,0.0,7,buy,0.7,"Shell offers a compelling P/E of 13.47 and a 3.62% dividend yield, with a YTD return of +16.38% and 1-month momentum of +12.11%.",P/E 13.47; dividend yield 3.62%; YTD +16.38%; 1M +12.11%,,,,,
BP,BP p.l.c.,Energy,oil-majors,NYSE,43.32,+3.88%,+0.00%,+17.24%,+23.87%,+29%,111.554,-0.231,34.94,8.97,8348295,36542995,181762695,479.0,0.49,buy,2.47,3.88,103.88,3.88,1038.8,38.8,10388.0,388.0,0.0,100.0,0.0,1000.0,0.0,10000.0,0.0,17.24,117.24,17.24,1172.4,172.4,11724.0,1724.0,23.87,123.87,23.87,1238.7,238.7,12387.0,2387.0,29.0,129.0,29.0,1290.0,290.0,12900.0,2900.0,Sector Update: Energy Stocks Gain Late Afternoon,MT Newswires,2026-07-29,0.67,Sector Update: Energy Stocks Gain Wednesday Afternoon,MT Newswires,2026-07-29,0.67,"TotalEnergies (TTE) Posts A War-Driven Earnings Surge, But The Real Test Is What Happens To LNG Once It Fades",Insider Monkey,2026-07-29,0.0,8,buy,0.7,"BP provides a high dividend yield of 4.72% and a YTD return of +19.15%, with a 1-month gain of +11.57% and low short interest of 0.49%.",dividend yield 4.72%; YTD +19.15%; 1M +11.57%; short interest 0.49%,,,,,
TTE,TotalEnergies,Energy,oil-majors,NYSE,86.75,+0.29%,+2.17%,+11.56%,+31.83%,+41%,192.61,0.05,10.86,1.57,1247480,8340480,37194380,501.0,0.26,buy,2.1,0.29,100.29,0.29,1002.9,2.9,10029.0,29.0,2.17,102.17,2.17,1021.7,21.7,10217.0,217.0,11.56,111.56,11.56,1115.6,115.6,11156.0,1156.0,31.83,131.83,31.83,1318.3,318.3,13183.0,3183.0,41.0,141.0,41.0,1410.0,410.0,14100.0,4100.0,"TotalEnergies (TTE) Posts A War-Driven Earnings Surge, But The Real Test Is What Happens To LNG Once It Fades",Insider Monkey,2026-07-29,0.0,"Update: US Equity Futures Lower Pre-Bell as Middle East Hostilities Resume, Oil Prices Rise",MT Newswires,2026-07-29,-0.649,Sector Update: Energy Stocks Decline Late Afternoon,MT Newswires,2026-07-28,0.273,1,strong_buy,0.9,"TotalEnergies offers exceptional value with a P/E of 10.54, a 5.01% dividend yield, and strong YTD return of +27.93%, supported by positive news sentiment of 0.211.",P/E 10.54; dividend yield 5.01%; YTD +27.93%; news sentiment 0.211,,,,,
EQNR,Equinor,Energy,oil-majors,NYSE,40.95,+5.00%,+2.48%,+30.41%,+70.76%,+48%,97.299,-0.75,11.1,3.97,4243950,23042350,85423450,397.0,2.92,hold,3.33,5.0,105.0,5.0,1050.0,50.0,10500.0,500.0,2.48,102.48,2.48,1024.8,24.8,10248.0,248.0,30.41,130.41,30.41,1304.1,304.1,13041.0,3041.0,70.76,170.76,70.76,1707.6,707.6,17076.0,7076.0,48.0,148.0,48.0,1480.0,480.0,14800.0,4800.0,European Equities Traded in US as ADRs Ease in Wednesday Trading,MT Newswires,2026-07-29,0.361,Energy Transition Update - SunPower Advances Amid Solar Industry Challenges,Simply Wall St.,2026-07-28,0.34,European Equities Traded in the US as American Depositary Receipts Start Week Marginally Higher in Monday Trading,MT Newswires,2026-07-27,0.0,,,,,,,,,,
COP,ConocoPhillips,Energy,ep-refining,NYSE,118.06,+1.78%,-0.61%,+13.56%,+23.95%,+18%,143.832,0.122,20.01,7.33,4374723,30776423,134163923,294.0,1.7,buy,1.76,1.78,101.78,1.78,1017.8,17.8,10178.0,178.0,-0.61,99.39,-0.61,993.9,-6.1,9939.0,-61.0,13.56,113.56,13.56,1135.6,135.6,11356.0,1356.0,23.95,123.95,23.95,1239.5,239.5,12395.0,2395.0,18.0,118.0,18.0,1180.0,180.0,11800.0,1800.0,Forget SPY: This Shareholder Yield ETF Has Beaten It by 12 Points This Year,24/7 Wall St.,2026-07-29,-0.572,TPAO to acquire 15% interest in bp’s Kirkuk project,Offshore Technology,2026-07-29,0.459,2 Energy Stocks to Own for Decades and 1 That Underwhelm,StockStory,2026-07-29,0.273,10,buy,0.6,"ConocoPhillips has a strong analyst score of 1.76, a YTD return of +19.80%, and a P/E of 19.6, with a 2.91% dividend yield despite slightly negative news sentiment.",analyst score 1.76; YTD +19.80%; P/E 19.6; dividend yield 2.91%,,,,,
OXY,Occidental Petroleum,Energy,ep-refining,NYSE,56.03,+2.38%,-2.56%,+15.36%,+33.45%,+21%,55.73,0.15,75.72,10.57,7848179,41411079,192860579,193.0,0.01,buy,2.38,2.38,102.38,2.38,1023.8,23.8,10238.0,238.0,-2.56,97.44,-2.56,974.4,-25.6,9744.0,-256.0,15.36,115.36,15.36,1153.6,153.6,11536.0,1536.0,33.45,133.45,33.45,1334.5,334.5,13345.0,3345.0,21.0,121.0,21.0,1210.0,210.0,12100.0,2100.0,Implied Volatility Surging for Occidental Petroleum Stock Options,Zacks,2026-07-29,0.0,Can EOG Resources Keep Its Winning Streak Alive in Q2 Earnings?,Zacks,2026-07-29,0.718,Important Factors to Watch Ahead of BP's Q2 Earnings Release,Zacks,2026-07-29,0.202,,,,,,,,,,
EOG,EOG Resources,Energy,ep-refining,NYSE,145.94,+3.72%,+1.35%,+13.33%,+39.44%,+15%,77.731,0.261,14.35,3.62,1836305,12768205,63080605,291.0,3.65,buy,2.17,3.72,103.72,3.72,1037.2,37.2,10372.0,372.0,1.35,101.35,1.35,1013.5,13.5,10135.0,135.0,13.33,113.33,13.33,1133.3,133.3,11333.0,1333.0,39.44,139.44,39.44,1394.4,394.4,13944.0,3944.0,15.0,115.0,15.0,1150.0,150.0,11500.0,1500.0,Can EOG Resources Keep Its Winning Streak Alive in Q2 Earnings?,Zacks,2026-07-29,0.718,SM Energy (SM) Earnings Expected to Grow: What to Know Ahead of Next Week's Release,Zacks,2026-07-29,0.273,EOG Resources (EOG) Earnings Expected to Grow: What to Know Ahead of Next Week's Release,Zacks,2026-07-28,0.0,9,buy,0.65,"EOG Resources has a YTD return of +33.42%, a low P/E of 13.8, and a 2.91% dividend yield, with positive news sentiment of 0.202 ahead of its earnings release.",YTD +33.42%; P/E 13.8; dividend yield 2.91%; news sentiment 0.202,,,,,
MPC,Marathon Petroleum,Energy,ep-refining,NYSE,308.72,-0.41%,-2.25%,+20.75%,+88.60%,+79%,90.127,0.52,20.34,2.36,1383950,9885850,42238050,128.0,2.54,buy,2.33,-0.41,99.59,-0.41,995.9,-4.1,9959.0,-41.0,-2.25,97.75,-2.25,977.5,-22.5,9775.0,-225.0,20.75,120.75,20.75,1207.5,207.5,12075.0,2075.0,88.6,188.6,88.6,1886.0,886.0,18860.0,8860.0,79.0,179.0,79.0,1790.0,790.0,17900.0,7900.0,Is Marathon Petroleum (MPC) Undervalued On August 4 Earnings Hopes?,Simply Wall St.,2026-07-29,0.421,Phillips 66 (PSX) Earnings Expected to Grow: What to Know Ahead of Next Week's Release,Zacks,2026-07-29,0.0,Record Crack Spreads and Tight Fuel Markets Might Change The Case For Investing In Marathon Petroleum (MPC),Simply Wall St.,2026-07-29,0.0,2,strong_buy,0.85,"Marathon Petroleum leads with a staggering YTD return of +86.97% and 1-month momentum of +18.07%, driven by record crack spreads and tight fuel markets, with a buy analyst consensus.",YTD +86.97%; 1M +18.07%; record crack spreads; analyst buy,,,,,
VLO,Valero Energy,Energy,ep-refining,NYSE,301.32,-0.56%,-3.09%,+15.70%,+84.26%,+114%,89.472,0.545,22.01,3.05,2299147,11892647,56741147,161.0,4.27,buy,2.4,-0.56,99.44,-0.56,994.4,-5.6,9944.0,-56.0,-3.09,96.91,-3.09,969.1,-30.9,9691.0,-309.0,15.7,115.7,15.7,1157.0,157.0,11570.0,1570.0,84.26,184.26,84.26,1842.6,842.6,18426.0,8426.0,114.0,214.0,114.0,2140.0,1140.0,21400.0,11400.0,Is Valero (VLO) Using Its Steady Dividend To Redefine Its Cash Return Priorities?,Simply Wall St.,2026-07-29,0.0,3 Top Refining & Marketing Stocks Riding Industry Strength,Zacks,2026-07-29,0.612,DINO Q2 Earnings Beat Estimates on Refining Strength & Higher Volumes,Zacks,2026-07-29,0.494,3,strong_buy,0.85,"Valero Energy shows a YTD return of +82.77% and 1-month gain of +12.23%, with a P/E of 22.27 and the highest news sentiment (0.284) among refiners.",YTD +82.77%; 1M +12.23%; news sentiment 0.284; refining momentum,,,,,
SLB,SLB (Schlumberger),Energy,oilfield-services,NYSE,48.96,-3.39%,+2.71%,+5.31%,+23.15%,+46%,72.656,0.733,23.88,14.2,10242082,83706682,271907182,229.0,4.88,buy,1.6,-3.39,96.61,-3.39,966.1,-33.9,9661.0,-339.0,2.71,102.71,2.71,1027.1,27.1,10271.0,271.0,5.31,105.31,5.31,1053.1,53.1,10531.0,531.0,23.15,123.15,23.15,1231.5,231.5,12315.0,2315.0,46.0,146.0,46.0,1460.0,460.0,14600.0,4600.0,SLB (SLB) Stock Looks Reasonable Despite Its 93% Five Year Run,Simply Wall St.,2026-07-29,0.0,Here's How SLB's Q2 Earnings Impact Energy ETFs,Zacks,2026-07-29,0.273,SLB Limited (SLB) is Attracting Investor Attention: Here is What You Should Know,Zacks,2026-07-29,0.296,4,strong_buy,0.8,"SLB has the best analyst score (1.60) and highest news sentiment (0.382) in the universe, with a YTD return of +25.72% and 1-week momentum of +7.28%.",analyst score 1.60; news sentiment 0.382; YTD +25.72%; 1W +7.28%,,,,,
HAL,Halliburton,Energy,oilfield-services,NYSE,31.19,-1.30%,-5.57%,-8.13%,+6.33%,+39%,26.057,0.725,16.33,11.92,10080670,62976970,254221570,218.0,5.61,buy,1.75,-1.3,98.7,-1.3,987.0,-13.0,9870.0,-130.0,-5.57,94.43,-5.57,944.3,-55.7,9443.0,-557.0,-8.13,91.87,-8.13,918.7,-81.3,9187.0,-813.0,6.33,106.33,6.33,1063.3,63.3,10633.0,633.0,39.0,139.0,39.0,1390.0,390.0,13900.0,3900.0,"SLB Growth Outlook Hinges on Offshore, Digital and Production Gains",Zacks,2026-07-28,0.612,Halliburton Bags Spate of Middle East Contracts in July,Rigzone.com,2026-07-27,0.0,Is LBRT Stock Attractive After Its Sharp Pullback and Earnings Beat?,Zacks,2026-07-27,0.44,,,,,,,,,,
BKR,Baker Hughes,Energy,oilfield-services,NASDAQ,58.72,-0.47%,+3.75%,+5.80%,+25.45%,+28%,58.29,0.96,18.76,8.62,20160571,67264471,224198471,152.0,3.07,buy,1.74,-0.47,99.53,-0.47,995.3,-4.7,9953.0,-47.0,3.75,103.75,3.75,1037.5,37.5,10375.0,375.0,5.8,105.8,5.8,1058.0,58.0,10580.0,580.0,25.45,125.45,25.45,1254.5,254.5,12545.0,2545.0,28.0,128.0,28.0,1280.0,280.0,12800.0,2800.0,Sector Update: Energy Stocks Gain Late Afternoon,MT Newswires,2026-07-29,0.67,How Volatility Clustering Could Trigger a Comeback in Baker Hughes (BKR) Stock,Barchart,2026-07-29,0.0,BKR Q2 Deep Dive: Chart Acquisition and Power Demand Drive Strategic Shift,StockStory,2026-07-29,-0.128,,,,,,,,,,
NEE,NextEra Energy,Energy,utilities,NYSE,88.46,-0.96%,-1.06%,+0.79%,+10.86%,+26%,184.493,0.667,19.88,11.72,6215135,51186835,218181935,281.0,,buy,1.95,-0.96,99.04,-0.96,990.4,-9.6,9904.0,-96.0,-1.06,98.94,-1.06,989.4,-10.6,9894.0,-106.0,0.79,100.79,0.79,1007.9,7.9,10079.0,79.0,10.86,110.86,10.86,1108.6,108.6,11086.0,1086.0,26.0,126.0,26.0,1260.0,260.0,12600.0,2600.0,NextEra and Brookfield Are Building a $100 Billion Data Center Campus in Kentucky. Here's What Investors Need to Know.,Motley Fool,2026-07-29,0.0,$100 Billion AI Campus Fails to Lift NextEra Stock,GuruFocus.com,2026-07-29,-0.421,Sector Update: Energy Stocks Gain Wednesday Afternoon,MT Newswires,2026-07-29,0.67,,,,,,,,,,
SSE.L,SSE plc,Energy,utilities,LSE,31.03,-1.28%,-8.20%,-5.55%,+4.10%,+27%,0.374,0.59,22.11,4.02,7185681,16376629,79793905,292.0,,buy,2.0,-1.28,98.72,-1.28,987.2,-12.8,9872.0,-128.0,-8.2,91.8,-8.2,918.0,-82.0,9180.0,-820.0,-5.55,94.45,-5.55,944.5,-55.5,9445.0,-555.0,4.1,104.1,4.1,1041.0,41.0,10410.0,410.0,27.0,127.0,27.0,1270.0,270.0,12700.0,2700.0,SSE (LSE:SSE) Stock Fair Value Edges Lower After Mixed Analyst Target Changes,Simply Wall St.,2026-06-24,0.361,"UK, Japan to deepen ties with £18 billion investment agreement",Investing.com,2026-06-14,0.494,"Bears are Losing Control Over SSE (SSEZY), Here's Why It's a 'Buy' Now",Zacks,2026-06-10,-0.382,,,,,,,,,,
ENPH,Enphase Energy,Energy,clean-energy,NASDAQ,35.07,-5.22%,-11.39%,-28.78%,+3.91%,+9%,4.622,1.615,34.72,7.35,9207545,29860445,111187345,,20.94,buy,2.48,-5.22,94.78,-5.22,947.8,-52.2,9478.0,-522.0,-11.39,88.61,-11.39,886.1,-113.9,8861.0,-1139.0,-28.78,71.22,-28.78,712.2,-287.8,7122.0,-2878.0,3.91,103.91,3.91,1039.1,39.1,10391.0,391.0,9.0,109.0,9.0,1090.0,90.0,10900.0,900.0,"Enphase Energy Q2 Earnings Match Estimates, Revenues Decline Y/Y",Zacks,2026-07-29,0.273,ENPH Q2 Earnings Call Highlights Storage-Led Recovery,Zacks,2026-07-29,0.0,Enphase Energy (ENPH) Unveils Kestrel ASIC White Paper For Its Next Energy Products,Simply Wall St.,2026-07-29,0.494,,,,,,,,,,
FSLR,First Solar,Energy,clean-energy,NASDAQ,199.24,-1.85%,-4.61%,-15.56%,-27.37%,+13%,21.409,1.73,12.87,2.45,1559042,8522042,37358242,,12.04,buy,2.11,-1.85,98.15,-1.85,981.5,-18.5,9815.0,-185.0,-4.61,95.39,-4.61,953.9,-46.1,9539.0,-461.0,-15.56,84.44,-15.56,844.4,-155.6,8444.0,-1556.0,-27.37,72.63,-27.37,726.3,-273.7,7263.0,-2737.0,13.0,113.0,13.0,1130.0,130.0,11300.0,1300.0,"Enphase Energy Q2 Earnings Match Estimates, Revenues Decline Y/Y",Zacks,2026-07-29,0.273,First Solar to Release Q2 Earnings: Here's What You Need to Know,Zacks,2026-07-28,0.0,2 Cash-Producing Stocks with Promising Prospects and 1 That Underwhelm,StockStory,2026-07-27,0.599,,,,,,,,,,
BEPC,Brookfield Renewable Corp,Energy,clean-energy,NYSE,32.12,-0.25%,-1.92%,-13.47%,-17.95%,-11%,5.858,1.159,,1.62,1567254,11702254,34175254,481.0,,hold,2.83,-0.25,99.75,-0.25,997.5,-2.5,9975.0,-25.0,-1.92,98.08,-1.92,980.8,-19.2,9808.0,-192.0,-13.47,86.53,-13.47,865.3,-134.7,8653.0,-1347.0,-17.95,82.05,-17.95,820.5,-179.5,8205.0,-1795.0,-11.0,89.0,-11.0,890.0,-110.0,8900.0,-1100.0,NextEra Energy vs Brookfield Renewable: The Better Dividend Stock,24/7 Wall St.,2026-07-25,0.612,These 2 Top High-Yield Dividend Stocks Are Simplifying. Here's What That Means for Dividend Investors.,Motley Fool,2026-07-22,0.202,Brookfield Renewable to Simplify Corporate Structure,MT Newswires,2026-07-22,0.0,,,,,,,,,,
DNNGY,Ørsted,Energy,clean-energy,NASDAQ,7.14,-0.70%,-7.63%,-4.03%,+7.13%,-55%,28.298,0.636,,0.11,6105,327705,2033805,,,strong_buy,1.0,-0.7,99.3,-0.7,993.0,-7.0,9930.0,-70.0,-7.63,92.37,-7.63,923.7,-76.3,9237.0,-763.0,-4.03,95.97,-4.03,959.7,-40.3,9597.0,-403.0,7.13,107.13,7.13,1071.3,71.3,10713.0,713.0,-55.0,45.0,-55.0,450.0,-550.0,4500.0,-5500.0,Energy & Utilities Roundup: Market Talk,The Wall Street Journal,2026-06-05,0.273,Ørsted Advances Flagship Offshore Wind Projects With Earnings And Risk In Focus,Simply Wall St.,2026-05-17,-0.178,Ørsted and PGE kick off offshore installation of Baltica 2 project,Energy Global,2026-05-14,0.0,,,,,,,,,,
AAPL,Apple,MegaCap,big-tech,NASDAQ,338,-0.90%,+3.77%,+16.88%,+25.02%,+63%,4967.117,1.097,40.94,55.9,48852885,238646385,1049416585,32.0,1.0,buy,2.02,-0.9,99.1,-0.9,991.0,-9.0,9910.0,-90.0,3.77,103.77,3.77,1037.7,37.7,10377.0,377.0,16.88,116.88,16.88,1168.8,168.8,11688.0,1688.0,25.02,125.02,25.02,1250.2,250.2,12502.0,2502.0,63.0,163.0,63.0,1630.0,630.0,16300.0,6300.0,"Earnings live: Qualcomm stock slides, Arm Holdings little changed after results exceed expectations",Yahoo Finance,2026-07-27,0.0,Can Qualcomm secure a 'tiny slice' of the data center pie?,Yahoo Finance Video,2026-07-29,0.34,"S&P 8,500 melt-up? Why money is leaving big tech",Yahoo Finance Video,2026-07-29,0.0,4,buy,0.78,"YTD +25.72%, 1M +20.71%, market cap $4.99T, AI strength narrative, positive news sentiment 0.252, analyst buy.",YTD +25.72%; 1M +20.71%; market cap $4.99T; news sentiment 0.252,,,,,
MSFT,Microsoft,MegaCap,big-tech,NASDAQ,391,-1.25%,+0.05%,+4.70%,-17.06%,-23%,2901.101,1.13,23.25,39.09,42418496,160653396,684266496,94.0,1.24,strong_buy,1.34,-1.25,98.75,-1.25,987.5,-12.5,9875.0,-125.0,0.05,100.05,0.05,1000.5,0.5,10005.0,5.0,4.7,104.7,4.7,1047.0,47.0,10470.0,470.0,-17.06,82.94,-17.06,829.4,-170.6,8294.0,-1706.0,-23.0,77.0,-23.0,770.0,-230.0,7700.0,-2300.0,"Microsoft's Q4 results are 'narrative changing,' according to one analyst",Yahoo Finance Video,2026-07-29,0.0,Microsoft shares rise after Q4 beat,Yahoo Finance Video,2026-07-29,0.296,Markets brace for Fed decision and Big Tech earnings,Yahoo Finance Video,2026-07-28,0.0,,,,,,,,,,
NVDA,NVIDIA,MegaCap,big-tech,NASDAQ,190,-3.86%,-10.40%,-5.04%,+0.74%,+10%,4602.232,2.211,29.14,154.25,136609393,650416693,2739029293,51.0,1.39,strong_buy,1.3,-3.86,96.14,-3.86,961.4,-38.6,9614.0,-386.0,-10.4,89.6,-10.4,896.0,-104.0,8960.0,-1040.0,-5.04,94.96,-5.04,949.6,-50.4,9496.0,-504.0,0.74,100.74,0.74,1007.4,7.4,10074.0,74.0,10.0,110.0,10.0,1100.0,100.0,11000.0,1000.0,"Tech stocks today: Microsoft, Meta, Qualcomm report earnings as chip stocks struggle",Yahoo Finance,2026-07-27,-0.318,"Meet the Stock That's Obliterating Eli Lilly, Johnson & Johnson, and AbbVie Right Now",Motley Fool,2026-07-29,0.0,Reynolds Consumer Products Inc. Q2 2026 Earnings Call Summary,Moby,2026-07-29,0.0,,,,,,,,,,
GOOGL,Alphabet,MegaCap,big-tech,NASDAQ,337,+0.24%,-1.57%,-5.78%,+6.98%,+70%,4117.941,1.247,16.9,33.05,26972279,186182079,611065879,26.0,1.34,strong_buy,1.39,0.24,100.24,0.24,1002.4,2.4,10024.0,24.0,-1.57,98.43,-1.57,984.3,-15.7,9843.0,-157.0,-5.78,94.22,-5.78,942.2,-57.8,9422.0,-578.0,6.98,106.98,6.98,1069.8,69.8,10698.0,698.0,70.0,170.0,70.0,1700.0,700.0,17000.0,7000.0,Meta's revenue forecast is 'barely passable': D.A. Davidson analyst,Yahoo Finance Video,2026-07-29,0.0,"Meta misses on Q2 earnings, stock tumbles",Yahoo Finance,2026-07-28,-0.226,"Apple to report Q3 earnings following price hikes on Macs, iPads",Yahoo Finance,2026-07-29,0.0,,,,,,,,,,
META,Meta Platforms,MegaCap,big-tech,NASDAQ,586,-1.97%,-6.63%,+3.96%,-9.80%,-15%,1486.526,1.246,21.32,18.18,19895887,70098787,396543587,35.0,1.72,strong_buy,1.35,-1.97,98.03,-1.97,980.3,-19.7,9803.0,-197.0,-6.63,93.37,-6.63,933.7,-66.3,9337.0,-663.0,3.96,103.96,3.96,1039.6,39.6,10396.0,396.0,-9.8,90.2,-9.8,902.0,-98.0,9020.0,-980.0,-15.0,85.0,-15.0,850.0,-150.0,8500.0,-1500.0,"Earnings live: Qualcomm stock slides, Arm Holdings little changed after results exceed expectations",Yahoo Finance,2026-07-27,0.0,Meta stock falls on Q2 earnings miss: What's next for capex?,Yahoo Finance Video,2026-07-29,-0.153,"S&P 8,500 melt-up? Why money is leaving big tech",Yahoo Finance Video,2026-07-29,0.0,,,,,,,,,,
AMZN,Amazon,MegaCap,big-tech,NASDAQ,227,-2.32%,-7.43%,-4.90%,+0.07%,+0%,2438.099,1.461,27.11,48.23,39985089,201988889,843467989,,1.09,strong_buy,1.34,-2.32,97.68,-2.32,976.8,-23.2,9768.0,-232.0,-7.43,92.57,-7.43,925.7,-74.3,9257.0,-743.0,-4.9,95.1,-4.9,951.0,-49.0,9510.0,-490.0,0.07,100.07,0.07,1000.7,0.7,10007.0,7.0,0.0,100.0,0.0,1000.0,0.0,10000.0,0.0,"Earnings live: Qualcomm stock slides, Arm Holdings little changed after results exceed expectations",Yahoo Finance,2026-07-27,0.0,"S&P 8,500 melt-up? Why money is leaving big tech",Yahoo Finance Video,2026-07-29,0.0,Microsoft Stock Rises on Strong Earnings. The Cloud—And Software—Are Bright Spots.,Barrons.com,2026-07-29,0.735,,,,,,,,,,
TSLA,Tesla,MegaCap,big-tech,NASDAQ,298,-2.78%,-20.24%,-29.07%,-31.90%,-4%,1178.229,1.802,276.22,47.96,38734788,301822988,902712488,,2.0,buy,2.35,-2.78,97.22,-2.78,972.2,-27.8,9722.0,-278.0,-20.24,79.76,-20.24,797.6,-202.4,7976.0,-2024.0,-29.07,70.93,-29.07,709.3,-290.7,7093.0,-2907.0,-31.9,68.1,-31.9,681.0,-319.0,6810.0,-3190.0,-4.0,96.0,-4.0,960.0,-40.0,9600.0,-400.0,"Earnings live: Qualcomm stock slides, Arm Holdings little changed after results exceed expectations",Yahoo Finance,2026-07-27,0.0,Tesla Closed Tuesday 3% Above Its 52-Week Low. Here's What Happened the Last 3 Times It Got This Close.,Motley Fool,2026-07-29,-0.273,An economist dared Elon Musk to give away his $1t fortune in the next decade – Musk says he’s planning something similar,Moneywise,2026-07-29,0.0,,,,,,,,,,
NFLX,Netflix,MegaCap,big-tech,NASDAQ,74,+0.82%,+7.44%,+3.12%,-19.08%,-39%,306.591,1.517,23.15,43.55,43188109,212061709,1039292709,,2.41,buy,1.73,0.82,100.82,0.82,1008.2,8.2,10082.0,82.0,7.44,107.44,7.44,1074.4,74.4,10744.0,744.0,3.12,103.12,3.12,1031.2,31.2,10312.0,312.0,-19.08,80.92,-19.08,809.2,-190.8,8092.0,-1908.0,-39.0,61.0,-39.0,610.0,-390.0,6100.0,-3900.0,Sector Update: Consumer Stocks Mixed Late Afternoon,MT Newswires,2026-07-29,0.0,Netflix to pay $200M for US Women’s World Cup broadcast rights - report,Investing.com,2026-07-29,-0.103,"LVMH CEO Bernard Arnault reveals he owned nearly 20% of Netflix, but cashed out too early—his stake could be worth up to $60 billion today",Fortune,2026-07-29,0.329,,,,,,,,,,
JPM,JPMorgan Chase,MegaCap,financials,NYSE,345,-3.63%,-1.01%,+5.78%,+7.41%,+19%,916.308,0.982,14.78,9.42,8255681,41108181,204846781,168.0,1.11,buy,2.09,-3.63,96.37,-3.63,963.7,-36.3,9637.0,-363.0,-1.01,98.99,-1.01,989.9,-10.1,9899.0,-101.0,5.78,105.78,5.78,1057.8,57.8,10578.0,578.0,7.41,107.41,7.41,1074.1,74.1,10741.0,741.0,19.0,119.0,19.0,1190.0,190.0,11900.0,1900.0,JPMorgan Delivers Major CarMax Stock Reset,GuruFocus.com,2026-07-29,0.0,Bank Stocks Drop From Record Highs Ahead of Fed Meeting,Barrons.com,2026-07-29,-0.273,"The Best Cities For Entrepreneurs to Start a Business, According to This Banking Pro",Entrepreneur,2026-07-29,0.637,,,,,,,,,,
BAC,Bank of America,MegaCap,financials,NYSE,61,-2.56%,-0.89%,+7.18%,+10.34%,+31%,428.587,1.175,14.1,36.32,37890611,161816911,729519711,204.0,,buy,1.54,-2.56,97.44,-2.56,974.4,-25.6,9744.0,-256.0,-0.89,99.11,-0.89,991.1,-8.9,9911.0,-89.0,7.18,107.18,7.18,1071.8,71.8,10718.0,718.0,10.34,110.34,10.34,1103.4,103.4,11034.0,1034.0,31.0,131.0,31.0,1310.0,310.0,13100.0,3100.0,Bank of America Revamps Coca-Cola Stock Target Post Earnings,GuruFocus.com,2026-07-29,0.0,Bank Stocks Drop From Record Highs Ahead of Fed Meeting,Barrons.com,2026-07-29,-0.273,Bank of America vs American Express: Only One Financial Stock Deserves Your Money,24/7 Wall St.,2026-07-29,0.0,,,,,,,,,,
BRK-B,Berkshire Hathaway B,MegaCap,financials,NYSE,509,-0.73%,+4.04%,+1.75%,+2.48%,+8%,1098.184,0.607,15.15,4.98,4985337,21645837,87830337,,0.96,none,,-0.73,99.27,-0.73,992.7,-7.3,9927.0,-73.0,4.04,104.04,4.04,1040.4,40.4,10404.0,404.0,1.75,101.75,1.75,1017.5,17.5,10175.0,175.0,2.48,102.48,2.48,1024.8,24.8,10248.0,248.0,8.0,108.0,8.0,1080.0,80.0,10800.0,800.0,Berkshire Hathaway buyback binge fuels UBS price target hike ahead of earnings,Proactive,2026-07-29,0.0,"Berkshire Stock Slips Despite UBS Raising Target to $877,848",GuruFocus.com,2026-07-29,0.0,BRK.B Lags Industry in a Year: Is the Stock Still a Buy?,Zacks,2026-07-29,-0.361,,,,,,,,,,
V,Visa,MegaCap,financials,NYSE,369,+1.76%,+4.33%,+7.47%,+6.86%,+4%,701.23,0.754,32.15,8.25,11287409,37646509,169112609,74.0,1.42,strong_buy,1.37,1.76,101.76,1.76,1017.6,17.6,10176.0,176.0,4.33,104.33,4.33,1043.3,43.3,10433.0,433.0,7.47,107.47,7.47,1074.7,74.7,10747.0,747.0,6.86,106.86,6.86,1068.6,68.6,10686.0,686.0,4.0,104.0,4.0,1040.0,40.0,10400.0,400.0,"The new AI trade: Visa, Shopify, and more",Yahoo Finance Video,2026-07-29,0.0,"Visa and other California companies announce almost another 3,000 layoffs",LA Times,2026-07-29,0.0,Sector Update: Financial Stocks Decline Late Afternoon,MT Newswires,2026-07-29,0.0,,,,,,,,,,
MA,Mastercard,MegaCap,financials,NYSE,563,+0.41%,+5.89%,+9.86%,+0.52%,+1%,497.74,0.729,32.6,3.72,2748847,12863247,63443747,63.0,1.03,strong_buy,1.37,0.41,100.41,0.41,1004.1,4.1,10041.0,41.0,5.89,105.89,5.89,1058.9,58.9,10589.0,589.0,9.86,109.86,9.86,1098.6,98.6,10986.0,986.0,0.52,100.52,0.52,1005.2,5.2,10052.0,52.0,1.0,101.0,1.0,1010.0,10.0,10100.0,100.0,Visa Q3 Earnings Beat Estimates on Cross-Border Volume Strength,Zacks,2026-07-29,0.494,Bernstein Lowers Price Target On Circle Stock,CryptoProwl,2026-07-29,-0.128,What To Expect From Mastercard’s (MA) Q2 Earnings,StockStory,2026-07-29,0.0,,,,,,,,,,
GS,Goldman Sachs,MegaCap,financials,NYSE,981,-5.29%,-10.69%,-3.03%,+8.30%,+41%,289.329,1.292,15.14,2.16,2763065,10709165,42306365,191.0,2.15,hold,2.6,-5.29,94.71,-5.29,947.1,-52.9,9471.0,-529.0,-10.69,89.31,-10.69,893.1,-106.9,8931.0,-1069.0,-3.03,96.97,-3.03,969.7,-30.3,9697.0,-303.0,8.3,108.3,8.3,1083.0,83.0,10830.0,830.0,41.0,141.0,41.0,1410.0,410.0,14100.0,4100.0,Goldman Sachs (GS) Launches Retail Private Markets Fund As CEO Backs Crypto Bill,Simply Wall St.,2026-07-29,-0.052,AI-Fueled Demand Signals a Bigger Opportunity for Bloom Energy (BE) Investors,Insider Monkey,2026-07-29,0.527,Market Indexes Tumble on Geopolitical Tensions and Chip Stock Selloff,Motley Fool,2026-07-29,-0.402,,,,,,,,,,
BLK,BlackRock,MegaCap,financials,NYSE,1079,-0.35%,+2.14%,+12.23%,+0.58%,-2%,175.479,1.443,25.87,0.76,1121440,4003640,17359740,209.0,1.38,buy,1.53,-0.35,99.65,-0.35,996.5,-3.5,9965.0,-35.0,2.14,102.14,2.14,1021.4,21.4,10214.0,214.0,12.23,112.23,12.23,1122.3,122.3,11223.0,1223.0,0.58,100.58,0.58,1005.8,5.8,10058.0,58.0,-2.0,98.0,-2.0,980.0,-20.0,9800.0,-200.0,"Tech stocks today: Microsoft, Meta, Qualcomm report earnings as chip stocks struggle",Yahoo Finance,2026-07-27,-0.318,"Why Goldman Sachs, BlackRock, & other Wall Street giants have endorsed crypto's CLARITY Act",Yahoo Finance Video,2026-07-29,0.663,Meta (META) Launches $14 Billion Texas AI Data Center Campus With BlackRock,Simply Wall St.,2026-07-29,0.0,5,buy,0.75,"1M +15.51%, 1W +5.71%, P/E 25.45, div yield 2.16%, asset manager benefiting from market rally, buy consensus.",1M +15.51%; P/E 25.45; div yield 2.16%; buy consensus,,,,,
LLY,Eli Lilly,MegaCap,healthcare,NYSE,1210,-0.91%,+4.04%,+0.88%,+12.38%,+61%,1079.025,0.506,42.91,3.13,2166236,10027636,50865636,57.0,1.15,buy,1.71,-0.91,99.09,-0.91,990.9,-9.1,9909.0,-91.0,4.04,104.04,4.04,1040.4,40.4,10404.0,404.0,0.88,100.88,0.88,1008.8,8.8,10088.0,88.0,12.38,112.38,12.38,1123.8,123.8,11238.0,1238.0,61.0,161.0,61.0,1610.0,610.0,16100.0,6100.0,"Meet the Stock That's Obliterating Eli Lilly, Johnson & Johnson, and AbbVie Right Now",Motley Fool,2026-07-29,0.0,Hims & Hers Stock Plunges After FTC Sues Over Alleged Privacy Violations,Barrons.com,2026-07-29,-0.527,The Real Price of AbbVie Stock Is Cheaper Than You Think,Trefis,2026-07-29,0.0,,,,,,,,,,
UNH,UnitedHealth Group,MegaCap,healthcare,NYSE,421,-1.15%,-2.49%,+1.19%,+26.71%,+61%,381.938,0.633,31.65,6.54,5249781,24403981,120152781,216.0,2.13,buy,1.59,-1.15,98.85,-1.15,988.5,-11.5,9885.0,-115.0,-2.49,97.51,-2.49,975.1,-24.9,9751.0,-249.0,1.19,101.19,1.19,1011.9,11.9,10119.0,119.0,26.71,126.71,26.71,1267.1,267.1,12671.0,2671.0,61.0,161.0,61.0,1610.0,610.0,16100.0,6100.0,ENI Q2 Earnings Call Highlights,MarketBeat,2026-07-29,0.0,Sector Update: Healthcare Stocks Softer Late Afternoon,MT Newswires,2026-07-29,0.0,Sector Update: Healthcare Stocks Edge Lower in Afternoon Trading,MT Newswires,2026-07-29,-0.296,,,,,,,,,,
JNJ,Johnson & Johnson,MegaCap,healthcare,NYSE,266,-1.08%,+3.87%,+4.55%,+29.48%,+59%,639.9,0.235,30.8,8.31,5951278,40505278,169976978,201.0,1.27,buy,1.91,-1.08,98.92,-1.08,989.2,-10.8,9892.0,-108.0,3.87,103.87,3.87,1038.7,38.7,10387.0,387.0,4.55,104.55,4.55,1045.5,45.5,10455.0,455.0,29.48,129.48,29.48,1294.8,294.8,12948.0,2948.0,59.0,159.0,59.0,1590.0,590.0,15900.0,5900.0,"The new AI trade: Visa, Shopify, and more",Yahoo Finance Video,2026-07-29,0.0,"Meet the Stock That's Obliterating Eli Lilly, Johnson & Johnson, and AbbVie Right Now",Motley Fool,2026-07-29,0.0,"Anika Therapeutics, Inc. Q2 2026 Earnings Call Summary",Moby,2026-07-29,0.0,,,,,,,,,,
ABBV,AbbVie,MegaCap,healthcare,NYSE,263,-0.65%,+3.95%,+5.38%,+17.54%,+39%,465.197,0.283,128.44,6.85,4309668,25590168,125720168,269.0,1.42,buy,1.74,-0.65,99.35,-0.65,993.5,-6.5,9935.0,-65.0,3.95,103.95,3.95,1039.5,39.5,10395.0,395.0,5.38,105.38,5.38,1053.8,53.8,10538.0,538.0,17.54,117.54,17.54,1175.4,175.4,11754.0,1754.0,39.0,139.0,39.0,1390.0,390.0,13900.0,3900.0,"Meet the Stock That's Obliterating Eli Lilly, Johnson & Johnson, and AbbVie Right Now",Motley Fool,2026-07-29,0.0,The Real Price of AbbVie Stock Is Cheaper Than You Think,Trefis,2026-07-29,0.0,AbbVie Has Raised Its Dividend for 53 Straight Years and Still Looks Attractively Valued. Is This Dividend King the Smartest Buy in Healthcare Right Now?,Motley Fool,2026-07-29,0.9,,,,,,,,,,
MRK,Merck,MegaCap,healthcare,NYSE,130,-0.84%,+2.27%,+1.45%,+24.26%,+61%,321.966,0.205,36.72,10.3,5139853,36995553,183964353,258.0,1.19,buy,1.82,-0.84,99.16,-0.84,991.6,-8.4,9916.0,-84.0,2.27,102.27,2.27,1022.7,22.7,10227.0,227.0,1.45,101.45,1.45,1014.5,14.5,10145.0,145.0,24.26,124.26,24.26,1242.6,242.6,12426.0,2426.0,61.0,161.0,61.0,1610.0,610.0,16100.0,6100.0,The Real Price of AbbVie Stock Is Cheaper Than You Think,Trefis,2026-07-29,0.0,Moderna Q2 Earnings Loom: Buy or Sell the Stock Ahead of Results?,Zacks,2026-07-29,-0.226,Gilead to Report Q2 Earnings: How Should You Play the Stock Now?,Zacks,2026-07-29,0.34,,,,,,,,,,
TMO,Thermo Fisher Scientific,MegaCap,healthcare,NYSE,576,+0.36%,+9.50%,+14.98%,-2.52%,+21%,214.225,0.868,31.06,2.39,1872784,15614684,46663984,34.0,1.43,buy,1.61,0.36,100.36,0.36,1003.6,3.6,10036.0,36.0,9.5,109.5,9.5,1095.0,95.0,10950.0,950.0,14.98,114.98,14.98,1149.8,149.8,11498.0,1498.0,-2.52,97.48,-2.52,974.8,-25.2,9748.0,-252.0,21.0,121.0,21.0,1210.0,210.0,12100.0,2100.0,Jefferies Global Best Ideas List Has 5 US Dividend Stocks With Huge Total Return Potential,24/7 Wall St.,2026-07-28,0.758,"Beat the Market Like Zacks: Monster Beverage, Carpenter Tech, Usio in Focus",Zacks,2026-07-27,0.361,"Thermo Fisher Scientific's Strong Q2 Not Enough to 'Meaningfully' Change H2 Outlook, RBC Says",MT Newswires,2026-07-24,0.511,6,buy,0.73,"1M +13.82%, 1W +10.12%, P/E 30.12, high news sentiment 0.402, buy rating, strong bounce from YTD -2.52%.",1M +13.82%; 1W +10.12%; news sentiment 0.402; buy rating,,,,,
ABT,Abbott Laboratories,MegaCap,healthcare,NYSE,108,+0.45%,+7.39%,+19.87%,-11.42%,-17%,188.116,0.607,34.95,13.39,12154400,56765400,271878200,235.0,1.59,buy,1.67,0.45,100.45,0.45,1004.5,4.5,10045.0,45.0,7.39,107.39,7.39,1073.9,73.9,10739.0,739.0,19.87,119.87,19.87,1198.7,198.7,11987.0,1987.0,-11.42,88.58,-11.42,885.8,-114.2,8858.0,-1142.0,-17.0,83.0,-17.0,830.0,-170.0,8300.0,-1700.0,3 Dividend Stocks to Buy for a Lifetime of Passive Income,Motley Fool,2026-07-29,0.202,AbbVie Has Raised Its Dividend for 53 Straight Years and Still Looks Attractively Valued. Is This Dividend King the Smartest Buy in Healthcare Right Now?,Motley Fool,2026-07-29,0.9,"GE HealthCare beats quarterly profit estimates on strong imaging demand, tariff refunds",Reuters,2026-07-29,0.691,7,buy,0.72,"1M +16.53%, 1W +7.63%, P/E 33.73, record results and raised guidance, high news sentiment 0.411, buy consensus.",1M +16.53%; record results guidance; news sentiment 0.411; buy consensus,,,,,
PG,Procter & Gamble,MegaCap,consumer,NYSE,146,-1.87%,-1.30%,+0.38%,+5.33%,-3%,340.208,0.38,21.39,8.75,12663401,45933901,180247301,292.0,0.99,buy,2.04,-1.87,98.13,-1.87,981.3,-18.7,9813.0,-187.0,-1.3,98.7,-1.3,987.0,-13.0,9870.0,-130.0,0.38,100.38,0.38,1003.8,3.8,10038.0,38.0,5.33,105.33,5.33,1053.3,53.3,10533.0,533.0,-3.0,97.0,-3.0,970.0,-30.0,9700.0,-300.0,"Earnings live: Qualcomm stock slides, Arm Holdings little changed after results exceed expectations",Yahoo Finance,2026-07-27,0.0,The Procter & Gamble Company Q4 2026 Earnings Call Summary,Moby,2026-07-29,0.0,Procter & Gamble Co (PG) Q4 2026 Earnings Call Highlights: Navigating Growth Amidst Margin ...,GuruFocus.com,2026-07-29,0.382,,,,,,,,,,
KO,Coca-Cola,MegaCap,consumer,NYSE,89,+1.00%,+8.37%,+9.61%,+30.60%,+28%,383.311,,28.01,17.53,18160957,98817457,367403457,240.0,1.12,buy,1.75,1.0,101.0,1.0,1010.0,10.0,10100.0,100.0,8.37,108.37,8.37,1083.7,83.7,10837.0,837.0,9.61,109.61,9.61,1096.1,96.1,10961.0,961.0,30.6,130.6,30.6,1306.0,306.0,13060.0,3060.0,28.0,128.0,28.0,1280.0,280.0,12800.0,2800.0,Semiconductor stocks are going up in smoke. But the S&P 500 is holding strong.,Yahoo Finance,2026-07-29,0.665,Coca-Cola Dominated the Summer's Biggest Sporting Event. Here's Why the Dividend Stock Is a Buy in August.,Motley Fool,2026-07-29,0.0,"Berkshire Stock Slips Despite UBS Raising Target to $877,848",GuruFocus.com,2026-07-29,0.0,,,,,,,,,,
PEP,PepsiCo,MegaCap,consumer,NASDAQ,144,+0.35%,+5.79%,+5.98%,+2.87%,+0%,196.021,0.368,18.81,8.6,8380186,41990886,196315886,414.0,2.66,hold,2.67,0.35,100.35,0.35,1003.5,3.5,10035.0,35.0,5.79,105.79,5.79,1057.9,57.9,10579.0,579.0,5.98,105.98,5.98,1059.8,59.8,10598.0,598.0,2.87,102.87,2.87,1028.7,28.7,10287.0,287.0,0.0,100.0,0.0,1000.0,0.0,10000.0,0.0,Pepsi vs Coca-Cola: The Better Buy For The Second Half of 2026,24/7 Wall St.,2026-07-29,0.44,PepsiCo's Global Growth and Brand Strategy Shape Its 2026 Outlook,Zacks,2026-07-29,0.382,Is PepsiCo Stock Attractive After Q2 Earnings and Margin Pressure,Zacks,2026-07-29,0.178,,,,,,,,,,
MCD,McDonald's,MegaCap,consumer,NYSE,272,-0.58%,+3.02%,+0.45%,-9.36%,-10%,192.917,0.418,22.4,4.56,2723829,21668929,93356329,273.0,1.8,buy,2.12,-0.58,99.42,-0.58,994.2,-5.8,9942.0,-58.0,3.02,103.02,3.02,1030.2,30.2,10302.0,302.0,0.45,100.45,0.45,1004.5,4.5,10045.0,45.0,-9.36,90.64,-9.36,906.4,-93.6,9064.0,-936.0,-10.0,90.0,-10.0,900.0,-100.0,9000.0,-1000.0,Dutch Bros (BROS) Reports Next Week: Wall Street Expects Earnings Growth,Zacks,2026-07-29,0.382,Here is What to Know Beyond Why McDonald's Corporation (MCD) is a Trending Stock,Zacks,2026-07-29,0.0,"A $1.2 Million Portfolio That Pays $7,000 a Month and Stays Below the IRMAA Surcharge Line",24/7 Wall St.,2026-07-28,0.0,,,,,,,,,,
NKE,Nike,MegaCap,consumer,NYSE,43,+0.56%,+2.39%,+5.29%,-30.63%,-44%,64.117,1.128,20.58,23.27,12924745,97854445,505680645,389.0,6.7,buy,2.49,0.56,100.56,0.56,1005.6,5.6,10056.0,56.0,2.39,102.39,2.39,1023.9,23.9,10239.0,239.0,5.29,105.29,5.29,1052.9,52.9,10529.0,529.0,-30.63,69.37,-30.63,693.7,-306.3,6937.0,-3063.0,-44.0,56.0,-44.0,560.0,-440.0,5600.0,-4400.0,Nike’s High Profile Visibility Can be a Boon and Sometimes a Legal Curse,Footwear News,2026-07-29,-0.459,VF Shares Tumble After Reporting Wider-Than-Expected Fiscal First-Quarter Loss,MT Newswires,2026-07-29,-0.026,Nike (NKE) Stock Looks Cheap On Earnings But Pricey On Cash Flow,Simply Wall St.,2026-07-29,0.0,,,,,,,,,,
WMT,Walmart,MegaCap,consumer,NYSE,114,-0.11%,+4.47%,+0.85%,+1.70%,+16%,908.972,0.603,40.22,22.59,23281204,107080504,463512404,89.0,1.68,buy,1.53,-0.11,99.89,-0.11,998.9,-1.1,9989.0,-11.0,4.47,104.47,4.47,1044.7,44.7,10447.0,447.0,0.85,100.85,0.85,1008.5,8.5,10085.0,85.0,1.7,101.7,1.7,1017.0,17.0,10170.0,170.0,16.0,116.0,16.0,1160.0,160.0,11600.0,1600.0,JSAIY or WMT: Which Is the Better Value Stock Right Now?,Zacks,2026-07-29,0.649,Can Amazon Continue Its Rally? Analysts Weigh In,24/7 Wall St.,2026-07-29,0.178,Walmart vs. Costco: Which Retail Stock Has the Stronger Edge?,Zacks,2026-07-29,0.382,,,,,,,,,,
COST,Costco,MegaCap,consumer,NASDAQ,974,+0.54%,+5.21%,+4.29%,+14.49%,+4%,431.962,0.872,48.92,2.41,1757729,9921529,48601729,61.0,1.57,buy,2.0,0.54,100.54,0.54,1005.4,5.4,10054.0,54.0,5.21,105.21,5.21,1052.1,52.1,10521.0,521.0,4.29,104.29,4.29,1042.9,42.9,10429.0,429.0,14.49,114.49,14.49,1144.9,144.9,11449.0,1449.0,4.0,104.0,4.0,1040.0,40.0,10400.0,400.0,Walmart vs. Costco: Which Retail Stock Has the Stronger Edge?,Zacks,2026-07-29,0.382,Costco’s $14 million email settlement: Who qualifies for an up-to $500 payment and how to claim before the Aug. 24 deadline,Fortune,2026-07-29,0.0,"Why Costco, Verizon, Kroger, and Other Safe Dividend Stocks Are Rising",Motley Fool,2026-07-29,0.44,,,,,,,,,,
XOM,ExxonMobil,MegaCap,energy-industrial,NYSE,157,+1.07%,+1.49%,+14.65%,+29.53%,+37%,649.72,0.162,26.39,16.9,10871460,69041560,314598060,266.0,1.15,buy,2.32,1.07,101.07,1.07,1010.7,10.7,10107.0,107.0,1.49,101.49,1.49,1014.9,14.9,10149.0,149.0,14.65,114.65,14.65,1146.5,146.5,11465.0,1465.0,29.53,129.53,29.53,1295.3,295.3,12953.0,2953.0,37.0,137.0,37.0,1370.0,370.0,13700.0,3700.0,"Earnings live: Qualcomm stock slides, Arm Holdings little changed after results exceed expectations",Yahoo Finance,2026-07-27,0.0,Canadian oil heads to Japan for the first time in over a year as Iran war tightens Middle East supplies,Reuters,2026-07-29,-0.599,Oil Prices Spike After Iran Launches Surprise Attack on U.S. Forces,Barrons.com,2026-07-29,-0.25,1,buy,0.85,"YTD +26.46%, 1M +12.48%, P/E 26.03, div yield 2.66%, upcoming earnings catalyst on July 31, low beta 0.162 provides stability.",YTD +26.46%; 1M +12.48%; P/E 26.03; div yield 2.66%,,,,,
CVX,Chevron,MegaCap,energy-industrial,NYSE,192,+1.37%,-0.58%,+15.75%,+25.41%,+22%,382.108,0.488,33.43,9.22,8093524,37719924,173401824,375.0,1.03,buy,1.72,1.37,101.37,1.37,1013.7,13.7,10137.0,137.0,-0.58,99.42,-0.58,994.2,-5.8,9942.0,-58.0,15.75,115.75,15.75,1157.5,157.5,11575.0,1575.0,25.41,125.41,25.41,1254.1,254.1,12541.0,2541.0,22.0,122.0,22.0,1220.0,220.0,12200.0,2200.0,"Earnings live: Qualcomm stock slides, Arm Holdings little changed after results exceed expectations",Yahoo Finance,2026-07-27,0.0,Dow Leader Rides Surging Oil Prices And Trump's Venezuela Spoils,Investor's Business Daily,2026-07-29,0.0,Exxon Mobil (XOM): President Trump’s Top Energy Stock Pick?,Insider Monkey,2026-07-29,0.44,2,buy,0.82,"YTD +22.61%, 1M +11.34%, P/E 33.14, high div yield 3.75%, strong energy sector momentum with buy consensus.",YTD +22.61%; 1M +11.34%; div yield 3.75%; buy consensus,,,,,
CAT,Caterpillar,MegaCap,energy-industrial,NYSE,783,-7.21%,-11.99%,-26.36%,+31.60%,+94%,360.51,1.565,38.94,3.16,5135151,16752951,63650651,75.0,1.95,buy,2.07,-7.21,92.79,-7.21,927.9,-72.1,9279.0,-721.0,-11.99,88.01,-11.99,880.1,-119.9,8801.0,-1199.0,-26.36,73.64,-26.36,736.4,-263.6,7364.0,-2636.0,31.6,131.6,31.6,1316.0,316.0,13160.0,3160.0,94.0,194.0,94.0,1940.0,940.0,19400.0,9400.0,"The new AI trade: Visa, Shopify, and more",Yahoo Finance Video,2026-07-29,0.0,Vertiv stock sinks on earnings miss: A look at key AI infrastructure players,Yahoo Finance Video,2026-07-29,-0.153,Caterpillar Stock Downgraded as AI-Driven Rally Faces a Big Threat,Barrons.com,2026-07-29,-0.527,,,,,,,,,,
HON,Honeywell,MegaCap,energy-industrial,NASDAQ,241,-2.45%,+3.49%,+0.00%,+18.60%,+13%,76.421,0.93,9.27,4.64,2490935,19618335,83058635,114.0,3.02,buy,1.96,-2.45,97.55,-2.45,975.5,-24.5,9755.0,-245.0,3.49,103.49,3.49,1034.9,34.9,10349.0,349.0,0.0,100.0,0.0,1000.0,0.0,10000.0,0.0,18.6,118.6,18.6,1186.0,186.0,11860.0,1860.0,13.0,113.0,13.0,1130.0,130.0,11300.0,1300.0,Honeywell upgraded by Bank of America on stronger order trends,Proactive,2026-07-28,0.382,Honeywell vs. Rockwell: Which Industrial Automation Stock Has Greater Upside?,Zacks,2026-07-28,0.361,"Honeywell's Order Strength Improves Growth Visibility After Aerospace Separation, BofA Says",MT Newswires,2026-07-28,0.823,10,buy,0.74,"YTD +21.52%, 1M +8.45%, P/E 9.45 (low), upgraded by BofA, high news sentiment 0.456, strong fundamentals.",YTD +21.52%; P/E 9.45; upgraded by BofA; news sentiment 0.456,,,,,
GE,GE Aerospace,MegaCap,energy-industrial,NYSE,351,-3.81%,+2.77%,-6.06%,+9.61%,+33%,363.801,1.348,41.4,4.91,3715966,17963566,85020966,52.0,1.44,strong_buy,1.45,-3.81,96.19,-3.81,961.9,-38.1,9619.0,-381.0,2.77,102.77,2.77,1027.7,27.7,10277.0,277.0,-6.06,93.94,-6.06,939.4,-60.6,9394.0,-606.0,9.61,109.61,9.61,1096.1,96.1,10961.0,961.0,33.0,133.0,33.0,1330.0,330.0,13300.0,3300.0,GE (NYSE:GE) Is Finding A New Role Powering The AI Data Center Boom,Simply Wall St.,2026-07-29,0.0,GE HealthCare Stock Soars After Earnings—and It’s Suddenly the Best Performing GE,Barrons.com,2026-07-29,0.637,Reading Between The Lines Of RTX's Latest Call,Trefis,2026-07-29,0.0,,,,,,,,,,
RTX,RTX Corp,MegaCap,energy-industrial,NYSE,215,-1.55%,+10.45%,+13.45%,+15.82%,+38%,290.105,0.298,37.9,5.44,8211453,40056053,107584353,134.0,1.27,buy,1.87,-1.55,98.45,-1.55,984.5,-15.5,9845.0,-155.0,10.45,110.45,10.45,1104.5,104.5,11045.0,1045.0,13.45,113.45,13.45,1134.5,134.5,11345.0,1345.0,15.82,115.82,15.82,1158.2,158.2,11582.0,1582.0,38.0,138.0,38.0,1380.0,380.0,13800.0,3800.0,General Dynamics Raises Earnings Outlook Following Second-Quarter Beat,MT Newswires,2026-07-29,0.273,EMBJ or RTX: Which Is the Better Value Stock Right Now?,Zacks,2026-07-29,0.649,"General Dynamics' Q2 Earnings Surpass Estimates, Revenues Improve Y/Y",Zacks,2026-07-29,0.612,3,buy,0.8,"1M +16.68%, 1W +12.86%, YTD +17.61%, P/E 38.48, defense sector tailwinds, low beta 0.298, buy rating.",1M +16.68%; 1W +12.86%; YTD +17.61%; low beta 0.298,,,,,
BA,Boeing,MegaCap,energy-industrial,NYSE,214,-3.26%,+2.57%,-1.14%,-6.04%,-2%,169.023,1.205,84.59,6.3,8879293,34598493,118108993,,0.02,buy,1.68,-3.26,96.74,-3.26,967.4,-32.6,9674.0,-326.0,2.57,102.57,2.57,1025.7,25.7,10257.0,257.0,-1.14,98.86,-1.14,988.6,-11.4,9886.0,-114.0,-6.04,93.96,-6.04,939.6,-60.4,9396.0,-604.0,-2.0,98.0,-2.0,980.0,-20.0,9800.0,-200.0,Aercap Q2 Earnings Call Highlights,MarketBeat,2026-07-29,0.0,Fast Money Host Warns Hyperscaler CapEx Binge Is ‘Issuing Near Junk’ as Data Center Buildout Shows Cracks,24/7 Wall St.,2026-07-29,-0.103,Is Southwest Airlines Stock Attractive After Its Earnings Rebound?,Zacks,2026-07-29,0.44,,,,,,,,,,
AMD,Advanced Micro Devices,MegaCap,tech-semis,NASDAQ,430,-6.70%,-22.23%,-26.05%,+92.22%,+153%,700.441,2.469,143.19,33.25,31474125,153945725,584585425,,2.45,strong_buy,1.49,-6.7,93.3,-6.7,933.0,-67.0,9330.0,-670.0,-22.23,77.77,-22.23,777.7,-222.3,7777.0,-2223.0,-26.05,73.95,-26.05,739.5,-260.5,7395.0,-2605.0,92.22,192.22,92.22,1922.2,922.2,19222.0,9222.0,153.0,253.0,153.0,2530.0,1530.0,25300.0,15300.0,"Nvidia, Micron, AMD sink after SK Hynix results fail to impress, AI trade unwinds",Yahoo Finance,2026-07-29,-0.153,The CLARITY Act divides finance giants ahead of congressional recess,Yahoo Finance Video,2026-07-29,0.532,AMD's Core Scientific deal is bigger than the headline number,TheStreet,2026-07-29,0.077,,,,,,,,,,
QCOM,Qualcomm,MegaCap,tech-semis,NASDAQ,156,-5.42%,-11.36%,-15.75%,-9.09%,+2%,164.087,1.638,16.74,22.43,17224501,66684601,291196901,226.0,3.84,hold,2.56,-5.42,94.58,-5.42,945.8,-54.2,9458.0,-542.0,-11.36,88.64,-11.36,886.4,-113.6,8864.0,-1136.0,-15.75,84.25,-15.75,842.5,-157.5,8425.0,-1575.0,-9.09,90.91,-9.09,909.1,-90.9,9091.0,-909.0,2.0,102.0,2.0,1020.0,20.0,10200.0,200.0,"Earnings live: Qualcomm stock slides, Arm Holdings little changed after results exceed expectations",Yahoo Finance,2026-07-27,0.0,Qualcomm Q3 earnings top revenue expectations as smartphone market slows,Yahoo Finance,2026-07-29,0.202,Qualcomm’s Shares Fall After Earnings Miss,Barrons.com,2026-07-29,0.153,,,,,,,,,,
AVGO,Broadcom,MegaCap,tech-semis,NASDAQ,370,-3.65%,-6.68%,-1.97%,+6.92%,+26%,1761.827,1.462,61.51,26.0,21073707,91402307,446431007,68.0,1.47,strong_buy,1.31,-3.65,96.35,-3.65,963.5,-36.5,9635.0,-365.0,-6.68,93.32,-6.68,933.2,-66.8,9332.0,-668.0,-1.97,98.03,-1.97,980.3,-19.7,9803.0,-197.0,6.92,106.92,6.92,1069.2,69.2,10692.0,692.0,26.0,126.0,26.0,1260.0,260.0,12600.0,2600.0,"Kospi sell-off deepens, Why leveraged ETFs are under fire",Yahoo Finance Video,2026-07-29,-0.34,Intel Stock Is Up 124% This Year and AMD Is Up 100%: Is the NASDAQ Correction a Take-Profit Signal?,24/7 Wall St.,2026-07-29,0.0,Tesla Stock Breaks $300. How Far It Needs to Fall to Lose Trillion-Dollar Status.,Barrons.com,2026-07-29,-0.402,,,,,,,,,,
TSM,Taiwan Semiconductor,MegaCap,tech-semis,NYSE,375,-5.08%,-11.05%,-21.55%,+17.83%,+62%,1943.216,1.246,32.92,14.14,19534149,78316649,322071649,97.0,0.69,strong_buy,1.42,-5.08,94.92,-5.08,949.2,-50.8,9492.0,-508.0,-11.05,88.95,-11.05,889.5,-110.5,8895.0,-1105.0,-21.55,78.45,-21.55,784.5,-215.5,7845.0,-2155.0,17.83,117.83,17.83,1178.3,178.3,11783.0,1783.0,62.0,162.0,62.0,1620.0,620.0,16200.0,6200.0,TSMC Stock Drops 4.1% as $2 Trillion AI Rout Spreads,GuruFocus.com,2026-07-29,0.0,Sector Update: Tech Stocks Fall Wednesday Afternoon,MT Newswires,2026-07-29,0.0,"Update: Market Chatter: Taiwan Semiconductor Manufacturing, Toyota Operations Hit by Japan Earthquake",MT Newswires,2026-07-29,0.0,,,,,,,,,,
ASML,ASML Holding,MegaCap,tech-semis,NASDAQ,1551,-2.48%,-13.83%,-21.95%,+33.89%,+119%,595.62,1.394,53.53,1.97,2511239,11268539,44520639,57.0,0.33,strong_buy,1.39,-2.48,97.52,-2.48,975.2,-24.8,9752.0,-248.0,-13.83,86.17,-13.83,861.7,-138.3,8617.0,-1383.0,-21.95,78.05,-21.95,780.5,-219.5,7805.0,-2195.0,33.89,133.89,33.89,1338.9,338.9,13389.0,3389.0,119.0,219.0,119.0,2190.0,1190.0,21900.0,11900.0,ASML Holding (ASML) Looks Fully Valued After A 12% Pullback,Simply Wall St.,2026-07-29,0.493,Microsoft’s Earnings Could Decide the Fate of a $700 Billion AI Spending Boom,24/7 Wall St.,2026-07-29,0.0,Is the AI rally running out of steam?,Investing.com,2026-07-29,0.0,,,,,,,,,,
ARM,Arm Holdings,MegaCap,tech-semis,NASDAQ,225,-8.95%,-20.65%,-36.57%,+96.02%,+50%,240.2,3.77,261.5,10.22,8592191,27979391,124041291,,12.01,buy,1.95,-8.95,91.05,-8.95,910.5,-89.5,9105.0,-895.0,-20.65,79.35,-20.65,793.5,-206.5,7935.0,-2065.0,-36.57,63.43,-36.57,634.3,-365.7,6343.0,-3657.0,96.02,196.02,96.02,1960.2,960.2,19602.0,9602.0,50.0,150.0,50.0,1500.0,500.0,15000.0,5000.0,"Earnings live: Qualcomm stock slides, Arm Holdings little changed after results exceed expectations",Yahoo Finance,2026-07-27,0.0,"Robinhood, Arm, Carvana: Stocks moving on earnings in after-hours",Yahoo Finance Video,2026-07-29,0.0,"Arm Holdings beats Q1 estimates, shares fall in after-hours",Investing.com,2026-07-29,0.296,,,,,,,,,,
INTC,Intel,MegaCap,tech-semis,NASDAQ,82,-6.47%,-20.21%,-41.36%,+107.92%,+324%,413.003,2.187,,130.01,146515373,756049173,2434641273,,2.4,hold,2.56,-6.47,93.53,-6.47,935.3,-64.7,9353.0,-647.0,-20.21,79.79,-20.21,797.9,-202.1,7979.0,-2021.0,-41.36,58.64,-41.36,586.4,-413.6,5864.0,-4136.0,107.92,207.92,107.92,2079.2,1079.2,20792.0,10792.0,324.0,424.0,324.0,4240.0,3240.0,42400.0,32400.0,Vertiv Earnings Beat Estimates. Why the Stock Is Falling.,Barrons.com,2026-07-29,-0.153,Intel (INTC) Stock Looks Fully Priced Despite Fair Value Support,Simply Wall St.,2026-07-29,-0.672,Jim Cramer Just Dumped Tech Stocks. He’s Loading Up on Intel Instead of Cerebras.,24/7 Wall St.,2026-07-29,-0.402,,,,,,,,,,
2222.SR,Saudi Aramco,MegaCap,global-growth,TADAWUL,7.00,-0.08%,-1.13%,+0.61%,+12.85%,+8%,1693.345,0.015,17.06,11.43,5834762,36484002,175848157,516.0,,buy,2.11,-0.08,99.92,-0.08,999.2,-0.8,9992.0,-8.0,-1.13,98.87,-1.13,988.7,-11.3,9887.0,-113.0,0.61,100.61,0.61,1006.1,6.1,10061.0,61.0,12.85,112.85,12.85,1128.5,128.5,11285.0,1285.0,8.0,108.0,8.0,1080.0,80.0,10800.0,800.0,Aramco Mulls New Oil Pricing for Asia as Houthis Threaten Flows,Bloomberg,2026-07-29,-0.382,Dollar Gains on US Economic Strength,Barchart,2026-07-27,0.681,Crude Oil Prices Sink on Hopes for US-Iran Diplomacy,Barchart,2026-07-27,-0.226,,,,,,,,,,
BABA,Alibaba Group,MegaCap,global-growth,NYSE,115,-0.23%,-1.31%,+19.85%,-25.46%,-2%,275.712,0.496,17.7,12.59,8872740,39975340,253895040,91.0,1.79,strong_buy,1.32,-0.23,99.77,-0.23,997.7,-2.3,9977.0,-23.0,-1.31,98.69,-1.31,986.9,-13.1,9869.0,-131.0,19.85,119.85,19.85,1198.5,198.5,11985.0,1985.0,-25.46,74.54,-25.46,745.4,-254.6,7454.0,-2546.0,-2.0,98.0,-2.0,980.0,-20.0,9800.0,-200.0,Will Alibaba's Cash Flow Weakness Hurt Its Long-Term Growth Potential?,Zacks,2026-07-29,-0.557,Apple Q3 Earnings Preview: What To Expect From Upcoming Report,GuruFocus.com,2026-07-29,0.0,Alibaba (BABA) Stock May Be 41% Undervalued On EU Fine Risk,Simply Wall St.,2026-07-29,-0.077,9,strong_buy,0.68,"1M +20.61%, P/E 17.69, strong_buy consensus (score 1.32), AI push via OceanBase, turnaround potential from YTD -25.36%.",1M +20.61%; P/E 17.69; strong_buy consensus; AI push catalyst,,,,,
SAP,SAP SE,MegaCap,global-growth,NYSE,186,+3.93%,+25.04%,+20.69%,-20.13%,-38%,214.67,0.743,24.44,3.2,5685620,25014820,68992720,163.0,0.82,buy,1.56,3.93,103.93,3.93,1039.3,39.3,10393.0,393.0,25.04,125.04,25.04,1250.4,250.4,12504.0,2504.0,20.69,120.69,20.69,1206.9,206.9,12069.0,2069.0,-20.13,79.87,-20.13,798.7,-201.3,7987.0,-2013.0,-38.0,62.0,-38.0,620.0,-380.0,6200.0,-3800.0,European Equities Traded in US as ADRs Ease in Wednesday Trading,MT Newswires,2026-07-29,0.361,"FTV Q2 Earnings Beat on Core Growth, Guidance Raised",Zacks,2026-07-29,0.382,"FLEX Q1 Earnings Beat on CPI Strength, FY27 View Raised",Zacks,2026-07-29,0.494,8,buy,0.7,"1M +15.67%, 1W +16.09%, P/E 22.51, div yield 1.71%, undervalued narrative, buy rating, strong recent momentum.",1M +15.67%; 1W +16.09%; P/E 22.51; buy rating,,,,,
SONY,Sony Group,MegaCap,global-growth,NYSE,23,+2.56%,+11.23%,+16.00%,-10.09%,-6%,136.652,0.744,22.16,6.46,8503738,33621138,104224238,70.0,0.25,none,,2.56,102.56,2.56,1025.6,25.6,10256.0,256.0,11.23,111.23,11.23,1112.3,112.3,11123.0,1123.0,16.0,116.0,16.0,1160.0,160.0,11600.0,1600.0,-10.09,89.91,-10.09,899.1,-100.9,8991.0,-1009.0,-6.0,94.0,-6.0,940.0,-60.0,9400.0,-600.0,Sony poised for 'GTA VI' boost as memory prices bite,Reuters,2026-07-29,0.572,Sony Group (TSE:6758) And The Entertainment Narrative As Valuation Questions Build,Simply Wall St.,2026-07-25,0.421,Sony (SONY) Laps the Stock Market: Here's Why,Zacks,2026-07-24,0.0,,,,,,,,,,
TM,Toyota Motor,MegaCap,global-growth,NYSE,193,+3.47%,+7.17%,+14.50%,-11.49%,+2%,228.343,0.321,10.68,0.51,800144,2387344,9736844,336.0,0.07,strong_buy,1.5,3.47,103.47,3.47,1034.7,34.7,10347.0,347.0,7.17,107.17,7.17,1071.7,71.7,10717.0,717.0,14.5,114.5,14.5,1145.0,145.0,11450.0,1450.0,-11.49,88.51,-11.49,885.1,-114.9,8851.0,-1149.0,2.0,102.0,2.0,1020.0,20.0,10200.0,200.0,"Ram, Jeep parent Stellantis needs to prove turnaround plan is working: H1 earnings preview",Yahoo Finance,2026-07-29,0.0,"Stock Market Today, July 29: Ford Beats Earnings, Raises 2026 Guidance on Production Strength",Motley Fool,2026-07-29,0.494,Sector Update: Tech Stocks Fall Wednesday Afternoon,MT Newswires,2026-07-29,0.0,,,,,,,,,,
NVO,Novo Nordisk,MegaCap,global-growth,NYSE,52,+1.38%,+7.03%,+7.59%,+2.06%,+2%,228.081,0.36,12.34,12.81,8132247,43434247,185869347,354.0,0.98,buy,2.43,1.38,101.38,1.38,1013.8,13.8,10138.0,138.0,7.03,107.03,7.03,1070.3,70.3,10703.0,703.0,7.59,107.59,7.59,1075.9,75.9,10759.0,759.0,2.06,102.06,2.06,1020.6,20.6,10206.0,206.0,2.0,102.0,2.0,1020.0,20.0,10200.0,200.0,Novo Nordisk (CPSE:NOVO B) Teams Up With Crux To Expand Wegovy Access,Simply Wall St.,2026-07-29,0.318,3 Beaten-Down Stocks With GLP-1 Exposure to Buy and Hold,Motley Fool,2026-07-29,0.0,Hims & Hers Stock Plunges After FTC Sues Over Alleged Privacy Violations,Barrons.com,2026-07-29,-0.527,,,,,,,,,,
HSBC,HSBC Holdings,MegaCap,global-growth,NYSE,103,-0.77%,-0.49%,+7.90%,+31.85%,+69%,351.881,0.565,16.96,1.55,1412298,5715198,26733398,361.0,,buy,2.33,-0.77,99.23,-0.77,992.3,-7.7,9923.0,-77.0,-0.49,99.51,-0.49,995.1,-4.9,9951.0,-49.0,7.9,107.9,7.9,1079.0,79.0,10790.0,790.0,31.85,131.85,31.85,1318.5,318.5,13185.0,3185.0,69.0,169.0,69.0,1690.0,690.0,16900.0,6900.0,State Street to Expand Latam Presence With Santander CACEIS JV Buyout,Zacks,2026-07-29,0.318,HSBC (LSE:HSBA) Stock May Be A Bargain On Fair Value But Fully Priced On Earnings,Simply Wall St.,2026-07-29,0.412,HSBC to Divest Singapore Insurance Unit to Allianz for $2.09B,Zacks,2026-07-28,0.0,,,,,,,,,,
AAPL,Apple,Tech,mega-cap,NASDAQ,338.19,-0.90%,+3.77%,+16.88%,+25.02%,+63%,4967.118,1.097,40.94,55.9,48852885,238646385,1049416585,32.0,1.0,buy,2.02,-0.9,99.1,-0.9,991.0,-9.0,9910.0,-90.0,3.77,103.77,3.77,1037.7,37.7,10377.0,377.0,16.88,116.88,16.88,1168.8,168.8,11688.0,1688.0,25.02,125.02,25.02,1250.2,250.2,12502.0,2502.0,63.0,163.0,63.0,1630.0,630.0,16300.0,6300.0,"Earnings live: Qualcomm stock slides, Arm Holdings little changed after results exceed expectations",Yahoo Finance,2026-07-27,0.0,Can Qualcomm secure a 'tiny slice' of the data center pie?,Yahoo Finance Video,2026-07-29,0.34,"S&P 8,500 melt-up? Why money is leaving big tech",Yahoo Finance Video,2026-07-29,0.0,1,buy,0.8,"Strong momentum (+20.71% 1M, +25.72% YTD), positive news sentiment 0.252, and analyst buy consensus with P/E 40.83.",1M +20.71%; YTD +25.72%; news_s 0.252; buy consensus,,,,,
MSFT,Microsoft,Tech,mega-cap,NASDAQ,390.54,-1.25%,+0.05%,+4.70%,-17.06%,-23%,2901.101,1.13,23.25,39.09,42418496,160653396,684266496,94.0,1.24,strong_buy,1.34,-1.25,98.75,-1.25,987.5,-12.5,9875.0,-125.0,0.05,100.05,0.05,1000.5,0.5,10005.0,5.0,4.7,104.7,4.7,1047.0,47.0,10470.0,470.0,-17.06,82.94,-17.06,829.4,-170.6,8294.0,-1706.0,-23.0,77.0,-23.0,770.0,-230.0,7700.0,-2300.0,"Earnings live: Qualcomm stock slides, Arm Holdings little changed after results exceed expectations",Yahoo Finance,2026-07-27,0.0,"Microsoft beats Q4 expectations, as Azure revenue tops $100 billion",Yahoo Finance,2026-07-28,0.511,"Dow Jones Futures: Stock Market Tumbles, Oil Prices Soar On Trump's Iran Threats; Microsoft, Meta, Fortinet Earnings Late",Investor's Business Daily,2026-07-29,-0.421,,,,,,,,,,
GOOGL,Alphabet (Google),Tech,mega-cap,NASDAQ,336.71,+0.24%,-1.57%,-5.78%,+6.98%,+70%,4117.941,1.247,16.9,33.05,26972279,186182079,611065879,26.0,1.34,strong_buy,1.39,0.24,100.24,0.24,1002.4,2.4,10024.0,24.0,-1.57,98.43,-1.57,984.3,-15.7,9843.0,-157.0,-5.78,94.22,-5.78,942.2,-57.8,9422.0,-578.0,6.98,106.98,6.98,1069.8,69.8,10698.0,698.0,70.0,170.0,70.0,1700.0,700.0,17000.0,7000.0,Meta's revenue forecast is 'barely passable': D.A. Davidson analyst,Yahoo Finance Video,2026-07-29,0.0,"Meta misses on Q2 earnings, stock tumbles",Yahoo Finance,2026-07-28,-0.226,"Apple to report Q3 earnings following price hikes on Macs, iPads",Yahoo Finance,2026-07-29,0.0,,,,,,,,,,
AMZN,Amazon,Tech,mega-cap,NASDAQ,226.65,-2.32%,-7.43%,-4.90%,+0.07%,+0%,2438.099,1.461,27.11,48.23,39985089,201988889,843467989,,1.09,strong_buy,1.34,-2.32,97.68,-2.32,976.8,-23.2,9768.0,-232.0,-7.43,92.57,-7.43,925.7,-74.3,9257.0,-743.0,-4.9,95.1,-4.9,951.0,-49.0,9510.0,-490.0,0.07,100.07,0.07,1000.7,0.7,10007.0,7.0,0.0,100.0,0.0,1000.0,0.0,10000.0,0.0,"Earnings live: Qualcomm stock slides, Arm Holdings little changed after results exceed expectations",Yahoo Finance,2026-07-27,0.0,"S&P 8,500 melt-up? Why money is leaving big tech",Yahoo Finance Video,2026-07-29,0.0,Arm forecasts quarterly revenue above estimates on AI-driven chip demand,Reuters,2026-07-29,-0.128,,,,,,,,,,
META,Meta Platforms,Tech,mega-cap,NASDAQ,585.61,-1.97%,-6.63%,+3.96%,-9.80%,-15%,1486.526,1.246,21.32,18.18,19895887,70098787,396543587,35.0,1.72,strong_buy,1.35,-1.97,98.03,-1.97,980.3,-19.7,9803.0,-197.0,-6.63,93.37,-6.63,933.7,-66.3,9337.0,-663.0,3.96,103.96,3.96,1039.6,39.6,10396.0,396.0,-9.8,90.2,-9.8,902.0,-98.0,9020.0,-980.0,-15.0,85.0,-15.0,850.0,-150.0,8500.0,-1500.0,"Earnings live: Qualcomm stock slides, Arm Holdings little changed after results exceed expectations",Yahoo Finance,2026-07-27,0.0,Meta stock falls on Q2 earnings miss: What's next for capex?,Yahoo Finance Video,2026-07-29,-0.153,"S&P 8,500 melt-up? Why money is leaving big tech",Yahoo Finance Video,2026-07-29,0.0,,,,,,,,,,
NVDA,NVIDIA,Tech,semiconductors,NASDAQ,190.01,-3.86%,-10.40%,-5.04%,+0.74%,+10%,4602.232,2.211,29.14,154.25,136609393,650416693,2739029293,51.0,1.39,strong_buy,1.3,-3.86,96.14,-3.86,961.4,-38.6,9614.0,-386.0,-10.4,89.6,-10.4,896.0,-104.0,8960.0,-1040.0,-5.04,94.96,-5.04,949.6,-50.4,9496.0,-504.0,0.74,100.74,0.74,1007.4,7.4,10074.0,74.0,10.0,110.0,10.0,1100.0,100.0,11000.0,1000.0,"Tech stocks today: Microsoft, Meta, Qualcomm report earnings as chip stocks struggle",Yahoo Finance,2026-07-27,-0.318,"Meet the Stock That's Obliterating Eli Lilly, Johnson & Johnson, and AbbVie Right Now",Motley Fool,2026-07-29,0.0,Tesla Closed Tuesday 3% Above Its 52-Week Low. Here's What Happened the Last 3 Times It Got This Close.,Motley Fool,2026-07-29,-0.273,,,,,,,,,,
AMD,Advanced Micro Devices,Tech,semiconductors,NASDAQ,429.56,-6.70%,-22.23%,-26.05%,+92.22%,+153%,700.441,2.469,143.19,33.25,31474125,153945725,584585425,,2.45,strong_buy,1.49,-6.7,93.3,-6.7,933.0,-67.0,9330.0,-670.0,-22.23,77.77,-22.23,777.7,-222.3,7777.0,-2223.0,-26.05,73.95,-26.05,739.5,-260.5,7395.0,-2605.0,92.22,192.22,92.22,1922.2,922.2,19222.0,9222.0,153.0,253.0,153.0,2530.0,1530.0,25300.0,15300.0,"Nvidia, Micron, AMD sink after SK Hynix results fail to impress, AI trade unwinds",Yahoo Finance,2026-07-29,-0.153,The CLARITY Act divides finance giants ahead of congressional recess,Yahoo Finance Video,2026-07-29,0.532,AMD's Core Scientific deal is bigger than the headline number,TheStreet,2026-07-29,0.077,,,,,,,,,,
INTC,Intel,Tech,semiconductors,NASDAQ,81.88,-6.47%,-20.21%,-41.36%,+107.92%,+324%,413.003,2.187,,130.01,146515373,756049173,2434641273,,2.4,hold,2.56,-6.47,93.53,-6.47,935.3,-64.7,9353.0,-647.0,-20.21,79.79,-20.21,797.9,-202.1,7979.0,-2021.0,-41.36,58.64,-41.36,586.4,-413.6,5864.0,-4136.0,107.92,207.92,107.92,2079.2,1079.2,20792.0,10792.0,324.0,424.0,324.0,4240.0,3240.0,42400.0,32400.0,Intel (INTC) Stock Looks Fully Priced Despite Fair Value Support,Simply Wall St.,2026-07-29,-0.672,Vertiv Earnings Beat Estimates. Why the Stock Is Falling.,Barrons.com,2026-07-29,-0.153,Jim Cramer Just Dumped Tech Stocks. He’s Loading Up on Intel Instead of Cerebras.,24/7 Wall St.,2026-07-29,-0.402,,,,,,,,,,
TSM,Taiwan Semiconductor,Tech,semiconductors,NYSE,374.67,-5.08%,-11.05%,-21.55%,+17.83%,+62%,1943.216,1.246,32.92,14.14,19534149,78316649,322071649,97.0,0.69,strong_buy,1.42,-5.08,94.92,-5.08,949.2,-50.8,9492.0,-508.0,-11.05,88.95,-11.05,889.5,-110.5,8895.0,-1105.0,-21.55,78.45,-21.55,784.5,-215.5,7845.0,-2155.0,17.83,117.83,17.83,1178.3,178.3,11783.0,1783.0,62.0,162.0,62.0,1620.0,620.0,16200.0,6200.0,TSMC Stock Drops 4.1% as $2 Trillion AI Rout Spreads,GuruFocus.com,2026-07-29,0.0,Sector Update: Tech Stocks Fall Wednesday Afternoon,MT Newswires,2026-07-29,0.0,"Update: Market Chatter: Taiwan Semiconductor Manufacturing, Toyota Operations Hit by Japan Earthquake",MT Newswires,2026-07-29,0.0,,,,,,,,,,
AVGO,Broadcom,Tech,semiconductors,NASDAQ,370.32,-3.65%,-6.68%,-1.97%,+6.92%,+26%,1761.827,1.462,61.51,26.0,21073707,91402307,446431007,68.0,1.47,strong_buy,1.31,-3.65,96.35,-3.65,963.5,-36.5,9635.0,-365.0,-6.68,93.32,-6.68,933.2,-66.8,9332.0,-668.0,-1.97,98.03,-1.97,980.3,-19.7,9803.0,-197.0,6.92,106.92,6.92,1069.2,69.2,10692.0,692.0,26.0,126.0,26.0,1260.0,260.0,12600.0,2600.0,"Kospi sell-off deepens, Why leveraged ETFs are under fire",Yahoo Finance Video,2026-07-29,-0.34,Intel Stock Is Up 124% This Year and AMD Is Up 100%: Is the NASDAQ Correction a Take-Profit Signal?,24/7 Wall St.,2026-07-29,0.0,How Far Tesla Stock Needs to Fall to Lose Trillion-Dollar Status,Barrons.com,2026-07-29,-0.402,,,,,,,,,,
QCOM,Qualcomm,Tech,semiconductors,NASDAQ,155.68,-5.42%,-11.36%,-15.75%,-9.09%,+2%,164.086,1.638,16.74,22.43,17224501,66684601,291196901,226.0,3.84,hold,2.56,-5.42,94.58,-5.42,945.8,-54.2,9458.0,-542.0,-11.36,88.64,-11.36,886.4,-113.6,8864.0,-1136.0,-15.75,84.25,-15.75,842.5,-157.5,8425.0,-1575.0,-9.09,90.91,-9.09,909.1,-90.9,9091.0,-909.0,2.0,102.0,2.0,1020.0,20.0,10200.0,200.0,"Earnings live: Qualcomm stock slides, Arm Holdings little changed after results exceed expectations",Yahoo Finance,2026-07-27,0.0,Qualcomm Q3 earnings top revenue expectations as smartphone market slows,Yahoo Finance,2026-07-29,0.202,Qualcomm falls on weak fourth quarter earnings guidance,Investing.com,2026-07-29,-0.44,,,,,,,,,,
ARM,Arm Holdings,Tech,semiconductors,NASDAQ,224.89,-8.95%,-20.65%,-36.57%,+96.02%,+50%,240.201,3.77,261.5,10.22,8592191,27979391,124041291,,12.01,buy,1.95,-8.95,91.05,-8.95,910.5,-89.5,9105.0,-895.0,-20.65,79.35,-20.65,793.5,-206.5,7935.0,-2065.0,-36.57,63.43,-36.57,634.3,-365.7,6343.0,-3657.0,96.02,196.02,96.02,1960.2,960.2,19602.0,9602.0,50.0,150.0,50.0,1500.0,500.0,15000.0,5000.0,"Earnings live: Qualcomm stock slides, Arm Holdings little changed after results exceed expectations",Yahoo Finance,2026-07-27,0.0,"Robinhood, Arm, Carvana: Stocks moving on earnings in after-hours",Yahoo Finance Video,2026-07-29,0.0,"Arm Holdings beats Q1 estimates, shares fall in after-hours",Investing.com,2026-07-29,0.296,,,,,,,,,,
ASML,ASML Holding,Tech,semiconductors,NASDAQ,1550.69,-2.48%,-13.83%,-21.95%,+33.89%,+119%,595.621,1.394,53.53,1.97,2511239,11268539,44520639,57.0,0.33,strong_buy,1.39,-2.48,97.52,-2.48,975.2,-24.8,9752.0,-248.0,-13.83,86.17,-13.83,861.7,-138.3,8617.0,-1383.0,-21.95,78.05,-21.95,780.5,-219.5,7805.0,-2195.0,33.89,133.89,33.89,1338.9,338.9,13389.0,3389.0,119.0,219.0,119.0,2190.0,1190.0,21900.0,11900.0,ASML Holding (ASML) Looks Fully Valued After A 12% Pullback,Simply Wall St.,2026-07-29,0.493,Microsoft’s Earnings Could Decide the Fate of a $700 Billion AI Spending Boom,24/7 Wall St.,2026-07-29,0.0,Is the AI rally running out of steam?,Investing.com,2026-07-29,0.0,,,,,,,,,,
MU,Micron Technology,Tech,semiconductors,NASDAQ,739.0,-11.04%,-22.98%,-35.97%,+134.43%,+615%,834.621,2.142,16.71,52.69,67355489,256985389,967001789,6.0,3.21,strong_buy,1.42,-11.04,88.96,-11.04,889.6,-110.4,8896.0,-1104.0,-22.98,77.02,-22.98,770.2,-229.8,7702.0,-2298.0,-35.97,64.03,-35.97,640.3,-359.7,6403.0,-3597.0,134.43,234.43,134.43,2344.3,1344.3,23443.0,13443.0,615.0,715.0,615.0,7150.0,6150.0,71500.0,61500.0,"Nvidia, Micron, AMD sink after SK Hynix results fail to impress, AI trade unwinds",Yahoo Finance,2026-07-29,-0.153,Semiconductor stocks are going up in smoke. But the S&P 500 is holding strong.,Yahoo Finance,2026-07-29,0.665,"SK Hynix’s Profits Explode 550%, but Its $31 Billion Spending Plan Sends Investors Running",24/7 Wall St.,2026-07-29,0.238,,,,,,,,,,
AMAT,Applied Materials,Tech,semiconductors,NASDAQ,436.45,-8.77%,-21.21%,-39.63%,+62.73%,+152%,346.523,1.567,41.06,9.65,9766521,39637821,196802721,44.0,2.11,strong_buy,1.46,-8.77,91.23,-8.77,912.3,-87.7,9123.0,-877.0,-21.21,78.79,-21.21,787.9,-212.1,7879.0,-2121.0,-39.63,60.37,-39.63,603.7,-396.3,6037.0,-3963.0,62.73,162.73,62.73,1627.3,627.3,16273.0,6273.0,152.0,252.0,152.0,2520.0,1520.0,25200.0,15200.0,KLA Stock Is Having Its Worst Month Ever. Why Earnings Can’t Stop the Selloff.,Barrons.com,2026-07-29,-0.743,"Nvidia, AMD, Micron Lead Chip Stocks Selloff as SK hynix Earnings Disappoint",GuruFocus.com,2026-07-29,-0.402,"Varonis Q2 Earnings Surpass Expectations, Revenues Rise Y/Y",Zacks,2026-07-29,0.0,,,,,,,,,,
ORCL,Oracle,Tech,enterprise-software,NYSE,117.74,-1.95%,-6.44%,-19.38%,-39.26%,-52%,339.146,1.712,20.2,30.51,27130082,174018382,821848582,167.0,2.91,buy,1.55,-1.95,98.05,-1.95,980.5,-19.5,9805.0,-195.0,-6.44,93.56,-6.44,935.6,-64.4,9356.0,-644.0,-19.38,80.62,-19.38,806.2,-193.8,8062.0,-1938.0,-39.26,60.74,-39.26,607.4,-392.6,6074.0,-3926.0,-52.0,48.0,-52.0,480.0,-520.0,4800.0,-5200.0,Oracle (ORCL) Stock Looks Undervalued On Earnings While Risks Still Weigh,Simply Wall St.,2026-07-29,-0.273,AI-Fueled Demand Signals a Bigger Opportunity for Bloom Energy (BE) Investors,Insider Monkey,2026-07-29,0.527,Oracle Is Sending a Different Signal Than Big Tech,GuruFocus.com,2026-07-29,0.0,,,,,,,,,,
CRM,Salesforce,Tech,enterprise-software,NYSE,188.38,+4.36%,+15.57%,+20.25%,-25.35%,-31%,154.284,1.178,21.85,14.98,14817221,73007921,268533721,97.0,6.56,buy,1.66,4.36,104.36,4.36,1043.6,43.6,10436.0,436.0,15.57,115.57,15.57,1155.7,155.7,11557.0,1557.0,20.25,120.25,20.25,1202.5,202.5,12025.0,2025.0,-25.35,74.65,-25.35,746.5,-253.5,7465.0,-2535.0,-31.0,69.0,-31.0,690.0,-310.0,6900.0,-3100.0,Update: Equities Tumble Following Fed's Divided Decision to Stay on Hold,MT Newswires,2026-07-29,0.0,Salesforce (CRM) Stock Fair Value Edges Lower As Analysts Split On AI Growth,Simply Wall St.,2026-07-29,0.625,"Equities Lower Intraday Ahead of Fed Decision, Major Tech Earnings",MT Newswires,2026-07-29,-0.296,4,buy,0.75,"Reasonable P/E 20.12, strong momentum (+14.92% 1M, +6.73% 1W), positive news sentiment 0.121, buy consensus.",P/E 20.12; 1M +14.92%; 1W +6.73%; news_s 0.121,,,,,
ADBE,Adobe,Tech,enterprise-software,NASDAQ,263.43,+6.09%,+20.64%,+28.49%,-20.96%,-32%,104.714,1.433,15.06,6.37,9839414,32562414,121103714,,5.7,hold,2.7,6.09,106.09,6.09,1060.9,60.9,10609.0,609.0,20.64,120.64,20.64,1206.4,206.4,12064.0,2064.0,28.49,128.49,28.49,1284.9,284.9,12849.0,2849.0,-20.96,79.04,-20.96,790.4,-209.6,7904.0,-2096.0,-32.0,68.0,-32.0,680.0,-320.0,6800.0,-3200.0,Why Is Adobe Stock Climbing Today,GuruFocus.com,2026-07-29,0.0,ADBE Stock At Near Two-Month Highs After FTC Grants Early Approval For Adobe’s Acquisition Of Topaz Labs,Stocktwits,2026-07-29,0.612,Arch Capital Group Q2 Earnings Call Highlights,MarketBeat,2026-07-29,0.0,2,buy,0.75,"Low P/E of 13.61 with strong recent momentum (+20.71% 1M, +9.69% 1W), positive news sentiment 0.23, though analyst hold.",P/E 13.61; 1M +20.71%; 1W +9.69%; news_s 0.23,,,,,
NOW,ServiceNow,Tech,enterprise-software,NYSE,115.76,+5.16%,+21.27%,+16.60%,-21.49%,-43%,119.68,0.959,72.35,27.79,37057992,181896392,500723992,,5.4,strong_buy,1.47,5.16,105.16,5.16,1051.6,51.6,10516.0,516.0,21.27,121.27,21.27,1212.7,212.7,12127.0,2127.0,16.6,116.6,16.6,1166.0,166.0,11660.0,1660.0,-21.49,78.51,-21.49,785.1,-214.9,7851.0,-2149.0,-43.0,57.0,-43.0,570.0,-430.0,5700.0,-4300.0,ServiceNow CEO admits there's a solution to AI's biggest problem,TheStreet,2026-07-29,0.202,Can Agentic AI Adoption Fuel ServiceNow's Next Phase of Growth?,Zacks,2026-07-29,0.382,"Atlassian, ServiceNow, and Samsara Shares Are Soaring, What You Need To Know",StockStory,2026-07-29,0.296,3,strong_buy,0.8,"Strong_buy analyst consensus, strong momentum (+10.65% 1M, +8.39% 1W), positive news sentiment 0.175, P/E 65.85.",strong_buy; 1M +10.65%; 1W +8.39%; news_s 0.175,,,,,
SNOW,Snowflake,Tech,enterprise-software,NYSE,282.9,+4.01%,+5.64%,+11.16%,+30.54%,+23%,98.053,1.353,,7.87,8690174,25628274,97693474,,6.42,strong_buy,1.49,4.01,104.01,4.01,1040.1,40.1,10401.0,401.0,5.64,105.64,5.64,1056.4,56.4,10564.0,564.0,11.16,111.16,11.16,1111.6,111.6,11116.0,1116.0,30.54,130.54,30.54,1305.4,305.4,13054.0,3054.0,23.0,123.0,23.0,1230.0,230.0,12300.0,2300.0,"Dow Jones Futures: Stock Market Tumbles, Oil Prices Soar On Trump's Iran Threats; Microsoft, Meta, Fortinet Earnings Late",Investor's Business Daily,2026-07-29,-0.421,Snowflake Director Benoit Dageville Sells $18.4 Million Stock,Motley Fool,2026-07-29,0.0,"V, SNOW Stocks Hit Fresh 52-Week Highs Today – What’s Got Investors Buzzing?",Stocktwits,2026-07-29,0.318,9,strong_buy,0.7,"Strong_buy consensus, YTD +24.76%, positive news sentiment 0.028, though P/E negative.",strong_buy; YTD +24.76%; news_s 0.028,,,,,
INTU,Intuit,Tech,enterprise-software,NASDAQ,333.13,+5.63%,+17.11%,+28.20%,-46.58%,-61%,91.124,0.996,20.31,5.27,5808205,21351605,92400005,158.0,6.63,buy,1.74,5.63,105.63,5.63,1056.3,56.3,10563.0,563.0,17.11,117.11,17.11,1171.1,171.1,11711.0,1711.0,28.2,128.2,28.2,1282.0,282.0,12820.0,2820.0,-46.58,53.42,-46.58,534.2,-465.8,5342.0,-4658.0,-61.0,39.0,-61.0,390.0,-610.0,3900.0,-6100.0,Update: Equities Tumble Following Fed's Divided Decision to Stay on Hold,MT Newswires,2026-07-29,0.0,"Equities Lower Intraday Ahead of Fed Decision, Major Tech Earnings",MT Newswires,2026-07-29,-0.296,Intuit Inc. (INTU) is Attracting Investor Attention: Here is What You Should Know,Zacks,2026-07-29,0.477,5,buy,0.7,"P/E 18.55, strong momentum (+18.01% 1M, +7.96% 1W), buy consensus, though slightly negative news sentiment -0.042.",P/E 18.55; 1M +18.01%; 1W +7.96%; buy consensus,,,,,
CRWD,CrowdStrike,Tech,cybersecurity,NASDAQ,179.38,-1.60%,-4.80%,-5.98%,+58.19%,+57%,182.656,1.237,,12.16,7037737,34464837,187743437,,2.74,buy,1.66,-1.6,98.4,-1.6,984.0,-16.0,9840.0,-160.0,-4.8,95.2,-4.8,952.0,-48.0,9520.0,-480.0,-5.98,94.02,-5.98,940.2,-59.8,9402.0,-598.0,58.19,158.19,58.19,1581.9,581.9,15819.0,5819.0,57.0,157.0,57.0,1570.0,570.0,15700.0,5700.0,Jim Cramer Just Dumped Tech Stocks. He’s Loading Up on Intel Instead of Cerebras.,24/7 Wall St.,2026-07-29,-0.402,"'Unprecedented' OpenAI Cyberattack Brings Palo Alto, CrowdStrike Into Focus",Investor's Business Daily,2026-07-29,0.0,CrowdStrike Stock Just Scored a New 'Buy' Rating. Here's Why.,Barchart,2026-07-29,0.0,,,,,,,,,,
PANW,Palo Alto Networks,Tech,cybersecurity,NASDAQ,314.15,-2.07%,-6.30%,-7.88%,+75.14%,+74%,256.032,0.908,273.17,8.06,6174019,28977419,144185419,,2.52,buy,1.6,-2.07,97.93,-2.07,979.3,-20.7,9793.0,-207.0,-6.3,93.7,-6.3,937.0,-63.0,9370.0,-630.0,-7.88,92.12,-7.88,921.2,-78.8,9212.0,-788.0,75.14,175.14,75.14,1751.4,751.4,17514.0,7514.0,74.0,174.0,74.0,1740.0,740.0,17400.0,7400.0,"'Unprecedented' OpenAI Cyberattack Brings Palo Alto, CrowdStrike Into Focus",Investor's Business Daily,2026-07-29,0.0,The Volatility Warning Embedded in Cisco Stock,Trefis,2026-07-29,-0.34,Palo Alto Networks (PANW) Stock Could Be Pricey After Fresh AI Security Demand,Simply Wall St.,2026-07-28,0.494,,,,,,,,,,
NET,Cloudflare,Tech,cybersecurity,NYSE,270.38,+2.36%,+0.52%,+10.23%,+37.93%,+31%,95.968,1.671,,3.98,3030361,12462961,61740061,,3.47,buy,1.88,2.36,102.36,2.36,1023.6,23.6,10236.0,236.0,0.52,100.52,0.52,1005.2,5.2,10052.0,52.0,10.23,110.23,10.23,1102.3,102.3,11023.0,1023.0,37.93,137.93,37.93,1379.3,379.3,13793.0,3793.0,31.0,131.0,31.0,1310.0,310.0,13100.0,3100.0,3 Top Cloud Computing Stocks Worth Buying Before August,Zacks,2026-07-28,0.402,Cloudflare (NET) Laps the Stock Market: Here's Why,Zacks,2026-07-27,0.0,A $1.5 Billion Wake-Up Call for Every AI Company on Wall Street,MarketBeat,2026-07-27,0.0,8,buy,0.65,"Positive news sentiment 0.243, YTD +34.73%, buy consensus, though P/E negative and mixed short-term momentum.",news_s 0.243; YTD +34.73%; buy consensus,,,,,
FTNT,Fortinet,Tech,cybersecurity,NASDAQ,153.22,+1.98%,-1.18%,-0.26%,+96.74%,+47%,112.256,1.09,59.39,6.19,11824489,30045089,107420789,,2.39,hold,2.7,1.98,101.98,1.98,1019.8,19.8,10198.0,198.0,-1.18,98.82,-1.18,988.2,-11.8,9882.0,-118.0,-0.26,99.74,-0.26,997.4,-2.6,9974.0,-26.0,96.74,196.74,96.74,1967.4,967.4,19674.0,9674.0,47.0,147.0,47.0,1470.0,470.0,14700.0,4700.0,"Dow Jones Futures: Stock Market Tumbles, Oil Prices Soar On Trump's Iran Threats; Microsoft, Meta, Fortinet Earnings Late",Investor's Business Daily,2026-07-29,-0.421,"Fortinet Earnings, Revenue, Billings Top Views. Cybersecurity Stock Pops.",Investor's Business Daily,2026-07-29,0.202,"'Unprecedented' OpenAI Cyberattack Brings Palo Alto, CrowdStrike Into Focus",Investor's Business Daily,2026-07-29,0.0,,,,,,,,,,
NFLX,Netflix,Tech,consumer-platform,NASDAQ,73.63,+0.82%,+7.44%,+3.12%,-19.08%,-39%,306.591,1.517,23.15,43.55,43188109,212061709,1039292709,,2.41,buy,1.73,0.82,100.82,0.82,1008.2,8.2,10082.0,82.0,7.44,107.44,7.44,1074.4,74.4,10744.0,744.0,3.12,103.12,3.12,1031.2,31.2,10312.0,312.0,-19.08,80.92,-19.08,809.2,-190.8,8092.0,-1908.0,-39.0,61.0,-39.0,610.0,-390.0,6100.0,-3900.0,Sector Update: Consumer Stocks Mixed Late Afternoon,MT Newswires,2026-07-29,0.0,Netflix to pay $200M for US Women’s World Cup broadcast rights - report,Investing.com,2026-07-29,-0.103,"LVMH CEO Bernard Arnault reveals he owned nearly 20% of Netflix, but cashed out too early—his stake could be worth up to $60 billion today",Fortune,2026-07-29,0.329,,,,,,,,,,
SHOP,Shopify,Tech,consumer-platform,NYSE,129.17,-1.04%,+9.08%,+13.13%,-17.83%,+6%,167.619,2.585,126.64,10.46,7308428,46880028,160585628,,2.18,buy,1.69,-1.04,98.96,-1.04,989.6,-10.4,9896.0,-104.0,9.08,109.08,9.08,1090.8,90.8,10908.0,908.0,13.13,113.13,13.13,1131.3,131.3,11313.0,1313.0,-17.83,82.17,-17.83,821.7,-178.3,8217.0,-1783.0,6.0,106.0,6.0,1060.0,60.0,10600.0,600.0,"The new AI trade: Visa, Shopify, and more",Yahoo Finance Video,2026-07-29,0.0,Shopify vs. Meta Platforms: Which AI Commerce Stock Has the Edge?,Zacks,2026-07-29,0.0,Shopify (SHOP) Earnings Expected to Grow: Should You Buy?,Zacks,2026-07-29,0.0,7,buy,0.65,"Strong momentum (+14.07% 1M, +5.89% 1W), positive news sentiment 0.275, buy consensus, though high P/E 125.27.",1M +14.07%; 1W +5.89%; news_s 0.275; buy consensus,,,,,
SPOT,Spotify,Tech,consumer-platform,NYSE,524.01,+2.50%,+10.51%,+14.13%,-8.87%,-21%,107.747,1.564,35.7,2.0,2359692,8461892,33368192,,4.15,buy,1.57,2.5,102.5,2.5,1025.0,25.0,10250.0,250.0,10.51,110.51,10.51,1105.1,105.1,11051.0,1051.0,14.13,114.13,14.13,1141.3,141.3,11413.0,1413.0,-8.87,91.13,-8.87,911.3,-88.7,9113.0,-887.0,-21.0,79.0,-21.0,790.0,-210.0,7900.0,-2100.0,Automatic Data Processing (ADP) Tops Q4 Earnings and Revenue Estimates,Zacks,2026-07-29,0.511,Spotify (SPOT) Stock May Be A Bargain On Cash Flow Yet Priced For Perfection On Earnings,Simply Wall St.,2026-07-29,0.67,Spotify (SPOT) Earnings Expected to Grow: Should You Buy?,Zacks,2026-07-28,0.0,6,buy,0.7,"Moderate P/E 33.79, good momentum (+10.66% 1M, +3.72% 1W), buy consensus, news sentiment 0.074.",P/E 33.79; 1M +10.66%; 1W +3.72%; buy consensus,,,,,
UBER,Uber,Tech,consumer-platform,NYSE,71.2,+0.75%,+1.24%,-1.33%,-14.07%,-19%,144.934,1.113,17.67,20.25,11971945,110279745,351512145,,2.64,strong_buy,1.49,0.75,100.75,0.75,1007.5,7.5,10075.0,75.0,1.24,101.24,1.24,1012.4,12.4,10124.0,124.0,-1.33,98.67,-1.33,986.7,-13.3,9867.0,-133.0,-14.07,85.93,-14.07,859.3,-140.7,8593.0,-1407.0,-19.0,81.0,-19.0,810.0,-190.0,8100.0,-1900.0,"Uber Agrees to Invest up to $1.2 Billion in Rivian and Purchase up to 50,000 R2s. Here's Why Rivian May Be a Sneaky Robotaxi Winner.",Motley Fool,2026-07-29,0.612,Should You Buy Uber Stock Before Aug. 5?,Motley Fool,2026-07-29,0.0,Would You Rather Own Your Car Or Uber Every Day? Your Answer May Depend On Where You Live,Investopedia,2026-07-29,0.0,,,,,,,,,,
CSCO,Cisco Systems,Tech,hardware-infra,NASDAQ,112.48,-3.72%,+0.24%,-3.88%,+49.28%,+69%,443.332,1.007,37.37,25.35,22670696,100924596,458609296,145.0,1.64,buy,1.88,-3.72,96.28,-3.72,962.8,-37.2,9628.0,-372.0,0.24,100.24,0.24,1002.4,2.4,10024.0,24.0,-3.88,96.12,-3.88,961.2,-38.8,9612.0,-388.0,49.28,149.28,49.28,1492.8,492.8,14928.0,4928.0,69.0,169.0,69.0,1690.0,690.0,16900.0,6900.0,"Varonis Q2 Earnings Surpass Expectations, Revenues Rise Y/Y",Zacks,2026-07-29,0.0,"NXP Semiconductors Q2 Earnings Beat Estimates, Revenues Rise Y/Y",Zacks,2026-07-29,0.0,The Volatility Warning Embedded in Cisco Stock,Trefis,2026-07-29,-0.34,10,buy,0.7,"Strong YTD +53.39%, positive news sentiment 0.243, buy consensus, P/E 38.15, stable beta 1.007.",YTD +53.39%; news_s 0.243; buy consensus; P/E 38.15,,,,,
PLTR,Palantir Technologies,Tech,hardware-infra,NASDAQ,123.0,-0.89%,-1.26%,+5.43%,-26.72%,-22%,294.87,1.562,138.2,41.71,25685217,156925617,780127517,,3.64,buy,1.88,-0.89,99.11,-0.89,991.1,-8.9,9911.0,-89.0,-1.26,98.74,-1.26,987.4,-12.6,9874.0,-126.0,5.43,105.43,5.43,1054.3,54.3,10543.0,543.0,-26.72,73.28,-26.72,732.8,-267.2,7328.0,-2672.0,-22.0,78.0,-22.0,780.0,-220.0,7800.0,-2200.0,The Playbook for Palantir Ahead of Q3 Earnings,24/7 Wall St.,2026-07-29,0.0,PLTR vs. ACN: Which Leading Tech Stock Should You Consider?,Zacks,2026-07-29,0.0,Decoding PLTR Stock's Premium Valuation,Trefis,2026-07-29,0.0,,,,,,,,,,
