ticker,company_name,sector,category,exchange,price_usd,change_1d,change_1w,change_1m,change_ytd,return_1yr,market_cap_usd_b,beta,pe_ratio,avg_volume_m,vol_1d,vol_1w,vol_1m,div_yield_pct,short_pct,analyst,analyst_score,pct_1d,val_100_1d,profit_100_1d,val_1000_1d,profit_1000_1d,val_10000_1d,profit_10000_1d,pct_1w,val_100_1w,profit_100_1w,val_1000_1w,profit_1000_1w,val_10000_1w,profit_10000_1w,pct_1m,val_100_1m,profit_100_1m,val_1000_1m,profit_1000_1m,val_10000_1m,profit_10000_1m,pct_ytd,val_100_ytd,profit_100_ytd,val_1000_ytd,profit_1000_ytd,val_10000_ytd,profit_10000_ytd,pct_1y,val_100_1y,profit_100_1y,val_1000_1y,profit_1000_1y,val_10000_1y,profit_10000_1y,news1_title,news1_publisher,news1_date,news1_sentiment,news2_title,news2_publisher,news2_date,news2_sentiment,news3_title,news3_publisher,news3_date,news3_sentiment,signal_rank,signal,signal_confidence,signal_rationale,signal_drivers,portfolio_held,portfolio_quantity,portfolio_avg_price,portfolio_ppl,portfolio_total_value
SNDK,SanDisk Corporation,AI,memory,NASDAQ,1704.16,-0.76%,-0.51%,-1.95%,+519.15%,+1319%,249.521,,23.1,13.1,6461198,35858298,178227598,,6.03,buy,1.52,-0.76,99.24,-0.76,992.4,-7.6,9924.0,-76.0,-0.51,99.49,-0.51,994.9,-5.1,9949.0,-51.0,-1.95,98.05,-1.95,980.5,-19.5,9805.0,-195.0,519.15,619.15,519.15,6191.5,5191.5,61915.0,51915.0,1319.0,1419.0,1319.0,14190.0,13190.0,141900.0,131900.0,,,,,,,,,,,,,1,strong_buy,1.0,"+525.82% YTD, P/E 23.35, analyst Buy, short interest 6.03%. Recent catalysts include Citi reiterating Buy with $2,100 PT and ascending triangle pattern targeting $2,000+ [fool.com](https://www.fool.com/investing/2026/10/05/why-sandisk-stock-rocked-the-market-last-month/).","+525.82% YTD; P/E 23.35; analyst Buy; Citi $2,100 PT",,,,,
WDC,Western Digital,AI,memory,NASDAQ,441.64,+6.32%,-2.56%,-7.47%,+135.54%,+231%,159.229,2.169,16.41,7.49,11266920,55221620,160411120,14.0,5.38,none,,6.32,106.32,6.32,1063.2,63.2,10632.0,632.0,-2.56,97.44,-2.56,974.4,-25.6,9744.0,-256.0,-7.47,92.53,-7.47,925.3,-74.7,9253.0,-747.0,135.54,235.54,135.54,2355.4,1355.4,23554.0,13554.0,231.0,331.0,231.0,3310.0,2310.0,33100.0,23100.0,,,,,,,,,,,,,,,,,,,,,,
285A,Kioxia Holdings,AI,memory,TSE,120.29,-0.71%,+6.21%,-4.30%,+401.94%,+816%,192.161,,18.99,113.96,12221900,182092400,1321493600,,,buy,1.56,-0.71,99.29,-0.71,992.9,-7.1,9929.0,-71.0,6.21,106.21,6.21,1062.1,62.1,10621.0,621.0,-4.3,95.7,-4.3,957.0,-43.0,9570.0,-430.0,401.94,501.94,401.94,5019.4,4019.4,50194.0,40194.0,816.0,916.0,816.0,9160.0,8160.0,91600.0,81600.0,,,,,,,,,,,,,,,,,,,,,,
MU,Micron Technology,AI,memory,NASDAQ,1063.96,-0.49%,+0.95%,+6.37%,+237.51%,+463%,1201.629,2.226,14.31,33.81,17877625,141663825,509918025,6.0,2.45,strong_buy,1.37,-0.49,99.51,-0.49,995.1,-4.9,9951.0,-49.0,0.95,100.95,0.95,1009.5,9.5,10095.0,95.0,6.37,106.37,6.37,1063.7,63.7,10637.0,637.0,237.51,337.51,237.51,3375.1,2375.1,33751.0,23751.0,463.0,563.0,463.0,5630.0,4630.0,56300.0,46300.0,,,,,,,,,,,,,2,strong_buy,0.8,"+238.01% YTD, P/E 14.34, analyst Strong Buy, 1M +6.53%. Low P/E and strong analyst consensus support continued upside.",+238.01% YTD; P/E 14.34; Strong Buy consensus; 1M +6.53%,,,,,
STX,Seagate Technology,AI,memory,NASDAQ,887.09,+4.78%,-3.74%,-1.83%,+209.52%,+250%,201.718,2.081,63.82,4.55,5584376,27295576,88908876,35.0,4.59,strong_buy,1.44,4.78,104.78,4.78,1047.8,47.8,10478.0,478.0,-3.74,96.26,-3.74,962.6,-37.4,9626.0,-374.0,-1.83,98.17,-1.83,981.7,-18.3,9817.0,-183.0,209.52,309.52,209.52,3095.2,2095.2,30952.0,20952.0,250.0,350.0,250.0,3500.0,2500.0,35000.0,25000.0,,,,,,,,,,,,,,,,,,,,,,
MRVL,Marvell Technology,AI,memory,NASDAQ,271.25,-0.66%,+7.68%,+20.34%,+203.89%,+206%,243.773,2.26,89.23,22.27,12506520,76472620,345114520,9.0,4.18,strong_buy,1.43,-0.66,99.34,-0.66,993.4,-6.6,9934.0,-66.0,7.68,107.68,7.68,1076.8,76.8,10768.0,768.0,20.34,120.34,20.34,1203.4,203.4,12034.0,2034.0,203.89,303.89,203.89,3038.9,2038.9,30389.0,20389.0,206.0,306.0,206.0,3060.0,2060.0,30600.0,20600.0,,,,,,,,,,,,,3,strong_buy,1.0,"+204.87% YTD, 1M +20.72%, analyst Strong Buy, P/E 89.51. Exceptional momentum and top-tier analyst rating.",+204.87% YTD; 1M +20.72%; Strong Buy; P/E 89.51,,,,,
P,Everpure,AI,memory,NYSE,143.88,+2.37%,+11.19%,+42.26%,+108.49%,+55%,47.945,1.396,197.1,4.44,4951334,22142134,157199734,,2.88,buy,1.55,2.37,102.37,2.37,1023.7,23.7,10237.0,237.0,11.19,111.19,11.19,1111.9,111.9,11119.0,1119.0,42.26,142.26,42.26,1422.6,422.6,14226.0,4226.0,108.49,208.49,108.49,2084.9,1084.9,20849.0,10849.0,55.0,155.0,55.0,1550.0,550.0,15500.0,5500.0,,,,,,,,,,,,,10,buy,0.551,"+106.61% YTD, 1M +40.98%, analyst Buy, P/E 195.32. Very strong recent momentum but elevated P/E warrants caution.",+106.61% YTD; 1M +40.98%; Buy rating; P/E 195.32,,,,,
RR.,Rolls-Royce Holdings,AI,nuclear-ops,LSE,19.55,+0.05%,+0.24%,-0.86%,+23.49%,+28%,1.608,1.272,41.06,18.4,182,53383901,327340134,81.0,,buy,1.6,0.05,100.05,0.05,1000.5,0.5,10005.0,5.0,0.24,100.24,0.24,1002.4,2.4,10024.0,24.0,-0.86,99.14,-0.86,991.4,-8.6,9914.0,-86.0,23.49,123.49,23.49,1234.9,234.9,12349.0,2349.0,28.0,128.0,28.0,1280.0,280.0,12800.0,2800.0,,,,,,,,,,,,,,,,,,,,,,
CEG,Constellation Energy,AI,nuclear-ops,NASDAQ,267.62,+3.45%,+2.76%,-10.51%,-26.61%,-29%,94.82,1.129,26.16,2.8,3502745,17711045,61822345,66.0,3.7,buy,1.55,3.45,103.45,3.45,1034.5,34.5,10345.0,345.0,2.76,102.76,2.76,1027.6,27.6,10276.0,276.0,-10.51,89.49,-10.51,894.9,-105.1,8949.0,-1051.0,-26.61,73.39,-26.61,733.9,-266.1,7339.0,-2661.0,-29.0,71.0,-29.0,710.0,-290.0,7100.0,-2900.0,,,,,,,,,,,,,,,,,,,,,,
VST,Vistra Corp,AI,nuclear-ops,NYSE,144.89,+0.65%,+4.98%,-4.35%,-11.92%,-30%,48.63,1.384,24.43,4.6,10751775,40958075,110136075,66.0,3.35,strong_buy,1.33,0.65,100.65,0.65,1006.5,6.5,10065.0,65.0,4.98,104.98,4.98,1049.8,49.8,10498.0,498.0,-4.35,95.65,-4.35,956.5,-43.5,9565.0,-435.0,-11.92,88.08,-11.92,880.8,-119.2,8808.0,-1192.0,-30.0,70.0,-30.0,700.0,-300.0,7000.0,-3000.0,,,,,,,,,,,,,,,,,,,,,,
TLN,Talen Energy,AI,nuclear-ops,NASDAQ,331.87,+3.55%,+9.35%,+1.87%,-16.35%,-25%,15.697,1.617,,0.8,1105978,6610378,17895778,,6.33,buy,1.59,3.55,103.55,3.55,1035.5,35.5,10355.0,355.0,9.35,109.35,9.35,1093.5,93.5,10935.0,935.0,1.87,101.87,1.87,1018.7,18.7,10187.0,187.0,-16.35,83.65,-16.35,836.5,-163.5,8365.0,-1635.0,-25.0,75.0,-25.0,750.0,-250.0,7500.0,-2500.0,,,,,,,,,,,,,,,,,,,,,,
BEP,Brookfield Renewable,AI,nuclear-ops,NYSE,28.22,-0.48%,+1.26%,-12.17%,+4.65%,+3%,13.728,0.98,,1.0,906197,5289297,23069397,553.0,0.46,buy,2.33,-0.48,99.52,-0.48,995.2,-4.8,9952.0,-48.0,1.26,101.26,1.26,1012.6,12.6,10126.0,126.0,-12.17,87.83,-12.17,878.3,-121.7,8783.0,-1217.0,4.65,104.65,4.65,1046.5,46.5,10465.0,465.0,3.0,103.0,3.0,1030.0,30.0,10300.0,300.0,,,,,,,,,,,,,,,,,,,,,,
BEPC,Brookfield Renewable Corp,AI,nuclear-ops,NYSE,28.32,-0.65%,+1.25%,-13.02%,-26.77%,-25%,5.257,1.148,,1.79,1625253,10051653,37710253,550.0,,hold,2.86,-0.65,99.35,-0.65,993.5,-6.5,9935.0,-65.0,1.25,101.25,1.25,1012.5,12.5,10125.0,125.0,-13.02,86.98,-13.02,869.8,-130.2,8698.0,-1302.0,-26.77,73.23,-26.77,732.3,-267.7,7323.0,-2677.0,-25.0,75.0,-25.0,750.0,-250.0,7500.0,-2500.0,,,,,,,,,,,,,,,,,,,,,,
GEV,GE Vernova,AI,smr,NYSE,990.0,+0.33%,+4.24%,+1.92%,+45.95%,+64%,263.67,0.967,28.38,2.39,1657188,10005388,43197288,20.0,3.29,buy,1.54,0.33,100.33,0.33,1003.3,3.3,10033.0,33.0,4.24,104.24,4.24,1042.4,42.4,10424.0,424.0,1.92,101.92,1.92,1019.2,19.2,10192.0,192.0,45.95,145.95,45.95,1459.5,459.5,14595.0,4595.0,64.0,164.0,64.0,1640.0,640.0,16400.0,6400.0,,,,,,,,,,,,,,,,,,,,,,
BWXT,BWX Technologies,AI,smr,NYSE,135.35,-0.09%,+0.74%,-15.62%,-25.25%,-30%,12.401,0.738,35.06,1.05,1514906,7818906,24074806,79.0,4.42,buy,1.61,-0.09,99.91,-0.09,999.1,-0.9,9991.0,-9.0,0.74,100.74,0.74,1007.4,7.4,10074.0,74.0,-15.62,84.38,-15.62,843.8,-156.2,8438.0,-1562.0,-25.25,74.75,-25.25,747.5,-252.5,7475.0,-2525.0,-30.0,70.0,-30.0,700.0,-300.0,7000.0,-3000.0,,,,,,,,,,,,,,,,,,,,,,
SMR,NuScale Power,AI,smr,NYSE,7.68,-1.41%,-2.91%,-31.31%,-52.91%,-82%*,3.152,2.371,,33.32,17860658,133551858,756651958,,20.64,hold,2.67,-1.41,98.59,-1.41,985.9,-14.1,9859.0,-141.0,-2.91,97.09,-2.91,970.9,-29.1,9709.0,-291.0,-31.31,68.69,-31.31,686.9,-313.1,6869.0,-3131.0,-52.91,47.09,-52.91,470.9,-529.1,4709.0,-5291.0,-82.0,18.0,-82.0,180.0,-820.0,1800.0,-8200.0,,,,,,,,,,,,,,,,,,,,,,
OKLO,Oklo Inc,AI,smr,NYSE,35.97,+0.00%,-3.07%,-16.95%,-53.77%,-74%*,6.691,1.215,,9.49,7609580,41288880,202235980,,20.52,buy,2.08,0.0,100.0,0.0,1000.0,0.0,10000.0,0.0,-3.07,96.93,-3.07,969.3,-30.7,9693.0,-307.0,-16.95,83.05,-16.95,830.5,-169.5,8305.0,-1695.0,-53.77,46.23,-53.77,462.3,-537.7,4623.0,-5377.0,-74.0,26.0,-74.0,260.0,-740.0,2600.0,-7400.0,,,,,,,,,,,,,,,,,,,,,,
NNE,NANO Nuclear Energy,AI,smr,NASDAQ,15.51,-1.18%,-4.02%,-19.84%,-43.82%,-71%*,0.833,5.478,,1.93,2197813,8957713,39681313,,34.89,buy,1.62,-1.18,98.82,-1.18,988.2,-11.8,9882.0,-118.0,-4.02,95.98,-4.02,959.8,-40.2,9598.0,-402.0,-19.84,80.16,-19.84,801.6,-198.4,8016.0,-1984.0,-43.82,56.18,-43.82,561.8,-438.2,5618.0,-4382.0,-71.0,29.0,-71.0,290.0,-710.0,2900.0,-7100.0,,,,,,,,,,,,,,,,,,,,,,
CCJ,Cameco Corporation,AI,uranium,NYSE,87.47,+2.07%,+0.49%,-14.22%,-11.25%,+0%,38.096,1.141,148.25,3.18,3013894,15451894,59326394,20.0,,buy,1.57,2.07,102.07,2.07,1020.7,20.7,10207.0,207.0,0.49,100.49,0.49,1004.9,4.9,10049.0,49.0,-14.22,85.78,-14.22,857.8,-142.2,8578.0,-1422.0,-11.25,88.75,-11.25,887.5,-112.5,8875.0,-1125.0,0.0,100.0,0.0,1000.0,0.0,10000.0,0.0,,,,,,,,,,,,,,,,,,,,,,
UEC,Uranium Energy Corp,AI,uranium,NYSE,9.35,-0.07%,+1.52%,-21.36%,-28.68%,-29%,4.634,1.387,,8.5,10615189,61114089,194775289,,14.57,buy,1.73,-0.07,99.93,-0.07,999.3,-0.7,9993.0,-7.0,1.52,101.52,1.52,1015.2,15.2,10152.0,152.0,-21.36,78.64,-21.36,786.4,-213.6,7864.0,-2136.0,-28.68,71.32,-28.68,713.2,-286.8,7132.0,-2868.0,-29.0,71.0,-29.0,710.0,-290.0,7100.0,-2900.0,,,,,,,,,,,,,,,,,,,,,,
LEU,Centrus Energy,AI,uranium,NYSE,141.44,+0.15%,+0.76%,-23.76%,-48.10%,-61%,2.892,1.536,66.09,0.72,611757,2796257,14803057,,27.66,none,,0.15,100.15,0.15,1001.5,1.5,10015.0,15.0,0.76,100.76,0.76,1007.6,7.6,10076.0,76.0,-23.76,76.24,-23.76,762.4,-237.6,7624.0,-2376.0,-48.1,51.9,-48.1,519.0,-481.0,5190.0,-4810.0,-61.0,39.0,-61.0,390.0,-610.0,3900.0,-6100.0,,,,,,,,,,,,,,,,,,,,,,
VRT,Vertiv Holdings,AI,power-infra,NYSE,253.62,+0.30%,+3.93%,-12.77%,+44.52%,+55%,97.641,2.048,57.38,5.25,4337359,18617859,107401659,10.0,3.68,strong_buy,1.37,0.3,100.3,0.3,1003.0,3.0,10030.0,30.0,3.93,103.93,3.93,1039.3,39.3,10393.0,393.0,-12.77,87.23,-12.77,872.3,-127.7,8723.0,-1277.0,44.52,144.52,44.52,1445.2,445.2,14452.0,4452.0,55.0,155.0,55.0,1550.0,550.0,15500.0,5500.0,,,,,,,,,,,,,,,,,,,,,,
ETN,Eaton Corporation,AI,power-infra,NYSE,432.6,-1.01%,+0.28%,+2.48%,+33.27%,+15%,168.022,1.128,44.01,2.1,1426410,8945810,41822310,101.0,2.0,buy,1.57,-1.01,98.99,-1.01,989.9,-10.1,9899.0,-101.0,0.28,100.28,0.28,1002.8,2.8,10028.0,28.0,2.48,102.48,2.48,1024.8,24.8,10248.0,248.0,33.27,133.27,33.27,1332.7,332.7,13327.0,3327.0,15.0,115.0,15.0,1150.0,150.0,11500.0,1500.0,,,,,,,,,,,,,,,,,,,,,,
POWL,Powell Industries,AI,power-infra,NASDAQ,197.84,+0.83%,+5.67%,+8.41%,+68.58%,+89%,7.208,1.173,37.9,0.64,658382,2445782,10657982,18.0,9.75,buy,2.25,0.83,100.83,0.83,1008.3,8.3,10083.0,83.0,5.67,105.67,5.67,1056.7,56.7,10567.0,567.0,8.41,108.41,8.41,1084.1,84.1,10841.0,841.0,68.58,168.58,68.58,1685.8,685.8,16858.0,6858.0,89.0,189.0,89.0,1890.0,890.0,18900.0,8900.0,,,,,,,,,,,,,,,,,,,,,,
EQIX,Equinix,AI,dc-operators,NASDAQ,1023.44,-0.22%,+1.22%,-1.71%,+35.98%,+30%,100.984,0.97,65.86,0.54,368677,2270677,10128577,201.0,1.97,strong_buy,1.5,-0.22,99.78,-0.22,997.8,-2.2,9978.0,-22.0,1.22,101.22,1.22,1012.2,12.2,10122.0,122.0,-1.71,98.29,-1.71,982.9,-17.1,9829.0,-171.0,35.98,135.98,35.98,1359.8,359.8,13598.0,3598.0,30.0,130.0,30.0,1300.0,300.0,13000.0,3000.0,,,,,,,,,,,,,,,,,,,,,,
DLR,Digital Realty,AI,dc-operators,NYSE,179.87,+0.74%,+1.52%,-4.43%,+18.40%,+1%,67.931,1.011,87.32,2.36,1507937,8943337,37049137,273.0,2.54,strong_buy,1.44,0.74,100.74,0.74,1007.4,7.4,10074.0,74.0,1.52,101.52,1.52,1015.2,15.2,10152.0,152.0,-4.43,95.57,-4.43,955.7,-44.3,9557.0,-443.0,18.4,118.4,18.4,1184.0,184.0,11840.0,1840.0,1.0,101.0,1.0,1010.0,10.0,10100.0,100.0,,,,,,,,,,,,,,,,,,,,,,
AMT,American Tower,AI,dc-operators,NYSE,162.26,+0.04%,-2.37%,-6.67%,-4.33%,-13%,75.607,0.885,22.32,2.65,2484177,13661277,54342877,441.0,1.5,buy,1.52,0.04,100.04,0.04,1000.4,0.4,10004.0,4.0,-2.37,97.63,-2.37,976.3,-23.7,9763.0,-237.0,-6.67,93.33,-6.67,933.3,-66.7,9333.0,-667.0,-4.33,95.67,-4.33,956.7,-43.3,9567.0,-433.0,-13.0,87.0,-13.0,870.0,-130.0,8700.0,-1300.0,,,,,,,,,,,,,,,,,,,,,,
GOOGL,Alphabet (Google),AI,hyperscalers,NASDAQ,346.47,+0.94%,+1.09%,+2.40%,+10.15%,+37%,4237.306,1.211,17.38,27.12,24975488,140423588,549186488,26.0,1.49,strong_buy,1.38,0.94,100.94,0.94,1009.4,9.4,10094.0,94.0,1.09,101.09,1.09,1010.9,10.9,10109.0,109.0,2.4,102.4,2.4,1024.0,24.0,10240.0,240.0,10.15,110.15,10.15,1101.5,101.5,11015.0,1015.0,37.0,137.0,37.0,1370.0,370.0,13700.0,3700.0,,,,,,,,,,,,,,,,,,,,,,
MSFT,Microsoft,AI,hyperscalers,NASDAQ,525.18,+1.54%,+3.13%,+6.32%,+11.75%,-2%,3899.749,1.099,29.26,28.25,26287910,112388210,433266010,76.0,0.91,strong_buy,1.29,1.54,101.54,1.54,1015.4,15.4,10154.0,154.0,3.13,103.13,3.13,1031.3,31.3,10313.0,313.0,6.32,106.32,6.32,1063.2,63.2,10632.0,632.0,11.75,111.75,11.75,1117.5,117.5,11175.0,1175.0,-2.0,98.0,-2.0,980.0,-20.0,9800.0,-200.0,,,,,,,,,,,,,,,,,,,,,,
AMZN,Amazon,AI,hyperscalers,NASDAQ,251.4,+0.01%,+2.13%,-2.17%,+10.99%,+14%,2711.679,1.456,20.23,39.19,37819808,180100308,710664808,,0.83,strong_buy,1.32,0.01,100.01,0.01,1000.1,0.1,10001.0,1.0,2.13,102.13,2.13,1021.3,21.3,10213.0,213.0,-2.17,97.83,-2.17,978.3,-21.7,9783.0,-217.0,10.99,110.99,10.99,1109.9,109.9,11099.0,1099.0,14.0,114.0,14.0,1140.0,140.0,11400.0,1400.0,,,,,,,,,,,,,,,,,,,,,,
META,Meta Platforms,AI,hyperscalers,NASDAQ,741.9,+1.98%,+3.67%,+21.03%,+14.36%,+2%,1889.995,1.185,27.95,19.37,14774510,83011910,472106610,29.0,1.41,strong_buy,1.41,1.98,101.98,1.98,1019.8,19.8,10198.0,198.0,3.67,103.67,3.67,1036.7,36.7,10367.0,367.0,21.03,121.03,21.03,1210.3,210.3,12103.0,2103.0,14.36,114.36,14.36,1143.6,143.6,11436.0,1436.0,2.0,102.0,2.0,1020.0,20.0,10200.0,200.0,,,,,,,,,,,,,6,strong_buy,0.75,"+14.76% YTD, 1M +21.46%, analyst Strong Buy, P/E 28.05. Reasonable valuation and strong buy consensus with accelerating momentum.",+14.76% YTD; 1M +21.46%; Strong Buy; P/E 28.05,,,,,
IREN,Iris Energy,AI,ai-compute,NASDAQ,40.48,-2.97%,-2.97%,-13.74%,-5.20%,-28%*,15.951,4.271,,42.66,32756826,171026126,711674926,,21.71,buy,1.6,-2.97,97.03,-2.97,970.3,-29.7,9703.0,-297.0,-2.97,97.03,-2.97,970.3,-29.7,9703.0,-297.0,-13.74,86.26,-13.74,862.6,-137.4,8626.0,-1374.0,-5.2,94.8,-5.2,948.0,-52.0,9480.0,-520.0,-28.0,72.0,-28.0,720.0,-280.0,7200.0,-2800.0,,,,,,,,,,,,,,,,,,,,,,
CORZ,Core Scientific,AI,ai-compute,NASDAQ,16.6,+0.79%,+0.48%,-11.37%,+3.81%,-8%*,5.334,5.481,,11.85,14528493,63598793,230419493,,22.21,strong_buy,1.32,0.79,100.79,0.79,1007.9,7.9,10079.0,79.0,0.48,100.48,0.48,1004.8,4.8,10048.0,48.0,-11.37,88.63,-11.37,886.3,-113.7,8863.0,-1137.0,3.81,103.81,3.81,1038.1,38.1,10381.0,381.0,-8.0,92.0,-8.0,920.0,-80.0,9200.0,-800.0,,,,,,,,,,,,,,,,,,,,,,
WULF,TeraWulf,AI,ai-compute,NASDAQ,14.79,-4.76%,-2.18%,-17.19%,+16.09%,+29%*,7.38,4.251,,32.32,36520075,139502175,569609575,,28.55,strong_buy,1.29,-4.76,95.24,-4.76,952.4,-47.6,9524.0,-476.0,-2.18,97.82,-2.18,978.2,-21.8,9782.0,-218.0,-17.19,82.81,-17.19,828.1,-171.9,8281.0,-1719.0,16.09,116.09,16.09,1160.9,160.9,11609.0,1609.0,29.0,129.0,29.0,1290.0,290.0,12900.0,2900.0,,,,,,,,,,,,,,,,,,,,,,
HUT,Hut 8 Mining,AI,ai-compute,NASDAQ,89.27,-0.48%,-3.71%,-10.27%,+74.12%,+116%,11.004,5.916,,4.58,3358586,22362486,88487786,,14.79,strong_buy,1.36,-0.48,99.52,-0.48,995.2,-4.8,9952.0,-48.0,-3.71,96.29,-3.71,962.9,-37.1,9629.0,-371.0,-10.27,89.73,-10.27,897.3,-102.7,8973.0,-1027.0,74.12,174.12,74.12,1741.2,741.2,17412.0,7412.0,116.0,216.0,116.0,2160.0,1160.0,21600.0,11600.0,,,,,,,,,,,,,,,,,,,,,,
SMCI,Super Micro Computer,AI,ai-compute,NASDAQ,43.19,-0.90%,+3.37%,+7.28%,+39.50%,-20%,28.374,2.009,13.25,44.62,22032582,150172682,738682782,,18.82,none,,-0.9,99.1,-0.9,991.0,-9.0,9910.0,-90.0,3.37,103.37,3.37,1033.7,33.7,10337.0,337.0,7.28,107.28,7.28,1072.8,72.8,10728.0,728.0,39.5,139.5,39.5,1395.0,395.0,13950.0,3950.0,-20.0,80.0,-20.0,800.0,-200.0,8000.0,-2000.0,,,,,,,,,,,,,,,,,,,,,,
DELL,Dell Technologies,AI,ai-compute,NYSE,552.29,-1.90%,+1.63%,+3.45%,+336.10%,+286%,351.153,1.442,32.11,7.68,4171010,26987710,163851910,45.0,4.68,buy,1.83,-1.9,98.1,-1.9,981.0,-19.0,9810.0,-190.0,1.63,101.63,1.63,1016.3,16.3,10163.0,163.0,3.45,103.45,3.45,1034.5,34.5,10345.0,345.0,336.1,436.1,336.1,4361.0,3361.0,43610.0,33610.0,286.0,386.0,286.0,3860.0,2860.0,38600.0,28600.0,,,,,,,,,,,,,,,,,,,,,,
COHR,Coherent Corp,AI,fibre-optical,NYSE,333.64,-1.23%,+18.12%,+10.52%,+71.69%,+194%,65.338,2.113,80.98,6.29,5407129,36487029,139043729,,6.09,buy,1.58,-1.23,98.77,-1.23,987.7,-12.3,9877.0,-123.0,18.12,118.12,18.12,1181.2,181.2,11812.0,1812.0,10.52,110.52,10.52,1105.2,105.2,11052.0,1052.0,71.69,171.69,71.69,1716.9,716.9,17169.0,7169.0,194.0,294.0,194.0,2940.0,1940.0,29400.0,19400.0,,,,,,,,,,,,,,,,,,,,,,
LITE,Lumentum Holdings,AI,fibre-optical,NASDAQ,1091.67,+0.35%,+18.49%,+11.56%,+182.74%,+576%,97.922,1.536,,4.65,2999068,25249268,97302468,,7.92,strong_buy,1.5,0.35,100.35,0.35,1003.5,3.5,10035.0,35.0,18.49,118.49,18.49,1184.9,184.9,11849.0,1849.0,11.56,111.56,11.56,1115.6,115.6,11156.0,1156.0,182.74,282.74,182.74,2827.4,1827.4,28274.0,18274.0,576.0,676.0,576.0,6760.0,5760.0,67600.0,57600.0,,,,,,,,,,,,,,,,,,,,,,
AAOI,Applied Optoelectronics,AI,fibre-optical,NASDAQ,121.57,+5.70%,+25.56%,+8.98%,+206.99%,+242%,10.322,3.843,,9.32,9266594,44717094,152940994,,15.02,none,,5.7,105.7,5.7,1057.0,57.0,10570.0,570.0,25.56,125.56,25.56,1255.6,255.6,12556.0,2556.0,8.98,108.98,8.98,1089.8,89.8,10898.0,898.0,206.99,306.99,206.99,3069.9,2069.9,30699.0,20699.0,242.0,342.0,242.0,3420.0,2420.0,34200.0,24200.0,,,,,,,,,,,,,,,,,,,,,,
FN,Fabrinet,AI,fibre-optical,NYSE,453.84,-2.56%,+10.70%,+9.01%,-5.34%,+25%,16.263,1.223,34.78,0.86,674683,3815883,15111383,,5.69,buy,1.78,-2.56,97.44,-2.56,974.4,-25.6,9744.0,-256.0,10.7,110.7,10.7,1107.0,107.0,11070.0,1070.0,9.01,109.01,9.01,1090.1,90.1,10901.0,901.0,-5.34,94.66,-5.34,946.6,-53.4,9466.0,-534.0,25.0,125.0,25.0,1250.0,250.0,12500.0,2500.0,,,,,,,,,,,,,,,,,,,,,,
MTSI,MACOM Technology,AI,dsp-semi,NASDAQ,328.3,+1.23%,+17.86%,+19.47%,+87.64%,+144%,25.073,1.764,104.55,1.39,1187001,5541401,27289901,,4.35,buy,1.56,1.23,101.23,1.23,1012.3,12.3,10123.0,123.0,17.86,117.86,17.86,1178.6,178.6,11786.0,1786.0,19.47,119.47,19.47,1194.7,194.7,11947.0,1947.0,87.64,187.64,87.64,1876.4,876.4,18764.0,8764.0,144.0,244.0,144.0,2440.0,1440.0,24400.0,14400.0,,,,,,,,,,,,,8,buy,0.6,"+83.52% YTD, 1M +16.84%, analyst Buy, P/E 102.26. Strong YTD and monthly gains with a buy rating.",+83.52% YTD; 1M +16.84%; Buy rating; P/E 102.26,,,,,
SMTC,Semtech,AI,dsp-semi,NASDAQ,192.83,-1.27%,+10.33%,+18.58%,+156.22%,+186%,17.996,2.415,127.7,2.96,1855670,15209570,69195270,,8.53,strong_buy,1.19,-1.27,98.73,-1.27,987.3,-12.7,9873.0,-127.0,10.33,110.33,10.33,1103.3,103.3,11033.0,1033.0,18.58,118.58,18.58,1185.8,185.8,11858.0,1858.0,156.22,256.22,156.22,2562.2,1562.2,25622.0,15622.0,186.0,286.0,186.0,2860.0,1860.0,28600.0,18600.0,,,,,,,,,,,,,4,strong_buy,0.813,"+157.28% YTD, 1M +19.07%, analyst Strong Buy with best score 1.19, P/E 128.23. Highest analyst conviction in the universe.",+157.28% YTD; 1M +19.07%; Strong Buy (1.19); P/E 128.23,,,,,
CRDO,Credo Technology,AI,dsp-semi,NASDAQ,212.48,-2.93%,+10.28%,+26.66%,+48.36%,+48%,39.935,3.249,75.35,6.88,7717911,40929711,173304411,,5.14,strong_buy,1.35,-2.93,97.07,-2.93,970.7,-29.3,9707.0,-293.0,10.28,110.28,10.28,1102.8,102.8,11028.0,1028.0,26.66,126.66,26.66,1266.6,266.6,12666.0,2666.0,48.36,148.36,48.36,1483.6,483.6,14836.0,4836.0,48.0,148.0,48.0,1480.0,480.0,14800.0,4800.0,,,,,,,,,,,,,5,strong_buy,0.7,"+46.97% YTD, 1M +25.48%, analyst Strong Buy, P/E 74.64. Strong recent momentum with solid analyst backing.",+46.97% YTD; 1M +25.48%; Strong Buy; P/E 74.64,,,,,
MXL,MaxLinear,AI,dsp-semi,NASDAQ,105.49,-0.57%,+17.21%,+58.63%,+469.91%,+541%,9.567,3.94,,3.09,2669678,14753178,62166778,,7.46,buy,1.82,-0.57,99.43,-0.57,994.3,-5.7,9943.0,-57.0,17.21,117.21,17.21,1172.1,172.1,11721.0,1721.0,58.63,158.63,58.63,1586.3,586.3,15863.0,5863.0,469.91,569.91,469.91,5699.1,4699.1,56991.0,46991.0,541.0,641.0,541.0,6410.0,5410.0,64100.0,54100.0,,,,,,,,,,,,,9,strong_buy,1.0,"+481.69% YTD, 1M +61.91%, analyst Buy, beta 3.94. Extreme momentum but high risk from lack of earnings and high beta.",+481.69% YTD; 1M +61.91%; Buy rating; beta 3.94,,,,,
KEYS,Keysight Technologies,AI,test-equip,NYSE,384.17,-1.36%,+6.79%,+15.22%,+85.96%,+122%,65.402,1.177,51.99,1.24,850643,5227743,21350943,,1.59,none,,-1.36,98.64,-1.36,986.4,-13.6,9864.0,-136.0,6.79,106.79,6.79,1067.9,67.9,10679.0,679.0,15.22,115.22,15.22,1152.2,152.2,11522.0,1522.0,85.96,185.96,85.96,1859.6,859.6,18596.0,8596.0,122.0,222.0,122.0,2220.0,1220.0,22200.0,12200.0,,,,,,,,,,,,,,,,,,,,,,
VIAV,Viavi Solutions,AI,test-equip,NASDAQ,46.91,-0.57%,+14.78%,+21.06%,+158.46%,+269%,11.575,1.213,,5.06,4801584,33760484,121920884,,6.33,strong_buy,1.38,-0.57,99.43,-0.57,994.3,-5.7,9943.0,-57.0,14.78,114.78,14.78,1147.8,147.8,11478.0,1478.0,21.06,121.06,21.06,1210.6,210.6,12106.0,2106.0,158.46,258.46,158.46,2584.6,1584.6,25846.0,15846.0,269.0,369.0,269.0,3690.0,2690.0,36900.0,26900.0,,,,,,,,,,,,,7,strong_buy,0.818,"+158.13% YTD, 1M +20.90%, analyst Strong Buy, short interest 6.33%. Strong momentum and analyst support despite elevated short interest.",+158.13% YTD; 1M +20.90%; Strong Buy; short 6.33%,,,,,
AXTI,AXT Inc,AI,materials,NASDAQ,86.66,+0.91%,+17.63%,+24.58%,+417.06%,+1490%,5.683,1.86,2166.5,9.95,4911636,37730636,173108236,,14.03,none,,0.91,100.91,0.91,1009.1,9.1,10091.0,91.0,17.63,117.63,17.63,1176.3,176.3,11763.0,1763.0,24.58,124.58,24.58,1245.8,245.8,12458.0,2458.0,417.06,517.06,417.06,5170.6,4170.6,51706.0,41706.0,1490.0,1590.0,1490.0,15900.0,14900.0,159000.0,149000.0,,,,,,,,,,,,,,,,,,,,,,
AMGN,Amgen,Biotech,large-cap,NASDAQ,402.98,-0.24%,-3.62%,+2.50%,+25.51%,+37%,217.864,0.407,25.03,2.72,3103313,15981313,68002113,250.0,2.6,hold,2.65,-0.24,99.76,-0.24,997.6,-2.4,9976.0,-24.0,-3.62,96.38,-3.62,963.8,-36.2,9638.0,-362.0,2.5,102.5,2.5,1025.0,25.0,10250.0,250.0,25.51,125.51,25.51,1255.1,255.1,12551.0,2551.0,37.0,137.0,37.0,1370.0,370.0,13700.0,3700.0,,,,,,,,,,,,,10,buy,0.55,"YTD +24.61%, PE 24.85, low beta 0.407, and low short interest 2.6%; but hold rating (score 2.65), DCF overvaluation, and Medicare pricing headwinds temper upside.",YTD +24.61%; PE 24.85; low short interest 2.6%; hold rating,,,,,
GILD,Gilead Sciences,Biotech,large-cap,NASDAQ,144.63,+0.01%,-4.98%,-0.82%,+21.08%,+27%,179.335,0.332,,6.22,5678453,25840453,117895853,227.0,1.48,buy,1.7,0.01,100.01,0.01,1000.1,0.1,10001.0,1.0,-4.98,95.02,-4.98,950.2,-49.8,9502.0,-498.0,-0.82,99.18,-0.82,991.8,-8.2,9918.0,-82.0,21.08,121.08,21.08,1210.8,210.8,12108.0,2108.0,27.0,127.0,27.0,1270.0,270.0,12700.0,2700.0,,,,,,,,,,,,,,,,,,,,,,
REGN,Regeneron Pharmaceuticals,Biotech,large-cap,NASDAQ,726.47,-1.36%,-3.43%,-10.35%,-6.06%,+26%,74.794,0.153,17.96,0.75,694688,4028088,15237088,51.0,2.6,buy,1.85,-1.36,98.64,-1.36,986.4,-13.6,9864.0,-136.0,-3.43,96.57,-3.43,965.7,-34.3,9657.0,-343.0,-10.35,89.65,-10.35,896.5,-103.5,8965.0,-1035.0,-6.06,93.94,-6.06,939.4,-60.6,9394.0,-606.0,26.0,126.0,26.0,1260.0,260.0,12600.0,2600.0,,,,,,,,,,,,,,,,,,,,,,
VRTX,Vertex Pharmaceuticals,Biotech,large-cap,NASDAQ,503.5,-1.21%,-4.58%,-4.80%,+11.36%,+25%,127.618,0.281,29.32,1.21,914793,4883593,20313293,,2.1,buy,1.66,-1.21,98.79,-1.21,987.9,-12.1,9879.0,-121.0,-4.58,95.42,-4.58,954.2,-45.8,9542.0,-458.0,-4.8,95.2,-4.8,952.0,-48.0,9520.0,-480.0,11.36,111.36,11.36,1113.6,113.6,11136.0,1136.0,25.0,125.0,25.0,1250.0,250.0,12500.0,2500.0,,,,,,,,,,,,,,,,,,,,,,
BIIB,Biogen,Biotech,large-cap,NASDAQ,223.59,+2.05%,-2.23%,+5.22%,+25.74%,+43%,33.037,0.092,39.71,1.08,951290,6200990,21848590,,4.39,buy,1.89,2.05,102.05,2.05,1020.5,20.5,10205.0,205.0,-2.23,97.77,-2.23,977.7,-22.3,9777.0,-223.0,5.22,105.22,5.22,1052.2,52.2,10522.0,522.0,25.74,125.74,25.74,1257.4,257.4,12574.0,2574.0,43.0,143.0,43.0,1430.0,430.0,14300.0,4300.0,,,,,,,,,,,,,4,buy,0.75,"YTD +23.47%, PE 39.0, low beta 0.092, buy rating with analyst score 1.89, and low short interest 4.39% suggest steady growth with manageable risk.",buy rating; low beta 0.092; YTD +23.47%; short interest 4.39%,,,,,
BMY,Bristol-Myers Squibb,Biotech,large-cap,NYSE,58.81,-3.62%,-6.98%,-8.15%,+13.56%,+35%,120.132,0.184,12.95,11.02,19237043,71641743,254205043,412.0,2.06,hold,2.54,-3.62,96.38,-3.62,963.8,-36.2,9638.0,-362.0,-6.98,93.02,-6.98,930.2,-69.8,9302.0,-698.0,-8.15,91.85,-8.15,918.5,-81.5,9185.0,-815.0,13.56,113.56,13.56,1135.6,135.6,11356.0,1356.0,35.0,135.0,35.0,1350.0,350.0,13500.0,3500.0,,,,,,,,,,,,,,,,,,,,,,
AZN,AstraZeneca,Biotech,uk-listed,LSE,155.59,-0.89%,-5.83%,-2.31%,-13.43%,-7%,2.412,0.212,23.58,3.42,27596,11995237,63426922,201.0,,buy,1.72,-0.89,99.11,-0.89,991.1,-8.9,9911.0,-89.0,-5.83,94.17,-5.83,941.7,-58.3,9417.0,-583.0,-2.31,97.69,-2.31,976.9,-23.1,9769.0,-231.0,-13.43,86.57,-13.43,865.7,-134.3,8657.0,-1343.0,-7.0,93.0,-7.0,930.0,-70.0,9300.0,-700.0,,,,,,,,,,,,,,,,,,,,,,
GSK,GSK,Biotech,uk-listed,LSE,23.26,-1.15%,-5.43%,-4.27%,-3.93%,+10%,0.932,0.28,14.91,6.76,200,32490265,128265541,382.0,,hold,2.52,-1.15,98.85,-1.15,988.5,-11.5,9885.0,-115.0,-5.43,94.57,-5.43,945.7,-54.3,9457.0,-543.0,-4.27,95.73,-4.27,957.3,-42.7,9573.0,-427.0,-3.93,96.07,-3.93,960.7,-39.3,9607.0,-393.0,10.0,110.0,10.0,1100.0,100.0,11000.0,1000.0,,,,,,,,,,,,,,,,,,,,,,
CRSP,CRISPR Therapeutics,Biotech,gene-editing,NASDAQ,57.34,+3.45%,+6.01%,+4.67%,+6.64%,-21%,5.544,1.759,,1.58,1699081,6626481,33215181,,22.58,buy,2.05,3.45,103.45,3.45,1034.5,34.5,10345.0,345.0,6.01,106.01,6.01,1060.1,60.1,10601.0,601.0,4.67,104.67,4.67,1046.7,46.7,10467.0,467.0,6.64,106.64,6.64,1066.4,66.4,10664.0,664.0,-21.0,79.0,-21.0,790.0,-210.0,7900.0,-2100.0,,,,,,,,,,,,,,,,,,,,,,
BEAM,Beam Therapeutics,Biotech,gene-editing,NASDAQ,25.67,+4.56%,+5.94%,-4.32%,-5.42%,-5%,2.652,2.201,,1.97,1997674,8381174,41502374,,38.75,strong_buy,1.33,4.56,104.56,4.56,1045.6,45.6,10456.0,456.0,5.94,105.94,5.94,1059.4,59.4,10594.0,594.0,-4.32,95.68,-4.32,956.8,-43.2,9568.0,-432.0,-5.42,94.58,-5.42,945.8,-54.2,9458.0,-542.0,-5.0,95.0,-5.0,950.0,-50.0,9500.0,-500.0,,,,,,,,,,,,,,,,,,,,,,
NTLA,Intellia Therapeutics,Biotech,gene-editing,NASDAQ,12.75,+3.84%,+11.65%,+0.08%,+38.44%,-40%,1.787,1.801,,3.99,4955785,27231885,92231185,,41.97,buy,2.26,3.84,103.84,3.84,1038.4,38.4,10384.0,384.0,11.65,111.65,11.65,1116.5,116.5,11165.0,1165.0,0.08,100.08,0.08,1000.8,0.8,10008.0,8.0,38.44,138.44,38.44,1384.4,384.4,13844.0,3844.0,-40.0,60.0,-40.0,600.0,-400.0,6000.0,-4000.0,,,,,,,,,,,,,,,,,,,,,,
EDIT,Editas Medicine,Biotech,gene-editing,NASDAQ,2.79,+6.53%,+11.16%,-7.92%,+36.10%,-31%*,0.429,2.0,,2.47,3005765,9905765,64409465,,19.54,buy,1.92,6.53,106.53,6.53,1065.3,65.3,10653.0,653.0,11.16,111.16,11.16,1111.6,111.6,11116.0,1116.0,-7.92,92.08,-7.92,920.8,-79.2,9208.0,-792.0,36.1,136.1,36.1,1361.0,361.0,13610.0,3610.0,-31.0,69.0,-31.0,690.0,-310.0,6900.0,-3100.0,,,,,,,,,,,,,,,,,,,,,,
ILMN,Illumina,Biotech,genomics,NASDAQ,293.69,+7.13%,+8.01%,+39.15%,+118.60%,+170%,44.347,1.416,54.79,2.6,4220939,14175639,85870239,,11.47,buy,2.43,7.13,107.13,7.13,1071.3,71.3,10713.0,713.0,8.01,108.01,8.01,1080.1,80.1,10801.0,801.0,39.15,139.15,39.15,1391.5,391.5,13915.0,3915.0,118.6,218.6,118.6,2186.0,1186.0,21860.0,11860.0,170.0,270.0,170.0,2700.0,1700.0,27000.0,17000.0,,,,,,,,,,,,,2,buy,0.8,"YTD +106.24%, 1-month +31.28%, RBC upgraded price target to $310 with outperform rating, and EPS beat of $1.31 vs $1.23 consensus; PE 51.7 reflects growth premium.",RBC upgrade to $310; EPS beat $1.31; YTD +106%; 1-month +31.28%,,,,,
PACB,Pacific Biosciences,Biotech,genomics,NASDAQ,2.87,+14.34%,+67.84%,+117.42%,+55.98%,+67%*,0.893,2.194,,8.82,26152463,185820863,292185663,,18.08,buy,2.12,14.34,114.34,14.34,1143.4,143.4,11434.0,1434.0,67.84,167.84,67.84,1678.4,678.4,16784.0,6784.0,117.42,217.42,117.42,2174.2,1174.2,21742.0,11742.0,55.98,155.98,55.98,1559.8,559.8,15598.0,5598.0,67.0,167.0,67.0,1670.0,670.0,16700.0,6700.0,,,,,,,,,,,,,7,buy,0.5,"1-month +98.86%, 1-week +53.51%, YTD +42.66% show extreme momentum; but no PE, high beta 2.194, and short interest 18.08% indicate high risk.",1-month +98.86%; 1-week +53.51%; high beta 2.194; short interest 18.08%,,,,,
NTRA,Natera,Biotech,genomics,NASDAQ,425.64,+3.50%,+3.37%,+31.31%,+86.00%,+141%,61.353,1.499,,1.39,2021171,9659171,34235971,,3.43,strong_buy,1.39,3.5,103.5,3.5,1035.0,35.0,10350.0,350.0,3.37,103.37,3.37,1033.7,33.7,10337.0,337.0,31.31,131.31,31.31,1313.1,313.1,13131.0,3131.0,86.0,186.0,86.0,1860.0,860.0,18600.0,8600.0,141.0,241.0,141.0,2410.0,1410.0,24100.0,14100.0,,,,,,,,,,,,,1,strong_buy,0.85,"Strong buy consensus with an analyst score of 1.39, YTD +82.00%, 1-month +28.49%, and low short interest of 3.43% indicate robust momentum and institutional support.",strong_buy consensus; YTD +82%; low short interest 3.43%; 1-month +28.49%,,,,,
RXRX,Recursion Pharmaceuticals,Biotech,genomics,NASDAQ,4.78,+15.88%,+29.19%,+38.95%,+13.81%,-25%*,2.563,1.032,,19.17,66882504,157533004,466485804,,34.95,buy,2.43,15.88,115.88,15.88,1158.8,158.8,11588.0,1588.0,29.19,129.19,29.19,1291.9,291.9,12919.0,2919.0,38.95,138.95,38.95,1389.5,389.5,13895.0,3895.0,13.81,113.81,13.81,1138.1,138.1,11381.0,1381.0,-25.0,75.0,-25.0,750.0,-250.0,7500.0,-2500.0,,,,,,,,,,,,,8,buy,0.45,"1-month +25.73%, 1-week +16.89%, YTD +2.98% with buy rating; but short interest 34.95% and negative 1-year return (-25%*) signal speculative recovery play.",1-month +25.73%; 1-week +16.89%; high short interest 34.95%; buy rating,,,,,
INCY,Incyte,Biotech,oncology,NASDAQ,114.13,-1.31%,-8.56%,-8.26%,+12.53%,+32%,23.135,0.739,14.54,1.61,1948659,9819759,33322359,,8.39,buy,2.29,-1.31,98.69,-1.31,986.9,-13.1,9869.0,-131.0,-8.56,91.44,-8.56,914.4,-85.6,9144.0,-856.0,-8.26,91.74,-8.26,917.4,-82.6,9174.0,-826.0,12.53,112.53,12.53,1125.3,125.3,11253.0,1253.0,32.0,132.0,32.0,1320.0,320.0,13200.0,3200.0,,,,,,,,,,,,,,,,,,,,,,
EXEL,Exelixis,Biotech,oncology,NASDAQ,58.85,+2.29%,+0.82%,+2.05%,+35.04%,+46%,14.581,0.466,18.56,2.36,2580146,11227346,43459146,,14.56,buy,2.33,2.29,102.29,2.29,1022.9,22.9,10229.0,229.0,0.82,100.82,0.82,1008.2,8.2,10082.0,82.0,2.05,102.05,2.05,1020.5,20.5,10205.0,205.0,35.04,135.04,35.04,1350.4,350.4,13504.0,3504.0,46.0,146.0,46.0,1460.0,460.0,14600.0,4600.0,,,,,,,,,,,,,5,buy,0.7,"YTD +33.44%, PE 18.35 (reasonable valuation), buy rating, and 1-day +1.09% positive momentum; short interest 14.56% is elevated but manageable.",PE 18.35; YTD +33.44%; buy rating; positive 1-day momentum,,,,,
ALNY,Alnylam Pharmaceuticals,Biotech,oncology,NASDAQ,219.89,+0.09%,-13.89%,-15.46%,-45.05%,-51%,29.423,0.269,37.08,1.83,1278459,6788759,27746559,,7.16,buy,1.69,0.09,100.09,0.09,1000.9,0.9,10009.0,9.0,-13.89,86.11,-13.89,861.1,-138.9,8611.0,-1389.0,-15.46,84.54,-15.46,845.4,-154.6,8454.0,-1546.0,-45.05,54.95,-45.05,549.5,-450.5,5495.0,-4505.0,-51.0,49.0,-51.0,490.0,-510.0,4900.0,-5100.0,,,,,,,,,,,,,,,,,,,,,,
RCUS,Arcus Biosciences,Biotech,oncology,NYSE,24.74,+0.81%,-1.08%,-14.87%,+6.23%,+69%*,3.112,0.938,,1.31,1390858,6409858,36184458,,17.71,strong_buy,1.31,0.81,100.81,0.81,1008.1,8.1,10081.0,81.0,-1.08,98.92,-1.08,989.2,-10.8,9892.0,-108.0,-14.87,85.13,-14.87,851.3,-148.7,8513.0,-1487.0,6.23,106.23,6.23,1062.3,62.3,10623.0,623.0,69.0,169.0,69.0,1690.0,690.0,16900.0,6900.0,,,,,,,,,,,,,,,,,,,,,,
MRNA,Moderna,Biotech,mrna,NASDAQ,203.21,+7.29%,+3.01%,+44.81%,+558.49%,+590%,81.128,1.095,,17.12,19256172,78894672,295441072,,10.06,hold,2.83,7.29,107.29,7.29,1072.9,72.9,10729.0,729.0,3.01,103.01,3.01,1030.1,30.1,10301.0,301.0,44.81,144.81,44.81,1448.1,448.1,14481.0,4481.0,558.49,658.49,558.49,6584.9,5584.9,65849.0,55849.0,590.0,690.0,590.0,6900.0,5900.0,69000.0,59000.0,,,,,,,,,,,,,3,strong_buy,1.0,"YTD +518.18% driven by phase 3 success of Intismeran Autogene + Keytruda in skin cancer, 1-month +35.94%; analyst hold (score 2.83) tempers enthusiasm but catalyst is strong.",Phase 3 success with Keytruda; YTD +518%; 1-month +35.94%; analyst hold rating,,,,,
BNTX,BioNTech,Biotech,mrna,NASDAQ,97.64,+0.76%,-1.45%,-1.03%,+0.98%,-8%,24.527,1.252,,1.14,1435908,4519308,17521208,,3.48,buy,1.7,0.76,100.76,0.76,1007.6,7.6,10076.0,76.0,-1.45,98.55,-1.45,985.5,-14.5,9855.0,-145.0,-1.03,98.97,-1.03,989.7,-10.3,9897.0,-103.0,0.98,100.98,0.98,1009.8,9.8,10098.0,98.0,-8.0,92.0,-8.0,920.0,-80.0,9200.0,-800.0,,,,,,,,,,,,,,,,,,,,,,
NVAX,Novavax,Biotech,mrna,NASDAQ,12.56,+19.62%,+16.30%,+23.26%,+76.16%,+15%*,2.071,2.435,,4.45,28495693,44299593,126723093,,30.43,buy,2.33,19.62,119.62,19.62,1196.2,196.2,11962.0,1962.0,16.3,116.3,16.3,1163.0,163.0,11630.0,1630.0,23.26,123.26,23.26,1232.6,232.6,12326.0,2326.0,76.16,176.16,76.16,1761.6,761.6,17616.0,7616.0,15.0,115.0,15.0,1150.0,150.0,11500.0,1500.0,,,,,,,,,,,,,9,buy,0.4,"YTD +48.39%, 1-month +3.83% with buy rating; but high beta 2.435, no PE, and short interest 30.43% reflect binary risk and volatility.",YTD +48.39%; buy rating; high beta 2.435; short interest 30.43%,,,,,
BMRN,BioMarin Pharmaceutical,Biotech,rare-disease,NASDAQ,57.54,+0.35%,-3.23%,-10.97%,-3.21%,+3%,11.139,0.215,155.51,1.96,2407502,10287602,40534702,,5.22,buy,1.74,0.35,100.35,0.35,1003.5,3.5,10035.0,35.0,-3.23,96.77,-3.23,967.7,-32.3,9677.0,-323.0,-10.97,89.03,-10.97,890.3,-109.7,8903.0,-1097.0,-3.21,96.79,-3.21,967.9,-32.1,9679.0,-321.0,3.0,103.0,3.0,1030.0,30.0,10300.0,300.0,,,,,,,,,,,,,,,,,,,,,,
SRPT,Sarepta Therapeutics,Biotech,rare-disease,NASDAQ,17.49,-1.69%,-6.97%,-16.48%,-17.93%,-25%,1.848,0.375,,3.0,2197622,10995222,56286722,,28.86,hold,2.75,-1.69,98.31,-1.69,983.1,-16.9,9831.0,-169.0,-6.97,93.03,-6.97,930.3,-69.7,9303.0,-697.0,-16.48,83.52,-16.48,835.2,-164.8,8352.0,-1648.0,-17.93,82.07,-17.93,820.7,-179.3,8207.0,-1793.0,-25.0,75.0,-25.0,750.0,-250.0,7500.0,-2500.0,,,,,,,,,,,,,,,,,,,,,,
COAG,Hemab Therapeutics,Biotech,rare-disease,NASDAQ,30.59,-1.67%,-7.64%,-31.37%,-10.03%,-8%,1.428,,,0.45,294543,2403643,12465043,,,none,,-1.67,98.33,-1.67,983.3,-16.7,9833.0,-167.0,-7.64,92.36,-7.64,923.6,-76.4,9236.0,-764.0,-31.37,68.63,-31.37,686.3,-313.7,6863.0,-3137.0,-10.03,89.97,-10.03,899.7,-100.3,8997.0,-1003.0,-8.0,92.0,-8.0,920.0,-80.0,9200.0,-800.0,,,,,,,,,,,,,,,,,,,,,,
NVO,Novo Nordisk,Biotech,metabolic,NYSE,37.54,+0.59%,-3.02%,-16.87%,-24.77%,-37%,165.761,0.384,9.18,12.35,18044587,71896487,292879587,481.0,0.83,hold,2.71,0.59,100.59,0.59,1005.9,5.9,10059.0,59.0,-3.02,96.98,-3.02,969.8,-30.2,9698.0,-302.0,-16.87,83.13,-16.87,831.3,-168.7,8313.0,-1687.0,-24.77,75.23,-24.77,752.3,-247.7,7523.0,-2477.0,-37.0,63.0,-37.0,630.0,-370.0,6300.0,-3700.0,,,,,,,,,,,,,,,,,,,,,,
LLY,Eli Lilly,Biotech,metabolic,NYSE,1143.12,-0.04%,-3.52%,+1.71%,+6.32%,+35%,1019.368,0.453,38.37,2.5,1975581,11266181,44869581,61.0,0.84,buy,1.63,-0.04,99.96,-0.04,999.6,-0.4,9996.0,-4.0,-3.52,96.48,-3.52,964.8,-35.2,9648.0,-352.0,1.71,101.71,1.71,1017.1,17.1,10171.0,171.0,6.32,106.32,6.32,1063.2,63.2,10632.0,632.0,35.0,135.0,35.0,1350.0,350.0,13500.0,3500.0,,,,,,,,,,,,,6,buy,0.75,"Buy rating with analyst score 1.63, low short interest 0.84%, PE 38.42, and YTD +6.46% with 1-month +1.84%; strong fundamentals and low risk.",buy rating; low short interest 0.84%; PE 38.42; YTD +6.46%,,,,,
LEGN,Legend Biotech,Biotech,neuroscience,NASDAQ,18.77,-0.82%,+0.83%,-8.37%,-12.72%,-41%,3.652,0.573,,2.34,1763069,11445669,48106069,,17.8,buy,2.15,-0.82,99.18,-0.82,991.8,-8.2,9918.0,-82.0,0.83,100.83,0.83,1008.3,8.3,10083.0,83.0,-8.37,91.63,-8.37,916.3,-83.7,9163.0,-837.0,-12.72,87.28,-12.72,872.8,-127.2,8728.0,-1272.0,-41.0,59.0,-41.0,590.0,-410.0,5900.0,-4100.0,,,,,,,,,,,,,,,,,,,,,,
IONS,Ionis Pharmaceuticals,Biotech,neuroscience,NASDAQ,43.5,-1.09%,-4.54%,-23.29%,-45.40%,-37%,7.229,0.382,,3.76,2870564,13728764,92045664,,16.65,buy,1.83,-1.09,98.91,-1.09,989.1,-10.9,9891.0,-109.0,-4.54,95.46,-4.54,954.6,-45.4,9546.0,-454.0,-23.29,76.71,-23.29,767.1,-232.9,7671.0,-2329.0,-45.4,54.6,-45.4,546.0,-454.0,5460.0,-4540.0,-37.0,63.0,-37.0,630.0,-370.0,6300.0,-3700.0,,,,,,,,,,,,,,,,,,,,,,
BTC,Bitcoin,Crypto,bitcoin,Crypto,85872.583478,-1.02%,+3.56%,+7.45%,-1.88%,-2%,1725.529,,,29453.81,31361712131,206176694822,940881502671,,,,,-1.02,98.98,-1.02,989.8,-10.2,9898.0,-102.0,3.56,103.56,3.56,1035.6,35.6,10356.0,356.0,7.45,107.45,7.45,1074.5,74.5,10745.0,745.0,-1.88,98.12,-1.88,981.2,-18.8,9812.0,-188.0,-2.0,98.0,-2.0,980.0,-20.0,9800.0,-200.0,,,,,,,,,,,,,,,,,,,,,,
ETH,Ethereum,Crypto,layer1,Crypto,2715.223427,-0.55%,+1.90%,+8.88%,-8.48%,-8%,331.549,,,12251.68,12360388631,85761790047,421450642878,,,,,-0.55,99.45,-0.55,994.5,-5.5,9945.0,-55.0,1.9,101.9,1.9,1019.0,19.0,10190.0,190.0,8.88,108.88,8.88,1088.8,88.8,10888.0,888.0,-8.48,91.52,-8.48,915.2,-84.8,9152.0,-848.0,-8.0,92.0,-8.0,920.0,-80.0,9200.0,-800.0,,,,,,,,,,,,,,,,,,,,,,
SOL,Solana,Crypto,layer1,Crypto,120.941255,-0.40%,+3.20%,+16.76%,-2.87%,-3%,71.16,,,3380.67,2096944840,23664657743,111612311883,,,,,-0.4,99.6,-0.4,996.0,-4.0,9960.0,-40.0,3.2,103.2,3.2,1032.0,32.0,10320.0,320.0,16.76,116.76,16.76,1167.6,167.6,11676.0,1676.0,-2.87,97.13,-2.87,971.3,-28.7,9713.0,-287.0,-3.0,97.0,-3.0,970.0,-30.0,9700.0,-300.0,,,,,,,,,,,,,,,,,,,,,,
BNB,BNB,Crypto,layer1,Crypto,783.908347,-1.76%,+3.41%,+2.26%,-9.18%,-9%,104.384,,,801.53,942543977,5610716853,30094312278,,,,,-1.76,98.24,-1.76,982.4,-17.6,9824.0,-176.0,3.41,103.41,3.41,1034.1,34.1,10341.0,341.0,2.26,102.26,2.26,1022.6,22.6,10226.0,226.0,-9.18,90.82,-9.18,908.2,-91.8,9082.0,-918.0,-9.0,91.0,-9.0,910.0,-90.0,9100.0,-900.0,,,,,,,,,,,,,,,,,,,,,,
ADA,Cardano,Crypto,layer1,Crypto,0.26972,+1.08%,+10.66%,+21.45%,-18.92%,-19%,9.922,,,574.45,999896222,4021122439,16184440484,,,,,1.08,101.08,1.08,1010.8,10.8,10108.0,108.0,10.66,110.66,10.66,1106.6,106.6,11066.0,1066.0,21.45,121.45,21.45,1214.5,214.5,12145.0,2145.0,-18.92,81.08,-18.92,810.8,-189.2,8108.0,-1892.0,-19.0,81.0,-19.0,810.0,-190.0,8100.0,-1900.0,,,,,,,,,,,,,,,,,,,,,,
AVAX,Avalanche,Crypto,layer1,Crypto,11.169022,+1.29%,+5.54%,+45.92%,-9.26%,-9%,4.951,,,533.28,365547068,3732984595,15199876394,,,,,1.29,101.29,1.29,1012.9,12.9,10129.0,129.0,5.54,105.54,5.54,1055.4,55.4,10554.0,554.0,45.92,145.92,45.92,1459.2,459.2,14592.0,4592.0,-9.26,90.74,-9.26,907.4,-92.6,9074.0,-926.0,-9.0,91.0,-9.0,910.0,-90.0,9100.0,-900.0,,,,,,,,,,,,,7,buy,0.65,"AVAX rallied +44.91% in the past month, making it one of the strongest large-cap L1s ($4.86B market cap) despite a negative YTD, driven by ecosystem developments and broader altcoin momentum.",+44.91% 1m; large-cap L1; ecosystem momentum; altcoin rotation,,,,,
XRP,XRP,Crypto,payments,Crypto,1.507391,-1.36%,+1.92%,+6.35%,-18.05%,-18%,95.106,,,2453.8,1921811199,17176588053,96363992664,,,,,-1.36,98.64,-1.36,986.4,-13.6,9864.0,-136.0,1.92,101.92,1.92,1019.2,19.2,10192.0,192.0,6.35,106.35,6.35,1063.5,63.5,10635.0,635.0,-18.05,81.95,-18.05,819.5,-180.5,8195.0,-1805.0,-18.0,82.0,-18.0,820.0,-180.0,8200.0,-1800.0,,,,,,,,,,,,,,,,,,,,,,
XLM,Stellar,Crypto,payments,Crypto,0.215818,-4.16%,-4.44%,+16.61%,+7.57%,+8%,7.565,,,253.04,235006223,1771271886,8309568863,,,,,-4.16,95.84,-4.16,958.4,-41.6,9584.0,-416.0,-4.44,95.56,-4.44,955.6,-44.4,9556.0,-444.0,16.61,116.61,16.61,1166.1,166.1,11661.0,1661.0,7.57,107.57,7.57,1075.7,75.7,10757.0,757.0,8.0,108.0,8.0,1080.0,80.0,10800.0,800.0,,,,,,,,,,,,,,,,,,,,,,
TRX,TRON,Crypto,payments,Crypto,0.336277,+0.03%,+0.45%,+0.55%,+18.26%,+18%,31.941,,,319.5,307867138,2236473385,11410565003,,,,,0.03,100.03,0.03,1000.3,0.3,10003.0,3.0,0.45,100.45,0.45,1004.5,4.5,10045.0,45.0,0.55,100.55,0.55,1005.5,5.5,10055.0,55.0,18.26,118.26,18.26,1182.6,182.6,11826.0,1826.0,18.0,118.0,18.0,1180.0,180.0,11800.0,1800.0,,,,,,,,,,,,,,,,,,,,,,
SUI,Sui,Crypto,emerging,Crypto,1.203577,-2.73%,+6.57%,+49.79%,-14.19%,-14%,4.957,,,825.22,825373150,5776535209,25068827828,,,,,-2.73,97.27,-2.73,972.7,-27.3,9727.0,-273.0,6.57,106.57,6.57,1065.7,65.7,10657.0,657.0,49.79,149.79,49.79,1497.9,497.9,14979.0,4979.0,-14.19,85.81,-14.19,858.1,-141.9,8581.0,-1419.0,-14.0,86.0,-14.0,860.0,-140.0,8600.0,-1400.0,,,,,,,,,,,,,3,strong_buy,0.8,"SUI gained +50.57% in the past month, with the network processing over $1 trillion in stablecoin transfers and Mysten Labs positioning it as global payment infrastructure, targeting $2 on a confirmed breakout above $1.27. [crypto.news](https://crypto.news/will-sui-price-reach-2-as-ai-and-stablecoin-use-grows/)",+50.57% 1m; stablecoin volume >$1T; AI-agent payment narrative; technical breakout setup,,,,,
HBAR,Hedera,Crypto,emerging,Crypto,0.10126,-2.85%,-15.29%,+25.28%,-4.64%,-5%,4.455,,,205.94,109608332,1441554019,5305064855,,,,,-2.85,97.15,-2.85,971.5,-28.5,9715.0,-285.0,-15.29,84.71,-15.29,847.1,-152.9,8471.0,-1529.0,25.28,125.28,25.28,1252.8,252.8,12528.0,2528.0,-4.64,95.36,-4.64,953.6,-46.4,9536.0,-464.0,-5.0,95.0,-5.0,950.0,-50.0,9500.0,-500.0,,,,,,,,,,,,,,,,,,,,,,
ALGO,Algorand,Crypto,emerging,Crypto,0.126865,-3.22%,-5.59%,+33.08%,+15.14%,+15%,1.15,,,111.08,76660421,777539212,2123211205,,,,,-3.22,96.78,-3.22,967.8,-32.2,9678.0,-322.0,-5.59,94.41,-5.59,944.1,-55.9,9441.0,-559.0,33.08,133.08,33.08,1330.8,330.8,13308.0,3308.0,15.14,115.14,15.14,1151.4,151.4,11514.0,1514.0,15.0,115.0,15.0,1150.0,150.0,11500.0,1500.0,,,,,,,,,,,,,10,buy,0.55,"ALGO gained +34.32% in the past month and +17.68% YTD, with a market cap of $1.175B, but recent 1-week and 1-day declines (-2.25%, -1.99%) suggest cooling momentum; still attractive as a mid-cap emerging L1.",+34.32% 1m; mid-cap emerging L1; positive YTD; cooling short-term,,,,,
MINA,Mina,Crypto,emerging,Crypto,0.143388,-8.51%,-1.05%,+89.41%,+89.80%,+90%,0.185,,,15.42,16384244,107923971,586358255,,,,,-8.51,91.49,-8.51,914.9,-85.1,9149.0,-851.0,-1.05,98.95,-1.05,989.5,-10.5,9895.0,-105.0,89.41,189.41,89.41,1894.1,894.1,18941.0,8941.0,89.8,189.8,89.8,1898.0,898.0,18980.0,8980.0,90.0,190.0,90.0,1900.0,900.0,19000.0,9000.0,,,,,,,,,,,,,4,buy,0.75,"MINA shows extreme momentum with +124.49% 1-month and +123.14% YTD, reflecting strong speculative interest in this small-cap emerging L1 ($0.217B market cap) with no specific negative catalysts.",+124.49% 1m; +123.14% YTD; small-cap momentum; emerging L1 narrative,,,,,
POL,Polygon (MATIC),Crypto,infra,Crypto,0.109347,-0.70%,-4.09%,+10.93%,+8.87%,+9%,1.162,,,89.29,86424122,625050514,2782641566,,,,,-0.7,99.3,-0.7,993.0,-7.0,9930.0,-70.0,-4.09,95.91,-4.09,959.1,-40.9,9591.0,-409.0,10.93,110.93,10.93,1109.3,109.3,11093.0,1093.0,8.87,108.87,8.87,1088.7,88.7,10887.0,887.0,9.0,109.0,9.0,1090.0,90.0,10900.0,900.0,,,,,,,,,,,,,,,,,,,,,,
DOT,Polkadot,Crypto,infra,Crypto,1.222582,+0.87%,+5.52%,+32.39%,-31.69%,-32%,2.086,,,180.15,123268390,1261071171,6143689960,,,,,0.87,100.87,0.87,1008.7,8.7,10087.0,87.0,5.52,105.52,5.52,1055.2,55.2,10552.0,552.0,32.39,132.39,32.39,1323.9,323.9,13239.0,3239.0,-31.69,68.31,-31.69,683.1,-316.9,6831.0,-3169.0,-32.0,68.0,-32.0,680.0,-320.0,6800.0,-3200.0,,,,,,,,,,,,,,,,,,,,,,
LINK,Chainlink,Crypto,infra,Crypto,13.866302,-2.59%,-9.41%,+13.68%,+13.72%,+14%,10.373,,,470.42,294411460,3292948281,26651299137,,,,,-2.59,97.41,-2.59,974.1,-25.9,9741.0,-259.0,-9.41,90.59,-9.41,905.9,-94.1,9059.0,-941.0,13.68,113.68,13.68,1136.8,136.8,11368.0,1368.0,13.72,113.72,13.72,1137.2,137.2,11372.0,1372.0,14.0,114.0,14.0,1140.0,140.0,11400.0,1400.0,,,,,,,,,,,,,,,,,,,,,,
DOGE,Dogecoin,Crypto,meme,Crypto,0.0953,-1.56%,+2.52%,+5.43%,-18.75%,-19%,16.384,,,826.09,654378068,5782661424,29350194427,,,,,-1.56,98.44,-1.56,984.4,-15.6,9844.0,-156.0,2.52,102.52,2.52,1025.2,25.2,10252.0,252.0,5.43,105.43,5.43,1054.3,54.3,10543.0,543.0,-18.75,81.25,-18.75,812.5,-187.5,8125.0,-1875.0,-19.0,81.0,-19.0,810.0,-190.0,8100.0,-1900.0,,,,,,,,,,,,,,,,,,,,,,
PEPE,Pepe,Crypto,meme,Crypto,4e-06,-2.26%,+4.98%,+19.25%,+7.40%,+7%,1.792,,,275.49,269724350,1928405862,9742505580,,,,,-2.26,97.74,-2.26,977.4,-22.6,9774.0,-226.0,4.98,104.98,4.98,1049.8,49.8,10498.0,498.0,19.25,119.25,19.25,1192.5,192.5,11925.0,1925.0,7.4,107.4,7.4,1074.0,74.0,10740.0,740.0,7.0,107.0,7.0,1070.0,70.0,10700.0,700.0,,,,,,,,,,,,,,,,,,,,,,
TAO,Bittensor,Crypto,ai,Crypto,304.018296,-0.24%,+0.74%,+27.65%,+39.03%,+39%,3.523,,,222.56,204984329,1557915576,8130318200,,,,,-0.24,99.76,-0.24,997.6,-2.4,9976.0,-24.0,0.74,100.74,0.74,1007.4,7.4,10074.0,74.0,27.65,127.65,27.65,1276.5,276.5,12765.0,2765.0,39.03,139.03,39.03,1390.3,390.3,13903.0,3903.0,39.0,139.0,39.0,1390.0,390.0,13900.0,3900.0,,,,,,,,,,,,,,,,,,,,,,
FET,ASI Alliance,Crypto,ai,Crypto,0.251806,-2.77%,+14.88%,+51.62%,+26.72%,+27%,0.59,,,176.63,253058304,1236434194,3817119088,,,,,-2.77,97.23,-2.77,972.3,-27.7,9723.0,-277.0,14.88,114.88,14.88,1148.8,148.8,11488.0,1488.0,51.62,151.62,51.62,1516.2,516.2,15162.0,5162.0,26.72,126.72,26.72,1267.2,267.2,12672.0,2672.0,27.0,127.0,27.0,1270.0,270.0,12700.0,2700.0,,,,,,,,,,,,,2,strong_buy,0.85,"FET surged 13% on the appointment of Jay Clayton as AI czar, with +54.38% 1-month and +7.10% 1-day gains, as capital rotates from DeFi into AI tokens amid a broader market decline. [cryptobuyingtips.com](https://cryptobuyingtips.com/articles/fet-rips-13-as-the-market-bets-on-the-new-ai-czar) [fxstreet.com](https://www.fxstreet.com/cryptocurrencies/news/ai-tokens-price-prediction-capital-rotation-fuels-fet-virtual-and-near-rallies-202610051017)",+54.38% 1m; AI czar catalyst; capital rotation to AI; bullish Fibonacci breakout,,,,,
RNDR,Render,Crypto,ai,Crypto,2.04801,+3.40%,+7.74%,+38.12%,+59.49%,+59%,1.062,,,63.23,89071939,442592406,1997744976,,,,,3.4,103.4,3.4,1034.0,34.0,10340.0,340.0,7.74,107.74,7.74,1077.4,77.4,10774.0,774.0,38.12,138.12,38.12,1381.2,381.2,13812.0,3812.0,59.49,159.49,59.49,1594.9,594.9,15949.0,5949.0,59.0,159.0,59.0,1590.0,590.0,15900.0,5900.0,,,,,,,,,,,,,8,buy,0.65,"RNDR shows solid gains of +55.01% YTD and +34.98% 1-month, benefiting from the AI narrative as a decentralized GPU rendering network, with a market cap of $1.033B providing relative stability.",+55.01% YTD; AI rendering narrative; decent market cap; steady momentum,,,,,
OCEAN,Ocean Protocol,Crypto,ai,Crypto,0.155468,-0.11%,-2.54%,+4.19%,+3.25%,+3%,,,,0.27,390391,1910534,4526017,,,,,-0.11,99.89,-0.11,998.9,-1.1,9989.0,-11.0,-2.54,97.46,-2.54,974.6,-25.4,9746.0,-254.0,4.19,104.19,4.19,1041.9,41.9,10419.0,419.0,3.25,103.25,3.25,1032.5,32.5,10325.0,325.0,3.0,103.0,3.0,1030.0,30.0,10300.0,300.0,,,,,,,,,,,,,,,,,,,,,,
GRT,The Graph,Crypto,ai,Crypto,0.029329,-0.80%,-3.29%,+59.00%,-11.78%,-12%,0.321,,,17.96,28413849,125745947,694573626,,,,,-0.8,99.2,-0.8,992.0,-8.0,9920.0,-80.0,-3.29,96.71,-3.29,967.1,-32.9,9671.0,-329.0,59.0,159.0,59.0,1590.0,590.0,15900.0,5900.0,-11.78,88.22,-11.78,882.2,-117.8,8822.0,-1178.0,-12.0,88.0,-12.0,880.0,-120.0,8800.0,-1200.0,,,,,,,,,,,,,9,buy,0.6,"GRT surged +68.93% in the past month, the highest 1-month gain among AI tokens in the snapshot, though YTD remains negative at -11.40%; the momentum is speculative and tied to AI indexing demand.",+68.93% 1m; AI indexing narrative; high short-term momentum; speculative rotation,,,,,
AGIX,SingularityNET,Crypto,ai,Crypto,0.593737,+615.36%,+559.30%,+731.81%,+592.42%,+592%,,,,0.0,1969,13780,5953090,,,,,615.36,715.36,615.36,7153.6,6153.6,71536.0,61536.0,559.3,659.3,559.3,6593.0,5593.0,65930.0,55930.0,731.81,831.81,731.81,8318.1,7318.1,83181.0,73181.0,592.42,692.42,592.42,6924.2,5924.2,69242.0,59242.0,592.0,692.0,592.0,6920.0,5920.0,69200.0,59200.0,,,,,,,,,,,,,,,,,,,,,,
NMR,Numeraire,Crypto,ai,Crypto,11.925864,+1.59%,-13.20%,+27.59%,+24.82%,+25%,0.091,,,31.3,11580844,219089228,465594516,,,,,1.59,101.59,1.59,1015.9,15.9,10159.0,159.0,-13.2,86.8,-13.2,868.0,-132.0,8680.0,-1320.0,27.59,127.59,27.59,1275.9,275.9,12759.0,2759.0,24.82,124.82,24.82,1248.2,248.2,12482.0,2482.0,25.0,125.0,25.0,1250.0,250.0,12500.0,2500.0,,,,,,,,,,,,,,,,,,,,,,
ALT,AltLayer,Crypto,ai,Crypto,0.007882,-0.72%,+5.46%,+20.37%,-31.16%,-31%,0.058,,,4.35,3625202,30419215,166720620,,,,,-0.72,99.28,-0.72,992.8,-7.2,9928.0,-72.0,5.46,105.46,5.46,1054.6,54.6,10546.0,546.0,20.37,120.37,20.37,1203.7,203.7,12037.0,2037.0,-31.16,68.84,-31.16,688.4,-311.6,6884.0,-3116.0,-31.0,69.0,-31.0,690.0,-310.0,6900.0,-3100.0,,,,,,,,,,,,,,,,,,,,,,
AIOZ,AIOZ Network,Crypto,ai,Crypto,0.110935,-0.80%,-4.77%,+89.64%,+28.04%,+28%,0.142,,,6.79,8076771,47554291,280655474,,,,,-0.8,99.2,-0.8,992.0,-8.0,9920.0,-80.0,-4.77,95.23,-4.77,952.3,-47.7,9523.0,-477.0,89.64,189.64,89.64,1896.4,896.4,18964.0,8964.0,28.04,128.04,28.04,1280.4,280.4,12804.0,2804.0,28.0,128.0,28.0,1280.0,280.0,12800.0,2800.0,,,,,,,,,,,,,5,buy,0.7,"AIOZ posted +102.59% 1-month gains and +32.97% YTD, riding the AI token wave as a decentralized content delivery network with strong near-term price action despite a small $0.148B market cap.",+102.59% 1m; AI token rotation; decentralized CDN narrative; small-cap high beta,,,,,
ARKM,Arkham,Crypto,ai,Crypto,0.132058,-1.57%,+2.25%,+20.74%,-25.16%,-25%,0.03,,,9.08,7729383,63550598,273189210,,,,,-1.57,98.43,-1.57,984.3,-15.7,9843.0,-157.0,2.25,102.25,2.25,1022.5,22.5,10225.0,225.0,20.74,120.74,20.74,1207.4,207.4,12074.0,2074.0,-25.16,74.84,-25.16,748.4,-251.6,7484.0,-2516.0,-25.0,75.0,-25.0,750.0,-250.0,7500.0,-2500.0,,,,,,,,,,,,,,,,,,,,,,
WLD,Worldcoin,Crypto,ai,Crypto,0.572526,-1.55%,+18.29%,+42.33%,+19.02%,+19%,2.176,,,421.35,277651605,2949469135,9930415766,,,,,-1.55,98.45,-1.55,984.5,-15.5,9845.0,-155.0,18.29,118.29,18.29,1182.9,182.9,11829.0,1829.0,42.33,142.33,42.33,1423.3,423.3,14233.0,4233.0,19.02,119.02,19.02,1190.2,190.2,11902.0,1902.0,19.0,119.0,19.0,1190.0,190.0,11900.0,1900.0,,,,,,,,,,,,,6,buy,0.7,"WLD gained +42.60% in the past month and +18.03% YTD, with Grayscale noting a 47% September rally for Worldcoin as part of the AI crypto sector surge, supported by retail bullish sentiment.",+42.60% 1m; Grayscale AI sector mention; retail bullish sentiment; identity/ai narrative,,,,,
NEAR,NEAR Protocol,Crypto,ai,Crypto,5.277514,+7.70%,+12.45%,+139.61%,+248.95%,+249%,6.904,,,1003.14,873588164,7021954808,30767690111,,,,,7.7,107.7,7.7,1077.0,77.0,10770.0,770.0,12.45,112.45,12.45,1124.5,124.5,11245.0,1245.0,139.61,239.61,139.61,2396.1,1396.1,23961.0,13961.0,248.95,348.95,248.95,3489.5,2489.5,34895.0,24895.0,249.0,349.0,249.0,3490.0,2490.0,34900.0,24900.0,,,,,,,,,,,,,1,strong_buy,0.9,"NEAR leads with +235% YTD and +130.73% 1-month momentum, catalyzed by the Bitwise spot NEAR ETF launch attracting ~$50M inflows and Grayscale highlighting AI tokens as the best-performing sector in September (+54% vs 24% broader market). [cryptonews.com](https://cryptonews.com/news/bitwise-near-protocol-etf/) [stocktwits.com](https://stocktwits.com/news-articles/markets/cryptocurrency/near-leads-ai-crypto-rally-as-grayscale-says-sector-gains-more-than-double-broader-market/cZDZLOVRB1d)",+235% YTD; spot ETF catalyst; AI sector leader; Grayscale AI sector outperformance,,,,,
ICP,Internet Computer,Crypto,ai,Crypto,3.561287,+5.94%,+15.20%,+31.17%,+25.62%,+26%,1.984,,,93.87,109874028,657082549,2250447924,,,,,5.94,105.94,5.94,1059.4,59.4,10594.0,594.0,15.2,115.2,15.2,1152.0,152.0,11520.0,1520.0,31.17,131.17,31.17,1311.7,311.7,13117.0,3117.0,25.62,125.62,25.62,1256.2,256.2,12562.0,2562.0,26.0,126.0,26.0,1260.0,260.0,12600.0,2600.0,,,,,,,,,,,,,,,,,,,,,,
KAITO,Kaito,Crypto,ai,Crypto,0.338482,-3.07%,+4.28%,+8.21%,-33.13%,-33%,0.082,,,18.78,12553682,131480735,560096476,,,,,-3.07,96.93,-3.07,969.3,-30.7,9693.0,-307.0,4.28,104.28,4.28,1042.8,42.8,10428.0,428.0,8.21,108.21,8.21,1082.1,82.1,10821.0,821.0,-33.13,66.87,-33.13,668.7,-331.3,6687.0,-3313.0,-33.0,67.0,-33.0,670.0,-330.0,6700.0,-3300.0,,,,,,,,,,,,,,,,,,,,,,
VIRTUAL,Virtuals Protocol,Crypto,ai,Crypto,0.857735,-0.10%,+7.26%,+24.23%,+32.70%,+33%,0.565,,,92.48,118313937,647367732,2323267594,,,,,-0.1,99.9,-0.1,999.0,-1.0,9990.0,-10.0,7.26,107.26,7.26,1072.6,72.6,10726.0,726.0,24.23,124.23,24.23,1242.3,242.3,12423.0,2423.0,32.7,132.7,32.7,1327.0,327.0,13270.0,3270.0,33.0,133.0,33.0,1330.0,330.0,13300.0,3300.0,,,,,,,,,,,,,,,,,,,,,,
LMT,Lockheed Martin,Defence,us-primes,NYSE,506.63,-0.07%,-2.21%,-5.51%,+3.77%,-2%,116.925,0.095,18.67,1.13,957721,5536021,24469821,273.0,1.25,buy,2.43,-0.07,99.93,-0.07,999.3,-0.7,9993.0,-7.0,-2.21,97.79,-2.21,977.9,-22.1,9779.0,-221.0,-5.51,94.49,-5.51,944.9,-55.1,9449.0,-551.0,3.77,103.77,3.77,1037.7,37.7,10377.0,377.0,-2.0,98.0,-2.0,980.0,-20.0,9800.0,-200.0,,,,,,,,,,,,,,,,,,,,,,
RTX,RTX Corporation,Defence,us-primes,NYSE,184.33,-0.34%,-1.77%,-7.28%,-0.49%,+9%,248.432,0.308,32.45,4.45,3383949,18791049,79377049,158.0,1.01,buy,1.83,-0.34,99.66,-0.34,996.6,-3.4,9966.0,-34.0,-1.77,98.23,-1.77,982.3,-17.7,9823.0,-177.0,-7.28,92.72,-7.28,927.2,-72.8,9272.0,-728.0,-0.49,99.51,-0.49,995.1,-4.9,9951.0,-49.0,9.0,109.0,9.0,1090.0,90.0,10900.0,900.0,,,,,,,,,,,,,,,,,,,,,,
NOC,Northrop Grumman,Defence,us-primes,NYSE,476.11,-0.75%,-5.87%,-8.19%,-17.71%,-23%,67.638,-0.112,15.13,0.84,1200266,7094766,19636966,207.0,1.58,buy,2.04,-0.75,99.25,-0.75,992.5,-7.5,9925.0,-75.0,-5.87,94.13,-5.87,941.3,-58.7,9413.0,-587.0,-8.19,91.81,-8.19,918.1,-81.9,9181.0,-819.0,-17.71,82.29,-17.71,822.9,-177.1,8229.0,-1771.0,-23.0,77.0,-23.0,770.0,-230.0,7700.0,-2300.0,,,,,,,,,,,,,,,,,,,,,,
GD,General Dynamics,Defence,us-primes,NYSE,331.72,+0.49%,-0.73%,-6.97%,-2.13%,-5%,89.749,0.329,20.24,1.11,1378294,6815194,26238994,193.0,1.11,buy,2.08,0.49,100.49,0.49,1004.9,4.9,10049.0,49.0,-0.73,99.27,-0.73,992.7,-7.3,9927.0,-73.0,-6.97,93.03,-6.97,930.3,-69.7,9303.0,-697.0,-2.13,97.87,-2.13,978.7,-21.3,9787.0,-213.0,-5.0,95.0,-5.0,950.0,-50.0,9500.0,-500.0,,,,,,,,,,,,,,,,,,,,,,
HII,Huntington Ingalls Industries,Defence,us-primes,NYSE,266.48,-0.77%,+3.67%,-7.37%,-22.88%,-7%,10.501,0.21,15.88,0.49,566052,3318452,10691552,206.0,3.45,buy,2.08,-0.77,99.23,-0.77,992.3,-7.7,9923.0,-77.0,3.67,103.67,3.67,1036.7,36.7,10367.0,367.0,-7.37,92.63,-7.37,926.3,-73.7,9263.0,-737.0,-22.88,77.12,-22.88,771.2,-228.8,7712.0,-2288.0,-7.0,93.0,-7.0,930.0,-70.0,9300.0,-700.0,,,,,,,,,,,,,,,,,,,,,,
LHX,L3Harris Technologies,Defence,us-primes,NYSE,236.88,-0.05%,-0.34%,-7.37%,-21.24%,-22%,44.111,0.505,23.88,1.56,1273471,7413371,33169671,211.0,2.75,buy,1.85,-0.05,99.95,-0.05,999.5,-0.5,9995.0,-5.0,-0.34,99.66,-0.34,996.6,-3.4,9966.0,-34.0,-7.37,92.63,-7.37,926.3,-73.7,9263.0,-737.0,-21.24,78.76,-21.24,787.6,-212.4,7876.0,-2124.0,-22.0,78.0,-22.0,780.0,-220.0,7800.0,-2200.0,,,,,,,,,,,,,,,,,,,,,,
BA,Boeing,Defence,us-primes,NYSE,192.72,-0.56%,+4.52%,-8.55%,-15.39%,-12%,152.321,1.257,68.83,6.46,6383321,54684721,170937121,,1.8,strong_buy,1.5,-0.56,99.44,-0.56,994.4,-5.6,9944.0,-56.0,4.52,104.52,4.52,1045.2,45.2,10452.0,452.0,-8.55,91.45,-8.55,914.5,-85.5,9145.0,-855.0,-15.39,84.61,-15.39,846.1,-153.9,8461.0,-1539.0,-12.0,88.0,-12.0,880.0,-120.0,8800.0,-1200.0,,,,,,,,,,,,,,,,,,,,,,
BA.L,BAE Systems,Defence,uk-european,LSE,25.58,+0.68%,-1.60%,-0.67%,+10.27%,-5%,0.749,-0.044,27.63,5.82,427,14446608,112138323,189.0,,buy,2.25,0.68,100.68,0.68,1006.8,6.8,10068.0,68.0,-1.6,98.4,-1.6,984.0,-16.0,9840.0,-160.0,-0.67,99.33,-0.67,993.3,-6.7,9933.0,-67.0,10.27,110.27,10.27,1102.7,102.7,11027.0,1027.0,-5.0,95.0,-5.0,950.0,-50.0,9500.0,-500.0,,,,,,,,,,,,,10,buy,0.45,"YTD +10.42%, PE 27.66, beta -0.044; low volatility UK defence stock with modest upside.",YTD +10.42%; Low beta -0.044; PE 27.66; UK defence exposure,,,,,
RR.L,Rolls-Royce Holdings,Defence,uk-european,LSE,19.55,+0.05%,+0.24%,-0.86%,+23.49%,+28%,1.608,1.272,41.06,18.4,182,53383901,327340134,81.0,,buy,1.6,0.05,100.05,0.05,1000.5,0.5,10005.0,5.0,0.24,100.24,0.24,1002.4,2.4,10024.0,24.0,-0.86,99.14,-0.86,991.4,-8.6,9914.0,-86.0,23.49,123.49,23.49,1234.9,234.9,12349.0,2349.0,28.0,128.0,28.0,1280.0,280.0,12800.0,2800.0,,,,,,,,,,,,,5,buy,0.7,"YTD +23.87%, analyst score 1.6, beta 1.272; benefiting from European defence spending and engine aftermarket growth.",YTD +23.87%; Analyst score 1.6; European defence tailwind; 1Y return +28%,,,,,
QQ.L,QinetiQ Group,Defence,uk-european,LSE,6.29,-0.13%,-1.61%,-0.67%,+7.00%,-5%,0.032,0.334,23.77,1.73,312543,9787744,30857094,231.0,,buy,1.75,-0.13,99.87,-0.13,998.7,-1.3,9987.0,-13.0,-1.61,98.39,-1.61,983.9,-16.1,9839.0,-161.0,-0.67,99.33,-0.67,993.3,-6.7,9933.0,-67.0,7.0,107.0,7.0,1070.0,70.0,10700.0,700.0,-5.0,95.0,-5.0,950.0,-50.0,9500.0,-500.0,,,,,,,,,,,,,9,buy,0.5,"YTD +7.36%, PE 23.85, analyst score 1.75 (buy); small-cap UK defence play with stable fundamentals.",Analyst score 1.75; PE 23.85; YTD +7.36%; Small-cap defence,,,,,
PLTR,Palantir Technologies,Defence,cyber-intel,NASDAQ,189.4,+0.26%,+1.02%,+11.22%,+12.83%,+5%,455.139,1.602,163.28,34.56,17670382,86071782,450267482,,2.8,buy,1.84,0.26,100.26,0.26,1002.6,2.6,10026.0,26.0,1.02,101.02,1.02,1010.2,10.2,10102.0,102.0,11.22,111.22,11.22,1112.2,112.2,11122.0,1122.0,12.83,112.83,12.83,1128.3,128.3,11283.0,1283.0,5.0,105.0,5.0,1050.0,50.0,10500.0,500.0,,,,,,,,,,,,,3,buy,0.75,"Received $92M DoD payment under CDAO MSS Task Order; partnered with Armada for sovereign AI; 1M +10.74%, YTD +12.35%, analyst score 1.84. [tradersunion.com](https://tradersunion.com/news/stocks/show/3665705-palantir-gains-0-13percent-to-usd189-04/)",$92M DoD contract payment; Sovereign AI partnership; 1M momentum +10.74%; Analyst score 1.84,,,,,
LDOS,Leidos Holdings,Defence,cyber-intel,NYSE,119.45,+1.69%,-2.37%,-7.27%,-34.29%,-41%,14.99,0.59,11.15,1.37,1475655,5641255,25805955,146.0,4.78,buy,2.35,1.69,101.69,1.69,1016.9,16.9,10169.0,169.0,-2.37,97.63,-2.37,976.3,-23.7,9763.0,-237.0,-7.27,92.73,-7.27,927.3,-72.7,9273.0,-727.0,-34.29,65.71,-34.29,657.1,-342.9,6571.0,-3429.0,-41.0,59.0,-41.0,590.0,-410.0,5900.0,-4100.0,,,,,,,,,,,,,,,,,,,,,,
CACI,CACI International,Defence,cyber-intel,NYSE,624.19,+1.33%,+1.26%,-0.18%,+16.15%,+16%,13.794,0.591,25.84,0.28,273434,1374334,5253634,,5.61,buy,1.56,1.33,101.33,1.33,1013.3,13.3,10133.0,133.0,1.26,101.26,1.26,1012.6,12.6,10126.0,126.0,-0.18,99.82,-0.18,998.2,-1.8,9982.0,-18.0,16.15,116.15,16.15,1161.5,161.5,11615.0,1615.0,16.0,116.0,16.0,1160.0,160.0,11600.0,1600.0,,,,,,,,,,,,,4,buy,0.7,"YTD +16.55%, PE 25.93, low beta 0.591, analyst score 1.56 (strong buy territory); consistent defence IT demand.",YTD +16.55%; PE 25.93; Analyst score 1.56; Low beta 0.591,,,,,
SAIC,Science Applications International,Defence,cyber-intel,NYSE,126.9,+1.31%,-3.08%,-0.51%,+26.69%,+22%,5.317,0.309,14.81,0.45,407246,2078446,8547446,118.0,6.09,hold,2.82,1.31,101.31,1.31,1013.1,13.1,10131.0,131.0,-3.08,96.92,-3.08,969.2,-30.8,9692.0,-308.0,-0.51,99.49,-0.51,994.9,-5.1,9949.0,-51.0,26.69,126.69,26.69,1266.9,266.9,12669.0,2669.0,22.0,122.0,22.0,1220.0,220.0,12200.0,2200.0,,,,,,,,,,,,,6,buy,0.6,"YTD +26.23%, low PE 14.75, beta 0.309; attractive valuation despite hold rating (2.82); recent weakness may be entry point.",YTD +26.23%; PE 14.75; Low beta 0.309; Value opportunity,,,,,
BAH,Booz Allen Hamilton,Defence,cyber-intel,NYSE,68.61,+1.87%,-2.33%,-4.85%,-17.33%,-35%,8.252,0.368,10.79,1.92,2060114,10852914,36072814,350.0,6.83,hold,2.87,1.87,101.87,1.87,1018.7,18.7,10187.0,187.0,-2.33,97.67,-2.33,976.7,-23.3,9767.0,-233.0,-4.85,95.15,-4.85,951.5,-48.5,9515.0,-485.0,-17.33,82.67,-17.33,826.7,-173.3,8267.0,-1733.0,-35.0,65.0,-35.0,650.0,-350.0,6500.0,-3500.0,,,,,,,,,,,,,,,,,,,,,,
AVAV,AeroVironment,Defence,drones,NASDAQ,139.3,-1.19%,-5.39%,-6.37%,-45.63%,-64%,7.079,1.364,,1.66,1308832,6990032,45532432,,11.76,buy,1.6,-1.19,98.81,-1.19,988.1,-11.9,9881.0,-119.0,-5.39,94.61,-5.39,946.1,-53.9,9461.0,-539.0,-6.37,93.63,-6.37,936.3,-63.7,9363.0,-637.0,-45.63,54.37,-45.63,543.7,-456.3,5437.0,-4563.0,-64.0,36.0,-64.0,360.0,-640.0,3600.0,-6400.0,,,,,,,,,,,,,,,,,,,,,,
KTOS,Kratos Defense,Defence,drones,NASDAQ,42.02,-2.57%,-4.65%,-12.82%,-47.00%,-57%,7.889,1.107,247.18,3.8,5507244,25108744,85731344,,6.16,strong_buy,1.38,-2.57,97.43,-2.57,974.3,-25.7,9743.0,-257.0,-4.65,95.35,-4.65,953.5,-46.5,9535.0,-465.0,-12.82,87.18,-12.82,871.8,-128.2,8718.0,-1282.0,-47.0,53.0,-47.0,530.0,-470.0,5300.0,-4700.0,-57.0,43.0,-57.0,430.0,-570.0,4300.0,-5700.0,,,,,,,,,,,,,,,,,,,,,,
RCAT,Red Cat Holdings,Defence,drones,NASDAQ,6.34,-1.00%,-2.38%,-27.03%,-30.73%,-56%,0.97,1.515,,8.41,5181789,30012089,175373689,,26.67,none,,-1.0,99.0,-1.0,990.0,-10.0,9900.0,-100.0,-2.38,97.62,-2.38,976.2,-23.8,9762.0,-238.0,-27.03,72.97,-27.03,729.7,-270.3,7297.0,-2703.0,-30.73,69.27,-30.73,692.7,-307.3,6927.0,-3073.0,-56.0,44.0,-56.0,440.0,-560.0,4400.0,-5600.0,,,,,,,,,,,,,,,,,,,,,,
TXT,Textron,Defence,drones,NYSE,75.75,-1.95%,-2.09%,-4.74%,-12.92%,-12%,13.029,0.908,14.27,1.7,1644540,9136740,38997340,10.0,4.95,buy,2.19,-1.95,98.05,-1.95,980.5,-19.5,9805.0,-195.0,-2.09,97.91,-2.09,979.1,-20.9,9791.0,-209.0,-4.74,95.26,-4.74,952.6,-47.4,9526.0,-474.0,-12.92,87.08,-12.92,870.8,-129.2,8708.0,-1292.0,-12.0,88.0,-12.0,880.0,-120.0,8800.0,-1200.0,,,,,,,,,,,,,,,,,,,,,,
SPCX,SpaceX,Defence,space,NASDAQ,171.09,+7.52%,+17.61%,+11.48%,+6.30%,-1%,2255.27,,,92.79,134420923,482631223,1968928623,,2.43,buy,1.68,7.52,107.52,7.52,1075.2,75.2,10752.0,752.0,17.61,117.61,17.61,1176.1,176.1,11761.0,1761.0,11.48,111.48,11.48,1114.8,114.8,11148.0,1148.0,6.3,106.3,6.3,1063.0,63.0,10630.0,630.0,-1.0,99.0,-1.0,990.0,-10.0,9900.0,-100.0,,,,,,,,,,,,,2,strong_buy,0.8,"Morgan Stanley reiterates Overweight and $300 target; SpaceX rebrands AI unit to SpaceXSI; 1W +14.95%, 1D +5.09%, analyst score 1.68. [247wallst.com](https://247wallst.com/investing/2026/10/05/spacex-climbs-5-as-musk-renames-spacexai-to-spacexsi-morgan-stanley-reiterates-300-target-rocket-lab-slips-ast-spacemobile-nudges-higher/)",Morgan Stanley $300 target; SpaceXSI rebrand catalyst; 1W momentum +14.95%; Strong analyst consensus,,,,,
RKLB,Rocket Lab USA,Defence,space,NASDAQ,73.02,-1.48%,+1.15%,+10.85%,-3.91%,+26%,46.69,2.938,,19.21,18979357,111147057,429771657,,7.31,buy,1.57,-1.48,98.52,-1.48,985.2,-14.8,9852.0,-148.0,1.15,101.15,1.15,1011.5,11.5,10115.0,115.0,10.85,110.85,10.85,1108.5,108.5,11085.0,1085.0,-3.91,96.09,-3.91,960.9,-39.1,9609.0,-391.0,26.0,126.0,26.0,1260.0,260.0,12600.0,2600.0,,,,,,,,,,,,,1,strong_buy,0.85,"Record 20-mission Synspective contract pushes backlog above 100 missions; Citi initiated Buy with $105 target; 1M +10.20%, analyst score 1.57. [kalkine.com](https://kalkine.com/news/industrials/rocket-lab-nasdaqrklb-stock-how-a-record-electron-deal-and-a-citi-buy-call-fired-up-shares) [defenseworld.net](https://www.defenseworld.net/2026/10/04/rocket-lab-nasdaqrklb-upgraded-at-citigroup.html)",Record commercial contract; Citi Buy initiation; Backlog >100 missions; 1M momentum +10.20%,,,,,
PL,Planet Labs,Defence,space,NYSE,17.36,-1.90%,+3.52%,-2.53%,-14.94%,+15%,6.316,2.17,,8.77,6762315,50400415,223648515,,9.68,none,,-1.9,98.1,-1.9,981.0,-19.0,9810.0,-190.0,3.52,103.52,3.52,1035.2,35.2,10352.0,352.0,-2.53,97.47,-2.53,974.7,-25.3,9747.0,-253.0,-14.94,85.06,-14.94,850.6,-149.4,8506.0,-1494.0,15.0,115.0,15.0,1150.0,150.0,11500.0,1500.0,,,,,,,,,,,,,,,,,,,,,,
ASTS,AST SpaceMobile,Defence,space,NASDAQ,58.44,-0.05%,-4.20%,-11.62%,-29.99%,-20%,22.742,2.706,,12.08,8078978,63729678,203703878,,21.84,hold,2.69,-0.05,99.95,-0.05,999.5,-0.5,9995.0,-5.0,-4.2,95.8,-4.2,958.0,-42.0,9580.0,-420.0,-11.62,88.38,-11.62,883.8,-116.2,8838.0,-1162.0,-29.99,70.01,-29.99,700.1,-299.9,7001.0,-2999.0,-20.0,80.0,-20.0,800.0,-200.0,8000.0,-2000.0,,,,,,,,,,,,,,,,,,,,,,
TDG,TransDigm Group,Defence,weapons,NYSE,1092.66,+0.21%,-1.49%,-4.58%,-19.57%,-16%,60.398,0.935,33.14,0.39,318269,1839069,8135969,,2.58,buy,2.09,0.21,100.21,0.21,1002.1,2.1,10021.0,21.0,-1.49,98.51,-1.49,985.1,-14.9,9851.0,-149.0,-4.58,95.42,-4.58,954.2,-45.8,9542.0,-458.0,-19.57,80.43,-19.57,804.3,-195.7,8043.0,-1957.0,-16.0,84.0,-16.0,840.0,-160.0,8400.0,-1600.0,,,,,,,,,,,,,,,,,,,,,,
HEI,HEICO Corporation,Defence,weapons,NYSE,301.57,-1.83%,-1.00%,-4.60%,-8.36%,-6%,42.146,1.088,50.26,0.47,479690,2141490,9696990,8.0,6.55,buy,1.96,-1.83,98.17,-1.83,981.7,-18.3,9817.0,-183.0,-1.0,99.0,-1.0,990.0,-10.0,9900.0,-100.0,-4.6,95.4,-4.6,954.0,-46.0,9540.0,-460.0,-8.36,91.64,-8.36,916.4,-83.6,9164.0,-836.0,-6.0,94.0,-6.0,940.0,-60.0,9400.0,-600.0,,,,,,,,,,,,,,,,,,,,,,
AXON,Axon Enterprise,Defence,weapons,NASDAQ,411.81,-0.41%,-3.05%,-18.52%,-26.91%,-43%,33.455,1.439,170.88,0.94,1053306,4779906,21633006,,5.32,buy,1.67,-0.41,99.59,-0.41,995.9,-4.1,9959.0,-41.0,-3.05,96.95,-3.05,969.5,-30.5,9695.0,-305.0,-18.52,81.48,-18.52,814.8,-185.2,8148.0,-1852.0,-26.91,73.09,-26.91,730.9,-269.1,7309.0,-2691.0,-43.0,57.0,-43.0,570.0,-430.0,5700.0,-4300.0,,,,,,,,,,,,,,,,,,,,,,
OLN,Olin Corporation,Defence,weapons,NYSE,16.27,+4.70%,+1.37%,-9.06%,-22.48%,-39%,1.854,1.226,,3.0,22316892,38418392,75845792,503.0,13.14,hold,2.87,4.7,104.7,4.7,1047.0,47.0,10470.0,470.0,1.37,101.37,1.37,1013.7,13.7,10137.0,137.0,-9.06,90.94,-9.06,909.4,-90.6,9094.0,-906.0,-22.48,77.52,-22.48,775.2,-224.8,7752.0,-2248.0,-39.0,61.0,-39.0,610.0,-390.0,6100.0,-3900.0,,,,,,,,,,,,,,,,,,,,,,
MRCY,Mercury Systems,Defence,weapons,NASDAQ,82.94,-2.27%,+3.52%,-0.62%,+9.09%,+1%,5.047,0.977,,0.69,538435,3080035,13401935,,9.57,none,,-2.27,97.73,-2.27,977.3,-22.7,9773.0,-227.0,3.52,103.52,3.52,1035.2,35.2,10352.0,352.0,-0.62,99.38,-0.62,993.8,-6.2,9938.0,-62.0,9.09,109.09,9.09,1090.9,90.9,10909.0,909.0,1.0,101.0,1.0,1010.0,10.0,10100.0,100.0,,,,,,,,,,,,,7,buy,0.55,"YTD +10.82%, 1W +5.17%, beta 0.977; no analyst rating but positive momentum and defence electronics exposure.",1W momentum +5.17%; YTD +10.82%; Defence electronics niche; Beta 0.977,,,,,
DRS,Leonardo DRS,Defence,weapons,NYSE,36.6,+0.97%,-0.19%,-0.92%,+5.87%,-19%,9.768,0.16,30.76,0.89,744653,3724053,18899453,98.0,1.28,none,,0.97,100.97,0.97,1009.7,9.7,10097.0,97.0,-0.19,99.81,-0.19,998.1,-1.9,9981.0,-19.0,-0.92,99.08,-0.92,990.8,-9.2,9908.0,-92.0,5.87,105.87,5.87,1058.7,58.7,10587.0,587.0,-19.0,81.0,-19.0,810.0,-190.0,8100.0,-1900.0,,,,,,,,,,,,,8,buy,0.55,"YTD +7.37%, 1D +2.40%, low beta 0.16, short interest 1.28%; steady performer with embedded defence systems exposure.",1D momentum +2.40%; YTD +7.37%; Low beta 0.16; Low short interest 1.28%,,,,,
XOM,ExxonMobil,Energy,oil-majors,NYSE,164.0,-0.18%,+0.91%,+2.08%,+36.40%,+44%,674.353,0.209,21.11,14.22,12460048,57710548,278548448,251.0,1.08,buy,2.4,-0.18,99.82,-0.18,998.2,-1.8,9982.0,-18.0,0.91,100.91,0.91,1009.1,9.1,10091.0,91.0,2.08,102.08,2.08,1020.8,20.8,10208.0,208.0,36.4,136.4,36.4,1364.0,364.0,13640.0,3640.0,44.0,144.0,44.0,1440.0,440.0,14400.0,4400.0,,,,,,,,,,,,,7,buy,0.65,"XOM is up +35.44% YTD with a 2.51% dividend yield, but faces a Supreme Court climate liability case and a recent neutral rating shift; still a buy with strong earnings and $17B free cash flow in Q2.",+35.44% YTD; 2.51% dividend yield; Supreme Court case risk; $17B free cash flow,,,,,
CVX,Chevron,Energy,oil-majors,NYSE,206.47,-0.26%,+0.05%,-1.59%,+36.14%,+34%,405.013,0.523,19.87,8.44,6403501,31380901,197432501,344.0,1.06,buy,1.72,-0.26,99.74,-0.26,997.4,-2.6,9974.0,-26.0,0.05,100.05,0.05,1000.5,0.5,10005.0,5.0,-1.59,98.41,-1.59,984.1,-15.9,9841.0,-159.0,36.14,136.14,36.14,1361.4,361.4,13614.0,3614.0,34.0,134.0,34.0,1340.0,340.0,13400.0,3400.0,,,,,,,,,,,,,3,strong_buy,0.85,"CVX has a strong analyst score of 1.72 (most bullish among majors), a 3.44% dividend yield, and a 20-year 2.67 GW power deal with Microsoft for AI data centers, despite a slight -2.24% 1M dip.",analyst score 1.72; 3.44% dividend yield; Microsoft AI power deal; +35.24% YTD,,,,,
SHEL,Shell,Energy,oil-majors,NYSE,96.52,+0.30%,+0.05%,+1.26%,+31.45%,+30%,274.975,-0.192,10.65,6.41,6714097,40425017,128351376,325.0,1.24,buy,2.19,0.3,100.3,0.3,1003.0,3.0,10030.0,30.0,0.05,100.05,0.05,1000.5,0.5,10005.0,5.0,1.26,101.26,1.26,1012.6,12.6,10126.0,126.0,31.45,131.45,31.45,1314.5,314.5,13145.0,3145.0,30.0,130.0,30.0,1300.0,300.0,13000.0,3000.0,,,,,,,,,,,,,4,buy,0.8,"SHEL trades at a low P/E of 10.54 with a 3.25% yield, generated $21.4B in operating cash flow in Q2, and Morgan Stanley raised its price target to $101.30; YTD return is +30.01%.",P/E 10.54; 3.25% dividend yield; $21.4B operating cash flow; Morgan Stanley $101.30 target,,,,,
BP,BP p.l.c.,Energy,oil-majors,NYSE,44.62,-0.38%,+0.43%,-0.58%,+29.16%,+29%,114.923,-0.196,21.77,8.73,8784104,40456804,186470004,450.0,0.28,buy,2.16,-0.38,99.62,-0.38,996.2,-3.8,9962.0,-38.0,0.43,100.43,0.43,1004.3,4.3,10043.0,43.0,-0.58,99.42,-0.58,994.2,-5.8,9942.0,-58.0,29.16,129.16,29.16,1291.6,291.6,12916.0,2916.0,29.0,129.0,29.0,1290.0,290.0,12900.0,2900.0,,,,,,,,,,,,,8,buy,0.6,"BP offers a high 4.5% dividend yield, +28.75% YTD, and a buy analyst consensus (score 2.16), though its P/E of 21.7 is elevated relative to peers.",4.5% dividend yield; +28.75% YTD; buy consensus; P/E 21.7,,,,,
TTE,TotalEnergies,Energy,oil-majors,NYSE,84.37,-0.04%,-5.51%,-5.26%,+29.73%,+41%,186.245,0.092,10.56,1.61,2532922,10989222,32177222,480.0,0.22,buy,1.86,-0.04,99.96,-0.04,999.6,-0.4,9996.0,-4.0,-5.51,94.49,-5.51,944.9,-55.1,9449.0,-551.0,-5.26,94.74,-5.26,947.4,-52.6,9474.0,-526.0,29.73,129.73,29.73,1297.3,297.3,12973.0,2973.0,41.0,141.0,41.0,1410.0,410.0,14100.0,4100.0,,,,,,,,,,,,,,,,,,,,,,
EQNR,Equinor,Energy,oil-majors,NYSE,42.35,+0.12%,+0.19%,-2.40%,+78.31%,+68%,100.362,-0.661,11.57,3.48,3902562,18563762,77752862,367.0,2.39,hold,3.0,0.12,100.12,0.12,1001.2,1.2,10012.0,12.0,0.19,100.19,0.19,1001.9,1.9,10019.0,19.0,-2.4,97.6,-2.4,976.0,-24.0,9760.0,-240.0,78.31,178.31,78.31,1783.1,783.1,17831.0,7831.0,68.0,168.0,68.0,1680.0,680.0,16800.0,6800.0,,,,,,,,,,,,,9,buy,0.55,"EQNR has the highest YTD return at +77.34%, a low P/E of 11.51, and a 3.67% dividend yield, but carries a hold analyst rating (score 3.0) and recent negative 1M momentum of -2.93%.",+77.34% YTD; P/E 11.51; 3.67% dividend yield; hold rating,,,,,
COP,ConocoPhillips,Energy,ep-refining,NYSE,128.4,+1.30%,+1.87%,-4.92%,+35.71%,+34%,154.252,0.244,17.01,6.67,5675833,30988833,137786733,265.0,1.34,buy,1.79,1.3,101.3,1.3,1013.0,13.0,10130.0,130.0,1.87,101.87,1.87,1018.7,18.7,10187.0,187.0,-4.92,95.08,-4.92,950.8,-49.2,9508.0,-492.0,35.71,135.71,35.71,1357.1,357.1,13571.0,3571.0,34.0,134.0,34.0,1340.0,340.0,13400.0,3400.0,,,,,,,,,,,,,,,,,,,,,,
OXY,Occidental Petroleum,Energy,ep-refining,NYSE,58.31,+0.38%,+3.94%,-3.42%,+39.52%,+28%,58.288,0.245,16.57,8.69,8528237,46946737,191369737,193.0,2.96,buy,2.23,0.38,100.38,0.38,1003.8,3.8,10038.0,38.0,3.94,103.94,3.94,1039.4,39.4,10394.0,394.0,-3.42,96.58,-3.42,965.8,-34.2,9658.0,-342.0,39.52,139.52,39.52,1395.2,395.2,13952.0,3952.0,28.0,128.0,28.0,1280.0,280.0,12800.0,2800.0,,,,,,,,,,,,,6,buy,0.7,"OXY has a +40.20% YTD return, strong 1W momentum of +4.45%, a P/E of 16.65, and a buy analyst rating (score 2.23), benefiting from upstream production and Permian exposure.",+40.20% YTD; +4.45% 1W; P/E 16.65; buy rating,,,,,
EOG,EOG Resources,Energy,ep-refining,NYSE,144.08,+1.91%,+2.45%,-0.88%,+37.66%,+28%,75.574,0.371,11.21,3.07,2514863,15173063,66691463,289.0,3.3,buy,2.34,1.91,101.91,1.91,1019.1,19.1,10191.0,191.0,2.45,102.45,2.45,1024.5,24.5,10245.0,245.0,-0.88,99.12,-0.88,991.2,-8.8,9912.0,-88.0,37.66,137.66,37.66,1376.6,376.6,13766.0,3766.0,28.0,128.0,28.0,1280.0,280.0,12800.0,2800.0,,,,,,,,,,,,,5,buy,0.75,"EOG offers a low P/E of 11.09, a 2.89% dividend yield, and a +36.22% YTD return with positive 1W momentum of +1.38%, backed by a buy analyst consensus (score 2.34).",P/E 11.09; 2.89% dividend yield; +36.22% YTD; buy consensus,,,,,
MPC,Marathon Petroleum,Energy,ep-refining,NYSE,433.47,+2.64%,+11.31%,+8.98%,+165.53%,+118%,121.73,0.541,15.01,2.53,2122887,9952587,60591587,95.0,3.19,buy,2.37,2.64,102.64,2.64,1026.4,26.4,10264.0,264.0,11.31,111.31,11.31,1113.1,113.1,11131.0,1131.0,8.98,108.98,8.98,1089.8,89.8,10898.0,898.0,165.53,265.53,165.53,2655.3,1655.3,26553.0,16553.0,118.0,218.0,118.0,2180.0,1180.0,21800.0,11800.0,,,,,,,,,,,,,1,strong_buy,0.9,"MPC leads with a staggering +161.75% YTD return, +7.42% 1M and +9.72% 1W momentum, supported by a P/E of 14.8 and a buy analyst consensus (score 2.37).",+161.75% YTD; +7.42% 1M; P/E 14.8; buy consensus,,,,,
VLO,Valero Energy,Energy,ep-refining,NYSE,419.33,+2.47%,+7.64%,+9.53%,+157.42%,+149%,120.736,0.592,17.48,3.03,2546493,12987293,79202793,118.0,3.91,buy,2.4,2.47,102.47,2.47,1024.7,24.7,10247.0,247.0,7.64,107.64,7.64,1076.4,76.4,10764.0,764.0,9.53,109.53,9.53,1095.3,95.3,10953.0,953.0,157.42,257.42,157.42,2574.2,1574.2,25742.0,15742.0,149.0,249.0,149.0,2490.0,1490.0,24900.0,14900.0,,,,,,,,,,,,,2,strong_buy,0.9,"VLO shows +153.08% YTD, +7.68% 1M and +5.83% 1W momentum, with a P/E of 17.19 and buy rating (score 2.4); diesel prices remain elevated at $6.34 per gallon, supporting refining margins.",+153.08% YTD; +7.68% 1M; P/E 17.19; diesel price catalyst,,,,,
SLB,SLB (Schlumberger),Energy,oilfield-services,NYSE,50.28,+2.61%,-2.35%,-11.94%,+27.13%,+41%,74.623,0.839,24.29,12.69,8727159,77459259,279367659,242.0,4.67,buy,1.6,2.61,102.61,2.61,1026.1,26.1,10261.0,261.0,-2.35,97.65,-2.35,976.5,-23.5,9765.0,-235.0,-11.94,88.06,-11.94,880.6,-119.4,8806.0,-1194.0,27.13,127.13,27.13,1271.3,271.3,12713.0,2713.0,41.0,141.0,41.0,1410.0,410.0,14100.0,4100.0,,,,,,,,,,,,,,,,,,,,,,
HAL,Halliburton,Energy,oilfield-services,NYSE,32.78,+2.22%,+1.08%,-10.92%,+12.27%,+31%,27.31,0.839,17.25,11.14,9044705,50512405,207295905,214.0,5.67,buy,1.75,2.22,102.22,2.22,1022.2,22.2,10222.0,222.0,1.08,101.08,1.08,1010.8,10.8,10108.0,108.0,-10.92,89.08,-10.92,890.8,-109.2,8908.0,-1092.0,12.27,112.27,12.27,1122.7,122.7,11227.0,1227.0,31.0,131.0,31.0,1310.0,310.0,13100.0,3100.0,,,,,,,,,,,,,,,,,,,,,,
BKR,Baker Hughes,Energy,oilfield-services,NASDAQ,57.38,+2.01%,+0.46%,-10.23%,+23.04%,+14%,56.96,1.035,18.45,8.17,6657514,31317614,170266814,164.0,2.83,buy,1.68,2.01,102.01,2.01,1020.1,20.1,10201.0,201.0,0.46,100.46,0.46,1004.6,4.6,10046.0,46.0,-10.23,89.77,-10.23,897.7,-102.3,8977.0,-1023.0,23.04,123.04,23.04,1230.4,230.4,12304.0,2304.0,14.0,114.0,14.0,1140.0,140.0,11400.0,1400.0,,,,,,,,,,,,,,,,,,,,,,
NEE,NextEra Energy,Energy,utilities,NYSE,76.28,-0.85%,+1.05%,-9.01%,-3.69%,-6%,159.118,0.639,17.14,11.27,12344480,76557280,256299280,324.0,2.71,buy,1.9,-0.85,99.15,-0.85,991.5,-8.5,9915.0,-85.0,1.05,101.05,1.05,1010.5,10.5,10105.0,105.0,-9.01,90.99,-9.01,909.9,-90.1,9099.0,-901.0,-3.69,96.31,-3.69,963.1,-36.9,9631.0,-369.0,-6.0,94.0,-6.0,940.0,-60.0,9400.0,-600.0,,,,,,,,,,,,,,,,,,,,,,
SSE.L,SSE plc,Energy,utilities,LSE,32.62,+0.78%,+0.33%,+2.66%,+10.55%,+38%,0.397,0.56,23.49,2.71,21278,16476554,50949224,281.0,,buy,1.94,0.78,100.78,0.78,1007.8,7.8,10078.0,78.0,0.33,100.33,0.33,1003.3,3.3,10033.0,33.0,2.66,102.66,2.66,1026.6,26.6,10266.0,266.0,10.55,110.55,10.55,1105.5,105.5,11055.0,1055.0,38.0,138.0,38.0,1380.0,380.0,13800.0,3800.0,,,,,,,,,,,,,10,buy,0.5,"SSE.L provides utility stability with a +11.41% YTD, +3.46% 1M momentum, a 2.81% dividend yield, and a buy analyst score of 1.94, offering diversification from pure oil plays.",+11.41% YTD; +3.46% 1M; 2.81% dividend yield; buy score 1.94,,,,,
ENPH,Enphase Energy,Energy,clean-energy,NASDAQ,33.45,+0.03%,+8.22%,-13.86%,-0.89%,-10%,4.42,1.633,33.45,4.46,3735964,24977564,97312864,,21.74,buy,2.31,0.03,100.03,0.03,1000.3,0.3,10003.0,3.0,8.22,108.22,8.22,1082.2,82.2,10822.0,822.0,-13.86,86.14,-13.86,861.4,-138.6,8614.0,-1386.0,-0.89,99.11,-0.89,991.1,-8.9,9911.0,-89.0,-10.0,90.0,-10.0,900.0,-100.0,9000.0,-1000.0,,,,,,,,,,,,,,,,,,,,,,
FSLR,First Solar,Energy,clean-energy,NASDAQ,176.16,+0.68%,+1.84%,-17.39%,-35.79%,-24%,18.932,1.794,10.86,2.26,1538255,10310755,50013055,,12.8,buy,1.86,0.68,100.68,0.68,1006.8,6.8,10068.0,68.0,1.84,101.84,1.84,1018.4,18.4,10184.0,184.0,-17.39,82.61,-17.39,826.1,-173.9,8261.0,-1739.0,-35.79,64.21,-35.79,642.1,-357.9,6421.0,-3579.0,-24.0,76.0,-24.0,760.0,-240.0,7600.0,-2400.0,,,,,,,,,,,,,,,,,,,,,,
BEPC,Brookfield Renewable Corp,Energy,clean-energy,NYSE,28.32,-0.65%,+1.25%,-13.02%,-26.77%,-25%,5.257,1.148,,1.79,1625253,10051653,37710253,550.0,,hold,2.86,-0.65,99.35,-0.65,993.5,-6.5,9935.0,-65.0,1.25,101.25,1.25,1012.5,12.5,10125.0,125.0,-13.02,86.98,-13.02,869.8,-130.2,8698.0,-1302.0,-26.77,73.23,-26.77,732.3,-267.7,7323.0,-2677.0,-25.0,75.0,-25.0,750.0,-250.0,7500.0,-2500.0,,,,,,,,,,,,,,,,,,,,,,
DNNGY,Ørsted,Energy,clean-energy,NASDAQ,6.63,-4.33%,-1.78%,-7.40%,-0.53%,-63%,26.277,0.576,,0.12,32279,563079,3028779,,,strong_buy,1.0,-4.33,95.67,-4.33,956.7,-43.3,9567.0,-433.0,-1.78,98.22,-1.78,982.2,-17.8,9822.0,-178.0,-7.4,92.6,-7.4,926.0,-74.0,9260.0,-740.0,-0.53,99.47,-0.53,994.7,-5.3,9947.0,-53.0,-63.0,37.0,-63.0,370.0,-630.0,3700.0,-6300.0,,,,,,,,,,,,,,,,,,,,,,
AAPL,Apple,MegaCap,big-tech,NASDAQ,333,-0.19%,-1.63%,+5.27%,+23.17%,+30%,4858.257,1.069,38.18,46.01,34328912,192347312,839406112,32.0,0.88,buy,2.2,-0.19,99.81,-0.19,998.1,-1.9,9981.0,-19.0,-1.63,98.37,-1.63,983.7,-16.3,9837.0,-163.0,5.27,105.27,5.27,1052.7,52.7,10527.0,527.0,23.17,123.17,23.17,1231.7,231.7,12317.0,2317.0,30.0,130.0,30.0,1300.0,300.0,13000.0,3000.0,,,,,,,,,,,,,8,buy,0.7,"+23.50% YTD, 1M +5.56%, P/E 38.28, buy consensus; services growth and iPhone cycle.",YTD +23.50%; P/E 38.28; buy consensus; 1M +5.56%,,,,,
MSFT,Microsoft,MegaCap,big-tech,NASDAQ,525,+1.54%,+3.13%,+6.32%,+11.75%,-2%,3899.748,1.099,29.26,28.25,26287910,112388210,433266010,76.0,0.91,strong_buy,1.29,1.54,101.54,1.54,1015.4,15.4,10154.0,154.0,3.13,103.13,3.13,1031.3,31.3,10313.0,313.0,6.32,106.32,6.32,1063.2,63.2,10632.0,632.0,11.75,111.75,11.75,1117.5,117.5,11175.0,1175.0,-2.0,98.0,-2.0,980.0,-20.0,9800.0,-200.0,,,,,,,,,,,,,6,strong_buy,0.85,"+11.91% YTD, 1M +6.47%, P/E 29.3, strong_buy consensus; cloud and AI growth.",YTD +11.91%; P/E 29.3; strong_buy consensus; 1M +6.47%,,,,,
NVDA,NVIDIA,MegaCap,big-tech,NASDAQ,239,+2.00%,+4.39%,+5.95%,+26.80%,+26%,5768.718,2.216,30.2,122.62,126384437,583117537,2190097937,43.0,1.27,strong_buy,1.3,2.0,102.0,2.0,1020.0,20.0,10200.0,200.0,4.39,104.39,4.39,1043.9,43.9,10439.0,439.0,5.95,105.95,5.95,1059.5,59.5,10595.0,595.0,26.8,126.8,26.8,1268.0,268.0,12680.0,2680.0,26.0,126.0,26.0,1260.0,260.0,12600.0,2600.0,,,,,,,,,,,,,1,strong_buy,0.95,"Record high with $150B buyback authorization and Morgan Stanley top pick reinstatement [kalkine.com]; +25.83% YTD, P/E 29.97, strong_buy consensus.",YTD +25.83%; P/E 29.97; strong_buy consensus; $150B buyback,,,,,
GOOGL,Alphabet,MegaCap,big-tech,NASDAQ,346,+0.94%,+1.09%,+2.40%,+10.15%,+37%,4237.306,1.211,17.38,27.12,24975488,140423588,549186488,26.0,1.49,strong_buy,1.38,0.94,100.94,0.94,1009.4,9.4,10094.0,94.0,1.09,101.09,1.09,1010.9,10.9,10109.0,109.0,2.4,102.4,2.4,1024.0,24.0,10240.0,240.0,10.15,110.15,10.15,1101.5,101.5,11015.0,1015.0,37.0,137.0,37.0,1370.0,370.0,13700.0,3700.0,,,,,,,,,,,,,9,strong_buy,0.75,"+9.54% YTD, P/E 17.29, strong_buy consensus; attractive valuation and AI search.",P/E 17.29; strong_buy consensus; YTD +9.54%; low valuation,,,,,
META,Meta Platforms,MegaCap,big-tech,NASDAQ,742,+1.98%,+3.67%,+21.03%,+14.36%,+2%,1889.995,1.185,27.95,19.37,14774510,83011910,472106610,29.0,1.41,strong_buy,1.41,1.98,101.98,1.98,1019.8,19.8,10198.0,198.0,3.67,103.67,3.67,1036.7,36.7,10367.0,367.0,21.03,121.03,21.03,1210.3,210.3,12103.0,2103.0,14.36,114.36,14.36,1143.6,143.6,11436.0,1436.0,2.0,102.0,2.0,1020.0,20.0,10200.0,200.0,,,,,,,,,,,,,3,strong_buy,0.85,"+21.11% 1M, +14.43% YTD, P/E 27.97, strong_buy consensus; ad recovery and AI investments.",1M +21.11%; P/E 27.97; strong_buy consensus; YTD +14.43%,,,,,
AMZN,Amazon,MegaCap,big-tech,NASDAQ,251,+0.01%,+2.13%,-2.17%,+10.99%,+14%,2711.679,1.456,20.23,39.19,37819808,180100308,710664808,,0.83,strong_buy,1.32,0.01,100.01,0.01,1000.1,0.1,10001.0,1.0,2.13,102.13,2.13,1021.3,21.3,10213.0,213.0,-2.17,97.83,-2.17,978.3,-21.7,9783.0,-217.0,10.99,110.99,10.99,1109.9,109.9,11099.0,1099.0,14.0,114.0,14.0,1140.0,140.0,11400.0,1400.0,,,,,,,,,,,,,,,,,,,,,,
TSLA,Tesla,MegaCap,big-tech,NASDAQ,379,+1.96%,+5.95%,+2.87%,-13.55%,-18%,1495.812,1.916,350.68,38.16,42006295,200058095,739310195,,1.95,buy,2.35,1.96,101.96,1.96,1019.6,19.6,10196.0,196.0,5.95,105.95,5.95,1059.5,59.5,10595.0,595.0,2.87,102.87,2.87,1028.7,28.7,10287.0,287.0,-13.55,86.45,-13.55,864.5,-135.5,8645.0,-1355.0,-18.0,82.0,-18.0,820.0,-180.0,8200.0,-1800.0,,,,,,,,,,,,,,,,,,,,,,
NFLX,Netflix,MegaCap,big-tech,NASDAQ,68,+0.63%,-2.50%,-12.08%,-25.82%,-42%,281.066,1.613,21.23,37.15,36088428,187236928,712020028,,2.28,buy,1.8,0.63,100.63,0.63,1006.3,6.3,10063.0,63.0,-2.5,97.5,-2.5,975.0,-25.0,9750.0,-250.0,-12.08,87.92,-12.08,879.2,-120.8,8792.0,-1208.0,-25.82,74.18,-25.82,741.8,-258.2,7418.0,-2582.0,-42.0,58.0,-42.0,580.0,-420.0,5800.0,-4200.0,,,,,,,,,,,,,,,,,,,,,,
JPM,JPMorgan Chase,MegaCap,financials,NYSE,332,+0.00%,-1.25%,-5.98%,+3.57%,+8%,883.528,1.015,14.24,7.66,5328422,36514822,168582622,199.0,0.91,buy,2.08,0.0,100.0,0.0,1000.0,0.0,10000.0,0.0,-1.25,98.75,-1.25,987.5,-12.5,9875.0,-125.0,-5.98,94.02,-5.98,940.2,-59.8,9402.0,-598.0,3.57,103.57,3.57,1035.7,35.7,10357.0,357.0,8.0,108.0,8.0,1080.0,80.0,10800.0,800.0,,,,,,,,,,,,,,,,,,,,,,
BAC,Bank of America,MegaCap,financials,NYSE,54,+0.44%,-2.65%,-13.45%,-1.94%,+7%,377.608,1.214,12.47,33.42,34268492,195076092,786513792,238.0,1.19,strong_buy,1.5,0.44,100.44,0.44,1004.4,4.4,10044.0,44.0,-2.65,97.35,-2.65,973.5,-26.5,9735.0,-265.0,-13.45,86.55,-13.45,865.5,-134.5,8655.0,-1345.0,-1.94,98.06,-1.94,980.6,-19.4,9806.0,-194.0,7.0,107.0,7.0,1070.0,70.0,10700.0,700.0,,,,,,,,,,,,,,,,,,,,,,
BRK-B,Berkshire Hathaway B,MegaCap,financials,NYSE,504,+0.27%,+0.23%,-0.31%,+1.49%,+1%,1079.474,0.595,12.63,4.33,3511993,22582293,93675593,,1.0,buy,2.0,0.27,100.27,0.27,1002.7,2.7,10027.0,27.0,0.23,100.23,0.23,1002.3,2.3,10023.0,23.0,-0.31,99.69,-0.31,996.9,-3.1,9969.0,-31.0,1.49,101.49,1.49,1014.9,14.9,10149.0,149.0,1.0,101.0,1.0,1010.0,10.0,10100.0,100.0,,,,,,,,,,,,,,,,,,,,,,
V,Visa,MegaCap,financials,NYSE,370,+2.47%,+0.54%,+0.29%,+7.35%,+3%,694.077,0.771,31.46,6.78,4521760,26686660,122476560,74.0,1.09,strong_buy,1.45,2.47,102.47,2.47,1024.7,24.7,10247.0,247.0,0.54,100.54,0.54,1005.4,5.4,10054.0,54.0,0.29,100.29,0.29,1002.9,2.9,10029.0,29.0,7.35,107.35,7.35,1073.5,73.5,10735.0,735.0,3.0,103.0,3.0,1030.0,30.0,10300.0,300.0,,,,,,,,,,,,,,,,,,,,,,
MA,Mastercard,MegaCap,financials,NYSE,565,+3.26%,-0.65%,-1.10%,+0.75%,-5%,494.586,0.76,31.06,2.88,2404521,15687321,55699721,63.0,0.83,strong_buy,1.43,3.26,103.26,3.26,1032.6,32.6,10326.0,326.0,-0.65,99.35,-0.65,993.5,-6.5,9935.0,-65.0,-1.1,98.9,-1.1,989.0,-11.0,9890.0,-110.0,0.75,100.75,0.75,1007.5,7.5,10075.0,75.0,-5.0,95.0,-5.0,950.0,-50.0,9500.0,-500.0,,,,,,,,,,,,,,,,,,,,,,
GS,Goldman Sachs,MegaCap,financials,NYSE,893,-1.16%,-2.49%,-13.80%,-0.85%,+13%,260.15,1.284,13.8,1.98,1896103,9764503,43304703,222.0,2.39,hold,2.6,-1.16,98.84,-1.16,988.4,-11.6,9884.0,-116.0,-2.49,97.51,-2.49,975.1,-24.9,9751.0,-249.0,-13.8,86.2,-13.8,862.0,-138.0,8620.0,-1380.0,-0.85,99.15,-0.85,991.5,-8.5,9915.0,-85.0,13.0,113.0,13.0,1130.0,130.0,11300.0,1300.0,,,,,,,,,,,,,,,,,,,,,,
BLK,BlackRock,MegaCap,financials,NYSE,1066,+0.72%,-0.45%,-2.64%,-0.10%,-10%,173.273,1.421,25.53,0.63,610515,2604115,10735315,216.0,1.34,strong_buy,1.44,0.72,100.72,0.72,1007.2,7.2,10072.0,72.0,-0.45,99.55,-0.45,995.5,-4.5,9955.0,-45.0,-2.64,97.36,-2.64,973.6,-26.4,9736.0,-264.0,-0.1,99.9,-0.1,999.0,-1.0,9990.0,-10.0,-10.0,90.0,-10.0,900.0,-100.0,9000.0,-1000.0,,,,,,,,,,,,,,,,,,,,,,
LLY,Eli Lilly,MegaCap,healthcare,NYSE,1143,-0.04%,-3.52%,+1.71%,+6.32%,+35%,1019.367,0.453,38.37,2.5,1975581,11266181,44869581,61.0,0.84,buy,1.63,-0.04,99.96,-0.04,999.6,-0.4,9996.0,-4.0,-3.52,96.48,-3.52,964.8,-35.2,9648.0,-352.0,1.71,101.71,1.71,1017.1,17.1,10171.0,171.0,6.32,106.32,6.32,1063.2,63.2,10632.0,632.0,35.0,135.0,35.0,1350.0,350.0,13500.0,3500.0,,,,,,,,,,,,,,,,,,,,,,
UNH,UnitedHealth Group,MegaCap,healthcare,NYSE,379,+1.80%,+0.20%,-4.97%,+14.76%,+4%,339.811,0.615,24.35,4.9,5590526,20911126,101706426,250.0,1.64,buy,1.58,1.8,101.8,1.8,1018.0,18.0,10180.0,180.0,0.2,100.2,0.2,1002.0,2.0,10020.0,20.0,-4.97,95.03,-4.97,950.3,-49.7,9503.0,-497.0,14.76,114.76,14.76,1147.6,147.6,11476.0,1476.0,4.0,104.0,4.0,1040.0,40.0,10400.0,400.0,,,,,,,,,,,,,,,,,,,,,,
JNJ,Johnson & Johnson,MegaCap,healthcare,NYSE,253,-1.28%,-6.99%,-6.02%,+23.94%,+36%,609.536,0.206,29.31,7.04,9041571,40232471,136371871,209.0,0.98,buy,1.91,-1.28,98.72,-1.28,987.2,-12.8,9872.0,-128.0,-6.99,93.01,-6.99,930.1,-69.9,9301.0,-699.0,-6.02,93.98,-6.02,939.8,-60.2,9398.0,-602.0,23.94,123.94,23.94,1239.4,239.4,12394.0,2394.0,36.0,136.0,36.0,1360.0,360.0,13600.0,3600.0,,,,,,,,,,,,,,,,,,,,,,
ABBV,AbbVie,MegaCap,healthcare,NYSE,266,+1.12%,-0.20%,+6.83%,+18.64%,+14%,469.629,0.228,75.07,4.94,7540753,25682853,88342653,263.0,1.23,buy,1.7,1.12,101.12,1.12,1011.2,11.2,10112.0,112.0,-0.2,99.8,-0.2,998.0,-2.0,9980.0,-20.0,6.83,106.83,6.83,1068.3,68.3,10683.0,683.0,18.64,118.64,18.64,1186.4,186.4,11864.0,1864.0,14.0,114.0,14.0,1140.0,140.0,11400.0,1400.0,,,,,,,,,,,,,,,,,,,,,,
MRK,Merck,MegaCap,healthcare,NYSE,140,-3.14%,-6.15%,-5.45%,+33.79%,+62%,344.269,0.222,110.75,9.83,9476639,45417639,201688739,236.0,1.4,buy,1.78,-3.14,96.86,-3.14,968.6,-31.4,9686.0,-314.0,-6.15,93.85,-6.15,938.5,-61.5,9385.0,-615.0,-5.45,94.55,-5.45,945.5,-54.5,9455.0,-545.0,33.79,133.79,33.79,1337.9,337.9,13379.0,3379.0,62.0,162.0,62.0,1620.0,620.0,16200.0,6200.0,,,,,,,,,,,,,,,,,,,,,,
TMO,Thermo Fisher Scientific,MegaCap,healthcare,NYSE,677,+3.35%,-0.27%,+12.31%,+14.53%,+20%,250.23,0.877,36.42,2.04,2107014,10324414,47121714,29.0,1.36,buy,1.54,3.35,103.35,3.35,1033.5,33.5,10335.0,335.0,-0.27,99.73,-0.27,997.3,-2.7,9973.0,-27.0,12.31,112.31,12.31,1123.1,123.1,11231.0,1231.0,14.53,114.53,14.53,1145.3,145.3,11453.0,1453.0,20.0,120.0,20.0,1200.0,200.0,12000.0,2000.0,,,,,,,,,,,,,7,buy,0.75,"+11.90% YTD, 1M +9.73%, P/E 35.59, buy consensus; life sciences tools demand.",1M +9.73%; YTD +11.90%; P/E 35.59; buy consensus,,,,,
ABT,Abbott Laboratories,MegaCap,healthcare,NYSE,100,+2.66%,-0.87%,-5.14%,-17.90%,-27%,173.211,0.583,32.29,9.61,11954496,45145996,181582196,258.0,1.29,strong_buy,1.44,2.66,102.66,2.66,1026.6,26.6,10266.0,266.0,-0.87,99.13,-0.87,991.3,-8.7,9913.0,-87.0,-5.14,94.86,-5.14,948.6,-51.4,9486.0,-514.0,-17.9,82.1,-17.9,821.0,-179.0,8210.0,-1790.0,-27.0,73.0,-27.0,730.0,-270.0,7300.0,-2700.0,,,,,,,,,,,,,,,,,,,,,,
PG,Procter & Gamble,MegaCap,consumer,NYSE,146,+0.71%,-2.07%,+0.25%,+5.22%,-4%,338.971,0.377,22.05,8.54,7032638,36852938,161146338,300.0,1.04,buy,2.2,0.71,100.71,0.71,1007.1,7.1,10071.0,71.0,-2.07,97.93,-2.07,979.3,-20.7,9793.0,-207.0,0.25,100.25,0.25,1002.5,2.5,10025.0,25.0,5.22,105.22,5.22,1052.2,52.2,10522.0,522.0,-4.0,96.0,-4.0,960.0,-40.0,9600.0,-400.0,,,,,,,,,,,,,,,,,,,,,,
KO,Coca-Cola,MegaCap,consumer,NYSE,87,+0.87%,-0.77%,-1.51%,+27.59%,+30%,372.214,0.318,25.98,15.86,20444719,88953419,319829619,248.0,0.95,buy,1.75,0.87,100.87,0.87,1008.7,8.7,10087.0,87.0,-0.77,99.23,-0.77,992.3,-7.7,9923.0,-77.0,-1.51,98.49,-1.51,984.9,-15.1,9849.0,-151.0,27.59,127.59,27.59,1275.9,275.9,12759.0,2759.0,30.0,130.0,30.0,1300.0,300.0,13000.0,3000.0,,,,,,,,,,,,,,,,,,,,,,
PEP,PepsiCo,MegaCap,consumer,NASDAQ,126,-0.25%,-2.22%,-9.25%,-8.97%,-10%,171.638,0.364,16.47,8.16,8820758,41672258,187041558,470.0,2.11,hold,2.75,-0.25,99.75,-0.25,997.5,-2.5,9975.0,-25.0,-2.22,97.78,-2.22,977.8,-22.2,9778.0,-222.0,-9.25,90.75,-9.25,907.5,-92.5,9075.0,-925.0,-8.97,91.03,-8.97,910.3,-89.7,9103.0,-897.0,-10.0,90.0,-10.0,900.0,-100.0,9000.0,-1000.0,,,,,,,,,,,,,,,,,,,,,,
MCD,McDonald's,MegaCap,consumer,NYSE,233,+0.33%,-0.24%,-8.90%,-21.65%,-22%,164.909,0.447,18.93,4.98,5577154,28755554,123670954,333.0,1.92,buy,2.06,0.33,100.33,0.33,1003.3,3.3,10033.0,33.0,-0.24,99.76,-0.24,997.6,-2.4,9976.0,-24.0,-8.9,91.1,-8.9,911.0,-89.0,9110.0,-890.0,-21.65,78.35,-21.65,783.5,-216.5,7835.0,-2165.0,-22.0,78.0,-22.0,780.0,-220.0,7800.0,-2200.0,,,,,,,,,,,,,,,,,,,,,,
NKE,Nike,MegaCap,consumer,NYSE,34,+0.30%,-6.68%,-10.87%,-44.92%,-52%,50.38,1.099,16.17,29.46,67893335,389986235,927351835,484.0,8.98,hold,2.76,0.3,100.3,0.3,1003.0,3.0,10030.0,30.0,-6.68,93.32,-6.68,933.2,-66.8,9332.0,-668.0,-10.87,89.13,-10.87,891.3,-108.7,8913.0,-1087.0,-44.92,55.08,-44.92,550.8,-449.2,5508.0,-4492.0,-52.0,48.0,-52.0,480.0,-520.0,4800.0,-5200.0,,,,,,,,,,,,,,,,,,,,,,
WMT,Walmart,MegaCap,consumer,NYSE,105,+0.76%,-3.37%,-0.92%,-6.23%,+2%,836.155,0.578,38.07,23.81,19199115,120925715,445324215,95.0,1.83,buy,1.53,0.76,100.76,0.76,1007.6,7.6,10076.0,76.0,-3.37,96.63,-3.37,966.3,-33.7,9663.0,-337.0,-0.92,99.08,-0.92,990.8,-9.2,9908.0,-92.0,-6.23,93.77,-6.23,937.7,-62.3,9377.0,-623.0,2.0,102.0,2.0,1020.0,20.0,10200.0,200.0,,,,,,,,,,,,,,,,,,,,,,
COST,Costco,MegaCap,consumer,NASDAQ,924,+0.39%,+0.07%,+1.47%,+8.55%,+1%,409.365,0.87,44.49,2.12,1949392,10730292,47921692,64.0,1.66,buy,1.95,0.39,100.39,0.39,1003.9,3.9,10039.0,39.0,0.07,100.07,0.07,1000.7,0.7,10007.0,7.0,1.47,101.47,1.47,1014.7,14.7,10147.0,147.0,8.55,108.55,8.55,1085.5,85.5,10855.0,855.0,1.0,101.0,1.0,1010.0,10.0,10100.0,100.0,,,,,,,,,,,,,,,,,,,,,,
XOM,ExxonMobil,MegaCap,energy-industrial,NYSE,164,-0.18%,+0.91%,+2.08%,+36.40%,+44%,674.354,0.209,21.11,14.22,12460048,57710548,278548448,251.0,1.08,buy,2.4,-0.18,99.82,-0.18,998.2,-1.8,9982.0,-18.0,0.91,100.91,0.91,1009.1,9.1,10091.0,91.0,2.08,102.08,2.08,1020.8,20.8,10208.0,208.0,36.4,136.4,36.4,1364.0,364.0,13640.0,3640.0,44.0,144.0,44.0,1440.0,440.0,14400.0,4400.0,,,,,,,,,,,,,,,,,,,,,,
CVX,Chevron,MegaCap,energy-industrial,NYSE,206,-0.26%,+0.05%,-1.59%,+36.14%,+34%,405.012,0.523,19.87,8.44,6403501,31380901,197432501,344.0,1.06,buy,1.72,-0.26,99.74,-0.26,997.4,-2.6,9974.0,-26.0,0.05,100.05,0.05,1000.5,0.5,10005.0,5.0,-1.59,98.41,-1.59,984.1,-15.9,9841.0,-159.0,36.14,136.14,36.14,1361.4,361.4,13614.0,3614.0,34.0,134.0,34.0,1340.0,340.0,13400.0,3400.0,,,,,,,,,,,,,,,,,,,,,,
CAT,Caterpillar,MegaCap,energy-industrial,NYSE,848,+0.15%,+3.44%,+3.12%,+42.60%,+71%,389.869,1.58,36.51,2.67,2268195,11080595,46679895,77.0,2.03,buy,2.07,0.15,100.15,0.15,1001.5,1.5,10015.0,15.0,3.44,103.44,3.44,1034.4,34.4,10344.0,344.0,3.12,103.12,3.12,1031.2,31.2,10312.0,312.0,42.6,142.6,42.6,1426.0,426.0,14260.0,4260.0,71.0,171.0,71.0,1710.0,710.0,17100.0,7100.0,,,,,,,,,,,,,10,buy,0.7,"+42.21% YTD, 1M +2.84%, P/E 36.44, buy consensus; infrastructure and data center power demand.",YTD +42.21%; P/E 36.44; buy consensus; data center power,,,,,
HON,Honeywell,MegaCap,energy-industrial,NASDAQ,214,+0.40%,+1.24%,+2.83%,+5.65%,+4%,67.87,0.888,7.9,3.17,1740405,9880305,58410305,131.0,2.34,buy,2.0,0.4,100.4,0.4,1004.0,4.0,10040.0,40.0,1.24,101.24,1.24,1012.4,12.4,10124.0,124.0,2.83,102.83,2.83,1028.3,28.3,10283.0,283.0,5.65,105.65,5.65,1056.5,56.5,10565.0,565.0,4.0,104.0,4.0,1040.0,40.0,10400.0,400.0,,,,,,,,,,,,,,,,,,,,,,
GE,GE Aerospace,MegaCap,energy-industrial,NYSE,306,-1.13%,-3.74%,-8.53%,-4.23%,+4%,317.847,1.374,36.12,3.94,5211629,20731329,91251529,61.0,1.52,buy,1.55,-1.13,98.87,-1.13,988.7,-11.3,9887.0,-113.0,-3.74,96.26,-3.74,962.6,-37.4,9626.0,-374.0,-8.53,91.47,-8.53,914.7,-85.3,9147.0,-853.0,-4.23,95.77,-4.23,957.7,-42.3,9577.0,-423.0,4.0,104.0,4.0,1040.0,40.0,10400.0,400.0,,,,,,,,,,,,,,,,,,,,,,
RTX,RTX Corp,MegaCap,energy-industrial,NYSE,184,-0.34%,-1.77%,-7.28%,-0.49%,+9%,248.432,0.308,32.45,4.45,3383949,18791049,79377049,158.0,1.01,buy,1.83,-0.34,99.66,-0.34,996.6,-3.4,9966.0,-34.0,-1.77,98.23,-1.77,982.3,-17.7,9823.0,-177.0,-7.28,92.72,-7.28,927.2,-72.8,9272.0,-728.0,-0.49,99.51,-0.49,995.1,-4.9,9951.0,-49.0,9.0,109.0,9.0,1090.0,90.0,10900.0,900.0,,,,,,,,,,,,,,,,,,,,,,
BA,Boeing,MegaCap,energy-industrial,NYSE,193,-0.56%,+4.52%,-8.55%,-15.39%,-12%,152.32,1.257,68.83,6.46,6383321,54684721,170937121,,1.8,strong_buy,1.5,-0.56,99.44,-0.56,994.4,-5.6,9944.0,-56.0,4.52,104.52,4.52,1045.2,45.2,10452.0,452.0,-8.55,91.45,-8.55,914.5,-85.5,9145.0,-855.0,-15.39,84.61,-15.39,846.1,-153.9,8461.0,-1539.0,-12.0,88.0,-12.0,880.0,-120.0,8800.0,-1200.0,,,,,,,,,,,,,,,,,,,,,,
AMD,Advanced Micro Devices,MegaCap,tech-semis,NASDAQ,632,-0.20%,+3.93%,+24.92%,+182.70%,+211%,1031.316,2.454,161.16,23.69,13607612,83830612,447965412,,2.46,strong_buy,1.49,-0.2,99.8,-0.2,998.0,-2.0,9980.0,-20.0,3.93,103.93,3.93,1039.3,39.3,10393.0,393.0,24.92,124.92,24.92,1249.2,249.2,12492.0,2492.0,182.7,282.7,182.7,2827.0,1827.0,28270.0,18270.0,211.0,311.0,211.0,3110.0,2110.0,31100.0,21100.0,,,,,,,,,,,,,2,strong_buy,0.941,"Stifel raised PT to $700 on server strength [investing.com]; +182% YTD, 1M +24.64%, strong_buy consensus.",YTD +182%; 1M +24.64%; strong_buy consensus; Stifel PT $700,,,,,
QCOM,Qualcomm,MegaCap,tech-semis,NASDAQ,181,-2.36%,-3.57%,+3.85%,+6.15%,+10%,193.095,1.651,20.92,12.5,12256815,50720315,306254715,199.0,4.01,hold,2.57,-2.36,97.64,-2.36,976.4,-23.6,9764.0,-236.0,-3.57,96.43,-3.57,964.3,-35.7,9643.0,-357.0,3.85,103.85,3.85,1038.5,38.5,10385.0,385.0,6.15,106.15,6.15,1061.5,61.5,10615.0,615.0,10.0,110.0,10.0,1100.0,100.0,11000.0,1000.0,,,,,,,,,,,,,,,,,,,,,,
AVGO,Broadcom,MegaCap,tech-semis,NASDAQ,363,+2.09%,+3.70%,-1.46%,+4.86%,+6%,1730.489,1.476,46.3,22.52,21357358,109486558,489223358,73.0,1.11,strong_buy,1.26,2.09,102.09,2.09,1020.9,20.9,10209.0,209.0,3.7,103.7,3.7,1037.0,37.0,10370.0,370.0,-1.46,98.54,-1.46,985.4,-14.6,9854.0,-146.0,4.86,104.86,4.86,1048.6,48.6,10486.0,486.0,6.0,106.0,6.0,1060.0,60.0,10600.0,600.0,,,,,,,,,,,,,,,,,,,,,,
TSM,Taiwan Semiconductor,MegaCap,tech-semis,NYSE,486,+2.69%,+7.27%,+10.96%,+53.19%,+56%,2519.589,1.239,35.31,11.51,10881005,47926405,201825305,80.0,0.57,strong_buy,1.38,2.69,102.69,2.69,1026.9,26.9,10269.0,269.0,7.27,107.27,7.27,1072.7,72.7,10727.0,727.0,10.96,110.96,10.96,1109.6,109.6,11096.0,1096.0,53.19,153.19,53.19,1531.9,531.9,15319.0,5319.0,56.0,156.0,56.0,1560.0,560.0,15600.0,5600.0,,,,,,,,,,,,,4,buy,0.8,"Musk confirms discussions with TSMC for Terafab chip venture [morningstar.com]; +51.4% YTD, 1M +9.66%, P/E 34.88.",YTD +51.4%; 1M +9.66%; P/E 34.88; Terafab discussions,,,,,
ASML,ASML Holding,MegaCap,tech-semis,NASDAQ,1860,-0.32%,+4.99%,+5.38%,+60.58%,+79%,714.372,1.302,60.37,1.5,1385639,7010039,27359639,49.0,0.38,strong_buy,1.4,-0.32,99.68,-0.32,996.8,-3.2,9968.0,-32.0,4.99,104.99,4.99,1049.9,49.9,10499.0,499.0,5.38,105.38,5.38,1053.8,53.8,10538.0,538.0,60.58,160.58,60.58,1605.8,605.8,16058.0,6058.0,79.0,179.0,79.0,1790.0,790.0,17900.0,7900.0,,,,,,,,,,,,,5,strong_buy,0.8,"+60.08% YTD, 1M +5.06%, P/E 60.18, strong_buy consensus; EUV lithography monopoly benefits from AI chip demand.",YTD +60.08%; P/E 60.18; strong_buy consensus; EUV monopoly,,,,,
ARM,Arm Holdings,MegaCap,tech-semis,NASDAQ,303,-1.62%,+6.91%,+15.82%,+164.01%,+97%,323.497,3.789,312.27,5.35,2891460,22245860,117809160,,10.69,buy,1.93,-1.62,98.38,-1.62,983.8,-16.2,9838.0,-162.0,6.91,106.91,6.91,1069.1,69.1,10691.0,691.0,15.82,115.82,15.82,1158.2,158.2,11582.0,1582.0,164.01,264.01,164.01,2640.1,1640.1,26401.0,16401.0,97.0,197.0,97.0,1970.0,970.0,19700.0,9700.0,,,,,,,,,,,,,,,,,,,,,,
INTC,Intel,MegaCap,tech-semis,NASDAQ,116,-2.48%,+0.14%,+11.22%,+195.05%,+226%,614.193,2.23,,107.79,80977583,463338583,2225582983,,3.01,buy,2.47,-2.48,97.52,-2.48,975.2,-24.8,9752.0,-248.0,0.14,100.14,0.14,1001.4,1.4,10014.0,14.0,11.22,111.22,11.22,1112.2,112.2,11122.0,1122.0,195.05,295.05,195.05,2950.5,1950.5,29505.0,19505.0,226.0,326.0,226.0,3260.0,2260.0,32600.0,22600.0,,,,,,,,,,,,,,,,,,,,,,
2222.SR,Saudi Aramco,MegaCap,global-growth,TADAWUL,6.81,+0.39%,+0.08%,-1.54%,+11.17%,+2%,1647.04,0.016,15.12,8.05,11499467,43216963,165690428,534.0,,buy,2.11,0.39,100.39,0.39,1003.9,3.9,10039.0,39.0,0.08,100.08,0.08,1000.8,0.8,10008.0,8.0,-1.54,98.46,-1.54,984.6,-15.4,9846.0,-154.0,11.17,111.17,11.17,1111.7,111.7,11117.0,1117.0,2.0,102.0,2.0,1020.0,20.0,10200.0,200.0,,,,,,,,,,,,,,,,,,,,,,
BABA,Alibaba Group,MegaCap,global-growth,NYSE,111,+4.68%,+1.88%,-1.65%,-28.20%,-43%,275.642,0.463,26.83,10.98,9871490,37198890,165648990,99.0,1.68,strong_buy,1.32,4.68,104.68,4.68,1046.8,46.8,10468.0,468.0,1.88,101.88,1.88,1018.8,18.8,10188.0,188.0,-1.65,98.35,-1.65,983.5,-16.5,9835.0,-165.0,-28.2,71.8,-28.2,718.0,-282.0,7180.0,-2820.0,-43.0,57.0,-43.0,570.0,-430.0,5700.0,-4300.0,,,,,,,,,,,,,,,,,,,,,,
SAP,SAP SE,MegaCap,global-growth,NYSE,208,-0.40%,-0.75%,-1.77%,-10.79%,-24%,239.774,0.758,26.67,2.6,1347418,9537018,36661218,140.0,0.44,buy,1.62,-0.4,99.6,-0.4,996.0,-4.0,9960.0,-40.0,-0.75,99.25,-0.75,992.5,-7.5,9925.0,-75.0,-1.77,98.23,-1.77,982.3,-17.7,9823.0,-177.0,-10.79,89.21,-10.79,892.1,-107.9,8921.0,-1079.0,-24.0,76.0,-24.0,760.0,-240.0,7600.0,-2400.0,,,,,,,,,,,,,,,,,,,,,,
SONY,Sony Group,MegaCap,global-growth,NYSE,24,-0.90%,+0.90%,+0.04%,-9.04%,-21%,137.599,0.814,19.45,4.4,4756241,21235741,70247441,67.0,0.21,buy,1.75,-0.9,99.1,-0.9,991.0,-9.0,9910.0,-90.0,0.9,100.9,0.9,1009.0,9.0,10090.0,90.0,0.04,100.04,0.04,1000.4,0.4,10004.0,4.0,-9.04,90.96,-9.04,909.6,-90.4,9096.0,-904.0,-21.0,79.0,-21.0,790.0,-210.0,7900.0,-2100.0,,,,,,,,,,,,,,,,,,,,,,
TM,Toyota Motor,MegaCap,global-growth,NYSE,184,+1.31%,-2.22%,-3.83%,-15.49%,-9%,218.032,0.375,8.09,0.37,333048,1590848,6135748,345.0,0.09,strong_buy,1.5,1.31,101.31,1.31,1013.1,13.1,10131.0,131.0,-2.22,97.78,-2.22,977.8,-22.2,9778.0,-222.0,-3.83,96.17,-3.83,961.7,-38.3,9617.0,-383.0,-15.49,84.51,-15.49,845.1,-154.9,8451.0,-1549.0,-9.0,91.0,-9.0,910.0,-90.0,9100.0,-900.0,,,,,,,,,,,,,,,,,,,,,,
NVO,Novo Nordisk,MegaCap,global-growth,NYSE,38,+0.59%,-3.02%,-16.87%,-24.77%,-37%,165.761,0.384,9.18,12.35,18044587,71896487,292879587,481.0,0.83,hold,2.71,0.59,100.59,0.59,1005.9,5.9,10059.0,59.0,-3.02,96.98,-3.02,969.8,-30.2,9698.0,-302.0,-16.87,83.13,-16.87,831.3,-168.7,8313.0,-1687.0,-24.77,75.23,-24.77,752.3,-247.7,7523.0,-2477.0,-37.0,63.0,-37.0,630.0,-370.0,6300.0,-3700.0,,,,,,,,,,,,,,,,,,,,,,
HSBC,HSBC Holdings,MegaCap,global-growth,NYSE,97,+0.71%,-4.45%,-9.02%,+24.84%,+34%,330.773,0.58,13.81,1.34,1588657,10502057,31437457,390.0,,none,,0.71,100.71,0.71,1007.1,7.1,10071.0,71.0,-4.45,95.55,-4.45,955.5,-44.5,9555.0,-445.0,-9.02,90.98,-9.02,909.8,-90.2,9098.0,-902.0,24.84,124.84,24.84,1248.4,248.4,12484.0,2484.0,34.0,134.0,34.0,1340.0,340.0,13400.0,3400.0,,,,,,,,,,,,,,,,,,,,,,
AAPL,Apple,Tech,mega-cap,NASDAQ,332.89,-0.19%,-1.63%,+5.27%,+23.17%,+30%,4858.257,1.069,38.18,46.01,34328912,192347312,839406112,32.0,0.88,buy,2.2,-0.19,99.81,-0.19,998.1,-1.9,9981.0,-19.0,-1.63,98.37,-1.63,983.7,-16.3,9837.0,-163.0,5.27,105.27,5.27,1052.7,52.7,10527.0,527.0,23.17,123.17,23.17,1231.7,231.7,12317.0,2317.0,30.0,130.0,30.0,1300.0,300.0,13000.0,3000.0,,,,,,,,,,,,,,,,,,,,,,
MSFT,Microsoft,Tech,mega-cap,NASDAQ,525.18,+1.54%,+3.13%,+6.32%,+11.75%,-2%,3899.747,1.099,29.26,28.25,26287910,112388210,433266010,76.0,0.91,strong_buy,1.29,1.54,101.54,1.54,1015.4,15.4,10154.0,154.0,3.13,103.13,3.13,1031.3,31.3,10313.0,313.0,6.32,106.32,6.32,1063.2,63.2,10632.0,632.0,11.75,111.75,11.75,1117.5,117.5,11175.0,1175.0,-2.0,98.0,-2.0,980.0,-20.0,9800.0,-200.0,,,,,,,,,,,,,,,,,,,,,,
GOOGL,Alphabet (Google),Tech,mega-cap,NASDAQ,346.47,+0.94%,+1.09%,+2.40%,+10.15%,+37%,4237.305,1.211,17.38,27.12,24975488,140423588,549186488,26.0,1.49,strong_buy,1.38,0.94,100.94,0.94,1009.4,9.4,10094.0,94.0,1.09,101.09,1.09,1010.9,10.9,10109.0,109.0,2.4,102.4,2.4,1024.0,24.0,10240.0,240.0,10.15,110.15,10.15,1101.5,101.5,11015.0,1015.0,37.0,137.0,37.0,1370.0,370.0,13700.0,3700.0,,,,,,,,,,,,,,,,,,,,,,
AMZN,Amazon,Tech,mega-cap,NASDAQ,251.4,+0.01%,+2.13%,-2.17%,+10.99%,+14%,2711.679,1.456,20.23,39.19,37819808,180100308,710664808,,0.83,strong_buy,1.32,0.01,100.01,0.01,1000.1,0.1,10001.0,1.0,2.13,102.13,2.13,1021.3,21.3,10213.0,213.0,-2.17,97.83,-2.17,978.3,-21.7,9783.0,-217.0,10.99,110.99,10.99,1109.9,109.9,11099.0,1099.0,14.0,114.0,14.0,1140.0,140.0,11400.0,1400.0,,,,,,,,,,,,,,,,,,,,,,
META,Meta Platforms,Tech,mega-cap,NASDAQ,741.9,+1.98%,+3.67%,+21.03%,+14.36%,+2%,1889.995,1.185,27.95,19.37,14774510,83011910,472106610,29.0,1.41,strong_buy,1.41,1.98,101.98,1.98,1019.8,19.8,10198.0,198.0,3.67,103.67,3.67,1036.7,36.7,10367.0,367.0,21.03,121.03,21.03,1210.3,210.3,12103.0,2103.0,14.36,114.36,14.36,1143.6,143.6,11436.0,1436.0,2.0,102.0,2.0,1020.0,20.0,10200.0,200.0,,,,,,,,,,,,,3,strong_buy,0.85,"YTD +14.75%, 1M +21.44%, P/E 28.05, strong_buy consensus; solid momentum with reasonable valuation and strong fundamentals.",1M +21.44%; P/E 28.05; strong_buy consensus,,,,,
NVDA,NVIDIA,Tech,semiconductors,NASDAQ,238.9,+2.00%,+4.39%,+5.95%,+26.80%,+26%,5768.718,2.216,30.2,122.62,126384437,583117537,2190097937,43.0,1.27,strong_buy,1.3,2.0,102.0,2.0,1020.0,20.0,10200.0,200.0,4.39,104.39,4.39,1043.9,43.9,10439.0,439.0,5.95,105.95,5.95,1059.5,59.5,10595.0,595.0,26.8,126.8,26.8,1268.0,268.0,12680.0,2680.0,26.0,126.0,26.0,1260.0,260.0,12600.0,2600.0,,,,,,,,,,,,,,,,,,,,,,
AMD,Advanced Micro Devices,Tech,semiconductors,NASDAQ,631.75,-0.20%,+3.93%,+24.92%,+182.70%,+211%,1031.316,2.454,161.16,23.69,13607612,83830612,447965412,,2.46,strong_buy,1.49,-0.2,99.8,-0.2,998.0,-2.0,9980.0,-20.0,3.93,103.93,3.93,1039.3,39.3,10393.0,393.0,24.92,124.92,24.92,1249.2,249.2,12492.0,2492.0,182.7,282.7,182.7,2827.0,1827.0,28270.0,18270.0,211.0,311.0,211.0,3110.0,2110.0,31100.0,21100.0,,,,,,,,,,,,,5,strong_buy,0.94,"YTD +181.82%, 1M +24.53%, strong_buy; exceptional AI-driven growth though P/E 160.66 is elevated.",YTD +181.82%; 1M +24.53%; strong_buy consensus,,,,,
INTC,Intel,Tech,semiconductors,NASDAQ,116.19,-2.48%,+0.14%,+11.22%,+195.05%,+226%,614.193,2.23,,107.79,80977583,463338583,2225582983,,3.01,buy,2.47,-2.48,97.52,-2.48,975.2,-24.8,9752.0,-248.0,0.14,100.14,0.14,1001.4,1.4,10014.0,14.0,11.22,111.22,11.22,1112.2,112.2,11122.0,1122.0,195.05,295.05,195.05,2950.5,1950.5,29505.0,19505.0,226.0,326.0,226.0,3260.0,2260.0,32600.0,22600.0,,,,,,,,,,,,,,,,,,,,,,
TSM,Taiwan Semiconductor,Tech,semiconductors,NYSE,485.8,+2.69%,+7.27%,+10.96%,+53.19%,+56%,2519.589,1.239,35.31,11.51,10881005,47926405,201825305,80.0,0.57,strong_buy,1.38,2.69,102.69,2.69,1026.9,26.9,10269.0,269.0,7.27,107.27,7.27,1072.7,72.7,10727.0,727.0,10.96,110.96,10.96,1109.6,109.6,11096.0,1096.0,53.19,153.19,53.19,1531.9,531.9,15319.0,5319.0,56.0,156.0,56.0,1560.0,560.0,15600.0,5600.0,,,,,,,,,,,,,,,,,,,,,,
AVGO,Broadcom,Tech,semiconductors,NASDAQ,362.51,+2.09%,+3.70%,-1.46%,+4.86%,+6%,1730.488,1.476,46.3,22.52,21357358,109486558,489223358,73.0,1.11,strong_buy,1.26,2.09,102.09,2.09,1020.9,20.9,10209.0,209.0,3.7,103.7,3.7,1037.0,37.0,10370.0,370.0,-1.46,98.54,-1.46,985.4,-14.6,9854.0,-146.0,4.86,104.86,4.86,1048.6,48.6,10486.0,486.0,6.0,106.0,6.0,1060.0,60.0,10600.0,600.0,,,,,,,,,,,,,,,,,,,,,,
QCOM,Qualcomm,Tech,semiconductors,NASDAQ,180.79,-2.36%,-3.57%,+3.85%,+6.15%,+10%,193.094,1.651,20.92,12.5,12256815,50720315,306254715,199.0,4.01,hold,2.57,-2.36,97.64,-2.36,976.4,-23.6,9764.0,-236.0,-3.57,96.43,-3.57,964.3,-35.7,9643.0,-357.0,3.85,103.85,3.85,1038.5,38.5,10385.0,385.0,6.15,106.15,6.15,1061.5,61.5,10615.0,615.0,10.0,110.0,10.0,1100.0,100.0,11000.0,1000.0,,,,,,,,,,,,,,,,,,,,,,
ARM,Arm Holdings,Tech,semiconductors,NASDAQ,302.9,-1.62%,+6.91%,+15.82%,+164.01%,+97%,323.496,3.789,312.27,5.35,2891460,22245860,117809160,,10.69,buy,1.93,-1.62,98.38,-1.62,983.8,-16.2,9838.0,-162.0,6.91,106.91,6.91,1069.1,69.1,10691.0,691.0,15.82,115.82,15.82,1158.2,158.2,11582.0,1582.0,164.01,264.01,164.01,2640.1,1640.1,26401.0,16401.0,97.0,197.0,97.0,1970.0,970.0,19700.0,9700.0,,,,,,,,,,,,,10,buy,0.854,"YTD +165.25%, 1M +16.36%, analyst buy; very high momentum but P/E 313.74 and short interest 10.69% indicate risk.",YTD +165.25%; 1M +16.36%; buy consensus,,,,,
ASML,ASML Holding,Tech,semiconductors,NASDAQ,1859.86,-0.32%,+4.99%,+5.38%,+60.58%,+79%,714.372,1.302,60.37,1.5,1385639,7010039,27359639,49.0,0.38,strong_buy,1.4,-0.32,99.68,-0.32,996.8,-3.2,9968.0,-32.0,4.99,104.99,4.99,1049.9,49.9,10499.0,499.0,5.38,105.38,5.38,1053.8,53.8,10538.0,538.0,60.58,160.58,60.58,1605.8,605.8,16058.0,6058.0,79.0,179.0,79.0,1790.0,790.0,17900.0,7900.0,,,,,,,,,,,,,7,strong_buy,0.75,"YTD +60.08%, 1M +5.06%, P/E 60.18, strong_buy; key lithography supplier benefiting from semiconductor capex cycle.",YTD +60.08%; P/E 60.18; strong_buy consensus,,,,,
MU,Micron Technology,Tech,semiconductors,NASDAQ,1063.96,-0.49%,+0.95%,+6.37%,+237.51%,+463%,1201.63,2.226,14.31,33.81,17877625,141663825,509918025,6.0,2.45,strong_buy,1.37,-0.49,99.51,-0.49,995.1,-4.9,9951.0,-49.0,0.95,100.95,0.95,1009.5,9.5,10095.0,95.0,6.37,106.37,6.37,1063.7,63.7,10637.0,637.0,237.51,337.51,237.51,3375.1,2375.1,33751.0,23751.0,463.0,563.0,463.0,5630.0,4630.0,56300.0,46300.0,,,,,,,,,,,,,6,strong_buy,0.8,"YTD +237.99%, P/E 14.33, strong_buy; outstanding returns with low P/E, strong momentum in memory and storage.",YTD +237.99%; P/E 14.33; strong_buy consensus,,,,,
AMAT,Applied Materials,Tech,semiconductors,NASDAQ,542.28,+0.50%,+11.41%,+14.70%,+102.41%,+141%,430.352,1.591,46.79,7.29,4632077,30213277,125373377,39.0,1.78,strong_buy,1.45,0.5,100.5,0.5,1005.0,5.0,10050.0,50.0,11.41,111.41,11.41,1114.1,114.1,11141.0,1141.0,14.7,114.7,14.7,1147.0,147.0,11470.0,1470.0,102.41,202.41,102.41,2024.1,1024.1,20241.0,10241.0,141.0,241.0,141.0,2410.0,1410.0,24100.0,14100.0,,,,,,,,,,,,,4,strong_buy,0.8,"YTD +100.79%, 1M +13.78%, P/E 46.42, strong_buy; strong momentum in semiconductor equipment with reasonable valuation.",YTD +100.79%; 1M +13.78%; P/E 46.42; strong_buy consensus,,,,,
ORCL,Oracle,Tech,enterprise-software,NYSE,142.48,+0.08%,+7.45%,-12.33%,-26.50%,-51%,431.929,1.77,22.33,32.64,17008043,145828743,716086643,141.0,2.73,buy,1.58,0.08,100.08,0.08,1000.8,0.8,10008.0,8.0,7.45,107.45,7.45,1074.5,74.5,10745.0,745.0,-12.33,87.67,-12.33,876.7,-123.3,8767.0,-1233.0,-26.5,73.5,-26.5,735.0,-265.0,7350.0,-2650.0,-51.0,49.0,-51.0,490.0,-510.0,4900.0,-5100.0,,,,,,,,,,,,,,,,,,,,,,
CRM,Salesforce,Tech,enterprise-software,NYSE,229.79,-1.79%,+1.11%,-7.60%,-8.77%,-5%,189.117,1.256,21.02,13.62,6362014,48569514,237548814,75.0,4.54,buy,1.75,-1.79,98.21,-1.79,982.1,-17.9,9821.0,-179.0,1.11,101.11,1.11,1011.1,11.1,10111.0,111.0,-7.6,92.4,-7.6,924.0,-76.0,9240.0,-760.0,-8.77,91.23,-8.77,912.3,-87.7,9123.0,-877.0,-5.0,95.0,-5.0,950.0,-50.0,9500.0,-500.0,,,,,,,,,,,,,,,,,,,,,,
ADBE,Adobe,Tech,enterprise-software,NASDAQ,238.78,+0.63%,+3.37%,-7.18%,-28.36%,-32%,92.935,1.415,13.33,5.13,3288294,19784594,109413294,,5.3,hold,2.77,0.63,100.63,0.63,1006.3,6.3,10063.0,63.0,3.37,103.37,3.37,1033.7,33.7,10337.0,337.0,-7.18,92.82,-7.18,928.2,-71.8,9282.0,-718.0,-28.36,71.64,-28.36,716.4,-283.6,7164.0,-2836.0,-32.0,68.0,-32.0,680.0,-320.0,6800.0,-3200.0,,,,,,,,,,,,,,,,,,,,,,
NOW,ServiceNow,Tech,enterprise-software,NYSE,136.08,+1.44%,+3.52%,+1.39%,-7.71%,-26%,140.688,0.99,85.05,18.21,7099373,45278973,230914373,,2.79,strong_buy,1.43,1.44,101.44,1.44,1014.4,14.4,10144.0,144.0,3.52,103.52,3.52,1035.2,35.2,10352.0,352.0,1.39,101.39,1.39,1013.9,13.9,10139.0,139.0,-7.71,92.29,-7.71,922.9,-77.1,9229.0,-771.0,-26.0,74.0,-26.0,740.0,-260.0,7400.0,-2600.0,,,,,,,,,,,,,,,,,,,,,,
SNOW,Snowflake,Tech,enterprise-software,NYSE,338.99,-0.76%,+3.31%,+1.04%,+56.43%,+41%,119.596,1.351,,4.82,3265500,21591700,83257700,,5.45,strong_buy,1.48,-0.76,99.24,-0.76,992.4,-7.6,9924.0,-76.0,3.31,103.31,3.31,1033.1,33.1,10331.0,331.0,1.04,101.04,1.04,1010.4,10.4,10104.0,104.0,56.43,156.43,56.43,1564.3,564.3,15643.0,5643.0,41.0,141.0,41.0,1410.0,410.0,14100.0,4100.0,,,,,,,,,,,,,,,,,,,,,,
INTU,Intuit,Tech,enterprise-software,NASDAQ,284.68,+1.31%,+5.67%,-10.74%,-54.35%,-58%,76.076,1.009,17.3,3.97,2917555,17667255,73385655,196.0,3.02,buy,2.06,1.31,101.31,1.31,1013.1,13.1,10131.0,131.0,5.67,105.67,5.67,1056.7,56.7,10567.0,567.0,-10.74,89.26,-10.74,892.6,-107.4,8926.0,-1074.0,-54.35,45.65,-54.35,456.5,-543.5,4565.0,-5435.0,-58.0,42.0,-58.0,420.0,-580.0,4200.0,-5800.0,,,,,,,,,,,,,,,,,,,,,,
CRWD,CrowdStrike,Tech,cybersecurity,NASDAQ,272.67,+1.02%,+5.18%,+29.83%,+140.46%,+118%,279.197,1.197,4544.5,9.65,4829740,33516040,208157440,,2.77,buy,1.7,1.02,101.02,1.02,1010.2,10.2,10102.0,102.0,5.18,105.18,5.18,1051.8,51.8,10518.0,518.0,29.83,129.83,29.83,1298.3,298.3,12983.0,2983.0,140.46,240.46,140.46,2404.6,1404.6,24046.0,14046.0,118.0,218.0,118.0,2180.0,1180.0,21800.0,11800.0,,,,,,,,,,,,,1,buy,0.9,"YTD +139.53%, 1M +29.33%, analyst buy; Q2 revenue beat at $1.47B, raised FY net-new ARR growth by 630bps, and TD Cowen raised PT to $280 on strong AI-driven demand.",YTD +139.53%; 1M +29.33%; earnings beat & raised guidance; AI cybersecurity demand,,,,,
PANW,Palo Alto Networks,Tech,cybersecurity,NASDAQ,406.76,+0.68%,+3.74%,+20.71%,+126.77%,+90%,332.73,0.933,1016.9,6.35,4446125,25846325,124201125,,2.69,buy,1.71,0.68,100.68,0.68,1006.8,6.8,10068.0,68.0,3.74,103.74,3.74,1037.4,37.4,10374.0,374.0,20.71,120.71,20.71,1207.1,207.1,12071.0,2071.0,126.77,226.77,126.77,2267.7,1267.7,22677.0,12677.0,90.0,190.0,90.0,1900.0,900.0,19000.0,9000.0,,,,,,,,,,,,,2,buy,0.85,"YTD +125.39%, 1M +19.97%, analyst buy; BTIG raised PT to $425 expecting >17% revenue growth and >26% NGS ARR growth, with platform shift to high-growth solutions.",YTD +125.39%; 1M +19.97%; BTIG PT raise to $425; platform growth catalysts,,,,,
NET,Cloudflare,Tech,cybersecurity,NYSE,359.49,+3.03%,+1.55%,+26.45%,+83.39%,+58%,128.007,1.645,,3.39,3171071,13526171,63604471,,2.71,buy,1.97,3.03,103.03,3.03,1030.3,30.3,10303.0,303.0,1.55,101.55,1.55,1015.5,15.5,10155.0,155.0,26.45,126.45,26.45,1264.5,264.5,12645.0,2645.0,83.39,183.39,83.39,1833.9,833.9,18339.0,8339.0,58.0,158.0,58.0,1580.0,580.0,15800.0,5800.0,,,,,,,,,,,,,8,buy,0.7,"YTD +85.04%, 1M +27.58%, analyst buy; strong momentum in cloud security despite no P/E (negative earnings).",YTD +85.04%; 1M +27.58%; buy consensus,,,,,
FTNT,Fortinet,Tech,cybersecurity,NASDAQ,184.13,+1.66%,+4.42%,+16.93%,+136.43%,+109%,135.099,1.037,65.06,4.68,3057345,15031845,79522645,,2.26,hold,2.77,1.66,101.66,1.66,1016.6,16.6,10166.0,166.0,4.42,104.42,4.42,1044.2,44.2,10442.0,442.0,16.93,116.93,16.93,1169.3,169.3,11693.0,1693.0,136.43,236.43,136.43,2364.3,1364.3,23643.0,13643.0,109.0,209.0,109.0,2090.0,1090.0,20900.0,10900.0,,,,,,,,,,,,,,,,,,,,,,
NFLX,Netflix,Tech,consumer-platform,NASDAQ,67.5,+0.63%,-2.50%,-12.08%,-25.82%,-42%,281.066,1.613,21.23,37.15,36088428,187236928,712020028,,2.28,buy,1.8,0.63,100.63,0.63,1006.3,6.3,10063.0,63.0,-2.5,97.5,-2.5,975.0,-25.0,9750.0,-250.0,-12.08,87.92,-12.08,879.2,-120.8,8792.0,-1208.0,-25.82,74.18,-25.82,741.8,-258.2,7418.0,-2582.0,-42.0,58.0,-42.0,580.0,-420.0,5800.0,-4200.0,,,,,,,,,,,,,,,,,,,,,,
SHOP,Shopify,Tech,consumer-platform,NYSE,160.11,+5.92%,+11.18%,+19.40%,+1.85%,-8%,207.767,2.625,108.18,9.42,8790812,35172212,211356212,,1.36,buy,1.69,5.92,105.92,5.92,1059.2,59.2,10592.0,592.0,11.18,111.18,11.18,1111.8,111.8,11118.0,1118.0,19.4,119.4,19.4,1194.0,194.0,11940.0,1940.0,1.85,101.85,1.85,1018.5,18.5,10185.0,185.0,-8.0,92.0,-8.0,920.0,-80.0,9200.0,-800.0,,,,,,,,,,,,,9,buy,0.65,"1M +17.69%, 1W +9.59%, analyst buy; recent momentum surge though YTD flat and P/E 106.63.",1M +17.69%; 1W +9.59%; buy consensus,,,,,
SPOT,Spotify,Tech,consumer-platform,NYSE,483.05,+2.15%,-2.91%,-8.62%,-15.99%,-30%,99.307,1.614,27.76,1.68,1232359,7277659,28908159,,2.86,buy,1.56,2.15,102.15,2.15,1021.5,21.5,10215.0,215.0,-2.91,97.09,-2.91,970.9,-29.1,9709.0,-291.0,-8.62,91.38,-8.62,913.8,-86.2,9138.0,-862.0,-15.99,84.01,-15.99,840.1,-159.9,8401.0,-1599.0,-30.0,70.0,-30.0,700.0,-300.0,7000.0,-3000.0,,,,,,,,,,,,,,,,,,,,,,
UBER,Uber,Tech,consumer-platform,NYSE,69.48,+2.16%,+1.94%,-4.99%,-16.15%,-32%,141.918,1.265,15.24,17.95,16996770,80704470,385684470,,2.32,buy,1.58,2.16,102.16,2.16,1021.6,21.6,10216.0,216.0,1.94,101.94,1.94,1019.4,19.4,10194.0,194.0,-4.99,95.01,-4.99,950.1,-49.9,9501.0,-499.0,-16.15,83.85,-16.15,838.5,-161.5,8385.0,-1615.0,-32.0,68.0,-32.0,680.0,-320.0,6800.0,-3200.0,,,,,,,,,,,,,,,,,,,,,,
CSCO,Cisco Systems,Tech,hardware-infra,NASDAQ,112.82,+0.63%,+6.11%,+3.74%,+50.31%,+63%,444.802,0.979,33.88,19.58,17678851,76677151,372802251,150.0,1.46,buy,1.86,0.63,100.63,0.63,1006.3,6.3,10063.0,63.0,6.11,106.11,6.11,1061.1,61.1,10611.0,611.0,3.74,103.74,3.74,1037.4,37.4,10374.0,374.0,50.31,150.31,50.31,1503.1,503.1,15031.0,5031.0,63.0,163.0,63.0,1630.0,630.0,16300.0,6300.0,,,,,,,,,,,,,,,,,,,,,,
PLTR,Palantir Technologies,Tech,hardware-infra,NASDAQ,189.4,+0.26%,+1.02%,+11.22%,+12.83%,+5%,455.139,1.602,163.28,34.56,17670382,86071782,450267482,,2.8,buy,1.84,0.26,100.26,0.26,1002.6,2.6,10026.0,26.0,1.02,101.02,1.02,1010.2,10.2,10102.0,102.0,11.22,111.22,11.22,1112.2,112.2,11122.0,1122.0,12.83,112.83,12.83,1128.3,128.3,11283.0,1283.0,5.0,105.0,5.0,1050.0,50.0,10500.0,500.0,,,,,,,,,,,,,,,,,,,,,,
