ticker,company_name,sector,category,exchange,price_usd,change_1d,change_1w,change_1m,change_ytd,return_1yr,market_cap_usd_b,beta,pe_ratio,avg_volume_m,vol_1d,vol_1w,vol_1m,div_yield_pct,short_pct,analyst,analyst_score,pct_1d,val_100_1d,profit_100_1d,val_1000_1d,profit_1000_1d,val_10000_1d,profit_10000_1d,pct_1w,val_100_1w,profit_100_1w,val_1000_1w,profit_1000_1w,val_10000_1w,profit_10000_1w,pct_1m,val_100_1m,profit_100_1m,val_1000_1m,profit_1000_1m,val_10000_1m,profit_10000_1m,pct_ytd,val_100_ytd,profit_100_ytd,val_1000_ytd,profit_1000_ytd,val_10000_ytd,profit_10000_ytd,pct_1y,val_100_1y,profit_100_1y,val_1000_1y,profit_1000_1y,val_10000_1y,profit_10000_1y,news1_title,news1_publisher,news1_date,news1_sentiment,news2_title,news2_publisher,news2_date,news2_sentiment,news3_title,news3_publisher,news3_date,news3_sentiment,signal_rank,signal,signal_confidence,signal_rationale,signal_drivers,portfolio_held,portfolio_quantity,portfolio_avg_price,portfolio_ppl,portfolio_total_value
SNDK,SanDisk Corporation,AI,memory,NASDAQ,1719.99,-3.57%,-3.25%,+10.61%,+524.91%,+1292%,251.839,,23.3,13.18,8141704,36037404,196990404,,6.03,buy,1.52,-3.57,96.43,-3.57,964.3,-35.7,9643.0,-357.0,-3.25,96.75,-3.25,967.5,-32.5,9675.0,-325.0,10.61,110.61,10.61,1106.1,106.1,11061.0,1061.0,524.91,624.91,524.91,6249.1,5249.1,62491.0,52491.0,1292.0,1392.0,1292.0,13920.0,12920.0,139200.0,129200.0,,,,,,,,,,,,,,,,,,,,,,
WDC,Western Digital,AI,memory,NASDAQ,415.29,-10.10%,-9.09%,-5.92%,+121.49%,+252%,149.729,2.182,15.43,7.22,24651005,51318205,160397205,13.0,5.38,none,,-10.1,89.9,-10.1,899.0,-101.0,8990.0,-1010.0,-9.09,90.91,-9.09,909.1,-90.9,9091.0,-909.0,-5.92,94.08,-5.92,940.8,-59.2,9408.0,-592.0,121.49,221.49,121.49,2214.9,1214.9,22149.0,12149.0,252.0,352.0,252.0,3520.0,2520.0,35200.0,25200.0,,,,,,,,,,,,,,,,,,,,,,
285A,Kioxia Holdings,AI,memory,TSE,122.23,+1.15%,+3.80%,+13.53%,+410.13%,+827%,195.26,,18.94,116.11,41082900,229320300,1510379100,,,buy,1.56,1.15,101.15,1.15,1011.5,11.5,10115.0,115.0,3.8,103.8,3.8,1038.0,38.0,10380.0,380.0,13.53,113.53,13.53,1135.3,135.3,11353.0,1353.0,410.13,510.13,410.13,5101.3,4101.3,51013.0,41013.0,827.0,927.0,827.0,9270.0,8270.0,92700.0,82700.0,,,,,,,,,,,,,,,,,,,,,,
MU,Micron Technology,AI,memory,NASDAQ,1074.89,-1.40%,-0.68%,+12.18%,+240.98%,+484%,1213.974,,14.47,33.91,26523742,145312642,550765042,5.0,2.45,strong_buy,1.37,-1.4,98.6,-1.4,986.0,-14.0,9860.0,-140.0,-0.68,99.32,-0.68,993.2,-6.8,9932.0,-68.0,12.18,112.18,12.18,1121.8,121.8,11218.0,1218.0,240.98,340.98,240.98,3409.8,2409.8,34098.0,24098.0,484.0,584.0,484.0,5840.0,4840.0,58400.0,48400.0,,,,,,,,,,,,,10,strong_buy,0.8,"MU +237% YTD, +11% 1M, P/E 24, strong_buy, memory leader with strong fundamentals.",+237% YTD; P/E 24; strong_buy consensus,,,,,
STX,Seagate Technology,AI,memory,NASDAQ,848.99,-10.19%,-7.40%,+6.39%,+196.22%,+274%,193.054,2.087,61.08,4.41,13521412,25078212,88814312,31.0,4.59,none,,-10.19,89.81,-10.19,898.1,-101.9,8981.0,-1019.0,-7.4,92.6,-7.4,926.0,-74.0,9260.0,-740.0,6.39,106.39,6.39,1063.9,63.9,10639.0,639.0,196.22,296.22,196.22,2962.2,1962.2,29622.0,19622.0,274.0,374.0,274.0,3740.0,2740.0,37400.0,27400.0,,,,,,,,,,,,,,,,,,,,,,
MRVL,Marvell Technology,AI,memory,NASDAQ,272.29,+0.96%,+3.95%,+30.39%,+205.06%,+211%,244.708,2.253,89.86,22.37,14725646,79750046,371462546,9.0,4.18,strong_buy,1.43,0.96,100.96,0.96,1009.6,9.6,10096.0,96.0,3.95,103.95,3.95,1039.5,39.5,10395.0,395.0,30.39,130.39,30.39,1303.9,303.9,13039.0,3039.0,205.06,305.06,205.06,3050.6,2050.6,30506.0,20506.0,211.0,311.0,211.0,3110.0,2110.0,31100.0,21100.0,,,,,,,,,,,,,2,strong_buy,0.85,"MRVL +195% YTD, +24% 1M, strong_buy, Citi upgrade to $275 target ahead of Oct 6 Investor Day [fxleaders.com](https://www.fxleaders.com/news/2026/09/30/marvell-stock-citi-price-target-investor-day/).",+195% YTD; Citi upgrade; strong_buy consensus; AI networking demand,,,,,
P,Everpure,AI,memory,NYSE,140.14,+4.00%,+11.22%,+42.78%,+103.07%,+54%,46.698,1.434,194.64,4.44,4867493,21872093,157047393,,2.88,buy,1.55,4.0,104.0,4.0,1040.0,40.0,10400.0,400.0,11.22,111.22,11.22,1112.2,112.2,11122.0,1122.0,42.78,142.78,42.78,1427.8,427.8,14278.0,4278.0,103.07,203.07,103.07,2030.7,1030.7,20307.0,10307.0,54.0,154.0,54.0,1540.0,540.0,15400.0,5400.0,,,,,,,,,,,,,7,buy,0.65,"P +40% 1M, +17% 1W, +88% YTD, buy consensus, P/E 178.",+40% 1M momentum; +17% 1W; buy analyst,,,,,
RR.,Rolls-Royce Holdings,AI,nuclear-ops,LSE,19.56,+0.37%,-0.28%,+0.56%,+23.42%,+26%,1.61,1.188,41.03,18.41,10270507,73839046,359111592,82.0,,buy,1.6,0.37,100.37,0.37,1003.7,3.7,10037.0,37.0,-0.28,99.72,-0.28,997.2,-2.8,9972.0,-28.0,0.56,100.56,0.56,1005.6,5.6,10056.0,56.0,23.42,123.42,23.42,1234.2,234.2,12342.0,2342.0,26.0,126.0,26.0,1260.0,260.0,12600.0,2600.0,,,,,,,,,,,,,,,,,,,,,,
CEG,Constellation Energy,AI,nuclear-ops,NASDAQ,257.49,-0.77%,-2.20%,-9.67%,-29.38%,-28%,91.231,1.117,25.17,2.79,3662722,16325422,64345322,66.0,3.7,buy,1.55,-0.77,99.23,-0.77,992.3,-7.7,9923.0,-77.0,-2.2,97.8,-2.2,978.0,-22.0,9780.0,-220.0,-9.67,90.33,-9.67,903.3,-96.7,9033.0,-967.0,-29.38,70.62,-29.38,706.2,-293.8,7062.0,-2938.0,-28.0,72.0,-28.0,720.0,-280.0,7200.0,-2800.0,,,,,,,,,,,,,,,,,,,,,,
VST,Vistra Corp,AI,nuclear-ops,NYSE,140.02,+0.17%,+1.13%,-2.75%,-14.88%,-31%,46.996,1.414,23.61,4.47,12436078,34465278,108235378,66.0,3.35,strong_buy,1.35,0.17,100.17,0.17,1001.7,1.7,10017.0,17.0,1.13,101.13,1.13,1011.3,11.3,10113.0,113.0,-2.75,97.25,-2.75,972.5,-27.5,9725.0,-275.0,-14.88,85.12,-14.88,851.2,-148.8,8512.0,-1488.0,-31.0,69.0,-31.0,690.0,-310.0,6900.0,-3100.0,,,,,,,,,,,,,,,,,,,,,,
TLN,Talen Energy,AI,nuclear-ops,NASDAQ,320.77,-1.00%,+5.37%,+4.99%,-19.15%,-26%,15.172,1.63,,0.79,1112124,6121224,18048024,,6.33,buy,1.59,-1.0,99.0,-1.0,990.0,-10.0,9900.0,-100.0,5.37,105.37,5.37,1053.7,53.7,10537.0,537.0,4.99,104.99,4.99,1049.9,49.9,10499.0,499.0,-19.15,80.85,-19.15,808.5,-191.5,8085.0,-1915.0,-26.0,74.0,-26.0,740.0,-260.0,7400.0,-2600.0,,,,,,,,,,,,,,,,,,,,,,
BEP,Brookfield Renewable,AI,nuclear-ops,NYSE,28.35,-0.42%,+0.00%,-8.84%,+5.14%,+7%,13.791,0.978,,1.0,942982,5056282,24034782,552.0,0.46,buy,2.33,-0.42,99.58,-0.42,995.8,-4.2,9958.0,-42.0,0.0,100.0,0.0,1000.0,0.0,10000.0,0.0,-8.84,91.16,-8.84,911.6,-88.4,9116.0,-884.0,5.14,105.14,5.14,1051.4,51.4,10514.0,514.0,7.0,107.0,7.0,1070.0,70.0,10700.0,700.0,,,,,,,,,,,,,,,,,,,,,,
BEPC,Brookfield Renewable Corp,AI,nuclear-ops,NYSE,28.52,+0.01%,+0.18%,-9.46%,-26.25%,-21%,5.295,1.158,,1.78,2299195,10427795,39109895,550.0,,hold,2.86,0.01,100.01,0.01,1000.1,0.1,10001.0,1.0,0.18,100.18,0.18,1001.8,1.8,10018.0,18.0,-9.46,90.54,-9.46,905.4,-94.6,9054.0,-946.0,-26.25,73.75,-26.25,737.5,-262.5,7375.0,-2625.0,-21.0,79.0,-21.0,790.0,-210.0,7900.0,-2100.0,,,,,,,,,,,,,,,,,,,,,,
GEV,GE Vernova,AI,smr,NYSE,988.7,+0.17%,+3.24%,+4.98%,+45.76%,+66%,263.324,0.967,28.36,2.39,2129488,9981188,44513488,20.0,3.29,buy,1.54,0.17,100.17,0.17,1001.7,1.7,10017.0,17.0,3.24,103.24,3.24,1032.4,32.4,10324.0,324.0,4.98,104.98,4.98,1049.8,49.8,10498.0,498.0,45.76,145.76,45.76,1457.6,457.6,14576.0,4576.0,66.0,166.0,66.0,1660.0,660.0,16600.0,6600.0,,,,,,,,,,,,,,,,,,,,,,
BWXT,BWX Technologies,AI,smr,NYSE,134.86,-1.56%,-2.61%,-15.84%,-25.52%,-27%,12.356,0.743,34.94,1.04,1619798,7570798,24413398,77.0,4.42,buy,1.61,-1.56,98.44,-1.56,984.4,-15.6,9844.0,-156.0,-2.61,97.39,-2.61,973.9,-26.1,9739.0,-261.0,-15.84,84.16,-15.84,841.6,-158.4,8416.0,-1584.0,-25.52,74.48,-25.52,744.8,-255.2,7448.0,-2552.0,-27.0,73.0,-27.0,730.0,-270.0,7300.0,-2700.0,,,,,,,,,,,,,,,,,,,,,,
SMR,NuScale Power,AI,smr,NYSE,7.75,-0.90%,-7.96%,-20.51%,-52.48%,-81%*,3.18,2.309,,33.44,25847800,148584100,786288300,,20.64,hold,2.67,-0.9,99.1,-0.9,991.0,-9.0,9910.0,-90.0,-7.96,92.04,-7.96,920.4,-79.6,9204.0,-796.0,-20.51,79.49,-20.51,794.9,-205.1,7949.0,-2051.0,-52.48,47.52,-52.48,475.2,-524.8,4752.0,-5248.0,-81.0,19.0,-81.0,190.0,-810.0,1900.0,-8100.0,,,,,,,,,,,,,,,,,,,,,,
OKLO,Oklo Inc,AI,smr,NYSE,35.87,-0.94%,-5.70%,-9.96%,-53.89%,-72%*,6.672,1.195,,9.49,9460080,40280980,209705780,,20.52,buy,2.08,-0.94,99.06,-0.94,990.6,-9.4,9906.0,-94.0,-5.7,94.3,-5.7,943.0,-57.0,9430.0,-570.0,-9.96,90.04,-9.96,900.4,-99.6,9004.0,-996.0,-53.89,46.11,-53.89,461.1,-538.9,4611.0,-5389.0,-72.0,28.0,-72.0,280.0,-720.0,2800.0,-7200.0,,,,,,,,,,,,,,,,,,,,,,
NNE,NANO Nuclear Energy,AI,smr,NASDAQ,15.62,-0.89%,-8.06%,-11.50%,-43.43%,-65%*,0.838,5.399,,1.93,1712775,8192875,40047075,,34.89,buy,1.62,-0.89,99.11,-0.89,991.1,-8.9,9911.0,-89.0,-8.06,91.94,-8.06,919.4,-80.6,9194.0,-806.0,-11.5,88.5,-11.5,885.0,-115.0,8850.0,-1150.0,-43.43,56.57,-43.43,565.7,-434.3,5657.0,-4343.0,-65.0,35.0,-65.0,350.0,-650.0,3500.0,-6500.0,,,,,,,,,,,,,,,,,,,,,,
CCJ,Cameco Corporation,AI,uranium,NYSE,85.18,-0.39%,-3.28%,-15.34%,-13.58%,+2%,37.098,1.012,149.44,3.19,2805859,15273459,61012359,20.0,,buy,1.57,-0.39,99.61,-0.39,996.1,-3.9,9961.0,-39.0,-3.28,96.72,-3.28,967.2,-32.8,9672.0,-328.0,-15.34,84.66,-15.34,846.6,-153.4,8466.0,-1534.0,-13.58,86.42,-13.58,864.2,-135.8,8642.0,-1358.0,2.0,102.0,2.0,1020.0,20.0,10200.0,200.0,,,,,,,,,,,,,,,,,,,,,,
UEC,Uranium Energy Corp,AI,uranium,NYSE,9.3,-0.50%,-1.17%,-19.20%,-29.06%,-29%,4.609,1.236,,8.5,8788633,59817733,197006333,,14.6,buy,1.73,-0.5,99.5,-0.5,995.0,-5.0,9950.0,-50.0,-1.17,98.83,-1.17,988.3,-11.7,9883.0,-117.0,-19.2,80.8,-19.2,808.0,-192.0,8080.0,-1920.0,-29.06,70.94,-29.06,709.4,-290.6,7094.0,-2906.0,-29.0,71.0,-29.0,710.0,-290.0,7100.0,-2900.0,,,,,,,,,,,,,,,,,,,,,,
LEU,Centrus Energy,AI,uranium,NYSE,139.27,+0.69%,-5.30%,-18.30%,-48.89%,-60%,2.848,1.334,73.3,0.73,491009,2765209,15622809,,27.66,none,,0.69,100.69,0.69,1006.9,6.9,10069.0,69.0,-5.3,94.7,-5.3,947.0,-53.0,9470.0,-530.0,-18.3,81.7,-18.3,817.0,-183.0,8170.0,-1830.0,-48.89,51.11,-48.89,511.1,-488.9,5111.0,-4889.0,-60.0,40.0,-60.0,400.0,-600.0,4000.0,-6000.0,,,,,,,,,,,,,,,,,,,,,,
VRT,Vertiv Holdings,AI,power-infra,NYSE,252.18,+2.30%,-0.43%,-6.17%,+43.70%,+54%,97.086,2.075,56.04,5.28,3336969,18547369,110615969,10.0,3.68,strong_buy,1.38,2.3,102.3,2.3,1023.0,23.0,10230.0,230.0,-0.43,99.57,-0.43,995.7,-4.3,9957.0,-43.0,-6.17,93.83,-6.17,938.3,-61.7,9383.0,-617.0,43.7,143.7,43.7,1437.0,437.0,14370.0,4370.0,54.0,154.0,54.0,1540.0,540.0,15400.0,5400.0,,,,,,,,,,,,,,,,,,,,,,
ETN,Eaton Corporation,AI,power-infra,NYSE,436.11,-0.27%,-0.88%,+9.82%,+34.36%,+17%,169.385,1.168,44.32,2.1,2088721,9881921,43757521,101.0,2.0,buy,1.57,-0.27,99.73,-0.27,997.3,-2.7,9973.0,-27.0,-0.88,99.12,-0.88,991.2,-8.8,9912.0,-88.0,9.82,109.82,9.82,1098.2,98.2,10982.0,982.0,34.36,134.36,34.36,1343.6,343.6,13436.0,3436.0,17.0,117.0,17.0,1170.0,170.0,11700.0,1700.0,,,,,,,,,,,,,,,,,,,,,,
POWL,Powell Industries,AI,power-infra,NASDAQ,196.1,+2.18%,+3.47%,+11.95%,+67.10%,+88%,7.145,1.185,37.57,0.64,546885,2207885,11104285,19.0,9.75,buy,2.25,2.18,102.18,2.18,1021.8,21.8,10218.0,218.0,3.47,103.47,3.47,1034.7,34.7,10347.0,347.0,11.95,111.95,11.95,1119.5,119.5,11195.0,1195.0,67.1,167.1,67.1,1671.0,671.0,16710.0,6710.0,88.0,188.0,88.0,1880.0,880.0,18800.0,8800.0,,,,,,,,,,,,,,,,,,,,,,
EQIX,Equinix,AI,dc-operators,NASDAQ,1025.72,+1.32%,+1.75%,-1.45%,+36.28%,+30%,101.21,0.973,65.79,0.54,330015,2368015,10564315,204.0,1.97,strong_buy,1.5,1.32,101.32,1.32,1013.2,13.2,10132.0,132.0,1.75,101.75,1.75,1017.5,17.5,10175.0,175.0,-1.45,98.55,-1.45,985.5,-14.5,9855.0,-145.0,36.28,136.28,36.28,1362.8,362.8,13628.0,3628.0,30.0,130.0,30.0,1300.0,300.0,13000.0,3000.0,,,,,,,,,,,,,,,,,,,,,,
DLR,Digital Realty,AI,dc-operators,NYSE,178.55,+1.17%,-0.03%,-4.27%,+17.53%,+0%,67.432,1.037,87.1,2.37,1685985,8805685,39067585,277.0,,strong_buy,1.44,1.17,101.17,1.17,1011.7,11.7,10117.0,117.0,-0.03,99.97,-0.03,999.7,-0.3,9997.0,-3.0,-4.27,95.73,-4.27,957.3,-42.7,9573.0,-427.0,17.53,117.53,17.53,1175.3,175.3,11753.0,1753.0,0.0,100.0,0.0,1000.0,0.0,10000.0,0.0,,,,,,,,,,,,,,,,,,,,,,
AMT,American Tower,AI,dc-operators,NYSE,162.2,+0.71%,-3.00%,-7.76%,-4.36%,-15%,75.579,0.895,22.34,2.64,2876484,14396784,55721284,445.0,1.5,buy,1.52,0.71,100.71,0.71,1007.1,7.1,10071.0,71.0,-3.0,97.0,-3.0,970.0,-30.0,9700.0,-300.0,-7.76,92.24,-7.76,922.4,-77.6,9224.0,-776.0,-4.36,95.64,-4.36,956.4,-43.6,9564.0,-436.0,-15.0,85.0,-15.0,850.0,-150.0,8500.0,-1500.0,,,,,,,,,,,,,,,,,,,,,,
GOOGL,Alphabet (Google),AI,hyperscalers,NASDAQ,343.5,+1.27%,-0.12%,+0.36%,+9.21%,+38%,4200.982,1.225,17.24,27.17,22734069,133762269,567123069,26.0,1.49,strong_buy,1.38,1.27,101.27,1.27,1012.7,12.7,10127.0,127.0,-0.12,99.88,-0.12,998.8,-1.2,9988.0,-12.0,0.36,100.36,0.36,1003.6,3.6,10036.0,36.0,9.21,109.21,9.21,1092.1,92.1,10921.0,921.0,38.0,138.0,38.0,1380.0,380.0,13800.0,3800.0,,,,,,,,,,,,,,,,,,,,,,
MSFT,Microsoft,AI,hyperscalers,NASDAQ,517.53,+0.43%,+0.26%,+1.45%,+10.12%,-1%,3842.943,1.108,28.83,28.41,17179496,105103396,448581996,76.0,0.91,strong_buy,1.33,0.43,100.43,0.43,1004.3,4.3,10043.0,43.0,0.26,100.26,0.26,1002.6,2.6,10026.0,26.0,1.45,101.45,1.45,1014.5,14.5,10145.0,145.0,10.12,110.12,10.12,1101.2,101.2,11012.0,1012.0,-1.0,99.0,-1.0,990.0,-10.0,9900.0,-100.0,,,,,,,,,,,,,,,,,,,,,,
AMZN,Amazon,AI,hyperscalers,NASDAQ,251.52,+1.05%,+0.74%,-2.85%,+11.05%,+13%,2712.973,1.443,20.22,39.28,33047205,174531305,730140505,,0.83,strong_buy,1.32,1.05,101.05,1.05,1010.5,10.5,10105.0,105.0,0.74,100.74,0.74,1007.4,7.4,10074.0,74.0,-2.85,97.15,-2.85,971.5,-28.5,9715.0,-285.0,11.05,111.05,11.05,1110.5,110.5,11105.0,1105.0,13.0,113.0,13.0,1130.0,130.0,11300.0,1300.0,,,,,,,,,,,,,,,,,,,,,,
META,Meta Platforms,AI,hyperscalers,NASDAQ,728.08,+0.18%,-3.14%,+19.32%,+12.23%,+2%,1854.788,1.243,27.4,19.47,12873427,96109027,492963927,29.0,1.41,strong_buy,1.41,0.18,100.18,0.18,1001.8,1.8,10018.0,18.0,-3.14,96.86,-3.14,968.6,-31.4,9686.0,-314.0,19.32,119.32,19.32,1193.2,193.2,11932.0,1932.0,12.23,112.23,12.23,1122.3,122.3,11223.0,1223.0,2.0,102.0,2.0,1020.0,20.0,10200.0,200.0,,,,,,,,,,,,,1,strong_buy,0.9,"META rallies 29% in September on Muse AI strength [stocktwits.com](https://stocktwits.com/news-articles/markets/equity/meta-eyes-best-month-since-2013-on-muse-ai-strength/cZMFceURBhe), P/E 27, strong_buy consensus, Morningstar sees undervalued [simplywall.st](https://simplywall.st/stocks/us/media/nasdaq-meta/meta-platforms/news/meta-platforms-meta-enterprise-push-keeps-its-undervalued-na).",+29% 1M momentum; strong_buy analyst; Muse AI catalyst; Morningstar undervalued,,,,,
IREN,Iris Energy,AI,ai-compute,NASDAQ,41.76,+2.33%,-5.36%,+0.26%,-2.20%,-19%*,16.455,4.285,,42.68,41009657,164469057,759794557,,21.71,buy,1.6,2.33,102.33,2.33,1023.3,23.3,10233.0,233.0,-5.36,94.64,-5.36,946.4,-53.6,9464.0,-536.0,0.26,100.26,0.26,1002.6,2.6,10026.0,26.0,-2.2,97.8,-2.2,978.0,-22.0,9780.0,-220.0,-19.0,81.0,-19.0,810.0,-190.0,8100.0,-1900.0,,,,,,,,,,,,,,,,,,,,,,
CORZ,Core Scientific,AI,ai-compute,NASDAQ,16.45,+0.55%,-5.13%,-8.10%,+2.88%,-8%*,5.286,5.485,,11.88,10112257,58204357,238040057,,22.21,strong_buy,1.32,0.55,100.55,0.55,1005.5,5.5,10055.0,55.0,-5.13,94.87,-5.13,948.7,-51.3,9487.0,-513.0,-8.1,91.9,-8.1,919.0,-81.0,9190.0,-810.0,2.88,102.88,2.88,1028.8,28.8,10288.0,288.0,-8.0,92.0,-8.0,920.0,-80.0,9200.0,-800.0,,,,,,,,,,,,,,,,,,,,,,
WULF,TeraWulf,AI,ai-compute,NASDAQ,15.49,+3.68%,-1.59%,-4.56%,+21.59%,+25%*,7.728,4.248,,32.39,27867281,122634281,590734081,,28.55,strong_buy,1.29,3.68,103.68,3.68,1036.8,36.8,10368.0,368.0,-1.59,98.41,-1.59,984.1,-15.9,9841.0,-159.0,-4.56,95.44,-4.56,954.4,-45.6,9544.0,-456.0,21.59,121.59,21.59,1215.9,215.9,12159.0,2159.0,25.0,125.0,25.0,1250.0,250.0,12500.0,2500.0,,,,,,,,,,,,,,,,,,,,,,
HUT,Hut 8 Mining,AI,ai-compute,NASDAQ,89.63,+3.44%,-7.43%,+1.75%,+74.82%,+115%,11.048,5.976,,4.58,4614061,21141761,96325161,,14.79,strong_buy,1.36,3.44,103.44,3.44,1034.4,34.4,10344.0,344.0,-7.43,92.57,-7.43,925.7,-74.3,9257.0,-743.0,1.75,101.75,1.75,1017.5,17.5,10175.0,175.0,74.82,174.82,74.82,1748.2,748.2,17482.0,7482.0,115.0,215.0,115.0,2150.0,1150.0,21500.0,11500.0,,,,,,,,,,,,,,,,,,,,,,
SMCI,Super Micro Computer,AI,ai-compute,NASDAQ,43.69,+4.17%,+0.99%,+15.37%,+41.12%,-19%,28.703,1.996,13.4,44.63,42778087,155997587,803082787,,18.82,none,,4.17,104.17,4.17,1041.7,41.7,10417.0,417.0,0.99,100.99,0.99,1009.9,9.9,10099.0,99.0,15.37,115.37,15.37,1153.7,153.7,11537.0,1537.0,41.12,141.12,41.12,1411.2,411.2,14112.0,4112.0,-19.0,81.0,-19.0,810.0,-190.0,8100.0,-1900.0,,,,,,,,,,,,,,,,,,,,,,
DELL,Dell Technologies,AI,ai-compute,NYSE,562.52,+3.58%,-0.07%,+8.93%,+344.18%,+285%,357.657,1.409,32.76,7.71,5366986,29551386,190999186,47.0,4.68,buy,1.83,3.58,103.58,3.58,1035.8,35.8,10358.0,358.0,-0.07,99.93,-0.07,999.3,-0.7,9993.0,-7.0,8.93,108.93,8.93,1089.3,89.3,10893.0,893.0,344.18,444.18,344.18,4441.8,3441.8,44418.0,34418.0,285.0,385.0,285.0,3850.0,2850.0,38500.0,28500.0,,,,,,,,,,,,,9,strong_buy,0.891,"DELL +326% YTD, +18% 1M, P/E 32, buy consensus, AI compute exposure.",+326% YTD; AI compute play; buy analyst,,,,,
COHR,Coherent Corp,AI,fibre-optical,NYSE,337.04,+5.42%,+13.93%,+27.47%,+73.44%,+181%,66.004,2.104,81.81,6.25,7497949,36809549,141729549,,6.09,buy,1.58,5.42,105.42,5.42,1054.2,54.2,10542.0,542.0,13.93,113.93,13.93,1139.3,139.3,11393.0,1393.0,27.47,127.47,27.47,1274.7,274.7,12747.0,2747.0,73.44,173.44,73.44,1734.4,734.4,17344.0,7344.0,181.0,281.0,181.0,2810.0,1810.0,28100.0,18100.0,,,,,,,,,,,,,,,,,,,,,,
LITE,Lumentum Holdings,AI,fibre-optical,NASDAQ,1085.42,+3.62%,+15.27%,+28.09%,+181.12%,+538%,97.362,1.541,,4.65,4663824,26705024,101156724,,7.92,strong_buy,1.48,3.62,103.62,3.62,1036.2,36.2,10362.0,362.0,15.27,115.27,15.27,1152.7,152.7,11527.0,1527.0,28.09,128.09,28.09,1280.9,280.9,12809.0,2809.0,181.12,281.12,181.12,2811.2,1811.2,28112.0,18112.0,538.0,638.0,538.0,6380.0,5380.0,63800.0,53800.0,,,,,,,,,,,,,,,,,,,,,,
AAOI,Applied Optoelectronics,AI,fibre-optical,NASDAQ,115.59,+7.90%,+13.99%,+15.15%,+191.89%,+284%,9.814,3.783,,9.3,11004649,43623349,156409849,,15.02,none,,7.9,107.9,7.9,1079.0,79.0,10790.0,790.0,13.99,113.99,13.99,1139.9,139.9,11399.0,1399.0,15.15,115.15,15.15,1151.5,151.5,11515.0,1515.0,191.89,291.89,191.89,2918.9,1918.9,29189.0,19189.0,284.0,384.0,284.0,3840.0,2840.0,38400.0,28400.0,,,,,,,,,,,,,,,,,,,,,,
FN,Fabrinet,AI,fibre-optical,NYSE,463.69,+3.50%,+11.09%,+17.39%,-3.28%,+23%,16.617,1.208,35.53,0.87,659426,3946226,16065626,,5.69,buy,1.78,3.5,103.5,3.5,1035.0,35.0,10350.0,350.0,11.09,111.09,11.09,1110.9,110.9,11109.0,1109.0,17.39,117.39,17.39,1173.9,173.9,11739.0,1739.0,-3.28,96.72,-3.28,967.2,-32.8,9672.0,-328.0,23.0,123.0,23.0,1230.0,230.0,12300.0,2300.0,,,,,,,,,,,,,,,,,,,,,,
MTSI,MACOM Technology,AI,dsp-semi,NASDAQ,321.6,+6.28%,+12.62%,+23.72%,+83.81%,+137%,24.561,1.708,102.42,1.39,1351025,5421625,28057125,,4.35,buy,1.56,6.28,106.28,6.28,1062.8,62.8,10628.0,628.0,12.62,112.62,12.62,1126.2,126.2,11262.0,1262.0,23.72,123.72,23.72,1237.2,237.2,12372.0,2372.0,83.81,183.81,83.81,1838.1,838.1,18381.0,8381.0,137.0,237.0,137.0,2370.0,1370.0,23700.0,13700.0,,,,,,,,,,,,,,,,,,,,,,
SMTC,Semtech,AI,dsp-semi,NASDAQ,194.88,+4.42%,+6.90%,+43.93%,+158.94%,+159%,18.187,2.353,129.06,2.93,4908624,16094524,71978824,,8.53,strong_buy,1.19,4.42,104.42,4.42,1044.2,44.2,10442.0,442.0,6.9,106.9,6.9,1069.0,69.0,10690.0,690.0,43.93,143.93,43.93,1439.3,439.3,14393.0,4393.0,158.94,258.94,158.94,2589.4,1589.4,25894.0,15894.0,159.0,259.0,159.0,2590.0,1590.0,25900.0,15900.0,,,,,,,,,,,,,3,strong_buy,0.831,"SMTC +35% 1M, +139% YTD, strong_buy with best analyst score 1.19, P/E 116.",+35% 1M momentum; strong_buy (score 1.19); +139% YTD,,,,,
CRDO,Credo Technology,AI,dsp-semi,NASDAQ,218.64,+5.05%,+3.64%,+33.18%,+52.66%,+46%,41.094,3.228,76.99,6.82,10556496,42212496,190018596,,5.14,strong_buy,1.35,5.05,105.05,5.05,1050.5,50.5,10505.0,505.0,3.64,103.64,3.64,1036.4,36.4,10364.0,364.0,33.18,133.18,33.18,1331.8,331.8,13318.0,3318.0,52.66,152.66,52.66,1526.6,526.6,15266.0,5266.0,46.0,146.0,46.0,1460.0,460.0,14600.0,4600.0,,,,,,,,,,,,,,,,,,,,,,
MXL,MaxLinear,AI,dsp-semi,NASDAQ,105.93,+15.77%,+12.88%,+78.18%,+472.29%,+460%,9.607,3.945,,3.06,4760558,15365658,63583958,,7.46,buy,1.82,15.77,115.77,15.77,1157.7,157.7,11577.0,1577.0,12.88,112.88,12.88,1128.8,128.8,11288.0,1288.0,78.18,178.18,78.18,1781.8,781.8,17818.0,7818.0,472.29,572.29,472.29,5722.9,4722.9,57229.0,47229.0,460.0,560.0,460.0,5600.0,4600.0,56000.0,46000.0,,,,,,,,,,,,,4,strong_buy,1.0,"MXL +55% 1M, +401% YTD, buy consensus, riding AI optical-chip rally [kalkine.com](https://kalkine.com/news/technology/maxlinear-nasdaqmxl-stock-rockets-on-the-sp-smallcap-600-as-it-rides-ai-and-optical-chip-momentum-without-company-specific-news).",+55% 1M momentum; +401% YTD; AI optical-chip catalyst; buy analyst,,,,,
KEYS,Keysight Technologies,AI,test-equip,NYSE,384.64,+2.88%,+6.21%,+19.22%,+86.19%,+116%,65.483,1.208,51.98,1.24,1248141,5232841,21858941,,1.59,none,,2.88,102.88,2.88,1028.8,28.8,10288.0,288.0,6.21,106.21,6.21,1062.1,62.1,10621.0,621.0,19.22,119.22,19.22,1192.2,192.2,11922.0,1922.0,86.19,186.19,86.19,1861.9,861.9,18619.0,8619.0,116.0,216.0,116.0,2160.0,1160.0,21600.0,11600.0,,,,,,,,,,,,,8,buy,0.7,"KEYS +12% 1M, +75% YTD, P/E 49, buy consensus, beta 1.21.",+75% YTD; P/E 49; buy analyst,,,,,
VIAV,Viavi Solutions,AI,test-equip,NASDAQ,47.1,+5.39%,+15.78%,+40.05%,+159.50%,+252%,11.622,1.226,,4.98,10059066,35671866,126166666,,6.33,strong_buy,1.38,5.39,105.39,5.39,1053.9,53.9,10539.0,539.0,15.78,115.78,15.78,1157.8,157.8,11578.0,1578.0,40.05,140.05,40.05,1400.5,400.5,14005.0,4005.0,159.5,259.5,159.5,2595.0,1595.0,25950.0,15950.0,252.0,352.0,252.0,3520.0,2520.0,35200.0,25200.0,,,,,,,,,,,,,5,strong_buy,0.778,"VIAV +15% 1W, +15% 1M, +130% YTD, strong_buy, beta 1.23.",+15% 1W momentum; strong_buy consensus; +130% YTD,,,,,
AXTI,AXT Inc,AI,materials,NASDAQ,85.87,+5.21%,+8.78%,+52.79%,+412.35%,+1495%,5.631,1.92,2862.33,10.0,7315566,39822566,186308766,,14.03,none,,5.21,105.21,5.21,1052.1,52.1,10521.0,521.0,8.78,108.78,8.78,1087.8,87.8,10878.0,878.0,52.79,152.79,52.79,1527.9,527.9,15279.0,5279.0,412.35,512.35,412.35,5123.5,4123.5,51235.0,41235.0,1495.0,1595.0,1495.0,15950.0,14950.0,159500.0,149500.0,,,,,,,,,,,,,6,strong_buy,1.0,"AXTI +366% YTD, +29% 1M, earnings estimates upgraded [simplywall.st](https://simplywall.st/stocks/us/semiconductors/nasdaq-axti/axt/news/why-axt-stock-is-gaining-attention-after-earnings-estimate-u), but P/E 2606 high risk.",+366% YTD; earnings estimate upgrades; AI substrate demand,,,,,
AMGN,Amgen,Biotech,large-cap,NASDAQ,403.04,-1.21%,-2.79%,-9.25%,+25.53%,+37%,217.896,0.426,25.05,2.7,3503505,15789205,68383205,248.0,2.6,hold,2.65,-1.21,98.79,-1.21,987.9,-12.1,9879.0,-121.0,-2.79,97.21,-2.79,972.1,-27.9,9721.0,-279.0,-9.25,90.75,-9.25,907.5,-92.5,9075.0,-925.0,25.53,125.53,25.53,1255.3,255.3,12553.0,2553.0,37.0,137.0,37.0,1370.0,370.0,13700.0,3700.0,,,,,,,,,,,,,,,,,,,,,,
GILD,Gilead Sciences,Biotech,large-cap,NASDAQ,144.74,-2.53%,-4.10%,-3.75%,+21.17%,+31%,179.471,0.35,,6.24,4786436,24981036,122638936,222.0,1.48,buy,1.7,-2.53,97.47,-2.53,974.7,-25.3,9747.0,-253.0,-4.1,95.9,-4.1,959.0,-41.0,9590.0,-410.0,-3.75,96.25,-3.75,962.5,-37.5,9625.0,-375.0,21.17,121.17,21.17,1211.7,211.7,12117.0,2117.0,31.0,131.0,31.0,1310.0,310.0,13100.0,3100.0,,,,,,,,,,,,,4,buy,0.75,"YTD +26.65%, buy rating an_score 1.70, large cap with 2.15% dividend yield and low beta 0.35, providing stability and income.",buy consensus; dividend yield 2.15%; YTD +27%; low beta 0.35,,,,,
REGN,Regeneron Pharmaceuticals,Biotech,large-cap,NASDAQ,735.2,-0.22%,-6.71%,-12.84%,-4.93%,+22%,75.693,0.193,18.19,0.75,612910,4482210,15598710,51.0,2.6,buy,1.85,-0.22,99.78,-0.22,997.8,-2.2,9978.0,-22.0,-6.71,93.29,-6.71,932.9,-67.1,9329.0,-671.0,-12.84,87.16,-12.84,871.6,-128.4,8716.0,-1284.0,-4.93,95.07,-4.93,950.7,-49.3,9507.0,-493.0,22.0,122.0,22.0,1220.0,220.0,12200.0,2200.0,,,,,,,,,,,,,,,,,,,,,,
VRTX,Vertex Pharmaceuticals,Biotech,large-cap,NASDAQ,504.73,-0.67%,-4.08%,-9.54%,+11.63%,+26%,127.929,0.32,29.62,1.22,936622,4789322,20999522,,2.1,buy,1.66,-0.67,99.33,-0.67,993.3,-6.7,9933.0,-67.0,-4.08,95.92,-4.08,959.2,-40.8,9592.0,-408.0,-9.54,90.46,-9.54,904.6,-95.4,9046.0,-954.0,11.63,111.63,11.63,1116.3,116.3,11163.0,1163.0,26.0,126.0,26.0,1260.0,260.0,12600.0,2600.0,,,,,,,,,,,,,6,buy,0.75,"YTD +16.50%, P/E 30.71, buy rating an_score 1.66, large cap with low beta 0.32 and strong CF franchise.",buy consensus; P/E 30.7; low beta 0.32; stable large cap,,,,,
BIIB,Biogen,Biotech,large-cap,NASDAQ,219.88,-1.04%,-3.39%,-2.06%,+23.65%,+39%,32.488,0.171,39.62,1.09,774024,6576124,21907224,,4.39,buy,1.89,-1.04,98.96,-1.04,989.6,-10.4,9896.0,-104.0,-3.39,96.61,-3.39,966.1,-33.9,9661.0,-339.0,-2.06,97.94,-2.06,979.4,-20.6,9794.0,-206.0,23.65,123.65,23.65,1236.5,236.5,12365.0,2365.0,39.0,139.0,39.0,1390.0,390.0,13900.0,3900.0,,,,,,,,,,,,,5,buy,0.7,"YTD +27.70%, 1M +4.81%, P/E 40.4 (premium for pipeline), buy rating an_score 1.89, with recent neuroscience momentum.",YTD +28%; 1M +4.8%; buy consensus; P/E 40.4,,,,,
BMY,Bristol-Myers Squibb,Biotech,large-cap,NYSE,61.15,-0.86%,-2.72%,-10.19%,+16.87%,+35%,124.912,0.227,13.47,11.03,9638721,66128621,245722521,410.0,2.06,buy,2.46,-0.86,99.14,-0.86,991.4,-8.6,9914.0,-86.0,-2.72,97.28,-2.72,972.8,-27.2,9728.0,-272.0,-10.19,89.81,-10.19,898.1,-101.9,8981.0,-1019.0,16.87,116.87,16.87,1168.7,168.7,11687.0,1687.0,35.0,135.0,35.0,1350.0,350.0,13500.0,3500.0,,,,,,,,,,,,,9,buy,0.7,"YTD +20.14%, P/E 14.06 (value), dividend yield 3.94%, buy rating an_score 2.46, offering income and reasonable valuation.",P/E 14.1; dividend 3.94%; YTD +20%; buy consensus,,,,,
AZN,AstraZeneca,Biotech,uk-listed,LSE,157.16,-1.53%,-5.43%,-0.89%,-12.65%,-5%,2.438,0.205,23.55,3.41,1624678,13484023,70774000,199.0,,buy,1.72,-1.53,98.47,-1.53,984.7,-15.3,9847.0,-153.0,-5.43,94.57,-5.43,945.7,-54.3,9457.0,-543.0,-0.89,99.11,-0.89,991.1,-8.9,9911.0,-89.0,-12.65,87.35,-12.65,873.5,-126.5,8735.0,-1265.0,-5.0,95.0,-5.0,950.0,-50.0,9500.0,-500.0,,,,,,,,,,,,,,,,,,,,,,
GSK,GSK,Biotech,uk-listed,LSE,23.56,-0.86%,-3.86%,-4.41%,-2.81%,+10%,0.944,0.29,15.08,6.71,5430034,36671709,140915442,379.0,,hold,2.52,-0.86,99.14,-0.86,991.4,-8.6,9914.0,-86.0,-3.86,96.14,-3.86,961.4,-38.6,9614.0,-386.0,-4.41,95.59,-4.41,955.9,-44.1,9559.0,-441.0,-2.81,97.19,-2.81,971.9,-28.1,9719.0,-281.0,10.0,110.0,10.0,1100.0,100.0,11000.0,1000.0,,,,,,,,,,,,,,,,,,,,,,
CRSP,CRISPR Therapeutics,Biotech,gene-editing,NASDAQ,55.43,+0.76%,+2.21%,-1.88%,+3.09%,-18%,5.36,1.76,,1.58,1126027,6194827,33905727,,22.58,buy,2.05,0.76,100.76,0.76,1007.6,7.6,10076.0,76.0,2.21,102.21,2.21,1022.1,22.1,10221.0,221.0,-1.88,98.12,-1.88,981.2,-18.8,9812.0,-188.0,3.09,103.09,3.09,1030.9,30.9,10309.0,309.0,-18.0,82.0,-18.0,820.0,-180.0,8200.0,-1800.0,,,,,,,,,,,,,,,,,,,,,,
BEAM,Beam Therapeutics,Biotech,gene-editing,NASDAQ,24.5,+0.20%,+0.95%,-16.84%,-9.73%,-5%,2.53,2.226,,1.98,1497342,7656942,41952742,,38.75,strong_buy,1.33,0.2,100.2,0.2,1002.0,2.0,10020.0,20.0,0.95,100.95,0.95,1009.5,9.5,10095.0,95.0,-16.84,83.16,-16.84,831.6,-168.4,8316.0,-1684.0,-9.73,90.27,-9.73,902.7,-97.3,9027.0,-973.0,-5.0,95.0,-5.0,950.0,-50.0,9500.0,-500.0,,,,,,,,,,,,,,,,,,,,,,
NTLA,Intellia Therapeutics,Biotech,gene-editing,NASDAQ,12.26,+0.66%,+4.34%,-3.31%,+33.12%,-39%,1.719,1.819,,3.98,4504275,25572675,93071775,,41.97,buy,2.26,0.66,100.66,0.66,1006.6,6.6,10066.0,66.0,4.34,104.34,4.34,1043.4,43.4,10434.0,434.0,-3.31,96.69,-3.31,966.9,-33.1,9669.0,-331.0,33.12,133.12,33.12,1331.2,331.2,13312.0,3312.0,-39.0,61.0,-39.0,610.0,-390.0,6100.0,-3900.0,,,,,,,,,,,,,,,,,,,,,,
EDIT,Editas Medicine,Biotech,gene-editing,NASDAQ,2.62,+1.95%,+1.55%,-14.94%,+27.80%,-36%*,0.403,2.087,,2.48,2161529,9101929,64170929,,19.54,buy,1.92,1.95,101.95,1.95,1019.5,19.5,10195.0,195.0,1.55,101.55,1.55,1015.5,15.5,10155.0,155.0,-14.94,85.06,-14.94,850.6,-149.4,8506.0,-1494.0,27.8,127.8,27.8,1278.0,278.0,12780.0,2780.0,-36.0,64.0,-36.0,640.0,-360.0,6400.0,-3600.0,,,,,,,,,,,,,,,,,,,,,,
ILMN,Illumina,Biotech,genomics,NASDAQ,273.04,+1.61%,+1.13%,+23.18%,+103.23%,+160%,41.23,1.467,50.94,2.59,2618634,12716834,84895534,,11.47,buy,2.43,1.61,101.61,1.61,1016.1,16.1,10161.0,161.0,1.13,101.13,1.13,1011.3,11.3,10113.0,113.0,23.18,123.18,23.18,1231.8,231.8,12318.0,2318.0,103.23,203.23,103.23,2032.3,1032.3,20323.0,10323.0,160.0,260.0,160.0,2600.0,1600.0,26000.0,16000.0,,,,,,,,,,,,,2,buy,0.8,"YTD +102.46%, 1M +27.32%, P/E 50.65 reflecting growth, buy rating with an_score 2.43, and strong genomics sector positioning.",YTD +102%; 1M +27%; buy consensus; high revenue growth,,,,,
PACB,Pacific Biosciences,Biotech,genomics,NASDAQ,2.54,+1.61%,+56.79%,+95.38%,+38.04%,+68%*,0.789,2.31,,8.55,25971269,180929469,273917169,,18.08,buy,2.12,1.61,101.61,1.61,1016.1,16.1,10161.0,161.0,56.79,156.79,56.79,1567.9,567.9,15679.0,5679.0,95.38,195.38,95.38,1953.8,953.8,19538.0,9538.0,38.04,138.04,38.04,1380.4,380.4,13804.0,3804.0,68.0,168.0,68.0,1680.0,680.0,16800.0,6800.0,,,,,,,,,,,,,,,,,,,,,,
NTRA,Natera,Biotech,genomics,NASDAQ,410.35,+0.46%,-0.54%,+25.23%,+79.32%,+144%,59.149,1.534,,1.38,1871888,9282888,33891688,,3.43,strong_buy,1.39,0.46,100.46,0.46,1004.6,4.6,10046.0,46.0,-0.54,99.46,-0.54,994.6,-5.4,9946.0,-54.0,25.23,125.23,25.23,1252.3,252.3,12523.0,2523.0,79.32,179.32,79.32,1793.2,793.2,17932.0,7932.0,144.0,244.0,144.0,2440.0,1440.0,24400.0,14400.0,,,,,,,,,,,,,1,strong_buy,0.85,"YTD +81.14%, 1M +28.75%, strong_buy consensus with an_score 1.46, and robust short-term momentum from genomics tailwinds.",YTD +81%; strong_buy consensus; 1M momentum +28.8%; low short interest 3.43%,,,,,
RXRX,Recursion Pharmaceuticals,Biotech,genomics,NASDAQ,4.12,+0.44%,+10.16%,+19.77%,-1.90%,-26%*,2.21,1.071,,19.17,18807196,103699996,442379196,,34.95,buy,2.43,0.44,100.44,0.44,1004.4,4.4,10044.0,44.0,10.16,110.16,10.16,1101.6,101.6,11016.0,1016.0,19.77,119.77,19.77,1197.7,197.7,11977.0,1977.0,-1.9,98.1,-1.9,981.0,-19.0,9810.0,-190.0,-26.0,74.0,-26.0,740.0,-260.0,7400.0,-2600.0,,,,,,,,,,,,,,,,,,,,,,
INCY,Incyte,Biotech,oncology,NASDAQ,115.3,-1.03%,-6.93%,-9.92%,+13.69%,+35%,23.371,0.77,14.69,1.6,2169074,9299474,33313474,,8.39,buy,2.29,-1.03,98.97,-1.03,989.7,-10.3,9897.0,-103.0,-6.93,93.07,-6.93,930.7,-69.3,9307.0,-693.0,-9.92,90.08,-9.92,900.8,-99.2,9008.0,-992.0,13.69,113.69,13.69,1136.9,136.9,11369.0,1369.0,35.0,135.0,35.0,1350.0,350.0,13500.0,3500.0,,,,,,,,,,,,,,,,,,,,,,
EXEL,Exelixis,Biotech,oncology,NASDAQ,58.39,+2.08%,+0.40%,-1.25%,+33.98%,+45%,14.468,0.422,18.36,2.36,1972056,9928656,44604156,,14.56,buy,2.33,2.08,102.08,2.08,1020.8,20.8,10208.0,208.0,0.4,100.4,0.4,1004.0,4.0,10040.0,40.0,-1.25,98.75,-1.25,987.5,-12.5,9875.0,-125.0,33.98,133.98,33.98,1339.8,339.8,13398.0,3398.0,45.0,145.0,45.0,1450.0,450.0,14500.0,4500.0,,,,,,,,,,,,,3,buy,0.8,"YTD +34.58%, P/E 18.33 (reasonable), buy rating an_score 2.37, and consistent oncology momentum with low beta 0.422.",P/E 18.3; YTD +35%; buy consensus; low beta,,,,,
ALNY,Alnylam Pharmaceuticals,Biotech,oncology,NASDAQ,219.72,-5.11%,-14.16%,-16.93%,-45.09%,-49%,29.4,0.3,38.35,1.83,1661624,6658124,29608024,,7.16,buy,1.69,-5.11,94.89,-5.11,948.9,-51.1,9489.0,-511.0,-14.16,85.84,-14.16,858.4,-141.6,8584.0,-1416.0,-16.93,83.07,-16.93,830.7,-169.3,8307.0,-1693.0,-45.09,54.91,-45.09,549.1,-450.9,5491.0,-4509.0,-49.0,51.0,-49.0,510.0,-490.0,5100.0,-4900.0,,,,,,,,,,,,,,,,,,,,,,
RCUS,Arcus Biosciences,Biotech,oncology,NYSE,24.44,-3.74%,-2.12%,-18.88%,+4.94%,+89%*,3.074,0.812,,1.31,1041904,6268304,36212304,,17.71,strong_buy,1.31,-3.74,96.26,-3.74,962.6,-37.4,9626.0,-374.0,-2.12,97.88,-2.12,978.8,-21.2,9788.0,-212.0,-18.88,81.12,-18.88,811.2,-188.8,8112.0,-1888.0,4.94,104.94,4.94,1049.4,49.4,10494.0,494.0,89.0,189.0,89.0,1890.0,890.0,18900.0,8900.0,,,,,,,,,,,,,8,strong_buy,0.65,"YTD +10.13%, strong_buy rating with an_score 1.43, oncology small-cap with high analyst conviction and recent 2.56% 1D gain.",strong_buy consensus; an_score 1.43; YTD +10%; oncology catalyst,,,,,
MRNA,Moderna,Biotech,mrna,NASDAQ,190.01,+0.43%,-4.46%,+27.63%,+515.72%,+563%,75.859,1.106,,17.23,10252553,72976553,304420253,,10.06,hold,2.83,0.43,100.43,0.43,1004.3,4.3,10043.0,43.0,-4.46,95.54,-4.46,955.4,-44.6,9554.0,-446.0,27.63,127.63,27.63,1276.3,276.3,12763.0,2763.0,515.72,615.72,515.72,6157.2,5157.2,61572.0,51572.0,563.0,663.0,563.0,6630.0,5630.0,66300.0,56300.0,,,,,,,,,,,,,,,,,,,,,,
BNTX,BioNTech,Biotech,mrna,NASDAQ,96.9,+0.02%,-1.64%,-5.81%,+0.22%,-8%,24.341,1.293,,1.15,681350,3864550,17891850,,3.48,buy,1.7,0.02,100.02,0.02,1000.2,0.2,10002.0,2.0,-1.64,98.36,-1.64,983.6,-16.4,9836.0,-164.0,-5.81,94.19,-5.81,941.9,-58.1,9419.0,-581.0,0.22,100.22,0.22,1002.2,2.2,10022.0,22.0,-8.0,92.0,-8.0,920.0,-80.0,9200.0,-800.0,,,,,,,,,,,,,,,,,,,,,,
NVAX,Novavax,Biotech,mrna,NASDAQ,10.46,-2.24%,-1.60%,+1.16%,+46.70%,+12%*,1.725,2.45,,4.46,4022676,20259376,109576876,,30.43,buy,2.33,-2.24,97.76,-2.24,977.6,-22.4,9776.0,-224.0,-1.6,98.4,-1.6,984.0,-16.0,9840.0,-160.0,1.16,101.16,1.16,1011.6,11.6,10116.0,116.0,46.7,146.7,46.7,1467.0,467.0,14670.0,4670.0,12.0,112.0,12.0,1120.0,120.0,11200.0,1200.0,,,,,,,,,,,,,10,buy,0.55,"YTD +51.75%, 1M +15.47%, buy rating an_score 2.33, strong near-term momentum despite high short interest 30.43% and beta 2.45.",YTD +52%; 1M +15.5%; buy consensus; high momentum,,,,,
BMRN,BioMarin Pharmaceutical,Biotech,rare-disease,NASDAQ,57.18,-1.02%,-5.11%,-13.92%,-3.82%,+5%,11.069,0.238,154.54,1.96,2194469,10240269,41906269,,5.22,buy,1.74,-1.02,98.98,-1.02,989.8,-10.2,9898.0,-102.0,-5.11,94.89,-5.11,948.9,-51.1,9489.0,-511.0,-13.92,86.08,-13.92,860.8,-139.2,8608.0,-1392.0,-3.82,96.18,-3.82,961.8,-38.2,9618.0,-382.0,5.0,105.0,5.0,1050.0,50.0,10500.0,500.0,,,,,,,,,,,,,,,,,,,,,,
SRPT,Sarepta Therapeutics,Biotech,rare-disease,NASDAQ,17.5,-0.96%,-6.27%,-23.88%,-17.88%,-22%,1.848,0.261,,3.0,2551533,11065633,59814533,,28.86,hold,2.75,-0.96,99.04,-0.96,990.4,-9.6,9904.0,-96.0,-6.27,93.73,-6.27,937.3,-62.7,9373.0,-627.0,-23.88,76.12,-23.88,761.2,-238.8,7612.0,-2388.0,-17.88,82.12,-17.88,821.2,-178.8,8212.0,-1788.0,-22.0,78.0,-22.0,780.0,-220.0,7800.0,-2200.0,,,,,,,,,,,,,,,,,,,,,,
COAG,Hemab Therapeutics,Biotech,rare-disease,NASDAQ,31.11,+0.16%,-10.45%,-29.89%,-8.50%,-9%,1.454,,,0.46,354146,2457646,12729746,,,none,,0.16,100.16,0.16,1001.6,1.6,10016.0,16.0,-10.45,89.55,-10.45,895.5,-104.5,8955.0,-1045.0,-29.89,70.11,-29.89,701.1,-298.9,7011.0,-2989.0,-8.5,91.5,-8.5,915.0,-85.0,9150.0,-850.0,-9.0,91.0,-9.0,910.0,-90.0,9100.0,-900.0,,,,,,,,,,,,,,,,,,,,,,
NVO,Novo Nordisk,Biotech,metabolic,NYSE,37.32,-0.27%,-3.81%,-21.45%,-25.21%,-37%,164.79,0.344,9.47,12.38,10147743,65192943,289726443,480.0,0.83,hold,2.71,-0.27,99.73,-0.27,997.3,-2.7,9973.0,-27.0,-3.81,96.19,-3.81,961.9,-38.1,9619.0,-381.0,-21.45,78.55,-21.45,785.5,-214.5,7855.0,-2145.0,-25.21,74.79,-25.21,747.9,-252.1,7479.0,-2521.0,-37.0,63.0,-37.0,630.0,-370.0,6300.0,-3700.0,,,,,,,,,,,,,,,,,,,,,,
LLY,Eli Lilly,Biotech,metabolic,NYSE,1142.85,-0.66%,-3.43%,-1.44%,+6.30%,+37%,1019.127,0.502,38.38,2.5,2020098,11229598,47631198,60.0,0.84,buy,1.63,-0.66,99.34,-0.66,993.4,-6.6,9934.0,-66.0,-3.43,96.57,-3.43,965.7,-34.3,9657.0,-343.0,-1.44,98.56,-1.44,985.6,-14.4,9856.0,-144.0,6.3,106.3,6.3,1063.0,63.0,10630.0,630.0,37.0,137.0,37.0,1370.0,370.0,13700.0,3700.0,,,,,,,,,,,,,7,buy,0.8,"YTD +10.18%, P/E 39.83, buy rating an_score 1.63, mega-cap with dominant metabolic portfolio and low short interest 0.84%.",buy consensus; mega-cap; low short interest; metabolic leader,,,,,
LEGN,Legend Biotech,Biotech,neuroscience,NASDAQ,18.57,-3.15%,-2.83%,-14.62%,-13.67%,-40%,3.612,0.402,,2.34,2528902,11396802,48471602,,17.8,buy,2.15,-3.15,96.85,-3.15,968.5,-31.5,9685.0,-315.0,-2.83,97.17,-2.83,971.7,-28.3,9717.0,-283.0,-14.62,85.38,-14.62,853.8,-146.2,8538.0,-1462.0,-13.67,86.33,-13.67,863.3,-136.7,8633.0,-1367.0,-40.0,60.0,-40.0,600.0,-400.0,6000.0,-4000.0,,,,,,,,,,,,,,,,,,,,,,
IONS,Ionis Pharmaceuticals,Biotech,neuroscience,NASDAQ,43.54,-1.05%,-2.16%,-25.10%,-45.35%,-36%,7.236,0.419,,3.78,2311609,14600109,96189509,,16.65,buy,1.83,-1.05,98.95,-1.05,989.5,-10.5,9895.0,-105.0,-2.16,97.84,-2.16,978.4,-21.6,9784.0,-216.0,-25.1,74.9,-25.1,749.0,-251.0,7490.0,-2510.0,-45.35,54.65,-45.35,546.5,-453.5,5465.0,-4535.0,-36.0,64.0,-36.0,640.0,-360.0,6400.0,-3600.0,,,,,,,,,,,,,,,,,,,,,,
BTC,Bitcoin,Crypto,bitcoin,Crypto,84534.2701,-0.33%,+0.59%,+9.39%,-3.41%,-3%,1698.515,,,30654.86,33100807361,214583997545,952767997386,,,,,-0.33,99.67,-0.33,996.7,-3.3,9967.0,-33.0,0.59,100.59,0.59,1005.9,5.9,10059.0,59.0,9.39,109.39,9.39,1093.9,93.9,10939.0,939.0,-3.41,96.59,-3.41,965.9,-34.1,9659.0,-341.0,-3.0,97.0,-3.0,970.0,-30.0,9700.0,-300.0,,,,,,,,,,,,,,,,,,,,,,
ETH,Ethereum,Crypto,layer1,Crypto,2668.855091,-1.36%,-0.82%,+11.72%,-10.04%,-10%,325.864,,,12742.84,13688689734,89199914399,431249615883,,,,,-1.36,98.64,-1.36,986.4,-13.6,9864.0,-136.0,-0.82,99.18,-0.82,991.8,-8.2,9918.0,-82.0,11.72,111.72,11.72,1117.2,117.2,11172.0,1172.0,-10.04,89.96,-10.04,899.6,-100.4,8996.0,-1004.0,-10.0,90.0,-10.0,900.0,-100.0,9000.0,-1000.0,,,,,,,,,,,,,,,,,,,,,,
SOL,Solana,Crypto,layer1,Crypto,118.671696,+0.26%,-2.75%,+18.29%,-4.69%,-5%,69.796,,,4238.14,4256541061,29666979231,113652348624,,,,,0.26,100.26,0.26,1002.6,2.6,10026.0,26.0,-2.75,97.25,-2.75,972.5,-27.5,9725.0,-275.0,18.29,118.29,18.29,1182.9,182.9,11829.0,1829.0,-4.69,95.31,-4.69,953.1,-46.9,9531.0,-469.0,-5.0,95.0,-5.0,950.0,-50.0,9500.0,-500.0,,,,,,,,,,,,,,,,,,,,,,
BNB,BNB,Crypto,layer1,Crypto,768.264581,-0.33%,-1.10%,+11.73%,-10.99%,-11%,102.302,,,850.73,685058979,5955106728,32140481656,,,,,-0.33,99.67,-0.33,996.7,-3.3,9967.0,-33.0,-1.1,98.9,-1.1,989.0,-11.0,9890.0,-110.0,11.73,111.73,11.73,1117.3,117.3,11173.0,1173.0,-10.99,89.01,-10.99,890.1,-109.9,8901.0,-1099.0,-11.0,89.0,-11.0,890.0,-110.0,8900.0,-1100.0,,,,,,,,,,,,,,,,,,,,,,
ADA,Cardano,Crypto,layer1,Crypto,0.244515,-0.67%,-5.45%,+21.92%,-26.50%,-26%,8.995,,,545.99,490844848,3821924547,15674877370,,,,,-0.67,99.33,-0.67,993.3,-6.7,9933.0,-67.0,-5.45,94.55,-5.45,945.5,-54.5,9455.0,-545.0,21.92,121.92,21.92,1219.2,219.2,12192.0,2192.0,-26.5,73.5,-26.5,735.0,-265.0,7350.0,-2650.0,-26.0,74.0,-26.0,740.0,-260.0,7400.0,-2600.0,,,,,,,,,,,,,,,,,,,,,,
AVAX,Avalanche,Crypto,layer1,Crypto,10.805288,-1.80%,+1.38%,+50.47%,-12.21%,-12%,4.789,,,659.03,514280400,4613194176,14625340743,,,,,-1.8,98.2,-1.8,982.0,-18.0,9820.0,-180.0,1.38,101.38,1.38,1013.8,13.8,10138.0,138.0,50.47,150.47,50.47,1504.7,504.7,15047.0,5047.0,-12.21,87.79,-12.21,877.9,-122.1,8779.0,-1221.0,-12.0,88.0,-12.0,880.0,-120.0,8800.0,-1200.0,,,,,,,,,,,,,3,buy,0.85,"AVAX surged +54.75% in the past month and +3.71% today, driven by Goldman Sachs bringing a $100B treasury fund to an AVAX-based network, a major institutional catalyst.",Goldman Sachs $100B fund; +54.75% 1m; institutional adoption; positive news sentiment 0.052,,,,,
XRP,XRP,Crypto,payments,Crypto,1.485664,-0.53%,-5.32%,+10.09%,-19.23%,-19%,93.735,,,3631.16,2268201503,25418108151,99224407193,,,,,-0.53,99.47,-0.53,994.7,-5.3,9947.0,-53.0,-5.32,94.68,-5.32,946.8,-53.2,9468.0,-532.0,10.09,110.09,10.09,1100.9,100.9,11009.0,1009.0,-19.23,80.77,-19.23,807.7,-192.3,8077.0,-1923.0,-19.0,81.0,-19.0,810.0,-190.0,8100.0,-1900.0,,,,,,,,,,,,,,,,,,,,,,
XLM,Stellar,Crypto,payments,Crypto,0.21539,-1.70%,-2.24%,+23.06%,+7.36%,+7%,7.551,,,404.05,217089568,2828349732,8157723997,,,,,-1.7,98.3,-1.7,983.0,-17.0,9830.0,-170.0,-2.24,97.76,-2.24,977.6,-22.4,9776.0,-224.0,23.06,123.06,23.06,1230.6,230.6,12306.0,2306.0,7.36,107.36,7.36,1073.6,73.6,10736.0,736.0,7.0,107.0,7.0,1070.0,70.0,10700.0,700.0,,,,,,,,,,,,,,,,,,,,,,
TRX,TRON,Crypto,payments,Crypto,0.334612,-0.06%,-1.06%,+2.93%,+17.67%,+18%,31.781,,,358.87,425795956,2512096850,11716752042,,,,,-0.06,99.94,-0.06,999.4,-0.6,9994.0,-6.0,-1.06,98.94,-1.06,989.4,-10.6,9894.0,-106.0,2.93,102.93,2.93,1029.3,29.3,10293.0,293.0,17.67,117.67,17.67,1176.7,176.7,11767.0,1767.0,18.0,118.0,18.0,1180.0,180.0,11800.0,1800.0,,,,,,,,,,,,,,,,,,,,,,
SUI,Sui,Crypto,emerging,Crypto,1.147041,-2.17%,-3.97%,+54.00%,-18.22%,-18%,4.724,,,1186.95,777615390,8308655388,24312183228,,,,,-2.17,97.83,-2.17,978.3,-21.7,9783.0,-217.0,-3.97,96.03,-3.97,960.3,-39.7,9603.0,-397.0,54.0,154.0,54.0,1540.0,540.0,15400.0,5400.0,-18.22,81.78,-18.22,817.8,-182.2,8178.0,-1822.0,-18.0,82.0,-18.0,820.0,-180.0,8200.0,-1800.0,,,,,,,,,,,,,2,strong_buy,0.88,"SUI shows strong momentum with +61.44% 1-month return and +13.47% 1-week, a golden cross forming, open interest exceeding $1 billion, and Raoul Pal predicting elite status among smart contract platforms (Blockonomi).",golden cross formation; OI >$1B; Raoul Pal endorsement; $1.00 support holds,,,,,
HBAR,Hedera,Crypto,emerging,Crypto,0.102514,-0.14%,+7.37%,+37.53%,-3.46%,-3%,4.51,,,407.55,185761014,2852844178,5096709175,,,,,-0.14,99.86,-0.14,998.6,-1.4,9986.0,-14.0,7.37,107.37,7.37,1073.7,73.7,10737.0,737.0,37.53,137.53,37.53,1375.3,375.3,13753.0,3753.0,-3.46,96.54,-3.46,965.4,-34.6,9654.0,-346.0,-3.0,97.0,-3.0,970.0,-30.0,9700.0,-300.0,,,,,,,,,,,,,,,,,,,,,,
ALGO,Algorand,Crypto,emerging,Crypto,0.127583,+4.36%,+9.70%,+37.23%,+15.79%,+16%,1.156,,,125.78,161440802,880450179,1957557709,,,,,4.36,104.36,4.36,1043.6,43.6,10436.0,436.0,9.7,109.7,9.7,1097.0,97.0,10970.0,970.0,37.23,137.23,37.23,1372.3,372.3,13723.0,3723.0,15.79,115.79,15.79,1157.9,157.9,11579.0,1579.0,16.0,116.0,16.0,1160.0,160.0,11600.0,1600.0,,,,,,,,,,,,,4,buy,0.82,"ALGO offers a compelling risk/reward at $0.12 with +44.81% 1-month return, smart money accumulating per open interest surging 14.37%, and a 60% probability bull case targeting $0.14 (Blockchain.news).",smart money loading; OI surge 14.37%; $0.12 critical support; bullish MA structure,,,,,
MINA,Mina,Crypto,emerging,Crypto,0.163012,+8.17%,+15.80%,+129.56%,+115.78%,+116%,0.21,,,13.97,13058400,97757834,548389671,,,,,8.17,108.17,8.17,1081.7,81.7,10817.0,817.0,15.8,115.8,15.8,1158.0,158.0,11580.0,1580.0,129.56,229.56,129.56,2295.6,1295.6,22956.0,12956.0,115.78,215.78,115.78,2157.8,1157.8,21578.0,11578.0,116.0,216.0,116.0,2160.0,1160.0,21600.0,11600.0,,,,,,,,,,,,,5,buy,0.75,"MINA leads in YTD performance with +89% and an extraordinary +123.71% 1-month return, reflecting strong momentum despite a small $0.184B market cap and recent -6.08% daily dip.",+89% YTD; +123.71% 1m; high beta small cap; momentum continuation,,,,,
POL,Polygon (MATIC),Crypto,infra,Crypto,0.107113,-0.57%,-7.98%,+15.88%,+6.64%,+7%,1.138,,,120.6,92969517,844229286,2732712715,,,,,-0.57,99.43,-0.57,994.3,-5.7,9943.0,-57.0,-7.98,92.02,-7.98,920.2,-79.8,9202.0,-798.0,15.88,115.88,15.88,1158.8,158.8,11588.0,1588.0,6.64,106.64,6.64,1066.4,66.4,10664.0,664.0,7.0,107.0,7.0,1070.0,70.0,10700.0,700.0,,,,,,,,,,,,,,,,,,,,,,
DOT,Polkadot,Crypto,infra,Crypto,1.154445,-1.99%,-4.77%,+33.19%,-35.50%,-36%,1.969,,,211.25,179563503,1478749350,6107364865,,,,,-1.99,98.01,-1.99,980.1,-19.9,9801.0,-199.0,-4.77,95.23,-4.77,952.3,-47.7,9523.0,-477.0,33.19,133.19,33.19,1331.9,331.9,13319.0,3319.0,-35.5,64.5,-35.5,645.0,-355.0,6450.0,-3550.0,-36.0,64.0,-36.0,640.0,-360.0,6400.0,-3600.0,,,,,,,,,,,,,8,buy,0.7,"DOT rallies +44.53% in the past month and +2.81% today, recovering from a deeply oversold -33% YTD; the sharp bounce suggests a potential trend reversal.",+44.53% 1m; oversold YTD -33%; trend reversal potential; infra category,,,,,
LINK,Chainlink,Crypto,infra,Crypto,13.80588,-3.98%,-0.84%,+24.38%,+13.22%,+13%,10.328,,,743.88,417204293,5207127491,26887329455,,,,,-3.98,96.02,-3.98,960.2,-39.8,9602.0,-398.0,-0.84,99.16,-0.84,991.6,-8.4,9916.0,-84.0,24.38,124.38,24.38,1243.8,243.8,12438.0,2438.0,13.22,113.22,13.22,1132.2,132.2,11322.0,1322.0,13.0,113.0,13.0,1130.0,130.0,11300.0,1300.0,,,,,,,,,,,,,,,,,,,,,,
DOGE,Dogecoin,Crypto,meme,Crypto,0.092984,-1.37%,-6.09%,+14.00%,-20.72%,-21%,14.521,,,971.18,1013021907,6798278262,29488010893,,,,,-1.37,98.63,-1.37,986.3,-13.7,9863.0,-137.0,-6.09,93.91,-6.09,939.1,-60.9,9391.0,-609.0,14.0,114.0,14.0,1140.0,140.0,11400.0,1400.0,-20.72,79.28,-20.72,792.8,-207.2,7928.0,-2072.0,-21.0,79.0,-21.0,790.0,-210.0,7900.0,-2100.0,,,,,,,,,,,,,,,,,,,,,,
PEPE,Pepe,Crypto,meme,Crypto,4e-06,-4.06%,-5.34%,+24.23%,+5.43%,+5%,1.76,,,296.64,313315209,2076508060,9812563096,,,,,-4.06,95.94,-4.06,959.4,-40.6,9594.0,-406.0,-5.34,94.66,-5.34,946.6,-53.4,9466.0,-534.0,24.23,124.23,24.23,1242.3,242.3,12423.0,2423.0,5.43,105.43,5.43,1054.3,54.3,10543.0,543.0,5.0,105.0,5.0,1050.0,50.0,10500.0,500.0,,,,,,,,,,,,,,,,,,,,,,
TAO,Bittensor,Crypto,ai,Crypto,292.457903,-3.48%,-7.94%,+34.94%,+33.74%,+34%,3.386,,,298.64,208895570,2090460258,7846314808,,,,,-3.48,96.52,-3.48,965.2,-34.8,9652.0,-348.0,-7.94,92.06,-7.94,920.6,-79.4,9206.0,-794.0,34.94,134.94,34.94,1349.4,349.4,13494.0,3494.0,33.74,133.74,33.74,1337.4,337.4,13374.0,3374.0,34.0,134.0,34.0,1340.0,340.0,13400.0,3400.0,,,,,,,,,,,,,,,,,,,,,,
FET,ASI Alliance,Crypto,ai,Crypto,0.218261,-5.35%,-11.17%,+43.98%,+9.84%,+10%,0.511,,,155.27,174325669,1086907595,3342506994,,,,,-5.35,94.65,-5.35,946.5,-53.5,9465.0,-535.0,-11.17,88.83,-11.17,888.3,-111.7,8883.0,-1117.0,43.98,143.98,43.98,1439.8,439.8,14398.0,4398.0,9.84,109.84,9.84,1098.4,98.4,10984.0,984.0,10.0,110.0,10.0,1100.0,100.0,11000.0,1000.0,,,,,,,,,,,,,10,buy,0.66,"FET gains +45.08% in 1-month and +3.01% weekly, supported by the AI ecosystem theme; at $0.507B market cap it remains undervalued relative to peers.",+45.08% 1m; AI narrative; undervalued cap $0.507B; positive momentum,,,,,
RNDR,Render,Crypto,ai,Crypto,1.973853,+3.59%,+1.38%,+40.24%,+53.71%,+54%,1.024,,,82.17,49547119,575201552,1872205090,,,,,3.59,103.59,3.59,1035.9,35.9,10359.0,359.0,1.38,101.38,1.38,1013.8,13.8,10138.0,138.0,40.24,140.24,40.24,1402.4,402.4,14024.0,4024.0,53.71,153.71,53.71,1537.1,537.1,15371.0,5371.0,54.0,154.0,54.0,1540.0,540.0,15400.0,5400.0,,,,,,,,,,,,,,,,,,,,,,
OCEAN,Ocean Protocol,Crypto,ai,Crypto,0.153323,+0.41%,-7.65%,+11.75%,+1.82%,+2%,,,,0.16,317827,1146503,3429651,,,,,0.41,100.41,0.41,1004.1,4.1,10041.0,41.0,-7.65,92.35,-7.65,923.5,-76.5,9235.0,-765.0,11.75,111.75,11.75,1117.5,117.5,11175.0,1175.0,1.82,101.82,1.82,1018.2,18.2,10182.0,182.0,2.0,102.0,2.0,1020.0,20.0,10200.0,200.0,,,,,,,,,,,,,,,,,,,,,,
GRT,The Graph,Crypto,ai,Crypto,0.028606,+1.79%,+1.75%,+76.88%,-13.96%,-14%,0.313,,,39.1,15116863,273675312,717361625,,,,,1.79,101.79,1.79,1017.9,17.9,10179.0,179.0,1.75,101.75,1.75,1017.5,17.5,10175.0,175.0,76.88,176.88,76.88,1768.8,768.8,17688.0,7688.0,-13.96,86.04,-13.96,860.4,-139.6,8604.0,-1396.0,-14.0,86.0,-14.0,860.0,-140.0,8600.0,-1400.0,,,,,,,,,,,,,7,buy,0.72,"GRT posted an impressive +74.05% 1-month gain on a low $0.312B market cap, capturing AI sector rotation; despite -14% YTD, short-term momentum is powerful.",+74.05% 1m; low market cap $0.312B; AI sector tailwind; high momentum,,,,,
AGIX,SingularityNET,Crypto,ai,Crypto,0.087582,+1.27%,+4.11%,+33.09%,+2.14%,+2%,,,,0.0,1969,13780,5977479,,,,,1.27,101.27,1.27,1012.7,12.7,10127.0,127.0,4.11,104.11,4.11,1041.1,41.1,10411.0,411.0,33.09,133.09,33.09,1330.9,330.9,13309.0,3309.0,2.14,102.14,2.14,1021.4,21.4,10214.0,214.0,2.0,102.0,2.0,1020.0,20.0,10200.0,200.0,,,,,,,,,,,,,,,,,,,,,,
NMR,Numeraire,Crypto,ai,Crypto,11.803931,+3.86%,+21.58%,+36.59%,+23.54%,+24%,0.09,,,41.53,14302930,290706557,425491511,,,,,3.86,103.86,3.86,1038.6,38.6,10386.0,386.0,21.58,121.58,21.58,1215.8,215.8,12158.0,2158.0,36.59,136.59,36.59,1365.9,365.9,13659.0,3659.0,23.54,123.54,23.54,1235.4,235.4,12354.0,2354.0,24.0,124.0,24.0,1240.0,240.0,12400.0,2400.0,,,,,,,,,,,,,,,,,,,,,,
ALT,AltLayer,Crypto,ai,Crypto,0.007905,+3.27%,-2.36%,+30.39%,-30.96%,-31%,0.058,,,5.19,3891110,36310562,167511747,,,,,3.27,103.27,3.27,1032.7,32.7,10327.0,327.0,-2.36,97.64,-2.36,976.4,-23.6,9764.0,-236.0,30.39,130.39,30.39,1303.9,303.9,13039.0,3039.0,-30.96,69.04,-30.96,690.4,-309.6,6904.0,-3096.0,-31.0,69.0,-31.0,690.0,-310.0,6900.0,-3100.0,,,,,,,,,,,,,,,,,,,,,,
AIOZ,AIOZ Network,Crypto,ai,Crypto,0.109589,-2.62%,-11.78%,+101.14%,+26.48%,+26%,0.14,,,6.27,6274875,,,,,,,-2.62,97.38,-2.62,973.8,-26.2,9738.0,-262.0,-11.78,88.22,-11.78,882.2,-117.8,8822.0,-1178.0,101.14,201.14,101.14,2011.4,1011.4,20114.0,10114.0,26.48,126.48,26.48,1264.8,264.8,12648.0,2648.0,26.0,126.0,26.0,1260.0,260.0,12600.0,2600.0,,,,,,,,,,,,,9,buy,0.68,"AIOZ shows explosive +94.14% 1-month performance with $0.141B market cap, riding the AI narrative; recent -11.57% weekly pullback offers a dip entry opportunity.",+94.14% 1m; AI sector play; small cap momentum; dip after run,,,,,
ARKM,Arkham,Crypto,ai,Crypto,0.131396,-0.20%,-5.28%,+24.24%,-25.53%,-26%,0.03,,,37.95,37947547,,,,,,,-0.2,99.8,-0.2,998.0,-2.0,9980.0,-20.0,-5.28,94.72,-5.28,947.2,-52.8,9472.0,-528.0,24.24,124.24,24.24,1242.4,242.4,12424.0,2424.0,-25.53,74.47,-25.53,744.7,-255.3,7447.0,-2553.0,-26.0,74.0,-26.0,740.0,-260.0,7400.0,-2600.0,,,,,,,,,,,,,,,,,,,,,,
WLD,Worldcoin,Crypto,ai,Crypto,0.557489,+10.35%,+12.33%,+53.51%,+15.89%,+16%,2.115,,,643.36,643356308,,,,,,,10.35,110.35,10.35,1103.5,103.5,11035.0,1035.0,12.33,112.33,12.33,1123.3,123.3,11233.0,1233.0,53.51,153.51,53.51,1535.1,535.1,15351.0,5351.0,15.89,115.89,15.89,1158.9,158.9,11589.0,1589.0,16.0,116.0,16.0,1160.0,160.0,11600.0,1600.0,,,,,,,,,,,,,,,,,,,,,,
NEAR,NEAR Protocol,Crypto,ai,Crypto,4.695381,-2.46%,-5.32%,+149.05%,+210.46%,+210%,6.141,,,1165.92,1165917631,,,,,,,-2.46,97.54,-2.46,975.4,-24.6,9754.0,-246.0,-5.32,94.68,-5.32,946.8,-53.2,9468.0,-532.0,149.05,249.05,149.05,2490.5,1490.5,24905.0,14905.0,210.46,310.46,210.46,3104.6,2104.6,31046.0,21046.0,210.0,310.0,210.0,3100.0,2100.0,31000.0,21000.0,,,,,,,,,,,,,1,strong_buy,0.92,"NEAR is the top pick with a massive +226% YTD and +166.58% 1-month return, supercharged by the launch of the first US spot NEAR ETF (Bitwise NRR) which includes a staking yield and a 2030 price target of $155.85, as reported by CoinMarketCap and BeInCrypto.",ETF launch catalyst; +226% YTD; staking yield 5%; AI and Intents narrative,,,,,
ICP,Internet Computer,Crypto,ai,Crypto,3.278325,-0.28%,+2.76%,+33.11%,+15.64%,+16%,1.826,,,78.4,78398578,,,,,,,-0.28,99.72,-0.28,997.2,-2.8,9972.0,-28.0,2.76,102.76,2.76,1027.6,27.6,10276.0,276.0,33.11,133.11,33.11,1331.1,331.1,13311.0,3311.0,15.64,115.64,15.64,1156.4,156.4,11564.0,1564.0,16.0,116.0,16.0,1160.0,160.0,11600.0,1600.0,,,,,,,,,,,,,6,buy,0.78,"ICP combines +42.23% 1-month and +11.84% 1-week gains with a positive +20% YTD, indicating sustained upward momentum without notable negative news.",+42.23% 1m; +11.84% 1w; +20% YTD; strong weekly momentum,,,,,
KAITO,Kaito,Crypto,ai,Crypto,0.336414,-2.85%,-5.32%,+11.20%,-33.54%,-34%,0.081,,,22.41,22413308,,,,,,,-2.85,97.15,-2.85,971.5,-28.5,9715.0,-285.0,-5.32,94.68,-5.32,946.8,-53.2,9468.0,-532.0,11.2,111.2,11.2,1112.0,112.0,11120.0,1120.0,-33.54,66.46,-33.54,664.6,-335.4,6646.0,-3354.0,-34.0,66.0,-34.0,660.0,-340.0,6600.0,-3400.0,,,,,,,,,,,,,,,,,,,,,,
VIRTUAL,Virtuals Protocol,Crypto,ai,Crypto,0.761748,-2.73%,-4.34%,+13.10%,+17.85%,+18%,0.502,,,139.64,139641465,,,,,,,-2.73,97.27,-2.73,972.7,-27.3,9727.0,-273.0,-4.34,95.66,-4.34,956.6,-43.4,9566.0,-434.0,13.1,113.1,13.1,1131.0,131.0,11310.0,1310.0,17.85,117.85,17.85,1178.5,178.5,11785.0,1785.0,18.0,118.0,18.0,1180.0,180.0,11800.0,1800.0,,,,,,,,,,,,,,,,,,,,,,
LMT,Lockheed Martin,Defence,us-primes,NYSE,505.41,-0.22%,-2.72%,-5.17%,+3.52%,+0%,116.645,0.104,18.66,1.13,1060592,5651092,25224792,273.0,1.25,buy,2.43,-0.22,99.78,-0.22,997.8,-2.2,9978.0,-22.0,-2.72,97.28,-2.72,972.8,-27.2,9728.0,-272.0,-5.17,94.83,-5.17,948.3,-51.7,9483.0,-517.0,3.52,103.52,3.52,1035.2,35.2,10352.0,352.0,0.0,100.0,0.0,1000.0,0.0,10000.0,0.0,,,,,,,,,,,,,,,,,,,,,,
RTX,RTX Corporation,Defence,us-primes,NYSE,184.68,-0.77%,-2.49%,-8.63%,-0.30%,+11%,248.904,0.287,32.51,4.46,3793732,18616032,82482632,158.0,1.01,buy,1.83,-0.77,99.23,-0.77,992.3,-7.7,9923.0,-77.0,-2.49,97.51,-2.49,975.1,-24.9,9751.0,-249.0,-8.63,91.37,-8.63,913.7,-86.3,9137.0,-863.0,-0.3,99.7,-0.3,997.0,-3.0,9970.0,-30.0,11.0,111.0,11.0,1110.0,110.0,11100.0,1100.0,,,,,,,,,,,,,10,buy,0.67,"RTX has a 1-year return of +12% and a buy consensus (an_score 1.87), with low short interest of 1.01% and a P/E of 33.03. Although YTD is only +0.92% and 1-month -10.01%, its large cap stability and low beta of 0.287 offer defensive exposure to US defence primes.",+12% 1Y return; buy consensus (score 1.87); low short interest 1.01%; low beta 0.287 (defensive),,,,,
NOC,Northrop Grumman,Defence,us-primes,NYSE,478.0,-0.94%,-6.37%,-9.51%,-17.39%,-21%,67.906,-0.11,15.19,0.81,2678739,6447539,20218539,205.0,1.58,buy,2.0,-0.94,99.06,-0.94,990.6,-9.4,9906.0,-94.0,-6.37,93.63,-6.37,936.3,-63.7,9363.0,-637.0,-9.51,90.49,-9.51,904.9,-95.1,9049.0,-951.0,-17.39,82.61,-17.39,826.1,-173.9,8261.0,-1739.0,-21.0,79.0,-21.0,790.0,-210.0,7900.0,-2100.0,,,,,,,,,,,,,,,,,,,,,,
GD,General Dynamics,Defence,us-primes,NYSE,330.09,-0.79%,-1.97%,-9.78%,-2.61%,-3%,89.308,0.321,20.13,1.11,1412633,7322933,27423033,191.0,1.11,buy,2.08,-0.79,99.21,-0.79,992.1,-7.9,9921.0,-79.0,-1.97,98.03,-1.97,980.3,-19.7,9803.0,-197.0,-9.78,90.22,-9.78,902.2,-97.8,9022.0,-978.0,-2.61,97.39,-2.61,973.9,-26.1,9739.0,-261.0,-3.0,97.0,-3.0,970.0,-30.0,9700.0,-300.0,,,,,,,,,,,,,,,,,,,,,,
HII,Huntington Ingalls Industries,Defence,us-primes,NYSE,268.54,-2.11%,+1.71%,-7.63%,-22.29%,-3%,10.582,0.225,15.99,0.49,655234,3369134,10724134,201.0,3.45,buy,2.08,-2.11,97.89,-2.11,978.9,-21.1,9789.0,-211.0,1.71,101.71,1.71,1017.1,17.1,10171.0,171.0,-7.63,92.37,-7.63,923.7,-76.3,9237.0,-763.0,-22.29,77.71,-22.29,777.1,-222.9,7771.0,-2229.0,-3.0,97.0,-3.0,970.0,-30.0,9700.0,-300.0,,,,,,,,,,,,,,,,,,,,,,
LHX,L3Harris Technologies,Defence,us-primes,NYSE,236.6,-0.76%,-0.46%,-9.31%,-21.33%,-20%,44.059,0.506,23.92,1.56,1526324,8134624,34518024,210.0,2.75,buy,1.85,-0.76,99.24,-0.76,992.4,-7.6,9924.0,-76.0,-0.46,99.54,-0.46,995.4,-4.6,9954.0,-46.0,-9.31,90.69,-9.31,906.9,-93.1,9069.0,-931.0,-21.33,78.67,-21.33,786.7,-213.3,7867.0,-2133.0,-20.0,80.0,-20.0,800.0,-200.0,8000.0,-2000.0,,,,,,,,,,,,,,,,,,,,,,
BA,Boeing,Defence,us-primes,NYSE,193.56,+0.66%,-2.28%,-8.05%,-15.02%,-11%,152.984,1.213,69.38,6.36,12577596,66303996,175340696,,0.01,strong_buy,1.5,0.66,100.66,0.66,1006.6,6.6,10066.0,66.0,-2.28,97.72,-2.28,977.2,-22.8,9772.0,-228.0,-8.05,91.95,-8.05,919.5,-80.5,9195.0,-805.0,-15.02,84.98,-15.02,849.8,-150.2,8498.0,-1502.0,-11.0,89.0,-11.0,890.0,-110.0,8900.0,-1100.0,,,,,,,,,,,,,,,,,,,,,,
BA.L,BAE Systems,Defence,uk-european,LSE,25.43,-1.13%,-2.59%,-3.35%,+9.53%,-5%,0.744,-0.057,27.44,5.82,3182610,16768135,126720459,195.0,,buy,2.25,-1.13,98.87,-1.13,988.7,-11.3,9887.0,-113.0,-2.59,97.41,-2.59,974.1,-25.9,9741.0,-259.0,-3.35,96.65,-3.35,966.5,-33.5,9665.0,-335.0,9.53,109.53,9.53,1095.3,95.3,10953.0,953.0,-5.0,95.0,-5.0,950.0,-50.0,9500.0,-500.0,,,,,,,,,,,,,,,,,,,,,,
RR.L,Rolls-Royce Holdings,Defence,uk-european,LSE,19.56,+0.37%,-0.28%,+0.56%,+23.42%,+26%,1.61,1.188,41.03,18.41,10270507,73839046,359111592,82.0,,buy,1.6,0.37,100.37,0.37,1003.7,3.7,10037.0,37.0,-0.28,99.72,-0.28,997.2,-2.8,9972.0,-28.0,0.56,100.56,0.56,1005.6,5.6,10056.0,56.0,23.42,123.42,23.42,1234.2,234.2,12342.0,2342.0,26.0,126.0,26.0,1260.0,260.0,12600.0,2600.0,,,,,,,,,,,,,2,buy,0.8,"Rolls-Royce has strong YTD momentum of +23.75% and a 1-year return of +25%, supported by a buy consensus (an_score 1.6). Its P/E of 41.14 reflects growth expectations in defence aerospace, and the stock is up +1.51% over the past month, showing steady upward trend.",+23.75% YTD return; buy consensus (score 1.6); +1.51% 1M momentum; defence aerospace growth,,,,,
QQ.L,QinetiQ Group,Defence,uk-european,LSE,6.3,-1.04%,-2.70%,-1.53%,+7.14%,-10%,0.032,0.342,23.8,1.74,1360574,10447759,33652456,229.0,,buy,1.75,-1.04,98.96,-1.04,989.6,-10.4,9896.0,-104.0,-2.7,97.3,-2.7,973.0,-27.0,9730.0,-270.0,-1.53,98.47,-1.53,984.7,-15.3,9847.0,-153.0,7.14,107.14,7.14,1071.4,71.4,10714.0,714.0,-10.0,90.0,-10.0,900.0,-100.0,9000.0,-1000.0,,,,,,,,,,,,,,,,,,,,,,
PLTR,Palantir Technologies,Defence,cyber-intel,NASDAQ,188.75,-0.95%,-0.49%,+3.41%,+12.44%,+10%,453.578,1.621,159.96,34.83,17716878,86758278,498560878,,2.8,buy,1.84,-0.95,99.05,-0.95,990.5,-9.5,9905.0,-95.0,-0.49,99.51,-0.49,995.1,-4.9,9951.0,-49.0,3.41,103.41,3.41,1034.1,34.1,10341.0,341.0,12.44,112.44,12.44,1124.4,124.4,11244.0,1244.0,10.0,110.0,10.0,1100.0,100.0,11000.0,1000.0,,,,,,,,,,,,,5,buy,0.7,"Palantir has a YTD return of +11.38% and a buy consensus (an_score 1.84), with low short interest of 2.8%. Although its P/E of 158.45 is elevated, its AI-driven government and commercial contracts continue to drive momentum, backed by a +1.07% weekly gain.",+11.38% YTD; buy consensus (score 1.84); short interest 2.8% (low); AI/government contract growth,,,,,
LDOS,Leidos Holdings,Defence,cyber-intel,NYSE,117.74,-3.47%,-4.75%,-10.76%,-35.23%,-38%,14.775,0.572,10.99,1.38,890518,5125118,26727818,141.0,4.78,buy,2.35,-3.47,96.53,-3.47,965.3,-34.7,9653.0,-347.0,-4.75,95.25,-4.75,952.5,-47.5,9525.0,-475.0,-10.76,89.24,-10.76,892.4,-107.6,8924.0,-1076.0,-35.23,64.77,-35.23,647.7,-352.3,6477.0,-3523.0,-38.0,62.0,-38.0,620.0,-380.0,6200.0,-3800.0,,,,,,,,,,,,,,,,,,,,,,
CACI,CACI International,Defence,cyber-intel,NYSE,615.04,-1.85%,-0.53%,-2.37%,+14.45%,+18%,13.593,0.571,25.48,0.28,264286,1357786,5429786,,5.61,buy,1.56,-1.85,98.15,-1.85,981.5,-18.5,9815.0,-185.0,-0.53,99.47,-0.53,994.7,-5.3,9947.0,-53.0,-2.37,97.63,-2.37,976.3,-23.7,9763.0,-237.0,14.45,114.45,14.45,1144.5,144.5,11445.0,1445.0,18.0,118.0,18.0,1180.0,180.0,11800.0,1800.0,,,,,,,,,,,,,4,buy,0.78,"CACI shows solid momentum with +13.16% YTD and +18% over 1 year, a reasonable P/E of 25.51, and a strong buy analyst consensus (score 1.56). Short interest of 5.61% is elevated but manageable for a firm with consistent government contracts.",+13.16% YTD; buy consensus (score 1.56); P/E 25.51; defence IT contractor strength,,,,,
SAIC,Science Applications International,Defence,cyber-intel,NYSE,125.26,-0.82%,-5.54%,-0.98%,+25.05%,+24%,5.249,0.297,14.6,0.45,418366,1931766,8972466,117.0,6.09,hold,2.82,-0.82,99.18,-0.82,991.8,-8.2,9918.0,-82.0,-5.54,94.46,-5.54,944.6,-55.4,9446.0,-554.0,-0.98,99.02,-0.98,990.2,-9.8,9902.0,-98.0,25.05,125.05,25.05,1250.5,250.5,12505.0,2505.0,24.0,124.0,24.0,1240.0,240.0,12400.0,2400.0,,,,,,,,,,,,,3,buy,0.75,"SAIC delivers a +27.99% YTD return and a +27% 1-year return, with a cheap trailing P/E of 15.26 and low beta of 0.297. Despite a hold analyst consensus (score 2.82), the strong price momentum and reasonable valuation make it attractive in the cyber-intel space.",+27.99% YTD return; P/E 15.26 (low); low beta 0.297; strong 1Y momentum +27%,,,,,
BAH,Booz Allen Hamilton,Defence,cyber-intel,NYSE,67.35,-4.43%,-7.68%,-8.84%,-18.84%,-32%,8.102,0.365,10.57,1.9,2764041,10847941,36982341,335.0,6.83,hold,2.87,-4.43,95.57,-4.43,955.7,-44.3,9557.0,-443.0,-7.68,92.32,-7.68,923.2,-76.8,9232.0,-768.0,-8.84,91.16,-8.84,911.6,-88.4,9116.0,-884.0,-18.84,81.16,-18.84,811.6,-188.4,8116.0,-1884.0,-32.0,68.0,-32.0,680.0,-320.0,6800.0,-3200.0,,,,,,,,,,,,,,,,,,,,,,
AVAV,AeroVironment,Defence,drones,NASDAQ,140.82,+0.04%,-7.39%,-4.34%,-45.03%,-63%,7.156,1.406,,1.67,1271492,6767192,48132992,,11.76,buy,1.6,0.04,100.04,0.04,1000.4,0.4,10004.0,4.0,-7.39,92.61,-7.39,926.1,-73.9,9261.0,-739.0,-4.34,95.66,-4.34,956.6,-43.4,9566.0,-434.0,-45.03,54.97,-45.03,549.7,-450.3,5497.0,-4503.0,-63.0,37.0,-63.0,370.0,-630.0,3700.0,-6300.0,,,,,,,,,,,,,,,,,,,,,,
KTOS,Kratos Defense,Defence,drones,NASDAQ,43.07,+0.05%,-5.59%,-10.46%,-45.68%,-55%,8.085,1.113,253.35,3.79,4431599,24157699,86930299,,6.16,strong_buy,1.38,0.05,100.05,0.05,1000.5,0.5,10005.0,5.0,-5.59,94.41,-5.59,944.1,-55.9,9441.0,-559.0,-10.46,89.54,-10.46,895.4,-104.6,8954.0,-1046.0,-45.68,54.32,-45.68,543.2,-456.8,5432.0,-4568.0,-55.0,45.0,-55.0,450.0,-550.0,4500.0,-5500.0,,,,,,,,,,,,,,,,,,,,,,
RCAT,Red Cat Holdings,Defence,drones,NASDAQ,6.4,+0.79%,-3.90%,-25.06%,-30.13%,-51%,0.977,1.355,,8.44,6045821,31103521,181777621,,26.67,none,,0.79,100.79,0.79,1007.9,7.9,10079.0,79.0,-3.9,96.1,-3.9,961.0,-39.0,9610.0,-390.0,-25.06,74.94,-25.06,749.4,-250.6,7494.0,-2506.0,-30.13,69.87,-30.13,698.7,-301.3,6987.0,-3013.0,-51.0,49.0,-51.0,490.0,-510.0,4900.0,-5100.0,,,,,,,,,,,,,,,,,,,,,,
TXT,Textron,Defence,drones,NYSE,77.26,+0.12%,+0.87%,-2.63%,-11.19%,-11%,13.288,0.898,14.55,1.69,2205462,9387662,41050562,10.0,4.95,buy,2.19,0.12,100.12,0.12,1001.2,1.2,10012.0,12.0,0.87,100.87,0.87,1008.7,8.7,10087.0,87.0,-2.63,97.37,-2.63,973.7,-26.3,9737.0,-263.0,-11.19,88.81,-11.19,888.1,-111.9,8881.0,-1119.0,-11.0,89.0,-11.0,890.0,-110.0,8900.0,-1100.0,,,,,,,,,,,,,,,,,,,,,,
SPCX,SpaceX,Defence,space,NASDAQ,158.96,+6.78%,+6.91%,+6.16%,-1.24%,-8%,2095.376,,,92.37,119274773,431554873,2004791573,,2.58,buy,1.68,6.78,106.78,6.78,1067.8,67.8,10678.0,678.0,6.91,106.91,6.91,1069.1,69.1,10691.0,691.0,6.16,106.16,6.16,1061.6,61.6,10616.0,616.0,-1.24,98.76,-1.24,987.6,-12.4,9876.0,-124.0,-8.0,92.0,-8.0,920.0,-80.0,9200.0,-800.0,,,,,,,,,,,,,1,strong_buy,0.85,"Starship just completed its first orbital satellite deployment, Citi set a $900 long-term target citing AI and Starlink, and Anthropic signed an $84.5B compute deal. SPCX is up +3.86% in the past month and +2.16% today, with low short interest of 2.58% and a buy consensus score of 1.68.",Starship first operational payload deployment; Anthropic $84.5B compute deal; Citi $900 price target; +3.86% 1M momentum,,,,,
RKLB,Rocket Lab USA,Defence,space,NASDAQ,73.92,+4.04%,-0.04%,+15.84%,-2.72%,+25%,47.266,2.612,,19.09,26690942,107129242,444606642,,7.31,buy,1.57,4.04,104.04,4.04,1040.4,40.4,10404.0,404.0,-0.04,99.96,-0.04,999.6,-0.4,9996.0,-4.0,15.84,115.84,15.84,1158.4,158.4,11584.0,1584.0,-2.72,97.28,-2.72,972.8,-27.2,9728.0,-272.0,25.0,125.0,25.0,1250.0,250.0,12500.0,2500.0,,,,,,,,,,,,,7,buy,0.65,"Rocket Lab has a stellar 1-year return of +45% and +9.04% in the past month, despite a -3.39% dip today on SpaceX Starship news. High beta of 2.612 and short interest of 7.31% add risk, but its launch momentum and space sector growth justify a buy.",+45% 1Y return; +9.04% 1M momentum; space launch growth; pullback creates entry,,,,,
PL,Planet Labs,Defence,space,NYSE,17.5,+8.02%,+0.40%,-4.63%,-14.26%,+5%,6.367,2.108,,8.68,14900372,52031172,281004972,,9.68,none,,8.02,108.02,8.02,1080.2,80.2,10802.0,802.0,0.4,100.4,0.4,1004.0,4.0,10040.0,40.0,-4.63,95.37,-4.63,953.7,-46.3,9537.0,-463.0,-14.26,85.74,-14.26,857.4,-142.6,8574.0,-1426.0,5.0,105.0,5.0,1050.0,50.0,10500.0,500.0,,,,,,,,,,,,,,,,,,,,,,
ASTS,AST SpaceMobile,Defence,space,NASDAQ,58.45,+1.76%,-5.44%,-5.92%,-29.97%,-16%,22.747,2.726,,12.04,14939524,63166424,213584724,,21.84,hold,2.57,1.76,101.76,1.76,1017.6,17.6,10176.0,176.0,-5.44,94.56,-5.44,945.6,-54.4,9456.0,-544.0,-5.92,94.08,-5.92,940.8,-59.2,9408.0,-592.0,-29.97,70.03,-29.97,700.3,-299.7,7003.0,-2997.0,-16.0,84.0,-16.0,840.0,-160.0,8400.0,-1600.0,,,,,,,,,,,,,8,buy,0.6,"AST SpaceMobile fell 2.78% today on space sector rotation after SpaceX's Starship success, but its 1-month return is still +0.51% and YTD decline of -28.84% may offer a contrarian entry. High short interest of 21.84% signals potential squeeze, and its space-based broadband thesis remains intact.",+0.51% 1M momentum despite pullback; space cellular broadband thesis; short interest 21.84% (squeeze potential); sector rotation creates opportunity,,,,,
TDG,TransDigm Group,Defence,weapons,NYSE,1090.38,-0.54%,-2.31%,-5.83%,-19.74%,-15%,60.272,0.893,33.12,0.39,277924,1850324,8302024,,2.58,buy,2.09,-0.54,99.46,-0.54,994.6,-5.4,9946.0,-54.0,-2.31,97.69,-2.31,976.9,-23.1,9769.0,-231.0,-5.83,94.17,-5.83,941.7,-58.3,9417.0,-583.0,-19.74,80.26,-19.74,802.6,-197.4,8026.0,-1974.0,-15.0,85.0,-15.0,850.0,-150.0,8500.0,-1500.0,,,,,,,,,,,,,,,,,,,,,,
HEI,HEICO Corporation,Defence,weapons,NYSE,302.45,-1.29%,-1.97%,-7.14%,-8.09%,-4%,42.27,1.038,49.83,0.47,488392,2241392,10142392,8.0,1.34,buy,1.96,-1.29,98.71,-1.29,987.1,-12.9,9871.0,-129.0,-1.97,98.03,-1.97,980.3,-19.7,9803.0,-197.0,-7.14,92.86,-7.14,928.6,-71.4,9286.0,-714.0,-8.09,91.91,-8.09,919.1,-80.9,9191.0,-809.0,-4.0,96.0,-4.0,960.0,-40.0,9600.0,-400.0,,,,,,,,,,,,,,,,,,,,,,
AXON,Axon Enterprise,Defence,weapons,NASDAQ,413.35,-2.31%,-3.90%,-23.19%,-26.64%,-41%,33.579,1.399,171.51,0.94,823360,4660660,22097360,,5.32,buy,1.67,-2.31,97.69,-2.31,976.9,-23.1,9769.0,-231.0,-3.9,96.1,-3.9,961.0,-39.0,9610.0,-390.0,-23.19,76.81,-23.19,768.1,-231.9,7681.0,-2319.0,-26.64,73.36,-26.64,733.6,-266.4,7336.0,-2664.0,-41.0,59.0,-41.0,590.0,-410.0,5900.0,-4100.0,,,,,,,,,,,,,,,,,,,,,,
OLN,Olin Corporation,Defence,weapons,NYSE,15.9,-1.41%,-3.05%,-6.31%,-24.24%,-38%,1.813,1.193,,2.98,3921349,18548149,58707449,501.0,13.14,hold,2.87,-1.41,98.59,-1.41,985.9,-14.1,9859.0,-141.0,-3.05,96.95,-3.05,969.5,-30.5,9695.0,-305.0,-6.31,93.69,-6.31,936.9,-63.1,9369.0,-631.0,-24.24,75.76,-24.24,757.6,-242.4,7576.0,-2424.0,-38.0,62.0,-38.0,620.0,-380.0,6200.0,-3800.0,,,,,,,,,,,,,,,,,,,,,,
MRCY,Mercury Systems,Defence,weapons,NASDAQ,84.87,+0.95%,+3.27%,+0.19%,+11.63%,+1%,5.165,0.98,,0.7,549444,3146044,14355344,,9.57,none,,0.95,100.95,0.95,1009.5,9.5,10095.0,95.0,3.27,103.27,3.27,1032.7,32.7,10327.0,327.0,0.19,100.19,0.19,1001.9,1.9,10019.0,19.0,11.63,111.63,11.63,1116.3,116.3,11163.0,1163.0,1.0,101.0,1.0,1010.0,10.0,10100.0,100.0,,,,,,,,,,,,,9,buy,0.68,"Mercury Systems has a +8.69% YTD return and +2% 1-year return, with a buy consensus (an_score 1.91). Despite a negative 1-month of -5.37%, the stock gained +3.15% today, showing renewed interest in defence electronics. Beta of 0.98 provides stability.",+8.69% YTD; buy consensus (score 1.91); +3.15% 1D bounce; defence electronics demand,,,,,
DRS,Leonardo DRS,Defence,weapons,NYSE,36.8,+0.11%,-0.97%,-0.59%,+6.44%,-17%,9.822,0.138,30.92,0.89,560874,3542474,19413074,98.0,1.28,strong_buy,1.45,0.11,100.11,0.11,1001.1,1.1,10011.0,11.0,-0.97,99.03,-0.97,990.3,-9.7,9903.0,-97.0,-0.59,99.41,-0.59,994.1,-5.9,9941.0,-59.0,6.44,106.44,6.44,1064.4,64.4,10644.0,644.0,-17.0,83.0,-17.0,830.0,-170.0,8300.0,-1700.0,,,,,,,,,,,,,6,strong_buy,0.76,"Leonardo DRS has a strong_buy analyst consensus (an_score 1.45) and YTD return of +6.24%, with low short interest of 1.28% and a beta of 0.138. Its P/E of 30.87 is reasonable for a defence electronics firm benefiting from US budget cycles.",strong_buy consensus (score 1.45); +6.24% YTD; low short interest 1.28%; low beta 0.138,,,,,
XOM,ExxonMobil,Energy,oil-majors,NYSE,164.01,+0.02%,+2.13%,+1.11%,+36.40%,+45%,674.394,0.175,21.11,14.27,11164224,57937224,295927124,251.0,1.08,buy,2.4,0.02,100.02,0.02,1000.2,0.2,10002.0,2.0,2.13,102.13,2.13,1021.3,21.3,10213.0,213.0,1.11,101.11,1.11,1011.1,11.1,10111.0,111.0,36.4,136.4,36.4,1364.0,364.0,13640.0,3640.0,45.0,145.0,45.0,1450.0,450.0,14500.0,4500.0,,,,,,,,,,,,,5,buy,0.72,"XOM has +34.19% YTD, P/E 20.93, and TD Cowen raised its target to $180 with a Buy rating on expected Q3 refining beat, despite mixed news sentiment -0.08.",TD Cowen $180 target; +34.19% YTD; P/E 20.93; Q3 refining beat expected,,,,,
CVX,Chevron,Energy,oil-majors,NYSE,206.69,-0.13%,+1.10%,-2.19%,+36.28%,+35%,405.443,0.491,19.87,8.47,6642588,34479888,203128288,344.0,1.06,buy,1.72,-0.13,99.87,-0.13,998.7,-1.3,9987.0,-13.0,1.1,101.1,1.1,1011.0,11.0,10110.0,110.0,-2.19,97.81,-2.19,978.1,-21.9,9781.0,-219.0,36.28,136.28,36.28,1362.8,362.8,13628.0,3628.0,35.0,135.0,35.0,1350.0,350.0,13500.0,3500.0,,,,,,,,,,,,,7,buy,0.68,"CVX has +34.76% YTD, dividend yield 3.45%, analyst score 1.72, and strong fundamentals with P/E 19.88, though short-term momentum is slightly negative.",+34.76% YTD; dividend yield 3.45%; analyst score 1.72; P/E 19.88,,,,,
SHEL,Shell,Energy,oil-majors,NYSE,96.23,+0.65%,+0.47%,+4.22%,+31.06%,+31%,274.292,-0.22,10.64,6.41,6634478,41199791,133709572,327.0,1.24,buy,2.19,0.65,100.65,0.65,1006.5,6.5,10065.0,65.0,0.47,100.47,0.47,1004.7,4.7,10047.0,47.0,4.22,104.22,4.22,1042.2,42.2,10422.0,422.0,31.06,131.06,31.06,1310.6,310.6,13106.0,3106.0,31.0,131.0,31.0,1310.0,310.0,13100.0,3100.0,,,,,,,,,,,,,3,buy,0.78,"SHEL has +29.57% YTD, +4.03% 1-month, low P/E 10.52, dividend yield 3.24%, and positive news sentiment 0.218, supported by LNG Canada expansion and technical uptrend.",P/E 10.52; +4.03% 1-month gain; dividend yield 3.24%; LNG Canada expansion,,,,,
BP,BP p.l.c.,Energy,oil-majors,NYSE,44.79,+0.46%,+1.45%,+2.78%,+29.65%,+30%,115.352,-0.22,21.43,8.74,7555951,39185951,190551651,453.0,0.28,buy,2.16,0.46,100.46,0.46,1004.6,4.6,10046.0,46.0,1.45,101.45,1.45,1014.5,14.5,10145.0,145.0,2.78,102.78,2.78,1027.8,27.8,10278.0,278.0,29.65,129.65,29.65,1296.5,296.5,12965.0,2965.0,30.0,130.0,30.0,1300.0,300.0,13000.0,3000.0,,,,,,,,,,,,,4,buy,0.75,"BP offers +25.97% YTD, dividend yield 4.54%, and a JPMorgan upgrade to overweight with 25% upside potential, citing restructuring and new CEO Meg O'Neill.",JPMorgan upgrade to overweight; dividend yield 4.54%; +25.97% YTD; restructuring catalyst,,,,,
TTE,TotalEnergies,Energy,oil-majors,NYSE,84.4,-0.35%,-6.10%,-4.32%,+29.77%,+42%,186.311,0.06,10.56,1.59,2480529,10585329,35345829,502.0,0.22,buy,1.86,-0.35,99.65,-0.35,996.5,-3.5,9965.0,-35.0,-6.1,93.9,-6.1,939.0,-61.0,9390.0,-610.0,-4.32,95.68,-4.32,956.8,-43.2,9568.0,-432.0,29.77,129.77,29.77,1297.7,297.7,12977.0,2977.0,42.0,142.0,42.0,1420.0,420.0,14200.0,4200.0,,,,,,,,,,,,,6,buy,0.7,"TTE trades at P/E 11.32 with a high dividend yield 4.69%, analyst score 1.67 (most bullish), and +33.29% YTD, backing new gas projects in Africa.",P/E 11.32; dividend yield 4.69%; analyst score 1.67; Africa gas projects,,,,,
EQNR,Equinor,Energy,oil-majors,NYSE,42.56,-1.35%,+0.88%,-0.23%,+79.19%,+70%,100.861,-0.727,11.53,3.49,2934167,19584967,78606367,370.0,2.39,hold,3.0,-1.35,98.65,-1.35,986.5,-13.5,9865.0,-135.0,0.88,100.88,0.88,1008.8,8.8,10088.0,88.0,-0.23,99.77,-0.23,997.7,-2.3,9977.0,-23.0,79.19,179.19,79.19,1791.9,791.9,17919.0,7919.0,70.0,170.0,70.0,1700.0,700.0,17000.0,7000.0,,,,,,,,,,,,,,,,,,,,,,
COP,ConocoPhillips,Energy,ep-refining,NYSE,126.75,-0.24%,-0.43%,-6.61%,+33.96%,+35%,152.269,0.134,16.77,6.69,5196222,31460922,142543222,264.0,1.34,buy,1.74,-0.24,99.76,-0.24,997.6,-2.4,9976.0,-24.0,-0.43,99.57,-0.43,995.7,-4.3,9957.0,-43.0,-6.61,93.39,-6.61,933.9,-66.1,9339.0,-661.0,33.96,133.96,33.96,1339.6,339.6,13396.0,3396.0,35.0,135.0,35.0,1350.0,350.0,13500.0,3500.0,,,,,,,,,,,,,9,buy,0.65,"COP shows +32.58% YTD, P/E 16.66, dividend yield 2.67%, and analyst score 1.74, with stable upstream production and positive 1-week momentum.",+32.58% YTD; P/E 16.66; analyst score 1.74; stable upstream production,,,,,
OXY,Occidental Petroleum,Energy,ep-refining,NYSE,58.08,+0.40%,+2.15%,-3.73%,+38.97%,+29%,58.059,0.164,17.13,8.69,8872692,50753292,195484792,194.0,0.02,buy,2.23,0.4,100.4,0.4,1004.0,4.0,10040.0,40.0,2.15,102.15,2.15,1021.5,21.5,10215.0,215.0,-3.73,96.27,-3.73,962.7,-37.3,9627.0,-373.0,38.97,138.97,38.97,1389.7,389.7,13897.0,3897.0,29.0,129.0,29.0,1290.0,290.0,12900.0,2900.0,,,,,,,,,,,,,,,,,,,,,,
EOG,EOG Resources,Energy,ep-refining,NYSE,141.38,+0.05%,+0.73%,-3.14%,+35.08%,+28%,74.159,0.272,11.0,3.06,3592737,15397537,69718237,289.0,3.3,buy,2.34,0.05,100.05,0.05,1000.5,0.5,10005.0,5.0,0.73,100.73,0.73,1007.3,7.3,10073.0,73.0,-3.14,96.86,-3.14,968.6,-31.4,9686.0,-314.0,35.08,135.08,35.08,1350.8,350.8,13508.0,3508.0,28.0,128.0,28.0,1280.0,280.0,12800.0,2800.0,,,,,,,,,,,,,,,,,,,,,,
MPC,Marathon Petroleum,Energy,ep-refining,NYSE,422.33,+0.55%,+7.32%,+8.93%,+158.71%,+118%,118.6,0.527,14.65,2.53,2163484,10495584,62475084,95.0,3.19,buy,2.32,0.55,100.55,0.55,1005.5,5.5,10055.0,55.0,7.32,107.32,7.32,1073.2,73.2,10732.0,732.0,8.93,108.93,8.93,1089.3,89.3,10893.0,893.0,158.71,258.71,158.71,2587.1,1587.1,25871.0,15871.0,118.0,218.0,118.0,2180.0,1180.0,21800.0,11800.0,,,,,,,,,,,,,2,strong_buy,0.836,"MPC shows +140% YTD and +5.01% 1-month momentum, P/E 13.5, with strong refining exposure and positive sentiment 0.121, benefiting from tight diesel markets.",+140% YTD return; +5.01% 1-month gain; P/E 13.5; refining strength,,,,,
VLO,Valero Energy,Energy,ep-refining,NYSE,406.3,-0.63%,+4.94%,+9.61%,+149.42%,+155%,116.985,0.568,16.94,3.04,2572839,13987539,82017439,118.0,3.91,buy,2.4,-0.63,99.37,-0.63,993.7,-6.3,9937.0,-63.0,4.94,104.94,4.94,1049.4,49.4,10494.0,494.0,9.61,109.61,9.61,1096.1,96.1,10961.0,961.0,149.42,249.42,149.42,2494.2,1494.2,24942.0,14942.0,155.0,255.0,155.0,2550.0,1550.0,25500.0,15500.0,,,,,,,,,,,,,1,strong_buy,0.85,"VLO leads with +138% YTD and +8.02% 1-month momentum, P/E 16.24, and positive news sentiment 0.367, driven by surging refining margins and TD Cowen's Q3 beat expectations for the sector.",+138% YTD return; +8.02% 1-month gain; P/E 16.24; refining margin tailwind,,,,,
SLB,SLB (Schlumberger),Energy,oilfield-services,NYSE,48.74,-0.10%,-5.43%,+0.00%,+23.23%,+42%,72.337,0.774,23.78,12.69,11141176,81209876,285952176,242.0,4.67,buy,1.6,-0.1,99.9,-0.1,999.0,-1.0,9990.0,-10.0,-5.43,94.57,-5.43,945.7,-54.3,9457.0,-543.0,0.0,100.0,0.0,1000.0,0.0,10000.0,0.0,23.23,123.23,23.23,1232.3,232.3,12323.0,2323.0,42.0,142.0,42.0,1420.0,420.0,14200.0,4200.0,,,,,,,,,,,,,,,,,,,,,,
HAL,Halliburton,Energy,oilfield-services,NYSE,31.85,+0.00%,-2.78%,+0.00%,+9.09%,+31%,26.535,0.769,16.68,11.19,8092378,52009478,220891778,213.0,5.67,buy,1.75,0.0,100.0,0.0,1000.0,0.0,10000.0,0.0,-2.78,97.22,-2.78,972.2,-27.8,9722.0,-278.0,0.0,100.0,0.0,1000.0,0.0,10000.0,0.0,9.09,109.09,9.09,1090.9,90.9,10909.0,909.0,31.0,131.0,31.0,1310.0,310.0,13100.0,3100.0,,,,,,,,,,,,,,,,,,,,,,
BKR,Baker Hughes,Energy,oilfield-services,NASDAQ,56.0,+0.68%,-3.16%,-12.01%,+20.08%,+15%,55.59,0.961,18.01,8.24,3969823,31577423,173772523,165.0,2.83,buy,1.68,0.68,100.68,0.68,1006.8,6.8,10068.0,68.0,-3.16,96.84,-3.16,968.4,-31.6,9684.0,-316.0,-12.01,87.99,-12.01,879.9,-120.1,8799.0,-1201.0,20.08,120.08,20.08,1200.8,200.8,12008.0,2008.0,15.0,115.0,15.0,1150.0,150.0,11500.0,1500.0,,,,,,,,,,,,,,,,,,,,,,
NEE,NextEra Energy,Energy,utilities,NYSE,76.83,+0.47%,+0.99%,-8.60%,-2.99%,-5%,160.265,0.644,17.27,11.16,18041737,77995937,266114537,326.0,,buy,1.9,0.47,100.47,0.47,1004.7,4.7,10047.0,47.0,0.99,100.99,0.99,1009.9,9.9,10099.0,99.0,-8.6,91.4,-8.6,914.0,-86.0,9140.0,-860.0,-2.99,97.01,-2.99,970.1,-29.9,9701.0,-299.0,-5.0,95.0,-5.0,950.0,-50.0,9500.0,-500.0,,,,,,,,,,,,,,,,,,,,,,
SSE.L,SSE plc,Energy,utilities,LSE,32.4,-1.05%,-0.37%,+3.73%,+9.70%,+42%,0.393,0.579,23.3,2.7,2291297,17859039,61239811,278.0,,buy,1.94,-1.05,98.95,-1.05,989.5,-10.5,9895.0,-105.0,-0.37,99.63,-0.37,996.3,-3.7,9963.0,-37.0,3.73,103.73,3.73,1037.3,37.3,10373.0,373.0,9.7,109.7,9.7,1097.0,97.0,10970.0,970.0,42.0,142.0,42.0,1420.0,420.0,14200.0,4200.0,,,,,,,,,,,,,10,buy,0.55,"SSE.L has +9.25% YTD, dividend yield 2.79%, analyst score 1.94, and defensive cash flows from regulated utility operations, with positive news sentiment 0.18.",+9.25% YTD; dividend yield 2.79%; defensive cash flows; regulated utility,,,,,
ENPH,Enphase Energy,Energy,clean-energy,NASDAQ,33.47,+1.70%,+3.30%,-7.82%,-0.83%,-11%,4.422,1.643,33.14,4.46,4664805,26694905,99955405,,21.74,buy,2.33,1.7,101.7,1.7,1017.0,17.0,10170.0,170.0,3.3,103.3,3.3,1033.0,33.0,10330.0,330.0,-7.82,92.18,-7.82,921.8,-78.2,9218.0,-782.0,-0.83,99.17,-0.83,991.7,-8.3,9917.0,-83.0,-11.0,89.0,-11.0,890.0,-110.0,8900.0,-1100.0,,,,,,,,,,,,,,,,,,,,,,
FSLR,First Solar,Energy,clean-energy,NASDAQ,174.61,+1.10%,-1.74%,-15.82%,-36.35%,-25%,18.766,1.733,10.77,2.27,1895851,11033551,51862151,,12.8,buy,1.86,1.1,101.1,1.1,1011.0,11.0,10110.0,110.0,-1.74,98.26,-1.74,982.6,-17.4,9826.0,-174.0,-15.82,84.18,-15.82,841.8,-158.2,8418.0,-1582.0,-36.35,63.65,-36.35,636.5,-363.5,6365.0,-3635.0,-25.0,75.0,-25.0,750.0,-250.0,7500.0,-2500.0,,,,,,,,,,,,,,,,,,,,,,
BEPC,Brookfield Renewable Corp,Energy,clean-energy,NYSE,28.52,+0.01%,+0.18%,-9.46%,-26.25%,-21%,5.295,1.158,,1.78,2299195,10427795,39109895,550.0,,hold,2.86,0.01,100.01,0.01,1000.1,0.1,10001.0,1.0,0.18,100.18,0.18,1001.8,1.8,10018.0,18.0,-9.46,90.54,-9.46,905.4,-94.6,9054.0,-946.0,-26.25,73.75,-26.25,737.5,-262.5,7375.0,-2625.0,-21.0,79.0,-21.0,790.0,-210.0,7900.0,-2100.0,,,,,,,,,,,,,,,,,,,,,,
DNNGY,Ørsted,Energy,clean-energy,NASDAQ,6.93,+3.28%,+0.00%,-0.86%,+3.98%,-59%,27.465,0.624,,0.11,23833,623733,3072633,,,strong_buy,1.0,3.28,103.28,3.28,1032.8,32.8,10328.0,328.0,0.0,100.0,0.0,1000.0,0.0,10000.0,0.0,-0.86,99.14,-0.86,991.4,-8.6,9914.0,-86.0,3.98,103.98,3.98,1039.8,39.8,10398.0,398.0,-59.0,41.0,-59.0,410.0,-590.0,4100.0,-5900.0,,,,,,,,,,,,,8,strong_buy,0.6,"DNNGY has a strong_buy analyst consensus (score 1.0) and +2.33% YTD, despite -51% 1-year return, riding grid spending boom with potential turnaround.",strong_buy analyst consensus; +2.33% YTD; grid spending boom; turnaround potential,,,,,
AAPL,Apple,MegaCap,big-tech,NASDAQ,334,+0.87%,-2.16%,+1.67%,+23.46%,+28%,4869.932,1.085,38.27,46.21,31878433,189472133,880542833,33.0,0.88,buy,2.2,0.87,100.87,0.87,1008.7,8.7,10087.0,87.0,-2.16,97.84,-2.16,978.4,-21.6,9784.0,-216.0,1.67,101.67,1.67,1016.7,16.7,10167.0,167.0,23.46,123.46,23.46,1234.6,234.6,12346.0,2346.0,28.0,128.0,28.0,1280.0,280.0,12800.0,2800.0,,,,,,,,,,,,,,,,,,,,,,
MSFT,Microsoft,MegaCap,big-tech,NASDAQ,518,+0.43%,+0.26%,+1.45%,+10.12%,-1%,3842.943,1.108,28.83,28.41,17179496,105103396,448581996,76.0,0.91,strong_buy,1.33,0.43,100.43,0.43,1004.3,4.3,10043.0,43.0,0.26,100.26,0.26,1002.6,2.6,10026.0,26.0,1.45,101.45,1.45,1014.5,14.5,10145.0,145.0,10.12,110.12,10.12,1101.2,101.2,11012.0,1012.0,-1.0,99.0,-1.0,990.0,-10.0,9900.0,-100.0,,,,,,,,,,,,,,,,,,,,,,
NVDA,NVIDIA,MegaCap,big-tech,NASDAQ,234,+1.06%,+3.95%,+2.52%,+24.17%,+23%,5649.191,2.217,29.54,122.42,134470648,598633448,2333303548,43.0,1.27,strong_buy,1.3,1.06,101.06,1.06,1010.6,10.6,10106.0,106.0,3.95,103.95,3.95,1039.5,39.5,10395.0,395.0,2.52,102.52,2.52,1025.2,25.2,10252.0,252.0,24.17,124.17,24.17,1241.7,241.7,12417.0,2417.0,23.0,123.0,23.0,1230.0,230.0,12300.0,2300.0,,,,,,,,,,,,,9,strong_buy,0.8,"+20.59% YTD, P/E 29, AI leader with strong buy consensus and data center growth tailwind.",YTD +21%; AI leader; Strong buy; Data center growth,,,,,
GOOGL,Alphabet,MegaCap,big-tech,NASDAQ,344,+1.27%,-0.12%,+0.36%,+9.21%,+38%,4200.983,1.225,17.24,27.17,22734069,133762269,567123069,26.0,1.49,strong_buy,1.38,1.27,101.27,1.27,1012.7,12.7,10127.0,127.0,-0.12,99.88,-0.12,998.8,-1.2,9988.0,-12.0,0.36,100.36,0.36,1003.6,3.6,10036.0,36.0,9.21,109.21,9.21,1092.1,92.1,10921.0,921.0,38.0,138.0,38.0,1380.0,380.0,13800.0,3800.0,,,,,,,,,,,,,10,strong_buy,0.75,"+8.39% YTD, P/E 17, attractive valuation, strong buy consensus, AI and cloud growth.",Low P/E 17; Strong buy; AI and cloud growth; Positive news sentiment,,,,,
META,Meta Platforms,MegaCap,big-tech,NASDAQ,728,+0.18%,-3.14%,+19.32%,+12.23%,+2%,1854.788,1.243,27.4,19.47,12873427,96109027,492963927,29.0,1.41,strong_buy,1.41,0.18,100.18,0.18,1001.8,1.8,10018.0,18.0,-3.14,96.86,-3.14,968.6,-31.4,9686.0,-314.0,19.32,119.32,19.32,1193.2,193.2,11932.0,1932.0,12.23,112.23,12.23,1122.3,122.3,11223.0,1223.0,2.0,102.0,2.0,1020.0,20.0,10200.0,200.0,,,,,,,,,,,,,2,strong_buy,0.85,"+29.18% 1M, P/E 27, enterprise AI platform launch and Muse AI agent gaining traction [simplywall.st](https://simplywall.st/stocks/us/media/nasdaq-meta/meta-platforms/news/meta-platforms-meta-enterprise-push-keeps-its-undervalued-na).",1M +29%; Enterprise AI platform; Strong buy; Muse AI agent,,,,,
AMZN,Amazon,MegaCap,big-tech,NASDAQ,252,+1.05%,+0.74%,-2.85%,+11.05%,+13%,2712.974,1.443,20.22,39.28,33047205,174531305,730140505,,0.83,strong_buy,1.32,1.05,101.05,1.05,1010.5,10.5,10105.0,105.0,0.74,100.74,0.74,1007.4,7.4,10074.0,74.0,-2.85,97.15,-2.85,971.5,-28.5,9715.0,-285.0,11.05,111.05,11.05,1110.5,110.5,11105.0,1105.0,13.0,113.0,13.0,1130.0,130.0,11300.0,1300.0,,,,,,,,,,,,,,,,,,,,,,
TSLA,Tesla,MegaCap,big-tech,NASDAQ,371,+4.23%,-0.41%,-1.54%,-15.40%,-18%,1463.663,1.845,349.61,37.89,54147498,196409398,824827798,,1.95,buy,2.35,4.23,104.23,4.23,1042.3,42.3,10423.0,423.0,-0.41,99.59,-0.41,995.9,-4.1,9959.0,-41.0,-1.54,98.46,-1.54,984.6,-15.4,9846.0,-154.0,-15.4,84.6,-15.4,846.0,-154.0,8460.0,-1540.0,-18.0,82.0,-18.0,820.0,-180.0,8200.0,-1800.0,,,,,,,,,,,,,,,,,,,,,,
NFLX,Netflix,MegaCap,big-tech,NASDAQ,67,-1.28%,-5.75%,-18.88%,-26.30%,-41%,279.234,1.526,21.09,37.13,38312283,194230683,739843883,,2.28,buy,1.8,-1.28,98.72,-1.28,987.2,-12.8,9872.0,-128.0,-5.75,94.25,-5.75,942.5,-57.5,9425.0,-575.0,-18.88,81.12,-18.88,811.2,-188.8,8112.0,-1888.0,-26.3,73.7,-26.3,737.0,-263.0,7370.0,-2630.0,-41.0,59.0,-41.0,590.0,-410.0,5900.0,-4100.0,,,,,,,,,,,,,,,,,,,,,,
JPM,JPMorgan Chase,MegaCap,financials,NYSE,332,-0.27%,-3.11%,-8.20%,+3.57%,+7%,883.528,0.975,14.23,7.68,6539384,41551284,173423084,198.0,0.91,buy,2.08,-0.27,99.73,-0.27,997.3,-2.7,9973.0,-27.0,-3.11,96.89,-3.11,968.9,-31.1,9689.0,-311.0,-8.2,91.8,-8.2,918.0,-82.0,9180.0,-820.0,3.57,103.57,3.57,1035.7,35.7,10357.0,357.0,7.0,107.0,7.0,1070.0,70.0,10700.0,700.0,,,,,,,,,,,,,,,,,,,,,,
BAC,Bank of America,MegaCap,financials,NYSE,54,+0.08%,-5.20%,-14.30%,-2.39%,+6%,375.86,1.164,12.41,33.39,34897453,189807753,808604153,238.0,,strong_buy,1.5,0.08,100.08,0.08,1000.8,0.8,10008.0,8.0,-5.2,94.8,-5.2,948.0,-52.0,9480.0,-520.0,-14.3,85.7,-14.3,857.0,-143.0,8570.0,-1430.0,-2.39,97.61,-2.39,976.1,-23.9,9761.0,-239.0,6.0,106.0,6.0,1060.0,60.0,10600.0,600.0,,,,,,,,,,,,,,,,,,,,,,
BRK-B,Berkshire Hathaway B,MegaCap,financials,NYSE,503,+0.40%,-0.56%,-1.08%,+1.17%,+0%,1076.028,0.603,12.63,4.33,4141418,22889218,97240018,,0.96,buy,2.0,0.4,100.4,0.4,1004.0,4.0,10040.0,40.0,-0.56,99.44,-0.56,994.4,-5.6,9944.0,-56.0,-1.08,98.92,-1.08,989.2,-10.8,9892.0,-108.0,1.17,101.17,1.17,1011.7,11.7,10117.0,117.0,0.0,100.0,0.0,1000.0,0.0,10000.0,0.0,,,,,,,,,,,,,,,,,,,,,,
V,Visa,MegaCap,financials,NYSE,361,+0.23%,-1.83%,-4.78%,+4.72%,+3%,677.087,0.761,30.64,6.83,3987848,28524548,126448048,74.0,1.09,strong_buy,1.45,0.23,100.23,0.23,1002.3,2.3,10023.0,23.0,-1.83,98.17,-1.83,981.7,-18.3,9817.0,-183.0,-4.78,95.22,-4.78,952.2,-47.8,9522.0,-478.0,4.72,104.72,4.72,1047.2,47.2,10472.0,472.0,3.0,103.0,3.0,1030.0,30.0,10300.0,300.0,,,,,,,,,,,,,,,,,,,,,,
MA,Mastercard,MegaCap,financials,NYSE,552,+0.96%,-2.71%,-5.71%,-1.45%,-5%,483.785,0.735,30.33,2.89,2452978,16499378,57307278,63.0,0.83,strong_buy,1.43,0.96,100.96,0.96,1009.6,9.6,10096.0,96.0,-2.71,97.29,-2.71,972.9,-27.1,9729.0,-271.0,-5.71,94.29,-5.71,942.9,-57.1,9429.0,-571.0,-1.45,98.55,-1.45,985.5,-14.5,9855.0,-145.0,-5.0,95.0,-5.0,950.0,-50.0,9500.0,-500.0,,,,,,,,,,,,,,,,,,,,,,
GS,Goldman Sachs,MegaCap,financials,NYSE,903,+0.67%,-3.52%,-13.04%,+0.16%,+14%,262.8,1.283,13.94,1.99,1584186,9671586,44490686,223.0,2.39,hold,2.6,0.67,100.67,0.67,1006.7,6.7,10067.0,67.0,-3.52,96.48,-3.52,964.8,-35.2,9648.0,-352.0,-13.04,86.96,-13.04,869.6,-130.4,8696.0,-1304.0,0.16,100.16,0.16,1001.6,1.6,10016.0,16.0,14.0,114.0,14.0,1140.0,140.0,11400.0,1400.0,,,,,,,,,,,,,,,,,,,,,,
BLK,BlackRock,MegaCap,financials,NYSE,1060,-0.44%,-2.46%,-5.42%,-0.74%,-8%,172.165,1.429,25.4,0.63,538424,2484024,11028124,215.0,1.34,strong_buy,1.44,-0.44,99.56,-0.44,995.6,-4.4,9956.0,-44.0,-2.46,97.54,-2.46,975.4,-24.6,9754.0,-246.0,-5.42,94.58,-5.42,945.8,-54.2,9458.0,-542.0,-0.74,99.26,-0.74,992.6,-7.4,9926.0,-74.0,-8.0,92.0,-8.0,920.0,-80.0,9200.0,-800.0,,,,,,,,,,,,,,,,,,,,,,
LLY,Eli Lilly,MegaCap,healthcare,NYSE,1143,-0.66%,-3.43%,-1.44%,+6.30%,+37%,1019.127,0.502,38.38,2.5,2020098,11229598,47631198,60.0,0.84,buy,1.63,-0.66,99.34,-0.66,993.4,-6.6,9934.0,-66.0,-3.43,96.57,-3.43,965.7,-34.3,9657.0,-343.0,-1.44,98.56,-1.44,985.6,-14.4,9856.0,-144.0,6.3,106.3,6.3,1063.0,63.0,10630.0,630.0,37.0,137.0,37.0,1370.0,370.0,13700.0,3700.0,,,,,,,,,,,,,,,,,,,,,,
UNH,UnitedHealth Group,MegaCap,healthcare,NYSE,372,+1.80%,-1.25%,-6.67%,+12.74%,+1%,333.816,0.622,23.9,4.93,3292808,19983608,107156108,254.0,1.64,buy,1.58,1.8,101.8,1.8,1018.0,18.0,10180.0,180.0,-1.25,98.75,-1.25,987.5,-12.5,9875.0,-125.0,-6.67,93.33,-6.67,933.3,-66.7,9333.0,-667.0,12.74,112.74,12.74,1127.4,127.4,11274.0,1274.0,1.0,101.0,1.0,1010.0,10.0,10100.0,100.0,,,,,,,,,,,,,,,,,,,,,,
JNJ,Johnson & Johnson,MegaCap,healthcare,NYSE,256,-1.24%,-5.60%,-8.05%,+25.46%,+37%,617.006,0.235,29.74,6.98,10176696,37612796,136826996,207.0,0.98,buy,1.91,-1.24,98.76,-1.24,987.6,-12.4,9876.0,-124.0,-5.6,94.4,-5.6,944.0,-56.0,9440.0,-560.0,-8.05,91.95,-8.05,919.5,-80.5,9195.0,-805.0,25.46,125.46,25.46,1254.6,254.6,12546.0,2546.0,37.0,137.0,37.0,1370.0,370.0,13700.0,3700.0,,,,,,,,,,,,,,,,,,,,,,
ABBV,AbbVie,MegaCap,healthcare,NYSE,263,+1.11%,-0.58%,+1.00%,+17.32%,+11%,464.434,0.281,74.88,4.92,5541012,22243012,88088712,266.0,1.23,buy,1.7,1.11,101.11,1.11,1011.1,11.1,10111.0,111.0,-0.58,99.42,-0.58,994.2,-5.8,9942.0,-58.0,1.0,101.0,1.0,1010.0,10.0,10100.0,100.0,17.32,117.32,17.32,1173.2,173.2,11732.0,1732.0,11.0,111.0,11.0,1110.0,110.0,11100.0,1100.0,,,,,,,,,,,,,,,,,,,,,,
MRK,Merck,MegaCap,healthcare,NYSE,144,+0.34%,-3.01%,-4.72%,+38.35%,+61%,356.013,0.226,115.44,9.83,9159620,43143720,202607520,236.0,1.4,buy,1.78,0.34,100.34,0.34,1003.4,3.4,10034.0,34.0,-3.01,96.99,-3.01,969.9,-30.1,9699.0,-301.0,-4.72,95.28,-4.72,952.8,-47.2,9528.0,-472.0,38.35,138.35,38.35,1383.5,383.5,13835.0,3835.0,61.0,161.0,61.0,1610.0,610.0,16100.0,6100.0,,,,,,,,,,,,,,,,,,,,,,
TMO,Thermo Fisher Scientific,MegaCap,healthcare,NYSE,655,+0.27%,-2.99%,+5.96%,+10.82%,+20%,242.111,0.854,35.2,2.05,1663049,10117249,48043849,29.0,1.36,buy,1.54,0.27,100.27,0.27,1002.7,2.7,10027.0,27.0,-2.99,97.01,-2.99,970.1,-29.9,9701.0,-299.0,5.96,105.96,5.96,1059.6,59.6,10596.0,596.0,10.82,110.82,10.82,1108.2,108.2,11082.0,1082.0,20.0,120.0,20.0,1200.0,200.0,12000.0,2000.0,,,,,,,,,,,,,7,buy,0.75,"+15.02% YTD, +10.21% 1M, P/E 36.5, positive news sentiment 0.224, life sciences tools leader.",1M +10%; Positive news sentiment; Buy consensus; Life sciences tools,,,,,
ABT,Abbott Laboratories,MegaCap,healthcare,NYSE,98,+0.67%,-3.74%,-10.38%,-20.03%,-28%,168.712,0.586,31.55,9.63,8644982,39929482,181889982,261.0,1.29,buy,1.52,0.67,100.67,0.67,1006.7,6.7,10067.0,67.0,-3.74,96.26,-3.74,962.6,-37.4,9626.0,-374.0,-10.38,89.62,-10.38,896.2,-103.8,8962.0,-1038.0,-20.03,79.97,-20.03,799.7,-200.3,7997.0,-2003.0,-28.0,72.0,-28.0,720.0,-280.0,7200.0,-2800.0,,,,,,,,,,,,,,,,,,,,,,
PG,Procter & Gamble,MegaCap,consumer,NYSE,145,+0.67%,-0.90%,-1.37%,+4.48%,-5%,336.578,0.377,21.89,8.57,6219527,38641127,165778427,302.0,1.04,buy,2.2,0.67,100.67,0.67,1006.7,6.7,10067.0,67.0,-0.9,99.1,-0.9,991.0,-9.0,9910.0,-90.0,-1.37,98.63,-1.37,986.3,-13.7,9863.0,-137.0,4.48,104.48,4.48,1044.8,44.8,10448.0,448.0,-5.0,95.0,-5.0,950.0,-50.0,9500.0,-500.0,,,,,,,,,,,,,,,,,,,,,,
KO,Coca-Cola,MegaCap,consumer,NYSE,86,-0.70%,-2.46%,-2.98%,+26.32%,+29%,368.513,0.342,25.72,15.79,19281489,82006289,329442889,246.0,0.95,buy,1.75,-0.7,99.3,-0.7,993.0,-7.0,9930.0,-70.0,-2.46,97.54,-2.46,975.4,-24.6,9754.0,-246.0,-2.98,97.02,-2.98,970.2,-29.8,9702.0,-298.0,26.32,126.32,26.32,1263.2,263.2,12632.0,2632.0,29.0,129.0,29.0,1290.0,290.0,12900.0,2900.0,,,,,,,,,,,,,,,,,,,,,,
PEP,PepsiCo,MegaCap,consumer,NASDAQ,126,+0.10%,-2.13%,-9.13%,-8.79%,-12%,171.966,0.361,16.52,8.19,6071580,40344380,194659880,471.0,2.11,hold,2.75,0.1,100.1,0.1,1001.0,1.0,10010.0,10.0,-2.13,97.87,-2.13,978.7,-21.3,9787.0,-213.0,-9.13,90.87,-9.13,908.7,-91.3,9087.0,-913.0,-8.79,91.21,-8.79,912.1,-87.9,9121.0,-879.0,-12.0,88.0,-12.0,880.0,-120.0,8800.0,-1200.0,,,,,,,,,,,,,,,,,,,,,,
MCD,McDonald's,MegaCap,consumer,NYSE,232,-0.08%,-1.95%,-10.68%,-22.04%,-23%,164.095,0.414,18.84,4.95,6342621,28460121,126812021,333.0,1.92,buy,2.06,-0.08,99.92,-0.08,999.2,-0.8,9992.0,-8.0,-1.95,98.05,-1.95,980.5,-19.5,9805.0,-195.0,-10.68,89.32,-10.68,893.2,-106.8,8932.0,-1068.0,-22.04,77.96,-22.04,779.6,-220.4,7796.0,-2204.0,-23.0,77.0,-23.0,770.0,-230.0,7700.0,-2300.0,,,,,,,,,,,,,,,,,,,,,,
NKE,Nike,MegaCap,consumer,NYSE,34,+5.55%,-5.26%,-12.64%,-45.06%,-51%,50.246,1.11,16.13,27.55,141948809,355992609,909068709,463.0,8.98,hold,2.76,5.55,105.55,5.55,1055.5,55.5,10555.0,555.0,-5.26,94.74,-5.26,947.4,-52.6,9474.0,-526.0,-12.64,87.36,-12.64,873.6,-126.4,8736.0,-1264.0,-45.06,54.94,-45.06,549.4,-450.6,5494.0,-4506.0,-51.0,49.0,-51.0,490.0,-510.0,4900.0,-5100.0,,,,,,,,,,,,,,,,,,,,,,
WMT,Walmart,MegaCap,consumer,NYSE,104,-0.24%,-3.45%,-3.84%,-6.95%,+2%,829.709,0.595,37.78,23.82,22930196,118633896,471881696,95.0,1.83,buy,1.53,-0.24,99.76,-0.24,997.6,-2.4,9976.0,-24.0,-3.45,96.55,-3.45,965.5,-34.5,9655.0,-345.0,-3.84,96.16,-3.84,961.6,-38.4,9616.0,-384.0,-6.95,93.05,-6.95,930.5,-69.5,9305.0,-695.0,2.0,102.0,2.0,1020.0,20.0,10200.0,200.0,,,,,,,,,,,,,,,,,,,,,,
COST,Costco,MegaCap,consumer,NASDAQ,921,+0.51%,-0.23%,-0.51%,+8.22%,+0%,408.093,0.855,44.33,2.12,2011685,11212285,50207185,64.0,1.66,buy,1.95,0.51,100.51,0.51,1005.1,5.1,10051.0,51.0,-0.23,99.77,-0.23,997.7,-2.3,9977.0,-23.0,-0.51,99.49,-0.51,994.9,-5.1,9949.0,-51.0,8.22,108.22,8.22,1082.2,82.2,10822.0,822.0,0.0,100.0,0.0,1000.0,0.0,10000.0,0.0,,,,,,,,,,,,,,,,,,,,,,
XOM,ExxonMobil,MegaCap,energy-industrial,NYSE,164,+0.02%,+2.13%,+1.11%,+36.40%,+45%,674.395,0.175,21.11,14.27,11164224,57937224,295927124,251.0,1.08,buy,2.4,0.02,100.02,0.02,1000.2,0.2,10002.0,2.0,2.13,102.13,2.13,1021.3,21.3,10213.0,213.0,1.11,101.11,1.11,1011.1,11.1,10111.0,111.0,36.4,136.4,36.4,1364.0,364.0,13640.0,3640.0,45.0,145.0,45.0,1450.0,450.0,14500.0,4500.0,,,,,,,,,,,,,,,,,,,,,,
CVX,Chevron,MegaCap,energy-industrial,NYSE,207,-0.13%,+1.10%,-2.19%,+36.28%,+35%,405.444,0.491,19.87,8.47,6642588,34479888,203128288,344.0,1.06,buy,1.72,-0.13,99.87,-0.13,998.7,-1.3,9987.0,-13.0,1.1,101.1,1.1,1011.0,11.0,10110.0,110.0,-2.19,97.81,-2.19,978.1,-21.9,9781.0,-219.0,36.28,136.28,36.28,1362.8,362.8,13628.0,3628.0,35.0,135.0,35.0,1350.0,350.0,13500.0,3500.0,,,,,,,,,,,,,,,,,,,,,,
CAT,Caterpillar,MegaCap,energy-industrial,NYSE,845,+2.33%,+2.90%,+5.66%,+42.14%,+66%,388.618,1.594,36.41,2.68,2378887,10980587,48906587,79.0,2.03,buy,2.07,2.33,102.33,2.33,1023.3,23.3,10233.0,233.0,2.9,102.9,2.9,1029.0,29.0,10290.0,290.0,5.66,105.66,5.66,1056.6,56.6,10566.0,566.0,42.14,142.14,42.14,1421.4,421.4,14214.0,4214.0,66.0,166.0,66.0,1660.0,660.0,16600.0,6600.0,,,,,,,,,,,,,8,buy,0.7,"+38.98% YTD, +3.66% 1M, P/E 35, infrastructure and AI data center buildout beneficiary.",YTD +39%; Infrastructure demand; Buy consensus; AI data center power,,,,,
HON,Honeywell,MegaCap,energy-industrial,NASDAQ,214,+0.06%,+0.68%,+3.06%,+5.57%,+3%,67.822,0.901,8.22,3.2,1792209,10331609,61851309,131.0,2.34,buy,2.0,0.06,100.06,0.06,1000.6,0.6,10006.0,6.0,0.68,100.68,0.68,1006.8,6.8,10068.0,68.0,3.06,103.06,3.06,1030.6,30.6,10306.0,306.0,5.57,105.57,5.57,1055.7,55.7,10557.0,557.0,3.0,103.0,3.0,1030.0,30.0,10300.0,300.0,,,,,,,,,,,,,,,,,,,,,,
GE,GE Aerospace,MegaCap,energy-industrial,NYSE,310,-0.97%,-5.36%,-7.17%,-3.23%,+5%,321.188,1.35,36.55,3.94,4148627,19678027,91189327,60.0,1.52,buy,1.55,-0.97,99.03,-0.97,990.3,-9.7,9903.0,-97.0,-5.36,94.64,-5.36,946.4,-53.6,9464.0,-536.0,-7.17,92.83,-7.17,928.3,-71.7,9283.0,-717.0,-3.23,96.77,-3.23,967.7,-32.3,9677.0,-323.0,5.0,105.0,5.0,1050.0,50.0,10500.0,500.0,,,,,,,,,,,,,,,,,,,,,,
RTX,RTX Corp,MegaCap,energy-industrial,NYSE,185,-0.77%,-2.49%,-8.63%,-0.30%,+11%,248.904,0.287,32.51,4.46,3793732,18616032,82482632,158.0,1.01,buy,1.83,-0.77,99.23,-0.77,992.3,-7.7,9923.0,-77.0,-2.49,97.51,-2.49,975.1,-24.9,9751.0,-249.0,-8.63,91.37,-8.63,913.7,-86.3,9137.0,-863.0,-0.3,99.7,-0.3,997.0,-3.0,9970.0,-30.0,11.0,111.0,11.0,1110.0,110.0,11100.0,1100.0,,,,,,,,,,,,,,,,,,,,,,
BA,Boeing,MegaCap,energy-industrial,NYSE,194,+0.66%,-2.28%,-8.05%,-15.02%,-11%,152.984,1.213,69.38,6.36,12577596,66303996,175340696,,0.01,strong_buy,1.5,0.66,100.66,0.66,1006.6,6.6,10066.0,66.0,-2.28,97.72,-2.28,977.2,-22.8,9772.0,-228.0,-8.05,91.95,-8.05,919.5,-80.5,9195.0,-805.0,-15.02,84.98,-15.02,849.8,-150.2,8498.0,-1502.0,-11.0,89.0,-11.0,890.0,-110.0,8900.0,-1100.0,,,,,,,,,,,,,,,,,,,,,,
AMD,Advanced Micro Devices,MegaCap,tech-semis,NASDAQ,634,+2.70%,+0.52%,+38.97%,+183.67%,+274%,1034.842,2.476,160.89,23.75,19323673,91845273,468402773,,2.46,strong_buy,1.49,2.7,102.7,2.7,1027.0,27.0,10270.0,270.0,0.52,100.52,0.52,1005.2,5.2,10052.0,52.0,38.97,138.97,38.97,1389.7,389.7,13897.0,3897.0,183.67,283.67,183.67,2836.7,1836.7,28367.0,18367.0,274.0,374.0,274.0,3740.0,2740.0,37400.0,27400.0,,,,,,,,,,,,,1,strong_buy,1.0,"+171.88% YTD, P/E 156, AI catalyst via $8.2B World Labs acquisition bringing Fei-Fei Li as chief scientist [tomshardware.com](https://www.tomshardware.com/tech-industry/artificial-intelligence/amd-acquires-ai-legend-fei-fei-lis-world-labs-for-usd8-2-billion-imagenet-pioneer-will-become-amd-chief-scientist-as-the-chipmaker-brings-her-lab-in-house).",YTD +172%; World Labs acquisition; Strong buy consensus; AI infrastructure tailwind,,,,,
QCOM,Qualcomm,MegaCap,tech-semis,NASDAQ,185,+1.19%,-8.47%,+9.67%,+8.54%,+8%,197.452,1.679,21.1,12.54,10092090,55125690,309503390,202.0,4.01,hold,2.57,1.19,101.19,1.19,1011.9,11.9,10119.0,119.0,-8.47,91.53,-8.47,915.3,-84.7,9153.0,-847.0,9.67,109.67,9.67,1096.7,96.7,10967.0,967.0,8.54,108.54,8.54,1085.4,85.4,10854.0,854.0,8.0,108.0,8.0,1080.0,80.0,10800.0,800.0,,,,,,,,,,,,,,,,,,,,,,
AVGO,Broadcom,MegaCap,tech-semis,NASDAQ,355,+2.83%,+0.66%,-0.38%,+2.73%,+2%,1695.307,1.457,45.36,22.48,24509128,109559228,560874028,76.0,1.11,strong_buy,1.26,2.83,102.83,2.83,1028.3,28.3,10283.0,283.0,0.66,100.66,0.66,1006.6,6.6,10066.0,66.0,-0.38,99.62,-0.38,996.2,-3.8,9962.0,-38.0,2.73,102.73,2.73,1027.3,27.3,10273.0,273.0,2.0,102.0,2.0,1020.0,20.0,10200.0,200.0,,,,,,,,,,,,,,,,,,,,,,
TSM,Taiwan Semiconductor,MegaCap,tech-semis,NYSE,473,+2.96%,+4.92%,+13.68%,+49.09%,+57%,2452.061,1.247,35.26,11.53,9722477,44718777,210854177,89.0,0.57,none,,2.96,102.96,2.96,1029.6,29.6,10296.0,296.0,4.92,104.92,4.92,1049.2,49.2,10492.0,492.0,13.68,113.68,13.68,1136.8,136.8,11368.0,1368.0,49.09,149.09,49.09,1490.9,490.9,14909.0,4909.0,57.0,157.0,57.0,1570.0,570.0,15700.0,5700.0,,,,,,,,,,,,,3,strong_buy,0.85,"+44.09% YTD, P/E 34, low short interest 0.57%, critical AI chip manufacturer with $3T market cap target.",YTD +44%; Low short 0.57%; Strong buy; AI infrastructure,,,,,
ASML,ASML Holding,MegaCap,tech-semis,NASDAQ,1867,+3.05%,+7.07%,+13.43%,+61.22%,+75%,717.234,1.363,64.95,1.5,1335151,6983951,28690951,50.0,0.38,strong_buy,1.4,3.05,103.05,3.05,1030.5,30.5,10305.0,305.0,7.07,107.07,7.07,1070.7,70.7,10707.0,707.0,13.43,113.43,13.43,1134.3,134.3,11343.0,1343.0,61.22,161.22,61.22,1612.2,612.2,16122.0,6122.0,75.0,175.0,75.0,1750.0,750.0,17500.0,7500.0,,,,,,,,,,,,,4,strong_buy,0.8,"+58.38% YTD, P/E 61, sole EUV lithography supplier for advanced chips, strong buy consensus.",YTD +58%; Strong buy; Semiconductor equipment leader; Low short 0.38%,,,,,
ARM,Arm Holdings,MegaCap,tech-semis,NASDAQ,307,+4.54%,-0.91%,+26.75%,+168.01%,+92%,328.399,3.89,310.6,5.34,5880656,28453856,123027956,,10.69,buy,1.91,4.54,104.54,4.54,1045.4,45.4,10454.0,454.0,-0.91,99.09,-0.91,990.9,-9.1,9909.0,-91.0,26.75,126.75,26.75,1267.5,267.5,12675.0,2675.0,168.01,268.01,168.01,2680.1,1680.1,26801.0,16801.0,92.0,192.0,92.0,1920.0,920.0,19200.0,9200.0,,,,,,,,,,,,,6,buy,0.93,"+155.97% YTD, data center royalty revenue +100%, AGI CPU pipeline >$2B, but P/E 285 and short 10.69% [tradingkey.com](https://www.tradingkey.com/analysis/stocks/us-stocks/262191810-arm-stock-forecast-ai-data-center-cpu-valuation-2026-tradingkey).",YTD +156%; Data center royalty growth; AGI CPU demand; High short 10.7%,,,,,
INTC,Intel,MegaCap,tech-semis,NASDAQ,119,-0.75%,-2.98%,+30.17%,+203.02%,+226%,630.791,2.231,,107.99,94956744,494615144,2322004744,,3.01,buy,2.47,-0.75,99.25,-0.75,992.5,-7.5,9925.0,-75.0,-2.98,97.02,-2.98,970.2,-29.8,9702.0,-298.0,30.17,130.17,30.17,1301.7,301.7,13017.0,3017.0,203.02,303.02,203.02,3030.2,2030.2,30302.0,20302.0,226.0,326.0,226.0,3260.0,2260.0,32600.0,22600.0,,,,,,,,,,,,,5,strong_buy,0.7,"+194.39% YTD, Edge AI ecosystem expansion with Advantech, but high short interest 3.01% and no P/E [simplywall.st](https://simplywall.st/stocks/us/semiconductors/nasdaq-intc/intel/news/intel-intc-just-drew-fresh-attention-so-what-is-the-market).",YTD +194%; Edge AI ecosystem; Turnaround story; High short risk,,,,,
2222.SR,Saudi Aramco,MegaCap,global-growth,TADAWUL,6.73,+0.08%,-1.94%,-3.44%,+9.95%,+2%,1628.954,0.006,14.96,8.06,8961003,47891646,171284216,537.0,,buy,2.11,0.08,100.08,0.08,1000.8,0.8,10008.0,8.0,-1.94,98.06,-1.94,980.6,-19.4,9806.0,-194.0,-3.44,96.56,-3.44,965.6,-34.4,9656.0,-344.0,9.95,109.95,9.95,1099.5,99.5,10995.0,995.0,2.0,102.0,2.0,1020.0,20.0,10200.0,200.0,,,,,,,,,,,,,,,,,,,,,,
BABA,Alibaba Group,MegaCap,global-growth,NYSE,106,-1.72%,-3.54%,-5.33%,-31.41%,-43%,263.328,0.5,23.89,11.03,7768242,33110542,171471942,98.0,1.68,strong_buy,1.32,-1.72,98.28,-1.72,982.8,-17.2,9828.0,-172.0,-3.54,96.46,-3.54,964.6,-35.4,9646.0,-354.0,-5.33,94.67,-5.33,946.7,-53.3,9467.0,-533.0,-31.41,68.59,-31.41,685.9,-314.1,6859.0,-3141.0,-43.0,57.0,-43.0,570.0,-430.0,5700.0,-4300.0,,,,,,,,,,,,,,,,,,,,,,
SAP,SAP SE,MegaCap,global-growth,NYSE,209,+1.25%,-1.00%,-3.90%,-10.44%,-22%,240.732,0.775,27.55,2.62,1407799,10240399,39997399,139.0,0.44,buy,1.62,1.25,101.25,1.25,1012.5,12.5,10125.0,125.0,-1.0,99.0,-1.0,990.0,-10.0,9900.0,-100.0,-3.9,96.1,-3.9,961.0,-39.0,9610.0,-390.0,-10.44,89.56,-10.44,895.6,-104.4,8956.0,-1044.0,-22.0,78.0,-22.0,780.0,-220.0,7800.0,-2200.0,,,,,,,,,,,,,,,,,,,,,,
SONY,Sony Group,MegaCap,global-growth,NYSE,24,+0.97%,+1.15%,-4.57%,-7.96%,-19%,139.236,0.763,20.19,4.41,4166276,19095376,75287476,67.0,0.21,none,,0.97,100.97,0.97,1009.7,9.7,10097.0,97.0,1.15,101.15,1.15,1011.5,11.5,10115.0,115.0,-4.57,95.43,-4.57,954.3,-45.7,9543.0,-457.0,-7.96,92.04,-7.96,920.4,-79.6,9204.0,-796.0,-19.0,81.0,-19.0,810.0,-190.0,8100.0,-1900.0,,,,,,,,,,,,,,,,,,,,,,
TM,Toyota Motor,MegaCap,global-growth,NYSE,181,-1.01%,-4.65%,-9.20%,-16.70%,-6%,214.917,0.337,8.13,0.37,297876,1457576,6457776,342.0,0.09,strong_buy,1.5,-1.01,98.99,-1.01,989.9,-10.1,9899.0,-101.0,-4.65,95.35,-4.65,953.5,-46.5,9535.0,-465.0,-9.2,90.8,-9.2,908.0,-92.0,9080.0,-920.0,-16.7,83.3,-16.7,833.0,-167.0,8330.0,-1670.0,-6.0,94.0,-6.0,940.0,-60.0,9400.0,-600.0,,,,,,,,,,,,,,,,,,,,,,
NVO,Novo Nordisk,MegaCap,global-growth,NYSE,37,-0.27%,-3.81%,-21.45%,-25.21%,-37%,164.789,0.344,9.47,12.38,10147743,65192943,289726443,480.0,0.83,hold,2.71,-0.27,99.73,-0.27,997.3,-2.7,9973.0,-27.0,-3.81,96.19,-3.81,961.9,-38.1,9619.0,-381.0,-21.45,78.55,-21.45,785.5,-214.5,7855.0,-2145.0,-25.21,74.79,-25.21,747.9,-252.1,7479.0,-2521.0,-37.0,63.0,-37.0,630.0,-370.0,6300.0,-3700.0,,,,,,,,,,,,,,,,,,,,,,
HSBC,HSBC Holdings,MegaCap,global-growth,NYSE,96,+0.49%,-4.76%,-9.69%,+24.15%,+33%,328.925,0.571,13.73,1.33,2017351,10249651,32390551,391.0,,none,,0.49,100.49,0.49,1004.9,4.9,10049.0,49.0,-4.76,95.24,-4.76,952.4,-47.6,9524.0,-476.0,-9.69,90.31,-9.69,903.1,-96.9,9031.0,-969.0,24.15,124.15,24.15,1241.5,241.5,12415.0,2415.0,33.0,133.0,33.0,1330.0,330.0,13300.0,3300.0,,,,,,,,,,,,,,,,,,,,,,
AAPL,Apple,Tech,mega-cap,NASDAQ,333.69,+0.87%,-2.16%,+1.67%,+23.46%,+28%,4869.932,1.085,38.27,46.21,31878433,189472133,880542833,33.0,0.88,buy,2.2,0.87,100.87,0.87,1008.7,8.7,10087.0,87.0,-2.16,97.84,-2.16,978.4,-21.6,9784.0,-216.0,1.67,101.67,1.67,1016.7,16.7,10167.0,167.0,23.46,123.46,23.46,1234.6,234.6,12346.0,2346.0,28.0,128.0,28.0,1280.0,280.0,12800.0,2800.0,,,,,,,,,,,,,,,,,,,,,,
MSFT,Microsoft,Tech,mega-cap,NASDAQ,517.53,+0.43%,+0.26%,+1.45%,+10.12%,-1%,3842.943,1.108,28.83,28.41,17179496,105103396,448581996,76.0,0.91,strong_buy,1.33,0.43,100.43,0.43,1004.3,4.3,10043.0,43.0,0.26,100.26,0.26,1002.6,2.6,10026.0,26.0,1.45,101.45,1.45,1014.5,14.5,10145.0,145.0,10.12,110.12,10.12,1101.2,101.2,11012.0,1012.0,-1.0,99.0,-1.0,990.0,-10.0,9900.0,-100.0,,,,,,,,,,,,,10,strong_buy,0.8,"MSFT has +8.30% YTD, strong_buy, P/E 28.4, short 0.91%, stable AI momentum.",+8.30% YTD; P/E 28.4; strong_buy; low short 0.91%,,,,,
GOOGL,Alphabet (Google),Tech,mega-cap,NASDAQ,343.5,+1.27%,-0.12%,+0.36%,+9.21%,+38%,4200.982,1.225,17.24,27.17,22734069,133762269,567123069,26.0,1.49,strong_buy,1.38,1.27,101.27,1.27,1012.7,12.7,10127.0,127.0,-0.12,99.88,-0.12,998.8,-1.2,9988.0,-12.0,0.36,100.36,0.36,1003.6,3.6,10036.0,36.0,9.21,109.21,9.21,1092.1,92.1,10921.0,921.0,38.0,138.0,38.0,1380.0,380.0,13800.0,3800.0,,,,,,,,,,,,,,,,,,,,,,
AMZN,Amazon,Tech,mega-cap,NASDAQ,251.52,+1.05%,+0.74%,-2.85%,+11.05%,+13%,2712.973,1.443,20.22,39.28,33047205,174531305,730140505,,0.83,strong_buy,1.32,1.05,101.05,1.05,1010.5,10.5,10105.0,105.0,0.74,100.74,0.74,1007.4,7.4,10074.0,74.0,-2.85,97.15,-2.85,971.5,-28.5,9715.0,-285.0,11.05,111.05,11.05,1110.5,110.5,11105.0,1105.0,13.0,113.0,13.0,1130.0,130.0,11300.0,1300.0,,,,,,,,,,,,,,,,,,,,,,
META,Meta Platforms,Tech,mega-cap,NASDAQ,728.08,+0.18%,-3.14%,+19.32%,+12.23%,+2%,1854.788,1.243,27.4,19.47,12873427,96109027,492963927,29.0,1.41,strong_buy,1.41,0.18,100.18,0.18,1001.8,1.8,10018.0,18.0,-3.14,96.86,-3.14,968.6,-31.4,9686.0,-314.0,19.32,119.32,19.32,1193.2,193.2,11932.0,1932.0,12.23,112.23,12.23,1122.3,122.3,11223.0,1223.0,2.0,102.0,2.0,1020.0,20.0,10200.0,200.0,,,,,,,,,,,,,2,strong_buy,0.9,"META has +29.18% 1M, P/E 26.95, strong_buy, and Muse AI enterprise push driving best month since 2013.",+29.18% 1M; P/E 26.95; strong_buy; Muse AI catalyst,,,,,
NVDA,NVIDIA,Tech,semiconductors,NASDAQ,233.95,+1.06%,+3.95%,+2.52%,+24.17%,+23%,5649.191,2.217,29.54,122.42,134470648,598633448,2333303548,43.0,1.27,strong_buy,1.3,1.06,101.06,1.06,1010.6,10.6,10106.0,106.0,3.95,103.95,3.95,1039.5,39.5,10395.0,395.0,2.52,102.52,2.52,1025.2,25.2,10252.0,252.0,24.17,124.17,24.17,1241.7,241.7,12417.0,2417.0,23.0,123.0,23.0,1230.0,230.0,12300.0,2300.0,,,,,,,,,,,,,7,strong_buy,0.8,"NVDA has +20.59% YTD, strong_buy, P/E 28.91, short 1.27%, AI leader.",+20.59% YTD; P/E 28.91; strong_buy; low short 1.27%,,,,,
AMD,Advanced Micro Devices,Tech,semiconductors,NASDAQ,633.91,+2.70%,+0.52%,+38.97%,+183.67%,+274%,1034.842,2.476,160.89,23.75,19323673,91845273,468402773,,2.46,strong_buy,1.49,2.7,102.7,2.7,1027.0,27.0,10270.0,270.0,0.52,100.52,0.52,1005.2,5.2,10052.0,52.0,38.97,138.97,38.97,1389.7,389.7,13897.0,3897.0,183.67,283.67,183.67,2836.7,1836.7,28367.0,18367.0,274.0,374.0,274.0,3740.0,2740.0,37400.0,27400.0,,,,,,,,,,,,,3,strong_buy,1.0,"AMD has +171.88% YTD, +29.07% 1M, strong_buy, and $8.2B AI bet against Nvidia.",+171.88% YTD; +29.07% 1M; strong_buy; $8.2B AI bet,,,,,
INTC,Intel,Tech,semiconductors,NASDAQ,119.33,-0.75%,-2.98%,+30.17%,+203.02%,+226%,630.791,2.231,,107.99,94956744,494615144,2322004744,,3.01,buy,2.47,-0.75,99.25,-0.75,992.5,-7.5,9925.0,-75.0,-2.98,97.02,-2.98,970.2,-29.8,9702.0,-298.0,30.17,130.17,30.17,1301.7,301.7,13017.0,3017.0,203.02,303.02,203.02,3030.2,2030.2,30302.0,20302.0,226.0,326.0,226.0,3260.0,2260.0,32600.0,22600.0,,,,,,,,,,,,,8,strong_buy,0.7,"INTC has +194.39% YTD, +29.52% 1M, buy consensus, Edge AI catalyst with Advantech, narrative fair value $500.93.",+194.39% YTD; +29.52% 1M; Edge AI catalyst; narrative undervalued,,,,,
TSM,Taiwan Semiconductor,Tech,semiconductors,NYSE,472.78,+2.96%,+4.92%,+13.68%,+49.09%,+57%,2452.062,1.247,35.26,11.53,9722477,44718777,210854177,89.0,0.57,none,,2.96,102.96,2.96,1029.6,29.6,10296.0,296.0,4.92,104.92,4.92,1049.2,49.2,10492.0,492.0,13.68,113.68,13.68,1136.8,136.8,11368.0,1368.0,49.09,149.09,49.09,1490.9,490.9,14909.0,4909.0,57.0,157.0,57.0,1570.0,570.0,15700.0,5700.0,,,,,,,,,,,,,5,strong_buy,0.8,"TSM has +44.09% YTD, +10.32% 1M, strong_buy, P/E 33.67, short 0.57%.",+44.09% YTD; +10.32% 1M; strong_buy; low short 0.57%,,,,,
AVGO,Broadcom,Tech,semiconductors,NASDAQ,355.14,+2.83%,+0.66%,-0.38%,+2.73%,+2%,1695.308,1.457,45.36,22.48,24509128,109559228,560874028,76.0,1.11,strong_buy,1.26,2.83,102.83,2.83,1028.3,28.3,10283.0,283.0,0.66,100.66,0.66,1006.6,6.6,10066.0,66.0,-0.38,99.62,-0.38,996.2,-3.8,9962.0,-38.0,2.73,102.73,2.73,1027.3,27.3,10273.0,273.0,2.0,102.0,2.0,1020.0,20.0,10200.0,200.0,,,,,,,,,,,,,,,,,,,,,,
QCOM,Qualcomm,Tech,semiconductors,NASDAQ,184.87,+1.19%,-8.47%,+9.67%,+8.54%,+8%,197.453,1.679,21.1,12.54,10092090,55125690,309503390,202.0,4.01,hold,2.57,1.19,101.19,1.19,1011.9,11.9,10119.0,119.0,-8.47,91.53,-8.47,915.3,-84.7,9153.0,-847.0,9.67,109.67,9.67,1096.7,96.7,10967.0,967.0,8.54,108.54,8.54,1085.4,85.4,10854.0,854.0,8.0,108.0,8.0,1080.0,80.0,10800.0,800.0,,,,,,,,,,,,,,,,,,,,,,
ARM,Arm Holdings,Tech,semiconductors,NASDAQ,307.49,+4.54%,-0.91%,+26.75%,+168.01%,+92%,328.399,3.89,310.6,5.34,5880656,28453856,123027956,,10.69,buy,1.91,4.54,104.54,4.54,1045.4,45.4,10454.0,454.0,-0.91,99.09,-0.91,990.9,-9.1,9909.0,-91.0,26.75,126.75,26.75,1267.5,267.5,12675.0,2675.0,168.01,268.01,168.01,2680.1,1680.1,26801.0,16801.0,92.0,192.0,92.0,1920.0,920.0,19200.0,9200.0,,,,,,,,,,,,,,,,,,,,,,
ASML,ASML Holding,Tech,semiconductors,NASDAQ,1867.31,+3.05%,+7.07%,+13.43%,+61.22%,+75%,717.234,1.363,64.95,1.5,1335151,6983951,28690951,50.0,0.38,strong_buy,1.4,3.05,103.05,3.05,1030.5,30.5,10305.0,305.0,7.07,107.07,7.07,1070.7,70.7,10707.0,707.0,13.43,113.43,13.43,1134.3,134.3,11343.0,1343.0,61.22,161.22,61.22,1612.2,612.2,16122.0,6122.0,75.0,175.0,75.0,1750.0,750.0,17500.0,7500.0,,,,,,,,,,,,,6,strong_buy,0.8,"ASML has +58.38% YTD, +8.16% 1M, strong_buy, P/E 61.35, short 0.38%.",+58.38% YTD; +8.16% 1M; strong_buy; short 0.38%,,,,,
MU,Micron Technology,Tech,semiconductors,NASDAQ,1074.89,-1.40%,-0.68%,+12.18%,+240.98%,+484%,1213.974,,14.47,33.91,26523742,145312642,550765042,5.0,2.45,strong_buy,1.37,-1.4,98.6,-1.4,986.0,-14.0,9860.0,-140.0,-0.68,99.32,-0.68,993.2,-6.8,9932.0,-68.0,12.18,112.18,12.18,1121.8,121.8,11218.0,1218.0,240.98,340.98,240.98,3409.8,2409.8,34098.0,24098.0,484.0,584.0,484.0,5840.0,4840.0,58400.0,48400.0,,,,,,,,,,,,,1,strong_buy,0.9,"MU has +237.86% YTD, P/E 23.81, strong_buy consensus, and JPMorgan reiterated Overweight with $1,540 target ahead of Q4 earnings with 96% beat probability.","+237.86% YTD; P/E 23.81; strong_buy consensus; JPMorgan $1,540 target",,,,,
AMAT,Applied Materials,Tech,semiconductors,NASDAQ,540.04,+1.70%,+11.35%,+23.89%,+101.57%,+143%,428.574,1.597,46.6,7.31,5699753,31298453,132375053,40.0,1.78,strong_buy,1.45,1.7,101.7,1.7,1017.0,17.0,10170.0,170.0,11.35,111.35,11.35,1113.5,113.5,11135.0,1135.0,23.89,123.89,23.89,1238.9,238.9,12389.0,2389.0,101.57,201.57,101.57,2015.7,1015.7,20157.0,10157.0,143.0,243.0,143.0,2430.0,1430.0,24300.0,14300.0,,,,,,,,,,,,,4,strong_buy,0.8,"AMAT has +91.11% YTD, +11.70% 1M, strong_buy, P/E 42, low short 1.78%.",+91.11% YTD; +11.70% 1M; strong_buy; P/E 42,,,,,
ORCL,Oracle,Tech,enterprise-software,NYSE,142.3,+2.79%,+3.79%,-7.62%,-26.59%,-52%,431.383,1.732,22.3,32.6,30193711,159744211,745555011,145.0,2.73,buy,1.6,2.79,102.79,2.79,1027.9,27.9,10279.0,279.0,3.79,103.79,3.79,1037.9,37.9,10379.0,379.0,-7.62,92.38,-7.62,923.8,-76.2,9238.0,-762.0,-26.59,73.41,-26.59,734.1,-265.9,7341.0,-2659.0,-52.0,48.0,-52.0,480.0,-520.0,4800.0,-5200.0,,,,,,,,,,,,,,,,,,,,,,
CRM,Salesforce,Tech,enterprise-software,NYSE,234.69,-0.93%,+0.29%,-11.09%,-6.83%,-2%,193.149,1.202,21.09,13.71,7840153,52473353,257644053,74.0,4.54,buy,1.76,-0.93,99.07,-0.93,990.7,-9.3,9907.0,-93.0,0.29,100.29,0.29,1002.9,2.9,10029.0,29.0,-11.09,88.91,-11.09,889.1,-110.9,8891.0,-1109.0,-6.83,93.17,-6.83,931.7,-68.3,9317.0,-683.0,-2.0,98.0,-2.0,980.0,-20.0,9800.0,-200.0,,,,,,,,,,,,,,,,,,,,,,
ADBE,Adobe,Tech,enterprise-software,NASDAQ,237.69,-1.55%,+0.94%,-16.82%,-28.69%,-30%,94.481,1.417,13.28,5.16,3103549,21715449,116291349,,5.21,hold,2.77,-1.55,98.45,-1.55,984.5,-15.5,9845.0,-155.0,0.94,100.94,0.94,1009.4,9.4,10094.0,94.0,-16.82,83.18,-16.82,831.8,-168.2,8318.0,-1682.0,-28.69,71.31,-28.69,713.1,-286.9,7131.0,-2869.0,-30.0,70.0,-30.0,700.0,-300.0,7000.0,-3000.0,,,,,,,,,,,,,,,,,,,,,,
NOW,ServiceNow,Tech,enterprise-software,NYSE,134.38,-2.27%,-0.91%,-7.70%,-8.86%,-25%,138.931,0.972,81.44,18.36,8760611,50027011,254404311,,2.79,strong_buy,1.43,-2.27,97.73,-2.27,977.3,-22.7,9773.0,-227.0,-0.91,99.09,-0.91,990.9,-9.1,9909.0,-91.0,-7.7,92.3,-7.7,923.0,-77.0,9230.0,-770.0,-8.86,91.14,-8.86,911.4,-88.6,9114.0,-886.0,-25.0,75.0,-25.0,750.0,-250.0,7500.0,-2500.0,,,,,,,,,,,,,,,,,,,,,,
SNOW,Snowflake,Tech,enterprise-software,NYSE,341.04,-0.34%,+1.52%,-4.33%,+57.37%,+45%,120.319,1.328,,4.85,3301495,22847895,110277895,,5.45,strong_buy,1.48,-0.34,99.66,-0.34,996.6,-3.4,9966.0,-34.0,1.52,101.52,1.52,1015.2,15.2,10152.0,152.0,-4.33,95.67,-4.33,956.7,-43.3,9567.0,-433.0,57.37,157.37,57.37,1573.7,573.7,15737.0,5737.0,45.0,145.0,45.0,1450.0,450.0,14500.0,4500.0,,,,,,,,,,,,,,,,,,,,,,
INTU,Intuit,Tech,enterprise-software,NASDAQ,281.08,-0.64%,+1.92%,-18.36%,-54.93%,-58%,75.115,0.976,17.08,3.98,2728573,18558573,77691673,195.0,3.02,buy,2.06,-0.64,99.36,-0.64,993.6,-6.4,9936.0,-64.0,1.92,101.92,1.92,1019.2,19.2,10192.0,192.0,-18.36,81.64,-18.36,816.4,-183.6,8164.0,-1836.0,-54.93,45.07,-54.93,450.7,-549.3,4507.0,-5493.0,-58.0,42.0,-58.0,420.0,-580.0,4200.0,-5800.0,,,,,,,,,,,,,,,,,,,,,,
CRWD,CrowdStrike,Tech,cybersecurity,NASDAQ,270.04,+1.42%,+7.10%,+25.62%,+138.14%,+117%,276.503,1.255,9001.33,9.71,5830129,37630129,223802429,,2.77,buy,1.7,1.42,101.42,1.42,1014.2,14.2,10142.0,142.0,7.1,107.1,7.1,1071.0,71.0,10710.0,710.0,25.62,125.62,25.62,1256.2,256.2,12562.0,2562.0,138.14,238.14,138.14,2381.4,1381.4,23814.0,13814.0,117.0,217.0,117.0,2170.0,1170.0,21700.0,11700.0,,,,,,,,,,,,,,,,,,,,,,
PANW,Palo Alto Networks,Tech,cybersecurity,NASDAQ,403.24,+1.70%,+7.61%,+21.48%,+124.81%,+91%,329.851,0.908,1008.1,6.37,4829505,27353105,132219205,,2.69,buy,1.71,1.7,101.7,1.7,1017.0,17.0,10170.0,170.0,7.61,107.61,7.61,1076.1,76.1,10761.0,761.0,21.48,121.48,21.48,1214.8,214.8,12148.0,2148.0,124.81,224.81,124.81,2248.1,1248.1,22481.0,12481.0,91.0,191.0,91.0,1910.0,910.0,19100.0,9100.0,,,,,,,,,,,,,,,,,,,,,,
NET,Cloudflare,Tech,cybersecurity,NYSE,349.07,-0.76%,+0.01%,+22.69%,+78.08%,+62%,124.296,1.664,,3.4,2834127,13176727,65210527,,2.71,buy,1.97,-0.76,99.24,-0.76,992.4,-7.6,9924.0,-76.0,0.01,100.01,0.01,1000.1,0.1,10001.0,1.0,22.69,122.69,22.69,1226.9,226.9,12269.0,2269.0,78.08,178.08,78.08,1780.8,780.8,17808.0,7808.0,62.0,162.0,62.0,1620.0,620.0,16200.0,6200.0,,,,,,,,,,,,,9,buy,0.7,"NET has +79.71% YTD, +15.45% 1M, buy consensus, strong momentum in cybersecurity.",+79.71% YTD; +15.45% 1M; buy consensus; cybersecurity growth,,,,,
FTNT,Fortinet,Tech,cybersecurity,NASDAQ,180.95,+1.57%,+4.32%,+15.73%,+132.34%,+108%,132.765,1.059,64.17,4.7,3403414,14796514,82639614,,2.26,hold,2.77,1.57,101.57,1.57,1015.7,15.7,10157.0,157.0,4.32,104.32,4.32,1043.2,43.2,10432.0,432.0,15.73,115.73,15.73,1157.3,157.3,11573.0,1573.0,132.34,232.34,132.34,2323.4,1323.4,23234.0,13234.0,108.0,208.0,108.0,2080.0,1080.0,20800.0,10800.0,,,,,,,,,,,,,,,,,,,,,,
NFLX,Netflix,Tech,consumer-platform,NASDAQ,67.06,-1.28%,-5.75%,-18.88%,-26.30%,-41%,279.234,1.526,21.09,37.13,38312283,194230683,739843883,,2.28,buy,1.8,-1.28,98.72,-1.28,987.2,-12.8,9872.0,-128.0,-5.75,94.25,-5.75,942.5,-57.5,9425.0,-575.0,-18.88,81.12,-18.88,811.2,-188.8,8112.0,-1888.0,-26.3,73.7,-26.3,737.0,-263.0,7370.0,-2630.0,-41.0,59.0,-41.0,590.0,-410.0,5900.0,-4100.0,,,,,,,,,,,,,,,,,,,,,,
SHOP,Shopify,Tech,consumer-platform,NYSE,151.39,+1.54%,+6.43%,+3.78%,-3.70%,-7%,196.452,2.616,102.29,9.48,5571811,34372811,215261911,,1.36,buy,1.69,1.54,101.54,1.54,1015.4,15.4,10154.0,154.0,6.43,106.43,6.43,1064.3,64.3,10643.0,643.0,3.78,103.78,3.78,1037.8,37.8,10378.0,378.0,-3.7,96.3,-3.7,963.0,-37.0,9630.0,-370.0,-7.0,93.0,-7.0,930.0,-70.0,9300.0,-700.0,,,,,,,,,,,,,,,,,,,,,,
SPOT,Spotify,Tech,consumer-platform,NYSE,472.89,-3.77%,-7.28%,-15.57%,-17.76%,-28%,97.218,1.586,26.23,1.68,1891417,7291517,30646717,,2.86,buy,1.56,-3.77,96.23,-3.77,962.3,-37.7,9623.0,-377.0,-7.28,92.72,-7.28,927.2,-72.8,9272.0,-728.0,-15.57,84.43,-15.57,844.3,-155.7,8443.0,-1557.0,-17.76,82.24,-17.76,822.4,-177.6,8224.0,-1776.0,-28.0,72.0,-28.0,720.0,-280.0,7200.0,-2800.0,,,,,,,,,,,,,,,,,,,,,,
UBER,Uber,Tech,consumer-platform,NYSE,68.11,+0.61%,-2.17%,-10.33%,-17.80%,-30%,139.119,1.159,14.94,17.99,15498371,80398771,397470871,,2.32,buy,1.57,0.61,100.61,0.61,1006.1,6.1,10061.0,61.0,-2.17,97.83,-2.17,978.3,-21.7,9783.0,-217.0,-10.33,89.67,-10.33,896.7,-103.3,8967.0,-1033.0,-17.8,82.2,-17.8,822.0,-178.0,8220.0,-1780.0,-30.0,70.0,-30.0,700.0,-300.0,7000.0,-3000.0,,,,,,,,,,,,,,,,,,,,,,
CSCO,Cisco Systems,Tech,hardware-infra,NASDAQ,112.2,+2.98%,+5.15%,+3.31%,+48.91%,+60%,442.358,0.992,33.69,19.61,16422153,77281853,380639953,154.0,1.46,buy,1.86,2.98,102.98,2.98,1029.8,29.8,10298.0,298.0,5.15,105.15,5.15,1051.5,51.5,10515.0,515.0,3.31,103.31,3.31,1033.1,33.1,10331.0,331.0,48.91,148.91,48.91,1489.1,489.1,14891.0,4891.0,60.0,160.0,60.0,1600.0,600.0,16000.0,6000.0,,,,,,,,,,,,,,,,,,,,,,
PLTR,Palantir Technologies,Tech,hardware-infra,NASDAQ,188.75,-0.95%,-0.49%,+3.41%,+12.44%,+10%,453.578,1.621,159.96,34.83,17716878,86758278,498560878,,2.8,buy,1.84,-0.95,99.05,-0.95,990.5,-9.5,9905.0,-95.0,-0.49,99.51,-0.49,995.1,-4.9,9951.0,-49.0,3.41,103.41,3.41,1034.1,34.1,10341.0,341.0,12.44,112.44,12.44,1124.4,124.4,11244.0,1244.0,10.0,110.0,10.0,1100.0,100.0,11000.0,1000.0,,,,,,,,,,,,,,,,,,,,,,
