ticker,company_name,sector,category,exchange,price_usd,change_1d,change_1w,change_1m,change_ytd,return_1yr,market_cap_usd_b,beta,pe_ratio,avg_volume_m,vol_1d,vol_1w,vol_1m,div_yield_pct,short_pct,analyst,analyst_score,pct_1d,val_100_1d,profit_100_1d,val_1000_1d,profit_1000_1d,val_10000_1d,profit_10000_1d,pct_1w,val_100_1w,profit_100_1w,val_1000_1w,profit_1000_1w,val_10000_1w,profit_10000_1w,pct_1m,val_100_1m,profit_100_1m,val_1000_1m,profit_1000_1m,val_10000_1m,profit_10000_1m,pct_ytd,val_100_ytd,profit_100_ytd,val_1000_ytd,profit_1000_ytd,val_10000_ytd,profit_10000_ytd,pct_1y,val_100_1y,profit_100_1y,val_1000_1y,profit_1000_1y,val_10000_1y,profit_10000_1y,news1_title,news1_publisher,news1_date,news1_sentiment,news2_title,news2_publisher,news2_date,news2_sentiment,news3_title,news3_publisher,news3_date,news3_sentiment,signal_rank,signal,signal_confidence,signal_rationale,signal_drivers,portfolio_held,portfolio_quantity,portfolio_avg_price,portfolio_ppl,portfolio_total_value
SNDK,SanDisk Corporation,AI,memory,NASDAQ,1499.37,+1.50%,-4.43%,+17.30%,+444.75%,+2957%,219.537,,20.33,13.81,8401653,50502453,375803053,,8.24,buy,1.54,1.5,101.5,1.5,1015.0,15.0,10150.0,150.0,-4.43,95.57,-4.43,955.7,-44.3,9557.0,-443.0,17.3,117.3,17.3,1173.0,173.0,11730.0,1730.0,444.75,544.75,444.75,5447.5,4447.5,54475.0,44475.0,2957.0,3057.0,2957.0,30570.0,29570.0,305700.0,295700.0,Stocks in holding pattern ahead of Nvidia earnings: AlphaCheck,Yahoo Finance,2026-08-26,0.0,Why the sustainability of the AI boom could be in focus after Nvidia's earnings call,Yahoo Finance Video,2026-08-26,0.0,"Stock Market Today: Dow Slides On Inflation; Nvidia Loses Ahead Of Earnings, Micron Climbs",Investor's Business Daily,2026-08-26,-0.318,1,strong_buy,1.0,"YTD +437.99%, P/E 20.24, analyst buy, news sentiment 0.295. Web search reveals Morgan Stanley maintains Buy on AI SSD demand and Seeking Alpha upgrades to Strong Buy, citing long-term contracts and a pullback from highs as a buying opportunity.",YTD +437.99%; P/E 20.24; Positive news sentiment 0.295; Analyst upgrades on AI storage,,,,,
WDC,Western Digital,AI,memory,NASDAQ,468.88,+4.66%,+1.47%,-5.83%,+149.99%,+459%,169.051,2.217,17.42,8.57,5049250,27265950,188344050,13.0,6.31,buy,1.54,4.66,104.66,4.66,1046.6,46.6,10466.0,466.0,1.47,101.47,1.47,1014.7,14.7,10147.0,147.0,-5.83,94.17,-5.83,941.7,-58.3,9417.0,-583.0,149.99,249.99,149.99,2499.9,1499.9,24999.0,14999.0,459.0,559.0,459.0,5590.0,4590.0,55900.0,45900.0,US Equity Markets End Lower as Bond Yields Rise After July's Inflation Rate Accelerates,MT Newswires,2026-08-26,-0.296,Western Digital Stock Is Down Sharply: Why the Bull Case Still Looks Strong,Barchart,2026-08-26,0.511,Prediction: Seagate Could Be One of AI’s Most Unexpected Winners,24/7 Wall St.,2026-08-26,0.523,,,,,,,,,,
285A,Kioxia Holdings,AI,memory,TSE,313.98,-2.32%,+0.10%,-8.34%,+340.53%,+2023%,171.824,,49.5,43.05,23640300,171353000,1013761300,,,buy,1.56,-2.32,97.68,-2.32,976.8,-23.2,9768.0,-232.0,0.1,100.1,0.1,1001.0,1.0,10010.0,10.0,-8.34,91.66,-8.34,916.6,-83.4,9166.0,-834.0,340.53,440.53,340.53,4405.3,3405.3,44053.0,34053.0,2023.0,2123.0,2023.0,21230.0,20230.0,212300.0,202300.0,Overseas IPOs Are Beating New U.S. Stocks. Thank You Japan—and AI!,Barrons.com,2026-08-25,-0.2,Why Micron Isn’t Buying Back Stock Like Memory-Chip Rivals—and Why It Could,Barrons.com,2026-08-20,0.361,Micron Gained Memory Market Share. The Stock Is Dropping Anyway.,Barrons.com,2026-08-19,0.586,,,,,,,,,,
MU,Micron Technology,AI,memory,NASDAQ,938.4,+0.90%,+0.14%,+4.24%,+197.68%,+692%,1059.822,2.213,21.22,47.14,17071668,113283068,850818068,6.0,2.66,strong_buy,1.36,0.9,100.9,0.9,1009.0,9.0,10090.0,90.0,0.14,100.14,0.14,1001.4,1.4,10014.0,14.0,4.24,104.24,4.24,1042.4,42.4,10424.0,424.0,197.68,297.68,197.68,2976.8,1976.8,29768.0,19768.0,692.0,792.0,692.0,7920.0,6920.0,79200.0,69200.0,Why the sustainability of the AI boom could be in focus after Nvidia's earnings call,Yahoo Finance Video,2026-08-26,0.0,4 reasons Nvidia stock is lagging,Yahoo Finance,2026-08-26,-0.273,Q3 Earnings Outlook: Positive Revisions & Broad-Based Growth,Zacks,2026-08-26,0.735,,,,,,,,,,
STX,Seagate Technology,AI,memory,NASDAQ,846.37,+3.14%,+1.66%,+3.60%,+195.07%,+391%,192.125,2.102,60.93,4.77,2068146,13915646,113135646,36.0,4.12,strong_buy,1.44,3.14,103.14,3.14,1031.4,31.4,10314.0,314.0,1.66,101.66,1.66,1016.6,16.6,10166.0,166.0,3.6,103.6,3.6,1036.0,36.0,10360.0,360.0,195.07,295.07,195.07,2950.7,1950.7,29507.0,19507.0,391.0,491.0,391.0,4910.0,3910.0,49100.0,39100.0,Prediction: Seagate Could Be One of AI’s Most Unexpected Winners,24/7 Wall St.,2026-08-26,0.523,"Zacks.com featured highlights Seagate Technology, Western Digital and Dell",Zacks,2026-08-26,0.0,Seagate Says AI Is Making Data Storage More Strategic Than Ever,MarketBeat,2026-08-25,0.0,,,,,,,,,,
MRVL,Marvell Technology,AI,memory,NASDAQ,245.11,+1.86%,+3.30%,+29.57%,+174.61%,+221%,220.282,2.246,84.23,40.79,15919680,110811180,538576180,10.0,3.79,strong_buy,1.43,1.86,101.86,1.86,1018.6,18.6,10186.0,186.0,3.3,103.3,3.3,1033.0,33.0,10330.0,330.0,29.57,129.57,29.57,1295.7,295.7,12957.0,2957.0,174.61,274.61,174.61,2746.1,1746.1,27461.0,17461.0,221.0,321.0,221.0,3210.0,2210.0,32100.0,22100.0,Marvell Reports Thursday. Here's Where the Google Contract Would Actually Show Up in the Numbers.,Motley Fool,2026-08-26,0.0,Rosenblatt Resets Marvell Stock Target Before Earnings,GuruFocus.com,2026-08-26,0.0,MXL's AI Optical Growth Accelerates: Can It Challenge AVGO & MRVL?,Zacks,2026-08-26,0.44,2,strong_buy,0.8,"YTD +169.31%, 1M +27.07%, 1W +11.29%, 1D +5.43%. Strong momentum with strong_buy analyst consensus (score 1.43) and positive news sentiment 0.163.",YTD +169.31%; 1M +27.07%; Strong_buy consensus; Positive news sentiment 0.163,,,,,
P,Everpure,AI,memory,NYSE,108.9,+6.14%,-2.77%,+46.75%,+57.80%,+69%,36.198,1.414,165.0,3.29,5264298,17004498,73841298,,3.73,buy,1.65,6.14,106.14,6.14,1061.4,61.4,10614.0,614.0,-2.77,97.23,-2.77,972.3,-27.7,9723.0,-277.0,46.75,146.75,46.75,1467.5,467.5,14675.0,4675.0,57.8,157.8,57.8,1578.0,578.0,15780.0,5780.0,69.0,169.0,69.0,1690.0,690.0,16900.0,6900.0,"Dow Jones Futures Rise; Nvidia, CrowdStrike, Okta, Salesforce Lead Earnings Movers",Investor's Business Daily,2026-08-26,0.0,"Compared to Estimates, Everpure (P) Q2 Earnings: A Look at Key Metrics",Zacks,2026-08-26,0.0,Everpure (P) Beats Q2 Earnings and Revenue Estimates,Zacks,2026-08-26,0.0,10,buy,0.6,"YTD +48.98%, 1M +38.54%, 1D +2.66%, news sentiment 0.291, analyst buy (score 1.65). Strong monthly momentum in memory sector, though P/E 151.19 is high.",1M +38.54%; YTD +48.98%; Buy analyst consensus; Positive news sentiment 0.291,,,,,
RR.,Rolls-Royce Holdings,AI,nuclear-ops,LSE,20.98,+0.85%,+0.34%,+9.16%,+28.92%,+45%,1.731,1.19,42.86,24.86,10097648,73365952,505937380,78.0,,buy,1.6,0.85,100.85,0.85,1008.5,8.5,10085.0,85.0,0.34,100.34,0.34,1003.4,3.4,10034.0,34.0,9.16,109.16,9.16,1091.6,91.6,10916.0,916.0,28.92,128.92,28.92,1289.2,289.2,12892.0,2892.0,45.0,145.0,45.0,1450.0,450.0,14500.0,4500.0,NuScale Power Deploys AI to Accelerate Next-Generation Nuclear SMRs,Zacks,2026-08-26,0.0,Florida real estate mogul says your home is ‘a terrible investment’ — and he’d put $100K somewhere else. Is he right?,Moneywise,2026-08-21,-0.477,U.K. ETFs in Spotlight as Andy Burnham Completes First Month as PM,Zacks,2026-08-20,0.0,,,,,,,,,,
CEG,Constellation Energy,AI,nuclear-ops,NASDAQ,279.52,+0.40%,+1.95%,+3.69%,-23.34%,-12%,99.036,1.118,27.35,3.43,1932346,11278946,62314646,61.0,2.97,buy,1.55,0.4,100.4,0.4,1004.0,4.0,10040.0,40.0,1.95,101.95,1.95,1019.5,19.5,10195.0,195.0,3.69,103.69,3.69,1036.9,36.9,10369.0,369.0,-23.34,76.66,-23.34,766.6,-233.4,7666.0,-2334.0,-12.0,88.0,-12.0,880.0,-120.0,8800.0,-1200.0,Constellation's New Power Deals Are Piling Up. Here's Why the Stock Isn't Reflecting It Yet.,Motley Fool,2026-08-26,0.0,"CEG Stock Outperforms Industry in the Past Month: Buy, Hold or Sell",Zacks,2026-08-26,0.0,This Utility's Dividend Growth Is Boring by Design. That's Exactly Why I Own It.,Motley Fool,2026-08-26,0.077,,,,,,,,,,
VST,Vistra Corp,AI,nuclear-ops,NYSE,140.03,+0.02%,-1.87%,-10.85%,-15.02%,-29%,46.999,1.433,23.57,4.4,3368476,21430976,109779376,66.0,3.32,strong_buy,1.37,0.02,100.02,0.02,1000.2,0.2,10002.0,2.0,-1.87,98.13,-1.87,981.3,-18.7,9813.0,-187.0,-10.85,89.15,-10.85,891.5,-108.5,8915.0,-1085.0,-15.02,84.98,-15.02,849.8,-150.2,8498.0,-1502.0,-29.0,71.0,-29.0,710.0,-290.0,7100.0,-2900.0,Peter Thiel’s $418 Million Bet On These 8 Companies Reveals AI’s Biggest Bottleneck,24/7 Wall St.,2026-08-24,0.0,Vistra Corp. Stock: Is Wall Street Bullish or Bearish?,Barchart,2026-08-24,0.0,Vistra Is the Quietest Big Winner of the AI Power Boom. Here's Why.,Motley Fool,2026-08-23,0.586,,,,,,,,,,
TLN,Talen Energy,AI,nuclear-ops,NASDAQ,306.29,-0.80%,-4.98%,-11.75%,-22.80%,-19%,14.675,1.673,,0.85,531300,3870600,20339100,,5.05,buy,1.59,-0.8,99.2,-0.8,992.0,-8.0,9920.0,-80.0,-4.98,95.02,-4.98,950.2,-49.8,9502.0,-498.0,-11.75,88.25,-11.75,882.5,-117.5,8825.0,-1175.0,-22.8,77.2,-22.8,772.0,-228.0,7720.0,-2280.0,-19.0,81.0,-19.0,810.0,-190.0,8100.0,-1900.0,Talen Energy (TLN) is Down 23% This Year. But Mizuho Expects a Rebound,Insider Monkey,2026-08-25,0.141,3 Nuclear Energy Stocks for the AI Power Era,24/7 Wall St.,2026-08-24,0.273,These 3 AI stocks are bought by both hedge funds and mutual funds,Investing.com,2026-08-22,0.0,,,,,,,,,,
BEP,Brookfield Renewable,AI,nuclear-ops,NYSE,32.49,-0.98%,-3.07%,+1.12%,+19.00%,+29%,15.839,0.995,,0.88,319931,2555631,19824931,478.0,0.67,buy,2.31,-0.98,99.02,-0.98,990.2,-9.8,9902.0,-98.0,-3.07,96.93,-3.07,969.3,-30.7,9693.0,-307.0,1.12,101.12,1.12,1011.2,11.2,10112.0,112.0,19.0,119.0,19.0,1190.0,190.0,11900.0,1900.0,29.0,129.0,29.0,1290.0,290.0,12900.0,2900.0,Is Brookfield Renewable a Better Buy Now Than It Was 6 Months Ago?,Motley Fool,2026-08-23,0.44,Sector Update: Energy Stocks Mixed Late Afternoon,MT Newswires,2026-08-21,0.273,"Brookfield, La Caisse close $6.5bn Boralex acquisition",Power Technology,2026-08-17,0.0,,,,,,,,,,
BEPC,Brookfield Renewable Corp,AI,nuclear-ops,NYSE,33.05,-1.02%,-2.97%,+1.38%,-15.57%,-2%,6.134,1.166,,1.67,1140184,6444884,41969784,470.0,,hold,3.17,-1.02,98.98,-1.02,989.8,-10.2,9898.0,-102.0,-2.97,97.03,-2.97,970.3,-29.7,9703.0,-297.0,1.38,101.38,1.38,1013.8,13.8,10138.0,138.0,-15.57,84.43,-15.57,844.3,-155.7,8443.0,-1557.0,-2.0,98.0,-2.0,980.0,-20.0,9800.0,-200.0,2 Dividend Stocks Compounding Quietly While Oil Headlines Distract Everyone,Motley Fool,2026-08-25,-0.296,Why I'm Not Chasing NuScale -- Here's What I'm Buying Instead,Motley Fool,2026-08-11,0.0,Why Cameco's Ugly Earnings Miss Might Be Good News in Disguise,Motley Fool,2026-08-08,-0.459,,,,,,,,,,
GEV,GE Vernova,AI,smr,NYSE,953.09,+2.81%,-3.48%,-4.36%,+40.51%,+49%,253.84,1.033,27.35,2.82,2231601,10519701,52217201,22.0,2.98,buy,1.54,2.81,102.81,2.81,1028.1,28.1,10281.0,281.0,-3.48,96.52,-3.48,965.2,-34.8,9652.0,-348.0,-4.36,95.64,-4.36,956.4,-43.6,9564.0,-436.0,40.51,140.51,40.51,1405.1,405.1,14051.0,4051.0,49.0,149.0,49.0,1490.0,490.0,14900.0,4900.0,Jim Cramer Says GE Vernova (GEV) Order Book Might Have Gotten Soft,Insider Monkey,2026-08-26,0.0,Is GE Vernova Emerging as a Key Beneficiary of the AI Power Boom?,Zacks,2026-08-26,0.477,Is SEI Worth Buying as Growth Accelerates but Valuation Stays High?,Zacks,2026-08-26,0.307,,,,,,,,,,
BWXT,BWX Technologies,AI,smr,NYSE,153.16,+2.11%,-5.61%,-13.10%,-15.41%,-10%,14.033,0.76,39.68,1.0,1375959,6984759,23657859,71.0,3.8,buy,1.81,2.11,102.11,2.11,1021.1,21.1,10211.0,211.0,-5.61,94.39,-5.61,943.9,-56.1,9439.0,-561.0,-13.1,86.9,-13.1,869.0,-131.0,8690.0,-1310.0,-15.41,84.59,-15.41,845.9,-154.1,8459.0,-1541.0,-10.0,90.0,-10.0,900.0,-100.0,9000.0,-1000.0,Tiny Nuclear Reactors Are Coming to Army Bases. AI Data Centers Could Be Next.,Barrons.com,2026-08-26,0.0,"UUUU, LEU, CCJ, BWXT Stocks In Focus: Trump’s Saudi Nuclear Push Reportedly Faces Congress Debate And Israel Hurdle",Stocktwits,2026-08-26,0.0,Can BWXT's National Laboratory Role Expand Its Government Services?,Zacks,2026-08-25,0.318,,,,,,,,,,
SMR,NuScale Power,AI,smr,NYSE,9.27,-5.68%,-0.22%,+8.55%,-43.16%,-72%*,3.804,2.306,,33.16,51432002,222181702,771764702,,18.4,hold,2.56,-5.68,94.32,-5.68,943.2,-56.8,9432.0,-568.0,-0.22,99.78,-0.22,997.8,-2.2,9978.0,-22.0,8.55,108.55,8.55,1085.5,85.5,10855.0,855.0,-43.16,56.84,-43.16,568.4,-431.6,5684.0,-4316.0,-72.0,28.0,-72.0,280.0,-720.0,2800.0,-7200.0,Prediction: NuScale Hits a New High Before 2027,Motley Fool,2026-08-26,0.0,"NuScale Power Tumbles 7% Despite Deploying AI Tools, Oklo Slides 6%, Uranium Energy Dips",24/7 Wall St.,2026-08-26,0.273,NuScale Power Deploys AI to Accelerate Next-Generation Nuclear SMRs,Zacks,2026-08-26,0.0,,,,,,,,,,
OKLO,Oklo Inc,AI,smr,NYSE,41.6,-6.72%,-3.12%,-0.50%,-46.53%,-40%*,7.739,1.201,,10.66,18231940,52887140,225217740,,15.86,none,,-6.72,93.28,-6.72,932.8,-67.2,9328.0,-672.0,-3.12,96.88,-3.12,968.8,-31.2,9688.0,-312.0,-0.5,99.5,-0.5,995.0,-5.0,9950.0,-50.0,-46.53,53.47,-46.53,534.7,-465.3,5347.0,-4653.0,-40.0,60.0,-40.0,600.0,-400.0,6000.0,-4000.0,Prediction: NuScale Hits a New High Before 2027,Motley Fool,2026-08-26,0.0,"NuScale Power Tumbles 7% Despite Deploying AI Tools, Oklo Slides 6%, Uranium Energy Dips",24/7 Wall St.,2026-08-26,0.273,UUUU vs. LEU: Which Uranium Stock Offers Better Potential?,Zacks,2026-08-26,0.44,,,,,,,,,,
NNE,NANO Nuclear Energy,AI,smr,NASDAQ,18.5,-4.59%,-3.39%,+10.18%,-33.00%,-42%*,0.994,5.409,,2.52,1716745,7531545,44074645,,34.02,buy,1.57,-4.59,95.41,-4.59,954.1,-45.9,9541.0,-459.0,-3.39,96.61,-3.39,966.1,-33.9,9661.0,-339.0,10.18,110.18,10.18,1101.8,101.8,11018.0,1018.0,-33.0,67.0,-33.0,670.0,-330.0,6700.0,-3300.0,-42.0,58.0,-42.0,580.0,-420.0,5800.0,-4200.0,Nano Nuclear Energy Bring Microreactors to UAE,Bloomberg,2026-08-26,0.273,A Major Short Squeeze Could Be Brewing in Oklo Stock,Barchart,2026-08-21,0.0,OKLO Vs SMR Vs NNE: All Three Nuclear Stocks Got A Price Target Cut – But Here’s The One This Analyst Still Favors,Stocktwits,2026-08-21,0.238,,,,,,,,,,
CCJ,Cameco Corporation,AI,uranium,NYSE,107.36,-0.50%,+9.57%,+20.16%,+8.93%,+42%,46.759,0.992,181.97,3.34,3452966,15416566,68909966,16.0,,buy,1.59,-0.5,99.5,-0.5,995.0,-5.0,9950.0,-50.0,9.57,109.57,9.57,1095.7,95.7,10957.0,957.0,20.16,120.16,20.16,1201.6,201.6,12016.0,2016.0,8.93,108.93,8.93,1089.3,89.3,10893.0,893.0,42.0,142.0,42.0,1420.0,420.0,14200.0,4200.0,Cameco Owns the Refinery at the Center of Canada's Uranium Threat,Motley Fool,2026-08-26,-0.527,"UUUU, LEU, CCJ, BWXT Stocks In Focus: Trump’s Saudi Nuclear Push Reportedly Faces Congress Debate And Israel Hurdle",Stocktwits,2026-08-26,0.0,Uranium Energy Stock Is Priced On Pounds It Has Not Sold Yet,Trefis,2026-08-24,0.273,5,buy,0.7,"YTD +8.52%, 1M +19.71%, 1W +11.38%, 1D +4.85%. Uranium play with buy analyst consensus (score 1.59), benefiting from nuclear energy demand.",1M +19.71%; 1W +11.38%; Buy analyst consensus; Uranium sector tailwind,,,,,
UEC,Uranium Energy Corp,AI,uranium,NYSE,13.13,-1.12%,+12.90%,+32.49%,+0.15%,+28%,6.436,1.208,,9.58,8525469,52803369,185388269,,14.55,none,,-1.12,98.88,-1.12,988.8,-11.2,9888.0,-112.0,12.9,112.9,12.9,1129.0,129.0,11290.0,1290.0,32.49,132.49,32.49,1324.9,324.9,13249.0,3249.0,0.15,100.15,0.15,1001.5,1.5,10015.0,15.0,28.0,128.0,28.0,1280.0,280.0,12800.0,2800.0,"NuScale Power Tumbles 7% Despite Deploying AI Tools, Oklo Slides 6%, Uranium Energy Dips",24/7 Wall St.,2026-08-26,0.273,NuScale Power Deploys AI to Accelerate Next-Generation Nuclear SMRs,Zacks,2026-08-26,0.0,"Nuclear Stocks Rebound on an Oversold Bounce: Uranium Energy Jumps 6%, NuScale Power and Oklo Climb 5%",24/7 Wall St.,2026-08-25,0.273,6,buy,0.65,"YTD +1.22%, 1M +33.91%, 1W +21.08%, 1D +6.42%. Very strong short-term momentum driven by nuclear sector rebound, news sentiment 0.26.",1M +33.91%; 1W +21.08%; Uranium sector momentum; News sentiment 0.26,,,,,
LEU,Centrus Energy,AI,uranium,NYSE,187.63,-3.43%,+2.15%,+6.62%,-31.14%,-2%,3.744,1.35,98.75,0.79,958219,3078519,14043019,,29.16,buy,1.78,-3.43,96.57,-3.43,965.7,-34.3,9657.0,-343.0,2.15,102.15,2.15,1021.5,21.5,10215.0,215.0,6.62,106.62,6.62,1066.2,66.2,10662.0,662.0,-31.14,68.86,-31.14,688.6,-311.4,6886.0,-3114.0,-2.0,98.0,-2.0,980.0,-20.0,9800.0,-200.0,UUUU vs. LEU: Which Uranium Stock Offers Better Potential?,Zacks,2026-08-26,0.44,1 of Wall Street’s Favorite Stocks to Own for Decades and 2 We Brush Off,StockStory,2026-08-26,0.459,"UUUU, LEU, CCJ, BWXT Stocks In Focus: Trump’s Saudi Nuclear Push Reportedly Faces Congress Debate And Israel Hurdle",Stocktwits,2026-08-26,0.0,,,,,,,,,,
VRT,Vertiv Holdings,AI,power-infra,NYSE,263.81,+3.17%,+1.08%,-8.27%,+50.29%,+98%,101.563,2.077,59.69,6.08,3847716,20178916,142445116,10.0,3.4,strong_buy,1.39,3.17,103.17,3.17,1031.7,31.7,10317.0,317.0,1.08,101.08,1.08,1010.8,10.8,10108.0,108.0,-8.27,91.73,-8.27,917.3,-82.7,9173.0,-827.0,50.29,150.29,50.29,1502.9,502.9,15029.0,5029.0,98.0,198.0,98.0,1980.0,980.0,19800.0,9800.0,How Vertiv’s Strong Interest Coverage and Analyst Praise Will Impact Vertiv Holdings Co (VRT) Investors,Simply Wall St.,2026-08-26,0.872,Strong Datacenter Growth Boosts TER's Prospects Against CSCO & VRT,Zacks,2026-08-26,0.856,PENG's Backlog Keeps Growing: Is Revenue Visibility Improving?,Zacks,2026-08-26,0.542,,,,,,,,,,
ETN,Eaton Corporation,AI,power-infra,NYSE,419.44,+2.16%,-1.23%,+5.48%,+29.22%,+16%,162.869,1.177,42.71,2.32,1749019,8277519,51997719,108.0,1.65,buy,1.56,2.16,102.16,2.16,1021.6,21.6,10216.0,216.0,-1.23,98.77,-1.23,987.7,-12.3,9877.0,-123.0,5.48,105.48,5.48,1054.8,54.8,10548.0,548.0,29.22,129.22,29.22,1292.2,292.2,12922.0,2922.0,16.0,116.0,16.0,1160.0,160.0,11600.0,1600.0,Is GE Vernova Emerging as a Key Beneficiary of the AI Power Boom?,Zacks,2026-08-26,0.477,Here's How Much a $1000 Investment in Eaton Made 10 Years Ago Would Be Worth Today,Zacks,2026-08-26,0.226,Are Industrial Products Stocks Lagging  Eaton (ETN) This Year?,Zacks,2026-08-25,-0.273,,,,,,,,,,
POWL,Powell Industries,AI,power-infra,NASDAQ,191.75,+0.08%,-3.26%,-12.50%,+63.39%,+108%,6.985,1.216,36.73,0.74,425774,2150274,15831074,19.0,10.16,buy,2.25,0.08,100.08,0.08,1000.8,0.8,10008.0,8.0,-3.26,96.74,-3.26,967.4,-32.6,9674.0,-326.0,-12.5,87.5,-12.5,875.0,-125.0,8750.0,-1250.0,63.39,163.39,63.39,1633.9,633.9,16339.0,6339.0,108.0,208.0,108.0,2080.0,1080.0,20800.0,10800.0,This $11 Billion ETF Owns the Companies Wiring America’s $68 Billion Data Center Boom,24/7 Wall St.,2026-08-26,0.0,Powell Industries Eyes Record Revenue as Data Center Backlog Powers Growth,MarketBeat,2026-08-26,0.382,"Powell, Sterling, Vertiv, Nextpower, and Hubbell Shares Are Falling, What You Need To Know",StockStory,2026-08-18,0.153,,,,,,,,,,
EQIX,Equinix,AI,dc-operators,NASDAQ,1079.61,+0.57%,+0.23%,+3.63%,+43.44%,+36%,106.527,0.972,69.38,0.6,507657,2535657,13910457,192.0,1.92,buy,1.53,0.57,100.57,0.57,1005.7,5.7,10057.0,57.0,0.23,100.23,0.23,1002.3,2.3,10023.0,23.0,3.63,103.63,3.63,1036.3,36.3,10363.0,363.0,43.44,143.44,43.44,1434.4,434.4,14344.0,4344.0,36.0,136.0,36.0,1360.0,360.0,13600.0,3600.0,Do Wall Street Analysts Like Equinix Stock?,Barchart,2026-08-25,0.361,SGA Is Betting on Equinix (EQIX) as AI Demand Accelerates,Insider Monkey,2026-08-24,-0.128,3 Data Center Stocks Powering the AI Buildout,24/7 Wall St.,2026-08-23,0.0,,,,,,,,,,
DLR,Digital Realty,AI,dc-operators,NYSE,193.43,+0.91%,+0.56%,-1.19%,+26.46%,+13%,73.052,1.042,93.9,2.95,1605802,8255902,47936602,254.0,0.01,strong_buy,1.45,0.91,100.91,0.91,1009.1,9.1,10091.0,91.0,0.56,100.56,0.56,1005.6,5.6,10056.0,56.0,-1.19,98.81,-1.19,988.1,-11.9,9881.0,-119.0,26.46,126.46,26.46,1264.6,264.6,12646.0,2646.0,13.0,113.0,13.0,1130.0,130.0,11300.0,1300.0,"Digital Realty Trust (DLR) Wins Singapore Data Center Slot, Is It Still 14% Undervalued?",Simply Wall St.,2026-08-26,0.791,Realty Income Diversifies Funding: Will This Boost Long-Term Growth?,Zacks,2026-08-25,0.693,Digital Realty Trust (DLR) Wins 50MW Singapore Low Carbon Data Center Project,Simply Wall St.,2026-08-25,0.71,,,,,,,,,,
AMT,American Tower,AI,dc-operators,NYSE,175.73,-1.82%,+0.71%,+5.39%,+2.51%,-12%,81.884,0.894,24.17,3.07,2001846,8649846,59556446,391.0,1.74,buy,1.52,-1.82,98.18,-1.82,981.8,-18.2,9818.0,-182.0,0.71,100.71,0.71,1007.1,7.1,10071.0,71.0,5.39,105.39,5.39,1053.9,53.9,10539.0,539.0,2.51,102.51,2.51,1025.1,25.1,10251.0,251.0,-12.0,88.0,-12.0,880.0,-120.0,8800.0,-1200.0,HST vs. AMT: Which Stock Is the Better Value Option?,Zacks,2026-08-25,0.649,The Bull Case For American Tower (AMT) Could Change Following Barclays’ Upgrade And CoreSite Momentum – Learn Why,Simply Wall St.,2026-08-21,0.0,"American Tower (AMT) Wins A Barclays Upgrade, Does The Valuation Still Look Cheap?",Simply Wall St.,2026-08-21,0.572,,,,,,,,,,
GOOGL,Alphabet (Google),AI,hyperscalers,NASDAQ,342.0,-1.24%,-0.79%,+4.73%,+8.66%,+67%,4182.638,1.237,17.17,31.94,20094343,106502443,601084843,25.0,1.24,strong_buy,1.36,-1.24,98.76,-1.24,987.6,-12.4,9876.0,-124.0,-0.79,99.21,-0.79,992.1,-7.9,9921.0,-79.0,4.73,104.73,4.73,1047.3,47.3,10473.0,473.0,8.66,108.66,8.66,1086.6,86.6,10866.0,866.0,67.0,167.0,67.0,1670.0,670.0,16700.0,6700.0,"Nvidia tops Q2 expectations on revenue of $96.2 billion, offers strong Q3 outlook",Yahoo Finance,2026-08-23,0.765,Nvidia reports impressive Q2 earnings as AI boom rolls on,Yahoo Finance Video,2026-08-26,0.511,Is Meta a buy after its $16.68 billion social media case settlement?,Yahoo Finance Video,2026-08-26,0.0,,,,,,,,,,
MSFT,Microsoft,AI,hyperscalers,NASDAQ,496.37,+1.37%,+2.68%,+27.81%,+5.62%,-3%,3685.818,1.099,27.65,39.37,19997284,99278684,789811584,74.0,0.92,strong_buy,1.36,1.37,101.37,1.37,1013.7,13.7,10137.0,137.0,2.68,102.68,2.68,1026.8,26.8,10268.0,268.0,27.81,127.81,27.81,1278.1,278.1,12781.0,2781.0,5.62,105.62,5.62,1056.2,56.2,10562.0,562.0,-3.0,97.0,-3.0,970.0,-30.0,9700.0,-300.0,Stocks in holding pattern ahead of Nvidia earnings: AlphaCheck,Yahoo Finance,2026-08-26,0.0,Nvidia earnings could reveal its fastest-growing business isn't chips: Chart of the Day,Yahoo Finance,2026-08-26,0.0,"Nvidia doubles revenue, forecasts even more AI spending",AFP,2026-08-26,0.0,4,strong_buy,0.8,"YTD +4.63%, 1M +26.61%, P/E 27.18, strong_buy analyst consensus (score 1.36), low short interest 0.92%. Solid mega-cap with recent strong monthly momentum.",1M +26.61%; P/E 27.18; Strong_buy consensus; Low short interest 0.92%,,,,,
AMZN,Amazon,AI,hyperscalers,NASDAQ,260.28,-0.10%,-2.09%,+12.49%,+14.91%,+14%,2807.461,1.454,20.94,49.53,20669810,138387610,1033814010,,0.97,strong_buy,1.32,-0.1,99.9,-0.1,999.0,-1.0,9990.0,-10.0,-2.09,97.91,-2.09,979.1,-20.9,9791.0,-209.0,12.49,112.49,12.49,1124.9,124.9,11249.0,1249.0,14.91,114.91,14.91,1149.1,149.1,11491.0,1491.0,14.0,114.0,14.0,1140.0,140.0,11400.0,1400.0,Nvidia reports impressive Q2 earnings as AI boom rolls on,Yahoo Finance Video,2026-08-26,0.511,Autonomous Trucks Are Here: Einride’s 27% Revenue Jump,FreightWaves,2026-08-26,0.0,Rivian Automotive vs. Tesla: Which Electric Vehicle Stock Is a Better Investment in 2026?,Motley Fool,2026-08-26,0.44,,,,,,,,,,
META,Meta Platforms,AI,hyperscalers,NASDAQ,576.14,+1.48%,+5.51%,-2.99%,-11.26%,-24%,1467.72,1.243,21.69,18.45,31187505,81667405,401147905,37.0,1.27,strong_buy,1.35,1.48,101.48,1.48,1014.8,14.8,10148.0,148.0,5.51,105.51,5.51,1055.1,55.1,10551.0,551.0,-2.99,97.01,-2.99,970.1,-29.9,9701.0,-299.0,-11.26,88.74,-11.26,887.4,-112.6,8874.0,-1126.0,-24.0,76.0,-24.0,760.0,-240.0,7600.0,-2400.0,Tech stocks today: Meta agrees to settle social media case for $16.68 billion; Nvidia tops Q2 expectations,Yahoo Finance,2026-08-24,0.625,Is Meta a buy after its $16.68 billion social media case settlement?,Yahoo Finance Video,2026-08-26,0.0,"Meta settles social media trial, agreeing to pay up to $16.7B: Reuters",Yahoo Finance Video,2026-08-26,0.25,,,,,,,,,,
IREN,Iris Energy,AI,ai-compute,NASDAQ,39.58,-5.90%,-7.61%,+9.07%,-7.31%,+89%*,14.145,4.302,51.4,45.55,37445517,198102917,1054983517,,27.24,buy,1.59,-5.9,94.1,-5.9,941.0,-59.0,9410.0,-590.0,-7.61,92.39,-7.61,923.9,-76.1,9239.0,-761.0,9.07,109.07,9.07,1090.7,90.7,10907.0,907.0,-7.31,92.69,-7.31,926.9,-73.1,9269.0,-731.0,89.0,189.0,89.0,1890.0,890.0,18900.0,8900.0,IREN Stock Plunges 5% Ahead of Earnings as AI Growth Takes Center Stage,GuruFocus.com,2026-08-26,0.382,"IREN Slides 6% as Traders De-Risk Before Q4 Earnings, Core Scientific Declines 4%",24/7 Wall St.,2026-08-26,0.0,"IREN to Report Q4 Earnings: Should You Buy, Sell or Hold the Stock?",Zacks,2026-08-26,0.0,9,buy,0.65,"YTD -1.15%, 1M +16.31%, 1D +6.73%, P/E 52.11, analyst buy (score 1.59). AI compute company with positive momentum and buy rating.",1M +16.31%; 1D +6.73%; Buy analyst consensus; AI compute catalyst,,,,,
CORZ,Core Scientific,AI,ai-compute,NASDAQ,17.42,-3.22%,-6.94%,-16.01%,+8.94%,+27%*,5.597,5.592,,12.63,6844156,50345456,320072256,,22.32,none,,-3.22,96.78,-3.22,967.8,-32.2,9678.0,-322.0,-6.94,93.06,-6.94,930.6,-69.4,9306.0,-694.0,-16.01,83.99,-16.01,839.9,-160.1,8399.0,-1601.0,8.94,108.94,8.94,1089.4,89.4,10894.0,894.0,27.0,127.0,27.0,1270.0,270.0,12700.0,2700.0,"IREN Slides 6% as Traders De-Risk Before Q4 Earnings, Core Scientific Declines 4%",24/7 Wall St.,2026-08-26,0.0,Core Scientific (CORZ) Just Spent $444 Million on More Power. Here’s Why It Keeps Buying,Insider Monkey,2026-08-26,0.0,"Applied Digital and IREN Climb 6% as the Digital Infrastructure Bid Broadens Past Bitcoin, Core Scientific Gains 4%",24/7 Wall St.,2026-08-25,0.34,,,,,,,,,,
WULF,TeraWulf,AI,ai-compute,NASDAQ,15.97,-1.96%,+3.03%,-11.18%,+25.35%,+79%*,7.968,4.288,,32.92,19240267,156001167,764685567,,25.26,strong_buy,1.28,-1.96,98.04,-1.96,980.4,-19.6,9804.0,-196.0,3.03,103.03,3.03,1030.3,30.3,10303.0,303.0,-11.18,88.82,-11.18,888.2,-111.8,8882.0,-1118.0,25.35,125.35,25.35,1253.5,253.5,12535.0,2535.0,79.0,179.0,79.0,1790.0,790.0,17900.0,7900.0,"IREN to Report Q4 Earnings: Should You Buy, Sell or Hold the Stock?",Zacks,2026-08-26,0.0,Wall Street Just Invented the ‘Neocloud’ ETF. It Owns the Companies Renting AI Compute to Everyone Else,24/7 Wall St.,2026-08-25,0.0,"Crypto Mining Stocks Rally as Bitcoin Hovers Around $80K: MARA Jumps 7%, TeraWulf and IREN Climb 5%",24/7 Wall St.,2026-08-25,0.0,,,,,,,,,,
HUT,Hut 8 Mining,AI,ai-compute,NASDAQ,85.0,-0.76%,+3.56%,-18.73%,+65.79%,+224%,10.477,6.108,,4.53,4025964,26273164,116069464,,11.96,strong_buy,1.33,-0.76,99.24,-0.76,992.4,-7.6,9924.0,-76.0,3.56,103.56,3.56,1035.6,35.6,10356.0,356.0,-18.73,81.27,-18.73,812.7,-187.3,8127.0,-1873.0,65.79,165.79,65.79,1657.9,657.9,16579.0,6579.0,224.0,324.0,224.0,3240.0,2240.0,32400.0,22400.0,"Hut 8's CFO Sells 6,445 Shares for $508,000 After a One-Year Return of 240%",Motley Fool,2026-08-26,0.296,Morgan Stanley expects powered-shell deal wave by October,Blockspace,2026-08-24,0.0,Hut 8 (HUT) Settlement News Puts Its Valuation Narrative Back In Focus,Simply Wall St.,2026-08-22,0.0,,,,,,,,,,
SMCI,Super Micro Computer,AI,ai-compute,NASDAQ,37.39,-3.11%,+2.21%,+25.43%,+20.77%,-14%,24.187,1.967,11.47,59.23,32294665,208097365,1215489065,,18.41,hold,2.84,-3.11,96.89,-3.11,968.9,-31.1,9689.0,-311.0,2.21,102.21,2.21,1022.1,22.1,10221.0,221.0,25.43,125.43,25.43,1254.3,254.3,12543.0,2543.0,20.77,120.77,20.77,1207.7,207.7,12077.0,2077.0,-14.0,86.0,-14.0,860.0,-140.0,8600.0,-1400.0,What Could Super Micro Computer (SMCI) Gain From This AI Infrastructure Partnership?,Simply Wall St.,2026-08-26,0.807,"Super Micro Rallied On A Stamp Of Approval, Not On Demand",Trefis,2026-08-26,0.811,Cisco just broke its biggest hardware rule to chase the AI boom,TheStreet,2026-08-26,-0.421,7,buy,0.6,"YTD +24.22%, 1M +29.02%, 1D +9.57%, P/E 10.77. Low valuation relative to AI compute peers, despite hold rating (score 2.84). Momentum is strong.",1M +29.02%; P/E 10.77; Low valuation; AI compute momentum,,,,,
DELL,Dell Technologies,AI,ai-compute,NYSE,463.82,+2.75%,+6.00%,+8.65%,+266.25%,+241%,299.694,1.401,36.96,8.38,4352278,19906478,128396078,56.0,4.64,buy,1.78,2.75,102.75,2.75,1027.5,27.5,10275.0,275.0,6.0,106.0,6.0,1060.0,60.0,10600.0,600.0,8.65,108.65,8.65,1086.5,86.5,10865.0,865.0,266.25,366.25,266.25,3662.5,2662.5,36625.0,26625.0,241.0,341.0,241.0,3410.0,2410.0,34100.0,24100.0,Nutanix Q4 Earnings Call Highlights,MarketBeat,2026-08-26,0.0,Dell Technologies (DELL) Advances While Market Declines: Some Information for Investors,Zacks,2026-08-26,0.0,HP (HPQ) Q3 Earnings and Revenues Top Estimates,Zacks,2026-08-26,0.202,,,,,,,,,,
COHR,Coherent Corp,AI,fibre-optical,NYSE,294.37,+2.55%,+2.40%,+8.50%,+51.48%,+218%,57.647,2.107,71.45,6.21,5237470,27876370,173514670,,6.0,buy,1.64,2.55,102.55,2.55,1025.5,25.5,10255.0,255.0,2.4,102.4,2.4,1024.0,24.0,10240.0,240.0,8.5,108.5,8.5,1085.0,85.0,10850.0,850.0,51.48,151.48,51.48,1514.8,514.8,15148.0,5148.0,218.0,318.0,218.0,3180.0,2180.0,31800.0,21800.0,Nvidia is looking more like the central bank of AI,Yahoo Finance,2026-08-26,0.42,What Could Coherent (COHR) PhotonLink Launch Mean For AI Datacenters?,Simply Wall St.,2026-08-26,0.0,"Lumentum Climbs 4% as the AI Optics Trade Extends a Second Session, Coherent and Applied Optoelectronics Drift",24/7 Wall St.,2026-08-26,0.128,,,,,,,,,,
LITE,Lumentum Holdings,AI,fibre-optical,NASDAQ,939.03,+6.53%,+13.46%,+31.89%,+143.20%,+604%,84.23,1.513,,5.22,4402277,19482677,118275177,,8.84,buy,1.54,6.53,106.53,6.53,1065.3,65.3,10653.0,653.0,13.46,113.46,13.46,1134.6,134.6,11346.0,1346.0,31.89,131.89,31.89,1318.9,318.9,13189.0,3189.0,143.2,243.2,143.2,2432.0,1432.0,24320.0,14320.0,604.0,704.0,604.0,7040.0,6040.0,70400.0,60400.0,"Energy, Industrials, and Utilities Are Leading the Stock Market",Barrons.com,2026-08-26,0.273,"Lumentum Climbs 4% as the AI Optics Trade Extends a Second Session, Coherent and Applied Optoelectronics Drift",24/7 Wall St.,2026-08-26,0.128,Wall Street Just Invented the ‘Neocloud’ ETF. It Owns the Companies Renting AI Compute to Everyone Else,24/7 Wall St.,2026-08-25,0.0,3,buy,0.901,"YTD +129.36%, 1M +24.38%, 1D +7.46%. Strong momentum in fibre-optical, analyst buy (score 1.54), news sentiment 0.132.",YTD +129.36%; 1M +24.38%; Buy analyst consensus; Fibre-optical AI catalyst,,,,,
AAOI,Applied Optoelectronics,AI,fibre-optical,NASDAQ,113.76,+0.94%,-6.90%,+16.30%,+187.27%,+370%,9.658,3.787,,12.19,4509025,45528025,291240125,,12.77,buy,2.33,0.94,100.94,0.94,1009.4,9.4,10094.0,94.0,-6.9,93.1,-6.9,931.0,-69.0,9310.0,-690.0,16.3,116.3,16.3,1163.0,163.0,11630.0,1630.0,187.27,287.27,187.27,2872.7,1872.7,28727.0,18727.0,370.0,470.0,370.0,4700.0,3700.0,47000.0,37000.0,"Lumentum Climbs 4% as the AI Optics Trade Extends a Second Session, Coherent and Applied Optoelectronics Drift",24/7 Wall St.,2026-08-26,0.128,ASML or AAOI: Which Tech Stock Is Better-Placed at Present?,Zacks,2026-08-26,0.0,Applied Optoelectronics Has a Rare Problem Thanks to a Possible U.S. Ban on China,Barchart,2026-08-25,-0.527,,,,,,,,,,
FN,Fabrinet,AI,fibre-optical,NYSE,437.8,+1.81%,-3.68%,-7.01%,-8.68%,+30%,15.688,1.222,33.6,1.02,778868,5082168,23423468,,4.34,buy,1.78,1.81,101.81,1.81,1018.1,18.1,10181.0,181.0,-3.68,96.32,-3.68,963.2,-36.8,9632.0,-368.0,-7.01,92.99,-7.01,929.9,-70.1,9299.0,-701.0,-8.68,91.32,-8.68,913.2,-86.8,9132.0,-868.0,30.0,130.0,30.0,1300.0,300.0,13000.0,3000.0,Fabrinet's CEO Sells Company Stock Worth $1.7 Million Amid a Share Price Decline,Motley Fool,2026-08-26,0.477,"Sanmina Stopped Retiring Stock, And Then Its Shares Pulled Back",Trefis,2026-08-26,0.077,Fabrinet (FN) Q4 2026 Earnings Call Transcript,Motley Fool,2026-08-24,0.0,,,,,,,,,,
MTSI,MACOM Technology,AI,dsp-semi,NASDAQ,272.66,+2.46%,+0.99%,+3.64%,+55.84%,+105%,20.823,1.71,86.83,1.66,1225542,5589842,34729842,,3.57,buy,1.69,2.46,102.46,2.46,1024.6,24.6,10246.0,246.0,0.99,100.99,0.99,1009.9,9.9,10099.0,99.0,3.64,103.64,3.64,1036.4,36.4,10364.0,364.0,55.84,155.84,55.84,1558.4,558.4,15584.0,5584.0,105.0,205.0,105.0,2050.0,1050.0,20500.0,10500.0,"AMD, Marvell Technology, Semtech, Allegro MicroSystems, and MACOM Stocks Trade Up, What You Need To Know",StockStory,2026-08-25,0.0,1 of Wall Street’s Favorite Stocks with Exciting Potential and 2 We Ignore,StockStory,2026-08-25,0.572,MACOM Technology Solutions Holdings (MTSI) Could Be 33% Undervalued After Earnings And Guidance,Simply Wall St.,2026-08-20,0.178,,,,,,,,,,
SMTC,Semtech,AI,dsp-semi,NASDAQ,140.8,+5.87%,+12.32%,+15.87%,+87.08%,+119%,13.116,2.345,,3.4,10110045,26009545,68861245,,9.0,strong_buy,1.33,5.87,105.87,5.87,1058.7,58.7,10587.0,587.0,12.32,112.32,12.32,1123.2,123.2,11232.0,1232.0,15.87,115.87,15.87,1158.7,158.7,11587.0,1587.0,87.08,187.08,87.08,1870.8,870.8,18708.0,8708.0,119.0,219.0,119.0,2190.0,1190.0,21900.0,11900.0,"Stock Market Today: Dow Slides On Inflation; Nvidia Loses Ahead Of Earnings, Micron Climbs",Investor's Business Daily,2026-08-26,-0.318,Why Semtech (SMTC) Stock Is Trading Up Today,StockStory,2026-08-26,0.0,"Semtech Could See Data Center Revenue Reach $200 Million Quarterly Run-Rate by Fiscal Q1 2028, UBS Says",MT Newswires,2026-08-26,0.026,,,,,,,,,,
CRDO,Credo Technology,AI,dsp-semi,NASDAQ,226.49,+0.22%,-3.55%,+8.82%,+58.14%,+85%,42.235,3.233,90.24,7.57,2198148,15086148,109161748,,3.69,strong_buy,1.32,0.22,100.22,0.22,1002.2,2.2,10022.0,22.0,-3.55,96.45,-3.55,964.5,-35.5,9645.0,-355.0,8.82,108.82,8.82,1088.2,88.2,10882.0,882.0,58.14,158.14,58.14,1581.4,581.4,15814.0,5814.0,85.0,185.0,85.0,1850.0,850.0,18500.0,8500.0,"Credo Technology Group Holding (CRDO), Why Is It Getting Fresh Attention Now?",Simply Wall St.,2026-08-25,0.318,Semtech (SMTC) Q2 Earnings and Revenues Top Estimates,Zacks,2026-08-25,0.202,ALAB Rides on Strong Scorpio Demand: Can It Outpace MRVL and CRDO?,Zacks,2026-08-25,0.421,,,,,,,,,,
MXL,MaxLinear,AI,dsp-semi,NASDAQ,63.0,-4.82%,-5.16%,-2.87%,+240.36%,+296%,5.714,3.975,,3.76,2021678,9361078,62958978,,6.64,buy,1.82,-4.82,95.18,-4.82,951.8,-48.2,9518.0,-482.0,-5.16,94.84,-5.16,948.4,-51.6,9484.0,-516.0,-2.87,97.13,-2.87,971.3,-28.7,9713.0,-287.0,240.36,340.36,240.36,3403.6,2403.6,34036.0,24036.0,296.0,396.0,296.0,3960.0,2960.0,39600.0,29600.0,MXL's AI Optical Growth Accelerates: Can It Challenge AVGO & MRVL?,Zacks,2026-08-26,0.44,Here's Why MaxLinear (MXL) Is a Great 'Buy the Bottom' Stock Now,Zacks,2026-08-24,0.625,MaxLinear Stock Drops 23% in a Month: Should You Buy it on the Dip?,Zacks,2026-08-20,0.0,,,,,,,,,,
KEYS,Keysight Technologies,AI,test-equip,NYSE,321.87,+0.36%,+0.76%,+2.61%,+55.80%,+94%,54.815,1.21,43.55,1.5,1137696,6894996,31762696,,1.98,buy,1.58,0.36,100.36,0.36,1003.6,3.6,10036.0,36.0,0.76,100.76,0.76,1007.6,7.6,10076.0,76.0,2.61,102.61,2.61,1026.1,26.1,10261.0,261.0,55.8,155.8,55.8,1558.0,558.0,15580.0,5580.0,94.0,194.0,94.0,1940.0,940.0,19400.0,9400.0,Do Wall Street Analysts Like Keysight Technologies Stock?,Barchart,2026-08-26,0.361,Can Cadence Sustain Growth With Accelerating Agentic AI Demand?,Zacks,2026-08-26,0.273,Keysight (KEYS) Q3 2026 Earnings Call Transcript,Motley Fool,2026-08-26,0.0,,,,,,,,,,
VIAV,Viavi Solutions,AI,test-equip,NASDAQ,38.78,+2.84%,+0.10%,+1.62%,+113.66%,+239%,9.569,1.234,,6.61,2303121,16363321,119560021,,4.97,strong_buy,1.38,2.84,102.84,2.84,1028.4,28.4,10284.0,284.0,0.1,100.1,0.1,1001.0,1.0,10010.0,10.0,1.62,101.62,1.62,1016.2,16.2,10162.0,162.0,113.66,213.66,113.66,2136.6,1136.6,21366.0,11366.0,239.0,339.0,239.0,3390.0,2390.0,33900.0,23900.0,"Viavi Sees AI Optics, CPO Testing Driving Path Toward $500M Quarterly Revenue",MarketBeat,2026-08-20,0.0,"Viavi Solutions Director Laura Black Sells 71,000 Shares for $3.3 Million",Motley Fool,2026-08-19,0.44,2 of Wall Street’s Favorite Stocks on Our Watchlist and 1 That Underwhelm,StockStory,2026-08-16,0.459,,,,,,,,,,
AXTI,AXT Inc,AI,materials,NASDAQ,65.18,-3.25%,-11.24%,+36.13%,+288.90%,+2250%,4.274,1.933,2172.67,10.49,4424630,36324330,293131130,,17.12,none,,-3.25,96.75,-3.25,967.5,-32.5,9675.0,-325.0,-11.24,88.76,-11.24,887.6,-112.4,8876.0,-1124.0,36.13,136.13,36.13,1361.3,361.3,13613.0,3613.0,288.9,388.9,288.9,3889.0,2889.0,38890.0,28890.0,2250.0,2350.0,2250.0,23500.0,22500.0,235000.0,225000.0,Here's Why AXT (AXTI) Is a Great 'Buy the Bottom' Stock Now,Zacks,2026-08-25,0.625,AXTI vs. ASYS: Which AI Semiconductor Stock Is the Better Buy Now?,Zacks,2026-08-21,0.44,Wall Street Analysts Believe AXT (AXTI) Could Rally 25.27%: Here's is How to Trade,Zacks,2026-08-21,0.0,8,strong_buy,0.995,"YTD +302.45%, 1M +40.87%, 1D +4.24%, news sentiment 0.392. Extremely high momentum in materials, but P/E 2248 is extreme; high risk/reward.",YTD +302.45%; 1M +40.87%; Positive news sentiment 0.392; High momentum but high P/E,,,,,
AMGN,Amgen,Biotech,large-cap,NASDAQ,440.34,-0.54%,+0.13%,+17.71%,+37.15%,+54%,238.062,0.413,27.35,2.71,2268864,11861664,62272564,228.0,2.23,buy,2.47,-0.54,99.46,-0.54,994.6,-5.4,9946.0,-54.0,0.13,100.13,0.13,1001.3,1.3,10013.0,13.0,17.71,117.71,17.71,1177.1,177.1,11771.0,1771.0,37.15,137.15,37.15,1371.5,371.5,13715.0,3715.0,54.0,154.0,54.0,1540.0,540.0,15400.0,5400.0,Why Is Amgen (AMGN) Ending Its Crohn's Disease Research Partnership?,Simply Wall St.,2026-08-26,0.0,"Palo Alto Stock Is Riding A Wave Of AI Fear, But What Happens Next?",Trefis,2026-08-26,-0.273,Can Eli Lilly Stock Keep Surging As Drug Prices Fall?,Trefis,2026-08-26,0.0,,,,,,,,,,
GILD,Gilead Sciences,Biotech,large-cap,NASDAQ,148.09,-0.34%,+0.33%,+13.46%,+23.28%,+31%,183.625,0.336,,7.67,5247787,28612887,150720087,220.0,1.87,buy,1.69,-0.34,99.66,-0.34,996.6,-3.4,9966.0,-34.0,0.33,100.33,0.33,1003.3,3.3,10033.0,33.0,13.46,113.46,13.46,1134.6,134.6,11346.0,1346.0,23.28,123.28,23.28,1232.8,232.8,12328.0,2328.0,31.0,131.0,31.0,1310.0,310.0,13100.0,3100.0,Gilead Sciences Has Snapped Out of Its Slump -- and 1 Catalyst Is Doing Most of the Heavy Lifting,Motley Fool,2026-08-26,0.0,Vivace Therapeutics names new CEO as it prepares Phase 3 trial for mesothelioma drug,Proactive,2026-08-26,0.0,Eli Lilly Is Pulling Away From the Rest of Healthcare,GuruFocus.com,2026-08-25,0.0,,,,,,,,,,
REGN,Regeneron Pharmaceuticals,Biotech,large-cap,NASDAQ,814.79,-2.25%,-3.10%,+22.27%,+5.36%,+42%,83.887,0.188,20.15,0.93,583476,3144076,18083876,45.0,2.46,buy,1.89,-2.25,97.75,-2.25,977.5,-22.5,9775.0,-225.0,-3.1,96.9,-3.1,969.0,-31.0,9690.0,-310.0,22.27,122.27,22.27,1222.7,222.7,12227.0,2227.0,5.36,105.36,5.36,1053.6,53.6,10536.0,536.0,42.0,142.0,42.0,1420.0,420.0,14200.0,4200.0,Veeva Systems Q2 Earnings Call Highlights,MarketBeat,2026-08-26,0.0,Regeneron Pharmaceuticals Stock Outlook: Is Wall Street Bullish or Bearish?,Barchart,2026-08-26,0.0,"Veeva's Vault CRM Wins Reinforce Market-Leader Status Ahead of Earnings, Truist Says",MT Newswires,2026-08-25,0.572,7,buy,0.7,"YTD +7.8%, 1M +25.1%, 1W +2.9%; P/E 20.5, beta 0.19, dividend yield 0.45%; analyst buy (an_score 1.89), positive news sentiment 0.225.",+25% 1M; P/E 20.5; low beta 0.19; positive news sentiment 0.225,,,,,
VRTX,Vertex Pharmaceuticals,Biotech,large-cap,NASDAQ,547.29,-1.19%,-0.86%,+14.26%,+21.05%,+42%,138.629,0.305,31.84,1.53,833051,4512651,29262451,,1.85,buy,1.66,-1.19,98.81,-1.19,988.1,-11.9,9881.0,-119.0,-0.86,99.14,-0.86,991.4,-8.6,9914.0,-86.0,14.26,114.26,14.26,1142.6,142.6,11426.0,1426.0,21.05,121.05,21.05,1210.5,210.5,12105.0,2105.0,42.0,142.0,42.0,1420.0,420.0,14200.0,4200.0,Vertex Pharmaceuticals Up 15% in a Month: How to Play the Stock,Zacks,2026-08-26,0.34,2 Large-Cap Stocks to Research Further and 1 We Question,StockStory,2026-08-26,0.0,Inflation Is Rising Again. History Says These 2 Stocks Are Among the Smartest Places to Hide,Motley Fool,2026-08-24,0.511,,,,,,,,,,
BIIB,Biogen,Biotech,large-cap,NASDAQ,221.07,+0.25%,-0.22%,+10.46%,+24.32%,+62%,32.664,0.162,39.27,1.15,646900,3323000,21070200,,3.92,buy,1.83,0.25,100.25,0.25,1002.5,2.5,10025.0,25.0,-0.22,99.78,-0.22,997.8,-2.2,9978.0,-22.0,10.46,110.46,10.46,1104.6,104.6,11046.0,1046.0,24.32,124.32,24.32,1243.2,243.2,12432.0,2432.0,62.0,162.0,62.0,1620.0,620.0,16200.0,6200.0,Veeva Systems Q2 Earnings Call Highlights,MarketBeat,2026-08-26,0.0,"Veeva's Vault CRM Wins Reinforce Market-Leader Status Ahead of Earnings, Truist Says",MT Newswires,2026-08-25,0.572,3 Reasons to Sell BIIB and 1 Stock to Buy Instead,StockStory,2026-08-25,0.0,,,,,,,,,,
BMY,Bristol-Myers Squibb,Biotech,large-cap,NYSE,67.57,+0.52%,-0.06%,+8.01%,+29.14%,+43%,138.027,0.225,14.88,12.36,7505226,38559726,269661326,371.0,2.25,buy,2.46,0.52,100.52,0.52,1005.2,5.2,10052.0,52.0,-0.06,99.94,-0.06,999.4,-0.6,9994.0,-6.0,8.01,108.01,8.01,1080.1,80.1,10801.0,801.0,29.14,129.14,29.14,1291.4,291.4,12914.0,2914.0,43.0,143.0,43.0,1430.0,430.0,14300.0,4300.0,Has AbbVie Stock Become Too Expensive to Buy?,Trefis,2026-08-26,0.0,Merck Stock Hits New 52-Week High: What's Driving the Rally?,Zacks,2026-08-26,0.0,What Does Bristol Myers Squibb (BMY) Face After ZENBEXUS Approval And Patent Action?,Simply Wall St.,2026-08-26,0.477,,,,,,,,,,
AZN,AstraZeneca,Biotech,uk-listed,LSE,166.33,-1.94%,+1.53%,-5.07%,-9.98%,+5%,2.579,0.211,24.97,3.06,7796,9329384,94454166,192.0,,buy,1.79,-1.94,98.06,-1.94,980.6,-19.4,9806.0,-194.0,1.53,101.53,1.53,1015.3,15.3,10153.0,153.0,-5.07,94.93,-5.07,949.3,-50.7,9493.0,-507.0,-9.98,90.02,-9.98,900.2,-99.8,9002.0,-998.0,5.0,105.0,5.0,1050.0,50.0,10500.0,500.0,"Summit’s Global Lung Cancer Trials Gain Credibility After Akeso’s Phase 3 Data, Says Guggenheim",Stocktwits,2026-08-26,-0.25,Akeso logs Phase III success in second tumour type for ivonescimab,Clinical Trials Arena,2026-08-26,0.572,How Did ABBV's Oncology Sales Hold Up in Q2 Amid Imbruvica Headwinds?,Zacks,2026-08-25,0.0,,,,,,,,,,
GSK,GSK,Biotech,uk-listed,LSE,25.83,-0.31%,-0.86%,-3.13%,+3.74%,+29%,1.035,0.295,16.1,7.88,500,23077266,153049843,357.0,,hold,2.59,-0.31,99.69,-0.31,996.9,-3.1,9969.0,-31.0,-0.86,99.14,-0.86,991.4,-8.6,9914.0,-86.0,-3.13,96.87,-3.13,968.7,-31.3,9687.0,-313.0,3.74,103.74,3.74,1037.4,37.4,10374.0,374.0,29.0,129.0,29.0,1290.0,290.0,12900.0,2900.0,GSK's sBLA for Jemperli Gets FDA Priority Tag in Rectal Cancer,Zacks,2026-08-24,-0.66,GSK shares kept at neutral by Citi as unproven phase III pipeline curbs long-term growth,Proactive,2026-08-20,0.586,Is Gilead's Expanding HIV Portfolio a Growth Catalyst?,Zacks,2026-08-18,0.382,,,,,,,,,,
CRSP,CRISPR Therapeutics,Biotech,gene-editing,NASDAQ,59.23,-1.71%,-0.97%,+26.75%,+10.15%,+14%,5.727,1.738,,1.69,952845,9513245,35533945,,22.2,buy,2.05,-1.71,98.29,-1.71,982.9,-17.1,9829.0,-171.0,-0.97,99.03,-0.97,990.3,-9.7,9903.0,-97.0,26.75,126.75,26.75,1267.5,267.5,12675.0,2675.0,10.15,110.15,10.15,1101.5,101.5,11015.0,1015.0,14.0,114.0,14.0,1140.0,140.0,11400.0,1400.0,Vertex Pharmaceuticals Up 15% in a Month: How to Play the Stock,Zacks,2026-08-26,0.34,4 Gene-Editing Biotech Stocks Worth Watching for Long-Term Gains,Zacks,2026-08-24,0.511,CRISPR Therapeutics Stock Is Up Only 8% This Year. Is Cathie Wood's Bet on the Gene-Editing Stock Dead Money?,Motley Fool,2026-08-21,-0.649,3,buy,0.7,"YTD +13.3%, 1M +30.3%, 1W +15.0%; FDA expanded Casgevy to ages 2+; analyst buy (an_score 2.05), short interest 22.2%. [tradingview.com](https://www.tradingview.com/news/zacks:b3db22586094b:0-4-gene-editing-biotech-stocks-worth-watching-for-long-term-gains/)",+30% 1M; Casgevy expanded to ages 2+; analyst buy; commercial validation,,,,,
BEAM,Beam Therapeutics,Biotech,gene-editing,NASDAQ,30.19,-3.27%,+3.85%,+20.42%,+11.24%,+84%,3.119,2.209,,2.18,1377896,9676496,39052196,,36.48,none,,-3.27,96.73,-3.27,967.3,-32.7,9673.0,-327.0,3.85,103.85,3.85,1038.5,38.5,10385.0,385.0,20.42,120.42,20.42,1204.2,204.2,12042.0,2042.0,11.24,111.24,11.24,1112.4,112.4,11124.0,1124.0,84.0,184.0,84.0,1840.0,840.0,18400.0,8400.0,Beam Therapeutics (BEAM) Stock May Look Stretched As Sales Expectations Climb,Simply Wall St.,2026-08-26,0.0,4 Gene-Editing Biotech Stocks Worth Watching for Long-Term Gains,Zacks,2026-08-24,0.511,"BEAM's Q2 Loss Wider Than Expected, Revenues Fall Y/Y, Pipeline in Focus",Zacks,2026-08-05,-0.318,6,buy,0.6,"YTD +14.3%, 1M +23.8%, 1W +16.8%; BLA for risto-cel in SCD due end of 2026; no analyst rating, high short interest 36.5%. [tradingview.com](https://www.tradingview.com/news/zacks:b3db22586094b:0-4-gene-editing-biotech-stocks-worth-watching-for-long-term-gains/)",+23.8% 1M; BLA for risto-cel; high short interest 36.5%; base editing platform,,,,,
NTLA,Intellia Therapeutics,Biotech,gene-editing,NASDAQ,13.19,-2.51%,-0.68%,+23.62%,+43.21%,+18%,1.848,1.794,,4.94,2686983,17936683,80731183,,40.35,buy,2.26,-2.51,97.49,-2.51,974.9,-25.1,9749.0,-251.0,-0.68,99.32,-0.68,993.2,-6.8,9932.0,-68.0,23.62,123.62,23.62,1236.2,236.2,12362.0,2362.0,43.21,143.21,43.21,1432.1,432.1,14321.0,4321.0,18.0,118.0,18.0,1180.0,180.0,11800.0,1800.0,4 Gene-Editing Biotech Stocks Worth Watching for Long-Term Gains,Zacks,2026-08-24,0.511,Moderna’s Newfound War Chest Opens Door for 4 Strategic Acquisition Targets,24/7 Wall St.,2026-08-20,-0.599,Intellia (NTLA) Q2 2026 Earnings Call Transcript,Motley Fool,2026-08-13,0.0,2,buy,0.75,"YTD +46.7%, 1M +26.6%, 1W +16.5%; Phase 3 HAELO trial showed 87% attack reduction, rolling BLA underway; analyst buy (an_score 2.26). [themarketsdaily.com](https://www.themarketsdaily.com/2026/08/25/intellia-therapeutics-nasdaqntla-trading-8-3-higher-still-a-buy.html)",+46.7% YTD; Phase 3 HAELO 87% reduction; rolling BLA; analyst buy,,,,,
EDIT,Editas Medicine,Biotech,gene-editing,NASDAQ,3.18,-4.22%,-2.15%,+18.66%,+55.12%,+23%*,0.488,2.063,,2.72,2943596,15580796,52663996,,16.1,buy,2.08,-4.22,95.78,-4.22,957.8,-42.2,9578.0,-422.0,-2.15,97.85,-2.15,978.5,-21.5,9785.0,-215.0,18.66,118.66,18.66,1186.6,186.6,11866.0,1866.0,55.12,155.12,55.12,1551.2,551.2,15512.0,5512.0,23.0,123.0,23.0,1230.0,230.0,12300.0,2300.0,4 Gene-Editing Biotech Stocks Worth Watching for Long-Term Gains,Zacks,2026-08-24,0.511,Moderna’s Newfound War Chest Opens Door for 4 Strategic Acquisition Targets,24/7 Wall St.,2026-08-20,-0.599,Is Editas Medicine (EDIT) Outperforming Other Medical Stocks This Year?,Zacks,2026-08-10,0.0,9,buy,0.5,"YTD +60.0%, 1M +22.4%, 1W +13.9%; most speculative, only one in vivo candidate; analyst buy (an_score 2.08), short interest 16.1%. [tradingview.com](https://www.tradingview.com/news/zacks:b3db22586094b:0-4-gene-editing-biotech-stocks-worth-watching-for-long-term-gains/)",+60% YTD; +22% 1M; speculative in vivo; analyst buy,,,,,
ILMN,Illumina,Biotech,genomics,NASDAQ,224.84,-0.46%,+9.68%,+18.67%,+67.35%,+126%,33.951,1.464,42.03,2.0,1713909,11083509,47721609,,10.26,buy,2.45,-0.46,99.54,-0.46,995.4,-4.6,9954.0,-46.0,9.68,109.68,9.68,1096.8,96.8,10968.0,968.0,18.67,118.67,18.67,1186.7,186.7,11867.0,1867.0,67.35,167.35,67.35,1673.5,673.5,16735.0,6735.0,126.0,226.0,126.0,2260.0,1260.0,22600.0,12600.0,Winners And Losers Of Q2: Illumina (NASDAQ:ILMN) Vs The Rest Of The Life Sciences Tools & Services Stocks,StockStory,2026-08-26,-0.077,Illumina (ILMN) Renews $1b Credit Line After Rally As Fair Value Debate Builds,Simply Wall St.,2026-08-26,0.743,Illumina (ILMN) Replaces Prior Deal With $1 Billion Revolving Credit Facility,Simply Wall St.,2026-08-25,0.382,,,,,,,,,,
PACB,Pacific Biosciences,Biotech,genomics,NASDAQ,1.56,+1.98%,+22.83%,+14.71%,-15.22%,+14%*,0.485,2.318,,6.71,7850232,41281832,172122232,,19.75,buy,2.0,1.98,101.98,1.98,1019.8,19.8,10198.0,198.0,22.83,122.83,22.83,1228.3,228.3,12283.0,2283.0,14.71,114.71,14.71,1147.1,147.1,11471.0,1471.0,-15.22,84.78,-15.22,847.8,-152.2,8478.0,-1522.0,14.0,114.0,14.0,1140.0,140.0,11400.0,1400.0,1 of Wall Street’s Favorite Stocks to Own for Decades and 2 We Brush Off,StockStory,2026-08-26,0.459,Cancer Vaccine Breakthrough Lifts 5 Biotech Names. Here’s Who’s Best Positioned.,24/7 Wall St.,2026-08-25,-0.052,1 Healthcare Stock to Target This Week and 2 Facing Headwinds,StockStory,2026-08-24,0.0,,,,,,,,,,
NTRA,Natera,Biotech,genomics,NASDAQ,338.45,-0.13%,+4.12%,+31.17%,+47.90%,+107%,48.785,1.514,,1.45,1093463,6998763,33306063,,3.07,strong_buy,1.5,-0.13,99.87,-0.13,998.7,-1.3,9987.0,-13.0,4.12,104.12,4.12,1041.2,41.2,10412.0,412.0,31.17,131.17,31.17,1311.7,311.7,13117.0,3117.0,47.9,147.9,47.9,1479.0,479.0,14790.0,4790.0,107.0,207.0,107.0,2070.0,1070.0,20700.0,10700.0,Natera (NTRA) Supplies MRD Assay For Phase 1 Skin Cancer Immunotherapy Trial,Simply Wall St.,2026-08-26,-0.66,Billionaire Stanley Druckenmiller Is Quietly Loading Up on Healthcare Stocks -- Here's What His New Positions Reveal,Motley Fool,2026-08-26,0.0,VCYT Drops 25.3% in the Past Month. Is the Sell-Off an Opportunity?,Zacks,2026-08-25,0.421,5,strong_buy,0.85,"YTD +47.1%, 1M +30.5%, 1W +8.0%; strong_buy consensus (an_score 1.5), low short interest 3.1%, large market cap $48.5B.",+47% YTD; strong_buy consensus; low short interest 3.1%; market cap $48.5B,,,,,
RXRX,Recursion Pharmaceuticals,Biotech,genomics,NASDAQ,3.49,-1.60%,-0.29%,+15.95%,-16.90%,-27%*,1.872,1.054,,20.86,12847032,94871032,376528532,,34.79,buy,2.43,-1.6,98.4,-1.6,984.0,-16.0,9840.0,-160.0,-0.29,99.71,-0.29,997.1,-2.9,9971.0,-29.0,15.95,115.95,15.95,1159.5,159.5,11595.0,1595.0,-16.9,83.1,-16.9,831.0,-169.0,8310.0,-1690.0,-27.0,73.0,-27.0,730.0,-270.0,7300.0,-2700.0,"The Zacks Analyst Blog Highlights Recursion Pharmaceuticals, Schrodinger, Relay Therapeutics and Absci",Zacks,2026-08-18,0.0,"Contineum, Disc Medicine, Recursion Advance Pipelines Ahead of Catalysts, Morgan Stanley Says",MT Newswires,2026-08-17,0.0,4 AI-Powered Drug Discovery Stocks to Watch as AI Reshapes Pharma,Zacks,2026-08-17,0.0,,,,,,,,,,
INCY,Incyte,Biotech,oncology,NASDAQ,128.12,-1.23%,-0.27%,+7.78%,+26.33%,+53%,25.97,0.769,16.32,1.88,800046,5336146,40500346,,7.9,buy,2.29,-1.23,98.77,-1.23,987.7,-12.3,9877.0,-123.0,-0.27,99.73,-0.27,997.3,-2.7,9973.0,-27.0,7.78,107.78,7.78,1077.8,77.8,10778.0,778.0,26.33,126.33,26.33,1263.3,263.3,12633.0,2633.0,53.0,153.0,53.0,1530.0,530.0,15300.0,5300.0,"Here Are Thursday’s Top Wall Street Analyst Research Calls: Alphabet, Analog Devices, Crown Castle, ebay, EPR Properties, Etsy, Merck & Co., Shopify, TJX Companies, and More",24/7 Wall St.,2026-08-20,0.202,7 Growth Stocks Holding Up in a Tough Market,Barrons.com,2026-08-20,0.273,Incyte Stock: Is Wall Street Bullish or Bearish?,Barchart,2026-08-18,0.0,,,,,,,,,,
EXEL,Exelixis,Biotech,oncology,NASDAQ,56.1,-1.32%,+3.14%,+0.52%,+28.73%,+47%,13.901,0.422,17.64,2.64,1816687,10164187,61343787,,15.46,buy,2.4,-1.32,98.68,-1.32,986.8,-13.2,9868.0,-132.0,3.14,103.14,3.14,1031.4,31.4,10314.0,314.0,0.52,100.52,0.52,1005.2,5.2,10052.0,52.0,28.73,128.73,28.73,1287.3,287.3,12873.0,2873.0,47.0,147.0,47.0,1470.0,470.0,14700.0,4700.0,Exelixis Owners Keep Getting A Bigger Slice Of A Company In Transition,Trefis,2026-08-24,0.0,"Exelixis, Valaris, and 3 More Stocks See Action From Activist Investors",Barrons.com,2026-08-21,0.0,Exelixis (EXEL) Q2 2026 Earnings Call Transcript,Motley Fool,2026-08-13,0.0,,,,,,,,,,
ALNY,Alnylam Pharmaceuticals,Biotech,oncology,NASDAQ,239.0,-0.46%,-1.49%,-14.15%,-40.28%,-47%,31.981,0.279,41.64,1.73,1107745,8422745,52585745,,4.75,buy,1.68,-0.46,99.54,-0.46,995.4,-4.6,9954.0,-46.0,-1.49,98.51,-1.49,985.1,-14.9,9851.0,-149.0,-14.15,85.85,-14.15,858.5,-141.5,8585.0,-1415.0,-40.28,59.72,-40.28,597.2,-402.8,5972.0,-4028.0,-47.0,53.0,-47.0,530.0,-470.0,5300.0,-4700.0,Moderna Stock Carries A Market Value Its Revenue Does Not Support,Trefis,2026-08-26,0.037,Alnylam Pharmaceuticals (ALNY) Stock Looks Cheap After A 47% Fall Yet Rich On Earnings,Simply Wall St.,2026-08-25,0.557,"Alnylam Pharmaceuticals (ALNY) Heads To ESC With New Data, Is It A Bargain?",Simply Wall St.,2026-08-24,0.202,,,,,,,,,,
RCUS,Arcus Biosciences,Biotech,oncology,NYSE,30.76,-2.90%,+1.35%,+10.49%,+32.07%,+199%*,3.917,0.811,,1.31,685563,5238863,27178963,,17.75,strong_buy,1.46,-2.9,97.1,-2.9,971.0,-29.0,9710.0,-290.0,1.35,101.35,1.35,1013.5,13.5,10135.0,135.0,10.49,110.49,10.49,1104.9,104.9,11049.0,1049.0,32.07,132.07,32.07,1320.7,320.7,13207.0,3207.0,199.0,299.0,199.0,2990.0,1990.0,29900.0,19900.0,Could Arcus Biosciences (RCUS) and Summit Therapeutics (SMMT)’s Cancer Drug Partnership Create a New Treatment Standard?,Insider Monkey,2026-08-14,-0.511,Arcus Biosciences (RCUS) Q2 2026 Earnings Call Transcript,Motley Fool,2026-08-13,0.0,"Arcus Biosciences' Casdatifan Therapy Could be Launched in 2028, Morgan Stanley Says",MT Newswires,2026-08-10,0.128,,,,,,,,,,
MRNA,Moderna,Biotech,mrna,NASDAQ,149.66,-5.15%,-14.18%,+169.03%,+384.96%,+533%,59.749,0.899,,13.9,21836510,289465410,583189610,,16.16,hold,2.74,-5.15,94.85,-5.15,948.5,-51.5,9485.0,-515.0,-14.18,85.82,-14.18,858.2,-141.8,8582.0,-1418.0,169.03,269.03,169.03,2690.3,1690.3,26903.0,16903.0,384.96,484.96,384.96,4849.6,3849.6,48496.0,38496.0,533.0,633.0,533.0,6330.0,5330.0,63300.0,53300.0,Binance offering perpetual contracts with 20x leverage: How not to invest?,Yahoo Finance Video,2026-08-26,0.0,"Nvidia, Meta, Revolution Medicines, Abercrombie, Intuit, Salesforce, Moderna, and More Stocks That Explain Today’s Market",Barrons.com,2026-08-26,0.0,Revolution Medicines Wins FDA Approval for Pancreatic Cancer Pill. What It Means for the Stock.,Barrons.com,2026-08-26,0.34,1,strong_buy,1.0,"Phase 3 INTerpath-001 melanoma data met endpoints, stock surged 152% in a week; YTD +414%, 1M +185%, but P/E null and hold consensus (2.83) suggest caution. [stockstotrade.com](https://stockstotrade.com/news/moderna-inc-mrna-news-2026_08_25/)",+152% 1W; Phase 3 melanoma win; +414% YTD; high short interest 16%,,,,,
BNTX,BioNTech,Biotech,mrna,NASDAQ,112.56,-1.31%,-0.50%,+23.57%,+16.41%,+11%,28.276,1.278,,1.17,1253708,10958008,36452308,,3.76,buy,1.6,-1.31,98.69,-1.31,986.9,-13.1,9869.0,-131.0,-0.5,99.5,-0.5,995.0,-5.0,9950.0,-50.0,23.57,123.57,23.57,1235.7,235.7,12357.0,2357.0,16.41,116.41,16.41,1164.1,164.1,11641.0,1641.0,11.0,111.0,11.0,1110.0,110.0,11100.0,1100.0,"Moderna Drops 7% Despite a Fresh Wolfe Research Upgrade, BioNTech Slips",24/7 Wall St.,2026-08-26,-0.241,Merck Just Gained 19% in a Month. What Would It Take to Get MRK Stock Up to $200?,24/7 Wall St.,2026-08-25,0.382,"Moderna Rallies 11%, BioNTech Ticks Up: Is the mRNA Trade Down to One Name?",24/7 Wall St.,2026-08-25,0.0,4,strong_buy,0.8,"YTD +18.0%, 1M +25.2%, 1W +23.0%; analyst strong_buy (an_score 1.6), low short interest 3.7%; tailwind from Moderna's cancer vaccine success. [genengnews.com](https://www.genengnews.com/topics/cancer/stockwatch-merck-moderna-cancer-vaccine-gives-a-shot-in-the-arm-to-sequencing-companies-too/)",+23% 1W; analyst strong_buy; low short interest 3.7%; mRNA cancer vaccine tailwind,,,,,
NVAX,Novavax,Biotech,mrna,NASDAQ,9.21,-2.44%,+4.78%,+22.96%,+29.17%,+25%*,1.519,2.416,,4.31,3506004,32610604,97073104,,28.98,none,,-2.44,97.56,-2.44,975.6,-24.4,9756.0,-244.0,4.78,104.78,4.78,1047.8,47.8,10478.0,478.0,22.96,122.96,22.96,1229.6,229.6,12296.0,2296.0,29.17,129.17,29.17,1291.7,291.7,12917.0,2917.0,25.0,125.0,25.0,1250.0,250.0,12500.0,2500.0,Novavax Stock Pulls Back After Milestone Vaccine Success,Schaeffer's Investment Research,2026-08-26,0.572,Unpacking Q2 Earnings: Novavax (NASDAQ:NVAX) In The Context Of Other Therapeutics Stocks,StockStory,2026-08-26,0.0,"Stocks making big moves this week: Bally's, Adobe, Novavax, Semtech, and STAAR Surgical",StockStory,2026-08-22,0.0,8,buy,0.5,"YTD +32.4%, 1M +26.0%, 1W +19.0%; no analyst consensus, high short interest 29.0%, high beta 2.42.",+32% YTD; +26% 1M; high beta 2.42; no analyst consensus,,,,,
BMRN,BioMarin Pharmaceutical,Biotech,rare-disease,NASDAQ,65.61,-0.77%,-5.37%,+8.86%,+10.36%,+13%,12.7,0.227,177.32,2.09,1884143,8376043,51672543,,5.28,buy,1.74,-0.77,99.23,-0.77,992.3,-7.7,9923.0,-77.0,-5.37,94.63,-5.37,946.3,-53.7,9463.0,-537.0,8.86,108.86,8.86,1088.6,88.6,10886.0,886.0,10.36,110.36,10.36,1103.6,103.6,11036.0,1036.0,13.0,113.0,13.0,1130.0,130.0,11300.0,1300.0,BioMarin Pharmaceutical (BMRN) Agrees $490 Million Deal For Oral Rare Bone Disease Program,Simply Wall St.,2026-08-21,0.202,Therapeutics Stocks Q2 Results: Benchmarking BioMarin Pharmaceutical (NASDAQ:BMRN),StockStory,2026-08-20,0.0,Why BioMarin Pharmaceutical (BMRN) Stock Is Up Today,StockStory,2026-08-19,0.0,,,,,,,,,,
SRPT,Sarepta Therapeutics,Biotech,rare-disease,NASDAQ,19.46,+4.40%,-1.37%,+22.47%,-8.68%,+5%,2.056,0.205,,3.27,2409165,10074265,65294065,,30.69,hold,2.67,4.4,104.4,4.4,1044.0,44.0,10440.0,440.0,-1.37,98.63,-1.37,986.3,-13.7,9863.0,-137.0,22.47,122.47,22.47,1224.7,224.7,12247.0,2247.0,-8.68,91.32,-8.68,913.2,-86.8,9132.0,-868.0,5.0,105.0,5.0,1050.0,50.0,10500.0,500.0,Moderna Stock Carries A Market Value Its Revenue Does Not Support,Trefis,2026-08-26,0.037,Sarepta (SRPT) Stock Looks Fully Valued As Sales Trail Fair Value,Simply Wall St.,2026-08-25,0.784,Moderna Stock Had A Readout Waiting In Plain Sight,Trefis,2026-08-24,0.0,10,buy,0.4,"YTD -11.2%, 1M +19.1%, 1W +5.0%; analyst hold (an_score 2.67), high short interest 30.7%, beta 0.21.",+19% 1M; YTD -11%; high short interest 30.7%; analyst hold,,,,,
COAG,Hemab Therapeutics,Biotech,rare-disease,NASDAQ,49.19,-0.93%,-4.78%,-2.38%,+44.68%,+46%,2.298,,,0.34,334192,2016592,8625092,,,none,,-0.93,99.07,-0.93,990.7,-9.3,9907.0,-93.0,-4.78,95.22,-4.78,952.2,-47.8,9522.0,-478.0,-2.38,97.62,-2.38,976.2,-23.8,9762.0,-238.0,44.68,144.68,44.68,1446.8,446.8,14468.0,4468.0,46.0,146.0,46.0,1460.0,460.0,14600.0,4600.0,Sector Update: Healthcare Stocks Advance Late Afternoon,MT Newswires,2026-07-13,0.0,"Hemab Therapeutics Details Post-IPO Pipeline Push, Sutacimig Phase III Plans",MarketBeat,2026-06-09,0.0,Hemab Therapeutics IPO Debut Puts COAG And Pipeline Risks In Focus,Simply Wall St.,2026-05-03,-0.273,,,,,,,,,,
NVO,Novo Nordisk,Biotech,metabolic,NYSE,47.19,-2.92%,+1.53%,-3.78%,-5.43%,-14%,208.628,0.349,11.51,12.45,8822325,54605725,318702925,369.0,1.07,hold,2.57,-2.92,97.08,-2.92,970.8,-29.2,9708.0,-292.0,1.53,101.53,1.53,1015.3,15.3,10153.0,153.0,-3.78,96.22,-3.78,962.2,-37.8,9622.0,-378.0,-5.43,94.57,-5.43,945.7,-54.3,9457.0,-543.0,-14.0,86.0,-14.0,860.0,-140.0,8600.0,-1400.0,European Equities Traded in the US as American Depositary Receipts Decline in Wednesday Trading,MT Newswires,2026-08-26,0.0,NVO vs. GPCR: Which Obesity Stock Is the Better Buy Right Now?,Zacks,2026-08-26,0.44,"Boston Scientific hit by cyberattack, global operations affected",Reuters,2026-08-26,-0.153,,,,,,,,,,
LLY,Eli Lilly,Biotech,metabolic,NYSE,1189.41,-3.45%,-7.10%,-0.54%,+10.63%,+68%,1060.189,0.506,40.01,2.94,2990458,11914858,63890458,56.0,0.74,buy,1.7,-3.45,96.55,-3.45,965.5,-34.5,9655.0,-345.0,-7.1,92.9,-7.1,929.0,-71.0,9290.0,-710.0,-0.54,99.46,-0.54,994.6,-5.4,9946.0,-54.0,10.63,110.63,10.63,1106.3,106.3,11063.0,1063.0,68.0,168.0,68.0,1680.0,680.0,16800.0,6800.0,Veeva Systems Q2 Earnings Call Highlights,MarketBeat,2026-08-26,0.0,Revolution Medicines Wins FDA Approval for Pancreatic Cancer Pill. What It Means for the Stock.,Barrons.com,2026-08-26,0.34,Eli Lilly Clears Big Hurdle in Alzheimer's Fight,GuruFocus.com,2026-08-26,-0.318,,,,,,,,,,
LEGN,Legend Biotech,Biotech,neuroscience,NASDAQ,20.68,-3.00%,-8.50%,+7.32%,-3.86%,-39%,4.022,0.387,,2.77,922602,8450102,63703302,,21.86,buy,2.0,-3.0,97.0,-3.0,970.0,-30.0,9700.0,-300.0,-8.5,91.5,-8.5,915.0,-85.0,9150.0,-850.0,7.32,107.32,7.32,1073.2,73.2,10732.0,732.0,-3.86,96.14,-3.86,961.4,-38.6,9614.0,-386.0,-39.0,61.0,-39.0,610.0,-390.0,6100.0,-3900.0,Sector Update: Healthcare Stocks Advance Late Afternoon,MT Newswires,2026-08-12,0.0,"Here Are Wednesday’s Top Wall Street Analyst Research Calls: The Gap, Genmab, Hilton Worldwide, Intuitive Surgical, Marriott International, Merck, Novo Nordisk, Okta, and More",24/7 Wall St.,2026-08-12,0.202,Legend Biotech (LEGN) Q2 2026 Earnings Call Transcript,Motley Fool,2026-08-12,0.0,,,,,,,,,,
IONS,Ionis Pharmaceuticals,Biotech,neuroscience,NASDAQ,63.36,-0.75%,+4.21%,+13.22%,-20.47%,+49%,10.53,0.4,,2.92,2145903,11633103,55932503,,16.66,buy,1.79,-0.75,99.25,-0.75,992.5,-7.5,9925.0,-75.0,4.21,104.21,4.21,1042.1,42.1,10421.0,421.0,13.22,113.22,13.22,1132.2,132.2,11322.0,1322.0,-20.47,79.53,-20.47,795.3,-204.7,7953.0,-2047.0,49.0,149.0,49.0,1490.0,490.0,14900.0,4900.0,Ionis (IONS) Stock Looks Like A Bargain On Value But Full On Sales,Simply Wall St.,2026-08-16,0.431,"Ionis Pharmaceuticals (IONS) Has A $92 Fair Value Narrative, Is The Stock A Bargain?",Simply Wall St.,2026-08-15,0.67,Ionis Stock Has Plunged 30%. Is It Time to Buy the Beaten-Down Stock?,Motley Fool,2026-08-14,0.0,,,,,,,,,,
BTC,Bitcoin,Crypto,bitcoin,Crypto,79116.352017,+0.74%,+14.20%,+24.16%,-9.60%,-10%,1588.312,,,47212.88,42844457203,330490152184,793651422226,,,,,0.74,100.74,0.74,1007.4,7.4,10074.0,74.0,14.2,114.2,14.2,1142.0,142.0,11420.0,1420.0,24.16,124.16,24.16,1241.6,241.6,12416.0,2416.0,-9.6,90.4,-9.6,904.0,-96.0,9040.0,-960.0,-10.0,90.0,-10.0,900.0,-100.0,9000.0,-1000.0,European Central Bank says the digital euro will be more private than bank transfers,Yahoo Finance Video,2026-08-26,0.0,Thousands of bans just teamed up to build their own blockchain,Yahoo Finance Video,2026-08-26,0.0,"Here's when bitcoin may hit $500,000",Yahoo Finance,2026-08-26,0.0,,,,,,,,,,
ETH,Ethereum,Crypto,layer1,Crypto,2505.294862,+2.72%,+11.20%,+32.60%,-15.55%,-16%,302.342,,,22313.32,15300244960,156193241831,310555639104,,,,,2.72,102.72,2.72,1027.2,27.2,10272.0,272.0,11.2,111.2,11.2,1112.0,112.0,11120.0,1120.0,32.6,132.6,32.6,1326.0,326.0,13260.0,3260.0,-15.55,84.45,-15.55,844.5,-155.5,8445.0,-1555.0,-16.0,84.0,-16.0,840.0,-160.0,8400.0,-1600.0,"Bitcoin and ethereum prices today, Wednesday, August 26, 2026: 'Bitcoin is having a price gusher to close out August'",Yahoo Personal Finance,2026-08-26,0.0,"3 Big Changes Just Hit XRP, Dogecoin, and Ethereum ETFs",BeInCrypto,2026-08-26,0.0,Governments Can See Just 14% of the $457 Billion Crypto Tax,BeInCrypto,2026-08-26,0.0,8,buy,0.55,"ETH gained +25.07% in the past month and +28.69% in the past week, with a large market cap of $296.5B and positive news sentiment of 0.2, benefiting from the broader crypto rally.",+28.69% 1-week return; +25.07% 1-month return; market cap $296.5B; news sentiment 0.2,,,,,
SOL,Solana,Crypto,layer1,Crypto,101.897365,+5.49%,+19.41%,+37.52%,-18.17%,-18%,59.515,,,5516.64,5910519196,38616514691,69282098970,,,,,5.49,105.49,5.49,1054.9,54.9,10549.0,549.0,19.41,119.41,19.41,1194.1,194.1,11941.0,1941.0,37.52,137.52,37.52,1375.2,375.2,13752.0,3752.0,-18.17,81.83,-18.17,818.3,-181.7,8183.0,-1817.0,-18.0,82.0,-18.0,820.0,-180.0,8200.0,-1800.0,Governments Can See Just 14% of the $457 Billion Crypto Tax,BeInCrypto,2026-08-26,0.0,"Galaxy Opens Retail Crypto-Backed Credit Lines on Bitcoin, Ethereum and Solana",decrypt,2026-08-26,0.382,Coinbase CEO weighs leaving California over wealth tax,TheStreet,2026-08-26,0.494,4,buy,0.75,"SOL gained +26.25% in the past month and +25.96% in the past week, reclaiming $100 with five consecutive days of ETF inflows totaling $33.49M on Monday, the highest daily inflow of 2026. [fxstreet.com](https://www.fxstreet.com/cryptocurrencies/news/top-altcoins-price-prediction-ripple-reclaims-150-cardano-eyes-200-day-ema-solana-tops-100-202608250618)",+26.25% 1-month return; SOL ETF inflows $33.49M daily record; reclaimed $100 price level; RSI 87 overbought but strong momentum,,,,,
BNB,BNB,Crypto,layer1,Crypto,707.754062,+2.00%,+12.99%,+25.10%,-18.00%,-18%,94.246,,,1460.33,1060275413,10222327801,23178578340,,,,,2.0,102.0,2.0,1020.0,20.0,10200.0,200.0,12.99,112.99,12.99,1129.9,129.9,11299.0,1299.0,25.1,125.1,25.1,1251.0,251.0,12510.0,2510.0,-18.0,82.0,-18.0,820.0,-180.0,8200.0,-1800.0,-18.0,82.0,-18.0,820.0,-180.0,8200.0,-1800.0,Should You Go 'All In' on Bitcoin? Binance Founder Changpeng Zhao Has the Answer,Benzinga,2026-08-26,0.0,CZ Says Hyperliquid’s US Breakthrough Could Open ‘A Whole Continent’ For Decentralized Crypto – HYPE Token Hits Record High,Stocktwits,2026-08-26,0.0,Why the Senate Must Pass the CLARITY Act Before the Window Closes,Exec Edge,2026-08-25,0.532,,,,,,,,,,
ADA,Cardano,Crypto,layer1,Crypto,0.212586,+1.71%,+13.78%,+36.77%,-36.10%,-36%,7.802,,,713.8,492819539,4996619196,12387398702,,,,,1.71,101.71,1.71,1017.1,17.1,10171.0,171.0,13.78,113.78,13.78,1137.8,137.8,11378.0,1378.0,36.77,136.77,36.77,1367.7,367.7,13677.0,3677.0,-36.1,63.9,-36.1,639.0,-361.0,6390.0,-3610.0,-36.0,64.0,-36.0,640.0,-360.0,6400.0,-3600.0,"Charles Hoskinson Says Cardano Will Win, But With Ethereum’s Help",BeInCrypto,2026-08-26,0.714,Cardano Price Risks 50% Drop as ADA Bear Flag Takes Shape,FX Empire,2026-08-26,-0.494,Mark Zuckerberg AI Predicts Cardano Could Have the Strangest Comeback of 2026,99bitcoins,2026-08-23,0.0,5,buy,0.7,"ADA is up +26.57% in the past month and +19.88% in the past week, testing a breakout above the $0.2328 resistance trendline with RSI at 71 suggesting strong but potentially stretched momentum. [fxstreet.com](https://www.fxstreet.com/cryptocurrencies/news/top-altcoins-price-prediction-ripple-reclaims-150-cardano-eyes-200-day-ema-solana-tops-100-202608250618)",+26.57% 1-month return; trendline breakout near $0.2328; RSI 71 overbought; market cap $7.72B,,,,,
AVAX,Avalanche,Crypto,layer1,Crypto,7.441796,+1.54%,+10.03%,+16.45%,-39.54%,-40%,3.213,,,359.09,237972039,2513624027,6193484773,,,,,1.54,101.54,1.54,1015.4,15.4,10154.0,154.0,10.03,110.03,10.03,1100.3,100.3,11003.0,1003.0,16.45,116.45,16.45,1164.5,164.5,11645.0,1645.0,-39.54,60.46,-39.54,604.6,-395.4,6046.0,-3954.0,-40.0,60.0,-40.0,600.0,-400.0,6000.0,-4000.0,,,,,,,,,,,,,,,,,,,,,,
XRP,XRP,Crypto,payments,Crypto,1.42217,-0.70%,+28.79%,+33.50%,-22.68%,-23%,89.233,,,6461.23,4082824743,45228609746,67264156916,,,,,-0.7,99.3,-0.7,993.0,-7.0,9930.0,-70.0,28.79,128.79,28.79,1287.9,287.9,12879.0,2879.0,33.5,133.5,33.5,1335.0,335.0,13350.0,3350.0,-22.68,77.32,-22.68,773.2,-226.8,7732.0,-2268.0,-23.0,77.0,-23.0,770.0,-230.0,7700.0,-2300.0,"3 Big Changes Just Hit XRP, Dogecoin, and Ethereum ETFs",BeInCrypto,2026-08-26,0.0,New SEC filing hints Ripple could unlock more XRP every month,TheStreet,2026-08-26,0.0,Ripple Just Borrowed $275 Million to Expand Its Prime Brokerage. Here's What It Could Mean for XRP.,Motley Fool,2026-08-26,0.318,2,strong_buy,0.82,"XRP is up +29.37% in the past month and +43.42% in the past week, with strong ETF inflows ($13.8M on Monday, $57M in August) and RLUSD stablecoin surpassing $2B market cap. [invezz.com](https://invezz.com/news/2026/08/25/xrp-price-prediction-as-crypto-fear-and-greed-index-hits-83/)",+43.42% 1-week return; XRP ETF inflows $57M in August; RLUSD stablecoin >$2B; Crypto Fear & Greed Index at 83,,,,,
XLM,Stellar,Crypto,payments,Crypto,0.185375,+1.63%,+9.05%,+8.06%,-7.60%,-8%,6.415,,,333.88,240852691,2337152711,4592604239,,,,,1.63,101.63,1.63,1016.3,16.3,10163.0,163.0,9.05,109.05,9.05,1090.5,90.5,10905.0,905.0,8.06,108.06,8.06,1080.6,80.6,10806.0,806.0,-7.6,92.4,-7.6,924.0,-76.0,9240.0,-760.0,-8.0,92.0,-8.0,920.0,-80.0,9200.0,-800.0,BEN's Digital Asset Strategy: Unlocking the Next Growth Opportunity,Zacks,2026-08-25,0.784,,,,,,,,,,,,,,,,,,
TRX,TRON,Crypto,payments,Crypto,0.335984,-0.02%,+0.52%,+3.42%,+18.16%,+18%,31.892,,,501.38,538051230,3509636170,11328145615,,,,,-0.02,99.98,-0.02,999.8,-0.2,9998.0,-2.0,0.52,100.52,0.52,1005.2,5.2,10052.0,52.0,3.42,103.42,3.42,1034.2,34.2,10342.0,342.0,18.16,118.16,18.16,1181.6,181.6,11816.0,1816.0,18.0,118.0,18.0,1180.0,180.0,11800.0,1800.0,KiiChain Adds TRON to Expand Onchain FX and Stablecoin Settlement,CryptoProwl,2026-08-27,0.318,How Criminals Move Millions in USDT Before Tether Can Freeze It,BeInCrypto,2026-08-25,-0.542,TRM Labs Traces $16.8 Million Across 30 Sanctioned Iran-Linked Crypto Wallets,BeInCrypto,2026-08-25,0.0,,,,,,,,,,
SUI,Sui,Crypto,emerging,Crypto,0.765742,+1.25%,+8.60%,+12.58%,-45.40%,-45%,3.12,,,724.24,630473136,5069686067,8338387339,,,,,1.25,101.25,1.25,1012.5,12.5,10125.0,125.0,8.6,108.6,8.6,1086.0,86.0,10860.0,860.0,12.58,112.58,12.58,1125.8,125.8,11258.0,1258.0,-45.4,54.6,-45.4,546.0,-454.0,5460.0,-4540.0,-45.0,55.0,-45.0,550.0,-450.0,5500.0,-4500.0,Phantom to Drop Sui in Second Chain Exit,Bankless,2026-08-24,-0.273,,,,,,,,,,,,,,,,,,
HBAR,Hedera,Crypto,emerging,Crypto,0.078635,+1.13%,+11.32%,+15.45%,-25.95%,-26%,3.447,,,128.93,124870800,902501993,1748673638,,,,,1.13,101.13,1.13,1011.3,11.3,10113.0,113.0,11.32,111.32,11.32,1113.2,113.2,11132.0,1132.0,15.45,115.45,15.45,1154.5,154.5,11545.0,1545.0,-25.95,74.05,-25.95,740.5,-259.5,7405.0,-2595.0,-26.0,74.0,-26.0,740.0,-260.0,7400.0,-2600.0,,,,,,,,,,,,,,,,,,,,,,
ALGO,Algorand,Crypto,emerging,Crypto,0.090141,+1.08%,+9.80%,+12.66%,-18.19%,-18%,0.815,,,39.3,36081482,275075777,762011663,,,,,1.08,101.08,1.08,1010.8,10.8,10108.0,108.0,9.8,109.8,9.8,1098.0,98.0,10980.0,980.0,12.66,112.66,12.66,1126.6,126.6,11266.0,1266.0,-18.19,81.81,-18.19,818.1,-181.9,8181.0,-1819.0,-18.0,82.0,-18.0,820.0,-180.0,8200.0,-1800.0,,,,,,,,,,,,,,,,,,,,,,
MINA,Mina,Crypto,emerging,Crypto,0.061792,+1.97%,+45.01%,+43.49%,-18.21%,-18%,0.08,,,9.15,6862034,64027109,114532686,,,,,1.97,101.97,1.97,1019.7,19.7,10197.0,197.0,45.01,145.01,45.01,1450.1,450.1,14501.0,4501.0,43.49,143.49,43.49,1434.9,434.9,14349.0,4349.0,-18.21,81.79,-18.21,817.9,-182.1,8179.0,-1821.0,-18.0,82.0,-18.0,820.0,-180.0,8200.0,-1800.0,,,,,,,,,,,,,6,buy,0.65,"MINA has exploded +37.82% in the past month and +52.39% in the past week, the highest weekly gain among all tracked assets, with a tiny market cap of $0.079B offering high beta potential.",+52.39% 1-week return; +37.82% 1-month return; small market cap $0.079B; high beta potential,,,,,
POL,Polygon (MATIC),Crypto,infra,Crypto,0.110278,-9.37%,+35.13%,+49.81%,+9.80%,+10%,1.18,,,113.16,142452082,792102169,1420056452,,,,,-9.37,90.63,-9.37,906.3,-93.7,9063.0,-937.0,35.13,135.13,35.13,1351.3,351.3,13513.0,3513.0,49.81,149.81,49.81,1498.1,498.1,14981.0,4981.0,9.8,109.8,9.8,1098.0,98.0,10980.0,980.0,10.0,110.0,10.0,1100.0,100.0,11000.0,1000.0,,,,,,,,,,,,,1,strong_buy,0.85,"POL has surged +56.18% in the past month and +47.88% in the past week, driven by a tokenomics overhaul that could nearly double staking rewards and a tenfold increase in network revenue. [invezz.com](https://invezz.com/en-ae/news/2026/08/25/polygon-price-erupts-50percent-as-pol-breakout-sparks-fresh-dollar014-target/)",+56.18% 1-month return; +47.88% 1-week return; staking/tokenomics overhaul catalyst; network revenue up 10x,,,,,
DOT,Polkadot,Crypto,infra,Crypto,0.873885,+2.58%,+10.73%,+15.46%,-51.18%,-51%,1.486,,,92.61,92609003,,,,,,,2.58,102.58,2.58,1025.8,25.8,10258.0,258.0,10.73,110.73,10.73,1107.3,107.3,11073.0,1073.0,15.46,115.46,15.46,1154.6,154.6,11546.0,1546.0,-51.18,48.82,-51.18,488.2,-511.8,4882.0,-5118.0,-51.0,49.0,-51.0,490.0,-510.0,4900.0,-5100.0,"3 Big Changes Just Hit XRP, Dogecoin, and Ethereum ETFs",BeInCrypto,2026-08-26,0.0,,,,,,,,,,,,,,,,,,
LINK,Chainlink,Crypto,infra,Crypto,11.612209,+2.99%,+10.14%,+38.88%,-4.77%,-5%,8.687,,,337.59,337588611,,,,,,,2.99,102.99,2.99,1029.9,29.9,10299.0,299.0,10.14,110.14,10.14,1101.4,101.4,11014.0,1014.0,38.88,138.88,38.88,1388.8,388.8,13888.0,3888.0,-4.77,95.23,-4.77,952.3,-47.7,9523.0,-477.0,-5.0,95.0,-5.0,950.0,-50.0,9500.0,-500.0,Coinbase Taps Chainlink to Power Tokenized Stocks on Base,Zacks,2026-08-26,0.0,Coinbase Put Nvidia and Apple Stock Onchain: But Does Weekend Trading Create Liquidation Risk?,Cryptonews,2026-08-25,0.0,Coinbase’s Tokenized Stocks Are Live on Base. The SEC’s Framework Isn’t.,Forkast News,2026-08-25,0.0,3,strong_buy,0.8,"LINK rallied +28.47% in the past month and +17.81% in the past week, catalyzed by Coinbase selecting Chainlink as oracle provider for tokenized stocks on Base and record weekly ETF inflows of $13.35M. [coinedition.com](https://coinedition.com/chainlink-price-prediction-will-coinbases-tokenized-stocks-send-link-to-15/)",+28.47% 1-month return; Coinbase tokenized stock integration; record weekly ETF inflows $13.35M; market cap $8.48B,,,,,
DOGE,Dogecoin,Crypto,meme,Crypto,0.08766,+2.18%,+16.95%,+24.63%,-25.26%,-25%,15.022,,,739.37,739369024,,,,,,,2.18,102.18,2.18,1021.8,21.8,10218.0,218.0,16.95,116.95,16.95,1169.5,169.5,11695.0,1695.0,24.63,124.63,24.63,1246.3,246.3,12463.0,2463.0,-25.26,74.74,-25.26,747.4,-252.6,7474.0,-2526.0,-25.0,75.0,-25.0,750.0,-250.0,7500.0,-2500.0,"3 Big Changes Just Hit XRP, Dogecoin, and Ethereum ETFs",BeInCrypto,2026-08-26,0.0,Dogecoin Price Risks 35% Drop as DOGE Breakout Fails,FX Empire,2026-08-26,-0.718,"Top 3 Meme Coins Rally as Bitcoin Touches $80,000, But Only One Has Room to Run",BeInCrypto,2026-08-25,0.103,,,,,,,,,,
PEPE,Pepe,Crypto,meme,Crypto,4e-06,+1.14%,+34.29%,+36.70%,-4.31%,-4%,1.597,,,309.67,309671531,,,,,,,1.14,101.14,1.14,1011.4,11.4,10114.0,114.0,34.29,134.29,34.29,1342.9,342.9,13429.0,3429.0,36.7,136.7,36.7,1367.0,367.0,13670.0,3670.0,-4.31,95.69,-4.31,956.9,-43.1,9569.0,-431.0,-4.0,96.0,-4.0,960.0,-40.0,9600.0,-400.0,"Top 3 Meme Coins Rally as Bitcoin Touches $80,000, But Only One Has Room to Run",BeInCrypto,2026-08-25,0.103,"Solana, Robinhood, BNB Clash for Meme Coin Season: Who is Winning the $3 Billion Rally?",BeInCrypto,2026-08-20,0.527,,,,,7,buy,0.6,"PEPE surged +25.63% in the past month and +47.27% in the past week, with positive news sentiment of 0.315 and a market cap of $1.58B, riding the meme coin rally alongside Bitcoin's push to $80K.",+47.27% 1-week return; +25.63% 1-month return; news sentiment 0.315; meme coin rally catalyst,,,,,
TAO,Bittensor,Crypto,ai,Crypto,234.738847,+2.27%,+14.51%,+25.36%,+7.35%,+7%,2.647,,,187.19,187190970,,,,,,,2.27,102.27,2.27,1022.7,22.7,10227.0,227.0,14.51,114.51,14.51,1145.1,145.1,11451.0,1451.0,25.36,125.36,25.36,1253.6,253.6,12536.0,2536.0,7.35,107.35,7.35,1073.5,73.5,10735.0,735.0,7.0,107.0,7.0,1070.0,70.0,10700.0,700.0,,,,,,,,,,,,,,,,,,,,,,
FET,ASI Alliance,Crypto,ai,Crypto,0.168775,+4.00%,+28.80%,+17.18%,-15.06%,-15%,0.382,,,108.16,108158601,,,,,,,4.0,104.0,4.0,1040.0,40.0,10400.0,400.0,28.8,128.8,28.8,1288.0,288.0,12880.0,2880.0,17.18,117.18,17.18,1171.8,171.8,11718.0,1718.0,-15.06,84.94,-15.06,849.4,-150.6,8494.0,-1506.0,-15.0,85.0,-15.0,850.0,-150.0,8500.0,-1500.0,,,,,,,,,,,,,,,,,,,,,,
RNDR,Render,Crypto,ai,Crypto,1.534202,+2.49%,+11.96%,+8.74%,+19.48%,+19%,0.796,,,28.23,28231821,,,,,,,2.49,102.49,2.49,1024.9,24.9,10249.0,249.0,11.96,111.96,11.96,1119.6,119.6,11196.0,1196.0,8.74,108.74,8.74,1087.4,87.4,10874.0,874.0,19.48,119.48,19.48,1194.8,194.8,11948.0,1948.0,19.0,119.0,19.0,1190.0,190.0,11900.0,1900.0,,,,,,,,,,,,,,,,,,,,,,
OCEAN,Ocean Protocol,Crypto,ai,Crypto,0.138964,+1.38%,+6.45%,+33.40%,-7.71%,-8%,,,,0.19,186792,,,,,,,1.38,101.38,1.38,1013.8,13.8,10138.0,138.0,6.45,106.45,6.45,1064.5,64.5,10645.0,645.0,33.4,133.4,33.4,1334.0,334.0,13340.0,3340.0,-7.71,92.29,-7.71,922.9,-77.1,9229.0,-771.0,-8.0,92.0,-8.0,920.0,-80.0,9200.0,-800.0,,,,,,,,,,,,,9,buy,0.5,"OCEAN is up +28.46% in the past month and +38.08% in the past week, with a low -0.47% daily decline showing relative stability, though lacking a market cap figure and news catalyst.",+38.08% 1-week return; +28.46% 1-month return; low daily decline -0.47%; AI sector momentum,,,,,
GRT,The Graph,Crypto,ai,Crypto,0.01802,+2.45%,+29.39%,+18.01%,-45.80%,-46%,0.197,,,12.45,12454584,,,,,,,2.45,102.45,2.45,1024.5,24.5,10245.0,245.0,29.39,129.39,29.39,1293.9,293.9,12939.0,2939.0,18.01,118.01,18.01,1180.1,180.1,11801.0,1801.0,-45.8,54.2,-45.8,542.0,-458.0,5420.0,-4580.0,-46.0,54.0,-46.0,540.0,-460.0,5400.0,-4600.0,,,,,,,,,,,,,,,,,,,,,,
AGIX,SingularityNET,Crypto,ai,Crypto,0.072357,+0.42%,+27.54%,+13.84%,-15.62%,-16%,,,,0.01,9480,,,,,,,0.42,100.42,0.42,1004.2,4.2,10042.0,42.0,27.54,127.54,27.54,1275.4,275.4,12754.0,2754.0,13.84,113.84,13.84,1138.4,138.4,11384.0,1384.0,-15.62,84.38,-15.62,843.8,-156.2,8438.0,-1562.0,-16.0,84.0,-16.0,840.0,-160.0,8400.0,-1600.0,,,,,,,,,,,,,,,,,,,,,,
NMR,Numeraire,Crypto,ai,Crypto,9.175045,+0.66%,+11.14%,+4.89%,-3.97%,-4%,0.068,,,5.1,5103171,,,,,,,0.66,100.66,0.66,1006.6,6.6,10066.0,66.0,11.14,111.14,11.14,1111.4,111.4,11114.0,1114.0,4.89,104.89,4.89,1048.9,48.9,10489.0,489.0,-3.97,96.03,-3.97,960.3,-39.7,9603.0,-397.0,-4.0,96.0,-4.0,960.0,-40.0,9600.0,-400.0,,,,,,,,,,,,,,,,,,,,,,
ALT,AltLayer,Crypto,ai,Crypto,0.006455,+3.97%,+5.42%,+12.14%,-43.63%,-44%,0.046,,,7.37,7371491,,,,,,,3.97,103.97,3.97,1039.7,39.7,10397.0,397.0,5.42,105.42,5.42,1054.2,54.2,10542.0,542.0,12.14,112.14,12.14,1121.4,121.4,11214.0,1214.0,-43.63,56.37,-43.63,563.7,-436.3,5637.0,-4363.0,-44.0,56.0,-44.0,560.0,-440.0,5600.0,-4400.0,,,,,,,,,,,,,,,,,,,,,,
AIOZ,AIOZ Network,Crypto,ai,Crypto,0.060185,+11.78%,+22.77%,+22.85%,-30.54%,-31%,0.077,,,3.73,3725844,,,,,,,11.78,111.78,11.78,1117.8,117.8,11178.0,1178.0,22.77,122.77,22.77,1227.7,227.7,12277.0,2277.0,22.85,122.85,22.85,1228.5,228.5,12285.0,2285.0,-30.54,69.46,-30.54,694.6,-305.4,6946.0,-3054.0,-31.0,69.0,-31.0,690.0,-310.0,6900.0,-3100.0,,,,,,,,,,,,,,,,,,,,,,
ARKM,Arkham,Crypto,ai,Crypto,0.116721,+6.47%,+25.51%,+15.68%,-33.85%,-34%,0.026,,,32.67,32674113,,,,,,,6.47,106.47,6.47,1064.7,64.7,10647.0,647.0,25.51,125.51,25.51,1255.1,255.1,12551.0,2551.0,15.68,115.68,15.68,1156.8,156.8,11568.0,1568.0,-33.85,66.15,-33.85,661.5,-338.5,6615.0,-3385.0,-34.0,66.0,-34.0,660.0,-340.0,6600.0,-3400.0,,,,,,,,,,,,,,,,,,,,,,
WLD,Worldcoin,Crypto,ai,Crypto,0.414929,+8.30%,+14.50%,+27.04%,-13.74%,-14%,1.5,,,177.45,177453007,,,,,,,8.3,108.3,8.3,1083.0,83.0,10830.0,830.0,14.5,114.5,14.5,1145.0,145.0,11450.0,1450.0,27.04,127.04,27.04,1270.4,270.4,12704.0,2704.0,-13.74,86.26,-13.74,862.6,-137.4,8626.0,-1374.0,-14.0,86.0,-14.0,860.0,-140.0,8600.0,-1400.0,,,,,,,,,,,,,,,,,,,,,,
NEAR,NEAR Protocol,Crypto,ai,Crypto,1.898971,+1.99%,+9.84%,+12.76%,+25.56%,+26%,2.478,,,184.06,184060401,,,,,,,1.99,101.99,1.99,1019.9,19.9,10199.0,199.0,9.84,109.84,9.84,1098.4,98.4,10984.0,984.0,12.76,112.76,12.76,1127.6,127.6,11276.0,1276.0,25.56,125.56,25.56,1255.6,255.6,12556.0,2556.0,26.0,126.0,26.0,1260.0,260.0,12600.0,2600.0,,,,,,,,,,,,,,,,,,,,,,
ICP,Internet Computer,Crypto,ai,Crypto,2.401958,+1.04%,+4.38%,+14.64%,-15.28%,-15%,1.336,,,40.83,40834639,,,,,,,1.04,101.04,1.04,1010.4,10.4,10104.0,104.0,4.38,104.38,4.38,1043.8,43.8,10438.0,438.0,14.64,114.64,14.64,1146.4,146.4,11464.0,1464.0,-15.28,84.72,-15.28,847.2,-152.8,8472.0,-1528.0,-15.0,85.0,-15.0,850.0,-150.0,8500.0,-1500.0,,,,,,,,,,,,,,,,,,,,,,
KAITO,Kaito,Crypto,ai,Crypto,0.317995,-0.12%,-8.48%,-75.37%,-37.18%,-37%,0.077,,,23.17,23165967,,,,,,,-0.12,99.88,-0.12,998.8,-1.2,9988.0,-12.0,-8.48,91.52,-8.48,915.2,-84.8,9152.0,-848.0,-75.37,24.63,-75.37,246.3,-753.7,2463.0,-7537.0,-37.18,62.82,-37.18,628.2,-371.8,6282.0,-3718.0,-37.0,63.0,-37.0,630.0,-370.0,6300.0,-3700.0,,,,,,,,,,,,,,,,,,,,,,
VIRTUAL,Virtuals Protocol,Crypto,ai,Crypto,0.750823,+1.75%,+23.57%,+32.23%,+16.16%,+16%,0.494,,,69.92,69917678,,,,,,,1.75,101.75,1.75,1017.5,17.5,10175.0,175.0,23.57,123.57,23.57,1235.7,235.7,12357.0,2357.0,32.23,132.23,32.23,1322.3,322.3,13223.0,3223.0,16.16,116.16,16.16,1161.6,161.6,11616.0,1616.0,16.0,116.0,16.0,1160.0,160.0,11600.0,1600.0,,,,,,,,,,,,,10,buy,0.45,"VIRTUAL rallied +24.83% in the past month and +32.81% in the past week, with a market cap of $0.498B and positive YTD return of +17.02%, though the -7.34% daily drop signals high volatility.",+32.81% 1-week return; +24.83% 1-month return; +17.02% YTD; AI sector momentum,,,,,
LMT,Lockheed Martin,Defence,us-primes,NYSE,565.62,+1.47%,-3.99%,-2.48%,+15.14%,+22%,130.539,0.11,20.87,1.23,843004,5868104,25345704,248.0,1.24,hold,2.52,1.47,101.47,1.47,1014.7,14.7,10147.0,147.0,-3.99,96.01,-3.99,960.1,-39.9,9601.0,-399.0,-2.48,97.52,-2.48,975.2,-24.8,9752.0,-248.0,15.14,115.14,15.14,1151.4,151.4,11514.0,1514.0,22.0,122.0,22.0,1220.0,220.0,12200.0,2200.0,Lockheed Martin (LMT) Rises As Market Takes a Dip: Key Facts,Zacks,2026-08-26,0.0,Is Northrop Grumman Expanding Its International Defense Business?,Zacks,2026-08-26,0.128,Is GE Stock Priced For A 40% Rally Or A 30% Drop?,Trefis,2026-08-26,-0.273,,,,,,,,,,
RTX,RTX Corporation,Defence,us-primes,NYSE,211.99,+0.76%,-3.79%,-2.62%,+14.44%,+32%,285.711,0.294,37.32,5.15,3785540,22245640,114165840,139.0,0.96,buy,1.87,0.76,100.76,0.76,1007.6,7.6,10076.0,76.0,-3.79,96.21,-3.79,962.1,-37.9,9621.0,-379.0,-2.62,97.38,-2.62,973.8,-26.2,9738.0,-262.0,14.44,114.44,14.44,1144.4,144.4,11444.0,1444.0,32.0,132.0,32.0,1320.0,320.0,13200.0,3200.0,Raytheon’s Missile Windfall: What the Navy’s Record Tomahawk Order Means for RTX Corporation (RTX),Insider Monkey,2026-08-26,0.0,"Boeing, RTX Win $766 Mil In B-52 Modernization Contracts, Northrop Tapped For Deep Space Radar",Investor's Business Daily,2026-08-26,0.586,Can Electronic Warfare Demand Boost L3Harris' Growth Prospects?,Zacks,2026-08-26,0.586,,,,,,,,,,
NOC,Northrop Grumman,Defence,us-primes,NYSE,549.95,+1.21%,-5.64%,+0.43%,-5.38%,-8%,78.128,-0.108,17.48,0.94,533243,3690943,15607443,182.0,1.73,buy,2.09,1.21,101.21,1.21,1012.1,12.1,10121.0,121.0,-5.64,94.36,-5.64,943.6,-56.4,9436.0,-564.0,0.43,100.43,0.43,1004.3,4.3,10043.0,43.0,-5.38,94.62,-5.38,946.2,-53.8,9462.0,-538.0,-8.0,92.0,-8.0,920.0,-80.0,9200.0,-800.0,NOC Steady at $2.47: A Closer Look at Northrop Grumman Corporation (NOC)’s Dividend Discipline,Insider Monkey,2026-08-26,0.0,"Boeing, RTX Win $766 Mil In B-52 Modernization Contracts, Northrop Tapped For Deep Space Radar",Investor's Business Daily,2026-08-26,0.586,Can Redwire's Space and Defense Portfolio Drive a New Growth Phase?,Zacks,2026-08-26,0.477,,,,,,,,,,
GD,General Dynamics,Defence,us-primes,NYSE,382.02,+1.36%,-2.63%,-1.83%,+12.71%,+16%,103.358,0.328,23.32,1.16,819804,4315904,22235604,169.0,1.12,buy,2.12,1.36,101.36,1.36,1013.6,13.6,10136.0,136.0,-2.63,97.37,-2.63,973.7,-26.3,9737.0,-263.0,-1.83,98.17,-1.83,981.7,-18.3,9817.0,-183.0,12.71,112.71,12.71,1127.1,127.1,11271.0,1271.0,16.0,116.0,16.0,1160.0,160.0,11600.0,1600.0,"Top Analyst Reports for JPMorgan, Johnson & Johnson & Mastercard",Zacks,2026-08-26,0.202,Is General Dynamics Corporation (GD) Still a Dividend Powerhouse? The Bull and Bear Case,Insider Monkey,2026-08-26,0.273,"Boeing Lands $131 Bil F-15 Fighter Jet Contract, Analyst Lifts Booz Allen Targets",Investor's Business Daily,2026-08-25,0.153,,,,,,,,,,
HII,Huntington Ingalls Industries,Defence,us-primes,NYSE,296.4,+0.24%,-4.93%,+2.83%,-14.62%,+5%,11.679,0.241,17.64,0.51,356199,1948399,12338399,190.0,2.97,buy,2.08,0.24,100.24,0.24,1002.4,2.4,10024.0,24.0,-4.93,95.07,-4.93,950.7,-49.3,9507.0,-493.0,2.83,102.83,2.83,1028.3,28.3,10283.0,283.0,-14.62,85.38,-14.62,853.8,-146.2,8538.0,-1462.0,5.0,105.0,5.0,1050.0,50.0,10500.0,500.0,3 Reasons to Avoid HII and 1 Stock to Buy Instead,StockStory,2026-08-24,-0.296,Huntington Ingalls Industries (HII) Stock Could Be A Bargain On Cash Flow And Earnings,Simply Wall St.,2026-08-21,0.202,Huntington Ingalls Industries (HII) Landed A $2.2 Billion Defense Task Order,Simply Wall St.,2026-08-20,0.128,,,,,,,,,,
LHX,L3Harris Technologies,Defence,us-primes,NYSE,262.96,-0.15%,-5.11%,-13.35%,-12.98%,-5%,48.967,0.746,26.53,1.49,1394154,8418154,39474454,191.0,2.15,buy,1.65,-0.15,99.85,-0.15,998.5,-1.5,9985.0,-15.0,-5.11,94.89,-5.11,948.9,-51.1,9489.0,-511.0,-13.35,86.65,-13.35,866.5,-133.5,8665.0,-1335.0,-12.98,87.02,-12.98,870.2,-129.8,8702.0,-1298.0,-5.0,95.0,-5.0,950.0,-50.0,9500.0,-500.0,Can Redwire's Space and Defense Portfolio Drive a New Growth Phase?,Zacks,2026-08-26,0.477,Can Electronic Warfare Demand Boost L3Harris' Growth Prospects?,Zacks,2026-08-26,0.586,"Why Did XPEV, ONON, LHX Stocks Hit 52-Week Lows Today?",Stocktwits,2026-08-26,-0.202,,,,,,,,,,
BA,Boeing,Defence,us-primes,NYSE,212.09,+0.40%,-4.55%,+0.28%,-6.88%,-10%,167.507,1.221,76.02,5.96,4346178,30438878,137347178,,0.01,buy,1.54,0.4,100.4,0.4,1004.0,4.0,10040.0,40.0,-4.55,95.45,-4.55,954.5,-45.5,9545.0,-455.0,0.28,100.28,0.28,1002.8,2.8,10028.0,28.0,-6.88,93.12,-6.88,931.2,-68.8,9312.0,-688.0,-10.0,90.0,-10.0,900.0,-100.0,9000.0,-1000.0,"It's 'hard' to argue that Nvidia's financing is circular, analyst says",Yahoo Finance Video,2026-08-26,-0.421,From Air Taxi to Defense Player: Archer Aviation (ACHR)’s Month of Momentum,Insider Monkey,2026-08-26,0.128,"Boeing, RTX Win $766 Mil In B-52 Modernization Contracts, Northrop Tapped For Deep Space Radar",Investor's Business Daily,2026-08-26,0.586,,,,,,,,,,
BA.L,BAE Systems,Defence,uk-european,LSE,28.39,-0.48%,-3.33%,+4.40%,+19.06%,+19%,0.832,-0.052,29.83,6.42,1000000,17673086,134140438,180.0,,buy,2.21,-0.48,99.52,-0.48,995.2,-4.8,9952.0,-48.0,-3.33,96.67,-3.33,966.7,-33.3,9667.0,-333.0,4.4,104.4,4.4,1044.0,44.0,10440.0,440.0,19.06,119.06,19.06,1190.6,190.6,11906.0,1906.0,19.0,119.0,19.0,1190.0,190.0,11900.0,1900.0,Can Electronic Warfare Demand Boost L3Harris' Growth Prospects?,Zacks,2026-08-26,0.586,Can HII Benefit From Growing Demand for Submarine Construction?,Zacks,2026-08-19,0.494,BAE Systems (LSE:BA.) THREADS Progress Keeps Its Undervalued Narrative In Play,Simply Wall St.,2026-08-15,0.637,,,,,,,,,,
RR.L,Rolls-Royce Holdings,Defence,uk-european,LSE,20.98,+0.85%,+1.55%,+9.16%,+28.92%,+45%,1.731,1.19,42.86,24.86,102,55160029,505937482,78.0,,buy,1.6,0.85,100.85,0.85,1008.5,8.5,10085.0,85.0,1.55,101.55,1.55,1015.5,15.5,10155.0,155.0,9.16,109.16,9.16,1091.6,91.6,10916.0,916.0,28.92,128.92,28.92,1289.2,289.2,12892.0,2892.0,45.0,145.0,45.0,1450.0,450.0,14500.0,4500.0,NuScale Power Deploys AI to Accelerate Next-Generation Nuclear SMRs,Zacks,2026-08-26,0.0,Florida real estate mogul says your home is ‘a terrible investment’ — and he’d put $100K somewhere else. Is he right?,Moneywise,2026-08-21,-0.477,U.K. ETFs in Spotlight as Andy Burnham Completes First Month as PM,Zacks,2026-08-20,0.0,8,buy,0.6,"Strong YTD of +27.83% and 1M momentum of +8.24%, with analyst score 1.6 (buy); aerospace engine demand and defence exposure support growth, though P/E of 42.5 is elevated.",+27.83% YTD; +8.24% 1M momentum; buy analyst consensus,,,,,
QQ.L,QinetiQ Group,Defence,uk-european,LSE,7.04,-1.52%,-3.90%,+5.50%,+16.59%,+10%,0.035,0.343,25.9,2.08,25963,8025950,49601032,209.0,,buy,1.75,-1.52,98.48,-1.52,984.8,-15.2,9848.0,-152.0,-3.9,96.1,-3.9,961.0,-39.0,9610.0,-390.0,5.5,105.5,5.5,1055.0,55.0,10550.0,550.0,16.59,116.59,16.59,1165.9,165.9,11659.0,1659.0,10.0,110.0,10.0,1100.0,100.0,11000.0,1000.0,Gelion battery cells pass independent drone testing at QinetiQ,Proactive,2026-08-26,0.0,3 UK Penny Stocks With Market Caps Over £300M To Consider,Simply Wall St.,2026-06-11,0.0,UK Growth Stocks With Insider Ownership Up To 20%,Simply Wall St.,2026-06-11,0.382,10,buy,0.4,"YTD +18.39%, 1M momentum +7.13%, dividend yield 208bp; small-cap UK defence play with low P/E of 26.3 and analyst score 1.75 (buy); good value in European defence context.",+18.39% YTD; +7.13% 1M momentum; high dividend yield 208bp; buy analyst consensus,,,,,
PLTR,Palantir Technologies,Defence,cyber-intel,NASDAQ,177.5,+3.05%,+1.32%,+34.95%,+5.74%,+10%,426.543,1.563,151.71,43.2,27720671,155489271,1040222271,,3.18,buy,1.81,3.05,103.05,3.05,1030.5,30.5,10305.0,305.0,1.32,101.32,1.32,1013.2,13.2,10132.0,132.0,34.95,134.95,34.95,1349.5,349.5,13495.0,3495.0,5.74,105.74,5.74,1057.4,57.4,10574.0,574.0,10.0,110.0,10.0,1100.0,100.0,11000.0,1000.0,"Michael Burry Buys NVDA Calls As A ‘Hedge,’ Adds To ORCL, PLTR, NBIS Shorts — Why He Thinks ‘Nvidia Will Not Distribute Enough To Shareholders’",Stocktwits,2026-08-26,0.0,Palantir CEO Alexander Karp Dumps $86 million in Palantir Stock,GuruFocus.com,2026-08-26,-0.402,"Jim Cramer on Palantir (PLTR): “It’s a Great Spec, But It Is a Spec”",Insider Monkey,2026-08-26,0.372,2,strong_buy,0.8,"Maven Smart System designated official Pentagon program of record, securing $2.3B over 5 years; Q2 revenue grew 93% YoY to $1.935B, with US govt revenue up 90% to $809M; strong 1M momentum of +31.32% and record commercial bookings. [barchart.com](https://www.barchart.com/story/news/4024825/palantir-stock-has-surged-over-40-in-a-month-whats-fueling-the-rally-and-what-comes-next)",+31.32% 1M momentum; 93% YoY revenue growth; Pentagon program of record; record commercial TCV $2.13B,,,,,
LDOS,Leidos Holdings,Defence,cyber-intel,NYSE,137.43,+2.01%,-6.07%,+19.56%,-24.64%,-27%,17.287,0.546,12.83,1.66,944467,5045967,34839667,128.0,3.83,buy,2.35,2.01,102.01,2.01,1020.1,20.1,10201.0,201.0,-6.07,93.93,-6.07,939.3,-60.7,9393.0,-607.0,19.56,119.56,19.56,1195.6,195.6,11956.0,1956.0,-24.64,75.36,-24.64,753.6,-246.4,7536.0,-2464.0,-27.0,73.0,-27.0,730.0,-270.0,7300.0,-2700.0,"Leidos Holdings (LDOS) Dropped, So What Is Driving Attention Now?",Simply Wall St.,2026-08-25,0.0,2 S&P 500 Stocks to Research Further and 1 We Ignore,StockStory,2026-08-25,-0.361,3 Stocks Came Roaring Back—Now They’re Flashing Warning Signs,MarketBeat,2026-08-22,-0.34,5,buy,0.55,"Impressive 1M momentum of +17.04%, trading at a low P/E of 12.92 with a dividend yield of 124bp; despite -26% YTD and slightly negative news sentiment, the bounce is supported by cheap valuation.",+17.04% 1M momentum; low P/E 12.92; attractive valuation; dividend yield 124bp,,,,,
CACI,CACI International,Defence,cyber-intel,NYSE,624.74,+0.36%,-5.73%,+25.98%,+16.25%,+26%,13.807,0.541,25.84,0.29,248845,1242245,6825345,,6.32,buy,1.56,0.36,100.36,0.36,1003.6,3.6,10036.0,36.0,-5.73,94.27,-5.73,942.7,-57.3,9427.0,-573.0,25.98,125.98,25.98,1259.8,259.8,12598.0,2598.0,16.25,116.25,16.25,1162.5,162.5,11625.0,1625.0,26.0,126.0,26.0,1260.0,260.0,12600.0,2600.0,1 Industrials Stock on Our Watchlist and 2 We Find Risky,StockStory,2026-08-26,-0.202,1 Unpopular Stock That Deserves Some Love and 2 That Underwhelm,StockStory,2026-08-16,0.637,CACI (CACI) Stock May Trade Below Fair Value While Earnings Look Rich,Simply Wall St.,2026-08-15,0.807,1,strong_buy,0.85,"Record FY26 revenue of $9.57B (+10.9% YoY), 66% free cash flow growth to $735M, and strong FY27 guidance for $10.65-10.85B revenue; positive news sentiment 0.329, cheap P/E 26.32, and analyst score 1.56 (buy). [fool.com](https://www.fool.com/investing/2026/08/25/palantirs-maven-is-now-an-official-pentagon-progra/)",+13.90% YTD; +23.43% 1M momentum; record contract backlog $32B; strong analyst consensus,,,,,
SAIC,Science Applications International,Defence,cyber-intel,NYSE,127.58,+0.24%,-0.88%,+7.68%,+27.36%,+7%,5.394,0.286,14.35,0.53,382382,2012282,8980782,116.0,7.21,hold,2.82,0.24,100.24,0.24,1002.4,2.4,10024.0,24.0,-0.88,99.12,-0.88,991.2,-8.8,9912.0,-88.0,7.68,107.68,7.68,1076.8,76.8,10768.0,768.0,27.36,127.36,27.36,1273.6,273.6,12736.0,2736.0,7.0,107.0,7.0,1070.0,70.0,10700.0,700.0,Nutanix (NTNX) Q4 Earnings and Revenues Surpass Estimates,Zacks,2026-08-26,0.0,"Science Applications International (SAIC), Why Are Analysts Sending Mixed Signals?",Simply Wall St.,2026-08-26,0.0,3 Value Stocks with Warning Signs,StockStory,2026-08-25,0.0,7,buy,0.5,"YTD performance strong at +27.07%, with 1M momentum of +7.43% and 1W momentum of +1.06%; P/E is low at 14.25 and dividend yield 117bp, though high short interest of 7.21% signals caution.",+27.07% YTD; low P/E 14.25; positive 1W momentum,,,,,
BAH,Booz Allen Hamilton,Defence,cyber-intel,NYSE,74.24,+0.39%,-5.83%,+4.42%,-10.54%,-33%,8.93,0.354,11.65,2.25,884842,6777142,44334042,320.0,7.3,hold,2.86,0.39,100.39,0.39,1003.9,3.9,10039.0,39.0,-5.83,94.17,-5.83,941.7,-58.3,9417.0,-583.0,4.42,104.42,4.42,1044.2,44.2,10442.0,442.0,-10.54,89.46,-10.54,894.6,-105.4,8946.0,-1054.0,-33.0,67.0,-33.0,670.0,-330.0,6700.0,-3300.0,"Boeing Lands $131 Bil F-15 Fighter Jet Contract, Analyst Lifts Booz Allen Targets",Investor's Business Daily,2026-08-25,0.153,The Hidden Turbulence Priced Into Accenture Stock,Trefis,2026-08-25,0.0,ACN Stock: Why The Discount May Not Last,Trefis,2026-08-24,0.0,,,,,,,,,,
AVAV,AeroVironment,Defence,drones,NASDAQ,146.88,-0.76%,-14.97%,-4.77%,-42.67%,-40%,7.464,1.412,,1.66,990799,6248199,27019299,,9.55,buy,1.6,-0.76,99.24,-0.76,992.4,-7.6,9924.0,-76.0,-14.97,85.03,-14.97,850.3,-149.7,8503.0,-1497.0,-4.77,95.23,-4.77,952.3,-47.7,9523.0,-477.0,-42.67,57.33,-42.67,573.3,-426.7,5733.0,-4267.0,-40.0,60.0,-40.0,600.0,-400.0,6000.0,-4000.0,Here's Why AeroVironment (AVAV) Fell More Than Broader Market,Zacks,2026-08-24,0.0,"nLIGHT, AAON, AeroVironment, Kratos, and ChargePoint Shares Are Falling, What You Need To Know",StockStory,2026-08-24,0.153,"Drone Stocks Slide as Risk Appetite Fades: Unusual Machines Tumbles 9%, Red Cat Falls 7%, Ondas Declines 5%",24/7 Wall St.,2026-08-24,-0.273,,,,,,,,,,
KTOS,Kratos Defense,Defence,drones,NASDAQ,52.93,+0.37%,-12.60%,+7.04%,-33.25%,-22%,9.925,1.106,311.35,4.68,1977481,15445981,87319381,,5.1,strong_buy,1.43,0.37,100.37,0.37,1003.7,3.7,10037.0,37.0,-12.6,87.4,-12.6,874.0,-126.0,8740.0,-1260.0,7.04,107.04,7.04,1070.4,70.4,10704.0,704.0,-33.25,66.75,-33.25,667.5,-332.5,6675.0,-3325.0,-22.0,78.0,-22.0,780.0,-220.0,7800.0,-2200.0,Northrop Grumman (NOC) Could Be 16% Undervalued On Dividend And Contract News,Simply Wall St.,2026-08-26,0.0,3 Contrarian Trades for a Market That Looks Too Hot,MarketBeat,2026-08-25,0.0,"nLIGHT, AAON, AeroVironment, Kratos, and ChargePoint Shares Are Falling, What You Need To Know",StockStory,2026-08-24,0.153,9,strong_buy,0.45,"Strong analyst consensus (strong_buy, score 1.43) and 1M momentum of +6.45%, despite -33.61% YTD; drone autonomy push and potential contract wins provide upside catalyst.",strong_buy analyst consensus; +6.45% 1M momentum; drone sector catalyst,,,,,
RCAT,Red Cat Holdings,Defence,drones,NASDAQ,8.93,-2.08%,-9.71%,+14.63%,-2.51%,+1%,1.364,1.349,,12.39,3891766,31843666,209748566,,21.86,strong_buy,1.17,-2.08,97.92,-2.08,979.2,-20.8,9792.0,-208.0,-9.71,90.29,-9.71,902.9,-97.1,9029.0,-971.0,14.63,114.63,14.63,1146.3,146.3,11463.0,1463.0,-2.51,97.49,-2.51,974.9,-25.1,9749.0,-251.0,1.0,101.0,1.0,1010.0,10.0,10100.0,100.0,"Drone Stocks Slide as Risk Appetite Fades: Unusual Machines Tumbles 9%, Red Cat Falls 7%, Ondas Declines 5%",24/7 Wall St.,2026-08-24,-0.273,Red Cat (RCAT) Stock Could Be Above Fair Value As Tariff News Lifts Sentiment,Simply Wall St.,2026-08-23,0.572,Is Red Cat Holdings (RCAT) Quietly Recasting Its Identity From Drone Maker To Full Autonomy Platform?,Simply Wall St.,2026-08-23,0.0,4,buy,0.6,"Strong 1M momentum of +16.82% and analyst strong_buy consensus (score 1.17); though YTD is flat and short interest is very high at 23.21%, risk appetite fading may present entry opportunity.",+16.82% 1M momentum; strong_buy analyst consensus; high short interest opportunity; drone sector catalyst,,,,,
TXT,Textron,Defence,drones,NYSE,83.31,+2.61%,-3.45%,-13.34%,-4.26%,+0%,14.487,0.908,15.69,1.59,1301455,6851055,39882655,10.0,4.95,buy,2.19,2.61,102.61,2.61,1026.1,26.1,10261.0,261.0,-3.45,96.55,-3.45,965.5,-34.5,9655.0,-345.0,-13.34,86.66,-13.34,866.6,-133.4,8666.0,-1334.0,-4.26,95.74,-4.26,957.4,-42.6,9574.0,-426.0,0.0,100.0,0.0,1000.0,0.0,10000.0,0.0,Is Textron Benefiting from the Growing Demand for Light Jets?,Zacks,2026-08-25,0.052,"Boston Whaler parent Brunswick bets on AI self-docking boats, Textron defense deal to power growth",Yahoo Finance,2026-08-21,0.477,Are Wall Street Analysts Bullish on Textron Stock?,Barchart,2026-08-20,0.0,,,,,,,,,,
SPCX,SpaceX,Defence,space,NASDAQ,139.63,+1.33%,-0.01%,+23.02%,-13.25%,-14%,1839.511,,,116.94,59784460,371669360,2547773060,,2.93,buy,1.69,1.33,101.33,1.33,1013.3,13.3,10133.0,133.0,-0.01,99.99,-0.01,999.9,-0.1,9999.0,-1.0,23.02,123.02,23.02,1230.2,230.2,12302.0,2302.0,-13.25,86.75,-13.25,867.5,-132.5,8675.0,-1325.0,-14.0,86.0,-14.0,860.0,-140.0,8600.0,-1400.0,Why Anthropic’s $30T TAM may not be as crazy as it sounds,Yahoo Finance Video,2026-08-26,0.258,Cerebras vs. SpaceX: Which 2026 IPO Is the Better AI Stock to Own for the Next 5 Years?,Motley Fool,2026-08-26,0.44,"If I Had $5,000 to Invest Today, Here's the Growth Stock I'd Buy Instead of SpaceX",Motley Fool,2026-08-26,0.382,3,buy,0.65,"SpaceX continues to dominate with Starbase launch site in Louisiana and accelerated orbital data center timeline; strong 1M momentum +21.54%, positive news sentiment 0.072, and analyst score 1.69 (buy).",+21.54% 1M momentum; Starbase expansion; analyst buy consensus,,,,,
RKLB,Rocket Lab USA,Defence,space,NASDAQ,66.18,-1.33%,-12.74%,-1.14%,-12.91%,+45%,42.316,2.629,,23.16,10865912,69632912,413926112,,7.46,buy,1.61,-1.33,98.67,-1.33,986.7,-13.3,9867.0,-133.0,-12.74,87.26,-12.74,872.6,-127.4,8726.0,-1274.0,-1.14,98.86,-1.14,988.6,-11.4,9886.0,-114.0,-12.91,87.09,-12.91,870.9,-129.1,8709.0,-1291.0,45.0,145.0,45.0,1450.0,450.0,14500.0,4500.0,Why Rocket Lab (RKLB) Could Outpace Viasat (VSAT) as Defense Space Spending Accelerates,Insider Monkey,2026-08-26,0.128,"AST SpaceMobile Falls 4%, Rocket Lab Holds Steady: Is the Falcon 9 Wind-Down Really Hitting Space Stocks?",24/7 Wall St.,2026-08-26,0.0,RKLB vs. PL: Which Space Stock Has the Stronger Investment Case?,Zacks,2026-08-26,0.382,,,,,,,,,,
PL,Planet Labs,Defence,space,NYSE,21.16,-1.98%,-6.45%,+0.76%,+3.67%,+204%,7.542,2.123,,11.0,3956513,20690513,122396513,,9.41,none,,-1.98,98.02,-1.98,980.2,-19.8,9802.0,-198.0,-6.45,93.55,-6.45,935.5,-64.5,9355.0,-645.0,0.76,100.76,0.76,1007.6,7.6,10076.0,76.0,3.67,103.67,3.67,1036.7,36.7,10367.0,367.0,204.0,304.0,204.0,3040.0,2040.0,30400.0,20400.0,RKLB vs. PL: Which Space Stock Has the Stronger Investment Case?,Zacks,2026-08-26,0.382,Rocket Lab Stock's Twelve-Month Gain Hides A Long Slide From Its High,Trefis,2026-08-21,0.402,Bet on These Space ETFs as Ukraine Dominates Russia in Orbital War,Zacks,2026-08-21,-0.572,,,,,,,,,,
ASTS,AST SpaceMobile,Defence,space,NASDAQ,59.88,-3.57%,-9.86%,+2.73%,-28.26%,+29%,23.304,2.745,,18.57,7229273,47871973,260897573,,19.23,hold,2.69,-3.57,96.43,-3.57,964.3,-35.7,9643.0,-357.0,-9.86,90.14,-9.86,901.4,-98.6,9014.0,-986.0,2.73,102.73,2.73,1027.3,27.3,10273.0,273.0,-28.26,71.74,-28.26,717.4,-282.6,7174.0,-2826.0,29.0,129.0,29.0,1290.0,290.0,12900.0,2900.0,"AST SpaceMobile Falls 4%, Rocket Lab Holds Steady: Is the Falcon 9 Wind-Down Really Hitting Space Stocks?",24/7 Wall St.,2026-08-26,0.0,Is ASTS Worth Buying as Growth Collides With a Premium Valuation?,Zacks,2026-08-26,0.34,ASTS Falls 47.5% in 3 Months as Execution Risks Stay Elevated,Zacks,2026-08-26,-0.273,,,,,,,,,,
TDG,TransDigm Group,Defence,weapons,NYSE,1207.06,+1.21%,-1.30%,-6.16%,-11.15%,-15%,67.515,0.906,36.67,0.4,432917,2271517,10271517,,2.02,buy,1.95,1.21,101.21,1.21,1012.1,12.1,10121.0,121.0,-1.3,98.7,-1.3,987.0,-13.0,9870.0,-130.0,-6.16,93.84,-6.16,938.4,-61.6,9384.0,-616.0,-11.15,88.85,-11.15,888.5,-111.5,8885.0,-1115.0,-15.0,85.0,-15.0,850.0,-150.0,8500.0,-1500.0,"HEICO Q3 Earnings Top Estimates, Sales Increase Year Over Year",Zacks,2026-08-26,0.477,"TransDigm Group (TDG) Is Back In Focus, What Is Catching Investors' Attention?",Simply Wall St.,2026-08-26,0.0,"If Boeing Ramps Up Production, These Suppliers May Win Big",MarketBeat,2026-08-24,0.586,,,,,,,,,,
HEI,HEICO Corporation,Defence,weapons,NYSE,346.15,-3.71%,-4.75%,-3.08%,+5.19%,+11%,48.371,1.053,57.69,0.51,1370992,3435292,10811192,7.0,1.44,buy,1.86,-3.71,96.29,-3.71,962.9,-37.1,9629.0,-371.0,-4.75,95.25,-4.75,952.5,-47.5,9525.0,-475.0,-3.08,96.92,-3.08,969.2,-30.8,9692.0,-308.0,5.19,105.19,5.19,1051.9,51.9,10519.0,519.0,11.0,111.0,11.0,1110.0,110.0,11100.0,1100.0,Is HEICO (HEI) Still Trading At A Discount After Its Latest Earnings?,Simply Wall St.,2026-08-26,0.0,Heico Corp (HEI) (Q3 2026) Earnings Call Highlights: Record Sales and Net Income Surge 33%,GuruFocus.com,2026-08-26,0.0,Does HEICO (HEI) Justify Trading At A Premium To Fair Value?,Simply Wall St.,2026-08-26,0.572,,,,,,,,,,
AXON,Axon Enterprise,Defence,weapons,NASDAQ,607.48,-0.26%,-5.92%,+15.60%,+7.81%,-20%,49.349,1.397,254.18,1.04,415057,3065857,20918057,,5.05,buy,1.71,-0.26,99.74,-0.26,997.4,-2.6,9974.0,-26.0,-5.92,94.08,-5.92,940.8,-59.2,9408.0,-592.0,15.6,115.6,15.6,1156.0,156.0,11560.0,1560.0,7.81,107.81,7.81,1078.1,78.1,10781.0,781.0,-20.0,80.0,-20.0,800.0,-200.0,8000.0,-2000.0,Axon Enterprise vs. Booking Holdings: Evaluating Absolute Scale and Sequential Volatility in Quarterly Revenue Trends,Motley Fool,2026-08-26,0.0,Axon Enterprise CPO Jeffrey Kunins Sells $6 Million in Stock: Should Investors Sell Too?,Motley Fool,2026-08-26,0.0,Dow Jones AI Giant Nvidia Tests Key Support Level As Pivotal Earnings Report Looms,Investor's Business Daily,2026-08-25,0.273,6,buy,0.5,"1M momentum strong at +16.70%, YTD +8.84%; analyst score 1.71 (buy) supports the AI-driven public safety narrative, despite high P/E of 250. Positive news sentiment 0.143.",+16.70% 1M momentum; buy analyst consensus; +8.84% YTD,,,,,
OLN,Olin Corporation,Defence,weapons,NYSE,17.52,+0.46%,-6.36%,-19.93%,-17.47%,-25%,1.997,1.203,,3.15,2933203,14364003,74044203,461.0,11.29,hold,3.0,0.46,100.46,0.46,1004.6,4.6,10046.0,46.0,-6.36,93.64,-6.36,936.4,-63.6,9364.0,-636.0,-19.93,80.07,-19.93,800.7,-199.3,8007.0,-1993.0,-17.47,82.53,-17.47,825.3,-174.7,8253.0,-1747.0,-25.0,75.0,-25.0,750.0,-250.0,7500.0,-2500.0,OLN-HUN's All-Stock Merger of Equals Approved by Shareholders,Zacks,2026-08-26,0.421,"AVNT Q2 Earnings Top Estimates on Organic Growth, Guidance Up",Zacks,2026-08-13,0.527,"TROX Q2 Earnings Miss Estimates on Higher Costs, Sales Beat",Zacks,2026-08-12,-0.153,,,,,,,,,,
MRCY,Mercury Systems,Defence,weapons,NASDAQ,89.76,+0.17%,-11.35%,-13.53%,+18.06%,+29%,5.398,0.998,,0.78,587458,5362358,17616058,,9.6,buy,2.0,0.17,100.17,0.17,1001.7,1.7,10017.0,17.0,-11.35,88.65,-11.35,886.5,-113.5,8865.0,-1135.0,-13.53,86.47,-13.53,864.7,-135.3,8647.0,-1353.0,18.06,118.06,18.06,1180.6,180.6,11806.0,1806.0,29.0,129.0,29.0,1290.0,290.0,12900.0,2900.0,Mercury Systems (MRCY) Q4 2026 Earnings Call Transcript,Motley Fool,2026-08-25,0.0,The 5 Most Interesting Analyst Questions From Mercury Systems’s Q2 Earnings Call,StockStory,2026-08-25,0.458,Mercury Systems (MRCY) Booked $660 Million. Why Did its Shares Fall More than 10% After Hours?,Insider Monkey,2026-08-22,0.296,,,,,,,,,,
DRS,Leonardo DRS,Defence,weapons,NYSE,38.6,-1.00%,-9.30%,-20.17%,+11.65%,-9%,10.302,0.179,32.44,0.98,1715366,4884866,19524766,94.0,1.18,none,,-1.0,99.0,-1.0,990.0,-10.0,9900.0,-100.0,-9.3,90.7,-9.3,907.0,-93.0,9070.0,-930.0,-20.17,79.83,-20.17,798.3,-201.7,7983.0,-2017.0,11.65,111.65,11.65,1116.5,116.5,11165.0,1165.0,-9.0,91.0,-9.0,910.0,-90.0,9100.0,-900.0,Leonardo DRS (DRS) Stock Looks Fully Valued Even After Recent Weakness,Simply Wall St.,2026-08-26,0.101,Leonardo DRS (DRS) Lands UAE Security Tie As Drone Defense Test Clears Hurdle,Simply Wall St.,2026-08-25,0.494,"Down 19.5% in 4 Weeks, Here's Why Leonardo DRS, Inc. (DRS) Looks Ripe for a Turnaround",Zacks,2026-08-25,0.0,,,,,,,,,,
XOM,ExxonMobil,Energy,oil-majors,NYSE,158.19,-1.13%,-3.99%,+2.87%,+31.56%,+42%,650.463,0.173,20.36,15.84,14144765,70629865,328151065,256.0,1.0,buy,2.32,-1.13,98.87,-1.13,988.7,-11.3,9887.0,-113.0,-3.99,96.01,-3.99,960.1,-39.9,9601.0,-399.0,2.87,102.87,2.87,1028.7,28.7,10287.0,287.0,31.56,131.56,31.56,1315.6,315.6,13156.0,3156.0,42.0,142.0,42.0,1420.0,420.0,14200.0,4200.0,Exxon Slips Below $159 as Hormuz Hope Hits Crude Again,GuruFocus.com,2026-08-26,-0.202,ExxonMobil Stock's Biggest Risk Is The Shortage Ending,Trefis,2026-08-26,-0.477,Can ExxonMobil's Permian Growth Keep Driving Upstream Momentum?,Zacks,2026-08-26,0.382,,,,,,,,,,
CVX,Chevron,Energy,oil-majors,NYSE,200.21,+0.26%,-2.70%,+6.29%,+32.01%,+26%,392.733,0.488,19.27,8.55,6856153,36446553,183120353,356.0,0.81,buy,1.72,0.26,100.26,0.26,1002.6,2.6,10026.0,26.0,-2.7,97.3,-2.7,973.0,-27.0,9730.0,-270.0,6.29,106.29,6.29,1062.9,62.9,10629.0,629.0,32.01,132.01,32.01,1320.1,320.1,13201.0,3201.0,26.0,126.0,26.0,1260.0,260.0,12600.0,2600.0,AI's next big bottleneck isn't infrastructure. It's regulatory red tape.,Yahoo Finance Video,2026-08-26,0.0,ExxonMobil Stock's Biggest Risk Is The Shortage Ending,Trefis,2026-08-26,-0.477,Big Oil Is Betting Billions On Nuclear Fusion,Oilprice.com,2026-08-26,0.0,7,buy,0.7,"CVX is up +32% YTD with a P/E of 19.5 and a 3.5% dividend yield, near record highs with a strong Q2 beat and a 20-year Microsoft PPA.",+32% YTD; dividend 3.5%; Q2 earnings beat; Microsoft PPA,,,,,
SHEL,Shell,Energy,oil-majors,NYSE,91.11,-0.49%,-1.79%,+6.41%,+24.08%,+25%,250.854,-0.218,10.08,6.39,7935825,27622431,140741790,339.0,1.57,buy,2.25,-0.49,99.51,-0.49,995.1,-4.9,9951.0,-49.0,-1.79,98.21,-1.79,982.1,-17.9,9821.0,-179.0,6.41,106.41,6.41,1064.1,64.1,10641.0,641.0,24.08,124.08,24.08,1240.8,240.8,12408.0,2408.0,25.0,125.0,25.0,1250.0,250.0,12500.0,2500.0,Shell Slips as Hormuz Hope Removes Oil's War Premium,GuruFocus.com,2026-08-26,-0.25,"Apollo Global Management (APO), Why Is It Getting Fresh Attention Now?",Simply Wall St.,2026-08-26,0.318,Shell (LSE:SHEL) Could Be 5% Undervalued As Chemicals Sale Interest Builds,Simply Wall St.,2026-08-26,0.459,9,buy,0.65,"SHEL is up +26% YTD with a low P/E of 10.3 and a 3.4% dividend yield, supported by its LNG scale and capital return plans.",+26% YTD; P/E 10.3; dividend 3.4%; LNG scale,,,,,
BP,BP p.l.c.,Energy,oil-majors,NYSE,42.5,-0.89%,-2.81%,+1.68%,+23.02%,+23%,109.452,-0.212,20.33,8.93,11500752,45850552,195915452,471.0,0.28,buy,2.37,-0.89,99.11,-0.89,991.1,-8.9,9911.0,-89.0,-2.81,97.19,-2.81,971.9,-28.1,9719.0,-281.0,1.68,101.68,1.68,1016.8,16.8,10168.0,168.0,23.02,123.02,23.02,1230.2,230.2,12302.0,2302.0,23.0,123.0,23.0,1230.0,230.0,12300.0,2300.0,Meta joins a list of corporations that have settled cases for billions of dollars,Associated Press,2026-08-26,0.0,Eni Announces $8.5B Investment Plan to Boost E&P Activities in Egypt,Zacks,2026-08-26,0.402,Halliburton Wins BP Contract for Bumerangue Field Appraisal,Zacks,2026-08-26,0.572,,,,,,,,,,
TTE,TotalEnergies,Energy,oil-majors,NYSE,87.13,-2.21%,-3.26%,+3.53%,+32.41%,+43%,192.79,0.062,10.9,1.6,1503363,8192963,30585163,477.0,0.19,none,,-2.21,97.79,-2.21,977.9,-22.1,9779.0,-221.0,-3.26,96.74,-3.26,967.4,-32.6,9674.0,-326.0,3.53,103.53,3.53,1035.3,35.3,10353.0,353.0,32.41,132.41,32.41,1324.1,324.1,13241.0,3241.0,43.0,143.0,43.0,1430.0,430.0,14300.0,4300.0,"Equinor starts production at Troll phase three, stage two in North Sea",Offshore Technology,2026-08-26,0.0,Equinor Eyes Major Oil Discovery Offshore Namibia,Oilprice.com,2026-08-25,0.0,"Zacks Market Edge Highlights:  ExxonMobil, TotalEnergies, Chevron",Zacks,2026-08-25,0.0,8,buy,0.7,"TTE has gained +35% YTD with a low P/E of 11.2 and a high 4.7% dividend yield, benefiting from integrated operations and LNG exposure.",+35% YTD; P/E 11.2; dividend 4.7%; LNG exposure,,,,,
EQNR,Equinor,Energy,oil-majors,NYSE,41.31,-0.02%,-1.71%,+8.40%,+73.93%,+67%,98.067,-0.73,11.2,3.58,2693384,14015184,68001384,379.0,2.82,hold,3.33,-0.02,99.98,-0.02,999.8,-0.2,9998.0,-2.0,-1.71,98.29,-1.71,982.9,-17.1,9829.0,-171.0,8.4,108.4,8.4,1084.0,84.0,10840.0,840.0,73.93,173.93,73.93,1739.3,739.3,17393.0,7393.0,67.0,167.0,67.0,1670.0,670.0,16700.0,6700.0,Equinor Targets 27% International Production Growth by 2030,Oilprice.com,2026-08-26,0.382,Electrifying offshore: what is slowing rig electrification?,Mining Technology,2026-08-26,-0.128,"Equinor starts production at Troll phase three, stage two in North Sea",Offshore Technology,2026-08-26,0.0,6,buy,0.75,"EQNR has soared +74% YTD with a low P/E of 11.5 and a 3.7% dividend yield, supported by strong LNG demand and a major Namibia discovery.",+74% YTD; P/E 11.5; dividend 3.7%; Namibia discovery,,,,,
COP,ConocoPhillips,Energy,ep-refining,NYSE,130.61,-0.37%,+0.02%,+13.76%,+38.04%,+35%,156.906,0.123,17.3,7.19,5819009,36055909,159679709,255.0,1.41,buy,1.64,-0.37,99.63,-0.37,996.3,-3.7,9963.0,-37.0,0.02,100.02,0.02,1000.2,0.2,10002.0,2.0,13.76,113.76,13.76,1137.6,137.6,11376.0,1376.0,38.04,138.04,38.04,1380.4,380.4,13804.0,3804.0,35.0,135.0,35.0,1350.0,350.0,13500.0,3500.0,ExxonMobil Stock's Biggest Risk Is The Shortage Ending,Trefis,2026-08-26,-0.477,"Equinor starts production at Troll phase three, stage two in North Sea",Offshore Technology,2026-08-26,0.0,Morgan Stanley Sees a New High for ConocoPhillips (COP). Should Investors Buy?,Insider Monkey,2026-08-26,0.0,3,strong_buy,0.8,"COP is up +39% YTD with strong 1M momentum (+14.8%), a low P/E of 17.6, and a favorable analyst score of 1.64; Morgan Stanley sees a new high.",+39% YTD; +14.8% 1M; analyst score 1.64; Morgan Stanley bullish,,,,,
OXY,Occidental Petroleum,Energy,ep-refining,NYSE,58.62,+0.55%,-2.45%,+6.72%,+39.62%,+25%,58.599,0.16,17.29,9.28,6200554,35366054,187168354,192.0,0.01,buy,2.33,0.55,100.55,0.55,1005.5,5.5,10055.0,55.0,-2.45,97.55,-2.45,975.5,-24.5,9755.0,-245.0,6.72,106.72,6.72,1067.2,67.2,10672.0,672.0,39.62,139.62,39.62,1396.2,396.2,13962.0,3962.0,25.0,125.0,25.0,1250.0,250.0,12500.0,2500.0,ExxonMobil Stock's Biggest Risk Is The Shortage Ending,Trefis,2026-08-26,-0.477,"Which Oil and Gas Stock Has Dominated in 2026: ConocoPhillips, EOG Resources, or Occidental Petroleum?",24/7 Wall St.,2026-08-24,0.0,Berkshire Hathaway (BRK.A) Holds Firm As A Top Portfolio Stake Lifts Its Dividend,Simply Wall St.,2026-08-22,0.202,5,buy,0.75,"OXY is up +39% YTD with a P/E of 17.8 and near-zero short interest (0.01%), driven by Iran sanctions tailwinds and carbon capture ambitions.",+39% YTD; short interest 0.01%; Iran sanctions tailwind; carbon capture,,,,,
EOG,EOG Resources,Energy,ep-refining,NYSE,144.84,-1.00%,-3.10%,+3.23%,+38.39%,+19%,77.145,0.278,11.27,3.41,2826496,12863896,64781496,278.0,3.11,buy,2.23,-1.0,99.0,-1.0,990.0,-10.0,9900.0,-100.0,-3.1,96.9,-3.1,969.0,-31.0,9690.0,-310.0,3.23,103.23,3.23,1032.3,32.3,10323.0,323.0,38.39,138.39,38.39,1383.9,383.9,13839.0,3839.0,19.0,119.0,19.0,1190.0,190.0,11900.0,1900.0,"Which Oil and Gas Stock Has Dominated in 2026: ConocoPhillips, EOG Resources, or Occidental Petroleum?",24/7 Wall St.,2026-08-24,0.0,EOG Stock Is Up 14.8% in 3 Months: Can Its Strong Rally Keep Going?,Zacks,2026-08-24,0.511,EOG Resources (EOG) Stock Still Looks A Bargain On Earnings Yet Fully Priced On Returns,Simply Wall St.,2026-08-22,0.202,4,strong_buy,0.8,"EOG has gained +40% YTD with a low P/E of 11.7 and positive news sentiment (0.333), benefiting from tight U.S. onshore economics.",+40% YTD; P/E 11.7; news sentiment 0.333; U.S. shale exposure,,,,,
MPC,Marathon Petroleum,Energy,ep-refining,NYSE,362.27,+2.77%,+0.42%,+16.30%,+121.92%,+99%,105.76,0.508,12.56,2.37,2089238,11592338,54836238,113.0,2.7,buy,2.26,2.77,102.77,2.77,1027.7,27.7,10277.0,277.0,0.42,100.42,0.42,1004.2,4.2,10042.0,42.0,16.3,116.3,16.3,1163.0,163.0,11630.0,1630.0,121.92,221.92,121.92,2219.2,1219.2,22192.0,12192.0,99.0,199.0,99.0,1990.0,990.0,19900.0,9900.0,ExxonMobil Stock's Biggest Risk Is The Shortage Ending,Trefis,2026-08-26,-0.477,Wall Street Analysts See Marathon Petroleum (MPC) as a Buy: Should You Invest?,Zacks,2026-08-26,0.0,Will Valero's Excess Cash Translate Into Higher Shareholder Returns?,Zacks,2026-08-26,0.0,1,strong_buy,0.85,"MPC leads the universe with a +117% YTD return, P/E of 12.6, and strong refining margins; Barron's sees more upside as crack spreads remain elevated.",+117% YTD; P/E 12.6; refining margin tailwind; Barron's bullish,,,,,
VLO,Valero Energy,Energy,ep-refining,NYSE,348.03,+2.59%,+0.51%,+14.58%,+113.65%,+126%,100.208,0.554,14.53,2.86,2155397,10091597,57149197,141.0,3.89,buy,2.35,2.59,102.59,2.59,1025.9,25.9,10259.0,259.0,0.51,100.51,0.51,1005.1,5.1,10051.0,51.0,14.58,114.58,14.58,1145.8,145.8,11458.0,1458.0,113.65,213.65,113.65,2136.5,1136.5,21365.0,11365.0,126.0,226.0,126.0,2260.0,1260.0,22600.0,12600.0,"3 Growth Stocks to Buy as Treasury Yields Fall: MU, STX & VLO",Zacks,2026-08-26,0.527,ExxonMobil Stock's Biggest Risk Is The Shortage Ending,Trefis,2026-08-26,-0.477,Eni Announces $8.5B Investment Plan to Boost E&P Activities in Egypt,Zacks,2026-08-26,0.402,2,strong_buy,0.85,"VLO has surged +109% YTD with a P/E of 14.4 and the highest news sentiment (0.484) in the universe, supported by robust refining margins.",+109% YTD; P/E 14.4; news sentiment 0.484; refining margin tailwind,,,,,
SLB,SLB (Schlumberger),Energy,oilfield-services,NYSE,53.6,+1.04%,+0.09%,+4.02%,+34.82%,+48%,79.55,0.749,26.15,13.6,7925110,48552410,236382710,221.0,4.28,buy,1.6,1.04,101.04,1.04,1010.4,10.4,10104.0,104.0,0.09,100.09,0.09,1000.9,0.9,10009.0,9.0,4.02,104.02,4.02,1040.2,40.2,10402.0,402.0,34.82,134.82,34.82,1348.2,348.2,13482.0,3482.0,48.0,148.0,48.0,1480.0,480.0,14800.0,4800.0,Sector Update: Energy Stocks Decline Premarket Wednesday,MT Newswires,2026-08-26,0.273,An Oil Catastrophe Was Averted in 2026. What If It Comes in 2027?,Barrons.com,2026-08-26,-0.691,SLB (SLB) Stock Falls Amid Market Uptick: What Investors Need to Know,Zacks,2026-08-25,0.0,,,,,,,,,,
HAL,Halliburton,Energy,oilfield-services,NYSE,34.44,+2.81%,-1.66%,+7.19%,+17.41%,+52%,28.77,0.753,18.03,11.86,12064396,59980196,242778796,201.0,5.04,buy,1.75,2.81,102.81,2.81,1028.1,28.1,10281.0,281.0,-1.66,98.34,-1.66,983.4,-16.6,9834.0,-166.0,7.19,107.19,7.19,1071.9,71.9,10719.0,719.0,17.41,117.41,17.41,1174.1,174.1,11741.0,1741.0,52.0,152.0,52.0,1520.0,520.0,15200.0,5200.0,Halliburton (HAL) Rises As Market Takes a Dip: Key Facts,Zacks,2026-08-26,0.0,Halliburton Wins BP Contract for Bumerangue Field Appraisal,Zacks,2026-08-26,0.572,Halliburton wins integrated contract from bp for Bumerangue field,Offshore Technology,2026-08-26,0.572,10,buy,0.6,"HAL is up +15% YTD with a P/E of 18.1 and positive news sentiment (0.241), benefiting from strong oilfield services demand as drilling activity rises.",+15% YTD; P/E 18.1; news sentiment 0.241; oilfield services demand,,,,,
BKR,Baker Hughes,Energy,oilfield-services,NASDAQ,62.0,-0.61%,-3.85%,+2.70%,+32.95%,+38%,61.546,0.959,19.94,8.4,5232181,27211881,172009881,149.0,2.74,buy,1.71,-0.61,99.39,-0.61,993.9,-6.1,9939.0,-61.0,-3.85,96.15,-3.85,961.5,-38.5,9615.0,-385.0,2.7,102.7,2.7,1027.0,27.0,10270.0,270.0,32.95,132.95,32.95,1329.5,329.5,13295.0,3295.0,38.0,138.0,38.0,1380.0,380.0,13800.0,3800.0,Q2 Earnings Highs And Lows: Baker Hughes (NASDAQ:BKR) Vs The Rest Of The Oilfield Services Stocks,StockStory,2026-08-26,-0.202,Why Baker Hughes (BKR) Could be a Key Winner From the AI Boom,Insider Monkey,2026-08-26,0.586,Why Is Baker Hughes (BKR) Up 2.3% Since Last Earnings Report?,Zacks,2026-08-25,0.0,,,,,,,,,,
NEE,NextEra Energy,Energy,utilities,NYSE,84.22,-0.15%,-1.97%,-5.19%,+5.54%,+14%,175.65,0.653,18.93,11.34,5682590,48154490,245657190,296.0,,buy,2.0,-0.15,99.85,-0.15,998.5,-1.5,9985.0,-15.0,-1.97,98.03,-1.97,980.3,-19.7,9803.0,-197.0,-5.19,94.81,-5.19,948.1,-51.9,9481.0,-519.0,5.54,105.54,5.54,1055.4,55.4,10554.0,554.0,14.0,114.0,14.0,1140.0,140.0,11400.0,1400.0,NextEra Outperforms Industry in a Year: Should You Buy the Stock?,Zacks,2026-08-26,0.0,"OKLO's Aurora Reactor: New Design, Proven Nuclear Principles",Zacks,2026-08-26,0.0,2 Dividend Stocks Compounding Quietly While Oil Headlines Distract Everyone,Motley Fool,2026-08-25,-0.296,,,,,,,,,,
SSE.L,SSE plc,Energy,utilities,LSE,32.84,+0.29%,+1.43%,+1.64%,+8.31%,+35%,0.396,0.576,22.79,3.36,40,8025803,54028206,285.0,,none,,0.29,100.29,0.29,1002.9,2.9,10029.0,29.0,1.43,101.43,1.43,1014.3,14.3,10143.0,143.0,1.64,101.64,1.64,1016.4,16.4,10164.0,164.0,8.31,108.31,8.31,1083.1,83.1,10831.0,831.0,35.0,135.0,35.0,1350.0,350.0,13500.0,3500.0,UK PM Burnham uses policy blitz to buy time for tougher decisions,Investing.com,2026-08-01,0.178,SSE (LSE:SSE) Stock Fair Value Edges Lower After Mixed Analyst Target Changes,Simply Wall St.,2026-06-24,0.361,"UK, Japan to deepen ties with £18 billion investment agreement",Investing.com,2026-06-14,0.494,,,,,,,,,,
ENPH,Enphase Energy,Energy,clean-energy,NASDAQ,38.42,+3.10%,-2.43%,+1.07%,+13.82%,-1%,5.064,1.651,38.03,5.73,4138013,18929313,104834313,,19.63,buy,2.47,3.1,103.1,3.1,1031.0,31.0,10310.0,310.0,-2.43,97.57,-2.43,975.7,-24.3,9757.0,-243.0,1.07,101.07,1.07,1010.7,10.7,10107.0,107.0,13.82,113.82,13.82,1138.2,138.2,11382.0,1382.0,-1.0,99.0,-1.0,990.0,-10.0,9900.0,-100.0,SolarEdge Stock Jumps After Upgrade. Why This Analyst Sees a 41% Gain.,Barrons.com,2026-08-26,0.527,SolarEdge Jumps 8% as UBS Sees 40% Upside From New Inverter Import Curbs; Enphase and First Solar Drift Down,24/7 Wall St.,2026-08-26,0.0,1 Industrials Stock with Exciting Potential and 2 We Find Risky,StockStory,2026-08-21,0.34,,,,,,,,,,
FSLR,First Solar,Energy,clean-energy,NASDAQ,205.93,-0.85%,-7.41%,+0.05%,-24.94%,+8%,22.131,1.746,12.7,2.37,1461978,7718578,58004778,,11.86,buy,1.97,-0.85,99.15,-0.85,991.5,-8.5,9915.0,-85.0,-7.41,92.59,-7.41,925.9,-74.1,9259.0,-741.0,0.05,100.05,0.05,1000.5,0.5,10005.0,5.0,-24.94,75.06,-24.94,750.6,-249.4,7506.0,-2494.0,8.0,108.0,8.0,1080.0,80.0,10800.0,800.0,SolarEdge Stock Jumps After Upgrade. Why This Analyst Sees a 41% Gain.,Barrons.com,2026-08-26,0.527,SolarEdge Jumps 8% as UBS Sees 40% Upside From New Inverter Import Curbs; Enphase and First Solar Drift Down,24/7 Wall St.,2026-08-26,0.0,2 Industrials Stocks on Our Buy List and 1 We Ignore,StockStory,2026-08-26,-0.361,,,,,,,,,,
BEPC,Brookfield Renewable Corp,Energy,clean-energy,NYSE,33.05,-1.02%,-2.97%,+1.38%,-15.57%,-2%,6.135,1.166,,1.67,1140184,6444884,41969784,470.0,,hold,3.17,-1.02,98.98,-1.02,989.8,-10.2,9898.0,-102.0,-2.97,97.03,-2.97,970.3,-29.7,9703.0,-297.0,1.38,101.38,1.38,1013.8,13.8,10138.0,138.0,-15.57,84.43,-15.57,844.3,-155.7,8443.0,-1557.0,-2.0,98.0,-2.0,980.0,-20.0,9800.0,-200.0,2 Dividend Stocks Compounding Quietly While Oil Headlines Distract Everyone,Motley Fool,2026-08-25,-0.296,Why I'm Not Chasing NuScale -- Here's What I'm Buying Instead,Motley Fool,2026-08-11,0.0,Why Cameco's Ugly Earnings Miss Might Be Good News in Disguise,Motley Fool,2026-08-08,-0.459,,,,,,,,,,
DNNGY,Ørsted,Energy,clean-energy,NASDAQ,7.27,+0.83%,+5.36%,-2.02%,+9.08%,-27%,28.813,0.629,,0.11,800,411100,2156700,,,strong_buy,1.0,0.83,100.83,0.83,1008.3,8.3,10083.0,83.0,5.36,105.36,5.36,1053.6,53.6,10536.0,536.0,-2.02,97.98,-2.02,979.8,-20.2,9798.0,-202.0,9.08,109.08,9.08,1090.8,90.8,10908.0,908.0,-27.0,73.0,-27.0,730.0,-270.0,7300.0,-2700.0,Ørsted plans 2GW Dadu 2 offshore wind project in Taiwan,Energy Monitor,2026-08-20,0.0,Arenko’s software to operate Europe’s first battery co-located with offshore wind,Energy Global,2026-08-18,0.0,Orsted AS (DNNGY) (Q2 2026) Earnings Call Highlights: Strong H1 EBITDA and Strategic Progress ...,GuruFocus.com,2026-08-17,0.727,,,,,,,,,,
AAPL,Apple,MegaCap,big-tech,NASDAQ,313,+1.33%,-1.07%,-6.88%,+15.97%,+34%,4574.546,1.086,35.99,55.95,33571543,181950943,1154505943,35.0,0.8,buy,2.18,1.33,101.33,1.33,1013.3,13.3,10133.0,133.0,-1.07,98.93,-1.07,989.3,-10.7,9893.0,-107.0,-6.88,93.12,-6.88,931.2,-68.8,9312.0,-688.0,15.97,115.97,15.97,1159.7,159.7,11597.0,1597.0,34.0,134.0,34.0,1340.0,340.0,13400.0,3400.0,"Nvidia, Meta, Revolution Medicines, Abercrombie, Intuit, Salesforce, Moderna, and More Stocks That Explain Today’s Market",Barrons.com,2026-08-26,0.0,Apple Is One of the Most Profitable Businesses in the World. Here's Why the Stock Will Be Worth $366 a Share in 1 Year.,Motley Fool,2026-08-26,0.743,Warren Buffett “Blew It” on Alphabet (GOOGL) And Made It Berkshire’s Third-Biggest Bet,Insider Monkey,2026-08-26,0.0,,,,,,,,,,
MSFT,Microsoft,MegaCap,big-tech,NASDAQ,496,+1.37%,+2.68%,+27.81%,+5.62%,-3%,3685.818,1.099,27.65,39.37,19997284,99278684,789811584,74.0,0.92,strong_buy,1.36,1.37,101.37,1.37,1013.7,13.7,10137.0,137.0,2.68,102.68,2.68,1026.8,26.8,10268.0,268.0,27.81,127.81,27.81,1278.1,278.1,12781.0,2781.0,5.62,105.62,5.62,1056.2,56.2,10562.0,562.0,-3.0,97.0,-3.0,970.0,-30.0,9700.0,-300.0,Stocks in holding pattern ahead of Nvidia earnings: AlphaCheck,Yahoo Finance,2026-08-26,0.0,Nvidia earnings could reveal its fastest-growing business isn't chips: Chart of the Day,Yahoo Finance,2026-08-26,0.0,OpenAI Is the Sole Investor in Its Latest Venture Fund,The Wall Street Journal,2026-08-26,0.0,2,strong_buy,0.9,"MSFT ripped +26.61% in the past month to $492, with Azure crossing $100B annual revenue and Copilot at 30M paid seats; consensus price target of $569 implies 17% upside, supported by 54 buy ratings and zero sells.",+26.61% 1M; Azure $100B revenue; consensus PT $569; 54 buy/0 sell ratings,,,,,
NVDA,NVIDIA,MegaCap,big-tech,NASDAQ,210,-1.86%,-3.63%,+6.69%,+11.15%,+17%,5078.175,2.215,32.06,139.07,145070184,593892784,2734192084,47.0,1.23,strong_buy,1.28,-1.86,98.14,-1.86,981.4,-18.6,9814.0,-186.0,-3.63,96.37,-3.63,963.7,-36.3,9637.0,-363.0,6.69,106.69,6.69,1066.9,66.9,10669.0,669.0,11.15,111.15,11.15,1111.5,111.5,11115.0,1115.0,17.0,117.0,17.0,1170.0,170.0,11700.0,1700.0,Why Nvidia says its AI partnerships aren't 'circular financing',Yahoo Finance Video,2026-08-26,0.0,Tech stocks today: Meta agrees to settle social media case for $16.68 billion; Nvidia tops Q2 expectations,Yahoo Finance,2026-08-24,0.625,Nvidia reports impressive Q2 earnings as AI boom rolls on,Yahoo Finance Video,2026-08-26,0.511,,,,,,,,,,
GOOGL,Alphabet,MegaCap,big-tech,NASDAQ,342,-1.24%,-0.79%,+4.73%,+8.66%,+67%,4182.638,1.237,17.17,31.94,20094343,106502443,601084843,25.0,1.24,strong_buy,1.36,-1.24,98.76,-1.24,987.6,-12.4,9876.0,-124.0,-0.79,99.21,-0.79,992.1,-7.9,9921.0,-79.0,4.73,104.73,4.73,1047.3,47.3,10473.0,473.0,8.66,108.66,8.66,1086.6,86.6,10866.0,866.0,67.0,167.0,67.0,1670.0,670.0,16700.0,6700.0,"Nvidia tops Q2 expectations on revenue of $96.2 billion, offers strong Q3 outlook",Yahoo Finance,2026-08-23,0.765,Nvidia reports impressive Q2 earnings as AI boom rolls on,Yahoo Finance Video,2026-08-26,0.511,Is Meta a buy after its $16.68 billion social media case settlement?,Yahoo Finance Video,2026-08-26,0.0,,,,,,,,,,
META,Meta Platforms,MegaCap,big-tech,NASDAQ,576,+1.48%,+5.51%,-2.99%,-11.26%,-24%,1467.72,1.243,21.69,18.45,31187505,81667405,401147905,37.0,1.27,strong_buy,1.35,1.48,101.48,1.48,1014.8,14.8,10148.0,148.0,5.51,105.51,5.51,1055.1,55.1,10551.0,551.0,-2.99,97.01,-2.99,970.1,-29.9,9701.0,-299.0,-11.26,88.74,-11.26,887.4,-112.6,8874.0,-1126.0,-24.0,76.0,-24.0,760.0,-240.0,7600.0,-2400.0,Tech stocks today: Meta agrees to settle social media case for $16.68 billion; Nvidia tops Q2 expectations,Yahoo Finance,2026-08-24,0.625,Is Meta a buy after its $16.68 billion social media case settlement?,Yahoo Finance Video,2026-08-26,0.0,"Meta settles social media trial, agreeing to pay up to $16.7B: Reuters",Yahoo Finance Video,2026-08-26,0.25,,,,,,,,,,
AMZN,Amazon,MegaCap,big-tech,NASDAQ,260,-0.10%,-2.09%,+12.49%,+14.91%,+14%,2807.462,1.454,20.94,49.53,20669810,138387610,1033814010,,0.97,strong_buy,1.32,-0.1,99.9,-0.1,999.0,-1.0,9990.0,-10.0,-2.09,97.91,-2.09,979.1,-20.9,9791.0,-209.0,12.49,112.49,12.49,1124.9,124.9,11249.0,1249.0,14.91,114.91,14.91,1149.1,149.1,11491.0,1491.0,14.0,114.0,14.0,1140.0,140.0,11400.0,1400.0,Nvidia reports impressive Q2 earnings as AI boom rolls on,Yahoo Finance Video,2026-08-26,0.511,Amazon just tripled its order of Nvidia chips over ‘surging demand’,TechCrunch,2026-08-26,0.178,Autonomous Trucks Are Here: Einride’s 27% Revenue Jump,FreightWaves,2026-08-26,0.0,5,strong_buy,0.8,"AMZN is up +15.26% YTD and +12.82% in the past month, with a P/E of 21.02 and strong_buy analyst consensus; the stock benefits from AI infrastructure spending and cloud growth tailwinds.",+15.26% YTD; +12.82% 1M; P/E 21.02; strong_buy consensus,,,,,
TSLA,Tesla,MegaCap,big-tech,NASDAQ,346,-1.39%,-1.51%,+11.84%,-21.06%,+0%,1365.832,1.827,317.27,41.76,28245570,187243170,798985870,,1.96,buy,2.35,-1.39,98.61,-1.39,986.1,-13.9,9861.0,-139.0,-1.51,98.49,-1.51,984.9,-15.1,9849.0,-151.0,11.84,111.84,11.84,1118.4,118.4,11184.0,1184.0,-21.06,78.94,-21.06,789.4,-210.6,7894.0,-2106.0,0.0,100.0,0.0,1000.0,0.0,10000.0,0.0,Tesla quietly kills a product homeowners once paid a premium for,TheStreet,2026-08-27,-0.542,Elon Musk Grok Bot Promise: We Will Make You Whole if AI Loses Your Money,BeInCrypto,2026-08-26,0.0,Autonomous Trucks Are Here: Einride’s 27% Revenue Jump,FreightWaves,2026-08-26,0.0,10,buy,0.5,"TSLA rallied +13.27% in the past month and +3.97% in the past week, despite a -20.05% YTD decline and high P/E of 321; momentum is driven by SpaceX data center launch and analyst buy consensus.",+13.27% 1M; +3.97% 1W; SpaceX catalyst; buy consensus,,,,,
NFLX,Netflix,MegaCap,big-tech,NASDAQ,81,-0.49%,+1.55%,+15.71%,-10.47%,-33%,339.195,1.514,25.62,42.68,22615250,124054750,745776650,,2.19,buy,1.76,-0.49,99.51,-0.49,995.1,-4.9,9951.0,-49.0,1.55,101.55,1.55,1015.5,15.5,10155.0,155.0,15.71,115.71,15.71,1157.1,157.1,11571.0,1571.0,-10.47,89.53,-10.47,895.3,-104.7,8953.0,-1047.0,-33.0,67.0,-33.0,670.0,-330.0,6700.0,-3300.0,What Is Netflix (NFLX) Testing With Its First Multi Market Brand Activation?,Simply Wall St.,2026-08-26,0.0,Jim Cramer Says Netflix Worth the Risk as Wolfe Raises Price Target to $95,24/7 Wall St.,2026-08-26,-0.052,Netflix Stock Could Swing A Third Lower Or Half Higher In The Year Ahead,Trefis,2026-08-26,-0.296,4,buy,0.7,"NFLX gained +16.80% in the past month and +5.73% in the past week, with positive news sentiment of 0.371 and analyst consensus at buy; the stock is down 35% over 1 year but showing strong recovery momentum.",+16.80% 1M; +5.73% 1W; news sentiment 0.371; analyst buy consensus,,,,,
JPM,JPMorgan Chase,MegaCap,financials,NYSE,356,-0.06%,-0.21%,+0.08%,+11.09%,+19%,947.643,0.977,15.28,8.71,5793081,29397281,138796781,168.0,0.95,buy,2.12,-0.06,99.94,-0.06,999.4,-0.6,9994.0,-6.0,-0.21,99.79,-0.21,997.9,-2.1,9979.0,-21.0,0.08,100.08,0.08,1000.8,0.8,10008.0,8.0,11.09,111.09,11.09,1110.9,110.9,11109.0,1109.0,19.0,119.0,19.0,1190.0,190.0,11900.0,1900.0,"Top Analyst Reports for JPMorgan, Johnson & Johnson & Mastercard",Zacks,2026-08-26,0.202,J.P. Morgan Files Contempt Motion Against Ex-Advisor for TRO Violation,Wealth Management,2026-08-26,-0.791,Sector Update: Financial Stocks Mixed Late Afternoon,MT Newswires,2026-08-26,0.0,,,,,,,,,,
BAC,Bank of America,MegaCap,financials,NYSE,62,-0.32%,-1.49%,+0.16%,+12.43%,+24%,435.159,1.168,14.37,34.2,21749284,140900084,629267884,205.0,,buy,1.54,-0.32,99.68,-0.32,996.8,-3.2,9968.0,-32.0,-1.49,98.51,-1.49,985.1,-14.9,9851.0,-149.0,0.16,100.16,0.16,1001.6,1.6,10016.0,16.0,12.43,112.43,12.43,1124.3,124.3,11243.0,1243.0,24.0,124.0,24.0,1240.0,240.0,12400.0,2400.0,It's not even close: Gen Z is outspending every other generation at restaurants,Yahoo Finance Video,2026-08-26,0.0,Financial Services Roundup: Market Talk,The Wall Street Journal,2026-08-26,0.0,Bank of America Spots Bigger Nvidia Catalyst Before Earnings,GuruFocus.com,2026-08-26,0.0,,,,,,,,,,
BRK-B,Berkshire Hathaway B,MegaCap,financials,NYSE,505,+0.12%,+1.06%,+1.55%,+1.62%,+2%,1080.866,0.607,12.69,4.75,2994269,17156469,96649169,,0.96,buy,2.0,0.12,100.12,0.12,1001.2,1.2,10012.0,12.0,1.06,101.06,1.06,1010.6,10.6,10106.0,106.0,1.55,101.55,1.55,1015.5,15.5,10155.0,155.0,1.62,101.62,1.62,1016.2,16.2,10162.0,162.0,2.0,102.0,2.0,1020.0,20.0,10200.0,200.0,Warren Buffett “Blew It” on Alphabet (GOOGL) And Made It Berkshire’s Third-Biggest Bet,Insider Monkey,2026-08-26,0.0,Alphabet's $84.75 Billion Raise Carries a $40 Billion Asterisk,GuruFocus.com,2026-08-26,0.0,Berkshire bets on housing market recovery under CEO Greg Abel,Inman,2026-08-26,0.0,,,,,,,,,,
V,Visa,MegaCap,financials,NYSE,384,-0.06%,+5.02%,+6.09%,+11.47%,+10%,716.759,0.759,32.67,8.11,6071882,34145582,168834082,70.0,1.31,strong_buy,1.45,-0.06,99.94,-0.06,999.4,-0.6,9994.0,-6.0,5.02,105.02,5.02,1050.2,50.2,10502.0,502.0,6.09,106.09,6.09,1060.9,60.9,10609.0,609.0,11.47,111.47,11.47,1114.7,114.7,11147.0,1147.0,10.0,110.0,10.0,1100.0,100.0,11000.0,1000.0,Visa (V) Launches Unified Card Present Payment Platform For Global Merchants,Simply Wall St.,2026-08-26,0.382,"Visa Hits $385.57 Record, Then Surrenders the Breakout",GuruFocus.com,2026-08-26,0.0,Cathie Wood bets on 'disrupter' stock with bullish analyst call,TheStreet,2026-08-26,0.0,,,,,,,,,,
MA,Mastercard,MegaCap,financials,NYSE,598,-0.01%,+4.31%,+8.48%,+6.80%,+1%,524.266,0.735,32.96,3.54,3106001,14412201,71130301,58.0,0.83,strong_buy,1.38,-0.01,99.99,-0.01,999.9,-0.1,9999.0,-1.0,4.31,104.31,4.31,1043.1,43.1,10431.0,431.0,8.48,108.48,8.48,1084.8,84.8,10848.0,848.0,6.8,106.8,6.8,1068.0,68.0,10680.0,680.0,1.0,101.0,1.0,1010.0,10.0,10100.0,100.0,"Top Analyst Reports for JPMorgan, Johnson & Johnson & Mastercard",Zacks,2026-08-26,0.202,Mastercard's Record Stalls With 61% Margin Already Priced In,GuruFocus.com,2026-08-26,0.0,Cathie Wood bets on 'disrupter' stock with bullish analyst call,TheStreet,2026-08-26,0.0,,,,,,,,,,
GS,Goldman Sachs,MegaCap,financials,NYSE,1040,-1.93%,+1.84%,-0.74%,+14.90%,+41%,302.952,1.288,16.06,2.15,1482204,10467204,45930704,189.0,2.14,hold,2.6,-1.93,98.07,-1.93,980.7,-19.3,9807.0,-193.0,1.84,101.84,1.84,1018.4,18.4,10184.0,184.0,-0.74,99.26,-0.74,992.6,-7.4,9926.0,-74.0,14.9,114.9,14.9,1149.0,149.0,11490.0,1490.0,41.0,141.0,41.0,1410.0,410.0,14100.0,4100.0,"Best CD rates today, Wednesday, August 26, 2026: Earn up to 4.30% APY",Yahoo Personal Finance,2026-08-26,0.637,How Goldman Sachs’ Expanding Capital Markets Role and New Bond Issuances Could Reframe the GS Narrative,Simply Wall St.,2026-08-26,0.0,Nvidia's Second-Quarter Results More Than Double Amid Record Data Center Sales,MT Newswires,2026-08-26,0.0,,,,,,,,,,
BLK,BlackRock,MegaCap,financials,NYSE,1173,-0.29%,+1.23%,+10.46%,+9.34%,+4%,190.619,1.425,28.09,0.76,644834,2801134,13847534,195.0,1.19,buy,1.53,-0.29,99.71,-0.29,997.1,-2.9,9971.0,-29.0,1.23,101.23,1.23,1012.3,12.3,10123.0,123.0,10.46,110.46,10.46,1104.6,104.6,11046.0,1046.0,9.34,109.34,9.34,1093.4,93.4,10934.0,934.0,4.0,104.0,4.0,1040.0,40.0,10400.0,400.0,"Record ETF flows show the ‘debasement trade’ is overtaking AI, analyst says",TheStreet,2026-08-26,0.0,Nvidia's Second-Quarter Results More Than Double Amid Record Data Center Sales,MT Newswires,2026-08-26,0.0,NVIDIA Corporation (NVDA) & Blackstone (BX): Nvidia Wants Wall Street to Lend Against AI Chips Like They’re Mortgages,Insider Monkey,2026-08-26,0.361,8,buy,0.7,"BLK gained +10.78% in the past month and +9.66% YTD, with a P/E of 28.09 and buy analyst consensus; the asset manager benefits from rising AUM and AI-driven investment flows.",+10.78% 1M; +9.66% YTD; P/E 28.09; buy consensus,,,,,
LLY,Eli Lilly,MegaCap,healthcare,NYSE,1189,-3.45%,-7.10%,-0.54%,+10.63%,+68%,1060.189,0.506,40.01,2.94,2990458,11914858,63890458,56.0,0.74,buy,1.7,-3.45,96.55,-3.45,965.5,-34.5,9655.0,-345.0,-7.1,92.9,-7.1,929.0,-71.0,9290.0,-710.0,-0.54,99.46,-0.54,994.6,-5.4,9946.0,-54.0,10.63,110.63,10.63,1106.3,106.3,11063.0,1063.0,68.0,168.0,68.0,1680.0,680.0,16800.0,6800.0,Veeva Systems Q2 Earnings Call Highlights,MarketBeat,2026-08-26,0.0,Revolution Medicines Wins FDA Approval for Pancreatic Cancer Pill. What It Means for the Stock.,Barrons.com,2026-08-26,0.34,Eli Lilly Clears Big Hurdle in Alzheimer's Fight,GuruFocus.com,2026-08-26,-0.318,,,,,,,,,,
UNH,UnitedHealth Group,MegaCap,healthcare,NYSE,401,+1.19%,+3.19%,-3.98%,+20.82%,+31%,359.945,0.632,25.79,5.77,3554732,20270432,98026532,234.0,1.92,buy,1.56,1.19,101.19,1.19,1011.9,11.9,10119.0,119.0,3.19,103.19,3.19,1031.9,31.9,10319.0,319.0,-3.98,96.02,-3.98,960.2,-39.8,9602.0,-398.0,20.82,120.82,20.82,1208.2,208.2,12082.0,2082.0,31.0,131.0,31.0,1310.0,310.0,13100.0,3100.0,Billionaire David Tepper Sold Every Single Share of UnitedHealth in Q2. Here's Whether He Made a Costly Mistake.,Motley Fool,2026-08-26,-0.153,Eli Lilly Is Pulling Away From the Rest of Healthcare,GuruFocus.com,2026-08-25,0.0,"UnitedHealth Group Incorporated’s (UNH) Recovery Story: 37% Yearly Return, 80% Off Bottom",Insider Monkey,2026-08-25,0.0,,,,,,,,,,
JNJ,Johnson & Johnson,MegaCap,healthcare,NYSE,270,-1.06%,-0.76%,+2.02%,+32.31%,+54%,650.673,0.231,31.29,7.95,7193946,29979746,157151346,196.0,1.0,buy,1.91,-1.06,98.94,-1.06,989.4,-10.6,9894.0,-106.0,-0.76,99.24,-0.76,992.4,-7.6,9924.0,-76.0,2.02,102.02,2.02,1020.2,20.2,10202.0,202.0,32.31,132.31,32.31,1323.1,323.1,13231.0,3231.0,54.0,154.0,54.0,1540.0,540.0,15400.0,5400.0,Could Genmab (GMAB) Stock Win as Royalty Growth Fuels a New Earnings Cycle?,Insider Monkey,2026-08-26,0.751,"Top Analyst Reports for JPMorgan, Johnson & Johnson & Mastercard",Zacks,2026-08-26,0.202,Johnson & Johnson (JNJ) Sees a More Significant Dip Than Broader Market: Some Facts to Know,Zacks,2026-08-26,0.272,,,,,,,,,,
ABBV,AbbVie,MegaCap,healthcare,NYSE,263,-1.11%,-1.15%,+2.33%,+17.36%,+28%,464.575,0.28,74.27,6.63,3303234,21243934,119325034,260.0,1.15,buy,1.68,-1.11,98.89,-1.11,988.9,-11.1,9889.0,-111.0,-1.15,98.85,-1.15,988.5,-11.5,9885.0,-115.0,2.33,102.33,2.33,1023.3,23.3,10233.0,233.0,17.36,117.36,17.36,1173.6,173.6,11736.0,1736.0,28.0,128.0,28.0,1280.0,280.0,12800.0,2800.0,Has AbbVie Stock Become Too Expensive to Buy?,Trefis,2026-08-26,0.0,How Much Upside Is Left in JNJ Stock?,Trefis,2026-08-26,0.0,Can Eli Lilly Stock Keep Surging As Drug Prices Fall?,Trefis,2026-08-26,0.0,,,,,,,,,,
MRK,Merck,MegaCap,healthcare,NYSE,153,-2.17%,+0.59%,+17.08%,+45.93%,+86%,377.724,0.211,122.48,10.93,8622014,69840014,248090114,217.0,0.99,buy,1.75,-2.17,97.83,-2.17,978.3,-21.7,9783.0,-217.0,0.59,100.59,0.59,1005.9,5.9,10059.0,59.0,17.08,117.08,17.08,1170.8,170.8,11708.0,1708.0,45.93,145.93,45.93,1459.3,459.3,14593.0,4593.0,86.0,186.0,86.0,1860.0,860.0,18600.0,8600.0,Revolution Medicines Wins FDA Approval for Pancreatic Cancer Pill. What It Means for the Stock.,Barrons.com,2026-08-26,0.34,Has AbbVie Stock Become Too Expensive to Buy?,Trefis,2026-08-26,0.0,How Much Upside Is Left in JNJ Stock?,Trefis,2026-08-26,0.0,1,strong_buy,0.85,"MRK surged +49% YTD and +19.65% in the past month, hitting 52-week highs on strong momentum; P/E of 120 reflects premium for growth, but analyst consensus is buy with a low short interest of 0.99%.",+49% YTD; +19.65% 1M; 52-week high; low short interest 0.99%,,,,,
TMO,Thermo Fisher Scientific,MegaCap,healthcare,NYSE,634,+0.89%,+3.29%,+13.26%,+7.17%,+29%,234.313,0.847,34.09,2.19,1842590,9411090,43013590,30.0,1.28,buy,1.54,0.89,100.89,0.89,1008.9,8.9,10089.0,89.0,3.29,103.29,3.29,1032.9,32.9,10329.0,329.0,13.26,113.26,13.26,1132.6,132.6,11326.0,1326.0,7.17,107.17,7.17,1071.7,71.7,10717.0,717.0,29.0,129.0,29.0,1290.0,290.0,12900.0,2900.0,3 Unpopular Stocks We Find Risky,StockStory,2026-08-26,-0.202,Eli Lilly Is Pulling Away From the Rest of Healthcare,GuruFocus.com,2026-08-25,0.0,Is Avantor a Buy as Revival Progress Faces Persistent Margin Pressure?,Zacks,2026-08-25,0.153,6,buy,0.7,"TMO gained +12.26% in the past month and +6.64% in the past week, with a P/E of 33.79 and buy analyst consensus; the stock is recovering on life sciences demand and margin improvement expectations.",+12.26% 1M; +6.64% 1W; P/E 33.79; buy consensus,,,,,
ABT,Abbott Laboratories,MegaCap,healthcare,NYSE,114,-1.38%,-0.29%,+9.20%,-6.42%,-12%,198.741,0.581,36.93,11.83,6956107,36092207,190288807,217.0,1.32,buy,1.59,-1.38,98.62,-1.38,986.2,-13.8,9862.0,-138.0,-0.29,99.71,-0.29,997.1,-2.9,9971.0,-29.0,9.2,109.2,9.2,1092.0,92.0,10920.0,920.0,-6.42,93.58,-6.42,935.8,-64.2,9358.0,-642.0,-12.0,88.0,-12.0,880.0,-120.0,8800.0,-1200.0,Pfizer vs. Abbott: Which Dividend Healthcare Stock Offers the Better Risk-Reward?,Insider Monkey,2026-08-26,0.44,"Stock Market Today, Aug. 26: Boston Scientific Shares Fall 5% on Cybersecurity Incident and Product Recall",Motley Fool,2026-08-26,0.296,Time To Squeeze 14% Yield Out Of Battered BSX Stock?,Trefis,2026-08-26,0.0,7,buy,0.65,"ABT rose +11.14% in the past month and +3.06% in the past week, with a dividend yield of 2.16% and buy analyst consensus; the stock is rebounding from a -11% 1-year decline on medical device demand.",+11.14% 1M; dividend yield 2.16%; buy consensus; medical device recovery,,,,,
PG,Procter & Gamble,MegaCap,consumer,NYSE,145,-0.40%,+0.43%,-2.44%,+4.54%,-7%,337.647,0.377,21.9,9.26,7117785,48884585,218488285,299.0,1.06,buy,2.2,-0.4,99.6,-0.4,996.0,-4.0,9960.0,-40.0,0.43,100.43,0.43,1004.3,4.3,10043.0,43.0,-2.44,97.56,-2.44,975.6,-24.4,9756.0,-244.0,4.54,104.54,4.54,1045.4,45.4,10454.0,454.0,-7.0,93.0,-7.0,930.0,-70.0,9300.0,-700.0,"Procter & Gamble (PG) Pushes Charmin And Swiffer, Is It Trading At A Premium?",Simply Wall St.,2026-08-26,0.0,"Dividends vs. an Annuity: Which Turns $840,000 Into More Monthly Income for Life?",24/7 Wall St.,2026-08-26,0.0,How Much Do You Need Invested by 55 to Retire on Dividends at 65?,24/7 Wall St.,2026-08-26,0.0,,,,,,,,,,
KO,Coca-Cola,MegaCap,consumer,NYSE,90,-1.61%,-0.30%,+7.15%,+32.07%,+33%,387.574,0.342,27.05,17.69,17024430,74276030,366454330,231.0,0.92,buy,1.75,-1.61,98.39,-1.61,983.9,-16.1,9839.0,-161.0,-0.3,99.7,-0.3,997.0,-3.0,9970.0,-30.0,7.15,107.15,7.15,1071.5,71.5,10715.0,715.0,32.07,132.07,32.07,1320.7,320.7,13207.0,3207.0,33.0,133.0,33.0,1330.0,330.0,13300.0,3300.0,Beverage giant wants to take over Halloween in bold new plan,TheStreet,2026-08-26,0.382,Coca-Cola (KO) Declines More Than Market: Some Information for Investors,Zacks,2026-08-26,0.0,Coca-Cola’s stock splits: history (& prospects) explained,TheStreet,2026-08-26,0.296,9,buy,0.7,"KO is up +34.35% YTD and +9.00% in the past month, with a dividend yield of 2.30% and buy analyst consensus; the stock benefits from consumer staples resilience and strong brand pricing power.",+34.35% YTD; +9.00% 1M; dividend yield 2.30%; buy consensus,,,,,
PEP,PepsiCo,MegaCap,consumer,NASDAQ,142,-0.09%,-0.27%,+1.72%,+1.93%,-4%,194.232,0.361,18.64,8.61,7101833,35270533,161502133,416.0,1.92,hold,2.67,-0.09,99.91,-0.09,999.1,-0.9,9991.0,-9.0,-0.27,99.73,-0.27,997.3,-2.7,9973.0,-27.0,1.72,101.72,1.72,1017.2,17.2,10172.0,172.0,1.93,101.93,1.93,1019.3,19.3,10193.0,193.0,-4.0,96.0,-4.0,960.0,-40.0,9600.0,-400.0,Gatik Raises $200 Million as It Ramps Up Driverless Truck Fleet,Sourcing Journal,2026-08-26,0.0,PepsiCo (PEP) Is Putting 41 Self Driving Trucks On Frito Lay Routes,Simply Wall St.,2026-08-26,0.0,"Dividends vs. an Annuity: Which Turns $840,000 Into More Monthly Income for Life?",24/7 Wall St.,2026-08-26,0.0,,,,,,,,,,
MCD,McDonald's,MegaCap,consumer,NYSE,267,-0.55%,-0.19%,-1.38%,-10.89%,-14%,188.891,0.419,21.68,4.57,4172227,18783127,102637227,278.0,1.74,buy,2.06,-0.55,99.45,-0.55,994.5,-5.5,9945.0,-55.0,-0.19,99.81,-0.19,998.1,-1.9,9981.0,-19.0,-1.38,98.62,-1.38,986.2,-13.8,9862.0,-138.0,-10.89,89.11,-10.89,891.1,-108.9,8911.0,-1089.0,-14.0,86.0,-14.0,860.0,-140.0,8600.0,-1400.0,McDonald's discontinues fan favorite after 13 years,TheStreet,2026-08-26,0.649,ETFs to Gain as Trump Waives Off Tariffs on Beef Imports Temporarily,Zacks,2026-08-26,0.527,Are dividends an overlooked path to long-term wealth?,Yahoo Finance Video,2026-08-25,0.477,,,,,,,,,,
NKE,Nike,MegaCap,consumer,NYSE,39,-2.42%,-5.99%,-8.42%,-38.06%,-49%,57.248,1.118,18.38,24.57,36589168,128323168,578097768,415.0,7.22,hold,2.51,-2.42,97.58,-2.42,975.8,-24.2,9758.0,-242.0,-5.99,94.01,-5.99,940.1,-59.9,9401.0,-599.0,-8.42,91.58,-8.42,915.8,-84.2,9158.0,-842.0,-38.06,61.94,-38.06,619.4,-380.6,6194.0,-3806.0,-49.0,51.0,-49.0,510.0,-490.0,5100.0,-4900.0,Dick's Sporting Goods stock crash reveals a major problem for struggling Nike,Yahoo Finance,2026-08-26,-0.83,Your Annuity Might Be Backed by LeBron’s Nike Deal: Inside the $245 Million Two Retirement Insurers Are Betting on the King,24/7 Wall St.,2026-08-26,0.026,Update: US Equity Indexes Slip After Fed's Preferred Inflation Gauge Accelerates in July,MT Newswires,2026-08-26,0.0,,,,,,,,,,
WMT,Walmart,MegaCap,consumer,NYSE,104,-0.92%,-8.50%,-6.40%,-6.88%,+10%,830.346,0.605,37.8,24.78,28200356,218936456,617509756,94.0,1.42,buy,1.58,-0.92,99.08,-0.92,990.8,-9.2,9908.0,-92.0,-8.5,91.5,-8.5,915.0,-85.0,9150.0,-850.0,-6.4,93.6,-6.4,936.0,-64.0,9360.0,-640.0,-6.88,93.12,-6.88,931.2,-68.8,9312.0,-688.0,10.0,110.0,10.0,1100.0,100.0,11000.0,1000.0,"It's 'hard' to argue that Nvidia's financing is circular, analyst says",Yahoo Finance Video,2026-08-26,-0.421,Key Walmart and grocery chain supplier files Chapter 7 bankruptcy,TheStreet,2026-08-27,0.0,"Dollar Stores In Earnings Spotlight, With 2 Stocks In Buy Zones",Investor's Business Daily,2026-08-26,0.0,,,,,,,,,,
COST,Costco,MegaCap,consumer,NASDAQ,956,-0.52%,-0.09%,+0.48%,+12.39%,+1%,424.019,0.86,48.12,2.32,1217556,9651456,42108656,61.0,1.66,none,,-0.52,99.48,-0.52,994.8,-5.2,9948.0,-52.0,-0.09,99.91,-0.09,999.1,-0.9,9991.0,-9.0,0.48,100.48,0.48,1004.8,4.8,10048.0,48.0,12.39,112.39,12.39,1123.9,123.9,11239.0,1239.0,1.0,101.0,1.0,1010.0,10.0,10100.0,100.0,Healthcare CEO partnering with Costco outlines Medicare offerings,Yahoo Finance Video,2026-08-26,0.0,"JCPenney takes on Marshalls, Costco, and the treasure hunt",TheStreet,2026-08-26,0.296,Why Is Costco (COST) Refunding Tariff Duties While Fighting A Class Action?,Simply Wall St.,2026-08-26,-0.361,,,,,,,,,,
XOM,ExxonMobil,MegaCap,energy-industrial,NYSE,158,-1.13%,-3.99%,+2.87%,+31.56%,+42%,650.463,0.173,20.36,15.84,14144765,70629865,328151065,256.0,1.0,buy,2.32,-1.13,98.87,-1.13,988.7,-11.3,9887.0,-113.0,-3.99,96.01,-3.99,960.1,-39.9,9601.0,-399.0,2.87,102.87,2.87,1028.7,28.7,10287.0,287.0,31.56,131.56,31.56,1315.6,315.6,13156.0,3156.0,42.0,142.0,42.0,1420.0,420.0,14200.0,4200.0,Exxon Slips Below $159 as Hormuz Hope Hits Crude Again,GuruFocus.com,2026-08-26,-0.202,ExxonMobil Stock's Biggest Risk Is The Shortage Ending,Trefis,2026-08-26,-0.477,Can ExxonMobil's Permian Growth Keep Driving Upstream Momentum?,Zacks,2026-08-26,0.382,,,,,,,,,,
CVX,Chevron,MegaCap,energy-industrial,NYSE,200,+0.26%,-2.70%,+6.29%,+32.01%,+26%,392.733,0.488,19.27,8.55,6856153,36446553,183120353,356.0,0.81,buy,1.72,0.26,100.26,0.26,1002.6,2.6,10026.0,26.0,-2.7,97.3,-2.7,973.0,-27.0,9730.0,-270.0,6.29,106.29,6.29,1062.9,62.9,10629.0,629.0,32.01,132.01,32.01,1320.1,320.1,13201.0,3201.0,26.0,126.0,26.0,1260.0,260.0,12600.0,2600.0,AI's next big bottleneck isn't infrastructure. It's regulatory red tape.,Yahoo Finance Video,2026-08-26,0.0,ExxonMobil Stock's Biggest Risk Is The Shortage Ending,Trefis,2026-08-26,-0.477,Big Oil Is Betting Billions On Nuclear Fusion,Oilprice.com,2026-08-26,0.0,,,,,,,,,,
CAT,Caterpillar,MegaCap,energy-industrial,NYSE,822,+1.41%,+0.71%,-5.88%,+38.19%,+88%,377.821,1.605,35.43,3.26,1844577,11439277,69152777,80.0,1.57,buy,2.14,1.41,101.41,1.41,1014.1,14.1,10141.0,141.0,0.71,100.71,0.71,1007.1,7.1,10071.0,71.0,-5.88,94.12,-5.88,941.2,-58.8,9412.0,-588.0,38.19,138.19,38.19,1381.9,381.9,13819.0,3819.0,88.0,188.0,88.0,1880.0,880.0,18800.0,8800.0,"Deere’s Ag Cycle Is Turning, But Can Profitability Follow?",Trefis,2026-08-26,0.392,"Industrial Giants Pivot to AI Data Centers: Caterpillar (CAT), Cummins (CMI), and Ford (F) Target Power Boom",Insider Monkey,2026-08-26,0.0,Can CAT Stock Yield 12% Annualized Income While You Wait Out The Slowdown?,Trefis,2026-08-26,0.0,,,,,,,,,,
HON,Honeywell,MegaCap,energy-industrial,NASDAQ,221,+2.16%,-0.48%,-9.94%,+8.87%,-1%,69.939,0.918,8.48,4.33,3160727,14021627,70882727,130.0,1.66,buy,1.92,2.16,102.16,2.16,1021.6,21.6,10216.0,216.0,-0.48,99.52,-0.48,995.2,-4.8,9952.0,-48.0,-9.94,90.06,-9.94,900.6,-99.4,9006.0,-994.0,8.87,108.87,8.87,1088.7,88.7,10887.0,887.0,-1.0,99.0,-1.0,990.0,-10.0,9900.0,-100.0,Is GE Stock Priced For A 40% Rally Or A 30% Drop?,Trefis,2026-08-26,-0.273,Is GE Stock Worth Its Steep Peer Premium?,Trefis,2026-08-25,0.226,The veteran Fortune 500 CEO who turned an 80-year-old AC company into an AI darling,Fortune,2026-08-22,0.586,,,,,,,,,,
GE,GE Aerospace,MegaCap,energy-industrial,NYSE,354,+1.30%,-0.52%,-2.00%,+10.79%,+28%,367.702,1.366,41.74,4.37,3034519,18436319,81389019,54.0,1.29,strong_buy,1.45,1.3,101.3,1.3,1013.0,13.0,10130.0,130.0,-0.52,99.48,-0.52,994.8,-5.2,9948.0,-52.0,-2.0,98.0,-2.0,980.0,-20.0,9800.0,-200.0,10.79,110.79,10.79,1107.9,107.9,11079.0,1079.0,28.0,128.0,28.0,1280.0,280.0,12800.0,2800.0,GE Aerospace (GE) Rises As Market Takes a Dip: Key Facts,Zacks,2026-08-26,0.0,Is GE Stock Priced For A 40% Rally Or A 30% Drop?,Trefis,2026-08-26,-0.273,Is GE Stock Worth Its Steep Peer Premium?,Trefis,2026-08-25,0.226,,,,,,,,,,
RTX,RTX Corp,MegaCap,energy-industrial,NYSE,212,+0.76%,-3.79%,-2.62%,+14.44%,+32%,285.711,0.294,37.32,5.15,3785540,22245640,114165840,139.0,0.96,buy,1.87,0.76,100.76,0.76,1007.6,7.6,10076.0,76.0,-3.79,96.21,-3.79,962.1,-37.9,9621.0,-379.0,-2.62,97.38,-2.62,973.8,-26.2,9738.0,-262.0,14.44,114.44,14.44,1144.4,144.4,11444.0,1444.0,32.0,132.0,32.0,1320.0,320.0,13200.0,3200.0,Raytheon’s Missile Windfall: What the Navy’s Record Tomahawk Order Means for RTX Corporation (RTX),Insider Monkey,2026-08-26,0.0,"Boeing, RTX Win $766 Mil In B-52 Modernization Contracts, Northrop Tapped For Deep Space Radar",Investor's Business Daily,2026-08-26,0.586,Can Electronic Warfare Demand Boost L3Harris' Growth Prospects?,Zacks,2026-08-26,0.586,,,,,,,,,,
BA,Boeing,MegaCap,energy-industrial,NYSE,212,+0.40%,-4.55%,+0.28%,-6.88%,-10%,167.507,1.221,76.02,5.96,4346178,30438878,137347178,,0.01,buy,1.54,0.4,100.4,0.4,1004.0,4.0,10040.0,40.0,-4.55,95.45,-4.55,954.5,-45.5,9545.0,-455.0,0.28,100.28,0.28,1002.8,2.8,10028.0,28.0,-6.88,93.12,-6.88,931.2,-68.8,9312.0,-688.0,-10.0,90.0,-10.0,900.0,-100.0,9000.0,-1000.0,"It's 'hard' to argue that Nvidia's financing is circular, analyst says",Yahoo Finance Video,2026-08-26,-0.421,From Air Taxi to Defense Player: Archer Aviation (ACHR)’s Month of Momentum,Insider Monkey,2026-08-26,0.128,"Boeing, RTX Win $766 Mil In B-52 Modernization Contracts, Northrop Tapped For Deep Space Radar",Investor's Business Daily,2026-08-26,0.586,,,,,,,,,,
AMD,Advanced Micro Devices,MegaCap,tech-semis,NASDAQ,481,+0.27%,+3.11%,-2.83%,+115.21%,+187%,785.106,2.489,122.37,28.24,13804691,78931091,580359991,,2.46,strong_buy,1.48,0.27,100.27,0.27,1002.7,2.7,10027.0,27.0,3.11,103.11,3.11,1031.1,31.1,10311.0,311.0,-2.83,97.17,-2.83,971.7,-28.3,9717.0,-283.0,115.21,215.21,115.21,2152.1,1152.1,21521.0,11521.0,187.0,287.0,187.0,2870.0,1870.0,28700.0,18700.0,"Nvidia crushed earnings but one analyst is rating it a ""sell""",Yahoo Finance Video,2026-08-26,-0.226,Top analyst resets AMD stock price target for rest of 2026,TheStreet,2026-08-26,0.202,Nvidia's Second-Quarter Results More Than Double Amid Record Data Center Sales,MT Newswires,2026-08-26,0.0,,,,,,,,,,
QCOM,Qualcomm,MegaCap,tech-semis,NASDAQ,164,+2.32%,+1.12%,-3.72%,-4.39%,+0%,174.863,1.663,18.71,16.15,10419287,49381987,257118687,229.0,3.48,hold,2.57,2.32,102.32,2.32,1023.2,23.2,10232.0,232.0,1.12,101.12,1.12,1011.2,11.2,10112.0,112.0,-3.72,96.28,-3.72,962.8,-37.2,9628.0,-372.0,-4.39,95.61,-4.39,956.1,-43.9,9561.0,-439.0,0.0,100.0,0.0,1000.0,0.0,10000.0,0.0,Qualcomm Targets AI Memory Bottleneck With HPC Technology Roadmap,MarketBeat,2026-08-27,0.0,Qualcomm's Costs Are Inside The Guidance And Its Replacement Growth Is Not,Trefis,2026-08-26,0.382,Can Qualcomm Capitalize on Soaring Edge AI Demand With VENTUNO Q?,Zacks,2026-08-26,-0.128,,,,,,,,,,
AVGO,Broadcom,MegaCap,tech-semis,NASDAQ,356,-0.56%,-1.90%,-7.21%,+2.67%,+19%,1691.748,1.473,59.36,26.13,18558282,94057282,453960782,73.0,1.2,strong_buy,1.33,-0.56,99.44,-0.56,994.4,-5.6,9944.0,-56.0,-1.9,98.1,-1.9,981.0,-19.0,9810.0,-190.0,-7.21,92.79,-7.21,927.9,-72.1,9279.0,-721.0,2.67,102.67,2.67,1026.7,26.7,10267.0,267.0,19.0,119.0,19.0,1190.0,190.0,11900.0,1900.0,Is Nvidia's AI data center dominance slipping as the market expands?,Yahoo Finance Video,2026-08-26,0.296,"Nvidia, Meta, Revolution Medicines, Abercrombie, Intuit, Salesforce, Moderna, and More Stocks That Explain Today’s Market",Barrons.com,2026-08-26,0.0,Nvidia's Second-Quarter Results More Than Double Amid Record Data Center Sales,MT Newswires,2026-08-26,0.0,,,,,,,,,,
TSM,Taiwan Semiconductor,MegaCap,tech-semis,NYSE,418,-0.00%,+1.36%,+4.66%,+31.36%,+74%,2166.338,1.258,31.08,13.52,7201789,44292289,268283089,104.0,0.62,strong_buy,1.42,-0.0,100.0,0.0,1000.0,0.0,10000.0,0.0,1.36,101.36,1.36,1013.6,13.6,10136.0,136.0,4.66,104.66,4.66,1046.6,46.6,10466.0,466.0,31.36,131.36,31.36,1313.6,313.6,13136.0,3136.0,74.0,174.0,74.0,1740.0,740.0,17400.0,7400.0,"Dow Jones Futures Rise; Nvidia, CrowdStrike, Okta, Salesforce Lead Earnings Movers",Investor's Business Daily,2026-08-27,0.0,Sony Group (SONY) and Taiwan Semiconductor (TSM) Are Betting $4.7 Billion on the “Eyes” of AI Machines,Insider Monkey,2026-08-26,0.0,TSMC's July Surge Raises the Bar for Nvidia's Foundry,GuruFocus.com,2026-08-26,0.0,,,,,,,,,,
ASML,ASML Holding,MegaCap,tech-semis,NASDAQ,1746,+0.15%,-0.35%,+5.60%,+50.72%,+127%,670.5,1.365,58.87,1.85,847368,4656068,34025568,52.0,0.35,strong_buy,1.41,0.15,100.15,0.15,1001.5,1.5,10015.0,15.0,-0.35,99.65,-0.35,996.5,-3.5,9965.0,-35.0,5.6,105.6,5.6,1056.0,56.0,10560.0,560.0,50.72,150.72,50.72,1507.2,507.2,15072.0,5072.0,127.0,227.0,127.0,2270.0,1270.0,22700.0,12700.0,ASML Slips Before Nvidia Tests a 23% Sales Ramp,GuruFocus.com,2026-08-26,0.0,Applied Materials’ China Problem Is Getting Worse,24/7 Wall St.,2026-08-26,-0.7,ASML or AAOI: Which Tech Stock Is Better-Placed at Present?,Zacks,2026-08-26,0.0,,,,,,,,,,
ARM,Arm Holdings,MegaCap,tech-semis,NASDAQ,251,+4.00%,+0.69%,-5.73%,+118.83%,+72%,268.132,3.909,253.6,8.06,3830094,17120794,117104794,,12.57,buy,1.95,4.0,104.0,4.0,1040.0,40.0,10400.0,400.0,0.69,100.69,0.69,1006.9,6.9,10069.0,69.0,-5.73,94.27,-5.73,942.7,-57.3,9427.0,-573.0,118.83,218.83,118.83,2188.3,1188.3,21883.0,11883.0,72.0,172.0,72.0,1720.0,720.0,17200.0,7200.0,AMD Stock Upgraded To Strong Buy. Here's Why.,Investor's Business Daily,2026-08-25,0.511,Arm Rises 2.8% as $272 Target Prices the CPU Tollbooth,GuruFocus.com,2026-08-25,0.0,AMD Stock Gets a ‘Strong Buy’ Upgrade: Why It Could Outperform Nvidia,Barrons.com,2026-08-25,0.0,,,,,,,,,,
INTC,Intel,MegaCap,tech-semis,NASDAQ,88,+0.75%,-4.91%,-3.74%,+124.07%,+252%,466.446,2.241,,118.92,72044374,428126374,2539446574,,2.57,hold,2.52,0.75,100.75,0.75,1007.5,7.5,10075.0,75.0,-4.91,95.09,-4.91,950.9,-49.1,9509.0,-491.0,-3.74,96.26,-3.74,962.6,-37.4,9626.0,-374.0,124.07,224.07,124.07,2240.7,1240.7,22407.0,12407.0,252.0,352.0,252.0,3520.0,2520.0,35200.0,25200.0,Nvidia is looking more like the central bank of AI,Yahoo Finance,2026-08-26,0.42,4 reasons Nvidia stock is lagging,Yahoo Finance,2026-08-26,-0.273,Is Intel (INTC) Stock Above Fair Value Or Still Below It?,Simply Wall St.,2026-08-26,0.572,,,,,,,,,,
2222.SR,Saudi Aramco,MegaCap,global-growth,TADAWUL,6.95,-0.84%,-0.76%,-0.61%,+13.52%,+11%,1681.658,0.009,15.44,9.72,7275261,43730803,198960357,516.0,,buy,2.11,-0.84,99.16,-0.84,991.6,-8.4,9916.0,-84.0,-0.76,99.24,-0.76,992.4,-7.6,9924.0,-76.0,-0.61,99.39,-0.61,993.9,-6.1,9939.0,-61.0,13.52,113.52,13.52,1135.2,135.2,11352.0,1352.0,11.0,111.0,11.0,1110.0,110.0,11100.0,1100.0,Aramco Finds a New Way to Keep Saudi Crude Flowing to China,Oilprice.com,2026-08-26,-0.572,Saudi Aramco offers more oil outside Strait of Hormuz - report,Investing.com,2026-08-26,0.0,$30 Trillion Dream: Can Anthropic Sell the Biggest IPO Ever?,BeInCrypto,2026-08-25,0.25,,,,,,,,,,
BABA,Alibaba Group,MegaCap,global-growth,NYSE,120,+0.49%,-7.04%,+4.20%,-22.35%,-2%,297.852,0.51,27.11,12.67,12795588,113132288,287305688,88.0,1.78,strong_buy,1.32,0.49,100.49,0.49,1004.9,4.9,10049.0,49.0,-7.04,92.96,-7.04,929.6,-70.4,9296.0,-704.0,4.2,104.2,4.2,1042.0,42.0,10420.0,420.0,-22.35,77.65,-22.35,776.5,-223.5,7765.0,-2235.0,-2.0,98.0,-2.0,980.0,-20.0,9800.0,-200.0,Why Michael Burry Is Doubling Down on JD.com Stock,Barchart,2026-08-26,0.0,Alibaba Stock Rises After New Qwen AI Model Takes Aim at Costs,GuruFocus.com,2026-08-26,0.0,From Apple (AAPL) to Ford Motor Company (F): Why Global Giants Can’t Quit Chinese Technology,Insider Monkey,2026-08-26,0.0,,,,,,,,,,
SAP,SAP SE,MegaCap,global-growth,NYSE,212,-0.93%,-1.82%,+23.78%,-9.10%,-21%,244.322,0.757,27.1,2.97,2820232,9880132,66704332,135.0,0.7,buy,1.56,-0.93,99.07,-0.93,990.7,-9.3,9907.0,-93.0,-1.82,98.18,-1.82,981.8,-18.2,9818.0,-182.0,23.78,123.78,23.78,1237.8,237.8,12378.0,2378.0,-9.1,90.9,-9.1,909.0,-91.0,9090.0,-910.0,-21.0,79.0,-21.0,790.0,-210.0,7900.0,-2100.0,SAP shares fall as UBS downgrades on AI monetization concerns,Proactive,2026-08-26,0.296,SAP's Raised Target Cannot Rescue Its 17-Agent Reality,GuruFocus.com,2026-08-26,-0.402,SAP Downgrade Adds to Software Stock Pain. Inside the Sector’s Losing Battle Against AI Disruption.,Barrons.com,2026-08-26,-0.875,3,buy,0.75,"SAP rallied +26.85% in the past month as cloud backlog grew 27% to €22.9B and cloud revenue rose 22%; despite a -21% 1-year return, the stock is rebounding on upgraded guidance for 23-25% cloud growth in 2026.",+26.85% 1M; cloud backlog €22.9B; cloud revenue +22%; upgraded guidance,,,,,
SONY,Sony Group,MegaCap,global-growth,NYSE,24,+0.54%,+2.68%,+8.21%,-6.80%,-14%,141.194,0.759,20.62,5.29,3319143,16992143,121983643,66.0,0.18,none,,0.54,100.54,0.54,1005.4,5.4,10054.0,54.0,2.68,102.68,2.68,1026.8,26.8,10268.0,268.0,8.21,108.21,8.21,1082.1,82.1,10821.0,821.0,-6.8,93.2,-6.8,932.0,-68.0,9320.0,-680.0,-14.0,86.0,-14.0,860.0,-140.0,8600.0,-1400.0,Sony Group (SONY) and Taiwan Semiconductor (TSM) Are Betting $4.7 Billion on the “Eyes” of AI Machines,Insider Monkey,2026-08-26,0.0,Sony and VITEC Join Forces to Transform IPTV and Digital Signage,Zacks,2026-08-26,0.296,Here's How Much You'd Have If You Invested $1000 in Sony a Decade Ago,Zacks,2026-08-26,0.0,,,,,,,,,,
TM,Toyota Motor,MegaCap,global-growth,NYSE,192,-1.42%,+1.62%,+5.32%,-11.95%,-2%,227.159,0.335,8.68,0.48,259314,1652614,8907714,325.0,0.08,none,,-1.42,98.58,-1.42,985.8,-14.2,9858.0,-142.0,1.62,101.62,1.62,1016.2,16.2,10162.0,162.0,5.32,105.32,5.32,1053.2,53.2,10532.0,532.0,-11.95,88.05,-11.95,880.5,-119.5,8805.0,-1195.0,-2.0,98.0,-2.0,980.0,-20.0,9800.0,-200.0,Hyundai makes big bet on the US with new EV push,Yahoo Finance Video,2026-08-26,0.0,"Hyundai to build more cars in the US, betting big on new hybrids and trucks, CEO says",Yahoo Finance,2026-08-26,0.0,Archion reports strong maiden Q1 results,Just Auto,2026-08-24,0.511,,,,,,,,,,
NVO,Novo Nordisk,MegaCap,global-growth,NYSE,47,-2.92%,+1.53%,-3.78%,-5.43%,-14%,208.628,0.349,11.51,12.45,8822325,54605725,318702925,369.0,1.07,hold,2.57,-2.92,97.08,-2.92,970.8,-29.2,9708.0,-292.0,1.53,101.53,1.53,1015.3,15.3,10153.0,153.0,-3.78,96.22,-3.78,962.2,-37.8,9622.0,-378.0,-5.43,94.57,-5.43,945.7,-54.3,9457.0,-543.0,-14.0,86.0,-14.0,860.0,-140.0,8600.0,-1400.0,European Equities Traded in the US as American Depositary Receipts Decline in Wednesday Trading,MT Newswires,2026-08-26,0.0,NVO vs. GPCR: Which Obesity Stock Is the Better Buy Right Now?,Zacks,2026-08-26,0.44,"Boston Scientific hit by cyberattack, global operations affected",Reuters,2026-08-26,-0.153,,,,,,,,,,
HSBC,HSBC Holdings,MegaCap,global-growth,NYSE,104,-0.65%,+1.32%,+0.17%,+33.84%,+62%,355.195,0.577,14.81,1.44,1396361,5294061,28070161,359.0,,none,,-0.65,99.35,-0.65,993.5,-6.5,9935.0,-65.0,1.32,101.32,1.32,1013.2,13.2,10132.0,132.0,0.17,100.17,0.17,1001.7,1.7,10017.0,17.0,33.84,133.84,33.84,1338.4,338.4,13384.0,3384.0,62.0,162.0,62.0,1620.0,620.0,16200.0,6200.0,Grupo Financiero Galicia Q2 Earnings Call Highlights,MarketBeat,2026-08-26,0.0,US Long Bonds Risk Deeper Selloff Without Clear Warsh Guidance,Bloomberg,2026-08-23,-0.508,"VIG, VYM, and VYMI: Which Vanguard Dividend ETF Is Right for You?",MarketBeat,2026-08-23,0.0,,,,,,,,,,
AAPL,Apple,Tech,mega-cap,NASDAQ,313.45,+1.33%,-1.07%,-6.88%,+15.97%,+34%,4574.545,1.086,35.99,55.95,33571543,181950943,1154505943,35.0,0.8,buy,2.18,1.33,101.33,1.33,1013.3,13.3,10133.0,133.0,-1.07,98.93,-1.07,989.3,-10.7,9893.0,-107.0,-6.88,93.12,-6.88,931.2,-68.8,9312.0,-688.0,15.97,115.97,15.97,1159.7,159.7,11597.0,1597.0,34.0,134.0,34.0,1340.0,340.0,13400.0,3400.0,"Nvidia, Meta, Revolution Medicines, Abercrombie, Intuit, Salesforce, Moderna, and More Stocks That Explain Today’s Market",Barrons.com,2026-08-26,0.0,Apple Is One of the Most Profitable Businesses in the World. Here's Why the Stock Will Be Worth $366 a Share in 1 Year.,Motley Fool,2026-08-26,0.743,Warren Buffett “Blew It” on Alphabet (GOOGL) And Made It Berkshire’s Third-Biggest Bet,Insider Monkey,2026-08-26,0.0,,,,,,,,,,
MSFT,Microsoft,Tech,mega-cap,NASDAQ,496.37,+1.37%,+2.68%,+27.81%,+5.62%,-3%,3685.818,1.099,27.65,39.37,19997284,99278684,789811584,74.0,0.92,strong_buy,1.36,1.37,101.37,1.37,1013.7,13.7,10137.0,137.0,2.68,102.68,2.68,1026.8,26.8,10268.0,268.0,27.81,127.81,27.81,1278.1,278.1,12781.0,2781.0,5.62,105.62,5.62,1056.2,56.2,10562.0,562.0,-3.0,97.0,-3.0,970.0,-30.0,9700.0,-300.0,Stocks in holding pattern ahead of Nvidia earnings: AlphaCheck,Yahoo Finance,2026-08-26,0.0,Nvidia earnings could reveal its fastest-growing business isn't chips: Chart of the Day,Yahoo Finance,2026-08-26,0.0,"Nvidia doubles revenue, forecasts even more AI spending",AFP,2026-08-26,0.0,1,strong_buy,0.85,"Azure crossed $100B in revenue with 43% growth, Q1 FY2027 guidance calls for 45% constant-currency growth, and $678B commercial backlog provides exceptional forward visibility. [247wallst.com](https://247wallst.com/investing/2026/08/25/microsoft-just-ripped-28-in-a-month-what-would-it-take-to-get-msft-stock-up-to-600/)","Azure 43% growth, $100B run-rate; $678B commercial backlog (+84% YoY); 13.4x forward P/E vs peer group; 54/57 analyst bullish (strong_buy/buy)",,,,,
GOOGL,Alphabet (Google),Tech,mega-cap,NASDAQ,342.0,-1.24%,-0.79%,+4.73%,+8.66%,+67%,4182.638,1.237,17.17,31.94,20094343,106502443,601084843,25.0,1.24,strong_buy,1.36,-1.24,98.76,-1.24,987.6,-12.4,9876.0,-124.0,-0.79,99.21,-0.79,992.1,-7.9,9921.0,-79.0,4.73,104.73,4.73,1047.3,47.3,10473.0,473.0,8.66,108.66,8.66,1086.6,86.6,10866.0,866.0,67.0,167.0,67.0,1670.0,670.0,16700.0,6700.0,"Nvidia tops Q2 expectations on revenue of $96.2 billion, offers strong Q3 outlook",Yahoo Finance,2026-08-23,0.765,Nvidia reports impressive Q2 earnings as AI boom rolls on,Yahoo Finance Video,2026-08-26,0.511,Is Meta a buy after its $16.68 billion social media case settlement?,Yahoo Finance Video,2026-08-26,0.0,,,,,,,,,,
AMZN,Amazon,Tech,mega-cap,NASDAQ,260.28,-0.10%,-2.09%,+12.49%,+14.91%,+14%,2807.462,1.454,20.94,49.53,20669810,138387610,1033814010,,0.97,strong_buy,1.32,-0.1,99.9,-0.1,999.0,-1.0,9990.0,-10.0,-2.09,97.91,-2.09,979.1,-20.9,9791.0,-209.0,12.49,112.49,12.49,1124.9,124.9,11249.0,1249.0,14.91,114.91,14.91,1149.1,149.1,11491.0,1491.0,14.0,114.0,14.0,1140.0,140.0,11400.0,1400.0,Nvidia reports impressive Q2 earnings as AI boom rolls on,Yahoo Finance Video,2026-08-26,0.511,Autonomous Trucks Are Here: Einride’s 27% Revenue Jump,FreightWaves,2026-08-26,0.0,Rivian Automotive vs. Tesla: Which Electric Vehicle Stock Is a Better Investment in 2026?,Motley Fool,2026-08-26,0.44,,,,,,,,,,
META,Meta Platforms,Tech,mega-cap,NASDAQ,576.14,+1.48%,+5.51%,-2.99%,-11.26%,-24%,1467.721,1.243,21.69,18.45,31187505,81667405,401147905,37.0,1.27,strong_buy,1.35,1.48,101.48,1.48,1014.8,14.8,10148.0,148.0,5.51,105.51,5.51,1055.1,55.1,10551.0,551.0,-2.99,97.01,-2.99,970.1,-29.9,9701.0,-299.0,-11.26,88.74,-11.26,887.4,-112.6,8874.0,-1126.0,-24.0,76.0,-24.0,760.0,-240.0,7600.0,-2400.0,Tech stocks today: Meta agrees to settle social media case for $16.68 billion; Nvidia tops Q2 expectations,Yahoo Finance,2026-08-24,0.625,Is Meta a buy after its $16.68 billion social media case settlement?,Yahoo Finance Video,2026-08-26,0.0,"Meta settles social media trial, agreeing to pay up to $16.7B: Reuters",Yahoo Finance Video,2026-08-26,0.25,,,,,,,,,,
NVDA,NVIDIA,Tech,semiconductors,NASDAQ,209.66,-1.86%,-3.63%,+6.69%,+11.15%,+17%,5078.174,2.215,32.06,139.07,145070184,593892784,2734192084,47.0,1.23,strong_buy,1.28,-1.86,98.14,-1.86,981.4,-18.6,9814.0,-186.0,-3.63,96.37,-3.63,963.7,-36.3,9637.0,-363.0,6.69,106.69,6.69,1066.9,66.9,10669.0,669.0,11.15,111.15,11.15,1111.5,111.5,11115.0,1115.0,17.0,117.0,17.0,1170.0,170.0,11700.0,1700.0,Why Nvidia says its AI partnerships aren't 'circular financing',Yahoo Finance Video,2026-08-26,0.0,Tech stocks today: Meta agrees to settle social media case for $16.68 billion; Nvidia tops Q2 expectations,Yahoo Finance,2026-08-24,0.625,Nvidia reports impressive Q2 earnings as AI boom rolls on,Yahoo Finance Video,2026-08-26,0.511,,,,,,,,,,
AMD,Advanced Micro Devices,Tech,semiconductors,NASDAQ,480.93,+0.27%,+3.11%,-2.83%,+115.21%,+187%,785.106,2.489,122.37,28.24,13804691,78931091,580359991,,2.46,strong_buy,1.48,0.27,100.27,0.27,1002.7,2.7,10027.0,27.0,3.11,103.11,3.11,1031.1,31.1,10311.0,311.0,-2.83,97.17,-2.83,971.7,-28.3,9717.0,-283.0,115.21,215.21,115.21,2152.1,1152.1,21521.0,11521.0,187.0,287.0,187.0,2870.0,1870.0,28700.0,18700.0,"Nvidia crushed earnings but one analyst is rating it a ""sell""",Yahoo Finance Video,2026-08-26,-0.226,"Dow Jones Futures Rise; Nvidia, CrowdStrike, Okta, Salesforce Lead Earnings Movers",Investor's Business Daily,2026-08-26,0.0,Top analyst resets AMD stock price target for rest of 2026,TheStreet,2026-08-26,0.202,,,,,,,,,,
INTC,Intel,Tech,semiconductors,NASDAQ,88.24,+0.75%,-4.91%,-3.74%,+124.07%,+252%,466.446,2.241,,118.92,72044374,428126374,2539446574,,2.57,hold,2.52,0.75,100.75,0.75,1007.5,7.5,10075.0,75.0,-4.91,95.09,-4.91,950.9,-49.1,9509.0,-491.0,-3.74,96.26,-3.74,962.6,-37.4,9626.0,-374.0,124.07,224.07,124.07,2240.7,1240.7,22407.0,12407.0,252.0,352.0,252.0,3520.0,2520.0,35200.0,25200.0,Nvidia is looking more like the central bank of AI,Yahoo Finance,2026-08-26,0.42,4 reasons Nvidia stock is lagging,Yahoo Finance,2026-08-26,-0.273,Is Intel (INTC) Stock Above Fair Value Or Still Below It?,Simply Wall St.,2026-08-26,0.572,,,,,,,,,,
TSM,Taiwan Semiconductor,Tech,semiconductors,NYSE,417.69,-0.00%,+1.36%,+4.66%,+31.36%,+74%,2166.338,1.258,31.08,13.52,7201789,44292289,268283089,104.0,0.62,strong_buy,1.42,-0.0,100.0,0.0,1000.0,0.0,10000.0,0.0,1.36,101.36,1.36,1013.6,13.6,10136.0,136.0,4.66,104.66,4.66,1046.6,46.6,10466.0,466.0,31.36,131.36,31.36,1313.6,313.6,13136.0,3136.0,74.0,174.0,74.0,1740.0,740.0,17400.0,7400.0,"Dow Jones Futures Rise; Nvidia, CrowdStrike, Okta, Salesforce Lead Earnings Movers",Investor's Business Daily,2026-08-26,0.0,Sony Group (SONY) and Taiwan Semiconductor (TSM) Are Betting $4.7 Billion on the “Eyes” of AI Machines,Insider Monkey,2026-08-26,0.0,TSMC's July Surge Raises the Bar for Nvidia's Foundry,GuruFocus.com,2026-08-26,0.0,,,,,,,,,,
AVGO,Broadcom,Tech,semiconductors,NASDAQ,355.59,-0.56%,-1.90%,-7.21%,+2.67%,+19%,1691.748,1.473,59.36,26.13,18558282,94057282,453960782,73.0,1.2,strong_buy,1.33,-0.56,99.44,-0.56,994.4,-5.6,9944.0,-56.0,-1.9,98.1,-1.9,981.0,-19.0,9810.0,-190.0,-7.21,92.79,-7.21,927.9,-72.1,9279.0,-721.0,2.67,102.67,2.67,1026.7,26.7,10267.0,267.0,19.0,119.0,19.0,1190.0,190.0,11900.0,1900.0,Is Nvidia's AI data center dominance slipping as the market expands?,Yahoo Finance Video,2026-08-26,0.296,"Nvidia, Meta, Revolution Medicines, Abercrombie, Intuit, Salesforce, Moderna, and More Stocks That Explain Today’s Market",Barrons.com,2026-08-26,0.0,Nvidia's Second-Quarter Results More Than Double Amid Record Data Center Sales,MT Newswires,2026-08-26,0.0,,,,,,,,,,
QCOM,Qualcomm,Tech,semiconductors,NASDAQ,163.72,+2.32%,+1.12%,-3.72%,-4.39%,+0%,174.863,1.663,18.71,16.15,10419287,49381987,257118687,229.0,3.48,hold,2.57,2.32,102.32,2.32,1023.2,23.2,10232.0,232.0,1.12,101.12,1.12,1011.2,11.2,10112.0,112.0,-3.72,96.28,-3.72,962.8,-37.2,9628.0,-372.0,-4.39,95.61,-4.39,956.1,-43.9,9561.0,-439.0,0.0,100.0,0.0,1000.0,0.0,10000.0,0.0,Qualcomm's Costs Are Inside The Guidance And Its Replacement Growth Is Not,Trefis,2026-08-26,0.382,Can Qualcomm Capitalize on Soaring Edge AI Demand With VENTUNO Q?,Zacks,2026-08-26,-0.128,The Options Market Says Micron Stock Can Halve Or Double From Here,Trefis,2026-08-26,0.0,,,,,,,,,,
ARM,Arm Holdings,Tech,semiconductors,NASDAQ,251.06,+4.00%,+0.69%,-5.73%,+118.83%,+72%,268.132,3.909,253.6,8.06,3830094,17120794,117104794,,12.57,buy,1.95,4.0,104.0,4.0,1040.0,40.0,10400.0,400.0,0.69,100.69,0.69,1006.9,6.9,10069.0,69.0,-5.73,94.27,-5.73,942.7,-57.3,9427.0,-573.0,118.83,218.83,118.83,2188.3,1188.3,21883.0,11883.0,72.0,172.0,72.0,1720.0,720.0,17200.0,7200.0,AMD Stock Upgraded To Strong Buy. Here's Why.,Investor's Business Daily,2026-08-25,0.511,Arm Rises 2.8% as $272 Target Prices the CPU Tollbooth,GuruFocus.com,2026-08-25,0.0,AMD Stock Gets a ‘Strong Buy’ Upgrade: Why It Could Outperform Nvidia,Barrons.com,2026-08-25,0.0,,,,,,,,,,
ASML,ASML Holding,Tech,semiconductors,NASDAQ,1745.64,+0.15%,-0.35%,+5.60%,+50.72%,+127%,670.5,1.365,58.87,1.85,847368,4656068,34025568,52.0,0.35,strong_buy,1.41,0.15,100.15,0.15,1001.5,1.5,10015.0,15.0,-0.35,99.65,-0.35,996.5,-3.5,9965.0,-35.0,5.6,105.6,5.6,1056.0,56.0,10560.0,560.0,50.72,150.72,50.72,1507.2,507.2,15072.0,5072.0,127.0,227.0,127.0,2270.0,1270.0,22700.0,12700.0,ASML Slips Before Nvidia Tests a 23% Sales Ramp,GuruFocus.com,2026-08-26,0.0,Applied Materials’ China Problem Is Getting Worse,24/7 Wall St.,2026-08-26,-0.7,ASML or AAOI: Which Tech Stock Is Better-Placed at Present?,Zacks,2026-08-26,0.0,,,,,,,,,,
MU,Micron Technology,Tech,semiconductors,NASDAQ,938.4,+0.90%,+0.14%,+4.24%,+197.68%,+692%,1059.822,2.213,21.22,47.14,17071668,113283068,850818068,6.0,2.66,strong_buy,1.36,0.9,100.9,0.9,1009.0,9.0,10090.0,90.0,0.14,100.14,0.14,1001.4,1.4,10014.0,14.0,4.24,104.24,4.24,1042.4,42.4,10424.0,424.0,197.68,297.68,197.68,2976.8,1976.8,29768.0,19768.0,692.0,792.0,692.0,7920.0,6920.0,79200.0,69200.0,Why the sustainability of the AI boom could be in focus after Nvidia's earnings call,Yahoo Finance Video,2026-08-26,0.0,4 reasons Nvidia stock is lagging,Yahoo Finance,2026-08-26,-0.273,Q3 Earnings Outlook: Positive Revisions & Broad-Based Growth,Zacks,2026-08-26,0.735,,,,,,,,,,
AMAT,Applied Materials,Tech,semiconductors,NASDAQ,479.76,+0.24%,-3.20%,-7.08%,+79.07%,+192%,380.736,1.618,41.47,9.58,5083566,31664766,179740066,44.0,1.5,strong_buy,1.46,0.24,100.24,0.24,1002.4,2.4,10024.0,24.0,-3.2,96.8,-3.2,968.0,-32.0,9680.0,-320.0,-7.08,92.92,-7.08,929.2,-70.8,9292.0,-708.0,79.07,179.07,79.07,1790.7,790.7,17907.0,7907.0,192.0,292.0,192.0,2920.0,1920.0,29200.0,19200.0,Applied Materials (AMAT) Enters a New AI-Driven Growth Cycle,Insider Monkey,2026-08-26,0.382,KLA Gains From Advanced Packaging: Can it Outpace ONTO & AMAT?,Zacks,2026-08-26,0.527,Applied Materials’ China Problem Is Getting Worse,24/7 Wall St.,2026-08-26,-0.7,,,,,,,,,,
ORCL,Oracle,Tech,enterprise-software,NYSE,148.87,+2.73%,+3.52%,+24.16%,-23.20%,-39%,428.816,1.718,25.54,32.29,18073128,80380528,627318128,138.0,2.78,buy,1.59,2.73,102.73,2.73,1027.3,27.3,10273.0,273.0,3.52,103.52,3.52,1035.2,35.2,10352.0,352.0,24.16,124.16,24.16,1241.6,241.6,12416.0,2416.0,-23.2,76.8,-23.2,768.0,-232.0,7680.0,-2320.0,-39.0,61.0,-39.0,610.0,-390.0,6100.0,-3900.0,Has Wall Street Given Up On Oracle Stock Too Soon?,Trefis,2026-08-26,0.0,Oracle Jumps 2% as Citi Sees 122% Upside,GuruFocus.com,2026-08-26,0.0,"Michael Burry Buys NVDA Calls As A ‘Hedge,’ Adds To ORCL, PLTR, NBIS Shorts — Why He Thinks ‘Nvidia Will Not Distribute Enough To Shareholders’",Stocktwits,2026-08-26,0.0,3,buy,0.75,"RPO of $638B (+363% YoY), OCI revenue grew 93% with 97.5% GPU utilization, yet trades at just 18x forward P/E and 0.83 PEG — extreme value asymmetry. [narrative-news.com](https://narrative-news.com/asymmetry-is-the-reason-i-will-not-stop-buying-oracle/)",$638B RPO (+363% YoY); OCI cloud +93% revenue growth; Forward P/E 18 vs 31% CAGR; 4yr OCI ramp guidance $18B→$144B,,,,,
CRM,Salesforce,Tech,enterprise-software,NYSE,205.62,+0.91%,-0.23%,+18.44%,-18.51%,-18%,168.403,1.152,23.8,14.82,14051371,54881071,289706771,86.0,3.74,buy,1.7,0.91,100.91,0.91,1009.1,9.1,10091.0,91.0,-0.23,99.77,-0.23,997.7,-2.3,9977.0,-23.0,18.44,118.44,18.44,1184.4,184.4,11844.0,1844.0,-18.51,81.49,-18.51,814.9,-185.1,8149.0,-1851.0,-18.0,82.0,-18.0,820.0,-180.0,8200.0,-1800.0,"Earnings live updates: Salesforce, CrowdStrike, Okta stocks surge as AI boom helps lift Q2 results",Yahoo Finance,2026-08-25,0.382,"Dow Jones Futures Rise; Nvidia, CrowdStrike, Okta, Salesforce Lead Earnings Movers",Investor's Business Daily,2026-08-26,0.0,Veeva Systems Q2 Earnings Call Highlights,MarketBeat,2026-08-26,0.0,9,buy,0.6,"Stock rebounded 18.5% in a month, P/E 24.2 is reasonable, though analyst score is higher (less bullish) at 1.7 and news sentiment mildly negative -0.058.",+18.49% 1-month momentum; P/E 24.2x reasonable; Recent rebound from -16% 1Y; Enterprise AI adoption still early,,,,,
ADBE,Adobe,Tech,enterprise-software,NASDAQ,273.47,+1.29%,+0.37%,+15.02%,-17.95%,-23%,108.705,1.397,15.64,6.36,3526551,17231851,110631951,,5.06,hold,2.73,1.29,101.29,1.29,1012.9,12.9,10129.0,129.0,0.37,100.37,0.37,1003.7,3.7,10037.0,37.0,15.02,115.02,15.02,1150.2,150.2,11502.0,1502.0,-17.95,82.05,-17.95,820.5,-179.5,8205.0,-1795.0,-23.0,77.0,-23.0,770.0,-230.0,7700.0,-2300.0,Is It Time To Buy The Dip In Cash-Rich Adobe Stock?,Trefis,2026-08-26,0.0,AI Monetization Boosts ADBE's Growth Prospects Against MSFT & CRM,Zacks,2026-08-26,0.727,"Intuit Sinks 12% as AI Disruption Fears Spread From TurboTax to QuickBooks, Adobe and ServiceNow Drop 3%",24/7 Wall St.,2026-08-26,-0.751,,,,,,,,,,
NOW,ServiceNow,Tech,enterprise-software,NYSE,125.8,+0.42%,-1.10%,+19.17%,-14.68%,-28%,130.06,0.93,78.62,25.06,13167281,63890981,464874381,,2.83,strong_buy,1.43,0.42,100.42,0.42,1004.2,4.2,10042.0,42.0,-1.1,98.9,-1.1,989.0,-11.0,9890.0,-110.0,19.17,119.17,19.17,1191.7,191.7,11917.0,1917.0,-14.68,85.32,-14.68,853.2,-146.8,8532.0,-1468.0,-28.0,72.0,-28.0,720.0,-280.0,7200.0,-2800.0,ServiceNow (NOW) In Focus Following Tech Mahindra AI Deal As Fair Value Debate Builds,Simply Wall St.,2026-08-26,0.572,Palantir Just Ripped 43% in a Month. Is It Time to Sell?,24/7 Wall St.,2026-08-26,0.0,Palantir Stock Could Be in for a Big September. Here’s Why.,24/7 Wall St.,2026-08-26,0.0,4,strong_buy,0.8,"Stock ripped 29% in the past month, analyst consensus is strong_buy with low score 1.43, positive news sentiment 0.198, and beta below 1.0 providing downside resilience.",+20.31% 1-month momentum; Strong_buy consensus 1.43; Low beta 0.93; Positive news sentiment 0.198,,,,,
SNOW,Snowflake,Tech,enterprise-software,NYSE,315.37,+0.21%,-2.97%,+15.55%,+45.53%,+58%,109.307,1.315,,6.94,3068241,17845441,110436741,,5.56,buy,1.51,0.21,100.21,0.21,1002.1,2.1,10021.0,21.0,-2.97,97.03,-2.97,970.3,-29.7,9703.0,-297.0,15.55,115.55,15.55,1155.5,155.5,11555.0,1555.0,45.53,145.53,45.53,1455.3,455.3,14553.0,4553.0,58.0,158.0,58.0,1580.0,580.0,15800.0,5800.0,Nvidia (NVDA) Surpasses Q2 Earnings and Revenue Estimates,Zacks,2026-08-26,0.0,Palantir Stock Could Be in for a Big September. Here’s Why.,24/7 Wall St.,2026-08-26,0.0,Is MongoDB (MDB) Stock the Best AI Database Play Before September 1 Earnings?,24/7 Wall St.,2026-08-26,0.765,7,buy,0.65,"Up 46% YTD and 16% in past month, highest news sentiment in category at 0.263, CEO messaging on trusted data for enterprise AI differentiates the platform.",+46.29% YTD return; +16.16% 1-month momentum; Highest news sentiment 0.263; Enterprise AI data positioning,,,,,
INTU,Intuit,Tech,enterprise-software,NASDAQ,345.88,+7.79%,-4.58%,+13.81%,-44.54%,-46%,94.612,0.959,21.04,4.92,11419543,28496843,96398043,130.0,3.84,buy,1.86,7.79,107.79,7.79,1077.9,77.9,10779.0,779.0,-4.58,95.42,-4.58,954.2,-45.8,9542.0,-458.0,13.81,113.81,13.81,1138.1,138.1,11381.0,1381.0,-44.54,55.46,-44.54,554.6,-445.4,5546.0,-4454.0,-46.0,54.0,-46.0,540.0,-460.0,5400.0,-4600.0,"Earnings live updates: Salesforce, CrowdStrike, Okta stocks surge as AI boom helps lift Q2 results",Yahoo Finance,2026-08-25,0.382,"Nvidia, Meta, Revolution Medicines, Abercrombie, Intuit, Salesforce, Moderna, and More Stocks That Explain Today’s Market",Barrons.com,2026-08-26,0.0,Why Is Intuit Stock Tumbling After a Strong Quarter?,Barrons.com,2026-08-26,0.511,10,buy,0.55,"Stock +17.6% in a month despite -3.36% daily drop on soft guidance, fundamental P/E of 22.6 is attractive at scale, dividend yield 1.3% adds support.",+17.62% 1-month momentum; P/E 22.6x for earnings stability; Dividend yield 1.3%; Buy analyst consensus despite guide-down,,,,,
CRWD,CrowdStrike,Tech,cybersecurity,NASDAQ,189.18,+2.32%,-6.17%,+5.04%,+66.83%,+75%,192.635,1.234,,10.61,12947753,45643253,181537553,,2.41,buy,1.7,2.32,102.32,2.32,1023.2,23.2,10232.0,232.0,-6.17,93.83,-6.17,938.3,-61.7,9383.0,-617.0,5.04,105.04,5.04,1050.4,50.4,10504.0,504.0,66.83,166.83,66.83,1668.3,668.3,16683.0,6683.0,75.0,175.0,75.0,1750.0,750.0,17500.0,7500.0,"CrowdStrike, Okta and HP Inc. on the move after earnings reports",Yahoo Finance Video,2026-08-26,0.0,"Dow Jones Futures Rise; Nvidia, CrowdStrike, Okta, Salesforce Lead Earnings Movers",Investor's Business Daily,2026-08-26,0.0,CRWD Stock Soars After Firm Lifts Full-Year Growth Outlook On AI Security Demand,Stocktwits,2026-08-26,0.542,,,,,,,,,,
PANW,Palo Alto Networks,Tech,cybersecurity,NASDAQ,339.31,-0.07%,-5.68%,+6.93%,+89.17%,+81%,276.537,0.893,292.51,7.25,4545167,24609267,127788067,,2.77,buy,1.64,-0.07,99.93,-0.07,999.3,-0.7,9993.0,-7.0,-5.68,94.32,-5.68,943.2,-56.8,9432.0,-568.0,6.93,106.93,6.93,1069.3,69.3,10693.0,693.0,89.17,189.17,89.17,1891.7,891.7,18917.0,8917.0,81.0,181.0,81.0,1810.0,810.0,18100.0,8100.0,"CrowdStrike, Okta Stocks Jump. AI Adoption Is Boosting Security Demand.",Barrons.com,2026-08-26,0.511,"Palo Alto Stock Is Riding A Wave Of AI Fear, But What Happens Next?",Trefis,2026-08-26,-0.273,Palo Alto Networks Signals More Deals Are Coming,GuruFocus.com,2026-08-26,0.0,,,,,,,,,,
NET,Cloudflare,Tech,cybersecurity,NYSE,284.89,+2.32%,-2.39%,+7.26%,+45.34%,+35%,101.444,1.66,,3.71,3098952,13618652,89953052,,2.61,buy,1.88,2.32,102.32,2.32,1023.2,23.2,10232.0,232.0,-2.39,97.61,-2.39,976.1,-23.9,9761.0,-239.0,7.26,107.26,7.26,1072.6,72.6,10726.0,726.0,45.34,145.34,45.34,1453.4,453.4,14534.0,4534.0,35.0,135.0,35.0,1350.0,350.0,13500.0,3500.0,Can Cloudflare's Workers Platform Become a Key Growth Engine?,Zacks,2026-08-26,0.382,Cloudflare vs. Palo Alto Networks: Which Cybersecurity Stock Is the Better Buy?,Motley Fool,2026-08-26,0.44,"Nebius Group Falls 4% as $5B Convertible Settles, Datadog Drops 3%, Cloudflare Slips",24/7 Wall St.,2026-08-24,0.0,,,,,,,,,,
FTNT,Fortinet,Tech,cybersecurity,NASDAQ,157.54,+2.95%,+3.07%,+3.39%,+102.29%,+97%,115.589,1.058,55.67,5.8,2982167,19076367,118688567,,2.34,none,,2.95,102.95,2.95,1029.5,29.5,10295.0,295.0,3.07,103.07,3.07,1030.7,30.7,10307.0,307.0,3.39,103.39,3.39,1033.9,33.9,10339.0,339.0,102.29,202.29,102.29,2022.9,1022.9,20229.0,10229.0,97.0,197.0,97.0,1970.0,970.0,19700.0,9700.0,"Palo Alto Stock Is Riding A Wave Of AI Fear, But What Happens Next?",Trefis,2026-08-26,-0.273,Cisco Expands Secure AI Factory: Can it Outpace PANW & FTNT?,Zacks,2026-08-26,0.421,Cisco Systems Stock Ran On Orders Its Revenue Had Not Caught Up To,Trefis,2026-08-26,0.0,,,,,,,,,,
NFLX,Netflix,Tech,consumer-platform,NASDAQ,81.46,-0.49%,+1.55%,+15.71%,-10.47%,-33%,339.195,1.514,25.62,42.68,22615250,124054750,745776650,,2.19,buy,1.76,-0.49,99.51,-0.49,995.1,-4.9,9951.0,-49.0,1.55,101.55,1.55,1015.5,15.5,10155.0,155.0,15.71,115.71,15.71,1157.1,157.1,11571.0,1571.0,-10.47,89.53,-10.47,895.3,-104.7,8953.0,-1047.0,-33.0,67.0,-33.0,670.0,-330.0,6700.0,-3300.0,What Is Netflix (NFLX) Testing With Its First Multi Market Brand Activation?,Simply Wall St.,2026-08-26,0.0,Jim Cramer Says Netflix Worth the Risk as Wolfe Raises Price Target to $95,24/7 Wall St.,2026-08-26,-0.052,Netflix Stock Could Swing A Third Lower Or Half Higher In The Year Ahead,Trefis,2026-08-26,-0.296,5,buy,0.7,"Stock up nearly 17% in a month, P/E of 25 is reasonable for a dominant streaming platform, strong news sentiment of 0.371, and reports of adding rival streamers to compete with YouTube/Roku.",+16.80% 1-month momentum; P/E 25.2x reasonable; Highest news sentiment 0.371; Possible new distribution deals,,,,,
SHOP,Shopify,Tech,consumer-platform,NYSE,150.29,-2.39%,+2.53%,+18.45%,-4.40%,+10%,193.37,2.59,101.55,9.28,5660573,28428573,243219673,,1.28,buy,1.7,-2.39,97.61,-2.39,976.1,-23.9,9761.0,-239.0,2.53,102.53,2.53,1025.3,25.3,10253.0,253.0,18.45,118.45,18.45,1184.5,184.5,11845.0,1845.0,-4.4,95.6,-4.4,956.0,-44.0,9560.0,-440.0,10.0,110.0,10.0,1100.0,100.0,11000.0,1000.0,"Shopify, IBD Stock Of The Day, Nears Buy Point As AI Shopping Strategy Clicks",Investor's Business Daily,2026-08-26,0.0,"Affirm's Fiscal Q4 Setup Strong, 2027 Outlook Could Face Headwinds, Morgan Stanley Says",MT Newswires,2026-08-26,0.511,Q2 E-commerce Software Earnings: Shopify (NASDAQ:SHOP) Impresses,StockStory,2026-08-26,0.477,6,buy,0.65,"One-month momentum +21.28%, strong news sentiment 0.212, and YTD decline of -2.11% leaves room for mean reversion despite high P/E of 101.",+21.28% 1-month momentum; Strong news sentiment 0.212; YTD -2.11% gives relative value; E-commerce growth driver,,,,,
SPOT,Spotify,Tech,consumer-platform,NYSE,550.03,-0.18%,+3.12%,+11.18%,-4.34%,-20%,113.097,1.581,29.62,1.87,1249588,7667688,46908688,,3.12,buy,1.56,-0.18,99.82,-0.18,998.2,-1.8,9982.0,-18.0,3.12,103.12,3.12,1031.2,31.2,10312.0,312.0,11.18,111.18,11.18,1111.8,111.8,11118.0,1118.0,-4.34,95.66,-4.34,956.6,-43.4,9566.0,-434.0,-20.0,80.0,-20.0,800.0,-200.0,8000.0,-2000.0,Could Netflix Stock Double From Here? The Numbers Are Getting Interesting.,24/7 Wall St.,2026-08-21,0.402,"Top Stock Reports for Salesforce, Seagate Technology & AT&T",Zacks,2026-08-20,0.202,SPOT Gains 12.5% in a Month as Growth Strength Meets Valuation Risk,Zacks,2026-08-20,0.727,,,,,,,,,,
UBER,Uber,Tech,consumer-platform,NYSE,78.49,-2.93%,+0.58%,+15.12%,-5.27%,-16%,160.32,1.154,17.21,20.39,14447602,71060502,445335902,,2.36,buy,1.52,-2.93,97.07,-2.93,970.7,-29.3,9707.0,-293.0,0.58,100.58,0.58,1005.8,5.8,10058.0,58.0,15.12,115.12,15.12,1151.2,151.2,11512.0,1512.0,-5.27,94.73,-5.27,947.3,-52.7,9473.0,-527.0,-16.0,84.0,-16.0,840.0,-160.0,8400.0,-1600.0,Reflecting On Gig Economy Stocks’ Q2 Earnings: Uber (NYSE:UBER),StockStory,2026-08-26,0.0,"Update: US Equity Futures Mostly Flat Pre-Bell as Traders Weigh Inflation Data, Await Nvidia Results",MT Newswires,2026-08-26,0.103,Uber (UBER) Cleared A Key Hurdle In Its California Racketeering Lawsuit,Simply Wall St.,2026-08-26,0.203,8,buy,0.6,"1-month +17.85%, P/E of 17.4 is the lowest among consumer-platform peers, cleared key California legal hurdle that was a major overhang.",+17.85% 1-month momentum; Lowest P/E 17.4 in group; California legal headway; Buy consensus rating,,,,,
CSCO,Cisco Systems,Tech,hardware-infra,NASDAQ,112.36,+1.11%,+1.64%,-1.93%,+49.12%,+62%,442.86,1.002,33.74,23.56,10244011,65740611,495246311,151.0,1.5,buy,1.85,1.11,101.11,1.11,1011.1,11.1,10111.0,111.0,1.64,101.64,1.64,1016.4,16.4,10164.0,164.0,-1.93,98.07,-1.93,980.7,-19.3,9807.0,-193.0,49.12,149.12,49.12,1491.2,491.2,14912.0,4912.0,62.0,162.0,62.0,1620.0,620.0,16200.0,6200.0,Decoding ANET Stock's Premium Valuation,Trefis,2026-08-26,0.0,What Could Super Micro Computer (SMCI) Gain From This AI Infrastructure Partnership?,Simply Wall St.,2026-08-26,0.807,"Palo Alto Stock Is Riding A Wave Of AI Fear, But What Happens Next?",Trefis,2026-08-26,-0.273,,,,,,,,,,
PLTR,Palantir Technologies,Tech,hardware-infra,NASDAQ,177.5,+3.05%,+1.32%,+34.95%,+5.74%,+10%,426.543,1.563,151.71,43.2,27720671,155489271,1040222271,,3.18,buy,1.81,3.05,103.05,3.05,1030.5,30.5,10305.0,305.0,1.32,101.32,1.32,1013.2,13.2,10132.0,132.0,34.95,134.95,34.95,1349.5,349.5,13495.0,3495.0,5.74,105.74,5.74,1057.4,57.4,10574.0,574.0,10.0,110.0,10.0,1100.0,100.0,11000.0,1000.0,"Michael Burry Buys NVDA Calls As A ‘Hedge,’ Adds To ORCL, PLTR, NBIS Shorts — Why He Thinks ‘Nvidia Will Not Distribute Enough To Shareholders’",Stocktwits,2026-08-26,0.0,Palantir CEO Alexander Karp Dumps $86 million in Palantir Stock,GuruFocus.com,2026-08-26,-0.402,"Jim Cramer on Palantir (PLTR): “It’s a Great Spec, But It Is a Spec”",Insider Monkey,2026-08-26,0.372,2,strong_buy,0.8,"Q2 US commercial revenue surged 149% YoY, record $2.13B TCV bookings (+153% YoY), and AIP demand driving 93% total revenue growth with expanding margins. [barchart.com](https://www.barchart.com/story/news/4024825/palantir-stock-has-surged-over-40-in-a-month-whats-fueling-the-rally-and-what-comes-next)",US commercial rev +149% YoY; Record Q2 TCV bookings $2.13B; Adj FCF record $1.22B (+115% YoY); FY2026 rev guidance raised to ~$8.15B,,,,,
